name,type,domain,website,final_url,site_status,robots_ok,has_listings,listing_links,platform,street,locality,postal_code,lat,lon,gemi,smasth_members,found_via,spitogatos_url,xe_url,vrisko_url,vrisko_area
ΑΤΤΙΚΑ HOME,independent,attikahome.com,https://attikahome.com/,https://attikahome.com/,ok,no,yes,24,,Βελβενδού 43,Αθήνα,11364,38.0035,23.7462,,,vrisko.gr (weekly),,,https://www.vrisko.gr/advdetails/26ad5223_51i224g3_7eb60a22001a7555a2c47__a153ka4d71410baai64737e,attikis
ASPIS REAL ESTATE ΚΑΛΛΙΘΕΑ,independent,aspis-realestate.gr,https://www.aspis-realestate.gr/,https://www.aspis-realestate.gr/el/home,ok,yes,maybe,4,,Λ. Συγγρού Ανδρέα 224,Καλλιθέα,17672,37.9527,23.711,,,vrisko.gr (weekly),,,https://www.vrisko.gr/advdetails/c2c__c03bk3da0bh_j5_6i7c_h74ah1dbc623d44d01g_77j_40icdda550421dd,attikis
RENOTEC GROUP,independent,renotec.gr,https://www.renotec.gr,,error,,,,,Ηρακλείτου 76,Αιγάλεω,12243,38.0043,23.6723,,,vrisko.gr (weekly),,,https://www.vrisko.gr/advdetails/4k56572j76237562775da5_2a7340hdb36c6a3ahb_7j547655cga3_j4e4e7jb1,attikis
ASPIS REAL ESTATE ΜΑΡΟΥΣΙ,independent,aspis-realestate.gr,https://www.aspis-realestate.gr,https://www.aspis-realestate.gr/el/home,ok,yes,maybe,4,,Πεντέλης 17,Μαρούσι,15126,38.0277,23.787,,,vrisko.gr (weekly),,,https://www.vrisko.gr/advdetails/1cc57aci200abb714_241j3c1c676da01ba3c610273gde2c3e4da6accc2_c52_,attikis
MONOPOLY REAL ESTATE,independent,monopoly-realestate.gr,https://www.monopoly-realestate.gr,https://www.monopoly-realestate.gr,bot_check_imperva,,,,,Λ. Αγίου Νικολάου 55,Γλυφάδα,16674,37.8655,23.7587,,,vrisko.gr (weekly),,,https://www.vrisko.gr/advdetails/40a1dfcb661k074gbfca6b2a4jbi2bd112_c_641aj1c1c4752_2bg6770563a_g,attikis
ATHENIAN PROPERTIES - ΚΑΡΑΝΑΣΟΣ ΕΥΑΓΓΕΛΟΣ,independent,,,,no_site,,,,,Κεφαλληνίας 10,Αθήνα - Κυψέλη,11361,37.9986,23.7373,,,vrisko.gr (weekly),,,https://www.vrisko.gr/advdetails/1c1j0036_d1edd3e5i32d0akd37i7cd5_h6ic2a25b7_c0_f_f2a7aa25_afb7db,attikis
MAGNA REAL ESTATE - ΚΑΡΑΓΕΩΡΓΟΣ Δ. & ΣΙΑ Ε.Ε.,independent,magnaestate.gr,https://www.magnaestate.gr/,https://www.magnaestate.gr/,ok,no,yes,31,,Βασιλίσσης Αμαλίας 42,Αθήνα,10558,37.9713,23.7331,,,vrisko.gr (weekly),,,https://www.vrisko.gr/advdetails/6c11dg_763ci2c2ed1635kcgcb3f757f1b2hai1h40a0054k6c_2dad55j7kb233,attikis
ΜΑΝΙΑΤΗΣ & ΣΥΝΕΡΓΑΤΕΣ,independent,e-mesitis.com,https://www.e-mesitis.com,https://www.e-mesitis.com/el/home,ok,yes,maybe,3,,Λαμπράκη Γρηγορίου 87,Πειραιάς,18534,37.9418,23.6508,,,vrisko.gr (weekly),,,https://www.vrisko.gr/advdetails/007a5kdg5jc236bgb0077e36ca2j0a4b52362057a5c4bc0k26chb6d03f00224e,attikis
ALPHA DEAL,independent,alphadeal.gr,https://www.alphadeal.gr,https://www.alphadeal.gr/el/home,ok,yes,yes,11,,Πανόρμου 3,Κερατσίνι,18755,37.9583,23.6239,,,vrisko.gr (weekly),,,https://www.vrisko.gr/advdetails/0i563aaicj4f34a02f7_154_2121bbd7423edg0h3i4h6h1j3a72a_4adg565e4j,attikis
ΓΙΑΝΝΑΚΟΠΟΥΛΟΥ ΑΓΓΕΛΙΚΗ & ΣΙΑ Ε.Ε.,independent,greekproperty.gr,https://www.greekproperty.gr,,error,,,,,Βασιλέως Κωνσταντίνου 105 & Σιστοπούλου 2,Βάρη,16672,37.8218,23.8038,,,vrisko.gr (weekly),,,https://www.vrisko.gr/advdetails/6e1434df0c_33i07c6303f3f4j2i7i0fba36_1637i3gd722ded51a364f1f4_bc,attikis
HOME LAND & MORE HLM,independent,hlm.gr,https://hlm.gr/,https://hlm.gr/index.php/el/,ok,yes,yes,7,joomla,Καλλιδρόμου 21,Περιστέρι,12133,38.0131,23.7112,,,vrisko.gr (weekly),,,https://www.vrisko.gr/advdetails/17c_46cb24b7de2g4ddb7i1d_g5f12551e6d_e_0bh_4454dbd70b15k7731661_,attikis
DONTAS REAL ESTATE,independent,dontasrealestate.gr,https://dontasrealestate.gr,https://dontasrealestate.gr,bot_check_imperva,,,,,Κολοκοτρώνη 1 & Λεβίδου,Κηφισιά,,,,,,vrisko.gr (weekly),,,https://www.vrisko.gr/advdetails/5dcbcj4kcc_i5b15144a1e5f_fc1_kd57a7_5_7jc562bj2_1k61_0d7ca46b1a3,attikis
GOLDEN HOME ΑΕ,independent,goldenhome.gr,https://www.goldenhome.gr,https://goldenhome.gr/,ok,yes,yes,22,,Βουλιαγμένης 122,Ελληνικό,16777,37.8997,23.7466,,,vrisko.gr (weekly),,,https://www.vrisko.gr/advdetails/5a54_gbi4cc03e_j1ed1b2_j5h6045324hc2_j24d_0h4cdb5_df_h16504jaf40,attikis
HP REAL ESTATE,independent,,,,no_site,,,,,Ιωάννου Μεταξά 29,Παιανία,19002,37.9572,23.8553,,,vrisko.gr (weekly),,,https://www.vrisko.gr/advdetails/4f53a_dc650hbeag4h3f2a166id30i1_0446b_d42c_d7adc236a27_j6b113jch,attikis
ΘΕΑΚΟΣ ΔΗΜΗΤΡΗΣ,independent,theakos.gr,https://www.theakos.gr,,error,,,,,Σόλωνος 46,Χαλάνδρι,15232,38.0179,23.7999,,,vrisko.gr (weekly),,,https://www.vrisko.gr/advdetails/c753b50_6f54d2a5b1_4b2bj2e17d40c24504h3h6c_id35_3d0fag_h7c0c3faf,attikis
ΤΣΑΟΥΣΗΣ Α. - ΣΤΑΥΡΟΠΟΥΛΟΣ Κ. Ο.Ε.,independent,mesitiko-athens.gr,https://www.mesitiko-athens.gr,https://www.mesitiko-athens.gr,ok,yes,yes,5,,Ηρακλέους 1 & Καλλιρρόης,Αθήνα,11743,37.9644,23.7273,,,vrisko.gr (weekly),,,https://www.vrisko.gr/advdetails/cb0d732i761ack_56f77bgceae5j4j675h64_fa212531bdbbe372jcg4g1c3k62,attikis
ASPIS REAL ESTATE ΓΛΥΦΑΔΑΣ,independent,aspis-realestate.gr,https://www.aspis-realestate.gr,https://www.aspis-realestate.gr/el/home,ok,yes,maybe,4,,Βασ. Τσιτσάνη 47 & Λόντου,Γλυφάδα,16675,37.8808,23.7534,,,vrisko.gr (weekly),,,https://www.vrisko.gr/advdetails/10be6_4kckb42h_g3__e5656bd4k305k2g545h6hbi_kb45i10ak3_caa7dd1i20,attikis
SOFFICE – KIL CONSTRUCTION - ΛΕΥΘΕΡΟΧΩΡΙΤΗ ΣΟΦΙΑ,independent,,,,no_site,,,,,Προσηλίου 2,Παιανία,19002,37.9691,23.8378,,,vrisko.gr (weekly),,,https://www.vrisko.gr/advdetails/21414_1ga250d3cf__bd6ga176311k6g5_3_cd4h2a2_2da43h7i66d10f261bdc,attikis
BROKERHOUSE REAL ESTATE - ΝΙΝΟΣ Β. ΑΝΤΩΝΙΟΣ,independent,brokerhouse.gr,https://www.brokerhouse.gr,https://www.brokerhouse.gr,ok,no,yes,30,,"Λ. Βουλιαγμένης 85, Εντός Εμπορικού κέντρου City Plaza",Γλυφάδα,16674,37.8716,23.7587,,,vrisko.gr (weekly),,,https://www.vrisko.gr/advdetails/7g3iae3dd32375_a214e722a53_660c5140105da232d07da225b0fd_1f6d521d,attikis
ASPIS REAL ESTATE ΠΕΙΡΑΙΑΣ,independent,aspis-realestate.gr,https://www.aspis-realestate.gr/,https://www.aspis-realestate.gr/el/home,ok,yes,maybe,4,,Μπουμπουλίνας 31-33,Πειραιάς,18535,37.941,23.6461,,,vrisko.gr (weekly),,,https://www.vrisko.gr/advdetails/a436adbg7053117_226fd35b345hbb700d57a2a07f26d5313536__437g__a474,attikis
DEDAKIS REAL ESTATE,independent,dedakisrealestate.com,https://dedakisrealestate.com,,http_500,,,,,Βενιζέλου Ελ. 30,Λουτράκι,20300,37.9616,22.9788,,,vrisko.gr (weekly),,,https://www.vrisko.gr/advdetails/0b6i65a0c27h4dc6_c3k603_7c6g_h41ai3k2h347_4e2da07g327k_a1h25_j5k,attikis
PANTIORAS REAL ESTATE (Παντιώρας Απόστολος Κ.),independent,pantioras.com,https://www.pantioras.com,https://www.pantioras.com,ok,yes,no,0,,17ης Νοεμβρίου 1973 103,Χολαργός,15562,38.0003178256600,23.8058105214345,,,vrisko.gr (weekly),,,https://www.vrisko.gr/details/3_6_4i30df0ecd747kdb4e3g647634_3,attikis
G - EPSILON MANAGEMENT - ΕΠΙΤΡΟΠΑΚΗΣ Γ Ι ΚΑΙ ΣΙΑ ΕΕ,independent,gepsilon.gr,https://www.gepsilon.gr,https://gepsilon.gr/,ok,yes,maybe,1,wordpress,Λεωφόρος Αλεξάνδρας 8,Αθήνα,10682,37.9914065000000,23.7329397857142,,,vrisko.gr (weekly),,,https://www.vrisko.gr/details/6d3_b4cc2a750d60014c7k_d4k2f5j51,attikis
MAKRIS REAL ESTATE (Μακρής Βασίλειος Η.),independent,vmakrisrealestate.gr,https://www.vmakrisrealestate.gr,,error,,,,,Καποδιστρίου 38,Αθήνα,10432,37.9867788383330,23.7285122745255,,,vrisko.gr (weekly),,,https://www.vrisko.gr/details/31b3_7bjcb_55i2ac3d_74_hd04h0bd7,attikis
KAMPRAS ESTATE (Κάμπρας Παναγιώτης Ε.),independent,kamprasestate.gr,https://www.kamprasestate.gr,https://www.kamprasestate.gr,bot_check_imperva,,,,,Παράσχου Α. 104,Αθήνα - Γκύζη,11475,37.9894841000000,23.7489461549234,,,vrisko.gr (weekly),,,https://www.vrisko.gr/details/165f7i6c_45_4k75133iajcf203e_jba,attikis
Λιώνης Χρήστος Ε.,independent,viomihanika-akinita.gr,https://www.viomihanika-akinita.gr,https://www.viomihanika-akinita.gr,ok,yes,maybe,0,,Μουταλάσκη 9,Νέα Ιωνία,14234,38.0398630000000,23.7631880000000,,,vrisko.gr (weekly),,,https://www.vrisko.gr/details/45_05jbdcd0f4_5j4c03aa474bcd_4b4,attikis
TERRA CASA (Φερεκίδης Ιωάννης Γ.),independent,terra-casa.gr,https://www.terra-casa.gr,https://www.terra-casa.gr,bot_check_imperva,,,,,Δουκίσσης Πλακεντίας 59,Αθήνα - Αμπελόκηποι,11523,37.9921394933797,23.7645818000000,,,vrisko.gr (weekly),,,https://www.vrisko.gr/details/_jb6a2_b031b4_7fb061343d167545ca,attikis
LIVE HOME REAL ESTATE (Αγαπίδης Παναγιώτης Γ.),independent,livehome.gr,https://www.livehome.gr,https://www.livehome.gr,bot_check_imperva,,,,,Πλατεία Ομονοίας 12,Αθήνα,10431,37.9844118976279,23.7277362503121,,,vrisko.gr (weekly),,,https://www.vrisko.gr/details/1c45ba4k0k5h7_24720ice015kb05k70,attikis
GOUTOS PROPERTIES ΕΕ - ΒΕΡΥΚΙΟΣ ΚΑΤΑΣΚΕΥΑΣΤΙΚΗ ΚΑΙ ΕΚΜΕΤΑΛΛΕΥΣΗ ΑΚΙΝΗΤΩΝ ΕΕ (Βερύκιος Ευστάθιος Ε.),independent,goutos.gr,https://www.goutos.gr,https://www.goutos.gr/el-GR/,ok,yes,no,0,,Βουλιαγμένης 248,Άγιος Δημήτριος,17343,37.9462586039404,23.7390066666666,,,vrisko.gr (weekly),,,https://www.vrisko.gr/details/60cb526a425j3h27cda_55b7ca3_ck6e,attikis
BLUE BROWN,independent,bluebrown.gr,https://www.bluebrown.gr,https://www.bluebrown.gr/en,ok,yes,yes,12,,Πανδώρας 16,Γλυφάδα,16674,37.8577706000000,23.7549496011235,,,vrisko.gr (weekly),,,https://www.vrisko.gr/details/_053b4b1_56ib3_g541c4f_7bf0g566f,attikis
TERRA REAL ESTATE,independent,terraproperty.gr,https://www.terraproperty.gr,https://terraproperty.gr/,ok,yes,yes,16,,Λασσάνη 12,Περιστέρι,12132,38.0097346072519,23.7097997122339,,,vrisko.gr (weekly),,,https://www.vrisko.gr/details/11577h3hdg42ca53b27ba046bk230477,attikis
UNION PROPERTIES - ΠΥΛΩΝΙΤΗΣ Δ ΔΙΑΧΕΙΡΙΣΗ ΑΚΙΝΗΤΩΝ ΜΟΝΟΠΡΟΣΩΠΗ ΙΚΕ,independent,union-properties.gr,https://www.union-properties.gr,,error,,,,,"Λεωφόρος Βασιλέως Κωνσταντίνου 96, 1ος Όροφος",Βάρη - Βάρκιζα,16672,37.8222526455696,23.8037365000000,,,vrisko.gr (weekly),,,https://www.vrisko.gr/details/151k6kbcci34300010456fde6h3e53da,attikis
ISQM REAL ESTATE OFFICE (Ανδρουτσόπουλος Δημήτριος Α.),independent,isqm.gr,https://www.isqm.gr,https://www.isqm.gr/el/home,ok,yes,yes,8,,Ειρήνης 30-32,Ηλιούπολη,16345,37.9347892773109,23.7562189999999,,,vrisko.gr (weekly),,,https://www.vrisko.gr/details/3c0ad5104hcc_3cd0_d12_7k3g1hce0f,attikis
LABRECO ΙΚΕ,independent,labreco.gr,https://www.labreco.gr,,error,,,,,Ηλιού Ηλία 48,Αθήνα - Νέος Κόσμος,11743,37.9584940000000,23.7317658513513,,,vrisko.gr (weekly),,,https://www.vrisko.gr/details/1_61c1b37faf4aa32a5e2i26dd6a1401,attikis
Βλάχος Κωνσταντίνος Π.,independent,,,,no_site,,,,,"Ερμού 1, 1ος Όροφος",Βουλιαγμένη,16671,37.8145450572875,23.7856929204470,,,vrisko.gr (weekly),,,https://www.vrisko.gr/details/026dc12g7g3kc2453j1c2522250e5e24,attikis
ΠΟΛΥΔΩΡΟΣ REAL ESTATE (Πολύδωρος Κωνσταντίνος Γ.),independent,polydoros.gr,https://www.polydoros.gr,https://www.polydoros.gr,ok,yes,no,0,,Μεγακλέους 1 & Λεονταρίου,Κάντζα,15351,37.9888911220388,23.8592362403869,,,vrisko.gr (weekly),,,https://www.vrisko.gr/details/0j7ecgcd1c1_3f1f24040d2a56ch6gdg,attikis
ΚΑΤ' ΟΙΚΟΝ ΚΑΙ ΓΗ (Τσελέντη Μαρία Ε.),independent,katoikonkgi.com,https://www.katoikonkgi.com,https://www.katoikonkgi.com,ok,yes,no,0,,Κερκύρας 137,Αθήνα - Κυψέλη,11363,38.0026903000000,23.7456204123457,,,vrisko.gr (weekly),,,https://www.vrisko.gr/details/a310427a1_1b166h5g0_0f35011b5_22,attikis
TSIOUMIS PARTNERS (Τσιούμης Θεόδωρος Κ.),independent,buy2greece.com,https://www.buy2greece.com,https://www.buy2greece.com,ok,yes,yes,8,,Στρατάρχου Παπάγου Αλεξάνδρου 147,Ζωγράφος,15773,37.9762193247587,23.7765844115703,,,vrisko.gr (weekly),,,https://www.vrisko.gr/details/0i_1253j4g1i5h17ajc_4kc4a3ce56bj,attikis
Ντούνης Γεράσιμος Λ.,independent,,,,no_site,,,,,Λεωφόρος Βασιλέως Κωνσταντίνου 81,Κορωπί,19400,37.9046008333333,23.8727576666666,,,vrisko.gr (weekly),,,https://www.vrisko.gr/details/6d7hd1cf012e_14f075h76_hc0656cd0,attikis
INFOCASA (Σπηλιωτόπουλος Θεοφάνης Σ.),independent,infocasa.gr,https://www.infocasa.gr,https://www.infocasa.gr/el/home,ok,yes,maybe,4,,Διονύσου 70,Κηφισιά,14563,38.0831846597108,23.8164164285228,,,vrisko.gr (weekly),,,https://www.vrisko.gr/details/7711410e32_560b1357fa11g7j537a2f,attikis
ΕΣΤΙΑ (Τσολιάς Μιχαήλ Θ.),independent,estiarealestate.gr,https://www.estiarealestate.gr,,error,,,,,"Αθηνάς 129 & Λαμπράκη Γρηγορίου - Παπακυριαζή, Πλησίον Δημαρχείου",Κορυδαλλός,18120,37.9800780000000,23.6467640000000,,,vrisko.gr (weekly),,,https://www.vrisko.gr/details/6da057aa4ede7c4516513071bb3i4i4_,attikis
EPAVLIS ΚΤΗΜΑΤΟΜΕΣΙΤΕΣ - ΤΣΑΜΗΣ Γ ΚΑΙ ΣΙΑ ΕΕ,independent,epreal.gr,https://www.epreal.gr,https://www.epreal.gr/el/home,ok,yes,yes,17,,Λεωφόρος Βουλιαγμένης 587,Αργυρούπολη,16452,37.9138920832512,23.7448479000000,,,vrisko.gr (weekly),,,https://www.vrisko.gr/details/3d_k62a54i_i0e1cahaac45fd62i153a,attikis
IRG PRO INVESTMENT AND RESIDENCY,independent,irgpro.com,https://www.irgpro.com,https://www.investmentandresidency.com/en/home,ok,yes,yes,11,,Σκουφά 59,Αθήνα - Κολωνάκι,10672,37.9808482795321,23.7376044000000,,,vrisko.gr (weekly),,,https://www.vrisko.gr/details/1d3g711ea_417i3j731j2k_3d203ch60,attikis
IMMOCONSULT ΟΕ,independent,immoconsult.gr,https://www.immoconsult.gr,https://www.immoconsult.gr,ok,yes,yes,71,,Αγίου Μελετίου 167,Αθήνα,10445,38.0015074000000,23.7218977899159,,,vrisko.gr (weekly),,,https://www.vrisko.gr/details/443a6i2d5_43012k156g0_5bac1i6b23,attikis
HELLENIC LAND INVESTMENTS (Παναγιωτόπουλος Κωνσταντίνος Γ.),independent,hli.com.gr,https://www.hli.com.gr,https://www.hli.com.gr,ok,yes,maybe,4,,Βύρωνος 13,Ηλιούπολη,16342,37.9313794468450,23.7571534240134,,,vrisko.gr (weekly),,,https://www.vrisko.gr/details/7231_7ca_k670g72ada260a1d74d5d67,attikis
Γκανάτσιος Κωνσταντίνος Ε.,independent,,,,no_site,,,,,Κανάρη 17 & Ειρήνης,Ηλιούπολη,16345,37.9335740000000,23.7561880000000,,,vrisko.gr (weekly),,,https://www.vrisko.gr/details/55330aaacj124_02bb0g6fc64j3e6ddf,attikis
Παπαντωνίου Χριστόφορος Δ.,independent,,,,no_site,,,,,Μικράς Ασίας 2,Αθήνα - Ιλίσια,11527,37.9803864999999,23.7592560581395,,,vrisko.gr (weekly),,,https://www.vrisko.gr/details/4j7ddb423i3g65d34a767e_4dfcfc26g,attikis
DOWNTOWN PROPERTIES,independent,downtownproperties.eu,https://downtownproperties.eu,https://www.downtownproperties.eu/el/home,ok,yes,yes,11,,Κοδράτου 12-14,Αθήνα - Μεταξουργείο,10438,37.9865028571428,23.7199945894231,,,vrisko.gr (weekly),,,https://www.vrisko.gr/details/6j4j42da001k7f4d5_b75iaf6ea_ce1_,attikis
MOBILIA REAL ESTATE - ELLEN SANNIER PATRICK TKATSCHENKO ΟΕ,independent,mobilia.gr,https://www.mobilia.gr,https://www.mobilia.gr,ok,yes,maybe,1,,Αρχιμήδους 4,Αθήνα - Παγκράτι,11635,37.9679252500000,23.7436462133956,,,vrisko.gr (weekly),,,https://www.vrisko.gr/details/2a71c33k2652b1ae73ck46_6bi40_c2i,attikis
FRIENDS ΟΕ,independent,friendsrealestate.gr,https://www.friendsrealestate.gr,,error,,,,,Φαβιέρου 39,Αθήνα - Μεταξουργείο,10438,37.9870417174050,23.7221989473655,,,vrisko.gr (weekly),,,https://www.vrisko.gr/details/ba1b622g4g3f1j6a1f4a7edd7h0gcd0d,attikis
PLUS HOME REAL ESTATE (Μαραγκουδάκης Κωνσταντίνος Χ.),independent,plus-home.gr,https://www.plus-home.gr,https://www.plus-home.gr,bot_check_imperva,,,,,Πλειώνη 3,Λαύριο,19500,37.7148498000000,24.0555211538461,,,vrisko.gr (weekly),,,https://www.vrisko.gr/details/660f__1k0d4733a1_13_357_ak4i734g,attikis
REMAX ΕΝ ΟΙΚΩ - ΒΕΝΤΟΥΡΑΣ Κ ΓΙΑΝΝΑΚΑ Ν ΙΚΕ,independent,remax-enoiko.gr,https://www.remax-enoiko.gr,https://www.remax-enoiko.gr/el/home,ok,yes,yes,8,,Αγίας Παρασκευής 132,Χαλάνδρι,15232,38.0157081243623,23.8150956928799,,,vrisko.gr (weekly),,,https://www.vrisko.gr/details/bd5710062h505d4hcc0ccf7e4735c74i,attikis
ILION CASA (Τσακανίκας Ιωάννης Ν.),independent,,,,no_site,,,,,Σημαιοφόρου Γιαλοψού Έκτορος 21,Ίλιον,13123,38.0360940896471,23.7028602276005,,,vrisko.gr (weekly),,,https://www.vrisko.gr/details/cg7653bf45c__4bc6a00a7df_g_b6eaa,attikis
HOUSESALES REAL ESTATE (Κιλέκογλου Αργυρώ Α.),independent,housesales.gr,https://www.housesales.gr,https://www.housesales.gr,bot_check_imperva,,,,,Κολοκοτρώνη 113Α,Βύρωνας,16232,37.9579012500000,23.7544006052631,,,vrisko.gr (weekly),,,https://www.vrisko.gr/details/2c2e_daf54643k7gah4f3f5aaja63iah,attikis
ΚΟΜΒΟΣ ΑΚΙΝΗΤΑ (Αβραμίδης Γεώργιος Η.),independent,komvos-akinita.gr,https://www.komvos-akinita.gr,,error,,,,,Γούναρη Δημητρίου 62,Γλυφάδα,16561,37.8890643944728,23.7611544461355,,,vrisko.gr (weekly),,,https://www.vrisko.gr/details/d7ce765a2ga76idd127adeacb62h7322,attikis
QMS PROPERTY SERVICES - ΦΙΛΙΠΠΟΣ ΖΕΡΒΑΣ ΚΑΙ ΣΥΝΕΡΓΑΤΕΣ ΟΕ,independent,qms.com.gr,https://www.qms.com.gr,https://www.sankinazervas.com/,ok,yes,yes,10,,32ο χλμ Λεωφόρου Πόρτο Ράφτη,Μαρκόπουλο,19003,37.8838533333333,23.9353533515076,,,vrisko.gr (weekly),,,https://www.vrisko.gr/details/3g44c2_h1i_3c31_60137cbd0i1f34a3,attikis
PEIRAIKO REAL ESTATE (Τσιρτσίκος Αντώνιος Ι.),independent,piraiko.gr,https://www.piraiko.gr,https://www.piraiko.gr/el/home,ok,yes,yes,9,,Σαχτούρη 74,Πειραιάς,18537,37.9335117124277,23.6418830534114,,,vrisko.gr (weekly),,,https://www.vrisko.gr/details/b4_704d3b35a6a7j_75i4i1ba7755_ae,attikis
GLOBAL REAL ESTATE SERVICES (Παπαδόπουλος Σταύρος Β.),independent,globalrealestate.gr,https://www.globalrealestate.gr,,error,,,,,"Δουσμάνη 3 & Βασιλέως Γεωργίου 81, Εντός Εμπορικού Κέντρου Colosseum Center",Γλυφάδα,16675,37.8616338107073,23.7617233873390,,,vrisko.gr (weekly),,,https://www.vrisko.gr/details/c6a532d_b7b32a0g046a2ab_c27b4i07,attikis
GALLERIA (Κερασιώτης Κωνσταντίνος Π.),independent,galleria.gr,https://www.galleria.gr,https://www.galleria.gr,bot_check_imperva,,,,,"Λεωφόρος Δημάρχου Μεταξά Αγγέλου 21, 2ος Όροφος",Γλυφάδα,16675,37.8625631606810,23.7520702399533,,,vrisko.gr (weekly),,,https://www.vrisko.gr/details/_e337c25611bbf67dd0gdd47703h570h,attikis
LEAD ESTATE - ΑΘΑΝΑΣΙΟΣ ΛΙΓΓΟΣ ΚΑΙ ΣΙΑ ΕΕ,independent,leadestate.gr,https://www.leadestate.gr,https://www.leadestate.gr,ok,yes,yes,8,,Νικολαϊδου 86,Ελευσίνα,19200,38.0423388226932,23.5404807000000,,,vrisko.gr (weekly),,,https://www.vrisko.gr/details/4bcg43bc214ccedb2i7c3haj3j02c51c,attikis
REGUS HELLAS SA,independent,regus.com,https://www.regus.com,,bot_check_imperva,,,,,Λεωφόρος Μεσογείων 2-4,Αθήνα - Πύργος Αθηνών,11527,37.9847090000000,23.7601080757576,,,vrisko.gr (weekly),,,https://www.vrisko.gr/details/63261iac4bc3dg3c3a2fdc013a103f10,attikis
Κίτσιος Γεώργιος Δ.,independent,kitsiosakinita.gr,https://www.kitsiosakinita.gr,,error,,,,,Αινιάνος 10,Αθήνα - Πλατεία Βικτωρίας,10434,37.9919171000000,23.7300436138486,,,vrisko.gr (weekly),,,https://www.vrisko.gr/details/a146bjbe0h644k7_4a14be1c75_cd4c1,attikis
ATHENS REAL ESTATE (Δανιήλ Μαλβίνα Μ.),independent,,,,no_site,,,,,"Αθηνάς 41 & Άρεως, Εντός Εμπορικού Κέντρου Status - Ισόγειο",Βουλιαγμένη,16671,37.8173852066048,23.7778399980288,,,vrisko.gr (weekly),,,https://www.vrisko.gr/details/1j25ck4g6e3k3kc0ahb6342j0ac40b1g,attikis
Μπασούκος Δημήτριος Γ.,independent,,,,no_site,,,,,Κρήτης 28,Αθήνα - Πλατεία Αγίου Παύλου,10439,37.9896402000000,23.7220502658084,,,vrisko.gr (weekly),,,https://www.vrisko.gr/details/3d7ad1dc_d1_3h40__b6362ga431db_j,attikis
REAL ESTATE ΑΝΕΛΙΞΗ (Μωραΐτη Ειρήνη),independent,anelixi-katoikia.gr,https://www.anelixi-katoikia.gr,,error,,,,,Μακεδονίας 62,Πετρούπολη,13231,38.0392339120821,23.6911693118268,,,vrisko.gr (weekly),,,https://www.vrisko.gr/details/4302712c4c3i4_b2126ab55_d25_d_1_,attikis
Μπινιάρης Άρης Δ.,independent,,,,no_site,,,,,Πατρόκλου 2,Αγία Παρασκευή,15343,38.0140860790663,23.8231387306711,,,vrisko.gr (weekly),,,https://www.vrisko.gr/details/6e3k1c0j7aac_3_0d626b0_70cb2bg0c,attikis
LANTZI PROPERTIES LTD,independent,lantziproperties.gr,https://www.lantziproperties.gr,,error,,,,,Αχιλλέως 5,Παλαιό Φάληρο,17562,37.9215759541543,23.6993423235920,,,vrisko.gr (weekly),,,https://www.vrisko.gr/details/3j_f72c7ak0_0766a054112id2c6005g,attikis
BOUKIS REAL ESTATE (Μπούκη Βασιλική Ι.),independent,boukisrealestate.gr,https://www.boukisrealestate.gr,https://www.boukisrealestate.gr,ok,yes,yes,8,,Πολυτεχνείου 4,Νέο Ηράκλειο,14122,38.0496201000000,23.7642473947368,,,vrisko.gr (weekly),,,https://www.vrisko.gr/details/6f1b0133_c_510dg0dc22e_3be4iaba1,attikis
THESIS REAL ESTATE,independent,thisisthesis.gr,https://www.thisisthesis.gr,,error,,,,,Λεωφόρος Αλίμου 131,Αργυρούπολη,16452,37.9115330000000,23.7440740472036,,,vrisko.gr (weekly),,,https://www.vrisko.gr/details/7i4bbf4bbi4kbb51_27j1707_0_1_4_k,attikis
PMD REALESTATE NETWORK ΕΕ,independent,pmdrealestate.gr,https://www.pmdrealestate.gr,https://www.pmdrealestate.gr/en/home,ok,yes,yes,13,,Λαμπράκη Γρηγορίου 19,Γλυφάδα,16675,37.8625796000000,23.7522125739130,,,vrisko.gr (weekly),,,https://www.vrisko.gr/details/33ch6_2bd30i0_22_j1d7dcdaace31dg,attikis
TND REAL ESTATE,independent,tnd.gr,https://www.tnd.gr,https://www.tnd.gr,bot_check_imperva,,,,,Δημητρακοπούλου Ν. 29,Αθήνα - Μακρυγιάννη,11742,37.9660514545454,23.7269803531468,,,vrisko.gr (weekly),,,https://www.vrisko.gr/details/110e5jde4e2bbf207h_66g5d_164c442,attikis
SUNNY GROUP REAL ESTATE,independent,sunnygroup.gr,https://sunnygroup.gr,,http_403,,,,,Λεωφόρος Τσαλδάρη Παναγή 12,Περιστέρι,12132,38.0090717893514,23.6982110408228,,,vrisko.gr (weekly),,,https://www.vrisko.gr/details/7b_14idaa16345c67ic5b_bb5i33cb0f,attikis
POLYZOS REAL ESTATE (Πολύζος Στυλιανός Γ.),independent,mesitikopolyzos.gr,https://www.mesitikopolyzos.gr,,error,,,,,Αγίου Ιωάννου 13,Ροδόπολη Αττικής,14574,38.1158223045406,23.8712243636623,,,vrisko.gr (weekly),,,https://www.vrisko.gr/details/56_44g1j25517_4f2b677c6e5j4ec1dd,attikis
SPACEERS ΙΚΕ,independent,spaceers.com,https://www.spaceers.com,https://spaceers.com/,ok,yes,maybe,1,wordpress,Τίμωνος 4,Αθήνα - Πετράλωνα,11851,37.9701648266219,23.7118430000000,,,vrisko.gr (weekly),,,https://www.vrisko.gr/details/457__fa344_j7i215b_230a20d5h747h,attikis
ΠΡΩΤΕΥΣ (Σπετσιώτη Πολυξένη Αναστασία Ν.),independent,proteusrealestate.gr,https://www.proteusrealestate.gr,https://www.proteusrealestate.gr,ok,yes,yes,488,,Αραφήνος 19,Ραφήνα,19009,38.0173614000000,24.0161775336609,,,vrisko.gr (weekly),,,https://www.vrisko.gr/details/36bhd43d1i7d7j__545db2_d22_c5677,attikis
CONNECT PROPERTY (Ναστούλης Κωνσταντίνος Θ.),independent,connectproperty.gr,https://www.connectproperty.gr,https://www.connectproperty.gr,ok,yes,yes,45,,Λεωφόρος Βεΐκου 24 & Αφαίας 2,Γαλάτσι,11147,38.0155172300422,23.7545176044358,,,vrisko.gr (weekly),,,https://www.vrisko.gr/details/7kc702dc20_j3e40ae6j765e544d6h0k,attikis
PATSIS REAL ESTATE ΙΚΕ,independent,patsisrealestate.gr,https://patsisrealestate.gr,https://www.patsisrealestate.gr/el/home,ok,yes,yes,8,,Κουμπάρη 3,Αθήνα - Κολωνάκι,10674,37.9761216413043,23.7405874999999,,,vrisko.gr (weekly),,,https://www.vrisko.gr/details/7acd3gddb5274ic7c4da4e_c3c_kd51e,attikis
112 PROPERTIES AND MORE (Ηλιόπουλος Ιωάννης Ε.),independent,,,,no_site,,,,,Λεωφόρος Βενιζέλου Ελευθερίου 112,Ηλιούπολη,16345,37.9376247882147,23.7593740000000,,,vrisko.gr (weekly),,,https://www.vrisko.gr/details/40ad06_g5c_e_e647d40_6bb105db4cg,attikis
IDEA E CASA (Ταμπουρίδου Εριφύλη Κ.),independent,ideaecasa.gr,https://ideaecasa.gr,https://www.ideaecasa.gr/,ok,yes,no,0,,Πίνδου 4 & Γράμμου,Βριλήσσια,15235,38.0390140000000,23.8300600000000,,,vrisko.gr (weekly),,,https://www.vrisko.gr/details/2k7_bk_01_20_451107jc43a_1114ga1,attikis
SOLUTION REAL ESTATE,independent,solutionrealestate.gr,https://www.solutionrealestate.gr,https://www.solutionrealestate.gr,ok,yes,no,0,,"Νέα Λεωφόρος Βουλιαγμένης 140, 3ος Όροφος",Γλυφάδα,16674,37.8596248356520,23.7638247013092,,,vrisko.gr (weekly),,,https://www.vrisko.gr/details/da453kcj7a7kd32k_34f_ga6ccda7d3h,attikis
THANOS REAL ESTATE (Θάνος Θεόδωρος Θ.),independent,thanos.gr,https://www.thanos.gr,https://www.thanos.gr,ok,yes,yes,10,,Αγίων Σαράντα 61,Νέα Ερυθραία,14671,38.1016131737214,23.8149632957797,,,vrisko.gr (weekly),,,https://www.vrisko.gr/details/ah3cbd266255bc7k_5ba202j3j_h56b6,attikis
Χατζής Γεώργιος Π.,independent,,,,no_site,,,,,Γκλιάτη 4,Μάνδρα,19600,38.0794180000000,23.4901470000000,,,vrisko.gr (weekly),,,https://www.vrisko.gr/details/0daj6c2a576f471h6fd167167cd35_27,attikis
SALAMIS REAL ESTATE (Ευαγγέλου Ιωάννης),independent,salamis-realestate.gr,https://www.salamis-realestate.gr,https://www.salamis-realestate.gr,bot_check_imperva,,,,,Λεωφόρος Αιαντείου 21,Σαλαμίνα,18900,37.9203400000000,23.4641420000000,,,vrisko.gr (weekly),,,https://www.vrisko.gr/details/dacec__h3500ag52_dc514dc1b60ae1d,attikis
BRIK - ΣΑΜΠΑΝΗΣ ΙΩΑΝΝΗΣ ΚΑΙ ΣΙΑ ΕΕ,independent,thebrik.com,https://www.thebrik.com,https://www.thebrik.com,ok,yes,no,0,,Καραγεώργη Σερβίας 12-14,Αθήνα - Σύνταγμα,10562,37.9765360000000,23.7325693010752,,,vrisko.gr (weekly),,,https://www.vrisko.gr/details/2155d75i06_0d14d_600c24k3f65cj5f,attikis
ΚΤΗΜΑΤΟΜΕΣΙΤΙΚΗ ΜΑΥΡΑΓΑΝΗΣ (Μαυραγάνης Περικλής Σ.),independent,mesitiko-mavraganis.gr,https://www.mesitiko-mavraganis.gr,https://www.mesitiko-mavraganis.gr,bot_check_imperva,,,,,Αναξαμένους 5,Χαλάνδρι - Πάτημα,15238,38.0315390000000,23.8441658689956,,,vrisko.gr (weekly),,,https://www.vrisko.gr/details/773j6f3h2_5j67c6_b035cd22fbcaed3,attikis
GLOBALITY - RIGHTMOVE ΜΟΝΟΠΡΟΣΩΠΗ ΕΠΕ,independent,globality.gr,https://www.globality.gr,https://www.globality.gr/el/home,ok,yes,yes,16,,Σίνα 9,Αθήνα - Κολωνάκι,10680,37.9810480000000,23.7366516730038,,,vrisko.gr (weekly),,,https://www.vrisko.gr/details/2_afca_34440757j1b7h2b237h50beb6,attikis
ΕΠΕΝΔΥΤΙΚΗ ΑΘΗΝΩΝ (Μπάφας Αλέξανδρος Λ.),independent,ependytiki.gr,https://www.ependytiki.gr,https://www.ependytiki.gr,ok,no,yes,30,,Κράτητος 11,Αθήνα - Νέος Κόσμος,11745,37.9545631408691,23.7159824371337,,,vrisko.gr (weekly),,,https://www.vrisko.gr/details/bk767g1j43553g5c66bjb2520e2ba260,attikis
NOVA REAL ESTATE,independent,novarealestate.gr,https://www.novarealestate.gr,https://www.novarealestate.gr,ok,yes,no,0,,Λεωφόρος Κηφισίας 4,Μαρούσι,15125,38.0341983969122,23.7962770924782,,,vrisko.gr (weekly),,,https://www.vrisko.gr/details/4f304a676_61a0bg1g455b0cae5_446g,attikis
HOMEARTH (Καλουτά Θεοδώρα Σ.),independent,akinita-portorafti.gr,https://akinita-portorafti.gr,,error,,,,,37ο χλμ Λεωφόρου Πόρτο Ράφτη & Ειρήνης,Πόρτο Ράφτη,19003,37.8922917712525,23.9927878091901,,,vrisko.gr (weekly),,,https://www.vrisko.gr/details/a34j4ebedfa3ac1dd7_f37b66c4d2i65,attikis
PRIME ΚΤΗΜΑΤΙΚΗ ΕΚΑΛΗΣ - ΒΕΝΕΤΣΑΝΟΥ ΡΕΒΥΘΗΣ ΕΕ,independent,primerealestate.gr,https://www.primerealestate.gr,https://www.primerealestate.gr,ok,yes,no,0,houzez,"Λεωφόρος Θησέως 57, Έναντι Ιερού Ναού Αγίας Μαρίνας",Εκάλη,14578,38.1084100000000,23.8383599660194,,,vrisko.gr (weekly),,,https://www.vrisko.gr/details/6a_0137i4j3c6531525iaa6ic6_b0422,attikis
PLANET HOMES - COSMOS HOTELS AND RESORTS ΜΟΝΟΠΡΟΣΩΠΗ ΙΚΕ,independent,planethomes.gr,https://www.planethomes.gr,https://www.planethomes.gr,ok,yes,yes,11,wordpress;real_homes,Αγίου Δημητρίου 12,Κηφισιά,14562,38.0702243000000,23.8122373604167,,,vrisko.gr (weekly),,,https://www.vrisko.gr/details/dbdfdcbj502j3g6_d62b0i2c412h3a4k,attikis
Βουτυρίτσα Άννα,independent,annavoutyritsa.gr,https://www.annavoutyritsa.gr,,error,,,,,Ψυχάρη & Αγίας Αικατερίνης,Σαλαμίνα - Αιάντειο,18900,37.9493569187593,23.4915917633537,,,vrisko.gr (weekly),,,https://www.vrisko.gr/details/de0k504b406156_d36d24f4_cf5gbkd7,attikis
CASA NOUA (Τσολάκης Νικόλαος Ζ.),independent,casanoua.gr,https://www.casanoua.gr,https://www.casanoua.gr,bot_check_imperva,,,,,Ελαιών 25,Κηφισιά - Νέα Κηφισιά,14564,38.0901933218078,23.7973812576449,,,vrisko.gr (weekly),,,https://www.vrisko.gr/details/532k6i76a50364724i5h0fbi5e23bi76,attikis
HOMLI,independent,thehomli.com,https://thehomli.com,https://thehomli.com/en-gr,ok,yes,maybe,2,,Τζαφέρη 16,Αθήνα,11854,37.9746020000000,23.7077649403085,,,vrisko.gr (weekly),,,https://www.vrisko.gr/details/4020177c6c2d0hd47a7j1h6_2_4fa57_,attikis
AT PROPERTIES,independent,atproperties.gr,https://www.atproperties.gr,,error,,,,,Κυριαζή 13-15,Κηφισιά,14562,38.0704253320802,23.8128963333333,,,vrisko.gr (weekly),,,https://www.vrisko.gr/details/6e1kc113a00_d4ag3daadd_abc1fcd75,attikis
Α - Κ ΑΣΤΙΚΕΣ ΣΥΜΒΑΣΕΙΣ (Κουκουλά Αργυρώ Κ.),independent,akestate.gr,https://www.akestate.gr,http://akestate.gr/greek/,ok,yes,no,0,,Μαυρομιχάλη 85Α,Αθήνα - Εξάρχεια,11472,37.9856323000000,23.7397418163424,,,vrisko.gr (weekly),,,https://www.vrisko.gr/details/a_d2a7_b3d307_6a1gd7ca61da1f2cag,attikis
SIMPLE HOME,independent,simplehome.gr,https://www.simplehome.gr,https://www.simplehome.gr,bot_check_imperva,,,,,Μπενάκη Εμμανουήλ 24,Αθήνα,10678,37.9838119000000,23.7316425380510,,,vrisko.gr (weekly),,,https://www.vrisko.gr/details/010k0g16_5c1bc5537006i6dbb2_3401,attikis
REAL ESTATE ENGINEERING (Παπαδόπουλος Βασίλειος Γ.),independent,,,,no_site,,,,,Σινώπης 76Α,Νέα Ιωνία,14232,38.0340113231995,23.7545189337676,,,vrisko.gr (weekly),,,https://www.vrisko.gr/details/d52jchdb2i_7ai0a_g5cc_b5a73h3gbd,attikis
OLYMPIC REALTY (Χαραντινιώτης Βύρων Δ.),independent,olympicrealty.gr,https://www.olympicrealty.gr,https://olympicrealty.gr/,ok,yes,yes,6,wordpress,Κολοκοτρώνη 9,Αθήνα,10562,37.9773335000000,23.7325340868263,,,vrisko.gr (weekly),,,https://www.vrisko.gr/details/_65c0kd_c6710a525k3j6adb12037f0b,attikis
Πετροπούλου Ζαχαρένια Ν.,independent,,,,no_site,,,,,Σαλαμίνος 8,Βριλήσσια,15235,38.0286539999999,23.8291882821807,,,vrisko.gr (weekly),,,https://www.vrisko.gr/details/d2245b1b2ha7a5d4bi741d1j4556600h,attikis
Βρεττός Σπυρίδων Π.,independent,vrettos-estate.gr,https://www.vrettos-estate.gr,https://www.vrettos-estate.gr,ok,yes,yes,20,wordpress,Λεωφόρος Πάρνηθος 141,Αχαρνές,13672,38.0914931586805,23.7378151550635,,,vrisko.gr (weekly),,,https://www.vrisko.gr/details/156i7f05b6a5da_6ckdd6j0h3d05402a,attikis
CITY LIFE REAL ESTATE,independent,cityliferealestate.gr,https://www.cityliferealestate.gr,https://www.cityliferealestate.gr,ok,yes,yes,310,,Αριστοτέλους 35,Άλιμος,17455,37.9122469934594,23.7115234032674,,,vrisko.gr (weekly),,,https://www.vrisko.gr/details/0f31c_a4a5462jbcb7557f3a_0705e_4,attikis
MTC R EEE,independent,mtcrealestate.gr,https://www.mtcrealestate.gr,,error,,,,,35ο χλμ Λεωφόρου Πόρτο Ράφτη,Μαρκόπουλο,19003,37.8934413004516,23.9752984944721,,,vrisko.gr (weekly),,,https://www.vrisko.gr/details/3ibc7__dd2_k6_b_216jbf5a7f7e4_54,attikis
Ρέστα Μαργαρίτα Κ.,independent,,,,no_site,,,,,Σεβαστείας 28,Ζωγράφος,15771,37.9790384989898,23.7578461999999,,,vrisko.gr (weekly),,,https://www.vrisko.gr/details/3f4_5i6_c536175a1j372fc4bb7c1j7d,attikis
NEW PRESTIGE,independent,newprestige-realestate.com,https://www.newprestige-realestate.com,https://expireddomains.com/domain/newprestige-realestate.com?utm_source=redi,ok,yes,no,0,,Αλωπεκής 24,Αθήνα - Κολωνάκι,10675,37.9774588000000,23.7442847794871,,,vrisko.gr (weekly),,,https://www.vrisko.gr/details/2fch50ccah627ba536ai7a6bbh102_af,attikis
Μπότσης Κωνσταντίνος Σ.,independent,mpotsis.gr,https://www.mpotsis.gr,https://www.mpotsis.gr,ok,yes,yes,20,,Λεωφόρος Μαρκοπούλου Ωρωπού,Ωρωπός,19015,38.2909330000000,23.8231030000000,,,vrisko.gr (weekly),,,https://www.vrisko.gr/details/550e3_6f452j11d4de17_33_ah2ic455,attikis
VOGIATZOGLOU LIVE PROPERTIES (Βογιατζόγλου Νικόλαος Γ.),independent,liveproperties.gr,https://www.liveproperties.gr,https://www.liveproperties.gr,bot_check_imperva,,,,,Βενιζέλου Ελευθερίου 80-82,Νέα Ιωνία,14231,38.0448074975315,23.7519143915314,,,vrisko.gr (weekly),,,https://www.vrisko.gr/details/622ga06770ah2e__1k_7d11f2g7ib47i,attikis
ΕΠΙΛΕΓΜΕΝΑ ΑΚΙΝΗΤΑ (Κοσιώρη Γεωργία Ι.),independent,epilegmena.gr,https://www.epilegmena.gr,,error,,,,,Αυξεντίου 5,Άλιμος,17455,37.9130406983901,23.7100690354392,,,vrisko.gr (weekly),,,https://www.vrisko.gr/details/20_1_k3ea244b0612fc5575c2j154k3k,attikis
EPSILON TEAM REAL ESTATE PLUS - EPSILON BUSINESS ΜΟΝΟΠΡΟΣΩΠΗ ΙΚΕ,independent,epsilonteam1.gr,https://www.epsilonteam1.gr,https://www.epsilonteam.gr/en/home,ok,yes,yes,7,,Αποστολοπούλου 21,Χαλάνδρι - Κάτω Χαλάνδρι,15231,38.0140325493551,23.7911842000000,,,vrisko.gr (weekly),,,https://www.vrisko.gr/details/5dch577a_15i1d6acc5eci633b7i0i40,attikis
GOLDEN LAND GOUTOS - ΓΟΥΤΟΣ ΨΥΧΟΓΙΟΣ ΑΕ,independent,goldenlandgoutos.gr,https://www.goldenlandgoutos.gr,https://www.goldenlandgoutos.gr,ok,yes,yes,16,wordpress,Ασκληπιού 1,Βούλα,16673,37.8491909000000,23.7533324924914,,,vrisko.gr (weekly),,,https://www.vrisko.gr/details/2c7176_kcha4agaad11436ck0idd610f,attikis
LANDTOURIST OVERSEAS,independent,landtourist.gr,https://www.landtourist.gr,,error,,,,,Λυκαβηττού 25,Αθήνα,10672,37.9802317000000,23.7389287264317,,,vrisko.gr (weekly),,,https://www.vrisko.gr/details/ajde44_bafd171b_260k32a51e3_4k7_,attikis
ΑΚΙΝΗΤΑ ΠΟΛΙΣ ΜΕΣΙΤΙΚΗ (Κωνσταντάτος Μαρίνος Α.),independent,,,,no_site,,,,,"Αγίου Αλεξάνδρου 5, Εντός Φλοίσβου",Παλαιό Φάληρο,17561,37.9261480000000,23.6922690999999,,,vrisko.gr (weekly),,,https://www.vrisko.gr/details/6a0c_2b4ca56cdbab31j31c3071533cc,attikis
DOVAS REAL ESTATE (Δόβας Γεώργιος Ε.),independent,dre.gr,https://www.dre.gr,https://www.dre.gr,ok,yes,yes,1712,,Κολοκοτρώνη 4,Κηφισιά,14562,38.0728774226106,23.8143591076490,,,vrisko.gr (weekly),,,https://www.vrisko.gr/details/5k3ab3a5cf615i5k0170436j506fah5i,attikis
BEST CONNECTION (Χορταριάς Αθανάσιος Κ.),independent,bestconnection.com.gr,https://www.bestconnection.com.gr,https://www.bestconnection.com.gr,ok,yes,yes,16,,Γλάδστωνος 3,Αθήνα,10677,37.9847036666667,23.7298158260200,,,vrisko.gr (weekly),,,https://www.vrisko.gr/details/ae_b064hd13f50ckaiae3202_65g5ab3,attikis
ΠΛΙΝΘΟΣ ΑΚΙΝΗΤΑ - ΚΑΠΠΟΣ ΝΙΚΟΣ ΚΑΙ ΣΤΕΛΙΟΣ ΟΕ,independent,plinthosakinita.gr,https://www.plinthosakinita.gr,,error,,,,,Κηφισίας 79,Αθήνα - Αμπελόκηποι,11523,37.9911082694611,23.7656385000000,,,vrisko.gr (weekly),,,https://www.vrisko.gr/details/2kc4_07a4c3152b527c04g7c13d10jcf,attikis
SPITI CITY,independent,spiticity.gr,https://spiticity.gr,,bot_check_other,,,,,Βροχίδη 4,Δροσιά,14572,38.1173139086715,23.8593823863688,,,vrisko.gr (weekly),,,https://www.vrisko.gr/details/4h6da52ib2_41ibi4252504__c634f6i,attikis
IMPERIAL PROPERTY,independent,impr.gr,https://www.impr.gr,https://www.impr.gr,ok,no,yes,35,,Πανός 17,Άλιμος,17456,37.9166097418480,23.7325487139183,,,vrisko.gr (weekly),,,https://www.vrisko.gr/details/b63c5g_eaj_a4bd6450d2gbh77616ea_,attikis
CCRE REAL ESTATE (Χριστοφίδης Χριστόφορος Δ.),independent,ccre.gr,https://www.ccre.gr,https://www.ccre.gr/el/home,ok,yes,yes,10,,Πολυκράτους 5,Μαρούσι,15123,38.0373982818791,23.7978005000000,,,vrisko.gr (weekly),,,https://www.vrisko.gr/details/37b523_fb4335fd4ae31bd32b25f6i5k,attikis
NEW DEAL REAL ESTATE GROUP - NEW DEAL ΜOΝΟΠΡΟΣΩΠΗ ΙΚΕ (Βαμβακά Σταυρούλα),independent,newdeal.gr,https://www.newdeal.gr,https://newdeal.gr/el/,ok,yes,maybe,4,,Κανάρη 24,Αθήνα - Κολωνάκι,10674,37.9769324000000,23.7401851295455,,,vrisko.gr (weekly),,,https://www.vrisko.gr/details/006b0i4g463i661eada3cj6a17d7cf0b,attikis
HOMEREALTY - ΛΕΙΒΑΔΙΤΗΣ ΗΡΑΚΛΗΣ ΚΑΙ ΣΙΑ ΕΕ,independent,homerealty.gr,https://homerealty.gr,https://www.homerealty.gr/,ok,no,yes,33,,25ης Μαρτίου 65,Νέο Ψυχικό,15451,38.0069327242503,23.7865424999999,,,vrisko.gr (weekly),,,https://www.vrisko.gr/details/1_cg76dab06f5j0a7e71b72aah_6d_6j,attikis
MARYLAND PROPERTIES,independent,marylandpropertyservices.gr,https://www.marylandpropertyservices.gr,https://marylandpropertyservices.gr/,ok,yes,yes,5,wordpress,"Υμηττού 271, 3ος Όροφος",Αθήνα - Παγκράτι,11631,37.9864300921501,23.7285079999999,,,vrisko.gr (weekly),,,https://www.vrisko.gr/details/45612d0_a3_j5_2k7k6k74c2_35_ac37,attikis
PROFIT ESTATE (Μωυσίδης Χάρης),independent,profitestate.gr,https://profitestate.gr,https://profitestate.gr/el,ok,yes,yes,38,,Λεωφόρος Σαρωνίδας 70,Σαρωνίδα,19013,37.7471076000000,23.9152090603661,,,vrisko.gr (weekly),,,https://www.vrisko.gr/details/c36hc3cj2c4kb43h5i417i4g2k7kb77a,attikis
BARDOSIS REAL ESTATE (Μπαρδώσης Χρήστος Α.),independent,bardosis-real.gr,https://www.bardosis-real.gr,https://www.bardosis-real.gr,ok,yes,yes,21,,Λαζαρίδη Σάββα 6 & Κονδύλη Γεωργίου 10,Γλυφάδα,16675,37.8649440000000,23.7484560000000,,,vrisko.gr (weekly),,,https://www.vrisko.gr/details/365kcecd1h7h0h20bcc4d013514gbgbh,attikis
HOLYSTONE - ΙΕΡΑΠΕΤΡΙΤΗΣ Ε ΚΑΙ Β ΟΕ,independent,holystoneestate.gr,https://www.holystoneestate.gr,,error,,,,,Μπιζανίου 3,Βούλα,16673,37.8542976379394,23.7791252136230,,,vrisko.gr (weekly),,,https://www.vrisko.gr/details/b17e6i5b_424733gc4aa6bcd50cd_3b_,attikis
ΣΥΜΒΟΥΛΕΥΤΙΚΗ ΔΙΕΚΠΕΡΑΙΩΤΙΚΗ (Πέππας Γεώργιος Σ.),independent,vathron.gr,https://www.vathron.gr,,error,,,,,Αφαίας 26,Αίγινα,18010,37.7449170405601,23.4307118807100,,,vrisko.gr (weekly),,,https://www.vrisko.gr/details/0_4_bd233d111e3abb124k1cd7a5dc2i,attikis
ANATEL - ΚΛΕΑΝΘΟΥΣ ΑΝΔΡΟΥΛΑ ΚΑΙ ΣΙΑ ΟΕ,independent,,,,no_site,,,,,Πεντέλης 10,Μαρούσι,15126,38.0535007000000,23.8132258081560,,,vrisko.gr (weekly),,,https://www.vrisko.gr/details/c01c_j7522b73g4f4kb42fad57c005c5,attikis
Σταμούλης Ευάγγελος Ι.,independent,vstamoulis.gr,https://www.vstamoulis.gr,https://www.vstamoulis.gr,ok,yes,maybe,0,,Καρνεάδου 15,Αθήνα - Κολωνάκι,10675,37.9768979000000,23.7437617049464,,,vrisko.gr (weekly),,,https://www.vrisko.gr/details/0d1_6_0f4k4bajbj405f2_42cg7j2e4i,athina
ΠΟΛΙΤΕΙΑ (Παπανικολάου Χρυσάνθη Λ.),independent,politia.com.gr,https://www.politia.com.gr,,error,,,,,Πανόρμου 57,Αθήνα - Αμπελόκηποι,11524,37.9917739219544,23.7599800979606,,,vrisko.gr (weekly),,,https://www.vrisko.gr/details/5c_47f4g4aah__a56d7e005d626i_f04,athina
RAYWHITE - ΚΡΑΓΚΟΥΡΑ ΕΛΕΝΑ ΚΑΙ ΣΙΑ ΟΕ,independent,raywhite.com.gr,https://www.raywhite.com.gr,https://www.raywhite.com.gr/el-GR/,ok,yes,no,0,,Λάμψα 7,Αθήνα - Γηροκομείο,11524,37.9958100000000,23.7664397165775,,,vrisko.gr (weekly),,,https://www.vrisko.gr/details/2_b42hb76echa6ah50a_0a__0j737030,athina
DEVELOP TRUST - DT COMPASS ΕΠΕ,independent,,,,no_site,,,,,Χατζηγιάννη Μέξη 5,Αθήνα,11528,37.9771051250540,23.7516341861762,,,vrisko.gr (weekly),,,https://www.vrisko.gr/details/0fai1e5k2fc64h4hcfcf1i34b71ja6bd,athina
PLASIS REAL ESTATE DEVELOPMENT ΙΚΕ,independent,plasis.com.gr,https://www.plasis.com.gr,https://www.plasisrealestate.com/el/home,ok,yes,yes,20,,Ομήρου 6,Αθήνα - Σύνταγμα,10564,37.9784650000000,23.7339929752547,,,vrisko.gr (weekly),,,https://www.vrisko.gr/details/c4b__515a_26ab24_h23a11g1b57dfdb,athina
Τατάκη - Καπέλλη Ελένη Α.,independent,akinita-kapelli.gr,https://www.akinita-kapelli.gr,https://www.akinita-kapelli.gr,bot_check_imperva,,,,,Μπόχαλη 8,Αθήνα,11476,37.9972724314904,23.7579228403777,,,vrisko.gr (weekly),,,https://www.vrisko.gr/details/_g_46e5064bi473gaj476j1ad7d75eb3,athina
Μιχοπούλου Άννα Α.,independent,,,,no_site,,,,,Βασιλέως Κωσταντίνου 42,Αθήνα,11635,37.9724285000000,23.7439783244838,,,vrisko.gr (weekly),,,https://www.vrisko.gr/details/d1a16db40fb27g400adc620f50a_3f41,athina
CAPITAL LAND DEVELOPMENT ΑΕ,independent,,,,no_site,,,,,Λεωφόρος Κηφισίας 164,Αθήνα,11525,37.9991878571428,23.7707348684084,,,vrisko.gr (weekly),,,https://www.vrisko.gr/details/2c4j77a3570_02_j5hakc4036ha_5_06,athina
NICHOLAS POINT APARTMENTS AND ROOMS - ΝΙΚΟΛΑΟΣ Ε ΑΛΛΟΙΜΟΝΟΣ ΜΟΝΟΠΡΟΣΩΠΗ ΙΚΕ,independent,nicholaspointapartmentsandrooms.com,https://www.nicholaspointapartmentsandrooms.com,https://www.nicholaspointapartmentsandrooms.com,ok,yes,no,0,,Βυζαντίου Στεφάνου 29,Αθήνα - Άγιος Λουκάς,11144,38.0153540988096,23.7321474865565,,,vrisko.gr (weekly),,,https://www.vrisko.gr/details/24c31gbhc6bh6f0k___7_67i_j7jch2f,athina
ENGEL AND VOLKERS EV MMC GREECE ΜΟΝΟΠΡΟΣΩΠΗ ΑΕ,independent,ev.gr,https://www.ev.gr,,error,,,,,"Λεωφόρος Μεσογείων 2-4, Εντός Πύργου Αθηνών - 10ος Όροφος",Αθήνα - Αμπελόκηποι,11527,37.9847089999999,23.7601080757575,,,vrisko.gr (weekly),,,https://www.vrisko.gr/details/36b15f4d5d0750_j3i575_53c1bj1b62,athina
Γούλας Παναγιώτης Γ.,independent,goulasmesitis.gr,https://www.goulasmesitis.gr,https://goulasmesitis.gr/,ok,no,yes,18,,Τρουπάκη 16,Αθήνα - Κάτω Πατήσια,10445,38.0116662500000,23.7215348888004,,,vrisko.gr (weekly),,,https://www.vrisko.gr/details/4e2i7h7_1_1aa7acd610bg__2_c0bid5,athina
REALI AE,independent,,,,no_site,,,,,Σταδίου 3,Αθήνα,10562,37.9766655837262,23.7343308000000,,,vrisko.gr (weekly),,,https://www.vrisko.gr/details/4d26143f4d_7b1c1647i76501b4j34c5,athina
GREEK HOTEL BROKERS GHB,independent,ghb.gr,https://www.ghb.gr,https://www.ghb.gr,ok,yes,maybe,0,,Αθήνα,Αθήνα,11143,38.0255865232861,23.7365069388033,,,vrisko.gr (weekly),,,https://www.vrisko.gr/details/661c7i_36c_3_gc203c17430145h2gd5,athina
STABA (Ταμπανάς Σωτήριος Α.),independent,,,,no_site,,,,,Ιφικράτους 6 & Υμηττού 94,Αθήνα - Παγκράτι,11634,37.9676560000000,23.7499040000000,,,vrisko.gr (weekly),,,https://www.vrisko.gr/details/65cf3ib0a6bab57g06_a4ick646kd_b3,athina
ATHENIAN PROPERTIES (Καρανάσος Ευάγγελος),independent,,,,no_site,,,,,Κεφαλληνίας 10,Αθήνα - Κυψέλη,11361,37.9985585000000,23.7372800576547,,,vrisko.gr (weekly),,,https://www.vrisko.gr/details/2facdc_0d1b4bj121f256eah16_eda0a,athina
TSANGARIS REAL ESTATE,independent,,,,no_site,,,,,Αδριανείου 21,Αθήνα,11525,37.9990288000000,23.7719262417322,,,vrisko.gr (weekly),,,https://www.vrisko.gr/details/6a647d440_7451577_5b4daece0bccb7,athina
PATERAS PROPERTIES - ΠΑΤΕΡΑΣ ΜΙΧΑΗΛ KAI ΣΙΑ ΕΕ,independent,paterasproperties.gr,https://www.paterasproperties.gr,https://www.paterasproperties.gr/el/home,ok,yes,yes,10,,Μουρούζη 1,Αθήνα - Κολωνάκι,10674,37.9749818000000,23.7405514146897,,,vrisko.gr (weekly),,,https://www.vrisko.gr/details/75ak5j7k0d723i0jdac6a652ad2_3c20,athina
BLUE COLLECTION ΙΚΕ,independent,bluecollection.villas,https://www.bluecollection.villas,https://www.bluecollection.villas,ok,yes,yes,7,wordpress,Ζαλοκώστα 8,Αθήνα,10671,37.9770787233620,23.7370174279886,,,vrisko.gr (weekly),,,https://www.vrisko.gr/details/_bbh6j56a43k6077036i2h2153cf6463,athina
LION REAL ESTATE,independent,lionrealestate.gr,https://www.lionrealestate.gr,https://www.lionrealestate.gr,ok,no,yes,25,,Ζωοδόχου Πηγής 38-40,Αθήνα,10681,37.9741736999999,23.7340497665644,,,vrisko.gr (weekly),,,https://www.vrisko.gr/details/4f206c15650iab_gb7461657d6_icdc3,athina
Καραμήτσου Μαρία Σ.,independent,kd-properties.net,https://www.kd-properties.net,,error,,,,,Μικράς Ασίας 12,Αθήνα - Ιλίσια,11527,37.9807745000000,23.7601160581395,,,vrisko.gr (weekly),,,https://www.vrisko.gr/details/6fci0e317j3f1gdcbf631167ci7i0_46,athina
ERASMOS (Κοκοσιούλης Θεόδωρος Ν.),independent,erasmosgroup.gr,https://www.erasmosgroup.gr,https://www.erasmosgroup.gr/el/home,ok,yes,yes,9,,Όχης 2 & Βερναρδάκη Δημητρίου 48,Αθήνα,11522,37.9945060000000,23.7585740000000,,,vrisko.gr (weekly),,,https://www.vrisko.gr/details/6g0gadb7c10c_7ccd67_0kb767chc7ae,athina
GRECA HOUSE (Rondyak Iryna V.),independent,grecahouse.com,https://www.grecahouse.com,https://grecahouse.com/el,ok,yes,yes,23,,"Πανεπιστημίου 44, 3ος Όροφος",Αθήνα,10679,37.9820415117647,23.7315836000000,,,vrisko.gr (weekly),,,https://www.vrisko.gr/details/57_k75_27k6fac7e4a0jca0f3e7b0gaj,athina
ASPIS REAL ESTATE - ΜΕΣΙΤΙΚΗ ΑΚΙΝΗΤΩΝ FRANCHISE ΑΕ,independent,aspis-realestate.gr,https://www.aspis-realestate.gr,https://www.aspis-realestate.gr/el/home,ok,yes,maybe,4,,Λουίζης Ριανκούρ 64,Αθήνα - Αμπελόκηποι,11523,37.9922339999999,23.7631381951219,,,vrisko.gr (weekly),,,https://www.vrisko.gr/details/4_0c56bdae1k2b533g6i1fai0i6eabc4,athina
REMAX FIDELITY BROKERS (Στασινόπουλος Αναστάσιος Ε.),independent,remax-fb.gr,https://remax-fb.gr,https://remax-fb.gr,ok,no,yes,36,,Βενιζέλου Ελευθερίου 15,Αθήνα,10564,37.9783694920635,23.7345585000000,,,vrisko.gr (weekly),,,https://www.vrisko.gr/details/cf1e1k1cbdc60d1i0j_j6ca34j56606g,athina
Γιαννάκου Αικατερίνη,independent,,,,no_site,,,,,Τρικούπη Χαριλάου 18 & Ακαδημίας,Αθήνα - Εξάρχεια,10679,37.9829460000000,23.7332120000000,,,vrisko.gr (weekly),,,https://www.vrisko.gr/details/2a2h451f_g31aj7a643j634b2_5a2g02,athina
GROUND ABOUT (Κουλούρη Κωνσταντίνα),independent,groundabout.gr,https://www.groundabout.gr,https://www.groundabout.gr/el/home,ok,yes,maybe,3,,Ερμού 53 & Καπνικαρέας 3,Αθήνα,10563,37.9764010000000,23.7284230000000,,,vrisko.gr (weekly),,,https://www.vrisko.gr/details/ajah3e6071_j2jd_akc0447g4jbac44e,athina
GOLDEN PANORAMA ESTATE (Λαγουδάκου Στέλλα Μ.),independent,golden-panorama.estate,https://www.golden-panorama.estate,https://www.golden-panorama.estate,ok,yes,yes,737,,Μουστοξύδη 13,Αθήνα,11473,37.9917293683693,23.7405984999999,,,vrisko.gr (weekly),,,https://www.vrisko.gr/details/7c7f760f3626bibc_12e5e0cdc4_32d0,athina
GRAND ESTATE (Χανιώτης Ιωάννης),independent,grandestate.gr,https://grandestate.gr,https://grandestate.gr,ok,yes,yes,2114,,Δράκου 6,Αθήνα - Κουκάκι,11742,37.9651274000000,23.7264227070500,,,vrisko.gr (weekly),,,https://www.vrisko.gr/details/c60a4_2c0_111id21k1k345e2idf322_,athina
PREMIA ΑEΕΑΠ,independent,premia.gr,https://premia.gr,https://premia.properties/,ok,yes,yes,5,wordpress,Λεωφόρος Βασιλίσσης Σοφίας 59,Αθήνα,11521,37.9770182000000,23.7498345492281,,,vrisko.gr (weekly),,,https://www.vrisko.gr/details/_fb_5g274hc_06c33e0i5k5112_d16b0,athina
REMAX CENTRAL,independent,remax-central.gr,https://www.remax-central.gr,https://www.remax-central.gr/el/home,ok,yes,yes,16,,Θεοφάνους 12,Αθήνα - Αμπελόκηποι,11523,37.9875412828859,23.7610471424843,,,vrisko.gr (weekly),,,https://www.vrisko.gr/details/0a7c01003j1a4b46_kbh04dd056a2_c3,athina
ΠΡΟΤΑΣΗ REAL ESTATE (Αναγνώστου Αικατερίνη Γ.),independent,rep.gr,https://www.rep.gr,https://www.rep.gr,ok,no,yes,26,,Κυψέλης 23 & Ύδρας,Αθήνα - Κυψέλη,11257,37.9969590000000,23.7362330000000,,,vrisko.gr (weekly),,,https://www.vrisko.gr/details/1ebj3g_i4fc6_63h73b23a_d147j40c3,athina
ΟΙΚΙΣΤΙΚΗ (Δόξας Χρήστος),independent,mesitiko-oikistiki.gr,https://www.mesitiko-oikistiki.gr,https://www.mesitiko-oikistiki.gr,bot_check_imperva,,,,,Κυψέλης 98,Αθήνα - Κυψέλη,11363,38.0020439000000,23.7417086981238,,,vrisko.gr (weekly),,,https://www.vrisko.gr/details/0570ci4c33cc0f5i_g02bg1d775e4jbk,athina
NICE N EASY PROPERTIES,independent,niceneasyproperties.gr,https://niceneasyproperties.gr,,error,,,,,Σόλωνος 53 & Σίνα,Αθήνα - Κολωνάκι,10672,37.9808490000000,23.7364170000000,,,vrisko.gr (weekly),,,https://www.vrisko.gr/details/2d_5cb62360dae2h7k7_441g2fahbjc1,athina
E REAL ESTATES ΑΕ,independent,e-realestates.gr,https://e-realestates.gr,https://e-realestates.gr,ok,yes,yes,14,wordpress,Βαλαωρίτου 17,Αθήνα,10671,37.9785210000000,23.7359551000000,,,vrisko.gr (weekly),,,https://www.vrisko.gr/details/6131b47c_i3i6id435074g7a06754gd2,athina
ΚΡΟΙΚΟΣ ΙΚΕ,independent,kroikos.gr,https://kroikos.gr,https://kroikos.gr/el/,ok,yes,yes,6,joomla,Κλεομένους 4,Αθήνα - Κολωνάκι,10675,37.9794268000000,23.7423934951613,,,vrisko.gr (weekly),,,https://www.vrisko.gr/details/ad1ga2d01461351g3d7_a3405faddc__,athina
ΔΑΝΟΣ Π ΚΑΙ ΣΥΝΕΡΓΑΤΕΣ ΑΕ,independent,,,,no_site,,,,,Λεωφόρος Βουλιαγμένης 15,Αθήνα - Μετς,11636,37.9663200820027,23.7330038995450,,,vrisko.gr (weekly),,,https://www.vrisko.gr/details/b_13c6165k36de314f06b0176b4a7k__,athina
ΚΑΤΟΙΚΙΑ - ΠΑΝΑΓΟΠΟΥΛΟΣ Ι ΚΑΙ ΣΙΑ ΟΕ (Χαρμπαλή Μίνα Π.),independent,a-katoikia.gr,https://www.a-katoikia.gr,,error,,,,,Υψηλάντου 31,Αθήνα,10675,37.9766590000000,23.7453232039191,,,vrisko.gr (weekly),,,https://www.vrisko.gr/details/bdab5dcca3cfdf5ib2bh7b7gd2ck_6bb,athina
MULTIPLY PRIVATE PROPERTY MANAGEMENT IKE,independent,,,,no_site,,,,,"Ευριπίδου 30, 3ος Όροφος",Αθήνα,10551,37.9798738000000,23.7275293197410,,,vrisko.gr (weekly),,,https://www.vrisko.gr/details/6c6017a7313203157k5e1377_b0_2650,athina
Γκιόκας Νικόλαος Α.,independent,,,,no_site,,,,,Σταδίου 61,Αθήνα - Ομόνοια,10551,37.9832954904825,23.7287658803082,,,vrisko.gr (weekly),,,https://www.vrisko.gr/details/ad1j6760aiab6k0c_k4j1i2cacdf4_7e,athina
MARC REALTY - MARC ΑΕ (Παππά Μαργαρίτα),independent,marc-sa.gr,https://www.marc-sa.gr,,error,,,,,Λεωφόρος Βασιλίσσης Αμαλίας 42,Αθήνα - Σύνταγμα,10558,37.9708840000000,23.7327053333333,,,vrisko.gr (weekly),,,https://www.vrisko.gr/details/41ce2aaf0271d16d3e6a050d0icda3d5,athina
MAKE A DEAL REAL ESTATE,independent,makeadeal.gr,https://www.makeadeal.gr,https://makeadeal.gr/,ok,yes,yes,31,wordpress;wpresidence,Σανταρόζα 3,Αθήνα,10564,37.9822730000000,23.7302638474681,,,vrisko.gr (weekly),,,https://www.vrisko.gr/details/25a00d42b__7560h5aa1_4_h21d05g46,athina
ΚΑΡΒΑΝ ΚΤΗΜΑΤΙΚΗ ΑΕ,independent,,,,no_site,,,,,Βασιλίσσης Σοφίας 11,Αθήνα - Κολωνάκι,10671,37.9759290000000,23.7387643217054,,,vrisko.gr (weekly),,,https://www.vrisko.gr/details/_2dc720d2d3206770_b54h2a5_4i605f,athina
GOLD INVESTMENT (Μιχώτα - Γρηγοράκη Ουρανία Κ.),independent,goldinvestment.gr,https://www.goldinvestment.gr,,error,,,,,Αγλαοφώντος 4 & Αγίου Στυλιανού,Αθήνα - Γκύζη,11474,37.9950560000000,23.7502980000000,,,vrisko.gr (weekly),,,https://www.vrisko.gr/details/7f4c4g0c66047d5i677j_c3i2_6jba6c,athina
MIR GROUP PROPERTIES ΙΚΕ,independent,mirproperties.gr,https://www.mirproperties.gr,https://www.mirproperties.gr/el/home,ok,yes,yes,8,,"Φιλελλήνων 3, 6ος Όροφος",Αθήνα,10557,,,,,vrisko.gr (weekly),,,https://www.vrisko.gr/details/ah4ab5_30b6j0dcdbhcg2f2ea65g7e2c,athina
SYGRISIS ESTATE (Πέππας Κωνσταντίνος Α.),independent,sygrisis.gr,https://www.sygrisis.gr,https://sygrisis.gr/,ok,yes,yes,34,wordpress,"Πλατεία Βαρνάβα 7, Πλησίον Καλλιμάρμαρου Σταδίου",Αθήνα - Παγκράτι,11635,37.9654661955370,23.7432961831021,,,vrisko.gr (weekly),,,https://www.vrisko.gr/details/0i6424b246263k54642137c50c12bi25,athina
EAST TO WEST INVESTING REAL ESTATE,independent,e2wrealestate.com,https://www.e2wrealestate.com,https://www.e2wrealestate.com/en/home,ok,yes,yes,8,houzez,Λουκιανού 18,Αθήνα - Κολωνάκι,10675,37.9772255858586,23.7438223333333,,,vrisko.gr (weekly),,,https://www.vrisko.gr/details/3f7g_72a3f4c624h0d12bi0_45ba6b_0,athina
NIAVIS REAL ESTATE,independent,niavisestate.com,https://www.niavisestate.com,https://www.niavisestate.com,ok,no,yes,13,,Σανταρόζα 1,Αθήνα,10564,37.9821337000000,23.7300134808015,,,vrisko.gr (weekly),,,https://www.vrisko.gr/details/034c6b0ab2bi5i337hda333a4_c_b5_7,athina
ATHENS CAPITAL - ΑΠΟΣΤΟΛΟΠΟΥΛΟΣ ΒΑΣΙΛΕΙΟΣ KAI ΣΙΑ ΕΕ,independent,athenscapital.gr,https://athenscapital.gr,https://athenscapital.gr,ok,yes,no,0,wordpress,3ης Σεπτεμβρίου 8,Αθήνα - Ομόνοια,10432,37.9852115659203,23.7283186666666,,,vrisko.gr (weekly),,,https://www.vrisko.gr/details/3d0b_55e6k5762_b1kd2_23abf3f0g_k,athina
ΑΘΗΝΑΪΚΗ ΚΤΗΜΑΤΟΜΕΣΙΤΙΚΗ ΙΚΕ,independent,akt.gr,https://www.akt.gr,https://www.akt.gr,ok,yes,no,0,wordpress,Αλκιμάχου 2-4,Αθήνα,11634,37.9741929000000,23.7481030694444,,,vrisko.gr (weekly),,,https://www.vrisko.gr/details/07_d7f3_14_kd2776e5347d05e3j1f6b,athina
ELLIKA REAL ESTATE,independent,ellika.gr,https://www.ellika.gr,,bot_check_cloudflare,,,,,Ηρακλειδών 39,Αθήνα,11851,37.9759260000000,23.7156401137184,,,vrisko.gr (weekly),,,https://www.vrisko.gr/details/3i366ab63a_25eaf4j033e350bcf1f44,athina
MERIDIEN PROPERTIES - ΜΕΡΙΝΤΙΕΝ ΑΣΤΙΚΑ ΑΚΙΝΗΤΑ ΙΚΕ,independent,meridien-properties.com,https://www.meridien-properties.com,,error,,,,,Σταδίου 7,Αθήνα,10562,37.9771704837261,23.7339216666666,,,vrisko.gr (weekly),,,https://www.vrisko.gr/details/d_c312b03c032k770a7f2ebcagaeabda,athina
ΕΥΡΩΕΠΕΝΔΥΤΙΚΗ - ΚΟΛΟΚΟΤΡΩΝΗΣ ΓΕΩΡΓΙΟΣ ΚΑΙ ΣΙΑ ΕΕ,independent,euroependitiki.gr,https://www.euroependitiki.gr,https://www.euroependitiki.gr,ok,yes,yes,12,wordpress,"Ομήρου 38, 3ος Όροφος",Αθήνα - Κολωνάκι,10672,37.9799728571429,23.7368903970315,,,vrisko.gr (weekly),,,https://www.vrisko.gr/details/b5d3_0ca1d01a5_c1k7a712_722f6fb5,athina
MILLENNIUM REAL ESTATE (Χρυσάκης Ιωάννης Σ.),independent,mestate.gr,https://www.mestate.gr,,http_403,,,,,"Φωκίωνος Νέγρη 21, 1ος Όροφος",Αθήνα - Κυψέλη,11257,38.0011047000000,23.7360420895048,,,vrisko.gr (weekly),,,https://www.vrisko.gr/details/b21fd5ch00ab672b2f1_ah3662cgd2_d,athina
Ζαρκάδας Χρήστος Σ.,independent,zarkadasestate.gr,https://www.zarkadasestate.gr,https://www.zarkadasestate.gr,ok,yes,no,0,,Αιγινήτου Διονυσίου 22,Αθήνα - Ιλίσια,11528,37.9774827077414,23.7559719717824,,,vrisko.gr (weekly),,,https://www.vrisko.gr/details/5hccbe5ecg0fb07h51c5541haa6f6j4d,athina
KAISARAS REAL ESTATE (Ρέικιεβιτς Τσεζάρυ Τ.),independent,kaisarasrealestate.gr,https://www.kaisarasrealestate.gr,https://www.kaisarasrealestate.gr,bot_check_imperva,,,,,Ηπείρου 44,Αθήνα - Πλατεία Βικτωρίας,10439,37.9906679774742,23.7265752127462,,,vrisko.gr (weekly),,,https://www.vrisko.gr/details/_d2_051g6653a7061_bhb1d_ci_k3bbi,athina
IKON PROPERTIES,independent,ikonproperties.gr,https://ikonproperties.gr,,http_403,,,,,Βουκουρεστίου 15,Αθήνα,10671,37.9775770000000,23.7360925687442,,,vrisko.gr (weekly),,,https://www.vrisko.gr/details/1e5j5b2b07_ic2cb35622h6gc1610db3,athina
COSMOLAND (Καραπιπέρη Κανέλλα Γ.),independent,cosmoland.gr,https://www.cosmoland.gr,https://www.cosmoland.gr,bot_check_imperva,,,,,Βολανάκη 3 & Λεωφόρος Κηφισίας,Αθήνα - Αμπελόκηποι,11526,37.9940370000000,23.7674360000000,,,vrisko.gr (weekly),,,https://www.vrisko.gr/details/6f7g555i3_16akc51h4gd5d470bed0bj,athina
PROPRIUS ΜΟΝΟΠΡΟΣΩΠΗ ΕΠΕ,independent,,,,no_site,,,,,Σεβαστουπόλεως 154Α,Αθήνα - Αμπελόκηποι,11526,37.9945931415094,23.7691830000000,,,vrisko.gr (weekly),,,https://www.vrisko.gr/details/616j_e6h5cca1i704bah24aj63_k5k50,athina
AGENTORS REALTY,independent,agentors.gr,https://www.agentors.gr,,bot_check_other,,,,,Κυρίλλου Λουκάρεως 43,Αθήνα - Γκύζη,11475,37.9910677190661,23.7524990000000,,,vrisko.gr (weekly),,,https://www.vrisko.gr/details/3jdc7i315h_4c107b27bc_2d5eda5h_c,athina
IMMOBILIS (Παπαθεοφίλου Λύσανδρος Κ.),independent,immobilis.gr,https://www.immobilis.gr,,error,,,,,Σοφοκλέους 5,Αθήνα,10559,37.9806106666666,23.7295738693693,,,vrisko.gr (weekly),,,https://www.vrisko.gr/details/ad434g253k3kbdae1d2a24bca621d441,athina
ANDLEU PARTNERS ΙΚΕ,independent,,,,no_site,,,,,Λεωφόρος Αλεξάνδρας 107,Αθήνα - Αμπελόκηποι,11475,37.9888935000000,23.7493579771241,,,vrisko.gr (weekly),,,https://www.vrisko.gr/details/4i7d6kda6b4g446ede21bj6_bd5225b_,athina
Α ΣΑΜΑΡΟΠΟΥΛΟΥ ΚΑΙ ΣΙΑ ΟΕ,independent,samaropoulou.gr,https://www.samaropoulou.gr,https://www.samaropoulou.gr,bot_check_imperva,,,,,Αλωπεκής 27-29,Αθήνα - Κολωνάκι,10675,37.9775930000000,23.7444008205128,,,vrisko.gr (weekly),,,https://www.vrisko.gr/details/775c0a4b3g0_7i0k_72744bhce5472_h,athina
REAL ESTATE ONE - ONSER ΔΙΑΧΕΙΡΙΣΗ ΑΚΙΝΗΤΩΝ ΕΠΕ,independent,realestateone.gr,https://realestateone.gr,https://realestateone.gr/el/,ok,yes,yes,26,,Ερμού 2,Αθήνα,10563,37.9757930884762,23.7336903513061,,,vrisko.gr (weekly),,,https://www.vrisko.gr/details/12d346dcc4acbjcg60bd6h7h3__b0a1f,athina
REAL ESTATE GREEK ISLANDS (Φραγκίσκος Πέτρος Γ.),independent,realestate-greekislands.com,https://www.realestate-greekislands.com,https://www.realestate-greekislands.com,bot_check_imperva,,,,,Λεωσθένους 10,Αθήνα,11631,37.9564096512335,23.7370457084658,,,vrisko.gr (weekly),,,https://www.vrisko.gr/details/c52g4fad2ecdc25e_65a_30h2_42c2b1,athina
PHOENIX REALTY (Νικολαΐδης Πασχάλης Χ.),independent,phoenixrealtynetwork.com,https://www.phoenixrealtynetwork.com,https://www.phoenixrealtynetwork.com,ok,yes,no,0,,Πατριάρχου Ιωακείμ 21,Αθήνα - Κολωνάκι,10675,37.9779190000000,23.7433777743447,,,vrisko.gr (weekly),,,https://www.vrisko.gr/details/b0cf4a5b553532b72gc7_k4h1a6k4kde,athina
Σιντόρη Βασιλική Β.,independent,,,,no_site,,,,,Στουρνάρα 16,Αθήνα - Εξάρχεια,10683,37.9786542448750,23.7367766214742,,,vrisko.gr (weekly),,,https://www.vrisko.gr/details/7aaadc3j02b03d307ic75g2h376jd4ak,athina
PROPERTY PASS (Κωστάκη Θεώνη Ε.),independent,propertypass.gr,https://www.propertypass.gr,https://www.propertypass.gr,bot_check_imperva,,,,,Βασιλέως Κωνσταντίνου 30,Αθήνα,11635,37.9718011000000,23.7430490023391,,,vrisko.gr (weekly),,,https://www.vrisko.gr/details/231ech161277cbb11icia41e073j302c,athina
STRATTON REAL ESTATE AND DEVELOPMENT,independent,stratton.gr,https://www.stratton.gr,https://www.stratton.gr,ok,yes,yes,38,,Λεωφόρος Βασιλίσσης Αμαλίας 34,Αθήνα,10558,37.9717460994169,23.7334315999999,,,vrisko.gr (weekly),,,https://www.vrisko.gr/details/ai0g0g70aca64762c4d_4bd0b5c1745i,athina
GREKODOM DEVELOPMENT ΑΕ,independent,grekodom.com,https://grekodom.com,https://www.grekodom.com/,ok,yes,yes,405,,Νίκης 43,Αθήνα - Σύνταγμα,10557,37.9727629000000,23.7331576660377,,,vrisko.gr (weekly),,,https://www.vrisko.gr/details/1daf462a__1g2k6c_e451h2760d566c6,athina
FORTUNE REALTY ΜΟΝΟΠΡΟΣΩΠΗ ΙΚΕ,independent,fortunerealty.gr,https://www.fortunerealty.gr,https://fortunerealty.gr/,ok,yes,yes,18,wordpress,Πινδάρου 12,Αθήνα - Κολωνάκι,10671,37.9779779000000,23.7386257626556,,,vrisko.gr (weekly),,,https://www.vrisko.gr/details/_cc7ad542j7d116dbb000404746a437a,athina
FUTURESTATE (Φακουκάκη Καλλιόπη Γ.),independent,futurestate.gr,https://www.futurestate.gr,https://www.futurestate.gr,bot_check_imperva,,,,,Καρνεάδου 28,Αθήνα - Κολωνάκι,10675,37.9771115714286,23.7451144956910,,,vrisko.gr (weekly),,,https://www.vrisko.gr/details/54aj1kb63fdfc5bkae2a62d7c22bac54,athina
K ATHENS PROPERTIES (Κατραμάδος Κωνσταντίνος Ε.),independent,k-athensproperties.gr,https://k-athensproperties.gr,https://k-athensproperties.gr,bot_check_imperva,,,,,Πρόκλου 15,Αθήνα,11635,37.9670339631123,23.7437434000000,,,vrisko.gr (weekly),,,https://www.vrisko.gr/details/5g55a7akdc0j3e6e1_1iaec06h7e004b,athina
ARMAO LUXURY PROPERTIES ΕΠΕ,independent,armaoluxuryproperties.com,https://armaoluxuryproperties.com,https://armaoluxuryproperties.com,ok,yes,yes,8,wordpress,Πατριάρχου Ιωακείμ 54,Αθήνα - Κολωνάκι,10676,37.9783450000000,23.7455704644269,,,vrisko.gr (weekly),,,https://www.vrisko.gr/details/2hdb41bk443ga5cfaf_77fa6145276ac,athina
OLYMPIA PROPERTIES ΙΚΕ,independent,olympia-properties.com,https://www.olympia-properties.com,https://www.olympia-properties.com/en-US/,ok,yes,no,0,,Πινδάρου 32,Αθήνα,10673,37.9784741000000,23.7395935554621,,,vrisko.gr (weekly),,,https://www.vrisko.gr/details/b50b2ec4b1_73g4fbi3f77cdda755d2j,athina
METROLAND CENTER IKE,independent,metroland.gr,https://www.metroland.gr,,error,,,,,Πεσμαζόγλου 8,Αθήνα,10559,37.9808443000000,23.7308025256410,,,vrisko.gr (weekly),,,https://www.vrisko.gr/details/4ga7605k1f2ic_5da2153ec031_0bid6,athina
EVEREST REAL ESTATE (Γεωργίου Γεώργιος Β.),independent,,,,no_site,,,,,Στρατηγού Καλλάρη 32,Αθήνα - Κάτω Πατήσια,11145,38.0129400409756,23.7240229028067,,,vrisko.gr (weekly),,,https://www.vrisko.gr/details/7f73527ba6737c762fbg7a1c3gbj64bc,athina
Δικαίου Κλεάνθη Αλεξάνδρα Δ.,independent,dikaiou.gr,https://www.dikaiou.gr,https://www.dikaiou.gr,bot_check_imperva,,,,,Ευφρονίου 8Α,Αθήνα - Παγκράτι,11634,37.9728570000000,23.7485232712418,,,vrisko.gr (weekly),,,https://www.vrisko.gr/details/16cd5h32__dd_37ca1bi63b44__e460_,athina
MAGNET REAL ESTATE (Ανδρεαδάκης Παναγιώτης Κ.),independent,magnetrealestate.gr,https://www.magnetrealestate.gr,,bot_check_other,,,,,"Λεωφόρος Συγγρού Ανδρέα 19, 4ος 'Οροφος",Αθήνα,11743,37.9672346000000,23.7303775896882,,,vrisko.gr (weekly),,,https://www.vrisko.gr/details/114bbb7k447jajb16d6f0e7_40b_1a04,athina
Κουρτέσης Μάριος Κ.,independent,kourtesisrealestate.gr,https://www.kourtesisrealestate.gr,https://www.kourtesisrealestate.gr,bot_check_imperva,,,,,Λεάνδρου 18,Αθήνα - Κολωνός,10443,37.9979949375744,23.7115003418238,,,vrisko.gr (weekly),,,https://www.vrisko.gr/details/552k_43d454751b5d43bakaa6kb25e21,athina
LEON DORADO IKE,independent,leondoradoinvestments.com,https://www.leondoradoinvestments.com,,error,,,,,Ξενοφώντος 9,Αθήνα - Σύνταγμα,10557,,,,,vrisko.gr (weekly),,,https://www.vrisko.gr/details/cf35af00_ed4a2db3e3hdb1b1072367h,athina
JP AND PARTNERS LTD,independent,gojppartners.com,https://gojppartners.com,https://www.gojppartners.com/,ok,yes,no,0,,Τριγγέτα 2,Αθήνα,11745,37.9569503000000,23.7173857090788,,,vrisko.gr (weekly),,,https://www.vrisko.gr/details/b46a2ja4_f141e_bb5daa6701__3_3b3,athina
FUTURE VALUE REAL ESTATE,independent,wwwfv.gr,https://wwwfv.gr,,error,,,,,Μπενάκη Εμμανουήλ 5,Αθήνα,10564,37.9832511000000,23.7303317558096,,,vrisko.gr (weekly),,,https://www.vrisko.gr/details/67bdc46511115jd3c343_a53065d06cb,athina
INFINITY SERVICES ΑΝΑΠΤΥΞΗ ΑΚΙΝΗΤΩΝ ΕΠΕ,independent,infinityproperty.gr,https://www.infinityproperty.gr,https://www.infinityproperty.gr,ok,yes,yes,17,wordpress,Δεινοκράτους 83,Αθήνα - Κολωνάκι,11521,37.9811151428571,23.7497642774327,,,vrisko.gr (weekly),,,https://www.vrisko.gr/details/3i6aa40i_b02_b214_6k_5122a_70eca,athina
Αερικός Χαρίλαος Γ.,independent,aerikos.gr,https://aerikos.gr,https://aerikos.gr,bot_check_imperva,,,,,Αργολίδος 35,Αθήνα - Αμπελόκηποι,11523,37.9907148320838,23.7607567461460,,,vrisko.gr (weekly),,,https://www.vrisko.gr/details/525h1c1c203_1g24aacc0c36b_d_27ae,athina
DELTA THESIS REAL ESTATE - ΔΙΑΜΑΝΤΗΣ Γ ΜΑΝΩΛΗΣ ΚΑΙ ΣΙΑ ΕΕ,independent,deltathesis.gr,https://www.deltathesis.gr,https://deltathesis.gr/,ok,yes,no,0,wordpress,"Αμερικής 10, 6ος Όροφος",Αθήνα,10671,37.9783225000000,23.7354270357815,,,vrisko.gr (weekly),,,https://www.vrisko.gr/details/a3__ba7e01d4be3a150j7ca3bf_b0d7k,athina
CENTURY 21 RED,independent,century21red.gr,https://century21red.gr,https://century21red.gr,ok,yes,no,0,,Σέκερη 5 & Κανάρη,Αθήνα - Κολωνάκι,10671,37.9771110000000,23.7393970000000,,,vrisko.gr (weekly),,,https://www.vrisko.gr/details/4da_ae5b0e1000d_0cba6ba7b70403ca,athina
ΑΛΦΑ ΑΣΤΙΚΑ ΑΚΙΝΗΤΑ ΑΕ,independent,,,,no_site,,,,,Βενιζέλου Ελευθερίου 43,Αθήνα,10564,37.9811308683646,23.7321856000000,,,vrisko.gr (weekly),,,https://www.vrisko.gr/details/c1d3_4b07a_eb26i7i2g2k3_176a0d5i,athina
CKBSM EE,independent,ckbsm.gr,https://www.ckbsm.gr,https://ckbsm.gr/,ok,yes,no,0,wordpress,Βεΐκου 102-104,Αθήνα - Κουκάκι,11741,37.9626636666666,23.7199202298091,,,vrisko.gr (weekly),,,https://www.vrisko.gr/details/5i1_7a253k7fb_6c1c105dda220d5h1f,athina
Αλεξανδράκης Γεώργιος Ι.,independent,mesites.com.gr,https://mesites.com.gr,https://mesites.com.gr,ok,yes,yes,40,,Αγίου Αντωνίου 7,Αθήνα,11142,38.0242127500000,23.7382065123762,,,vrisko.gr (weekly),,,https://www.vrisko.gr/details/5e0d2061b20f74ca3jd32_0a14170d_b,athina
MARTINOS REAL ESTATE AND DEVELOPMENT - MARTINOS REAL ESTATE ΙΚΕ,independent,martinosrealestate.gr,https://www.martinosrealestate.gr,https://www.martinosrealestate.gr,ok,no,yes,19,,Μιχαλακοπούλου 195,Αθήνα,11527,37.9869555000000,23.7662253333333,,,vrisko.gr (weekly),,,https://www.vrisko.gr/details/afabah673e7k43cf5f40a_bk6441ba7k,athina
Λιάπης Ιωάννης Θ.,independent,,,,no_site,,,,,Καρύστου 20,Αθήνα - Αμπελόκηποι,11524,37.9933690120491,23.7617190119647,,,vrisko.gr (weekly),,,https://www.vrisko.gr/details/bi2_4gce1ja062_i142_d_24_i_67_d4,athina
G AND T REAL ESTATE (Πάρρης Γεώργιος Β.),independent,gt-realestate.gr,https://www.gt-realestate.gr,,error,,,,,Χαλκοκονδύλη 9,Αθήνα,10677,37.9858486666666,23.7301244976111,,,vrisko.gr (weekly),,,https://www.vrisko.gr/details/c40134d65k2g7152ah3h661b1__k41c6,athina
Ναστούλης Ευάγγελος Γ.,independent,,,,no_site,,,,,Αριστοτέλους 38,Αθήνα,10433,37.9894846974044,23.7281172628098,,,vrisko.gr (weekly),,,https://www.vrisko.gr/details/d04700ba7_6c1h3030c_b51eb0233g6d,athina
CITYREALTY ΕΠΕ,independent,cityrealty.gr,https://www.cityrealty.gr,,error,,,,,Ηροδότου 25,Αθήνα,10674,37.9775614592058,23.7422251000000,,,vrisko.gr (weekly),,,https://www.vrisko.gr/details/cd02704fcb6j1k44d6765h_a_4351g7c,athina
QRA,independent,,,,no_site,,,,,Σούτσου Δ. 10,Αθήνα,11521,37.9836351565737,23.7566323000000,,,vrisko.gr (weekly),,,https://www.vrisko.gr/details/00d42__4273k726j2cai46bh147e6acj,athina
REAL ESTATE ΓΑΛΑΚΟΥΤΗΣ (Γαλακούτης Γεώργιος Δ.),independent,realestategalakoutis.gr,https://www.realestategalakoutis.gr,https://www.realestategalakoutis.gr,ok,no,yes,22,,Βενιζέλου Ελευθερίου 56,Αθήνα,10678,37.9833599529915,23.7304695000000,,,vrisko.gr (weekly),,,https://www.vrisko.gr/details/6_ddda664f_3162j7d1ac66ech_32072,athina
ΣΤΡΑΤΟΠΟΥΛΟΣ ΚΩΝΣΤΑΝΤΙΝΟΣ ΚΑΙ ΣΙΑ ΕΕ,independent,,,,no_site,,,,,Ιέρωνος 1-3,Αθήνα,11634,37.9688365999999,23.7505687957666,,,vrisko.gr (weekly),,,https://www.vrisko.gr/details/bj5c664k2j_j0fd7113a360d27_i1d_4,athina
TS REAL ESTATE SERVICES (Τσανής Ευάγγελος Π.),independent,tsrealestate.gr,https://tsrealestate.gr,https://tsrealestate.gr/el,ok,yes,yes,11,,Φαλήρου 75,Αθήνα - Κουκάκι,11741,37.9638060000000,23.7252526875000,,,vrisko.gr (weekly),,,https://www.vrisko.gr/details/4_50bh3h710ec3c5chaiagb1d4aa3762,athina
ALPHA ΑΣΤΙΚΑ ΑΚΙΝΗΤΑ ΑΕ,independent,astikaakinita.gr,https://www.astikaakinita.gr,https://www.alpharealestateservices.gr/,ok,yes,maybe,1,,Σταδίου 24,Αθήνα,10564,37.9789743240020,23.7325790000000,,,vrisko.gr (weekly),,,https://www.vrisko.gr/details/00d52i66_j25372ddf4i6i2_0ecda044,athina
BFC REAL ESTATE (Μπεσόπουλος Θωμάς Κ.),independent,,,,no_site,,,,,Κονδύλη 11,Γλυφάδα,16675,37.8648318921294,23.7482496770206,,,vrisko.gr (weekly),,,https://www.vrisko.gr/details/bd2d677545_1d_abb34376602c_ia245,glyfada
Γερογιάννης Μάριος Κ.,independent,hlre.gr,https://www.hlre.gr,,error,,,,,Εθνικής Αντιστάσεως 18,Γλυφάδα,16675,37.8753567387224,23.7355410222568,,,vrisko.gr (weekly),,,https://www.vrisko.gr/details/c17ecja_6g0i2f3g_g_f7iag5k2eag7c,glyfada
NOVA TERRA REAL ESTATE AGENCY (Λισγάρη Ανθή Μ.),independent,novaterra.gr,https://www.novaterra.gr,,http_404,,,,,Λεωφόρος Δημάρχου Μεταξά Αγγέλου 33,Γλυφάδα,16674,37.8612800884054,23.7535896233212,,,vrisko.gr (weekly),,,https://www.vrisko.gr/details/1kd41c_5_b05a41k477bce453k_e_j06,glyfada
Καράχου Μαρία,independent,,,,no_site,,,,,Τατάκη 50,Γλυφάδα,16675,37.8654510000000,23.7542168181818,,,vrisko.gr (weekly),,,https://www.vrisko.gr/details/3ddaah7gagbi5eaea5cc76005j7h4c7b,glyfada
KALOUDIS REALTY (Καλούδης Ελευθέριος Π.),independent,kaloudisrealty.com,https://www.kaloudisrealty.com,https://kaloudisrealty.com/,ok,yes,maybe,1,wordpress,Λαγκαδίων 3,Γλυφάδα,16674,37.8602094999999,23.7701778169014,,,vrisko.gr (weekly),,,https://www.vrisko.gr/details/1jc45k5237_d7i21b2bgb21ada41102g,glyfada
BUILD UP ΑΕ (Παπαχρήστου Δημήτριος Χ.),independent,,,,no_site,,,,,Κονδύλη 3,Γλυφάδα,16675,37.8642315000000,23.7476230445545,,,vrisko.gr (weekly),,,https://www.vrisko.gr/details/3ibcd0_1cj_h2abkbiacc7421bc20h_k,glyfada
AMBASSADOR REAL ESTATE,independent,ambassador.estate,https://www.ambassador.estate,https://www.ambassador.estate,ok,no,yes,32,,Γούναρη Δημητρίου 78,Γλυφάδα,16561,37.8853802456647,23.7619862000000,,,vrisko.gr (weekly),,,https://www.vrisko.gr/details/_a7d160k5ba254c3_51a4edbd66c3224,glyfada
ZEAL AND ZEST IKE,independent,,,,no_site,,,,,Λαοδίκης 3,Γλυφάδα,16674,37.8658712693079,23.7571910000000,,,vrisko.gr (weekly),,,https://www.vrisko.gr/details/_b1c4j_16i064ec36734_4c71563157f,glyfada
PRESTIGIA REALTY,independent,prestigiarealty.com,https://www.prestigiarealty.com,https://www.prestigiarealty.com,ok,yes,yes,13,wordpress;houzez,Λεωφόρος Δημάρχου Μεταξά Αγγέλου 27-29,Γλυφάδα,16674,37.8619016002580,23.7529641023401,,,vrisko.gr (weekly),,,https://www.vrisko.gr/details/0g4_1b_31bdd16002c_gb5b0c14_ab3i,glyfada
DOMUS CAPITAL,independent,domuscapital.gr,https://www.domuscapital.gr,https://www.domuscapital.gr,ok,no,yes,21,,Γούναρη Δ. 112,Γλυφάδα,16561,37.8803962111969,23.7634598000000,,,vrisko.gr (weekly),,,https://www.vrisko.gr/details/d60b4d_b51bfbf_i4g6i5f1212ab4540,glyfada
ΓΑΙΑ (Ματαλιωτάκη Ελένη Κ.),independent,mesitikogaia.gr,https://mesitikogaia.gr,https://mesitikogaia.gr,bot_check_imperva,,,,,Λαμπράκη Γρηγορίου 10,Γλυφάδα,16674,37.8615399113115,23.7519170000000,,,vrisko.gr (weekly),,,https://www.vrisko.gr/details/0d0k_50gcj_e2d36a_6fca763_1g3k_b,glyfada
ASKMEFOR,independent,,,,no_site,,,,,Λεωφόρος Δημάρχου Μεταξά Αγγέλου 27-29,Γλυφάδα,16674,37.8619016002580,23.7529641023401,,,vrisko.gr (weekly),,,https://www.vrisko.gr/details/a2d5327fc706bjci0haj43a_76_g_05f,glyfada
ΠΑΛΛΑ (Ντραγκούτας Παναγιώτης Θ.),independent,,,,no_site,,,,,Παναγούλη Αλεξάνδρου 52,Γλυφάδα,16675,37.8670009430036,23.7448330196391,,,vrisko.gr (weekly),,,https://www.vrisko.gr/details/5a57373ed54c412b66b75_ba6520_516,glyfada
ΑΝΔΡΙΤΣΟΓΙΑΝΝΗΣ ΣΩΚΡΑΤΗΣ KAI ΣΥΝΕΡΓΑΤΕΣ (Ανδριτσογιάννης Σωκράτης Γ.),independent,,,,no_site,,,,,Διαδόχου Παύλου 47,Γλυφάδα,16675,37.8612684000000,23.7477006684210,,,vrisko.gr (weekly),,,https://www.vrisko.gr/details/beb36icf_3031h2_6j_d6h5g1d_03a45,glyfada
ATHENEAN AGENCY MΟΝΟΠΡΟΣΩΠΗ IKE,independent,atheneanagency.com,https://www.atheneanagency.com,https://www.atheneanagency.com,bot_check_imperva,,,,,Παναγούλη Αλέκου 17,Γλυφάδα,16675,37.8670787207815,23.7449330196391,,,vrisko.gr (weekly),,,https://www.vrisko.gr/details/0c1k2f5i621h6acj130e46bfd7bd756d,glyfada
Κτενάς Γεώργιος Γ.,independent,,,,no_site,,,,,Νέα Λεωφόρος Βουλιαγμένης 40,Γλυφάδα,16675,37.8814196031746,23.7531270000000,,,vrisko.gr (weekly),,,https://www.vrisko.gr/details/7b4b7j1ddba410d3ab176_cc7fb61f_d,glyfada
GOLFSIDE RESIDENCE,independent,,,,no_site,,,,,Καραμανλή Κωνσταντίνου 1,Γλυφάδα,16675,37.8726695000000,23.7374574136691,,,vrisko.gr (weekly),,,https://www.vrisko.gr/details/6fbc3cc512ag315e1gc37i455524ce03,glyfada
Γεωργακόπουλος Αντώνιος Ι.,independent,georgakopoulos-a.gr,https://georgakopoulos-a.gr,,error,,,,,Ζέππου 10,Γλυφάδα,16675,37.8709738120708,23.7528528308937,,,vrisko.gr (weekly),,,https://www.vrisko.gr/details/_g1k27030034_6_7651102ca_42_4j5c,glyfada
ΑΦΟΙ ΜΟΣΧΟΥ ΚΑΙ Α ΣΠΕΤΣΕΡΗ ΕΕ,independent,,,,no_site,,,,,Αιγύπτου 88,Γλυφάδα,16562,37.8960172084732,23.7690748061482,,,vrisko.gr (weekly),,,https://www.vrisko.gr/details/5e_2d55jchbgc0b_725b_e2d6j0d4ba4,glyfada
ΣΑΚΑΛΙΔΟΥ REAL ESTATE AND ARCHITECTURE (Σακαλίδου Σοφία Ι.),independent,sakalidou.gr,https://www.sakalidou.gr,https://www.sakalidou.gr/en/home,ok,yes,yes,8,,"Λεωφόρος Δημάρχου Μεταξά Αγγέλου 11, 3ος Όροφος",Γλυφάδα,16675,37.8634294935176,23.7496890255399,,,vrisko.gr (weekly),,,https://www.vrisko.gr/details/60ab543j5i2iac36_ecd770f0c44aab_,glyfada
XENIA REAL ESTATE (Ζακυνθινού Χριστίνα Ν.),independent,,,,no_site,,,,,Λασιθίου 63,Γλυφάδα,16674,37.8720365438990,23.7682442758888,,,vrisko.gr (weekly),,,https://www.vrisko.gr/details/_f715a35dc_h_7_21_1j2hdc752abk5b,glyfada
NOBLE VILLAS (Παπαζώτου Άννα Π.),independent,noblevillas.gr,https://www.noblevillas.gr,https://www.noblevillas.gr,ok,yes,yes,25,wordpress;wpresidence,Νέα Λεωφόρος Βουλιαγμένης 48,Γλυφάδα,16675,37.8801980517241,23.7537731999999,,,vrisko.gr (weekly),,,https://www.vrisko.gr/details/10b6543d134_2d1037c65ac70dch43aj,glyfada
BENEFIT AND QUALITY - B AND Q (Θωμάκος Παναγιώτης Κ.),independent,,,,no_site,,,,,Παπανδρέου Ανδρέα 49,Γλυφάδα,16561,37.8682694244685,23.7530997662189,,,vrisko.gr (weekly),,,https://www.vrisko.gr/details/6aaha34ab2ck567c54c6ckd656c3_22b,glyfada
ΜΑΡΙΑ ΚΑΡΑΧΟΥ ΑΕ - ΚΤΗΜΑΤΟΜΕΣΙΤΙΚΗ ΚΑΙ ΕΜΠΟΡΙΚΗ ΑΕ,independent,,,,no_site,,,,,Τατάκη 50,Γλυφάδα,16675,37.8654510000000,23.7542168181818,,,vrisko.gr (weekly),,,https://www.vrisko.gr/details/0k175eb4d0bf2fcb70c3aj705j0c6gd6,glyfada
LOOK 2 BOOK (Σιδέρη Ευτυχία Μ.),independent,look2book.gr,https://www.look2book.gr,https://www.look2book.gr,ok,yes,yes,6,,Παπανδρέου Ανδρέα 22,Γλυφάδα,16561,37.8643771000000,23.7502217795698,,,vrisko.gr (weekly),,,https://www.vrisko.gr/details/b_aiae6h0h0_02b1040b52b6_g244h_0,glyfada
OFFICE PLUS BUSINESS CENTER - ΤΑΧΥΔΡΟΜΙΚΕΣ ΚΑΙ ΓΡΑΜΜΑΤΕΙΑΚΕΣ ΥΠΗΡΕΣΙΕΣ ΜΟΝΟΠΡΟΣΩΠΗ ΙΚΕ,independent,office-plus.gr,https://www.office-plus.gr,https://www.office-plus.gr,ok,yes,maybe,0,wordpress,Γούναρη Δημητρίου 78,Γλυφάδα - Άνω Γλυφάδα,16561,37.8853802456647,23.7619862000000,,,vrisko.gr (weekly),,,https://www.vrisko.gr/details/d1d5_iagak4k5_70bhd5b2ch75066k07,glyfada
GRAMM REALTY VIP (Γραμματικάκης Ηλίας Λ.),independent,grammrealty.gr,https://www.grammrealty.gr,,error,,,,,Λαμπράκη Γρηγορίου 18,Γλυφάδα,16674,37.8690434045178,23.7560053710092,,,vrisko.gr (weekly),,,https://www.vrisko.gr/details/35c7_ca3cg76d0debh67dbcj37471522,glyfada
MEGA TRUST ΕΠΕ,independent,,,,no_site,,,,,Νέα Λεωφόρος Βουλιαγμένης 124,Γλυφάδα,16674,,,,,vrisko.gr (weekly),,,https://www.vrisko.gr/details/b0b74fb63g_3712d270h7_643b_cb52i,glyfada
Λουραντάκης Δημήτριος Δ.,independent,,,,no_site,,,,,Γούναρη Δ. 218,Γλυφάδα,16674,37.8666619929293,23.7676437000000,,,vrisko.gr (weekly),,,https://www.vrisko.gr/details/ck5bahb11h5f32d01g3gb65k3336314h,glyfada
NEW SOLUTION REAL ESTATE,independent,newsolution.gr,https://www.newsolution.gr,https://www.newsolution.gr,bot_check_imperva,,,,,Λεωφόρος Ποσειδώνος 81,Γλυφάδα,16675,37.8615465000000,23.7491946308917,,,vrisko.gr (weekly),,,https://www.vrisko.gr/details/55b1b1d44g2a0b7dda5jbc_57g532ha6,glyfada
IMMOBILIUM REAL ESTATE (Περνίς Χριστίνα Μ.),independent,immobilium.com.gr,https://www.immobilium.com.gr,https://www.immobilium.com.gr,ok,yes,no,0,,"Λεωφόρος Δημάρχου Μεταξά Αγγέλου 39, Εντός Εμπορικού Κέντρου Plaza",Γλυφάδα,16674,37.8598181399687,23.7545281675664,,,vrisko.gr (weekly),,,https://www.vrisko.gr/details/2kc2175f5e05_2b64dbc1_7eb3bfag0i,glyfada
THELO SPITI (Σορώτου Μαρκούλα Γ.),independent,thelospitirealestate.gr,https://www.thelospitirealestate.gr,https://www.thelospitirealestate.gr/el/home,ok,yes,yes,15,,Λεωφόρος Δημάρχου Μεταξά Άγγελου 20,Γλυφάδα,16674,37.8620257544673,23.7524100377603,,,vrisko.gr (weekly),,,https://www.vrisko.gr/details/1a07_e100hd01caj0hc57j754b64cj_7,glyfada
Χαρτουλάρη Αικατερίνη Λ.,independent,chartoulari.gr,https://www.chartoulari.gr,https://www.chartoulari.gr/el/home,ok,yes,yes,9,,Ζησιμοπούλου 3,Γλυφάδα,16674,37.8603020000000,23.7519116115075,,,vrisko.gr (weekly),,,https://www.vrisko.gr/details/167cbc5g0i6i5jcfccdfc0432b626g6i,glyfada
INTERATTICA REAL ESTATE,independent,interattica.com,https://www.interattica.com,https://www.interattica.com/el/home,ok,yes,yes,10,,Ζηρίνη 23,Κηφισιά,14562,38.0699285000000,23.8114933585434,,,vrisko.gr (weekly),,,https://www.vrisko.gr/details/ai72_72h722c26__5k_6aa_f35_k22ah,kifisia
Σπανουδάκης Ιάκωβος Κ.,independent,spanoudakis.gr,https://www.spanoudakis.gr,,error,,,,,"Λεωφόρος Κηφισίας 324, 1ος Όροφος",Κηφισιά,14563,38.0858180120977,23.8164976666959,,,vrisko.gr (weekly),,,https://www.vrisko.gr/details/_3a_056ic31hbg6f_a_b133h31_cb_1e,kifisia
ΕΥΡΩΚΤΙΡΙΟΚΤΗΜΑΤΙΚΗ ΑΕ,independent,,,,no_site,,,,,Σικελιανού Άγγελου 61,Κηφισιά,14564,38.0894098000000,23.7900710328344,,,vrisko.gr (weekly),,,https://www.vrisko.gr/details/ae2a17_5_gdd26_c21d_d56ccc5e7c41,kifisia
ΔΕΣΜΟΣ (Μαραγκός Δημήτριος Α.),independent,desmosestate.gr,https://www.desmosestate.gr,https://www.desmosestate.gr,ok,yes,yes,429,,Λεωφόρος Κηφισίας 263,Κηφισιά,14561,38.0700370835984,23.8109987677946,,,vrisko.gr (weekly),,,https://www.vrisko.gr/details/a65h_b4046_h5k4_7g47_h23db2b1a1i,kifisia
CASA VIVA,independent,,,,no_site,,,,,Θεσσαλονίκης,Κηφισιά,14561,38.0976520000000,23.7991350000000,,,vrisko.gr (weekly),,,https://www.vrisko.gr/details/67bjaj1c1_b15f3e77376ha0_h764f0h,kifisia
MAKBEN REAL ESTATE - ΜΑΚΜΠΕΝ ΑΝΩΝΥΜΗ ΕΜΠΟΡΙΚΗ ΟΙΚΟΔΟΜΙΚΗ ΚΑΙ ΤΕΧΝΙΚΗ ΕΤΑΙΡΙΑ,independent,makben.gr,https://www.makben.gr,,error,,,,,Λεβίδου 16,Κηφισιά,14562,38.0735157711651,23.8145829095814,,,vrisko.gr (weekly),,,https://www.vrisko.gr/details/ae045h407ab4bi50c5a5db0j5fcc3355,kifisia
PL PROPERTY SA,independent,,,,no_site,,,,,Εσπέρου 96,Κηφισιά,14564,38.0902690431747,23.8058411397104,,,vrisko.gr (weekly),,,https://www.vrisko.gr/details/b2dfde6d21d14c7aah6hd7450f_a4eai,kifisia
Παπαδάκη Μαρίζα Γ.,independent,mprealestate.gr,https://www.mprealestate.gr,https://www.mprealestate.gr,bot_check_imperva,,,,,Ιλισίων 31,Κηφισιά,14564,38.0915664832956,23.7930776366127,,,vrisko.gr (weekly),,,https://www.vrisko.gr/details/bfcj1cbk75_k6fca357g336hdccb6c47,kifisia
Σπυρόπουλος Κωνσταντίνος,independent,,,,no_site,,,,,Καρπάθου 49,Κηφισιά,14562,38.0660144344904,23.8174173764252,,,vrisko.gr (weekly),,,https://www.vrisko.gr/details/2e05ag1ic25d_jc47e30ddc_aa0fb10i,kifisia
VASILOPOULOS ESTATES (Βασιλόπουλος Γεώργιος Δ.),independent,vasilopoulosestates.gr,https://www.vasilopoulosestates.gr,https://vasilopoulosestates.gr/,ok,yes,yes,59,wordpress,Κολοκοτρώνη 8,Κηφισιά - Κεφαλάρι,14562,38.0726805820166,23.8149727253468,,,vrisko.gr (weekly),,,https://www.vrisko.gr/details/7ba54b7bdfa63gca_f_70ddf2b356g4e,kifisia
REMAX ROYAL SELECTION - Χ Ε ΓΙΑΤΡΑ ΜΟΝΟΠΡΟΣΩΠΗ ΙΚΕ,independent,remax-royalselection.com,https://www.remax-royalselection.com,,error,,,,,Λεωφόρος Κηφισίας 254 & Όθωνος,Κηφισιά,14562,38.0749080000000,23.8122630000000,,,vrisko.gr (weekly),,,https://www.vrisko.gr/details/07dd7d730j77b35_3i2gd13i255abj0d,kifisia
GIAKOUMIS REAL ESTATE (Γιακουμής Αντώνιος Σ.),independent,,,,no_site,,,,,Ελαιών 34,Κηφισιά - Νέα Κηφισιά,14564,38.0911547334757,23.7970040757647,,,vrisko.gr (weekly),,,https://www.vrisko.gr/details/616cbj1dd12526_23e35b44d75ah_e66,kifisia
MELLON PROPERTIES,independent,mellonproperties.gr,https://www.mellonproperties.gr,https://www.mellonproperties.gr,ok,no,yes,29,,Αμαλιάδος 9,Κηφισιά,14564,38.1014656891892,23.8057047000000,,,vrisko.gr (weekly),,,https://www.vrisko.gr/details/2dd10dd1525f264630236c21cg1b_354,kifisia
Θεοδωρόπουλος Νικόλαος,independent,,,,no_site,,,,,Λεβίδου 58,Κηφισιά,14563,38.0846857867298,23.8219285000000,,,vrisko.gr (weekly),,,https://www.vrisko.gr/details/16d6_g73b6407c4h5747662ddf_431cb,kifisia
HOUSE PLUS (Μαλιαρός Τριαντάφυλλος Α.),independent,,,,no_site,,,,,Λεωφόρος Κηφισίας 228,Κηφισιά,14562,38.0706120714285,23.8112107142857,,,vrisko.gr (weekly),,,https://www.vrisko.gr/details/b6bc023_7a641f626f7ib5320fbkdbbe,kifisia
KING'S PROPERTIES,independent,kingsproperties.gr,https://www.kingsproperties.gr,https://www.kingsproperties.gr,bot_check_imperva,,,,,Κολοκοτρώνη 1 & Λεβίδου,Κηφισιά,14562,38.0729100000000,23.8140730000000,,,vrisko.gr (weekly),,,https://www.vrisko.gr/details/d76ibcb32ida12_077bk6k1b1i4icf4j,kifisia
ΚΑΝΤΖΑ ΑΕ,independent,,,,no_site,,,,,Ερμού 25,Κηφισιά - Νέα Κηφισιά,14564,38.0845311454091,23.7869880997834,,,vrisko.gr (weekly),,,https://www.vrisko.gr/details/b__5ci1gc625acb7bi3aaf6g5h1e7g5c,kifisia
ROOF YOUR DREAMS (Κατέρης Γεώργιος),independent,roofyourdreams.gr,https://www.roofyourdreams.gr,,error,,,,,Τρικούπη Χαριλάου 96,Κηφισιά,14563,38.0839635049382,23.8188351000000,,,vrisko.gr (weekly),,,https://www.vrisko.gr/details/1e0gd31__j41a5bc7h0f_7ak_76e22b_,kifisia
Τζουμάκας Δημήτριος,independent,,,,no_site,,,,,Λεωφόρος Κηφισίας 236,Κηφισιά,14562,38.0727405330579,23.8120760000000,,,vrisko.gr (weekly),,,https://www.vrisko.gr/details/c4b45c4023d4_d0gb02723b54e75b54h,kifisia
CHRISTEL ΑΚΙΝΗΤΑ ΑΕ,independent,,,,no_site,,,,,Καρύστου 2,Κηφισιά,14561,38.0636634695906,23.8245459013293,,,vrisko.gr (weekly),,,https://www.vrisko.gr/details/2a2k02dfb31ccf6ja77ia0aa_e64717i,kifisia
ΚΤΗΜΑ ΚΑΜΠΑΝΗ ΑΕ,independent,,,,no_site,,,,,Αγίας Βαρβάρας 35,Χαλάνδρι,15231,38.0133361332631,23.7842437076651,,,vrisko.gr (weekly),,,https://www.vrisko.gr/details/c32e5d3h1b121i_54ia3df6ic0_25_55,xalandri
Λεβέντης Ανάργυρος Κ.,independent,,,,no_site,,,,,Αγίου Παντελεήμονος 25,Χαλάνδρι,15234,38.0232239803806,23.8108321508327,,,vrisko.gr (weekly),,,https://www.vrisko.gr/details/cf_h_j_fbk1i067j3fde_e67216g_k66,xalandri
Σιδηροπούλου Ελπίδα Μ.,independent,,,,no_site,,,,,Ηρώων Πολυτεχνείου 112,Χαλάνδρι,15231,38.0099245000000,23.7868929081258,,,vrisko.gr (weekly),,,https://www.vrisko.gr/details/d3d15k7503142jc4_h_7a5b340_g7412,xalandri
Κοτσαμπόπουλος Σταύρος Δ.,independent,,,,no_site,,,,,Χίου 4,Χαλάνδρι,15231,38.0127139502904,23.7889459372090,,,vrisko.gr (weekly),,,https://www.vrisko.gr/details/5f6db0b10a4_ahcf4kd75_77bk45426c,xalandri
POLIS REAL ESTATE (Αμπαριώτης Κωνσταντίνος Γ.),independent,polisestate.gr,https://polisestate.gr,https://www.polisestate.gr/el/home,ok,yes,yes,5,houzez,Γλαύκης 8,Χαλάνδρι,15232,38.0174161984528,23.8034836999999,,,vrisko.gr (weekly); site by domain guess,,,https://www.vrisko.gr/details/55cg35615d3b3h2d_57f6d3dcg705i55,xalandri
ΚΟΛΑΜΠ ΧΑΟΥΖ ΚΟΙΝΣΕΠ,independent,,,,no_site,,,,,Πέλλης 1 & Κηφισού,Χαλάνδρι,15234,38.0302790000000,23.8140200000000,,,vrisko.gr (weekly),,,https://www.vrisko.gr/details/6_a_30bf2f6gah1f3_4a_74e216j7g2e,xalandri
PROSPERTY ΜΟΝΟΠΡΟΣΩΠΗ ΙΚΕ,independent,theprosperty.com,https://theprosperty.com,https://theprosperty.com,ok,yes,yes,15,wordpress,Αγίας Παρασκευής 94,Χαλάνδρι,15234,38.0191883045310,23.8062342097237,,,vrisko.gr (weekly),,,https://www.vrisko.gr/details/b4bk1fc6ad4kb61314_daec56ib_73aj,xalandri
REDEX ΑΕ,independent,redex.gr,https://www.redex.gr,https://www.redex.gr,ok,yes,no,0,,Λεωφόρος Κηφισίας 280,Χαλάνδρι,15232,38.0199555455252,23.7888543000000,,,vrisko.gr (weekly),,,https://www.vrisko.gr/details/dd3iag2d5d_kbb5j4jcj1b51dc7k3c0h,xalandri
ΒΙΝΤΖΗΛΑΙΟΣ ΚΑΙ ΣΥΝΕΡΓΑΤΕΣ (Βιντζηλαίος Νικόλαος Ι.),independent,vintzileos.gr,https://www.vintzileos.gr,https://www.vintzileos.gr,bot_check_imperva,,,,,Χαραυγής 33,Χαλάνδρι,15232,38.0130834849842,23.8069713530917,,,vrisko.gr (weekly),,,https://www.vrisko.gr/details/ah4615dd6e22b72b5d4g14_e4_bkc3_2,xalandri
ID REAL ESTATE (Στάγκου Δάφνη Α.),independent,,,,no_site,,,,,Αγίας Βαρβάρας 5,Χαλάνδρι,15231,38.0109317463097,23.7819427142857,,,vrisko.gr (weekly),,,https://www.vrisko.gr/details/23_2c73_aa5bca5g_kcc0h5j214j3316,xalandri
MAT VIN (Ματαράγκα Ασημίνα Δ.),independent,matvin-realestate.gr,https://matvin-realestate.gr,https://www.matvin-realestate.gr/el/home,ok,yes,yes,14,,Παπανικολή 56,Χαλάνδρι,15232,38.0178230654973,23.7959008044149,,,vrisko.gr (weekly),,,https://www.vrisko.gr/details/0k5_66_ebib1716edg__d24g466f0g6c,xalandri
INVESTMENT CARE,independent,in-c.gr,https://www.in-c.gr,https://www.in-c.gr,ok,no,yes,19,,Βασιλέως Γεωργίου 2,Χαλάνδρι,15233,38.0219861000000,23.7972681911765,,,vrisko.gr (weekly),,,https://www.vrisko.gr/details/ab0h461_3k53617c5e4d27cjc4_2a447,xalandri
Ρεσάικου - Μαυρίδη Θωμαΐς Β.,independent,,,,no_site,,,,,Παπανδρέου Ανδρέα 65,Χαλάνδρι,15232,38.0197817892670,23.7976180000000,,,vrisko.gr (weekly),,,https://www.vrisko.gr/details/5hafah1315027a_bc23656ae5aa72b6k,xalandri
Ράγκος Βασίλειος Γ.,independent,,,,no_site,,,,,Ηλείας 53-55,Χαλάνδρι,15234,38.0274028000000,23.8264252103825,,,vrisko.gr (weekly),,,https://www.vrisko.gr/details/0j40_c7i22b67c1a525hc7d2c6d42__c,xalandri
Καλαθά Βασιλική Ν.,independent,,,,no_site,,,,,Αετόπουλου Μουστάκα Καλλιόπης 8,Χαλάνδρι,15238,38.0415970000000,23.8533160000000,,,vrisko.gr (weekly),,,https://www.vrisko.gr/details/2bc0675256b63b5bab76264i16_c2g4h,xalandri
ANODOS REAL ESTATE - ΚΑΤΡΑΚΗΣ Δ ΚΑΙ ΣΙΑ ΟΕ,independent,anodos-realestate.gr,https://www.anodos-realestate.gr,https://www.anodos-realestate.gr,bot_check_imperva,,,,,Βάρναλη Κώστα 56Γ,Χαλάνδρι,15233,38.0297320907297,23.8018903333333,,,vrisko.gr (weekly),,,https://www.vrisko.gr/details/6k4a76603i25a5347ca35i0g_i4_ce21,xalandri
HOMESPHERE INVESTMENT ΙΚΕ,independent,,,,no_site,,,,,Λεωφόρος Εθνικής Αντιστάσεως 73,Χαλάνδρι,15231,,,,,vrisko.gr (weekly),,,https://www.vrisko.gr/details/2k6bbf_j5j47004ga270717325511gb3,xalandri
Κουτουλάκης Μιχαήλ,independent,,,,no_site,,,,,Κόδρου 5,Χαλάνδρι,15232,38.0171180453222,23.7880889466781,,,vrisko.gr (weekly),,,https://www.vrisko.gr/details/_0cj_020c73b1c737c221e62d6630033,xalandri
ART REAL ESTATE (Κυβελέας Χαράλαμπος Π),independent,artrealestate.gr,https://www.artrealestate.gr,https://www.artrealestate.gr/el/home,ok,yes,maybe,4,houzez,Εθνικής Αντιστάσεως 22,Περιστέρι,12134,38.0127169000000,23.6925498406780,,,vrisko.gr (weekly),,,https://www.vrisko.gr/details/b25h043g2h1g66_jbgc3chab3312cbbj,peristeri
ALL WEATHER (Καρλή Ιωάννα Ι.),independent,,,,no_site,,,,,Ιφιγενείας 31,Περιστέρι,12133,38.0188326344007,23.7036684742179,,,vrisko.gr (weekly),,,https://www.vrisko.gr/details/bc51aa11_i7ebj1bce460i5iab7165dg,peristeri
V AND M PROPERTIES - V M PROPERTIES ΟΕ,independent,vmproperties.gr,https://www.vmproperties.gr,https://vmproperties.gr/,ok,yes,yes,9,,Θηβών 183,Περιστέρι,12134,38.0149615414610,23.6904308370060,,,vrisko.gr (weekly),,,https://www.vrisko.gr/details/___24_4cd_752c4ibk6ic_4k6hc_7231,peristeri
MY HOME (Μοσχογιάννη Τερέζα),independent,,,,no_site,,,,,Κέννεντυ Τζων 181,Περιστέρι,12134,38.0121565000000,23.6767229049079,,,vrisko.gr (weekly),,,https://www.vrisko.gr/details/bca3_dac0h7h02_f053d6e20c4ck5643,peristeri
ANASTASSIADIS PROPERTIES IKE,independent,anastassiadisproperties.com,https://www.anastassiadisproperties.com,https://www.anastassiadisproperties.com,ok,yes,no,0,,Λεωνίδου 38,Περιστέρι,12134,38.0123335317460,23.6775605000000,,,vrisko.gr (weekly),,,https://www.vrisko.gr/details/1_5a6icg_j6j3fbec42f7k_4125f413d,peristeri
G ESTATE (Γεωργούλα Ευαγγελία Β.),independent,,,,no_site,,,,,Παρασκευοπούλου 4,Περιστέρι,12132,38.0109265000000,23.6998925986193,,,vrisko.gr (weekly),,,https://www.vrisko.gr/details/bd7jc3d1a3aj4edebb73dg6hbf7b_3_i,peristeri
ΑΦΟΙ ΠΑΠΑΖΟΓΛΟΥ ΑΕ,independent,,,,no_site,,,,,Εθνικής Αντιστάσεως 1,Περιστέρι,12134,38.0123055394462,23.6959694228946,,,vrisko.gr (weekly),,,https://www.vrisko.gr/details/aj76411e2e427a775kcd3061bc006024,peristeri
RAFFAELLO DEVELOPMENT ΙΚΕ,independent,raffaello.gr,https://www.raffaello.gr,https://www.raffaello.gr,ok,yes,yes,24,,Λεωφόρος Συγγρού Ανδρέα 196,Καλλιθέα,17671,37.9550426210871,23.7141396126616,,,vrisko.gr (weekly),,,https://www.vrisko.gr/details/b04113chcdb_0350_d005_2h43b27g05,kallithea
ALFAMESITIKI REAL ESTATE (Κουταβάς Ευάγγελος Α.),independent,alfamesitiki.gr,https://www.alfamesitiki.gr,https://www.alfamesitiki.gr,ok,yes,maybe,0,,Δημοσθένους 99,Καλλιθέα,17672,37.9538278999999,23.7070194065719,,,vrisko.gr (weekly),,,https://www.vrisko.gr/details/7e4ed42i3ga7ab7fc0c12c7g66cf1h67,kallithea
NEON REAL ESTATE - ΣΤΑΙΚΟΣ ΠΑΝ ΚΑΙ ΣΙΑ ΟΕ,independent,,,,no_site,,,,,Λεωφόρος Βενιζέλου Ελευθερίου 268,Καλλιθέα,17675,,,,,vrisko.gr (weekly),,,https://www.vrisko.gr/details/_ka25j_651af74ai21661g3e4_4h_12k,kallithea
Χούτος Γεώργιος Λ.,independent,,,,no_site,,,,,Σιβιτανίδου 18,Καλλιθέα,17676,37.9580989000000,23.6997467291971,,,vrisko.gr (weekly),,,https://www.vrisko.gr/details/6hc305577j_gd5307e2f203721ba3i14,kallithea
Μήτσης Σταύρος,independent,,,,no_site,,,,,Πλήθωνος Γεμιστού 5,Καλλιθέα,17671,37.9578630000000,23.7169775604396,,,vrisko.gr (weekly),,,https://www.vrisko.gr/details/d270ag2b1236de1c3j12d66c23bj6h_i,kallithea
ΜΟΝΟΚΕΡΟΣ (Μπουλαζέρη Τερψυχώρη Π.),independent,monokerosrealestate.gr,https://www.monokerosrealestate.gr,https://www.monokerosrealestate.gr,bot_check_imperva,,,,,Λεωφόρος Βενιζέλου Ελευθερίου 318,Καλλιθέα,17675,37.9450193926157,23.6860270000000,,,vrisko.gr (weekly),,,https://www.vrisko.gr/details/_20h2c5d32dfag2c22___72h36_5ca42,kallithea
SANTORINI INVEST,independent,santorini-invest.com,https://www.santorini-invest.com,https://www.santorini-invest.com,ok,yes,yes,5,wordpress;real_homes,Λεωφόρος Συγγρού Ανδρέα 196,Καλλιθέα,17671,37.9550426210871,23.7141396126616,,,vrisko.gr (weekly),,,https://www.vrisko.gr/details/45_11__h6fch46a3b6_00bc64kch1225,kallithea
Νικοπούλου Μαρία Ι.,independent,,,,no_site,,,,,Τσαλδάρη Παναγή 331,Καλλιθέα,17675,37.9537258251451,23.6897501957575,,,vrisko.gr (weekly),,,https://www.vrisko.gr/details/544a6j7ec523c3a2c1a6b6da6h47c721,kallithea
AKINITA HELLAS,independent,akinitahellas.com,https://www.akinitahellas.com,https://www.akinitahellas.com,bot_check_imperva,,,,,Δημητρακοπούλου 95 & Βενιζέλου Ελευθερίου,Καλλιθέα,17676,37.9579810000000,23.7051100000000,,,vrisko.gr (weekly),,,https://www.vrisko.gr/details/dd6k2_4b0434160fa1ci0dag62ck0ec_,kallithea
Κολοκοτρώνη Μαρία Θ.,independent,,,,no_site,,,,,Σαπφούς 25 & Αγίων Πάντων,Καλλιθέα,17676,37.9604120000000,23.7057720000000,,,vrisko.gr (weekly),,,https://www.vrisko.gr/details/3a5jb370_623ci1534632a426i17ch0d,kallithea
ΕΥΑΓΟΡΑΣ - ΔΙΕΘΝΗΣ ΑΝΩΝΥΜΗ ΚΤΗΜΑΤΙΚΗ ΕΤΑΙΡΙΑ ΔΙΑΧΕΙΡΙΣΗΣ ΑΚΙΝΗΤΩΝ,independent,,,,no_site,,,,,Αθηνάς 10,Καλλιθέα,17673,37.9456266000000,23.7007496804598,,,vrisko.gr (weekly),,,https://www.vrisko.gr/details/1b_25c30_j722dc4170d6g0c_jcf6_5f,kallithea
ATHENS GOLDEN RIVIERA PROPERTIES ΜΟΝΟΠΡΟΣΩΠΗ ΙΚΕ,independent,goldenrivierarealty.com,https://www.goldenrivierarealty.com,https://www.goldenrivierarealty.com/el/home,ok,yes,yes,15,,Σπαθάρη 12,Νέα Σμύρνη,17121,37.9543590000000,23.7155716873514,,,vrisko.gr (weekly),,,https://www.vrisko.gr/details/aj5e5d3c60adck0f624c3kck05b2_52i,nea-smyrni
KTIRIOACT,independent,ktirioact.gr,https://www.ktirioact.gr,https://www.ktirioact.gr,ok,no,yes,44,,Ομήρου 62,Νέα Σμύρνη,17121,37.9458826666667,23.7133536321979,,,vrisko.gr (weekly),,,https://www.vrisko.gr/details/0j6367200661ad4hbi31_4122c5c21d2,nea-smyrni
ΙΑΣΩΝ ΚΤΗΜΑΤΟΜΕΣΙΤΙΚΗ (Λάρυγγας Δημήτριος Σ.),independent,,,,no_site,,,,,Πιττάκη 10,Νέα Σμύρνη,17122,37.9427771204819,23.7022244000000,,,vrisko.gr (weekly),,,https://www.vrisko.gr/details/1gdfch465d21bb005f4c_i6db6bf3f34,nea-smyrni
ΦΑΡΜΑ ΦΑΜΙΛΙΑ ΑΓΡΟΤΙΚΑ ΚΑΙ ΑΣΤΙΚΑ ΑΚΙΝΗΤΑ ΕΠΕ,independent,,,,no_site,,,,,Νέα Σμύρνη,Νέα Σμύρνη,17121,,,,,vrisko.gr (weekly),,,https://www.vrisko.gr/details/5ic4ccd_4cc6016e_1a5b21f6ac_0i_4,nea-smyrni
ΟΙΚΟΣΤΕΓΑΣΗ - Μ ΜΠΟΥΚΑΛΗ Π ΜΠΟΥΚΑΛΗ ΟΕ,independent,oikostegasi.gr,https://www.oikostegasi.gr,https://www.oikostegasi.gr,bot_check_imperva,,,,,Βενιζέλου Ελευθερίου 247 & Αχιλλέως,Παλαιό Φάληρο,17563,37.9292320000000,23.7096460000000,,,vrisko.gr (weekly),,,https://www.vrisko.gr/details/7bc5152f_eaf1jbf147gd6c062_ia667,palaio-faliro
TRIANTAFYLLOS REAL ESTATE (Τριαντάφυλλος Γεώργιος Ε.),independent,,,,no_site,,,,,Βενιζέλου Ελευθερίου 235,Παλαιό Φάληρο,17563,37.9300950999999,23.7101331781582,,,vrisko.gr (weekly),,,https://www.vrisko.gr/details/2fah3360de3b221b25332a7kb_b_503b,palaio-faliro
Κεφάλας Ευάγγελος Β.,independent,,,,no_site,,,,,Θέτιδος 38,Παλαιό Φάληρο,17561,37.9267546000000,23.6954543295775,,,vrisko.gr (weekly),,,https://www.vrisko.gr/details/75dc5a3fd4371h220j3223ad5hd0dfc2,palaio-faliro
ANGEL INVESTMENT REAL ESTATE (Κατεχάκη Αγγελική Χ.),independent,,,,no_site,,,,,Λεωφόρος Ποσειδώνος 46,Παλαιό Φάληρο,17561,37.9228644290818,23.6941080660710,,,vrisko.gr (weekly),,,https://www.vrisko.gr/details/0656661b73a2cgbbdgcd5ga2aed2cd74,palaio-faliro
DIVINE PROPERTY ΑΕ,independent,divineproperty.com,https://www.divineproperty.com,https://divineproperty.com/,ok,yes,yes,9,wordpress,Λεωφόρος Ποσειδώνος 20,Παλαιό Φάληρο,17561,37.9283325863457,23.6882567205215,,,vrisko.gr (weekly),,,https://www.vrisko.gr/details/1a2ad65d0ed15aa66d7h5ic4_554771b,palaio-faliro
REG REAL ESTATE (Παπαγιαννοπούλου Ηλέκτρα Λ.),independent,regrealestate.com,https://www.regrealestate.com,https://www.regrealestate.com,bot_check_imperva,,,,,Αχιλλέως 42,Παλαιό Φάληρο,17562,,,,,vrisko.gr (weekly),,,https://www.vrisko.gr/details/d_5ich7bd05f_23hde24ae76dc167a55,palaio-faliro
YAZBEK REAL ESTATE,independent,yazbekrealestate.com,https://yazbekrealestate.com,https://yazbekrealestate.com,ok,yes,yes,7,wordpress,Υμηττού 6,Παλαιό Φάληρο,17564,37.9420228654074,23.6989933931990,,,vrisko.gr (weekly),,,https://www.vrisko.gr/details/_34065654ac2bh66ch6hbk_kbh2f7ack,palaio-faliro
CITY LAND REAL ESTATE (Κουππάνου Τασούλα Α.),independent,,,,no_site,,,,,Παλαιό Φάληρο,Παλαιό Φάληρο,17563,,,,,vrisko.gr (weekly),,,https://www.vrisko.gr/details/0e1id25c7g5icj_52e_j3h0a450hd07j,palaio-faliro
HELLENIC INVESTMENT FUND CO ΙΚΕ,independent,,,,no_site,,,,,Λεωφόρος Ποσειδώνος 78,Άλιμος,17456,37.9039317439206,23.7195179000000,,,vrisko.gr (weekly),,,https://www.vrisko.gr/details/_h6c_g1_40a7575e7d7a0c5h_6325ba2,alimos
Β ΒΑΒΥΛΟΥΣΑΚΗΣ ΚΑΙ ΣΥΝΕΡΓΑΤΕΣ (Βαβυλουσάκης Βασίλειος Ν.),independent,,,,no_site,,,,,Ερατούς 16,Άλιμος,17455,37.9067324138149,23.7323603035454,,,vrisko.gr (weekly),,,https://www.vrisko.gr/details/06ai_g1_101b_b17d1cac52i72a4307i,alimos
PUBLIC REAL ESTATE - ΚΑΤΡΑΚΗΣ Δ ΚΑΙ ΣΙΑ ΟΕ,independent,,,,no_site,,,,,Βουλιαγμένης 500,Άλιμος,17456,37.9275600000000,23.7442840000000,,,vrisko.gr (weekly),,,https://www.vrisko.gr/details/55c0a11j20c1503c760e32dc3a761f4i,alimos
KELLER WILLIAMS COSMOS,independent,,,,no_site,,,,,Λεωφόρος Βουλιαγμένης 564,Άλιμος,17456,37.9168458416690,23.7441041695285,,,vrisko.gr (weekly),,,https://www.vrisko.gr/details/347d217ia72e46746271d_361d26425e,alimos
ACT ZEUS PROPERTY ADVISORS,independent,actzeusproperty.gr,https://www.actzeusproperty.gr,https://www.actzeusproperty.gr,bot_check_imperva,,,,,Αγίου Νικολάου 11,Άλιμος,17455,37.9042278231544,23.7315437613496,,,vrisko.gr (weekly),,,https://www.vrisko.gr/details/_da0c6a011ab1j11a2cb2e0117bc6422,alimos
ASTY REAL ESTATE,independent,asty-realty.gr,https://www.asty-realty.gr,https://www.asty-realty.gr,ok,yes,yes,8,,Λεωφόρος Βουλιαγμένης 564,Άλιμος,17456,37.9168458416691,23.7441041695286,,,vrisko.gr (weekly),,,https://www.vrisko.gr/details/db65_5c16_b16f_e2iadc5ag0a__d61k,alimos
MARKING PROPERTY,independent,markingproperty.gr,https://www.markingproperty.gr,,bot_check_other,,,,,Λεωφόρος Ιωνίας 64,Άλιμος,17456,37.9235508269094,23.7395284122230,,,vrisko.gr (weekly),,,https://www.vrisko.gr/details/6e_44e70ci10bgd72_62b7_52ecd_g1f,alimos
ELINIC ΙΚΕ,independent,,,,no_site,,,,,Μαυρογένους Μαντώς 9-11,Άλιμος,17455,,,,,vrisko.gr (weekly),,,https://www.vrisko.gr/details/dc0gbdcbcg_31727_1730fcedc_j65d4,alimos
VERUM REAL ESTATE,independent,,,,no_site,,,,,Αυξεντίου Γρηγορίου 14Α,Ζωγράφος,15771,,,,,vrisko.gr (weekly),,,https://www.vrisko.gr/details/cc063e6g23705545762_47dg5322660k,zografos
REAL ESTATE ΚΗΦΙΣΙΑΣ (Κούρτογλου Γεωργία Α.),independent,realestatekifisias.com,https://realestatekifisias.com,https://realestatekifisias.com,bot_check_imperva,,,,,Δαβάκη 22,Νέα Ερυθραία,14671,38.0914109000000,23.8110980669291,,,vrisko.gr (weekly),,,https://www.vrisko.gr/details/_40gcgcdc60b155e61ci5144_d4k4j42,nea-erythraia
SOKOLIS REAL ESTATE (Σοκόλης Κωνσταντίνος Α.),independent,sokolis-realestate.gr,https://www.sokolis-realestate.gr,https://www.sokolis-realestate.gr,bot_check_imperva,,,,,Λεωφόρος Θησέως 1,Νέα Ερυθραία,14671,38.0990779500480,23.8248677890991,,,vrisko.gr (weekly),,,https://www.vrisko.gr/details/ae3j407c24ck120hbi41b5b53h677g37,nea-erythraia
FOX REAL ESTATE (Ζησιμάτου Ελένη),independent,foxezs.gr,https://www.foxezs.gr,https://www.foxezs.gr,ok,yes,yes,14,houzez,Αυξεντίου Γρηγορίου 3,Νέα Ερυθραία,14671,38.0936449238143,23.8129021859631,,,vrisko.gr (weekly),,,https://www.vrisko.gr/details/d5bd3d4c560idg03d1___0_c4ccd374g,nea-erythraia
ΚΤΗΜΑ PLAN (Δρακοπούλου Ελεονώρα Ν.),independent,drakopoulou.gr,https://www.drakopoulou.gr,https://www.drakopoulou.gr,bot_check_imperva,,,,,Βάρναλη Κώστα 42,Νέα Ερυθραία,14671,38.0892833198243,23.8191870253168,,,vrisko.gr (weekly),,,https://www.vrisko.gr/details/4a56_kd76c1e5hbk7f17647ib13f71b1,nea-erythraia
ΣΦΑΚΙΑΝΑΚΗ ΕΛΕΝΗ ΜΟΝΟΠΡΟΣΩΠΗ ΙΚΕ,independent,,,,no_site,,,,,Σμύρνης 28,Ηράκλειο,71201,35.3368020635963,25.1345530086097,,,vrisko.gr (weekly),,,https://www.vrisko.gr/details/d_422_5_0f_ebk___f3k_k3d0cac4d12,irakleio
ΑΚΙΝΗΤΑ ΗΡΑΚΛΕΙΟΥ LOGOTHETIS REAL ESTATE (Λογοθέτης Σπυρίδων Σ.),independent,akinita-iraklio.gr,https://akinita-iraklio.gr,https://akinita-iraklio.gr/el/,ok,yes,no,0,joomla,Λεωφόρος Εθνικής Αντιστάσεως 176,Ηράκλειο,71307,35.3378921167707,25.1422289696181,,,vrisko.gr (weekly),,,https://www.vrisko.gr/details/2h32652ecfaf033a46d61ka4b21fb31j,irakleio
ΕΛΛΗΝΙΚΑ ΑΚΙΝΗΤΑ (Κοκκάλη Μαρία Γ.),independent,,,,no_site,,,,,Ζαμπελίου Σπυρίδωνος 3,Ηράκλειο,71201,35.3384279198250,25.1317620000000,,,vrisko.gr (weekly),,,https://www.vrisko.gr/details/bf27__bi52ba07_b142j__b_3jb_64ci,irakleio
KRETALAND (Μαυράκη Άρτεμις Ν.),independent,kretaland.gr,https://www.kretaland.gr,https://www.kretaland.gr,ok,yes,yes,52,,Μιλάτου 29 & Ιδομενέως,Ηράκλειο,71202,35.3390070000000,25.1361310000000,,,vrisko.gr (weekly),,,https://www.vrisko.gr/details/d74j34ch4f2a_5aa_j3h2ccd_k_cbj_6,irakleio
ΟΙΚΟΜΕΣΙΤΙΚΗ (Μπολωνάκης Μιχαήλ Η.),independent,,,,no_site,,,,,Ισαύρων 77,Ηράκλειο,71303,,,,,vrisko.gr (weekly),,,https://www.vrisko.gr/details/bf6_a012b37370332ka4434a061_2e43,irakleio
ΑΚΙΝΗΤΑ ΚΡΗΤΗΣ (Πετράκης Κωνσταντίνος Ν.),independent,akinitakritis.gr,https://www.akinitakritis.gr,https://www.akinitakritis.gr,ok,yes,yes,75,,Λεωφόρος Παπανδρέου Ανδρέα 56,Ηράκλειο,71305,35.3293850000000,25.1309680112208,,,vrisko.gr (weekly),,,https://www.vrisko.gr/details/_c0b6bdc2cdb3d0jc33027_i2i4fac03,irakleio
ΒΑΡΔΟΥΛΑΚΗΣ ΚΤΗΜΑΤΟΜΕΣΙΤΙΚΗ ΜΟΝΟΠΡΟΣΩΠΗ ΕΠΕ,independent,,,,no_site,,,,,Αβέρωφ Γεωργίου 13 & Μανουσογιάννη,Ηράκλειο,71201,35.3367329999999,25.1354890821917,,,vrisko.gr (weekly),,,https://www.vrisko.gr/details/70a_264516d61b37_jaa14_ibk3b572a,irakleio
Παχάκη Ειρήνη Ε.,independent,,,,no_site,,,,,Εθνικής Αντιστάσεως 6,Ηράκλειο,71306,35.3268967785953,25.1385222000000,,,vrisko.gr (weekly),,,https://www.vrisko.gr/details/16_dd_1h306j3_cdcd6h3c_ead6f4d1j,irakleio
THE AGENCY MECE REAL ESTATE (Πιτσούλη Παρασκευή Κ.),independent,theagencymece.gr,https://www.theagencymece.gr,https://www.theagencymece.gr/en/home,ok,yes,yes,11,,Κανάρη Κωνσταντίνου 5,Ηράκλειο,71307,35.3409072741422,25.1529533379997,,,vrisko.gr (weekly),,,https://www.vrisko.gr/details/ddb00d760c057f722hc5505kbf4e00c3,irakleio
RE1 GREEK NETWORK PROPERTIES,independent,re1.gr,https://www.re1.gr/,https://www.re1.gr/,ok,yes,yes,44,,Λεωφόρος Παπανδρέου Ανδρέα 56,Ηράκλειο,71305,35.3293838500976,25.1309680938720,,,vrisko.gr (weekly),,,https://www.vrisko.gr/details/32c32c4_d5dd7bcf30b4476d5kc_ah34,irakleio
ΚΡΗΤΙΚΗ ΑΓΟΡΑ (Σκουλάς Ιωάννης Γ.),independent,kritiki-agora.gr,https://www.kritiki-agora.gr,https://www.kritiki-agora.gr,bot_check_imperva,,,,,Πλατεία Κορνάρου Βιτσέντζου 46,Ηράκλειο,71201,35.3366190389565,25.1336188388018,,,vrisko.gr (weekly),,,https://www.vrisko.gr/details/1c5k2a4b0g4k0edb53_45ibc3hbc6jaf,irakleio
ZOTOU AKINITA (Ζώτου Αθανασία Ελένη Α.),independent,zotouakinita.gr,https://www.zotouakinita.gr,,error,,,,,Πυράνθου 39,Ηράκλειο,71305,35.3345672482993,25.1260330000000,,,vrisko.gr (weekly),,,https://www.vrisko.gr/details/cda2_ebec_126hchcg40562a_01f3110,irakleio
ΣΟΥΛΤΑΤΟΣ ΙΚΕ,independent,,,,no_site,,,,,Κονδυλάκη Ιωάννη 67,Ηράκλειο,71305,35.3303507863861,25.1236253387009,,,vrisko.gr (weekly),,,https://www.vrisko.gr/details/dd553k6b_h222h00_hce1423422g572c,irakleio
ΚΤΗΜΑΤΟΜΕΣΙΤΙΚΗ ΓΗ (Νικολουδάκης Χρήστος Σ.),independent,,,,no_site,,,,,Λεωφόρος Δημοκρατίας 57,Ηράκλειο,71306,35.3327090143341,25.1385342800218,,,vrisko.gr (weekly),,,https://www.vrisko.gr/details/0i2__j5_2252_c__10_i7c2377ag_65c,irakleio
ΑΣΤΥ ΕΠΕΝΔΥΤΙΚΗ (Γαργουλάκης Νικόλαος Δ.),independent,astyestate.gr,https://www.astyestate.gr,https://www.astyestate.gr,ok,yes,yes,5178,,Τρικούπη Χαριλάου 21,Ηράκλειο,71306,35.3341568779955,25.1366152395963,,,vrisko.gr (weekly),,,https://www.vrisko.gr/details/de_03651620a46366j3gbd223i064dd_,irakleio
CRETAN COMMODITIES (Σεβδαλής Εμμανουήλ),independent,cretancommodities.gr,https://www.cretancommodities.gr,,bot_check_other,,,,,Σμπώκου Βασιλείου 73,Ηράκλειο,71305,35.3269486868146,25.1299756150737,,,vrisko.gr (weekly),,,https://www.vrisko.gr/details/bed15b3b2da635404h2d2i55ca51151c,irakleio
ΟΙΚΗΜΑ (Λογοθέτη Ελένη Κ.),independent,,,,no_site,,,,,Σκαλίων 20,Ηράκλειο,71410,,,,,vrisko.gr (weekly),,,https://www.vrisko.gr/details/73ag663g_i2b655cbdbc64612027_6b1,irakleio
Καλογιαννάκη Αικατερίνη Μ.,independent,,,,no_site,,,,,Κρανιωτάκη Εμμανουήλ 3,Ηράκλειο,71304,,,,,vrisko.gr (weekly),,,https://www.vrisko.gr/details/4g34bf7j0d06ag05544i5061_h656hd7,irakleio
Κτηματαγορά Φραγκιουδάκης,independent,,,,no_site,,,,,"Λεωφ. Αγίου Δημητρίου 305, Αγ. Δημήτριος Αττικής 173 42, Ελλάδα",,17342,,,,,xe.gr (weekly),,https://www.xe.gr/property/s/mesitiko-grafeio/kthmatagora-fragkioydakhs/9c2c0a99-1f9b-4b07-9368-ef481fa79fdc,,
Epsilon Team,independent,epsilonteam.gr,https://epsilonteam.gr,https://www.epsilonteam.gr/en/home,ok,yes,yes,7,,"Ιωάννου Αποστολόπουλου 21, Χαλάνδρι 152 31, Ελλάδα",,15231,,,,,xe.gr (weekly); site by domain guess,,https://www.xe.gr/property/s/mesitiko-grafeio/epsilon-team/bd3afb2a-9090-4670-b0b0-fdbe0e18189e,,
Κριτσιμάς Παναγιώτης,independent,,,,no_site,,,,,"Κωνσταντινουπόλεως 6, Υμηττός 172 37, Ελλάδα",,17237,,,,,xe.gr (weekly),,https://www.xe.gr/property/s/mesitiko-grafeio/kritsimas-panagiwths/29c4dc34-0094-47ce-8bb1-7dccc95249c8,,
EPC Home Land,independent,,,,no_site,,,,,"Ηρακλείτου 19, Γλυφάδα 166 74, Ελλάδα",,16674,,,,,xe.gr (weekly),,https://www.xe.gr/property/s/mesitiko-grafeio/epc-home-land/0c56e33f-e5cc-4e88-9bb4-f4903a7c6e8b,,
Potamianos Real Estate Group,independent,,,,no_site,,,,,"Υψηλάντου 3, Αθήνα 106 75, Ελλάδα",,10675,,,,,xe.gr (weekly),,https://www.xe.gr/property/s/mesitiko-grafeio/potamianos-real-estate-group/ccfeadd4-57d5-4b43-94b8-e15c2037dbb4,,
Alsvit,independent,,,,no_site,,,,,"Λεωφ. Ανδρέα Συγγρού 166, Καλλιθέα 176 71, Ελλάδα",,17671,,,,,xe.gr (weekly),,https://www.xe.gr/property/s/mesitiko-grafeio/alsvit/263b5138-f511-4be2-b7ef-66c7b66dad7a,,
DK Real Estate,independent,,,,no_site,,,,,"Λεωφόρος Βουλιαγμένης 28, Αθήνα 167 77, Ελλάδα",,16777,,,,,xe.gr (weekly),,https://www.xe.gr/property/s/mesitiko-grafeio/dk-real-estate/3112ec15-0dfa-4bda-8f99-64098c7cd981,,
Propertylabs,independent,,,,no_site,,,,,"Ελβετίας 19, Αγ. Παρασκευή 153 42, Ελλάδα",,15342,,,,,xe.gr (weekly),,https://www.xe.gr/property/s/mesitiko-grafeio/propertylabs/4439a029-5167-4b29-8718-5ec3c7a1f729,,
RE/MAX Lysis,independent,,,,no_site,,,,,"Μεγ. Αλεξάνδρου 8, Δάφνη Αττικής 172 37, Ελλάδα",,17237,,,,,xe.gr (weekly),,https://www.xe.gr/property/s/mesitiko-grafeio/re-max-lysis/a1c2b2b5-dd59-4d74-b6ed-f20b5ec40e94,,
Marinis Real Estate,independent,marinisrealestate.gr,https://marinisrealestate.gr,https://marinisrealestate.gr,ok,yes,yes,73,wordpress;wpresidence,"Δωδεκανήσου 8, Άγιοι Ανάργυροι 135 62, Ελλάδα",,13562,,,,,xe.gr (weekly); site by domain guess,,https://www.xe.gr/property/s/mesitiko-grafeio/marinis-real-estate/87a5c9f4-8143-4d03-8050-a58114b20c55,,
Capital Properties,independent,,,,no_site,,,,,"Γρ. Λαμπράκη 28, Γλυφάδα 166 74, Ελλάδα",,16674,,,,,xe.gr (weekly),,https://www.xe.gr/property/s/mesitiko-grafeio/capital-properties/62426a54-1b90-4008-a83f-c0c40a87ca20,,
New Accounts,independent,newaccounts.gr,https://newaccounts.gr,https://www.newaccounts.gr/,ok,yes,no,0,wordpress,"Αχαρνών 396, Αθήνα 111 43, Ελλάδα",,11143,,,,,xe.gr (weekly); site by domain guess,,https://www.xe.gr/property/s/mesitiko-grafeio/new-accounts/4cdf80c6-95cb-491e-9cfd-b3fc3ee9cc3a,,
Dts-Estate,independent,,,,no_site,,,,,"Παπαζαχαρίου 25, Αγ. Δημήτριος Αττικής 173 42, Ελλάδα",,17342,,,,,xe.gr (weekly),,https://www.xe.gr/property/s/mesitiko-grafeio/dts-estate/ff0e1d33-8aeb-4852-9030-ce63cb897837,,
Bloom Consulting S.a.,independent,,,,no_site,,,,,"Μητροπόλεως 5, Αθήνα 105 57, Ελλάδα",,10557,,,,,xe.gr (weekly),,https://www.xe.gr/property/s/mesitiko-grafeio/bloom-consulting-s-a/6b91572c-66f0-40dc-a06b-baff62154b5a,,
Life Net,independent,,,,no_site,,,,,"Κάνιγγος 27, Αθήνα 106 82, Ελλάδα",,10682,,,,,xe.gr (weekly),,https://www.xe.gr/property/s/mesitiko-grafeio/life-net/3356beb2-c6c3-4e98-bdd6-17759e17e604,,
Real House Μεσιτική,independent,,,,no_site,,,,,"Σαλαμίνος 12, Ηράκλειο 141 22, Ελλάδα",,14122,,,,,xe.gr (weekly),,https://www.xe.gr/property/s/mesitiko-grafeio/real-house-mesitikh/66e418c9-ceed-4f18-8253-6e6c017041fa,,
CIB Real Estate & Development,independent,,,,no_site,,,,,"Αγίας Σοφίας 107, Βύρωνας 162 32, Ελλάδα",,16232,,,,,xe.gr (weekly),,https://www.xe.gr/property/s/mesitiko-grafeio/cib-real-estate-development/f57fead2-4138-4fe1-836d-ca718d09a1bc,,
Alpha Level Real Estate,independent,,,,no_site,,,,,"Πλ. Αμβροσίου Πλυτά 1, Αθήνα 116 31, Ελλάδα",,11631,,,,,xe.gr (weekly),,https://www.xe.gr/property/s/mesitiko-grafeio/alpha-level-real-estate/fe469028-adc6-4213-8c73-6307cb56d5e2,,
Tzeli Home,independent,,,,no_site,,,,,"Υμηττού 41, Καισαριανή 161 21, Ελλάδα",,16121,,,,,xe.gr (weekly),,https://www.xe.gr/property/s/mesitiko-grafeio/tzeli-home/19c35461-b494-47fb-a5d7-239e5f93843b,,
AKM Real Estate,independent,,,,no_site,,,,,"Λεωφ. Δημάρχου Αγγέλου Μεταξά 27-29, Γλυφάδα 166 74, Ελλάδα",,16674,,,,,xe.gr (weekly),,https://www.xe.gr/property/s/mesitiko-grafeio/akm-real-estate/bca8d5dd-3e3b-4752-99ea-0788563159b0,,
Poreia Real Estate,independent,,,,no_site,,,,,"Λεωφ. Σαρωνίδας 18, Σαρωνίδα 190 13, Ελλάδα",,19013,,,,,xe.gr (weekly),,https://www.xe.gr/property/s/mesitiko-grafeio/poreia-real-estate/df3b5b23-536f-48a1-acc8-27ec308ac0f2,,
Σκουρτης Παναγιώτης,independent,,,,no_site,,,,,"Βυζαντίου 21, Γλυφάδα 165 62, Ελλάδα",,16562,,,,,xe.gr (weekly),,https://www.xe.gr/property/s/mesitiko-grafeio/skoyrths-panagiwths/8cf300f9-d332-404d-8455-e5e6f8d95dc8,,
N. Kareliotis & Partners,independent,,,,no_site,,,,,"Ελ. Μιχάλη, Καλύβια Θορικού 190 10, Ελλάδα",,19010,,,,,xe.gr (weekly),,https://www.xe.gr/property/s/mesitiko-grafeio/n-kareliotis-partners/65219dfe-ab6b-488d-973f-94358c991c5b,,
Excel Real Estate,independent,,,,no_site,,,,,"Φειδίου 6, Αθήνα 106 78, Ελλάδα",,10678,,,,,xe.gr (weekly),,https://www.xe.gr/property/s/mesitiko-grafeio/excel-real-estate/d8c92bf4-0ce5-48b5-bdd9-6bde16401417,,
ND Home,independent,,,,no_site,,,,,"Λεωφ. Λαυρίου 16, Γλυκά Νερά 153 54, Ελλάδα",,15354,,,,,xe.gr (weekly),,https://www.xe.gr/property/s/mesitiko-grafeio/nd-home/8e22eea7-d36d-498e-9731-63dc8562484a,,
Globality,independent,,,,no_site,,,,,"Σίνα 9, Αθήνα 106 80, Ελλάδα",,10680,,,,,xe.gr (weekly),,https://www.xe.gr/property/s/mesitiko-grafeio/globality/31f98179-588f-406b-8970-0d23a8aca0ce,,
Dia Home Real Estate,independent,,,,no_site,,,,,"Λεωφ. Μαραθώνος 153, Παλλήνη 153 51, Ελλάδα",,15351,,,,,xe.gr (weekly),,https://www.xe.gr/property/s/mesitiko-grafeio/dia-home-real-estate/5d949056-6965-45df-bd40-a9c3009807b5,,
RE/BROKERS,independent,,,,no_site,,,,,"Αγίου Ιωάννου 63, Αγ. Παρασκευή 153 42, Ελλάδα",,15342,,,,,xe.gr (weekly),,https://www.xe.gr/property/s/mesitiko-grafeio/re-brokers/4999adb5-2dc2-4cd9-99f5-2a6f0101228c,,
V.i.properties,independent,,,,no_site,,,,,"Αθηνών Σουνίου, Κερατέα 190 01, Ελλάδα",,19001,,,,,xe.gr (weekly),,https://www.xe.gr/property/s/mesitiko-grafeio/v-i-properties/a6d812e4-d88b-46d8-a918-dce29edd3692,,
Ευάγγελος Λαζαρίδης,independent,,,,no_site,,,,,"Ρήγα Φεραίου 15, Αιγάλεω 122 41, Ελλάδα",,12241,,,,,xe.gr (weekly),,https://www.xe.gr/property/s/mesitiko-grafeio/eyaggelos-lazaridhs/afc185e4-df65-4b79-971a-39437b2e1a66,,
Clever House,independent,,,,no_site,,,,,"Πλάτωνος 21, Περιστέρι 121 34, Ελλάδα",,12134,,,,,xe.gr (weekly),,https://www.xe.gr/property/s/mesitiko-grafeio/clever-house/ed44047c-664d-4d26-93ef-1a85d01c9c46,,
LV Properties,independent,,,,no_site,,,,,"Αριστοτέλους 22, Άλιμος 174 55, Ελλάδα",,17455,,,,,xe.gr (weekly),,https://www.xe.gr/property/s/mesitiko-grafeio/lv-properties/fa4452bc-2cdb-4bc6-8d33-81da6bf544cf,,
Anodos Real Estate,independent,,,,no_site,,,,,"Λεωφόρος Βουλιαγμένης 339, Ηλιούπολη 163 46, Ελλάδα",,16346,,,,,xe.gr (weekly),,https://www.xe.gr/property/s/mesitiko-grafeio/anodos-real-estate/282107d7-a83e-4901-a132-0a7b4b208ee1,,
Dedes Real Estate,independent,dedesrealestate.gr,https://dedesrealestate.gr,https://dedesrealestates.gr/,ok,yes,yes,9,wordpress;houzez,"Κλυταιμνήστρας 35, Ίλιον 131 22, Ελλάδα",,13122,,,,,xe.gr (weekly); site by domain guess,,https://www.xe.gr/property/s/mesitiko-grafeio/dedes-real-estate/ee2bc016-a79f-4cdc-a417-89291ec05a2e,,
DP Properties,independent,,,,no_site,,,,,"Λεωφ. Κηφισίας 119, Μαρούσι 151 24, Ελλάδα",,15124,,,,,xe.gr (weekly),,https://www.xe.gr/property/s/mesitiko-grafeio/dp-properties/d1a7d651-e693-46d6-a6d4-58f63de633f1,,
Marc,independent,,,,no_site,,,,,"Λεωφ. Βασιλίσσης Αμαλίας 42, Αθήνα 105 58, Ελλάδα",,10558,,,,,xe.gr (weekly),,https://www.xe.gr/property/s/mesitiko-grafeio/marc/ae571a10-f1a7-4681-bd4e-fb56c0b45c84,,
Viewpoint,independent,,,,no_site,,,,,"Ιθάκης 32, Αθήνα 112 57, Ελλάδα",,11257,,,,,xe.gr (weekly),,https://www.xe.gr/property/s/mesitiko-grafeio/viewpoint/577ec5bf-7cb4-45cf-86a5-f1735187c309,,
ΧΡΗΣΤΟΣ ΒΙΓΕΛΛΗΣ,independent,,,,no_site,,,,,"Λυκούργου 217, Καλλιθέα 176 75, Ελλάδα",,17675,,,,,xe.gr (weekly),,https://www.xe.gr/property/s/mesitiko-grafeio/chrhstos-vigellhs/c4f1d025-b238-4f2c-a324-ea967cb35d19,,
LeaderHome,independent,,,,no_site,,,,,"Λεωφ. Θεσσαλονίκης 6, Νέα Φιλαδέλφεια Αττικής 143 42, Ελλάδα",,14342,,,,,xe.gr (weekly),,https://www.xe.gr/property/s/mesitiko-grafeio/leaderhome/e09287f3-1c49-4f0c-8dc1-18b8f3a1e28c,,
Greek Estates,independent,,,,no_site,,,,,"Υμηττού 186, Αθήνα 116 36, Ελλάδα",,11636,,,,,xe.gr (weekly),,https://www.xe.gr/property/s/mesitiko-grafeio/greek-estates/13b58f37-bcb2-45dc-ba08-8d3e06b17935,,
YASAS CONSULTING AND MANAGEMENT,independent,,,,no_site,,,,,"Αρτέμιδος 14, Παλαιό Φάληρο 175 61, Ελλάδα",,17561,,,,,xe.gr (weekly),,https://www.xe.gr/property/s/mesitiko-grafeio/yasas-consulting-and-management/3c8c5d44-9949-42e5-8a9f-4a3dc04974f1,,
Ktimatomesitiko Deligiorgis,independent,,,,no_site,,,,,"28ης Οκτωβρίου 22, Νέα Πεντέλη 152 39, Ελλάδα",,15239,,,,,xe.gr (weekly),,https://www.xe.gr/property/s/mesitiko-grafeio/ktimatomesitiko-deligiorgis/471828e4-bba5-4c69-8632-26f9244f718f,,
Le Courtier,independent,,,,no_site,,,,,"Χρυσοστόμου Σμύρνης 123, Μοσχάτο 183 45, Ελλάδα",,18345,,,,,xe.gr (weekly),,https://www.xe.gr/property/s/mesitiko-grafeio/le-courtier/a529e11e-648c-4e44-9d62-b9797f703cf2,,
ARED ATLAS RENEWABLE ENERGY AND DEVELOPMENT,independent,,,,no_site,,,,,"Λεωφ. Πεντέλης 103, Χαλάνδρι 152 34, Ελλάδα",,15234,,,,,xe.gr (weekly),,https://www.xe.gr/property/s/mesitiko-grafeio/ared-atlas-renewable-energy-and-development/582da41b-46a0-4af7-8f1d-a30a512495c9,,
Μπονάτσος Αριστοτέλης,independent,,,,no_site,,,,,"Ομήρου 7, Νέα Σμύρνη 171 21, Ελλάδα",,17121,,,,,xe.gr (weekly),,https://www.xe.gr/property/s/mesitiko-grafeio/mponatsos-aristotelhs/1cb458e7-34fa-48bc-a0ad-79ef0a79c435,,
ALMA Real Estate Hellas,independent,,,,no_site,,,,,"Αγίας Παρασκευής 117, Χαλάνδρι 152 34, Ελλάδα",,15234,,,,,xe.gr (weekly),,https://www.xe.gr/property/s/mesitiko-grafeio/alma-real-estate-hellas/70393eaa-7372-495e-8804-f17e8b54e1c5,,
Homi Real Estate,independent,,,,no_site,,,,,"Λεωφ. Ανδρέα Συγγρού 190, Καλλιθέα 176 71, Ελλάδα",,17671,,,,,xe.gr (weekly),,https://www.xe.gr/property/s/mesitiko-grafeio/homi-real-estate/259e269f-fc47-401f-9c33-f54ce055b997,,
Κατοικείν,independent,,,,no_site,,,,,"Γαρυττού 178, Χαλάνδρι 152 34, Ελλάδα",,15234,,,,,xe.gr (weekly),,https://www.xe.gr/property/s/mesitiko-grafeio/katoikein/d5fdf12a-d185-4a16-b4ea-85e5e31721ec,,
Encore Properties,independent,,,,no_site,,,,,"Υμηττού 5, Χολαργός 155 61, Ελλάδα",,15561,,,,,xe.gr (weekly),,https://www.xe.gr/property/s/mesitiko-grafeio/encore-properties/e77b83c9-2e7b-4059-a1bb-a4c02db08da7,,
Agora Properties,independent,,,,no_site,,,,,"Αγίας Σοφίας 3, Νέα Σμύρνη 171 23, Ελλάδα",,17123,,,,,xe.gr (weekly),,https://www.xe.gr/property/s/mesitiko-grafeio/agora-properties/2e59a4ac-6a20-4bd0-a319-7aa5af1edd2a,,
Spiti4Real,independent,,,,no_site,,,,,"Αντιφίλου 41, Ζωγράφου 157 71, Ελλάδα",,15771,,,,,xe.gr (weekly),,https://www.xe.gr/property/s/mesitiko-grafeio/spiti4real/e67d2553-a788-462d-9385-29dd7d79b1a4,,
Pro EXx Real Estate,independent,,,,no_site,,,,,"Κάλβου 19, Αθήνα 142 31, Ελλάδα",,14231,,,,,xe.gr (weekly),,https://www.xe.gr/property/s/mesitiko-grafeio/pro-exx-real-estate/b0829c42-946b-4084-84ff-0c6feec72cc8,,
Anastasis Property,independent,,,,no_site,,,,,"Κολοκοτρώνη 9, Χαλάνδρι 152 33, Ελλάδα",,15233,,,,,xe.gr (weekly),,https://www.xe.gr/property/s/mesitiko-grafeio/anastasis-property/a42a538e-80f1-4001-8ffc-903855d13c97,,
Ν. Oikos,independent,,,,no_site,,,,,"Ιωάννου Δροσοπούλου 2, Αθήνα 112 57, Ελλάδα",,11257,,,,,xe.gr (weekly),,https://www.xe.gr/property/s/mesitiko-grafeio/n-oikos/38460416-d9ed-4c41-b0e3-e4f73cef5ddb,,
Arxis,independent,,,,no_site,,,,,"Βουτυρά 26, Αθήνα 111 45, Ελλάδα",,11145,,,,,xe.gr (weekly),,https://www.xe.gr/property/s/mesitiko-grafeio/arxis/e2739997-8503-45be-be21-7c3041bf9744,,
Τριανταφύλλου Βασίλης,independent,,,,no_site,,,,,"Πατησίων 171, Αθήνα 112 52, Ελλάδα",,11252,,,,,xe.gr (weekly),,https://www.xe.gr/property/s/mesitiko-grafeio/triantafylloy-vasilhs/82484043-ca64-4dd8-aa76-8a5a05f6f8c1,,
Real Deal,independent,,,,no_site,,,,,"Μιχαήλ Χατζηκωνσταντή 1, Αθήνα 115 24, Ελλάδα",,11524,,,,,xe.gr (weekly),,https://www.xe.gr/property/s/mesitiko-grafeio/real-deal/12a60997-eafc-4a44-bfc0-4b46cde4f8c1,,
Riviera Estate Group,independent,,,,no_site,,,,,"Αρτέμιδος 1, Γλυφάδα 166 74, Ελλάδα",,16674,,,,,xe.gr (weekly),,https://www.xe.gr/property/s/mesitiko-grafeio/riviera-estate-group/ca410b2a-780f-4a0c-9520-337f7305c169,,
Grad International Real Estate Group,independent,,,,no_site,,,,,"Δραγατσανίου 6, Αθήνα 105 59, Ελλάδα",,10559,,,,,xe.gr (weekly),,https://www.xe.gr/property/s/mesitiko-grafeio/grad-international-real-estate-group/e7c7f981-d656-416d-9528-fd7bfd2440ed,,
Διακοσταμάτης Real Estate,independent,,,,no_site,,,,,"Τερζόπουλου 12, Αγ. Παρασκευή 153 42, Ελλάδα",,15342,,,,,xe.gr (weekly),,https://www.xe.gr/property/s/mesitiko-grafeio/diakostamaths-real-estate/e6608da1-d6ff-406a-bf62-3e298a333a66,,
Your Place Real Estate Services,independent,,,,no_site,,,,,"Σατωβριάνδου 8, Αθήνα 104 32, Ελλάδα",,10432,,,,,xe.gr (weekly),,https://www.xe.gr/property/s/mesitiko-grafeio/your-place-real-estate-services/4e754777-0485-4290-98b8-e8f08c6cfbdd,,
Kosmos Plan,independent,,,,no_site,,,,,"Ξενοφώντος 15Α, Αθήνα 105 57, Ελλάδα",,10557,,,,,xe.gr (weekly),,https://www.xe.gr/property/s/mesitiko-grafeio/kosmos-plan/5db6fca5-11eb-4d21-af8e-3e36a7a87b6f,,
Attikos Notos,independent,,,,no_site,,,,,"Πλειάδων 10, Άλιμος 174 56, Ελλάδα",,17456,,,,,xe.gr (weekly),,https://www.xe.gr/property/s/mesitiko-grafeio/attikos-notos/8c7c3322-a906-4b49-9df1-466451cd8d89,,
ΜΕΣΙΤΙΚΟ ΓΡΑΦΕΙΟ ΣΑΜΑΡΑ,independent,,,,no_site,,,,,"Γαλάτειας, Μαρούσι 151 24, Ελλάδα",,15124,,,,,xe.gr (weekly),,https://www.xe.gr/property/s/mesitiko-grafeio/mesitiko-grafeio-samara/ca7066cf-5684-428a-91a0-b3d781d44387,,
Luxury Investing Properties,independent,,,,no_site,,,,,"Δωρίδος 27, Νέα Μάκρη 190 05, Ελλάδα",,19005,,,,,xe.gr (weekly),,https://www.xe.gr/property/s/mesitiko-grafeio/luxury-investing-properties/c89aa40c-8bb7-4b6c-b0bc-a79673654dda,,
Royal Suites,independent,,,,no_site,,,,,"Ναπολέοντος Ζέρβα 18, Γλυφάδα 166 75, Ελλάδα",,16675,,,,,xe.gr (weekly),,https://www.xe.gr/property/s/mesitiko-grafeio/royal-suites/8ff0be5c-4d83-454c-95aa-aa8daaa5a0a1,,
Καλό Σπίτι,independent,,,,no_site,,,,,"Κουτσικάρη 29, Αθήνα 115 22, Ελλάδα",,11522,,,,,xe.gr (weekly),,https://www.xe.gr/property/s/mesitiko-grafeio/kalo-spiti/f6d93406-e8da-4ba6-8c6d-07eba818f883,,
Res Real Estate Services,independent,res-services.com,https://res-services.com,https://www.res-services.com/,ok,yes,no,0,,"Λεωφ. Αθηνών Σουνίου 2, Παλαιά Φώκαια 190 13, Ελλάδα",,19013,,,,,xe.gr (weekly); site by domain guess,,https://www.xe.gr/property/s/mesitiko-grafeio/res-real-estate-services/baac2fc8-c7d2-434f-8820-2798da2663ba,,
Sklavenitis Real Estate,independent,,,,no_site,,,,,"Πηγής 22, Σπάτα 190 04, Ελλάδα",,19004,,,,,xe.gr (weekly),,https://www.xe.gr/property/s/mesitiko-grafeio/sklavenitis-real-estate/8c636649-0cfc-4e8a-8943-5a0b7160d818,,
Restart Group Property Management,independent,,,,no_site,,,,,"Σπευσίππου 31, Αθήνα 106 76, Ελλάδα",,10676,,,,,xe.gr (weekly),,https://www.xe.gr/property/s/mesitiko-grafeio/restart-group-property-management/bd3b2b0b-f4e2-4a6d-8e0a-8ff026778e84,,
Marvell Real Estate,independent,,,,no_site,,,,,"Φοίβης 17, Γλυφάδα 166 74, Ελλάδα",,16674,,,,,xe.gr (weekly),,https://www.xe.gr/property/s/mesitiko-grafeio/marvell-real-estate/65b7a7aa-e216-48ae-9d3b-a05f4f179d3b,,
In Property,independent,,,,no_site,,,,,"Ευξείνου Πόντου 189, Παλαιό Φάληρο 175 63, Ελλάδα",,17563,,,,,xe.gr (weekly),,https://www.xe.gr/property/s/mesitiko-grafeio/in-property/c563b258-d414-4ccd-bf16-c867db8442f1,,
Pantazis Real Estate,independent,,,,no_site,,,,,"Ναυάρχου Αποστόλη 19, Αθήνα 105 54, Ελλάδα",,10554,,,,,xe.gr (weekly),,https://www.xe.gr/property/s/mesitiko-grafeio/pantazis-real-estate/9fad2e6f-03a2-4d03-b921-e4aac4246ad3,,
IDEAL HOME Real Estate,independent,,,,no_site,,,,,"Αγράμπελης 4, Κρυονέρι 145 68, Ελλάδα",,14568,,,,,xe.gr (weekly),,https://www.xe.gr/property/s/mesitiko-grafeio/ideal-home-real-estate/ff62248d-563a-4d83-a7f9-a76e1d3405c8,,
Atria Property Services S.A.,independent,,,,no_site,,,,,"Κουμπάρη 2, Αθήνα 106 74, Ελλάδα",,10674,,,,,xe.gr (weekly),,https://www.xe.gr/property/s/mesitiko-grafeio/atria-property-services-s-a/1b9e2604-7435-434a-b876-ad9694e7aa76,,
OMesitismou.GR,independent,,,,no_site,,,,,"Δημ. Γούναρη 11, Μαρούσι 151 24, Ελλάδα",,15124,,,,,xe.gr (weekly),,https://www.xe.gr/property/s/mesitiko-grafeio/omesitismou-gr/30051180-88bd-4b13-bf56-e936901f7ebc,,
OA PROPERTY GROUP,independent,,,,no_site,,,,,"17ης Νοέμβρη 3, Άνω Λιόσια 133 41, Ελλάδα",,13341,,,,,xe.gr (weekly),,https://www.xe.gr/property/s/mesitiko-grafeio/oa-property-group/fa128982-5384-4971-b6f8-94cfc9eed843,,
HELIOS LUXURY ESTATE,independent,,,,no_site,,,,,"Κύπρου 32, Γλυκά Νερά 153 54, Ελλάδα",,15354,,,,,xe.gr (weekly),,https://www.xe.gr/property/s/mesitiko-grafeio/helios-luxury-estate/a9087338-06f6-4de7-be0a-9c6d02b443ce,,
Sokratis Realty,independent,,,,no_site,,,,,"Υμηττού 73, Χολαργός 155 62, Ελλάδα",,15562,,,,,xe.gr (weekly),,https://www.xe.gr/property/s/mesitiko-grafeio/sokratis-realty/59fb4e03-1d4d-44de-9dd6-72752cfbffda,,
Aspis Real Estate Μαρκόπουλο,independent,,,,no_site,,,,,"Δημοσθένη Σωτηρίου, Μαρκόπουλο Μεσογαίας 190 03, Ελλάδα",,19003,,,,,xe.gr (weekly),,https://www.xe.gr/property/s/mesitiko-grafeio/aspis-real-estate-markopoylo/7dc0e1e1-9c7d-4904-bcfe-6a3ad213055a,,
Alex & Partnerts Real Estate IKE,independent,,,,no_site,,,,,"Κλέαρχου 1, Αγ. Δημήτριος Αττικής 173 43, Ελλάδα",,17343,,,,,xe.gr (weekly),,https://www.xe.gr/property/s/mesitiko-grafeio/alex-partnerts-real-estate-ike/ec53611b-cff1-4a6b-9ded-8833fde1b2b2,,
RE/MAX Cosmos,independent,remaxcosmos.gr,https://remaxcosmos.gr,https://remaxcosmos.gr/index,ok,yes,no,0,,"Θησέως 154, Καλλιθέα 176 75, Ελλάδα",,17675,,,,,xe.gr (weekly); site by domain guess,,https://www.xe.gr/property/s/mesitiko-grafeio/re-max-cosmos/b8bb6ac2-02b4-45e5-9e73-7a19ffa9c950,,
Wiki Homes Real Estate,independent,wikihomes.gr,https://wikihomes.gr,https://www.wikihomes.gr/el/home,ok,yes,yes,7,,"Μεσολογγίου 9, Άνοιξη 145 69, Ελλάδα",,14569,,,,,xe.gr (weekly); site by domain guess,,https://www.xe.gr/property/s/mesitiko-grafeio/wiki-homes-real-estate/11a91b68-86a1-4558-9119-6f2c4f256b80,,
Πρότυπο Real Estate,independent,,,,no_site,,,,,"Υακίνθου 7, Περιστέρι 121 37, Ελλάδα",,12137,,,,,xe.gr (weekly),,https://www.xe.gr/property/s/mesitiko-grafeio/protypo-real-estate/7fad9388-8c5f-416b-8fc7-3d2c67ebb131,,
Βιντζηλαίος & Συνεργάτες,independent,,,,no_site,,,,,"Χαραυγής 33, Χαλάνδρι 152 32, Ελλάδα",,15232,,,,,xe.gr (weekly),,https://www.xe.gr/property/s/mesitiko-grafeio/vintzhlaios-synergates/2269d357-a83b-40e6-97f4-a6934b9c5766,,
Aegean Luxury,independent,,,,no_site,,,,,"Αγίου Ιωάννη Θεολόγου 41, Χολαργός 155 61, Ελλάδα",,15561,,,,,xe.gr (weekly),,https://www.xe.gr/property/s/mesitiko-grafeio/aegean-luxury/7cd4cf74-040a-42fc-a42e-e0938f57e831,,
Cubical Property Management,independent,,,,no_site,,,,,"Βασ. Σοφίας 54, Αθήνα 115 28, Ελλάδα",,11528,,,,,xe.gr (weekly),,https://www.xe.gr/property/s/mesitiko-grafeio/cubical-property-management/3f05aa0c-85b4-485a-a40e-95dec104253c,,
Home 88,independent,,,,no_site,,,,,"Σαρωνικού, Ηλιούπολη 163 45, Ελλάδα",,16345,,,,,xe.gr (weekly),,https://www.xe.gr/property/s/mesitiko-grafeio/home-88/6a0c1dd4-f4e7-4daa-8212-05421197da21,,
Irigh Real Estate,independent,,,,no_site,,,,,"Αγίου Κωνσταντίνου 6, Αθήνα 104 31, Ελλάδα",,10431,,,,,xe.gr (weekly),,https://www.xe.gr/property/s/mesitiko-grafeio/irigh-real-estate/1869edc3-bf21-42bb-8cab-79aadee4d33c,,
Alas Realty,independent,,,,no_site,,,,,"Κολοκοτρώνη 54, Βύρωνας 162 32, Ελλάδα",,16232,,,,,xe.gr (weekly),,https://www.xe.gr/property/s/mesitiko-grafeio/alas-realty/2fe8fa99-024c-4c00-9fd4-ed2f2d6f4931,,
Mirage Real Estate Agents,independent,,,,no_site,,,,,"Πέτρου Ράλλη 8, Αθήνα 118 55, Ελλάδα",,11855,,,,,xe.gr (weekly),,https://www.xe.gr/property/s/mesitiko-grafeio/mirage-real-estate-agents/24dfa691-5275-41ed-886b-f24b0b2ecc75,,
VERNADAKIS PROPERTIES,independent,,,,no_site,,,,,"Αγίου Ιωάννου 18-20, Αγ. Παρασκευή 153 42, Ελλάδα",,15342,,,,,xe.gr (weekly),,https://www.xe.gr/property/s/mesitiko-grafeio/vernadakis-properties/1e5273df-70d1-4a82-8041-7045f0b27cd9,,
Geoatik Real Estate,independent,,,,no_site,,,,,"Σαρωνικός 190 10, Ελλάδα",,19010,,,,,xe.gr (weekly),,https://www.xe.gr/property/s/mesitiko-grafeio/geoatik-real-estate/fc473e7b-9709-41fd-83c4-22c322e4d523,,
propertyhunters.gr,independent,,,,no_site,,,,,"Καπανδρίτι 190 14, Ελλάδα",,19014,,,,,xe.gr (weekly),,https://www.xe.gr/property/s/mesitiko-grafeio/propertyhunters-gr/ae51844a-6077-4b7f-a89c-33ca25e1138c,,
Χαρτουλάρη Αικατερίνη,independent,,,,no_site,,,,,"Δασκαρόλη 34, Γλυφάδα 166 75, Ελλάδα",,16675,,,,,xe.gr (weekly),,https://www.xe.gr/property/s/mesitiko-grafeio/chartoylarh-aikaterinh/cb7eb76b-f4cf-4673-8ebf-8536ae0f03e5,,
Αθηναϊκή Γη,independent,,,,no_site,,,,,"Μοσχάτο 183 44, Ελλάδα",,18344,,,,,xe.gr (weekly),,https://www.xe.gr/property/s/mesitiko-grafeio/athhnaikh-gh/319959b9-c783-4920-8ca8-efee031669da,,
Κτηματομεσιτικό Επένδυση,independent,,,,no_site,,,,,"Μεσολογγίου 22, Νέα Ιωνία 142 31, Ελλάδα",,14231,,,,,xe.gr (weekly),,https://www.xe.gr/property/s/mesitiko-grafeio/kthmatomesitiko-ependysh/6b592917-9a5b-433d-b1ae-ffd26954360e,,
Real Hospitum,independent,,,,no_site,,,,,"25ης Μαρτίου 46, κ, Πετρούπολη 132 31, Ελλάδα",,13231,,,,,xe.gr (weekly),,https://www.xe.gr/property/s/mesitiko-grafeio/real-hospitum/ae6bb302-532e-4a83-8491-a6124e7b1191,,
Kymba,independent,,,,no_site,,,,,"Ελ. Βενιζέλου 44, Αθήνα 106 79, Ελλάδα",,10679,,,,,xe.gr (weekly),,https://www.xe.gr/property/s/mesitiko-grafeio/kymba/8b130139-49d8-4d24-88f3-769438e69405,,
Specialized Building Services,independent,,,,no_site,,,,,"Λεωφ. Ελ. Βενιζέλου 57, Γλυφάδα 165 61, Ελλάδα",,16561,,,,,xe.gr (weekly),,https://www.xe.gr/property/s/mesitiko-grafeio/specialized-building-services/60454297-c552-4d6e-9d17-da08058c3c55,,
City Lifestyle Homes,independent,,,,no_site,,,,,"Σπαρτιατών 37, Γαλάτσι 111 47, Ελλάδα",,11147,,,,,xe.gr (weekly),,https://www.xe.gr/property/s/mesitiko-grafeio/city-lifestyle-homes/89ebd1e3-d75f-46cd-b6ea-5f9d80bc0b43,,
Smart Properties,independent,,,,no_site,,,,,"Αχιλλέως 59, Παλαιό Φάληρο 175 62, Ελλάδα",,17562,,,,,xe.gr (weekly),,https://www.xe.gr/property/s/mesitiko-grafeio/smart-properties/5908b6c3-5262-4a5a-bfe7-4ebf2481aba2,,
V&M Properties,independent,,,,no_site,,,,,"Φιλολάου 19, Αθήνα 116 33, Ελλάδα",,11633,,,,,xe.gr (weekly),,https://www.xe.gr/property/s/mesitiko-grafeio/v-m-properties/b1333991-273a-471a-9000-236944bf9cc5,,
Hellenic Real Estate,independent,,,,no_site,,,,,"Κοτζιά 3, Άλιμος 174 55, Ελλάδα",,17455,,,,,xe.gr (weekly),,https://www.xe.gr/property/s/mesitiko-grafeio/hellenic-real-estate/672f9061-93f9-484f-8cf0-531833aee17f,,
Neoclassical Estates,independent,,,,no_site,,,,,"Ωρωπού 5-7, Γαλάτσι 111 41, Ελλάδα",,11141,,,,,xe.gr (weekly),,https://www.xe.gr/property/s/mesitiko-grafeio/neoclassical-estates/b703adac-0c85-46a7-8735-a6084d04d556,,
Nova Terra,independent,nova-terra.gr,https://nova-terra.gr,https://www.nova-terra.gr/en/home,ok,yes,maybe,3,,"Ιωάννη Μεταξά 33, α, Βούλα 166 73, Ελλάδα",,16673,,,,,xe.gr (weekly); site by domain guess,,https://www.xe.gr/property/s/mesitiko-grafeio/nova-terra/7fca3062-33bd-4042-bcd3-8410730c39c1,,
Moniakis Real Estate & Construction,independent,,,,no_site,,,,,"Αφιδνών, Αφίδνες 190 14, Ελλάδα",,19014,,,,,xe.gr (weekly),,https://www.xe.gr/property/s/mesitiko-grafeio/moniakis-real-estate-construction/fbeda12c-8731-40e5-97d7-51178c737b02,,
Aspis Real Estate Αμπελόκηποι-Ψυχικό,independent,,,,no_site,,,,,"Σιθωνίας 19, Αθήνα 115 22, Ελλάδα",,11522,,,,,xe.gr (weekly),,https://www.xe.gr/property/s/mesitiko-grafeio/aspis-real-estate-ampelokhpoi-psychiko/28c8be35-3349-43af-9860-c6c6529343eb,,
RE/MAX Ergon,independent,,,,no_site,,,,,"Ύδρας 4, Νέο Ψυχικό 154 51, Ελλάδα",,15451,,,,,xe.gr (weekly),,https://www.xe.gr/property/s/mesitiko-grafeio/re-max-ergon/c89e263d-2dd2-4fb2-9ef2-2d58d21b4971,,
TMD Solutions,independent,,,,no_site,,,,,"Λεωνίδου 48, Αθήνα 104 36, Ελλάδα",,10436,,,,,xe.gr (weekly),,https://www.xe.gr/property/s/mesitiko-grafeio/tmd-solutions/dd14d75e-0b19-4434-abbe-d991ce3f7938,,
Λιάρου Βάνα,independent,,,,no_site,,,,,"Αργοστολίου 45, Αγ. Δημήτριος Αττικής 173 42, Ελλάδα",,17342,,,,,xe.gr (weekly),,https://www.xe.gr/property/s/mesitiko-grafeio/liaroy-vana/84f8d482-0eb7-4c7e-92bb-90e403dd38c2,,
GKHome Real Estate,independent,,,,no_site,,,,,"Στρ. Μακρυγιάννη 14, Γαλάτσι 111 47, Ελλάδα",,11147,,,,,xe.gr (weekly),,https://www.xe.gr/property/s/mesitiko-grafeio/gkhome-real-estate/888b386b-aa95-41c6-b646-42dc1785e4ff,,
Οικοκτηματική,independent,,,,no_site,,,,,"Αλκυόνης 10, 12, Παλαιό Φάληρο 175 61, Ελλάδα",,17561,,,,,xe.gr (weekly),,https://www.xe.gr/property/s/mesitiko-grafeio/oikokthmatikh/7ace6a47-29fb-4cfa-a0ef-f2046967a9af,,
Ταμείο Αξιοποίησης Ιδιωτικής Περιουσίας Του Δημοσίου ΑΕ,independent,,,,no_site,,,,,"Καραγιώργη Σερβίας 6, Αθήνα 105 62, Ελλάδα",,10562,,,,,xe.gr (weekly),,https://www.xe.gr/property/s/mesitiko-grafeio/tameio-axiopoihshs-idiwtikhs-perioysias-toy-dhmosioy-ae/1d17b390-bd63-4bff-a6a0-33ae728fb297,,
Alpha Invest,independent,,,,no_site,,,,,"Δημοκρίτου 12, Αθήνα 106 73, Ελλάδα",,10673,,,,,xe.gr (weekly),,https://www.xe.gr/property/s/mesitiko-grafeio/alpha-invest/3751d195-59d2-4b15-89fb-a1dc0439e989,,
Σιντόρη & Συνεργάτες,independent,,,,no_site,,,,,"Στουρνάρη 16, Αθήνα 106 83, Ελλάδα",,10683,,,,,xe.gr (weekly),,https://www.xe.gr/property/s/mesitiko-grafeio/sintorh-synergates/d2275994-25c7-402f-9e11-d092e0832a13,,
Home & Key Real estate,independent,,,,no_site,,,,,"Δημόκριτου 11, Θρακομακεδόνες 136 76, Ελλάδα",,13676,,,,,xe.gr (weekly),,https://www.xe.gr/property/s/mesitiko-grafeio/home-key-real-estate/d4bf2c5c-3cbd-4451-a64d-5b46fccd52ca,,
Checkarthome,independent,checkarthome.gr,https://checkarthome.gr,https://checkarthome.gr,ok,yes,maybe,0,wordpress;estatik,"Σταδίου 39, Αθήνα 105 59, Ελλάδα",,10559,,,,,xe.gr (weekly); site by domain guess,,https://www.xe.gr/property/s/mesitiko-grafeio/checkarthome/f16687ed-7090-48bc-a86a-4143b8240adb,,
FindAproperty,independent,,,,no_site,,,,,"Ανατολικής Ρωμυλίας 23, Παπάγου 156 69, Ελλάδα",,15669,,,,,xe.gr (weekly),,https://www.xe.gr/property/s/mesitiko-grafeio/findaproperty/da74fde6-554a-44be-9436-4ba447256570,,
Unique Properties,independent,,,,no_site,,,,,"Πανόραμα, Βούλα 166 73, Ελλάδα",,16673,,,,,xe.gr (weekly),,https://www.xe.gr/property/s/mesitiko-grafeio/unique-properties/0a8ed000-b912-4a5e-975b-e21bb826fde2,,
Secret Key Real Estate,independent,,,,no_site,,,,,"Ποσειδώνος 30, Γλυφάδα 166 74, Ελλάδα",,16674,,,,,xe.gr (weekly),,https://www.xe.gr/property/s/mesitiko-grafeio/secret-key-real-estate/90906413-53e4-4a90-912f-1edfd9adb2b5,,
Royal Residential Investments,independent,royalresidentialinvestments.gr,https://royalresidentialinvestments.gr,https://www.royalresidentialinvestments.gr/,ok,no,yes,25,,"Ναπολέοντος Ζέρβα 18, Γλυφάδα 166 75, Ελλάδα",,16675,,,,,xe.gr (weekly); site by domain guess,,https://www.xe.gr/property/s/mesitiko-grafeio/royal-residential-investments/b0035751-ac70-47f7-9bff-987dead6ac73,,
GET PROPERTY REAL ESTATE AGENCY,independent,,,,no_site,,,,,"Σαλαμίνος 35, Μαρούσι 151 24, Ελλάδα",,15124,,,,,xe.gr (weekly),,https://www.xe.gr/property/s/mesitiko-grafeio/get-property-real-estate-agency/bd36d1d6-3349-4320-91bb-ca4b7ed7fa58,,
VestaLand,independent,vestaland.gr,https://vestaland.gr,https://www.vestaland.gr/el/home,ok,yes,yes,12,,"Λεωφ. Δημοκρατίας 8, Μελίσσια 151 27, Ελλάδα",,15127,,,,,xe.gr (weekly); site by domain guess,,https://www.xe.gr/property/s/mesitiko-grafeio/vestaland/39f13769-5e6b-46a8-9a58-6d649be40166,,
Theogenis Real Estate,independent,,,,no_site,,,,,"Δάφνης 6, Καλλιθέα 176 74, Ελλάδα",,17674,,,,,xe.gr (weekly),,https://www.xe.gr/property/s/mesitiko-grafeio/theogenis-real-estate/1e6e36a8-49d7-4f0b-ae2c-83cef49b2e9e,,
Mamaproject,independent,,,,no_site,,,,,"Λεωφ. Πεντέλης 103, Χαλάνδρι 152 34, Ελλάδα",,15234,,,,,xe.gr (weekly),,https://www.xe.gr/property/s/mesitiko-grafeio/mamaproject/df907243-a459-44e9-8d78-54c98e33b85d,,
Prima Casa Real Estate,independent,,,,no_site,,,,,"Λεωφ. Μεσογείων 208, Χολαργός 155 61, Ελλάδα",,15561,,,,,xe.gr (weekly),,https://www.xe.gr/property/s/mesitiko-grafeio/prima-casa-real-estate/6ba6d3a3-ec37-4840-a4fb-75f78386fe1c,,
KW Athens Center,independent,,,,no_site,,,,,"Λεωφ. Βασιλίσσης Σοφίας 10, Αθήνα 106 74, Ελλάδα",,10674,,,,,xe.gr (weekly),,https://www.xe.gr/property/s/mesitiko-grafeio/kw-athens-center/21039103-5a95-4fd3-808d-77011196b14d,,
Alfa Properties,independent,alfa-realestate.gr,https://alfa-realestate.gr,,error,,,,,"Κουντουριώτου 27, Κηφισιά 145 63, Ελλάδα",,14563,,,,,xe.gr (weekly); site by domain guess,,https://www.xe.gr/property/s/mesitiko-grafeio/alfa-properties/46286cc4-d4ee-4dfa-b398-f19297cd7923,,
Kitty J. Laios,independent,,,,no_site,,,,,"Χαρ. Τρικούπη 141, Νέα Ερυθραία 146 71, Ελλάδα",,14671,,,,,xe.gr (weekly),,https://www.xe.gr/property/s/mesitiko-grafeio/kitty-j-laios/9e4a75d8-93cb-426e-b61c-18b7b48a2622,,
RE/MAX Friends,independent,remaxfriends.gr,https://remaxfriends.gr,https://www.remaxfriends.gr/el/home,ok,yes,yes,7,,"Φαβιέρου 39, Αθήνα 104 38, Ελλάδα",,10438,,,,,xe.gr (weekly); site by domain guess,,https://www.xe.gr/property/s/mesitiko-grafeio/re-max-friends/aaa35b30-7e8b-4bc4-8430-58f9ff351c2d,,
ELITE KTISMA REAL ESTATE,independent,,,,no_site,,,,,"Φειδίου 25, Κερατέα 190 01, Ελλάδα",,19001,,,,,xe.gr (weekly),,https://www.xe.gr/property/s/mesitiko-grafeio/elite-ktisma-real-estate/74c10d0c-df1a-4c8d-a479-d7cc7274858d,,
Landmar Property Management,independent,,,,no_site,,,,,"Λεωφ. Κηφισίας 325, Κηφισιά 145 61, Ελλάδα",,14561,,,,,xe.gr (weekly),,https://www.xe.gr/property/s/mesitiko-grafeio/landmar-property-management/2763bee3-8fe6-4e5f-8fff-e2d126162eba,,
Wonder International Realty,independent,,,,no_site,,,,,"Λεωφ. Βασιλέως Παύλου 6, Βούλα 166 73, Ελλάδα",,16673,,,,,xe.gr (weekly),,https://www.xe.gr/property/s/mesitiko-grafeio/wonder-international-realty/89c943db-99ea-4bcd-8c75-7c3f88cc6ec9,,
Magna Real Estate,independent,magnaestate.gr,https://magnaestate.gr,https://www.magnaestate.gr/,ok,no,yes,31,,"Κοσμά Αιτωλού 11, Πεύκη 151 21, Ελλάδα",,15121,,,,,xe.gr (weekly); site by domain guess,,https://www.xe.gr/property/s/mesitiko-grafeio/magna-real-estate/0bb8ee90-f340-47ec-a5e4-2786a859052e,,
HUBitus,independent,,,,no_site,,,,,"Κώστα Βάρναλη 19, Νέα Ερυθραία 146 71, Ελλάδα",,14671,,,,,xe.gr (weekly),,https://www.xe.gr/property/s/mesitiko-grafeio/hubitus/eb92d294-b590-4144-9357-56b978bd787c,,
Global Home,independent,,,,no_site,,,,,"Αμερικής 15, Αθήνα 106 72, Ελλάδα",,10672,,,,,xe.gr (weekly),,https://www.xe.gr/property/s/mesitiko-grafeio/global-home/b91fca07-05b0-4eb0-8d6c-740664b48da9,,
Plan B,independent,,,,no_site,,,,,"Τατάκη 10, Γλυφάδα 166 75, Ελλάδα",,16675,,,,,xe.gr (weekly),,https://www.xe.gr/property/s/mesitiko-grafeio/plan-b/ab822d12-1cfa-4daa-bdac-9a1f60f9dd3e,,
Γιαλαμάς Παναγιώτης,independent,,,,no_site,,,,,"Αρχιμήδους 16, Περιστέρι 121 34, Ελλάδα",,12134,,,,,xe.gr (weekly),,https://www.xe.gr/property/s/mesitiko-grafeio/gialamas-panagiwths/93e60212-f1aa-44fc-a574-944622771545,,
Intercasa,independent,intercasa.gr,https://intercasa.gr,,error,,,,,"Λεωφ. Πεντέλης 39Α, Βριλήσσια 152 35, Ελλάδα",,15235,,,,,xe.gr (weekly); site by domain guess,,https://www.xe.gr/property/s/mesitiko-grafeio/intercasa/a21612f7-e93a-4a97-a5b7-a30820ef2b37,,
Dita Athens Real Estate,independent,ditarealestate.gr,https://ditarealestate.gr,https://www.ditarealestate.gr/el/home,ok,yes,yes,8,,"Αλεξανδρείας 34, Αθήνα 104 42, Ελλάδα",,10442,,,,,xe.gr (weekly); site by domain guess,,https://www.xe.gr/property/s/mesitiko-grafeio/dita-athens-real-estate/b0997dd9-b7ef-4afe-b10d-91befaab51d1,,
ENA,independent,,,,no_site,,,,,"Νεαπόλεως 15, Νέα Φιλαδέλφεια Αττικής 143 41, Ελλάδα",,14341,,,,,xe.gr (weekly),,https://www.xe.gr/property/s/mesitiko-grafeio/ena/f55a59c7-62e2-43fd-82c2-ec05b4ea9d9b,,
Σπίτι Online,independent,spitionline.gr,https://spitionline.gr,https://spitionline.gr/el,ok,yes,yes,42,,"Λόρδου Βύρωνος 4, Νέα Ιωνία 142 32, Ελλάδα",,14232,,,,,xe.gr (weekly); site by domain guess,,https://www.xe.gr/property/s/mesitiko-grafeio/spiti-online/a21a8c87-4447-4a34-8768-26c0a3e633d2,,
Home In,independent,,,,no_site,,,,,"Θηβών 380, Αιγάλεω 122 42, Ελλάδα",,12242,,,,,xe.gr (weekly),,https://www.xe.gr/property/s/mesitiko-grafeio/home-in/49f32b24-9357-453e-b884-df1319a15aa4,,
IBPG,independent,,,,no_site,,,,,"Κολοκοτρώνη 9, Κηφισιά 145 62, Ελλάδα",,14562,,,,,xe.gr (weekly),,https://www.xe.gr/property/s/mesitiko-grafeio/ibpg/528d0b3b-7807-4ebd-aa1d-0d7ae81870ba,,
TRD Properties,independent,,,,no_site,,,,,"Μετεώρων 39, Γλυφάδα 165 61, Ελλάδα",,16561,,,,,xe.gr (weekly),,https://www.xe.gr/property/s/mesitiko-grafeio/trd-properties/fa89ccc9-25a1-4b8c-bf95-66e802b900e4,,
Aspis Real Estate Αμαρουσίου,independent,,,,no_site,,,,,"Οδός Πεντέλης 17, Μαρούσι 151 26, Ελλάδα",,15126,,,,,xe.gr (weekly),,https://www.xe.gr/property/s/mesitiko-grafeio/aspis-real-estate-amaroysioy/0048f4ef-899e-4dbc-8a4c-47915e7d40dd,,
Greecing,independent,,,,no_site,,,,,"Νερατζιωτίσσης 15, Μαρούσι 151 24, Ελλάδα",,15124,,,,,xe.gr (weekly),,https://www.xe.gr/property/s/mesitiko-grafeio/greecing/7eded450-a67d-4e7d-9d8c-4e8c9684f905,,
Union Properties,independent,,,,no_site,,,,,"Ερμού 16, Μαρκόπουλο Μεσογαίας 190 03, Ελλάδα",,19003,,,,,xe.gr (weekly),,https://www.xe.gr/property/s/mesitiko-grafeio/union-properties/a383d2f5-01fd-49f8-962f-8b2b5cd30009,,
Attica Real Estate Management,independent,,,,no_site,,,,,"Καλλιθέα 176 74, Ελλάδα",,17674,,,,,xe.gr (weekly),,https://www.xe.gr/property/s/mesitiko-grafeio/attica-real-estate-management/452bd510-503d-4f20-9fc4-b2271464bebc,,
Greek Casa,independent,,,,no_site,,,,,"Γκινοσάτη 8, Μεταμόρφωση 144 52, Ελλάδα",,14452,,,,,xe.gr (weekly),,https://www.xe.gr/property/s/mesitiko-grafeio/greek-casa/07eaf1a5-dbd5-418e-a9f2-be269f093226,,
Ελπίς,independent,,,,no_site,,,,,"Στρ. Καραϊσκάκη 81, Χαϊδάρι 124 61, Ελλάδα",,12461,,,,,xe.gr (weekly),,https://www.xe.gr/property/s/mesitiko-grafeio/elpis/9da914f5-5552-4091-956e-f6c3e95bbdea,,
Ε. Τόλια Ευρωκτηματομεσιτική,independent,,,,no_site,,,,,"Ομήρου 41, Αθήνα 106 72, Ελλάδα",,10672,,,,,xe.gr (weekly),,https://www.xe.gr/property/s/mesitiko-grafeio/e-tolia-eyrwkthmatomesitikh/3abcecc2-4ed8-4d6a-97be-ef3568c303b3,,
Delta Alfa Real Estate,independent,delta-alfarealestate.gr,https://delta-alfarealestate.gr,https://www.delta-alfarealestate.gr/,ok,yes,maybe,0,wordpress,"Μητροπόλεως 43, Μαρούσι 151 24, Ελλάδα",,15124,,,,,xe.gr (weekly); site by domain guess,,https://www.xe.gr/property/s/mesitiko-grafeio/delta-alfa-real-estate/1f781a0c-5272-4ebf-94e0-be2d82a15d52,,
Golden Section Property Services,independent,,,,no_site,,,,,"Λεωφ. Βασιλέως Παύλου 115, Βούλα 166 73, Ελλάδα",,16673,,,,,xe.gr (weekly),,https://www.xe.gr/property/s/mesitiko-grafeio/golden-section-property-services/cef0c2ca-3a10-4a37-adc9-25c0f13bc825,,
Green Bricks,independent,,,,no_site,,,,,"Αλεξανδρουπόλεως 23, Αθήνα 115 27, Ελλάδα",,11527,,,,,xe.gr (weekly),,https://www.xe.gr/property/s/mesitiko-grafeio/green-bricks/fac6f251-ab03-487d-8612-90b5b5719f13,,
Realyst,independent,,,,no_site,,,,,"Λεωφ. Μεσογείων 482, Αγ. Παρασκευή 153 42, Ελλάδα",,15342,,,,,xe.gr (weekly),,https://www.xe.gr/property/s/mesitiko-grafeio/realyst/86ba4383-c2fb-41a7-990e-37ff9316550f,,
Αγκούτογλου Αρχιτεκτονικό - Μεσιτικό Γραφείο,independent,,,,no_site,,,,,"Χλόης 3, Σαρωνίδα 190 13, Ελλάδα",,19013,,,,,xe.gr (weekly),,https://www.xe.gr/property/s/mesitiko-grafeio/agkoytogloy-architektoniko-mesitiko-grafeio/c2fac567-c616-44b0-b124-b88145922da0,,
Time Real Estate,independent,timerealestate.gr,https://timerealestate.gr,https://www.timerealestate.gr/,ok,yes,yes,32,,"Μεγ. Αλεξάνδρου 75, Νέα Σμύρνη 171 22, Ελλάδα",,17122,,,,,xe.gr (weekly); site by domain guess,,https://www.xe.gr/property/s/mesitiko-grafeio/time-real-estate/13980007-a8b0-4f73-a516-62930afe689c,,
Levecon Construction & Development,independent,,,,no_site,,,,,"Δραγούμη 2, Κηφισιά 145 61, Ελλάδα",,14561,,,,,xe.gr (weekly),,https://www.xe.gr/property/s/mesitiko-grafeio/levecon-construction-development/08b5b08e-cd41-43ea-ac49-4270d8dc2f6b,,
MD real estate,independent,,,,no_site,,,,,"Λεωφ. Ανδρέα Συγγρού 106, Αθήνα 117 41, Ελλάδα",,11741,,,,,xe.gr (weekly),,https://www.xe.gr/property/s/mesitiko-grafeio/md-real-estate/e3ca13a6-a08b-4cb2-9161-33fe55f54945,,
Karasso Maya Moshe,independent,,,,no_site,,,,,"Αντιπάτρου 29, Αθήνα 118 53, Ελλάδα",,11853,,,,,xe.gr (weekly),,https://www.xe.gr/property/s/mesitiko-grafeio/karasso-maya-moshe/957fd9ed-32f8-46be-846b-e0d1433888f1,,
The Realtops,independent,,,,no_site,,,,,"Ναυαρίνου 9, Χαλάνδρι 152 32, Ελλάδα",,15232,,,,,xe.gr (weekly),,https://www.xe.gr/property/s/mesitiko-grafeio/the-realtops/af8323cc-8993-4d9f-8d7b-e4de777bf345,,
DK Athens Real Estate,independent,,,,no_site,,,,,"Γρ. Κουσίδη 35, Ζωγράφου 157 72, Ελλάδα",,15772,,,,,xe.gr (weekly),,https://www.xe.gr/property/s/mesitiko-grafeio/dk-athens-real-estate/efbd1bcc-bcc3-4f26-ba43-359d5f01052b,,
Voulgaris Kourtiou & Associates,independent,,,,no_site,,,,,"Στενημάχου 34, Νέα Σμύρνη 171 24, Ελλάδα",,17124,,,,,xe.gr (weekly),,https://www.xe.gr/property/s/mesitiko-grafeio/voulgaris-kourtiou-associates/688920cb-28c1-49c6-a1b6-7c4707e9abd8,,
Property Land,independent,,,,no_site,,,,,"Αγγέλου Σικελιανού 2, Νέο Ψυχικό 154 51, Ελλάδα",,15451,,,,,xe.gr (weekly),,https://www.xe.gr/property/s/mesitiko-grafeio/property-land/dcbb5fe3-53e7-4b9d-943b-10389eeb445a,,
Savills Hellas,independent,,,,no_site,,,,,"Λουίζης Ριανκούρ 64, Αθήνα 115 23, Ελλάδα",,11523,,,,,xe.gr (weekly),,https://www.xe.gr/property/s/mesitiko-grafeio/savills-hellas/0da4e337-880c-4cfb-a65f-68d8d746bc6f,,
WeReal,independent,,,,no_site,,,,,"Ευδόξου 58, Αθήνα 117 43, Ελλάδα",,11743,,,,,xe.gr (weekly),,https://www.xe.gr/property/s/mesitiko-grafeio/wereal/bedb66b7-b60f-49ec-9b3c-e21ae90ea867,,
Real View,independent,,,,no_site,,,,,"Βασ. Σοφίας 92, Αθήνα 115 28, Ελλάδα",,11528,,,,,xe.gr (weekly),,https://www.xe.gr/property/s/mesitiko-grafeio/real-view/4805d7e1-1618-4666-910f-d59edf810222,,
Keller Williams Solutions Group,independent,,,,no_site,,,,,"Σωρού 69, Μαρούσι 151 25, Ελλάδα",,15125,,,,,xe.gr (weekly),,https://www.xe.gr/property/s/mesitiko-grafeio/keller-williams-solutions-group/956e68b2-788b-4c74-81d2-9b67703f27ef,,
Μεσιτική,independent,,,,no_site,,,,,"Σίνα 50, Αθήνα 106 72, Ελλάδα",,10672,,,,,xe.gr (weekly),,https://www.xe.gr/property/s/mesitiko-grafeio/mesitikh/31b261f1-6f0a-41f8-8500-9d1914061a90,,
Κυριάκος Χατζόπουλος,independent,,,,no_site,,,,,"Κλιμάνογλου 15, 22, Νέα Φιλαδέλφεια Αττικής 143 42, Ελλάδα",,14342,,,,,xe.gr (weekly),,https://www.xe.gr/property/s/mesitiko-grafeio/kyriakos-chatzopoylos/53993a35-2a8f-46d7-b275-c14777155e58,,
Γιώργος Μαρκουλάκης,independent,,,,no_site,,,,,"Κονοπισοπούλου 5, Αθήνα 115 24, Ελλάδα",,11524,,,,,xe.gr (weekly),,https://www.xe.gr/property/s/mesitiko-grafeio/giwrgos-markoylakhs/376c4a9f-ba41-4104-b4fb-902de2d2b51f,,
Dragons Group,independent,,,,no_site,,,,,"Λεωφ. Κυπρίων Ηρώων 82, Ηλιούπολη 163 41, Ελλάδα",,16341,,,,,xe.gr (weekly),,https://www.xe.gr/property/s/mesitiko-grafeio/dragons-group/3b5be220-c02c-43ae-9851-3232e29c408a,,
REMAX Together,independent,,,,no_site,,,,,"Μικράς Ασίας 1, Αθήνα 115 27, Ελλάδα",,11527,,,,,xe.gr (weekly),,https://www.xe.gr/property/s/mesitiko-grafeio/remax-together/2d90c3d5-d146-480d-ad64-48a410a3edcb,,
Artecon,independent,,,,no_site,,,,,"Φιλαρέτου 9, Γαλάτσι 111 47, Ελλάδα",,11147,,,,,xe.gr (weekly),,https://www.xe.gr/property/s/mesitiko-grafeio/artecon/064157f6-3bd7-4b07-8973-57be1c5359ea,,
Veneri Real Estate,independent,,,,no_site,,,,,"Σταδίου 61, Αθήνα 105 51, Ελλάδα",,10551,,,,,xe.gr (weekly),,https://www.xe.gr/property/s/mesitiko-grafeio/veneri-real-estate/f1ebd5ac-7013-486f-8e93-7effbaacfc3f,,
Τσετσενέκου Παναγιώτα,independent,,,,no_site,,,,,"Περικλέους 8, Παλαιό Φάληρο 175 63, Ελλάδα",,17563,,,,,xe.gr (weekly),,https://www.xe.gr/property/s/mesitiko-grafeio/tsetsenekoy-panagiwta/dbe9c4fd-4e8d-41c1-b25d-56f51a5beb80,,
Attica House,independent,,,,no_site,,,,,"Αγίου Ιωάννου 23Β, Αγ. Παρασκευή 153 42, Ελλάδα",,15342,,,,,xe.gr (weekly),,https://www.xe.gr/property/s/mesitiko-grafeio/attica-house/de36a140-55f0-4036-82c1-cb1637245a4f,,
Atlas,independent,,,,no_site,,,,,"Ηχούς 44, 51, Παλαιό Φάληρο 175 64, Ελλάδα",,17564,,,,,xe.gr (weekly),,https://www.xe.gr/property/s/mesitiko-grafeio/atlas/04a0346b-c359-4ae1-95b1-bbeb725440a5,,
Mg Real Estate,independent,,,,no_site,,,,,"Αριστόβουλου 8, Αθήνα 118 53, Ελλάδα",,11853,,,,,xe.gr (weekly),,https://www.xe.gr/property/s/mesitiko-grafeio/mg-real-estate/802cf83b-34f2-4cf9-b9a3-8206cdad8fe2,,
AthensBNB Kτηματική ΑE,independent,,,,no_site,,,,,"Πέτρας 20, Αθήνα 104 44, Ελλάδα",,10444,,,,,xe.gr (weekly),,https://www.xe.gr/property/s/mesitiko-grafeio/athensbnb-kthmatikh-ae/b67669fa-6ce7-4880-ba1d-5b0a4240106b,,
Living Group,independent,,,,no_site,,,,,"Σταδίου 57, Αθήνα 105 51, Ελλάδα",,10551,,,,,xe.gr (weekly),,https://www.xe.gr/property/s/mesitiko-grafeio/living-group/987b5618-123c-42b2-91cf-1f97738fb523,,
Engel & Volkers,independent,engelvolkers.gr,https://engelvolkers.gr,https://www.engelvoelkers.com/gr/el,ok,yes,yes,61,,"Λεωφ. Μεσογείων 2-4, Αθήνα 115 27, Ελλάδα",,11527,,,,,xe.gr (weekly); site by domain guess,,https://www.xe.gr/property/s/mesitiko-grafeio/engel-volkers/07edc401-b179-483a-8708-1f2f61633324,,
Haven Home,independent,,,,no_site,,,,,"Αλέκου Παναγούλη 16, Νέα Ιωνία 142 34, Ελλάδα",,14234,,,,,xe.gr (weekly),,https://www.xe.gr/property/s/mesitiko-grafeio/haven-home/b703cf4c-4377-4f56-80c9-878c2f81de47,,
Toufekoulas-Real Estate,independent,,,,no_site,,,,,"Καισαριανή 161 21, Ελλάδα",,16121,,,,,xe.gr (weekly),,https://www.xe.gr/property/s/mesitiko-grafeio/toufekoulas-real-estate/54fbf577-5051-49fb-8b2d-1dcbbd7b8508,,
ΚΟΝΤΟΛΕΩΝ ΠΑΠΑΔΟΠΟΥΛΟΣ ΑΕ,independent,,,,no_site,,,,,"Λεωφ. Δημάρχου Αγγέλου Μεταξά 70, Γλυφάδα 166 74, Ελλάδα",,16674,,,,,xe.gr (weekly),,https://www.xe.gr/property/s/mesitiko-grafeio/kontolewn-papadopoylos-ae/32b30331-e3d6-4e9b-a65d-1bc0aadb22ae,,
Instant Properties,independent,,,,no_site,,,,,"Νικηταρά 6, Αθήνα 106 78, Ελλάδα",,10678,,,,,xe.gr (weekly),,https://www.xe.gr/property/s/mesitiko-grafeio/instant-properties/5ff64510-5e60-4057-a32a-ce84b1368d06,,
D&S Properties,independent,,,,no_site,,,,,"Παράσχου 127, 129, Αθήνα 114 75, Ελλάδα",,11475,,,,,xe.gr (weekly),,https://www.xe.gr/property/s/mesitiko-grafeio/d-s-properties/184dda54-2219-474e-a769-8bd5cebb53a1,,
Realty One Group,independent,,,,no_site,,,,,"Αυγής 60, Κηφισιά 145 64, Ελλάδα",,14564,,,,,xe.gr (weekly),,https://www.xe.gr/property/s/mesitiko-grafeio/realty-one-group/57bb5f5e-5aa7-4249-a018-2438a618f151,,
M.X. Real Estate,independent,,,,no_site,,,,,"Γρυπάρη 7, Καλλιθέα 176 71, Ελλάδα",,17671,,,,,xe.gr (weekly),,https://www.xe.gr/property/s/mesitiko-grafeio/m-x-real-estate/d935a0bc-a85f-4fdf-919d-4899cce6deb6,,
Γκόβαρης Κτηματομεσιτική,independent,,,,no_site,,,,,"Αγίου Παντελεήμονος 25, Χαλάνδρι 152 34, Ελλάδα",,15234,,,,,xe.gr (weekly),,https://www.xe.gr/property/s/mesitiko-grafeio/gkovarhs-kthmatomesitikh/66cc3d3b-3c7d-41d6-aedc-0edb62385779,,
Houseplan Real Estate,independent,,,,no_site,,,,,"Βασ. Ηρακλείου 22, Αθήνα 106 82, Ελλάδα",,10682,,,,,xe.gr (weekly),,https://www.xe.gr/property/s/mesitiko-grafeio/houseplan-real-estate/7d16ef9d-64cb-460b-b80a-4da91ad7acc0,,
Elevents Real Estate,independent,,,,no_site,,,,,"Χίου 30, Αθήνα 104 38, Ελλάδα",,10438,,,,,xe.gr (weekly),,https://www.xe.gr/property/s/mesitiko-grafeio/elevents-real-estate/8a941fd7-02da-4edf-8a75-c1f4ed575099,,
Spiti4u,independent,,,,no_site,,,,,"Ιερά Οδός 159, Αιγάλεω 122 41, Ελλάδα",,12241,,,,,xe.gr (weekly),,https://www.xe.gr/property/s/mesitiko-grafeio/spiti4u/8bda9db4-da00-4277-9c30-dbf5998bfd2d,,
LuckyLand,independent,luckyland.gr,https://luckyland.gr,https://www.luckyland.gr/,ok,yes,yes,9,,"Αναλήψεως 36, Βριλήσσια 152 38, Ελλάδα",,15238,,,,,xe.gr (weekly); site by domain guess,,https://www.xe.gr/property/s/mesitiko-grafeio/luckyland/e29765f5-8d20-4533-ac3c-7c8bb90fe0a0,,
Tzanis Estate,independent,tzanisrealestate.gr,https://tzanisrealestate.gr,https://www.tzanisrealestate.gr/,ok,yes,yes,9,,"Ομήρου 58, Νέα Σμύρνη 171 21, Ελλάδα",,17121,,,,,xe.gr (weekly); site by domain guess,,https://www.xe.gr/property/s/mesitiko-grafeio/tzanis-estate/30ea4bcb-898b-4775-b955-4e1ecc3e16e9,,
Κλειδί Real Estate,independent,,,,no_site,,,,,"Μυλοποτάμου 32, Αθήνα 115 26, Ελλάδα",,11526,,,,,xe.gr (weekly),,https://www.xe.gr/property/s/mesitiko-grafeio/kleidi-real-estate/c9adef4b-08e8-4a04-8270-a8e46ef76fb2,,
Real Estate Ifantis,independent,,,,no_site,,,,,"Πολυκράτους 25, Αγ. Δημήτριος Αττικής 173 41, Ελλάδα",,17341,,,,,xe.gr (weekly),,https://www.xe.gr/property/s/mesitiko-grafeio/real-estate-ifantis/776e788c-d2b9-4a82-908f-95179e319dfc,,
Golden Alliance Properties,independent,,,,no_site,,,,,"Μεσογείων 466, Αγ. Παρασκευή 153 42, Ελλάδα",,15342,,,,,xe.gr (weekly),,https://www.xe.gr/property/s/mesitiko-grafeio/golden-alliance-properties/02c06aee-af37-45d6-a862-5dbb46f27373,,
Panflow,independent,,,,no_site,,,,,"Φωκίδος 24, Αθήνα 115 26, Ελλάδα",,11526,,,,,xe.gr (weekly),,https://www.xe.gr/property/s/mesitiko-grafeio/panflow/6e0a3e74-70b6-4ba5-8a8c-ae8f9f73ced8,,
Domain Estate,independent,,,,no_site,,,,,"Συνταγματάρχου Δαβάκη 17, Καλλιθέα 176 72, Ελλάδα",,17672,,,,,xe.gr (weekly),,https://www.xe.gr/property/s/mesitiko-grafeio/domain-estate/636a8e63-25e1-4f15-a0cf-73f18aa9426f,,
RAF- DEV IKE,independent,,,,no_site,,,,,"Γλυφάδα 166 75, Ελλάδα",,16675,,,,,xe.gr (weekly),,https://www.xe.gr/property/s/mesitiko-grafeio/raf-dev-ike/6640f6bb-b8e4-4298-a8b5-e31d464a20ed,,
Praxis Real Estate,independent,,,,no_site,,,,,"Σολωμού 8, Αγ. Παρασκευή 153 41, Ελλάδα",,15341,,,,,xe.gr (weekly),,https://www.xe.gr/property/s/mesitiko-grafeio/praxis-real-estate/101f57cf-b851-410a-a41a-f4431182f01f,,
CK Property,independent,,,,no_site,,,,,"Κριεζή 61, Μαρούσι 151 25, Ελλάδα",,15125,,,,,xe.gr (weekly),,https://www.xe.gr/property/s/mesitiko-grafeio/ck-property/33f982e7-44da-4a5a-809d-b1821af96c7c,,
Μεσιτικό Εχεμύθεια,independent,,,,no_site,,,,,"Αθηνάς 21, Λαύριο 195 00, Ελλάδα",,19500,,,,,xe.gr (weekly),,https://www.xe.gr/property/s/mesitiko-grafeio/mesitiko-echemytheia/9ff8bdbb-26a7-4f74-9c5e-bde4d84e2839,,
RealTrust Αγγελάκης,independent,,,,no_site,,,,,"Λεωφ. Μαραθώνος 51, Παλλήνη 153 51, Ελλάδα",,15351,,,,,xe.gr (weekly),,https://www.xe.gr/property/s/mesitiko-grafeio/realtrust-aggelakhs/62eaea7d-2554-4241-955c-a795eab198e7,,
Αστοικία Ε.Ε.,independent,,,,no_site,,,,,"Δωδεκανήσου 22, Πεύκη 151 21, Ελλάδα",,15121,,,,,xe.gr (weekly),,https://www.xe.gr/property/s/mesitiko-grafeio/astoikia-e-e/0da51fb6-95e4-4ca4-b58d-8ef7689489af,,
Assos Properties,independent,assosproperties.gr,https://assosproperties.gr,,error,,,,,"Παλλάδος 20, Αθήνα 105 54, Ελλάδα",,10554,,,,,xe.gr (weekly); site by domain guess,,https://www.xe.gr/property/s/mesitiko-grafeio/assos-properties/8293c33b-5739-4c91-b2cb-46cb22fa3b0e,,
Rokanas Real Estate,independent,,,,no_site,,,,,"Λεωφ. Κύπρου 89, Αργυρούπολη 164 51, Ελλάδα",,16451,,,,,xe.gr (weekly),,https://www.xe.gr/property/s/mesitiko-grafeio/rokanas-real-estate/b0008c50-3e28-4bab-bae0-2f051c2a9650,,
Μεσιτικό 'Αννα Μιχοπούλου,independent,,,,no_site,,,,,"Αθήνα 106 83, Ελλάδα",,10683,,,,,xe.gr (weekly),,https://www.xe.gr/property/s/mesitiko-grafeio/mesitiko-anna-michopoyloy/8587a9ce-6753-4205-a809-11f23ca22cb5,,
JK Management & Development,independent,,,,no_site,,,,,"Λεωφ. Θησέως 117, Εκάλη 145 78, Ελλάδα",,14578,,,,,xe.gr (weekly),,https://www.xe.gr/property/s/mesitiko-grafeio/jk-management-development/680c430e-1584-4a89-8366-db9df3ca1ce8,,
Deep Dream,independent,,,,no_site,,,,,"Ἁγ. Τριάδος 33, Αγ. Παρασκευή 153 43, Ελλάδα",,15343,,,,,xe.gr (weekly),,https://www.xe.gr/property/s/mesitiko-grafeio/deep-dream/c3fcdf16-09f7-4a75-9550-c19c269a0434,,
The Blue Finder,independent,,,,no_site,,,,,"Ομήρου 70, Νέα Σμύρνη 171 21, Ελλάδα",,17121,,,,,xe.gr (weekly),,https://www.xe.gr/property/s/mesitiko-grafeio/the-blue-finder/9655b12a-0ce5-4f9b-bcc6-9b7af8e1212b,,
Περί Εστίας,independent,periestias.gr,https://periestias.gr,https://www.periestias.gr/,ok,yes,no,0,wordpress;estatik,"Πλ. Βαρνάβα 8, Αθήνα 116 35, Ελλάδα",,11635,,,,,xe.gr (weekly); site by domain guess,,https://www.xe.gr/property/s/mesitiko-grafeio/peri-estias/984cda89-b678-4bf8-99e7-d351a8a90cbe,,
Crystal City,independent,,,,no_site,,,,,"Αχιλλέως Κύρου 63, Αθήνα 115 25, Ελλάδα",,11525,,,,,xe.gr (weekly),,https://www.xe.gr/property/s/mesitiko-grafeio/crystal-city/254c4271-453a-41ba-973e-92dce2a8c5ed,,
Ελένη Κούτσαρη,independent,,,,no_site,,,,,"Βουτυρά 36, Βούλα 166 73, Ελλάδα",,16673,,,,,xe.gr (weekly),,https://www.xe.gr/property/s/mesitiko-grafeio/elenh-koytsarh/a6ca9996-57ff-44d3-a1bc-4a45494dc108,,
LOOK 4 ESTATE LAMBROPOULOS,independent,,,,no_site,,,,,"Λεωφ. Αλεξάνδρας 116Α, Αθήνα 114 71, Ελλάδα",,11471,,,,,xe.gr (weekly),,https://www.xe.gr/property/s/mesitiko-grafeio/look-4-estate-lambropoulos/068ffa94-e921-46f3-92ea-dfeb9fa2ebba,,
Elite Casa,independent,,,,no_site,,,,,"Αρριανού 30, Αθήνα 116 35, Ελλάδα",,11635,,,,,xe.gr (weekly),,https://www.xe.gr/property/s/mesitiko-grafeio/elite-casa/e98b9b2f-7034-4e3b-893c-531d63efb579,,
ΖΑΦΕΙΡΑΚΗΣ,independent,,,,no_site,,,,,"Αμβρακίας 21, Αθήνα 104 43, Ελλάδα",,10443,,,,,xe.gr (weekly),,https://www.xe.gr/property/s/mesitiko-grafeio/zafeirakhs/f81e125b-0e87-4453-a549-45e620554167,,
Greece Gate Properties Investment,independent,,,,no_site,,,,,"Γεωρ. Παπανδρέου 125, Μεταμόρφωση 144 52, Ελλάδα",,14452,,,,,xe.gr (weekly),,https://www.xe.gr/property/s/mesitiko-grafeio/greece-gate-properties-investment/77f14134-9d44-4afa-b0cb-dcc5abbc90e5,,
Roka 's Real Estate,independent,rokaestate.gr,https://rokaestate.gr,https://rokaestate.gr,ok,yes,yes,5,wordpress,"Παπαναστασίου 97, Αιγάλεω 122 41, Ελλάδα",,12241,,,,,xe.gr (weekly); site by domain guess,,https://www.xe.gr/property/s/mesitiko-grafeio/roka-s-real-estate/d8fd9a1c-7a93-4fdb-8b1f-f41814e06dc7,,
Spentzas & Stefanopoulou Real Estate,independent,,,,no_site,,,,,"Βασ. Σοφίας 121, Αθήνα 115 21, Ελλάδα",,11521,,,,,xe.gr (weekly),,https://www.xe.gr/property/s/mesitiko-grafeio/spentzas-stefanopoulou-real-estate/4fbbf2e6-1b84-4d0a-a456-46c7987a0af9,,
Passas Real Estate,independent,,,,no_site,,,,,"Λεωφ. Κηφισίας 248, Κηφισιά 145 61, Ελλάδα",,14561,,,,,xe.gr (weekly),,https://www.xe.gr/property/s/mesitiko-grafeio/passas-real-estate/8df069e4-6e25-4501-a74d-bb2632e9d82e,,
Cityscape,independent,cityscaperealestate.com,https://cityscaperealestate.com,https://cityscaperealestate.com,ok,yes,maybe,0,,"Λεωφ. Κηφισίας 10-12, Μαρούσι 152 33, Ελλάδα",,15233,,,,,xe.gr (weekly); site by domain guess,,https://www.xe.gr/property/s/mesitiko-grafeio/cityscape/fe389e3b-c4da-4024-a92c-b894e681408d,,
T & D Properties,independent,,,,no_site,,,,,"Αλωπεκής 43, Αθήνα 106 76, Ελλάδα",,10676,,,,,xe.gr (weekly),,https://www.xe.gr/property/s/mesitiko-grafeio/t-d-properties/9d835f2c-a04a-4f20-bf87-2443e027b253,,
Project House Real Estate,independent,,,,no_site,,,,,"Αρκαδίου 43, Δάφνη Αττικής 172 35, Ελλάδα",,17235,,,,,xe.gr (weekly),,https://www.xe.gr/property/s/mesitiko-grafeio/project-house-real-estate/f04d153e-eed2-434d-b669-26482c2609d7,,
ISQM Real Estate,independent,,,,no_site,,,,,"Λεωφ. Ανδρέα Συγγρού 106, Αθήνα 117 41, Ελλάδα",,11741,,,,,xe.gr (weekly),,https://www.xe.gr/property/s/mesitiko-grafeio/isqm-real-estate/f9801492-0797-40db-971b-9820f9ec6142,,
ΤΕ.ΚΑ.Ε. Α.Τ.Ε.,independent,,,,no_site,,,,,"Κουκλουτζά 5, Καισαριανή 161 21, Ελλάδα",,16121,,,,,xe.gr (weekly),,https://www.xe.gr/property/s/mesitiko-grafeio/te-ka-e-a-t-e/4289c93d-43bc-4045-95f5-fe859964f4cb,,
Grand Athens Estate,independent,,,,no_site,,,,,"Κλεισθένους 105, Γέρακας 153 43, Ελλάδα",,15343,,,,,xe.gr (weekly),,https://www.xe.gr/property/s/mesitiko-grafeio/grand-athens-estate/256416a3-207f-4deb-9886-af1828f85b31,,
PMC Investments,independent,,,,no_site,,,,,"Κων/νου Ωραιοπούλου 19, k, Ηράκλειο 141 21, Ελλάδα",,14121,,,,,xe.gr (weekly),,https://www.xe.gr/property/s/mesitiko-grafeio/pmc-investments/a78d6112-2282-4b92-88c0-9a520c155765,,
Real Kapa Properties,independent,,,,no_site,,,,,"Αγ. Παρασκευή 153 43, Ελλάδα",,15343,,,,,xe.gr (weekly),,https://www.xe.gr/property/s/mesitiko-grafeio/real-kapa-properties/4f61ab2a-69a9-4199-ad89-94da87bcd56e,,
Loftland Realty Group,independent,,,,no_site,,,,,"Γαλήνης 1, Άλιμος 174 56, Ελλάδα",,17456,,,,,xe.gr (weekly),,https://www.xe.gr/property/s/mesitiko-grafeio/loftland-realty-group/bab9d1fa-49e2-49e8-9dbe-b0a929e94f13,,
Lily Psihogiou Real Estate,independent,,,,no_site,,,,,"Χρυσανθέμων 30, Γαλάτσι 111 47, Ελλάδα",,11147,,,,,xe.gr (weekly),,https://www.xe.gr/property/s/mesitiko-grafeio/lily-psihogiou-real-estate/802ec3cb-d04d-429e-9152-e4382f63e104,,
Μουστάκα Αγγελική,independent,,,,no_site,,,,,"Σόλωνος 55, Χαλάνδρι 152 32, Ελλάδα",,15232,,,,,xe.gr (weekly),,https://www.xe.gr/property/s/mesitiko-grafeio/moystaka-aggelikh/7fd2f3cb-321b-4c2e-9021-b7bd41b00638,,
The Contrast Real Estate & Construction,independent,,,,no_site,,,,,"Χρήστου Μάντικα 11, Ραφήνα 190 09, Ελλάδα",,19009,,,,,xe.gr (weekly),,https://www.xe.gr/property/s/mesitiko-grafeio/the-contrast-real-estate-construction/059255f7-1186-4e86-b920-b647bccb7b98,,
Ευθύμιος Καϊλας,independent,,,,no_site,,,,,"Κερκύρας, Αθήνα 113 62, Ελλάδα",,11362,,,,,xe.gr (weekly),,https://www.xe.gr/property/s/mesitiko-grafeio/eythymios-kailas/311dac03-fb90-401c-a5c3-8d251d82838c,,
Bestland Hellas,independent,,,,no_site,,,,,"Λεωφ. Κρυονερίου 2α, Αγ. Στέφανος 145 65, Ελλάδα",,14565,,,,,xe.gr (weekly),,https://www.xe.gr/property/s/mesitiko-grafeio/bestland-hellas/d9782e75-54b6-4696-aaed-ef812729e6f8,,
REALCOM O.E.,independent,,,,no_site,,,,,"Θέτιδος 11, Εκάλη 145 78, Ελλάδα",,14578,,,,,xe.gr (weekly),,https://www.xe.gr/property/s/mesitiko-grafeio/realcom-o-e/27a00dc3-9995-405a-a228-864f240aa50d,,
Rezato Properties Real Estate,independent,,,,no_site,,,,,"Μαρμαρίου 3, Ηλιούπολη 163 41, Ελλάδα",,16341,,,,,xe.gr (weekly),,https://www.xe.gr/property/s/mesitiko-grafeio/rezato-properties-real-estate/c5e19a66-5168-4bff-8128-fb71bf47357c,,
Papavlasopoulos Real Estate,independent,papavlasopoulos.gr,https://papavlasopoulos.gr,https://www.papavlasopoulos.gr/,ok,yes,yes,7,,"Βασ. Σοφίας 131, Αθήνα 115 21, Ελλάδα",,11521,,,,,xe.gr (weekly); site by domain guess,,https://www.xe.gr/property/s/mesitiko-grafeio/papavlasopoulos-real-estate/d21aff6c-1ae6-4d82-ba6f-650f68794c27,,
MR HOME,independent,,,,no_site,,,,,"Λεωφ. Μεσογείων 429, Αθήνα 153 43, Ελλάδα",,15343,,,,,xe.gr (weekly),,https://www.xe.gr/property/s/mesitiko-grafeio/mr-home/a55a165b-4674-4800-b53d-ca2b464faa52,,
Estate Locations,independent,,,,no_site,,,,,"Αθήνα 104 34, Ελλάδα",,10434,,,,,xe.gr (weekly),,https://www.xe.gr/property/s/mesitiko-grafeio/estate-locations/677d47f2-8428-4eca-97f0-ce3c7330f207,,
REMAX Homes,independent,remaxhomes.gr,https://remaxhomes.gr,https://www.remaxhomes.gr/el/home,ok,yes,yes,10,,"Λεωφ. Αλίμου 130a, Αργυρούπολη 164 52, Ελλάδα",,16452,,,,,xe.gr (weekly); site by domain guess,,https://www.xe.gr/property/s/mesitiko-grafeio/remax-homes/129ab5a5-e8b4-45ba-ae83-a9998e4c7b26,,
Deal Ideal Real Estate,independent,,,,no_site,,,,,"Μεταμορφώσεως 20, Άλιμος 174 55, Ελλάδα",,17455,,,,,xe.gr (weekly),,https://www.xe.gr/property/s/mesitiko-grafeio/deal-ideal-real-estate/c30066ed-b117-4a49-ab24-fa12fb3e9cb1,,
Elite Investments,independent,,,,no_site,,,,,"Αμφιτρίτης 62, Παλαιό Φάληρο 175 62, Ελλάδα",,17562,,,,,xe.gr (weekly),,https://www.xe.gr/property/s/mesitiko-grafeio/elite-investments/171326de-85fc-4473-8606-20dd14e0042a,,
Hellenic Houses,independent,,,,no_site,,,,,"Φιλικής Εταιρείας 29, Γλυφάδα 166 74, Ελλάδα",,16674,,,,,xe.gr (weekly),,https://www.xe.gr/property/s/mesitiko-grafeio/hellenic-houses/31a05182-a447-4d35-9bea-a65f86faa69b,,
Homedog,independent,,,,no_site,,,,,"Κουντουριώτου 22, Αθήνα 121 32, Ελλάδα",,12132,,,,,xe.gr (weekly),,https://www.xe.gr/property/s/mesitiko-grafeio/homedog/4a68fffe-fd0e-4aaf-84c5-517423ab0a33,,
FDK Real Estate,independent,,,,no_site,,,,,"Ειρήνης 1, Καισαριανή 161 22, Ελλάδα",,16122,,,,,xe.gr (weekly),,https://www.xe.gr/property/s/mesitiko-grafeio/fdk-real-estate/05a4b96e-7304-4c8f-bcf0-01dcffa64ab7,,
Κ-Properties,independent,,,,no_site,,,,,"Μενίππου 5, Χολαργός 155 62, Ελλάδα",,15562,,,,,xe.gr (weekly),,https://www.xe.gr/property/s/mesitiko-grafeio/k-properties/584eea86-842f-4e60-a041-a66ec974a888,,
My Real Property,independent,,,,no_site,,,,,"Θεσσαλονίκης 7, Αιγάλεω 122 41, Ελλάδα",,12241,,,,,xe.gr (weekly),,https://www.xe.gr/property/s/mesitiko-grafeio/my-real-property/7faf111f-c82e-47e2-9338-a4cc8eb23cc7,,
Ευάγγελος Φ. Χριστογιαννης,independent,,,,no_site,,,,,"Λεωφ. Πόρτο Ράφτη 36, Πόρτο Ράφτη 190 03, Ελλάδα",,19003,,,,,xe.gr (weekly),,https://www.xe.gr/property/s/mesitiko-grafeio/eyaggelos-f-christogiannhs/c036f3c8-5851-4aed-884b-eb8abe1e39a9,,
P & CC Properties,independent,,,,no_site,,,,,"Δουκίσσης Πλακεντίας, Χαλάνδρι 152 34, Ελλάδα",,15234,,,,,xe.gr (weekly),,https://www.xe.gr/property/s/mesitiko-grafeio/p-cc-properties/a85f6901-a217-4948-8cc6-84069ff65296,,
Geo-AΚΤ Realty,independent,,,,no_site,,,,,"Ελ. Βενιζέλου 15, Νέα Ιωνία 142 31, Ελλάδα",,14231,,,,,xe.gr (weekly),,https://www.xe.gr/property/s/mesitiko-grafeio/geo-akt-realty/3f2a4e92-e99f-461b-bae2-9cf44e88f4d2,,
Management Demand Yield real estate,independent,,,,no_site,,,,,"Ακαδημίας 57, Αθήνα 106 79, Ελλάδα",,10679,,,,,xe.gr (weekly),,https://www.xe.gr/property/s/mesitiko-grafeio/management-demand-yield-real-estate/c766bb65-7574-4266-82e9-7fa1227a9741,,
Sami Real Estate,independent,,,,no_site,,,,,"Αιόλου 102, Αθήνα 105 64, Ελλάδα",,10564,,,,,xe.gr (weekly),,https://www.xe.gr/property/s/mesitiko-grafeio/sami-real-estate/ba0214f6-6a8f-40e1-9ad9-acaa98ab7787,,
ADKopanas Real Estate,independent,,,,no_site,,,,,"Μιχαήλ Κόρακα 21, Αθήνα 104 45, Ελλάδα",,10445,,,,,xe.gr (weekly),,https://www.xe.gr/property/s/mesitiko-grafeio/adkopanas-real-estate/26df9e00-4d9b-4be8-936e-3281bc77c5a0,,
Home Link,independent,home-link.gr,https://home-link.gr,https://home-link.gr,ok,yes,yes,23,wordpress,"Πανεπιστημίου 69, Αθήνα 105 64, Ελλάδα",,10564,,,,,xe.gr (weekly); site by domain guess,,https://www.xe.gr/property/s/mesitiko-grafeio/home-link/5139655f-04cb-4f40-be57-6169b55ccb59,,
Experts,independent,,,,no_site,,,,,"Λεωφ. Ελ. Βενιζέλου 67, Νέα Σμύρνη 171 23, Ελλάδα",,17123,,,,,xe.gr (weekly),,https://www.xe.gr/property/s/mesitiko-grafeio/experts/2d810abc-ef4d-4eeb-9a21-14154932e1a7,,
Proper House,independent,,,,no_site,,,,,"Ηλιούπολη 163 44, Ελλάδα",,16344,,,,,xe.gr (weekly),,https://www.xe.gr/property/s/mesitiko-grafeio/proper-house/abaa50ba-ab3c-4e78-ad05-970b32ca98e3,,
Key Real Estate,independent,,,,no_site,,,,,"Ναυάρχου Νοταρά 61, Αγ. Δημήτριος Αττικής 173 41, Ελλάδα",,17341,,,,,xe.gr (weekly),,https://www.xe.gr/property/s/mesitiko-grafeio/key-real-estate/013f8889-c0d4-4bca-ac33-d94c90ad36f4,,
Κωνσταντοπούλου Φωτεινή - Ερατώ,independent,,,,no_site,,,,,"Παλαιό Φάληρο 175 61, Ελλάδα",,17561,,,,,xe.gr (weekly),,https://www.xe.gr/property/s/mesitiko-grafeio/kwnstantopoyloy-fwteinh-eratw/11a1d988-54ce-4a64-b285-e76c067af564,,
Χριστιάννα Αποστολίδου Κτηματομεσίτης,independent,,,,no_site,,,,,"Δημ. Γούναρη 227, Γλυφάδα 166 74, Ελλάδα",,16674,,,,,xe.gr (weekly),,https://www.xe.gr/property/s/mesitiko-grafeio/christianna-apostolidoy-kthmatomesiths/d4a432b1-c976-4119-b48f-cc19e30138fd,,
Νικολοπούλου Ακίνητα,independent,,,,no_site,,,,,"Αγίου Κωνσταντίνου 40, Μαρούσι 151 24, Ελλάδα",,15124,,,,,xe.gr (weekly),,https://www.xe.gr/property/s/mesitiko-grafeio/nikolopoyloy-akinhta/4b93f7e0-5b73-43d0-b5d3-3fa7cf346a8b,,
Royalty Estate,independent,,,,no_site,,,,,"Λεωφ. Ειρήνης 1, Πεύκη 151 21, Ελλάδα",,15121,,,,,xe.gr (weekly),,https://www.xe.gr/property/s/mesitiko-grafeio/royalty-estate/7c395911-00a9-4621-837c-0e583b11f9d0,,
Magginas Real Εstate,independent,,,,no_site,,,,,"Κολοκοτρώνη 1, Κηφισιά 145 62, Ελλάδα",,14562,,,,,xe.gr (weekly),,https://www.xe.gr/property/s/mesitiko-grafeio/magginas-real-estate/ea30c630-bede-4167-ab79-b0aefe0ed376,,
Elitestate,independent,elitestate.gr,https://elitestate.gr,https://www.elitestate.gr/,ok,yes,no,0,,"Λεωφ. Κηφισίας 292-294, Νέο Ψυχικό 154 51, Ελλάδα",,15451,,,,,xe.gr (weekly); site by domain guess,,https://www.xe.gr/property/s/mesitiko-grafeio/elitestate/5fb28863-2ee9-4ef7-ac83-f863386369a8,,
F-Zin Properties - Real Estate  & Development,independent,,,,no_site,,,,,"Αυλώνος 8, Αθήνα 104 43, Ελλάδα",,10443,,,,,xe.gr (weekly),,https://www.xe.gr/property/s/mesitiko-grafeio/f-zin-properties-real-estate-development/80ad1f6e-4a63-427e-95b6-280a86178c73,,
Kiriakidou Real Estate,independent,,,,no_site,,,,,"Άλιμος 174 55, Ελλάδα",,17455,,,,,xe.gr (weekly),,https://www.xe.gr/property/s/mesitiko-grafeio/kiriakidou-real-estate/4c4b67a9-1ff6-43e6-a5a0-b38b680fbddc,,
Optima Properties,independent,,,,no_site,,,,,"Θησέως 71, Παλαιό Φάληρο 175 62, Ελλάδα",,17562,,,,,xe.gr (weekly),,https://www.xe.gr/property/s/mesitiko-grafeio/optima-properties/d8989f4a-bc71-4460-8ef5-3168468d76f0,,
Aggelopoulos - Real Estate,independent,,,,no_site,,,,,"Πανεπιστημίου 39, Αθήνα 105 64, Ελλάδα",,10564,,,,,xe.gr (weekly),,https://www.xe.gr/property/s/mesitiko-grafeio/aggelopoulos-real-estate/6f504477-b900-431b-a8d5-e360d792c5ed,,
Hellenic Land Properties,independent,,,,no_site,,,,,"Εφέσου 29, Άνοιξη 145 69, Ελλάδα",,14569,,,,,xe.gr (weekly),,https://www.xe.gr/property/s/mesitiko-grafeio/hellenic-land-properties/332ac90b-414f-4468-a046-b16b2c103568,,
ΤΣΙΑΠΑΡΑΣ REAL ESTATE EE,independent,,,,no_site,,,,,"Κύπρου 7, Παλλήνη 153 51, Ελλάδα",,15351,,,,,xe.gr (weekly),,https://www.xe.gr/property/s/mesitiko-grafeio/tsiaparas-real-estate-ee/1a7019d9-f29e-4bfa-9116-29b93cb7fb5d,,
Builtup Properties,independent,,,,no_site,,,,,"Ηρ. Πολυτεχνείου 7, Γλυφάδα 166 74, Ελλάδα",,16674,,,,,xe.gr (weekly),,https://www.xe.gr/property/s/mesitiko-grafeio/builtup-properties/19172bff-32fc-495e-9c26-776d0ff62e01,,
All About Property,independent,allaboutrealestate.gr,https://allaboutrealestate.gr,https://allaboutrealestate.gr,ok,yes,yes,43,wordpress,"Εθ. Αμύνης 26, Παπάγου 156 69, Ελλάδα",,15669,,,,,xe.gr (weekly); site by domain guess,,https://www.xe.gr/property/s/mesitiko-grafeio/all-about-property/323f30f2-80ba-47c0-b679-f72a17c21ce4,,
Παπαδάκη Μαρίζα,independent,,,,no_site,,,,,"Ιλισίων 31, Κηφισιά 145 64, Ελλάδα",,14564,,,,,xe.gr (weekly),,https://www.xe.gr/property/s/mesitiko-grafeio/papadakh-mariza/9b7e2c7b-8ff7-4c19-b090-b0951c8af7c7,,
Patsouros Real Estate,independent,,,,no_site,,,,,"Αμαλιάδος 25, Αθήνα 115 23, Ελλάδα",,11523,,,,,xe.gr (weekly),,https://www.xe.gr/property/s/mesitiko-grafeio/patsouros-real-estate/ac684195-76f3-4daf-8d4f-feb1819a4ddd,,
Ofelia Professional Real Estate Services,independent,,,,no_site,,,,,"Ζακυνθινού 47, Παπάγου 156 69, Ελλάδα",,15669,,,,,xe.gr (weekly),,https://www.xe.gr/property/s/mesitiko-grafeio/ofelia-professional-real-estate-services/dcc966c4-5571-4583-913d-eae8ca825ee1,,
Ακίνητα Κάββαλος,independent,,,,no_site,,,,,"Τριπτολέμου 17, Βάρη 166 72, Ελλάδα",,16672,,,,,xe.gr (weekly),,https://www.xe.gr/property/s/mesitiko-grafeio/akinhta-kavvalos/606d0834-2d02-4db2-9dbf-83037076ffb7,,
Ν. Αγάθος & Συνεργάτες,independent,,,,no_site,,,,,"Καζαντζάκη 1, Άλιμος 174 55, Ελλάδα",,17455,,,,,xe.gr (weekly),,https://www.xe.gr/property/s/mesitiko-grafeio/n-agathos-synergates/7a0910e6-191d-4909-9227-8aaa50a18245,,
Home For You Real Estate Agency/Relocations,independent,,,,no_site,,,,,"Κέκροπος 33, Μαρούσι 151 26, Ελλάδα",,15126,,,,,xe.gr (weekly),,https://www.xe.gr/property/s/mesitiko-grafeio/home-for-you-real-estate-agency-relocations/53262937-c20c-46b5-b4e6-93401ba6b698,,
Icon Real Estate,independent,,,,no_site,,,,,"Αγίας Τριάδος 1, Ηράκλειο 141 21, Ελλάδα",,14121,,,,,xe.gr (weekly),,https://www.xe.gr/property/s/mesitiko-grafeio/icon-real-estate/2dcd9a0e-5562-4b43-b9a2-e9e27d955c43,,
Anhome Lx Greece ΙΚΕ,independent,,,,no_site,,,,,"Καυταντζόγλου 11, Αθήνα 111 44, Ελλάδα",,11144,,,,,xe.gr (weekly),,https://www.xe.gr/property/s/mesitiko-grafeio/anhome-lx-greece-ike/f7569e2f-3452-4129-b9ca-8fdb054ab5b5,,
Athens Property Dealing,independent,,,,no_site,,,,,"Καλοσγούρου 6, Αθήνα 111 41, Ελλάδα",,11141,,,,,xe.gr (weekly),,https://www.xe.gr/property/s/mesitiko-grafeio/athens-property-dealing/8ca8638e-d00a-4ef6-90e0-13a249a9389d,,
YOUR HOUSE ATHENS REAL ESTATE,independent,,,,no_site,,,,,"Επτανήσου 3, Άγιοι Ανάργυροι 135 61, Ελλάδα",,13561,,,,,xe.gr (weekly),,https://www.xe.gr/property/s/mesitiko-grafeio/your-house-athens-real-estate/e88483ca-6281-4654-8011-21da85cb1221,,
Best Plan Stathakopoulos Real Estate,independent,,,,no_site,,,,,"Ρεθύμνου 42, Γλυφάδα 166 75, Ελλάδα",,16675,,,,,xe.gr (weekly),,https://www.xe.gr/property/s/mesitiko-grafeio/best-plan-stathakopoulos-real-estate/474bdb9e-0f8d-4c70-b6d6-de99407363fc,,
Pagonis & Partners Real Estate,independent,,,,no_site,,,,,"Κολοκοτρώνη 23, Βούλα 166 73, Ελλάδα",,16673,,,,,xe.gr (weekly),,https://www.xe.gr/property/s/mesitiko-grafeio/pagonis-partners-real-estate/247aa657-ad0c-4290-ae9f-3229b30aaf88,,
Estate4all.gr,independent,,,,no_site,,,,,"Ραφήνα 190 09, Ελλάδα",,19009,,,,,xe.gr (weekly),,https://www.xe.gr/property/s/mesitiko-grafeio/estate4all-gr/1ab2383d-3288-4404-bbe8-e6468738e796,,
Λαμπούρης Γεώργιος,independent,,,,no_site,,,,,"Λεωφ. Δροσιάς Σταματάς 3, Δροσιά 145 75, Ελλάδα",,14575,,,,,xe.gr (weekly),,https://www.xe.gr/property/s/mesitiko-grafeio/lampoyrhs-gewrgios/4ede7752-a922-4f91-8723-a3d80da7a4b6,,
Be Greek,independent,,,,no_site,,,,,"Στουρναρη 5, Αθήνα 106 83, Ελλάδα",,10683,,,,,xe.gr (weekly),,https://www.xe.gr/property/s/mesitiko-grafeio/be-greek/eb8b1a42-093a-41c2-a7a6-6cafaf1c88bc,,
Ερασμος Κτηματομεσιτική,independent,,,,no_site,,,,,"Βερναρδάκη 48, Αθήνα 115 22, Ελλάδα",,11522,,,,,xe.gr (weekly),,https://www.xe.gr/property/s/mesitiko-grafeio/erasmos-kthmatomesitikh/fbb0df35-73bb-463d-90f3-48b695c111df,,
Μπούρας Σπυρίδων,independent,,,,no_site,,,,,"Κέκροπος 33, Καλλιθέα 176 73, Ελλάδα",,17673,,,,,xe.gr (weekly),,https://www.xe.gr/property/s/mesitiko-grafeio/mpoyras-spyridwn/b289302a-78e9-431e-9c83-3aea6f509f22,,
Property Solutions,independent,,,,no_site,,,,,"Κριεζώτου 6, Αθήνα 106 71, Ελλάδα",,10671,,,,,xe.gr (weekly),,https://www.xe.gr/property/s/mesitiko-grafeio/property-solutions/9bb83147-b995-46d8-a8c3-320e55240666,,
Mega Homes,independent,,,,no_site,,,,,"Αριστείδου 22, 24, Χολαργός 155 62, Ελλάδα",,15562,,,,,xe.gr (weekly),,https://www.xe.gr/property/s/mesitiko-grafeio/mega-homes/904b0698-3573-45c8-b245-38fd26082b86,,
The Unique Home,independent,,,,no_site,,,,,"Κυδωνιών 75, Νέα Ιωνία 142 34, Ελλάδα",,14234,,,,,xe.gr (weekly),,https://www.xe.gr/property/s/mesitiko-grafeio/the-unique-home/56552f25-d43e-41af-b205-4af3d1f428f8,,
North Choice Real Estate,independent,northchoice-realestate.gr,https://northchoice-realestate.gr,https://northchoice-realestate.gr,ok,no,yes,10,,"Ροδόπης 15, ε, Θρακομακεδόνες 136 76, Ελλάδα",,13676,,,,,xe.gr (weekly); site by domain guess,,https://www.xe.gr/property/s/mesitiko-grafeio/north-choice-real-estate/3ff70e5e-23b9-4388-b8b4-bbb4760e62e1,,
House Property,independent,,,,no_site,,,,,"Παλαιών Λατομείων 20, Μελίσσια 151 27, Ελλάδα",,15127,,,,,xe.gr (weekly),,https://www.xe.gr/property/s/mesitiko-grafeio/house-property/f5997a55-1197-4f63-8bae-e8b926a60aca,,
Dervenis Real Estate,independent,,,,no_site,,,,,"Ακαδημίας 76, Αθήνα 106 78, Ελλάδα",,10678,,,,,xe.gr (weekly),,https://www.xe.gr/property/s/mesitiko-grafeio/dervenis-real-estate/3d252607-41d3-4703-b389-e989be82d0b3,,
Βασιλική Κυριακάκη,independent,,,,no_site,,,,,"Αλκυόνης 14, Παλαιό Φάληρο 175 61, Ελλάδα",,17561,,,,,xe.gr (weekly),,https://www.xe.gr/property/s/mesitiko-grafeio/vasilikh-kyriakakh/a776e8c2-c4f0-48b6-929e-0ff595a1549d,,
Joy Home,independent,,,,no_site,,,,,"Πριήνης 26, Νέα Σμύρνη 171 22, Ελλάδα",,17122,,,,,xe.gr (weekly),,https://www.xe.gr/property/s/mesitiko-grafeio/joy-home/8ad5419f-e108-42df-8415-ba108c8529a5,,
Mega House Real Estate,independent,,,,no_site,,,,,"Κάρπου 51, Αθήνα 117 44, Ελλάδα",,11744,,,,,xe.gr (weekly),,https://www.xe.gr/property/s/mesitiko-grafeio/mega-house-real-estate/75e88d2a-5c46-4a82-949d-845e92f3c74e,,
Liberty Real Estate,independent,,,,no_site,,,,,"Βασ. Γεωργίου 47, Μαρούσι 151 22, Ελλάδα",,15122,,,,,xe.gr (weekly),,https://www.xe.gr/property/s/mesitiko-grafeio/liberty-real-estate/d2744aa1-a34f-49fb-b39a-12e6762a3955,,
Θέμης Θάνος Ακίνητα,independent,,,,no_site,,,,,"Ελ. Βενιζέλου 118, Νέα Ερυθραία 146 71, Ελλάδα",,14671,,,,,xe.gr (weekly),,https://www.xe.gr/property/s/mesitiko-grafeio/themhs-thanos-akinhta/f8b3e895-ba44-42c7-bf01-9fee5dcdb9e4,,
RE/MAX AGORA,independent,,,,no_site,,,,,"Θεοδώρητου Βρεσθένης 34, Αθήνα 117 43, Ελλάδα",,11743,,,,,xe.gr (weekly),,https://www.xe.gr/property/s/mesitiko-grafeio/re-max-agora/5051721a-a8e0-46b2-999d-a0f575da0846,,
Aspect Design & Construction,independent,,,,no_site,,,,,"Ηούς 14, Γλυφάδα 166 75, Ελλάδα",,16675,,,,,xe.gr (weekly),,https://www.xe.gr/property/s/mesitiko-grafeio/aspect-design-construction/0696cf73-73eb-4afd-930a-48c0bed7726e,,
Μπόκα Γεωργία,independent,,,,no_site,,,,,"Ολυμπίας 56, Αργυρούπολη 164 51, Ελλάδα",,16451,,,,,xe.gr (weekly),,https://www.xe.gr/property/s/mesitiko-grafeio/mpoka-gewrgia/3f783a48-8781-4eb5-b036-113b8f6d9604,,
Μαρία Βασιλοπούλου - Μάριζα,independent,,,,no_site,,,,,"Λεωφ. Διονύσου 1, Νέα Μάκρη 190 05, Ελλάδα",,19005,,,,,xe.gr (weekly),,https://www.xe.gr/property/s/mesitiko-grafeio/maria-vasilopoyloy-mariza/a57bd674-ab2c-436d-abf8-109e672f8f66,,
Investments In Greece,independent,,,,no_site,,,,,"Τράλλεων 90, Γαλάτσι 111 46, Ελλάδα",,11146,,,,,xe.gr (weekly),,https://www.xe.gr/property/s/mesitiko-grafeio/investments-in-greece/d50e8dbf-e301-4c90-ab6f-ad6583624e0e,,
House.M.A.N. Brokers,independent,,,,no_site,,,,,"Ευεργέτη Κωνσταντίνου Πρίφτη 55, Κερατέα 190 01, Ελλάδα",,19001,,,,,xe.gr (weekly),,https://www.xe.gr/property/s/mesitiko-grafeio/house-m-a-n-brokers/01d2db64-dfb1-49ab-bc36-61e7a91ea4ae,,
Athens Development Real Estate,independent,,,,no_site,,,,,"Διγενή 12, Βούλα 166 73, Ελλάδα",,16673,,,,,xe.gr (weekly),,https://www.xe.gr/property/s/mesitiko-grafeio/athens-development-real-estate/8056365a-0da2-4858-a3b1-b36ba1edb2e2,,
PANTOU REALTORS,independent,,,,no_site,,,,,"Αθήνα 118 54, Ελλάδα",,11854,,,,,xe.gr (weekly),,https://www.xe.gr/property/s/mesitiko-grafeio/pantou-realtors/c54b40e3-0ec8-475c-bbc6-43c5ea73b7d5,,
Μaxigroup,independent,maxigroup.gr,https://maxigroup.gr,https://maxigroup.gr,ok,no,yes,13,,"Κιάφας, Σπάτα Λούτσα 190 04, Ελλάδα",,19004,,,,,xe.gr (weekly); site by domain guess,,https://www.xe.gr/property/s/mesitiko-grafeio/maxigroup/242d16ae-6fc8-4145-b022-f4298ca3b0a3,,
Equal Estate,independent,equalestate.gr,https://equalestate.gr,https://www.equalestate.gr/el/home,ok,yes,yes,8,,"Λεωφ. Μεσογείων 526, Αγ. Παρασκευή 153 42, Ελλάδα",,15342,,,,,xe.gr (weekly); site by domain guess,,https://www.xe.gr/property/s/mesitiko-grafeio/equal-estate/20643b46-a36f-4f05-8e63-05e602c71dfb,,
Βαγιανδέρη Αναστασία,independent,,,,no_site,,,,,"Παρ. Γ Σεπτεμβρίου 50, Αργυρούπολη 164 52, Ελλάδα",,16452,,,,,xe.gr (weekly),,https://www.xe.gr/property/s/mesitiko-grafeio/vagianderh-anastasia/1899e086-644e-461b-b7cf-819402e8299b,,
Θάνος Θεόδωρος,independent,,,,no_site,,,,,"Αγ. Σαράντα 61, Νέα Ερυθραία 146 71, Ελλάδα",,14671,,,,,xe.gr (weekly),,https://www.xe.gr/property/s/mesitiko-grafeio/thanos-theodwros/2b5a40ca-fac2-4730-83cc-8919c98c536c,,
Νίκος Καλαμαράς,independent,,,,no_site,,,,,"Σαρωνικός 190 10, Ελλάδα",,19010,,,,,xe.gr (weekly),,https://www.xe.gr/property/s/mesitiko-grafeio/nikos-kalamaras/b5563892-90e8-4fdc-b47b-42b058ba5f23,,
Casa Nostrum Properties,independent,casanostrum.gr,https://casanostrum.gr,https://casanostrum.gr,ok,yes,yes,13,,"28ης Οκτωβρίου 10, Σπάτα 190 04, Ελλάδα",,19004,,,,,xe.gr (weekly); site by domain guess,,https://www.xe.gr/property/s/mesitiko-grafeio/casa-nostrum-properties/a7c2d1e3-d2e7-4ddf-ac13-bbf053c526ff,,
Alpha Status,independent,,,,no_site,,,,,"Νυμφασίας 8, Περιστέρι 121 32, Ελλάδα",,12132,,,,,xe.gr (weekly),,https://www.xe.gr/property/s/mesitiko-grafeio/alpha-status/3d6b9ea6-3622-4f4d-83b4-3d90262bd8c9,,
North Hill,independent,,,,no_site,,,,,"Γράμμου 11, Παπάγου 156 69, Ελλάδα",,15669,,,,,xe.gr (weekly),,https://www.xe.gr/property/s/mesitiko-grafeio/north-hill/0db1e707-4eec-4dd3-9d92-eaf61960fd6f,,
Anthill Real Estate,independent,,,,no_site,,,,,"Κύπρου 94, Αργυρούπολη 164 52, Ελλάδα",,16452,,,,,xe.gr (weekly),,https://www.xe.gr/property/s/mesitiko-grafeio/anthill-real-estate/5853fe4b-5b56-4da9-b30a-85b8947c3389,,
G.B.S Real Estate Company,independent,,,,no_site,,,,,"Αλ. Φλέμινγκ 1, Ραφήνα 190 09, Ελλάδα",,19009,,,,,xe.gr (weekly),,https://www.xe.gr/property/s/mesitiko-grafeio/g-b-s-real-estate-company/23a84e34-db6f-46f9-9274-1979e4a0424b,,
Κρίστα Κρεβεζή & Συνεργάτες,independent,,,,no_site,,,,,"Κυψέλης 74, Αθήνα 113 62, Ελλάδα",,11362,,,,,xe.gr (weekly),,https://www.xe.gr/property/s/mesitiko-grafeio/krista-krevezh-synergates/0ad63b2c-bfd9-4e10-946e-fa4c1f06d782,,
Κτηματομεσιτική Κ. Χάλαρης,independent,,,,no_site,,,,,"Χελμού 27, Αγ. Στέφανος 145 65, Ελλάδα",,14565,,,,,xe.gr (weekly),,https://www.xe.gr/property/s/mesitiko-grafeio/kthmatomesitikh-k-chalarhs/6a5fbbb9-6bd3-4919-b1d9-0b47b3d6647d,,
GREEN Estate,independent,,,,no_site,,,,,"Ούλωφ Πάλμε 33, Ζωγράφου 157 71, Ελλάδα",,15771,,,,,xe.gr (weekly),,https://www.xe.gr/property/s/mesitiko-grafeio/green-estate/433c34d9-cd0b-4015-bc05-82c08d0dc44e,,
PR-Property,independent,,,,no_site,,,,,"Κατσιμπίρη 30, Χολαργός 155 61, Ελλάδα",,15561,,,,,xe.gr (weekly),,https://www.xe.gr/property/s/mesitiko-grafeio/pr-property/d07997cf-bf20-41d2-a5d0-d6ef99274fdd,,
EXP Greece,independent,,,,no_site,,,,,"Λεωφ. Αμφιθέας 14, Παλαιό Φάληρο 175 64, Ελλάδα",,17564,,,,,xe.gr (weekly),,https://www.xe.gr/property/s/mesitiko-grafeio/exp-greece/b352a71f-7017-438b-9c53-a2818dc29cf4,,
Κοτσαμπόπουλος Σταύρος,independent,,,,no_site,,,,,"Χίου 4, Χαλάνδρι 152 31, Ελλάδα",,15231,,,,,xe.gr (weekly),,https://www.xe.gr/property/s/mesitiko-grafeio/kotsampopoylos-stayros/3e96741a-b980-41f0-9193-91a268f467ff,,
Thelo Spiti Premium Real Estate,independent,,,,no_site,,,,,"Λεωφ. Δημάρχου Αγγέλου Μεταξά 20, Γλυφάδα 166 74, Ελλάδα",,16674,,,,,xe.gr (weekly),,https://www.xe.gr/property/s/mesitiko-grafeio/thelo-spiti-premium-real-estate/11f73102-3922-4747-91b0-4064b8c309d4,,
NDSinvestments,independent,,,,no_site,,,,,"Γεωρ. Παπανδρέου 79, Νέα Φιλαδέλφεια Αττικής 143 41, Ελλάδα",,14341,,,,,xe.gr (weekly),,https://www.xe.gr/property/s/mesitiko-grafeio/ndsinvestments/9a7ae517-df18-42b1-9468-3530a683adc0,,
Kaloriziko,independent,,,,no_site,,,,,"Πηλέως 44, Αγ. Δημήτριος Αττικής 173 41, Ελλάδα",,17341,,,,,xe.gr (weekly),,https://www.xe.gr/property/s/mesitiko-grafeio/kaloriziko/2ac05590-5b8b-4f01-bcff-0556ebc26e97,,
Greekorner Real Estate,independent,greekorner.com,https://greekorner.com,https://greekorner.com,ok,yes,yes,1636,,"Λεωφ. Κηφισίας 299, Κηφισιά 145 61, Ελλάδα",,14561,,,,,xe.gr (weekly); site by domain guess,,https://www.xe.gr/property/s/mesitiko-grafeio/greekorner-real-estate/3c1618f7-05e3-49af-b9f1-c478447be0c5,,
Παππάς Real Estate,independent,pappasrealestate.gr,https://pappasrealestate.gr,https://pappasrealestate.gr,ok,yes,no,0,,"Κοιμήσεως Θεοτόκου 17, Αγ. Στέφανος 145 65, Ελλάδα",,14565,,,,,xe.gr (weekly); site by domain guess,,https://www.xe.gr/property/s/mesitiko-grafeio/pappas-real-estate/f5598243-4ea5-40ee-96e5-8dce0e2dbbf0,,
Must Properties,independent,,,,no_site,,,,,"Διδότου 49, Αθήνα 106 80, Ελλάδα",,10680,,,,,xe.gr (weekly),,https://www.xe.gr/property/s/mesitiko-grafeio/must-properties/fe07b03c-5c24-4c7b-816c-1865fd78391b,,
Psychogiou Real Estate,independent,,,,no_site,,,,,"Στρ. Μακρυγιάννη 137, Μοσχάτο 183 45, Ελλάδα",,18345,,,,,xe.gr (weekly),,https://www.xe.gr/property/s/mesitiko-grafeio/psychogiou-real-estate/9780a3d0-0825-4adc-90fa-cded22413602,,
P And E Real Estate,independent,,,,no_site,,,,,"Θεοδ. Κολοκοτρώνη 7, Άρτεμις 190 16, Ελλάδα",,19016,,,,,xe.gr (weekly),,https://www.xe.gr/property/s/mesitiko-grafeio/p-and-e-real-estate/b86c3392-14f0-45e3-b4ca-a785f812835f,,
Kappa Property Deals & Management,independent,,,,no_site,,,,,"Γρ. Κουσίδη 81, Ζωγράφου 157 72, Ελλάδα",,15772,,,,,xe.gr (weekly),,https://www.xe.gr/property/s/mesitiko-grafeio/kappa-property-deals-management/85d0363f-fffb-4d14-8548-466c992bf93b,,
Vayianos Real Estate Hellas,independent,,,,no_site,,,,,"Ακαδημίας 71-73, Αθήνα 106 78, Ελλάδα",,10678,,,,,xe.gr (weekly),,https://www.xe.gr/property/s/mesitiko-grafeio/vayianos-real-estate-hellas/f6f814df-ecae-472e-9e92-5c87101f01ae,,
Καράμπελας Κατασκευαστική,independent,,,,no_site,,,,,"Ρούμελης 99, Αργυρούπολη 164 51, Ελλάδα",,16451,,,,,xe.gr (weekly),,https://www.xe.gr/property/s/mesitiko-grafeio/karampelas-kataskeyastikh/945209e8-08f7-43b2-acf4-b5a7bbb2ce17,,
Merryland Real Estate Agency,independent,,,,no_site,,,,,"Ήρας 18, Βάρη 166 72, Ελλάδα",,16672,,,,,xe.gr (weekly),,https://www.xe.gr/property/s/mesitiko-grafeio/merryland-real-estate-agency/5db4829b-42b7-4080-88cd-408db106a9fc,,
Μilopoulou Investment E.E,independent,,,,no_site,,,,,"Αγίου Νικολάου 20, Γλυφάδα 166 75, Ελλάδα",,16675,,,,,xe.gr (weekly),,https://www.xe.gr/property/s/mesitiko-grafeio/milopoulou-investment-e-e/93766328-0190-4dbb-b28d-f43d660bb22a,,
ΚΜΑ Associates,independent,,,,no_site,,,,,"Δημ. Γούναρη 227, Γλυφάδα 166 74, Ελλάδα",,16674,,,,,xe.gr (weekly),,https://www.xe.gr/property/s/mesitiko-grafeio/kma-associates/b5aad33b-600a-4c0c-b1a4-163997b9a26e,,
Real estate Χρήστου Μαρίνα,independent,,,,no_site,,,,,"Ελ. Βενιζέλου 57, Αθήνα 105 64, Ελλάδα",,10564,,,,,xe.gr (weekly),,https://www.xe.gr/property/s/mesitiko-grafeio/real-estate-chrhstoy-marina/c3a7b293-cd94-4c41-93ac-13c74720db9e,,
Ανάδειξη Ακινήτων,independent,,,,no_site,,,,,"Ιωάννου Αποστολόπουλου 39, Πεύκη 151 21, Ελλάδα",,15121,,,,,xe.gr (weekly),,https://www.xe.gr/property/s/mesitiko-grafeio/anadeixh-akinhtwn/a7261e75-a50a-4832-88c8-cae328b48148,,
MA.R.CO,independent,,,,no_site,,,,,"Ναυπάκτου 58, Γλυφάδα 166 74, Ελλάδα",,16674,,,,,xe.gr (weekly),,https://www.xe.gr/property/s/mesitiko-grafeio/ma-r-co/425e0b80-9113-4b8d-a193-a30d64b715e6,,
Στεγαστική Real Estate,independent,,,,no_site,,,,,"Λεωφ. Αχαιών 163, Ραφήνα Πικέρμι 190 09, Ελλάδα",,19009,,,,,xe.gr (weekly),,https://www.xe.gr/property/s/mesitiko-grafeio/stegastikh-real-estate/b773021f-fbca-4588-af6e-7d423ff531f9,,
Ira Real Estate,independent,,,,no_site,,,,,"Γρεβενών 20, Αθήνα 118 55, Ελλάδα",,11855,,,,,xe.gr (weekly),,https://www.xe.gr/property/s/mesitiko-grafeio/ira-real-estate/fe509e4e-3f32-41ff-8b29-e3d94fb102a5,,
The Deals Real Estate,independent,,,,no_site,,,,,"Κοκκινάκη 16-18, Αθήνα 111 43, Ελλάδα",,11143,,,,,xe.gr (weekly),,https://www.xe.gr/property/s/mesitiko-grafeio/the-deals-real-estate/a756490c-cf56-4e94-b40c-ff78f5019063,,
Bobonis Real Estate,independent,,,,no_site,,,,,"Κουμουνδούρου 22, Αγ. Παρασκευή 153 41, Ελλάδα",,15341,,,,,xe.gr (weekly),,https://www.xe.gr/property/s/mesitiko-grafeio/bobonis-real-estate/93a32706-418a-4a1d-82a1-6dfa4a3287f6,,
HAUSolutions,independent,hausolutions.gr,https://hausolutions.gr,https://hausolutions.gr,ok,yes,yes,8,wordpress;houzez,"Ευφράνορος 12, Αθήνα 116 35, Ελλάδα",,11635,,,,,xe.gr (weekly); site by domain guess,,https://www.xe.gr/property/s/mesitiko-grafeio/hausolutions/176da9c4-2168-48b2-ba70-1303359ffe82,,
Allhomes Property,independent,,,,no_site,,,,,"Μεσσηνίας 2, Αθήνα 115 26, Ελλάδα",,11526,,,,,xe.gr (weekly),,https://www.xe.gr/property/s/mesitiko-grafeio/allhomes-property/acd137c7-03ca-4a63-bfad-eb346bac2592,,
Real In Greece,independent,,,,no_site,,,,,"Λαλέχου 2, Νέο Ψυχικό 154 51, Ελλάδα",,15451,,,,,xe.gr (weekly),,https://www.xe.gr/property/s/mesitiko-grafeio/real-in-greece/e6f96be4-c312-4ddd-88ff-69ec97f27ec6,,
Civitas Properties,independent,,,,no_site,,,,,"Καραγιώργη Σερβίας 3-5, Αθήνα 105 63, Ελλάδα",,10563,,,,,xe.gr (weekly),,https://www.xe.gr/property/s/mesitiko-grafeio/civitas-properties/0cefdc08-a79c-4955-91b8-d5b5a5c1aa8b,,
K2 Real Estate,independent,,,,no_site,,,,,"Δήμητρας 11, Αγ. Παρασκευή 153 42, Ελλάδα",,15342,,,,,xe.gr (weekly),,https://www.xe.gr/property/s/mesitiko-grafeio/k2-real-estate/523bc9cc-8faf-4676-8728-e97dfadd93c6,,
Ragos Group,independent,,,,no_site,,,,,"Ηλείας 53, Χαλάνδρι 152 34, Ελλάδα",,15234,,,,,xe.gr (weekly),,https://www.xe.gr/property/s/mesitiko-grafeio/ragos-group/4a5e4ab7-2a81-4ede-9ce3-4c3e8a0c1025,,
Avison Young,independent,avisonyoung.gr,https://avisonyoung.gr,https://www.avisonyoung.gr/,ok,yes,yes,152,,"Αμαρυσίας Αρτέμιδος 7, Μαρούσι 151 23, Ελλάδα",,15123,,,,,xe.gr (weekly); site by domain guess,,https://www.xe.gr/property/s/mesitiko-grafeio/avison-young/44ad716d-1cb3-43b0-9869-c475e06868e7,,
The Key Of Property  Dionysopoulos,independent,,,,no_site,,,,,"Αθήνα 114 76, Ελλάδα",,11476,,,,,xe.gr (weekly),,https://www.xe.gr/property/s/mesitiko-grafeio/the-key-of-property-dionysopoulos/57e05878-fb4b-4b5f-acf2-8e604a660ce2,,
House Team,independent,,,,no_site,,,,,"Χαλανδρίου 6, Αγ. Παρασκευή 153 43, Ελλάδα",,15343,,,,,xe.gr (weekly),,https://www.xe.gr/property/s/mesitiko-grafeio/house-team/bc3a48d8-3686-44cc-b686-9ecad3580aaa,,
Μπούσιου,independent,,,,no_site,,,,,"Κων/νου Ωραιοπούλου 4, Ηράκλειο 141 21, Ελλάδα",,14121,,,,,xe.gr (weekly),,https://www.xe.gr/property/s/mesitiko-grafeio/mpoysioy/e97576fa-072a-43e1-8e51-761ae91b6087,,
Aelios Group,independent,,,,no_site,,,,,"Αισώπου 18, Μαρούσι 151 22, Ελλάδα",,15122,,,,,xe.gr (weekly),,https://www.xe.gr/property/s/mesitiko-grafeio/aelios-group/a97b236d-3c1b-40ff-bc59-90ff72551330,,
Valuable Estate,independent,,,,no_site,,,,,"Φανερωμένης 13, Χολαργός 155 61, Ελλάδα",,15561,,,,,xe.gr (weekly),,https://www.xe.gr/property/s/mesitiko-grafeio/valuable-estate/f6584b90-9801-4f39-a8ca-5c771eebdad9,,
Adam Insurance & Property Consulting Services,independent,,,,no_site,,,,,"Βασ. Όλγας 47, Κορωπί 194 00, Ελλάδα",,19400,,,,,xe.gr (weekly),,https://www.xe.gr/property/s/mesitiko-grafeio/adam-insurance-property-consulting-services/7abd1734-d615-4a9b-b218-f6340bae120b,,
Μπαλκάμου,independent,,,,no_site,,,,,"Παλαιών Πατρών Γερμανού 4, Βριλήσσια 152 38, Ελλάδα",,15238,,,,,xe.gr (weekly),,https://www.xe.gr/property/s/mesitiko-grafeio/mpalkamoy/66a85416-0187-45e9-8e56-417173be620f,,
Rizos Realty,independent,,,,no_site,,,,,"Παπαδιαμαντοπούλου 42, Ζωγράφου 157 71, Ελλάδα",,15771,,,,,xe.gr (weekly),,https://www.xe.gr/property/s/mesitiko-grafeio/rizos-realty/c9ff2fad-405c-4d86-bb1e-53ada4398015,,
Machome,independent,,,,no_site,,,,,"Αγγέλου Σικελιανού 33, Ηλιούπολη 163 45, Ελλάδα",,16345,,,,,xe.gr (weekly),,https://www.xe.gr/property/s/mesitiko-grafeio/machome/762b1871-aa07-426c-9c5f-117b67701d86,,
RE/MAX Real Advisor,independent,,,,no_site,,,,,"Λεωφ. Ηρακλείου 314, Νέα Ιωνία 142 31, Ελλάδα",,14231,,,,,xe.gr (weekly),,https://www.xe.gr/property/s/mesitiko-grafeio/re-max-real-advisor/1f94b09e-2c94-43eb-bbf8-ca6534756242,,
Real Asset,independent,,,,no_site,,,,,"Κοραή 11, Πεύκη 151 21, Ελλάδα",,15121,,,,,xe.gr (weekly),,https://www.xe.gr/property/s/mesitiko-grafeio/real-asset/5f21909e-887b-46f5-a451-700b108f2c50,,
Best Properties,independent,,,,no_site,,,,,"Αγίου Αλεξάνδρου 70, Παλαιό Φάληρο 175 61, Ελλάδα",,17561,,,,,xe.gr (weekly),,https://www.xe.gr/property/s/mesitiko-grafeio/best-properties/b78649b1-e7b0-4cc7-813a-46d5a4e0f6c4,,
Hacienda Real Estate,independent,,,,no_site,,,,,"Φειδιππίδου 22, Αθήνα 115 27, Ελλάδα",,11527,,,,,xe.gr (weekly),,https://www.xe.gr/property/s/mesitiko-grafeio/hacienda-real-estate/af485649-584e-4e64-8911-fbc7bc989bfd,,
Real Estate Level Up Agents,independent,,,,no_site,,,,,"ΤατοΪου 73, Κηφισιά 145 64, Ελλάδα",,14564,,,,,xe.gr (weekly),,https://www.xe.gr/property/s/mesitiko-grafeio/real-estate-level-up-agents/f58fc088-1756-402a-806c-289b986fdf21,,
Dimit Estate,independent,,,,no_site,,,,,"Λεωφόρος Βουλιαγμένης 293, Αγ. Δημήτριος Αττικής 172 36, Ελλάδα",,17236,,,,,xe.gr (weekly),,https://www.xe.gr/property/s/mesitiko-grafeio/dimit-estate/dd8a9bff-56de-49e0-ac56-de04a50b4d8c,,
Metropolis Citizen Realty,independent,,,,no_site,,,,,"Διονυσίου Αιγινήτου 17, Αθήνα 115 28, Ελλάδα",,11528,,,,,xe.gr (weekly),,https://www.xe.gr/property/s/mesitiko-grafeio/metropolis-citizen-realty/7fed359d-d135-410d-a533-406713720b14,,
Κανακίδης Αναστάσιος,independent,,,,no_site,,,,,"Μουσών 10, Ψυχικό 154 52, Ελλάδα",,15452,,,,,xe.gr (weekly),,https://www.xe.gr/property/s/mesitiko-grafeio/kanakidhs-anastasios/cc357833-6819-4e57-a3a6-8bdc1dfa0c68,,
AstiHome,independent,,,,no_site,,,,,"Κοτζιά 47, Ηλιούπολη 163 46, Ελλάδα",,16346,,,,,xe.gr (weekly),,https://www.xe.gr/property/s/mesitiko-grafeio/astihome/10e4aae8-777a-41cb-b2b6-41cb0120e06d,,
Re Hive,independent,,,,no_site,,,,,"Τσιμισκή 18, Αθήνα 114 71, Ελλάδα",,11471,,,,,xe.gr (weekly),,https://www.xe.gr/property/s/mesitiko-grafeio/re-hive/02018d4c-edc5-4026-b7b1-fcefc5331cf1,,
Πάστρας Δημήτριος,independent,,,,no_site,,,,,"Πέτρου Καλλιγά 3, Αθήνα 114 73, Ελλάδα",,11473,,,,,xe.gr (weekly),,https://www.xe.gr/property/s/mesitiko-grafeio/pastras-dhmhtrios/2eaa3661-cea8-42fe-95e5-990998ef5eda,,
Giakoumidis Properties,independent,giakoumidisproperties.gr,https://giakoumidisproperties.gr,,error,,,,,"Σαπφούς 25, Καλλιθέα 176 76, Ελλάδα",,17676,,,,,xe.gr (weekly); site by domain guess,,https://www.xe.gr/property/s/mesitiko-grafeio/giakoumidis-properties/d81e4141-eb92-4cfd-b0ca-89271597c6e2,,
Λαρδάς,independent,,,,no_site,,,,,"Λεωφ. Ποσειδώνος 34, Άλιμος 174 55, Ελλάδα",,17455,,,,,xe.gr (weekly),,https://www.xe.gr/property/s/mesitiko-grafeio/lardas/8993e12d-f67f-4cc7-a346-d9c9cc2be94c,,
P.L. Properties,independent,,,,no_site,,,,,"Μάνου Χατζηδάκη 14, Μελίσσια 151 27, Ελλάδα",,15127,,,,,xe.gr (weekly),,https://www.xe.gr/property/s/mesitiko-grafeio/p-l-properties/fb976bb7-2f91-4cad-84f7-97ccb2580768,,
Mat Real Estate Κτηματομεσιτική Εταιρεία,independent,,,,no_site,,,,,"Παμφυλίας 21, Παλαιό Φάληρο 175 64, Ελλάδα",,17564,,,,,xe.gr (weekly),,https://www.xe.gr/property/s/mesitiko-grafeio/mat-real-estate-kthmatomesitikh-etaireia/bf363ca6-d9d0-4ff6-acf9-b59f65e142ee,,
Νότια Γαία,independent,,,,no_site,,,,,"Λεωφ. Ελ. Βενιζέλου 21, Γλυφάδα 166 75, Ελλάδα",,16675,,,,,xe.gr (weekly),,https://www.xe.gr/property/s/mesitiko-grafeio/notia-gaia/f628c816-01e6-4344-9799-ac9e5ca40cd1,,
the Houses Project,independent,,,,no_site,,,,,"Φαλήρου 12, Αθήνα 117 42, Ελλάδα",,11742,,,,,xe.gr (weekly),,https://www.xe.gr/property/s/mesitiko-grafeio/the-houses-project/b944efd2-c15d-4fc3-bbe3-4a8782a271f9,,
Vrakas Real Estate,independent,vrakasrealestate.gr,https://vrakasrealestate.gr,https://vrakasrealestate.gr/index,ok,yes,maybe,0,houzez,"Έλλης 55, Αιγάλεω 122 43, Ελλάδα",,12243,,,,,xe.gr (weekly); site by domain guess,,https://www.xe.gr/property/s/mesitiko-grafeio/vrakas-real-estate/928b7dc0-db38-4d48-843e-0782da142a23,,
Inestate,independent,,,,no_site,,,,,"Λεωφ. Μαραθώνος 86, Γέρακας 153 44, Ελλάδα",,15344,,,,,xe.gr (weekly),,https://www.xe.gr/property/s/mesitiko-grafeio/inestate/2a0e57da-f1aa-49df-88de-8910ea03468f,,
Dafnoulis Real Estate,independent,,,,no_site,,,,,"Ξενοκράτους 35, Αθήνα 106 76, Ελλάδα",,10676,,,,,xe.gr (weekly),,https://www.xe.gr/property/s/mesitiko-grafeio/dafnoulis-real-estate/21761779-84d7-4d69-be1e-730d94cfe682,,
Μεσιτικό Τομαδάκη,independent,,,,no_site,,,,,"Σουλίου 181, Πετρούπολη 132 31, Ελλάδα",,13231,,,,,xe.gr (weekly),,https://www.xe.gr/property/s/mesitiko-grafeio/mesitiko-tomadakh/e923ed7e-0e40-4dcd-8185-cd60e78949e8,,
Ντονη Παναγιώτης,independent,,,,no_site,,,,,"Κοραή 12, Αγ. Παρασκευή 153 41, Ελλάδα",,15341,,,,,xe.gr (weekly),,https://www.xe.gr/property/s/mesitiko-grafeio/ntonh-panagiwths/b6ede7ea-6851-411d-98e9-ed9b8e9a519f,,
HomeRealty,independent,,,,no_site,,,,,"Ψυχικό 154 52, Ελλάδα",,15452,,,,,xe.gr (weekly),,https://www.xe.gr/property/s/mesitiko-grafeio/homerealty/62f8445a-e889-4091-a3bc-48684e47640c,,
Athens Living,independent,,,,no_site,,,,,"Γράμμου 71, Μαρούσι 151 24, Ελλάδα",,15124,,,,,xe.gr (weekly),,https://www.xe.gr/property/s/mesitiko-grafeio/athens-living/32c3a7a6-adef-417d-97f2-7d91cd5225d1,,
Κτηματικές Συναλλαγές Μητρονίκας,independent,,,,no_site,,,,,"Λεωφόρος Βουλιαγμένης 501, Ηλιούπολη 163 41, Ελλάδα",,16341,,,,,xe.gr (weekly),,https://www.xe.gr/property/s/mesitiko-grafeio/kthmatikes-synallages-mhtronikas/3c251d13-ff19-45ed-a2a7-79c365c9b7b6,,
Βρίσκω Σπίτι,independent,,,,no_site,,,,,"Πραξιτέλους 39, Καλλιθέα 176 74, Ελλάδα",,17674,,,,,xe.gr (weekly),,https://www.xe.gr/property/s/mesitiko-grafeio/vriskw-spiti/d33c09d5-3caa-4d09-8d14-4a12745c2d3b,,
Exclusive Agora,independent,,,,no_site,,,,,"Μεθώνης 17, Χαλάνδρι 152 31, Ελλάδα",,15231,,,,,xe.gr (weekly),,https://www.xe.gr/property/s/mesitiko-grafeio/exclusive-agora/79d5b952-dfc4-4993-aa87-a2ae758be76d,,
Επιλογή ΚΑΤΟΙΚΙΑΣ Real Estate,independent,,,,no_site,,,,,"Ρόδων 7, Ζωγράφου 157 72, Ελλάδα",,15772,,,,,xe.gr (weekly),,https://www.xe.gr/property/s/mesitiko-grafeio/epilogh-katoikias-real-estate/f0aaa8ff-a3e1-44f2-9324-c4e955b8c5cd,,
Ms Brokers,independent,,,,no_site,,,,,"Κώστα Βάρναλη 29, Περιστέρι 121 34, Ελλάδα",,12134,,,,,xe.gr (weekly),,https://www.xe.gr/property/s/mesitiko-grafeio/ms-brokers/7c0eb4a9-7de7-4303-ade2-15c75df0d003,,
Prosperity Real Estate,independent,prosperity-realestate.gr,https://prosperity-realestate.gr,https://www.prosperity-realestate.gr/,ok,no,yes,34,,"Σταδίου 57, Αθήνα 105 51, Ελλάδα",,10551,,,,,xe.gr (weekly); site by domain guess,,https://www.xe.gr/property/s/mesitiko-grafeio/prosperity-real-estate/ab05ac45-c06c-4001-aa46-2b90c1236612,,
Interattica Real Estate And Constructions,independent,,,,no_site,,,,,"Ζηρίνη 23, Κηφισιά 145 62, Ελλάδα",,14562,,,,,xe.gr (weekly),,https://www.xe.gr/property/s/mesitiko-grafeio/interattica-real-estate-and-constructions/7e9519db-17b5-433d-a7eb-4260bf97532d,,
Marazotis Real Estate,independent,marazotis.gr,https://marazotis.gr,https://www.marazotis.gr/el/home,ok,yes,yes,6,,"Σισίνη 39, Αθήνα 115 28, Ελλάδα",,11528,,,,,xe.gr (weekly); site by domain guess,,https://www.xe.gr/property/s/mesitiko-grafeio/marazotis-real-estate/81bb838d-5677-4bf3-b2d5-48d1f13a0fce,,
KTIMATODOMI,independent,,,,no_site,,,,,"Βασιλικών 4, Περιστέρι 121 37, Ελλάδα",,12137,,,,,xe.gr (weekly),,https://www.xe.gr/property/s/mesitiko-grafeio/ktimatodomi/2aa1df7b-be56-44fa-aeb6-e9b0e40376ab,,
Μυρτώ Σγουρου,independent,,,,no_site,,,,,"Πεισίστρατου 3, Ντράφι 190 09, Ελλάδα",,19009,,,,,xe.gr (weekly),,https://www.xe.gr/property/s/mesitiko-grafeio/myrtw-sgoyroy/04e0d19f-48ab-40cf-ba25-f60a4e8486ff,,
ΜΕΣΙΤΙΚΟ ΣΧΗΜΑ,independent,,,,no_site,,,,,"Σεβαστουπόλεως 150, Αθήνα 115 26, Ελλάδα",,11526,,,,,xe.gr (weekly),,https://www.xe.gr/property/s/mesitiko-grafeio/mesitiko-schhma/f840f5c6-d787-4c7d-98e6-3d917133de1e,,
NR.new realty,independent,,,,no_site,,,,,"Αγ. Σαράντα 61, Νέα Ερυθραία 146 71, Ελλάδα",,14671,,,,,xe.gr (weekly),,https://www.xe.gr/property/s/mesitiko-grafeio/nr-new-realty/8fc813ab-762d-4797-b5a1-8edcc48d65dd,,
Energy Real Estate,independent,,,,no_site,,,,,"Πατησίων 299, Αθήνα 111 44, Ελλάδα",,11144,,,,,xe.gr (weekly),,https://www.xe.gr/property/s/mesitiko-grafeio/energy-real-estate/0812c936-8a63-4508-bb6f-580cb062bb00,,
Νότια Δόμηση Π Δ Καλομοίρης Κατασκευές Μεσιτικά Ε.Ε.,independent,,,,no_site,,,,,"Λεωφόρος Βουλιαγμένης 53, Αθήνα 117 43, Ελλάδα",,11743,,,,,xe.gr (weekly),,https://www.xe.gr/property/s/mesitiko-grafeio/notia-domhsh-p-d-kalomoirhs-kataskeyes-mesitika-e-e/813ecb66-c9f0-49b5-ae2e-755d9272983c,,
Supreme Real Estate Land & Properties,independent,,,,no_site,,,,,"Λευκών Ορέων 55, Χαλάνδρι 152 34, Ελλάδα",,15234,,,,,xe.gr (weekly),,https://www.xe.gr/property/s/mesitiko-grafeio/supreme-real-estate-land-properties/da6c72f2-0114-4a61-bd78-e77814413395,,
One Invest,independent,,,,no_site,,,,,"Χρυσοστόμου Σμύρνης 4, Ηλιούπολη 163 45, Ελλάδα",,16345,,,,,xe.gr (weekly),,https://www.xe.gr/property/s/mesitiko-grafeio/one-invest/96987615-8586-4ed9-8f42-cab61f793968,,
Public Real Estate,independent,publicrealestate.gr,https://publicrealestate.gr,https://www.e-publicrealestate.gr/,ok,yes,no,0,wordpress,"Λεωφόρος Βουλιαγμένης 339, Ηλιούπολη 163 46, Ελλάδα",,16346,,,,,xe.gr (weekly); site by domain guess,,https://www.xe.gr/property/s/mesitiko-grafeio/public-real-estate/2971ec6d-ea6a-46e2-a6bf-5b7fb58f741c,,
Reg Real Estate Greece,independent,,,,no_site,,,,,"Αχιλλέως 42, Παλαιό Φάληρο 175 62, Ελλάδα",,17562,,,,,xe.gr (weekly),,https://www.xe.gr/property/s/mesitiko-grafeio/reg-real-estate-greece/9f6cd4e3-a392-4518-8270-5b45c0c19bdf,,
Idea Ecasa,independent,ideaecasa.gr,https://ideaecasa.gr,https://www.ideaecasa.gr/,ok,yes,no,0,,"Πίνδου 4, Βριλήσσια 152 38, Ελλάδα",,15238,,,,,xe.gr (weekly); site by domain guess,,https://www.xe.gr/property/s/mesitiko-grafeio/idea-ecasa/fcc3502c-0a18-4415-8741-31fa5b816793,,
Domus Property,independent,,,,no_site,,,,,"25ης Μαρτίου 161, Πετρούπολη 132 31, Ελλάδα",,13231,,,,,xe.gr (weekly),,https://www.xe.gr/property/s/mesitiko-grafeio/domus-property/d1bf97a5-1cc5-466b-9c29-d6b9a4ffbcd6,,
Στρουμπου Φραγκίσκα,independent,,,,no_site,,,,,"Αριστοτέλους 11, 15, Αθήνα 104 32, Ελλάδα",,10432,,,,,xe.gr (weekly),,https://www.xe.gr/property/s/mesitiko-grafeio/stroympoy-fragkiska/c0458b12-760a-401e-ac10-1ea416f9f042,,
Πάνος Ι. Ζουγανέλης Α.Ε.,independent,,,,no_site,,,,,"Τήνου 37, Αγ. Παρασκευή 153 43, Ελλάδα",,15343,,,,,xe.gr (weekly),,https://www.xe.gr/property/s/mesitiko-grafeio/panos-i-zoyganelhs-a-e/fca110d6-6062-42ab-b1e0-1c4cbddac51b,,
Bee Gate,independent,bee-gate.gr,https://bee-gate.gr,https://bee-realestate.gr/office?id=4eb4ac3c-4179-4693-9e9f-192e019d3d6f,ok,yes,yes,22,,"Εμμανουήλ Μπενάκη 8, Αθήνα 105 64, Ελλάδα",,10564,,,,,xe.gr (weekly); site by domain guess,,https://www.xe.gr/property/s/mesitiko-grafeio/bee-gate/6097853b-cdf0-45ff-b1bb-dee893475181,,
Αιολος Ανυψωτικά ΕΕ,independent,,,,no_site,,,,,"Τατοΐου 133, Αχαρνές 136 77, Ελλάδα",,13677,,,,,xe.gr (weekly),,https://www.xe.gr/property/s/mesitiko-grafeio/aiolos-anypswtika-ee/233b3443-6c39-44d2-9267-afaf2730cee7,,
Sonar Properties,independent,,,,no_site,,,,,"Αγ. Δημήτριος Αττικής 173 42, Ελλάδα",,17342,,,,,xe.gr (weekly),,https://www.xe.gr/property/s/mesitiko-grafeio/sonar-properties/70fd89dc-66e0-4b36-a674-794895a7a838,,
Ioannatos Real Estate,independent,,,,no_site,,,,,"Ειρήνης 21, Ραφήνα 190 09, Ελλάδα",,19009,,,,,xe.gr (weekly),,https://www.xe.gr/property/s/mesitiko-grafeio/ioannatos-real-estate/bd9871a6-beaa-4b86-bf06-169dceaa3912,,
Giant Realty,independent,giantrealty.com,https://giantrealty.com,https://giantrealty.com,ok,yes,maybe,0,,"Υμηττός 172 37, Ελλάδα",,17237,,,,,xe.gr (weekly); site by domain guess,,https://www.xe.gr/property/s/mesitiko-grafeio/giant-realty/6d4c5588-456e-4df5-b3c7-7e55f691d89c,,
White Deals Brokers Services,independent,,,,no_site,,,,,"Αγίου Αντωνίου 69, Βριλήσσια 152 38, Ελλάδα",,15238,,,,,xe.gr (weekly),,https://www.xe.gr/property/s/mesitiko-grafeio/white-deals-brokers-services/55c94b77-d77c-4e27-9b67-79bc15287d39,,
The Rooftop Athens,independent,,,,no_site,,,,,"Γοργίου 11, Αθήνα 116 36, Ελλάδα",,11636,,,,,xe.gr (weekly),,https://www.xe.gr/property/s/mesitiko-grafeio/the-rooftop-athens/cfcbc93a-3b2c-4be4-a32f-0044de962cfd,,
AK Properties,independent,,,,no_site,,,,,"Πεσμαζόγλου 68, Κηφισιά 145 61, Ελλάδα",,14561,,,,,xe.gr (weekly),,https://www.xe.gr/property/s/mesitiko-grafeio/ak-properties/424b1f5a-b4b6-410b-8ecd-6a9a2bc412e8,,
CPR Construction,independent,,,,no_site,,,,,"Σικάγου 1, Περιστέρι 121 35, Ελλάδα",,12135,,,,,xe.gr (weekly),,https://www.xe.gr/property/s/mesitiko-grafeio/cpr-construction/0159980a-6ad8-4a26-9fce-7b4f53687af2,,
Σίγμα Κτηματομεσιτική,independent,,,,no_site,,,,,"Φραγκοπουλου 1, Κηφισιά 145 61, Ελλάδα",,14561,,,,,xe.gr (weekly),,https://www.xe.gr/property/s/mesitiko-grafeio/sigma-kthmatomesitikh/38be5664-1570-401f-9e39-4cfc2aec8f77,,
Kolokotroni Real Estate,independent,,,,no_site,,,,,"Σαπφούς 25, Καλλιθέα 176 76, Ελλάδα",,17676,,,,,xe.gr (weekly),,https://www.xe.gr/property/s/mesitiko-grafeio/kolokotroni-real-estate/47acbbea-2609-4917-be15-729cec9e4544,,
J.K. Poulsen - Property Investment Group,independent,,,,no_site,,,,,"Κασσαβέτη 19, Κηφισιά 145 62, Ελλάδα",,14562,,,,,xe.gr (weekly),,https://www.xe.gr/property/s/mesitiko-grafeio/j-k-poulsen-property-investment-group/ef33ce49-fdf3-4e1b-8dfd-600a69c36681,,
Find,independent,,,,no_site,,,,,"Αγίας Αικατερίνης 5, Αθήνα 118 53, Ελλάδα",,11853,,,,,xe.gr (weekly),,https://www.xe.gr/property/s/mesitiko-grafeio/find/0be090b3-dc9a-476e-83f0-e43adc7c97d8,,
Properland,independent,,,,no_site,,,,,"Διονύσου 2-4, Μαρούσι 151 24, Ελλάδα",,15124,,,,,xe.gr (weekly),,https://www.xe.gr/property/s/mesitiko-grafeio/properland/3b3fe6bf-e550-4c89-8eee-7cfc72365a46,,
Saronikos Real Estate Group,independent,,,,no_site,,,,,"Αγίου Γεωργίου & Ηλέκτρας, Ανάβυσσος 190 13, Ελλάδα",,19013,,,,,xe.gr (weekly),,https://www.xe.gr/property/s/mesitiko-grafeio/saronikos-real-estate-group/688532f3-748b-4d48-a85a-02ebdee4243c,,
Greece Exclusive Properties,independent,,,,no_site,,,,,"Λεωφ. Βασιλέως Παύλου 102, Βούλα 166 73, Ελλάδα",,16673,,,,,xe.gr (weekly),,https://www.xe.gr/property/s/mesitiko-grafeio/greece-exclusive-properties/72dde3f7-6ad4-4173-9517-a6c16087756d,,
Divino Group GP,independent,,,,no_site,,,,,"Φολεγάνδρου 2, Γλυφάδα 165 61, Ελλάδα",,16561,,,,,xe.gr (weekly),,https://www.xe.gr/property/s/mesitiko-grafeio/divino-group-gp/f21ace8b-c10f-44c2-9b79-f646e7376049,,
Properties Hellas - Real Estate Agency,independent,,,,no_site,,,,,"Σπετσοπουλας 3, Αθήνα 113 61, Ελλάδα",,11361,,,,,xe.gr (weekly),,https://www.xe.gr/property/s/mesitiko-grafeio/properties-hellas-real-estate-agency/b364e788-fcd9-4391-9ab2-eab1d4b04fcd,,
New Life Real Estate,independent,,,,no_site,,,,,"Ρόδου 15, Χαλάνδρι 152 34, Ελλάδα",,15234,,,,,xe.gr (weekly),,https://www.xe.gr/property/s/mesitiko-grafeio/new-life-real-estate/db2588d3-d25d-47aa-bcce-5f5e4cc6c8ee,,
Property Outlet,independent,,,,no_site,,,,,"Μαρκόπουλο Ωρωπού 190 15, Ελλάδα",,19015,,,,,xe.gr (weekly),,https://www.xe.gr/property/s/mesitiko-grafeio/property-outlet/6296d2a6-4574-4dc3-b533-5cc96a5972bc,,
Saltwater Brokerage,independent,,,,no_site,,,,,"Ελ. Βενιζέλου 114, Νέα Ερυθραία 146 71, Ελλάδα",,14671,,,,,xe.gr (weekly),,https://www.xe.gr/property/s/mesitiko-grafeio/saltwater-brokerage/50f5ddc8-b5a2-4580-bb19-2aed8b9d395f,,
Sqm Realtors,independent,sqmrealtors.gr,https://sqmrealtors.gr,https://www.sqmrealtors.gr/en/home,ok,yes,yes,6,,"Πλ. Βαρνάβα 7, Αθήνα 116 36, Ελλάδα",,11636,,,,,xe.gr (weekly); site by domain guess,,https://www.xe.gr/property/s/mesitiko-grafeio/sqm-realtors/fb3c182d-334a-460c-a5bb-9351bebc0e81,,
Bounou Real Estate,independent,,,,no_site,,,,,"Σταδίου 39, Αθήνα 105 59, Ελλάδα",,10559,,,,,xe.gr (weekly),,https://www.xe.gr/property/s/mesitiko-grafeio/bounou-real-estate/906cdbf0-fb86-4b39-8659-4d584392a234,,
Findyourhome.gr,independent,,,,no_site,,,,,"Ελ. Βενιζέλου 20, Ραφήνα 190 09, Ελλάδα",,19009,,,,,xe.gr (weekly),,https://www.xe.gr/property/s/mesitiko-grafeio/findyourhome-gr/8af1a63a-e227-4b77-bebc-53e1857ae5ff,,
Ντουλης - Τριβελλα,independent,,,,no_site,,,,,"Ηπείρου 50, Αθήνα 104 39, Ελλάδα",,10439,,,,,xe.gr (weekly),,https://www.xe.gr/property/s/mesitiko-grafeio/ntoylhs-trivella/2992e671-7d22-418f-9dd0-908ac4d89ae7,,
Solid Real Estate Group,independent,solid-realestate.gr,https://solid-realestate.gr,https://www.solid-realestate.gr/,ok,yes,no,0,wordpress,"Χρηστου Βρεττού 18, Αχαρνές 136 73, Ελλάδα",,13673,,,,,xe.gr (weekly); site by domain guess,,https://www.xe.gr/property/s/mesitiko-grafeio/solid-real-estate-group/3d7d08eb-c5dd-44ad-b234-ce331e3e87b5,,
Real Est8 Estate Of Life PC,independent,,,,no_site,,,,,"Ηροδότου 14, Αθήνα 106 75, Ελλάδα",,10675,,,,,xe.gr (weekly),,https://www.xe.gr/property/s/mesitiko-grafeio/real-est8-estate-of-life-pc/b7b63c3e-14d9-4d24-9973-9d5ed03a14bf,,
Duke Land Finder,independent,,,,no_site,,,,,"Ρήγα Φεραίου 23, Γλυφάδα 166 74, Ελλάδα",,16674,,,,,xe.gr (weekly),,https://www.xe.gr/property/s/mesitiko-grafeio/duke-land-finder/02c8c4da-9058-4ab8-9bbd-e8656dced1af,,
Dynasty,independent,dynastyrealestate.gr,https://dynastyrealestate.gr,https://www.dynastyrealestate.gr/el/home,ok,yes,yes,9,,"Αθανασίου Διάκου 32, Ηλιούπολη 163 42, Ελλάδα",,16342,,,,,xe.gr (weekly); site by domain guess,,https://www.xe.gr/property/s/mesitiko-grafeio/dynasty/ef3d9063-b523-4ed3-875c-e8e21bf604c6,,
Ακίνητα Πόλις,independent,akinitapolis.gr,https://akinitapolis.gr,https://www.akinitapolis.gr/,ok,yes,yes,6,houzez,"Κανάρη 19, Αθήνα 106 73, Ελλάδα",,10673,,,,,xe.gr (weekly); site by domain guess,,https://www.xe.gr/property/s/mesitiko-grafeio/akinhta-polis/91e6bf90-cee4-4470-ba70-e036a5d66092,,
Eniko Real Estate,independent,,,,no_site,,,,,"Λεωφ. Ελ. Βενιζέλου 53, Νέα Σμύρνη 171 23, Ελλάδα",,17123,,,,,xe.gr (weekly),,https://www.xe.gr/property/s/mesitiko-grafeio/eniko-real-estate/25536eeb-d066-456f-a5e6-2154cb42e948,,
Zirogiannis Real Estate Specialists,independent,,,,no_site,,,,,"Λεωφ. Μαραθώνος 34, Παλλήνη 153 51, Ελλάδα",,15351,,,,,xe.gr (weekly),,https://www.xe.gr/property/s/mesitiko-grafeio/zirogiannis-real-estate-specialists/9f36f0ba-b8f0-42cb-ae03-bc6097f6ca21,,
Αερίκος Χαρίλαος,independent,,,,no_site,,,,,"Αργολίδος 33-35, Αθήνα 115 23, Ελλάδα",,11523,,,,,xe.gr (weekly),,https://www.xe.gr/property/s/mesitiko-grafeio/aerikos-charilaos/0a222b43-5319-4dc7-97a8-59766df28dfc,,
Lockation,independent,,,,no_site,,,,,"Παλαιών Πατρών Γερμανού 7, Αθήνα 105 61, Ελλάδα",,10561,,,,,xe.gr (weekly),,https://www.xe.gr/property/s/mesitiko-grafeio/lockation/47ca466c-cf6f-4c8c-8041-c12a9fd2fc4e,,
Property Founders,independent,,,,no_site,,,,,"Ναπολέοντος Ζέρβα 18, Γλυφάδα 166 75, Ελλάδα",,16675,,,,,xe.gr (weekly),,https://www.xe.gr/property/s/mesitiko-grafeio/property-founders/e3373940-4d79-43e3-9702-be5e1c173afc,,
Elite Real Estate,independent,,,,no_site,,,,,"Αμβροσίου Φραντζή 6, Αθήνα 117 45, Ελλάδα",,11745,,,,,xe.gr (weekly),,https://www.xe.gr/property/s/mesitiko-grafeio/elite-real-estate/5d3a3c05-db84-48a7-bb84-9d117995f304,,
Homer Real Estate,independent,,,,no_site,,,,,"Λεωφ. Κηφισίας 125-127, Αθήνα 115 24, Ελλάδα",,11524,,,,,xe.gr (weekly),,https://www.xe.gr/property/s/mesitiko-grafeio/homer-real-estate/f7085a1f-8ab1-4106-bdd9-075e2e2ae5a7,,
Δημητρίου & Συνεργάτες,independent,,,,no_site,,,,,"Απόλλωνος 20, Γαλάτσι 111 46, Ελλάδα",,11146,,,,,xe.gr (weekly),,https://www.xe.gr/property/s/mesitiko-grafeio/dhmhtrioy-synergates/e52a970d-9d83-4fac-9e53-6dbd19796a31,,
MBC Real Estate,independent,,,,no_site,,,,,"Λεωφ. Ανδρέα Συγγρού 106, Αθήνα 117 41, Ελλάδα",,11741,,,,,xe.gr (weekly),,https://www.xe.gr/property/s/mesitiko-grafeio/mbc-real-estate/9f9a3893-3b12-41c1-ae60-eeff801d1788,,
Tu Casa,independent,tucasa.gr,https://tucasa.gr,https://www.tucasa.gr/,ok,no,yes,26,,"Κηφισιά 146 71, Ελλάδα",,14671,,,,,xe.gr (weekly); site by domain guess,,https://www.xe.gr/property/s/mesitiko-grafeio/tu-casa/e3c6ce40-2eab-4dfc-8649-56e391490ea9,,
KW Athens Riviera,independent,,,,no_site,,,,,"Λεωφ. Κωνσταντίνου Καραμανλή 19, Βούλα 166 73, Ελλάδα",,16673,,,,,xe.gr (weekly),,https://www.xe.gr/property/s/mesitiko-grafeio/kw-athens-riviera/9fc4071e-a95d-40da-ab29-11e748543cac,,
City Estate,independent,,,,no_site,,,,,"Κώστα Βάρναλη, Περιστέρι 121 34, Ελλάδα",,12134,,,,,xe.gr (weekly),,https://www.xe.gr/property/s/mesitiko-grafeio/city-estate/4a8117ba-e156-4d42-8c43-256b48d270d9,,
Vision & Reliability,independent,,,,no_site,,,,,"Ιδαλίου 6, Ραφήνα 190 09, Ελλάδα",,19009,,,,,xe.gr (weekly),,https://www.xe.gr/property/s/mesitiko-grafeio/vision-reliability/e1119663-881e-45aa-8a14-e051d45b11a5,,
N.G.K. Real Estate,independent,,,,no_site,,,,,"Λεωφ. Καρέα 68, Βύρωνας 162 33, Ελλάδα",,16233,,,,,xe.gr (weekly),,https://www.xe.gr/property/s/mesitiko-grafeio/n-g-k-real-estate/10d9c77f-5aae-410e-b9bf-53e37e497d5e,,
Kostas Vlachos Real Estate,independent,,,,no_site,,,,,"Ερμού 1, Βουλιαγμένη 166 71, Ελλάδα",,16671,,,,,xe.gr (weekly),,https://www.xe.gr/property/s/mesitiko-grafeio/kostas-vlachos-real-estate/491ceb93-d480-4d26-a137-8088f08526fd,,
Abcon Real Estate,independent,,,,no_site,,,,,"Ιπποκράτους 213, Αθήνα 114 72, Ελλάδα",,11472,,,,,xe.gr (weekly),,https://www.xe.gr/property/s/mesitiko-grafeio/abcon-real-estate/41d7408b-45a7-47cd-a5e0-58c3be117004,,
Δανός Real Estate,independent,,,,no_site,,,,,"Ερατοσθένους 1, Αθήνα 116 35, Ελλάδα",,11635,,,,,xe.gr (weekly),,https://www.xe.gr/property/s/mesitiko-grafeio/danos-real-estate/7eff3493-6efc-4670-b37f-f99df532a983,,
Holystone Συμβουλοι Ανάπτυξης & Διαχείρισης Ακινήτων,independent,,,,no_site,,,,,"Μπιζανίου 3, Βούλα 166 73, Ελλάδα",,16673,,,,,xe.gr (weekly),,https://www.xe.gr/property/s/mesitiko-grafeio/holystone-symvoyloi-anaptyxhs-diacheirishs-akinhtwn/3df8c7dd-71e2-412b-8679-57979e76611a,,
Global Real Estate,independent,,,,no_site,,,,,"Εμπορικό κέντρο Colosseum, Δούσμανη 3, 81, Γλυφάδα 166 75, Ελλάδα",,16675,,,,,xe.gr (weekly),,https://www.xe.gr/property/s/mesitiko-grafeio/global-real-estate/66233360-fb16-41ed-8d33-50b231065c7d,,
Σαρδελή Αναστασία,independent,,,,no_site,,,,,"Κεφαλληνίας 34, Μεταμόρφωση 144 52, Ελλάδα",,14452,,,,,xe.gr (weekly),,https://www.xe.gr/property/s/mesitiko-grafeio/sardelh-anastasia/9e3a669a-a567-40c1-a9cc-f5a2fdac701e,,
Your New Home,independent,,,,no_site,,,,,"Στρ. Μακρυγιάννη 50, Αγ. Δημήτριος Αττικής 173 42, Ελλάδα",,17342,,,,,xe.gr (weekly),,https://www.xe.gr/property/s/mesitiko-grafeio/your-new-home/b522c265-1823-4f00-9e29-e0a817824491,,
Professional Way,independent,,,,no_site,,,,,"Λεωφ. Πεντέλης 42, Βριλήσσια 152 35, Ελλάδα",,15235,,,,,xe.gr (weekly),,https://www.xe.gr/property/s/mesitiko-grafeio/professional-way/b2a86bb5-26b5-425e-8bb1-ed1304846f70,,
Iakovatos Real Estate,independent,,,,no_site,,,,,"Βενεζουέλας 43, Γλυφάδα 166 74, Ελλάδα",,16674,,,,,xe.gr (weekly),,https://www.xe.gr/property/s/mesitiko-grafeio/iakovatos-real-estate/5d743eaf-6f1c-405b-a41f-63cfa9a22cfb,,
Estate Agents,independent,,,,no_site,,,,,"Δερβενακίων 39, Υμηττός 172 37, Ελλάδα",,17237,,,,,xe.gr (weekly),,https://www.xe.gr/property/s/mesitiko-grafeio/estate-agents/306d32e6-d5a5-4515-a07a-e8e8aa34e14e,,
VΚ Real Estate Network,independent,,,,no_site,,,,,"Δράμας 99, Αθήνα 104 43, Ελλάδα",,10443,,,,,xe.gr (weekly),,https://www.xe.gr/property/s/mesitiko-grafeio/vk-real-estate-network/35d79dbd-53c5-4bc7-8bb0-4ae6431b8285,,
Ιωάννα Τσαφούρου & Συνεργάτες,independent,,,,no_site,,,,,"Φειδιππίδου 12, Αθήνα 115 26, Ελλάδα",,11526,,,,,xe.gr (weekly),,https://www.xe.gr/property/s/mesitiko-grafeio/iwanna-tsafoyroy-synergates/f0a57da1-fbe9-41be-bf56-ff8e48102cdd,,
Real Homes,independent,,,,no_site,,,,,"Λεωφ. Μεσογείων 50, Αθήνα 115 27, Ελλάδα",,11527,,,,,xe.gr (weekly),,https://www.xe.gr/property/s/mesitiko-grafeio/real-homes/b21be6be-0df5-4500-ae98-5fe5aac9719e,,
Οικία & Δομή,independent,oikia-domi.gr,https://oikia-domi.gr,https://www.oikia-domi.gr/,ok,no,yes,21,,"Νεοκλέους 109, Περιστέρι 121 36, Ελλάδα",,12136,,,,,xe.gr (weekly); site by domain guess,,https://www.xe.gr/property/s/mesitiko-grafeio/oikia-domh/1b180f92-e41c-4644-8824-2e40e51094f3,,
Marathon Development Co,independent,,,,no_site,,,,,"Ελ. Βενιζέλου 34, Νέα Μάκρη 190 05, Ελλάδα",,19005,,,,,xe.gr (weekly),,https://www.xe.gr/property/s/mesitiko-grafeio/marathon-development-co/0da0beee-e415-4b23-9f20-e07f873481ed,,
Akinita Panou Real Estate,independent,,,,no_site,,,,,"Αθανασίου Διάκου, Αργυρούπολη 164 51, Ελλάδα",,16451,,,,,xe.gr (weekly),,https://www.xe.gr/property/s/mesitiko-grafeio/akinita-panou-real-estate/95e74a79-8b15-4cb1-8685-a1b718046ee0,,
Greco Μεσιτικό,independent,,,,no_site,,,,,"Ιλισίων 24, Ζωγράφου 157 71, Ελλάδα",,15771,,,,,xe.gr (weekly),,https://www.xe.gr/property/s/mesitiko-grafeio/greco-mesitiko/595d5da6-bc5f-4589-9a12-291f4418463c,,
Aspis Real Estate Αγία Παρασκευή,independent,,,,no_site,,,,,"Ζαλόγγου 8, Αγ. Παρασκευή 153 43, Ελλάδα",,15343,,,,,xe.gr (weekly),,https://www.xe.gr/property/s/mesitiko-grafeio/aspis-real-estate-agia-paraskeyh/1d98aab7-b0c1-478a-ae17-429d66496475,,
P.C.I. Real Estate,independent,,,,no_site,,,,,"Κορωπί 194 00, Ελλάδα",,19400,,,,,xe.gr (weekly),,https://www.xe.gr/property/s/mesitiko-grafeio/p-c-i-real-estate/d60dafcf-7d81-4d15-9a85-2944e94d5f31,,
Wave Real Estate,independent,,,,no_site,,,,,"Δημ. Γούναρη 227, Γλυφάδα 166 74, Ελλάδα",,16674,,,,,xe.gr (weekly),,https://www.xe.gr/property/s/mesitiko-grafeio/wave-real-estate/bd0b952c-7b60-4b6d-9993-e48ae0679c18,,
Sirioti Real Estate,independent,,,,no_site,,,,,"Ωριγενους 8, Αθήνα 114 71, Ελλάδα",,11471,,,,,xe.gr (weekly),,https://www.xe.gr/property/s/mesitiko-grafeio/sirioti-real-estate/ffc9db82-04e6-44e8-aaa5-b41dfe089d72,,
KANELLIDIS Real Estate,independent,kanellidis.gr,https://kanellidis.gr,https://kanellidis.gr,ok,no,yes,48,,"Πατησίων & Κων/νου Θεοτόκη, Αθήνα 111 44, Ελλάδα",,11144,,,,,xe.gr (weekly); site by domain guess,,https://www.xe.gr/property/s/mesitiko-grafeio/kanellidis-real-estate/7a58af1a-c4e4-49b8-abaf-29067e9ef3fe,,
Silver Arrow Properties,independent,,,,no_site,,,,,"Λεωφ. Βασιλέως Παύλου 82, Βούλα 166 73, Ελλάδα",,16673,,,,,xe.gr (weekly),,https://www.xe.gr/property/s/mesitiko-grafeio/silver-arrow-properties/175526bd-30f9-4bb8-b643-8fd5e3514305,,
Upstreet,independent,,,,no_site,,,,,"Λεωφ. Πεντέλης 16, Χαλάνδρι 152 33, Ελλάδα",,15233,,,,,xe.gr (weekly),,https://www.xe.gr/property/s/mesitiko-grafeio/upstreet/5f5209c5-21c8-46a5-818d-57679181f058,,
Γεωργίου Γεώργιος,independent,,,,no_site,,,,,"Στρ. Καλλάρη 32, Αθήνα 111 45, Ελλάδα",,11145,,,,,xe.gr (weekly),,https://www.xe.gr/property/s/mesitiko-grafeio/gewrgioy-gewrgios/56d5e10b-a889-4b6e-b98d-e0f7c907b617,,
ΣΙ ΤΖΙ ΕΜ Ι.Κ.Ε.,independent,,,,no_site,,,,,"Ερατούς 11, Αθήνα 113 64, Ελλάδα",,11364,,,,,xe.gr (weekly),,https://www.xe.gr/property/s/mesitiko-grafeio/si-tzi-em-i-k-e/d6dea59a-ac0d-488c-b3bf-c5dd1b1b130e,,
Southview Real Estate,independent,southviewrealestate.com,https://southviewrealestate.com,https://southviewrealestate.com,ok,yes,yes,8,,"Λεωφ. Κωνσταντίνου Καραμανλή 135, Βούλα 166 73, Ελλάδα",,16673,,,,,xe.gr (weekly); site by domain guess,,https://www.xe.gr/property/s/mesitiko-grafeio/southview-real-estate/8e92034a-5101-47e7-8ab0-ba4cb93592ba,,
A Team Property,independent,,,,no_site,,,,,"Φιλυρών 19, Ηράκλειο 141 21, Ελλάδα",,14121,,,,,xe.gr (weekly),,https://www.xe.gr/property/s/mesitiko-grafeio/a-team-property/aa7169fb-6e7a-46fa-ac0e-365ec13bbae0,,
Σαπαριλλα - Λιγνού,independent,,,,no_site,,,,,"Παπάγου 3, Ζωγράφου 157 71, Ελλάδα",,15771,,,,,xe.gr (weekly),,https://www.xe.gr/property/s/mesitiko-grafeio/saparilla-lignoy/7777d98b-738d-486e-af64-6c87b0547394,,
Epavlis,independent,,,,no_site,,,,,"Λεωφόρος Βουλιαγμένης 587, 2, Αργυρούπολη 164 52, Ελλάδα",,16452,,,,,xe.gr (weekly),,https://www.xe.gr/property/s/mesitiko-grafeio/epavlis/35ee86cc-db8b-4bec-973e-3ae6517d3291,,
Real Estate Βελισσάριος Παναγιώτης,independent,,,,no_site,,,,,"Δημ. Γούναρη 329, Γλυφάδα 166 74, Ελλάδα",,16674,,,,,xe.gr (weekly),,https://www.xe.gr/property/s/mesitiko-grafeio/real-estate-velissarios-panagiwths/6b6416a6-a274-4f7c-afee-b1d0206a1a5c,,
Golden Star Properties,independent,,,,no_site,,,,,"Ελ. Βενιζέλου 45, Νέα Χαλκηδόνα 143 43, Ελλάδα",,14343,,,,,xe.gr (weekly),,https://www.xe.gr/property/s/mesitiko-grafeio/golden-star-properties/b0b20137-4dc1-441a-a443-1bab14472ef2,,
Akinito Expert,independent,,,,no_site,,,,,"Λαζαράκη 25, Γλυφάδα 166 75, Ελλάδα",,16675,,,,,xe.gr (weekly),,https://www.xe.gr/property/s/mesitiko-grafeio/akinito-expert/36c3965a-2b60-45b8-9733-2d28b0936914,,
Attika Real Estate,independent,,,,no_site,,,,,"Βελβενδού 43, Αθήνα 113 64, Ελλάδα",,11364,,,,,xe.gr (weekly),,https://www.xe.gr/property/s/mesitiko-grafeio/attika-real-estate/60ff0f9f-558b-43c1-a821-de19d408cb03,,
Homenet Real Estate & Development,independent,,,,no_site,,,,,"Λέρου 39, Αγ. Δημήτριος Αττικής 173 42, Ελλάδα",,17342,,,,,xe.gr (weekly),,https://www.xe.gr/property/s/mesitiko-grafeio/homenet-real-estate-development/5b39e5db-b06c-4469-8f43-2faf144fb3e7,,
Δούκας,independent,,,,no_site,,,,,"25ης Μαρτίου 133, Πετρούπολη 132 31, Ελλάδα",,13231,,,,,xe.gr (weekly),,https://www.xe.gr/property/s/mesitiko-grafeio/doykas/2f59d9fa-02c0-4010-8c48-276e0718d49f,,
The Other Side,independent,,,,no_site,,,,,"Ιπποκράτους 124, Αθήνα 114 72, Ελλάδα",,11472,,,,,xe.gr (weekly),,https://www.xe.gr/property/s/mesitiko-grafeio/the-other-side/b5006ae8-d0b4-4667-966f-0214f24d9852,,
Abian,independent,,,,no_site,,,,,"Ίριδος 4, Παλαιό Φάληρο 175 61, Ελλάδα",,17561,,,,,xe.gr (weekly),,https://www.xe.gr/property/s/mesitiko-grafeio/abian/0c7c5baa-70a6-44cd-b870-1ab9c31e3c62,,
Delta Realty,independent,,,,no_site,,,,,"Λεωφ. Μαραθώνος 132, Παλλήνη 153 51, Ελλάδα",,15351,,,,,xe.gr (weekly),,https://www.xe.gr/property/s/mesitiko-grafeio/delta-realty/6b389443-97b8-44db-81af-4db0f22f0053,,
SV Properties,independent,,,,no_site,,,,,"Κολοκοτρώνη 9, Υμηττός 172 37, Ελλάδα",,17237,,,,,xe.gr (weekly),,https://www.xe.gr/property/s/mesitiko-grafeio/sv-properties/991ec5e7-57b0-4925-8b0a-8c66c85dc354,,
GR Realty,independent,,,,no_site,,,,,"Μακαρίου 27, Περιστέρι 121 35, Ελλάδα",,12135,,,,,xe.gr (weekly),,https://www.xe.gr/property/s/mesitiko-grafeio/gr-realty/c9d2dd96-79e5-45fe-ba50-625e1116fa46,,
Panagopoulos Real Estate,independent,,,,no_site,,,,,"Δήμος Βάρης - Βούλας - Βουλιαγμένης 166 73, Ελλάδα",,16673,,,,,xe.gr (weekly),,https://www.xe.gr/property/s/mesitiko-grafeio/panagopoulos-real-estate/55fa20b4-a3c1-4426-bc7e-02b9b79c6c87,,
E-Plasis,independent,,,,no_site,,,,,"Ομήρου 6, Αθήνα 105 64, Ελλάδα",,10564,,,,,xe.gr (weekly),,https://www.xe.gr/property/s/mesitiko-grafeio/e-plasis/dbdd79b5-5f9d-4376-a0f3-8d784c89d674,,
Real Things Real Estate,independent,,,,no_site,,,,,"Αγίας Παρασκευής 50, Χαλάνδρι 152 32, Ελλάδα",,15232,,,,,xe.gr (weekly),,https://www.xe.gr/property/s/mesitiko-grafeio/real-things-real-estate/c9aea4a2-5b89-48f6-b9f2-c41f6435e0bd,,
M&A Real Estate,independent,,,,no_site,,,,,"Λεωφ. Ειρήνης 14, Πεύκη 151 21, Ελλάδα",,15121,,,,,xe.gr (weekly),,https://www.xe.gr/property/s/mesitiko-grafeio/m-a-real-estate/272b5b6d-8adc-4d71-b351-518511517260,,
Diamond Estate,independent,,,,no_site,,,,,"Γράμμου 71, Μαρούσι 151 24, Ελλάδα",,15124,,,,,xe.gr (weekly),,https://www.xe.gr/property/s/mesitiko-grafeio/diamond-estate/3cf8afa9-b678-454d-b1cb-6364d0b1a48e,,
Evans Properties,independent,,,,no_site,,,,,"Ερμού 10, Ελληνικό 167 77, Ελλάδα",,16777,,,,,xe.gr (weekly),,https://www.xe.gr/property/s/mesitiko-grafeio/evans-properties/f103426d-27b0-4665-bb8f-5d0b9fc5ccb6,,
Kalogridis Real Estate,independent,,,,no_site,,,,,"Πυργοτέλους 4-6, Αθήνα 116 35, Ελλάδα",,11635,,,,,xe.gr (weekly),,https://www.xe.gr/property/s/mesitiko-grafeio/kalogridis-real-estate/6898e6bb-2a49-4269-8329-e5e6ebd38739,,
Nova Real Estate - Αμπελόκηποι,independent,,,,no_site,,,,,"Λεωφ. Αλεξάνδρας 101, Αθήνα 114 75, Ελλάδα",,11475,,,,,xe.gr (weekly),,https://www.xe.gr/property/s/mesitiko-grafeio/nova-real-estate-ampelokhpoi/892d1637-f0d6-437f-ac2c-b5ce6e92bc46,,
Emporio-Properties,independent,,,,no_site,,,,,"Διόνυσος 145 69, Ελλάδα",,14569,,,,,xe.gr (weekly),,https://www.xe.gr/property/s/mesitiko-grafeio/emporio-properties/f6335b32-3c7f-49f3-a1d7-1538286870a7,,
SG Casa,independent,,,,no_site,,,,,"Καλαυρίας 10, Αθήνα 115 24, Ελλάδα",,11524,,,,,xe.gr (weekly),,https://www.xe.gr/property/s/mesitiko-grafeio/sg-casa/281f54ed-1379-4245-bade-e3fba3246373,,
XD Development,independent,,,,no_site,,,,,"Μέρλα 5, Άγιοι Ανάργυροι 135 61, Ελλάδα",,13561,,,,,xe.gr (weekly),,https://www.xe.gr/property/s/mesitiko-grafeio/xd-development/ef765933-6f6c-4d28-aad6-0c81a6ba34e4,,
Goldenbird Property Management,independent,,,,no_site,,,,,"Νικ. Πλαστήρα 13, Νέα Ερυθραία 146 71, Ελλάδα",,14671,,,,,xe.gr (weekly),,https://www.xe.gr/property/s/mesitiko-grafeio/goldenbird-property-management/e1b0b078-db4c-4af3-96d8-94e0c2bed37d,,
Topos - Solutions,independent,topos-solutions.gr,https://topos-solutions.gr,https://topos-solutions.gr,ok,yes,yes,20,wordpress;real_homes,"Σαρανταπόρου 22, Χολαργός 155 61, Ελλάδα",,15561,,,,,xe.gr (weekly); site by domain guess,,https://www.xe.gr/property/s/mesitiko-grafeio/topos-solutions/df52b790-ae69-4219-a693-1a6c1663e444,,
RE/MAX Εν Οίκω,independent,,,,no_site,,,,,"Αγίας Παρασκευής 132, λ, Χαλάνδρι 152 32, Ελλάδα",,15232,,,,,xe.gr (weekly),,https://www.xe.gr/property/s/mesitiko-grafeio/re-max-en-oikw/d09b5a64-dd3b-45e2-92b5-a3b3799e1dfc,,
Active Real Estate,independent,,,,no_site,,,,,"Κιθαιρώνος 18, Ηλιούπολη 163 44, Ελλάδα",,16344,,,,,xe.gr (weekly),,https://www.xe.gr/property/s/mesitiko-grafeio/active-real-estate/a31083f9-231e-42ba-ba6b-7afd3ab8512b,,
GRS Properties,independent,,,,no_site,,,,,"Δωδεκανήσου 13, Χαϊδάρι 124 61, Ελλάδα",,12461,,,,,xe.gr (weekly),,https://www.xe.gr/property/s/mesitiko-grafeio/grs-properties/31f49109-1581-4c9c-8506-d7d7aebaa672,,
Provis Real Estate,independent,,,,no_site,,,,,"Λεωφόρος Βουλιαγμένης 237, Δάφνη Αττικής 172 35, Ελλάδα",,17235,,,,,xe.gr (weekly),,https://www.xe.gr/property/s/mesitiko-grafeio/provis-real-estate/46e19b5e-7c72-4756-88ee-bba7e1d6b9b4,,
Σιαραβας Χαριλαος,independent,,,,no_site,,,,,"Νυμφαίου 9, Βύρωνας 162 31, Ελλάδα",,16231,,,,,xe.gr (weekly),,https://www.xe.gr/property/s/mesitiko-grafeio/siaravas-charilaos/b84cd4ef-c3e0-477d-be1e-ac3934de70ca,,
Vitruvius Property,independent,,,,no_site,,,,,"Κανάρη 11, Αθήνα 106 71, Ελλάδα",,10671,,,,,xe.gr (weekly),,https://www.xe.gr/property/s/mesitiko-grafeio/vitruvius-property/46a8faee-cf2c-4e7a-8c84-c90cc6355a6f,,
Via Athens Real Estate,independent,via-athens.com,https://via-athens.com,https://www.via-athens.com/en/home,ok,yes,yes,11,,"Λεωφόρος Βουλιαγμένης 155, Γλυφάδα 166 74, Ελλάδα",,16674,,,,,xe.gr (weekly); site by domain guess,,https://www.xe.gr/property/s/mesitiko-grafeio/via-athens-real-estate/1478086c-5e89-4b2e-87aa-f5cf6430d5d9,,
Up Town Homes,independent,uptownhomes.gr,https://uptownhomes.gr,https://uptownhomes.gr,ok,yes,yes,9,wordpress;wpresidence,"Θρακομακεδόνων 62, Αχαρνές 136 72, Ελλάδα",,13672,,,,,xe.gr (weekly); site by domain guess,,https://www.xe.gr/property/s/mesitiko-grafeio/up-town-homes/fd6760e6-f373-4f35-8972-3643accf4800,,
DC Luxury Lifestyle Properties,independent,,,,no_site,,,,,"Ναϊάδων 104, Παλαιό Φάληρο 175 62, Ελλάδα",,17562,,,,,xe.gr (weekly),,https://www.xe.gr/property/s/mesitiko-grafeio/dc-luxury-lifestyle-properties/e1ba9687-b8cf-4e14-a227-621bf02cdf1e,,
Royal Selection Real Estate Agency,independent,,,,no_site,,,,,"Λεωφ. Κηφισίας 254, Κηφισιά 145 62, Ελλάδα",,14562,,,,,xe.gr (weekly),,https://www.xe.gr/property/s/mesitiko-grafeio/royal-selection-real-estate-agency/088add43-1a63-4be2-8f7c-76078fef36f2,,
Estet Real Estate Brokers,independent,,,,no_site,,,,,"Λεωφόρος Εθνικής Αντιστάσεως 125, Καισαριανή 161 22, Ελλάδα",,16122,,,,,xe.gr (weekly),,https://www.xe.gr/property/s/mesitiko-grafeio/estet-real-estate-brokers/3666b35e-5772-4c8d-b24f-a5bd0e4ad7bd,,
Κ KRIGKOU EE,independent,,,,no_site,,,,,"Ανθίππού 4-6, Αθήνα 116 36, Ελλάδα",,11636,,,,,xe.gr (weekly),,https://www.xe.gr/property/s/mesitiko-grafeio/k-krigkou-ee/8a114adc-1e4b-4510-b22e-35d14bdaf82a,,
Κατασκευαστική Χορομίδης - Γιαννόπουλοι ΟΕ,independent,,,,no_site,,,,,"Κύπρου 27, Βριλήσσια 152 38, Ελλάδα",,15238,,,,,xe.gr (weekly),,https://www.xe.gr/property/s/mesitiko-grafeio/kataskeyastikh-choromidhs-giannopoyloi-oe/e6141def-ac67-4408-a577-d53035341048,,
Brokerhouse Real Estate,independent,,,,no_site,,,,,"Λεωφόρος Βουλιαγμένης 85, Γλυφάδα 166 74, Ελλάδα",,16674,,,,,xe.gr (weekly),,https://www.xe.gr/property/s/mesitiko-grafeio/brokerhouse-real-estate/6a8770b5-2356-4d36-8d1c-38148f8557be,,
R.E.D. Hellas,independent,,,,no_site,,,,,"Λεωφ. Κηφισίας 99, Αθήνα 115 23, Ελλάδα",,11523,,,,,xe.gr (weekly),,https://www.xe.gr/property/s/mesitiko-grafeio/r-e-d-hellas/9cc4c58a-f643-4866-9aba-59e8cbd6aa0b,,
Casa Futura,independent,,,,no_site,,,,,"25ης Μαρτίου 38, Χαλάνδρι 152 32, Ελλάδα",,15232,,,,,xe.gr (weekly),,https://www.xe.gr/property/s/mesitiko-grafeio/casa-futura/a409d7e0-3301-4667-8a76-bff69b6ab71d,,
Golden Home,independent,,,,no_site,,,,,"Ρώμα 19, Άλιμος 174 55, Ελλάδα",,17455,,,,,xe.gr (weekly),,https://www.xe.gr/property/s/mesitiko-grafeio/golden-home/20b20ac5-48f2-46c8-9d41-5cafa0f47925,,
ΟΙΚΟΕΠΙΛΟΓΕΣ,independent,,,,no_site,,,,,"Καισαρείας 73, Βύρωνας 162 31, Ελλάδα",,16231,,,,,xe.gr (weekly),,https://www.xe.gr/property/s/mesitiko-grafeio/oikoepiloges/e29cc19a-66a6-4fbe-b735-5469c467e7f9,,
Hlthea Properties,independent,,,,no_site,,,,,"Ζωγράφου 157 71, Ελλάδα",,15771,,,,,xe.gr (weekly),,https://www.xe.gr/property/s/mesitiko-grafeio/hlthea-properties/ffafb649-a8e8-4c8f-bee0-b594b67b5643,,
Οικοστέγη,independent,,,,no_site,,,,,"Έβρου 26, Αιγάλεω 122 43, Ελλάδα",,12243,,,,,xe.gr (weekly),,https://www.xe.gr/property/s/mesitiko-grafeio/oikostegh/96a4a6e5-5179-461e-a085-a722f1750164,,
Vibe Real Estate,independent,,,,no_site,,,,,"Επαμεινώνδα 5, Γλυφάδα 166 74, Ελλάδα",,16674,,,,,xe.gr (weekly),,https://www.xe.gr/property/s/mesitiko-grafeio/vibe-real-estate/0ab93e24-0c9b-430d-8cd5-1296142969f5,,
Anaptixis  Estate,independent,anaptixisestate.gr,https://anaptixisestate.gr,https://www.akinita-marousi.gr/el/home,ok,yes,yes,13,,"25ης Μαρτίου 8, Μαρούσι 151 24, Ελλάδα",,15124,,,,,xe.gr (weekly); site by domain guess,,https://www.xe.gr/property/s/mesitiko-grafeio/anaptixis-estate/ca96971c-572d-4de7-97a7-6a895153c50a,,
Βασιλείου Νικόλαος,independent,,,,no_site,,,,,"Αγίου Αλεξάνδρου 67, Παλαιό Φάληρο 175 61, Ελλάδα",,17561,,,,,xe.gr (weekly),,https://www.xe.gr/property/s/mesitiko-grafeio/vasileioy-nikolaos/cb70eab1-32a2-40f0-b005-5dce634785a9,,
MB PROPERTIES REAL ESTATE,independent,,,,no_site,,,,,"Χαρ. Τρικούπη 26, Αθήνα 106 79, Ελλάδα",,10679,,,,,xe.gr (weekly),,https://www.xe.gr/property/s/mesitiko-grafeio/mb-properties-real-estate/aee1071c-45d8-421b-944a-fb3f392039a0,,
Μεσιτικό Ιρις,independent,irisrealestate.gr,https://irisrealestate.gr,https://irisrealestate.gr,ok,yes,yes,10,wordpress;real_homes,"Αγίας Παρασκευής 21, Πεύκη 151 21, Ελλάδα",,15121,,,,,xe.gr (weekly); site by domain guess,,https://www.xe.gr/property/s/mesitiko-grafeio/mesitiko-iris/679c836c-d233-4e58-88d5-b56ff2071fb7,,
Roi Mat Real Estate,independent,,,,no_site,,,,,"Πεισίστρατου 27, Καλλιθέα 176 74, Ελλάδα",,17674,,,,,xe.gr (weekly),,https://www.xe.gr/property/s/mesitiko-grafeio/roi-mat-real-estate/4f230bdf-243c-4dce-a0e8-76a6346cffc3,,
Βιομηχανικά-Ακίνητα,independent,,,,no_site,,,,,"Μουταλάσκη 9, Νέα Ιωνία 142 34, Ελλάδα",,14234,,,,,xe.gr (weekly),,https://www.xe.gr/property/s/mesitiko-grafeio/viomhchanika-akinhta/45126f11-8f1e-4fd1-8367-5f8ad9d52e57,,
Νικολαΐδη,independent,,,,no_site,,,,,"Βασ. Γεωργίου Β 5, Ραφήνα 190 09, Ελλάδα",,19009,,,,,xe.gr (weekly),,https://www.xe.gr/property/s/mesitiko-grafeio/nikola-dh/2a389443-7ade-4c49-ba55-9d4c12adde48,,
Greek Home,independent,,,,no_site,,,,,"Σινώπης 58, Νέα Ιωνία 142 33, Ελλάδα",,14233,,,,,xe.gr (weekly),,https://www.xe.gr/property/s/mesitiko-grafeio/greek-home/0a1b4943-3ab6-48ff-8c84-1628c1b01186,,
Dias Real Estate,independent,dias-realestate.gr,https://dias-realestate.gr,https://dias-realestate.gr,ok,no,yes,21,,"Λυκούργου 9, Αθήνα 105 51, Ελλάδα",,10551,,,,,xe.gr (weekly); site by domain guess,,https://www.xe.gr/property/s/mesitiko-grafeio/dias-real-estate/c7b3709a-aaec-4c87-9b0a-47cbfb5cf8b0,,
Aspis Real Estate Σύνταγμα,independent,,,,no_site,,,,,"Παλαιών Πατρών Γερμανού 7, Αθήνα 105 61, Ελλάδα",,10561,,,,,xe.gr (weekly),,https://www.xe.gr/property/s/mesitiko-grafeio/aspis-real-estate-syntagma/fa6d109e-c202-439f-ab29-1db6fba1af3d,,
Μπράβος Δημήτριος,independent,,,,no_site,,,,,"Συληβρίας 8, Μέγαρα 191 00, Ελλάδα",,19100,,,,,xe.gr (weekly),,https://www.xe.gr/property/s/mesitiko-grafeio/mpravos-dhmhtrios/39ad08a0-75fd-4c31-8181-5d4729e1d670,,
Senso Unico Real Estate,independent,sensounicorealestate.gr,https://sensounicorealestate.gr,https://www.sensounicorealestate.gr/,ok,yes,yes,15,wordpress;wpresidence,"Αγίας Βαρβάρας 6, Αργυρούπολη 164 52, Ελλάδα",,16452,,,,,xe.gr (weekly); site by domain guess,,https://www.xe.gr/property/s/mesitiko-grafeio/senso-unico-real-estate/08852b1d-9386-4fa2-82cf-411b1e8aaee5,,
Propertymarket.gr,independent,,,,no_site,,,,,"Μανιακίου 40, Περιστέρι 121 36, Ελλάδα",,12136,,,,,xe.gr (weekly),,https://www.xe.gr/property/s/mesitiko-grafeio/propertymarket-gr/ff64a511-14c8-485c-a6d2-164a825a1dd9,,
Dott Real Estate,independent,,,,no_site,,,,,"Σάμου 28, Χαϊδάρι 124 61, Ελλάδα",,12461,,,,,xe.gr (weekly),,https://www.xe.gr/property/s/mesitiko-grafeio/dott-real-estate/7248d547-6ab6-48ae-8ea6-a6c3edb0b76d,,
ZEUS PROPERTIES,independent,zeusrealestate.gr,https://zeusrealestate.gr,https://www.zeusrealestate.gr/,ok,yes,yes,12,wordpress;wpresidence,"Ιπποκράτους 9, Αθήνα 106 79, Ελλάδα",,10679,,,,,xe.gr (weekly); site by domain guess,,https://www.xe.gr/property/s/mesitiko-grafeio/zeus-properties/cb816774-c515-4225-b6b6-35302e1c1c9f,,
Kate Melachroinou Agency,independent,,,,no_site,,,,,"Θράκης 15, Μαρούσι 151 24, Ελλάδα",,15124,,,,,xe.gr (weekly),,https://www.xe.gr/property/s/mesitiko-grafeio/kate-melachroinou-agency/55c3e3c3-27d4-45cf-aa6e-e5acd5b8b97a,,
Γούλας Παναγιώτης,independent,,,,no_site,,,,,"Στρ. Δαγκλή 115, Αθήνα 111 45, Ελλάδα",,11145,,,,,xe.gr (weekly),,https://www.xe.gr/property/s/mesitiko-grafeio/goylas-panagiwths/938d1938-ba8d-4f7e-93b2-a65cbee1aed7,,
Mesogia Housing,independent,,,,no_site,,,,,"Σφακίων 1, Πόρτο Ράφτη 190 03, Ελλάδα",,19003,,,,,xe.gr (weekly),,https://www.xe.gr/property/s/mesitiko-grafeio/mesogia-housing/548f7512-80e6-4a48-8de2-e66d6917b438,,
Big Dream Properties,independent,,,,no_site,,,,,"Νεοφύτου Βάμβα 8, Αθήνα 106 74, Ελλάδα",,10674,,,,,xe.gr (weekly),,https://www.xe.gr/property/s/mesitiko-grafeio/big-dream-properties/e1014096-f7b4-4cad-9ef6-64bc7564d493,,
Μετοικώ,independent,,,,no_site,,,,,"Νέα Φιλοθέη, Αθήνα 115 24, Ελλάδα",,11524,,,,,xe.gr (weekly),,https://www.xe.gr/property/s/mesitiko-grafeio/metoikw/2d0a43c6-23cb-41d0-99b8-61a027da71cb,,
New Deal,independent,newdeal.gr,https://newdeal.gr,https://newdeal.gr/el/,ok,yes,maybe,4,,"Κανάρη 24, Αθήνα 106 75, Ελλάδα",,10675,,,,,xe.gr (weekly); site by domain guess,,https://www.xe.gr/property/s/mesitiko-grafeio/new-deal/217baa1d-c11d-465b-ab87-9d91d60b25db,,
Σάββας Χατζησάββας,independent,,,,no_site,,,,,"Χαρ. Τρικούπη 51, Κηφισιά 145 62, Ελλάδα",,14562,,,,,xe.gr (weekly),,https://www.xe.gr/property/s/mesitiko-grafeio/savvas-chatzhsavvas/8dc05521-41b3-43c9-b51d-2f1747884737,,
ΜΕΣΙΤΙΚΟ ΚΑΛΟΚΑΙΡΙΝΟΣ,independent,,,,no_site,,,,,"Ν. Ελβετια, Βύρωνας 162 33, Ελλάδα",,16233,,,,,xe.gr (weekly),,https://www.xe.gr/property/s/mesitiko-grafeio/mesitiko-kalokairinos/df781826-93b9-436a-995f-d185e3db4e24,,
Km Se Hellenikproperties,independent,,,,no_site,,,,,"Λεωφ. Ανδρέα Συγγρού 196, Καλλιθέα 176 71, Ελλάδα",,17671,,,,,xe.gr (weekly),,https://www.xe.gr/property/s/mesitiko-grafeio/km-se-hellenikproperties/fafd825f-bfe4-4503-906c-8d553f2bab86,,
Ntourou B & P S,independent,,,,no_site,,,,,"Κορινθιακού, Άνω Λιόσια 133 41, Ελλάδα",,13341,,,,,xe.gr (weekly),,https://www.xe.gr/property/s/mesitiko-grafeio/ntourou-b-p-s/9e6b6d78-6cd3-4341-9afa-531d07a6efaf,,
Εστία Land Μονοπρόσωπη A.E.,independent,,,,no_site,,,,,"Λεωφ. Ελ. Βενιζέλου 21, Γλυφάδα 166 75, Ελλάδα",,16675,,,,,xe.gr (weekly),,https://www.xe.gr/property/s/mesitiko-grafeio/estia-land-monoproswph-a-e/67f06a6a-118c-43a3-91dc-eff8e94a08a8,,
AKHome.GR,independent,,,,no_site,,,,,"Πλ. Νυμφών 1, Βουλιαγμένη 166 71, Ελλάδα",,16671,,,,,xe.gr (weekly),,https://www.xe.gr/property/s/mesitiko-grafeio/akhome-gr/829f132e-b32c-48ff-8e14-4c1f44b83012,,
Property Plan,independent,,,,no_site,,,,,"Αγίου Γερασίμου 10, Νέος Βουτζάς 190 05, Ελλάδα",,19005,,,,,xe.gr (weekly),,https://www.xe.gr/property/s/mesitiko-grafeio/property-plan/390d7dbe-4eed-4c58-93f8-e292fa6d4dbe,,
Endy Real Estate,independent,,,,no_site,,,,,"Αρκαδίου 57, Βούλα 166 73, Ελλάδα",,16673,,,,,xe.gr (weekly),,https://www.xe.gr/property/s/mesitiko-grafeio/endy-real-estate/7c2ead7e-4a24-4dc0-8061-2bfdf514a153,,
Exclusive Agents,independent,exclusiveagents.gr,https://exclusiveagents.gr,https://www.exclusiveagents.gr/el/home,ok,yes,yes,7,,"Βασ. Σοφίας 117, Αθήνα 106 76, Ελλάδα",,10676,,,,,xe.gr (weekly); site by domain guess,,https://www.xe.gr/property/s/mesitiko-grafeio/exclusive-agents/d6310f2c-911b-4ea6-bfd4-264231635a5d,,
Γιαννάκου Κτηματομεσιτικό,independent,,,,no_site,,,,,"Χαρ. Τρικούπη 18, Αθήνα 106 79, Ελλάδα",,10679,,,,,xe.gr (weekly),,https://www.xe.gr/property/s/mesitiko-grafeio/giannakoy-kthmatomesitiko/f2edc77a-7ad6-46ef-bd50-8b0252cda984,,
Nairealact,independent,,,,no_site,,,,,"Εθ. Αντιστάσεως 1, Χαλάνδρι 152 31, Ελλάδα",,15231,,,,,xe.gr (weekly),,https://www.xe.gr/property/s/mesitiko-grafeio/nairealact/f482175b-8b87-4f3e-8e7a-d5fcfbf9a05c,,
Doriki Real Estate,independent,,,,no_site,,,,,"Δημοφώντος 19, Αθήνα 118 51, Ελλάδα",,11851,,,,,xe.gr (weekly),,https://www.xe.gr/property/s/mesitiko-grafeio/doriki-real-estate/0f58250a-e458-48de-b639-07a18ec0086c,,
Home Nest,independent,,,,no_site,,,,,"Νέστου 10, Βριλήσσια 152 38, Ελλάδα",,15238,,,,,xe.gr (weekly),,https://www.xe.gr/property/s/mesitiko-grafeio/home-nest/729d1bcd-e51a-41a3-b915-9b07d2067e5a,,
Superior Development,independent,,,,no_site,,,,,"Ομήρου 24, Παλαιό Φάληρο 175 64, Ελλάδα",,17564,,,,,xe.gr (weekly),,https://www.xe.gr/property/s/mesitiko-grafeio/superior-development/5a566ea0-dbfd-4364-a1c1-2181c4edaa62,,
Athenseconomy,independent,athenseconomy.gr,https://athenseconomy.gr,https://athenseconomy.gr,ok,yes,no,0,,"Ικονίου 28, Νέα Σμύρνη 171 23, Ελλάδα",,17123,,,,,xe.gr (weekly); site by domain guess,,https://www.xe.gr/property/s/mesitiko-grafeio/athenseconomy/d843d447-bdb6-4ade-80c2-5ba655246b62,,
Guidess Athena Real Estate,independent,,,,no_site,,,,,"Δαρδανελλίων 50, Γλυφάδα 165 62, Ελλάδα",,16562,,,,,xe.gr (weekly),,https://www.xe.gr/property/s/mesitiko-grafeio/guidess-athena-real-estate/d0ee3e97-d8d5-475d-b79c-98e0c6d5e26f,,
UPGRADE Real Estate,independent,,,,no_site,,,,,"Ζηνοδότου 24, Αθήνα 116 34, Ελλάδα",,11634,,,,,xe.gr (weekly),,https://www.xe.gr/property/s/mesitiko-grafeio/upgrade-real-estate/dd84880f-c042-4bea-83ae-0d464330aae3,,
Ask Me For,independent,,,,no_site,,,,,"Λεωφ. Δημάρχου Αγγέλου Μεταξά 27-29, Γλυφάδα 166 74, Ελλάδα",,16674,,,,,xe.gr (weekly),,https://www.xe.gr/property/s/mesitiko-grafeio/ask-me-for/abafcdd5-737a-4ede-8380-65938d834404,,
IL Real Estate,independent,,,,no_site,,,,,"Ασπασίας 16, Παπάγου 156 69, Ελλάδα",,15669,,,,,xe.gr (weekly),,https://www.xe.gr/property/s/mesitiko-grafeio/il-real-estate/63d73b7c-c4dd-44ef-8c71-fc20f6066f41,,
Stefos Real Estate,independent,,,,no_site,,,,,"Λεωφ. Μαραθώνος 24, Ραφήνα 190 09, Ελλάδα",,19009,,,,,xe.gr (weekly),,https://www.xe.gr/property/s/mesitiko-grafeio/stefos-real-estate/bce0df65-3849-49db-b003-6c5d08bac5fc,,
ANS Real Estate and Properties,independent,,,,no_site,,,,,"Δήμητρας 18, Βάρη 166 72, Ελλάδα",,16672,,,,,xe.gr (weekly),,https://www.xe.gr/property/s/mesitiko-grafeio/ans-real-estate-and-properties/e6bf6eb5-f638-4a45-bfd0-192e8c876a6d,,
PROPERTY POLARIS,independent,,,,no_site,,,,,"Λαμίας 8, Αθήνα 115 23, Ελλάδα",,11523,,,,,xe.gr (weekly),,https://www.xe.gr/property/s/mesitiko-grafeio/property-polaris/d8d03991-0c1b-490a-8a29-9603267629bb,,
Delta Property Services,independent,,,,no_site,,,,,"Ιθάκης 11, Παλλήνη 153 51, Ελλάδα",,15351,,,,,xe.gr (weekly),,https://www.xe.gr/property/s/mesitiko-grafeio/delta-property-services/028976d1-2e0c-410f-bddb-d98440bac6dc,,
IPS Realty - Αναγνωστόπουλος,independent,,,,no_site,,,,,"Θρασύβουλου 26, Χαλάνδρι 152 34, Ελλάδα",,15234,,,,,xe.gr (weekly),,https://www.xe.gr/property/s/mesitiko-grafeio/ips-realty-anagnwstopoylos/9c7f6ceb-ac10-40b5-a917-ffe7f87e8f80,,
Κτηματομεσιτικό Ξυπολιας,independent,,,,no_site,,,,,"Λεωφ. Ευελπίδων 72, Βάρη 166 73, Ελλάδα",,16673,,,,,xe.gr (weekly),,https://www.xe.gr/property/s/mesitiko-grafeio/kthmatomesitiko-xypolias/8da36302-9a40-4c35-9202-9ae043b64ce5,,
Golden.Investment.Group,independent,,,,no_site,,,,,"Δημοκρίτου 9, Αθήνα 106 71, Ελλάδα",,10671,,,,,xe.gr (weekly),,https://www.xe.gr/property/s/mesitiko-grafeio/golden-investment-group/c32901ef-9f91-4a78-9291-e41b2da5ee46,,
V-properties Real Estate,independent,,,,no_site,,,,,"Δελφών 75, Γλυφάδα 165 61, Ελλάδα",,16561,,,,,xe.gr (weekly),,https://www.xe.gr/property/s/mesitiko-grafeio/v-properties-real-estate/2b0b3447-a433-45d5-8d58-27b0f9e9d8c6,,
A.V.G.I Properties,independent,,,,no_site,,,,,"Λεωφ. Γεωρ. Καφαντάρη 16, Αθήνα 116 31, Ελλάδα",,11631,,,,,xe.gr (weekly),,https://www.xe.gr/property/s/mesitiko-grafeio/a-v-g-i-properties/69549b2d-9b08-4825-9114-b98c2c3dfe7f,,
ΚΟΥΝΤΟΥΡΗΣ ΚΩΝΣΤΑΝΤΙΝΟΣ,independent,,,,no_site,,,,,"Υμηττού 35, Καισαριανή 161 21, Ελλάδα",,16121,,,,,xe.gr (weekly),,https://www.xe.gr/property/s/mesitiko-grafeio/koyntoyrhs-kwnstantinos/906941c8-c085-4faf-8ca8-3d1fcc0ea870,,
Home & Business Real Estate,independent,,,,no_site,,,,,"Λεωφ. Αθηνών Σουνίου 38, Καλύβια Θορικού 190 10, Ελλάδα",,19010,,,,,xe.gr (weekly),,https://www.xe.gr/property/s/mesitiko-grafeio/home-business-real-estate/fd8bce1a-f368-47ff-8592-fa088ab39bb5,,
Carpe Domum,independent,,,,no_site,,,,,"Γρυπάρη 129, Καλλιθέα 176 72, Ελλάδα",,17672,,,,,xe.gr (weekly),,https://www.xe.gr/property/s/mesitiko-grafeio/carpe-domum/c239bf44-279a-4562-90c4-44f34cf9000c,,
VDProperties,independent,,,,no_site,,,,,"Ι. Μεταξά 9, Παιανία 190 02, Ελλάδα",,19002,,,,,xe.gr (weekly),,https://www.xe.gr/property/s/mesitiko-grafeio/vdproperties/81502877-cd7b-45bc-8e73-a72f11e61987,,
East To West Real Estate,independent,,,,no_site,,,,,"Λουκιανού 18, Αθήνα 106 75, Ελλάδα",,10675,,,,,xe.gr (weekly),,https://www.xe.gr/property/s/mesitiko-grafeio/east-to-west-real-estate/f8f676c5-583b-41b5-bebd-0a1efbc70e5c,,
Καραμήτσου Μαρία,independent,,,,no_site,,,,,"Μικράς Ασίας 12, Αθήνα 115 27, Ελλάδα",,11527,,,,,xe.gr (weekly),,https://www.xe.gr/property/s/mesitiko-grafeio/karamhtsoy-maria/0a33ef18-4fd9-460a-bc22-7c13b6b0c029,,
Nexa Real Estate Agency & Consulting,independent,,,,no_site,,,,,"Τζων Κέννεντυ 35, Καισαριανή 161 21, Ελλάδα",,16121,,,,,xe.gr (weekly),,https://www.xe.gr/property/s/mesitiko-grafeio/nexa-real-estate-agency-consulting/34ea3d46-aa4d-4a08-8889-64eea3693eb3,,
Nikos Real Estate,independent,,,,no_site,,,,,"Αγίας Μαρίνας 20, Χαϊδάρι 124 61, Ελλάδα",,12461,,,,,xe.gr (weekly),,https://www.xe.gr/property/s/mesitiko-grafeio/nikos-real-estate/a9bc74d3-4de7-443b-9335-c9588c47eea6,,
Lobsterestate,independent,,,,no_site,,,,,"Αριστοτέλους 92, Αχαρνές 136 74, Ελλάδα",,13674,,,,,xe.gr (weekly),,https://www.xe.gr/property/s/mesitiko-grafeio/lobsterestate/931db79f-273c-40e2-8d74-cc8a58981d2a,,
BS Real Estate Agents,independent,,,,no_site,,,,,"Λεωφ. Μεγ. Αλεξάνδρου 159, Αγ. Βαρβάρα 123 51, Ελλάδα",,12351,,,,,xe.gr (weekly),,https://www.xe.gr/property/s/mesitiko-grafeio/bs-real-estate-agents/0a51ab90-ffaa-42c5-a391-ae9e95222039,,
Acinus,independent,,,,no_site,,,,,"Τιμολέοντος 17, Αθήνα 116 36, Ελλάδα",,11636,,,,,xe.gr (weekly),,https://www.xe.gr/property/s/mesitiko-grafeio/acinus/b86fdc2d-8164-4cc5-ad9b-97216d7a530a,,
ADAMS REAL ESTATE,independent,,,,no_site,,,,,"Ουρανίας 2, Βάρη 166 72, Ελλάδα",,16672,,,,,xe.gr (weekly),,https://www.xe.gr/property/s/mesitiko-grafeio/adams-real-estate/3002ad21-c859-4b62-8cc5-e2cbad6abb54,,
Un - Real,independent,,,,no_site,,,,,"Θησέως 9, Μαρούσι 151 24, Ελλάδα",,15124,,,,,xe.gr (weekly),,https://www.xe.gr/property/s/mesitiko-grafeio/un-real/bff7630e-fc3e-45ca-9e24-babea025aba0,,
Your House Realty Executives,independent,,,,no_site,,,,,"Αργυρούπολη 164 52, Ελλάδα",,16452,,,,,xe.gr (weekly),,https://www.xe.gr/property/s/mesitiko-grafeio/your-house-realty-executives/c0a3d82e-2f8d-45f0-a363-22b0d5362046,,
Κτηματομεσιτική Στέγη,independent,,,,no_site,,,,,"Ιερά Οδός 286, 288, Αιγάλεω 122 44, Ελλάδα",,12244,,,,,xe.gr (weekly),,https://www.xe.gr/property/s/mesitiko-grafeio/kthmatomesitikh-stegh/28b0a535-ff07-44a6-a100-753744db6725,,
CENTURY 21 Alpha,independent,,,,no_site,,,,,"Λεωφ. Αναγυρούντος 35, Βάρη 166 72, Ελλάδα",,16672,,,,,xe.gr (weekly),,https://www.xe.gr/property/s/mesitiko-grafeio/century-21-alpha/cadba5d7-c89b-4722-8928-450521d65ad2,,
Status K. Properties,independent,,,,no_site,,,,,"Βουλιαγμένη 166 71, Ελλάδα",,16671,,,,,xe.gr (weekly),,https://www.xe.gr/property/s/mesitiko-grafeio/status-k-properties/c4a7c5a0-0cd3-4e7f-8ac9-f4553d16afdb,,
Σαραντόπουλος Χρήστος,independent,,,,no_site,,,,,"Μεταμορφώσεως 10, Άλιμος 174 55, Ελλάδα",,17455,,,,,xe.gr (weekly),,https://www.xe.gr/property/s/mesitiko-grafeio/sarantopoylos-chrhstos/bfa40625-9cba-4eef-ac22-cdb69b024841,,
Σταύρου Αντώνιος,independent,,,,no_site,,,,,"Chrisostomou Smirnis 6, Σπάτα 190 04, Ελλάδα",,19004,,,,,xe.gr (weekly),,https://www.xe.gr/property/s/mesitiko-grafeio/stayroy-antwnios/ba4a43aa-f1fb-467a-b818-4fc8fb75e104,,
Greekline Real Estate,independent,,,,no_site,,,,,"Ταϋγέτου 6, Βάρη 166 72, Ελλάδα",,16672,,,,,xe.gr (weekly),,https://www.xe.gr/property/s/mesitiko-grafeio/greekline-real-estate/ac03b684-c7a0-48b2-a6ae-75d5e2bc3dff,,
b2YourHome,independent,,,,no_site,,,,,"Γεωρ. Ζωγράφου, Ζωγράφου 157 72, Ελλάδα",,15772,,,,,xe.gr (weekly),,https://www.xe.gr/property/s/mesitiko-grafeio/b2yourhome/e11d6b44-8fa6-4fb9-a329-810de343de5b,,
Best Spot Real Estate,independent,,,,no_site,,,,,"Πάρνηθος 9, Ηλιούπολη 163 44, Ελλάδα",,16344,,,,,xe.gr (weekly),,https://www.xe.gr/property/s/mesitiko-grafeio/best-spot-real-estate/cc988ca0-8c6e-400e-9261-2207a2d555a6,,
Discovery Real Estate,independent,,,,no_site,,,,,"Άρεως 61, Παλαιό Φάληρο 175 62, Ελλάδα",,17562,,,,,xe.gr (weekly),,https://www.xe.gr/property/s/mesitiko-grafeio/discovery-real-estate/92b8a09e-b30e-479c-a34c-2abff4ee1dd5,,
HK Capital Investments Real Estate,independent,,,,no_site,,,,,"Ματθαίου Λιουγκα 60, Γλυφάδα 166 75, Ελλάδα",,16675,,,,,xe.gr (weekly),,https://www.xe.gr/property/s/mesitiko-grafeio/hk-capital-investments-real-estate/992d7f46-7dcf-4660-91d8-0191cd3869d3,,
Almark Unique Greek Properties,independent,,,,no_site,,,,,"Αιόλου 43, Βούλα 166 73, Ελλάδα",,16673,,,,,xe.gr (weekly),,https://www.xe.gr/property/s/mesitiko-grafeio/almark-unique-greek-properties/cae575e4-f78c-43a9-ba54-2bf910258cd5,,
ΓΡΑΤΣΟΥΝΑΣ ΓΕΩΡΓΙΟΣ,independent,,,,no_site,,,,,"Αχιλλέως 61, Αθήνα 104 35, Ελλάδα",,10435,,,,,xe.gr (weekly),,https://www.xe.gr/property/s/mesitiko-grafeio/gratsoynas-gewrgios/c75ae5c6-72b3-47d5-84fb-58d6855a86e6,,
Almani Real Estate,independent,,,,no_site,,,,,"Αλκιβιάδου 10, Χαλάνδρι 152 31, Ελλάδα",,15231,,,,,xe.gr (weekly),,https://www.xe.gr/property/s/mesitiko-grafeio/almani-real-estate/44f0cca3-0e43-4f02-88b2-6c8ae5ac9b01,,
Regio Realty-Christos Konstantopoulos,independent,,,,no_site,,,,,"Λυδίας 13, Χαλάνδρι 152 32, Ελλάδα",,15232,,,,,xe.gr (weekly),,https://www.xe.gr/property/s/mesitiko-grafeio/regio-realty-christos-konstantopoulos/78bf01a4-cc47-4a92-86b9-334aeb6d2ac7,,
Naced Εstate Club,independent,,,,no_site,,,,,"Διονυσίου Αρεοπαγίτου 3, Αθήνα 117 42, Ελλάδα",,11742,,,,,xe.gr (weekly),,https://www.xe.gr/property/s/mesitiko-grafeio/naced-estate-club/ff475f7d-971e-4f45-a120-81ba1c7a4675,,
Γουδέβενου Real Estate,independent,,,,no_site,,,,,"Παπαδά 76, Αθήνα 115 25, Ελλάδα",,11525,,,,,xe.gr (weekly),,https://www.xe.gr/property/s/mesitiko-grafeio/goydevenoy-real-estate/c2f82cb1-5e8d-45e7-a00f-e94623df0619,,
PP Real Estate Services,independent,,,,no_site,,,,,"Λεωφ. Μαραθώνος 40, Μαραθώνας 190 07, Ελλάδα",,19007,,,,,xe.gr (weekly),,https://www.xe.gr/property/s/mesitiko-grafeio/pp-real-estate-services/3a7afa19-8462-4236-b361-18e7bdd6f6bd,,
As & U,independent,,,,no_site,,,,,"Λεωφ. Πόρτο Ράφτη 36, Μαρκόπουλο Μεσογαίας 190 03, Ελλάδα",,19003,,,,,xe.gr (weekly),,https://www.xe.gr/property/s/mesitiko-grafeio/as-u/51e756d0-36f0-4f10-9f5d-ab890e928c63,,
New Place Charalampopoulos Real Estate,independent,,,,no_site,,,,,"Λέλας Καραγιάννη 28, Λυκόβρυση 141 23, Ελλάδα",,14123,,,,,xe.gr (weekly),,https://www.xe.gr/property/s/mesitiko-grafeio/new-place-charalampopoulos-real-estate/61c24e26-32ff-4edf-a741-3cd3f4cdb5eb,,
PropertyScape  Real estate agency,independent,,,,no_site,,,,,"Κανάρη 1, Χολαργός 155 62, Ελλάδα",,15562,,,,,xe.gr (weekly),,https://www.xe.gr/property/s/mesitiko-grafeio/propertyscape-real-estate-agency/270002b8-9d63-4459-8e21-14761af384a9,,
Μακροπούλου Βασιλική,independent,,,,no_site,,,,,"3ης Σεπτεμβρίου 128, Αθήνα 104 34, Ελλάδα",,10434,,,,,xe.gr (weekly),,https://www.xe.gr/property/s/mesitiko-grafeio/makropoyloy-vasilikh/79b48857-cd8d-4d39-a0ed-16d8be2ca900,,
Malt Realty,independent,,,,no_site,,,,,"Ολύμπού 3, Σαρωνίδα 190 13, Ελλάδα",,19013,,,,,xe.gr (weekly),,https://www.xe.gr/property/s/mesitiko-grafeio/malt-realty/2ff3e17d-a2fe-4db4-837a-017f033dfaad,,
Amon Group Real Estate,independent,,,,no_site,,,,,"Πλ. Πλαστήρα 1, Νέα Ερυθραία 146 71, Ελλάδα",,14671,,,,,xe.gr (weekly),,https://www.xe.gr/property/s/mesitiko-grafeio/amon-group-real-estate/2422ff78-7636-4dbe-bed7-9acbf824523b,,
Nexum Realty Solutions,independent,,,,no_site,,,,,"Αγράφων 10, Μαρούσι 151 23, Ελλάδα",,15123,,,,,xe.gr (weekly),,https://www.xe.gr/property/s/mesitiko-grafeio/nexum-realty-solutions/85d152b4-8819-4f9f-bc6d-87aa1b01620b,,
Allazospiti.gr,independent,,,,no_site,,,,,"Αγίου Νεκτάριου 176, Γλυφάδα 165 62, Ελλάδα",,16562,,,,,xe.gr (weekly),,https://www.xe.gr/property/s/mesitiko-grafeio/allazospiti-gr/8d5174fc-b2fb-4d12-887b-dd1f258d99f5,,
Quick Home,independent,,,,no_site,,,,,"Δημόκριτου 1, Αιγάλεω 122 43, Ελλάδα",,12243,,,,,xe.gr (weekly),,https://www.xe.gr/property/s/mesitiko-grafeio/quick-home/ee8bd30f-f51f-498c-8925-4e01d7c83264,,
Πόλη Μεσιτικό - Poli Real Estate,independent,,,,no_site,,,,,"Λουκή Ακρίτα 45, Μαρούσι 151 26, Ελλάδα",,15126,,,,,xe.gr (weekly),,https://www.xe.gr/property/s/mesitiko-grafeio/polh-mesitiko-poli-real-estate/5973e282-d547-4108-84df-e97e13160809,,
ΜΑΡΙΑ ΚΥΡΤΣΙΑ,independent,,,,no_site,,,,,"Κανάρη 20, Χαλάνδρι 152 33, Ελλάδα",,15233,,,,,xe.gr (weekly),,https://www.xe.gr/property/s/mesitiko-grafeio/maria-kyrtsia/77a92fbc-43f5-4b79-b59d-0bb13ffd68d9,,
One Real Estate,independent,,,,no_site,,,,,"Λεωφ. Παναγή Τσαλδάρη 99, Περιστέρι 121 34, Ελλάδα",,12134,,,,,xe.gr (weekly),,https://www.xe.gr/property/s/mesitiko-grafeio/one-real-estate/6b187a7f-fe86-443e-9337-f571bba9f836,,
Phos Properties,independent,,,,no_site,,,,,"Επαμεινώνδα 8, Περιστέρι 121 34, Ελλάδα",,12134,,,,,xe.gr (weekly),,https://www.xe.gr/property/s/mesitiko-grafeio/phos-properties/426eeac2-042a-4cef-b83a-93d923746696,,
Αλέξανδρος Παπαδόπουλος,independent,,,,no_site,,,,,"Αρκαδίου 16, Ηλιούπολη 163 45, Ελλάδα",,16345,,,,,xe.gr (weekly),,https://www.xe.gr/property/s/mesitiko-grafeio/alexandros-papadopoylos/f8b0ec68-c19f-4f73-8ffa-c77e1cb1fb80,,
ITC Group,independent,,,,no_site,,,,,"Λεωφ. Ειρήνης 32, Πεύκη 151 21, Ελλάδα",,15121,,,,,xe.gr (weekly),,https://www.xe.gr/property/s/mesitiko-grafeio/itc-group/e01feba9-39f1-48ab-a658-0c49b2ad1311,,
GP Real Estate Development,independent,,,,no_site,,,,,"Δημ. Βασιλείου 20, Ψυχικό 154 51, Ελλάδα",,15451,,,,,xe.gr (weekly),,https://www.xe.gr/property/s/mesitiko-grafeio/gp-real-estate-development/dc8e9456-7767-465c-9858-a0b971207d90,,
Armaco,independent,,,,no_site,,,,,"Λαζαράκη 6, Γλυφάδα 166 75, Ελλάδα",,16675,,,,,xe.gr (weekly),,https://www.xe.gr/property/s/mesitiko-grafeio/armaco/c1a9894d-54d8-46a5-bfbc-fcd7ca7f6bfb,,
Amira Brokers,independent,,,,no_site,,,,,"Αχιλλέως 49, Αθήνα 104 35, Ελλάδα",,10435,,,,,xe.gr (weekly),,https://www.xe.gr/property/s/mesitiko-grafeio/amira-brokers/d2bd6430-d8e5-48b7-84b6-3e1c3c98996f,,
Derkat Real Estate,independent,,,,no_site,,,,,"Πίνδου 8, Αγ. Παρασκευή 153 43, Ελλάδα",,15343,,,,,xe.gr (weekly),,https://www.xe.gr/property/s/mesitiko-grafeio/derkat-real-estate/4d2e8fa3-c67b-4375-96f8-11a7d3642572,,
Dream Casa Real Estate,independent,dreamcasa.com,https://dreamcasa.com,https://dreamcasa.com,ok,yes,maybe,0,,"Πελοποννήσου 30, Κηφισιά 145 64, Ελλάδα",,14564,,,,,xe.gr (weekly); site by domain guess,,https://www.xe.gr/property/s/mesitiko-grafeio/dream-casa-real-estate/8c9c6051-3dea-4d93-bd7d-c968f74ecbe2,,
Αξία Κτηματομεσιτική,independent,,,,no_site,,,,,"Βασ. Παύλου 36, Άγιοι Ανάργυροι 135 61, Ελλάδα",,13561,,,,,xe.gr (weekly),,https://www.xe.gr/property/s/mesitiko-grafeio/axia-kthmatomesitikh/4c7d8757-3604-4c29-898d-495e8226788c,,
Prosperty,independent,prospertyrealestate.com,https://prospertyrealestate.com,https://www.prospertyrealestate.com/,ok,yes,yes,5,wordpress,"Κλεισθένους 223, Γέρακας 153 44, Ελλάδα",,15344,,,,,xe.gr (weekly); site by domain guess,,https://www.xe.gr/property/s/mesitiko-grafeio/prosperty/a46026f5-c395-4019-92b6-7cd25c2dbf71,,
Σιδέρης,independent,,,,no_site,,,,,"Μαρκόπουλο Ωρωπού 190 15, Ελλάδα",,19015,,,,,xe.gr (weekly),,https://www.xe.gr/property/s/mesitiko-grafeio/siderhs/ec60967f-a793-459b-9110-04d1afadfe24,,
S-iproperty,independent,iproperty.gr,https://iproperty.gr,https://www.iproperty.gr/,ok,yes,maybe,0,,"Ήρας 32, Γλυφάδα 166 74, Ελλάδα",,16674,,,,,xe.gr (weekly); site by domain guess,,https://www.xe.gr/property/s/mesitiko-grafeio/s-iproperty/4aab9dd7-92a8-4635-b5f6-47cef90ace1b,,
Berkshire Hathaway HomeServices Athens Properties,independent,,,,no_site,,,,,"Μακαρίου 31, Περιστέρι 121 35, Ελλάδα",,12135,,,,,xe.gr (weekly),,https://www.xe.gr/property/s/mesitiko-grafeio/berkshire-hathaway-homeservices-athens-properties/001c814a-8e8c-4992-ab22-3824148c2800,,
Real Estate Christou S,independent,,,,no_site,,,,,"Κωνσταντά 15, Αθήνα 111 43, Ελλάδα",,11143,,,,,xe.gr (weekly),,https://www.xe.gr/property/s/mesitiko-grafeio/real-estate-christou-s/00157b4e-ccff-48d4-b369-4e4bbf8ccaba,,
Σταθά Μαρία,independent,,,,no_site,,,,,"Φιλιππιάδος 63, Περιστέρι 121 33, Ελλάδα",,12133,,,,,xe.gr (weekly),,https://www.xe.gr/property/s/mesitiko-grafeio/statha-maria/92960b95-0781-4ebb-9898-6881232815e8,,
Arbitrage Real Estate,independent,,,,no_site,,,,,"Λεωφ. Ανδρέα Συγγρού 2, Αθήνα 117 42, Ελλάδα",,11742,,,,,xe.gr (weekly),,https://www.xe.gr/property/s/mesitiko-grafeio/arbitrage-real-estate/6949db24-48c6-4afa-a926-b580e2b0d444,,
Πόλη Real Estate,independent,,,,no_site,,,,,"Ανατολής, Νέα Μάκρη 190 05, Ελλάδα",,19005,,,,,xe.gr (weekly),,https://www.xe.gr/property/s/mesitiko-grafeio/polh-real-estate/b3cc28fb-04e5-4358-a300-b4ea77b01455,,
Real Estate Xronis,independent,xronisrealestate.gr,https://xronisrealestate.gr,https://xronisrealestate.gr,ok,no,yes,21,,"Ευαγγελικής Σχολής 2, Νέα Ιωνία 142 31, Ελλάδα",,14231,,,,,xe.gr (weekly); site by domain guess,,https://www.xe.gr/property/s/mesitiko-grafeio/real-estate-xronis/24748395-4635-445b-939a-3c3e75ee5b90,,
Marathon Estate,independent,,,,no_site,,,,,"Λεωφ. Σουλίου & Λεωφ. Σχινιά, Μαραθώνας 190 07, Ελλάδα",,19007,,,,,xe.gr (weekly),,https://www.xe.gr/property/s/mesitiko-grafeio/marathon-estate/83e4f157-5b19-49de-b3a9-13e6c640d9ae,,
Ελ.. Ε Κρομμυδα Υπηρεσίες Μεσιτικού Γραφείου,independent,,,,no_site,,,,,"Σπάρτης 37, Καλλιθέα 176 73, Ελλάδα",,17673,,,,,xe.gr (weekly),,https://www.xe.gr/property/s/mesitiko-grafeio/el-e-krommyda-yphresies-mesitikoy-grafeioy/5ebd2bae-3601-4958-b6ec-a3a658d5b52b,,
Dream Real Estate,independent,,,,no_site,,,,,"Ελαιών 83, Πετρούπολη 131 23, Ελλάδα",,13123,,,,,xe.gr (weekly),,https://www.xe.gr/property/s/mesitiko-grafeio/dream-real-estate/7931c05a-22e4-4728-857c-7abad60173c8,,
Elaia Real Estate,independent,,,,no_site,,,,,"Βουλής 7, Αθήνα 105 62, Ελλάδα",,10562,,,,,xe.gr (weekly),,https://www.xe.gr/property/s/mesitiko-grafeio/elaia-real-estate/18e271a4-102d-45b4-944a-dfae4d99b94f,,
Helen's Real Estate,independent,,,,no_site,,,,,"Κερασούντος 10, Αθήνα 115 28, Ελλάδα",,11528,,,,,xe.gr (weekly),,https://www.xe.gr/property/s/mesitiko-grafeio/helen-s-real-estate/f02291cb-8656-4985-815b-5c9b1dc9d158,,
Everytime Estates,independent,everytime-estates.gr,https://everytime-estates.gr,https://www.everytime-estates.gr/el/home,ok,yes,yes,7,,"Νικ. Σκαλκώτα 7, Άνω Λιόσια 133 42, Ελλάδα",,13342,,,,,xe.gr (weekly); site by domain guess,,https://www.xe.gr/property/s/mesitiko-grafeio/everytime-estates/a00ecb9c-8214-414d-86a7-95e4b2cdbb1f,,
Diva Home,independent,,,,no_site,,,,,"Βασ. Κωνσταντίνου 36, Βάρη 166 72, Ελλάδα",,16672,,,,,xe.gr (weekly),,https://www.xe.gr/property/s/mesitiko-grafeio/diva-home/a618c99f-0ac6-475d-b32f-4fd3700de34b,,
Vorilas Real Estate,independent,vorilasrealestate.gr,https://vorilasrealestate.gr,https://www.vorilasrealestate.gr/,ok,no,yes,31,,"Χλόης 3, Σαρωνίδα 190 13, Ελλάδα",,19013,,,,,xe.gr (weekly); site by domain guess,,https://www.xe.gr/property/s/mesitiko-grafeio/vorilas-real-estate/5515c6e7-235d-42ee-ad23-84d0bbec66ca,,
Project Home Real Estate,independent,projecthomerealestate.gr,https://projecthomerealestate.gr,https://projecthomerealestate.gr,ok,no,yes,27,,"Χατζόπουλου 7, Αθήνα 115 24, Ελλάδα",,11524,,,,,xe.gr (weekly); site by domain guess,,https://www.xe.gr/property/s/mesitiko-grafeio/project-home-real-estate/38759810-754b-4ad3-983b-e1db7d50de60,,
Strati Estate,independent,,,,no_site,,,,,"Νικ. Καζαντζάκη 7, Περιστέρι 121 36, Ελλάδα",,12136,,,,,xe.gr (weekly),,https://www.xe.gr/property/s/mesitiko-grafeio/strati-estate/4169d277-7655-421c-bc49-64b108ad16d8,,
Δελης Real Estate,independent,,,,no_site,,,,,"Ακακιών 52, Μαρούσι 151 25, Ελλάδα",,15125,,,,,xe.gr (weekly),,https://www.xe.gr/property/s/mesitiko-grafeio/delhs-real-estate/33002c88-58f1-43e9-9453-15be2347bf73,,
Residence In Greece,independent,,,,no_site,,,,,"Ερμού 38, Βούλα 166 73, Ελλάδα",,16673,,,,,xe.gr (weekly),,https://www.xe.gr/property/s/mesitiko-grafeio/residence-in-greece/77f043b4-e15d-485c-8b5d-845d90c9cb56,,
ΜΕΣΙΤΙΚΟ ΚΑΚΑΛΗ,independent,,,,no_site,,,,,"Μυκάλης 5, Γλυφάδα 165 62, Ελλάδα",,16562,,,,,xe.gr (weekly),,https://www.xe.gr/property/s/mesitiko-grafeio/mesitiko-kakalh/21fb5cbb-a20a-4e6b-9369-7efe825de16b,,
AB Property,independent,,,,no_site,,,,,"Αθήνα 104 31, Ελλάδα",,10431,,,,,xe.gr (weekly),,https://www.xe.gr/property/s/mesitiko-grafeio/ab-property/a1b9dea6-b97d-40f4-adf5-861c24214bfa,,
Πεφανίου Αθηνά,independent,,,,no_site,,,,,"Υμηττού 22, Παλαιό Φάληρο 175 64, Ελλάδα",,17564,,,,,xe.gr (weekly),,https://www.xe.gr/property/s/mesitiko-grafeio/pefanioy-athhna/07b13f03-c14d-44d9-9017-1866a46c1243,,
Intercity Kοζανίτης,independent,,,,no_site,,,,,"Μηθύμνης 10, Αθήνα 113 61, Ελλάδα",,11361,,,,,xe.gr (weekly),,https://www.xe.gr/property/s/mesitiko-grafeio/intercity-kozaniths/af476500-7713-4e43-ae8a-3c3bc5eccc9b,,
On Property,independent,,,,no_site,,,,,"Παιανία 153 54, Ελλάδα",,15354,,,,,xe.gr (weekly),,https://www.xe.gr/property/s/mesitiko-grafeio/on-property/b136650b-9799-4dae-b3c5-ad3b8c47583c,,
Homeland Group,independent,,,,no_site,,,,,"Μεσογείων 303, Χαλάνδρι 152 31, Ελλάδα",,15231,,,,,xe.gr (weekly),,https://www.xe.gr/property/s/mesitiko-grafeio/homeland-group/c2406839-0e22-4fa2-a22b-e936437e3d74,,
Ζanko Real Estate,independent,,,,no_site,,,,,"Λεωφ. Αλίμου 34, Άλιμος 174 55, Ελλάδα",,17455,,,,,xe.gr (weekly),,https://www.xe.gr/property/s/mesitiko-grafeio/zanko-real-estate/7ed8abb8-192c-4f5d-b286-b97baa7f282a,,
Express Estate,independent,expressestate.gr,https://expressestate.gr,https://www.expressestate.gr/el/home,ok,yes,yes,10,,"Λεωφ. Μαραθώνος 119, Νέα Μάκρη 190 05, Ελλάδα",,19005,,,,,xe.gr (weekly); site by domain guess,,https://www.xe.gr/property/s/mesitiko-grafeio/express-estate/0c6fa606-1204-4048-80aa-efdd59a3b278,,
Landstation Real Estate,independent,,,,no_site,,,,,"Κασταλίας 19, Αθήνα 113 63, Ελλάδα",,11363,,,,,xe.gr (weekly),,https://www.xe.gr/property/s/mesitiko-grafeio/landstation-real-estate/97a66957-c57a-4799-8a88-632a364a348b,,
Homedata,independent,,,,no_site,,,,,"Ροντήρη 8, Γλυφάδα 166 75, Ελλάδα",,16675,,,,,xe.gr (weekly),,https://www.xe.gr/property/s/mesitiko-grafeio/homedata/a3f5e12c-fa03-4966-a06a-3a1b78bc633b,,
Land Brokers Moustakas,independent,,,,no_site,,,,,"Λυκούργου 1, Αθήνα 105 51, Ελλάδα",,10551,,,,,xe.gr (weekly),,https://www.xe.gr/property/s/mesitiko-grafeio/land-brokers-moustakas/4c8e5657-af7b-4839-81ba-da4bf959e225,,
Royal Home,independent,,,,no_site,,,,,"Λητούς 12, Άλιμος 174 56, Ελλάδα",,17456,,,,,xe.gr (weekly),,https://www.xe.gr/property/s/mesitiko-grafeio/royal-home/9779c045-36f5-4b21-920e-6ef06b031e02,,
Κατοικία ΑΕ,independent,,,,no_site,,,,,"Κοτζιά 1, 71, Άλιμος 174 55, Ελλάδα",,17455,,,,,xe.gr (weekly),,https://www.xe.gr/property/s/mesitiko-grafeio/katoikia-ae/2ef292ea-4e24-4a21-8ffa-2bc8e5a88c99,,
P&Partners Real Estate,independent,partnersrealestate.com,https://partnersrealestate.com,https://partnersrealestate.com,ok,yes,yes,16,wordpress,"Αραπάκη 97, Καλλιθέα 176 75, Ελλάδα",,17675,,,,,xe.gr (weekly); site by domain guess,,https://www.xe.gr/property/s/mesitiko-grafeio/p-partners-real-estate/14e363cb-364e-49df-bc4d-264c214e11bc,,
RE/MAX Elite,independent,,,,no_site,,,,,"25ης Μαρτίου 15, Νέα Σμύρνη 171 21, Ελλάδα",,17121,,,,,xe.gr (weekly),,https://www.xe.gr/property/s/mesitiko-grafeio/re-max-elite/d8e8de59-f6b7-4c5f-b243-a91852f3bad8,,
Greek Property Center,independent,,,,no_site,,,,,"Κων/νου Σιδέρη 17, Παιανία 190 02, Ελλάδα",,19002,,,,,xe.gr (weekly),,https://www.xe.gr/property/s/mesitiko-grafeio/greek-property-center/3b912805-54ef-4518-b432-3c48bcf4a612,,
Λάσκος Βασίλης,independent,,,,no_site,,,,,"Λεωφ. Μαραθώνος, Μαραθώνας 190 07, Ελλάδα",,19007,,,,,xe.gr (weekly),,https://www.xe.gr/property/s/mesitiko-grafeio/laskos-vasilhs/49adca44-49c6-4a02-bbcb-e712e654bdcb,,
Sicon Real Estate,independent,,,,no_site,,,,,"Λεωφ. Δημοκρατίας 8, Μελίσσια 151 27, Ελλάδα",,15127,,,,,xe.gr (weekly),,https://www.xe.gr/property/s/mesitiko-grafeio/sicon-real-estate/f9ab7314-1eda-49ec-958f-bb513e950b8e,,
Νίκος Μίχας,independent,,,,no_site,,,,,"Καλάμου, Άγιοι Απόστολοι 190 14, Ελλάδα",,19014,,,,,xe.gr (weekly),,https://www.xe.gr/property/s/mesitiko-grafeio/nikos-michas/cea59499-59b7-4daa-a4ed-5e218b3ff1ce,,
kk.brokers,independent,,,,no_site,,,,,"Παπαδημητρίου 24, Αχαρνές 136 73, Ελλάδα",,13673,,,,,xe.gr (weekly),,https://www.xe.gr/property/s/mesitiko-grafeio/kk-brokers/35104474-f4dc-4f4c-b604-d31081d9235b,,
Diamond Home,independent,,,,no_site,,,,,"Δημόκριτου 58, Αργυρούπολη 164 51, Ελλάδα",,16451,,,,,xe.gr (weekly),,https://www.xe.gr/property/s/mesitiko-grafeio/diamond-home/1eb98f52-5ec1-4e83-bedf-7bb492f9df2d,,
Real Estate Specialists,independent,specialistsrealestate.com,https://specialistsrealestate.com,https://specialistsrealestate.com,ok,yes,maybe,0,,"Ασπασίας 102, Χολαργός 155 61, Ελλάδα",,15561,,,,,xe.gr (weekly); site by domain guess,,https://www.xe.gr/property/s/mesitiko-grafeio/real-estate-specialists/029696d2-1e76-40ad-91c7-269df4adf955,,
AS.estate,independent,,,,no_site,,,,,"Αετόπετρας 37, Ίλιον 131 22, Ελλάδα",,13122,,,,,xe.gr (weekly),,https://www.xe.gr/property/s/mesitiko-grafeio/as-estate/8797a52e-4e42-4152-be57-02842eb122f3,,
Ktirio Act,independent,ktirioact.gr,https://ktirioact.gr,https://www.ktirioact.gr/,ok,no,yes,44,,"Ομήρου 62, Νέα Σμύρνη 171 21, Ελλάδα",,17121,,,,,xe.gr (weekly); site by domain guess,,https://www.xe.gr/property/s/mesitiko-grafeio/ktirio-act/cf0c5ced-7e98-40b4-a070-3c4268624167,,
Two Real Estate,independent,,,,no_site,,,,,"Μάρνη 43, Αθήνα 104 38, Ελλάδα",,10438,,,,,xe.gr (weekly),,https://www.xe.gr/property/s/mesitiko-grafeio/two-real-estate/750d1710-3025-4978-b7d1-ca2602d84a82,,
CKBSM International Real Estate Agency,independent,,,,no_site,,,,,"Ερμού 51, Αθήνα 105 63, Ελλάδα",,10563,,,,,xe.gr (weekly),,https://www.xe.gr/property/s/mesitiko-grafeio/ckbsm-international-real-estate-agency/f091113e-dc3d-49ff-82ae-865a14f21e1f,,
Hermes Property,independent,,,,no_site,,,,,"Αρκαδίου 4, Αργυρούπολη 164 52, Ελλάδα",,16452,,,,,xe.gr (weekly),,https://www.xe.gr/property/s/mesitiko-grafeio/hermes-property/9dae87ad-dda4-4c64-98e0-7d56177cb8a2,,
Status Home ΟΕ,independent,,,,no_site,,,,,"28ης Οκτωβριου 43, Καλύβια Θορικού 190 10, Ελλάδα",,19010,,,,,xe.gr (weekly),,https://www.xe.gr/property/s/mesitiko-grafeio/status-home-oe/5283adc3-88f9-460c-9052-f6c23065e869,,
kappa-rebuild.gr,independent,,,,no_site,,,,,"Αιμιλίου Βεάκη 23, Περιστέρι 121 34, Ελλάδα",,12134,,,,,xe.gr (weekly),,https://www.xe.gr/property/s/mesitiko-grafeio/kappa-rebuild-gr/fe09f33a-bef9-40ca-b58c-dc1858d311a4,,
Matte Real Estate,independent,,,,no_site,,,,,"Ευριπίδου 25, Παλαιό Φάληρο 175 63, Ελλάδα",,17563,,,,,xe.gr (weekly),,https://www.xe.gr/property/s/mesitiko-grafeio/matte-real-estate/e5a4fbcc-f1b9-4ba5-b883-be6315ad75b7,,
Pristine Property Solutions,independent,,,,no_site,,,,,"Ρόδου 80, Πετρούπολη 132 31, Ελλάδα",,13231,,,,,xe.gr (weekly),,https://www.xe.gr/property/s/mesitiko-grafeio/pristine-property-solutions/8cb94815-6c4f-4220-8c6e-edbc0b79566d,,
Greek House Group,independent,,,,no_site,,,,,"Λεωφ. Εθ. Αντιστάσεως 31, Καισαριανή 161 21, Ελλάδα",,16121,,,,,xe.gr (weekly),,https://www.xe.gr/property/s/mesitiko-grafeio/greek-house-group/62e8fe9f-143b-46b2-b14f-b121eca7e436,,
Akinita Lachanas,independent,akinitalachanas.gr,https://akinitalachanas.gr,https://akinitalachanas.gr,ok,no,yes,46,,"Ανοίξεως 54, Χαϊδάρι 124 61, Ελλάδα",,12461,,,,,xe.gr (weekly); site by domain guess,,https://www.xe.gr/property/s/mesitiko-grafeio/akinita-lachanas/002b79d2-0193-4916-a68a-3369ea8bb440,,
ΕΠΕΝΔΥΤΙΚΗ,independent,ependytikirealestate.gr,https://ependytikirealestate.gr,,http_403,,,,,"Λέκκα 23-25, Συνταγμα 105 62, Ελλάδα",,10562,,,,,xe.gr (weekly); site by domain guess,,https://www.xe.gr/property/s/mesitiko-grafeio/ependytikh/d89213c0-591d-4189-878e-4418af9ded7f,,
Gelly Dimitrakopoulou Engineering & Real Estate,independent,,,,no_site,,,,,"Θερμοπυλών 2, Ηλιούπολη 163 44, Ελλάδα",,16344,,,,,xe.gr (weekly),,https://www.xe.gr/property/s/mesitiko-grafeio/gelly-dimitrakopoulou-engineering-real-estate/7a9c5c57-f8c1-4788-8ba1-652a98e8df03,,
Global Estates Group,independent,,,,no_site,,,,,"Ζαλοκώστα 4, Αθήνα 106 71, Ελλάδα",,10671,,,,,xe.gr (weekly),,https://www.xe.gr/property/s/mesitiko-grafeio/global-estates-group/bab16063-1e41-45bd-a5dd-acc2732eb380,,
C&C Real Estate,independent,,,,no_site,,,,,"Λεωφ. Αμφιθέας 167, Παλαιό Φάληρο 175 63, Ελλάδα",,17563,,,,,xe.gr (weekly),,https://www.xe.gr/property/s/mesitiko-grafeio/c-c-real-estate/c776f866-9794-4402-8082-2897684c39a7,,
PANTAZOPOULOS REAL ESTATE,independent,,,,no_site,,,,,"Λεωφ. Κωνσταντίνου Αθάνατου 102, Γλυφάδα 165 61, Ελλάδα",,16561,,,,,xe.gr (weekly),,https://www.xe.gr/property/s/mesitiko-grafeio/pantazopoulos-real-estate/a65b3c22-137e-44b8-8db1-56329b84b709,,
Psomiadis Technical & Real Estate Co,independent,,,,no_site,,,,,"Ιπποκράτους 145, Αθήνα 114 72, Ελλάδα",,11472,,,,,xe.gr (weekly),,https://www.xe.gr/property/s/mesitiko-grafeio/psomiadis-technical-real-estate-co/ea4f184f-4194-4570-ae64-67e85f2e8c0a,,
My ΣΤΕΓΗ,independent,mystegi.gr,https://mystegi.gr,https://www.mystegi.gr/el/home,ok,yes,yes,7,,"Βασίλη Λογοθετίδη 11, Ampelokipi Menemeni 115 24, Ελλάδα",,11524,,,,,xe.gr (weekly); site by domain guess,,https://www.xe.gr/property/s/mesitiko-grafeio/my-stegh/a50c87dd-bd46-49cb-ab7b-f9c5953f6a1a,,
Pk Real Estate,independent,,,,no_site,,,,,"Προόδου 44, Βούλα 166 73, Ελλάδα",,16673,,,,,xe.gr (weekly),,https://www.xe.gr/property/s/mesitiko-grafeio/pk-real-estate/132b4834-abc0-487e-90e8-569da12eef2a,,
ELIT CLASS,independent,,,,no_site,,,,,"Αγίου Κωνσταντίνου 4, Αθήνα 104 31, Ελλάδα",,10431,,,,,xe.gr (weekly),,https://www.xe.gr/property/s/mesitiko-grafeio/elit-class/33733ff8-e343-473f-81f7-7e424805c5b1,,
Planet Homes,independent,planethomes.gr,https://planethomes.gr,https://planethomes.gr,ok,yes,yes,11,wordpress;real_homes,"Λεωφ. Ανδρέα Συγγρού 69, 12, Αθήνα 117 45, Ελλάδα",,11745,,,,,xe.gr (weekly); site by domain guess,,https://www.xe.gr/property/s/mesitiko-grafeio/planet-homes/0fb13808-7be2-44e0-9737-fe6a78d6d90e,,
Homes in Greece,independent,,,,no_site,,,,,"Π. Τσαλδάρη 6, Αθήνα 104 31, Ελλάδα",,10431,,,,,xe.gr (weekly),,https://www.xe.gr/property/s/mesitiko-grafeio/homes-in-greece/7517a063-7a46-4a64-9355-a3866074a10a,,
Propertunity,independent,propertunityrealestate.com,https://propertunityrealestate.com,https://propertunityrealestate.com,ok,yes,yes,22,,"Πλάτωνος 14, Χαλάνδρι 152 34, Ελλάδα",,15234,,,,,xe.gr (weekly); site by domain guess,,https://www.xe.gr/property/s/mesitiko-grafeio/propertunity/b543e5e7-32d4-486f-85d3-dd4ef60de63e,,
Gold chr,independent,,,,no_site,,,,,"Κολοκοτρώνη 7, Κηφισιά 145 62, Ελλάδα",,14562,,,,,xe.gr (weekly),,https://www.xe.gr/property/s/mesitiko-grafeio/gold-chr/75d4d37a-a83e-4ed7-8d40-7be9bf75d831,,
Drivas Real Estate,independent,,,,no_site,,,,,"Αργυροκάστρου 2, Ηράκλειο 141 22, Ελλάδα",,14122,,,,,xe.gr (weekly),,https://www.xe.gr/property/s/mesitiko-grafeio/drivas-real-estate/fe296f5a-6eae-4be9-ad15-3e538894505e,,
FinTaxRes.gr,independent,,,,no_site,,,,,"Ματρόζου 40-42, Αθήνα 117 41, Ελλάδα",,11741,,,,,xe.gr (weekly),,https://www.xe.gr/property/s/mesitiko-grafeio/fintaxres-gr/7335caf2-e467-45bf-8b18-903c2ab46e4c,,
Euro Home,independent,,,,no_site,,,,,"Κισσάβου 38, Βριλήσσια 152 38, Ελλάδα",,15238,,,,,xe.gr (weekly),,https://www.xe.gr/property/s/mesitiko-grafeio/euro-home/35203e6d-f73c-400b-8b5e-7b8c4ac60f1b,,
Revithis Real Estate,independent,,,,no_site,,,,,"Σοφοκλέους 13-15, Αθήνα 105 51, Ελλάδα",,10551,,,,,xe.gr (weekly),,https://www.xe.gr/property/s/mesitiko-grafeio/revithis-real-estate/b3ac8df6-0b6d-4b4e-8c98-2b5b22642f73,,
MENTAT PARTNERS,independent,,,,no_site,,,,,"Μενάνδρου 13, Χαλάνδρι 152 38, Ελλάδα",,15238,,,,,xe.gr (weekly),,https://www.xe.gr/property/s/mesitiko-grafeio/mentat-partners/fe5b8fc0-958b-4f4a-9d6f-321be5e9fb7d,,
Martinou Maria Real Estate,independent,,,,no_site,,,,,"Πινδάρου 27, Άλιμος 174 56, Ελλάδα",,17456,,,,,xe.gr (weekly),,https://www.xe.gr/property/s/mesitiko-grafeio/martinou-maria-real-estate/9063d99a-cb80-4f19-85ef-c26930adecd8,,
Silverproperties,independent,,,,no_site,,,,,"Τιτάνων 7, Αθήνα 113 62, Ελλάδα",,11362,,,,,xe.gr (weekly),,https://www.xe.gr/property/s/mesitiko-grafeio/silverproperties/55a71a11-188a-4dce-aaf3-83e3aeed0c2e,,
Imobi Real Estate,independent,,,,no_site,,,,,"Τσουδερού 50, Αθήνα 104 45, Ελλάδα",,10445,,,,,xe.gr (weekly),,https://www.xe.gr/property/s/mesitiko-grafeio/imobi-real-estate/df34a63a-381f-4cf0-82e6-f07f4a802872,,
Sotiris Papaemmanouil Signature Real Estate,independent,,,,no_site,,,,,"Κυβέλης 4, Βουλιαγμένη 166 71, Ελλάδα",,16671,,,,,xe.gr (weekly),,https://www.xe.gr/property/s/mesitiko-grafeio/sotiris-papaemmanouil-signature-real-estate/97b19f02-30ac-44b8-bdf4-4358ea659a6a,,
Simple Way,independent,simple-way.gr,https://simple-way.gr,https://simple-way.gr,ok,yes,yes,217,,"Λεωφ. Καρέα 64, Βύρωνας 162 33, Ελλάδα",,16233,,,,,xe.gr (weekly); site by domain guess,,https://www.xe.gr/property/s/mesitiko-grafeio/simple-way/e8ccc934-832b-4065-ba09-c0927e3be7c7,,
Remust Κτηματομεσιτική,independent,,,,no_site,,,,,"Εθνάρχου Μακαρίου, Περιστέρι 121 32, Ελλάδα",,12132,,,,,xe.gr (weekly),,https://www.xe.gr/property/s/mesitiko-grafeio/remust-kthmatomesitikh/663cff02-c916-4dd0-a9e4-887a70462fba,,
Oikostegastiki Real Estate,independent,oikostegastiki.gr,https://oikostegastiki.gr,,error,,,,,"Φανερωμένης 14, Χολαργός 155 61, Ελλάδα",,15561,,,,,xe.gr (weekly); site by domain guess,,https://www.xe.gr/property/s/mesitiko-grafeio/oikostegastiki-real-estate/55a107c9-17e2-410f-be76-0bacfd6fc4c1,,
Golden Land Goutos,independent,goldenlandgoutos.gr,https://goldenlandgoutos.gr,https://www.goldenlandgoutos.gr/,ok,yes,yes,16,wordpress,"Ασκληπιού 1, Βούλα 166 73, Ελλάδα",,16673,,,,,xe.gr (weekly); site by domain guess,,https://www.xe.gr/property/s/mesitiko-grafeio/golden-land-goutos/ccf255ca-e762-4365-84e2-fe33104726c8,,
Αγορά Κτηματομεσιτική,independent,,,,no_site,,,,,"Λεωφ. Μαρίνου Αντύπα 148, Ηλιούπολη 163 41, Ελλάδα",,16341,,,,,xe.gr (weekly),,https://www.xe.gr/property/s/mesitiko-grafeio/agora-kthmatomesitikh/a3981158-0036-485a-af4f-c4e7f3ab5e50,,
AL Real Estate,independent,,,,no_site,,,,,"Ναυσικάς 66, Παλαιό Φάληρο 175 64, Ελλάδα",,17564,,,,,xe.gr (weekly),,https://www.xe.gr/property/s/mesitiko-grafeio/al-real-estate/f57fd117-15bb-4031-a302-c9c9924983f6,,
RE/MAX 361° Solutions,independent,,,,no_site,,,,,"Θεσσαλονίκης 14, Γέρακας 153 44, Ελλάδα",,15344,,,,,xe.gr (weekly),,https://www.xe.gr/property/s/mesitiko-grafeio/re-max-361-solutions/0105db62-1b0e-4d44-927a-78f0274e6327,,
Redi,independent,,,,no_site,,,,,"Δημοκρατίας 50, Παλαιό Φάληρο 175 63, Ελλάδα",,17563,,,,,xe.gr (weekly),,https://www.xe.gr/property/s/mesitiko-grafeio/redi/9671018f-4951-4086-b116-39da8c2e475d,,
Notia Mesitiki Real Estate,independent,,,,no_site,,,,,"Σειρήνων 118, Παλαιό Φάληρο 175 62, Ελλάδα",,17562,,,,,xe.gr (weekly),,https://www.xe.gr/property/s/mesitiko-grafeio/notia-mesitiki-real-estate/79037cb9-cf3c-4013-b872-264090cad1af,,
Vrettos Real Estate,independent,,,,no_site,,,,,"Πάρνηθος 141, Αχαρνές 136 74, Ελλάδα",,13674,,,,,xe.gr (weekly),,https://www.xe.gr/property/s/mesitiko-grafeio/vrettos-real-estate/ceda24e6-604a-4a5a-ad6d-09644ef939f3,,
Κτηματεμπορική Ζυγούρας,independent,,,,no_site,,,,,"3ης Σεπτεμβρίου 19, Αθήνα 104 32, Ελλάδα",,10432,,,,,xe.gr (weekly),,https://www.xe.gr/property/s/mesitiko-grafeio/kthmatemporikh-zygoyras/6d37a6ee-b691-48e2-9ba1-9f1ea805cdbd,,
Χαλά Ασημίνα,independent,,,,no_site,,,,,"Ηφαίστου 4, Αθήνα 105 55, Ελλάδα",,10555,,,,,xe.gr (weekly),,https://www.xe.gr/property/s/mesitiko-grafeio/chala-ashmina/c220dbc8-8b03-467a-95eb-d1c3545740e5,,
Neva Buildings Group,independent,,,,no_site,,,,,"Αγκύλης 48-50, Αθήνα 117 43, Ελλάδα",,11743,,,,,xe.gr (weekly),,https://www.xe.gr/property/s/mesitiko-grafeio/neva-buildings-group/1cf0dd11-6b5d-43e5-bd98-68ba4f3e0d57,,
Special Homes,independent,specialhomes.gr,https://specialhomes.gr,https://www.specialhomes.gr/el/home,ok,yes,yes,21,,"Χίλτον, Αθήνα 115 28, Ελλάδα",,11528,,,,,xe.gr (weekly); site by domain guess,,https://www.xe.gr/property/s/mesitiko-grafeio/special-homes/6415b914-d915-440e-9b45-7edc591af39d,,
Π.Δ. ΒΑΡΒΑΡΗΓΟΣ,independent,,,,no_site,,,,,"Λεωφ. Γαλατσίου 93, Γαλάτσι 111 46, Ελλάδα",,11146,,,,,xe.gr (weekly),,https://www.xe.gr/property/s/mesitiko-grafeio/p-d-varvarhgos/a804471f-b0f4-4ceb-a569-872ddf421a47,,
Metroland Real Estate Management,independent,,,,no_site,,,,,"Χαρ. Τρικούπη 14, Αθήνα 106 79, Ελλάδα",,10679,,,,,xe.gr (weekly),,https://www.xe.gr/property/s/mesitiko-grafeio/metroland-real-estate-management/04fcdced-07d2-49a0-9a0f-9eca890c69e9,,
PAPAZOGLOU Real Estate,independent,,,,no_site,,,,,"Πύρρωνος 20, Αθήνα 116 36, Ελλάδα",,11636,,,,,xe.gr (weekly),,https://www.xe.gr/property/s/mesitiko-grafeio/papazoglou-real-estate/4aaf3b56-3df9-427d-a838-5c12de477963,,
Umbrella Brokers,independent,,,,no_site,,,,,"Λεωφ. Κηφισίας 243, Κηφισιά 145 61, Ελλάδα",,14561,,,,,xe.gr (weekly),,https://www.xe.gr/property/s/mesitiko-grafeio/umbrella-brokers/0c0c9de3-cb09-475a-86b1-fd674db294b6,,
Βιτσέντζου & Συνεργάτες,independent,,,,no_site,,,,,"Θεοτοκόπουλου 19, Κηφισιά 145 62, Ελλάδα",,14562,,,,,xe.gr (weekly),,https://www.xe.gr/property/s/mesitiko-grafeio/vitsentzoy-synergates/2a6730e5-7289-4828-8f88-4fd7ee4bb520,,
Οικοστέγαση,independent,,,,no_site,,,,,"Λεωφ. Ελ. Βενιζέλου 247, Παλαιό Φάληρο 175 63, Ελλάδα",,17563,,,,,xe.gr (weekly),,https://www.xe.gr/property/s/mesitiko-grafeio/oikostegash/90f5cefd-f0f5-448a-88a3-80ee09a869ce,,
Investment Value Properties,independent,,,,no_site,,,,,"Αλεξιουπόλεως 46, Αργυρούπολη 164 52, Ελλάδα",,16452,,,,,xe.gr (weekly),,https://www.xe.gr/property/s/mesitiko-grafeio/investment-value-properties/c63e06a6-ff43-44b9-85fa-3b6bc2eaf37d,,
Great Estate,independent,greatestate.gr,https://greatestate.gr,https://greatestate.gr,ok,yes,yes,19,wordpress,"Ζησιμοπούλου 93, 1, Παλαιό Φάληρο 175 64, Ελλάδα",,17564,,,,,xe.gr (weekly); site by domain guess,,https://www.xe.gr/property/s/mesitiko-grafeio/great-estate/e998e1a4-b2a1-4d5e-8c6a-3623430ac28d,,
Καμπέρης Μεσιτικό,independent,,,,no_site,,,,,"Γκίκα 1, Κορωπί 194 00, Ελλάδα",,19400,,,,,xe.gr (weekly),,https://www.xe.gr/property/s/mesitiko-grafeio/kamperhs-mesitiko/5cdae6ab-7ab7-49a4-b584-63c4d286de69,,
C&K Real Estate,independent,,,,no_site,,,,,"Λεωφ. Καλυβίων 85, Καλύβια Θορικού 190 10, Ελλάδα",,19010,,,,,xe.gr (weekly),,https://www.xe.gr/property/s/mesitiko-grafeio/c-k-real-estate/69290ece-24df-4db7-a288-bcb0227d2560,,
Ma.Con.Struction,independent,,,,no_site,,,,,"Αναπαύσεως 43, Βριλήσσια 152 35, Ελλάδα",,15235,,,,,xe.gr (weekly),,https://www.xe.gr/property/s/mesitiko-grafeio/ma-con-struction/1271e324-8c89-4d95-963e-0493996c9ba4,,
Cosy House Real Estate  & Renovations,independent,,,,no_site,,,,,"Αγίου Παύλου 3, Γλυφάδα 165 61, Ελλάδα",,16561,,,,,xe.gr (weekly),,https://www.xe.gr/property/s/mesitiko-grafeio/cosy-house-real-estate-renovations/ab3b6081-f018-4d58-8af0-6bce9682eec9,,
EasySale,independent,,,,no_site,,,,,"Αρτέμιδος 26, Μοσχάτο 183 45, Ελλάδα",,18345,,,,,xe.gr (weekly),,https://www.xe.gr/property/s/mesitiko-grafeio/easysale/4e61f3ea-6c2b-4170-b7c9-5841e7c39076,,
ΜΕΣΙΤΙΚΟ ΚΑΡΩΝΗ,independent,,,,no_site,,,,,"Παπαφλέσσα 5, Μαρούσι 151 24, Ελλάδα",,15124,,,,,xe.gr (weekly),,https://www.xe.gr/property/s/mesitiko-grafeio/mesitiko-karwnh/289b3ac4-11cc-4dab-8893-153d5428691b,,
VKBNB,independent,,,,no_site,,,,,"Στρ. Παρασκευοπούλου 72, Νέα Σμύρνη 171 22, Ελλάδα",,17122,,,,,xe.gr (weekly),,https://www.xe.gr/property/s/mesitiko-grafeio/vkbnb/3d335b43-5aad-4db1-82fb-6aace2aa149b,,
EVC-Real Estate,independent,,,,no_site,,,,,"Ειρήνης 28, Αγ. Παρασκευή 153 41, Ελλάδα",,15341,,,,,xe.gr (weekly),,https://www.xe.gr/property/s/mesitiko-grafeio/evc-real-estate/c7de49d9-ea5d-404a-ab37-4a313a4868b2,,
HBG Real Estate,independent,,,,no_site,,,,,"Πύρρου 40, Αθήνα 116 33, Ελλάδα",,11633,,,,,xe.gr (weekly),,https://www.xe.gr/property/s/mesitiko-grafeio/hbg-real-estate/545fdc20-5c88-4c86-a557-46f1690a5848,,
LGF PROJECTS,independent,,,,no_site,,,,,"Ξενοφώντος 15Α, Αθήνα 105 57, Ελλάδα",,10557,,,,,xe.gr (weekly),,https://www.xe.gr/property/s/mesitiko-grafeio/lgf-projects/eb6c8b19-b99b-4776-b251-1dc630dfd489,,
Αφοι Παπαγεωργίου & ΣΙΑ,independent,,,,no_site,,,,,"Ναρκίσσων 13, Ηράκλειο 141 21, Ελλάδα",,14121,,,,,xe.gr (weekly),,https://www.xe.gr/property/s/mesitiko-grafeio/afoi-papagewrgioy-sia/1c9e982e-b9e4-4711-a709-3967dc2409e1,,
Lead Estate,independent,,,,no_site,,,,,"Νικολαΐδου 86, Ελευσίνα 192 00, Ελλάδα",,19200,,,,,xe.gr (weekly),,https://www.xe.gr/property/s/mesitiko-grafeio/lead-estate/19d66002-ee61-4db1-88c6-a50bdfef8b20,,
Instaproperties,independent,instaproperties.gr,https://instaproperties.gr,https://instaproperties.gr,ok,yes,yes,14,wordpress;houzez,"Χαρ. Τρικούπη 127, Νέα Ερυθραία 146 71, Ελλάδα",,14671,,,,,xe.gr (weekly); site by domain guess,,https://www.xe.gr/property/s/mesitiko-grafeio/instaproperties/c04d5fbe-715a-412c-9ada-e1b84a51ffe8,,
Dm Real Estate,independent,,,,no_site,,,,,"Υψηλάντου 13, Καλλιθέα 176 73, Ελλάδα",,17673,,,,,xe.gr (weekly),,https://www.xe.gr/property/s/mesitiko-grafeio/dm-real-estate/04cfe95a-750d-4bff-9901-8c01270616c2,,
Trust Χαραλάμπους,independent,,,,no_site,,,,,"Γραβιάς 84, Πετρούπολη 132 31, Ελλάδα",,13231,,,,,xe.gr (weekly),,https://www.xe.gr/property/s/mesitiko-grafeio/trust-charalampoys/56c46d49-c5dd-4b7a-b20f-b02f1f03d40c,,
Smart Realty,independent,,,,no_site,,,,,"Αριστείδου 118, Αθήνα 176 72, Ελλάδα",,17672,,,,,xe.gr (weekly),,https://www.xe.gr/property/s/mesitiko-grafeio/smart-realty/78e77cd7-23af-4772-ab74-b29b5414727f,,
REMAX Evolution,independent,remax-evolution.com,https://remax-evolution.com,https://remax-evolution.com/en,ok,yes,yes,12,,"Λεωφ. Καλυβίων 3, Λαγονήσι Αττικής 190 10, Ελλάδα",,19010,,,,,xe.gr (weekly); site by domain guess,,https://www.xe.gr/property/s/mesitiko-grafeio/remax-evolution/fb1adc99-fb31-4759-befc-e11cf2845018,,
Delta Thesis,independent,deltathesis.gr,https://deltathesis.gr,https://deltathesis.gr,ok,yes,no,0,wordpress,"Αμερικής 10, Αθήνα 106 71, Ελλάδα",,10671,,,,,xe.gr (weekly); site by domain guess,,https://www.xe.gr/property/s/mesitiko-grafeio/delta-thesis/d14fdad9-aec5-4519-b30d-e4d55b8ab2d9,,
Πάνος Βαρβέρης,independent,,,,no_site,,,,,"Λεωφ. Μεσογείων 214, Χολαργός 155 61, Ελλάδα",,15561,,,,,xe.gr (weekly),,https://www.xe.gr/property/s/mesitiko-grafeio/panos-varverhs/d6f8c069-ccae-40fb-8212-7bc45dcb2845,,
Equity Stones,independent,equitystones.gr,https://equitystones.gr,https://www.equitystones.gr/el/home,ok,yes,yes,19,,"Λεωφ. Ιασωνίδου 18, Ελληνικό 167 77, Ελλάδα",,16777,,,,,xe.gr (weekly); site by domain guess,,https://www.xe.gr/property/s/mesitiko-grafeio/equity-stones/eb8ab944-5bc7-4a97-a716-6e5a464e5c2f,,
Αγροσίνης Κτηματομεσιτική,independent,,,,no_site,,,,,"Αθήνα 111 44, Ελλάδα",,11144,,,,,xe.gr (weekly),,https://www.xe.gr/property/s/mesitiko-grafeio/agrosinhs-kthmatomesitikh/78a8143e-0b4b-48d0-bc46-560fe6d6eefe,,
Οικιστική Δόξας Χρήστος,independent,,,,no_site,,,,,"Κυψέλης 98, Αθήνα 113 63, Ελλάδα",,11363,,,,,xe.gr (weekly),,https://www.xe.gr/property/s/mesitiko-grafeio/oikistikh-doxas-chrhstos/01aa63ca-ca57-46f4-b138-d333b3375346,,
RedsHellas,independent,,,,no_site,,,,,"Αθήνα 116 35, Ελλάδα",,11635,,,,,xe.gr (weekly),,https://www.xe.gr/property/s/mesitiko-grafeio/redshellas/4ba3ac6d-775c-48ad-8624-987fc068cb1f,,
Βαεννης Αθανάσιος,independent,,,,no_site,,,,,"Φραγκοκκλησιάς 28, Μαρούσι 151 25, Ελλάδα",,15125,,,,,xe.gr (weekly),,https://www.xe.gr/property/s/mesitiko-grafeio/vaennhs-athanasios/e49801df-1169-4292-8eb8-32149d31b5a4,,
Χαροκόπος Real Estate,independent,charokopos.gr,https://charokopos.gr,https://www.charokopos.gr/,ok,no,yes,31,,"Λεωφ. Κηφισίας 184, Χαλάνδρι 152 31, Ελλάδα",,15231,,,,,xe.gr (weekly); site by domain guess,,https://www.xe.gr/property/s/mesitiko-grafeio/charokopos-real-estate/22f9a2d3-170d-496b-8d5b-f15bf9bf88ee,,
On Line Properties,independent,,,,no_site,,,,,"Αγορακρίτου 2, Αθήνα 104 46, Ελλάδα",,10446,,,,,xe.gr (weekly),,https://www.xe.gr/property/s/mesitiko-grafeio/on-line-properties/e7e7eb9b-46f1-4303-861d-1f8f3f708662,,
www.Greek-Realty.com,independent,,,,no_site,,,,,"Νέα Σμύρνη 171 22, Ελλάδα",,17122,,,,,xe.gr (weekly),,https://www.xe.gr/property/s/mesitiko-grafeio/www-greek-realty-com/61691027-24e6-4265-8784-6c8f79d4660e,,
PFP Home,independent,pfphome.gr,https://pfphome.gr,https://pfphome.gr,ok,yes,yes,217,,"Αραπάκη 104, Καλλιθέα 176 75, Ελλάδα",,17675,,,,,xe.gr (weekly); site by domain guess,,https://www.xe.gr/property/s/mesitiko-grafeio/pfp-home/9a7a0916-5f6c-48e8-9ca7-e5148da98d4e,,
Kappaland,independent,kappaland.gr,https://kappaland.gr,https://kappaland.gr,ok,yes,yes,35,,"Βασ. Γεωργίου Β 58, Παιανία 190 02, Ελλάδα",,19002,,,,,xe.gr (weekly); site by domain guess,,https://www.xe.gr/property/s/mesitiko-grafeio/kappaland/27450fbc-fe63-4e50-8d5c-3eea61cffec5,,
Διεθνής Κτηματομεσιτική International Real Estate,independent,,,,no_site,,,,,"Κολοκοτρώνη 2, Μέγαρα 191 00, Ελλάδα",,19100,,,,,xe.gr (weekly),,https://www.xe.gr/property/s/mesitiko-grafeio/diethnhs-kthmatomesitikh-international-real-estate/4d44850e-8327-4383-83d7-a064c4dec622,,
The Greek Opportunity,independent,,,,no_site,,,,,"Κορυτσάς 10, Κηφισιά 145 61, Ελλάδα",,14561,,,,,xe.gr (weekly),,https://www.xe.gr/property/s/mesitiko-grafeio/the-greek-opportunity/21d8f8ee-7610-49d1-9d5c-3a34aa6f1530,,
South Element,independent,,,,no_site,,,,,"Καλύμνου 24, 26, Βούλα 166 73, Ελλάδα",,16673,,,,,xe.gr (weekly),,https://www.xe.gr/property/s/mesitiko-grafeio/south-element/9744a39d-29c5-4c15-a02e-09e3320fbb15,,
Quadrum,independent,,,,no_site,,,,,"Αραπάκη 96, Καλλιθέα 176 76, Ελλάδα",,17676,,,,,xe.gr (weekly),,https://www.xe.gr/property/s/mesitiko-grafeio/quadrum/74995590-d4e1-409a-b6eb-12018fdab565,,
Prima Vista,independent,,,,no_site,,,,,"Λεωφ. Αναβύσσου, Σαρωνίδα 190 13, Ελλάδα",,19013,,,,,xe.gr (weekly),,https://www.xe.gr/property/s/mesitiko-grafeio/prima-vista/4baa45ef-8158-40d6-8d48-39a120456ce9,,
Inovart Properties,independent,,,,no_site,,,,,"Εμπεδοκλέους 28-30, Αθήνα 116 36, Ελλάδα",,11636,,,,,xe.gr (weekly),,https://www.xe.gr/property/s/mesitiko-grafeio/inovart-properties/2d7e00d0-6516-427d-8ef7-75e61e9062fa,,
ΤΟΥΡΚ ΣΕΛΤΖΑΝ,independent,,,,no_site,,,,,"Νίκης 50, Άλιμος 174 55, Ελλάδα",,17455,,,,,xe.gr (weekly),,https://www.xe.gr/property/s/mesitiko-grafeio/toyrk-seltzan/7da6d8e4-589a-4586-a855-dedba3c3ebbc,,
E - Home,independent,,,,no_site,,,,,"Ηρ. Πολυτεχνείου 54, Ζωγράφου 157 72, Ελλάδα",,15772,,,,,xe.gr (weekly),,https://www.xe.gr/property/s/mesitiko-grafeio/e-home/4c4437d5-4d2d-443a-a218-5249de2899f0,,
Casa Venta Real Estate,independent,,,,no_site,,,,,"Ακαδημίας 78, Αθήνα 106 77, Ελλάδα",,10677,,,,,xe.gr (weekly),,https://www.xe.gr/property/s/mesitiko-grafeio/casa-venta-real-estate/6acebc27-2148-4605-9648-f16341f9dc01,,
Vesta Properties,independent,,,,no_site,,,,,"Ευτέρπης 1, Αγ. Δημήτριος Αττικής 173 43, Ελλάδα",,17343,,,,,xe.gr (weekly),,https://www.xe.gr/property/s/mesitiko-grafeio/vesta-properties/5bf7c5f0-e80c-4c4e-9df6-1c54bf7d0440,,
Smart Deals,independent,,,,no_site,,,,,"Ηρακλείτου 4, Χαλάνδρι 152 35, Ελλάδα",,15235,,,,,xe.gr (weekly),,https://www.xe.gr/property/s/mesitiko-grafeio/smart-deals/fc90f718-6186-42ce-9dac-ba810f137e05,,
My Way,independent,,,,no_site,,,,,"Θησέως 67, Χαλάνδρι 152 34, Ελλάδα",,15234,,,,,xe.gr (weekly),,https://www.xe.gr/property/s/mesitiko-grafeio/my-way/b8f1fd89-2261-423a-bf38-d1ee71337c7b,,
Golden Sun Real Estate,independent,,,,no_site,,,,,"Βουκουρεστίου 18, Αθήνα 106 71, Ελλάδα",,10671,,,,,xe.gr (weekly),,https://www.xe.gr/property/s/mesitiko-grafeio/golden-sun-real-estate/48186d8e-1d44-4617-89ea-3ebde80b0615,,
Heart Of The City Real Estate,independent,,,,no_site,,,,,"Καλλιθέα 176 74, Ελλάδα",,17674,,,,,xe.gr (weekly),,https://www.xe.gr/property/s/mesitiko-grafeio/heart-of-the-city-real-estate/4c2a1692-61f9-4ff7-9c85-2f2cbd055816,,
Golden Riviera Athens Realty,independent,,,,no_site,,,,,"Πλ. Ηροδότου 2, Νέα Σμύρνη 171 22, Ελλάδα",,17122,,,,,xe.gr (weekly),,https://www.xe.gr/property/s/mesitiko-grafeio/golden-riviera-athens-realty/0ce8071e-419e-4227-aa7b-e51870b58df9,,
Paradise Quarter,independent,,,,no_site,,,,,"Λεωφ. Δημοκρατίας 4, Ψυχικό 154 52, Ελλάδα",,15452,,,,,xe.gr (weekly),,https://www.xe.gr/property/s/mesitiko-grafeio/paradise-quarter/9dc5a3cc-dec3-4010-a156-a37ba910d129,,
Gethome,independent,,,,no_site,,,,,"Ήρας 26, Βουλιαγμένη 166 71, Ελλάδα",,16671,,,,,xe.gr (weekly),,https://www.xe.gr/property/s/mesitiko-grafeio/gethome/fdea7d3f-fdfc-4bd2-991d-2adeddf8602c,,
Apartment Real Estate,independent,,,,no_site,,,,,"Κλεάνθους 11, Ηλιούπολη 163 46, Ελλάδα",,16346,,,,,xe.gr (weekly),,https://www.xe.gr/property/s/mesitiko-grafeio/apartment-real-estate/29d1475f-f48b-4dfd-89bd-88b298fb4091,,
Besikos Real Estate,independent,,,,no_site,,,,,"Λεωφ. Κηφισίας 323, Κηφισιά 145 61, Ελλάδα",,14561,,,,,xe.gr (weekly),,https://www.xe.gr/property/s/mesitiko-grafeio/besikos-real-estate/130a2de3-180e-4122-8815-9c2281dfbefc,,
Prohome,independent,,,,no_site,,,,,"Λεωφ. Ελ. Βενιζέλου 4Β, Νέα Σμύρνη 171 21, Ελλάδα",,17121,,,,,xe.gr (weekly),,https://www.xe.gr/property/s/mesitiko-grafeio/prohome/44212ec0-6920-4d3d-ae43-edd98dd8d516,,
AELIA REAL ESTATE,independent,,,,no_site,,,,,"Λοκρίδος 11, Χαλάνδρι 152 31, Ελλάδα",,15231,,,,,xe.gr (weekly),,https://www.xe.gr/property/s/mesitiko-grafeio/aelia-real-estate/50bc40f2-114a-4317-ad7d-353e9f326348,,
Athens Real Estate gr,independent,,,,no_site,,,,,"Ιφικράτους 12, Αθήνα 116 33, Ελλάδα",,11633,,,,,xe.gr (weekly),,https://www.xe.gr/property/s/mesitiko-grafeio/athens-real-estate-gr/c562f551-df2e-4bfc-ad63-004e53db3012,,
Πουπαλος Αθανάσιος,independent,,,,no_site,,,,,"Ερυθρών 1, Νέα Ερυθραία 146 71, Ελλάδα",,14671,,,,,xe.gr (weekly),,https://www.xe.gr/property/s/mesitiko-grafeio/poypalos-athanasios/8d2b59c9-4350-4d24-b7bd-4e3ad99537ab,,
Liv Homes,independent,livhomes.gr,https://livhomes.gr,https://livhomes.gr,ok,yes,yes,69,wordpress;wpresidence,"Λεωφ. Βασιλέως Κωνσταντίνου 7, Αθήνα 106 74, Ελλάδα",,10674,,,,,xe.gr (weekly); site by domain guess,,https://www.xe.gr/property/s/mesitiko-grafeio/liv-homes/0875c0cb-678c-4329-bd7a-c78c3276d3c1,,
Apostolidis Real Estate,independent,,,,no_site,,,,,"Λεωφ. Αγίας Μαρίνας 160, Αγ. Μαρίνα 194 00, Ελλάδα",,19400,,,,,xe.gr (weekly),,https://www.xe.gr/property/s/mesitiko-grafeio/apostolidis-real-estate/c80b4f70-87e2-4885-8d01-8d38b2bf0ce7,,
Παραβάντης Δημήτριος,independent,,,,no_site,,,,,"Θεαγένους 17, Καισαριανή 161 21, Ελλάδα",,16121,,,,,xe.gr (weekly),,https://www.xe.gr/property/s/mesitiko-grafeio/paravanths-dhmhtrios/266e9c7a-3abc-4aaf-96b1-afaa16a15368,,
RE/MAX Plus,independent,,,,no_site,,,,,"Λεωφ. Ποσειδώνος 13, Άλιμος 174 55, Ελλάδα",,17455,,,,,xe.gr (weekly),,https://www.xe.gr/property/s/mesitiko-grafeio/re-max-plus/0c652128-7126-4bc0-b80e-36d3adc2a0e2,,
New Start Real Estate,independent,newstartrealestate.gr,https://newstartrealestate.gr,https://newstartrealestate.gr,ok,yes,yes,5,,"Σεβαστείας 39, Ζωγράφου 157 71, Ελλάδα",,15771,,,,,xe.gr (weekly); site by domain guess,,https://www.xe.gr/property/s/mesitiko-grafeio/new-start-real-estate/cac626cf-3a25-442e-82b2-d77568912e47,,
GLP Values,independent,glpvalues.com,https://glpvalues.com,https://www.glpvalues.com/,ok,yes,maybe,1,wix,"Λεωφ. Κηφισίας 98, Ampelokipi Menemeni 115 26, Ελλάδα",,11526,,,,,xe.gr (weekly); site by domain guess,,https://www.xe.gr/property/s/mesitiko-grafeio/glp-values/8ffeded1-ae74-4dac-b6f1-028e9cfcb76b,,
Markou Properties,independent,,,,no_site,,,,,"Ανθέων 213, Νέα Ερυθραία 146 71, Ελλάδα",,14671,,,,,xe.gr (weekly),,https://www.xe.gr/property/s/mesitiko-grafeio/markou-properties/f372203b-fdb5-45aa-91ce-26a369967030,,
Zen House Real Estate,independent,,,,no_site,,,,,"Φωτομάρα 35, Αθήνα 117 43, Ελλάδα",,11743,,,,,xe.gr (weekly),,https://www.xe.gr/property/s/mesitiko-grafeio/zen-house-real-estate/f1f30df3-e98d-4301-ad08-12cb8877cce5,,
Ταφράς & Συνεργάτες,independent,,,,no_site,,,,,"Μαγνησίας 3, Νέα Χαλκηδόνα 143 43, Ελλάδα",,14343,,,,,xe.gr (weekly),,https://www.xe.gr/property/s/mesitiko-grafeio/tafras-synergates/1c0f8a91-fc19-42f6-8ece-23a60c2d75cb,,
SempreViva Assets,independent,semprevivaassets.com,https://semprevivaassets.com,https://semprevivaassets.com,ok,yes,maybe,0,joomla,"Βάκχου 14, Βάρη 166 72, Ελλάδα",,16672,,,,,xe.gr (weekly); site by domain guess,,https://www.xe.gr/property/s/mesitiko-grafeio/sempreviva-assets/2bb70b36-e690-4068-8012-c762891b8a50,,
FMCARS,independent,,,,no_site,,,,,"Λιοσίων 61, Αθήνα 104 39, Ελλάδα",,10439,,,,,xe.gr (weekly),,https://www.xe.gr/property/s/mesitiko-grafeio/fmcars/c1fb1af0-a092-4096-9926-578ef9e79da1,,
Πατρώνας Διονύσιος,independent,,,,no_site,,,,,"Πολύμνιας 17, Αθήνα 113 61, Ελλάδα",,11361,,,,,xe.gr (weekly),,https://www.xe.gr/property/s/mesitiko-grafeio/patrwnas-dionysios/df4d7717-873a-4778-ba12-6f821c847246,,
Varsamis Real Estate,independent,,,,no_site,,,,,"Λεωφ. Αναγυρούντος 37, Βάρη 166 72, Ελλάδα",,16672,,,,,xe.gr (weekly),,https://www.xe.gr/property/s/mesitiko-grafeio/varsamis-real-estate/5799aa8a-ff95-495e-8b23-74890aadb9fb,,
G house,independent,,,,no_site,,,,,"Παπαδημητρίου 13, Μαρκόπουλο Μεσογαίας 190 03, Ελλάδα",,19003,,,,,xe.gr (weekly),,https://www.xe.gr/property/s/mesitiko-grafeio/g-house/5cd192cd-d972-4f6b-a2b4-913e4e4b0aa5,,
SVL Real Estate Ακίνητα,independent,,,,no_site,,,,,"Ισμήνης 1, Περιστέρι 121 33, Ελλάδα",,12133,,,,,xe.gr (weekly),,https://www.xe.gr/property/s/mesitiko-grafeio/svl-real-estate-akinhta/a0f63253-e22f-4295-bb36-c6587e186e17,,
Bonus I.P.S,independent,,,,no_site,,,,,"Λεωφ. Ελ. Βενιζέλου 11, Γλυφάδα 166 75, Ελλάδα",,16675,,,,,xe.gr (weekly),,https://www.xe.gr/property/s/mesitiko-grafeio/bonus-i-p-s/d03f07aa-7fb2-4b65-86f7-75183b6ed18a,,
Proval,independent,,,,no_site,,,,,"Δορυλαίου 8, Αθήνα 115 21, Ελλάδα",,11521,,,,,xe.gr (weekly),,https://www.xe.gr/property/s/mesitiko-grafeio/proval/acc2e3bf-7d5e-4147-bd16-ea730a5b12ea,,
Epiphany,independent,,,,no_site,,,,,"Περγάμου 35, Γλυφάδα 166 75, Ελλάδα",,16675,,,,,xe.gr (weekly),,https://www.xe.gr/property/s/mesitiko-grafeio/epiphany/88d22a59-f98b-4ae0-bf63-feb5e7e16cdb,,
Realty IQ,independent,,,,no_site,,,,,"Λεωφ. Ανδρέα Συγγρού 229, Νέα Σμύρνη 171 21, Ελλάδα",,17121,,,,,xe.gr (weekly),,https://www.xe.gr/property/s/mesitiko-grafeio/realty-iq/eb8961f0-074f-4a4a-92a0-a7044aa91cca,,
Arrow engineering Consultants,independent,,,,no_site,,,,,"Τερψιχόρης 8, Χολαργός 155 62, Ελλάδα",,15562,,,,,xe.gr (weekly),,https://www.xe.gr/property/s/mesitiko-grafeio/arrow-engineering-consultants/dd3e28f4-8a36-4c4b-88f8-66fcf5e443f5,,
AVRA,independent,,,,no_site,,,,,"Λεωφ. Αγίας Βαρβάρας 51, Παλαιό Φάληρο 175 63, Ελλάδα",,17563,,,,,xe.gr (weekly),,https://www.xe.gr/property/s/mesitiko-grafeio/avra/a46fb084-a5d1-4e43-b137-b8737c907d3b,,
Koveos Properties,independent,,,,no_site,,,,,"Τερπάνδρου 17, Αθήνα 117 43, Ελλάδα",,11743,,,,,xe.gr (weekly),,https://www.xe.gr/property/s/mesitiko-grafeio/koveos-properties/15ca2b92-6352-45ea-9038-76f43009f533,,
Spiti 4 all,independent,,,,no_site,,,,,"Λεωφ. Ανδρέα Συγγρού 196, Καλλιθέα 176 71, Ελλάδα",,17671,,,,,xe.gr (weekly),,https://www.xe.gr/property/s/mesitiko-grafeio/spiti-4-all/1e943cb1-1721-45b2-a9b5-466c9a1cbf8c,,
E-Real Estates,independent,,,,no_site,,,,,"Βαλαωρίτου 17, Αθήνα 106 71, Ελλάδα",,10671,,,,,xe.gr (weekly),,https://www.xe.gr/property/s/mesitiko-grafeio/e-real-estates/56f86aa5-9758-41dd-b58c-e14dbee22ed4,,
A P Real Estate & Consultancy,independent,,,,no_site,,,,,"Χαλκοκονδύλη 9, Αθήνα 106 77, Ελλάδα",,10677,,,,,xe.gr (weekly),,https://www.xe.gr/property/s/mesitiko-grafeio/a-p-real-estate-consultancy/23093e91-2969-4bf6-8ba6-9918163d8c2d,,
W Property Solutions,independent,,,,no_site,,,,,"Λεωφ. Αμφιθέας 36, Παλαιό Φάληρο 175 64, Ελλάδα",,17564,,,,,xe.gr (weekly),,https://www.xe.gr/property/s/mesitiko-grafeio/w-property-solutions/19114e24-ef2f-418d-91bd-890ad556d24a,,
Palmos Properties,independent,,,,no_site,,,,,"Στεφάνου Σαράφη 29, Αιγάλεω 122 41, Ελλάδα",,12241,,,,,xe.gr (weekly),,https://www.xe.gr/property/s/mesitiko-grafeio/palmos-properties/a2efc700-cbc4-4bd3-b72b-0745a351edb3,,
Martinos Real Estate & Development,independent,,,,no_site,,,,,"Μιχαλακοπούλου 195, Αθήνα 115 27, Ελλάδα",,11527,,,,,xe.gr (weekly),,https://www.xe.gr/property/s/mesitiko-grafeio/martinos-real-estate-development/6c913d05-b4ba-464f-b327-7adb6e592e95,,
Propertise Real Estate,independent,propertise.gr,https://propertise.gr,https://www.propertise.gr/el,ok,yes,yes,8,,"Γράμμου 73, Μαρούσι 151 24, Ελλάδα",,15124,,,,,xe.gr (weekly); site by domain guess,,https://www.xe.gr/property/s/mesitiko-grafeio/propertise-real-estate/631c52b0-43ef-498b-878b-1ec79a289c57,,
Cerved Property Services,independent,,,,no_site,,,,,"Έσλιν 20, Αθήνα 115 23, Ελλάδα",,11523,,,,,xe.gr (weekly),,https://www.xe.gr/property/s/mesitiko-grafeio/cerved-property-services/921c6b8d-6b29-453e-a745-8896c958e9d4,,
Hooli Home Real Consulting,independent,,,,no_site,,,,,"Λεωφ. Βασιλίσσης Αμαλίας 32, Αθήνα 105 58, Ελλάδα",,10558,,,,,xe.gr (weekly),,https://www.xe.gr/property/s/mesitiko-grafeio/hooli-home-real-consulting/60e526a9-4e9a-4a2e-8aea-fd4b9c94f12e,,
Morcos Real Estate,independent,,,,no_site,,,,,"Πλάτωνος 14, Χαλάνδρι 152 34, Ελλάδα",,15234,,,,,xe.gr (weekly),,https://www.xe.gr/property/s/mesitiko-grafeio/morcos-real-estate/1cedbd01-17d7-44dd-aee1-ccd56f09099e,,
PropertyPlus Real Estate,independent,propertyplusrealestate.com,https://propertyplusrealestate.com,https://propertyplusrealestate.com,ok,yes,yes,36,wordpress,"Αγγέλου Σικελιανού 8, Αθήνα 115 25, Ελλάδα",,11525,,,,,xe.gr (weekly); site by domain guess,,https://www.xe.gr/property/s/mesitiko-grafeio/propertyplus-real-estate/5af7e5d7-923c-4e5b-ab69-0be9746c6074,,
Δικαίου & Συνεργάτες,independent,,,,no_site,,,,,"Ευφρονίου 8, Αθήνα 116 34, Ελλάδα",,11634,,,,,xe.gr (weekly),,https://www.xe.gr/property/s/mesitiko-grafeio/dikaioy-synergates/e6b0b3e0-0ad3-4b2e-91e9-dd31c71f9bbc,,
Μαυροειδής Δημήτριος,independent,,,,no_site,,,,,"Ιδομενέως 101, Ίλιον 131 21, Ελλάδα",,13121,,,,,xe.gr (weekly),,https://www.xe.gr/property/s/mesitiko-grafeio/mayroeidhs-dhmhtrios/3c50ece2-7b60-4d5b-ab69-730dc4149ab4,,
Real Estate Καβαλλαρης,independent,,,,no_site,,,,,"Πάρνηθος, Αχαρνές 136 71, Ελλάδα",,13671,,,,,xe.gr (weekly),,https://www.xe.gr/property/s/mesitiko-grafeio/real-estate-kavallarhs/3f9d41aa-85d7-4dc4-8f61-590baa8885db,,
Trilogy Investments,independent,,,,no_site,,,,,"Αριστοφάνους 32, Άλιμος 174 56, Ελλάδα",,17456,,,,,xe.gr (weekly),,https://www.xe.gr/property/s/mesitiko-grafeio/trilogy-investments/f4b8ef48-d576-4a6d-ab4e-ab75726e2343,,
T&T Real Estate,independent,,,,no_site,,,,,"Πεντέλη 151 27, Ελλάδα",,15127,,,,,xe.gr (weekly),,https://www.xe.gr/property/s/mesitiko-grafeio/t-t-real-estate/8d6cb8a0-07fd-48e3-8a0d-3dfc5adf21ee,,
Inlego Property Management,independent,,,,no_site,,,,,"Λεωφ. Ιωνίας 160, Άλιμος 174 56, Ελλάδα",,17456,,,,,xe.gr (weekly),,https://www.xe.gr/property/s/mesitiko-grafeio/inlego-property-management/03db04ca-9c1f-4cc5-9826-573037c83543,,
Κυριαζάκης Γεώργιος,independent,,,,no_site,,,,,"Στασίνου 12, Αθήνα 116 35, Ελλάδα",,11635,,,,,xe.gr (weekly),,https://www.xe.gr/property/s/mesitiko-grafeio/kyriazakhs-gewrgios/f6aa7ea9-6730-488b-a2a3-0195414ca0d8,,
Grecialty,independent,grecialty.com,https://grecialty.com,https://www.grecialty.com/el/home,ok,yes,yes,11,,"Ανθέων 65, Χαϊδάρι 124 61, Ελλάδα",,12461,,,,,xe.gr (weekly); site by domain guess,,https://www.xe.gr/property/s/mesitiko-grafeio/grecialty-kosmadakhs-emporika-akinhta/93f226ac-39cc-4c72-b343-2999cef18250,,
Rent n Sale,independent,,,,no_site,,,,,"28ης Οκτωβρίου 4, Αθήνα 106 77, Ελλάδα",,10677,,,,,xe.gr (weekly),,https://www.xe.gr/property/s/mesitiko-grafeio/rent-n-sale/d0a7a2d7-21af-4316-aabe-dc4b2507a063,,
Χούτος Γεώργιος,independent,,,,no_site,,,,,"Σιβιτανίδου 18, Καλλιθέα 176 76, Ελλάδα",,17676,,,,,xe.gr (weekly),,https://www.xe.gr/property/s/mesitiko-grafeio/choytos-gewrgios/2dac81be-3626-47c5-bb5c-feb692906d10,,
Cushman & Wakefield Proprius,independent,,,,no_site,,,,,"Σεβαστουπόλεως 154Α, Αθήνα 115 26, Ελλάδα",,11526,,,,,xe.gr (weekly),,https://www.xe.gr/property/s/mesitiko-grafeio/cushman-wakefield-proprius/42810e7c-6713-4651-afef-dff696886697,,
Smart Move,independent,,,,no_site,,,,,"Σαρανταπόρου 11, Χαλάνδρι 152 31, Ελλάδα",,15231,,,,,xe.gr (weekly),,https://www.xe.gr/property/s/mesitiko-grafeio/smart-move/e0062d8c-b71a-4c06-9ae0-972b714ef10e,,
Mesitis.gr,independent,,,,no_site,,,,,"Λεωφ. Ιωνίας 128, Άλιμος 174 56, Ελλάδα",,17456,,,,,xe.gr (weekly),,https://www.xe.gr/property/s/mesitiko-grafeio/mesitis-gr/5d457662-f17a-4ecb-b215-b88fb40a6924,,
Light Home,independent,lighthome.gr,https://lighthome.gr,https://lighthome.gr,ok,yes,no,0,wordpress,"Σοφοκλή Βενιζέλου 11, Άγιοι Ανάργυροι 135 61, Ελλάδα",,13561,,,,,xe.gr (weekly); site by domain guess,,https://www.xe.gr/property/s/mesitiko-grafeio/light-home/ef062e0f-3097-4ab3-8164-ec9d751d53a0,,
Binswanger Biniaris,independent,binswangerbiniaris.com,https://binswangerbiniaris.com,https://www.binswangerbiniaris.com/en/home,ok,yes,maybe,1,,"Λεωφ. Δημοκρατίας 1, Νέο Ψυχικό 154 51, Ελλάδα",,15451,,,,,xe.gr (weekly); site by domain guess,,https://www.xe.gr/property/s/mesitiko-grafeio/binswanger-biniaris/042fb667-fbe1-49c3-b4ca-862d4019907c,,
Exelixi Real Estate,independent,,,,no_site,,,,,"Σκουφά & Ελευθερίου Βενιζέλου, Πετρούπολη 132 31, Ελλάδα",,13231,,,,,xe.gr (weekly),,https://www.xe.gr/property/s/mesitiko-grafeio/exelixi-real-estate/3c89c796-96bb-4190-8543-19c325958ce6,,
Invista Real Estate,independent,invistarealestate.gr,https://invistarealestate.gr,https://www.invistarealestate.gr/,ok,yes,yes,737,,"Καστελλόριζου 77, Βούλα 166 73, Ελλάδα",,16673,,,,,xe.gr (weekly); site by domain guess,,https://www.xe.gr/property/s/mesitiko-grafeio/invista-real-estate/6ad4178f-dfcb-457a-8cad-62294256391c,,
JD Real Estate,independent,,,,no_site,,,,,"Νικηταρά 66, Καματερό 134 51, Ελλάδα",,13451,,,,,xe.gr (weekly),,https://www.xe.gr/property/s/mesitiko-grafeio/jd-real-estate/83f61fd3-8793-45f6-b0f9-ea72d3d8346c,,
Verum Real Estate Services,independent,,,,no_site,,,,,"Γρ. Αυξεντίου 14, Ζωγράφου 157 71, Ελλάδα",,15771,,,,,xe.gr (weekly),,https://www.xe.gr/property/s/mesitiko-grafeio/verum-real-estate-services/0e99c96a-15df-4ae0-8f68-021c33a9756b,,
Dsm Real Consultants,independent,,,,no_site,,,,,"Παπάγου-Χολαργός 155 62, Ελλάδα",,15562,,,,,xe.gr (weekly),,https://www.xe.gr/property/s/mesitiko-grafeio/dsm-real-consultants/38ecb566-d7ef-43e3-897e-bb811bfb4b86,,
Iason Real Estate,independent,,,,no_site,,,,,"Πιττακή 10, Νέα Σμύρνη 171 22, Ελλάδα",,17122,,,,,xe.gr (weekly),,https://www.xe.gr/property/s/mesitiko-grafeio/iason-real-estate/e894fe02-70fe-4ede-9d82-5ca0eee9c91d,,
Casa Intimo Real Estate,independent,,,,no_site,,,,,"Νικ. Πλαστήρα 85, Νέα Σμύρνη 171 21, Ελλάδα",,17121,,,,,xe.gr (weekly),,https://www.xe.gr/property/s/mesitiko-grafeio/casa-intimo-real-estate/7d852e5c-b176-43d9-816b-a99cbe071f7b,,
Change,independent,,,,no_site,,,,,"Ηρ. Πολυτεχνείου 79, Αχαρνές 136 71, Ελλάδα",,13671,,,,,xe.gr (weekly),,https://www.xe.gr/property/s/mesitiko-grafeio/change/672482c1-4686-4ddb-a06f-e67883e72a08,,
Αρχιτεκτονική Real Estate,independent,,,,no_site,,,,,"Βλαχοπούλου 1, Αθήνα 114 71, Ελλάδα",,11471,,,,,xe.gr (weekly),,https://www.xe.gr/property/s/mesitiko-grafeio/architektonikh-real-estate/faf3199f-c7e3-4c31-b227-b4b3193614a2,,
Ιωάννα Παπαδοπούλου Real Estate,independent,,,,no_site,,,,,"Μιλτιάδου 4, Χολαργός 155 61, Ελλάδα",,15561,,,,,xe.gr (weekly),,https://www.xe.gr/property/s/mesitiko-grafeio/iwanna-papadopoyloy-real-estate/04c4a0a6-6413-4eb0-a6ac-d58ce1af6147,,
Greek Property Market,independent,,,,no_site,,,,,"Κλεισθένους 185, Γέρακας 153 44, Ελλάδα",,15344,,,,,xe.gr (weekly),,https://www.xe.gr/property/s/mesitiko-grafeio/greek-property-market/db2f7227-faaa-432d-9fc2-3bfd54ee8fef,,
Cyclos Estate,independent,cyclosestate.gr,https://cyclosestate.gr,https://cyclosestate.gr,ok,yes,yes,12,wordpress,"Φιγαλείας 20, Γαλάτσι 111 47, Ελλάδα",,11147,,,,,xe.gr (weekly); site by domain guess,,https://www.xe.gr/property/s/mesitiko-grafeio/cyclos-estate/50f0ccea-7316-42a9-9b4b-d4db77bbae81,,
Λεβεντης Κωνσταντίνος,independent,,,,no_site,,,,,"Αγίου Παντελεήμονος 25, Χαλάνδρι 152 34, Ελλάδα",,15234,,,,,xe.gr (weekly),,https://www.xe.gr/property/s/mesitiko-grafeio/levenths-kwnstantinos/8477221f-3673-4196-aaa7-876d7cf4e78c,,
Now Real Estate,independent,,,,no_site,,,,,"Αριστομένους 138, Αθήνα 104 46, Ελλάδα",,10446,,,,,xe.gr (weekly),,https://www.xe.gr/property/s/mesitiko-grafeio/now-real-estate/f7e34a5e-4a90-46d5-b121-c30901909b0e,,
RE/MAX Property Experts,independent,,,,no_site,,,,,"Πατησίων 63, Αθήνα 104 33, Ελλάδα",,10433,,,,,xe.gr (weekly),,https://www.xe.gr/property/s/mesitiko-grafeio/re-max-property-experts/f4c5b930-4245-41ec-9610-6a0407388aa0,,
GH Real Estate Γιαννόπουλος-Χάλαρης,independent,,,,no_site,,,,,"Ανατολίου 8Α, Αθήνα 116 32, Ελλάδα",,11632,,,,,xe.gr (weekly),,https://www.xe.gr/property/s/mesitiko-grafeio/gh-real-estate-giannopoylos-chalarhs/87dc2b1a-6484-4198-a701-558a956b61a9,,
Kapeloni Brokers,independent,,,,no_site,,,,,"Στρ. Μπρούσαλη 24, Αγ. Δημήτριος Αττικής 173 41, Ελλάδα",,17341,,,,,xe.gr (weekly),,https://www.xe.gr/property/s/mesitiko-grafeio/kapeloni-brokers/ebf1271f-495c-42bc-b2fc-482fe89b3fbe,,
Hellenic Realtor Service,independent,,,,no_site,,,,,"Λεωφ. Κηφισίας 232, Νέα Ερυθραία 146 71, Ελλάδα",,14671,,,,,xe.gr (weekly),,https://www.xe.gr/property/s/mesitiko-grafeio/hellenic-realtor-service/4091ecf7-7490-477b-abb8-be9c253afe0c,,
Letto,independent,,,,no_site,,,,,"Λυκούργου 93, Καλλιθέα 176 76, Ελλάδα",,17676,,,,,xe.gr (weekly),,https://www.xe.gr/property/s/mesitiko-grafeio/letto/02083d1c-05e4-4cf2-ab3b-57b30113363f,,
Living Well Constructions,independent,,,,no_site,,,,,"Νίκης 52, Άλιμος 174 55, Ελλάδα",,17455,,,,,xe.gr (weekly),,https://www.xe.gr/property/s/mesitiko-grafeio/living-well-constructions/adb3f0bd-87f1-43a5-be14-aa9a9386f519,,
Agenda Properties,independent,,,,no_site,,,,,"Διακρίας 19, Ζωγράφου 157 73, Ελλάδα",,15773,,,,,xe.gr (weekly),,https://www.xe.gr/property/s/mesitiko-grafeio/agenda-properties/fb050f7f-fc62-4c08-8b5e-e8de8f4291d3,,
Κατοικόραμα,independent,,,,no_site,,,,,"Μενελάου 9, Ηράκλειο 141 22, Ελλάδα",,14122,,,,,xe.gr (weekly),,https://www.xe.gr/property/s/mesitiko-grafeio/katoikorama/49fc715e-0053-4385-921b-a5a4ae82ecee,,
Κομζιάς Σπυρίδων,independent,,,,no_site,,,,,"Καραϊσκάκη 3, Γαλάτσι 111 46, Ελλάδα",,11146,,,,,xe.gr (weekly),,https://www.xe.gr/property/s/mesitiko-grafeio/komzias-spyridwn/19bd6a5b-df4a-42cd-97b7-564413f9a766,,
14 Real Estate,independent,,,,no_site,,,,,"Προβελέγγιου 19, Περιστέρι 121 36, Ελλάδα",,12136,,,,,xe.gr (weekly),,https://www.xe.gr/property/s/mesitiko-grafeio/14-real-estate/567b6ae0-c77f-44a4-b496-db71d4441133,,
Κριθάρης - Γκούμας Ο.Ε.,independent,,,,no_site,,,,,"Αίμου 31, Αθήνα 118 55, Ελλάδα",,11855,,,,,xe.gr (weekly),,https://www.xe.gr/property/s/mesitiko-grafeio/kritharhs-gkoymas-o-e/3368f90d-a4ff-4d4b-9573-c2b05ce8ba44,,
Best Plus,independent,,,,no_site,,,,,"Ανθέων 21, Γλυφάδα 166 74, Ελλάδα",,16674,,,,,xe.gr (weekly),,https://www.xe.gr/property/s/mesitiko-grafeio/best-plus/47e6cdbd-e92d-44f0-a187-89ef9653015c,,
Best & Glamorous Real Estate Solutions,independent,,,,no_site,,,,,"Δαμασίππου 29-31, Ζωγράφου 157 71, Ελλάδα",,15771,,,,,xe.gr (weekly),,https://www.xe.gr/property/s/mesitiko-grafeio/best-glamorous-real-estate-solutions/c1249d6f-ca65-44ee-86fd-a589e250b459,,
Κ  Αττικό,independent,,,,no_site,,,,,"Κηφισίας 36, Ηράκλειο 141 21, Ελλάδα",,14121,,,,,xe.gr (weekly),,https://www.xe.gr/property/s/mesitiko-grafeio/k-attiko/4862ee0a-6ab7-4d27-8457-e9ec1c1ef789,,
FrontLine Real Estate Partners I.K.E,independent,,,,no_site,,,,,"Φειδίου 7, Αθήνα 106 78, Ελλάδα",,10678,,,,,xe.gr (weekly),,https://www.xe.gr/property/s/mesitiko-grafeio/frontline-real-estate-partners-i-k-e/3c6e8469-fc80-4f9c-ba71-e48523d0e4d8,,
Luminous casa,independent,,,,no_site,,,,,"Σκουφά 1, Χαϊδάρι 124 61, Ελλάδα",,12461,,,,,xe.gr (weekly),,https://www.xe.gr/property/s/mesitiko-grafeio/luminous-casa/6a9f7694-5eb3-4699-9315-d20d7862aad5,,
EstatePro.gr - Μεσιτικές υπηρεσίες & Εκτιμήσεις Ακινήτων,independent,,,,no_site,,,,,"Γράμμου 31, Ζωγράφου 157 73, Ελλάδα",,15773,,,,,xe.gr (weekly),,https://www.xe.gr/property/s/mesitiko-grafeio/estatepro-gr-mesitikes-yphresies-ektimhseis-akinhtwn/c42639a2-5711-46ba-8c0b-b087f0b4813d,,
ASPIS REAL ESTATE ΘΡΙΑΣΙΟΥ-ΝΕΑΣ ΙΩΝΙΑΣ,independent,,,,no_site,,,,,"Ηρούς 19, Αθήνα 104 42, Ελλάδα",,10442,,,,,xe.gr (weekly),,https://www.xe.gr/property/s/mesitiko-grafeio/aspis-real-estate-thriasioy-neas-iwnias/19983841-8ec5-488b-b00b-43ef60ff1d9e,,
Greece Home,independent,,,,no_site,,,,,"Βιαντος 30, Αθήνα 104 42, Ελλάδα",,10442,,,,,xe.gr (weekly),,https://www.xe.gr/property/s/mesitiko-grafeio/greece-home/90e1755b-9f38-466b-87d6-219efa47146c,,
Propertyease Real Estate Brokerage,independent,,,,no_site,,,,,"Αγίας Τριάδος 31, Παλαιό Φάληρο 175 62, Ελλάδα",,17562,,,,,xe.gr (weekly),,https://www.xe.gr/property/s/mesitiko-grafeio/propertyease-real-estate-brokerage/3aa6f0d5-46e0-4ade-8ee4-6aba5c9ec5ee,,
Elegant Blue,independent,elegantblue.com,https://elegantblue.com,https://elegantblue.com,ok,yes,maybe,0,,"Λεωφ. Ιωνίας 183, Άλιμος 174 55, Ελλάδα",,17455,,,,,xe.gr (weekly); site by domain guess,,https://www.xe.gr/property/s/mesitiko-grafeio/elegant-blue/2a70b68c-9875-4364-8c58-6e20809959b6,,
Stamoulis Real Estate,independent,,,,no_site,,,,,"Καρνεάδου 15, Αθήνα 106 75, Ελλάδα",,10675,,,,,xe.gr (weekly),,https://www.xe.gr/property/s/mesitiko-grafeio/stamoulis-real-estate/1501b5a9-db0c-48be-8a45-264ea165d9d5,,
Da-Real Estate,independent,,,,no_site,,,,,"Δημ. Γούναρη 227, Γλυφάδα 166 74, Ελλάδα",,16674,,,,,xe.gr (weekly),,https://www.xe.gr/property/s/mesitiko-grafeio/da-real-estate/f5dc02ad-0f8c-485c-823c-bfd5e4d7a776,,
Level Realty,independent,levelrealty.gr,https://levelrealty.gr,https://www.levelrealty.gr/,ok,yes,yes,28,,"Λεωφόρος Βουλιαγμένης 604, Αθήνα 167 77, Ελλάδα",,16777,,,,,xe.gr (weekly); site by domain guess,,https://www.xe.gr/property/s/mesitiko-grafeio/level-realty/21333ecf-791e-46b5-8629-7fe45304face,,
Infinity Real Estate,independent,,,,no_site,,,,,"Δεινοκράτους 83, Αθήνα 115 21, Ελλάδα",,11521,,,,,xe.gr (weekly),,https://www.xe.gr/property/s/mesitiko-grafeio/infinity-real-estate/dad315a6-9a5f-4b7a-984b-512be674c2ad,,
Jaguar Real Estate & Interior Design,independent,,,,no_site,,,,,"Αντωνίου Τραυλαντώνη 12, Ζωγράφου 157 73, Ελλάδα",,15773,,,,,xe.gr (weekly),,https://www.xe.gr/property/s/mesitiko-grafeio/jaguar-real-estate-interior-design/90234e9c-39a0-4508-b686-3c2ad59631e3,,
Mobilia,independent,,,,no_site,,,,,"Αρχιμήδους 4, Αθήνα 116 35, Ελλάδα",,11635,,,,,xe.gr (weekly),,https://www.xe.gr/property/s/mesitiko-grafeio/mobilia/b3b66dda-d472-4d6a-8ba4-f969143572a5,,
Βυργιώτης Ανάπτυξη Ακινήτων,independent,,,,no_site,,,,,"Λεωφόρος Ποσειδώνος & Γαλάζιας Ακτής, Μαραθώνας 190 07, Ελλάδα",,19007,,,,,xe.gr (weekly),,https://www.xe.gr/property/s/mesitiko-grafeio/vyrgiwths-anaptyxh-akinhtwn/56b1a114-844b-472d-90ef-170b455cc6bb,,
Ανδρόνικος Ευστράτιος,independent,,,,no_site,,,,,"Παλαιών Πατρών Γερμανού 4, Χαλάνδρι 152 33, Ελλάδα",,15233,,,,,xe.gr (weekly),,https://www.xe.gr/property/s/mesitiko-grafeio/andronikos-eystratios/ae639070-341b-4257-8ec1-95b1a30d8ea3,,
My Vacations,independent,,,,no_site,,,,,"Αγνώστων Ηρώων 78, Νέα Ιωνία 142 31, Ελλάδα",,14231,,,,,xe.gr (weekly),,https://www.xe.gr/property/s/mesitiko-grafeio/my-vacations/b1994fcc-17aa-42b0-980a-036c7c038435,,
Liberty House Real Estate & More,independent,,,,no_site,,,,,"Θουκυδίδου 2, Παλαιό Φάληρο 175 63, Ελλάδα",,17563,,,,,xe.gr (weekly),,https://www.xe.gr/property/s/mesitiko-grafeio/liberty-house-real-estate-more/330558d4-448c-45b8-a693-2dcda6816456,,
Greystone Investment,independent,,,,no_site,,,,,"Δράκου 3-5, Αθήνα 117 42, Ελλάδα",,11742,,,,,xe.gr (weekly),,https://www.xe.gr/property/s/mesitiko-grafeio/greystone-investment/ff112730-acfb-4eb4-93b5-ee80afacbcb2,,
Ek Realty Investments,independent,,,,no_site,,,,,"Λεωφ. Βασιλίσσης Σοφίας 47, Αθήνα 106 76, Ελλάδα",,10676,,,,,xe.gr (weekly),,https://www.xe.gr/property/s/mesitiko-grafeio/ek-realty-investments/96566345-3cc5-448d-86b2-676e529dff75,,
Vanguard and Trust Properties,independent,,,,no_site,,,,,"Σποράδων 35, Αθήνα 113 61, Ελλάδα",,11361,,,,,xe.gr (weekly),,https://www.xe.gr/property/s/mesitiko-grafeio/vanguard-and-trust-properties/996e8c7e-e2fe-4698-b29f-44ff1e2247b7,,
Sankina & Zervas,independent,,,,no_site,,,,,"Εθ. Αντιστάσεως 19, Μαρκόπουλο Μεσογαίας 190 03, Ελλάδα",,19003,,,,,xe.gr (weekly),,https://www.xe.gr/property/s/mesitiko-grafeio/sankina-zervas/db659e4c-0063-4cf6-9c18-6505cbf405d0,,
Εστιοτεχνική Real Estate,independent,,,,no_site,,,,,"Πλάτωνος 18, Ελληνικό 167 77, Ελλάδα",,16777,,,,,xe.gr (weekly),,https://www.xe.gr/property/s/mesitiko-grafeio/estiotechnikh-real-estate/fea77d55-984d-456d-be85-64f155ac2d67,,
Space Real Estate,independent,,,,no_site,,,,,"Κασταμονής 99, Νέα Ιωνία 142 35, Ελλάδα",,14235,,,,,xe.gr (weekly),,https://www.xe.gr/property/s/mesitiko-grafeio/space-real-estate/0d0bc013-4f52-484e-bd40-2d31dd8133be,,
Κτηματική Κατράκη,independent,,,,no_site,,,,,"Ροδόπης 18, Θρακομακεδόνες 136 76, Ελλάδα",,13676,,,,,xe.gr (weekly),,https://www.xe.gr/property/s/mesitiko-grafeio/kthmatikh-katrakh/96a24fbe-5dcc-4a9c-b8fb-14af78eda1a3,,
SR - Real Estate,independent,,,,no_site,,,,,"Ζωγράφου 157 73, Ελλάδα",,15773,,,,,xe.gr (weekly),,https://www.xe.gr/property/s/mesitiko-grafeio/sr-real-estate/cb1ba74a-6e3e-4cf3-a999-0222a467e224,,
Οkto Real Estate,independent,,,,no_site,,,,,"Λεωφ. Ευελπίδων 180, Βάρη 166 72, Ελλάδα",,16672,,,,,xe.gr (weekly),,https://www.xe.gr/property/s/mesitiko-grafeio/okto-real-estate/cb111006-29ca-49b8-8d24-27629db2388a,,
PREMIUM REALTY,independent,,,,no_site,,,,,"Λευκής 17, Χαλάνδρι 152 38, Ελλάδα",,15238,,,,,xe.gr (weekly),,https://www.xe.gr/property/s/mesitiko-grafeio/premium-realty/9473d2b4-bc52-4b03-98c4-d0ac61672896,,
Spitidea,independent,,,,no_site,,,,,"Σοφοκλή Βενιζέλου 65, Χαλάνδρι 152 32, Ελλάδα",,15232,,,,,xe.gr (weekly),,https://www.xe.gr/property/s/mesitiko-grafeio/spitidea/c597269f-b0de-47c9-a663-c62bdc0cba25,,
Strategy Mentor,independent,strategymentor.gr,https://strategymentor.gr,https://www.strategymentor.gr/el/,ok,yes,yes,16,,"Ασκληπιού 10, Αθήνα 106 80, Ελλάδα",,10680,,,,,xe.gr (weekly); site by domain guess,,https://www.xe.gr/property/s/mesitiko-grafeio/strategy-mentor/ba6134f1-fca7-450e-9af3-e93fe01537af,,
TechnoCasa,independent,technocasa.gr,https://technocasa.gr,https://www.technocasa.gr/el/home,ok,yes,yes,12,,"Πατριάρχου Ιωακείμ 47, Αθήνα 106 76, Ελλάδα",,10676,,,,,xe.gr (weekly); site by domain guess,,https://www.xe.gr/property/s/mesitiko-grafeio/technocasa/e94159e4-8605-4038-9eea-ad9ed5acd5d5,,
Angeland,independent,,,,no_site,,,,,"Πίνδου 47, Νέα Φιλαδέλφεια Αττικής 143 42, Ελλάδα",,14342,,,,,xe.gr (weekly),,https://www.xe.gr/property/s/mesitiko-grafeio/angeland/dac9e7d5-94b5-4060-ada5-cff87e89d996,,
Υδρόγειος Μεσιτικό,independent,,,,no_site,,,,,"Ηρ. Πολυτεχνείου 8, Αγ. Παρασκευή 153 42, Ελλάδα",,15342,,,,,xe.gr (weekly),,https://www.xe.gr/property/s/mesitiko-grafeio/ydrogeios-mesitiko/6c0cb7c5-898b-40c2-8e0c-bd590edb558d,,
UrHome Realty Group,independent,,,,no_site,,,,,"Τζαβέλλα 16, Αιγάλεω 122 43, Ελλάδα",,12243,,,,,xe.gr (weekly),,https://www.xe.gr/property/s/mesitiko-grafeio/urhome-realty-group/750fff6a-c7c5-4e43-9da7-84ad0dd252c6,,
REAL 4U,independent,,,,no_site,,,,,"Βυζαντίου 33, Νέα Σμύρνη 171 21, Ελλάδα",,17121,,,,,xe.gr (weekly),,https://www.xe.gr/property/s/mesitiko-grafeio/real-4u/fd87f923-0922-4b68-99dd-943f3a27c0d0,,
Blue Line Properties,independent,,,,no_site,,,,,"Ανδρέα Παπανδρέου 6, Γλυφάδα 166 75, Ελλάδα",,16675,,,,,xe.gr (weekly),,https://www.xe.gr/property/s/mesitiko-grafeio/blue-line-properties/6e02f15f-3bf5-4e40-99c7-fdb5bb7fcf30,,
White Realty,independent,,,,no_site,,,,,"Λεωφ. Κηφισίας 299, Κηφισιά 145 61, Ελλάδα",,14561,,,,,xe.gr (weekly),,https://www.xe.gr/property/s/mesitiko-grafeio/white-realty/527c52ee-a924-4a48-a702-9f4d24d57baf,,
Matvin,independent,matvin-realestate.gr,https://matvin-realestate.gr,https://www.matvin-realestate.gr/el/home,ok,yes,yes,14,,"Παπανικολή 56, Χαλάνδρι 152 32, Ελλάδα",,15232,,,,,xe.gr (weekly); site by domain guess,,https://www.xe.gr/property/s/mesitiko-grafeio/matvin/95902a77-54fd-412a-b170-7753f01e6f67,,
Alpha Home,independent,,,,no_site,,,,,"Δεληγιώργη 59, Αθήνα 104 37, Ελλάδα",,10437,,,,,xe.gr (weekly),,https://www.xe.gr/property/s/mesitiko-grafeio/alpha-home/3a54b582-ec46-46b7-96a9-6c535925b697,,
Esteem P.C.,independent,,,,no_site,,,,,"Μομφεράτου 136, ι, Αθήνα 114 75, Ελλάδα",,11475,,,,,xe.gr (weekly),,https://www.xe.gr/property/s/mesitiko-grafeio/esteem-p-c/e3fec12d-43cd-4a95-b8f8-4642d80f071d,,
Cheilas Real Estate,independent,,,,no_site,,,,,"Πανεπιστημίου 64, Αθήνα 105 64, Ελλάδα",,10564,,,,,xe.gr (weekly),,https://www.xe.gr/property/s/mesitiko-grafeio/cheilas-real-estate/2f17a211-8676-4c7d-b94c-cbe8c3f64ffa,,
Pi Real Estate,independent,,,,no_site,,,,,"Αχαιών 1, Παλαιό Φάληρο 175 64, Ελλάδα",,17564,,,,,xe.gr (weekly),,https://www.xe.gr/property/s/mesitiko-grafeio/pi-real-estate/198db260-6982-471b-ac8d-bf93b75d9f88,,
ΘΕΟΦΑΝΟΥΣ,independent,,,,no_site,,,,,"Λεωφ. Μαραθώνος 110, Αγ. Στέφανος 145 65, Ελλάδα",,14565,,,,,xe.gr (weekly),,https://www.xe.gr/property/s/mesitiko-grafeio/theofanoys/ad939129-bd4c-4e93-9eda-3759f053b9ac,,
VHD Luxury Real Estate,independent,vhdluxury.com,https://vhdluxury.com,https://vhdluxury.com,ok,yes,yes,7,wordpress;wpresidence,"Λάμπρου Πορφύρα 27, Βούλα 166 73, Ελλάδα",,16673,,,,,xe.gr (weekly); site by domain guess,,https://www.xe.gr/property/s/mesitiko-grafeio/vhd-luxury-real-estate/83a79289-b99c-4a11-90c8-6cc11d491de5,,
Τεχνοκρατική Ακινήτων,independent,,,,no_site,,,,,"Χαροκόπου 49, Καλλιθέα 176 71, Ελλάδα",,17671,,,,,xe.gr (weekly),,https://www.xe.gr/property/s/mesitiko-grafeio/technokratikh-akinhtwn/ad5f5ffb-3b90-4852-ade6-1257bfeacb42,,
VIP Greece Property,independent,,,,no_site,,,,,"Αλκυόνης 47-49, Αθήνα 175 62, Ελλάδα",,17562,,,,,xe.gr (weekly),,https://www.xe.gr/property/s/mesitiko-grafeio/vip-greece-property/fb38a48b-9ff8-4547-af6e-25246127ff64,,
Family Brokers,independent,familybrokers.gr,https://familybrokers.gr,https://www.familybrokers.gr/,ok,yes,yes,6,,"Εθνάρχου Μακαρίου 92, Δάφνη Αττικής 172 34, Ελλάδα",,17234,,,,,xe.gr (weekly); site by domain guess,,https://www.xe.gr/property/s/mesitiko-grafeio/family-brokers/a3869300-ddfd-4050-830a-012cd21808e6,,
Baglatzis Real Estate,independent,,,,no_site,,,,,"Βασ. Κωνσταντίνου 7, Βάρη 166 72, Ελλάδα",,16672,,,,,xe.gr (weekly),,https://www.xe.gr/property/s/mesitiko-grafeio/baglatzis-real-estate/1280ae36-b732-43d0-a99b-57b97783c1fc,,
Ms Real Estate,independent,,,,no_site,,,,,"Σεβαστείας 27, Ζωγράφου 157 71, Ελλάδα",,15771,,,,,xe.gr (weekly),,https://www.xe.gr/property/s/mesitiko-grafeio/ms-real-estate/bb95df2e-7f8e-44a8-8712-01e25707b462,,
Ανθρώπων Στέγη,independent,,,,no_site,,,,,"Αγίας Σοφίας 88, Νέα Σμύρνη 171 23, Ελλάδα",,17123,,,,,xe.gr (weekly),,https://www.xe.gr/property/s/mesitiko-grafeio/anthrwpwn-stegh/fc824dd6-d499-482f-bb1b-64b4de6d4bf8,,
Μ. Βασιλοπούλου,independent,,,,no_site,,,,,"Ελ. Βενιζέλου 3, Νέα Ιωνία 142 31, Ελλάδα",,14231,,,,,xe.gr (weekly),,https://www.xe.gr/property/s/mesitiko-grafeio/m-vasilopoyloy/f88a4bdf-94c7-4a77-aace-14ec34bcdb8c,,
Empire Diamond Realty,independent,,,,no_site,,,,,"Ζαρίφη 18, Νέα Σμύρνη 171 24, Ελλάδα",,17124,,,,,xe.gr (weekly),,https://www.xe.gr/property/s/mesitiko-grafeio/empire-diamond-realty/c9958847-98f9-4aa4-809f-cf286727865d,,
Yestay,independent,,,,no_site,,,,,"Αγίας Άννης 7, Αθήνα 118 55, Ελλάδα",,11855,,,,,xe.gr (weekly),,https://www.xe.gr/property/s/mesitiko-grafeio/yestay/1b9848f6-e014-495d-81f1-b50de8817bf4,,
Home Project,independent,,,,no_site,,,,,"Λεωφ. Δημοκρατίας 22, Νέο Ψυχικό 154 51, Ελλάδα",,15451,,,,,xe.gr (weekly),,https://www.xe.gr/property/s/mesitiko-grafeio/home-project/bd95fd63-04a3-4237-a311-29fd29b23191,,
OK Real Estate,independent,,,,no_site,,,,,"Βορείου Ἠπείρου 149, Αθήνα 104 46, Ελλάδα",,10446,,,,,xe.gr (weekly),,https://www.xe.gr/property/s/mesitiko-grafeio/ok-real-estate/30655865-72d8-4477-9f59-f53f0a6eb07f,,
Swan Real Estate,independent,,,,no_site,,,,,"Δαιδαλίδων 41, Αθήνα 118 53, Ελλάδα",,11853,,,,,xe.gr (weekly),,https://www.xe.gr/property/s/mesitiko-grafeio/swan-real-estate/b230f1b5-4adb-4a78-a241-754e91a1e63b,,
Νικολαϊδης Αλέξανδρος,independent,,,,no_site,,,,,"Σολωμού 2, Αθήνα 106 83, Ελλάδα",,10683,,,,,xe.gr (weekly),,https://www.xe.gr/property/s/mesitiko-grafeio/nikolaidhs-alexandros/c04f3aa2-e09c-48e4-8d4e-3fa6d1dac6fc,,
Denaro,independent,,,,no_site,,,,,"Λάμπρου Ανδρικου 11, Παιανία 190 02, Ελλάδα",,19002,,,,,xe.gr (weekly),,https://www.xe.gr/property/s/mesitiko-grafeio/denaro/f18ee4c7-63ff-48b2-a67c-befd476d671c,,
TN Real Estate,independent,,,,no_site,,,,,"Αθήνα 118 51, Ελλάδα",,11851,,,,,xe.gr (weekly),,https://www.xe.gr/property/s/mesitiko-grafeio/tn-real-estate/a1490417-0eae-42ba-a991-e0ec22cff298,,
Real Estate Direct,independent,,,,no_site,,,,,"Χερσονήσου 33, Περιστέρι 121 33, Ελλάδα",,12133,,,,,xe.gr (weekly),,https://www.xe.gr/property/s/mesitiko-grafeio/real-estate-direct/ace258eb-cc9c-4f2a-84ba-63e20c368f3b,,
Νικόλαος Μελάς,independent,,,,no_site,,,,,"Ερασινίδου 26, Αθήνα 116 32, Ελλάδα",,11632,,,,,xe.gr (weekly),,https://www.xe.gr/property/s/mesitiko-grafeio/nikolaos-melas/d2625357-169e-4055-9702-1f2d60baedd1,,
Πανόραμα,independent,,,,no_site,,,,,"Κρίσσης 4, Αθήνα 113 64, Ελλάδα",,11364,,,,,xe.gr (weekly),,https://www.xe.gr/property/s/mesitiko-grafeio/panorama/a3cc54bd-5fcf-4c6b-8a90-c6653f0579f8,,
Jasmine White Properties,independent,,,,no_site,,,,,"Λεωφ. Ελ. Βενιζέλου 85, Νέα Σμύρνη 171 23, Ελλάδα",,17123,,,,,xe.gr (weekly),,https://www.xe.gr/property/s/mesitiko-grafeio/jasmine-white-properties/4d200aa2-d59a-48a5-8a51-5198f0769b1a,,
YouReal Estate,independent,,,,no_site,,,,,"Αγίας Λαύρας 69, Νέα Ιωνία 142 33, Ελλάδα",,14233,,,,,xe.gr (weekly),,https://www.xe.gr/property/s/mesitiko-grafeio/youreal-estate/52527a1e-26b2-415e-950e-454b93db138a,,
Galakoutis Real Estate,independent,,,,no_site,,,,,"Ελ. Βενιζέλου 56, Αθήνα 106 78, Ελλάδα",,10678,,,,,xe.gr (weekly),,https://www.xe.gr/property/s/mesitiko-grafeio/galakoutis-real-estate/8bf58837-b863-44d5-8c29-1cfc473129fe,,
Spiti Broker,independent,,,,no_site,,,,,"Παναγίας Μαρμαριωτίσσης 27, Χαλάνδρι 152 32, Ελλάδα",,15232,,,,,xe.gr (weekly),,https://www.xe.gr/property/s/mesitiko-grafeio/spiti-broker/70bdc797-22e8-4ccd-833d-de740f40fa96,,
Praxis Domus Capital,independent,,,,no_site,,,,,"Μεγ. Αλεξάνδρου 40, Νέα Σμύρνη 171 22, Ελλάδα",,17122,,,,,xe.gr (weekly),,https://www.xe.gr/property/s/mesitiko-grafeio/praxis-domus-capital/55969e9c-ccac-489c-a814-70bbd859b0aa,,
Skot Real Estate,independent,,,,no_site,,,,,"Πεντέλης 44, Παλαιό Φάληρο 175 64, Ελλάδα",,17564,,,,,xe.gr (weekly),,https://www.xe.gr/property/s/mesitiko-grafeio/skot-real-estate/81d6831e-2fa0-4de9-995a-7f45749407e0,,
Multispot Real Estate,independent,,,,no_site,,,,,"Θεμιστοκλέους 4, Αθήνα 106 78, Ελλάδα",,10678,,,,,xe.gr (weekly),,https://www.xe.gr/property/s/mesitiko-grafeio/multispot-real-estate/0291add6-375d-4be6-9b55-46af3a51e6c3,,
ΑΚ Μεσιτικό Γραφείο Ακινήτων/ AK Real Estate Agency,independent,,,,no_site,,,,,"Πανεπιστημίου 34, Αθήνα 106 79, Ελλάδα",,10679,,,,,xe.gr (weekly),,https://www.xe.gr/property/s/mesitiko-grafeio/ak-mesitiko-grafeio-akinhtwn-ak-real-estate-agency/d7149c98-4f16-4de1-8769-7d69b9ca2c76,,
N & A CONSTRUCTIONS,independent,,,,no_site,,,,,"Χατζή 3, π, Αθήνα 115 24, Ελλάδα",,11524,,,,,xe.gr (weekly),,https://www.xe.gr/property/s/mesitiko-grafeio/n-a-constructions/bb3ae863-47d6-4cb9-ab53-d0c3b7de4259,,
RE/MAX Properties Investment,independent,,,,no_site,,,,,"Λεωφ. Κηφισίας 206, Χαλάνδρι 152 31, Ελλάδα",,15231,,,,,xe.gr (weekly),,https://www.xe.gr/property/s/mesitiko-grafeio/re-max-properties-investment/3208b565-ae91-4e9f-ab68-3f0d080e0aa1,,
OPENDOOR Real Estate,independent,,,,no_site,,,,,"Ιδομενέως 32, Ίλιον 131 22, Ελλάδα",,13122,,,,,xe.gr (weekly),,https://www.xe.gr/property/s/mesitiko-grafeio/opendoor-real-estate/be9f1043-358b-4cae-9b53-73f4fbb4d737,,
Lionbridge Real Estate,independent,,,,no_site,,,,,"Ανεξαρτησίας 33, Αργυρούπολη 164 51, Ελλάδα",,16451,,,,,xe.gr (weekly),,https://www.xe.gr/property/s/mesitiko-grafeio/lionbridge-real-estate/c1862b61-9a31-4422-867d-5ae646e02190,,
XAT STATUS LTD Υποκατάστημα Αλλοδαπής,independent,,,,no_site,,,,,"Σταδίου 48, Αθήνα 105 64, Ελλάδα",,10564,,,,,xe.gr (weekly),,https://www.xe.gr/property/s/mesitiko-grafeio/xat-status-ltd-ypokatasthma-allodaphs/04211c7f-4793-466c-a7a4-5aa033fb7807,,
Synthesis,independent,synthesis.gr,https://synthesis.gr,https://www.topdomains.gr/domains/synthesis.gr,ok,yes,maybe,0,,"Ελ. Βενιζέλου 83, Ελευσίνα 192 00, Ελλάδα",,19200,,,,,xe.gr (weekly); site by domain guess,,https://www.xe.gr/property/s/mesitiko-grafeio/synthesis/894f26d5-8092-4cee-acc6-9787557f5704,,
Κτηματομεσιτικές Επιχειρήσεις  Θεοφάνη Φούκη,independent,,,,no_site,,,,,"Κάνιγγος 32, Αθήνα 106 82, Ελλάδα",,10682,,,,,xe.gr (weekly),,https://www.xe.gr/property/s/mesitiko-grafeio/kthmatomesitikes-epicheirhseis-theofanh-foykh/d44ea7f5-e171-4961-af35-3def758639bd,,
KM Properties,independent,,,,no_site,,,,,"Θεοδ. Δηλιγιάννη 70, Αθήνα 104 39, Ελλάδα",,10439,,,,,xe.gr (weekly),,https://www.xe.gr/property/s/mesitiko-grafeio/km-properties/4d962abf-a045-41ce-8be8-e885070b50b8,,
Triantafillos Real Estate,independent,,,,no_site,,,,,"Μεγ. Αλεξάνδρου 5, Νέα Σμύρνη 171 21, Ελλάδα",,17121,,,,,xe.gr (weekly),,https://www.xe.gr/property/s/mesitiko-grafeio/triantafillos-real-estate/7414ad9b-d4c9-4f9c-addc-3f26f1ff5f53,,
Mi4 Real Estate Brokerage,independent,,,,no_site,,,,,"Ρηγίλλης 23, Αθήνα 106 74, Ελλάδα",,10674,,,,,xe.gr (weekly),,https://www.xe.gr/property/s/mesitiko-grafeio/mi4-real-estate-brokerage/0dc29c66-d026-4aff-ab6c-ce4343b84a52,,
Focus Properties,independent,,,,no_site,,,,,"Αγίου Αλεξάνδρου 5, Παλαιό Φάληρο 175 61, Ελλάδα",,17561,,,,,xe.gr (weekly),,https://www.xe.gr/property/s/mesitiko-grafeio/focus-properties/ef6426c3-f361-4356-9d4d-fd2a4e94400a,,
Ανέλιξη Κατοικία,independent,,,,no_site,,,,,"Μακεδονίας 62, Πετρούπολη 132 31, Ελλάδα",,13231,,,,,xe.gr (weekly),,https://www.xe.gr/property/s/mesitiko-grafeio/anelixh-katoikia/c8acdfe9-fe34-46df-915a-13cee9f42da2,,
Effraimidis Real Estate Management,independent,,,,no_site,,,,,"Αμισού 14, Ραφήνα 190 09, Ελλάδα",,19009,,,,,xe.gr (weekly),,https://www.xe.gr/property/s/mesitiko-grafeio/effraimidis-real-estate-management/e7e07911-1a21-437c-bc4b-c2317fd349a9,,
Access Properties,independent,,,,no_site,,,,,"Σόλωνος 87-89, Αθήνα 106 79, Ελλάδα",,10679,,,,,xe.gr (weekly),,https://www.xe.gr/property/s/mesitiko-grafeio/access-properties/36e5d10d-0892-45bd-b0f0-aa98772c02c8,,
Neon Real Estate,independent,neon-realestate.gr,https://neon-realestate.gr,https://neon-realestate.gr,ok,yes,yes,8,wordpress;houzez,"Λεωφ. Ελ. Βενιζέλου 268, Καλλιθέα 176 75, Ελλάδα",,17675,,,,,xe.gr (weekly); site by domain guess,,https://www.xe.gr/property/s/mesitiko-grafeio/neon-real-estate/bdc8d858-6540-4200-8a73-f69592c2b12e,,
Home Plus,independent,,,,no_site,,,,,"Ερμού 53, Αθήνα 105 63, Ελλάδα",,10563,,,,,xe.gr (weekly),,https://www.xe.gr/property/s/mesitiko-grafeio/home-plus/cd48e257-cc57-47d2-8464-65850ab79f4e,,
RS Property,independent,,,,no_site,,,,,"Ηπείρου 11, Χαϊδάρι 124 61, Ελλάδα",,12461,,,,,xe.gr (weekly),,https://www.xe.gr/property/s/mesitiko-grafeio/rs-property/dda8d669-5923-4b25-bd3d-68b8d528679c,,
Real Estate Astro,independent,,,,no_site,,,,,"Κολοκοτρώνη 60, Γέρακας 153 44, Ελλάδα",,15344,,,,,xe.gr (weekly),,https://www.xe.gr/property/s/mesitiko-grafeio/real-estate-astro/391a3ceb-46b8-420d-80fa-77c9cfe10a4b,,
ABC Car 8 Home,independent,,,,no_site,,,,,"Αρκαδίου 6, Αιγάλεω 122 44, Ελλάδα",,12244,,,,,xe.gr (weekly),,https://www.xe.gr/property/s/mesitiko-grafeio/abc-car-8-home/a12fb662-c3c2-49b0-8f8a-8f67d4e68b5c,,
Venus Estate,independent,,,,no_site,,,,,"Νικηφορίδη 25, Βύρωνας 162 31, Ελλάδα",,16231,,,,,xe.gr (weekly),,https://www.xe.gr/property/s/mesitiko-grafeio/venus-estate/52e42881-2e35-445e-ab9a-b66383c616ba,,
PBS Real Estate,independent,,,,no_site,,,,,"Θηβών 449, Αιγάλεω 122 42, Ελλάδα",,12242,,,,,xe.gr (weekly),,https://www.xe.gr/property/s/mesitiko-grafeio/pbs-real-estate/4bd720f6-014d-4f22-a826-99549f5af577,,
Look2Book,independent,,,,no_site,,,,,"Ανδρέα Παπανδρέου 22, Γλυφάδα 166 75, Ελλάδα",,16675,,,,,xe.gr (weekly),,https://www.xe.gr/property/s/mesitiko-grafeio/look2book/64420567-e084-4c74-bc23-2bcd318396da,,
ARC Real Estate,independent,,,,no_site,,,,,"Ξηρογιάννη 10, Ζωγράφου 157 73, Ελλάδα",,15773,,,,,xe.gr (weekly),,https://www.xe.gr/property/s/mesitiko-grafeio/arc-real-estate/be04b22c-c351-4deb-bc2f-dac0390030a8,,
HELLAS LIVING + ATTICA real estate brokers,independent,,,,no_site,,,,,"Λεωφ. Περικλέους 2, Χολαργός 155 61, Ελλάδα",,15561,,,,,xe.gr (weekly),,https://www.xe.gr/property/s/mesitiko-grafeio/hellas-living-attica-real-estate-brokers/657a2c30-2221-439f-bace-39891c94be91,,
House Market Real Estate,independent,,,,no_site,,,,,"Πεντέλης 5, Αθήνα 105 57, Ελλάδα",,10557,,,,,xe.gr (weekly),,https://www.xe.gr/property/s/mesitiko-grafeio/house-market-real-estate/d7bb9838-8d26-44af-b47a-72868785cba1,,
Ανέλιξη Κατοικία - South,independent,,,,no_site,,,,,"Μακεδονίας 62, Πετρούπολη 132 31, Ελλάδα",,13231,,,,,xe.gr (weekly),,https://www.xe.gr/property/s/mesitiko-grafeio/anelixh-katoikia-south/ebde3709-ec51-42b6-b489-9194af240942,,
Athens Realty,independent,,,,no_site,,,,,"Λεωφ. Βασιλίσσης Σοφίας 21, Αθήνα 106 74, Ελλάδα",,10674,,,,,xe.gr (weekly),,https://www.xe.gr/property/s/mesitiko-grafeio/athens-realty/002735e3-3ea2-4b7f-9472-3be0e1d673b7,,
Τσαούσης - Σταυρόπουλος,independent,,,,no_site,,,,,"Ηρακλέους 1, 41, Αθήνα 117 43, Ελλάδα",,11743,,,,,xe.gr (weekly),,https://www.xe.gr/property/s/mesitiko-grafeio/tsaoyshs-stayropoylos/35a19d9c-1c14-41e2-a2c9-4900ae5e5070,,
House Protasis,independent,,,,no_site,,,,,"Ψαρών 47, Αγ. Παρασκευή 153 43, Ελλάδα",,15343,,,,,xe.gr (weekly),,https://www.xe.gr/property/s/mesitiko-grafeio/house-protasis/30755276-9b23-48c7-a159-4136cbf926db,,
VFM Properties,independent,,,,no_site,,,,,"Γεωρ. Μαμούρη 12, Μαρκόπουλο Μεσογαίας 190 03, Ελλάδα",,19003,,,,,xe.gr (weekly),,https://www.xe.gr/property/s/mesitiko-grafeio/vfm-properties/f5b67d08-4468-4ff4-a236-b20a4ef81f19,,
Next Level Real Estate,independent,,,,no_site,,,,,"Γρ. Λαμπράκη 58, Γλυφάδα 166 75, Ελλάδα",,16675,,,,,xe.gr (weekly),,https://www.xe.gr/property/s/mesitiko-grafeio/next-level-real-estate/1eda8dca-da24-4fce-9077-a93be4ce15e7,,
Βλάχος Ανάπτυξη,independent,,,,no_site,,,,,"Ναυπλίου 30, Αργυρούπολη 164 52, Ελλάδα",,16452,,,,,xe.gr (weekly),,https://www.xe.gr/property/s/mesitiko-grafeio/vlachos-anaptyxh/3c74bb51-ef0f-453a-b116-08efac1ab96d,,
Πανστεγαστική,independent,,,,no_site,,,,,"Σωκράτους 38, Μεταμόρφωση 144 51, Ελλάδα",,14451,,,,,xe.gr (weekly),,https://www.xe.gr/property/s/mesitiko-grafeio/panstegastikh/b453e4c5-d420-4a7f-9f83-d2f367ba5b78,,
Easy Real Estate,independent,,,,no_site,,,,,"Λεωφόρος Βουλιαγμένης 339, Ηλιούπολη 163 46, Ελλάδα",,16346,,,,,xe.gr (weekly),,https://www.xe.gr/property/s/mesitiko-grafeio/easy-real-estate/bb1eb8d2-5635-4653-8c9a-cb18098f8b16,,
Reccon,independent,,,,no_site,,,,,"Λεωφ. Κηφισίας 322, Χαλάνδρι 152 33, Ελλάδα",,15233,,,,,xe.gr (weekly),,https://www.xe.gr/property/s/mesitiko-grafeio/reccon/52508788-8af5-4a1d-ba52-473f44ccd647,,
S&K Real Estate,independent,,,,no_site,,,,,"Ναυπακτιας 25, Καλύβια Θορικού 190 10, Ελλάδα",,19010,,,,,xe.gr (weekly),,https://www.xe.gr/property/s/mesitiko-grafeio/s-k-real-estate/1874cf77-a613-4735-87db-b5d7134de0be,,
Κοινοπραξία Αρέτος Φίλος Καπέλλας,independent,,,,no_site,,,,,"Ζαρίφη 15, Νέα Σμύρνη 171 24, Ελλάδα",,17124,,,,,xe.gr (weekly),,https://www.xe.gr/property/s/mesitiko-grafeio/koinopraxia-aretos-filos-kapellas/c90993f2-a1a7-41e0-b7f2-75f8b7edba27,,
Forum,independent,,,,no_site,,,,,"Αγίου Αντωνίου 53, Βριλήσσια 152 38, Ελλάδα",,15238,,,,,xe.gr (weekly),,https://www.xe.gr/property/s/mesitiko-grafeio/forum/93ce7956-fa5a-4224-8d36-74b2f447c609,,
IDP Homes,independent,,,,no_site,,,,,"Μενάνδρου 7, Αθήνα 105 53, Ελλάδα",,10553,,,,,xe.gr (weekly),,https://www.xe.gr/property/s/mesitiko-grafeio/idp-homes/9b172837-4e52-4439-be46-534c98cce82f,,
Athens Hill,independent,,,,no_site,,,,,"Ηλιουπόλεως 169, Υμηττός 172 36, Ελλάδα",,17236,,,,,xe.gr (weekly),,https://www.xe.gr/property/s/mesitiko-grafeio/athens-hill/826685bb-6144-433d-b652-18500595c8e0,,
Αλεξανδράκης Γ.,independent,,,,no_site,,,,,"Θεσσαλονίκης 9, Χολαργός 155 62, Ελλάδα",,15562,,,,,xe.gr (weekly),,https://www.xe.gr/property/s/mesitiko-grafeio/alexandrakhs-g/263db604-ed27-4f27-be5c-f7d2acb17e4d,,
Makben Real Estate,independent,,,,no_site,,,,,"Λεβίδου 16, Κηφισιά 145 62, Ελλάδα",,14562,,,,,xe.gr (weekly),,https://www.xe.gr/property/s/mesitiko-grafeio/makben-real-estate/1f9fb55c-73c0-4976-ae9f-bea2f6d5df53,,
Royal Estates,independent,,,,no_site,,,,,"Πλ. Βασιλέως Γεωργίου Β 6, Ψυχικό 154 52, Ελλάδα",,15452,,,,,xe.gr (weekly),,https://www.xe.gr/property/s/mesitiko-grafeio/royal-estates/6fec8a2e-8381-4a16-8a72-3545392675b9,,
Golden State Greek Properties,independent,,,,no_site,,,,,"Υακίνθου 14, Γέρακας 153 44, Ελλάδα",,15344,,,,,xe.gr (weekly),,https://www.xe.gr/property/s/mesitiko-grafeio/golden-state-greek-properties/9260ab42-315b-4a4a-b000-9ea0986b1795,,
European Gate,independent,,,,no_site,,,,,"Βουλής 18, Αθήνα 105 63, Ελλάδα",,10563,,,,,xe.gr (weekly),,https://www.xe.gr/property/s/mesitiko-grafeio/european-gate/77f8a83b-33f4-45fa-be9d-67f0343f5aa1,,
Property Matters,independent,,,,no_site,,,,,"Χαρ. Τρικούπη 127, Νέα Ερυθραία 146 71, Ελλάδα",,14671,,,,,xe.gr (weekly),,https://www.xe.gr/property/s/mesitiko-grafeio/property-matters/4eb55a18-bf82-4ee9-af18-414772975adb,,
Moisiadis Real Estate,independent,,,,no_site,,,,,"Βασ. Σοφίας 133, Αθήνα 115 21, Ελλάδα",,11521,,,,,xe.gr (weekly),,https://www.xe.gr/property/s/mesitiko-grafeio/moisiadis-real-estate/ed3ac543-dee8-4d39-8e99-1ebd3a8a7ad5,,
Realty4Value,independent,realty4value.gr,https://realty4value.gr,https://www.realty4value.gr/,ok,yes,yes,15,,"Νέα Ιωνία 142 31, Ελλάδα",,14231,,,,,xe.gr (weekly); site by domain guess,,https://www.xe.gr/property/s/mesitiko-grafeio/realty4value/05d12ccc-5dc8-4a71-991a-2ad7b869fa7c,,
Yan Group,independent,,,,no_site,,,,,"Λεωφ. Ποσειδώνος 34, Άλιμος 174 55, Ελλάδα",,17455,,,,,xe.gr (weekly),,https://www.xe.gr/property/s/mesitiko-grafeio/yan-group/128f9e26-017b-4603-8cef-9cef189a6619,,
New Property,independent,,,,no_site,,,,,"Αγχιάλου 48, Αθήνα 104 43, Ελλάδα",,10443,,,,,xe.gr (weekly),,https://www.xe.gr/property/s/mesitiko-grafeio/new-property/1f10b17d-c5f0-4df1-a1c4-95b3a8e65898,,
Prime Real Estate,independent,,,,no_site,,,,,"Λεωφ. Θησέως 57, Εκάλη 145 78, Ελλάδα",,14578,,,,,xe.gr (weekly),,https://www.xe.gr/property/s/mesitiko-grafeio/prime-real-estate/8dfaaa17-1a64-4ab0-a833-81c6a2d8da4a,,
L5 Investments,independent,,,,no_site,,,,,"Λευκωσίας 5, Αθήνα 112 52, Ελλάδα",,11252,,,,,xe.gr (weekly),,https://www.xe.gr/property/s/mesitiko-grafeio/l5-investments/9bfc5f5b-a3fe-4a3e-8807-fa4ed2ff15f0,,
Action Real Estate,independent,,,,no_site,,,,,"Ταταούλων 33, Βύρωνας 162 32, Ελλάδα",,16232,,,,,xe.gr (weekly),,https://www.xe.gr/property/s/mesitiko-grafeio/action-real-estate/f019bcd9-8ec7-41cc-992e-9414c639eb01,,
Noussis Real Estate,independent,,,,no_site,,,,,"Λεωφ. Κρυονερίου 62, Κρυονέρι 145 68, Ελλάδα",,14568,,,,,xe.gr (weekly),,https://www.xe.gr/property/s/mesitiko-grafeio/noussis-real-estate/05cf456d-4d2a-40c9-bd38-a96be0adb3bf,,
Euperty - Ολοκληρωμένες Υπηρεσίες Ακινήτων,independent,,,,no_site,,,,,"Υμηττού 110, Αθήνα 116 34, Ελλάδα",,11634,,,,,xe.gr (weekly),,https://www.xe.gr/property/s/mesitiko-grafeio/euperty-oloklhrwmenes-yphresies-akinhtwn/f6d5e063-2ab7-4826-9423-f2eb487d288d,,
Negas Real Estate,independent,,,,no_site,,,,,"Δημ. Γούναρη 229, Γλυφάδα 166 74, Ελλάδα",,16674,,,,,xe.gr (weekly),,https://www.xe.gr/property/s/mesitiko-grafeio/negas-real-estate/6d2d9d7a-07c7-4899-8302-ceda3b96988f,,
Terra Greca,independent,terra-greca.gr,https://terra-greca.gr,https://terra-greca.gr,ok,yes,yes,13,wordpress,"Λεωφ. Ελ. Βενιζέλου 94, Καλλιθέα 176 76, Ελλάδα",,17676,,,,,xe.gr (weekly); site by domain guess,,https://www.xe.gr/property/s/mesitiko-grafeio/terra-greca/915146c1-cbe9-4091-882d-acd01476c2a4,,
Gemma Properties,independent,,,,no_site,,,,,"Αχιλλέως Κύρου 39, Αθήνα 115 25, Ελλάδα",,11525,,,,,xe.gr (weekly),,https://www.xe.gr/property/s/mesitiko-grafeio/gemma-properties/9e4f1c92-d59f-4807-94d5-bb915c2b21c0,,
Kantaras Properties,independent,,,,no_site,,,,,"Ηπείρου 68, Ηλιούπολη 163 42, Ελλάδα",,16342,,,,,xe.gr (weekly),,https://www.xe.gr/property/s/mesitiko-grafeio/kantaras-properties/9d8153be-684f-4366-9209-b922cb0c0a44,,
Soraya Real Estate,independent,sorayarealestate.gr,https://sorayarealestate.gr,https://sorayarealestate.gr,ok,yes,no,0,,"3ης Σεπτεμβρίου 144, Αθήνα 112 51, Ελλάδα",,11251,,,,,xe.gr (weekly); site by domain guess,,https://www.xe.gr/property/s/mesitiko-grafeio/soraya-real-estate/12456af8-b48d-431d-91c1-e5e564b37cae,,
Valeur ΑΕ,independent,,,,no_site,,,,,"Πέλλης 3, Χαλάνδρι 152 34, Ελλάδα",,15234,,,,,xe.gr (weekly),,https://www.xe.gr/property/s/mesitiko-grafeio/valeur-ae/c3a4ae88-3e75-4377-a17c-5de1d802beb1,,
Nexgen Realty,independent,nexgenrealty.gr,https://nexgenrealty.gr,https://www.nexgenrealty.gr/,ok,no,yes,29,,"Σειρήνων 44, Παλαιό Φάληρο 175 61, Ελλάδα",,17561,,,,,xe.gr (weekly); site by domain guess,,https://www.xe.gr/property/s/mesitiko-grafeio/nexgen-realty/c4d20be5-d507-4890-aca6-cc1093f74741,,
Lampou Properties,independent,,,,no_site,,,,,"Φαίδρας 6, Αχαρνές 136 72, Ελλάδα",,13672,,,,,xe.gr (weekly),,https://www.xe.gr/property/s/mesitiko-grafeio/lampou-properties/d72ca973-c177-424e-847e-87b3acd9253c,,
Select Estate,independent,selectproperties.gr,https://selectproperties.gr,https://selectproperties.gr/en-US/,ok,yes,maybe,1,houzez,"Λεωφ. Ελ. Βενιζέλου 186, Παλαιό Φάληρο 175 63, Ελλάδα",,17563,,,,,xe.gr (weekly); site by domain guess,,https://www.xe.gr/property/s/mesitiko-grafeio/select-estate/facc048c-70e2-4844-bd97-3f6d5bc89061,,
Houseplus,independent,,,,no_site,,,,,"Κύπρου 11, Κηφισιά 145 62, Ελλάδα",,14562,,,,,xe.gr (weekly),,https://www.xe.gr/property/s/mesitiko-grafeio/houseplus/ca883917-33a8-4bed-a810-af1e7430cd44,,
Real Invest,independent,,,,no_site,,,,,"Χαρ. Τρικούπη 127, Νέα Ερυθραία 146 71, Ελλάδα",,14671,,,,,xe.gr (weekly),,https://www.xe.gr/property/s/mesitiko-grafeio/real-invest/912e6fd6-322d-4993-90d6-6a8f427af0fa,,
A.CH Real Estate,independent,,,,no_site,,,,,"Πελοποννήσου 88, Αργυρούπολη 164 51, Ελλάδα",,16451,,,,,xe.gr (weekly),,https://www.xe.gr/property/s/mesitiko-grafeio/a-ch-real-estate/4775d074-6f5d-4a4b-b8d0-71e135e3bf36,,
Buy2Greece,independent,,,,no_site,,,,,"Παπάγου 147, Ζωγράφου 157 73, Ελλάδα",,15773,,,,,xe.gr (weekly),,https://www.xe.gr/property/s/mesitiko-grafeio/buy2greece/80c25665-5cec-44eb-b07a-a8562d2f9972,,
Μαρία Σοφιανού,independent,,,,no_site,,,,,"Κουντουριώτου 18, Δάφνη Αττικής 172 34, Ελλάδα",,17234,,,,,xe.gr (weekly),,https://www.xe.gr/property/s/mesitiko-grafeio/maria-sofianoy/8c493698-6f70-4ba2-95c0-67baf213b260,,
M2Assets,independent,,,,no_site,,,,,"Θερμοπυλών 7, Νέα Ιωνία 142 33, Ελλάδα",,14233,,,,,xe.gr (weekly),,https://www.xe.gr/property/s/mesitiko-grafeio/m2assets/12e9d5fc-a338-4455-a283-46af1bdead82,,
Pro Real Estate,independent,,,,no_site,,,,,"Άστρους 119, Αθήνα 104 42, Ελλάδα",,10442,,,,,xe.gr (weekly),,https://www.xe.gr/property/s/mesitiko-grafeio/pro-real-estate/530dfe9c-af6e-45c7-953a-a6828cd2477c,,
Mk Real Estate Guided By Trust,independent,,,,no_site,,,,,"Δήμος Βάρης - Βούλας - Βουλιαγμένης 166 73, Ελλάδα",,16673,,,,,xe.gr (weekly),,https://www.xe.gr/property/s/mesitiko-grafeio/mk-real-estate-guided-by-trust/9f297601-e019-4738-a09a-3ab4feea12af,,
LG Development & Consulting,independent,,,,no_site,,,,,"Κωστή Παλαμά 13, Αθήνα 111 41, Ελλάδα",,11141,,,,,xe.gr (weekly),,https://www.xe.gr/property/s/mesitiko-grafeio/lg-development-consulting/c50e8fce-b1ad-4c94-8e41-e47c06dd1b1d,,
Bluebrick Properties,independent,bluebrickrealestate.com,https://bluebrickrealestate.com,https://bluebrickrealestate.com,ok,yes,yes,12,wordpress,"Λεωφ. Ανδρέα Συγγρού 106, Αθήνα 117 41, Ελλάδα",,11741,,,,,xe.gr (weekly); site by domain guess,,https://www.xe.gr/property/s/mesitiko-grafeio/bluebrick-properties/bad74b71-01ee-408b-af93-25ada8ac6c3f,,
KTISIS,independent,,,,no_site,,,,,"Λεωφ. Κηφισίας 144, Μαρούσι 151 26, Ελλάδα",,15126,,,,,xe.gr (weekly),,https://www.xe.gr/property/s/mesitiko-grafeio/ktisis/3b744a4c-c8a0-4341-a867-3ae9fdfcd0d8,,
Smart Broker Estate,independent,,,,no_site,,,,,"Ιακωβίδου 6, 8, Αθήνα 111 44, Ελλάδα",,11144,,,,,xe.gr (weekly),,https://www.xe.gr/property/s/mesitiko-grafeio/smart-broker-estate/a36b81fb-2d76-4f6d-b6f9-47328f5e6c19,,
Καρύδης Νικόλαος,independent,,,,no_site,,,,,"Μαρκ. Μπότσαρη 1, Αθήνα 151 27, Ελλάδα",,15127,,,,,xe.gr (weekly),,https://www.xe.gr/property/s/mesitiko-grafeio/karydhs-nikolaos/3c37fada-7e3f-45b2-89da-faa1136be537,,
Homar,independent,,,,no_site,,,,,"Αντιγόνης 97, Αθήνα 104 42, Ελλάδα",,10442,,,,,xe.gr (weekly),,https://www.xe.gr/property/s/mesitiko-grafeio/homar/f4499e5b-079f-4cec-a754-2d188993b9e8,,
Θεοχάρης Ιωάννης,independent,,,,no_site,,,,,"Δημ. Βασιλείου 9, Νέο Ψυχικό 154 51, Ελλάδα",,15451,,,,,xe.gr (weekly),,https://www.xe.gr/property/s/mesitiko-grafeio/theocharhs-iwannhs/58bc26a1-e90a-44e0-8f34-850c70a90760,,
Realtor,independent,,,,no_site,,,,,"Περικλέους 43, Χαλάνδρι 152 32, Ελλάδα",,15232,,,,,xe.gr (weekly),,https://www.xe.gr/property/s/mesitiko-grafeio/realtor/977bbe3a-8148-4b85-ac8d-ba81e12826a4,,
Fidelity,independent,fidelityrealestate.com,https://fidelityrealestate.com,https://www.fidelityrealestate.com/,ok,yes,yes,7,wordpress;houzez,"Γρ. Κυδωνιών 1, Νέα Σμύρνη 171 23, Ελλάδα",,17123,,,,,xe.gr (weekly); site by domain guess,,https://www.xe.gr/property/s/mesitiko-grafeio/fidelity/7e333fc0-69b2-4ec8-8f19-600147a06038,,
Zino Brokers,independent,,,,no_site,,,,,"Κυθήρων 9, Άλιμος 174 55, Ελλάδα",,17455,,,,,xe.gr (weekly),,https://www.xe.gr/property/s/mesitiko-grafeio/zino-brokers/2655108a-ffd7-49f0-a25f-fe09bc459c73,,
Αληθινή Ευκαιρία,independent,,,,no_site,,,,,"Δημοσθενους 41, Ίλιον 131 23, Ελλάδα",,13123,,,,,xe.gr (weekly),,https://www.xe.gr/property/s/mesitiko-grafeio/alhthinh-eykairia/77d9ee56-a30d-4c8d-8bf8-9b466f026b73,,
Kontaxi Real Estate,independent,,,,no_site,,,,,"Πλ. Προσκόπων 5, Αθήνα 116 35, Ελλάδα",,11635,,,,,xe.gr (weekly),,https://www.xe.gr/property/s/mesitiko-grafeio/kontaxi-real-estate/ce96e971-8331-4c14-b2e6-1a210ed00c66,,
AgoraHome,independent,,,,no_site,,,,,"Λεωφ. Κηφισίας 44, Μαρούσι 151 25, Ελλάδα",,15125,,,,,xe.gr (weekly),,https://www.xe.gr/property/s/mesitiko-grafeio/agorahome/a311ba3e-9fd7-4697-876d-b46a95b9d69d,,
Manelis Luxury Properties,independent,,,,no_site,,,,,"Λεωφ. Ηρακλείου 350, Νέα Ιωνία 142 31, Ελλάδα",,14231,,,,,xe.gr (weekly),,https://www.xe.gr/property/s/mesitiko-grafeio/manelis-luxury-properties/2cdffce0-16d0-4b67-8cff-9b9a8bbf879f,,
Zooms Homes,independent,,,,no_site,,,,,"Αναστασίου Ζίννη 9, Αθήνα 117 41, Ελλάδα",,11741,,,,,xe.gr (weekly),,https://www.xe.gr/property/s/mesitiko-grafeio/zooms-homes/c07f1cfb-d33f-4403-9376-0196c140edf1,,
Home Now Real Estate,independent,,,,no_site,,,,,"Ατθίδων 100, Καλλιθέα 176 71, Ελλάδα",,17671,,,,,xe.gr (weekly),,https://www.xe.gr/property/s/mesitiko-grafeio/home-now-real-estate/fa3e5ed1-4848-4517-bb07-1464d7f903bd,,
Propertygram,independent,,,,no_site,,,,,"Ιθώμης 63, Γλυφάδα 165 61, Ελλάδα",,16561,,,,,xe.gr (weekly),,https://www.xe.gr/property/s/mesitiko-grafeio/propertygram/90044342-ca5e-438e-b6e8-00963598c510,,
Αβραμόπουλος Νικόλαος,independent,,,,no_site,,,,,"Λεωφ. Ειρήνης 32, Πεύκη 151 21, Ελλάδα",,15121,,,,,xe.gr (weekly),,https://www.xe.gr/property/s/mesitiko-grafeio/avramopoylos-nikolaos/547065ec-b054-4c3a-842f-633efb6b6c13,,
Lida Sidiropoulou,independent,,,,no_site,,,,,"Ηρ. Πολυτεχνείου 112, Χαλάνδρι 152 31, Ελλάδα",,15231,,,,,xe.gr (weekly),,https://www.xe.gr/property/s/mesitiko-grafeio/lida-sidiropoulou/cc869695-ea01-4392-aefe-0d49243d7d70,,
Hometostay Real Estate,independent,,,,no_site,,,,,"Ολυμπιονικών 49, Γλυκά Νερά 153 54, Ελλάδα",,15354,,,,,xe.gr (weekly),,https://www.xe.gr/property/s/mesitiko-grafeio/hometostay-real-estate/1b0cb8b0-34fa-40c9-8b5d-98b3bc8fbae5,,
Πλίνθος Ακίνητα,independent,,,,no_site,,,,,"Λεωφ. Κηφισίας 79, Αθήνα 115 23, Ελλάδα",,11523,,,,,xe.gr (weekly),,https://www.xe.gr/property/s/mesitiko-grafeio/plinthos-akinhta/3dc37bc8-bc10-4a9c-9594-a92a94bab040,,
Villa Mare Hellas,independent,,,,no_site,,,,,"Αθήνα, 114 72, Ελλάδα",,11472,,,,,xe.gr (weekly),,https://www.xe.gr/property/s/mesitiko-grafeio/villa-mare-hellas/268a3c4d-6bcf-4fda-bc64-0dd63dc11639,,
Επενδύσεις Ακινήτων - Telebite,independent,,,,no_site,,,,,"Λεωφ. Βασιλέως Παύλου 89-91, Βούλα 166 73, Ελλάδα",,16673,,,,,xe.gr (weekly),,https://www.xe.gr/property/s/mesitiko-grafeio/ependyseis-akinhtwn-telebite/73aba8fb-176d-429e-9d62-921dc1b74de4,,
Melsb,independent,,,,no_site,,,,,"Λουκά, Σπάτα 190 04, Ελλάδα",,19004,,,,,xe.gr (weekly),,https://www.xe.gr/property/s/mesitiko-grafeio/melsb/c44ee9fd-2919-4c2e-be31-08a305ab25a9,,
Papatheodosiou Real Estate,independent,,,,no_site,,,,,"Νάξου 31, Αθήνα 112 56, Ελλάδα",,11256,,,,,xe.gr (weekly),,https://www.xe.gr/property/s/mesitiko-grafeio/papatheodosiou-real-estate/6ec80e65-74f6-45a4-8e42-b5c9d1dd7485,,
Local Brokers,independent,,,,no_site,,,,,"Ύδρας 1, Καλλιθέα 176 76, Ελλάδα",,17676,,,,,xe.gr (weekly),,https://www.xe.gr/property/s/mesitiko-grafeio/local-brokers/cf1b852f-349e-4230-836a-1cdbba586297,,
NBDS,independent,,,,no_site,,,,,"Παπαρρηγοπούλου 67, Αγ. Παρασκευή 153 43, Ελλάδα",,15343,,,,,xe.gr (weekly),,https://www.xe.gr/property/s/mesitiko-grafeio/nbds/bd72f207-c6dc-4c17-b475-a16269ca2b67,,
Omesitissou.gr,independent,,,,no_site,,,,,"Μάρμαρα 8, Νέα Παλάτια 190 15, Ελλάδα",,19015,,,,,xe.gr (weekly),,https://www.xe.gr/property/s/mesitiko-grafeio/omesitissou-gr/e4382ba2-2994-4cfe-bc55-73e89bac5a1e,,
The Address Real Estate,independent,addressrealestate.com,https://addressrealestate.com,https://troypalmquist.com/,ok,yes,no,0,wordpress,"Ομήρου 15, Γλυφάδα 166 75, Ελλάδα",,16675,,,,,xe.gr (weekly); site by domain guess,,https://www.xe.gr/property/s/mesitiko-grafeio/the-address-real-estate/dc28942c-c5e7-47de-a067-0c6f7f941a90,,
LANDMARK AG TRADE,independent,,,,no_site,,,,,"Ξενοφώντος 15Α, Αθήνα 105 57, Ελλάδα",,10557,,,,,xe.gr (weekly),,https://www.xe.gr/property/s/mesitiko-grafeio/landmark-ag-trade/2c1b220e-35e8-42df-af20-0684b0a07831,,
Micasa,independent,,,,no_site,,,,,"Έβρου 49, Αιγάλεω 122 43, Ελλάδα",,12243,,,,,xe.gr (weekly),,https://www.xe.gr/property/s/mesitiko-grafeio/micasa/48e30772-2c21-49ea-a336-fd3b50b9205d,,
Reallist,independent,,,,no_site,,,,,"Πλαταιών 6, Αγ. Παρασκευή 153 43, Ελλάδα",,15343,,,,,xe.gr (weekly),,https://www.xe.gr/property/s/mesitiko-grafeio/reallist/ed52861f-a3ce-4c4b-9e8a-1e1cee364a22,,
Divina Casa Real Estate,independent,,,,no_site,,,,,"Αύρας 9, Σαρωνίδα 190 13, Ελλάδα",,19013,,,,,xe.gr (weekly),,https://www.xe.gr/property/s/mesitiko-grafeio/divina-casa-real-estate/1ade72c7-1398-45cf-9718-0a726f10c936,,
Ζήτα-Ζήτα Real Estate,independent,,,,no_site,,,,,"Διονυσίου Αιγινήτου 22, Αθήνα 115 28, Ελλάδα",,11528,,,,,xe.gr (weekly),,https://www.xe.gr/property/s/mesitiko-grafeio/zhta-zhta-real-estate/fa5d7c48-b2c8-490b-be82-ffa5016f7480,,
HM Real Estate,independent,,,,no_site,,,,,"Αργοναυτών 17, Ελληνικό 167 77, Ελλάδα",,16777,,,,,xe.gr (weekly),,https://www.xe.gr/property/s/mesitiko-grafeio/hm-real-estate/65cdb12b-3999-4a1d-b668-27aabb311cb0,,
Πετρά Μεσιτικά,independent,,,,no_site,,,,,"Μενελάου 166, Ίλιον 131 22, Ελλάδα",,13122,,,,,xe.gr (weekly),,https://www.xe.gr/property/s/mesitiko-grafeio/petra-mesitika/12795774-6503-4cbe-a041-c0076f92605b,,
Sartzis Realty Group,independent,,,,no_site,,,,,"Παναγιώτου Αναγνωστοπούλου 46, Αθήνα 106 73, Ελλάδα",,10673,,,,,xe.gr (weekly),,https://www.xe.gr/property/s/mesitiko-grafeio/sartzis-realty-group/1dac5253-d1b9-491d-b9df-716e0a9aa027,,
Sheeynik Μονοπρόσωπη,independent,,,,no_site,,,,,"Λεωφ. Ποσειδώνος 83, Άλιμος 174 55, Ελλάδα",,17455,,,,,xe.gr (weekly),,https://www.xe.gr/property/s/mesitiko-grafeio/sheeynik-monoproswph/80e94ba1-9088-43ab-abc9-a4efb5a09128,,
Optimus Choice Real Estate,independent,,,,no_site,,,,,"Καλύβια Θορικού 190 10, Ελλάδα",,19010,,,,,xe.gr (weekly),,https://www.xe.gr/property/s/mesitiko-grafeio/optimus-choice-real-estate/bf7cdff7-3244-4512-9afc-8a3cff187f91,,
Targetips Properties,independent,,,,no_site,,,,,"Πανεπιστημίου 64, Αθήνα 105 64, Ελλάδα",,10564,,,,,xe.gr (weekly),,https://www.xe.gr/property/s/mesitiko-grafeio/targetips-properties/3c1b1e55-5a3c-4fae-b287-599cec253bdd,,
Green Parrot,independent,greenparrot.gr,https://greenparrot.gr,https://greenparrot.gr,ok,yes,maybe,1,wordpress,"Αθανασιάδη 4, ν, Πεντέλη 152 36, Ελλάδα",,15236,,,,,xe.gr (weekly); site by domain guess,,https://www.xe.gr/property/s/mesitiko-grafeio/green-parrot/2047f0d2-736c-4911-a7b2-ff5beb7d8865,,
Goutos Properties Real Estate Agency,independent,,,,no_site,,,,,"Λεωφόρος Βουλιαγμένης 248, Αγ. Δημήτριος Αττικής 173 43, Ελλάδα",,17343,,,,,xe.gr (weekly),,https://www.xe.gr/property/s/mesitiko-grafeio/goutos-properties-real-estate-agency/b5e72e42-91df-49f3-adc8-6cf961133d33,,
Your Home Sold,independent,yourhomesold.gr,https://yourhomesold.gr,https://yourhomesold.gr,ok,yes,yes,5,wordpress,"Λεωφ. Βεΐκου 36, Γαλάτσι 111 47, Ελλάδα",,11147,,,,,xe.gr (weekly); site by domain guess,,https://www.xe.gr/property/s/mesitiko-grafeio/your-home-sold/c19a1ce7-20ed-45dd-9ce9-e5fab150f5d8,,
Land Bank,independent,,,,no_site,,,,,"Λεωφ. Κηφισίας 72, Μαρούσι 151 25, Ελλάδα",,15125,,,,,xe.gr (weekly),,https://www.xe.gr/property/s/mesitiko-grafeio/land-bank/2934a89d-0f24-40a8-8431-b7202573da46,,
Real Brokers,independent,,,,no_site,,,,,"Χέυδεν 1, Αθήνα 104 34, Ελλάδα",,10434,,,,,xe.gr (weekly),,https://www.xe.gr/property/s/mesitiko-grafeio/real-brokers/4c9de7e1-cb40-4815-acdd-3572a2a21af7,,
Λιάπης Γιάννης,independent,,,,no_site,,,,,"Καρύστου 20, Ampelokipi Menemeni 115 24, Ελλάδα",,11524,,,,,xe.gr (weekly),,https://www.xe.gr/property/s/mesitiko-grafeio/liaphs-giannhs/87e274b2-f214-4cba-b497-558162f50456,,
Uell,independent,,,,no_site,,,,,"Λεωφόρος Βουλιαγμένης 188, Δάφνη Αττικής 172 35, Ελλάδα",,17235,,,,,xe.gr (weekly),,https://www.xe.gr/property/s/mesitiko-grafeio/uell/daaf35fe-e5f5-4548-b243-1d6956b78d9f,,
Μαρία Ευθυμιάδου,independent,,,,no_site,,,,,"Κανάρη 23, Αθήνα 106 73, Ελλάδα",,10673,,,,,xe.gr (weekly),,https://www.xe.gr/property/s/mesitiko-grafeio/maria-eythymiadoy/82871985-14b4-4df1-a9a4-d5723907308f,,
FOUR & FOUNDERS,independent,,,,no_site,,,,,"Αρκαδίου 11, Αγ. Παρασκευή 153 41, Ελλάδα",,15341,,,,,xe.gr (weekly),,https://www.xe.gr/property/s/mesitiko-grafeio/four-founders/fba198bb-58a7-459c-bb5a-613f688f0dae,,
Salehome,independent,,,,no_site,,,,,"Αλεξάνδρας 38, Παιανία 190 02, Ελλάδα",,19002,,,,,xe.gr (weekly),,https://www.xe.gr/property/s/mesitiko-grafeio/salehome/4e51cf08-66a3-4c61-86b0-95eb4da677e6,,
Μεσσήνης,independent,,,,no_site,,,,,"Μάχης Αναλάτου 57, Αθήνα 117 44, Ελλάδα",,11744,,,,,xe.gr (weekly),,https://www.xe.gr/property/s/mesitiko-grafeio/messhnhs/5390ce3d-397e-4876-b634-8420b3af6f17,,
Property - IO,independent,,,,no_site,,,,,"Κύπρου 79, Παπάγου 156 69, Ελλάδα",,15669,,,,,xe.gr (weekly),,https://www.xe.gr/property/s/mesitiko-grafeio/property-io/d7cf8f47-2459-4562-a232-3d38db4b647c,,
Aggelopoulou Real Estate,independent,,,,no_site,,,,,"Ικτίνου 25, Ηλιούπολη 163 41, Ελλάδα",,16341,,,,,xe.gr (weekly),,https://www.xe.gr/property/s/mesitiko-grafeio/aggelopoulou-real-estate/b03e196c-5442-4132-b4aa-4583d57fc1e1,,
DCI Real Estate,independent,,,,no_site,,,,,"Κουντουριώτου 1, Χολαργός 155 62, Ελλάδα",,15562,,,,,xe.gr (weekly),,https://www.xe.gr/property/s/mesitiko-grafeio/dci-real-estate/e30cc5d7-80a8-45eb-bbd2-3463e5fb0c33,,
Anodos Group Χατζημάρκου Ανθούλα,independent,,,,no_site,,,,,"Λεωφ. Αλεξιουπόλεως 54, 100, Αργυρούπολη 164 52, Ελλάδα",,16452,,,,,xe.gr (weekly),,https://www.xe.gr/property/s/mesitiko-grafeio/anodos-group-chatzhmarkoy-anthoyla/7c3f40b4-e8d7-4099-9b11-89f1bedf8624,,
S & S Real Estate Agency,independent,,,,no_site,,,,,"Ευρυδίκης 2, Βούλα 166 73, Ελλάδα",,16673,,,,,xe.gr (weekly),,https://www.xe.gr/property/s/mesitiko-grafeio/s-s-real-estate-agency/cd1e8077-7715-4472-a02d-eafce471f88a,,
Phoenix Realty Greece,independent,,,,no_site,,,,,"Πατριάρχου Ιωακείμ 21, Αθήνα 106 75, Ελλάδα",,10675,,,,,xe.gr (weekly),,https://www.xe.gr/property/s/mesitiko-grafeio/phoenix-realty-greece/5dc7e8e4-7ae9-4693-ab90-9619918e0d68,,
Ξενάκη Ευαγγελία,independent,,,,no_site,,,,,"Αθανασίου Διάκου 30, Νέα Ερυθραία 146 71, Ελλάδα",,14671,,,,,xe.gr (weekly),,https://www.xe.gr/property/s/mesitiko-grafeio/xenakh-eyaggelia/4b865fa7-6af4-4c69-af7e-e26cd2185855,,
Chalkidis Real  Estate,independent,,,,no_site,,,,,"Λεωφ. Αλεξάνδρας 146Α, Neapoli Sikies 114 71, Ελλάδα",,11471,,,,,xe.gr (weekly),,https://www.xe.gr/property/s/mesitiko-grafeio/chalkidis-real-estate/84ccab60-a934-461e-9672-b4fed7d7d7b6,,
Bee Space Real Estate,independent,,,,no_site,,,,,"Μαραθώνας 190 05, Ελλάδα",,19005,,,,,xe.gr (weekly),,https://www.xe.gr/property/s/mesitiko-grafeio/bee-space-real-estate/244dd05d-c1e0-4fc6-a27e-ff239ef16d7c,,
New Neighbour,independent,,,,no_site,,,,,"Μεγ. Αλεξάνδρου 135, Μαρούσι 151 25, Ελλάδα",,15125,,,,,xe.gr (weekly),,https://www.xe.gr/property/s/mesitiko-grafeio/new-neighbour/d74c0cab-dc26-4193-8a16-9f6210733fb7,,
4 Properties Real Estate P.C,independent,,,,no_site,,,,,"Νιρβάνα 10, Νέο Ψυχικό 154 51, Ελλάδα",,15451,,,,,xe.gr (weekly),,https://www.xe.gr/property/s/mesitiko-grafeio/4-properties-real-estate-p-c/273e0d1a-2c77-4725-bade-aa3da70fa492,,
CITYHABITAT,independent,,,,no_site,,,,,"Τσούκα 1, Άλιμος 174 55, Ελλάδα",,17455,,,,,xe.gr (weekly),,https://www.xe.gr/property/s/mesitiko-grafeio/cityhabitat-golden-visa-greece-mesitiko-grafeio-notia-proastia/fc2a4591-6db3-43f3-b674-3bb654f9ef32,,
Taste And Stlyle,independent,,,,no_site,,,,,"Αδριανού 41, Αθήνα 105 55, Ελλάδα",,10555,,,,,xe.gr (weekly),,https://www.xe.gr/property/s/mesitiko-grafeio/taste-and-stlyle/84e4ae7c-7c57-442c-89fc-153bb5426835,,
Aspis Real Estate Περιστέρι,independent,,,,no_site,,,,,"Λεωφ. Κωνσταντινουπόλεως 24, Περιστέρι 121 33, Ελλάδα",,12133,,,,,xe.gr (weekly),,https://www.xe.gr/property/s/mesitiko-grafeio/aspis-real-estate-peristeri/5da1ea4f-be45-4be1-954b-a612b6ac647f,,
Μεταχειρισμένα Επιπλα,independent,,,,no_site,,,,,"Σεβαστείας 40, Ζωγράφου 157 71, Ελλάδα",,15771,,,,,xe.gr (weekly),,https://www.xe.gr/property/s/mesitiko-grafeio/metacheirismena-epipla/47390b1c-4c1c-4231-855b-f0c80e058649,,
Karavas Real Estate,independent,,,,no_site,,,,,"Αγίας Γλυκερίας 22, Γαλάτσι 111 46, Ελλάδα",,11146,,,,,xe.gr (weekly),,https://www.xe.gr/property/s/mesitiko-grafeio/karavas-real-estate/4b171912-653e-4751-b0cc-439bf1937200,,
Aspis Real Estate South,independent,,,,no_site,,,,,"Βασίλη Τσιτσάνη 47, Γλυφάδα 166 75, Ελλάδα",,16675,,,,,xe.gr (weekly),,https://www.xe.gr/property/s/mesitiko-grafeio/aspis-real-estate-south/0ee56bd8-ebe3-4526-b3a3-4cfe88f2323e,,
Casa Bianca Real Estate,independent,casabianca.gr,https://casabianca.gr,https://casabianca.gr,ok,yes,maybe,0,wordpress,"Γράμμου 4, Καλλιθέα 176 75, Ελλάδα",,17675,,,,,xe.gr (weekly); site by domain guess,,https://www.xe.gr/property/s/mesitiko-grafeio/casa-bianca-real-estate/b836f816-c783-4134-9acb-97074a1bcd76,,
Infoproperty.gr,independent,,,,no_site,,,,,"Μαρασλή 43, Αθήνα 106 76, Ελλάδα",,10676,,,,,xe.gr (weekly),,https://www.xe.gr/property/s/mesitiko-grafeio/infoproperty-gr/b8238642-42d2-42e0-bb73-d9b62eeb32b3,,
B&S Properties,independent,,,,no_site,,,,,"Φιλαδέλφειας 2, Αχαρνές 136 71, Ελλάδα",,13671,,,,,xe.gr (weekly),,https://www.xe.gr/property/s/mesitiko-grafeio/b-s-properties/47c571ac-0732-4780-b96b-85e948c5013b,,
Proland,independent,,,,no_site,,,,,"Παπανικολή 2, Γέρακας 153 44, Ελλάδα",,15344,,,,,xe.gr (weekly),,https://www.xe.gr/property/s/mesitiko-grafeio/proland/60c73b20-5268-4266-be7a-dd8e719c422e,,
Attraction Properties,independent,attractionproperties.gr,https://attractionproperties.gr,https://attractionproperties.gr/el,ok,yes,yes,15,,"Πτέρη 1, Μαρούσι 151 24, Ελλάδα",,15124,,,,,xe.gr (weekly); site by domain guess,,https://www.xe.gr/property/s/mesitiko-grafeio/attraction-properties/a7787584-18e9-4abc-801c-3834f2b4dc29,,
Realty Management,independent,,,,no_site,,,,,"Λεωφ. Ιωνίας 89, Άλιμος 174 56, Ελλάδα",,17456,,,,,xe.gr (weekly),,https://www.xe.gr/property/s/mesitiko-grafeio/realty-management/d7b9fb48-af3f-4823-a4ae-ad462e82ec1c,,
Γ. Καρούσος & Λ.Ντιαρντεν Ο.Ε.,independent,,,,no_site,,,,,"Θεμιστοκλέους 7, Ίλιον 131 23, Ελλάδα",,13123,,,,,xe.gr (weekly),,https://www.xe.gr/property/s/mesitiko-grafeio/g-karoysos-l-ntiarnten-o-e/55152a2e-c864-47b8-8069-ea446615470c,,
Tsekouras Estate Services,independent,,,,no_site,,,,,"Λεύκτρων, Αχαρνές 136 71, Ελλάδα",,13671,,,,,xe.gr (weekly),,https://www.xe.gr/property/s/mesitiko-grafeio/tsekouras-estate-services/9642e0f4-7b0e-4402-a926-ab58ffdfae02,,
Home 4 Life,independent,,,,no_site,,,,,"Βαρατάση 7, Αθήνα 114 75, Ελλάδα",,11475,,,,,xe.gr (weekly),,https://www.xe.gr/property/s/mesitiko-grafeio/home-4-life/f86f16b3-2f12-4ef7-adde-448af70a56de,,
Smart Home,independent,,,,no_site,,,,,"Κοτζιά 4, Ηλιούπολη 163 46, Ελλάδα",,16346,,,,,xe.gr (weekly),,https://www.xe.gr/property/s/mesitiko-grafeio/smart-home/5ec1fc3b-e2c7-47fd-9e60-ade426293e61,,
WeProperties,independent,,,,no_site,,,,,"Ακαδημίας 78, Αθήνα 106 78, Ελλάδα",,10678,,,,,xe.gr (weekly),,https://www.xe.gr/property/s/mesitiko-grafeio/weproperties/3bfb2d22-1ebd-4da9-a4b1-25a55d10a747,,
Κατοικία Μίνα Χαρμπαλή,independent,,,,no_site,,,,,"Υψηλάντου 31, Αθήνα 106 75, Ελλάδα",,10675,,,,,xe.gr (weekly),,https://www.xe.gr/property/s/mesitiko-grafeio/katoikia-mina-charmpalh/e8673e62-ace7-40ff-aa81-8696be705900,,
ΜΕΣΙΤΙΚΟ Γ.ΟΙΚΟΝΟΜΙΔΟΥ,independent,,,,no_site,,,,,"Παπακωνσταντίνου 14, Ζωγράφου 157 71, Ελλάδα",,15771,,,,,xe.gr (weekly),,https://www.xe.gr/property/s/mesitiko-grafeio/mesitiko-g-oikonomidoy/3d93c28c-1da9-48a6-8bf8-af088e674884,,
Regina Faraclas & Associates Real Estate,independent,,,,no_site,,,,,"Πλειάδων 7, Παλαιό Φάληρο 175 61, Ελλάδα",,17561,,,,,xe.gr (weekly),,https://www.xe.gr/property/s/mesitiko-grafeio/regina-faraclas-associates-real-estate/a69c38a4-e1fe-47c8-a50a-b15b85c3be90,,
Value Properties,independent,valuerealestate.gr,https://valuerealestate.gr,https://valuerealestate.gr,ok,yes,yes,21,wordpress;real_homes,"3ης Σεπτεμβρίου 8, Αθήνα 104 32, Ελλάδα",,10432,,,,,xe.gr (weekly); site by domain guess,,https://www.xe.gr/property/s/mesitiko-grafeio/value-properties/062e8d7a-b5df-4a01-a320-7abf033eb8c2,,
Wecan Real Estate,independent,wecan-realestate.gr,https://wecan-realestate.gr,https://www.wecan-realestate.gr/,ok,yes,maybe,4,,"Λεωφ. Πεντέλης 119, Χαλάνδρι 152 34, Ελλάδα",,15234,,,,,xe.gr (weekly); site by domain guess,,https://www.xe.gr/property/s/mesitiko-grafeio/wecan-real-estate/039216b1-cf4e-419e-a189-2fc210aae22a,,
Maison,independent,,,,no_site,,,,,"Λεωφόρος Βουλιαγμένης 54, Αθήνα 117 43, Ελλάδα",,11743,,,,,xe.gr (weekly),,https://www.xe.gr/property/s/mesitiko-grafeio/maison/0f3e3534-9823-44ff-be30-803150612892,,
R.e.i.t.gr,independent,,,,no_site,,,,,"Ανδρέα Παπανδρέου 27, Γλυφάδα 166 75, Ελλάδα",,16675,,,,,xe.gr (weekly),,https://www.xe.gr/property/s/mesitiko-grafeio/r-e-i-t-gr/567655d8-d398-4702-955e-f059a186e866,,
Ευρωδομή Real Estate,independent,,,,no_site,,,,,"Ανδρέα Γκίνη 2, Χαλάνδρι 152 33, Ελλάδα",,15233,,,,,xe.gr (weekly),,https://www.xe.gr/property/s/mesitiko-grafeio/eyrwdomh-real-estate/1c34e4a0-9c73-416f-980d-651a592ff34b,,
Nantia Mpimpa - Holistic Real Estate Agent,independent,,,,no_site,,,,,"Λεωφ. Βασιλέως Παύλου 98, Βούλα 166 73, Ελλάδα",,16673,,,,,xe.gr (weekly),,https://www.xe.gr/property/s/mesitiko-grafeio/nantia-mpimpa-holistic-real-estate-agent/b55615d0-7326-41de-abcc-b99dc55f9c09,,
Remax Optimum,independent,,,,no_site,,,,,"Νεφέλης 3, Αθήνα 118 53, Ελλάδα",,11853,,,,,xe.gr (weekly),,https://www.xe.gr/property/s/mesitiko-grafeio/remax-optimum/974b274b-5d75-4eb8-9a5c-b20aa2b43d0f,,
Amaltheia Real Estate,independent,amaltheiarealestate.gr,https://amaltheiarealestate.gr,https://amaltheiarealestate.gr,ok,yes,yes,18,wordpress,"Βουλής 22, Αθήνα 105 63, Ελλάδα",,10563,,,,,xe.gr (weekly); site by domain guess,,https://www.xe.gr/property/s/mesitiko-grafeio/amaltheia-real-estate/8574d06a-2ae1-44f8-81e6-c56740466bba,,
Amazing Properties,independent,,,,no_site,,,,,"Αϊδινίου 6, Νέα Σμύρνη 171 22, Ελλάδα",,17122,,,,,xe.gr (weekly),,https://www.xe.gr/property/s/mesitiko-grafeio/amazing-properties/64c066a0-37a8-4ab6-9463-ac76e2edd558,,
Seven Estate,independent,,,,no_site,,,,,"Δάφνης 5b, Εκάλη 145 78, Ελλάδα",,14578,,,,,xe.gr (weekly),,https://www.xe.gr/property/s/mesitiko-grafeio/seven-estate/3c0c6ad1-2f19-4580-be91-029506703186,,
Ελένη Κασσάρα,independent,,,,no_site,,,,,"Κονδυλάκη 13, Ψυχικό 154 52, Ελλάδα",,15452,,,,,xe.gr (weekly),,https://www.xe.gr/property/s/mesitiko-grafeio/elenh-kassara/cbd48733-d035-4c07-9c63-da0d88a88718,,
Βλαχάκη Αντωνία,independent,,,,no_site,,,,,"Αγίου Κωνσταντίνου 4, Αθήνα 104 31, Ελλάδα",,10431,,,,,xe.gr (weekly),,https://www.xe.gr/property/s/mesitiko-grafeio/vlachakh-antwnia/0568a6a2-bc31-4016-9ed1-eda747525d50,,
Two Brothers Real Estate Project,independent,,,,no_site,,,,,"Κράτητος 25, Αθήνα 117 45, Ελλάδα",,11745,,,,,xe.gr (weekly),,https://www.xe.gr/property/s/mesitiko-grafeio/two-brothers-real-estate-project/cf386076-40db-412b-8f71-35f6de0a8939,,
Μεσιτικές Υπηρεσίες Θανασης Ευθυμιου,independent,,,,no_site,,,,,"Αμαζόνων 64, Ελληνικό 167 77, Ελλάδα",,16777,,,,,xe.gr (weekly),,https://www.xe.gr/property/s/mesitiko-grafeio/mesitikes-yphresies-thanashs-eythymioy/88aa7b05-02de-4895-9cb9-ac5c339830e5,,
Χρυσή Τομή,independent,,,,no_site,,,,,"Κων/νου Σμολένσκη 19, Αθήνα 114 73, Ελλάδα",,11473,,,,,xe.gr (weekly),,https://www.xe.gr/property/s/mesitiko-grafeio/chrysh-tomh/738ab4d1-0278-4346-b197-8b5a32abfdc5,,
EUROFANCO ΜΕΣΙΤΙΚΗ,independent,,,,no_site,,,,,"Ασκληπιού 6, Αθήνα 106 80, Ελλάδα",,10680,,,,,xe.gr (weekly),,https://www.xe.gr/property/s/mesitiko-grafeio/eurofanco-mesitikh/0c0e3f5d-0d4c-4794-b87e-1b3081168c3c,,
KMP Real Estate,independent,,,,no_site,,,,,"Λεωφ. Κηφισίας 95, Αθήνα 115 23, Ελλάδα",,11523,,,,,xe.gr (weekly),,https://www.xe.gr/property/s/mesitiko-grafeio/kmp-real-estate/9d39c529-d14d-4b1c-b28e-2ac01a7ac8b1,,
Στέγαση,independent,,,,no_site,,,,,"Φιλικής Εταιρείας 17, Γλυφάδα 166 74, Ελλάδα",,16674,,,,,xe.gr (weekly),,https://www.xe.gr/property/s/mesitiko-grafeio/stegash/ed17bd8c-c791-485e-93f3-e0141d0fe713,,
Manos Real Estate,independent,,,,no_site,,,,,"Φιλολάου 185, Αθήνα 116 31, Ελλάδα",,11631,,,,,xe.gr (weekly),,https://www.xe.gr/property/s/mesitiko-grafeio/manos-real-estate/40a8cc42-a674-4623-b0a5-0ad76667771e,,
First Real Estate,independent,,,,no_site,,,,,"Κέρκυρας 13, Περιστέρι 121 33, Ελλάδα",,12133,,,,,xe.gr (weekly),,https://www.xe.gr/property/s/mesitiko-grafeio/first-real-estate/a45c9c2a-01a6-4c75-aa7a-49b615554f6c,,
Tsaliki Niki,independent,,,,no_site,,,,,"Σκουφά 66, Αθήνα 106 80, Ελλάδα",,10680,,,,,xe.gr (weekly),,https://www.xe.gr/property/s/mesitiko-grafeio/tsaliki-niki/a17908dc-c13c-4b1d-bc8c-95662c3cb293,,
Southup,independent,,,,no_site,,,,,"Λεωφ. Σαρωνίδας 16, Σαρωνίδα 190 13, Ελλάδα",,19013,,,,,xe.gr (weekly),,https://www.xe.gr/property/s/mesitiko-grafeio/southup/28bb9677-0570-4f28-97ad-14efb3cb0248,,
Yellow Property,independent,,,,no_site,,,,,"Πλαστήρα 12, ν, Βούλα 166 73, Ελλάδα",,16673,,,,,xe.gr (weekly),,https://www.xe.gr/property/s/mesitiko-grafeio/yellow-property/b4cbf384-e37a-4885-bc5d-18d276f3b6f8,,
Λώλης Θεοφάνης,independent,,,,no_site,,,,,"Αλκιμάχου 3, Αθήνα 116 34, Ελλάδα",,11634,,,,,xe.gr (weekly),,https://www.xe.gr/property/s/mesitiko-grafeio/lwlhs-theofanhs/816d9f72-56aa-493a-bc03-5ff66942060b,,
Rotex Real Estate,independent,,,,no_site,,,,,"Αγίας Φωτεινής 29, Νέα Ιωνία 142 31, Ελλάδα",,14231,,,,,xe.gr (weekly),,https://www.xe.gr/property/s/mesitiko-grafeio/rotex-real-estate/c4cca428-d4c1-4239-aeb4-e86c107217a1,,
Livehome Real Estate,independent,,,,no_site,,,,,"Πλ. Ομόνοιας 12, Αθήνα 105 64, Ελλάδα",,10564,,,,,xe.gr (weekly),,https://www.xe.gr/property/s/mesitiko-grafeio/livehome-real-estate/6f008c5e-9687-4d1d-875f-ee6638c7730a,,
Hadleys Real Estate,independent,,,,no_site,,,,,"Ηροδότου 11, Κηφισιά 145 63, Ελλάδα",,14563,,,,,xe.gr (weekly),,https://www.xe.gr/property/s/mesitiko-grafeio/hadleys-real-estate/cfe38400-4dd0-4cbd-a261-4ba795813ca0,,
REAL F STAY,independent,,,,no_site,,,,,"Παραμυθίας 50, Αθήνα 104 35, Ελλάδα",,10435,,,,,xe.gr (weekly),,https://www.xe.gr/property/s/mesitiko-grafeio/real-f-stay/123937c8-5edb-447a-af6a-570e1c0b4ad2,,
Domus Inc.,independent,,,,no_site,,,,,"Λεωφ. Βασιλέως Παύλου 102, Βούλα 166 73, Ελλάδα",,16673,,,,,xe.gr (weekly),,https://www.xe.gr/property/s/mesitiko-grafeio/domus-inc/60860762-3f1a-4107-985d-c994cd1f84ac,,
Seventy Real Estate,independent,,,,no_site,,,,,"Ζωοδόχου Πηγής 2, Αθήνα 106 78, Ελλάδα",,10678,,,,,xe.gr (weekly),,https://www.xe.gr/property/s/mesitiko-grafeio/seventy-real-estate/04ff087d-1140-479a-abb4-9ff18e8df76e,,
Hadjikostis Real Estate,independent,,,,no_site,,,,,"Λεωφ. Καραμανλή 47, Ανάβυσσος 190 13, Ελλάδα",,19013,,,,,xe.gr (weekly),,https://www.xe.gr/property/s/mesitiko-grafeio/hadjikostis-real-estate/8b95a224-f54e-4e7a-b2f5-8a1c1aaf3746,,
Α4group Real Estate & Investments,independent,,,,no_site,,,,,"Θεοφιλοπούλου 14, Αθήνα 117 43, Ελλάδα",,11743,,,,,xe.gr (weekly),,https://www.xe.gr/property/s/mesitiko-grafeio/a4group-real-estate-investments/07721fae-75a2-4d18-bb90-b21f52211db8,,
I Deal Εγγύηση,independent,,,,no_site,,,,,"Εθ. Αντιστάσεως 13, Ζωγράφου 157 72, Ελλάδα",,15772,,,,,xe.gr (weekly),,https://www.xe.gr/property/s/mesitiko-grafeio/i-deal-eggyhsh/d5cce816-29af-421f-a535-4aca8d957a65,,
Davaris Group Real Estate,independent,,,,no_site,,,,,"Βασ. Παύλου, Παιανία 190 02, Ελλάδα",,19002,,,,,xe.gr (weekly),,https://www.xe.gr/property/s/mesitiko-grafeio/davaris-group-real-estate/43f2b3fd-b0ec-47dc-ba15-1fe19ef7046c,,
Geo Real Estate,independent,,,,no_site,,,,,"Λεωφ. Μαραθώνος 63, Γέρακας 153 44, Ελλάδα",,15344,,,,,xe.gr (weekly),,https://www.xe.gr/property/s/mesitiko-grafeio/geo-real-estate/69570f7a-fef3-4807-8909-e21f585ab461,,
Trueland Real Estate,independent,,,,no_site,,,,,"Βούλγαρη 2, Αθήνα 104 37, Ελλάδα",,10437,,,,,xe.gr (weekly),,https://www.xe.gr/property/s/mesitiko-grafeio/trueland-real-estate/29781b39-0970-4696-81b4-a21590282a5d,,
Hellenic Dom Home,independent,,,,no_site,,,,,"28ης Οκτωβρίου 57, Αθήνα 104 33, Ελλάδα",,10433,,,,,xe.gr (weekly),,https://www.xe.gr/property/s/mesitiko-grafeio/hellenic-dom-home/8576dec6-5c4c-43f7-8421-ebee3544b7be,,
Πανοικία,independent,,,,no_site,,,,,"Ευρυτανίας 54, Αθήνα 115 23, Ελλάδα",,11523,,,,,xe.gr (weekly),,https://www.xe.gr/property/s/mesitiko-grafeio/panoikia/e0226dae-11b8-49a7-9b85-57483b10368e,,
Christos Giannakopoulos Real Estate,independent,,,,no_site,,,,,"Βασ. Κωνσταντίνου, Βάρη 166 72, Ελλάδα",,16672,,,,,xe.gr (weekly),,https://www.xe.gr/property/s/mesitiko-grafeio/christos-giannakopoulos-real-estate/98489a1e-83d0-4425-a52d-cc8f2617301f,,
Oikosland Real Estate,independent,,,,no_site,,,,,"Αγάπης, Γλυκά Νερά 153 54, Ελλάδα",,15354,,,,,xe.gr (weekly),,https://www.xe.gr/property/s/mesitiko-grafeio/oikosland-real-estate/fe9ab82c-8024-451b-be57-52452335ce57,,
Zorba Real Estate,independent,,,,no_site,,,,,"Μαρκ. Μπότσαρη 6, Γέρακας 153 44, Ελλάδα",,15344,,,,,xe.gr (weekly),,https://www.xe.gr/property/s/mesitiko-grafeio/zorba-real-estate/02f5a73e-4881-495a-9711-dab606e6cb30,,
Divine Property,independent,divineestate.gr,https://divineestate.gr,https://divineestate.gr,ok,yes,yes,25,wordpress;wpresidence,"Λεωφ. Ποσειδώνος 20, Αθήνα 175 61, Ελλάδα",,17561,,,,,xe.gr (weekly); site by domain guess,,https://www.xe.gr/property/s/mesitiko-grafeio/divine-property/b49ba869-aa27-40f2-8420-73a8a6a213bb,,
K&G Real Estate,independent,,,,no_site,,,,,"Π. Νιρβάνα 9, Νέο Ψυχικό 154 51, Ελλάδα",,15451,,,,,xe.gr (weekly),,https://www.xe.gr/property/s/mesitiko-grafeio/k-g-real-estate/3e5e7d21-ade1-4088-8efc-c463fd2a773a,,
Sotirakos Real Estate,independent,,,,no_site,,,,,"Ακρωτηρίου Κρήτης 40, Αχαρνές 136 71, Ελλάδα",,13671,,,,,xe.gr (weekly),,https://www.xe.gr/property/s/mesitiko-grafeio/sotirakos-real-estate/04265f36-758d-479c-a478-d985844e5ce0,,
Γαιοθεμελιακή,independent,,,,no_site,,,,,"Λεωφ. Κρυονερίου 9, Κρυονέρι 145 68, Ελλάδα",,14568,,,,,xe.gr (weekly),,https://www.xe.gr/property/s/mesitiko-grafeio/gaiothemeliakh/80d43d12-cc1c-4a19-8159-7ace75b949bf,,
ΤheHome1,independent,,,,no_site,,,,,"Υποσμηναγού Νικολάου Παρούση, Ωρωπός 190 15, Ελλάδα",,19015,,,,,xe.gr (weekly),,https://www.xe.gr/property/s/mesitiko-grafeio/thehome1/dc0bcd86-a6fc-4af8-8a16-d1bb18dd81e1,,
Μεσιτικό Γεωργακόπουλος & Συνεργάτες,independent,,,,no_site,,,,,"Ζέππου 10, Γλυφάδα 166 75, Ελλάδα",,16675,,,,,xe.gr (weekly),,https://www.xe.gr/property/s/mesitiko-grafeio/mesitiko-gewrgakopoylos-synergates/b6bfbb02-ec36-4dac-92b4-714cdb655f3f,,
GRB Home,independent,,,,no_site,,,,,"Μιλτιάδου 2, Βριλήσσια 152 38, Ελλάδα",,15238,,,,,xe.gr (weekly),,https://www.xe.gr/property/s/mesitiko-grafeio/grb-home/0c8ab3da-240b-4409-ba04-8379b464dc89,,
Fox Real Estate Ζησιμάτου Ελένη,independent,,,,no_site,,,,,"Γρ. Αυξεντίου 3, Νέα Ερυθραία 146 71, Ελλάδα",,14671,,,,,xe.gr (weekly),,https://www.xe.gr/property/s/mesitiko-grafeio/fox-real-estate-zhsimatoy-elenh/5d556991-2ee7-404e-bd17-fa8c501ed407,,
Κορίνα Ιστανμπούλογλου,independent,,,,no_site,,,,,"Ιφιγένειας 21, Παλαιό Φάληρο 175 63, Ελλάδα",,17563,,,,,xe.gr (weekly),,https://www.xe.gr/property/s/mesitiko-grafeio/korina-istanmpoylogloy/a2ae6d63-56b5-4898-aefb-d8cd66ebbd33,,
Best Deal Estate,independent,,,,no_site,,,,,"Ασκληπιού 49, Βούλα 166 73, Ελλάδα",,16673,,,,,xe.gr (weekly),,https://www.xe.gr/property/s/mesitiko-grafeio/best-deal-estate/b41faddf-b6ff-4280-a8ad-5e7116818eb3,,
Selena Real Estate,independent,,,,no_site,,,,,"Ομήρου 50, Νέα Σμύρνη 171 21, Ελλάδα",,17121,,,,,xe.gr (weekly),,https://www.xe.gr/property/s/mesitiko-grafeio/selena-real-estate/aad4e76e-1249-46bc-b298-f112a387007b,,
RP Properties Realtor,independent,,,,no_site,,,,,"Ερμού 10, Γλυφάδα 166 74, Ελλάδα",,16674,,,,,xe.gr (weekly),,https://www.xe.gr/property/s/mesitiko-grafeio/rp-properties-realtor/92283901-8f4f-4ba8-a3ed-fbb19741ee3c,,
Ace Luxury Hellenic Properties,independent,,,,no_site,,,,,"Βέρδη 3, Δήμος Νέας Φιλαδέλφειας - Νέας Χαλκηδόνας 143 42, Ελλάδα",,14342,,,,,xe.gr (weekly),,https://www.xe.gr/property/s/mesitiko-grafeio/ace-luxury-hellenic-properties/288ececa-8c0f-4e01-9b8c-5291e7a793d7,,
KE,independent,,,,no_site,,,,,"Λέσβου 17, Αγ. Βαρβάρα 123 51, Ελλάδα",,12351,,,,,xe.gr (weekly),,https://www.xe.gr/property/s/mesitiko-grafeio/ke/57620a6a-5028-44b4-bf6e-a12b88b30121,,
ANAX1,independent,,,,no_site,,,,,"Σαλαμίνος 17, Μαρούσι 151 24, Ελλάδα",,15124,,,,,xe.gr (weekly),,https://www.xe.gr/property/s/mesitiko-grafeio/anax1/53f88ce1-20bd-4e26-8638-d6a0e9b9b32b,,
Real Estate Star,independent,,,,no_site,,,,,"Γραβιάς 17, Αθήνα 106 78, Ελλάδα",,10678,,,,,xe.gr (weekly),,https://www.xe.gr/property/s/mesitiko-grafeio/real-estate-star/7d1e0de1-b9b8-49c5-96fa-28d595a0a44c,,
FTF A.E.,independent,,,,no_site,,,,,"Λεωφ. Αλεξάνδρας 5, Αθήνα 114 73, Ελλάδα",,11473,,,,,xe.gr (weekly),,https://www.xe.gr/property/s/mesitiko-grafeio/ftf-a-e/4d06f441-5837-4952-aca3-eaf73ea81d56,,
Regal Estate,independent,,,,no_site,,,,,"Πίνδου 10, Βρανάς 190 07, Ελλάδα",,19007,,,,,xe.gr (weekly),,https://www.xe.gr/property/s/mesitiko-grafeio/regal-estate/110a59e7-997c-495f-a32f-68385bcf0249,,
Ακίνητα Καπέλλη-Τατάκη,independent,,,,no_site,,,,,"Μπόχαλη 11, Αθήνα 114 76, Ελλάδα",,11476,,,,,xe.gr (weekly),,https://www.xe.gr/property/s/mesitiko-grafeio/akinhta-kapellh-tatakh/2424199b-a33e-4020-8ec9-5b3315a91e45,,
ΤΡΙΚΩΝ ΠΟΛ ΜΗΧΑΝΙΚΟΣ ΕΜΠ Σύμβουλος Ακίνητης Περιουσίας,independent,,,,no_site,,,,,"Αμμοχώστου, Άλιμος 174 55, Ελλάδα",,17455,,,,,xe.gr (weekly),,https://www.xe.gr/property/s/mesitiko-grafeio/trikwn-pol-mhchanikos-emp-symvoylos-akinhths-perioysias/6b52f8d2-ba38-4809-a9dc-4f1dfcccc8d3,,
0030 ΟΕ,independent,,,,no_site,,,,,"Αδαμάντιου Κοραή 54, 115 24, Καλαμαριά 551 32, Ελλάδα",,11524,,,,,xe.gr (weekly),,https://www.xe.gr/property/s/mesitiko-grafeio/0030-oe/93de5de4-cda6-4541-b434-f5d43896edf8,,
nestate Κτηματομεσιτική,independent,,,,no_site,,,,,"Παπαδιαμαντοπούλου 12, Αθήνα 115 28, Ελλάδα",,11528,,,,,xe.gr (weekly),,https://www.xe.gr/property/s/mesitiko-grafeio/nestate-kthmatomesitikh/c3a25d97-4787-4408-8d51-dbe07e8300ca,,
METRO AEBE,independent,,,,no_site,,,,,"Σωρού 1, Μεταμόρφωση 144 52, Ελλάδα",,14452,,,,,xe.gr (weekly),,https://www.xe.gr/property/s/mesitiko-grafeio/metro-aebe/3fa2677e-b654-48a1-828c-50a25d9a7d0e,,
Πανμεσιτική,independent,,,,no_site,,,,,"Λεωφ. Μεσογείων 82, Αθήνα 115 27, Ελλάδα",,11527,,,,,xe.gr (weekly),,https://www.xe.gr/property/s/mesitiko-grafeio/panmesitikh/6bbc0682-9b70-4060-a5da-9b7dbdc9785d,,
Wise Line,independent,wiseline.gr,https://wiseline.gr,https://wiseline.gr,ok,yes,no,0,wordpress,"Δραγατσανίου 5, Αγ. Παρασκευή 153 43, Ελλάδα",,15343,,,,,xe.gr (weekly); site by domain guess,,https://www.xe.gr/property/s/mesitiko-grafeio/wise-line/49813a24-ff0f-40a9-b725-347c7e3be45c,,
Aktiki Real Estate Agency,independent,,,,no_site,,,,,"Κριεζώτου 6, Αθήνα 106 71, Ελλάδα",,10671,,,,,xe.gr (weekly),,https://www.xe.gr/property/s/mesitiko-grafeio/aktiki-real-estate-agency/de34a92b-a44b-4fd2-bc46-01f9ba70ea4b,,
Homelliers Real Estate,independent,,,,no_site,,,,,"Έκτορος 85, Ίλιον 131 22, Ελλάδα",,13122,,,,,xe.gr (weekly),,https://www.xe.gr/property/s/mesitiko-grafeio/homelliers-real-estate/6d2c751f-3251-46df-91cd-61fc646dc926,,
Value Deal,independent,valuedeal.com.gr,https://valuedeal.com.gr,https://valuedeal.com.gr,ok,yes,no,0,,"Παναγιώτου Αναγνωστοπούλου 9, 6, Αθήνα 106 73, Ελλάδα",,10673,,,,,xe.gr (weekly); site by domain guess,,https://www.xe.gr/property/s/mesitiko-grafeio/value-deal/ca724f7c-a68d-4a3c-af7f-17e53379fe07,,
Luxury Home Properties,independent,,,,no_site,,,,,"Κερκης 80, Πετρούπολη 132 31, Ελλάδα",,13231,,,,,xe.gr (weekly),,https://www.xe.gr/property/s/mesitiko-grafeio/luxury-home-properties/8798bc96-c638-4897-9ea2-49a41a7858f2,,
Aspect Real Estate,independent,,,,no_site,,,,,"Λεωφ. Δημοκρατίας 8, Μελίσσια 151 27, Ελλάδα",,15127,,,,,xe.gr (weekly),,https://www.xe.gr/property/s/mesitiko-grafeio/aspect-real-estate/49b5c717-2c0c-4d60-895e-0e8a1eab970d,,
Παπαθανασίου Ευαγγελία,independent,,,,no_site,,,,,"BOCA coffee and more, Propontidos 16, Nea Palatia 190 15, Ελλάδα",,19015,,,,,xe.gr (weekly),,https://www.xe.gr/property/s/mesitiko-grafeio/papathanasioy-eyaggelia/2ccadd72-6a3b-4336-8527-48b10acac755,,
Roumpos Real Estate,independent,roumposrealestate.gr,https://roumposrealestate.gr,https://www.roumposrealestate.gr/el/home,ok,yes,yes,7,,"Λεωφ. Κηφισίας 44, Μαρούσι 151 25, Ελλάδα",,15125,,,,,xe.gr (weekly); site by domain guess,,https://www.xe.gr/property/s/mesitiko-grafeio/roumpos-real-estate/fa1d50dd-9f0f-4b95-9c3d-80bf5140b5ad,,
Βασιλόπουλος Σταύρος,independent,,,,no_site,,,,,"Καραολη Δημήτριου 15, Χαλάνδρι 152 32, Ελλάδα",,15232,,,,,xe.gr (weekly),,https://www.xe.gr/property/s/mesitiko-grafeio/vasilopoylos-stayros/a9b68b3d-80da-49fd-a4c1-5e96ad6b265c,,
Real Estate Κηφισιάς Κούρτογλου,independent,,,,no_site,,,,,"Συνταγματάρχου Δαβάκη 22, Καλλιθέα 176 72, Ελλάδα",,17672,,,,,xe.gr (weekly),,https://www.xe.gr/property/s/mesitiko-grafeio/real-estate-khfisias-koyrtogloy/218bf135-3739-45f3-8635-9ad8c00c6a2e,,
Kazakos Real Estate,independent,kazakosrealestate.gr,https://kazakosrealestate.gr,https://kazakosrealestate.gr,ok,yes,no,0,,"Σινώπης 30, Αθήνα 115 27, Ελλάδα",,11527,,,,,xe.gr (weekly); site by domain guess,,https://www.xe.gr/property/s/mesitiko-grafeio/kazakos-real-estate/d30877bf-0087-411c-b1c9-ee51da87d61c,,
Between Real Estate,independent,,,,no_site,,,,,"Ψυχικό 154 52, Ελλάδα",,15452,,,,,xe.gr (weekly),,https://www.xe.gr/property/s/mesitiko-grafeio/between-real-estate/4f86a373-077f-44ec-8ac4-83c97c2c9293,,
Homezy Real Estate,independent,homezyrealestate.gr,https://homezyrealestate.gr,https://homezyrealestate.gr/el,ok,yes,yes,48,,"Κλέαρχου 35, Αγ. Δημήτριος Αττικής 173 43, Ελλάδα",,17343,,,,,xe.gr (weekly); site by domain guess,,https://www.xe.gr/property/s/mesitiko-grafeio/homezy-real-estate/2d8c54c5-1848-4dc3-851e-710e09d96e53,,
Anxin,independent,,,,no_site,,,,,"Αγκύλης 51, Αθήνα 117 43, Ελλάδα",,11743,,,,,xe.gr (weekly),,https://www.xe.gr/property/s/mesitiko-grafeio/anxin/7a47b7c0-cfcf-47cf-8195-686c879c12e1,,
Νικοπούλου Μαρία,independent,,,,no_site,,,,,"Ακροπόλεως 13, Καλλιθέα 176 76, Ελλάδα",,17676,,,,,xe.gr (weekly),,https://www.xe.gr/property/s/mesitiko-grafeio/nikopoyloy-maria/f364cd43-a5f1-49d1-8ba2-94eeebd0efed,,
Elfil Property Development SA,independent,,,,no_site,,,,,"Ηρ. Πολυτεχνείου 5, Γέρακας 153 44, Ελλάδα",,15344,,,,,xe.gr (weekly),,https://www.xe.gr/property/s/mesitiko-grafeio/elfil-property-development-sa/8887faf6-60ba-4ce6-81f3-6bbeb914de79,,
Πλάνο Real Estate,independent,,,,no_site,,,,,"Λεωφ. Αμφιθέας 26, Παλαιό Φάληρο 175 64, Ελλάδα",,17564,,,,,xe.gr (weekly),,https://www.xe.gr/property/s/mesitiko-grafeio/plano-real-estate/1e9a8907-14ec-4dcd-9440-870564ac1e23,,
Pepper Advantage Greece,independent,,,,no_site,,,,,"Μαρούσι 151 25, Ελλάδα",,15125,,,,,xe.gr (weekly),,https://www.xe.gr/property/s/mesitiko-grafeio/pepper-advantage-greece/e255d52f-7e93-4a5f-86cf-522e4e92df47,,
CityValue Real Estate,independent,cityvalue.gr,https://cityvalue.gr,https://cityvalue.gr,ok,yes,yes,22,wordpress;houzez,"Πινδάρου 15, Αθήνα 106 73, Ελλάδα",,10673,,,,,xe.gr (weekly); site by domain guess,,https://www.xe.gr/property/s/mesitiko-grafeio/cityvalue-real-estate/257954a0-ba1b-43f0-9679-09ff57fdc284,,
North Project Real Estate,independent,northproject.gr,https://northproject.gr,https://www.northproject.gr/,ok,yes,yes,6,,"Νυμφών 10, Κηφισιά 145 63, Ελλάδα",,14563,,,,,xe.gr (weekly); site by domain guess,,https://www.xe.gr/property/s/mesitiko-grafeio/north-project-real-estate/b7ff7192-6b14-494c-97d4-09324a1259f3,,
OptionOne Μονοπρόσωπη Ι.Κ.Ε.,independent,,,,no_site,,,,,"Λεωφ. Καποδιστρίου 39, Φιλοθέη 152 37, Ελλάδα",,15237,,,,,xe.gr (weekly),,https://www.xe.gr/property/s/mesitiko-grafeio/optionone-monoproswph-i-k-e/18b50fd7-506e-4bd7-b85d-647e6166b076,,
Κυριακάκης,independent,,,,no_site,,,,,"Λεωφ. Καραμανλή, Δήμος Σπάτων - Αρτέμιδος 190 04, Ελλάδα",,19004,,,,,xe.gr (weekly),,https://www.xe.gr/property/s/mesitiko-grafeio/kyriakakhs/79c0c8b6-003c-4818-8e3e-b5f33d84594a,,
Realty Executives Hellas & Cyprus,independent,,,,no_site,,,,,"Αινιάνος 8, Αθήνα 104 34, Ελλάδα",,10434,,,,,xe.gr (weekly),,https://www.xe.gr/property/s/mesitiko-grafeio/realty-executives-hellas-cyprus/e35afa1e-023b-4613-9631-4f932b03ed15,,
Edrasi Real Estate,independent,,,,no_site,,,,,"Υακίνθου 3, Μαρούσι 151 23, Ελλάδα",,15123,,,,,xe.gr (weekly),,https://www.xe.gr/property/s/mesitiko-grafeio/edrasi-real-estate/f8b867b4-36e4-49d4-976e-4ac18c5ab92c,,
askYannis,independent,,,,no_site,,,,,"Ιθάκης 33, Αθήνα 112 57, Ελλάδα",,11257,,,,,xe.gr (weekly),,https://www.xe.gr/property/s/mesitiko-grafeio/askyannis/d3f23b48-aac7-4de1-8466-8b20a1965800,,
Homeholics Real Estate,independent,,,,no_site,,,,,"Εθ. Αντιστάσεως 6, Περιστέρι 121 34, Ελλάδα",,12134,,,,,xe.gr (weekly),,https://www.xe.gr/property/s/mesitiko-grafeio/homeholics-real-estate/b1e18096-4681-4bd8-af81-544aa30b583c,,
Kanakis Real Estate and Management,independent,,,,no_site,,,,,"Νικηταρά 8-10, Αθήνα 106 78, Ελλάδα",,10678,,,,,xe.gr (weekly),,https://www.xe.gr/property/s/mesitiko-grafeio/kanakis-real-estate-and-management/10ad53e7-ff95-438e-8dd9-38d547704096,,
Pagoulatos Properties,independent,,,,no_site,,,,,"Ουμπλιανής 8, Καισαριανή 161 21, Ελλάδα",,16121,,,,,xe.gr (weekly),,https://www.xe.gr/property/s/mesitiko-grafeio/pagoulatos-properties/b0660a55-d1cc-409d-89d3-73f83c751014,,
Ροβολής Αχιλλέας,independent,,,,no_site,,,,,"Λεωφ. Μαραθώνος 93, Νέα Μάκρη 190 05, Ελλάδα",,19005,,,,,xe.gr (weekly),,https://www.xe.gr/property/s/mesitiko-grafeio/rovolhs-achilleas/5984c1f4-d03a-4e0d-81b7-855126815ccc,,
Housenet,independent,,,,no_site,,,,,"Αναστασίου Τσόχα 30, Αθήνα 115 21, Ελλάδα",,11521,,,,,xe.gr (weekly),,https://www.xe.gr/property/s/mesitiko-grafeio/housenet/c00062f0-6bae-424e-8e77-5c037ca0c4c9,,
ZHOMES,independent,,,,no_site,,,,,"Φιλολάου 27, Αθήνα 116 33, Ελλάδα",,11633,,,,,xe.gr (weekly),,https://www.xe.gr/property/s/mesitiko-grafeio/zhomes/323ff9f9-6351-47fd-acce-b26807a4046c,,
South Properties,independent,,,,no_site,,,,,"Δαιδάλου 14, Βάρη 166 72, Ελλάδα",,16672,,,,,xe.gr (weekly),,https://www.xe.gr/property/s/mesitiko-grafeio/south-properties/fecb0be1-f9dc-4117-ae57-390e78f3a374,,
HPL Real Estate,independent,,,,no_site,,,,,"Θυατείρων, Νέα Σμύρνη 171 21, Ελλάδα",,17121,,,,,xe.gr (weekly),,https://www.xe.gr/property/s/mesitiko-grafeio/hpl-real-estate/208baf9d-b0d6-4784-bb9b-45428bf642cd,,
Gemini International LLC,independent,,,,no_site,,,,,"Λεωφ. Ανδρέα Συγγρού 196, Καλλιθέα 176 71, Ελλάδα",,17671,,,,,xe.gr (weekly),,https://www.xe.gr/property/s/mesitiko-grafeio/gemini-international-llc/41999522-ba3d-4197-89b1-4329b035dce2,,
Gaiatek,independent,,,,no_site,,,,,"Μιαούλη 54, Ελευσίνα 192 00, Ελλάδα",,19200,,,,,xe.gr (weekly),,https://www.xe.gr/property/s/mesitiko-grafeio/gaiatek/73375917-e06f-437b-93b2-01dcf67b929a,,
Real Best Choice,independent,,,,no_site,,,,,"Πλάτωνος 28, Νέα Ερυθραία 146 71, Ελλάδα",,14671,,,,,xe.gr (weekly),,https://www.xe.gr/property/s/mesitiko-grafeio/real-best-choice/400ec51b-4bcf-4397-bbde-7b1515dfe744,,
Rothos Properties Real Estate,independent,,,,no_site,,,,,"Αθήνας 90, Βουλιαγμένη 166 71, Ελλάδα",,16671,,,,,xe.gr (weekly),,https://www.xe.gr/property/s/mesitiko-grafeio/rothos-properties-real-estate/ffb3daec-e90e-4216-a8aa-728b1e25aae0,,
My Project Real Estate,independent,,,,no_site,,,,,"Μεσογείων 73, Μαρούσι 151 26, Ελλάδα",,15126,,,,,xe.gr (weekly),,https://www.xe.gr/property/s/mesitiko-grafeio/my-project-real-estate/df93df83-4ec6-4d16-9dd1-fe0f9fe23ee9,,
MS Real Estate & General Brokership,independent,,,,no_site,,,,,"Καλύβια Θορικού 190 10, Ελλάδα",,19010,,,,,xe.gr (weekly),,https://www.xe.gr/property/s/mesitiko-grafeio/ms-real-estate-general-brokership/006f4e0a-3149-4c12-9ead-0b1aa824e953,,
Paramount Estates,independent,paramount-estates.com,https://paramount-estates.com,https://paramount-estates.com,ok,yes,no,0,wordpress,"Αχαρνών 2, Κηφισιά 145 61, Ελλάδα",,14561,,,,,xe.gr (weekly); site by domain guess,,https://www.xe.gr/property/s/mesitiko-grafeio/paramount-estates/5976b7fb-2aa8-4c3e-ab20-099cad1403ba,,
Aim Estate group,independent,,,,no_site,,,,,"Αμερικής 9, Αθήνα 106 72, Ελλάδα",,10672,,,,,xe.gr (weekly),,https://www.xe.gr/property/s/mesitiko-grafeio/aim-estate-group/2f1d25a7-5748-4ffd-9b2c-ae0bb42e05d6,,
Κατσίκης Παναγιώτης Real Estate,independent,,,,no_site,,,,,"Αγίου Δημητρίου, Κερατέα 190 01, Ελλάδα",,19001,,,,,xe.gr (weekly),,https://www.xe.gr/property/s/mesitiko-grafeio/katsikhs-panagiwths-real-estate/c38923cb-b730-4744-ae9b-73d58a289ac8,,
Μάντζαρη Παναγιώτα,independent,,,,no_site,,,,,"Εμμανουήλ Μπενάκη 9, Αθήνα 106 78, Ελλάδα",,10678,,,,,xe.gr (weekly),,https://www.xe.gr/property/s/mesitiko-grafeio/mantzarh-panagiwta/1f0ef44e-60b7-41cb-a33d-015b3042b742,,
Το Μεσιτικό Της Καλλιθέας,independent,,,,no_site,,,,,"Σπάρτης 112, Καλλιθέα 176 75, Ελλάδα",,17675,,,,,xe.gr (weekly),,https://www.xe.gr/property/s/mesitiko-grafeio/to-mesitiko-ths-kallitheas/e2b511df-a78d-4b68-be16-ce3d0cebb627,,
CRP Stegasi,independent,,,,no_site,,,,,"Τράλλεων 132, Γαλάτσι 111 46, Ελλάδα",,11146,,,,,xe.gr (weekly),,https://www.xe.gr/property/s/mesitiko-grafeio/crp-stegasi/411c2f90-f7a0-4ea5-ad03-be4a0cd69456,,
ArtEmis Real Estate & Construction,independent,,,,no_site,,,,,"Γρίβα 2-4, Ηλιούπολη 163 41, Ελλάδα",,16341,,,,,xe.gr (weekly),,https://www.xe.gr/property/s/mesitiko-grafeio/artemis-real-estate-construction/7f508f70-1dde-4fe3-9859-563e7f532b02,,
Everplot,independent,,,,no_site,,,,,"Παλαιό Φάληρο 175 63, Ελλάδα",,17563,,,,,xe.gr (weekly),,https://www.xe.gr/property/s/mesitiko-grafeio/everplot/fd03905a-5be8-47d6-8bc5-40337cf589df,,
BUSINESSVIEW IKE,independent,,,,no_site,,,,,"Δωδεκανήσου 16, Άλιμος 174 56, Ελλάδα",,17456,,,,,xe.gr (weekly),,https://www.xe.gr/property/s/mesitiko-grafeio/businessview-ike/f519c47f-f49b-4d97-b332-78d69e7d2940,,
Πρόταση Κτηματική Επενδυτική,independent,,,,no_site,,,,,"Λεωφ. Τραπεζούντος 36, Αγ. Στέφανος 145 65, Ελλάδα",,14565,,,,,xe.gr (weekly),,https://www.xe.gr/property/s/mesitiko-grafeio/protash-kthmatikh-ependytikh/965ec754-46ff-4646-9508-017f373a59ce,,
Prodan Real Estate,independent,,,,no_site,,,,,"Παπαδιαμάντη 25, Ψυχικό 154 52, Ελλάδα",,15452,,,,,xe.gr (weekly),,https://www.xe.gr/property/s/mesitiko-grafeio/prodan-real-estate/d90da14d-5c23-4fa9-bd0b-2d8cce79d243,,
Omirou Properties,independent,,,,no_site,,,,,"Ομήρου 47, Αθήνα 106 72, Ελλάδα",,10672,,,,,xe.gr (weekly),,https://www.xe.gr/property/s/mesitiko-grafeio/omirou-properties/570eca9f-827e-4053-bf76-2a1f3d6ba9c7,,
Dagres Real Estate,independent,,,,no_site,,,,,"Διονύσου 12, Ηλιούπολη 163 43, Ελλάδα",,16343,,,,,xe.gr (weekly),,https://www.xe.gr/property/s/mesitiko-grafeio/dagres-real-estate/c12dc21b-88ac-4d25-95c8-475cdc23997a,,
Hellenic Grounds,independent,hellenicgrounds.gr,https://hellenicgrounds.gr,https://hellenicgrounds.gr,ok,yes,yes,22,wordpress,"Λεωφ. Ελ. Βενιζέλου 58, Γλυφάδα 166 75, Ελλάδα",,16675,,,,,xe.gr (weekly); site by domain guess,,https://www.xe.gr/property/s/mesitiko-grafeio/hellenic-grounds/abe4362c-fac9-4e30-bf5c-822b5e4cda74,,
The Way Home Real Estate,independent,,,,no_site,,,,,"Λακωνίας 1, Βούλα 166 73, Ελλάδα",,16673,,,,,xe.gr (weekly),,https://www.xe.gr/property/s/mesitiko-grafeio/the-way-home-real-estate/b6fd8eca-9c94-4f1d-bc2b-63f14e86aafa,,
DMF Group,independent,,,,no_site,,,,,"Αριστοτέλους 185, Αθήνα 112 51, Ελλάδα",,11251,,,,,xe.gr (weekly),,https://www.xe.gr/property/s/mesitiko-grafeio/dmf-group/beaf8b2a-76f5-4a68-9bba-0c713299ef41,,
JP Γιάννης Περάκης,independent,,,,no_site,,,,,"Πρωτογένους 1, Αθήνα 105 54, Ελλάδα",,10554,,,,,xe.gr (weekly),,https://www.xe.gr/property/s/mesitiko-grafeio/jp-giannhs-perakhs/324cc3ff-a371-42b4-b5cf-39ffb2d16b44,,
7 star,independent,,,,no_site,,,,,"Ομήρου 40, Κηφισιά 145 62, Ελλάδα",,14562,,,,,xe.gr (weekly),,https://www.xe.gr/property/s/mesitiko-grafeio/7-star/6fd80e0c-359c-4062-ab03-9d175c561f58,,
G9 Real Estate,independent,,,,no_site,,,,,"Λεωφ. Κυπρίων Ηρώων 25, Ηλιούπολη 163 41, Ελλάδα",,16341,,,,,xe.gr (weekly),,https://www.xe.gr/property/s/mesitiko-grafeio/g9-real-estate/4905ccc1-210d-4e0d-bccc-cd27e296da19,,
Luminous Architects,independent,,,,no_site,,,,,"Παπανικολή 56, Χαλάνδρι 152 32, Ελλάδα",,15232,,,,,xe.gr (weekly),,https://www.xe.gr/property/s/mesitiko-grafeio/luminous-architects/f023d36a-4d51-4169-905b-dd91737ec6f2,,
LANDINVEST,independent,,,,no_site,,,,,"Λεωφ. Ανδρέα Συγγρού 96, Αθήνα 117 41, Ελλάδα",,11741,,,,,xe.gr (weekly),,https://www.xe.gr/property/s/mesitiko-grafeio/landinvest/0bbcb292-07a6-4972-ba43-25614a5d786b,,
L T Real Estate,independent,,,,no_site,,,,,"Λεωφ. Μεσογείων 458, Αγ. Παρασκευή 153 42, Ελλάδα",,15342,,,,,xe.gr (weekly),,https://www.xe.gr/property/s/mesitiko-grafeio/l-t-real-estate/b19faaff-3ce9-4ee4-9128-2fe802960085,,
Naios Properties,independent,,,,no_site,,,,,"Μεθώνης 47, Αθήνα 106 81, Ελλάδα",,10681,,,,,xe.gr (weekly),,https://www.xe.gr/property/s/mesitiko-grafeio/naios-properties/251a3517-52eb-4d43-95c3-7e1699b6fc49,,
Primeproperties,independent,,,,no_site,,,,,"Ολυμπιονικών 49, Γλυκά Νερά 153 54, Ελλάδα",,15354,,,,,xe.gr (weekly),,https://www.xe.gr/property/s/mesitiko-grafeio/primeproperties/2fa62d67-1ec1-47da-a9fe-ed405d5791e8,,
House Hellas,independent,,,,no_site,,,,,"Αισώπου 5, Άρτεμις 190 16, Ελλάδα",,19016,,,,,xe.gr (weekly),,https://www.xe.gr/property/s/mesitiko-grafeio/house-hellas/b1a6156d-dd59-4023-b124-94d744c1281b,,
Premium Home,independent,,,,no_site,,,,,"Πατριάρχου Ιωακείμ 25, Ταύρος Αττικής 177 78, Ελλάδα",,17778,,,,,xe.gr (weekly),,https://www.xe.gr/property/s/mesitiko-grafeio/premium-home/307cef05-62d6-4cf9-a8fa-6d8851033305,,
D-Home Real Estate,independent,,,,no_site,,,,,"Ελληνικό - Αργυρούπολη 167 77, Ελλάδα",,16777,,,,,xe.gr (weekly),,https://www.xe.gr/property/s/mesitiko-grafeio/d-home-real-estate/1caca3f7-3c93-4f42-9cde-6976534c6dcc,,
Horizon Real Estate,independent,horizonrealestate.gr,https://horizonrealestate.gr,https://horizonrealestate.gr,ok,yes,yes,40,joomla,"Βυζαντίου 32, Νέα Ιωνία 142 34, Ελλάδα",,14234,,,,,xe.gr (weekly); site by domain guess,,https://www.xe.gr/property/s/mesitiko-grafeio/horizon-real-estate/c701199f-7862-4bef-9d0a-7dce6f21a6be,,
Premium Estates,independent,,,,no_site,,,,,"Δημ. Γούναρη 96, Μαρούσι 151 25, Ελλάδα",,15125,,,,,xe.gr (weekly),,https://www.xe.gr/property/s/mesitiko-grafeio/premium-estates/878d6d46-5349-4b71-8087-f32e6abd32d9,,
IBT INSURANCE - REAL ESTATE,independent,,,,no_site,,,,,"Λεωφ. Αμφιθέας 5, Αθήνα 171 22, Ελλάδα",,17122,,,,,xe.gr (weekly),,https://www.xe.gr/property/s/mesitiko-grafeio/ibt-insurance-real-estate/ffcd310e-7db6-4521-a263-69db76781008,,
FRG Real Estate,independent,,,,no_site,,,,,"Ανάβυσσος 190 13, Ελλάδα",,19013,,,,,xe.gr (weekly),,https://www.xe.gr/property/s/mesitiko-grafeio/frg-real-estate/35b7d2d8-ede1-4c37-bcba-7444edd71845,,
Elimar Properties,independent,,,,no_site,,,,,"Λεωφ. Ελ. Βενιζέλου 112, Ηλιούπολη 163 45, Ελλάδα",,16345,,,,,xe.gr (weekly),,https://www.xe.gr/property/s/mesitiko-grafeio/elimar-properties/ab2dad8d-e44b-4ef5-8fc9-f1c129307e52,,
OMNIA Agency,independent,,,,no_site,,,,,"Ανδρέα Παπανδρέου 11, Γλυφάδα 166 75, Ελλάδα",,16675,,,,,xe.gr (weekly),,https://www.xe.gr/property/s/mesitiko-grafeio/omnia-agency/16679930-84b9-4549-8bcb-b1720f28985d,,
Blanc Group,independent,,,,no_site,,,,,"Ακακιών 52, Μαρούσι 151 25, Ελλάδα",,15125,,,,,xe.gr (weekly),,https://www.xe.gr/property/s/mesitiko-grafeio/blanc-group/ef8697ed-4848-4f7f-bb8d-91311ccefe8b,,
iOwn,independent,,,,no_site,,,,,"Λεωφ. Δημοκρατίας 10, Νέο Ψυχικό 154 51, Ελλάδα",,15451,,,,,xe.gr (weekly),,https://www.xe.gr/property/s/mesitiko-grafeio/iown/6a423579-6cb2-4b5a-9f8c-9224d061dabf,,
Jet Set Real Estate & Yachting,independent,,,,no_site,,,,,"Φοίβου 1, Εκάλη 145 78, Ελλάδα",,14578,,,,,xe.gr (weekly),,https://www.xe.gr/property/s/mesitiko-grafeio/jet-set-real-estate-yachting/05765e84-69dc-43e6-b8da-68882585775f,,
Celestate Properties,independent,celestate.com,https://celestate.com,https://www.brandbucket.com/names/celestate,ok,yes,maybe,0,,"Κλυμένης 8, Βάρη 166 72, Ελλάδα",,16672,,,,,xe.gr (weekly); site by domain guess,,https://www.xe.gr/property/s/mesitiko-grafeio/celestate-properties/a12ceadc-9aa2-47e7-aec4-e9044abeabca,,
Attica Property Project,independent,,,,no_site,,,,,"Σαρωνικού 33, Ηλιούπολη 163 45, Ελλάδα",,16345,,,,,xe.gr (weekly),,https://www.xe.gr/property/s/mesitiko-grafeio/attica-property-project/21de2887-7fc0-4800-bee9-39e7e7802fb0,,
Kourkoumeli Horizon Sphere,independent,,,,no_site,,,,,"Δαμάρεως 13, Αθήνα 116 33, Ελλάδα",,11633,,,,,xe.gr (weekly),,https://www.xe.gr/property/s/mesitiko-grafeio/kourkoumeli-horizon-sphere/c23ffff3-2d15-4ff8-8792-addc2e7b39c9,,
TSOUKALIS AMEKA,independent,,,,no_site,,,,,"Πανεπιστημίου 58, Αθήνα 106 78, Ελλάδα",,10678,,,,,xe.gr (weekly),,https://www.xe.gr/property/s/mesitiko-grafeio/tsoukalis-ameka/10b6b6e7-fdb1-4093-a19e-d090d00dbcdd,,
AG Advisors,independent,ag-advisors.com,https://ag-advisors.com,https://ag-advisors.com,ok,yes,maybe,0,,"Λεωφ. Ελ. Βενιζέλου 140, Καλλιθέα 176 76, Ελλάδα",,17676,,,,,xe.gr (weekly); site by domain guess,,https://www.xe.gr/property/s/mesitiko-grafeio/ag-advisors/510e5d5e-f80e-42aa-bc44-62d1efe6b06d,,
D.N. Euroinvest,independent,,,,no_site,,,,,"Φαίδρου, Αθήνα 116 35, Ελλάδα",,11635,,,,,xe.gr (weekly),,https://www.xe.gr/property/s/mesitiko-grafeio/d-n-euroinvest/b222024c-8b02-4eaa-88b6-fe29ebe4ddb9,,
SBP Commercial Real Estate Τυροβόλης,independent,,,,no_site,,,,,"Υποσμηναγού Νικολάου Παρούση, Ωρωπός 190 15, Ελλάδα",,19015,,,,,xe.gr (weekly),,https://www.xe.gr/property/s/mesitiko-grafeio/sbp-commercial-real-estate-tyrovolhs/9cff0fec-6c1a-4660-91a8-159d0da6d317,,
Eleven Real Estate,independent,,,,no_site,,,,,"Βριλησσίων 25, Χαλάνδρι 152 34, Ελλάδα",,15234,,,,,xe.gr (weekly),,https://www.xe.gr/property/s/mesitiko-grafeio/eleven-real-estate/cc0b0002-d3ba-442a-9426-ec66838ac75a,,
Sigri Properties,independent,,,,no_site,,,,,"Αθανασίου Διάκου 37, Περιστέρι 121 31, Ελλάδα",,12131,,,,,xe.gr (weekly),,https://www.xe.gr/property/s/mesitiko-grafeio/sigri-properties/7c0f1a2f-8c7f-4207-8a5f-e3aaa0b7b25e,,
Mandrougada properties,independent,,,,no_site,,,,,"Αλιάρτου 13, Αθήνα 111 42, Ελλάδα",,11142,,,,,xe.gr (weekly),,https://www.xe.gr/property/s/mesitiko-grafeio/mandrougada-properties/cd6c6815-ed08-444e-baa4-d34129369d21,,
Estates Zeus,independent,,,,no_site,,,,,"Κολχιδος 27, Ελληνικό 167 77, Ελλάδα",,16777,,,,,xe.gr (weekly),,https://www.xe.gr/property/s/mesitiko-grafeio/estates-zeus/16235125-b50c-4a40-9e36-a93ee4ed525d,,
Invess Realty,independent,invessrealty.com,https://invessrealty.com,https://invessrealty.com,ok,yes,yes,217,,"Χρυσανθέμων 5, Παιανία 153 54, Ελλάδα",,15354,,,,,xe.gr (weekly); site by domain guess,,https://www.xe.gr/property/s/mesitiko-grafeio/invess-realty/a04c3908-621a-411b-976e-5016dbd8b00b,,
Check House Real Estate,independent,,,,no_site,,,,,"Λεωφ. Σοφοκλή Βενιζέλου 42, Ηλιούπολη 163 41, Ελλάδα",,16341,,,,,xe.gr (weekly),,https://www.xe.gr/property/s/mesitiko-grafeio/check-house-real-estate/62018efa-b4e9-4908-8707-90dacfaac6d5,,
Momentum Living,independent,,,,no_site,,,,,"Ελ. Βενιζέλου 14, Παπάγου 156 69, Ελλάδα",,15669,,,,,xe.gr (weekly),,https://www.xe.gr/property/s/mesitiko-grafeio/momentum-living/b93c7717-404b-406b-9cb5-8d4e4ddca0c7,,
EH Life Solutions,independent,,,,no_site,,,,,"Λεωφ. Αρτέμιδος 67, Άρτεμις 190 16, Ελλάδα",,19016,,,,,xe.gr (weekly),,https://www.xe.gr/property/s/mesitiko-grafeio/eh-life-solutions/25e888c4-4f2c-4eb9-bc6c-0860354b37b3,,
Win Plus Real Estate,independent,,,,no_site,,,,,"Λεωφ. Ανδρέα Συγγρού 196, Καλλιθέα 176 71, Ελλάδα",,17671,,,,,xe.gr (weekly),,https://www.xe.gr/property/s/mesitiko-grafeio/win-plus-real-estate/daabcbaf-7cb8-422c-a675-0d2c3477ef6d,,
ΑΚΙΝΗΤΑ ΧΑΡΑΛΆΜΠΟΠΟΥΛΟΣ,independent,,,,no_site,,,,,"Αγίου Φανουρίου 26, Ίλιον 131 22, Ελλάδα",,13122,,,,,xe.gr (weekly),,https://www.xe.gr/property/s/mesitiko-grafeio/akinhta-charalampopoylos/e167fa16-073a-4dd0-b86c-0f2340ed4e0a,,
XS Elite Properties,independent,,,,no_site,,,,,"Καλλιθέα 176 75, Ελλάδα",,17675,,,,,xe.gr (weekly),,https://www.xe.gr/property/s/mesitiko-grafeio/xs-elite-properties/69c2eba6-0b2a-4f14-8eac-5198134ef360,,
Lithos Investment,independent,,,,no_site,,,,,"Δημ. Γούναρη 227, Γλυφάδα 166 74, Ελλάδα",,16674,,,,,xe.gr (weekly),,https://www.xe.gr/property/s/mesitiko-grafeio/lithos-investment/7f466d20-787b-4169-9420-83166415f64b,,
Lambie,independent,,,,no_site,,,,,"Καρανίκα, Παπάγου 156 69, Ελλάδα",,15669,,,,,xe.gr (weekly),,https://www.xe.gr/property/s/mesitiko-grafeio/lambie/9065583b-b25f-45c7-88e6-6954d180c192,,
Homeboss,independent,,,,no_site,,,,,"Λεωφ. Κηφισίας 299, Κηφισιά 145 61, Ελλάδα",,14561,,,,,xe.gr (weekly),,https://www.xe.gr/property/s/mesitiko-grafeio/homeboss/dc244876-fe98-4626-a4e7-59ad88bcb2d7,,
Happy-home.gr,independent,,,,no_site,,,,,"Υψικλεους 5, Αθήνα 116 31, Ελλάδα",,11631,,,,,xe.gr (weekly),,https://www.xe.gr/property/s/mesitiko-grafeio/happy-home-gr/8867289f-6e00-4126-94df-f039281640b3,,
Balatsouras Real Estate,independent,,,,no_site,,,,,"Γρ. Κουσίδη 8, Ζωγράφου 157 73, Ελλάδα",,15773,,,,,xe.gr (weekly),,https://www.xe.gr/property/s/mesitiko-grafeio/balatsouras-real-estate/44868fbd-c4fa-451d-a476-89dc888ed64b,,
DvP,independent,,,,no_site,,,,,"Δερβενακίων 21, Ίλιον 131 23, Ελλάδα",,13123,,,,,xe.gr (weekly),,https://www.xe.gr/property/s/mesitiko-grafeio/dvp/09ff73ac-d8f1-425f-93fb-78707663e349,,
maxouri real estate & photography services,independent,,,,no_site,,,,,"Χαλκοκονδύλη 19, Αθήνα 104 32, Ελλάδα",,10432,,,,,xe.gr (weekly),,https://www.xe.gr/property/s/mesitiko-grafeio/maxouri-real-estate-photography-services/95107f26-b737-4445-a979-cbb65dba96d5,,
AB Greek Property,independent,,,,no_site,,,,,"Αγγέλου Σικελιανού 4, Δάφνη Αττικής 172 35, Ελλάδα",,17235,,,,,xe.gr (weekly),,https://www.xe.gr/property/s/mesitiko-grafeio/ab-greek-property/d78a0295-cb24-4de7-9e9a-0a80673a6d23,,
Βακερη ΙΚΕ,independent,,,,no_site,,,,,"3ης Σεπτεμβρίου 144, Αθήνα 112 51, Ελλάδα",,11251,,,,,xe.gr (weekly),,https://www.xe.gr/property/s/mesitiko-grafeio/vakerh-ike/6d3aab99-c48d-4669-9517-72ed65d741c1,,
KnP Real estate,independent,,,,no_site,,,,,"Αρκαδίας 16, Δάφνη Αττικής 172 35, Ελλάδα",,17235,,,,,xe.gr (weekly),,https://www.xe.gr/property/s/mesitiko-grafeio/knp-real-estate/88929c01-f7b4-43b8-a37e-493b7483774d,,
Property Market E.E.,independent,,,,no_site,,,,,"Λεωφ. Ανδρέα Συγγρού 171, Νέα Σμύρνη 171 21, Ελλάδα",,17121,,,,,xe.gr (weekly),,https://www.xe.gr/property/s/mesitiko-grafeio/property-market-e-e/f4da714d-5a17-446c-82de-7a079f4478fd,,
Enea Properties,independent,,,,no_site,,,,,"Μιχαλακοπούλου 116, Αθήνα 115 27, Ελλάδα",,11527,,,,,xe.gr (weekly),,https://www.xe.gr/property/s/mesitiko-grafeio/enea-properties/5097755b-ad68-4374-ad3f-f30c835e0e8d,,
Γεωργούλα Μεσιτικό,independent,,,,no_site,,,,,"Νέστορος 22, Καματερό 134 51, Ελλάδα",,13451,,,,,xe.gr (weekly),,https://www.xe.gr/property/s/mesitiko-grafeio/gewrgoyla-mesitiko/c3f959f8-e2d7-490d-8f23-45c2fc485261,,
XE cal,independent,,,,no_site,,,,,"Λεωφ. Κηφισίας 1, Αθήνα 115 23, Ελλάδα",,11523,,,,,xe.gr (weekly),,https://www.xe.gr/property/s/mesitiko-grafeio/xe-cal/95b8ad89-8984-4001-b27f-6662a17d2d21,,
Δούμουρα Αναστασία,independent,,,,no_site,,,,,"Ελ. Βενιζέλου 4, Νέο Ψυχικό 154 51, Ελλάδα",,15451,,,,,xe.gr (weekly),,https://www.xe.gr/property/s/mesitiko-grafeio/doymoyra-anastasia/aa8065f1-13ad-45b8-b389-e09fb123d132,,
ASK ME FOR ALL,independent,,,,no_site,,,,,"Δημητρακοπούλου 51, Καλλιθέα 176 72, Ελλάδα",,17672,,,,,xe.gr (weekly),,https://www.xe.gr/property/s/mesitiko-grafeio/ask-me-for-all/54327a90-36bd-44c1-933e-80f8878ba1b8,,
Greek Investment,independent,,,,no_site,,,,,"Ακακιών 52, Μαρούσι 151 25, Ελλάδα",,15125,,,,,xe.gr (weekly),,https://www.xe.gr/property/s/mesitiko-grafeio/greek-investment/b9cac2ae-7be5-45e5-b013-cc0c2b4c6ba9,,
Spitenio Estates,independent,,,,no_site,,,,,"Φιλαρέτου 2, Γαλάτσι 111 47, Ελλάδα",,11147,,,,,xe.gr (weekly),,https://www.xe.gr/property/s/mesitiko-grafeio/spitenio-estates/7e599885-cf83-4475-9ce7-d4fda8348f6e,,
Cosmos Real Estate,independent,,,,no_site,,,,,"Ζαν Μωρεάς 18, Αθήνα 117 41, Ελλάδα",,11741,,,,,xe.gr (weekly),,https://www.xe.gr/property/s/mesitiko-grafeio/cosmos-real-estate/b24bb66c-38af-48af-9394-7f9e48a56a52,,
JNG Real Estate,independent,,,,no_site,,,,,"Δημητρας 15, Αγ. Μαρίνα 194 00, Ελλάδα",,19400,,,,,xe.gr (weekly),,https://www.xe.gr/property/s/mesitiko-grafeio/jng-real-estate/e71454cd-b2d9-464e-bf01-686ac98ff4df,,
Easy2,independent,,,,no_site,,,,,"Εμμανουήλ Καμπούρη 36, Μοσχάτο 183 45, Ελλάδα",,18345,,,,,xe.gr (weekly),,https://www.xe.gr/property/s/mesitiko-grafeio/easy2/78f1bb27-c77b-45bb-88ef-1f17bb0dfffb,,
PROPTENCIA,independent,,,,no_site,,,,,"Λεωφ. Κηφισίας 375, Νέα Ερυθραία 146 71, Ελλάδα",,14671,,,,,xe.gr (weekly),,https://www.xe.gr/property/s/mesitiko-grafeio/proptencia/4d1236a9-2f68-458a-b0cd-1fa201e50407,,
Remax 361° Solutions,independent,,,,no_site,,,,,"Θεσσαλονίκης 14, Γέρακας 153 44, Ελλάδα",,15344,,,,,xe.gr (weekly),,https://www.xe.gr/property/s/mesitiko-grafeio/remax-361-solutions/d64b62c6-b721-4d7e-896e-6ec7495de284,,
INTRA-HOME,independent,,,,no_site,,,,,"Λεωφ. Μεσογείων 380, Αγ. Παρασκευή 153 41, Ελλάδα",,15341,,,,,xe.gr (weekly),,https://www.xe.gr/property/s/mesitiko-grafeio/intra-home/ece228d6-7635-4c68-9f2b-7f264bfc6c4e,,
Σπιτια ΑΕ,independent,,,,no_site,,,,,"Κιλκίς 54, Περιστέρι 121 31, Ελλάδα",,12131,,,,,xe.gr (weekly),,https://www.xe.gr/property/s/mesitiko-grafeio/spitia-ae/5cac9e22-3fdc-4749-a58c-788399734e46,,
Ikarian properties,independent,,,,no_site,,,,,"Λέσβου 39, Αθήνα 113 64, Ελλάδα",,11364,,,,,xe.gr (weekly),,https://www.xe.gr/property/s/mesitiko-grafeio/ikarian-properties/8ec60ffc-26fd-4c9e-b17d-37320222f391,,
idanOIKOproperty,independent,,,,no_site,,,,,"Ήρωος Μάτση, Άλιμος 174 56, Ελλάδα",,17456,,,,,xe.gr (weekly),,https://www.xe.gr/property/s/mesitiko-grafeio/idanoikoproperty/b18cf7df-e7e4-4bcb-87d3-bbfc3b238226,,
ΜΕΣΙΤΙΚΟ Α. ΓΚΟΓΚΙΔΗΣ,independent,,,,no_site,,,,,"Λεωχάρους 1, Ηλιούπολη 163 43, Ελλάδα",,16343,,,,,xe.gr (weekly),,https://www.xe.gr/property/s/mesitiko-grafeio/mesitiko-a-gkogkidhs/199d5143-32ae-4cdd-9079-5f0ffae83c81,,
NL Greece,independent,,,,no_site,,,,,"Γερανίων, Πόρτο Ράφτη 190 03, Ελλάδα",,19003,,,,,xe.gr (weekly),,https://www.xe.gr/property/s/mesitiko-grafeio/nl-greece/e0ef861b-1c45-475a-b3f2-6dfecccf9be3,,
athenspoint,independent,athenspoint.com,https://athenspoint.com,https://athenspoint.com,ok,yes,yes,16,wordpress;real_homes,"Εκάλης, Αθήνα 116 36, Ελλάδα",,11636,,,,,xe.gr (weekly); site by domain guess,,https://www.xe.gr/property/s/mesitiko-grafeio/athenspoint/8ca173aa-651b-43c8-9ab5-db10ca599ad5,,
EMMETRON REAL ESTATE,independent,,,,no_site,,,,,"Πρατίνου 53, Αθήνα 116 34, Ελλάδα",,11634,,,,,xe.gr (weekly),,https://www.xe.gr/property/s/mesitiko-grafeio/emmetron-real-estate/d43f61d6-bd09-43f9-9e84-3b038fe60283,,
MY Holidays,independent,myholidays.com,https://myholidays.com,https://regencytravelandtours.com/en,ok,yes,no,0,,"Κολοκοτρώνη 1, Κηφισιά 145 62, Ελλάδα",,14562,,,,,xe.gr (weekly); site by domain guess,,https://www.xe.gr/property/s/mesitiko-grafeio/my-holidays/5a984684-7414-4629-853f-5ac728ac8a68,,
YOUR REALTOR,independent,,,,no_site,,,,,"Αθανασίου Διάκου, Καπανδρίτι 190 14, Ελλάδα",,19014,,,,,xe.gr (weekly),,https://www.xe.gr/property/s/mesitiko-grafeio/your-realtor/732f137f-1acb-4154-a7da-50586881476b,,
ΕΝΑ,independent,,,,no_site,,,,,"Νεαπόλεως 15, Νέα Φιλαδέλφεια Αττικής 143 41, Ελλάδα",,14341,,,,,xe.gr (weekly),,https://www.xe.gr/property/s/mesitiko-grafeio/ena/4675340d-d1c7-4f66-9081-e3cfa54ebe7d,,
ATHENS EMPIRE REAL ESTATE,independent,,,,no_site,,,,,"Κύπρου 21, Αγ. Παρασκευή 153 43, Ελλάδα",,15343,,,,,xe.gr (weekly),,https://www.xe.gr/property/s/mesitiko-grafeio/athens-empire-real-estate/ffe14b33-04a1-4653-9390-e735bc706c34,,
Geotopo Real Estate,independent,geotoporealestate.gr,https://geotoporealestate.gr,https://geotoporealestate.gr,ok,yes,yes,12,wordpress,"Λεωφ. Κηφισίας 253, Κηφισιά 145 61, Ελλάδα",,14561,,,,,xe.gr (weekly); site by domain guess,,https://www.xe.gr/property/s/mesitiko-grafeio/geotopo-real-estate/5b3e2def-232e-4924-923e-a08b39ffa320,,
PAPANDROPOULOS ARCHITECTS,independent,,,,no_site,,,,,"Ματθαίου Λιουγκα, Γλυφάδα 166 75, Ελλάδα",,16675,,,,,xe.gr (weekly),,https://www.xe.gr/property/s/mesitiko-grafeio/papandropoulos-architects/ea71d361-b517-4429-b964-33c40304748b,,
Μαρία Γκανάτσιου,independent,,,,no_site,,,,,"Κανάρη 17, Ηλιούπολη 163 45, Ελλάδα",,16345,,,,,xe.gr (weekly),,https://www.xe.gr/property/s/mesitiko-grafeio/maria-gkanatsioy/c4e519fc-d758-486f-8fba-02a6bd0f53fc,,
@Home,independent,,,,no_site,,,,,"Λεωφ. Αγίας Βαρβάρας 107, Παλαιό Φάληρο 175 63, Ελλάδα",,17563,,,,,xe.gr (weekly),,https://www.xe.gr/property/s/mesitiko-grafeio/home/7bd8dd9f-4b19-4306-814a-9e7fc23439cb,,
REGINA FARACLAS AND ASSOCIATES,independent,,,,no_site,,,,,"Πλειάδων 7, Παλαιό Φάληρο 175 61, Ελλάδα",,17561,,,,,xe.gr (weekly),,https://www.xe.gr/property/s/mesitiko-grafeio/regina-faraclas-and-associates/c75924f6-0a65-42f2-a3f6-8a3560a31e2d,,
GERALI  ΜΕΣΙΤΙΚΗ,independent,,,,no_site,,,,,"Χαϊδάρι 124 62, Ελλάδα",,12462,,,,,xe.gr (weekly),,https://www.xe.gr/property/s/mesitiko-grafeio/gerali-mesitikh/89a6609f-006e-4cf5-8bdd-da9f0d72a11b,,
ΑΠΟΛΥΤΗ ΔΙΑΜΕΣΟΛΑΒΗΣΗ,independent,,,,no_site,,,,,"Βερανζέρου 18, Αθήνα 104 32, Ελλάδα",,10432,,,,,xe.gr (weekly),,https://www.xe.gr/property/s/mesitiko-grafeio/apolyth-diamesolavhsh/5defbaf6-0cab-4ce0-b25d-6d9500d1df5e,,
Κτηματική Καλλιθέας,independent,,,,no_site,,,,,"Σοφοκλέους 149, Καλλιθέα 176 72, Ελλάδα",,17672,,,,,xe.gr (weekly),,https://www.xe.gr/property/s/mesitiko-grafeio/kthmatikh-kallitheas/c55394c9-2e73-4999-8149-300bd22d062c,,
Economou Realty,independent,,,,no_site,,,,,"Κύπρου 60, Κρυονέρι 145 68, Ελλάδα",,14568,,,,,xe.gr (weekly),,https://www.xe.gr/property/s/mesitiko-grafeio/economou-realty/a667be54-a7b0-4de6-ab81-f14d362ec921,,
GREECELAND PROPERTIES,independent,,,,no_site,,,,,"Ανδρέα Δημητρίου, Καισαριανή 161 21, Ελλάδα",,16121,,,,,xe.gr (weekly),,https://www.xe.gr/property/s/mesitiko-grafeio/greeceland-properties/6357c896-d151-4b66-8d6e-eeb89dd2c592,,
BUILDING DEALS MANTZAVELA MARIA,independent,,,,no_site,,,,,"Γράμμου 46, Βριλήσσια 152 38, Ελλάδα",,15238,,,,,xe.gr (weekly),,https://www.xe.gr/property/s/mesitiko-grafeio/building-deals-mantzavela-maria/7c4dc333-12c7-49f0-92f2-8e89af9f0b5a,,
ΟΙΚΟΣΤΕΓΑΣΗ ΚΤΗΜΑΤΟΜΕΣΙΤΙΚΟ ΓΡΑΦΕΙΟ Μ. ΜΠΟΥΚΑΛΗ - Π. ΜΠΟΥΚΑΛΗ Ο.ΟΕ.,independent,,,,no_site,,,,,"Λεωφόρος Ελευθερίου Βενιζέλου & Αχιλλέως, Παλαιό Φάληρο 175 63, Ελλάδα",,17563,,,,,xe.gr (weekly),,https://www.xe.gr/property/s/mesitiko-grafeio/oikostegash-kthmatomesitiko-grafeio-m-mpoykalh-p-mpoykalh-o-oe/d85f7fa5-8bea-4904-a237-93689057d1bb,,
ΔΡΟΣΟΣ ΚΤΗΜΑΤΟΜΕΣΙΤΙΚΗ,independent,,,,no_site,,,,,"Αμερικής 20, Αθήνα 106 71, Ελλάδα",,10671,,,,,xe.gr (weekly),,https://www.xe.gr/property/s/mesitiko-grafeio/drosos-kthmatomesitikh/ed78bc4a-2c05-492e-bd40-1386f7d5468c,,
Rellia Real Estate,independent,relliarealestate.gr,https://relliarealestate.gr,https://relliarealestate.gr,ok,yes,yes,6,wordpress,"Βεΐκου 64-66, Αθήνα 117 41, Ελλάδα",,11741,,,,,xe.gr (weekly); site by domain guess,,https://www.xe.gr/property/s/mesitiko-grafeio/rellia-real-estate/81972bfb-4b2c-425f-b24f-ee8247818cc0,,
Αlpha Real Estate,independent,,,,no_site,,,,,"Θεμιστοκλέους 60, Νέο Ψυχικό 154 51, Ελλάδα",,15451,,,,,xe.gr (weekly),,https://www.xe.gr/property/s/mesitiko-grafeio/alpha-real-estate/ccf93d8b-6cf0-4c2c-92da-d04b8d59d27f,,
Εύρεσις,independent,,,,no_site,,,,,"Σμύρνης 8, Αγ. Βαρβάρα 123 51, Ελλάδα",,12351,,,,,xe.gr (weekly),,https://www.xe.gr/property/s/mesitiko-grafeio/eyresis/3bce3830-38ec-44f4-9eac-75e6168d4e3a,,
ENA MEGA PLUS IKE,independent,,,,no_site,,,,,"Ρουμπέση, Αθήνα 117 44, Ελλάδα",,11744,,,,,xe.gr (weekly),,https://www.xe.gr/property/s/mesitiko-grafeio/ena-mega-plus-ike/d842280c-1a36-4265-b50a-a5a9a4d0576c,,
PIKILIDIS REAL ESTATE,independent,,,,no_site,,,,,"Δημοκρατίας 62, Αθήνα 122 44, Ελλάδα",,12244,,,,,xe.gr (weekly),,https://www.xe.gr/property/s/mesitiko-grafeio/pikilidis-real-estate/27badff8-eebb-4fd7-9e07-0a6bb86fce62,,
Δημήτρης Λάρδησ,independent,,,,no_site,,,,,"Φορμίωνος 69, Αθήνα 116 33, Ελλάδα",,11633,,,,,xe.gr (weekly),,https://www.xe.gr/property/s/mesitiko-grafeio/dhmhtrhs-lardhs/7a026508-5d54-40ea-88cf-35a7c8adadab,,
ΖΉΣΗ ΤΖΟΥΛΙΑ,independent,,,,no_site,,,,,"Αγίας Ελένης 5, Ζωγράφου 157 72, Ελλάδα",,15772,,,,,xe.gr (weekly),,https://www.xe.gr/property/s/mesitiko-grafeio/zhsh-tzoylia/4d192d91-7665-40fb-94c7-cd666e3e385f,,
Θεοφιλατος Πέτρος,independent,,,,no_site,,,,,"Αγχιάλου 48, Αθήνα 104 43, Ελλάδα",,10443,,,,,xe.gr (weekly),,https://www.xe.gr/property/s/mesitiko-grafeio/theofilatos-petros/4ff3a809-59aa-43d4-aa4e-2b7bb8e87be7,,
GreekCasa Real Estate,independent,,,,no_site,,,,,"Γκινοσάτη 8, Μεταμόρφωση 144 52, Ελλάδα",,14452,,,,,xe.gr (weekly),,https://www.xe.gr/property/s/mesitiko-grafeio/greekcasa-real-estate/c52d9feb-2b03-4c58-be8c-c2b4ece606a6,,
KOLLINIATIS REAL ESTATE,independent,,,,no_site,,,,,"Ζωγράφου 157 73, Ελλάδα",,15773,,,,,xe.gr (weekly),,https://www.xe.gr/property/s/mesitiko-grafeio/kolliniatis-real-estate/4eb04391-3934-435d-9e74-88c77f889ee8,,
ANACON-Anaptyxis Consultants,independent,,,,no_site,,,,,"Γρ. Λαμπράκη 67, Χαλάνδρι 152 38, Ελλάδα",,15238,,,,,xe.gr (weekly),,https://www.xe.gr/property/s/mesitiko-grafeio/anacon-anaptyxis-consultants/cd73b75e-8956-45a9-9ff1-14a224b130af,,
ELINIC I.K.E.,independent,,,,no_site,,,,,"Μαντώς Μαυρογένους 9, Άλιμος 174 55, Ελλάδα",,17455,,,,,xe.gr (weekly),,https://www.xe.gr/property/s/mesitiko-grafeio/elinic-i-k-e/7e4ca5a6-3817-43ee-ae33-4e6beb1ee9c7,,
Παναγοπούλου Αγγελική,independent,,,,no_site,,,,,"Σταδίου 7, Αθήνα 105 62, Ελλάδα",,10562,,,,,xe.gr (weekly),,https://www.xe.gr/property/s/mesitiko-grafeio/panagopoyloy-aggelikh/441085e2-e713-4e17-9c60-2de16748105c,,
ZETA REAL ESTATE,independent,,,,no_site,,,,,"Αίαντος 3, Βριλήσσια 152 38, Ελλάδα",,15238,,,,,xe.gr (weekly),,https://www.xe.gr/property/s/mesitiko-grafeio/zeta-real-estate/dfe28cdf-13c6-48b3-90b5-2d35d3ff05e8,,
Stratton Real Estate,independent,,,,no_site,,,,,"Λεωφ. Βασιλίσσης Αμαλίας 34, Αθήνα 105 58, Ελλάδα",,10558,,,,,xe.gr (weekly),,https://www.xe.gr/property/s/mesitiko-grafeio/stratton-real-estate/d94e4600-5cd3-4b44-b58c-1ed58b28e2c0,,
GB REAL ESTATE,independent,,,,no_site,,,,,"Ανάφης 3, Βάρη 166 72, Ελλάδα",,16672,,,,,xe.gr (weekly),,https://www.xe.gr/property/s/mesitiko-grafeio/gb-real-estate/06b79d4a-81a2-441e-92b9-84fb5ee493ba,,
HELLAS BROTHERS,independent,,,,no_site,,,,,"Λουίζης Ριανκούρ 11, Αθήνα 115 23, Ελλάδα",,11523,,,,,xe.gr (weekly),,https://www.xe.gr/property/s/mesitiko-grafeio/hellas-brothers/3f1ae116-bf53-475c-9826-93f92491a67b,,
BEST HOME,independent,,,,no_site,,,,,"Ίριδος, Γλυφάδα 165 62, Ελλάδα",,16562,,,,,xe.gr (weekly),,https://www.xe.gr/property/s/mesitiko-grafeio/best-home/1e21331f-e260-4617-9adb-3bb3c54166b2,,
Dominion Real Estate,independent,,,,no_site,,,,,"Παπαφλέσσα 32, Γλυφάδα 166 74, Ελλάδα",,16674,,,,,xe.gr (weekly),,https://www.xe.gr/property/s/mesitiko-grafeio/dominion-real-estate/7034c735-b9d7-4424-a465-14cc34335b39,,
INS REAL ESTATE,independent,,,,no_site,,,,,"Λυκούργου 9, Αθήνα 105 51, Ελλάδα",,10551,,,,,xe.gr (weekly),,https://www.xe.gr/property/s/mesitiko-grafeio/ins-real-estate/6c67900e-ea5a-43fd-a64d-5fb6ad146c48,,
UTOPIA REAL ESTATE,independent,utopiarealestate.gr,https://utopiarealestate.gr,https://utopiarealestate.gr,ok,yes,no,0,,"Σουλίου 2, Αγ. Δημήτριος Αττικής 173 42, Ελλάδα",,17342,,,,,xe.gr (weekly); site by domain guess,,https://www.xe.gr/property/s/mesitiko-grafeio/utopia-real-estate/3625a1ab-22cd-4ec5-befc-0b5e56021845,,
Primera Advisors,independent,,,,no_site,,,,,"Ερμού 56, Αθήνα 105 63, Ελλάδα",,10563,,,,,xe.gr (weekly),,https://www.xe.gr/property/s/mesitiko-grafeio/primera-advisors/2bcc5d92-f459-4c71-88f0-1f390eb4924b,,
ΜΕΣΙΤΙΚΟ ΓΡΑΦΕΙΟ ΠΥΡΑΜΙΣ,independent,,,,no_site,,,,,"Κρέσνας, Περιστέρι 121 31, Ελλάδα",,12131,,,,,xe.gr (weekly),,https://www.xe.gr/property/s/mesitiko-grafeio/mesitiko-grafeio-pyramis/56ee9e65-5306-4f68-be72-cb8ebdc2acf2,,
ΜΕΣΙΤΙΚΟ ΒΕΝΤΟΥΡΗ,independent,,,,no_site,,,,,"Αττικής 69, Γλυφάδα 165 62, Ελλάδα",,16562,,,,,xe.gr (weekly),,https://www.xe.gr/property/s/mesitiko-grafeio/mesitiko-ventoyrh/3a95b6bf-710c-4e27-8637-78fbe88af08a,,
GENKO INTERNATIONAL,independent,,,,no_site,,,,,"Ζαλοκώστα 6, Αθήνα 106 71, Ελλάδα",,10671,,,,,xe.gr (weekly),,https://www.xe.gr/property/s/mesitiko-grafeio/genko-international/312546bd-d000-4ed1-8010-932b8f05a209,,
ReaLand,independent,,,,no_site,,,,,"Αγίας Βαρβάρας 4, Χαλάνδρι 152 31, Ελλάδα",,15231,,,,,xe.gr (weekly),,https://www.xe.gr/property/s/mesitiko-grafeio/realand/2fde9002-f159-4a65-b3e4-f2148b5cc412,,
ELLAS ONE,independent,,,,no_site,,,,,"Νίκου Ξυλούρη, Ζωγράφου 157 73, Ελλάδα",,15773,,,,,xe.gr (weekly),,https://www.xe.gr/property/s/mesitiko-grafeio/ellas-one/04c93176-7c4d-4e89-b474-cfd2b55cbf27,,
EPAVLIS ΚΤΗΜΑΤΟΜΕΣΙΤΕΣ,independent,,,,no_site,,,,,"Λεωφόρος Βουλιαγμένης 587, Αργυρούπολη 164 52, Ελλάδα",,16452,,,,,xe.gr (weekly),,https://www.xe.gr/property/s/mesitiko-grafeio/epavlis-kthmatomesites/03a538cd-bc14-431f-a567-26bd8362011a,,
ELASSON,independent,,,,no_site,,,,,"Βώκου 18, Αθήνα 114 76, Ελλάδα",,11476,,,,,xe.gr (weekly),,https://www.xe.gr/property/s/mesitiko-grafeio/elasson/5a5922a1-26ee-4ab5-8275-02edb6ef51cb,,
kyros.properties,independent,,,,no_site,,,,,"Σόλωνος 43, Αθήνα 106 72, Ελλάδα",,10672,,,,,xe.gr (weekly),,https://www.xe.gr/property/s/mesitiko-grafeio/kyros-properties/03684ff0-3b69-46c1-ae79-20e3f6fc6353,,
Greekhousedb,independent,,,,no_site,,,,,"Φιλαδελφέως 14, Κηφισιά 145 62, Ελλάδα",,14562,,,,,xe.gr (weekly),,https://www.xe.gr/property/s/mesitiko-grafeio/greekhousedb/71210a1e-462c-49ab-8202-85c92d3ee009,,
info@hlm.gr,independent,,,,no_site,,,,,"Καλλιδρόμου 21, Περιστέρι 121 33, Ελλάδα",,12133,,,,,xe.gr (weekly),,https://www.xe.gr/property/s/mesitiko-grafeio/info-hlm-gr/d0c2790e-3e83-45ec-89c5-96b08918572c,,
LvMkonos Real Estate,independent,,,,no_site,,,,,"Λυσίππου 12, Αθήνα 116 35, Ελλάδα",,11635,,,,,xe.gr (weekly),,https://www.xe.gr/property/s/mesitiko-grafeio/lvmkonos-real-estate/5d521833-772f-405e-9c32-6a5e548a08ed,,
HOUSE DATING,independent,,,,no_site,,,,,"Ομήρου 14, Νέο Ψυχικό 154 51, Ελλάδα",,15451,,,,,xe.gr (weekly),,https://www.xe.gr/property/s/mesitiko-grafeio/house-dating/d0cdeaff-91f6-4bd7-90fe-53b164a15536,,
GeMa,independent,,,,no_site,,,,,"Αλωπεκής 45, Αθήνα 106 76, Ελλάδα",,10676,,,,,xe.gr (weekly),,https://www.xe.gr/property/s/mesitiko-grafeio/gema/52658c43-28b1-4954-ae6c-ba168a907706,,
RELHOME,independent,,,,no_site,,,,,"Φιλαρέτου 74, Καλλιθέα 176 72, Ελλάδα",,17672,,,,,xe.gr (weekly),,https://www.xe.gr/property/s/mesitiko-grafeio/relhome/ffbe0af6-2ca4-4b54-8d0e-70f9ce97b0ad,,
Vermar House,independent,,,,no_site,,,,,"Στρυμώνος 1, Περιστέρι 121 31, Ελλάδα",,12131,,,,,xe.gr (weekly),,https://www.xe.gr/property/s/mesitiko-grafeio/vermar-house/518ce46b-274e-4629-9f89-e7ee619e1bb2,,
ΔΗΜΗΤΡΗΣ ΧΑΡΑΛΑΣ REAL ESTATE,independent,,,,no_site,,,,,"Ιαπετού 21, Αθήνα 113 64, Ελλάδα",,11364,,,,,xe.gr (weekly),,https://www.xe.gr/property/s/mesitiko-grafeio/dhmhtrhs-charalas-real-estate/440daba5-7def-4874-b8a8-17393266b63d,,
Property Lab,independent,,,,no_site,,,,,"Ερατούς 21, Παλαιό Φάληρο 175 63, Ελλάδα",,17563,,,,,xe.gr (weekly),,https://www.xe.gr/property/s/mesitiko-grafeio/property-lab/daf469cf-5146-4ef5-8b2f-5871824b2f0a,,
ΚΩΣΤΑΣ ΣΠΥΡΙΔΗΣ,independent,,,,no_site,,,,,"Τρίτωνος 123, Παλαιό Φάληρο 175 62, Ελλάδα",,17562,,,,,xe.gr (weekly),,https://www.xe.gr/property/s/mesitiko-grafeio/kwstas-spyridhs/1b83d397-499b-44e1-92cb-099b0e5815a1,,
SP BROKERS,independent,,,,no_site,,,,,"Στεφάνου Σαράφη 32, Αιγάλεω 122 41, Ελλάδα",,12241,,,,,xe.gr (weekly),,https://www.xe.gr/property/s/mesitiko-grafeio/sp-brokers/1ae6d765-a77a-4746-8906-221c45c1ead0,,
Άρης Μπινιάρης Μεσιτικό Γραφείο,independent,,,,no_site,,,,,"Αγίου Ιωάννου 18, Αγ. Παρασκευή 153 42, Ελλάδα",,15342,,,,,xe.gr (weekly),,https://www.xe.gr/property/s/mesitiko-grafeio/arhs-mpiniarhs-mesitiko-grafeio/3a072ae1-c98a-4ddd-9e08-581596db0370,,
MED HOME REAL ESTATE,independent,,,,no_site,,,,,"Πεσόντων Ηρώων 65, Σπάτα 190 04, Ελλάδα",,19004,,,,,xe.gr (weekly),,https://www.xe.gr/property/s/mesitiko-grafeio/med-home-real-estate/a93b5f85-30a2-4919-932a-2438cb6f277a,,
Excellent Real Estate,independent,,,,no_site,,,,,"Κιουτάχειας 21, Νέα Ιωνία 143 41, Ελλάδα",,14341,,,,,xe.gr (weekly),,https://www.xe.gr/property/s/mesitiko-grafeio/excellent-real-estate/9c7db1ac-856b-40e3-beca-8a9e1621b37e,,
2κ Real Estate,independent,,,,no_site,,,,,"Ηφαιστου 1, Μελίσσια 151 27, Ελλάδα",,15127,,,,,xe.gr (weekly),,https://www.xe.gr/property/s/mesitiko-grafeio/2k-real-estate/16add33c-466d-463c-bd5b-977b54d6989a,,
ΕΛΛΗΝΙΚΗ ΑΓΟΡΑ ΑΚΙΝΗΤΩΝ  greekpropertymarket.gr,independent,,,,no_site,,,,,"Κλεισθένους 185, Γέρακας 153 44, Ελλάδα",,15344,,,,,xe.gr (weekly),,https://www.xe.gr/property/s/mesitiko-grafeio/ellhnikh-agora-akinhtwn-greekpropertymarket-gr/46923d93-3a6e-4e58-99b8-007058b34649,,
Mateproperty,independent,,,,no_site,,,,,"Λεωφ. Ευελπίδων 9, Βάρη 166 72, Ελλάδα",,16672,,,,,xe.gr (weekly),,https://www.xe.gr/property/s/mesitiko-grafeio/mateproperty/6a4037a2-d1d1-4f26-a51e-4fc08fb7ccda,,
G.D-PRO .....prorerty for all,independent,,,,no_site,,,,,"Μακαρίου, Ζεφύρι 134 51, Ελλάδα",,13451,,,,,xe.gr (weekly),,https://www.xe.gr/property/s/mesitiko-grafeio/g-d-pro-prorerty-for-all/9a600412-be13-4607-900d-c188c6e3d96e,,
Leon Prime Estates,independent,leonprimeestates.gr,https://leonprimeestates.gr,https://leonprimeestates.gr,ok,yes,yes,23,wordpress,"Λεωφόρος Ανδρέα Συγγρού & Χαροκόπου, Καλλιθέα 176 71, Ελλάδα",,17671,,,,,xe.gr (weekly); site by domain guess,,https://www.xe.gr/property/s/mesitiko-grafeio/leon-prime-estates/24769783-6aa8-459a-ae14-912d2ab5e121,,
VNM Real Estate,independent,,,,no_site,,,,,"Ζαλόγγου 4, Αγ. Παρασκευή 153 43, Ελλάδα",,15343,,,,,xe.gr (weekly),,https://www.xe.gr/property/s/mesitiko-grafeio/vnm-real-estate/a7737daa-e14c-4be9-8095-ddc26d32decc,,
EU Second Home,independent,,,,no_site,,,,,"Λεωφ. Βασιλέως Παύλου 94, Βούλα 166 73, Ελλάδα",,16673,,,,,xe.gr (weekly),,https://www.xe.gr/property/s/mesitiko-grafeio/eu-second-home/3d6092b4-4d29-4e1c-b7f9-2cc8eef63ab8,,
Mpenekos Renovations / Constructions / Real Estate,independent,,,,no_site,,,,,"Γεωρ. Παπανδρέου 75, Μεταμόρφωση 144 52, Ελλάδα",,14452,,,,,xe.gr (weekly),,https://www.xe.gr/property/s/mesitiko-grafeio/mpenekos-renovations-constructions-real-estate/c108aecc-f4be-448b-ac3a-f842f5650b06,,
Ani Mar Property,independent,,,,no_site,,,,,"Βερανζέρου 22, Αθήνα 104 32, Ελλάδα",,10432,,,,,xe.gr (weekly),,https://www.xe.gr/property/s/mesitiko-grafeio/ani-mar-property/dfde7d0e-6141-49c6-ab04-b2817846771f,,
ΚΑΡΑΛΗΣ ΓΕΩΡΓΙΟΣ,independent,,,,no_site,,,,,"Μιαούλη 2, Άρτεμις 190 16, Ελλάδα",,19016,,,,,xe.gr (weekly),,https://www.xe.gr/property/s/mesitiko-grafeio/karalhs-gewrgios/b7cb36db-01f9-47f4-a76b-5a627a05bdca,,
Bryte,independent,,,,no_site,,,,,"Βατάτζη 11, Αθήνα 114 72, Ελλάδα",,11472,,,,,xe.gr (weekly),,https://www.xe.gr/property/s/mesitiko-grafeio/bryte/0a3bff11-9a43-4d66-80ad-f5177c0b0f58,,
GNPROPERTIES ΚΤΗΜΑΤΟΜΕΣΙΤΙΚΗ,independent,,,,no_site,,,,,"Βριλήσσια 152 38, Ελλάδα",,15238,,,,,xe.gr (weekly),,https://www.xe.gr/property/s/mesitiko-grafeio/gnproperties-kthmatomesitikh/a8cff7e5-926b-459e-8208-a35ba14120c2,,
Καραμπελας Ελευθέριος Αναστάσιος,independent,,,,no_site,,,,,"Παλλαδος Αθηνας 13, Παλλήνη 153 51, Ελλάδα",,15351,,,,,xe.gr (weekly),,https://www.xe.gr/property/s/mesitiko-grafeio/karampelas-eleytherios-anastasios/b5b64a5b-d788-45d3-a6e8-2745f120b744,,
Real Estate Vision,independent,visionrealestate.gr,https://visionrealestate.gr,https://www.visionrealestate.gr/,ok,yes,no,0,wordpress;wix,"Υπολοχαγού Καπετανάκη, Αγ. Δημήτριος Αττικής 173 42, Ελλάδα",,17342,,,,,xe.gr (weekly); site by domain guess,,https://www.xe.gr/property/s/mesitiko-grafeio/real-estate-vision/04ae6a1a-dff5-4b60-aa3e-02ea69f977bd,,
Κίτσιος Ακίνητα,independent,,,,no_site,,,,,"Πλ. Βικτώριας, Αθήνα 104 34, Ελλάδα",,10434,,,,,xe.gr (weekly),,https://www.xe.gr/property/s/mesitiko-grafeio/kitsios-akinhta/5e15407c-65e7-4a2e-b542-ce373564a600,,
S,independent,,,,no_site,,,,,"Αθήνα 116 36, Ελλάδα",,11636,,,,,xe.gr (weekly),,https://www.xe.gr/property/s/mesitiko-grafeio/s/778480eb-a7b5-456a-8d11-6fc6f4cee1e7,,
LK HOMES construction Real Estate,independent,,,,no_site,,,,,"Εμπεδοκλέους 101, Βύρωνας Αττικής 116 32, Ελλάδα",,11632,,,,,xe.gr (weekly),,https://www.xe.gr/property/s/mesitiko-grafeio/lk-homes-construction-real-estate/447b818c-6aca-4ab6-8bb5-e609b7e0a48d,,
ΑΛΈΞΑΝΔΡΟΣ GROUP REAL ESTATE,independent,,,,no_site,,,,,"Ιωαννίνων 20, Αγ. Στέφανος 145 65, Ελλάδα",,14565,,,,,xe.gr (weekly),,https://www.xe.gr/property/s/mesitiko-grafeio/alexandros-group-real-estate/3e9bfa6b-9941-4ede-8b3a-26bfea510d3d,,
NDproperties,independent,,,,no_site,,,,,"Αμερικής 20, Αθήνα 106 71, Ελλάδα",,10671,,,,,xe.gr (weekly),,https://www.xe.gr/property/s/mesitiko-grafeio/ndproperties/ffab2d8d-335a-4d63-8e2d-4a721170ab15,,
Oasis Development,independent,,,,no_site,,,,,"Φρύνης 25, Νέα Ερυθραία 146 71, Ελλάδα",,14671,,,,,xe.gr (weekly),,https://www.xe.gr/property/s/mesitiko-grafeio/oasis-development/f7e8677a-26d6-4a06-a392-2a41fd48593e,,
Karoni Real Estate,independent,,,,no_site,,,,,"Παπαφλέσσα 5, Μαρούσι 151 24, Ελλάδα",,15124,,,,,xe.gr (weekly),,https://www.xe.gr/property/s/mesitiko-grafeio/karoni-real-estate/ca9afc0c-d08c-4ad4-b45c-e01b25eefa4a,,
ΤΗΕΟΝΙ,independent,,,,no_site,,,,,"Ομήρου 61, Νέα Σμύρνη 171 21, Ελλάδα",,17121,,,,,xe.gr (weekly),,https://www.xe.gr/property/s/mesitiko-grafeio/theoni/03e5d0d2-637a-45ca-aacb-ba9e888b1344,,
ON THE SPOT M.IKE,independent,,,,no_site,,,,,"Πριγκηποννήσων 29, Αθήνα 113 63, Ελλάδα",,11363,,,,,xe.gr (weekly),,https://www.xe.gr/property/s/mesitiko-grafeio/on-the-spot-m-ike/cfe71056-0dc1-4e55-bd38-635bea12e006,,
ΕΛΕΝΗ ΡΗΓΑ,independent,,,,no_site,,,,,"Ελ. Βενιζέλου 44, Ηράκλειο 141 22, Ελλάδα",,14122,,,,,xe.gr (weekly),,https://www.xe.gr/property/s/mesitiko-grafeio/elenh-rhga/abe9a6df-c692-4c44-b315-c8efed861803,,
Χρήστος Δεδεμάδης,independent,,,,no_site,,,,,"Αγ. Νικολάου 18, Βριλήσσια 152 35, Ελλάδα",,15235,,,,,xe.gr (weekly),,https://www.xe.gr/property/s/mesitiko-grafeio/chrhstos-dedemadhs/4cdb683b-d2c4-438b-82ac-424af21a0405,,
ΜΠΕΝΕΤΟΠΟΥΛΟΥ ΙΟΥΛΙΑ,independent,,,,no_site,,,,,"Σισμανόγλειου 12-14, Βριλήσσια 152 35, Ελλάδα",,15235,,,,,xe.gr (weekly),,https://www.xe.gr/property/s/mesitiko-grafeio/mpenetopoyloy-ioylia/4e2932da-fa79-4883-a1a6-5b820838eaab,,
Group Realty,independent,,,,no_site,,,,,"Αριστοφάνους 24, Άγιοι Ανάργυροι 135 61, Ελλάδα",,13561,,,,,xe.gr (weekly),,https://www.xe.gr/property/s/mesitiko-grafeio/group-realty/6eaf7abc-6829-4ab7-9638-9155b40be133,,
Σχέδιο Πόλης,independent,,,,no_site,,,,,"Γρεβενών 40, Χολαργός 155 62, Ελλάδα",,15562,,,,,xe.gr (weekly),,https://www.xe.gr/property/s/mesitiko-grafeio/schedio-polhs/d4560475-9dea-4b7e-bd41-6f4a38137484,,
REAL ENERGY HOUSE,independent,,,,no_site,,,,,"Πατησίων 326, Αθήνα 111 41, Ελλάδα",,11141,,,,,xe.gr (weekly),,https://www.xe.gr/property/s/mesitiko-grafeio/real-energy-house/2cb09828-2319-471b-9947-c25fbd3a6be8,,
Δομή Δημήτογλου Δημητρα,independent,,,,no_site,,,,,"Βορέου & Μουσών, Βάρη 166 72, Ελλάδα",,16672,,,,,xe.gr (weekly),,https://www.xe.gr/property/s/mesitiko-grafeio/domh-dhmhtogloy-dhmhtra/22956814-3251-4033-ac0f-1a8cf5b78535,,
DRAKO KATASK,independent,,,,no_site,,,,,"Επιδαύρου 61, Χαλάνδρι 152 33, Ελλάδα",,15233,,,,,xe.gr (weekly),,https://www.xe.gr/property/s/mesitiko-grafeio/drako-katask/a48867f9-0114-40e8-8dbc-9cee1794dc68,,
Re-approach Greek Properties,independent,,,,no_site,,,,,"Μελανδρύου 4, Αθήνα 104 47, Ελλάδα",,10447,,,,,xe.gr (weekly),,https://www.xe.gr/property/s/mesitiko-grafeio/re-approach-greek-properties/35f6cd03-82db-4606-acaa-16d6fdcff98e,,
ATH Real Estate,independent,,,,no_site,,,,,"Καραολη Δημήτριου 39, Χαλάνδρι 152 32, Ελλάδα",,15232,,,,,xe.gr (weekly),,https://www.xe.gr/property/s/mesitiko-grafeio/ath-real-estate/45350bc3-4d0d-4097-a8d9-83108ae96a0c,,
ΜΠΟΥΛΑΖΕΡΗ ΤΡΨΙΧΩΡΗ,independent,,,,no_site,,,,,"Λεωφ. Ελ. Βενιζέλου 318, Καλλιθέα 176 75, Ελλάδα",,17675,,,,,xe.gr (weekly),,https://www.xe.gr/property/s/mesitiko-grafeio/mpoylazerh-trpsichwrh/df922482-e6a8-4194-8e6c-95eaf9f26165,,
Καλλιόπη Παπαδημητρίου,independent,,,,no_site,,,,,"Ανθίμου Γαζή 7, Περιστέρι 121 32, Ελλάδα",,12132,,,,,xe.gr (weekly),,https://www.xe.gr/property/s/mesitiko-grafeio/kallioph-papadhmhtrioy/4ba81bb7-6c2b-4396-9b79-683448fe30a3,,
Δημήτρης Καρτάλης,independent,,,,no_site,,,,,"Πατησίων 183, Αθήνα 112 53, Ελλάδα",,11253,,,,,xe.gr (weekly),,https://www.xe.gr/property/s/mesitiko-grafeio/dhmhtrhs-kartalhs/6a7c6446-2364-4914-b0ca-0c623f8bfcc6,,
Mathesis4fc,independent,,,,no_site,,,,,"Αγίας Σοφίας 6, Νέα Σμύρνη 171 23, Ελλάδα",,17123,,,,,xe.gr (weekly),,https://www.xe.gr/property/s/mesitiko-grafeio/mathesis4fc/7b09cb21-e66d-47cb-a00a-78f3e0809bdd,,
Harbor Real Estate,independent,,,,no_site,,,,,"Βουκουρεστίου 18, Αθήνα 106 71, Ελλάδα",,10671,,,,,xe.gr (weekly),,https://www.xe.gr/property/s/mesitiko-grafeio/harbor-real-estate/9733249d-4835-482d-bad2-416de844f3f2,,
EnoikosRealEstate,independent,,,,no_site,,,,,"Κολοκοτρώνη 3, Φιλοθέη 152 37, Ελλάδα",,15237,,,,,xe.gr (weekly),,https://www.xe.gr/property/s/mesitiko-grafeio/enoikosrealestate/db1a3c8f-7501-4df2-b1de-da84185e5f30,,
Holodek,independent,,,,no_site,,,,,"Μπέλες 16-18, Αθήνα 117 41, Ελλάδα",,11741,,,,,xe.gr (weekly),,https://www.xe.gr/property/s/mesitiko-grafeio/holodek/fb66f056-34e7-49bd-ac7e-4bc1e0f3965d,,
Στέφανος Κωνσταντινίδης,independent,,,,no_site,,,,,"Φλέμινγκ 6, Μελίσσια 151 27, Ελλάδα",,15127,,,,,xe.gr (weekly),,https://www.xe.gr/property/s/mesitiko-grafeio/stefanos-kwnstantinidhs/5f8cea10-bc11-41da-87fc-6c90a276354b,,
Remax Premium,independent,remaxpremium.gr,https://remaxpremium.gr,https://www.remaxpremium.gr/el/home,ok,yes,yes,5,houzez,"Λεωφ. Αγίου Δημητρίου 37, Αγ. Δημήτριος Αττικής 173 43, Ελλάδα",,17343,,,,,xe.gr (weekly); site by domain guess,,https://www.xe.gr/property/s/mesitiko-grafeio/remax-premium/bb23885e-89a1-4fda-ad8e-b0d02fb5e4a5,,
Athens Real Estate Solutions,independent,,,,no_site,,,,,"Δημητρακοπούλου 28, Αθήνα 117 42, Ελλάδα",,11742,,,,,xe.gr (weekly),,https://www.xe.gr/property/s/mesitiko-grafeio/athens-real-estate-solutions/759d827e-c06d-417a-ba0e-8f07ee67a212,,
jkj,independent,,,,no_site,,,,,"Ακαδημίας 57, Αθήνα 106 79, Ελλάδα",,10679,,,,,xe.gr (weekly),,https://www.xe.gr/property/s/mesitiko-grafeio/jkj/314669f0-3dc1-41ab-8af1-89e4f282818c,,
Zenith Estates,independent,,,,no_site,,,,,"Φαιστού 34, Γλυφάδα 165 61, Ελλάδα",,16561,,,,,xe.gr (weekly),,https://www.xe.gr/property/s/mesitiko-grafeio/zenith-estates/f195ef5f-fdfc-4d76-8150-154888e46149,,
Paloma Properties,independent,,,,no_site,,,,,"Ρηγίλλης 22, Αθήνα 106 74, Ελλάδα",,10674,,,,,xe.gr (weekly),,https://www.xe.gr/property/s/mesitiko-grafeio/paloma-properties/69de774e-00e1-4323-bec7-a88c28a2228a,,
NobleState,independent,,,,no_site,,,,,"Πρεμετής 2, Αθήνα 161 21, Ελλάδα",,16121,,,,,xe.gr (weekly),,https://www.xe.gr/property/s/mesitiko-grafeio/noblestate/17f5e672-ca00-4ee1-bf6a-2e2782941e13,,
Su Casa Real Estate,independent,sucasarealestate.gr,https://sucasarealestate.gr,https://sucasarealestate.gr,ok,yes,yes,19,wordpress,"Ηροδότου 29, Αθήνα 106 73, Ελλάδα",,10673,,,,,xe.gr (weekly); site by domain guess,,https://www.xe.gr/property/s/mesitiko-grafeio/su-casa-real-estate/824746e3-5025-48a0-82d0-9e3db121e18c,,
Mainstreet Property Advisors,independent,,,,no_site,,,,,"Αιγιαλείας 54, Μαρούσι 151 25, Ελλάδα",,15125,,,,,xe.gr (weekly),,https://www.xe.gr/property/s/mesitiko-grafeio/mainstreet-property-advisors/5c98d7a9-04ad-46f4-9e94-525bc32f648d,,
Grekodom Athens,independent,,,,no_site,,,,,"Φιλελλήνων 26, Αθήνα 105 58, Ελλάδα",,10558,,,,,xe.gr (weekly),,https://www.xe.gr/property/s/mesitiko-grafeio/grekodom-athens/a9eb0ae7-f66d-46b6-b73a-867685b691e3,,
GST GROUP REAL ESTATE,independent,,,,no_site,,,,,"Πλάτωνος 7, Χαλάνδρι 152 34, Ελλάδα",,15234,,,,,xe.gr (weekly),,https://www.xe.gr/property/s/mesitiko-grafeio/gst-group-real-estate/02d83b8a-8d06-43bf-8aa9-a4741c5794da,,
EGT realhome,independent,,,,no_site,,,,,"Ρόδων 3, Άρτεμις 190 16, Ελλάδα",,19016,,,,,xe.gr (weekly),,https://www.xe.gr/property/s/mesitiko-grafeio/egt-realhome/f06dc176-e1db-442e-89fd-144cd142f0fa,,
Eurohome4u,independent,,,,no_site,,,,,"Δεινοστράτου, Αθήνα 117 43, Ελλάδα",,11743,,,,,xe.gr (weekly),,https://www.xe.gr/property/s/mesitiko-grafeio/eurohome4u/c12b8511-dabf-4f2c-b7c4-7a283f0751cd,,
Citadelle Real Estate,independent,citadelle.gr,https://citadelle.gr,https://www.citadelle.gr/,ok,yes,yes,16,wordpress;houzez,"Μιλτιάδου 2, Αιγάλεω 122 43, Ελλάδα",,12243,,,,,xe.gr (weekly); site by domain guess,,https://www.xe.gr/property/s/mesitiko-grafeio/citadelle-real-estate/c877471f-be62-4b86-92c7-bbdcfbb8d751,,
Kallikratis reale estate,independent,,,,no_site,,,,,"Χαλάνδρι 152 33, Ελλάδα",,15233,,,,,xe.gr (weekly),,https://www.xe.gr/property/s/mesitiko-grafeio/kallikratis-reale-estate/14906c38-e443-4df8-a995-fc4ce8fbeb9e,,
Future Planners,independent,,,,no_site,,,,,"Πόντου, Δροσιά 145 72, Ελλάδα",,14572,,,,,xe.gr (weekly),,https://www.xe.gr/property/s/mesitiko-grafeio/future-planners/bbd690a0-a78b-46d0-b99a-dff6dd8db66c,,
HOME PROPERTIES HELLAS,independent,,,,no_site,,,,,"Κριμαίας 65, Γλυφάδα 165 62, Ελλάδα",,16562,,,,,xe.gr (weekly),,https://www.xe.gr/property/s/mesitiko-grafeio/home-properties-hellas/2e055898-cd41-4673-97d0-2ba6266b0f92,,
Living Experts,independent,,,,no_site,,,,,"Παππά 30, β, Κορωπί 194 00, Ελλάδα",,19400,,,,,xe.gr (weekly),,https://www.xe.gr/property/s/mesitiko-grafeio/living-experts/90edfb6a-413a-4725-a49f-58d72fa0368e,,
Οι ειδικοί στα Επαγγελματικά Ακίνητα,independent,,,,no_site,,,,,"Νικ. Σκαλκώτα 7, Άνω Λιόσια 133 42, Ελλάδα",,13342,,,,,xe.gr (weekly),,https://www.xe.gr/property/s/mesitiko-grafeio/oi-eidikoi-sta-epaggelmatika-akinhta/38b1b548-a26c-4f99-87fc-b4883097c61a,,
INPROPERTY,independent,,,,no_site,,,,,"Ευξείνου Πόντου 189, Παλαιό Φάληρο 175 63, Ελλάδα",,17563,,,,,xe.gr (weekly),,https://www.xe.gr/property/s/mesitiko-grafeio/inproperty/627eac6b-e8bb-4594-96c3-a653760e6fb3,,
Αχιλλαδέλης Δημήτριος,independent,,,,no_site,,,,,"Εθ. Αντιστάσεως 119, Βριλήσσια 152 35, Ελλάδα",,15235,,,,,xe.gr (weekly),,https://www.xe.gr/property/s/mesitiko-grafeio/achilladelhs-dhmhtrios/374c9792-19ee-44c8-bdad-43f80224d6da,,
ΠΑΝΑΓΙΩΤΟΠΟΥΛΟΣ ΓΕΩΡΓΙΟΣ ΠΑΝΑΓΙΩΤΗΣ,independent,,,,no_site,,,,,"Μαρκ. Μπότσαρη 25, Δάφνη Αττικής 172 34, Ελλάδα",,17234,,,,,xe.gr (weekly),,https://www.xe.gr/property/s/mesitiko-grafeio/panagiwtopoylos-gewrgios-panagiwths/ad3dae18-8787-4d64-bf6e-692d740640ed,,
Attica property,independent,,,,no_site,,,,,"Σόλωνος 66, Αθήνα 106 80, Ελλάδα",,10680,,,,,xe.gr (weekly),,https://www.xe.gr/property/s/mesitiko-grafeio/attica-property/20b5495f-ba03-4576-b846-edea019ec30a,,
Smart Property’s Decisions,independent,,,,no_site,,,,,"Αχιλλέως 8, Βάρη 166 72, Ελλάδα",,16672,,,,,xe.gr (weekly),,https://www.xe.gr/property/s/mesitiko-grafeio/smart-property-s-decisions/80766e31-c16e-4859-8855-3cc363c78575,,
Γιάννης Παναγιώτης,independent,,,,no_site,,,,,"Διγενή Ακρίτα, Αγ. Δημήτριος 173 43, Ελλάδα",,17343,,,,,xe.gr (weekly),,https://www.xe.gr/property/s/mesitiko-grafeio/giannhs-panagiwths/a7142aa3-26a1-46ec-9195-ac35f1797788,,
Συμεών Βογιατζόγλου-LYX ESTATE,independent,,,,no_site,,,,,"Δημ. Γούναρη 96, Μαρούσι 151 25, Ελλάδα",,15125,,,,,xe.gr (weekly),,https://www.xe.gr/property/s/mesitiko-grafeio/symewn-vogiatzogloy-lyx-estate/485736a7-68f3-4750-9888-603a0af5792c,,
Christina Colaj Real estate agency,independent,,,,no_site,,,,,"Μαρκόπουλου 5, Πόρτο Ράφτη 190 03, Ελλάδα",,19003,,,,,xe.gr (weekly),,https://www.xe.gr/property/s/mesitiko-grafeio/christina-colaj-real-estate-agency/5d19872f-3df3-4654-bd69-bb40b10001de,,
Panther Real Estate,independent,,,,no_site,,,,,"Λεωφ. Δημοκρατίας 4, Νέο Ψυχικό 154 51, Ελλάδα",,15451,,,,,xe.gr (weekly),,https://www.xe.gr/property/s/mesitiko-grafeio/panther-real-estate/be85b729-061f-41ec-9376-b623ef9b1143,,
Leo Real Estate,independent,,,,no_site,,,,,"Ορφέως 27, Γαλάτσι 111 46, Ελλάδα",,11146,,,,,xe.gr (weekly),,https://www.xe.gr/property/s/mesitiko-grafeio/leo-real-estate/08f0a5b2-b0b6-4d5d-80f6-01759da39777,,
OULANG GREECE REAL ESTATE,independent,,,,no_site,,,,,"Λεωφ. Μεσογείων 2-4, Αθήνα 115 27, Ελλάδα",,11527,,,,,xe.gr (weekly),,https://www.xe.gr/property/s/mesitiko-grafeio/oulang-greece-real-estate/fc9d483c-1fd6-4817-8876-54bb030553f4,,
NEW-HOME real estate,independent,,,,no_site,,,,,"Μεϊντάνη, Αθήνα 117 41, Ελλάδα",,11741,,,,,xe.gr (weekly),,https://www.xe.gr/property/s/mesitiko-grafeio/new-home-real-estate/fe3614be-a2cd-421d-8967-76101237ae8b,,
ΑΤΤΙΚΓ ΣΤΕΓΗ,independent,,,,no_site,,,,,"Ιπποκράτους 7, Αθήνα 106 79, Ελλάδα",,10679,,,,,xe.gr (weekly),,https://www.xe.gr/property/s/mesitiko-grafeio/attikg-stegh/a82b5ad1-cc40-47f3-a9a0-d17a567971c1,,
ΑΤΤΙΚΗ ΣΤΕΓΗ,independent,,,,no_site,,,,,"Ιπποκράτους 7, Αθήνα 106 79, Ελλάδα",,10679,,,,,xe.gr (weekly),,https://www.xe.gr/property/s/mesitiko-grafeio/attikh-stegh/daa4d16f-a301-48b0-bddf-2279601e4443,,
REAL ESTATE ΧΡΗΣΤΟΥ,independent,,,,no_site,,,,,"25ης Μαρτίου 42, Πετρούπολη 132 31, Ελλάδα",,13231,,,,,xe.gr (weekly),,https://www.xe.gr/property/s/mesitiko-grafeio/real-estate-chrhstoy/f28e37d7-211e-4814-abf9-70551f4ccbaf,,
Ktimatiki International,independent,,,,no_site,,,,,"Λεωφ. Κηφισίας 44, Μαρούσι 151 25, Ελλάδα",,15125,,,,,xe.gr (weekly),,https://www.xe.gr/property/s/mesitiko-grafeio/ktimatiki-international/d6a90f24-b22a-410f-bbc4-0aa1ed9beeb9,,
Test,independent,,,,no_site,,,,,"Κυκλάδων, Άρτεμις 190 16, Ελλάδα",,19016,,,,,xe.gr (weekly),,https://www.xe.gr/property/s/mesitiko-grafeio/test/ffa638e9-f405-4784-99f2-28dc69a249be,,
Revolution Power,independent,,,,no_site,,,,,"Μιλτιάδη Βαμβακά 7b, Ίλιον 131 22, Ελλάδα",,13122,,,,,xe.gr (weekly),,https://www.xe.gr/property/s/mesitiko-grafeio/revolution-power/608a3874-b4be-4174-8125-946a9e01f9c8,,
ΚΑΤΟΙΚΙΕΣ ΜΕΣΙΤΙΚΗ,independent,,,,no_site,,,,,"Μεγ. Αλεξάνδρου 25, Ηλιούπολη 163 46, Ελλάδα",,16346,,,,,xe.gr (weekly),,https://www.xe.gr/property/s/mesitiko-grafeio/katoikies-mesitikh/ba8eb7f9-393d-44a2-8e86-c10807c742cb,,
ΝP REAL ESTATE,independent,,,,no_site,,,,,"Λεωφ. Αλεξάνδρας 150, Αθήνα 114 71, Ελλάδα",,11471,,,,,xe.gr (weekly),,https://www.xe.gr/property/s/mesitiko-grafeio/np-real-estate/790649be-ab05-4a0f-9db6-9e8babdf6fe8,,
D.P. REAL ESTATE,independent,,,,no_site,,,,,"Σερίφου 42, Αθήνα 112 54, Ελλάδα",,11254,,,,,xe.gr (weekly),,https://www.xe.gr/property/s/mesitiko-grafeio/d-p-real-estate/e89836f9-2583-48eb-964a-20cb05661fa6,,
Real House Brokers,independent,,,,no_site,,,,,"Αβέρωφ 13, Κορωπί 194 00, Ελλάδα",,19400,,,,,xe.gr (weekly),,https://www.xe.gr/property/s/mesitiko-grafeio/real-house-brokers/f1d47823-2597-447f-aab4-83f6c665e301,,
ΚΑΠΠΟΣ ΗΛΙΑΣ,independent,,,,no_site,,,,,"Θεμιστοκλή Σοφούλη 13, Νέα Σμύρνη 171 22, Ελλάδα",,17122,,,,,xe.gr (weekly),,https://www.xe.gr/property/s/mesitiko-grafeio/kappos-hlias/9d651e65-5460-4d6a-a9be-221908c05e1c,,
Τexnognostis - επιλεγμένα ακίνητα,independent,,,,no_site,,,,,"Νικολαου Παπαηλία, Μέγαρα 191 00, Ελλάδα",,19100,,,,,xe.gr (weekly),,https://www.xe.gr/property/s/mesitiko-grafeio/texnognostis-epilegmena-akinhta/630c99ad-6058-451f-8f08-a14b4a825baa,,
ΓΕΡΑΣΙΜΟΣ ΝΤΟΥΝΗΣ,independent,,,,no_site,,,,,"Λεωφ. Βασιλέως Κωνσταντίνου 81, Κορωπί 194 00, Ελλάδα",,19400,,,,,xe.gr (weekly),,https://www.xe.gr/property/s/mesitiko-grafeio/gerasimos-ntoynhs/6497e496-ab22-424d-97f5-810580f2c8bc,,
Abundantia Real Estate S.A.,independent,,,,no_site,,,,,"Καψάλη 7, Αθήνα 106 74, Ελλάδα",,10674,,,,,xe.gr (weekly),,https://www.xe.gr/property/s/mesitiko-grafeio/abundantia-real-estate-s-a/8d15f63b-521c-456f-8a58-a84719a1a9d9,,
Texnognostis - επιλεγμένα ακίνητα,independent,,,,no_site,,,,,"Νικολαου Παπαηλία, Μέγαρα 191 00, Ελλάδα",,19100,,,,,xe.gr (weekly),,https://www.xe.gr/property/s/mesitiko-grafeio/texnognostis-epilegmena-akinhta/fae46b5e-81fd-482f-9305-16110e0bb5a0,,
ML REALTY O.E.,independent,,,,no_site,,,,,"Κοκκινάκη 3, Κηφισιά 145 61, Ελλάδα",,14561,,,,,xe.gr (weekly),,https://www.xe.gr/property/s/mesitiko-grafeio/ml-realty-o-e/ba72c5ac-6d14-40ed-9947-d392f54a3a4e,,
NX PROPERTIES,independent,,,,no_site,,,,,"3ης Σεπτεμβρίου 8, Αθήνα 104 32, Ελλάδα",,10432,,,,,xe.gr (weekly),,https://www.xe.gr/property/s/mesitiko-grafeio/nx-properties/f212e134-44d4-41cd-b644-d0e3e6284912,,
ROULA Real Estate,independent,,,,no_site,,,,,"Κοιμήσεως Θεοτόκου 15, Αγ. Στέφανος 145 65, Ελλάδα",,14565,,,,,xe.gr (weekly),,https://www.xe.gr/property/s/mesitiko-grafeio/roula-real-estate/5d95a307-8e4c-45a4-9c3c-780f1a3ec765,,
Sunrise-Realty,independent,sunrise-realty.gr,https://sunrise-realty.gr,https://www.sunrise-realty.gr/el/home,ok,yes,yes,6,,"Αλφειού 30, Βριλήσσια 152 38, Ελλάδα",,15238,,,,,xe.gr (weekly); site by domain guess,,https://www.xe.gr/property/s/mesitiko-grafeio/sunrise-realty/9722ce25-caca-493b-bd5b-62a95873ca32,,
879Realestate,independent,,,,no_site,,,,,"Ρέας, Γλυφάδα 166 75, Ελλάδα",,16675,,,,,xe.gr (weekly),,https://www.xe.gr/property/s/mesitiko-grafeio/879realestate/4f4854d0-4065-4d0e-8864-b5f045678d35,,
ΣΙΩΤΑΣ ΙΩΑΝΝΗΣ,independent,,,,no_site,,,,,"Χαρ. Τρικούπη 123, Νέα Ερυθραία 146 71, Ελλάδα",,14671,,,,,xe.gr (weekly),,https://www.xe.gr/property/s/mesitiko-grafeio/siwtas-iwannhs/1212041c-e8c7-48a4-9719-27b4581c845f,,
HOME FINDERS NORTH REAL ESTATE,independent,,,,no_site,,,,,"Μίκρας Ασίας 22, Νέα Ερυθραία 146 71, Ελλάδα",,14671,,,,,xe.gr (weekly),,https://www.xe.gr/property/s/mesitiko-grafeio/home-finders-north-real-estate/d14ba386-fe2a-4c70-bea1-9c69bfba5be1,,
Olympous Property,independent,,,,no_site,,,,,"Αγίου Κωνσταντίνου 61, Μαρούσι 151 24, Ελλάδα",,15124,,,,,xe.gr (weekly),,https://www.xe.gr/property/s/mesitiko-grafeio/olympous-property/39a66357-f2ef-456d-9c4a-b4829d0c3550,,
ALLEGRO REAL ESTATE AGENCY,independent,,,,no_site,,,,,"Αγιά Παρασκευή 153 42, Ελλάδα",,15342,,,,,xe.gr (weekly),,https://www.xe.gr/property/s/mesitiko-grafeio/allegro-real-estate-agency/fd95f176-0f73-401b-889d-5a42d4aa0253,,
Paragon Real Estate Specialist,independent,,,,no_site,,,,,"Παρ. Λεωφ. Βουλιαγμένης 13, Γλυφάδα 165 61, Ελλάδα",,16561,,,,,xe.gr (weekly),,https://www.xe.gr/property/s/mesitiko-grafeio/paragon-real-estate-specialist/b2553b40-ecf2-41cd-bacd-de7b85fb5f8c,,
ATHENS HOME,independent,,,,no_site,,,,,"Ιπποκράτους, Άρτεμις 190 16, Ελλάδα",,19016,,,,,xe.gr (weekly),,https://www.xe.gr/property/s/mesitiko-grafeio/athens-home/678ba5b1-9d7a-47b6-bbce-25000f299bfb,,
Seven7stones Properties,independent,,,,no_site,,,,,"Αργυροκάστρου 10, Ζωγράφου 157 73, Ελλάδα",,15773,,,,,xe.gr (weekly),,https://www.xe.gr/property/s/mesitiko-grafeio/seven7stones-properties/60ed5a4b-009c-4939-8a53-e16c6f9e7e56,,
ELISE REAL ESTATE,independent,,,,no_site,,,,,"Λεωφ. Μαραθώνος 325, Πικέρμι 190 09, Ελλάδα",,19009,,,,,xe.gr (weekly),,https://www.xe.gr/property/s/mesitiko-grafeio/elise-real-estate/91d13f32-0677-4cd4-a533-92682f43394f,,
kl-real estate,independent,,,,no_site,,,,,"Ανδρέα Παπανδρέου 5, Γλυφάδα 166 75, Ελλάδα",,16675,,,,,xe.gr (weekly),,https://www.xe.gr/property/s/mesitiko-grafeio/kl-real-estate/16805ba7-d1c2-4d7a-946d-4ed9accf0d07,,
Pascal Property,independent,,,,no_site,,,,,"Πολυκράτους 11, Περιστέρι 121 34, Ελλάδα",,12134,,,,,xe.gr (weekly),,https://www.xe.gr/property/s/mesitiko-grafeio/pascal-property/ddd07b44-4e36-4312-b5e8-7a9274fa9b05,,
ΝΙΚΗ ΚΑΜΤΣΙΟΥ,independent,,,,no_site,,,,,"Γλυφάδα 166 75, Ελλάδα",,16675,,,,,xe.gr (weekly),,https://www.xe.gr/property/s/mesitiko-grafeio/nikh-kamtsioy/5cc8bbc0-7ca3-4a41-b722-c35b980e1390,,
JX INVESTMENT PROPERTIES,independent,,,,no_site,,,,,"Αιόλου 68, Αθήνα 105 51, Ελλάδα",,10551,,,,,xe.gr (weekly),,https://www.xe.gr/property/s/mesitiko-grafeio/jx-investment-properties/1e69a19f-c40e-4ffc-86e6-df6fbddc329a,,
REAL HOME SOLUTIONS & SERVICES,independent,,,,no_site,,,,,"Λεωφ. Ανδρέα Συγγρού 196, Αθήνα 117 45, Ελλάδα",,11745,,,,,xe.gr (weekly),,https://www.xe.gr/property/s/mesitiko-grafeio/real-home-solutions-services/460495c9-5bbe-4468-a1f6-80fd44ec982e,,
Bright Living - Where dreams find home,independent,,,,no_site,,,,,"Χαροκόπου 115, Καλλιθέα 176 76, Ελλάδα",,17676,,,,,xe.gr (weekly),,https://www.xe.gr/property/s/mesitiko-grafeio/bright-living-where-dreams-find-home/a244ca52-3cc8-4a56-b8ce-1db09c10e568,,
ΚΤΗΜΑΤΟΔΥΝΑΜΙΚΗ ΝΙΚΟΛΑΟΣ ΤΩΜΑΔΑΚΗΣ,independent,,,,no_site,,,,,"Απόλλωνος 16, Ηράκλειο 141 21, Ελλάδα",,14121,,,,,xe.gr (weekly),,https://www.xe.gr/property/s/mesitiko-grafeio/kthmatodynamikh-nikolaos-twmadakhs/5b0c4e00-776d-472d-8ca3-5f1e0a438565,,
ST GEORGE REAL ESTATE,independent,,,,no_site,,,,,"Μεγίστης 62, Αθήνα 113 64, Ελλάδα",,11364,,,,,xe.gr (weekly),,https://www.xe.gr/property/s/mesitiko-grafeio/st-george-real-estate/af73a8ec-932d-4f1b-a247-1b151a7be6de,,
HOMEWIN,independent,,,,no_site,,,,,"Διονύσου 2, Μαρούσι 151 24, Ελλάδα",,15124,,,,,xe.gr (weekly),,https://www.xe.gr/property/s/mesitiko-grafeio/homewin/a9e1893e-018a-4873-96c2-defa3b53c4d8,,
Δήμητρα Κούτρα,independent,,,,no_site,,,,,"Λασκαράτου 1, Αθήνα 111 41, Ελλάδα",,11141,,,,,xe.gr (weekly),,https://www.xe.gr/property/s/mesitiko-grafeio/dhmhtra-koytra/a259301f-47f1-4ffc-bef4-5ca95c7e94e2,,
Malvaire Properties,independent,,,,no_site,,,,,"Πριγκιποννήσων 19, Μαρούσι 151 24, Ελλάδα",,15124,,,,,xe.gr (weekly),,https://www.xe.gr/property/s/mesitiko-grafeio/malvaire-properties/f5db4c89-c1ce-4e27-a859-2597ccdec27d,,
BASOUKOS REAL ESTATE,independent,,,,no_site,,,,,"Κρήτης 28, Αθήνα 104 38, Ελλάδα",,10438,,,,,xe.gr (weekly),,https://www.xe.gr/property/s/mesitiko-grafeio/basoukos-real-estate/965b9e77-d20f-4847-b16c-be708b6d00c3,,
TSD LOGISTICS OE,independent,,,,no_site,,,,,"Μάνδρα 196 00, Ελλάδα",,19600,,,,,xe.gr (weekly),,https://www.xe.gr/property/s/mesitiko-grafeio/tsd-logistics-oe/3754b6d8-04e7-4cd3-9b34-25928dbc372e,,
Propzzy,independent,,,,no_site,,,,,"Αθήνα 117 45, Ελλάδα",,11745,,,,,xe.gr (weekly),,https://www.xe.gr/property/s/mesitiko-grafeio/propzzy/f0b725ca-f698-4e6d-bccb-6f2a0f182433,,
YOUR PROPERTIES,independent,,,,no_site,,,,,"Κρίτωνος 4, Αθήνα 116 34, Ελλάδα",,11634,,,,,xe.gr (weekly),,https://www.xe.gr/property/s/mesitiko-grafeio/your-properties/4b35c7c3-b3c0-41d2-8d4e-75985d967fc5,,
Aretas Hellas,independent,,,,no_site,,,,,"Λεωφ. Βασιλέως Παύλου 107, Βούλα 166 73, Ελλάδα",,16673,,,,,xe.gr (weekly),,https://www.xe.gr/property/s/mesitiko-grafeio/aretas-hellas/4cc1c240-3d37-4431-9b21-097b31bdadeb,,
ΠΡΩΤΟ ΣΠΙΤΙ,independent,,,,no_site,,,,,"Λεωφ. Ανδρέα Συγγρού 106, Αθήνα 117 41, Ελλάδα",,11741,,,,,xe.gr (weekly),,https://www.xe.gr/property/s/mesitiko-grafeio/prwto-spiti/f18c2bca-4a14-4b28-8682-9bd716386ce2,,
VnV PROPERTIES,independent,,,,no_site,,,,,"Λεωφ. Κηφισίας 118, Αθήνα 115 26, Ελλάδα",,11526,,,,,xe.gr (weekly),,https://www.xe.gr/property/s/mesitiko-grafeio/vnv-properties/f19ea3a4-5e4b-4c22-991a-5091d614a2e8,,
Διονύσιος Μυλωνάς,independent,,,,no_site,,,,,"Μιχαήλ Βόδα 42, Αθήνα 104 40, Ελλάδα",,10440,,,,,xe.gr (weekly),,https://www.xe.gr/property/s/mesitiko-grafeio/dionysios-mylwnas/680b5e7f-d2e8-42f8-a5ae-5dc3b22474f1,,
ΑΙΚΑΤΕΡΙΝΗ ΣΤΕΙΑΚΑΚΗ,independent,,,,no_site,,,,,"Αχιλλέως 14, Βριλήσσια 152 38, Ελλάδα",,15238,,,,,xe.gr (weekly),,https://www.xe.gr/property/s/mesitiko-grafeio/aikaterinh-steiakakh/c19f3576-a2f8-4c70-8b8b-781448d5a7dc,,
ZUHAUSE GREECE,independent,,,,no_site,,,,,"Γαλάτσι 111 46, Ελλάδα",,11146,,,,,xe.gr (weekly),,https://www.xe.gr/property/s/mesitiko-grafeio/zuhause-greece/c4c65072-e257-49a1-b307-3a1eda9a47da,,
LAND&FLOORS,independent,,,,no_site,,,,,"Δημ. Γούναρη 96, Μαρούσι 151 25, Ελλάδα",,15125,,,,,xe.gr (weekly),,https://www.xe.gr/property/s/mesitiko-grafeio/land-floors/e79cf833-2bc2-485a-9128-b73c5933e94c,,
SKALANPROPERTIES,independent,,,,no_site,,,,,"Βασ. Αλεξάνδρου 31, Πεύκη 151 21, Ελλάδα",,15121,,,,,xe.gr (weekly),,https://www.xe.gr/property/s/mesitiko-grafeio/skalanproperties/2bed9348-9941-4fbc-b714-43b95cb9aa60,,
Riviera houses,independent,,,,no_site,,,,,"Παπαφώτη, Βάρη 166 72, Ελλάδα",,16672,,,,,xe.gr (weekly),,https://www.xe.gr/property/s/mesitiko-grafeio/riviera-houses/27331d35-d610-455a-8f83-d930889a2d84,,
VelProperty Real Estate,independent,,,,no_site,,,,,"Χειμάρρας 12-14, Αθήνα 104 43, Ελλάδα",,10443,,,,,xe.gr (weekly),,https://www.xe.gr/property/s/mesitiko-grafeio/velproperty-real-estate/b836a151-a5c2-48cc-b2f4-83f812f689c5,,
SEVEN WINDS REAL ESTATE SERVICES,independent,,,,no_site,,,,,"Μάνου Χατζιδάκι 12, Αθήνα 116 33, Ελλάδα",,11633,,,,,xe.gr (weekly),,https://www.xe.gr/property/s/mesitiko-grafeio/seven-winds-real-estate-services/4583d5ce-6db8-46ed-bc34-f71c13afb721,,
VERGIOTIS VASILEIOS EXECUTIVE REAL ESTATE AGENT ΒΑΣΙΛΕΙΟΣ ΒΕΡΓΙΩΤΗΣ,independent,,,,no_site,,,,,"Λιβύης 8, Γλυφάδα 165 62, Ελλάδα",,16562,,,,,xe.gr (weekly),,https://www.xe.gr/property/s/mesitiko-grafeio/vergiotis-vasileios-executive-real-estate-agent-vasileios-vergiwths/9862b6c5-f51c-4528-8be6-832e297f1ff0,,
MONDOCASA REAL ESTATE,independent,,,,no_site,,,,,"Σερρών 29, Αιγάλεω 122 42, Ελλάδα",,12242,,,,,xe.gr (weekly),,https://www.xe.gr/property/s/mesitiko-grafeio/mondocasa-real-estate/d6a79340-6595-4176-ba79-76267df3de0c,,
ΤΡΙΑΝΤΑΦΥΛΛΟΠΟΥΛΟΣ ΧΡΗΣΤΟΣ - ΜΕΣΙΤΙΚΟ ΓΡΑΦΕΙΟ,independent,,,,no_site,,,,,"Βουλής 14, Αθήνα 105 63, Ελλάδα",,10563,,,,,xe.gr (weekly),,https://www.xe.gr/property/s/mesitiko-grafeio/triantafyllopoylos-chrhstos-mesitiko-grafeio/5cc8ee89-fe27-4e31-ba65-7447f2a33d16,,
Romaidis Real Estate,independent,,,,no_site,,,,,"Αγίας Μαρίνας 4, Αγ. Βαρβάρα 122 44, Ελλάδα",,12244,,,,,xe.gr (weekly),,https://www.xe.gr/property/s/mesitiko-grafeio/romaidis-real-estate/6ac2375f-3012-4e6d-8dc3-e79509e43d9b,,
ARETAS REALTY,independent,,,,no_site,,,,,"Ποσειδώνος 24, Βούλα 166 73, Ελλάδα",,16673,,,,,xe.gr (weekly),,https://www.xe.gr/property/s/mesitiko-grafeio/aretas-realty/ed17e92a-04bb-4bfd-93f3-bde6a89bede3,,
Ligkas Group Real Estate,independent,,,,no_site,,,,,"17ης Νοεμβρίου 6, Μελίσσια 151 27, Ελλάδα",,15127,,,,,xe.gr (weekly),,https://www.xe.gr/property/s/mesitiko-grafeio/ligkas-group-real-estate/ae24b65c-a0ac-4c91-a201-7369869172c6,,
Estatelia Property Services,independent,,,,no_site,,,,,"Ηούς 53, Αθήνα 118 53, Ελλάδα",,11853,,,,,xe.gr (weekly),,https://www.xe.gr/property/s/mesitiko-grafeio/estatelia-property-services/355e6935-8c68-4b12-bd15-44769375bbca,,
ΣΠΕΤΣΕΡΗ ΑΓΓΕΛΙΚΗ,independent,,,,no_site,,,,,"Δημ. Γούναρη 227, Γλυφάδα 166 74, Ελλάδα",,16674,,,,,xe.gr (weekly),,https://www.xe.gr/property/s/mesitiko-grafeio/spetserh-aggelikh/ce56efe4-3d51-4f52-a0ca-d62ead2a3d8f,,
NIKO,independent,,,,no_site,,,,,"Δημ. Γληνού 8, Νέα Φιλαδέλφεια Αττικής 143 42, Ελλάδα",,14342,,,,,xe.gr (weekly),,https://www.xe.gr/property/s/mesitiko-grafeio/niko/4ea42a28-d248-486a-986b-fea6db8f384c,,
LiViN Real Estate,independent,,,,no_site,,,,,"Παλαιάς Καβάλας 35, Αιγάλεω 122 42, Ελλάδα",,12242,,,,,xe.gr (weekly),,https://www.xe.gr/property/s/mesitiko-grafeio/livin-real-estate/4cf7d1e4-99d2-4332-aefb-d42ad613b445,,
MV,independent,,,,no_site,,,,,"Σπύρου Μήλιου 7, Αγ. Δημήτριος Αττικής 173 42, Ελλάδα",,17342,,,,,xe.gr (weekly),,https://www.xe.gr/property/s/mesitiko-grafeio/mv/b67b6a7a-7bf8-4587-a639-9f617f0d86a9,,
ΠΑΝΑΓΙΩΤΑ ΔΡΙΤΣΑΚΗ,independent,,,,no_site,,,,,"Οδυσσέως Ελύτη 5, Άλιμος 174 55, Ελλάδα",,17455,,,,,xe.gr (weekly),,https://www.xe.gr/property/s/mesitiko-grafeio/panagiwta-dritsakh/c8a6c576-0da8-4763-92d4-6142a95d9a66,,
AV MANAGEMENT,independent,,,,no_site,,,,,"Λεωφ. Ανδρέα Συγγρού 196, Καλλιθέα 176 71, Ελλάδα",,17671,,,,,xe.gr (weekly),,https://www.xe.gr/property/s/mesitiko-grafeio/av-management/1cdf510e-45d7-410e-84d9-b43f11a1f386,,
F.G.A REAL ESTATE,independent,,,,no_site,,,,,"Ιερά Οδός 294, Αιγάλεω 122 43, Ελλάδα",,12243,,,,,xe.gr (weekly),,https://www.xe.gr/property/s/mesitiko-grafeio/f-g-a-real-estate/6ceb08a2-be33-49a4-8a8c-38949a37f4cf,,
ReiG E.E,independent,,,,no_site,,,,,"Γράμμου 100, Αργυρούπολη 164 51, Ελλάδα",,16451,,,,,xe.gr (weekly),,https://www.xe.gr/property/s/mesitiko-grafeio/reig-e-e/3e85e222-86ab-4a78-92d6-77599f71efad,,
AGV REAL ESTATE,independent,,,,no_site,,,,,"Υμηττού 84, Αθήνα 116 34, Ελλάδα",,11634,,,,,xe.gr (weekly),,https://www.xe.gr/property/s/mesitiko-grafeio/agv-real-estate/690beb1f-d768-4817-ad60-67123a246cdf,,
MLI Real Estate,independent,,,,no_site,,,,,"Αθηνάς 2, Αθήνα 105 51, Ελλάδα",,10551,,,,,xe.gr (weekly),,https://www.xe.gr/property/s/mesitiko-grafeio/mli-real-estate/8e720c14-becf-4b16-8f5c-1400da026abf,,
Athenian Resident,independent,,,,no_site,,,,,"Ιερού Λόχου 6, Χαϊδάρι 124 61, Ελλάδα",,12461,,,,,xe.gr (weekly),,https://www.xe.gr/property/s/mesitiko-grafeio/athenian-resident/6105cc4d-dd79-480b-8239-aafb286e1f68,,
OiKONA,independent,,,,no_site,,,,,"Λεωφ. Σουνίου 39, Μαρκόπουλο Μεσογαίας 190 03, Ελλάδα",,19003,,,,,xe.gr (weekly),,https://www.xe.gr/property/s/mesitiko-grafeio/oikona/385c6095-c46e-4676-a8cb-0796dda4e3e3,,
Casaro Real Estate,independent,,,,no_site,,,,,"Κοιμήσεως Θεοτόκου 6, Αγ. Στέφανος 145 65, Ελλάδα",,14565,,,,,xe.gr (weekly),,https://www.xe.gr/property/s/mesitiko-grafeio/casaro-real-estate/192d71b0-0a10-4174-bd5a-3e74892f8281,,
ΚΑΡΟΛΟΣ ΚΑΛΔΑΝΗΣ,independent,,,,no_site,,,,,"Τάμπα 65, Ηλιούπολη 163 42, Ελλάδα",,16342,,,,,xe.gr (weekly),,https://www.xe.gr/property/s/mesitiko-grafeio/karolos-kaldanhs/e7c05216-a303-4dcb-811c-05de96899a1d,,
Quality service Κτηματομεσιτική,independent,,,,no_site,,,,,"Αίαντος 13, Δροσιά 145 72, Ελλάδα",,14572,,,,,xe.gr (weekly),,https://www.xe.gr/property/s/mesitiko-grafeio/quality-service-kthmatomesitikh/5716d29c-61d3-427f-9fef-75ec34ef834f,,
casamania,independent,,,,no_site,,,,,"Ιωαννίνων 5, Κηφισιά 145 62, Ελλάδα",,14562,,,,,xe.gr (weekly),,https://www.xe.gr/property/s/mesitiko-grafeio/casamania/3df29a45-2fe2-433d-a567-642815878c8b,,
CITY HOME REAL ESTATE,independent,,,,no_site,,,,,"Παλαιάς Καβάλας 191, Περιστέρι 121 36, Ελλάδα",,12136,,,,,xe.gr (weekly),,https://www.xe.gr/property/s/mesitiko-grafeio/city-home-real-estate/f9acc318-9ec1-42d7-8959-6d4a72b737af,,
Γιώργος,independent,,,,no_site,,,,,"Μεγαλουπόλεως 49, Καλλιθέα 176 75, Ελλάδα",,17675,,,,,xe.gr (weekly),,https://www.xe.gr/property/s/mesitiko-grafeio/giwrgos/09d9b6e1-2c57-4626-a57c-3fe27cd04e77,,
NEDCON,independent,,,,no_site,,,,,"Ναϊάδων 108, Παλαιό Φάληρο 175 62, Ελλάδα",,17562,,,,,xe.gr (weekly),,https://www.xe.gr/property/s/mesitiko-grafeio/nedcon/520aca84-0a36-43f6-9479-e4cce9a7d66d,,
ABC,independent,,,,no_site,,,,,"Αρκαδίου 6, Αιγάλεω 122 44, Ελλάδα",,12244,,,,,xe.gr (weekly),,https://www.xe.gr/property/s/mesitiko-grafeio/abc/abcbb67c-5afd-4945-9822-a0c875aaec94,,
Diyam Real Estate,independent,,,,no_site,,,,,"Χαλκοκονδύλη 9, Αθήνα 106 77, Ελλάδα",,10677,,,,,xe.gr (weekly),,https://www.xe.gr/property/s/mesitiko-grafeio/diyam-real-estate/d35e4fc9-e85e-4768-9e67-4be8eac5ef07,,
MNK,independent,,,,no_site,,,,,"Κύπρου 119, Αθήνα 113 61, Ελλάδα",,11361,,,,,xe.gr (weekly),,https://www.xe.gr/property/s/mesitiko-grafeio/mnk/dd00c081-eea2-4ee6-ae05-4ba09e026d92,,
athina real estate,independent,,,,no_site,,,,,"Σπύρου Μήλιου 7, Αγ. Δημήτριος Αττικής 173 42, Ελλάδα",,17342,,,,,xe.gr (weekly),,https://www.xe.gr/property/s/mesitiko-grafeio/athina-real-estate/b33ba07e-8bb1-44f2-95e6-bcaba6708a5e,,
Domusland Realty,independent,,,,no_site,,,,,"Σκρα 7, Νέα Φιλαδέλφεια Αττικής 143 42, Ελλάδα",,14342,,,,,xe.gr (weekly),,https://www.xe.gr/property/s/mesitiko-grafeio/domusland-realty/e93263db-95e6-4fc0-928b-349c0f83501a,,
Αξιοποίηση Ακινήτων Αδαμαντία Θηβαίου,independent,,,,no_site,,,,,"Υφαντή 5, Κορωπί 194 00, Ελλάδα",,19400,,,,,xe.gr (weekly),,https://www.xe.gr/property/s/mesitiko-grafeio/axiopoihsh-akinhtwn-adamantia-thhvaioy/b7740af4-04d9-4fee-bf23-dc807cf5b043,,
MEDI SEA,independent,,,,no_site,,,,,"Ακαδημίας 35, Αθήνα 106 72, Ελλάδα",,10672,,,,,xe.gr (weekly),,https://www.xe.gr/property/s/mesitiko-grafeio/medi-sea/d863504a-cd88-4e49-8c11-b8340eadb76f,,
Αξιοποίηση Ακινήτων,independent,,,,no_site,,,,,"Υφαντή 5, Κορωπί 194 00, Ελλάδα",,19400,,,,,xe.gr (weekly),,https://www.xe.gr/property/s/mesitiko-grafeio/axiopoihsh-akinhtwn/20b5bf0c-63c1-4848-a8c6-7adf991f3b5d,,
Phoenix - Διαχείριση Ακινήτων,independent,,,,no_site,,,,,"Πλ. Βαρνάβα 7, Αθήνα 116 36, Ελλάδα",,11636,,,,,xe.gr (weekly),,https://www.xe.gr/property/s/mesitiko-grafeio/phoenix-diacheirish-akinhtwn/186e1317-d47b-4c34-8f4a-57c75d168a10,,
Sivylla Argyropoulou and Associates,independent,,,,no_site,,,,,"Ερεχθείου 28, Αθήνα 117 42, Ελλάδα",,11742,,,,,xe.gr (weekly),,https://www.xe.gr/property/s/mesitiko-grafeio/sivylla-argyropoulou-and-associates/6a8f561e-a094-486b-9315-5ccecf095174,,
Nova Living,independent,,,,no_site,,,,,"Τζων Κέννεντυ 220, Περιστέρι 121 37, Ελλάδα",,12137,,,,,xe.gr (weekly),,https://www.xe.gr/property/s/mesitiko-grafeio/nova-living/8e595c97-d3b7-4b57-88ed-6df27cb68eca,,
KEMPAS PROPERTIES,independent,,,,no_site,,,,,"Ανατολικής Ρωμυλίας 92, Πετρούπολη 132 31, Ελλάδα",,13231,,,,,xe.gr (weekly),,https://www.xe.gr/property/s/mesitiko-grafeio/kempas-properties/3a68ff57-03a5-465f-b11a-683f4ba7afd6,,
Aia's Realty,independent,,,,no_site,,,,,"Αγίας Λαύρας 3, Μελίσσια 151 27, Ελλάδα",,15127,,,,,xe.gr (weekly),,https://www.xe.gr/property/s/mesitiko-grafeio/aia-s-realty/4cff7c07-f857-49b0-88a3-a9768f8a3ad2,,
LINE ESTATE,independent,,,,no_site,,,,,"Πλάτωνος 14, Χαλάνδρι 152 34, Ελλάδα",,15234,,,,,xe.gr (weekly),,https://www.xe.gr/property/s/mesitiko-grafeio/line-estate/3f69dea8-cd0c-4685-b496-162f6cc1d9c7,,
Holistic Sales Consultant in Real Estate,independent,,,,no_site,,,,,"Νεφέλης 1, Παλαιό Φάληρο 175 64, Ελλάδα",,17564,,,,,xe.gr (weekly),,https://www.xe.gr/property/s/mesitiko-grafeio/holistic-sales-consultant-in-real-estate/baf4fbf4-b4d1-459c-bc0d-ec143463c9e4,,
Papias Realty,independent,,,,no_site,,,,,"Σκρα 75, Καλλιθέα 176 73, Ελλάδα",,17673,,,,,xe.gr (weekly),,https://www.xe.gr/property/s/mesitiko-grafeio/papias-realty/a22b659a-6f8f-4f88-9837-5f8510b74180,,
Tsivourakis,independent,,,,no_site,,,,,"25ης Μαρτίου 2, Χολαργός 155 61, Ελλάδα",,15561,,,,,xe.gr (weekly),,https://www.xe.gr/property/s/mesitiko-grafeio/tsivourakis-real-estate/a40a6775-c0c8-4451-8600-69cd461fb9a1,,
ΤΣΑΛΙΔΗΣ ΙΩΑΝΝΗΣ,independent,,,,no_site,,,,,"Φλέμινγκ, Νέα Φιλαδέλφεια Αττικής 143 42, Ελλάδα",,14342,,,,,xe.gr (weekly),,https://www.xe.gr/property/s/mesitiko-grafeio/tsalidhs-iwannhs/5e72daf8-a8df-449c-a0fe-b3afd1a278ce,,
ΣΙΔΕΡΗΣ ΜΙΧΑΗΛ,independent,,,,no_site,,,,,"Βασ. Παύλου 40, Σπάτα 190 04, Ελλάδα",,19004,,,,,xe.gr (weekly),,https://www.xe.gr/property/s/mesitiko-grafeio/siderhs-michahl/8946f5fe-4ae0-4f9f-9708-bc7cd453c5bc,,
Casa 360,independent,,,,no_site,,,,,"Κίμωνος 1, Μαρούσι 151 22, Ελλάδα",,15122,,,,,xe.gr (weekly),,https://www.xe.gr/property/s/mesitiko-grafeio/casa-360/1f34579e-bce7-46c8-a9f1-09afad4cf273,,
East Coast Attica,independent,,,,no_site,,,,,"Νέα Μάκρη 190 05, Ελλάδα",,19005,,,,,xe.gr (weekly),,https://www.xe.gr/property/s/mesitiko-grafeio/east-coast-attica/18812cbe-dbd1-4b70-9745-4b4fe23d95b6,,
Dedalos,independent,,,,no_site,,,,,"Λεωφ. Μεσογείων 419, Αγ. Παρασκευή 153 43, Ελλάδα",,15343,,,,,xe.gr (weekly),,https://www.xe.gr/property/s/mesitiko-grafeio/dedalos/cff2c1ce-9462-43d1-bc60-61672b42a6f4,,
Vasilis sulai,independent,,,,no_site,,,,,"Κερκύρας 141, Αθήνα 113 63, Ελλάδα",,11363,,,,,xe.gr (weekly),,https://www.xe.gr/property/s/mesitiko-grafeio/vasilis-sulai/6cdc717f-6427-4597-a947-f5156508ef1e,,
ΑΡΖΟΥΜΑΝΙΔΗΣ ΚΩΝΣΤΑΝΤΙΝΟΣ ΘΕΟΦΥΛΑΚΤΟΣ,independent,,,,no_site,,,,,"Μαγνησίας 14, Νέα Ιωνία 142 32, Ελλάδα",,14232,,,,,xe.gr (weekly),,https://www.xe.gr/property/s/mesitiko-grafeio/arzoymanidhs-kwnstantinos-theofylaktos/3f313d32-8c03-498b-ab4a-599c66bf6735,,
HOUSEFINDING,independent,,,,no_site,,,,,"Αγίου Κωνσταντίνου 66, Ηλιούπολη 163 46, Ελλάδα",,16346,,,,,xe.gr (weekly),,https://www.xe.gr/property/s/mesitiko-grafeio/housefinding/cfd3a82e-61df-4ff7-aefd-eb02112d79c9,,
Zintrorealestate,independent,zintrorealestate.com,https://zintrorealestate.com,https://zintrorealestate.com,ok,yes,yes,19,wordpress;houzez,"Αθηνάς 19, Ίλιον 131 22, Ελλάδα",,13122,,,,,xe.gr (weekly); site by domain guess,,https://www.xe.gr/property/s/mesitiko-grafeio/zintrorealestate/222cd400-1288-4957-b8c7-9b7cc1461c32,,
ĐINA'S Real Estate,independent,,,,no_site,,,,,"Διδότου 37, Αθήνα 106 80, Ελλάδα",,10680,,,,,xe.gr (weekly),,https://www.xe.gr/property/s/mesitiko-grafeio/dina-s-real-estate/c0cd996b-9287-4a29-a531-e3259e309e03,,
Smarty Μονοπρόσωπη Ικε,independent,,,,no_site,,,,,"Πλουτάρχου 29, Αθήνα 106 75, Ελλάδα",,10675,,,,,xe.gr (weekly),,https://www.xe.gr/property/s/mesitiko-grafeio/smarty-monoproswph-ike/390b01a1-b75e-4cef-ae43-72c0abe739f6,,
ΑΙΚΑΤΕΡΙΝΗ ΧΑΤΖΗΜΙΧΑΗΛΙΔΟΥ,independent,,,,no_site,,,,,"Πλάτωνος 3, Ανάβυσσος 190 13, Ελλάδα",,19013,,,,,xe.gr (weekly),,https://www.xe.gr/property/s/mesitiko-grafeio/aikaterinh-chatzhmichahlidoy/5c303fd2-3926-4d6e-86e9-4859b0a69278,,
IRIS-ERMIS,independent,,,,no_site,,,,,"Αργυρουπόλεως 18, Αργυρούπολη 164 51, Ελλάδα",,16451,,,,,xe.gr (weekly),,https://www.xe.gr/property/s/mesitiko-grafeio/iris-ermis/dbca719a-8752-49e2-8e33-c094968e0b2e,,
ΑΤΤΙΚΟΣ ΝΟΤΟΣ,independent,,,,no_site,,,,,"Πλειάδων 10, Άλιμος 174 56, Ελλάδα",,17456,,,,,xe.gr (weekly),,https://www.xe.gr/property/s/mesitiko-grafeio/attikos-notos/2b9a1df8-8ccb-43ad-acb6-063e84564a75,,
Asset Real Estate Agency,independent,,,,no_site,,,,,"Γρ. Λαμπράκη 58, Γλυφάδα 166 75, Ελλάδα",,16675,,,,,xe.gr (weekly),,https://www.xe.gr/property/s/mesitiko-grafeio/asset-real-estate-agency/56c6cdb7-b74c-4b34-9ce1-ba18412b0689,,
GEOERGA REAL ESTATE,independent,,,,no_site,,,,,"Πατριάρχου Γρηγορίου Ε 62, Μαρούσι 151 22, Ελλάδα",,15122,,,,,xe.gr (weekly),,https://www.xe.gr/property/s/mesitiko-grafeio/geoerga-real-estate/b47409a6-3dc5-421e-8f00-696fe21dd06f,,
Real Estate Net,independent,,,,no_site,,,,,"Φειδίου 6, Αθήνα 106 78, Ελλάδα",,10678,,,,,xe.gr (weekly),,https://www.xe.gr/property/s/mesitiko-grafeio/real-estate-net/c0b6f4e9-ccda-4abf-9923-ea974ffe5134,,
Nikolaidis Real Estate,independent,nikolaidisestate.gr,https://nikolaidisestate.gr,https://www.nikolaidisestate.gr/,ok,no,yes,26,,"Παράσχου 62, Αθήνα 114 74, Ελλάδα",,11474,,,,,xe.gr (weekly); site by domain guess,,https://www.xe.gr/property/s/mesitiko-grafeio/nikolaidis-real-estate/66f021ce-962a-4488-83cb-5c0f28e3b93b,,
Α,independent,,,,no_site,,,,,"Ανατολικής Αττικής, Γέρακας 153 44, Ελλάδα",,15344,,,,,xe.gr (weekly),,https://www.xe.gr/property/s/mesitiko-grafeio/a/fd5a0a11-088f-415c-9923-53abf9a6fee9,,
Great Athenian,independent,,,,no_site,,,,,"Πλάτωνος 14, Χαλάνδρι 152 34, Ελλάδα",,15234,,,,,xe.gr (weekly),,https://www.xe.gr/property/s/mesitiko-grafeio/great-athenian/d71984a1-12a3-4db8-b21c-bd16b1426140,,
Dreamland Properties,independent,,,,no_site,,,,,"Δημ. Γούναρη 75, Γλυφάδα 165 61, Ελλάδα",,16561,,,,,xe.gr (weekly),,https://www.xe.gr/property/s/mesitiko-grafeio/dreamland-properties/f7eb38e7-dad6-428f-92eb-d3a8559a88ab,,
ATHENS CASA,independent,,,,no_site,,,,,"Δανάης 5, Δήμος Σπάτων - Αρτέμιδος 190 04, Ελλάδα",,19004,,,,,xe.gr (weekly),,https://www.xe.gr/property/s/mesitiko-grafeio/athens-casa/f3abfc1d-871e-43ab-a338-44b5440e7731,,
Βασίλης Καραγιάννης Real Estate Advisory,independent,,,,no_site,,,,,"Τρίτωνος 132, Παλαιό Φάληρο 175 62, Ελλάδα",,17562,,,,,xe.gr (weekly),,https://www.xe.gr/property/s/mesitiko-grafeio/vasilhs-karagiannhs-real-estate-advisory/fa1b7af2-bd01-426f-b7ef-b7dfda3c5d3a,,
House in Grecce,independent,,,,no_site,,,,,"Δαιδάλου 42, Αγ. Δημήτριος Αττικής 173 42, Ελλάδα",,17342,,,,,xe.gr (weekly),,https://www.xe.gr/property/s/mesitiko-grafeio/house-in-grecce/102109b0-d3c5-4019-bcb3-0ab379769a7c,,
Ergon Project - Real Estate Solutions,independent,,,,no_site,,,,,"Λεωφ. Δημάρχου Αγγέλου Μεταξά 21, Γλυφάδα 166 75, Ελλάδα",,16675,,,,,xe.gr (weekly),,https://www.xe.gr/property/s/mesitiko-grafeio/ergon-project-real-estate-solutions/ad263e72-d6a5-44ca-895c-af5a5eb2d0aa,,
Spyros Fikias,independent,,,,no_site,,,,,"Κορυτσάς 1, Αργυρούπολη 164 51, Ελλάδα",,16451,,,,,xe.gr (weekly),,https://www.xe.gr/property/s/mesitiko-grafeio/spyros-fikias/216df672-17f9-460e-b3a6-1a524ab9e39d,,
AXON REAL ESTATE & DEVELOPMENT,independent,,,,no_site,,,,,"Αγίου Νεκτάριου 13, Μοσχάτο 183 45, Ελλάδα",,18345,,,,,xe.gr (weekly),,https://www.xe.gr/property/s/mesitiko-grafeio/axon-real-estate-development/92710a5a-1c1e-44f6-99b0-7687eba49df6,,
FAIRES,independent,,,,no_site,,,,,"Σταδίου 39, Αθήνα 105 59, Ελλάδα",,10559,,,,,xe.gr (weekly),,https://www.xe.gr/property/s/mesitiko-grafeio/faires/e839db14-6a5c-41f2-b869-9d62c1dd4574,,
RK REAL ESTATE,independent,,,,no_site,,,,,"Αντιπάτρου 4, Αθήνα 118 53, Ελλάδα",,11853,,,,,xe.gr (weekly),,https://www.xe.gr/property/s/mesitiko-grafeio/rk-real-estate/93189d33-4c1b-4c39-9670-c9b6ca645117,,
Manager,independent,,,,no_site,,,,,"Βυζαντίου 13, Παλλήνη 153 51, Ελλάδα",,15351,,,,,xe.gr (weekly),,https://www.xe.gr/property/s/mesitiko-grafeio/manager/5625ccbc-b116-4c2b-ad86-3db016c019b5,,
JKB REAL ESTATE,independent,,,,no_site,,,,,"Βεΐκου 102, Αθήνα 117 41, Ελλάδα",,11741,,,,,xe.gr (weekly),,https://www.xe.gr/property/s/mesitiko-grafeio/jkb-real-estate/a3387573-f5a9-40b1-a9ec-ba9dc1662c33,,
ΕΠΙΧΕΙΡΗΣΕΙΣ ΦΡΑΓΚΟΥ,independent,,,,no_site,,,,,"Αφίδνες 190 14, Ελλάδα",,19014,,,,,xe.gr (weekly),,https://www.xe.gr/property/s/mesitiko-grafeio/epicheirhseis-fragkoy/2ba783ce-0ba2-4b45-8e83-ba60169d20df,,
GP Diamantis Real Estate,independent,gpdiamantis.gr,https://gpdiamantis.gr,https://www.gpdiamantis.gr/el/home,ok,yes,maybe,4,,"Αγίου Γεωργίου 42, Χαλάνδρι 152 34, Ελλάδα",,15234,,,,,xe.gr (weekly); site by domain guess,,https://www.xe.gr/property/s/mesitiko-grafeio/gp-diamantis-real-estate/396c72c2-b1fd-45e5-bfbd-068fb9ae4051,,
LSA LUXURY PROPERTIES,independent,,,,no_site,,,,,"Ρόζας Ιμβριώτη, Ελληνικό 167 77, Ελλάδα",,16777,,,,,xe.gr (weekly),,https://www.xe.gr/property/s/mesitiko-grafeio/lsa-luxury-properties/75b59550-a434-4129-a18b-981cca27ecf8,,
Connection Real Estate,independent,connectionrealestate.gr,https://connectionrealestate.gr,,error,,,,,"Ηπείρου 12, Γαλάτσι 111 46, Ελλάδα",,11146,,,,,xe.gr (weekly); site by domain guess,,https://www.xe.gr/property/s/mesitiko-grafeio/connection-real-estate/eacff0e7-f2da-428d-8a8b-5993295fbcea,,
ΧΡΗΣΤΟΣ ΧΡΟΝΗΣ ΟΙΚΟΝΟΜΙΚΟΙ ΦΟΡΟΤΕΧΝΙΚΟΙ ΣΥΜΒΟΥΛΟΙ ΟΕ,independent,,,,no_site,,,,,"Ευαγγελικής Σχολής, Νέα Ιωνία 142 31, Ελλάδα",,14231,,,,,xe.gr (weekly),,https://www.xe.gr/property/s/mesitiko-grafeio/chrhstos-chronhs-oikonomikoi-forotechnikoi-symvoyloi-oe/1a07a588-36eb-4351-9d46-2c99d11ce31a,,
Νίκος Ξ,independent,,,,no_site,,,,,"Κωνσταντινουπόλεως 77, Αθήνα 118 55, Ελλάδα",,11855,,,,,xe.gr (weekly),,https://www.xe.gr/property/s/mesitiko-grafeio/nikos-x/325b06ea-b16e-470b-89cd-735a42de1453,,
Odyssey Estates Βασιλική Χούγια,independent,,,,no_site,,,,,"Συντάγματος Πεζοναυτών, Διόνυσος 145 76, Ελλάδα",,14576,,,,,xe.gr (weekly),,https://www.xe.gr/property/s/mesitiko-grafeio/odyssey-estates-vasilikh-choygia/d402f43a-aef7-4abf-a202-9ccb4d074e42,,
OULANG INTERNATIONAL,independent,,,,no_site,,,,,"Λεωφ. Μεσογείων 2-4, Αθήνα 115 27, Ελλάδα",,11527,,,,,xe.gr (weekly),,https://www.xe.gr/property/s/mesitiko-grafeio/oulang-international/aa192703-3dc1-4a31-bf9f-854f3c204a40,,
DIAMOND ESTATES,independent,diamondestates.gr,https://diamondestates.gr,https://www.diamondestates.gr/el/home,ok,yes,maybe,3,,"Ηρακλείτου 5, Γλυφάδα 166 74, Ελλάδα",,16674,,,,,xe.gr (weekly); site by domain guess,,https://www.xe.gr/property/s/mesitiko-grafeio/diamond-estates/eaaa524c-f9f1-4f93-affa-99da448a2d72,,
PRE,independent,,,,no_site,,,,,"Αγ. Δημητρίου 22, Αθήνα 105 54, Ελλάδα",,10554,,,,,xe.gr (weekly),,https://www.xe.gr/property/s/mesitiko-grafeio/pre/8d0c6e60-da40-4369-8611-9fb90bab2aa1,,
ΝΟΗΣΗ ΚΑΙ ΦΡΟΝΤΙΔΑ,independent,,,,no_site,,,,,"Γρ. Αυξεντίου 25, Γλυκά Νερά 153 54, Ελλάδα",,15354,,,,,xe.gr (weekly),,https://www.xe.gr/property/s/mesitiko-grafeio/nohsh-kai-frontida/67018f43-69c2-4aff-8088-47e1fa2e41c3,,
REALHOME,independent,,,,no_site,,,,,"Αργοναυτών 25, Μαρούσι 151 25, Ελλάδα",,15125,,,,,xe.gr (weekly),,https://www.xe.gr/property/s/mesitiko-grafeio/realhome/9b93a0b4-fbc9-4e4a-8f55-94beb152ec30,,
ΓΕΩΡΓΙΟΣ ΣΤ. ΔΗΜΟΠΟΥΛΟΣ,independent,,,,no_site,,,,,"Χίου 35, Ηλιούπολη 163 42, Ελλάδα",,16342,,,,,xe.gr (weekly),,https://www.xe.gr/property/s/mesitiko-grafeio/gewrgios-st-dhmopoylos/ea488538-21c6-4def-bfca-762c3be7b139,,
Περικλής,independent,,,,no_site,,,,,"Ευρυδίκης 21, Ίλιον 131 22, Ελλάδα",,13122,,,,,xe.gr (weekly),,https://www.xe.gr/property/s/mesitiko-grafeio/periklhs/886b737f-d569-400e-844b-2722de52fcbe,,
Φ.Π.,independent,,,,no_site,,,,,"Βυζαντίου 26, Παλλήνη 153 51, Ελλάδα",,15351,,,,,xe.gr (weekly),,https://www.xe.gr/property/s/mesitiko-grafeio/f-p/5c272092-ad0c-4725-a729-32cdf98eb53f,,
PROPERHOUSE,independent,,,,no_site,,,,,"Λεωφ. Δημάρχου Αγγέλου Μεταξά 4, Γλυφάδα 166 75, Ελλάδα",,16675,,,,,xe.gr (weekly),,https://www.xe.gr/property/s/mesitiko-grafeio/properhouse/aab2093a-57b9-455a-a526-595dbac414cb,,
MANSIO-K real estate,independent,,,,no_site,,,,,"Αλιμούντος 101, &νικης 163 42, Ελλάδα",,16342,,,,,xe.gr (weekly),,https://www.xe.gr/property/s/mesitiko-grafeio/mansio-k-real-estate/ea75a775-bc67-465a-be2a-068c810fcb62,,
ΤΣΕΛΕΝΤΗ ΜΑΡΙΑ    ΚΑΤ΄ΟΙΚΟΝ & ΓΗ,independent,,,,no_site,,,,,"Κερκύρας 137, Αθήνα 113 63, Ελλάδα",,11363,,,,,xe.gr (weekly),,https://www.xe.gr/property/s/mesitiko-grafeio/tselenth-maria-kat-oikon-gh/8634e1c6-4b6d-44d6-bafa-048e0b893c78,,
Sun eProperties,independent,,,,no_site,,,,,"Θάλειας 18, Αγ. Δημήτριος Αττικής 173 43, Ελλάδα",,17343,,,,,xe.gr (weekly),,https://www.xe.gr/property/s/mesitiko-grafeio/sun-eproperties/193c4658-605b-4d3b-aa62-843aac863369,,
ΜΑΡΙΑ ΝΤΑΓΙΑΝΤΗ,independent,,,,no_site,,,,,"Π. Μελά 36, Σπάτα 190 04, Ελλάδα",,19004,,,,,xe.gr (weekly),,https://www.xe.gr/property/s/mesitiko-grafeio/maria-ntagianth/c7ef9426-6d38-4fb3-b09b-ed22a2c8784b,,
Angelikopulos real estate,independent,,,,no_site,,,,,"Δορυλαίου 14, Αθήνα 115 21, Ελλάδα",,11521,,,,,xe.gr (weekly),,https://www.xe.gr/property/s/mesitiko-grafeio/angelikopulos-real-estate/f91b1e04-dacd-4f2c-bd2d-fcbfee979222,,
LuxLiving Real Estate,independent,luxliving.gr,https://luxliving.gr,https://www.luxliving.gr/,ok,no,yes,25,,"Κώστα Βάρναλη 63, Χαλάνδρι 152 33, Ελλάδα",,15233,,,,,xe.gr (weekly); site by domain guess,,https://www.xe.gr/property/s/mesitiko-grafeio/luxliving-real-estate/72e61194-dbe0-4f59-90e4-ac18e673494f,,
ThinkReal,independent,thinkreal.gr,https://thinkreal.gr,https://thinkreal.gr,ok,yes,yes,19,wordpress;houzez,"Θησέως 330, Καλλιθέα 176 75, Ελλάδα",,17675,,,,,xe.gr (weekly); site by domain guess,,https://www.xe.gr/property/s/mesitiko-grafeio/thinkreal/45c9ac21-1355-459a-8d13-757e26119c85,,
Brick Brokers,independent,brickbrokers.gr,https://brickbrokers.gr,https://www.brickbrokers.gr/el/home,ok,yes,yes,15,,"Αρτέμωνος 112, Δάφνη Αττικής 172 37, Ελλάδα",,17237,,,,,xe.gr (weekly); site by domain guess,,https://www.xe.gr/property/s/mesitiko-grafeio/brick-brokers/e53c04d1-296b-49d4-a384-07eb56aea81f,,
τεστ,independent,,,,no_site,,,,,"Λεωφ. Αθηνών 12, Αθήνα 104 41, Ελλάδα",,10441,,,,,xe.gr (weekly),,https://www.xe.gr/property/s/mesitiko-grafeio/test/ac7f2c69-c6dc-414f-9f03-2ba511ce1af8,,
KOKKASDHMHTRIOSKAISIAEE,independent,,,,no_site,,,,,"Οδός Ρήγα Φεραίου, Μάνδρα-Ειδύλλια 196 00, Ελλάδα",,19600,,,,,xe.gr (weekly),,https://www.xe.gr/property/s/mesitiko-grafeio/kokkasdhmhtrioskaisiaee/018053b0-a42f-4817-b8a5-3dce9d70ca94,,
Chroma Real Estate,independent,,,,no_site,,,,,"Πλ. Αρη Βελουχιώτη, Αγ. Δημήτριος Αττικής 173 43, Ελλάδα",,17343,,,,,xe.gr (weekly),,https://www.xe.gr/property/s/mesitiko-grafeio/chroma-real-estate/9f10bf56-0e89-4b78-a4b8-0eda7b7b9366,,
ΧΑΤΖΗΕΛΕΥΘΕΡΙΟΥ ΔΗΜΗΤΡΑ,independent,,,,no_site,,,,,"Γιαλούρου 21, Αθήνα 113 63, Ελλάδα",,11363,,,,,xe.gr (weekly),,https://www.xe.gr/property/s/mesitiko-grafeio/chatzheleytherioy-dhmhtra/94c6cacd-a7fc-41a0-bac2-ffd279937ef3,,
TE-TRUST S.A.,independent,,,,no_site,,,,,"Αιγαίου 4, Νέα Σμύρνη 171 21, Ελλάδα",,17121,,,,,xe.gr (weekly),,https://www.xe.gr/property/s/mesitiko-grafeio/te-trust-s-a/cfb86b06-6b97-4b3f-89b6-6ea155b6fab2,,
TopHouses,independent,tophouses.gr,https://tophouses.gr,https://tophouses.gr,ok,yes,yes,8,wordpress;real_homes,"Δημ. Γούναρη 39, Άλιμος 174 56, Ελλάδα",,17456,,,,,xe.gr (weekly); site by domain guess,,https://www.xe.gr/property/s/mesitiko-grafeio/tophouses/78ba1ddb-356b-449d-918d-7e128c86af33,,
ΚΟΥΤΡΩΝΑΣ ΝΙΚΟΛΑΟΣ ΜΙΛΤΙΑΔΗΣ,independent,,,,no_site,,,,,"Αντώνη Καπέλη 2, Παιανία 190 02, Ελλάδα",,19002,,,,,xe.gr (weekly),,https://www.xe.gr/property/s/mesitiko-grafeio/koytrwnas-nikolaos-miltiadhs/e3a89a0c-387f-44bc-b18b-889eb8064edd,,
Unicomgreece,independent,,,,no_site,,,,,"Πειραιώς 75, Αθήνα 105 53, Ελλάδα",,10553,,,,,xe.gr (weekly),,https://www.xe.gr/property/s/mesitiko-grafeio/unicomgreece/82d284bf-7593-43d1-8585-f88f293833e6,,
"ΕΝΟΙΚΙΑΣΗ ΑΙΘΟΥΣΩΝ ΔΙΔΑΣΚΑΛΙΑΣ, Θεραπείας Παιδιών",independent,,,,no_site,,,,,"Λεωφ. Ελ. Βενιζέλου 163Β, Καλλιθέα 176 72, Ελλάδα",,17672,,,,,xe.gr (weekly),,https://www.xe.gr/property/s/mesitiko-grafeio/enoikiash-aithoyswn-didaskalias-therapeias-paidiwn/b8d17526-b160-4d28-abdc-c58cd1f7eb9e,,
ΜΠΑΡΜΠΑΤΗΣ Δ. REAL ESTATE,independent,,,,no_site,,,,,"Καλλιπόλεως 29, Ελληνικό 167 77, Ελλάδα",,16777,,,,,xe.gr (weekly),,https://www.xe.gr/property/s/mesitiko-grafeio/mparmpaths-d-real-estate/04ab177b-43cd-4d68-8cec-fae0fcbe618d,,
pm.realestate,independent,,,,no_site,,,,,"Έβρου 32, Αθήνα 115 27, Ελλάδα",,11527,,,,,xe.gr (weekly),,https://www.xe.gr/property/s/mesitiko-grafeio/pm-realestate/c23e3714-8eee-4df3-8286-664bd1454e21,,
Every real estate,independent,,,,no_site,,,,,"Λεωφ. Ανδρέα Συγγρού 196, Καλλιθέα 176 71, Ελλάδα",,17671,,,,,xe.gr (weekly),,https://www.xe.gr/property/s/mesitiko-grafeio/every-real-estate/4f6babf2-f3a0-40e3-8643-84a24a84aa63,,
HALA ATHENS,independent,,,,no_site,,,,,"Μιχαλακοπούλου 31, Αθήνα 115 28, Ελλάδα",,11528,,,,,xe.gr (weekly),,https://www.xe.gr/property/s/mesitiko-grafeio/hala-athens/889ede31-aadf-4913-ba0e-31e89ba127b2,,
Balkamou Real Estate,independent,,,,no_site,,,,,"Βριλήσσια 152 38, Ελλάδα",,15238,,,,,xe.gr (weekly),,https://www.xe.gr/property/s/mesitiko-grafeio/balkamou-real-estate/5e61f806-f634-4ba7-8b43-ae2d9d70e8de,,
Paganis Properties,independent,,,,no_site,,,,,"Ηλείας 3, Νέα Φιλαδέλφεια Αττικής 143 42, Ελλάδα",,14342,,,,,xe.gr (weekly),,https://www.xe.gr/property/s/mesitiko-grafeio/paganis-properties/38d4d289-d6dd-4ed3-9158-9adadb62338a,,
Mpampekos Investment Company,independent,,,,no_site,,,,,"Μάρνη 47, Αθήνα 104 38, Ελλάδα",,10438,,,,,xe.gr (weekly),,https://www.xe.gr/property/s/mesitiko-grafeio/mpampekos-investment-company/4383bfd6-5175-4b76-8b10-bc046a3a1a5d,,
NiS PROPERTIES,independent,,,,no_site,,,,,"Σαμψούντος 8, Αγ. Δημήτριος Αττικής 173 42, Ελλάδα",,17342,,,,,xe.gr (weekly),,https://www.xe.gr/property/s/mesitiko-grafeio/nis-properties/7ab905f5-2c3f-4482-9314-c2cf96b4973b,,
JADE PREMIUM PROPERTIES,independent,,,,no_site,,,,,"Μιλτιάδου 27, Χαλάνδρι 152 32, Ελλάδα",,15232,,,,,xe.gr (weekly),,https://www.xe.gr/property/s/mesitiko-grafeio/jade-premium-properties/0d6a6eb8-e3ad-4365-98c1-b3b5fe0cf232,,
broulisakinita,independent,,,,no_site,,,,,"Πραξιτέλους 40, Άνω Λιόσια 133 44, Ελλάδα",,13344,,,,,xe.gr (weekly),,https://www.xe.gr/property/s/mesitiko-grafeio/broulisakinita/d8b65643-97fa-4baf-8ffe-feb233b0272d,,
Cycladic Blue Realty,independent,,,,no_site,,,,,"Αλκυόνης 43, Παλαιό Φάληρο 175 62, Ελλάδα",,17562,,,,,xe.gr (weekly),,https://www.xe.gr/property/s/mesitiko-grafeio/cycladic-blue-realty/e50b4168-c421-4c8c-99fe-34fbb561a198,,
STATUS GROUP,independent,,,,no_site,,,,,"Χαροκόπου & Λεωφόρος Ανδρέα Συγγρού, Καλλιθέα 176 71, Ελλάδα",,17671,,,,,xe.gr (weekly),,https://www.xe.gr/property/s/mesitiko-grafeio/status-group/76480719-1303-4ded-99b0-7f2e789fd86c,,
Academy Real Estate,independent,,,,no_site,,,,,"Ακαδημίας 95, Αθήνα 106 77, Ελλάδα",,10677,,,,,xe.gr (weekly),,https://www.xe.gr/property/s/mesitiko-grafeio/academy-real-estate/b1b8922d-e343-428f-a63f-2dc77e731174,,
Pure Made Properties,independent,,,,no_site,,,,,"Σόλωνος 34, Αθήνα 106 73, Ελλάδα",,10673,,,,,xe.gr (weekly),,https://www.xe.gr/property/s/mesitiko-grafeio/pure-made-properties/83372728-a12a-444b-8d2b-b163ae9274c6,,
YESΛ,independent,,,,no_site,,,,,"Μάγερ 6, Αθήνα 104 38, Ελλάδα",,10438,,,,,xe.gr (weekly),,https://www.xe.gr/property/s/mesitiko-grafeio/yesl/914cbbb0-6ef1-4b9e-8049-b19fa4ab719a,,
LIVE & TRAVEL,independent,,,,no_site,,,,,"Κοιμήσεως Θεοτόκου, Αγ. Στέφανος 145 65, Ελλάδα",,14565,,,,,xe.gr (weekly),,https://www.xe.gr/property/s/mesitiko-grafeio/live-travel/8157ec7b-cdaa-4bb5-b3a6-b6a8e0c9aa44,,
ΚΟΡΚΟΝΕΑ ΜΑΡΙΑ,independent,,,,no_site,,,,,"Αγίου Πολυκάρπου 1, Καισαριανή 161 21, Ελλάδα",,16121,,,,,xe.gr (weekly),,https://www.xe.gr/property/s/mesitiko-grafeio/korkonea-maria/4cd1dbd5-1c6c-489e-8ddc-2f49fce689f7,,
BRIGHT HOME Real Estate,independent,,,,no_site,,,,,"Αγίου Κωνσταντίνου 6, Αθήνα 104 31, Ελλάδα",,10431,,,,,xe.gr (weekly),,https://www.xe.gr/property/s/mesitiko-grafeio/bright-home-real-estate/5b920fc0-de36-4879-b9df-71100ecc950f,,
VMT REAL ESTATE INVESTMENT AND DEVELOPMENT,independent,,,,no_site,,,,,"Δουκίσσης Πλακεντίας 52, Αθήνα 115 23, Ελλάδα",,11523,,,,,xe.gr (weekly),,https://www.xe.gr/property/s/mesitiko-grafeio/vmt-real-estate-investment-and-development/c9e44fa5-154a-47ba-a69d-425c30a03a68,,
Greestate,independent,,,,no_site,,,,,"Διγενή Ακρίτα, Αγ. Δημήτριος 173 43, Ελλάδα",,17343,,,,,xe.gr (weekly),,https://www.xe.gr/property/s/mesitiko-grafeio/greestate/7ceb3fb5-d53c-4579-88c5-ec03768bead4,,
PRIME REALTY,independent,,,,no_site,,,,,"Αχιλλέως 87, Καλλιθέα 176 75, Ελλάδα",,17675,,,,,xe.gr (weekly),,https://www.xe.gr/property/s/mesitiko-grafeio/prime-realty/27c8d617-e61c-4fcd-b8c5-149ac56582f9,,
Loan Market GR,independent,,,,no_site,,,,,"Σανταρόζα 3, Αθήνα 105 64, Ελλάδα",,10564,,,,,xe.gr (weekly),,https://www.xe.gr/property/s/mesitiko-grafeio/loan-market-gr/e319580e-e17c-4580-aa8f-38db6a1b1c0e,,
KARACHRISTOS REAL ESTATE,independent,,,,no_site,,,,,"Ευαγγελικής Σχολής 2, Νέα Ιωνία 142 31, Ελλάδα",,14231,,,,,xe.gr (weekly),,https://www.xe.gr/property/s/mesitiko-grafeio/karachristos-real-estate/e935c2d6-f9f9-4afa-8b80-402323098794,,
OneUp Consulting Company,independent,,,,no_site,,,,,"Λουκή Ακρίτα 1, Αγ. Δημήτριος Αττικής 173 43, Ελλάδα",,17343,,,,,xe.gr (weekly),,https://www.xe.gr/property/s/mesitiko-grafeio/oneup-consulting-company/ccfd451d-20ef-4af5-93d8-462504d95423,,
HELLAS ESTATE BANK,independent,,,,no_site,,,,,"Σταδίου 7, Αθήνα 105 62, Ελλάδα",,10562,,,,,xe.gr (weekly),,https://www.xe.gr/property/s/mesitiko-grafeio/hellas-estate-bank/74e0f2f4-9ba1-474b-9347-2324705d5ea4,,
PROPERTYLANDAGENCY,independent,,,,no_site,,,,,"Φλέμινγκ 3, Σπάτα 190 04, Ελλάδα",,19004,,,,,xe.gr (weekly),,https://www.xe.gr/property/s/mesitiko-grafeio/propertylandagency/3a4b244c-c5c6-4298-9fcc-e96e8a5c8d88,,
HOMEWAY REAL ESTATE,independent,homewayrealestate.gr,https://homewayrealestate.gr,https://www.homewayrealestate.gr/el/home,ok,yes,yes,7,,"Κοντογιανναίων 19, Αθήνα 114 75, Ελλάδα",,11475,,,,,xe.gr (weekly); site by domain guess,,https://www.xe.gr/property/s/mesitiko-grafeio/homeway-real-estate/75e9ab6b-d3b0-4383-89ef-8c4a25d92cd0,,
ESTATO REAL ESTATE,independent,,,,no_site,,,,,"Γράμμου 71, Μαρούσι 151 24, Ελλάδα",,15124,,,,,xe.gr (weekly),,https://www.xe.gr/property/s/mesitiko-grafeio/estato-real-estate/32c4eaea-c809-4fc7-bd9f-d339b2bd1391,,
HOMEABROAD LC,independent,,,,no_site,,,,,"Ήρας 1, Ίλιον 131 22, Ελλάδα",,13122,,,,,xe.gr (weekly),,https://www.xe.gr/property/s/mesitiko-grafeio/homeabroad-lc/6b943881-0792-4040-999a-64c6e1421d88,,
POLYHOME,independent,,,,no_site,,,,,"Σαρωνικού 5, Καλλιθέα 176 73, Ελλάδα",,17673,,,,,xe.gr (weekly),,https://www.xe.gr/property/s/mesitiko-grafeio/polyhome/a42e10ae-ef85-4b31-8001-f2654228475f,,
XE,independent,,,,no_site,,,,,"Θεοφάνους 1, Αθήνα 115 23, Ελλάδα",,11523,,,,,xe.gr (weekly),,https://www.xe.gr/property/s/mesitiko-grafeio/xe/968691a8-a633-418a-9281-f580832090ed,,
AQUARIUM REAL ESTATE SERVICES Ε.Ε.,independent,,,,no_site,,,,,"Στρατάρχου Αλεξάνδρου Παπάγου, Βούλα 166 73, Ελλάδα",,16673,,,,,xe.gr (weekly),,https://www.xe.gr/property/s/mesitiko-grafeio/aquarium-real-estate-services-e-e/ffd5e1a0-6675-46ea-9676-232d21600ee5,,
domus pro,independent,domuspro.com,https://domuspro.com,https://www.brandbucket.com/names/domuspro,ok,yes,maybe,0,,"Γρίβα Διγενή, Αγ. Δημήτριος Αττικής 173 42, Ελλάδα",,17342,,,,,xe.gr (weekly); site by domain guess,,https://www.xe.gr/property/s/mesitiko-grafeio/domus-pro/5efde4fd-ad09-4511-b1da-fbc245de092d,,
ATTENTION PROPERTIES,independent,attentionproperties.gr,https://attentionproperties.gr,https://www.attentionproperties.gr/el/home,ok,yes,yes,6,,"Λεωφ. Κηφισίας 16, Αθήνα 115 26, Ελλάδα",,11526,,,,,xe.gr (weekly); site by domain guess,,https://www.xe.gr/property/s/mesitiko-grafeio/attention-properties/7e2af8f7-6b64-45ff-bd2d-e2e70e57f92e,,
DG REAL ESTATE,independent,,,,no_site,,,,,"Λεωφ. Δημάρχου Αγγέλου Μεταξά 16, Γλυφάδα 166 75, Ελλάδα",,16675,,,,,xe.gr (weekly),,https://www.xe.gr/property/s/mesitiko-grafeio/dg-real-estate/0e05247e-7c02-4ef3-affe-6f25318bf0b7,,
COMPASS Real Estate,independent,compassrealestate.com,https://compassrealestate.com,https://navicommercial.com/,ok,yes,no,0,wordpress,"Νεοφύτου Δούκα 3, Αθήνα 106 74, Ελλάδα",,10674,,,,,xe.gr (weekly); site by domain guess,,https://www.xe.gr/property/s/mesitiko-grafeio/compass-real-estate/6eff1229-ccf1-48b7-9398-03c85e999d49,,
PRIME & SILK,independent,,,,no_site,,,,,"Ερμού 56, Αθήνα 105 63, Ελλάδα",,10563,,,,,xe.gr (weekly),,https://www.xe.gr/property/s/mesitiko-grafeio/prime-silk/2aefcf3d-2e2d-4879-93fe-5065a11705ec,,
Spresidents,independent,,,,no_site,,,,,"Μενελάου 87, Αγ. Δημήτριος Αττικής 173 43, Ελλάδα",,17343,,,,,xe.gr (weekly),,https://www.xe.gr/property/s/mesitiko-grafeio/spresidents/92616119-8331-4ace-91b8-0a27489be2fc,,
ploom Home,independent,,,,no_site,,,,,"Χρυσοστόμου Σμύρνης 9, Καλλιθέα 176 71, Ελλάδα",,17671,,,,,xe.gr (weekly),,https://www.xe.gr/property/s/mesitiko-grafeio/ploom-home/e09c502e-69f7-4b5b-affc-e5fe942d45c8,,
IOANNIS KAMMENOS REAL ESTATE AGENCY,independent,,,,no_site,,,,,"Ηλέκτρας 41, Βουλιαγμένη 166 71, Ελλάδα",,16671,,,,,xe.gr (weekly),,https://www.xe.gr/property/s/mesitiko-grafeio/ioannis-kammenos-real-estate-agency/97afa853-5d83-4d75-8acb-a8800751395e,,
Ρουλια Real Estate,independent,,,,no_site,,,,,"Μωρέως, Γλυφάδα 165 61, Ελλάδα",,16561,,,,,xe.gr (weekly),,https://www.xe.gr/property/s/mesitiko-grafeio/roylia-real-estate/b091aa59-09da-46d1-855b-fdbd5d7b55bd,,
ΜΕΣΙΤΙΚΗ ΓΙΩΡΓΟΣ ΜΠΙΡΑΚΗΣ,independent,,,,no_site,,,,,"Ναϊάδων 103, Παλαιό Φάληρο 175 62, Ελλάδα",,17562,,,,,xe.gr (weekly),,https://www.xe.gr/property/s/mesitiko-grafeio/mesitikh-giwrgos-mpirakhs/534eea46-2f7e-4379-84f7-d948e9db84d6,,
Mars House,independent,,,,no_site,,,,,"Λεωφ. Κηφισίας 265, Κηφισιά 145 61, Ελλάδα",,14561,,,,,xe.gr (weekly),,https://www.xe.gr/property/s/mesitiko-grafeio/mars-house/8e4a4313-fc6c-4572-ad68-b545aec2e1f8,,
DPK PROJECTS,independent,dpkprojects.com,https://dpkprojects.com,https://dpkprojects.com,ok,yes,maybe,1,wordpress,"Σόλωνος 26, Αθήνα 106 73, Ελλάδα",,10673,,,,,xe.gr (weekly); site by domain guess,,https://www.xe.gr/property/s/mesitiko-grafeio/dpk-projects/28cbd437-5521-4662-a571-82ed601e72b1,,
M & V REAL ESTATE,independent,,,,no_site,,,,,"Μυσίας 3, Βύρωνας 162 31, Ελλάδα",,16231,,,,,xe.gr (weekly),,https://www.xe.gr/property/s/mesitiko-grafeio/m-v-real-estate/1db84fdc-9986-4e76-8a99-f5b083a7192f,,
OASIS PROPERTIES REAL ESTATE,independent,,,,no_site,,,,,"Μεγ. Αλεξάνδρου 59, Γλυφάδα 166 74, Ελλάδα",,16674,,,,,xe.gr (weekly),,https://www.xe.gr/property/s/mesitiko-grafeio/oasis-properties-real-estate/a828dbab-8e19-418a-9c38-8406d6361038,,
HOME ERA Real Estate,independent,,,,no_site,,,,,"Πάροδος Βουλιαγμένης 168, Γλυφάδα 166 74, Ελλάδα",,16674,,,,,xe.gr (weekly),,https://www.xe.gr/property/s/mesitiko-grafeio/home-era-real-estate/0f41cfe6-67a8-483e-b9ef-50a092231613,,
RE/LUX,independent,,,,no_site,,,,,"Λεωφ. Δημάρχου Αγγέλου Μεταξά 4, Γλυφάδα 166 75, Ελλάδα",,16675,,,,,xe.gr (weekly),,https://www.xe.gr/property/s/mesitiko-grafeio/re-lux/6ffff91f-0d03-422a-b09f-854960657dfc,,
Γιώργος Μονοβάσιος,independent,,,,no_site,,,,,"Ακαδημίας 57, Αθήνα 106 79, Ελλάδα",,10679,,,,,xe.gr (weekly),,https://www.xe.gr/property/s/mesitiko-grafeio/giwrgos-monovasios/1e343913-6db1-43db-8a8c-6dfd587d2894,,
Hellinic Invest Group,independent,,,,no_site,,,,,"Ρεθύμνης, Γαλάτσι 111 46, Ελλάδα",,11146,,,,,xe.gr (weekly),,https://www.xe.gr/property/s/mesitiko-grafeio/hellinic-invest-group/1f72ecd0-02a1-4f39-b500-d5ae6c660c0e,,
Alpha Imperia,independent,,,,no_site,,,,,"Πλαπούτα 43, Γλυφάδα 165 61, Ελλάδα",,16561,,,,,xe.gr (weekly),,https://www.xe.gr/property/s/mesitiko-grafeio/alpha-imperia/2a31a5ca-00ea-44d5-b401-4378171c8d5d,,
Properties Wisdom,independent,,,,no_site,,,,,"Λεωφ. Κηφισίας 265, Κηφισιά 145 61, Ελλάδα",,14561,,,,,xe.gr (weekly),,https://www.xe.gr/property/s/mesitiko-grafeio/properties-wisdom/50998190-0ea0-4ec4-a8cd-bf683f1bbca7,,
Key Trust Real  Estate,independent,,,,no_site,,,,,"Βασ. Φρειδερίκης 24, Παιανία 190 02, Ελλάδα",,19002,,,,,xe.gr (weekly),,https://www.xe.gr/property/s/mesitiko-grafeio/key-trust-real-estate/0c96826a-05f6-4e94-ae08-46f70c474829,,
LvM Real Estate,independent,,,,no_site,,,,,"Λυσίππου 12, Αθήνα 116 35, Ελλάδα",,11635,,,,,xe.gr (weekly),,https://www.xe.gr/property/s/mesitiko-grafeio/lvm-real-estate/bb3d6df4-66bb-47e5-8434-d5bea62171f2,,
Ορέστης Ζιώγκας,independent,,,,no_site,,,,,"Ιππολύτου 69, Αθήνα 112 55, Ελλάδα",,11255,,,,,xe.gr (weekly),,https://www.xe.gr/property/s/mesitiko-grafeio/oresths-ziwgkas/8f0d003c-8339-4093-8b3b-e00a4607c961,,
ΧΡΙΣΤΟΠΟΥΛΟΣ  ΚΩΝΣΤΑΝΤΙΝΟΣ,independent,,,,no_site,,,,,"Λεωφ. Μαραθώνος 84, Νέα Μάκρη 190 05, Ελλάδα",,19005,,,,,xe.gr (weekly),,https://www.xe.gr/property/s/mesitiko-grafeio/christopoylos-kwnstantinos/e281007f-7227-4a17-9068-36ad10156971,,
ALL B REAL ESTATE,independent,,,,no_site,,,,,"Αεροπόρων 16, Παλαιό Φάληρο 175 64, Ελλάδα",,17564,,,,,xe.gr (weekly),,https://www.xe.gr/property/s/mesitiko-grafeio/all-b-real-estate/75613e3e-3adb-4abc-bbc7-1b3e167885ec,,
Stay,independent,,,,no_site,,,,,"Θέτιδος 3, Βριλήσσια 152 38, Ελλάδα",,15238,,,,,xe.gr (weekly),,https://www.xe.gr/property/s/mesitiko-grafeio/stay/2d66d8b3-6dce-43a2-8503-c09c136f7698,,
SUD Real Estate,independent,,,,no_site,,,,,"Λιοσίων 117, Αθήνα 104 40, Ελλάδα",,10440,,,,,xe.gr (weekly),,https://www.xe.gr/property/s/mesitiko-grafeio/sud-real-estate/7737261f-97fd-41e4-a9de-d259f11de971,,
BUILDEX REALTY,independent,,,,no_site,,,,,"Αγίας Βαρβάρας 76, Δάφνη Αττικής 172 35, Ελλάδα",,17235,,,,,xe.gr (weekly),,https://www.xe.gr/property/s/mesitiko-grafeio/buildex-realty/a9da890d-cee9-498f-8923-c08dd275f1dc,,
GRAVITY PROPERTIES,independent,,,,no_site,,,,,"Λεωφ. Κηφισίας & Ξηρομέρου, Κηφισιά 145 62, Ελλάδα",,14562,,,,,xe.gr (weekly),,https://www.xe.gr/property/s/mesitiko-grafeio/gravity-properties/f7b7ea61-78aa-4351-9de3-029e8da8ee16,,
CENTURY 21 Bespoke,independent,,,,no_site,,,,,"Λεωφ. Ιασωνίδου 62, Ελληνικό 167 77, Ελλάδα",,16777,,,,,xe.gr (weekly),,https://www.xe.gr/property/s/mesitiko-grafeio/century-21-bespoke/8ad63ba2-5080-4395-8bd7-111b6ee929b8,,
Kizirakos Property Consulting,independent,,,,no_site,,,,,"Κρήτης 20, Ελευσίνα 192 00, Ελλάδα",,19200,,,,,xe.gr (weekly),,https://www.xe.gr/property/s/mesitiko-grafeio/kizirakos-property-consulting/4333f615-bf5b-4ad0-9ca7-531ee5434469,,
Β.ΑΒΡΑΜΙΩΤΗ,independent,,,,no_site,,,,,"Κουντουριώτου 15, Νέα Σμύρνη 171 22, Ελλάδα",,17122,,,,,xe.gr (weekly),,https://www.xe.gr/property/s/mesitiko-grafeio/v-avramiwth/69a73e19-741f-467c-bdaa-e69ac074cd40,,
Gre.Erga,independent,,,,no_site,,,,,"Βουλής 23, Αθήνα 105 63, Ελλάδα",,10563,,,,,xe.gr (weekly),,https://www.xe.gr/property/s/mesitiko-grafeio/gre-erga/0f57a5c6-39e3-42ac-9bf3-396d1fec8a16,,
REAXION Real Estate,independent,,,,no_site,,,,,"Παρ. Λεωφ. Βουλιαγμένης 115, Βούλα 166 73, Ελλάδα",,16673,,,,,xe.gr (weekly),,https://www.xe.gr/property/s/mesitiko-grafeio/reaxion-real-estate/3a839d9f-00eb-4f46-b4a9-2b89fa7cd933,,
KEISOGLOU MINA,independent,,,,no_site,,,,,"Οδησσού, Ανάβυσσος 190 13, Ελλάδα",,19013,,,,,xe.gr (weekly),,https://www.xe.gr/property/s/mesitiko-grafeio/keisoglou-mina/9e27dd76-fd65-442b-8c22-156013f1b992,,
George,independent,,,,no_site,,,,,"Σερρών, Αθήνα 104 41, Ελλάδα",,10441,,,,,xe.gr (weekly),,https://www.xe.gr/property/s/mesitiko-grafeio/george/3d6de8a3-1d3f-416e-981d-f7836e7b78bd,,
Ba Real Estate,independent,,,,no_site,,,,,"Αρετιάδος 10, Καλλιθέα 176 73, Ελλάδα",,17673,,,,,xe.gr (weekly),,https://www.xe.gr/property/s/mesitiko-grafeio/ba-real-estate/d86ce38e-c37d-4774-80df-9ee14b4ed670,,
ΜΠΑΣΟΥΚΟΣ ΔΗΜΗΤΡΗΣ,independent,,,,no_site,,,,,"Κρήτης 28, Αθήνα 104 38, Ελλάδα",,10438,,,,,xe.gr (weekly),,https://www.xe.gr/property/s/mesitiko-grafeio/mpasoykos-dhmhtrhs/0b7da342-7f26-4d1b-b8a3-9e6b4190fea6,,
Lazar Real Estate Managment,independent,,,,no_site,,,,,"Ακομινάτου 63, Αθήνα 104 38, Ελλάδα",,10438,,,,,xe.gr (weekly),,https://www.xe.gr/property/s/mesitiko-grafeio/lazar-real-estate-managment/4679db57-9317-408c-a01d-79791dec5d1c,,
InGreece -invest and living-,independent,,,,no_site,,,,,"Κόνιαρη 45, Αθήνα 114 71, Ελλάδα",,11471,,,,,xe.gr (weekly),,https://www.xe.gr/property/s/mesitiko-grafeio/ingreece-invest-and-living/d9623f78-3056-4cd2-9d59-48177bb39e33,,
CVL OFFICE,independent,,,,no_site,,,,,"Φανερωμένης 25, Χολαργός 155 61, Ελλάδα",,15561,,,,,xe.gr (weekly),,https://www.xe.gr/property/s/mesitiko-grafeio/cvl-office/79b3cb97-f92b-4fe7-b61b-232f3b31a022,,
SOTIROPOULOS BROS,independent,,,,no_site,,,,,"Παπαδιαμαντοπούλου 24Γ, Αθήνα 115 28, Ελλάδα",,11528,,,,,xe.gr (weekly),,https://www.xe.gr/property/s/mesitiko-grafeio/sotiropoulos-bros/4a86e6f3-c42b-4282-a372-ee53d63c9cfc,,
Investeur ltd,independent,,,,no_site,,,,,"Αἰγέως, Αθήνα 104 46, Ελλάδα",,10446,,,,,xe.gr (weekly),,https://www.xe.gr/property/s/mesitiko-grafeio/investeur-ltd/98e75fb3-670b-4c9d-86c1-b7914ecfc984,,
OPSIS Real Estate,independent,opsisrealestate.gr,https://opsisrealestate.gr,https://opsisrealestate.gr,ok,yes,yes,12,wordpress,"Αγίας Βαρβάρας 4, Χαλάνδρι 152 31, Ελλάδα",,15231,,,,,xe.gr (weekly); site by domain guess,,https://www.xe.gr/property/s/mesitiko-grafeio/opsis-real-estate/f8c92d7d-6b0e-43fd-aac3-a642809afdfb,,
Πρόγραμμα προώθησης κάρτα εργασίας,independent,,,,no_site,,,,,"Ηράκλειο 141 21, Ελλάδα",,14121,,,,,xe.gr (weekly),,https://www.xe.gr/property/s/mesitiko-grafeio/programma-prowthhshs-karta-ergasias/6b67b692-11fb-4c4b-b4de-25f956373f5d,,
AETHERIA ESTATES,independent,aetheriaestates.com,https://aetheriaestates.com,https://www.aetheriaestates.com/,ok,no,yes,19,,"Ευξείνου Πόντου 29, Νέα Σμύρνη 171 24, Ελλάδα",,17124,,,,,xe.gr (weekly); site by domain guess,,https://www.xe.gr/property/s/mesitiko-grafeio/aetheria-estates/0c2a2243-a758-4282-80a7-b01a526ba521,,
Avelon-properties,independent,,,,no_site,,,,,"Αγ. Ιωάννης Χρυσόστομος, Παιανία 190 02, Ελλάδα",,19002,,,,,xe.gr (weekly),,https://www.xe.gr/property/s/mesitiko-grafeio/avelon-properties/f01bdb09-5b14-4362-a8e1-5e0f127d25c1,,
Top-House real estate,independent,,,,no_site,,,,,"Λεωφ. Ανδρέα Συγγρού 43, Αθήνα 117 43, Ελλάδα",,11743,,,,,xe.gr (weekly),,https://www.xe.gr/property/s/mesitiko-grafeio/top-house-real-estate/abda3ea0-c860-4f64-bc7a-294365da748b,,
IV REAL ESTATE,independent,,,,no_site,,,,,"Ι. Μεταξά 6, Βούλα 166 73, Ελλάδα",,16673,,,,,xe.gr (weekly),,https://www.xe.gr/property/s/mesitiko-grafeio/iv-real-estate/994621e1-1628-4f37-a71d-7aa117f33cd8,,
VARELAS ESTATES,independent,,,,no_site,,,,,"Ομήρου 54, Αθήνα 106 72, Ελλάδα",,10672,,,,,xe.gr (weekly),,https://www.xe.gr/property/s/mesitiko-grafeio/varelas-estates/e4056210-182a-4c22-aab3-528c8a949491,,
Dimitrios Karantzolas,independent,,,,no_site,,,,,"Ναϊάδων 108, Παλαιό Φάληρο 175 62, Ελλάδα",,17562,,,,,xe.gr (weekly),,https://www.xe.gr/property/s/mesitiko-grafeio/dimitrios-karantzolas/f2b3eef4-3d46-4c73-94b8-79b46d19f6d3,,
NP Property,independent,,,,no_site,,,,,"Δημητρακοπούλου 57, Αθήνα 117 41, Ελλάδα",,11741,,,,,xe.gr (weekly),,https://www.xe.gr/property/s/mesitiko-grafeio/np-property/c1c1f40f-ebdd-4b03-8e74-2454936bda05,,
PPKD GROUP,independent,,,,no_site,,,,,"Τσαγκαράκη 18, Βάρη 166 72, Ελλάδα",,16672,,,,,xe.gr (weekly),,https://www.xe.gr/property/s/mesitiko-grafeio/ppkd-group/c37b1741-e3b6-4de9-bf81-f72d222e5e84,,
Il Giardino,independent,,,,no_site,,,,,"Λεωφόρος Παναγιώτη Κανελλόπουλου & Κοκκινοπούλου, Αθήνα 115 27, Ελλάδα",,11527,,,,,xe.gr (weekly),,https://www.xe.gr/property/s/mesitiko-grafeio/il-giardino/5de4b52a-3f86-4833-8927-72e2eb2c90b5,,
ANESIS Real Estate,independent,,,,no_site,,,,,"Αλεξανδρουπόλεως 20, Αθήνα 115 27, Ελλάδα",,11527,,,,,xe.gr (weekly),,https://www.xe.gr/property/s/mesitiko-grafeio/anesis-real-estate/f3c5e85a-1441-40b1-8feb-ac0f2e5dac84,,
Meridian Prime Realty,independent,,,,no_site,,,,,"Λεωφ. Κηφισίας 265, Κηφισιά 145 61, Ελλάδα",,14561,,,,,xe.gr (weekly),,https://www.xe.gr/property/s/mesitiko-grafeio/meridian-prime-realty/1b1bffdb-253d-43fe-9bc9-7c9e5f51782e,,
KCORE,independent,,,,no_site,,,,,"Π. Νιρβάνα 9, Νέο Ψυχικό 154 51, Ελλάδα",,15451,,,,,xe.gr (weekly),,https://www.xe.gr/property/s/mesitiko-grafeio/kcore/e30adab9-978f-459f-a4b5-ff311ccbe865,,
Zeleia Investments I.K.E.,independent,zeleiainvestments.com,https://zeleiainvestments.com,https://zeleiainvestments.com,ok,yes,maybe,0,wordpress,"Εθνάρχου Μακαρίου 2, Άλιμος 174 55, Ελλάδα",,17455,,,,,xe.gr (weekly); site by domain guess,,https://www.xe.gr/property/s/mesitiko-grafeio/zeleia-investments-i-k-e/2fe443aa-b6f5-492c-aeca-515740c0f636,,
Ultra Home,independent,,,,no_site,,,,,"Αντιπάρου 9, Μελίσσια 151 27, Ελλάδα",,15127,,,,,xe.gr (weekly),,https://www.xe.gr/property/s/mesitiko-grafeio/ultra-home/102fd27c-f0e0-44e5-a76d-49bb4055cf72,,
LOIZOS & PARTNERS,independent,loizos-partners.gr,https://loizos-partners.gr,https://www.loizos-partners.gr/el/home,ok,yes,yes,8,,"Σόλωνος 114, Αθήνα 106 81, Ελλάδα",,10681,,,,,xe.gr (weekly); site by domain guess,,https://www.xe.gr/property/s/mesitiko-grafeio/loizos-partners/a75ef9ff-d66c-4eb7-9c9a-728a9d3ad09d,,
Μπράμου Δήμητρα,independent,,,,no_site,,,,,"Μεταμορφώσεως 2, Χαλάνδρι 152 34, Ελλάδα",,15234,,,,,xe.gr (weekly),,https://www.xe.gr/property/s/mesitiko-grafeio/mpramoy-dhmhtra/f76fdc20-b8a9-449b-a5f7-e0f7b8410284,,
Right Key Property,independent,rightkey.com,https://rightkey.com,https://www.brandbucket.com/names/rightkey,ok,yes,maybe,0,,"Περικλέους 33, Καλλιθέα 176 73, Ελλάδα",,17673,,,,,xe.gr (weekly); site by domain guess,,https://www.xe.gr/property/s/mesitiko-grafeio/right-key-property/ef76f3a4-b440-422f-bbbb-acd5e5047fe7,,
Pathfinder Realty,independent,,,,no_site,,,,,"Σερίφου 46, Αθήνα 112 54, Ελλάδα",,11254,,,,,xe.gr (weekly),,https://www.xe.gr/property/s/mesitiko-grafeio/pathfinder-realty/34e4d255-a6c4-43f1-8322-e3d1dfea2c54,,
INTERRA ESTATE,independent,,,,no_site,,,,,"Συνταγματάρχου Δαβάκη 55, Καλλιθέα 176 72, Ελλάδα",,17672,,,,,xe.gr (weekly),,https://www.xe.gr/property/s/mesitiko-grafeio/interra-estate/38da1332-8ff7-43c6-8e4b-7a9df0697820,,
Βirsi,independent,,,,no_site,,,,,"Λ. Κωνσταντινουπόλεως 82, Αθήνα 104 35, Ελλάδα",,10435,,,,,xe.gr (weekly),,https://www.xe.gr/property/s/mesitiko-grafeio/virsi/5736a7d3-b597-4331-93fa-57f29e716526,,
SoulEstate Real  Estate,independent,,,,no_site,,,,,"Αρκαδίας 12, Περιστέρι 121 32, Ελλάδα",,12132,,,,,xe.gr (weekly),,https://www.xe.gr/property/s/mesitiko-grafeio/soulestate-real-estate/a93ffb33-4b2a-457a-b5af-f7f28c6283d6,,
HOME choice,independent,,,,no_site,,,,,"Περικλέους 56, Χολαργός 155 61, Ελλάδα",,15561,,,,,xe.gr (weekly),,https://www.xe.gr/property/s/mesitiko-grafeio/home-choice/b83399d2-5bad-4eb4-92aa-da8e6ffd446e,,
Γεωργιάδης Δημήτρης,independent,,,,no_site,,,,,"Πριήνης 11, Αθήνα 115 22, Ελλάδα",,11522,,,,,xe.gr (weekly),,https://www.xe.gr/property/s/mesitiko-grafeio/gewrgiadhs-dhmhtrhs/f222da97-8216-4982-9a4b-73e2b649a24a,,
Urban Keys,independent,,,,no_site,,,,,"Ερμού 56, Αθήνα 105 63, Ελλάδα",,10563,,,,,xe.gr (weekly),,https://www.xe.gr/property/s/mesitiko-grafeio/urban-keys/2b67ad18-d7ed-4dea-b917-e6da566bab32,,
Πωλείται μαγαζί στη νέα Φιλαδέλφεια εξοπλισμένο νυχτερινό κέντρο,independent,,,,no_site,,,,,"Άγιοι Ανάργυροι 135 61, Ελλάδα",,13561,,,,,xe.gr (weekly),,https://www.xe.gr/property/s/mesitiko-grafeio/pwleitai-magazi-sth-nea-filadelfeia-exoplismeno-nychterino-kentro/64a63e7a-6661-462a-8296-c86f3385aa44,,
Aegean Properties,independent,,,,no_site,,,,,"Αγ. Αναργύρων 31, Παλαιό Φάληρο 175 64, Ελλάδα",,17564,,,,,xe.gr (weekly),,https://www.xe.gr/property/s/mesitiko-grafeio/aegean-properties/bca1d261-f6d8-481a-a8b5-f90e0a1a722b,,
Nave Yachting IKE,independent,,,,no_site,,,,,"Χαλάνδρι 152 38, Ελλάδα",,15238,,,,,xe.gr (weekly),,https://www.xe.gr/property/s/mesitiko-grafeio/nave-yachting-ike/08dd4df0-fb5a-4864-8cfc-448cd3013344,,
Papadopoulos Real Estate,independent,,,,no_site,,,,,"Παπαδόπουλου 3, Νέα Μάκρη 190 05, Ελλάδα",,19005,,,,,xe.gr (weekly),,https://www.xe.gr/property/s/mesitiko-grafeio/papadopoulos-real-estate/778423f9-f4af-464c-99f0-cbd5e15bbf09,,
MY ESTIA,independent,,,,no_site,,,,,"Κρατερού 27, Αθήνα 157 71, Ελλάδα",,15771,,,,,xe.gr (weekly),,https://www.xe.gr/property/s/mesitiko-grafeio/my-estia/e9fc6beb-ae42-4c8d-bca6-05709060fc5b,,
ΧΑΣΡΕΤΗ ΛΙΝΑ,independent,,,,no_site,,,,,"Μενελάου 3, Ταύρος Αττικής 177 78, Ελλάδα",,17778,,,,,xe.gr (weekly),,https://www.xe.gr/property/s/mesitiko-grafeio/chasreth-lina/eb1ae3c9-f543-42dc-8485-e2601cf49bed,,
Viewvest Real Estate Agency,independent,,,,no_site,,,,,"Διγενή 21, Βούλα 166 73, Ελλάδα",,16673,,,,,xe.gr (weekly),,https://www.xe.gr/property/s/mesitiko-grafeio/viewvest-real-estate-agency/f9e3b245-3eb1-4292-bc7c-488e1fbc121f,,
ΙΩΑΝΝΗΣ ΑΝΔΡΙΚΟΠΟΥΛΟΣ,independent,,,,no_site,,,,,"Αναξαγόρα 10, Ταύρος Αττικής 177 78, Ελλάδα",,17778,,,,,xe.gr (weekly),,https://www.xe.gr/property/s/mesitiko-grafeio/iwannhs-andrikopoylos/7826694f-9cda-4776-9501-29a581965ef5,,
A&K Luxury Real Estate,independent,,,,no_site,,,,,"Ραφήνα 190 09, Ελλάδα",,19009,,,,,xe.gr (weekly),,https://www.xe.gr/property/s/mesitiko-grafeio/a-k-luxury-real-estate/2545088e-4d0f-413c-93e8-4a284d45bcf2,,
geo-THEMELIO,independent,geo-themelio.com,https://geo-themelio.com,https://www.geo-themelio.com/,ok,yes,maybe,4,,"Σοφοκλέους 16, Γλυφάδα 166 74, Ελλάδα",,16674,,,,,xe.gr (weekly); site by domain guess,,https://www.xe.gr/property/s/mesitiko-grafeio/geo-themelio/8f338f6f-0593-489b-afa3-fc62e5533554,,
HomePrime Properties,independent,,,,no_site,,,,,"Μυστρά 94, Γλυφάδα 165 61, Ελλάδα",,16561,,,,,xe.gr (weekly),,https://www.xe.gr/property/s/mesitiko-grafeio/homeprime-properties/b739dcad-b32b-4824-844b-d43ee74cb6bf,,
KEDRON,independent,,,,no_site,,,,,"Μυτιλήνης 30, Αθήνα 112 56, Ελλάδα",,11256,,,,,xe.gr (weekly),,https://www.xe.gr/property/s/mesitiko-grafeio/kedron/b1104a47-d2f7-4aba-9af0-86a1ee5a7957,,
Nestia Real Estate,independent,nestiarealestate.gr,https://nestiarealestate.gr,https://www.nestiarealestate.gr/el/home,ok,yes,yes,5,,"Τρίτωνος 132, Παλαιό Φάληρο 175 62, Ελλάδα",,17562,,,,,xe.gr (weekly); site by domain guess,,https://www.xe.gr/property/s/mesitiko-grafeio/nestia-real-estate/ebbf534b-aae1-4b98-8cdb-c91173c217d3,,
PLUTO HOUSE,independent,,,,no_site,,,,,"Ηφαιστου 53, Πετρούπολη 132 31, Ελλάδα",,13231,,,,,xe.gr (weekly),,https://www.xe.gr/property/s/mesitiko-grafeio/pluto-house/86650de9-da1f-49e7-a61f-6b6f50c24339,,
Σοφός Παναγιώτης,independent,,,,no_site,,,,,"Ιωάννου Δροσοπούλου 71, Αθήνα 112 57, Ελλάδα",,11257,,,,,xe.gr (weekly),,https://www.xe.gr/property/s/mesitiko-grafeio/sofos-panagiwths/8a58afbf-7810-4548-87b7-110b8224512e,,
Riviera South,independent,,,,no_site,,,,,"Ιωάννη Μεταξά 11, Βούλα 166 73, Ελλάδα",,16673,,,,,xe.gr (weekly),,https://www.xe.gr/property/s/mesitiko-grafeio/riviera-south/d32ded8b-9797-449d-ba39-631d87dd65a3,,
Real estate myhomi,independent,,,,no_site,,,,,"Αράχθου 87, Ίλιον 131 23, Ελλάδα",,13123,,,,,xe.gr (weekly),,https://www.xe.gr/property/s/mesitiko-grafeio/real-estate-myhomi/2d754ef0-8988-4eb6-ae53-1649933d5b3d,,
Londonist Investments,independent,londonistinvestments.com,https://londonistinvestments.com,https://www.londonistinvestments.com/,ok,yes,yes,11,wordpress,"Λεωφ. Ανδρέα Συγγρού 80-88, Αθήνα 117 41, Ελλάδα",,11741,,,,,xe.gr (weekly); site by domain guess,,https://www.xe.gr/property/s/mesitiko-grafeio/londonist-investments/5911be09-9490-41ec-af2c-805ebc75e92c,,
Blueberry Realty,independent,,,,no_site,,,,,"Ριζάρη 13, Αθήνα 116 34, Ελλάδα",,11634,,,,,xe.gr (weekly),,https://www.xe.gr/property/s/mesitiko-grafeio/blueberry-realty/2fbe7439-3481-43ac-ad6c-a999b00cc86e,,
ΜΑΚΡΟΔΗΜΉΤΡΗΣ ΧΑΡΑΛΑΜΠΟΣ,independent,,,,no_site,,,,,"Μαρκόπουλο Μεσογαίας 190 03, Ελλάδα",,19003,,,,,xe.gr (weekly),,https://www.xe.gr/property/s/mesitiko-grafeio/makrodhmhtrhs-charalampos/2162a691-3eaf-43b1-8012-76c4b3f99bfb,,
Enter Home,independent,enterhome.com.gr,https://enterhome.com.gr,https://enterhome.com.gr,ok,no,yes,21,,"Λεωφ. Πλαπούτα 29, Ηράκλειο 141 22, Ελλάδα",,14122,,,,,xe.gr (weekly); site by domain guess,,https://www.xe.gr/property/s/mesitiko-grafeio/enter-home/cb593e70-ba19-480e-aacb-98bde4d0a0cd,,
SK PROPERTIES4U,independent,skproperties4u.gr,https://skproperties4u.gr,https://skproperties4u.gr/el,ok,yes,yes,22,,"Σαλαμίνος 20, Καλλιθέα 176 76, Ελλάδα",,17676,,,,,xe.gr (weekly); site by domain guess,,https://www.xe.gr/property/s/mesitiko-grafeio/sk-properties4u/2a8401ec-46de-476c-b4e3-dc950d8a3b48,,
Κωνσταντακόπουλος Κωνσταντίνος,independent,,,,no_site,,,,,"Σωκράτους 1, Καλλιθέα 176 71, Ελλάδα",,17671,,,,,xe.gr (weekly),,https://www.xe.gr/property/s/mesitiko-grafeio/kwnstantakopoylos-kwnstantinos/0d80cd30-9a71-4456-b03b-61e5813fc5bc,,
CVS CONSULTING ΙΔΙΩΤΙΚΗ ΚΕΦΑΛΑΙΟΥΧΙΚΗ ΕΤΑΙΡΕΙΑ,independent,,,,no_site,,,,,"Σαλαμινομάχων 27, Μαρούσι 151 25, Ελλάδα",,15125,,,,,xe.gr (weekly),,https://www.xe.gr/property/s/mesitiko-grafeio/cvs-consulting-idiwtikh-kefalaioychikh-etaireia/31ca85d3-1ec5-4cd1-b203-44bd9dc1c5f3,,
ΑΝΑΣΤΑΣΙΑ,independent,,,,no_site,,,,,"Κορυτσάς 2, Χαϊδάρι 124 61, Ελλάδα",,12461,,,,,xe.gr (weekly),,https://www.xe.gr/property/s/mesitiko-grafeio/anastasia/8b5b1f59-5a23-4728-a051-a3219ecb5c33,,
Dome & Land,independent,,,,no_site,,,,,"Υψηλάντου 49-51, Αθήνα 115 21, Ελλάδα",,11521,,,,,xe.gr (weekly),,https://www.xe.gr/property/s/mesitiko-grafeio/dome-land/861eee45-db16-42cb-a30e-8cc50fe0a7f8,,
CENTURY 21 Everest,independent,,,,no_site,,,,,"Ηρακλέους 5, Αθήνα 117 43, Ελλάδα",,11743,,,,,xe.gr (weekly),,https://www.xe.gr/property/s/mesitiko-grafeio/century-21-everest/e49feed2-8e66-43e7-bc1a-40e4787af055,,
ZARK CO ΟΕ,independent,,,,no_site,,,,,"Λεωφ. Βραυρώνος 156, Άρτεμις 190 16, Ελλάδα",,19016,,,,,xe.gr (weekly),,https://www.xe.gr/property/s/mesitiko-grafeio/zark-co-oe/5fe65571-1eff-4d5c-8fa8-89f800c97940,,
Saddo Estate,independent,,,,no_site,,,,,"Ζαγοράς 2, Αθήνα 115 27, Ελλάδα",,11527,,,,,xe.gr (weekly),,https://www.xe.gr/property/s/mesitiko-grafeio/saddo-estate/69837593-e1ba-47af-a72a-d175957e57e3,,
Πρώτον Κτηματομεσιτική,independent,,,,no_site,,,,,"Ευρυμέδοντος 12, Βύρωνας 162 32, Ελλάδα",,16232,,,,,xe.gr (weekly),,https://www.xe.gr/property/s/mesitiko-grafeio/prwton-kthmatomesitikh/5c11dae6-31eb-4c46-bd8a-3850ae477c24,,
Goestate AE,independent,,,,no_site,,,,,"Αλυος 8, Αθήνα 115 28, Ελλάδα",,11528,,,,,xe.gr (weekly),,https://www.xe.gr/property/s/mesitiko-grafeio/goestate-ae/19796f2b-c72c-4660-8a04-c2e83c0ad19b,,
Δημοπούλου Κωνσταντίνα,independent,,,,no_site,,,,,"Λεωφ. Κηφισίας 214, Χαλάνδρι 152 31, Ελλάδα",,15231,,,,,xe.gr (weekly),,https://www.xe.gr/property/s/mesitiko-grafeio/dhmopoyloy-kwnstantina/b7472f60-7358-4b77-beca-72212ae0be66,,
Sandra Axente,independent,,,,no_site,,,,,"Σκουφά 11, Αθήνα 106 73, Ελλάδα",,10673,,,,,xe.gr (weekly),,https://www.xe.gr/property/s/mesitiko-grafeio/sandra-axente/8a25eaa0-818c-4c96-b374-d6ef5757015f,,
DOMOVIA,independent,,,,no_site,,,,,"Κολοκοτρώνη 9, Χαλάνδρι 152 33, Ελλάδα",,15233,,,,,xe.gr (weekly),,https://www.xe.gr/property/s/mesitiko-grafeio/domovia/ebc2f5b6-c12e-4e9b-8e49-b860858a5b1a,,
ParadiseKey,independent,,,,no_site,,,,,"Δοϊράνης 32, Καλλιθέα 176 71, Ελλάδα",,17671,,,,,xe.gr (weekly),,https://www.xe.gr/property/s/mesitiko-grafeio/paradisekey/a9b0f15a-7396-49f3-84aa-b76ea306743b,,
SPITAKI MOY,independent,spitakimou.gr,https://spitakimou.gr,https://spitakimou.gr,ok,yes,maybe,1,wordpress,"Πόντου 16, Ελληνικό 167 77, Ελλάδα",,16777,,,,,xe.gr (weekly); site by domain guess,,https://www.xe.gr/property/s/mesitiko-grafeio/spitaki-moy/8eac2ff4-87e1-47b8-97de-114753bed21c,,
DVM REAL ESTATE AND PROPERTY MANAGEMENT,independent,,,,no_site,,,,,"Λεωφ. Κηφισίας 20, Μαρούσι 151 25, Ελλάδα",,15125,,,,,xe.gr (weekly),,https://www.xe.gr/property/s/mesitiko-grafeio/dvm-real-estate-and-property-management/74706a7f-ebde-4997-ab10-68421a99d1d6,,
Nest Agency,independent,nestagency.gr,https://nestagency.gr,https://www.nestagency.gr/el/home,ok,yes,yes,8,,"Στουρνάρη 36-38, Αθήνα 104 33, Ελλάδα",,10433,,,,,xe.gr (weekly); site by domain guess,,https://www.xe.gr/property/s/mesitiko-grafeio/nest-agency/ad5f7dea-c1dc-4e4b-96c3-1acfd11fb312,,
The Lop Real Estate,independent,,,,no_site,,,,,"Ζησιμοπούλου 35, Παλαιό Φάληρο 175 64, Ελλάδα",,17564,,,,,xe.gr (weekly),,https://www.xe.gr/property/s/mesitiko-grafeio/the-lop-real-estate/f24b599e-286a-44a9-8ec8-44cbcd0e96cb,,
topos real estate,independent,,,,no_site,,,,,"Σύμης 22, Μελίσσια 151 27, Ελλάδα",,15127,,,,,xe.gr (weekly),,https://www.xe.gr/property/s/mesitiko-grafeio/topos-real-estate/c5a291b1-1f48-4373-b2cd-222781429d2c,,
Ε.Σ.,independent,,,,no_site,,,,,"Κοκκιναρά, Κηφισιά 145 63, Ελλάδα",,14563,,,,,xe.gr (weekly),,https://www.xe.gr/property/s/mesitiko-grafeio/e-s/71c2a584-117d-4fd2-8bed-1c3db753e04d,,
IT GROUP   REAL ESTATE,independent,,,,no_site,,,,,"Λεωφ. Ελ. Βενιζέλου 316, Καλλιθέα 176 75, Ελλάδα",,17675,,,,,xe.gr (weekly),,https://www.xe.gr/property/s/mesitiko-grafeio/it-group-real-estate/8ed69f3b-c7d6-4b51-a2eb-90739a35d20c,,
Hellenic Riviera Properties,independent,,,,no_site,,,,,"Καρπενησίου, Λεγρενά 195 00, Ελλάδα",,19500,,,,,xe.gr (weekly),,https://www.xe.gr/property/s/mesitiko-grafeio/hellenic-riviera-properties/90f7981b-6e3c-4064-8dc5-fb4f62d175e1,,
MATSU by ELENI CHATZIMITSOU,independent,,,,no_site,,,,,"Καραϊσκάκη, Βούλα 166 73, Ελλάδα",,16673,,,,,xe.gr (weekly),,https://www.xe.gr/property/s/mesitiko-grafeio/matsu-by-eleni-chatzimitsou/1cd03ea7-100b-4b07-99ed-1c3e6c220353,,
AVÉRO Properties,independent,,,,no_site,,,,,"Γέρακας 153 44, Ελλάδα",,15344,,,,,xe.gr (weekly),,https://www.xe.gr/property/s/mesitiko-grafeio/avero-properties/1b2ae22d-2b60-4ebb-845e-a31671bbe2e3,,
ELEVEN VALUE EE,independent,elevenvalue.com,https://elevenvalue.com,https://elevenvalue.com,ok,yes,no,0,wordpress,"Αγίου Κωνσταντίνου 52, Μαρούσι 151 24, Ελλάδα",,15124,,,,,xe.gr (weekly); site by domain guess,,https://www.xe.gr/property/s/mesitiko-grafeio/eleven-value-ee/f51930e6-da61-428d-a94c-106c709359d0,,
Saint Realty and Consulting,independent,,,,no_site,,,,,"Ιωνίας 29, Νέα Σμύρνη 171 21, Ελλάδα",,17121,,,,,xe.gr (weekly),,https://www.xe.gr/property/s/mesitiko-grafeio/saint-realty-and-consulting/7ba94858-4f4a-43be-8d03-442fd14113d0,,
ΑΚΙΝΗΤΑ ΑΧΑΡΝΩΝ,independent,,,,no_site,,,,,"Φιλαδέλφειας 30, Αχαρνές 136 71, Ελλάδα",,13671,,,,,xe.gr (weekly),,https://www.xe.gr/property/s/mesitiko-grafeio/akinhta-acharnwn/d8cbdc2f-89fd-423e-a762-f9936c73a353,,
Μεσιτικό Χολέβας,independent,,,,no_site,,,,,"Ιωλκού 2, Ζωγράφου 157 72, Ελλάδα",,15772,,,,,xe.gr (weekly),,https://www.xe.gr/property/s/mesitiko-grafeio/mesitiko-cholevas/7a237222-584f-4528-a549-411e41de83bd,,
Αλεξια Καψιωτη,independent,,,,no_site,,,,,"Χρυσηιδοσ 12, Καλλιθέα 176 76, Ελλάδα",,17676,,,,,xe.gr (weekly),,https://www.xe.gr/property/s/mesitiko-grafeio/alexia-kapsiwth/137c1d3c-3091-435e-aa10-dcadbff6bfed,,
REMAXTRUST,independent,,,,no_site,,,,,"Λεωφ. Αλεξάνδρας 77, Αθήνα 114 74, Ελλάδα",,11474,,,,,xe.gr (weekly),,https://www.xe.gr/property/s/mesitiko-grafeio/remaxtrust/8446aa0b-b12e-4bed-b48d-5a6ad3e1f105,,
houseandhouse,independent,,,,no_site,,,,,"Αριστοτέλη Βαλαωρίτου, Γλυφάδα 166 74, Ελλάδα",,16674,,,,,xe.gr (weekly),,https://www.xe.gr/property/s/mesitiko-grafeio/houseandhouse/3347afda-d16c-4b24-a9ce-b3c1485a0267,,
ΚΤΗΜΑΤΟΜΕΣΙΤΙΚΗ ΑΘΗΝΩΝ,independent,,,,no_site,,,,,"Ευφράνορος 33, Αθήνα 116 35, Ελλάδα",,11635,,,,,xe.gr (weekly),,https://www.xe.gr/property/s/mesitiko-grafeio/kthmatomesitikh-athhnwn/3c59e6c9-a816-4f10-9866-78d9196742bb,,
LIOLIOS ESTATE,independent,,,,no_site,,,,,"Χαρ. Τρικούπη 164, Νέα Ερυθραία 146 71, Ελλάδα",,14671,,,,,xe.gr (weekly),,https://www.xe.gr/property/s/mesitiko-grafeio/liolios-estate/f419cabf-9597-409b-8b47-22a0b750c42e,,
GREEK GAIA BROKERS,independent,,,,no_site,,,,,"Αριοβαρζανού, Αθήνα 111 43, Ελλάδα",,11143,,,,,xe.gr (weekly),,https://www.xe.gr/property/s/mesitiko-grafeio/greek-gaia-brokers/adb6a3dc-4dfe-4db1-be6c-d1b6d30418ab,,
SOPHORA,independent,,,,no_site,,,,,"Περικλέους & Πλάτωνος, Κερατέα 190 01, Ελλάδα",,19001,,,,,xe.gr (weekly),,https://www.xe.gr/property/s/mesitiko-grafeio/sophora/367bb94d-5dc0-415c-b3a1-4d033f3bd545,,
Azure Real Estate,independent,azurerealestate.gr,https://azurerealestate.gr,https://azurerealestate.gr,ok,yes,yes,14,,"Αιγύπτου 173, Γλυφάδα 165 62, Ελλάδα",,16562,,,,,xe.gr (weekly); site by domain guess,,https://www.xe.gr/property/s/mesitiko-grafeio/azure-real-estate/199599e1-7798-4f32-8982-22fb24bfc08c,,
ANNA_lyze Your Hair,independent,,,,no_site,,,,,"Λεωφ. Βεΐκου 60, Γαλάτσι 111 47, Ελλάδα",,11147,,,,,xe.gr (weekly),,https://www.xe.gr/property/s/mesitiko-grafeio/anna_lyze-your-hair/9bd2e350-bb3e-4204-b67b-4d60a1c6286d,,
LETSMOVE,independent,,,,no_site,,,,,"Λαοδικης 24, Αθήνα 166 74, Ελλάδα",,16674,,,,,xe.gr (weekly),,https://www.xe.gr/property/s/mesitiko-grafeio/letsmove/3b6e14bb-22f8-4ae7-89a4-76db5dfb314d,,
Invest In Greece Real Estate,independent,,,,no_site,,,,,"28ης Οκτωβρίου 8, Νέα Ιωνία 142 31, Ελλάδα",,14231,,,,,xe.gr (weekly),,https://www.xe.gr/property/s/mesitiko-grafeio/invest-in-greece-real-estate/b72b0ce7-be88-4536-9f97-94c44e378066,,
R AND D PROJECTS  - REAL ESTATE,independent,,,,no_site,,,,,"Ραβινέ 14-16, Αθήνα 115 21, Ελλάδα",,11521,,,,,xe.gr (weekly),,https://www.xe.gr/property/s/mesitiko-grafeio/r-and-d-projects-real-estate/96c48e78-6c6e-4926-98d6-c3f3ef85d924,,
Blossom Homes SINGLE MEMBER IKE,independent,,,,no_site,,,,,"Πανεπιστημίου 44, Αθήνα 106 79, Ελλάδα",,10679,,,,,xe.gr (weekly),,https://www.xe.gr/property/s/mesitiko-grafeio/blossom-homes-single-member-ike/3f1a264a-9972-4b0e-a7ea-a514517ae087,,
ARKE REALTY,independent,,,,no_site,,,,,"Φειδίου 11, Αθήνα 106 78, Ελλάδα",,10678,,,,,xe.gr (weekly),,https://www.xe.gr/property/s/mesitiko-grafeio/arke-realty/eebe27bc-6323-4e0f-9ea5-fa6ee7a54a21,,
CHELONIA,independent,,,,no_site,,,,,"Ανδρέα Μεταξά 2, Αθήνα 106 81, Ελλάδα",,10681,,,,,xe.gr (weekly),,https://www.xe.gr/property/s/mesitiko-grafeio/chelonia/4a293fda-8faf-45d2-9e0b-85741932d9fa,,
Κωνσταντινίδης Real Estate,independent,,,,no_site,,,,,"Παλλάδος 10, Γλυφάδα 166 74, Ελλάδα",,16674,,,,,xe.gr (weekly),,https://www.xe.gr/property/s/mesitiko-grafeio/kwnstantinidhs-real-estate/27defefb-2e6c-486d-b136-6fe9f2088bc4,,
Anelixis Real Estate,independent,,,,no_site,,,,,"Λουκή Ακρίτα, Μαρούσι 151 26, Ελλάδα",,15126,,,,,xe.gr (weekly),,https://www.xe.gr/property/s/mesitiko-grafeio/anelixis-real-estate/0a186a3d-8cb1-4bb7-bb2f-1e224904db52,,
Althea,independent,,,,no_site,,,,,"Ταίναρου 17, Γλυφάδα 165 62, Ελλάδα",,16562,,,,,xe.gr (weekly),,https://www.xe.gr/property/s/mesitiko-grafeio/althea/f2001d7c-5f6f-404a-be03-1bace1010ecb,,
GKACCSERVICES SA,independent,,,,no_site,,,,,"Παπαδιαμάντη 7, Κηφισιά 145 62, Ελλάδα",,14562,,,,,xe.gr (weekly),,https://www.xe.gr/property/s/mesitiko-grafeio/gkaccservices-sa/5059d920-6723-4e78-9bae-944de91ea1ef,,
Θωμάς Μουρελατος,independent,,,,no_site,,,,,"Διονυσίου Αρεοπαγίτου 10, Αθήνα 105 58, Ελλάδα",,10558,,,,,xe.gr (weekly),,https://www.xe.gr/property/s/mesitiko-grafeio/thwmas-moyrelatos/61f02ceb-af01-4897-8491-857bf98dcc31,,
Μελινα Νταση,independent,,,,no_site,,,,,"Λεωφ. Διονύσου 67, Νέα Μάκρη 190 05, Ελλάδα",,19005,,,,,xe.gr (weekly),,https://www.xe.gr/property/s/mesitiko-grafeio/melina-ntash/eae80cda-1c7f-4925-9fc9-7d995a97f8a5,,
ARTEMIS ESTIA ΔΙΑΧΕΙΡΙΣΗ ΑΚΙΝΗΤΩΝ,independent,,,,no_site,,,,,"Γεωρ. Γεννηματά 19, Γλυφάδα 165 62, Ελλάδα",,16562,,,,,xe.gr (weekly),,https://www.xe.gr/property/s/mesitiko-grafeio/artemis-estia-diacheirish-akinhtwn/dd40bb19-0dc5-449c-94ba-e5eb7708d6ac,,
A. DOOR,independent,,,,no_site,,,,,"Λεωφ. Ελ. Βενιζέλου 296, Καλλιθέα 176 75, Ελλάδα",,17675,,,,,xe.gr (weekly),,https://www.xe.gr/property/s/mesitiko-grafeio/a-door/288b81c5-2f82-4db3-a545-9ea71f017698,,
DOMITECH Real Estate,independent,,,,no_site,,,,,"Τσακάλωφ 14, Αθήνα 106 73, Ελλάδα",,10673,,,,,xe.gr (weekly),,https://www.xe.gr/property/s/mesitiko-grafeio/domitech-real-estate/e254ce67-93f9-40fc-8254-49049eed3f02,,
