{"type":"FeatureCollection","source":"Jeny Shir, карта районов Афин https://jenyshir.com/ru/maps/athens/","features":[{"type":"Feature","geometry":{"type":"Polygon","coordinates":[[[23.742266179693207,37.98546435354273],[23.749313057396385,37.98294009884309],[23.74799315270936,37.97544064039409],[23.741169086294416,37.97164949238579],[23.74082032185024,37.971784788937406],[23.73707353914002,37.98122668136714],[23.742266179693207,37.98546435354273]]]},"properties":{"id":"kolonaki","gr":"Κολωνάκι - Λυκαβηττός","ru":"Колонаки - Ликавитос","zone":"center","district":"Αθήνα-Κέντρο","centre":[37.97833,23.74336],"sale":5000,"sale_old":4100,"sale_renovated":5900,"sale_new":7100,"rent":16.7,"official":false,"pattern":"κολωνακι|λυκαβηττοσ|kolonaki\\ –\\ lycabettus|kolonaki\\ –\\ lukabettos|lykavittos|lycabettus"}},{"type":"Feature","geometry":{"type":"Polygon","coordinates":[[[23.733301791359324,37.98095727081138],[23.73707353914002,37.98122668136714],[23.74082032185024,37.971784788937406],[23.733135418489354,37.97026469816273],[23.73106083488434,37.97905116990162],[23.733301791359324,37.98095727081138]]]},"properties":{"id":"syntagma","gr":"Σύνταγμα","ru":"Синтагма","zone":"center","district":"Αθήνα-Κέντρο","centre":[37.97542,23.73565],"sale":5400,"sale_old":4450,"sale_renovated":6350,"sale_new":7650,"rent":16.2,"official":false,"pattern":"συνταγμα|syntagma|suntagma|syntagma\\ square"}},{"type":"Feature","geometry":{"type":"Polygon","coordinates":[[[23.72860898345154,37.979004018912526],[23.73106083488434,37.97905116990162],[23.733135418489354,37.97026469816273],[23.73103715542522,37.96771275659824],[23.727417919876736,37.967281895223415],[23.72403122665381,37.9694191288107],[23.725148013245033,37.97621291390728],[23.72860898345154,37.979004018912526]]]},"properties":{"id":"plaka","gr":"Πλάκα - Μοναστηράκι","ru":"Плака - Монастираки","zone":"center","district":"Αθήνα-Κέντρο","centre":[37.97324,23.72855],"sale":5200,"sale_old":4250,"sale_renovated":6150,"sale_new":7400,"rent":17.5,"official":false,"pattern":"πλακα|μοναστηρακι|plaka\\ –\\ monastiraki|plaka\\ –\\ monasteraki|monastiraki"}},{"type":"Feature","geometry":{"type":"Polygon","coordinates":[[[23.719594897959183,37.978767346938774],[23.7185701901566,37.98559873228933],[23.7220387007874,37.98651291338582],[23.72860898345154,37.979004018912526],[23.725148013245033,37.97621291390728],[23.719594897959183,37.978767346938774]]]},"properties":{"id":"psiri","gr":"Ψυρρή - Μεταξουργείο","ru":"Психри - Метаксургио","zone":"center","district":"Αθήνα-Κέντρο","centre":[37.9823,23.72239],"sale":3000,"sale_old":2450,"sale_renovated":3550,"sale_new":4250,"rent":14.2,"official":false,"pattern":"ψυρρη|μεταξουργειο|psyrri\\ –\\ metaxourgeio|psurre\\ –\\ metaxourgeio|psiri|psirri|metaxourgio"}},{"type":"Feature","geometry":{"type":"Polygon","coordinates":[[[23.71000305242203,37.98419827471798],[23.715513499964445,37.98659595036621],[23.7185701901566,37.98559873228933],[23.719594897959183,37.978767346938774],[23.715943023255814,37.97328953488372],[23.708987060478197,37.97645133614627],[23.71000305242203,37.98419827471798]]]},"properties":{"id":"keramikos","gr":"Κεραμεικός - Γκάζι","ru":"Керамикос - Гази","zone":"center","district":"Αθήνα-Κέντρο","centre":[37.98148,23.71442],"sale":3000,"sale_old":2450,"sale_renovated":3550,"sale_new":4250,"rent":14.2,"official":false,"pattern":"κεραμεικοσ|γκαζι|kerameikos\\ –\\ gazi|kerameikos\\ –\\ gkazi|keramikos|gkazi"}},{"type":"Feature","geometry":{"type":"Polygon","coordinates":[[[23.715943023255814,37.97328953488372],[23.719594897959183,37.978767346938774],[23.725148013245033,37.97621291390728],[23.72403122665381,37.9694191288107],[23.718149004759844,37.96900993076591],[23.715943023255814,37.97328953488372]]]},"properties":{"id":"thisio","gr":"Θησείο","ru":"Тисио","zone":"center","district":"Αθήνα-Κέντρο","centre":[37.97475,23.72091],"sale":4300,"sale_old":3550,"sale_renovated":5050,"sale_new":6100,"rent":16.2,"official":false,"pattern":"θησειο|thiseio|theseio|thissio|thisio"}},{"type":"Feature","geometry":{"type":"Polygon","coordinates":[[[23.708987060478197,37.97645133614627],[23.715943023255814,37.97328953488372],[23.718149004759844,37.96900993076591],[23.71492077579876,37.96379509936723],[23.7081152,37.9634457],[23.699466,37.9688561],[23.702276,37.9699523],[23.7056803,37.9721976],[23.70466577228015,37.973044166605504],[23.708987060478197,37.97645133614627]]]},"properties":{"id":"petralona","gr":"Πετράλωνα","ru":"Петралона","zone":"center","district":"Αθήνα-Κέντρο","centre":[37.96948,23.70949],"sale":2600,"sale_old":2150,"sale_renovated":3050,"sale_new":3700,"rent":14.0,"official":false,"pattern":"πετραλωνα|petralona"}},{"type":"Feature","geometry":{"type":"Polygon","coordinates":[[[23.718149004759844,37.96900993076591],[23.72403122665381,37.9694191288107],[23.727417919876736,37.967281895223415],[23.72227054051624,37.94937796701304],[23.714865,37.9552878],[23.7202631,37.9594807],[23.716887,37.9627463],[23.71492077579876,37.96379509936723],[23.718149004759844,37.96900993076591]]]},"properties":{"id":"koukaki","gr":"Κουκάκι","ru":"Коукаки","zone":"center","district":"Αθήνα-Κέντρο","centre":[37.95738,23.72107],"sale":3600,"sale_old":2950,"sale_renovated":4250,"sale_new":5100,"rent":13.1,"official":false,"pattern":"κουκακι|koukaki"}},{"type":"Feature","geometry":{"type":"Polygon","coordinates":[[[23.727417919876736,37.967281895223415],[23.73103715542522,37.96771275659824],[23.73895400647822,37.956294221425644],[23.7357522,37.9560305],[23.7358961,37.9557018],[23.7340053,37.9553343],[23.7335298,37.9557918],[23.7304991,37.9542222],[23.7292651,37.95408],[23.7275068,37.9525375],[23.7265596,37.9526362],[23.7246534,37.9500217],[23.7229404,37.9488434],[23.72227054051624,37.94937796701304],[23.727417919876736,37.967281895223415]]]},"properties":{"id":"neoskosmos","gr":"Νέος Κόσμος","ru":"Неос Космос","zone":"center","district":"Αθήνα-Κέντρο","centre":[37.96179,23.73049],"sale":2600,"sale_old":2150,"sale_renovated":3050,"sale_new":3700,"rent":14.3,"official":false,"pattern":"νεοσ\\ κοσμοσ|neos\\ kosmos"}},{"type":"Feature","geometry":{"type":"Polygon","coordinates":[[[23.733135418489354,37.97026469816273],[23.741169086294416,37.97164949238579],[23.7453181,37.9558702],[23.7436995,37.9564205],[23.7401185,37.9557158],[23.7398461,37.9563677],[23.73895400647822,37.956294221425644],[23.73103715542522,37.96771275659824],[23.733135418489354,37.97026469816273]]]},"properties":{"id":"mets","gr":"Μετς","ru":"Метс","zone":"center","district":"Αθήνα-Κέντρο","centre":[37.96207,23.73932],"sale":3300,"sale_old":2700,"sale_renovated":3900,"sale_new":4700,"rent":13.5,"official":false,"pattern":"μετσ|mets"}},{"type":"Feature","geometry":{"type":"Polygon","coordinates":[[[23.741169086294416,37.97164949238579],[23.74799315270936,37.97544064039409],[23.75015653841799,37.973054553215455],[23.7500133,37.9721965],[23.7557821,37.9658613],[23.7529411,37.9642628],[23.7511249,37.964368],[23.7510135,37.9647444],[23.7445658,37.9609276],[23.7477155,37.9574213],[23.7469257,37.9567016],[23.7457205,37.957018],[23.74541330635456,37.95614176524296],[23.741169086294416,37.97164949238579]]]},"properties":{"id":"pangrati","gr":"Παγκράτι","ru":"Пангати","zone":"center","district":"Αθήνα-Κέντρο","centre":[37.9653,23.74885],"sale":3300,"sale_old":2700,"sale_renovated":3900,"sale_new":4700,"rent":13.2,"official":false,"pattern":"παγκρατι|pangrati|pagkrati"}},{"type":"Feature","geometry":{"type":"Polygon","coordinates":[[[23.749313057396385,37.98294009884309],[23.753173131741143,37.98484539194915],[23.762062790406134,37.98053129289114],[23.7613402,37.9801893],[23.7587316,37.9801723],[23.7566796,37.9792881],[23.7576127,37.9778825],[23.7589254,37.9772918],[23.7575665,37.9759226],[23.7582631,37.9756776],[23.7579968,37.9751223],[23.7614964,37.9745374],[23.7625251,37.9740358],[23.7620907,37.9734476],[23.7631976,37.9729196],[23.76376,37.9734165],[23.766833,37.9718751],[23.7645538,37.9687671],[23.7631797,37.9700414],[23.7598475,37.9715907],[23.7541359,37.9723028],[23.7534965,37.9729729],[23.7523511,37.9724924],[23.7514629,37.9734688],[23.7502421,37.9735671],[23.75015653841799,37.973054553215455],[23.74799315270936,37.97544064039409],[23.749313057396385,37.98294009884309]]]},"properties":{"id":"ilisia","gr":"Ιλίσια - Χίλτον","ru":"Илисия - Хилтон","zone":"center","district":"Αθήνα-Κέντρο","centre":[37.97661,23.75322],"sale":3100,"sale_old":2550,"sale_renovated":3650,"sale_new":4400,"rent":13.5,"official":false,"pattern":"ιλισια|χιλτον|ilisia\\ –\\ hilton|ilisia\\ –\\ khilton|ilissia"}},{"type":"Feature","geometry":{"type":"Polygon","coordinates":[[[23.769274271537594,37.99811479361922],[23.7714221,37.9999607],[23.7749106,38.0006714],[23.7783832,37.9982223],[23.7823471,38.0033934],[23.7872491,38.0009259],[23.7837779,37.9986111],[23.7902517,37.9926518],[23.7904386,37.9913093],[23.7855821,37.9904753],[23.7851286,37.9894775],[23.7865474,37.9871112],[23.7820862,37.9850896],[23.7829416,37.983898],[23.7800797,37.9821157],[23.7773384,37.9828917],[23.7764748,37.9838769],[23.7715298,37.9841444],[23.7708488,37.9846896],[23.76891348783022,37.983773641251325],[23.769274271537594,37.99811479361922]]]},"properties":{"id":"goudi","gr":"Γουδή","ru":"Гуди","zone":"center","district":"Αθήνα-Κέντρο","centre":[37.99538,23.77824],"sale":3000,"sale_old":2450,"sale_renovated":3550,"sale_new":4250,"rent":12.8,"official":false,"pattern":"γουδη|goudi|goude"}},{"type":"Feature","geometry":{"type":"Polygon","coordinates":[[[23.754944704888846,37.99751213995527],[23.763146421754946,38.00299612815568],[23.769274271537594,37.99811479361922],[23.76891348783022,37.983773641251325],[23.762062790406134,37.98053129289114],[23.753173131741143,37.98484539194915],[23.754944704888846,37.99751213995527]]]},"properties":{"id":"ampelokipi","gr":"Αμπελόκηποι","ru":"Амбелокипи","zone":"center","district":"Αθήνα-Κέντρο","centre":[37.99118,23.76158],"sale":3100,"sale_old":2550,"sale_renovated":3650,"sale_new":4400,"rent":12.9,"official":false,"pattern":"αμπελοκηποι|ampelokipoi|ampelokepoi|ambelokipi"}},{"type":"Feature","geometry":{"type":"Polygon","coordinates":[[[23.74794523809524,37.99892142857143],[23.754944704888846,37.99751213995527],[23.753173131741143,37.98484539194915],[23.749313057396385,37.98294009884309],[23.742266179693207,37.98546435354273],[23.738683867362145,37.994534463487334],[23.74794523809524,37.99892142857143]]]},"properties":{"id":"gyzi","gr":"Γκύζη - Πολύγωνο","ru":"Гизи - Полигоно","zone":"center","district":"Αθήνα-Κέντρο","centre":[37.99,23.74718],"sale":2750,"sale_old":2250,"sale_renovated":3250,"sale_new":3900,"rent":12.1,"official":false,"pattern":"γκυζη|πολυγωνο|gyzi\\ –\\ polygono|gkuze\\ –\\ polugono|gizi|poligono"}},{"type":"Feature","geometry":{"type":"Polygon","coordinates":[[[23.730472094071004,37.98842767165255],[23.738120826439772,37.99476177814543],[23.738683867362145,37.994534463487334],[23.742266179693207,37.98546435354273],[23.73707353914002,37.98122668136714],[23.733301791359324,37.98095727081138],[23.730472094071004,37.98842767165255]]]},"properties":{"id":"exarchia","gr":"Εξάρχεια - Νεάπολη","ru":"Эксархия - Неаполи","zone":"center","district":"Αθήνα-Κέντρο","centre":[37.98695,23.73636],"sale":2900,"sale_old":2400,"sale_renovated":3400,"sale_new":4100,"rent":13.2,"official":false,"pattern":"εξαρχεια|νεαπολη|exarcheia\\ –\\ neapoli|exarkheia\\ –\\ neapole|exarchia"}},{"type":"Feature","geometry":{"type":"Polygon","coordinates":[[[23.724929214616207,37.98923730573022],[23.730472094071004,37.98842767165255],[23.733301791359324,37.98095727081138],[23.73106083488434,37.97905116990162],[23.72860898345154,37.979004018912526],[23.7220387007874,37.98651291338582],[23.724929214616207,37.98923730573022]]]},"properties":{"id":"omonia","gr":"Ομόνοια","ru":"Омония","zone":"center","district":"Αθήνα-Κέντρο","centre":[37.98374,23.72836],"sale":2500,"sale_old":2050,"sale_renovated":2950,"sale_new":3550,"rent":12.1,"official":false,"pattern":"ομονοια|omonia|omonoia"}},{"type":"Feature","geometry":{"type":"Polygon","coordinates":[[[23.734352390258568,37.99934606133493],[23.738120826439772,37.99476177814543],[23.730472094071004,37.98842767165255],[23.724929214616207,37.98923730573022],[23.724864776428785,37.99229811963281],[23.734352390258568,37.99934606133493]]]},"properties":{"id":"viktoria","gr":"Πλατεία Βικτωρίας","ru":"Виктория","zone":"center","district":"Αθήνα-Κέντρο","centre":[37.99353,23.73158],"sale":2200,"sale_old":1800,"sale_renovated":2600,"sale_new":3100,"rent":10.8,"official":false,"pattern":"πλατεια\\ βικτωριασ|victoria\\ square|plateia\\ biktorias|plateia\\ viktorias|viktoria"}},{"type":"Feature","geometry":{"type":"Polygon","coordinates":[[[23.734352390258568,37.99934606133493],[23.73245035646388,38.00376368821293],[23.735987157107232,38.00873852867831],[23.743269017702413,38.009528808122745],[23.7432157,38.0081947],[23.744106305624523,38.008134866501145],[23.74794523809524,37.99892142857143],[23.738683867362145,37.994534463487334],[23.738120826439772,37.99476177814543],[23.734352390258568,37.99934606133493]]]},"properties":{"id":"kypseli","gr":"Κυψέλη","ru":"Кипсели","zone":"center","district":"Αθήνα-Κέντρο","centre":[38.00155,23.74012],"sale":2200,"sale_old":1800,"sale_renovated":2600,"sale_new":3100,"rent":11.5,"official":false,"pattern":"κυψελη|kypseli|kupsele|kipseli"}},{"type":"Feature","geometry":{"type":"Polygon","coordinates":[[[23.754944704888846,37.99751213995527],[23.74794523809524,37.99892142857143],[23.744106305624523,38.008134866501145],[23.7466377,38.0079648],[23.7495329,38.0091359],[23.7505683,38.0088126],[23.7515912,38.0092972],[23.7547242,38.0059312],[23.7613543,38.0044237],[23.763146421754946,38.00299612815568],[23.754944704888846,37.99751213995527]]]},"properties":{"id":"anokypseli","gr":"Άνω Κυψέλη","ru":"Ано Кипсели","zone":"center","district":"Αθήνα-Κέντρο","centre":[38.00371,23.7541],"sale":2200,"sale_old":1800,"sale_renovated":2600,"sale_new":3100,"rent":11.2,"official":false,"pattern":"ανω\\ κυψελη|ano\\ kypseli|ano\\ kupsele|kypseli"}},{"type":"Feature","geometry":{"type":"Polygon","coordinates":[[[23.720565351693338,38.00031596576107],[23.724663465052533,38.004578003654636],[23.73245035646388,38.00376368821293],[23.734352390258568,37.99934606133493],[23.724864776428785,37.99229811963281],[23.720565351693338,38.00031596576107]]]},"properties":{"id":"agpanteleimonas","gr":"Άγιος Παντελεήμονας","ru":"Агиос Пантелеймонас","zone":"center","district":"Αθήνα-Κέντρο","centre":[37.99582,23.72629],"sale":1700,"sale_old":1400,"sale_renovated":2000,"sale_new":2400,"rent":10.1,"official":false,"pattern":"αγιοσ\\ παντελεημονασ|agios\\ panteleimonas|agios\\ panteleemonas"}},{"type":"Feature","geometry":{"type":"Polygon","coordinates":[[[23.71962676042216,38.01598186319511],[23.7239891,38.0199915],[23.7255071,38.0203185],[23.73040588713128,38.02548233860614],[23.735987157107232,38.00873852867831],[23.73245035646388,38.00376368821293],[23.724663465052533,38.004578003654636],[23.71962676042216,38.01598186319511]]]},"properties":{"id":"katopatisia","gr":"Κάτω Πατήσια","ru":"Като Патисия","zone":"center","district":"Αθήνα-Κέντρο","centre":[38.01236,23.728],"sale":1900,"sale_old":1550,"sale_renovated":2250,"sale_new":2700,"rent":10.1,"official":false,"pattern":"κατω\\ πατησια|kato\\ patisia|kato\\ patesia|patisia"}},{"type":"Feature","geometry":{"type":"Polygon","coordinates":[[[23.73040588713128,38.02548233860614],[23.732950306301746,38.02675287369281],[23.746127199564185,38.01868538802193],[23.7454654,38.0185199],[23.7458081,38.0181327],[23.7450232,38.0148854],[23.7434124,38.0131165],[23.743269017702413,38.009528808122745],[23.735987157107232,38.00873852867831],[23.73040588713128,38.02548233860614]]]},"properties":{"id":"patisia","gr":"Πατήσια - Άνω Πατήσια","ru":"Патисия - Ано Патисия","zone":"center","district":"Αθήνα-Κέντρο","centre":[38.01651,23.73941],"sale":1950,"sale_old":1600,"sale_renovated":2300,"sale_new":2750,"rent":10.2,"official":false,"pattern":"πατησια|ανω\\ πατησια|patisia\\ –\\ ano\\ patisia|patesia\\ –\\ ano\\ patesia"}},{"type":"Feature","geometry":{"type":"Polygon","coordinates":[[[23.732950306301746,38.02675287369281],[23.7363386,38.0274942],[23.738077,38.0307575],[23.7402617,38.03276],[23.7441384,38.0319332],[23.743926,38.0314634],[23.7528235,38.0279411],[23.746127199564185,38.01868538802193],[23.732950306301746,38.02675287369281]]]},"properties":{"id":"rizoupoli","gr":"Ριζούπολη - Λαμπρινή","ru":"Ризуполи - Ламбрини","zone":"center","district":"Γαλάτσι","centre":[38.02272,23.74429],"sale":2100,"sale_old":1700,"sale_renovated":2500,"sale_new":3000,"rent":10.5,"official":false,"pattern":"ριζουπολη|λαμπρινη|rizoupoli\\ –\\ lamprini|rizoupole\\ –\\ lamprine"}},{"type":"Feature","geometry":{"type":"Polygon","coordinates":[[[23.714335969158427,37.99872451766821],[23.720565351693338,38.00031596576107],[23.724864776428785,37.99229811963281],[23.724929214616207,37.98923730573022],[23.7220387007874,37.98651291338582],[23.7185701901566,37.98559873228933],[23.715513499964445,37.98659595036621],[23.714335969158427,37.99872451766821]]]},"properties":{"id":"kolonos","gr":"Κολωνός","ru":"Колонос","zone":"center","district":"Αθήνα-Κέντρο","centre":[37.99551,23.71889],"sale":1900,"sale_old":1550,"sale_renovated":2250,"sale_new":2700,"rent":10.1,"official":false,"pattern":"κολωνοσ|kolonos"}},{"type":"Feature","geometry":{"type":"Polygon","coordinates":[[[23.724663465052533,38.004578003654636],[23.720565351693338,38.00031596576107],[23.714335969158427,37.99872451766821],[23.70633010713269,38.002427909625695],[23.7090142,38.0044302],[23.7118659,38.0056725],[23.7149453,38.0084409],[23.7171448,38.0097608],[23.7179759,38.0108814],[23.7186882,38.0144679],[23.71962676042216,38.01598186319511],[23.724663465052533,38.004578003654636]]]},"properties":{"id":"sepolia","gr":"Σεπόλια","ru":"Сеполия","zone":"center","district":"Αθήνα-Κέντρο","centre":[38.00706,23.71849],"sale":1900,"sale_old":1550,"sale_renovated":2250,"sale_new":2700,"rent":10.2,"official":false,"pattern":"σεπολια|sepolia"}},{"type":"Feature","geometry":{"type":"Polygon","coordinates":[[[23.714335969158427,37.99872451766821],[23.715513499964445,37.98659595036621],[23.71000305242203,37.98419827471798],[23.696616326327508,37.991764685119236],[23.6975826,37.9929715],[23.6952962,37.9934302],[23.6928288,37.994835],[23.6965499,37.9978498],[23.7052231,38.0016021],[23.70633010713269,38.002427909625695],[23.714335969158427,37.99872451766821]]]},"properties":{"id":"akadimia","gr":"Ακαδημία Πλάτωνος","ru":"Академия Платонос","zone":"center","district":"Αθήνα-Κέντρο","centre":[37.9932,23.70566],"sale":2000,"sale_old":1650,"sale_renovated":2350,"sale_new":2850,"rent":10.5,"official":false,"pattern":"ακαδημια\\ πλατωνοσ|akadimia\\ platonos|akademia\\ platonos|plato's\\ academy"}},{"type":"Feature","geometry":{"type":"Polygon","coordinates":[[[23.71000305242203,37.98419827471798],[23.708987060478197,37.97645133614627],[23.70466577228015,37.973044166605504],[23.7037746,37.9737878],[23.7042598,37.9741872],[23.7043429,37.97529],[23.6963029,37.97572],[23.6910948,37.9778319],[23.6870046,37.9784388],[23.6930841,37.9850532],[23.696616326327508,37.991764685119236],[23.71000305242203,37.98419827471798]]]},"properties":{"id":"votanikos","gr":"Βοτανικός - Ρουφ","ru":"Ботаникос - Руф","zone":"center","district":"Αθήνα-Κέντρο","centre":[37.98132,23.69964],"sale":2300,"sale_old":1900,"sale_renovated":2700,"sale_new":3250,"rent":10.8,"official":false,"pattern":"βοτανικοσ|ρουφ|votanikos\\ –\\ rouf|botanikos\\ –\\ rouph"}},{"type":"Feature","geometry":{"type":"Polygon","coordinates":[[[23.7566796,37.9792881],[23.7587316,37.9801723],[23.7613402,37.9801893],[23.7708488,37.9846896],[23.7715298,37.9841444],[23.7764748,37.9838769],[23.7773384,37.9828917],[23.7800797,37.9821157],[23.7829416,37.983898],[23.7896878,37.975886],[23.7935275,37.9745172],[23.7978101,37.9759915],[23.8086209,37.976984],[23.8192247,37.9750902],[23.8231995,37.9733312],[23.8220631,37.9698341],[23.8172581,37.9684872],[23.8112172,37.9641607],[23.8069044,37.9647203],[23.8000469,37.9677676],[23.797377,37.967676],[23.7948787,37.9665665],[23.7887217,37.9655964],[23.781458,37.9663833],[23.7778988,37.9660663],[23.7746559,37.9671008],[23.774288,37.9689066],[23.7672756,37.97004],[23.767233,37.9709547],[23.7664415,37.9712852],[23.766833,37.9718751],[23.76376,37.9734165],[23.7631976,37.9729196],[23.7620907,37.9734476],[23.7625251,37.9740358],[23.7614964,37.9745374],[23.7579968,37.9751223],[23.7582631,37.9756776],[23.7575665,37.9759226],[23.7589254,37.9772918],[23.7576127,37.9778825],[23.7566796,37.9792881]]]},"properties":{"id":"zografou","gr":"Ζωγράφου","ru":"Зографу","zone":"center","district":"Ζωγράφου","centre":[37.97428,23.79155],"sale":2700,"sale_old":2200,"sale_renovated":3200,"sale_new":3850,"rent":12.9,"official":false,"pattern":"ζωγραφου|zografou|zographou"}},{"type":"Feature","geometry":{"type":"Polygon","coordinates":[[[23.7432157,38.0081947],[23.7434124,38.0131165],[23.7450232,38.0148854],[23.7458081,38.0181327],[23.7454654,38.0185199],[23.7463332,38.0187369],[23.7551855,38.0308369],[23.7558847,38.0302893],[23.7616548,38.0311707],[23.7641915,38.0291381],[23.766285,38.0318905],[23.7695641,38.0329648],[23.77077,38.0340993],[23.7727149,38.0330331],[23.7685179,38.0273199],[23.7670123,38.0227771],[23.7623249,38.0170478],[23.7624953,38.012952],[23.7637737,38.0101989],[23.7611151,38.0057135],[23.7613543,38.0044237],[23.7547242,38.0059312],[23.7515912,38.0092972],[23.7505683,38.0088126],[23.7495329,38.0091359],[23.7466377,38.0079648],[23.7432157,38.0081947]]]},"properties":{"id":"galatsi","gr":"Γαλάτσι","ru":"Галаци","zone":"center","district":"Γαλάτσι","centre":[38.02076,23.75659],"sale":2400,"sale_old":1950,"sale_renovated":2850,"sale_new":3400,"rent":12.1,"official":false,"pattern":"γαλατσι|galatsi"}},{"type":"Feature","geometry":{"type":"Polygon","coordinates":[[[23.7445658,37.9609276],[23.7510135,37.9647444],[23.7529411,37.9642628],[23.7557821,37.9658613],[23.7596674,37.9614492],[23.7620205,37.9627776],[23.7639799,37.9618869],[23.7648026,37.9630301],[23.7691002,37.9614308],[23.7697915,37.960236],[23.7717154,37.9598097],[23.7728393,37.9606863],[23.7743744,37.960458],[23.7760766,37.9555989],[23.7793243,37.9521113],[23.7792852,37.9484576],[23.7818623,37.9472484],[23.788353,37.9468517],[23.7931791,37.9481296],[23.7995478,37.9471755],[23.8020439,37.9484637],[23.8054907,37.9487528],[23.8075363,37.9496268],[23.8086041,37.9485287],[23.8149199,37.9460703],[23.8143314,37.9447835],[23.8104194,37.9416614],[23.7998869,37.9367506],[23.7914396,37.9344441],[23.7815905,37.9360223],[23.7766821,37.9374791],[23.7709634,37.9405535],[23.7665856,37.9441539],[23.7661362,37.9458459],[23.76516,37.9460093],[23.7653375,37.9471767],[23.7635107,37.9488723],[23.759568,37.9495943],[23.7570512,37.9490209],[23.7554704,37.9499141],[23.7509388,37.9534211],[23.7510213,37.9547776],[23.7474573,37.957195],[23.7445658,37.9609276]]]},"properties":{"id":"vyronas","gr":"Βύρωνας","ru":"Виронас","zone":"center","district":"Βύρωνας","centre":[37.95101,23.76668],"sale":2300,"sale_old":1900,"sale_renovated":2700,"sale_new":3250,"rent":10.2,"official":false,"pattern":"βυρωνασ|vyronas|buronas|byronas"}},{"type":"Feature","geometry":{"type":"Polygon","coordinates":[[[23.7500133,37.9721965],[23.7502421,37.9735671],[23.7514629,37.9734688],[23.7523511,37.9724924],[23.7534965,37.9729729],[23.7541359,37.9723028],[23.7589341,37.9718415],[23.7631797,37.9700414],[23.7645538,37.9687671],[23.7664415,37.9712852],[23.767233,37.9709547],[23.7672756,37.97004],[23.774288,37.9689066],[23.7746559,37.9671008],[23.7778988,37.9660663],[23.781458,37.9663833],[23.7887217,37.9655964],[23.7948787,37.9665665],[23.797377,37.967676],[23.8000469,37.9677676],[23.8087951,37.9642151],[23.8112172,37.9641607],[23.8172581,37.9684872],[23.8220631,37.9698341],[23.8193039,37.9528989],[23.815836,37.9485227],[23.8149199,37.9460703],[23.8086041,37.9485287],[23.8075363,37.9496268],[23.8054907,37.9487528],[23.8020439,37.9484637],[23.7995478,37.9471755],[23.7931791,37.9481296],[23.7875098,37.9468277],[23.7821047,37.9471739],[23.7794287,37.9482922],[23.7793243,37.9521113],[23.7760766,37.9555989],[23.7743744,37.960458],[23.7728393,37.9606863],[23.7717154,37.9598097],[23.7697915,37.960236],[23.7691002,37.9614308],[23.7648026,37.9630301],[23.7639799,37.9618869],[23.7620205,37.9627776],[23.7596674,37.9614492],[23.7500133,37.9721965]]]},"properties":{"id":"kaisariani","gr":"Καισαριανή","ru":"Кесариани","zone":"center","district":"Καισαριανή","centre":[37.96002,23.7975],"sale":2400,"sale_old":1950,"sale_renovated":2850,"sale_new":3400,"rent":11.1,"official":false,"pattern":"καισαριανη|kaisariani|kaisariane|kesariani"}},{"type":"Feature","geometry":{"type":"Polygon","coordinates":[[[23.7245433,37.9499572],[23.7265596,37.9526362],[23.7275068,37.9525375],[23.7292651,37.95408],[23.7335298,37.9557918],[23.7340053,37.9553343],[23.7358961,37.9557018],[23.7357522,37.9560305],[23.7398461,37.9563677],[23.7401185,37.9557158],[23.7436995,37.9564205],[23.7453181,37.9558702],[23.7457205,37.957018],[23.7469257,37.9567016],[23.7474573,37.957195],[23.7510213,37.9547776],[23.7509388,37.9534211],[23.7570512,37.9490209],[23.7553119,37.9490766],[23.7538764,37.950047],[23.7529483,37.9488008],[23.7511959,37.9492612],[23.7464337,37.9470335],[23.7470986,37.9463314],[23.7464294,37.9445435],[23.7444643,37.9425118],[23.7425611,37.9419301],[23.7416726,37.947395],[23.7387459,37.9476569],[23.7383275,37.949812],[23.7368218,37.9494271],[23.7347093,37.9469867],[23.7309258,37.9462128],[23.7287696,37.9442482],[23.7268742,37.9489372],[23.7261276,37.9487203],[23.7245433,37.9499572]]]},"properties":{"id":"dafni","gr":"Δάφνη - Υμηττός","ru":"Дафни - Имиттос","zone":"center","district":"Δάφνη-Υμηττός","centre":[37.94962,23.74596],"sale":2300,"sale_old":1900,"sale_renovated":2700,"sale_new":3250,"rent":11.5,"official":false,"pattern":"δαφνη|υμηττοσ|dafni\\ –\\ ymittos|daphne\\ –\\ umettos|daphne|hymettus"}},{"type":"Feature","geometry":{"type":"Polygon","coordinates":[[[23.7404228,37.941291],[23.7447897,37.942748],[23.7464294,37.9445435],[23.7470986,37.9463314],[23.7464337,37.9470335],[23.7511959,37.9492612],[23.7529483,37.9488008],[23.7538764,37.950047],[23.7553119,37.9490766],[23.7584886,37.9489989],[23.759568,37.9495943],[23.7635107,37.9488723],[23.7653375,37.9471767],[23.76516,37.9460093],[23.7661362,37.9458459],[23.7665856,37.9441539],[23.7709634,37.9405535],[23.7766821,37.9374791],[23.7815905,37.9360223],[23.7911272,37.9344824],[23.7907975,37.9301256],[23.8036711,37.9282002],[23.8032526,37.9250644],[23.8046475,37.9222035],[23.8068096,37.9203329],[23.8061269,37.9173797],[23.8010484,37.9175444],[23.791265,37.919595],[23.7895352,37.9215379],[23.7845883,37.9229149],[23.7699851,37.919379],[23.7669676,37.9167973],[23.7656254,37.916356],[23.7571916,37.9158133],[23.7561866,37.9177691],[23.755121,37.9182124],[23.7444002,37.9187662],[23.7444417,37.9334],[23.7414152,37.9383386],[23.7404228,37.941291]]]},"properties":{"id":"ilioupoli","gr":"Ηλιούπολη","ru":"Илиуполи","zone":"center","district":"Ηλιούπολη","centre":[37.93176,23.76768],"sale":2500,"sale_old":2050,"sale_renovated":2950,"sale_new":3550,"rent":11.9,"official":false,"pattern":"ηλιουπολη|ilioupoli|elioupole"}},{"type":"Feature","geometry":{"type":"Polygon","coordinates":[[[23.7143146,37.9248611],[23.7168661,37.9273869],[23.7145802,37.928104],[23.7144848,37.9286935],[23.7159513,37.9309119],[23.7162893,37.9330896],[23.7176712,37.9344702],[23.7173994,37.9357137],[23.7183997,37.9358395],[23.7187918,37.9368113],[23.7199287,37.9366779],[23.7203852,37.9380554],[23.7242224,37.9410005],[23.7263201,37.9414326],[23.7281038,37.9426652],[23.7297026,37.9454005],[23.7309258,37.9462128],[23.7347093,37.9469867],[23.7369047,37.9494748],[23.7383275,37.949812],[23.7387459,37.9476569],[23.7416726,37.947395],[23.7425611,37.9419301],[23.7404228,37.941291],[23.7414152,37.9383386],[23.7443173,37.9339205],[23.744381,37.9275858],[23.7393666,37.9281876],[23.7359696,37.9260808],[23.7359391,37.9238395],[23.7346015,37.9213506],[23.731046,37.9184338],[23.7284732,37.9184279],[23.7189111,37.9214024],[23.7186019,37.9219046],[23.7240883,37.925047],[23.7228204,37.9266409],[23.7200201,37.9252813],[23.718274,37.9256875],[23.7162777,37.9244781],[23.7143146,37.9248611]]]},"properties":{"id":"agdimitrios","gr":"Άγιος Δημήτριος","ru":"Агиос Димитриос","zone":"south","district":"Άγιος Δημήτριος","centre":[37.9342,23.73077],"sale":2600,"sale_old":2150,"sale_renovated":3050,"sale_new":3700,"rent":11.7,"official":false,"pattern":"αγιοσ\\ δημητριοσ|agios\\ dimitrios|agios\\ demetrios"}},{"type":"Feature","geometry":{"type":"Polygon","coordinates":[[[23.7193719,38.0178804],[23.7199504,38.0192461],[23.7218863,38.0196686],[23.7237435,38.0219311],[23.7291561,38.0317393],[23.730425,38.0352972],[23.7337109,38.0394317],[23.7344391,38.0437423],[23.733635,38.0440335],[23.7341107,38.0450548],[23.7335916,38.0452056],[23.7345343,38.0473868],[23.7346805,38.0501941],[23.7365973,38.0510832],[23.7371675,38.0498653],[23.7374534,38.0508916],[23.7398907,38.0528546],[23.7416688,38.0529534],[23.7415801,38.0550518],[23.7432725,38.0553355],[23.744234,38.0571703],[23.746557,38.0591014],[23.7452874,38.0551032],[23.7467429,38.0547456],[23.7496942,38.0508174],[23.7491332,38.0503035],[23.7500856,38.0483819],[23.7474295,38.0440366],[23.7466137,38.0408567],[23.7472088,38.0401616],[23.745449,38.037851],[23.7446455,38.0380195],[23.7437885,38.0373309],[23.7463985,38.0351429],[23.742282,38.0334733],[23.7414402,38.0326066],[23.74001,38.032676],[23.7371517,38.0294894],[23.7363386,38.0274942],[23.7336653,38.0271099],[23.7302464,38.0254027],[23.7255071,38.0203185],[23.7239891,38.0199915],[23.719891,38.0164081],[23.7193719,38.0178804]]]},"properties":{"id":"nfiladelfeia","gr":"Νέα Φιλαδέλφεια - Νέα Χαλκηδόνα","ru":"Неа Филадельфия - Неа Халкидона","zone":"center","district":"Φιλαδέλφεια-Χαλκηδόνα","centre":[38.03759,23.73818],"sale":1900,"sale_old":1550,"sale_renovated":2250,"sale_new":2700,"rent":10.8,"official":false,"pattern":"νεα\\ φιλαδελφεια|νεα\\ χαλκηδονα|nea\\ filadelfeia\\ –\\ nea\\ chalkidona|nea\\ philadelpheia\\ –\\ nea\\ khalkedona|nea\\ filadelfia"}},{"type":"Feature","geometry":{"type":"Polygon","coordinates":[[[23.6811579,37.9397055],[23.6843004,37.9470007],[23.6869051,37.9510106],[23.6903285,37.9544818],[23.6959709,37.9582318],[23.6941316,37.9613865],[23.6962904,37.9621046],[23.697171,37.9603765],[23.7036727,37.9624499],[23.7062921,37.964505],[23.7084173,37.9633809],[23.7146495,37.9639398],[23.716012,37.963459],[23.7202631,37.9594807],[23.6888785,37.9353105],[23.6879017,37.9361347],[23.6889084,37.9381984],[23.6876725,37.9363796],[23.686631,37.9371821],[23.6874166,37.9369253],[23.6881813,37.9380667],[23.686711,37.9390701],[23.6859433,37.9389345],[23.684937,37.9378493],[23.6864477,37.936391],[23.6811579,37.9397055]]]},"properties":{"id":"kallithea","gr":"Καλλιθέα","ru":"Каллифея","zone":"south","district":"Καλλιθέα","centre":[37.94901,23.69613],"sale":2500,"sale_old":2050,"sale_renovated":2950,"sale_new":3550,"rent":12.6,"official":false,"pattern":"καλλιθεα|kallithea"}},{"type":"Feature","geometry":{"type":"Polygon","coordinates":[[[23.6994992,37.9433494],[23.714865,37.9552878],[23.7229404,37.9488434],[23.7245433,37.9499572],[23.7261276,37.9487203],[23.7268742,37.9489372],[23.7287696,37.9442482],[23.7281038,37.9426652],[23.7263201,37.9414326],[23.7242224,37.9410005],[23.7203852,37.9380554],[23.7199287,37.9366779],[23.7187918,37.9368113],[23.7183997,37.9358395],[23.7173994,37.9357137],[23.7177202,37.9346105],[23.7162893,37.9330896],[23.7159513,37.9309119],[23.7140086,37.9314636],[23.7132452,37.9303813],[23.7102858,37.9313561],[23.7107281,37.9327917],[23.7062754,37.9366286],[23.7077879,37.9400054],[23.7012237,37.9420268],[23.6994992,37.9433494]]]},"properties":{"id":"nsmyrni","gr":"Νέα Σμύρνη","ru":"Неа Смирни","zone":"south","district":"Νέα Σμύρνη","centre":[37.94301,23.7141],"sale":3000,"sale_old":2450,"sale_renovated":3550,"sale_new":4250,"rent":14.0,"official":false,"pattern":"νεα\\ σμυρνη|nea\\ smyrni|nea\\ smurne"}},{"type":"Feature","geometry":{"type":"MultiPolygon","coordinates":[[[[23.6785538,37.9346897],[23.6796485,37.9343474],[23.6796718,37.9323101],[23.6810025,37.929682],[23.6841606,37.928389],[23.6852709,37.9300735],[23.6829092,37.9311669],[23.6852189,37.9304155],[23.6854874,37.9308834],[23.683979,37.9314764],[23.6849078,37.9317237],[23.6836836,37.9322407],[23.6852801,37.9316567],[23.6853448,37.9326578],[23.6827841,37.9337196],[23.6818073,37.9333974],[23.6825192,37.9318647],[23.6817475,37.933372],[23.6811531,37.9333147],[23.6827347,37.9338325],[23.6821194,37.9349882],[23.6807533,37.9345389],[23.6815592,37.9348754],[23.6811979,37.9355757],[23.6803833,37.9353005],[23.6805492,37.9348753],[23.6793092,37.9357866],[23.6818767,37.9355476],[23.6829077,37.9338899],[23.6845757,37.9332554],[23.6851506,37.9341195],[23.6844572,37.9344297],[23.6854523,37.9346236],[23.6848898,37.93567],[23.6863096,37.9343599],[23.6875923,37.9356803],[23.686389,37.9343523],[23.6880736,37.9344273],[23.6994992,37.9433494],[23.7012237,37.9420268],[23.7077879,37.9400054],[23.7062754,37.9366286],[23.7107281,37.9327917],[23.7102858,37.9313561],[23.7132452,37.9303813],[23.7140086,37.9314636],[23.7159513,37.9309119],[23.7145802,37.928104],[23.7168661,37.9273869],[23.7143146,37.9248611],[23.7162777,37.9244781],[23.718274,37.9256875],[23.7200201,37.9252813],[23.7228204,37.9266409],[23.7241038,37.925084],[23.7192604,37.9220141],[23.7114265,37.9194343],[23.7074103,37.9205015],[23.7057885,37.9225863],[23.7034999,37.9208743],[23.702277,37.9182556],[23.7000369,37.9172443],[23.7002974,37.9182012],[23.6994428,37.919281],[23.6933334,37.9223561],[23.690037,37.9260409],[23.6808193,37.9293804],[23.6794415,37.9319722],[23.6791811,37.9344144],[23.6785538,37.9346897]]],[[[23.6919032,37.9233913],[23.6919339,37.923399],[23.6919097,37.9233123],[23.6919032,37.9233913]]],[[[23.691742,37.9235925],[23.6917717,37.9235925],[23.6917449,37.9235683],[23.691742,37.9235925]]],[[[23.6916806,37.9236964],[23.6917036,37.9237062],[23.6916812,37.9236818],[23.6916806,37.9236964]]],[[[23.6914516,37.923911],[23.6914711,37.9239076],[23.6914419,37.9238552],[23.6914516,37.923911]]]]},"properties":{"id":"pfaliro","gr":"Παλαιό Φάληρο","ru":"Палео Фалиро","zone":"south","district":"Παλαιό Φάληρο","centre":[37.93023,23.70028],"sale":3500,"sale_old":2850,"sale_renovated":4150,"sale_new":4950,"rent":14.2,"official":false,"pattern":"παλαιο\\ φαληρο|palaio\\ faliro|palaio\\ phalero|paleo\\ faliro"}},{"type":"Feature","geometry":{"type":"MultiPolygon","coordinates":[[[[23.6694517,37.9372481],[23.6721179,37.942369],[23.6697511,37.9386966],[23.6722849,37.9433117],[23.672776,37.9520196],[23.6747285,37.9573866],[23.6803259,37.9575554],[23.6810324,37.9589804],[23.6844624,37.9624282],[23.6895187,37.9605461],[23.6910969,37.962443],[23.6863028,37.9640499],[23.6890929,37.9671941],[23.6844564,37.9690299],[23.6872131,37.973008],[23.6848454,37.973286],[23.6832739,37.974207],[23.6870046,37.9784388],[23.6910948,37.9778319],[23.6963029,37.97572],[23.7043429,37.97529],[23.7037746,37.9737878],[23.7056803,37.9721976],[23.702276,37.9699523],[23.699466,37.9688561],[23.7062921,37.964505],[23.7036727,37.9624499],[23.697171,37.9603765],[23.6962904,37.9621046],[23.6941316,37.9613865],[23.6959709,37.9582318],[23.6903285,37.9544818],[23.6869051,37.9510106],[23.6806046,37.9399242],[23.6726104,37.9414902],[23.6739134,37.9415118],[23.6732751,37.9425119],[23.6720176,37.9416182],[23.6694517,37.9372481]]],[[[23.6796602,37.9398074],[23.6818113,37.9388439],[23.6816035,37.9388386],[23.6796602,37.9398074]]]]},"properties":{"id":"moschato","gr":"Μοσχάτο - Ταύρος","ru":"Мосхато - Таврос","zone":"south","district":"Μοσχάτο-Ταύρος","centre":[37.95789,23.68798],"sale":2300,"sale_old":1900,"sale_renovated":2700,"sale_new":3250,"rent":11.7,"official":false,"pattern":"μοσχατο|ταυροσ|moschato\\ –\\ tavros|moskhato\\ –\\ tauros"}},{"type":"Feature","geometry":{"type":"Polygon","coordinates":[[[23.6980611,37.9147521],[23.7000369,37.9172443],[23.702277,37.9182556],[23.7034999,37.9208743],[23.7057885,37.9225863],[23.7074103,37.9205015],[23.7110297,37.9194187],[23.7186019,37.9219046],[23.7195441,37.9211143],[23.7284732,37.9184279],[23.731046,37.9184338],[23.7346015,37.9213506],[23.7359391,37.9238395],[23.7359696,37.9260808],[23.7393666,37.9281876],[23.744381,37.9275858],[23.744366,37.9163364],[23.7434956,37.916978],[23.7417451,37.9123316],[23.7379716,37.9132168],[23.7361061,37.912019],[23.7363834,37.9081634],[23.7379756,37.9086031],[23.7379954,37.9044625],[23.7400216,37.9035973],[23.7398642,37.9030234],[23.7351185,37.9025392],[23.7343356,37.9035584],[23.7322336,37.9030678],[23.7307094,37.9014073],[23.7283568,37.9014397],[23.7251918,37.9002245],[23.7228221,37.9009661],[23.7215673,37.9023434],[23.7203295,37.9021392],[23.7198129,37.901802],[23.7198121,37.9001159],[23.7206578,37.8970513],[23.7190047,37.8963435],[23.7171336,37.8939065],[23.7153739,37.8939924],[23.7152802,37.894577],[23.7156104,37.895144],[23.7163881,37.8953136],[23.7166389,37.8945453],[23.717122,37.8950709],[23.7174946,37.8970257],[23.7168845,37.898787],[23.7181868,37.8999943],[23.7177429,37.9014645],[23.7190827,37.9020313],[23.7178964,37.90474],[23.7148592,37.9042812],[23.7161597,37.9052863],[23.7159847,37.9059481],[23.712598,37.909122],[23.7115723,37.9092163],[23.7114301,37.9086208],[23.7084213,37.9106133],[23.7017999,37.9104005],[23.7006274,37.9110935],[23.7018337,37.9105287],[23.7066536,37.9107657],[23.7078376,37.9120814],[23.7079706,37.9114387],[23.708609,37.9119296],[23.7075069,37.9128373],[23.7060368,37.9117046],[23.7074582,37.9128757],[23.7070865,37.9131826],[23.7049279,37.9115628],[23.7070313,37.913227],[23.7066621,37.9135352],[23.7043754,37.91183],[23.7066034,37.9135813],[23.7062188,37.9138971],[23.704017,37.9122799],[23.7061712,37.9139374],[23.705798,37.9142447],[23.7043011,37.9131019],[23.7047305,37.9135001],[23.7038561,37.914215],[23.70487,37.9149937],[23.7036072,37.9160405],[23.7029121,37.9155],[23.7036469,37.9148244],[23.7023594,37.9158613],[23.7016773,37.9153272],[23.7030482,37.9143352],[23.7031682,37.9138628],[23.701617,37.915289],[23.7009448,37.9147652],[23.7031702,37.912843],[23.701363,37.9143313],[23.7007429,37.9138428],[23.7025947,37.9122453],[23.7006772,37.9137928],[23.6999885,37.9132886],[23.7022021,37.9112881],[23.6980611,37.9147521]]]},"properties":{"id":"alimos","gr":"Άλιμος","ru":"Алимос","zone":"south","district":"Άλιμος","centre":[37.91093,23.72149],"sale":3700,"sale_old":3050,"sale_renovated":4350,"sale_new":5250,"rent":15.3,"official":false,"pattern":"αλιμοσ|alimos"}},{"type":"Feature","geometry":{"type":"MultiPolygon","coordinates":[[[[23.7165899,37.8919539],[23.7173838,37.8912367],[23.7189281,37.8912517],[23.7186176,37.8918199],[23.7180822,37.8916424],[23.7183427,37.8921523],[23.7174195,37.8926336],[23.7178051,37.8928736],[23.7171255,37.893265],[23.7175112,37.893418],[23.7171336,37.8939065],[23.7190047,37.8963435],[23.7206578,37.8970513],[23.7198121,37.9001159],[23.7198129,37.901802],[23.7203295,37.9021392],[23.7215673,37.9023434],[23.7228221,37.9009661],[23.7251918,37.9002245],[23.7283568,37.9014397],[23.7307094,37.9014073],[23.7322336,37.9030678],[23.7343356,37.9035584],[23.7351185,37.9025392],[23.7398642,37.9030234],[23.7400216,37.9035973],[23.7379954,37.9044625],[23.7379756,37.9086031],[23.7363834,37.9081634],[23.7361061,37.912019],[23.7379716,37.9132168],[23.7417451,37.9123316],[23.7434956,37.916978],[23.744366,37.9163364],[23.7444002,37.9187662],[23.755121,37.9182124],[23.7550796,37.9178042],[23.7561866,37.9177691],[23.7571916,37.9158133],[23.7656254,37.916356],[23.7669676,37.9167973],[23.7699851,37.919379],[23.7845883,37.9229149],[23.7895352,37.9215379],[23.791265,37.919595],[23.8010484,37.9175444],[23.8061269,37.9173797],[23.8027636,37.9118021],[23.8003006,37.9122123],[23.7963194,37.9118801],[23.792054,37.9126401],[23.78066,37.9120815],[23.7754022,37.9107428],[23.7689177,37.9061393],[23.7632822,37.9042091],[23.7627422,37.9036063],[23.7621785,37.9001524],[23.7606702,37.8969215],[23.7597986,37.8962759],[23.7611437,37.8954902],[23.7606859,37.8924853],[23.7611614,37.889352],[23.7557212,37.8893588],[23.7535899,37.8883461],[23.7489675,37.8877208],[23.7464335,37.8867364],[23.7418445,37.8828498],[23.7400566,37.883665],[23.7384634,37.8835396],[23.7365225,37.8820956],[23.7367232,37.8793698],[23.7358502,37.8776809],[23.733167,37.8757286],[23.7269962,37.8728485],[23.7238268,37.8774308],[23.7232304,37.8810637],[23.7240864,37.8810683],[23.7241018,37.8791963],[23.7250051,37.8773739],[23.7261302,37.8778382],[23.7253705,37.8774399],[23.7263701,37.8759051],[23.7272122,37.8761642],[23.7264127,37.8758396],[23.7274147,37.8743011],[23.7298869,37.8755913],[23.7271664,37.8802855],[23.7256426,37.8798042],[23.7259105,37.8826253],[23.7246343,37.8846893],[23.7251871,37.8849655],[23.7248249,37.8855703],[23.7241935,37.8853331],[23.7241485,37.8864797],[23.7214479,37.8903509],[23.7204288,37.8903109],[23.7198966,37.8908615],[23.7188878,37.889986],[23.7181355,37.8911435],[23.7172759,37.8911253],[23.7165899,37.8919539]]],[[[23.7113055,37.8923323],[23.7113458,37.892306],[23.7113124,37.8922755],[23.7113055,37.8923323]]]]},"properties":{"id":"elliniko","gr":"Ελληνικό - Αργυρούπολη","ru":"Эллинико - Аргируполи","zone":"south","district":"Ελληνικό-Αργυρούπολη","centre":[37.89858,23.74084],"sale":3500,"sale_old":2850,"sale_renovated":4150,"sale_new":4950,"rent":14.0,"official":false,"pattern":"ελληνικο|αργυρουπολη|elliniko\\ –\\ argyroupoli|elleniko\\ –\\ arguroupole|hellinikon|ellinikon"}},{"type":"Feature","geometry":{"type":"Polygon","coordinates":[[[23.7269642,37.872757],[23.733167,37.8757286],[23.7358502,37.8776809],[23.7367232,37.8793698],[23.7365225,37.8820956],[23.7384634,37.8835396],[23.7400566,37.883665],[23.7418445,37.8828498],[23.7464335,37.8867364],[23.7489675,37.8877208],[23.7535899,37.8883461],[23.7557212,37.8893588],[23.7611614,37.889352],[23.7606859,37.8924853],[23.7611437,37.8954902],[23.7597986,37.8962759],[23.7606702,37.8969215],[23.7621785,37.9001524],[23.7627422,37.9036063],[23.7632822,37.9042091],[23.7689177,37.9061393],[23.7746572,37.9103765],[23.7768116,37.9112164],[23.7811321,37.9121331],[23.792054,37.9126401],[23.7963194,37.9118801],[23.8003006,37.9122123],[23.8027636,37.9118021],[23.8007658,37.9090181],[23.8027818,37.903194],[23.8041347,37.9005696],[23.8080829,37.89852],[23.8102785,37.8925991],[23.7920911,37.881951],[23.790843,37.87928],[23.7939145,37.8722879],[23.7903311,37.867833],[23.7888719,37.8648517],[23.7874986,37.8635981],[23.7847521,37.8623445],[23.7801202,37.8620045],[23.7797565,37.861326],[23.7789197,37.8616148],[23.7728468,37.853739],[23.7558006,37.8540327],[23.7486459,37.8533193],[23.7439396,37.8534847],[23.742916,37.8541412],[23.7432119,37.8561406],[23.7434641,37.8556675],[23.7452473,37.8563192],[23.7449853,37.8575751],[23.7455748,37.8561609],[23.7481591,37.8554511],[23.7500767,37.8571036],[23.7504441,37.8590422],[23.7496978,37.8595801],[23.7486605,37.8591161],[23.7495142,37.8596121],[23.7488145,37.8602835],[23.7480965,37.8590924],[23.7481131,37.8603336],[23.7462687,37.8610838],[23.7465733,37.8619616],[23.745932,37.8620722],[23.745538,37.8613273],[23.7461327,37.8605076],[23.7454006,37.8612208],[23.7455964,37.8622108],[23.7445372,37.8625515],[23.7440343,37.8620754],[23.7442323,37.8626855],[23.7436532,37.8631167],[23.7441656,37.8640615],[23.7426875,37.8643553],[23.742282,37.8639309],[23.7428489,37.8619488],[23.7438773,37.8613909],[23.742558,37.8612412],[23.7409906,37.8648578],[23.7396325,37.8660587],[23.7380117,37.8668099],[23.7359282,37.8662454],[23.7366214,37.8676972],[23.7363094,37.8684172],[23.7320922,37.8701533],[23.7322449,37.8715555],[23.7338427,37.870098],[23.7359385,37.8699592],[23.7355783,37.8707788],[23.7339785,37.8708359],[23.7355237,37.8708414],[23.7348953,37.8713854],[23.7338564,37.8717357],[23.7329845,37.8713116],[23.7333727,37.8726928],[23.7329891,37.8732187],[23.730668,37.8740033],[23.7285713,37.8728802],[23.7281558,37.8703502],[23.7274799,37.8706903],[23.7269642,37.872757]]]},"properties":{"id":"glyfada","gr":"Γλυφάδα","ru":"Глифада","zone":"south","district":"Γλυφάδα","centre":[37.88319,23.76823],"sale":4600,"sale_old":3750,"sale_renovated":5450,"sale_new":6550,"rent":16.5,"official":false,"pattern":"γλυφαδα|glyfada|gluphada"}},{"type":"Feature","geometry":{"type":"MultiPolygon","coordinates":[[[[23.7395937,37.8487067],[23.7418595,37.8499784],[23.7418461,37.8512502],[23.7436634,37.8534482],[23.7486459,37.8533193],[23.7558006,37.8540327],[23.7728468,37.853739],[23.7789197,37.8616148],[23.7797565,37.861326],[23.7801202,37.8620045],[23.7844087,37.8622429],[23.7874986,37.8635981],[23.7888719,37.8648517],[23.7903311,37.867833],[23.7935926,37.8720517],[23.7940432,37.8719492],[23.7970013,37.8750951],[23.7989946,37.8751905],[23.801592,37.8730925],[23.8053371,37.8662737],[23.8047935,37.863174],[23.8052767,37.8613141],[23.8115588,37.8589773],[23.8158476,37.8560204],[23.8163308,37.8541127],[23.8118608,37.8521572],[23.811136,37.8488661],[23.8140958,37.8448594],[23.8199551,37.8425221],[23.8272037,37.8449548],[23.8282909,37.8465289],[23.8344522,37.8486753],[23.8388014,37.8484846],[23.8424257,37.8422359],[23.8340898,37.833983],[23.8303447,37.8311205],[23.8274453,37.826922],[23.8258748,37.8207192],[23.8256935,37.8170927],[23.8258748,37.8128457],[23.827098,37.8100338],[23.8226691,37.812674],[23.8222246,37.8138117],[23.8216118,37.8137356],[23.8199944,37.8155602],[23.8185379,37.8183238],[23.8174514,37.8193793],[23.8168514,37.8188692],[23.8152533,37.820686],[23.8041898,37.8191944],[23.8035203,37.8180282],[23.8028382,37.8179151],[23.8023641,37.8168861],[23.8028463,37.8166695],[23.8020446,37.8167409],[23.8017233,37.8159629],[23.8029167,37.8157149],[23.8039449,37.8166059],[23.8029839,37.815508],[23.8016148,37.8156279],[23.8010913,37.8146515],[23.8012983,37.8123552],[23.8005175,37.8120589],[23.8003831,37.8105787],[23.8017646,37.8080277],[23.8014365,37.8073266],[23.8000712,37.8076213],[23.8006553,37.8056824],[23.799231,37.8053186],[23.7992357,37.804287],[23.7983157,37.8040372],[23.7985218,37.8013283],[23.7967736,37.7996764],[23.7952373,37.8006186],[23.7946034,37.8000128],[23.792984,37.8001498],[23.79191,37.8010637],[23.7920715,37.7997727],[23.7914703,37.799025],[23.7898026,37.7992953],[23.7889676,37.8006805],[23.7889065,37.7986787],[23.7898249,37.7978987],[23.7885632,37.7974036],[23.7888514,37.7962989],[23.7865615,37.7974336],[23.7855484,37.7993447],[23.7855141,37.8011826],[23.7869414,37.8019557],[23.786667,37.8026297],[23.7859721,37.80206],[23.7847673,37.8026949],[23.7840122,37.8077622],[23.7831841,37.8074146],[23.7828447,37.8084049],[23.7817686,37.8085208],[23.7813899,37.8100544],[23.7819873,37.8103815],[23.781573,37.8111777],[23.7820178,37.8118874],[23.7811899,37.8125187],[23.7806243,37.8119619],[23.7809727,37.8125461],[23.7803185,37.8128036],[23.7773842,37.8127861],[23.7746248,37.8113313],[23.7745647,37.8098666],[23.7754477,37.8093573],[23.7757663,37.8099209],[23.7763772,37.8078852],[23.774168,37.806557],[23.774114,37.8055223],[23.7730843,37.8042794],[23.7752331,37.8050314],[23.7739674,37.8038551],[23.7730104,37.804178],[23.7721871,37.8026522],[23.7737842,37.8021154],[23.7753925,37.8037274],[23.7750925,37.8039988],[23.7756278,37.8036453],[23.7771979,37.8045989],[23.7741608,37.8018566],[23.7720778,37.8015011],[23.7724319,37.8010269],[23.7729086,37.8014147],[23.7724513,37.800808],[23.773593,37.8002638],[23.7735075,37.7993287],[23.774742,37.7986881],[23.774683,37.797734],[23.7750946,37.7976266],[23.7742981,37.7971166],[23.7744254,37.7975711],[23.7736781,37.7975056],[23.7737609,37.798153],[23.7701427,37.7976979],[23.7714415,37.7987819],[23.7711941,37.7998268],[23.7690174,37.80039],[23.7685473,37.8010109],[23.7691274,37.8004335],[23.7696203,37.8003995],[23.7695633,37.8008229],[23.7674021,37.8018931],[23.7670843,37.8030407],[23.7655815,37.8041046],[23.7681793,37.8056156],[23.7687559,37.805693],[23.7687955,37.8051918],[23.7727043,37.806275],[23.7718656,37.8067101],[23.7715903,37.8063706],[23.7716109,37.8070888],[23.7734839,37.8077746],[23.7732504,37.8099906],[23.772949,37.8106995],[23.7713681,37.8110077],[23.7707348,37.8117107],[23.7709151,37.8127194],[23.7691909,37.813896],[23.7674713,37.8133796],[23.7663655,37.8138256],[23.765093,37.8133631],[23.7621775,37.8138195],[23.7572214,37.8131376],[23.7559547,37.8135822],[23.7583473,37.8150773],[23.7576284,37.8156842],[23.7581686,37.8165886],[23.7600924,37.8173435],[23.7614665,37.8169185],[23.7668088,37.8171475],[23.7687678,37.819538],[23.7693186,37.8214455],[23.768841,37.8236978],[23.7701609,37.8258149],[23.7698126,37.8283267],[23.7703045,37.8301429],[23.7697513,37.8301882],[23.7702,37.8308322],[23.7697321,37.8326307],[23.7690104,37.8324925],[23.7683089,37.8335377],[23.7687024,37.8332067],[23.7692193,37.8338348],[23.7684642,37.8352175],[23.7676017,37.8358343],[23.7670592,37.8353189],[23.7661428,37.8357789],[23.7604427,37.8397317],[23.76127,37.8378522],[23.7596489,37.8396441],[23.7597826,37.8408061],[23.7561333,37.8425676],[23.7527872,37.847643],[23.7499104,37.8498748],[23.7454553,37.8505606],[23.7410118,37.848345],[23.7395937,37.8487067]]],[[[23.8230488,37.7909174],[23.8241315,37.7918751],[23.8237653,37.7905684],[23.8250583,37.7899597],[23.824794,37.7895959],[23.8236883,37.7899438],[23.8230488,37.7909174]]],[[[23.8093839,37.7975825],[23.8097104,37.7979756],[23.8106116,37.7973774],[23.8097931,37.7972245],[23.8093839,37.7975825]]],[[[23.8077421,37.7946389],[23.808113,37.7949344],[23.8086269,37.7947138],[23.8082132,37.7945707],[23.8077421,37.7946389]]],[[[23.7691878,37.8323084],[23.7694024,37.8319748],[23.769224,37.8319037],[23.7691878,37.8323084]]],[[[23.7684245,37.7943193],[23.7689085,37.794151],[23.7691309,37.7938521],[23.7687471,37.793918],[23.7684245,37.7943193]]],[[[23.7520206,37.7702356],[23.7548543,37.7706162],[23.7559357,37.7703448],[23.7556606,37.7696892],[23.7563097,37.7694921],[23.759436,37.7695166],[23.7585987,37.7718902],[23.7551926,37.7726982],[23.7569147,37.775823],[23.7617776,37.776024],[23.76236,37.7770166],[23.7645426,37.7762785],[23.7669564,37.7773802],[23.767385,37.7770348],[23.7663872,37.7758439],[23.7680916,37.7755969],[23.7690221,37.7747961],[23.7680979,37.77352],[23.7644784,37.7733999],[23.7670823,37.771969],[23.7668612,37.770891],[23.7681007,37.7697005],[23.7659582,37.7673582],[23.7674004,37.767001],[23.7684299,37.7660089],[23.7666608,37.7658044],[23.7660617,37.76651],[23.7632292,37.7635618],[23.7617611,37.7647834],[23.7592334,37.7637259],[23.7602512,37.7634765],[23.7571932,37.763224],[23.75675,37.7647914],[23.7573541,37.7653799],[23.75687,37.76634],[23.7566352,37.7658033],[23.7547577,37.7655147],[23.7552378,37.7656923],[23.753771,37.7671252],[23.7539185,37.7677748],[23.7559357,37.7684247],[23.7520206,37.7702356]]],[[[23.7663817,37.7794913],[23.7672723,37.7804489],[23.7680121,37.778893],[23.7665307,37.7788375],[23.7663817,37.7794913]]],[[[23.7630395,37.762675],[23.7637774,37.7630636],[23.7640824,37.7627897],[23.7638672,37.7623673],[23.7630395,37.762675]]],[[[23.7613361,37.8182991],[23.761438,37.8176443],[23.7607862,37.8177778],[23.7613361,37.8182991]]],[[[23.7523556,37.813791],[23.753061,37.8145009],[23.7536404,37.8141301],[23.7533051,37.8136596],[23.7523556,37.813791]]],[[[23.7434796,37.8357839],[23.7454291,37.836247],[23.7457785,37.8367858],[23.746703,37.8363943],[23.7478228,37.8367048],[23.7486869,37.8358159],[23.7442106,37.8343992],[23.7434796,37.8357839]]],[[[23.7459999,37.8373061],[23.745652,37.8378214],[23.7461762,37.8378302],[23.7459999,37.8373061]]],[[[23.7419118,37.8357514],[23.7425563,37.8360566],[23.7428689,37.8356704],[23.742295,37.8353411],[23.7419118,37.8357514]]],[[[23.7329595,37.8398456],[23.7329971,37.839763],[23.7329515,37.8397503],[23.7329595,37.8398456]]],[[[23.7323748,37.8393309],[23.7324821,37.8393161],[23.7323962,37.8392652],[23.7323748,37.8393309]]]]},"properties":{"id":"vvv","gr":"Βάρη - Βούλα - Βουλιαγμένη","ru":"Вари - Вула - Вульягмени","zone":"south","district":"Βάρη-Βούλα-Βουλιαγμένη","centre":[37.83555,23.80184],"sale":4800,"sale_old":3950,"sale_renovated":5650,"sale_new":6800,"rent":16.8,"official":false,"pattern":"βαρη|βουλα|βουλιαγμενη|vari\\ –\\ voula\\ –\\ vouliagmeni|bare\\ –\\ boula\\ –\\ bouliagmene|voula|vouliagmeni|vari"}},{"type":"Feature","geometry":{"type":"Polygon","coordinates":[[[23.7677541,38.0814312],[23.7697497,38.0818377],[23.7699271,38.0837326],[23.7717939,38.0852864],[23.7717939,38.0870767],[23.7731266,38.0879716],[23.7744945,38.0881236],[23.7756241,38.0894073],[23.7783385,38.0898126],[23.7794114,38.0908259],[23.7811602,38.0911045],[23.7811451,38.0921683],[23.7820315,38.0926602],[23.7821781,38.0941375],[23.7840878,38.095632],[23.7850115,38.0972978],[23.78534,38.0995035],[23.786712,38.0994803],[23.7873172,38.1004361],[23.7890156,38.1001684],[23.7900563,38.1008692],[23.7923812,38.1006978],[23.7943697,38.1023656],[23.7962589,38.1018559],[23.7982727,38.1033562],[23.7997766,38.1033598],[23.802212,38.1045586],[23.803271,38.1057633],[23.804744,38.1047866],[23.8074123,38.1041002],[23.8095818,38.1073318],[23.8109511,38.1068823],[23.8132488,38.108068],[23.8148903,38.1096551],[23.8164782,38.1099168],[23.8165211,38.1113181],[23.8179298,38.1116077],[23.8182377,38.1122129],[23.8200541,38.1121901],[23.8206549,38.113431],[23.8235655,38.1148449],[23.8231646,38.1158705],[23.8242361,38.1159549],[23.8253541,38.1173814],[23.8279054,38.118293],[23.8292809,38.1195845],[23.8307753,38.119768],[23.8326315,38.1213254],[23.8443359,38.1154581],[23.850418,38.118617],[23.8527938,38.1205796],[23.8573791,38.1225421],[23.8580681,38.1221309],[23.8553121,38.1174021],[23.8578305,38.1155329],[23.8588283,38.1128225],[23.8451199,38.1031203],[23.8451183,38.1006549],[23.8693356,38.0876654],[23.8793573,38.0834709],[23.8841205,38.0804641],[23.8844978,38.0794617],[23.8783669,38.0777541],[23.8755608,38.0752853],[23.8694771,38.0728164],[23.8661287,38.0701433],[23.8612711,38.0684911],[23.8511315,38.0682683],[23.8476888,38.0657621],[23.8433029,38.0679713],[23.8413787,38.0669661],[23.839949,38.0674233],[23.8356211,38.0665591],[23.8360284,38.0650302],[23.8308966,38.0604788],[23.8255775,38.0624617],[23.825027,38.0613396],[23.8156725,38.0663406],[23.814161,38.0655065],[23.812313,38.0656654],[23.8115382,38.0651494],[23.8096952,38.0656415],[23.8093499,38.0641982],[23.803888,38.0651959],[23.8041306,38.0660316],[23.8020132,38.066452],[23.802014,38.0682104],[23.8008305,38.068092],[23.8006365,38.069003],[23.79854,38.0691089],[23.7974939,38.0685577],[23.7920153,38.069088],[23.7921413,38.0702517],[23.7911054,38.0705613],[23.792442,38.0742932],[23.7937903,38.0747152],[23.7943922,38.0764429],[23.7941928,38.0783304],[23.7919141,38.0771193],[23.7896378,38.0768829],[23.7804235,38.0787489],[23.7780367,38.0798999],[23.7764106,38.0789502],[23.7701945,38.0781089],[23.7683913,38.0784289],[23.7678105,38.0792714],[23.7683603,38.079985],[23.7677541,38.0814312]]]},"properties":{"id":"kifisia","gr":"Κηφισιά","ru":"Кифисия","zone":"north","district":"Κηφισιά","centre":[38.09164,23.82154],"sale":4300,"sale_old":3550,"sale_renovated":5050,"sale_new":6100,"rent":14.6,"official":false,"pattern":"κηφισια|kifisia|kephisia|kifissia|kiphisia"}},{"type":"Feature","geometry":{"type":"Polygon","coordinates":[[[23.7759271,38.0410551],[23.7788572,38.0427736],[23.7799903,38.045068],[23.7790346,38.045198],[23.7800896,38.0473278],[23.7813597,38.0476152],[23.7820095,38.0489398],[23.7834963,38.0485096],[23.7845664,38.050108],[23.7854774,38.049534],[23.7866629,38.051132],[23.7930647,38.0500097],[23.7944161,38.0558739],[23.7951125,38.057202],[23.7959379,38.0569733],[23.7966232,38.0585621],[23.7969634,38.0583115],[23.7978461,38.0606742],[23.7990624,38.061734],[23.8000947,38.0616037],[23.8005743,38.0644369],[23.8012905,38.0642348],[23.8012324,38.0660735],[23.8007601,38.0661738],[23.8013462,38.0671749],[23.8020834,38.0669516],[23.8020132,38.066452],[23.8041306,38.0660316],[23.803888,38.0651959],[23.8094393,38.0641892],[23.8096952,38.0656415],[23.8115382,38.0651494],[23.812313,38.0656654],[23.814161,38.0655065],[23.8156725,38.0663406],[23.825027,38.0613396],[23.8255775,38.0624617],[23.8308966,38.0604788],[23.8310437,38.0559756],[23.8283569,38.0546793],[23.8266124,38.0527322],[23.8312303,38.0513951],[23.8283004,38.0489368],[23.8291418,38.048394],[23.8284256,38.047498],[23.8314544,38.0454063],[23.8304401,38.0444437],[23.828849,38.0451926],[23.829496,38.0428048],[23.8246594,38.0409288],[23.8237905,38.038423],[23.8231232,38.0379533],[23.8227607,38.0352797],[23.8208256,38.0341202],[23.8213876,38.0333748],[23.8210905,38.0329155],[23.8202361,38.0335336],[23.8181749,38.0324115],[23.8147317,38.0318437],[23.8133844,38.0308319],[23.8104828,38.0319429],[23.8100342,38.0313059],[23.8074457,38.0317575],[23.8069256,38.0309966],[23.8037203,38.0324144],[23.802387,38.0305381],[23.8022069,38.0314632],[23.79972,38.0324975],[23.799207,38.0318256],[23.7982723,38.0322113],[23.797854,38.0316345],[23.7972981,38.0319381],[23.7975933,38.0325112],[23.7953686,38.0335861],[23.7899071,38.0273128],[23.789437,38.0238491],[23.7817319,38.0286893],[23.780119,38.0373906],[23.7759271,38.0410551]]]},"properties":{"id":"marousi","gr":"Μαρούσι","ru":"Мароуси","zone":"north","district":"Αμαρούσιο","centre":[38.04637,23.80484],"sale":3400,"sale_old":2800,"sale_renovated":4000,"sale_new":4850,"rent":14.1,"official":false,"pattern":"μαρουσι|marousi|maroussi"}},{"type":"Feature","geometry":{"type":"Polygon","coordinates":[[[23.7800697,38.0099967],[23.7882203,38.0191675],[23.7893038,38.0218842],[23.7897734,38.0270719],[23.7953686,38.0335861],[23.7975933,38.0325112],[23.7972981,38.0319381],[23.797854,38.0316345],[23.7982723,38.0322113],[23.799207,38.0318256],[23.79972,38.0324975],[23.8022069,38.0314632],[23.802387,38.0305381],[23.8037203,38.0324144],[23.8069256,38.0309966],[23.8074457,38.0317575],[23.8100342,38.0313059],[23.8104828,38.0319429],[23.8133844,38.0308319],[23.8147317,38.0318437],[23.8181749,38.0324115],[23.8202361,38.0335336],[23.8210905,38.0329155],[23.8210513,38.0342985],[23.822054,38.0334274],[23.8235733,38.0346891],[23.8260957,38.0327867],[23.8245299,38.0318131],[23.8271909,38.0292358],[23.8304434,38.0269027],[23.8337245,38.0255141],[23.8360246,38.0279489],[23.8404212,38.0343203],[23.8408677,38.0346907],[23.842088,38.0337401],[23.844538,38.0355146],[23.8449645,38.0366923],[23.8446044,38.0368745],[23.8467901,38.0382644],[23.8471039,38.0402647],[23.8495433,38.0439629],[23.8522669,38.0464033],[23.8544325,38.0459073],[23.8541017,38.0441773],[23.855593,38.0441857],[23.8551599,38.0428977],[23.8571769,38.0420866],[23.8575417,38.0409205],[23.8546738,38.0369481],[23.8414136,38.0227316],[23.8399133,38.0229589],[23.8392984,38.0220105],[23.839872,38.0217459],[23.8385134,38.0213997],[23.8388437,38.0209044],[23.8378738,38.0194258],[23.8334059,38.0234919],[23.8225919,38.0211806],[23.8191346,38.0196506],[23.8115313,38.0113947],[23.7959316,38.005715],[23.7923604,38.0031539],[23.7861064,38.0085995],[23.7829676,38.0098237],[23.7800697,38.0099967]]]},"properties":{"id":"chalandri","gr":"Χαλάνδρι","ru":"Халандри","zone":"north","district":"Χαλάνδρι","centre":[38.0245,23.8163],"sale":3300,"sale_old":2700,"sale_renovated":3900,"sale_new":4700,"rent":13.0,"official":false,"pattern":"χαλανδρι|chalandri|khalandri|halandri"}},{"type":"Feature","geometry":{"type":"Polygon","coordinates":[[[23.7611151,38.0057135],[23.7637737,38.0101989],[23.7624953,38.012952],[23.7623249,38.0170478],[23.7670123,38.0227771],[23.7685179,38.0273199],[23.7727149,38.0330331],[23.7733766,38.0333692],[23.789437,38.0238491],[23.7891699,38.021346],[23.7880656,38.0189317],[23.7800697,38.0099967],[23.7829676,38.0098237],[23.7861064,38.0085995],[23.7923604,38.0031539],[23.7914263,38.0024873],[23.7872491,38.0009259],[23.7823471,38.0033934],[23.7783832,37.9982223],[23.7749106,38.0006714],[23.7714221,37.9999607],[23.7692828,37.998108],[23.7613543,38.0044237],[23.7611151,38.0057135]]]},"properties":{"id":"filothei","gr":"Φιλοθέη - Ψυχικό","ru":"Филотеи - Психико","zone":"north","district":"Φιλοθέη-Ψυχικό","centre":[38.015,23.77348],"sale":4300,"sale_old":3550,"sale_renovated":5050,"sale_new":6100,"rent":15.9,"official":false,"pattern":"φιλοθεη|ψυχικο|filothei\\ –\\ psychiko|philothee\\ –\\ psukhiko|psychico"}},{"type":"Feature","geometry":{"type":"Polygon","coordinates":[[[23.8210513,38.0342985],[23.8227607,38.0352797],[23.8231232,38.0379533],[23.8237905,38.038423],[23.8246594,38.0409288],[23.8304553,38.0434225],[23.8314545,38.0434018],[23.8320747,38.0442956],[23.834331,38.0428579],[23.8473449,38.0522636],[23.8504346,38.0523615],[23.8501291,38.0508557],[23.8505658,38.0491211],[23.8544546,38.04846],[23.8495433,38.0439629],[23.8471039,38.0402647],[23.8467901,38.0382644],[23.8446044,38.0368745],[23.8449645,38.0366923],[23.844538,38.0355146],[23.842088,38.0337401],[23.8408677,38.0346907],[23.8404212,38.0343203],[23.8337804,38.0255327],[23.8304434,38.0269027],[23.8271909,38.0292358],[23.8245299,38.0318131],[23.8260957,38.0327867],[23.8235733,38.0346891],[23.822054,38.0334274],[23.8210513,38.0342985]]]},"properties":{"id":"vrilissia","gr":"Βριλήσσια","ru":"Врилисия","zone":"north","district":"Βριλήσσια","centre":[38.03934,23.83553],"sale":3400,"sale_old":2800,"sale_renovated":4000,"sale_new":4850,"rent":13.9,"official":false,"pattern":"βριλησσια|vrilissia|brilessia"}},{"type":"Feature","geometry":{"type":"Polygon","coordinates":[[[23.7728173,38.0694371],[23.7782924,38.0732414],[23.7782799,38.0738612],[23.7773055,38.0745383],[23.7779437,38.0749694],[23.780107,38.0736695],[23.7846528,38.0768753],[23.7847183,38.0780263],[23.7896378,38.0768829],[23.7919141,38.0771193],[23.7941928,38.0783304],[23.7943922,38.0764429],[23.7937903,38.0747152],[23.792442,38.0742932],[23.7911054,38.0705613],[23.7921413,38.0702517],[23.7920153,38.069088],[23.7974939,38.0685577],[23.79854,38.0691089],[23.8006365,38.069003],[23.8008305,38.068092],[23.802014,38.0682104],[23.8021523,38.0674048],[23.8020834,38.0669516],[23.8013462,38.0671749],[23.8007601,38.0661738],[23.8012324,38.0660735],[23.8012905,38.0642348],[23.8005743,38.0644369],[23.8000947,38.0616037],[23.7990624,38.061734],[23.7978461,38.0606742],[23.7969634,38.0583115],[23.7966232,38.0585621],[23.7959379,38.0569733],[23.7951125,38.057202],[23.7947348,38.0565199],[23.7930647,38.0500097],[23.7866629,38.051132],[23.7854774,38.049534],[23.7845664,38.050108],[23.785089,38.0518964],[23.7841521,38.0521179],[23.784823,38.0535895],[23.7844247,38.053788],[23.7874156,38.0582682],[23.7856955,38.0586494],[23.7864681,38.0599689],[23.7841763,38.0609962],[23.7822377,38.0628173],[23.7770905,38.0640486],[23.7752617,38.0654616],[23.7749127,38.0649978],[23.774037,38.0652676],[23.7745529,38.066577],[23.7744252,38.0687481],[23.7728344,38.0686646],[23.7728173,38.0694371]]]},"properties":{"id":"lykovrysi","gr":"Λυκόβρυση - Πεύκη","ru":"Ликовриси - Певки","zone":"north","district":"Λυκόβρυση-Πεύκη","centre":[38.06343,23.79003],"sale":2400,"sale_old":1950,"sale_renovated":2850,"sale_new":3400,"rent":11.4,"official":false,"pattern":"λυκοβρυση|πευκη|lykovrysi\\ –\\ pefki|lukobruse\\ –\\ peuke"}},{"type":"Feature","geometry":{"type":"Polygon","coordinates":[[[23.7513244,38.050371],[23.7527915,38.0508865],[23.7538385,38.0504329],[23.7554793,38.0528143],[23.7566129,38.053162],[23.7592949,38.0522052],[23.7615169,38.0552538],[23.7653476,38.0528144],[23.7683983,38.0563403],[23.7710056,38.0607503],[23.7718836,38.0611225],[23.770755,38.0618977],[23.7697086,38.0618927],[23.774037,38.0652676],[23.7749127,38.0649978],[23.7752617,38.0654616],[23.7770905,38.0640486],[23.7822377,38.0628173],[23.7841763,38.0609962],[23.7864681,38.0599689],[23.7856955,38.0586494],[23.7874156,38.0582682],[23.7844247,38.053788],[23.784823,38.0535895],[23.7841521,38.0521179],[23.7849935,38.0520061],[23.7851592,38.0510154],[23.7834963,38.0485096],[23.7820095,38.0489398],[23.7813597,38.0476152],[23.7800896,38.0473278],[23.7790346,38.045198],[23.7799903,38.045068],[23.7788572,38.0427736],[23.7759271,38.0410551],[23.7755046,38.0413804],[23.7728775,38.0389529],[23.7703815,38.0403711],[23.7694378,38.0388503],[23.7652531,38.041102],[23.7610443,38.0423236],[23.761536,38.0434798],[23.7601611,38.0469724],[23.7563864,38.0477536],[23.7513244,38.050371]]]},"properties":{"id":"irakleio","gr":"Ηράκλειο","ru":"Ираклио","zone":"north","district":"Ηράκλειο","centre":[38.05216,23.7696],"sale":2200,"sale_old":1800,"sale_renovated":2600,"sale_new":3100,"rent":12.0,"official":false,"pattern":"ηρακλειο|irakleio|erakleio|heraklion|iraklio"}},{"type":"Feature","geometry":{"type":"Polygon","coordinates":[[[23.7452681,38.0552815],[23.7462071,38.0573326],[23.7463074,38.0591344],[23.747658,38.0616625],[23.7476644,38.0637597],[23.7487417,38.0643244],[23.7490377,38.0658295],[23.7518772,38.0673155],[23.7530449,38.06739],[23.7529608,38.0686078],[23.7554285,38.0702042],[23.7562636,38.071949],[23.7580365,38.0725085],[23.7581786,38.0745862],[23.760362,38.074601],[23.7606141,38.0759059],[23.7638354,38.0771094],[23.7639964,38.0781249],[23.764911,38.0790054],[23.7678105,38.0792714],[23.7683913,38.0784289],[23.7701945,38.0781089],[23.7764106,38.0789502],[23.7780367,38.0798999],[23.7804235,38.0787489],[23.7847183,38.0780263],[23.7846528,38.0768753],[23.780107,38.0736695],[23.7779437,38.0749694],[23.7773055,38.0745383],[23.7782799,38.0738612],[23.7782924,38.0732414],[23.7728173,38.0694371],[23.7728344,38.0686646],[23.7744252,38.0687481],[23.7745529,38.066577],[23.7739353,38.0649568],[23.7697086,38.0618927],[23.770755,38.0618977],[23.7718836,38.0611225],[23.7710056,38.0607503],[23.7683983,38.0563403],[23.7653476,38.0528144],[23.7615169,38.0552538],[23.7592949,38.0522052],[23.7566129,38.053162],[23.7554793,38.0528143],[23.7538385,38.0504329],[23.7527915,38.0508865],[23.7513244,38.050371],[23.7498238,38.0506894],[23.7467429,38.0547456],[23.7452681,38.0552815]]]},"properties":{"id":"metamorfosi","gr":"Μεταμόρφωση","ru":"Метаморфоси","zone":"north","district":"Μεταμόρφωση","centre":[38.06539,23.76153],"sale":1900,"sale_old":1550,"sale_renovated":2250,"sale_new":2700,"rent":10.6,"official":false,"pattern":"μεταμορφωση|metamorfosi|metamorphose"}},{"type":"Feature","geometry":{"type":"Polygon","coordinates":[[[23.7414402,38.0326066],[23.742282,38.0334733],[23.7463985,38.0351429],[23.7437885,38.0373309],[23.7446455,38.0380195],[23.745449,38.037851],[23.7472088,38.0401616],[23.7466137,38.0408567],[23.7474295,38.0440366],[23.7500856,38.0483819],[23.7491332,38.0503035],[23.7496942,38.0508174],[23.7563864,38.0477536],[23.7601611,38.0469724],[23.761536,38.0434798],[23.7610443,38.0423236],[23.7652531,38.041102],[23.7694378,38.0388503],[23.7703815,38.0403711],[23.7728775,38.0389529],[23.7755046,38.0413804],[23.780119,38.0373906],[23.7811618,38.0298656],[23.7823094,38.0281725],[23.7733766,38.0333692],[23.7727149,38.0330331],[23.77077,38.0340993],[23.7695641,38.0329648],[23.766285,38.0318905],[23.7641915,38.0291381],[23.7616548,38.0311707],[23.7558847,38.0302893],[23.7552707,38.0309001],[23.7528235,38.0279411],[23.743926,38.0314634],[23.7441384,38.0319332],[23.7414402,38.0326066]]]},"properties":{"id":"nionia","gr":"Νέα Ιωνία","ru":"Неа Иония","zone":"north","district":"Νέα Ιωνία","centre":[38.03956,23.75744],"sale":2000,"sale_old":1650,"sale_renovated":2350,"sale_new":2850,"rent":10.6,"official":false,"pattern":"νεα\\ ιωνια|nea\\ ionia"}},{"type":"Feature","geometry":{"type":"Polygon","coordinates":[[[23.8052957,38.0088652],[23.8115313,38.0113947],[23.8191346,38.0196506],[23.8235549,38.0214835],[23.8334059,38.0234919],[23.8378738,38.0194258],[23.8388437,38.0209044],[23.8385134,38.0213997],[23.839872,38.0217459],[23.8392984,38.0220105],[23.8399133,38.0229589],[23.8477356,38.0220607],[23.8462682,38.0200493],[23.8433889,38.0138435],[23.8436206,38.0107314],[23.8388422,38.0116564],[23.8382625,38.0103905],[23.8401794,38.0107232],[23.8401904,38.0087764],[23.8417417,38.0072692],[23.8391638,38.0039304],[23.8371358,38.0036254],[23.8360521,38.0028813],[23.8336525,37.9987092],[23.8280948,37.9935608],[23.8280075,37.991055],[23.8264945,37.9852882],[23.8232429,37.9869778],[23.8208866,37.991697],[23.8182933,37.9935226],[23.815643,37.9945189],[23.8128934,37.9976628],[23.8093064,37.9986745],[23.8087318,38.0000805],[23.8096846,38.0026841],[23.8052957,38.0088652]]]},"properties":{"id":"agparaskevi","gr":"Αγία Παρασκευή","ru":"Агия Параскеви","zone":"north","district":"Αγία Παρασκευή","centre":[38.0056,23.82403],"sale":3100,"sale_old":2550,"sale_renovated":3650,"sale_new":4400,"rent":12.2,"official":false,"pattern":"αγια\\ παρασκευη|agia\\ paraskevi|agia\\ paraskeue"}},{"type":"Feature","geometry":{"type":"Polygon","coordinates":[[[23.7820862,37.9850896],[23.7865474,37.9871112],[23.7851286,37.9894775],[23.7855821,37.9904753],[23.7904386,37.9913093],[23.7902517,37.9926518],[23.7837779,37.9986111],[23.7873684,38.000992],[23.7914263,38.0024873],[23.7957387,38.0056243],[23.8052957,38.0088652],[23.8096846,38.0026841],[23.8087318,38.0000805],[23.8093064,37.9986745],[23.8128934,37.9976628],[23.815643,37.9945189],[23.8182933,37.9935226],[23.8208866,37.991697],[23.8232429,37.9869778],[23.8264945,37.9852882],[23.8231995,37.9733312],[23.8192247,37.9750902],[23.8086209,37.976984],[23.7978101,37.9759915],[23.7935275,37.9745172],[23.7896878,37.975886],[23.7820862,37.9850896]]]},"properties":{"id":"papagou","gr":"Παπάγου - Χολαργός","ru":"Папагу - Холаргос","zone":"north","district":"Παπάγου-Χολαργός","centre":[37.99089,23.80465],"sale":3400,"sale_old":2800,"sale_renovated":4000,"sale_new":4850,"rent":14.6,"official":false,"pattern":"παπαγου|χολαργοσ|papagou\\ –\\ cholargos|papagou\\ –\\ kholargos|holargos"}},{"type":"Feature","geometry":{"type":"Polygon","coordinates":[[[23.8266124,38.0527322],[23.8283569,38.0546793],[23.8310437,38.0559756],[23.8308966,38.0604788],[23.8360284,38.0650302],[23.8356211,38.0665591],[23.839949,38.0674233],[23.8413787,38.0669661],[23.8433029,38.0679713],[23.8476888,38.0657621],[23.8511315,38.0682683],[23.8612711,38.0684911],[23.8661287,38.0701433],[23.8694771,38.0728164],[23.8755608,38.0752853],[23.8783669,38.0777541],[23.8844978,38.0794617],[23.8868735,38.0771606],[23.8906485,38.0765562],[23.8957032,38.0713179],[23.9017817,38.0713682],[23.9096517,38.0690511],[23.9118912,38.0695549],[23.9132348,38.0690511],[23.9180336,38.0696052],[23.9208489,38.0675903],[23.9291668,38.0657769],[23.9317901,38.0611422],[23.9419635,38.054744],[23.9474022,38.0528798],[23.9539365,38.0463863],[23.95588,38.0464147],[23.9618905,38.0423331],[23.9649802,38.0417083],[23.9461837,38.0339321],[23.9404327,38.0373838],[23.9342898,38.0388368],[23.9272061,38.0377573],[23.9235771,38.0397156],[23.9224277,38.0390555],[23.920941,38.0391898],[23.9189087,38.0403325],[23.9177218,38.0402025],[23.9171089,38.0412767],[23.9159448,38.0408479],[23.9153454,38.0415492],[23.9137401,38.0406102],[23.9123024,38.04055],[23.9114481,38.0391231],[23.908969,38.040267],[23.9105147,38.0421734],[23.9102769,38.0439673],[23.9092334,38.0424694],[23.9091495,38.0433395],[23.9074194,38.0435328],[23.906043,38.0430513],[23.904292,38.04429],[23.9030917,38.0440355],[23.8972641,38.0454066],[23.895902,38.0448952],[23.894522,38.0456694],[23.8919571,38.0446442],[23.8926199,38.0420297],[23.8884573,38.0428472],[23.8818002,38.0405188],[23.8757861,38.0351482],[23.8735902,38.0349743],[23.8734666,38.0361958],[23.8755255,38.0387655],[23.8679051,38.0431139],[23.8666048,38.043363],[23.8634243,38.0423251],[23.8600724,38.0425327],[23.8553851,38.0435795],[23.855593,38.0441857],[23.8541017,38.0441773],[23.8544325,38.0459073],[23.8522669,38.0464033],[23.8526725,38.0472849],[23.8538868,38.0476058],[23.8544546,38.04846],[23.8505658,38.0491211],[23.8501291,38.0508557],[23.8504346,38.0523615],[23.8483428,38.0525647],[23.8466591,38.0519108],[23.8436497,38.0492081],[23.834331,38.0428579],[23.8320747,38.0442956],[23.8316079,38.0434881],[23.829496,38.0428048],[23.828849,38.0451926],[23.8304401,38.0444437],[23.8314544,38.0454063],[23.8284256,38.047498],[23.8291418,38.048394],[23.8283003,38.0489733],[23.8312303,38.0513951],[23.8266124,38.0527322]]]},"properties":{"id":"penteli","gr":"Πεντέλη","ru":"Пендели","zone":"north","district":"Πεντέλη","centre":[38.05823,23.8837],"sale":3100,"sale_old":2550,"sale_renovated":3650,"sale_new":4400,"rent":11.0,"official":false,"pattern":"πεντελη|penteli|pentele"}},{"type":"Feature","geometry":{"type":"Polygon","coordinates":[[[23.8217974,38.1211833],[23.823751,38.1260457],[23.821949,38.1353059],[23.8225889,38.1393991],[23.8306056,38.1443133],[23.8312666,38.1466375],[23.8374097,38.1508165],[23.8371895,38.1556652],[23.8410664,38.1544865],[23.8430501,38.1550065],[23.8567598,38.1545905],[23.8579942,38.1539319],[23.8628873,38.1537239],[23.8697201,38.155873],[23.8704255,38.1555957],[23.8715716,38.1537239],[23.8765529,38.1536892],[23.8817547,38.1527879],[23.8857221,38.1506387],[23.8957289,38.1549025],[23.9037078,38.1593047],[23.9093504,38.1607951],[23.9097031,38.1591314],[23.9137587,38.1584381],[23.9145962,38.1563583],[23.9156983,38.1555264],[23.9186078,38.1574329],[23.9199743,38.1575369],[23.923545,38.1538972],[23.9320089,38.1509506],[23.9328465,38.1490093],[23.9327142,38.1370136],[23.9350065,38.1336503],[23.9418834,38.1308763],[23.9439994,38.1287264],[23.9441757,38.1249119],[23.9450133,38.12349],[23.9461153,38.1232126],[23.9461594,38.1225884],[23.9417511,38.1205076],[23.9410899,38.1206116],[23.9404287,38.1218601],[23.9389299,38.120681],[23.939018,38.119918],[23.9401642,38.1192244],[23.9378278,38.1179759],[23.935271,38.1178371],[23.9353151,38.1169007],[23.9332432,38.1163111],[23.9341248,38.1157909],[23.9340808,38.1149932],[23.931524,38.114577],[23.9259255,38.1060444],[23.9232805,38.1052466],[23.9209001,38.1016043],[23.9235891,38.0992801],[23.925661,38.0960538],[23.9305542,38.0911274],[23.9319207,38.0905376],[23.932582,38.0891498],[23.9335077,38.0724941],[23.9328024,38.0719736],[23.9165359,38.0720083],[23.9067059,38.0699184],[23.9017817,38.0713682],[23.8957032,38.0713179],[23.8906485,38.0765562],[23.8868735,38.0771606],[23.8844978,38.0794617],[23.8841205,38.0804641],[23.8793573,38.0834709],[23.8693356,38.0876654],[23.8451183,38.1006549],[23.8451199,38.1031203],[23.8588283,38.1128225],[23.8578305,38.1155329],[23.8553121,38.1174021],[23.8580681,38.1221309],[23.8573791,38.1225421],[23.8527938,38.1205796],[23.850418,38.118617],[23.8443359,38.1154581],[23.8326315,38.1213254],[23.8307753,38.119768],[23.8292809,38.1195845],[23.8279054,38.118293],[23.8253541,38.1173814],[23.8242361,38.1159549],[23.8222521,38.1184141],[23.8217974,38.1211833]]]},"properties":{"id":"dionysos","gr":"Διόνυσος","ru":"Дионисос","zone":"north","district":"Διόνυσος","centre":[38.11523,23.89602],"sale":2800,"sale_old":2300,"sale_renovated":3300,"sale_new":4000,"rent":10.6,"official":false,"pattern":"διονυσοσ|dionysos|dionusos"}},{"type":"Feature","geometry":{"type":"Polygon","coordinates":[[[23.6658899,38.0250074],[23.6680895,38.031729],[23.6682083,38.0338297],[23.6698967,38.033603],[23.6729377,38.0350762],[23.675348,38.033226],[23.6777434,38.0350868],[23.6835024,38.0303648],[23.6852239,38.030352],[23.6926056,38.0242267],[23.6950018,38.0240043],[23.6943569,38.0222562],[23.6991615,38.0225711],[23.7017265,38.0233477],[23.7016167,38.0229466],[23.7023698,38.0227243],[23.7013976,38.0206238],[23.7049116,38.0199159],[23.7065822,38.0183728],[23.7071301,38.0170257],[23.7106603,38.0156083],[23.7116212,38.0165723],[23.7164904,38.0145011],[23.718285,38.0131988],[23.7179759,38.0108814],[23.7118659,38.0056725],[23.7090142,38.0044302],[23.7052231,38.0016021],[23.696995,37.9980971],[23.6943806,37.9962245],[23.687829,38.0002584],[23.6791677,38.0035849],[23.6710966,38.0088771],[23.6722781,38.0122583],[23.6732147,38.0119269],[23.6744504,38.0126135],[23.6747519,38.0135705],[23.6693823,38.0173008],[23.6696466,38.0186707],[23.6689422,38.0217259],[23.6667007,38.023345],[23.6658899,38.0250074]]]},"properties":{"id":"peristeri","gr":"Περιστέρι","ru":"Перистери","zone":"west","district":"Περιστέρι","centre":[38.01609,23.69029],"sale":2000,"sale_old":1650,"sale_renovated":2350,"sale_new":2850,"rent":10.0,"official":false,"pattern":"περιστερι|peristeri"}},{"type":"Feature","geometry":{"type":"Polygon","coordinates":[[[23.6654808,37.9934048],[23.668021,37.9971173],[23.6670744,37.9978272],[23.6678653,37.9990292],[23.6680114,38.002474],[23.6672743,38.0027685],[23.667729,38.0056848],[23.668255,38.0058407],[23.669294,38.0086113],[23.6699364,38.0085882],[23.6703704,38.0093513],[23.6791677,38.0035849],[23.6896289,37.9993752],[23.6943806,37.9962245],[23.6928288,37.994835],[23.6952962,37.9934302],[23.6975826,37.9929715],[23.6961951,37.9912386],[23.6930841,37.9850532],[23.6852218,37.9762827],[23.6722092,37.9761673],[23.6687139,37.976714],[23.6706938,37.9803928],[23.6690507,37.980774],[23.6669246,37.9823787],[23.6661205,37.9839796],[23.6666107,37.9859261],[23.6659874,37.9897449],[23.6655398,37.9899701],[23.6670124,37.990474],[23.6654808,37.9934048]]]},"properties":{"id":"aigaleo","gr":"Αιγάλεω","ru":"Эгалео","zone":"west","district":"Αιγάλεω","centre":[37.99211,23.68152],"sale":1900,"sale_old":1550,"sale_renovated":2250,"sale_new":2700,"rent":10.1,"official":false,"pattern":"αιγαλεω|aigaleo|egaleo"}},{"type":"Feature","geometry":{"type":"Polygon","coordinates":[[[23.6805858,38.0580882],[23.6854621,38.0603189],[23.6892209,38.0502359],[23.6913023,38.0507681],[23.6910182,38.0515073],[23.6915132,38.0517022],[23.6922462,38.0510336],[23.6917417,38.0501068],[23.6947235,38.0478742],[23.6959962,38.0491074],[23.6970929,38.0479786],[23.697615,38.0485901],[23.7052769,38.0453414],[23.7049558,38.0460849],[23.7087995,38.0457833],[23.7100734,38.0455393],[23.7101834,38.0450931],[23.7135664,38.0451526],[23.7139058,38.0463254],[23.7159483,38.0461105],[23.716056,38.0481227],[23.7181303,38.0485638],[23.7192367,38.0495487],[23.7245671,38.0487596],[23.7245833,38.0469869],[23.7287199,38.0457539],[23.7214645,38.0321131],[23.7168987,38.0327267],[23.7171935,38.0306122],[23.7135743,38.0283084],[23.7134225,38.0254833],[23.7119475,38.0206023],[23.7122321,38.0189237],[23.7113587,38.0170885],[23.712282,38.016171],[23.7116212,38.0165723],[23.7106603,38.0156083],[23.7071301,38.0170257],[23.7065822,38.0183728],[23.7049116,38.0199159],[23.7013976,38.0206238],[23.7023698,38.0227243],[23.7016167,38.0229466],[23.7017265,38.0233477],[23.6991615,38.0225711],[23.6943569,38.0222562],[23.6950018,38.0240043],[23.6926056,38.0242267],[23.6833349,38.0319627],[23.6875515,38.0331825],[23.6880898,38.0329275],[23.6982083,38.0398231],[23.6938726,38.0433908],[23.6955264,38.0449872],[23.6868238,38.0504067],[23.6831704,38.0537111],[23.6805858,38.0580882]]]},"properties":{"id":"ilion","gr":"Ίλιον","ru":"Илион","zone":"west","district":"Ίλιον","centre":[38.0365,23.70857],"sale":1800,"sale_old":1500,"sale_renovated":2100,"sale_new":2550,"rent":9.4,"official":false,"pattern":"ιλιον|ilion"}},{"type":"Feature","geometry":{"type":"Polygon","coordinates":[[[23.6521441,38.0383398],[23.6550712,38.0461503],[23.6613625,38.0524119],[23.6663431,38.0556802],[23.6745566,38.0585698],[23.6805858,38.0580882],[23.6831704,38.0537111],[23.6868238,38.0504067],[23.6955264,38.0449872],[23.6938726,38.0433908],[23.6982083,38.0398231],[23.6880898,38.0329275],[23.6875515,38.0331825],[23.6833349,38.0319627],[23.6852239,38.030352],[23.6835024,38.0303648],[23.6777434,38.0350868],[23.675348,38.033226],[23.6729377,38.0350762],[23.6698967,38.033603],[23.6562488,38.0365051],[23.6521441,38.0383398]]]},"properties":{"id":"petroupoli","gr":"Πετρούπολη","ru":"Петруполи","zone":"west","district":"Πετρούπολη","centre":[38.04419,23.67452],"sale":2000,"sale_old":1650,"sale_renovated":2350,"sale_new":2850,"rent":9.7,"official":false,"pattern":"πετρουπολη|petroupoli|petroupole"}},{"type":"Feature","geometry":{"type":"Polygon","coordinates":[[[23.6839185,38.064295],[23.6855786,38.0655432],[23.6874223,38.0657644],[23.6918158,38.0641087],[23.695964,38.0636418],[23.7018322,38.0667392],[23.7045254,38.0654827],[23.7086308,38.0657448],[23.7118175,38.06667],[23.7143081,38.0665809],[23.7159452,38.0618622],[23.7193,38.060978],[23.7199803,38.0624442],[23.7255245,38.0592436],[23.7281193,38.0563057],[23.7280446,38.0554185],[23.7296162,38.0552688],[23.7291028,38.0525461],[23.734772,38.05068],[23.7345343,38.0473868],[23.7335916,38.0452056],[23.7341107,38.0450548],[23.733635,38.0440335],[23.7344391,38.0437423],[23.7337109,38.0394317],[23.730425,38.0352972],[23.7291561,38.0317393],[23.7237435,38.0219311],[23.7218863,38.0196686],[23.7203541,38.0195663],[23.7196166,38.0187952],[23.719891,38.0164081],[23.7183025,38.0131522],[23.7113627,38.0169997],[23.7122321,38.0189237],[23.7119475,38.0206023],[23.7134225,38.0254833],[23.7135743,38.0283084],[23.7171935,38.0306122],[23.7168987,38.0327267],[23.7214645,38.0321131],[23.7287199,38.0457539],[23.7245833,38.0469869],[23.7245671,38.0487596],[23.7192367,38.0495487],[23.7181303,38.0485638],[23.716056,38.0481227],[23.7159483,38.0461105],[23.7139058,38.0463254],[23.7135664,38.0451526],[23.7101834,38.0450931],[23.7100734,38.0455393],[23.7087995,38.0457833],[23.7049558,38.0460849],[23.7052769,38.0453414],[23.697615,38.0485901],[23.6970929,38.0479786],[23.6959962,38.0491074],[23.6947235,38.0478742],[23.6917417,38.0501068],[23.6922462,38.0510336],[23.6915132,38.0517022],[23.6910182,38.0515073],[23.6911762,38.0506931],[23.6891243,38.050371],[23.6839185,38.064295]]]},"properties":{"id":"aganargyroi","gr":"Άγιοι Ανάργυροι - Καματερό","ru":"Агии Анаргири - Каматеро","zone":"west","district":"Άγιοι Ανάργυροι-Καματερό","centre":[38.04159,23.73029],"sale":1900,"sale_old":1550,"sale_renovated":2250,"sale_new":2700,"rent":10.0,"official":false,"pattern":"αγιοι\\ αναργυροι|καματερο|agioi\\ anargyroi\\ –\\ kamatero|agioi\\ anarguroi\\ –\\ kamatero"}},{"type":"Feature","geometry":{"type":"Polygon","coordinates":[[[23.5568673,37.9992813],[23.5611932,38.0006476],[23.5657422,37.9987335],[23.5679738,37.9969614],[23.5700629,37.9976725],[23.5704886,37.9982465],[23.5696046,37.9987538],[23.5701196,37.9995316],[23.5775954,37.9981789],[23.58102,37.9986048],[23.5816243,37.9980569],[23.5810192,37.9985671],[23.5806204,37.9982864],[23.5810964,37.9978464],[23.5808741,37.9965894],[23.5821616,37.9962512],[23.5842902,37.996657],[23.5891825,37.9998698],[23.5893542,38.0008505],[23.5894744,38.0002215],[23.5903327,38.0005596],[23.5905301,38.0010196],[23.5899668,38.0011823],[23.5909916,38.0022547],[23.5895431,38.0029568],[23.5917619,38.00214],[23.5937222,38.0042585],[23.5908305,38.0057876],[23.5913026,38.006349],[23.591088,38.0058215],[23.5936441,38.0044868],[23.5946116,38.0056454],[23.5937206,38.0061151],[23.5948523,38.0059242],[23.5958129,38.0070713],[23.5930621,38.0085199],[23.5954656,38.0074193],[23.5973279,38.0096763],[23.5921756,38.0123424],[23.5955603,38.0163554],[23.5976621,38.0158218],[23.5969604,38.016012],[23.5984437,38.0171283],[23.5987,38.019461],[23.5999604,38.0175005],[23.6030323,38.0164734],[23.6263006,38.0207632],[23.6271947,38.0212776],[23.6285784,38.0235647],[23.630421,38.0247695],[23.6348116,38.0246983],[23.6393118,38.0267724],[23.6449834,38.0272137],[23.6485657,38.0280738],[23.6542147,38.0324679],[23.6562488,38.0365051],[23.6682083,38.0338297],[23.6680895,38.031729],[23.6658899,38.0250074],[23.6667007,38.023345],[23.6689422,38.0217259],[23.6696466,38.0186707],[23.6693823,38.0173008],[23.6747519,38.0135705],[23.6744504,38.0126135],[23.6732147,38.0119269],[23.6722781,38.0122583],[23.6712181,38.008928],[23.6703704,38.0093513],[23.6699364,38.0085882],[23.669294,38.0086113],[23.668255,38.0058407],[23.667729,38.0056848],[23.6672743,38.0027685],[23.6680114,38.002474],[23.6677685,37.9986877],[23.6670744,37.9978272],[23.665465,37.9989033],[23.6639399,37.9971478],[23.6599946,37.9978178],[23.6562376,37.9974294],[23.6543469,37.9994156],[23.649157,37.9984944],[23.6463675,38.0010477],[23.645654,38.0029854],[23.6438999,38.0033134],[23.640016,38.0026878],[23.6363468,38.0035332],[23.6332139,38.0030429],[23.6321196,38.0036854],[23.6318192,38.0024173],[23.6287078,38.0004728],[23.6274633,37.9989679],[23.6275277,37.996516],[23.6270341,37.9959411],[23.6276564,37.9952985],[23.6265621,37.9946221],[23.6249957,37.9944023],[23.6183155,37.9965364],[23.6103102,37.9941791],[23.6026659,37.9905087],[23.5933269,37.9893665],[23.5842256,37.9904097],[23.573681,37.9943701],[23.5700188,37.9951719],[23.5680402,37.9949161],[23.5676219,37.9967788],[23.5627639,37.9994707],[23.5616996,37.999349],[23.5621888,37.9983006],[23.5614687,37.9988892],[23.5598285,37.9983682],[23.5568673,37.9992813]]]},"properties":{"id":"chaidari","gr":"Χαϊδάρι","ru":"Хайдари","zone":"west","district":"Χαϊδάρι","centre":[38.01309,23.6337],"sale":1900,"sale_old":1550,"sale_renovated":2250,"sale_new":2700,"rent":9.6,"official":false,"pattern":"χαιδαρι|chaidari|khaidari|haidari"}},{"type":"Feature","geometry":{"type":"Polygon","coordinates":[[[23.6466679,37.9929987],[23.64714,37.9947743],[23.6486624,37.9960603],[23.649157,37.9984944],[23.6543469,37.9994156],[23.6562376,37.9974294],[23.6599946,37.9978178],[23.6639399,37.9971478],[23.665465,37.9989033],[23.668021,37.9971173],[23.6654808,37.9934048],[23.6670124,37.990474],[23.6655398,37.9899701],[23.6659874,37.9897449],[23.6665077,37.9843025],[23.664357,37.9844066],[23.6637574,37.9829209],[23.6538929,37.9865879],[23.654129,37.9869729],[23.6522143,37.9877914],[23.6466679,37.9929987]]]},"properties":{"id":"agvarvara","gr":"Αγία Βαρβάρα","ru":"Агия Варвара","zone":"west","district":"Αγία Βαρβάρα","centre":[37.99174,23.65718],"sale":1700,"sale_old":1400,"sale_renovated":2000,"sale_new":2400,"rent":8.0,"official":false,"pattern":"αγια\\ βαρβαρα|agia\\ varvara|agia\\ barbara"}},{"type":"Feature","geometry":{"type":"Polygon","coordinates":[[[23.6718719,38.217166],[23.682819,38.2247476],[23.6869453,38.2266528],[23.6894884,38.224139],[23.6976566,38.221506],[23.7007387,38.2213869],[23.7094627,38.222419],[23.7204436,38.2218633],[23.7245024,38.2212943],[23.7272645,38.2199315],[23.7387506,38.2183701],[23.7400642,38.216822],[23.7415463,38.2113304],[23.7432137,38.2097821],[23.7450157,38.2091205],[23.7495462,38.2100997],[23.7593481,38.2147048],[23.7638617,38.2158825],[23.7728215,38.2166367],[23.7780088,38.2188068],[23.7794066,38.218304],[23.7910275,38.2197727],[23.7929306,38.2184231],[23.7938737,38.2164647],[23.7934358,38.2096101],[23.7918527,38.205137],[23.7884338,38.199327],[23.7880633,38.1954357],[23.7846949,38.1903925],[23.793419,38.188076],[23.7927285,38.1833104],[23.7940927,38.1820263],[23.801183,38.1811923],[23.8011325,38.176638],[23.8067914,38.1706933],[23.8085766,38.1700312],[23.813747,38.1706403],[23.817789,38.1696075],[23.8252163,38.1629339],[23.8289215,38.1638079],[23.8305551,38.1632252],[23.8311277,38.1616891],[23.8364497,38.1582593],[23.8371402,38.1567496],[23.8374097,38.1508165],[23.8312666,38.1466375],[23.8306056,38.1443133],[23.8225889,38.1393991],[23.821949,38.1353059],[23.823751,38.1260457],[23.8217974,38.1211833],[23.8222521,38.1184141],[23.8242361,38.1159549],[23.8231646,38.1158705],[23.8235655,38.1148449],[23.8206549,38.113431],[23.8200541,38.1121901],[23.8182377,38.1122129],[23.8179298,38.1116077],[23.8165211,38.1113181],[23.8164782,38.1099168],[23.8146435,38.1095116],[23.8126288,38.1076368],[23.8117467,38.1076712],[23.810868,38.1068612],[23.8095818,38.1073318],[23.8074123,38.1041002],[23.804744,38.1047866],[23.803271,38.1057633],[23.802212,38.1045586],[23.7997766,38.1033598],[23.7982727,38.1033562],[23.7962589,38.1018559],[23.7943697,38.1023656],[23.7923812,38.1006978],[23.7900563,38.1008692],[23.7890156,38.1001684],[23.7873172,38.1004361],[23.786712,38.0994803],[23.78534,38.0995035],[23.7850115,38.0972978],[23.7840878,38.095632],[23.7821781,38.0941375],[23.7820315,38.0926602],[23.7811451,38.0921683],[23.7811602,38.0911045],[23.7794114,38.0908259],[23.7783385,38.0898126],[23.7756241,38.0894073],[23.7744945,38.0881236],[23.7731266,38.0879716],[23.7717939,38.0870767],[23.7717939,38.0852864],[23.7699271,38.0837326],[23.7697497,38.0818377],[23.7677541,38.0814312],[23.7681806,38.079529],[23.7673062,38.0789547],[23.764911,38.0790054],[23.7639964,38.0781249],[23.7638354,38.0771094],[23.7606141,38.0759059],[23.760362,38.074601],[23.7581786,38.0745862],[23.7580365,38.0725085],[23.7562636,38.071949],[23.7554285,38.0702042],[23.7529608,38.0686078],[23.7530449,38.06739],[23.7518772,38.0673155],[23.7490377,38.0658295],[23.7487417,38.0643244],[23.7476644,38.0637597],[23.747658,38.0616625],[23.7463074,38.0591344],[23.744234,38.0571703],[23.7432725,38.0553355],[23.7415265,38.0549649],[23.7416688,38.0529534],[23.7398907,38.0528546],[23.7374534,38.0508916],[23.7371675,38.0498653],[23.7366946,38.0510623],[23.7346805,38.0501941],[23.7345125,38.0508229],[23.7291028,38.0525461],[23.7296162,38.0552688],[23.7280446,38.0554185],[23.7281193,38.0563057],[23.7255245,38.0592436],[23.7199803,38.0624442],[23.7205574,38.0663079],[23.7220743,38.0679888],[23.7232028,38.0707914],[23.7228777,38.0715927],[23.7239542,38.0778808],[23.7214603,38.0764085],[23.7196325,38.0760729],[23.7180551,38.0764966],[23.715833,38.078229],[23.7161751,38.0800085],[23.7170689,38.0800684],[23.717401,38.0820677],[23.7187707,38.0819148],[23.719973,38.0844902],[23.7129767,38.0976814],[23.7128329,38.1015101],[23.7140319,38.1048563],[23.7123479,38.105934],[23.7122893,38.1069864],[23.7131419,38.1081605],[23.7185578,38.1104344],[23.7201707,38.1124581],[23.7248743,38.1156613],[23.7299047,38.117193],[23.731006,38.1210555],[23.7303807,38.1256277],[23.7291516,38.1288024],[23.7281782,38.1296184],[23.7216739,38.1308657],[23.7177068,38.132991],[23.7161531,38.1344515],[23.7115174,38.1357563],[23.7093112,38.1384851],[23.7042881,38.1382357],[23.7037702,38.1401012],[23.7008734,38.1451345],[23.6956019,38.1467637],[23.6929746,38.1497172],[23.6957367,38.1504721],[23.6961577,38.1510152],[23.6952988,38.1521012],[23.6953662,38.1528296],[23.6989029,38.1544321],[23.6994082,38.1555445],[23.699004,38.1576369],[23.6995766,38.1597028],[23.6990545,38.1629339],[23.6964777,38.168257],[23.6929241,38.1725072],[23.6877537,38.1765454],[23.6879895,38.1778958],[23.6873158,38.1789681],[23.6861032,38.1845283],[23.6861369,38.1875598],[23.6869116,38.1895189],[23.6857495,38.1937414],[23.6788949,38.1964813],[23.6795686,38.1998564],[23.6783223,38.2060767],[23.6788949,38.2092793],[23.675476,38.2121773],[23.6718719,38.217166]]]},"properties":{"id":"acharnes","gr":"Αχαρνές","ru":"Ахарнес","zone":"west","district":"Αχαρνές","centre":[38.13836,23.76592],"sale":1700,"sale_old":1400,"sale_renovated":2000,"sale_new":2400,"rent":8.0,"official":false,"pattern":"αχαρνεσ|acharnes|akharnes|menidi"}},{"type":"Feature","geometry":{"type":"Polygon","coordinates":[[[23.6086304,38.1225394],[23.6135147,38.124012],[23.616413,38.1261654],[23.6191504,38.1318652],[23.6228002,38.1369735],[23.6232832,38.1421237],[23.6251618,38.1449097],[23.6302608,38.1464293],[23.6327834,38.1484554],[23.6362722,38.1461339],[23.6401367,38.1446143],[23.6446312,38.1451269],[23.6462555,38.1471047],[23.6453967,38.1496795],[23.6440012,38.1507347],[23.6371847,38.1516211],[23.6358428,38.1525496],[23.6397073,38.156095],[23.6427667,38.1601465],[23.6427667,38.1639025],[23.6409363,38.1686557],[23.6358245,38.1731869],[23.6283049,38.1748118],[23.6272722,38.1759712],[23.627233,38.1774266],[23.6284448,38.1794402],[23.6273234,38.185338],[23.6252098,38.1862234],[23.6256605,38.1886521],[23.6281607,38.1927283],[23.6365058,38.1982115],[23.6392949,38.2014105],[23.6394485,38.2034749],[23.6378084,38.2061555],[23.6328867,38.210268],[23.6341629,38.2113174],[23.6402058,38.2097686],[23.6456982,38.2103007],[23.6594669,38.2063396],[23.6704517,38.2022601],[23.6788949,38.1964813],[23.6857495,38.1937414],[23.6869116,38.1895189],[23.6861369,38.1875598],[23.6861032,38.1845283],[23.6873158,38.1789681],[23.6879895,38.1778958],[23.6877537,38.1765454],[23.6929241,38.1725072],[23.6964777,38.168257],[23.6990545,38.1629339],[23.6995766,38.1597028],[23.699004,38.1576369],[23.6994082,38.1555445],[23.6989029,38.1544321],[23.6953662,38.1528296],[23.6952988,38.1521012],[23.6961577,38.1510152],[23.6957367,38.1504721],[23.6929746,38.1497172],[23.6956019,38.1467637],[23.7008734,38.1451345],[23.7037702,38.1401012],[23.7042881,38.1382357],[23.7093112,38.1384851],[23.7115174,38.1357563],[23.7161531,38.1344515],[23.7177068,38.132991],[23.7216739,38.1308657],[23.7281782,38.1296184],[23.7291516,38.1288024],[23.7303807,38.1256277],[23.731006,38.1210555],[23.7299047,38.117193],[23.7248743,38.1156613],[23.7201707,38.1124581],[23.7185578,38.1104344],[23.7131419,38.1081605],[23.7122893,38.1069864],[23.7123479,38.105934],[23.7140319,38.1048563],[23.7128329,38.1015101],[23.7129767,38.0976814],[23.719973,38.0844902],[23.7187707,38.0819148],[23.717401,38.0820677],[23.7170689,38.0800684],[23.7161751,38.0800085],[23.715833,38.078229],[23.7180551,38.0764966],[23.7196325,38.0760729],[23.7214603,38.0764085],[23.7239542,38.0778808],[23.7228777,38.0715927],[23.7232028,38.0707914],[23.7220743,38.0679888],[23.7205574,38.0663079],[23.720525,38.0638914],[23.7193,38.060978],[23.7159452,38.0618622],[23.7143081,38.0665809],[23.7118175,38.06667],[23.7086308,38.0657448],[23.7045254,38.0654827],[23.7018322,38.0667392],[23.695964,38.0636418],[23.6918158,38.0641087],[23.6874223,38.0657644],[23.6855786,38.0655432],[23.6839185,38.064295],[23.6854621,38.0603189],[23.6805858,38.0580882],[23.6745566,38.0585698],[23.6663431,38.0556802],[23.6613625,38.0524119],[23.6550712,38.0461503],[23.6454068,38.0463427],[23.6399434,38.0535715],[23.6394652,38.057923],[23.6406874,38.0630274],[23.6426919,38.0678034],[23.64329,38.0715751],[23.6425353,38.0736191],[23.6395463,38.0777783],[23.6387311,38.0801311],[23.6387311,38.0865711],[23.6408445,38.092773],[23.6403011,38.0965509],[23.6396671,38.0973825],[23.6371008,38.0981903],[23.6247827,38.1003761],[23.6187747,38.1064818],[23.6182916,38.1087149],[23.620405,38.1127532],[23.6114382,38.1129908],[23.6101399,38.1136559],[23.6095059,38.1151999],[23.6102003,38.1191904],[23.6086304,38.1225394]]]},"properties":{"id":"fyli","gr":"Φυλή - Άνω Λιόσια","ru":"Фили - Ано Лиосия","zone":"west","district":"Φυλή-Άνω Λιόσια","centre":[38.12748,23.67335],"sale":1300,"sale_old":1050,"sale_renovated":1550,"sale_new":1850,"rent":7.6,"official":false,"pattern":"φυλη|ανω\\ λιοσια|fyli\\ –\\ ano\\ liosia|phule\\ –\\ ano\\ liosia"}},{"type":"Feature","geometry":{"type":"Polygon","coordinates":[[[23.5312023,38.1279068],[23.5338277,38.1311058],[23.5330048,38.1329789],[23.5332698,38.1340089],[23.535687,38.1330548],[23.5376075,38.132827],[23.5380366,38.133232],[23.5379476,38.1341692],[23.5365959,38.1356009],[23.557552,38.138473],[23.561276,38.139801],[23.5640394,38.1421112],[23.5723937,38.1435643],[23.5738874,38.1447684],[23.5793185,38.1517232],[23.5787686,38.1548711],[23.5798815,38.1567857],[23.584678,38.1580285],[23.5876261,38.1574666],[23.5941659,38.1577462],[23.5998456,38.1587796],[23.6029756,38.1609668],[23.605609,38.1642427],[23.607145,38.1651942],[23.6198996,38.1697875],[23.6283702,38.1716351],[23.6316816,38.1740068],[23.6358245,38.1731869],[23.6409363,38.1686557],[23.6427667,38.1639025],[23.6427667,38.1601465],[23.6397073,38.156095],[23.6358428,38.1525496],[23.6371847,38.1516211],[23.6440012,38.1507347],[23.6453967,38.1496795],[23.6462555,38.1471047],[23.6446312,38.1451269],[23.6401367,38.1446143],[23.6362722,38.1461339],[23.6327834,38.1484554],[23.6302608,38.1464293],[23.6251618,38.1449097],[23.6232832,38.1421237],[23.6228002,38.1369735],[23.6191504,38.1318652],[23.616413,38.1261654],[23.6135147,38.124012],[23.6086304,38.1225394],[23.6102003,38.1191904],[23.6095059,38.1151999],[23.6101399,38.1136559],[23.6114382,38.1129908],[23.620405,38.1127532],[23.6182916,38.1087149],[23.6187747,38.1064818],[23.6247827,38.1003761],[23.6371008,38.0981903],[23.6396671,38.0973825],[23.6403011,38.0965509],[23.6408445,38.092773],[23.6387311,38.0865711],[23.6387311,38.0801311],[23.6395463,38.0777783],[23.6425353,38.0736191],[23.64329,38.0715751],[23.6426919,38.0678034],[23.6406874,38.0630274],[23.6394652,38.057923],[23.6399434,38.0535715],[23.6454068,38.0463427],[23.6550712,38.0461503],[23.6521441,38.0383398],[23.6562488,38.0365051],[23.6542147,38.0324679],[23.6485657,38.0280738],[23.6449834,38.0272137],[23.6393118,38.0267724],[23.6348116,38.0246983],[23.630421,38.0247695],[23.6285784,38.0235647],[23.6271947,38.0212776],[23.6263006,38.0207632],[23.6030323,38.0164734],[23.5999604,38.0175005],[23.5987,38.019461],[23.5988471,38.0208],[23.5963587,38.0216794],[23.5928647,38.0211719],[23.596358,38.0217466],[23.5989159,38.0208525],[23.5973795,38.0287794],[23.5968731,38.0287591],[23.5961006,38.0250405],[23.5934913,38.0245604],[23.5960148,38.025169],[23.5967872,38.0288402],[23.594243,38.0287535],[23.5961718,38.0289988],[23.5954961,38.0311874],[23.5958652,38.031734],[23.5953056,38.0312214],[23.5951221,38.0317203],[23.5940422,38.0313675],[23.592015,38.0341811],[23.5914228,38.0338769],[23.5913885,38.0344853],[23.5903843,38.0331603],[23.5913702,38.0346357],[23.5905645,38.0348774],[23.5900152,38.034269],[23.5904358,38.0349045],[23.5894058,38.0359996],[23.5882642,38.0351546],[23.5868309,38.0361416],[23.5854913,38.0360432],[23.5864961,38.0354385],[23.5853632,38.035878],[23.5841015,38.0371354],[23.5836036,38.0369664],[23.5838268,38.0364255],[23.5828054,38.038244],[23.5828397,38.0403734],[23.5821549,38.041424],[23.5793912,38.0431206],[23.5738293,38.0453986],[23.5688801,38.0463491],[23.5674381,38.0461288],[23.5655347,38.0371841],[23.565095,38.0372183],[23.5655143,38.0383462],[23.5620264,38.0384698],[23.5616838,38.0378276],[23.5626652,38.0374913],[23.5614043,38.0376712],[23.5611468,38.0396316],[23.5600739,38.0404428],[23.5594559,38.0381241],[23.5597306,38.0405307],[23.5584431,38.0406929],[23.5591071,38.0485445],[23.5585416,38.0504438],[23.5585237,38.0563396],[23.5659799,38.0567057],[23.5685484,38.0726227],[23.5592723,38.0754179],[23.5588647,38.0810488],[23.5552645,38.0856512],[23.5507393,38.1005054],[23.5480969,38.1008303],[23.5461928,38.1059971],[23.5475833,38.1064222],[23.5476118,38.1069324],[23.5459852,38.1081944],[23.5456468,38.1095011],[23.5435937,38.109604],[23.5446866,38.1117974],[23.5451115,38.1143254],[23.5469101,38.1154657],[23.5470456,38.1163862],[23.5426607,38.1172552],[23.5428968,38.1187998],[23.5400215,38.1207749],[23.5324469,38.1221507],[23.5322323,38.1225559],[23.5334018,38.1232226],[23.5330874,38.1247085],[23.5337097,38.1267679],[23.5326078,38.1282444],[23.5312023,38.1279068]]]},"properties":{"id":"aspropyrgos","gr":"Ασπρόπυργος","ru":"Аспропиргос","zone":"west","district":"Ελευσίνα-Ασπρόπυργος","centre":[38.09466,23.59655],"sale":1300,"sale_old":1050,"sale_renovated":1550,"sale_new":1850,"rent":7.6,"official":false,"pattern":"ασπροπυργοσ|aspropyrgos|aspropurgos"}},{"type":"Feature","geometry":{"type":"Polygon","coordinates":[[[23.4777326,38.0365457],[23.4928096,38.0350658],[23.4955822,38.0398662],[23.5091011,38.0456047],[23.516525,38.0507834],[23.5182665,38.053111],[23.5195725,38.0533997],[23.5211994,38.0525877],[23.5217264,38.053111],[23.5251863,38.0508014],[23.5282109,38.0533094],[23.528967,38.0546626],[23.5283942,38.0563586],[23.5284171,38.0602917],[23.5297919,38.0660105],[23.529517,38.0665878],[23.5279588,38.0675078],[23.5233303,38.0666058],[23.5210161,38.0670208],[23.5184727,38.068987],[23.5143254,38.0787455],[23.5104301,38.0838858],[23.5145545,38.0880879],[23.5178769,38.0938226],[23.519435,38.0995748],[23.5191601,38.1026041],[23.5203058,38.1058856],[23.5198017,38.1087162],[23.5185643,38.1119073],[23.5142795,38.1167388],[23.5045184,38.1240935],[23.502777,38.1264368],[23.5023187,38.1279148],[23.5025937,38.1320603],[23.503831,38.136494],[23.5158322,38.1358419],[23.5159634,38.1353692],[23.5300339,38.1350794],[23.5365959,38.1356009],[23.5380656,38.1339413],[23.5376075,38.132827],[23.5335949,38.1340422],[23.5330445,38.1337641],[23.5338813,38.1312746],[23.5312023,38.1279068],[23.5326078,38.1282444],[23.5337097,38.1267679],[23.5330874,38.1247085],[23.5334018,38.1232226],[23.5322538,38.122328],[23.5400215,38.1207749],[23.5428968,38.1187998],[23.5426607,38.1172552],[23.5470456,38.1163862],[23.5469101,38.1154657],[23.5451115,38.1143254],[23.5446866,38.1117974],[23.5435937,38.109604],[23.5456468,38.1095011],[23.5459852,38.1081944],[23.5476118,38.1069324],[23.5475833,38.1064222],[23.5461928,38.1059971],[23.5480969,38.1008303],[23.5507393,38.1005054],[23.5552645,38.0856512],[23.5588647,38.0810488],[23.5592723,38.0754179],[23.5685484,38.0726227],[23.5659799,38.0567057],[23.5585237,38.0563396],[23.5585416,38.0504438],[23.5591071,38.0485445],[23.5584431,38.0406929],[23.5575788,38.0398068],[23.5565741,38.0401351],[23.5571683,38.0413611],[23.557052,38.0422273],[23.556691,38.0421132],[23.5567853,38.0409281],[23.5561591,38.0405718],[23.5554718,38.0410965],[23.5547957,38.0404733],[23.5556266,38.0391199],[23.554073,38.0399919],[23.5544525,38.0390734],[23.5533688,38.0386902],[23.5535493,38.038132],[23.5516591,38.0380005],[23.5514152,38.0366969],[23.5513301,38.0372648],[23.5504505,38.037167],[23.5503754,38.0364115],[23.5514147,38.036487],[23.5515051,38.0354439],[23.5510025,38.035066],[23.5491353,38.0341696],[23.5476611,38.0341451],[23.5476228,38.0332823],[23.5458347,38.0336621],[23.5474009,38.0334616],[23.5474132,38.0340587],[23.5448344,38.0342191],[23.5433956,38.0351032],[23.5429454,38.0342531],[23.5423813,38.03432],[23.5417834,38.0316615],[23.5408808,38.0317513],[23.5414748,38.0344636],[23.538214,38.0356362],[23.5385758,38.0361476],[23.5376931,38.0367597],[23.5367784,38.0363619],[23.5349346,38.0382613],[23.5327797,38.0371169],[23.5350781,38.0385018],[23.5332849,38.0404692],[23.5323967,38.0396921],[23.5328312,38.0405442],[23.5284672,38.042564],[23.5288143,38.0430318],[23.5270634,38.0437888],[23.5237083,38.0436074],[23.5235443,38.0445324],[23.5227502,38.0442576],[23.5235631,38.04138],[23.5228859,38.0412565],[23.5216343,38.0427737],[23.5217932,38.0444615],[23.5185041,38.0433132],[23.5127774,38.0380344],[23.5127183,38.0375073],[23.514219,38.0361072],[23.5093234,38.0362719],[23.5093991,38.0316754],[23.5090802,38.0359177],[23.5082715,38.0362997],[23.5083776,38.0381357],[23.5066053,38.038323],[23.506563,38.03591],[23.5063398,38.0383512],[23.5040783,38.0378909],[23.50394,38.0338672],[23.5038149,38.0356416],[23.5032431,38.0356536],[23.5023184,38.0383472],[23.5012698,38.0382698],[23.5014379,38.0365649],[23.4991777,38.0368975],[23.5004473,38.0360488],[23.4993315,38.0363665],[23.4978992,38.035922],[23.4998036,38.0349671],[23.4973136,38.031781],[23.4996334,38.0304547],[23.4987994,38.0302887],[23.4968361,38.0312225],[23.4961657,38.0303241],[23.4977017,38.0292725],[23.4958839,38.0299655],[23.4980753,38.0286408],[23.4953282,38.0295511],[23.4960194,38.0305124],[23.4954491,38.0306896],[23.4932547,38.0286798],[23.4931374,38.0280843],[23.4940244,38.0278102],[23.4940529,38.0268205],[23.4916239,38.0257725],[23.490459,38.0260629],[23.4897786,38.0253804],[23.4885168,38.025448],[23.487618,38.0244447],[23.485645,38.0244515],[23.4847529,38.025753],[23.4837361,38.0258266],[23.4842506,38.0270022],[23.4836901,38.0304816],[23.4777326,38.0365457]]]},"properties":{"id":"elefsina","gr":"Ελευσίνα","ru":"Элефсина","zone":"west","district":"Ελευσίνα-Ασπρόπυργος","centre":[38.0799,23.5362],"sale":1500,"sale_old":1250,"sale_renovated":1750,"sale_new":2150,"rent":8.3,"official":false,"pattern":"ελευσινα|elefsina|eleusina|eleusis"}},{"type":"Feature","geometry":{"type":"Polygon","coordinates":[[[23.8415655,38.0229303],[23.8546738,38.0369481],[23.8575417,38.0409205],[23.8571769,38.0420866],[23.8551599,38.0428977],[23.8553851,38.0435795],[23.8634243,38.0423251],[23.8666048,38.043363],[23.8679051,38.0431139],[23.8755255,38.0387655],[23.8734666,38.0361958],[23.8735902,38.0349743],[23.8757861,38.0351482],[23.8818002,38.0405188],[23.8884573,38.0428472],[23.8926199,38.0420297],[23.894802,38.0396514],[23.8947939,38.0389804],[23.8924433,38.0354737],[23.8920742,38.0322466],[23.8928054,38.0293987],[23.8947188,38.0257361],[23.8943937,38.0232645],[23.897048,38.0213998],[23.8965264,38.0176827],[23.8974508,38.0160598],[23.9063311,38.0150928],[23.9112523,38.0155165],[23.9132878,38.0147408],[23.9161198,38.015293],[23.9170372,38.0121543],[23.9190151,38.0093943],[23.919058,38.0073909],[23.9202096,38.0045431],[23.9224382,38.003857],[23.9221624,38.0030626],[23.922562,38.0027096],[23.9271583,38.0017543],[23.9251627,37.9987613],[23.9236085,37.997846],[23.923173,37.9965546],[23.9212852,37.9949017],[23.9185211,37.9900747],[23.910236,37.9905529],[23.9075228,37.9883847],[23.9016502,37.9892097],[23.8946188,37.9881988],[23.8913756,37.987085],[23.8884566,37.9845654],[23.8736073,37.9925623],[23.8697617,37.9864095],[23.8677521,37.9798179],[23.8643415,37.976628],[23.8533279,37.9766883],[23.8503273,37.989037],[23.8489621,37.9923975],[23.8493618,37.9926637],[23.8574026,37.9891605],[23.8590942,37.9915625],[23.85707,37.9921891],[23.8575974,37.9936918],[23.857302,37.9962111],[23.8596997,37.9959236],[23.8617151,37.992925],[23.8631398,37.9924457],[23.8652248,37.9929113],[23.8658155,37.9938698],[23.8660935,37.9970463],[23.8641713,38.0000772],[23.8653657,38.004113],[23.8669887,38.0061036],[23.8436206,38.0107314],[23.8433889,38.0138435],[23.8462682,38.0200493],[23.8477356,38.0220607],[23.8415655,38.0229303]]]},"properties":{"id":"pallini","gr":"Παλλήνη - Γέρακας","ru":"Паллини - Геракас","zone":"east","district":"Παλλήνη-Γέρακας","centre":[38.01006,23.88277],"sale":2800,"sale_old":2300,"sale_renovated":3300,"sale_new":4000,"rent":10.9,"official":false,"pattern":"παλληνη|γερακασ|pallini\\ –\\ gerakas|pallene\\ –\\ gerakas"}},{"type":"Feature","geometry":{"type":"MultiPolygon","coordinates":[[[[24.0353327,37.9887003],[24.0360081,37.9890588],[24.0356922,37.9886717],[24.0372599,37.9881738],[24.0368543,37.9880687],[24.0371054,37.9876143],[24.0353327,37.9887003]]],[[[24.0322908,37.987869],[24.0326719,37.9883965],[24.0335151,37.9883257],[24.0339717,37.9867718],[24.0330438,37.9867282],[24.0322908,37.987869]]],[[[23.8823039,37.967256],[23.8856166,37.9718764],[23.8909216,37.9731913],[23.8941185,37.975054],[23.8962961,37.9770627],[23.8975934,37.9791809],[23.8936784,37.981719],[23.9005587,37.9825407],[23.9012255,37.9841941],[23.9003965,37.9869045],[23.8977925,37.9883814],[23.9016502,37.9892097],[23.9075228,37.9883847],[23.910236,37.9905529],[23.9185211,37.9900747],[23.9212091,37.9947891],[23.923173,37.9965546],[23.9235576,37.9976325],[23.9299151,37.998008],[23.9346099,37.9994238],[23.9381879,37.9972552],[23.9450951,37.9955825],[23.9457951,37.9967862],[23.9470008,37.9965474],[23.9506944,37.9985107],[23.9527627,38.0019801],[23.9564358,38.0039922],[23.9569432,38.0064229],[23.9607519,38.0069893],[23.9639598,38.0061439],[23.9650435,38.0078177],[23.9669746,38.0080798],[23.9677686,38.0092633],[23.9694208,38.0100071],[23.9722866,38.0094825],[23.9730513,38.0080973],[23.9757655,38.007205],[23.9798952,38.0044837],[23.9961634,37.9990385],[24.0028822,37.9978843],[24.0118179,37.9996932],[24.0260289,37.9994562],[24.0269397,37.9986699],[24.0268311,37.9978704],[24.0276981,37.9979308],[24.0274747,37.9968506],[24.0283633,37.9963836],[24.0282667,37.9956903],[24.0291036,37.9955043],[24.0288079,37.9945462],[24.0303481,37.9945827],[24.0303803,37.9938471],[24.0317321,37.9925619],[24.029522,37.9907905],[24.0253708,37.9902465],[24.0239179,37.9906687],[24.0170189,37.9869879],[24.0156319,37.9870512],[24.0126455,37.984605],[24.0094805,37.9794635],[24.0098214,37.97581],[24.0109933,37.9758016],[24.0113487,37.9745065],[24.0122675,37.9743024],[24.0111889,37.9741788],[24.0106251,37.9731807],[24.0117214,37.9732613],[24.0125772,37.9740203],[24.0117336,37.9731544],[24.0093891,37.9719919],[24.0080214,37.9699405],[24.0066188,37.9664114],[24.0068171,37.964468],[24.0086231,37.9618517],[24.0094146,37.9616996],[24.0079027,37.9597802],[24.0097209,37.9585774],[24.0093428,37.9581542],[24.0097466,37.9565322],[24.0112534,37.954325],[24.0123618,37.9538827],[24.0118171,37.9534689],[24.0119531,37.9527545],[24.013826,37.9515054],[24.013714,37.9502592],[24.014212,37.9499687],[24.0136965,37.9497965],[24.0135357,37.9486011],[24.0140832,37.9484543],[24.0136435,37.9476987],[24.0141926,37.9467233],[24.0149074,37.9465549],[24.0143685,37.9461927],[24.0155267,37.9457049],[24.0151249,37.9460384],[24.0152616,37.9466014],[24.0163902,37.9455141],[24.0167063,37.9450197],[24.0160339,37.9447531],[24.0174987,37.9438282],[24.01709,37.9438015],[24.0176575,37.9428593],[24.0165272,37.9409042],[24.016679,37.9389892],[24.0133837,37.937528],[24.0128018,37.9352214],[24.0132613,37.9337951],[24.0119782,37.9333056],[24.0120726,37.932233],[24.0110877,37.9318924],[24.0100381,37.9303343],[24.0050935,37.9309726],[24.003842,37.9300111],[24.0016965,37.930229],[24.0015339,37.9307675],[23.9996592,37.9316349],[23.9947213,37.9311014],[23.9905951,37.9314749],[23.982478,37.9303545],[23.9786224,37.9287005],[23.9764579,37.9303011],[23.9713171,37.9297676],[23.9645528,37.9336623],[23.9584621,37.933438],[23.9574392,37.9348979],[23.9551452,37.9352704],[23.9477993,37.9268332],[23.9268984,37.9371338],[23.9212459,37.9410802],[23.9172382,37.945209],[23.9148984,37.9491001],[23.9118637,37.9509817],[23.9002344,37.9556397],[23.8906205,37.9584161],[23.8902962,37.9595668],[23.8909216,37.9620508],[23.8904815,37.9635302],[23.8889989,37.9648087],[23.8823039,37.967256]]]]},"properties":{"id":"spata","gr":"Σπάτα - Αρτέμιδα","ru":"Спата - Артемида","zone":"east","district":"Σπάτα-Αρτέμιδα","centre":[37.9686,23.94538],"sale":2100,"sale_old":1700,"sale_renovated":2500,"sale_new":3000,"rent":9.2,"official":false,"pattern":"σπατα|αρτεμιδα|spata\\ –\\ artemida"}},{"type":"Feature","geometry":{"type":"Polygon","coordinates":[[[23.8919481,38.0338522],[23.894802,38.0396514],[23.8926297,38.0415239],[23.8919571,38.0446442],[23.894522,38.0456694],[23.895902,38.0448952],[23.8972641,38.0454066],[23.9030917,38.0440355],[23.904292,38.04429],[23.906043,38.0430513],[23.9074194,38.0435328],[23.9091495,38.0433395],[23.9092334,38.0424694],[23.9102769,38.0439673],[23.9105147,38.0421734],[23.908969,38.040267],[23.9114481,38.0391231],[23.9123024,38.04055],[23.9137401,38.0406102],[23.9153454,38.0415492],[23.9159448,38.0408479],[23.9171089,38.0412767],[23.9177218,38.0402025],[23.9189087,38.0403325],[23.920941,38.0391898],[23.9224277,38.0390555],[23.9235771,38.0397156],[23.9272061,38.0377573],[23.9342898,38.0388368],[23.9404327,38.0373838],[23.9461837,38.0339321],[23.9649802,38.0417083],[23.9696624,38.0389827],[23.9723089,38.0383147],[23.9739035,38.0387957],[23.9778732,38.0389293],[23.9795018,38.038288],[23.9820804,38.0387957],[23.9841438,38.0369151],[23.9847268,38.0355355],[23.9905965,38.0355088],[23.9937519,38.0363907],[23.9977894,38.0398111],[24.0020232,38.0406311],[24.0013463,38.0401998],[24.0010011,38.0384504],[24.002098,38.0373759],[24.0017443,38.0362625],[24.0008323,38.0358907],[23.9999847,38.0346147],[24.000283,38.0330575],[24.004478,38.029871],[24.0044633,38.0292454],[24.00654,38.0289695],[24.0056342,38.0283531],[24.0057274,38.0277696],[24.0075915,38.0282681],[24.0076318,38.0275673],[24.0088146,38.0276765],[24.0089816,38.0262012],[24.0098952,38.0266499],[24.010457,38.0263425],[24.0098384,38.0259553],[24.0102948,38.0246682],[24.0118152,38.0249336],[24.0119268,38.0245332],[24.0110281,38.0243815],[24.0113166,38.0225951],[24.0105649,38.0226093],[24.0106529,38.021828],[24.009829,38.0225517],[24.0091028,38.022323],[24.0093311,38.021149],[24.0131182,38.0185271],[24.0149636,38.017834],[24.0169478,38.0179825],[24.0188575,38.0168415],[24.0197051,38.0150073],[24.0192009,38.0142127],[24.0197909,38.0132406],[24.0186751,38.0125475],[24.0192223,38.0109414],[24.0219293,38.0090019],[24.0227054,38.0089913],[24.0232564,38.0098002],[24.0247904,38.0092421],[24.0249981,38.008769],[24.0236618,38.0082235],[24.0236848,38.0071189],[24.0241554,38.0062842],[24.0253914,38.0060299],[24.024903,38.0048165],[24.0253922,38.0040538],[24.0249392,38.0032261],[24.0238035,38.0031387],[24.0237104,38.0005394],[24.0247265,37.9996521],[24.0261262,37.9996661],[24.0255727,37.9994009],[24.0116493,37.9996814],[24.0023262,37.9978987],[23.9944919,37.9994737],[23.9799625,38.0044576],[23.9757655,38.007205],[23.9730513,38.0080973],[23.9722866,38.0094825],[23.9694208,38.0100071],[23.9677686,38.0092633],[23.9669746,38.0080798],[23.9650435,38.0078177],[23.9639598,38.0061439],[23.9607519,38.0069893],[23.9569432,38.0064229],[23.9564358,38.0039922],[23.9527627,38.0019801],[23.9506944,37.9985107],[23.9470008,37.9965474],[23.9457951,37.9967862],[23.9450951,37.9955825],[23.9381879,37.9972552],[23.9346099,37.9994238],[23.9299151,37.998008],[23.9235576,37.9976325],[23.9251627,37.9987613],[23.9271771,38.0018663],[23.922562,38.0027096],[23.9221624,38.0030626],[23.9224382,38.003857],[23.9202096,38.0045431],[23.919058,38.0073909],[23.9190151,38.0093943],[23.9170372,38.0121543],[23.9161198,38.015293],[23.9132878,38.0147408],[23.9112523,38.0155165],[23.9063311,38.0150928],[23.8974508,38.0160598],[23.8965264,38.0176827],[23.897048,38.0213998],[23.8943464,38.0233755],[23.8947188,38.0257361],[23.8928054,38.0293987],[23.8919481,38.0338522]]]},"properties":{"id":"rafina","gr":"Ραφήνα - Πικέρμι","ru":"Рафина - Пикерми","zone":"east","district":"Ραφήνα-Πικέρμι","centre":[38.01984,23.95403],"sale":2500,"sale_old":2050,"sale_renovated":2950,"sale_new":3550,"rent":9.8,"official":false,"pattern":"ραφηνα|πικερμι|rafina\\ –\\ pikermi|raphena\\ –\\ pikermi"}},{"type":"Feature","geometry":{"type":"MultiPolygon","coordinates":[[[[23.7907975,37.9301256],[23.7911272,37.9344824],[23.7998869,37.9367506],[23.8104194,37.9416614],[23.8143314,37.9447835],[23.8149067,37.9465911],[23.8154066,37.9418617],[23.8179325,37.9364483],[23.8236983,37.9296486],[23.8300131,37.9283058],[23.8380852,37.9310779],[23.8428076,37.9354955],[23.8493421,37.9396098],[23.8532409,37.9474046],[23.8654313,37.9480108],[23.8854193,37.9344561],[23.8847603,37.9304715],[23.8887689,37.9223717],[23.905572,37.9200758],[23.9090863,37.9208122],[23.9222103,37.9192528],[23.9325419,37.9142255],[23.9237532,37.9092631],[23.9211624,37.9065709],[23.921668,37.9048259],[23.9125688,37.8933079],[23.9154755,37.8898172],[23.9145908,37.8876728],[23.9161705,37.8816883],[23.915981,37.8780474],[23.9118737,37.8744064],[23.9062499,37.8713637],[23.9006893,37.8700668],[23.895887,37.8681214],[23.8851449,37.8674729],[23.8859664,37.8593914],[23.8848922,37.8492633],[23.8914006,37.8498621],[23.8924748,37.8456209],[23.8927908,37.8399323],[23.8913374,37.8321472],[23.8898841,37.8288532],[23.883818,37.827306],[23.8822383,37.8259585],[23.8769853,37.8165887],[23.8654289,37.8016099],[23.8608694,37.8027481],[23.8599459,37.8024137],[23.8566373,37.8029891],[23.852291,37.8047033],[23.8516701,37.8056487],[23.8502505,37.8051907],[23.849706,37.8061185],[23.8485819,37.8064856],[23.8490472,37.8069403],[23.8487208,37.8073522],[23.8463235,37.8076043],[23.8462975,37.8090352],[23.8440996,37.8117141],[23.8444442,37.8120123],[23.8439788,37.8127852],[23.8433767,37.8134787],[23.8426352,37.8132791],[23.8432373,37.8138426],[23.8426133,37.8147095],[23.8371809,37.8145812],[23.8365372,37.814154],[23.835696,37.8152999],[23.8369427,37.8181164],[23.8358012,37.818591],[23.8342576,37.8181939],[23.8347347,37.817029],[23.833974,37.8149952],[23.8343335,37.8142447],[23.8314046,37.8140896],[23.8325632,37.8127916],[23.8333946,37.812621],[23.8333894,37.8107526],[23.8312436,37.8097897],[23.827098,37.8100338],[23.8258748,37.8128457],[23.8256935,37.8170927],[23.8258748,37.8207192],[23.8274453,37.826922],[23.8303447,37.8311205],[23.8340898,37.833983],[23.8424257,37.8422359],[23.8388014,37.8484846],[23.8344522,37.8486753],[23.8282909,37.8465289],[23.8272037,37.8449548],[23.8199551,37.8425221],[23.8140958,37.8448594],[23.811136,37.8488661],[23.8118608,37.8521572],[23.8163308,37.8541127],[23.8158476,37.8560204],[23.8115588,37.8589773],[23.8052767,37.8613141],[23.8047935,37.863174],[23.8053371,37.8662737],[23.801592,37.8730925],[23.7989946,37.8751905],[23.7970013,37.8750951],[23.7940432,37.8719492],[23.790843,37.87928],[23.7920911,37.881951],[23.8102785,37.8925991],[23.8080829,37.89852],[23.8039201,37.9007719],[23.8007658,37.9090181],[23.8061269,37.9173797],[23.8068096,37.9203329],[23.8046475,37.9222035],[23.8032526,37.9250644],[23.8036711,37.9282002],[23.7907975,37.9301256]]],[[[23.8600414,37.8024429],[23.8600776,37.8024164],[23.8600293,37.8024164],[23.8600414,37.8024429]]],[[[23.8597052,37.8022407],[23.8598929,37.8021247],[23.8596305,37.8021134],[23.8597052,37.8022407]]],[[[23.8590404,37.802566],[23.8590559,37.802535],[23.8590081,37.8025367],[23.8590404,37.802566]]],[[[23.8587595,37.8022133],[23.8588143,37.8021895],[23.8587489,37.8020988],[23.8587595,37.8022133]]],[[[23.8561125,37.8030289],[23.8561603,37.8029835],[23.8561293,37.8029688],[23.8561125,37.8030289]]],[[[23.8502276,37.8046779],[23.8505195,37.8047729],[23.8500886,37.8044482],[23.8502276,37.8046779]]],[[[23.850401,37.8051399],[23.8504249,37.8051326],[23.8504179,37.8051216],[23.850401,37.8051399]]],[[[23.8503579,37.8052086],[23.8503702,37.8052013],[23.8503502,37.8051727],[23.8503579,37.8052086]]],[[[23.8503271,37.8051648],[23.8503586,37.805138],[23.8503301,37.8051259],[23.8503271,37.8051648]]],[[[23.8503016,37.8050626],[23.8503232,37.8050437],[23.8502793,37.8050194],[23.8503016,37.8050626]]],[[[23.8438524,37.8064742],[23.8456947,37.807375],[23.8460733,37.8071293],[23.8457497,37.8070783],[23.8454966,37.8065487],[23.8450889,37.8066657],[23.8451795,37.8061544],[23.8438524,37.8064742]]],[[[23.8457964,37.8070328],[23.8458466,37.806972],[23.8457789,37.8069904],[23.8457964,37.8070328]]],[[[23.8438552,37.8056367],[23.8439268,37.805578],[23.8438481,37.8055374],[23.8438552,37.8056367]]]]},"properties":{"id":"koropi","gr":"Κορωπί","ru":"Коропи","zone":"east","district":"Κρωπία","centre":[37.87475,23.8559],"sale":2100,"sale_old":1700,"sale_renovated":2500,"sale_new":3000,"rent":8.6,"official":false,"pattern":"κορωπι|koropi"}},{"type":"Feature","geometry":{"type":"Polygon","coordinates":[[[23.8149067,37.9465911],[23.8193039,37.9528989],[23.8220631,37.9698341],[23.8257619,37.9816459],[23.8280075,37.991055],[23.8280948,37.9935608],[23.8336525,37.9987092],[23.8360521,38.0028813],[23.8371358,38.0036254],[23.8391638,38.0039304],[23.8417417,38.0072692],[23.8401904,38.0087764],[23.8401794,38.0107232],[23.8382625,38.0103905],[23.8388422,38.0116564],[23.8669887,38.0061036],[23.8653657,38.004113],[23.8641713,38.0000772],[23.8660935,37.9970463],[23.8658155,37.9938698],[23.8652248,37.9929113],[23.8631398,37.9924457],[23.8617151,37.992925],[23.8596997,37.9959236],[23.857302,37.9962111],[23.8575974,37.9936918],[23.85707,37.9921891],[23.8590942,37.9915625],[23.8574026,37.9891605],[23.8493618,37.9926637],[23.8489621,37.9923975],[23.8503273,37.989037],[23.8533279,37.9766883],[23.8643415,37.976628],[23.8677521,37.9798179],[23.8697617,37.9864095],[23.8736073,37.9925623],[23.8884566,37.9845654],[23.8913756,37.987085],[23.8946188,37.9881988],[23.8977925,37.9883814],[23.9003965,37.9869045],[23.9012255,37.9841941],[23.9005587,37.9825407],[23.8936784,37.981719],[23.8975934,37.9791809],[23.8962961,37.9770627],[23.8941185,37.975054],[23.8909216,37.9731913],[23.8856166,37.9718764],[23.8823039,37.967256],[23.8889989,37.9648087],[23.8904815,37.9635302],[23.8909216,37.9620508],[23.8902962,37.9595668],[23.8906205,37.9584161],[23.9002344,37.9556397],[23.9118637,37.9509817],[23.9148984,37.9491001],[23.9172382,37.945209],[23.9212459,37.9410802],[23.9268984,37.9371338],[23.9477993,37.9268332],[23.9372562,37.9119315],[23.9222103,37.9192528],[23.9090863,37.9208122],[23.905572,37.9200758],[23.8887689,37.9223717],[23.8847603,37.9304715],[23.8854193,37.9344561],[23.8654313,37.9480108],[23.8532409,37.9474046],[23.8493421,37.9396098],[23.8428076,37.9354955],[23.8380852,37.9310779],[23.8300131,37.9283058],[23.8236983,37.9296486],[23.8179325,37.9364483],[23.8154066,37.9418617],[23.8149067,37.9465911]]]},"properties":{"id":"paiania","gr":"Παιανία","ru":"Пеания","zone":"east","district":"Παιανία-Γλυκά Νερά","centre":[37.96081,23.8556],"sale":2400,"sale_old":1950,"sale_renovated":2850,"sale_new":3400,"rent":9.2,"official":false,"pattern":"παιανια|paiania|peania"}},{"type":"Feature","geometry":{"type":"MultiPolygon","coordinates":[[[[24.1150253,38.1140677],[24.1158579,38.1139058],[24.1167052,38.1128765],[24.116208,38.1130068],[24.1150253,38.1140677]]],[[[24.1075404,38.1825533],[24.1082802,38.1825657],[24.1087067,38.1824407],[24.1078925,38.1823642],[24.1075404,38.1825533]]],[[[24.1013587,38.1846205],[24.1022991,38.1846044],[24.1052284,38.1831428],[24.1022261,38.1824278],[24.1013587,38.1846205]]],[[[24.0953375,38.1862508],[24.0958736,38.187663],[24.0996174,38.1852679],[24.0985802,38.184231],[24.0965613,38.1837645],[24.0953375,38.1862508]]],[[[24.0922589,38.1902991],[24.0937361,38.1889171],[24.0926553,38.1895688],[24.0922589,38.1902991]]],[[[23.9019328,38.2157802],[23.9035864,38.2188677],[23.9023219,38.2216648],[23.9034891,38.2273043],[23.9026137,38.2300857],[23.9037615,38.23276],[23.9065824,38.2342117],[23.9110375,38.2413477],[23.9113682,38.242896],[23.9097859,38.2467667],[23.9083592,38.2487631],[23.909734,38.2551389],[23.9130542,38.2627769],[23.9132877,38.2645488],[23.9140918,38.2657504],[23.9175158,38.2670335],[23.9237153,38.271188],[23.9270096,38.2723487],[23.9267242,38.274711],[23.9272689,38.2764215],[23.9285918,38.2777858],[23.9308486,38.2789261],[23.9327421,38.2810031],[23.935362,38.2821637],[23.9361464,38.2877385],[23.9366427,38.2883738],[23.9381232,38.2884234],[23.9435473,38.2875782],[23.9443814,38.2865092],[23.946392,38.285886],[23.9469858,38.2850788],[23.9507146,38.2861503],[23.9518627,38.2850853],[23.9541923,38.2850541],[23.9543258,38.2841771],[23.956822,38.2832025],[23.9586044,38.2802466],[23.9605143,38.2799863],[23.9669202,38.2739334],[23.9686302,38.2709873],[23.9713139,38.2692814],[23.971477,38.2684593],[23.9733996,38.2678124],[23.9731916,38.2661038],[23.9756913,38.2643081],[23.9757245,38.263606],[23.9819569,38.2619494],[23.9828802,38.25946],[23.9859675,38.2562851],[23.9915379,38.2528979],[23.9951674,38.2497767],[23.9952085,38.248203],[24.0007883,38.2454719],[24.0009418,38.2432564],[24.0027641,38.2423088],[24.0052638,38.2423288],[24.0060615,38.2415583],[24.0103997,38.2407831],[24.0104823,38.2397424],[24.0115327,38.238451],[24.0137573,38.2373572],[24.0131642,38.2364333],[24.0172442,38.2365145],[24.0176305,38.2358572],[24.0170364,38.2354655],[24.0165839,38.233812],[24.0171384,38.2336113],[24.0182849,38.2343571],[24.0184261,38.2323469],[24.0212675,38.2322418],[24.0218285,38.2303536],[24.023585,38.2291488],[24.0237826,38.2270203],[24.0251192,38.2269154],[24.0269933,38.2246879],[24.0294251,38.2233564],[24.0293824,38.2225542],[24.0316429,38.2208562],[24.0333083,38.2200163],[24.0340826,38.2201725],[24.035358,38.2189408],[24.0379638,38.2178132],[24.0380086,38.2171559],[24.0402093,38.2164299],[24.0459546,38.2164131],[24.0456971,38.2147862],[24.0483257,38.2135133],[24.0478536,38.2131845],[24.0480253,38.2117852],[24.0473171,38.2100907],[24.048508,38.2100486],[24.0476927,38.2094753],[24.0482827,38.2080337],[24.0576812,38.2051083],[24.0617903,38.2011036],[24.0710171,38.2003111],[24.0728303,38.1994005],[24.0728732,38.1969975],[24.0743186,38.1952292],[24.0734311,38.1932031],[24.0736284,38.1915136],[24.0703239,38.1902049],[24.0678005,38.1902993],[24.0674559,38.1894132],[24.0664992,38.1891301],[24.0675864,38.1902708],[24.0655322,38.1911274],[24.0635433,38.190387],[24.0617494,38.1890311],[24.0610179,38.1861451],[24.0600201,38.1846356],[24.0575579,38.183187],[24.0575007,38.1824083],[24.0603216,38.1800952],[24.0595256,38.1792472],[24.0596701,38.1785039],[24.0637352,38.1722979],[24.0652987,38.1715969],[24.0657278,38.1705594],[24.0693005,38.1694882],[24.0733668,38.169969],[24.0757378,38.1695135],[24.0796968,38.1654815],[24.0799328,38.1624532],[24.0793749,38.1615927],[24.0775151,38.1621449],[24.0775093,38.1616487],[24.0764414,38.1616231],[24.073238,38.1632208],[24.0703841,38.1633895],[24.0680774,38.1608251],[24.0661892,38.1603358],[24.0653201,38.160766],[24.0623697,38.1598887],[24.0603205,38.1580159],[24.0608355,38.1520428],[24.0643279,38.1502908],[24.0596875,38.1490223],[24.0596286,38.1483779],[24.0571877,38.1459849],[24.0570066,38.1430075],[24.0555646,38.1417317],[24.055968,38.1394365],[24.0588949,38.1377286],[24.0576417,38.1365472],[24.0579164,38.1342653],[24.0616843,38.1302415],[24.0615556,38.12906],[24.0597405,38.1275332],[24.0581224,38.1243945],[24.057822,38.1221865],[24.0569036,38.1221798],[24.0567663,38.1253735],[24.057925,38.1300052],[24.0547406,38.1337793],[24.054157,38.137013],[24.0525348,38.1380729],[24.0527065,38.1422313],[24.0504268,38.142938],[24.0457624,38.1431659],[24.037528,38.1422693],[24.0237308,38.1379869],[24.0111674,38.1318886],[24.0042132,38.1274286],[24.0018362,38.1244382],[23.9912485,38.1177065],[23.991083,38.1160414],[23.9910782,38.1169612],[23.990446,38.1171258],[23.9880102,38.1158861],[23.9846648,38.1127071],[23.9819625,38.1088386],[23.9807919,38.1054589],[23.9806631,38.1002246],[23.9814623,38.0934492],[23.9824696,38.0925738],[23.9819688,38.0920333],[23.9836024,38.0886692],[23.9829634,38.088524],[23.9831813,38.0878718],[23.9839244,38.0876687],[23.9834959,38.0884232],[23.9863953,38.0896158],[23.9868588,38.0909465],[23.9863524,38.0894064],[23.9840937,38.0883365],[23.9868876,38.0826908],[23.989246,38.0797577],[23.9912658,38.0785127],[23.9932792,38.0742956],[23.9975257,38.0703672],[23.9969939,38.070138],[23.9972419,38.0695157],[23.9993088,38.0688563],[23.9993303,38.069608],[24.0000825,38.0676891],[24.0018474,38.0684551],[24.0024269,38.0675457],[24.0022312,38.0659674],[24.0011529,38.066287],[24.0000708,38.0655407],[23.9998368,38.0660732],[23.9989762,38.0658324],[23.9979892,38.0641261],[23.9987187,38.0622509],[23.9980964,38.0601137],[23.9993732,38.0594294],[23.9976834,38.0593533],[23.9984907,38.0589838],[23.9979436,38.0585023],[23.9986964,38.0586429],[23.9987026,38.057818],[23.9993651,38.0575815],[23.9995926,38.0570629],[23.9989502,38.0576504],[23.998181,38.0575141],[23.9987333,38.0572518],[23.997956,38.0560112],[23.9989622,38.0551386],[23.9977654,38.0555406],[23.9977918,38.0548585],[23.9986865,38.054519],[23.996827,38.0514498],[23.9977504,38.0478059],[23.9985707,38.0469839],[23.9997956,38.0471052],[24.0001901,38.0468651],[24.0003032,38.0465892],[23.9998917,38.0460603],[24.0000825,38.0468237],[23.9993547,38.0467186],[23.9993674,38.0462012],[23.9988718,38.0464379],[23.998898,38.0461228],[23.9995746,38.0461203],[23.999099,38.0459496],[23.9992638,38.0451486],[24.000831,38.0447218],[24.0027818,38.0432347],[24.0020677,38.040648],[23.9977894,38.0398111],[23.9937519,38.0363907],[23.9905965,38.0355088],[23.9847268,38.0355355],[23.9841438,38.0369151],[23.9820804,38.0387957],[23.9795018,38.038288],[23.9778732,38.0389293],[23.9739035,38.0387957],[23.9723089,38.0383147],[23.9696624,38.0389827],[23.9649802,38.0417083],[23.9618905,38.0423331],[23.95588,38.0464147],[23.9539365,38.0463863],[23.9474022,38.0528798],[23.9419635,38.054744],[23.9317901,38.0611422],[23.9291668,38.0657769],[23.9208489,38.0675903],[23.9180336,38.0696052],[23.9132348,38.0690511],[23.9118912,38.0695549],[23.9096517,38.0690511],[23.9067059,38.0699184],[23.9165359,38.0720083],[23.9328024,38.0719736],[23.9335077,38.0724941],[23.932582,38.0891498],[23.9319207,38.0905376],[23.9305542,38.0911274],[23.925661,38.0960538],[23.9235891,38.0992801],[23.9209001,38.1016043],[23.9232805,38.1052466],[23.9259255,38.1060444],[23.931524,38.114577],[23.9340808,38.1149932],[23.9341248,38.1157909],[23.9332432,38.1163111],[23.9353151,38.1169007],[23.935271,38.1178371],[23.9378278,38.1179759],[23.9401642,38.1192244],[23.939018,38.119918],[23.9389299,38.120681],[23.9404287,38.1218601],[23.9410899,38.1206116],[23.9417511,38.1205076],[23.9461594,38.1225884],[23.9461153,38.1232126],[23.9450133,38.12349],[23.9441757,38.1249119],[23.9439994,38.1287264],[23.9418834,38.1308763],[23.9350065,38.1336503],[23.9327142,38.1370136],[23.9328465,38.1490093],[23.9320089,38.1509506],[23.923545,38.1538972],[23.9199743,38.1575369],[23.9186078,38.1574329],[23.9156983,38.1555264],[23.9145962,38.1563583],[23.9137587,38.1584381],[23.9097031,38.1591314],[23.9093546,38.1619109],[23.9060571,38.1619912],[23.9059404,38.16419],[23.9042089,38.1666985],[23.9030806,38.1713023],[23.9041311,38.1775574],[23.9059793,38.1829098],[23.9053373,38.1856165],[23.9019328,38.1912129],[23.9031779,38.1942098],[23.9046953,38.1957846],[23.903932,38.1968704],[23.9047731,38.1997138],[23.9066213,38.201579],[23.9042089,38.2063181],[23.9019328,38.2081373],[23.9019328,38.2157802]]]]},"properties":{"id":"marathonas","gr":"Μαραθώνας - Νέα Μάκρη","ru":"Марафонас - Неа Макри","zone":"east","district":"Μαραθώνας","centre":[38.16195,23.9884],"sale":2300,"sale_old":1900,"sale_renovated":2700,"sale_new":3250,"rent":9.2,"official":false,"pattern":"μαραθωνασ|νεα\\ μακρη|marathonas\\ –\\ nea\\ makri|marathonas\\ –\\ nea\\ makre|marathon"}},{"type":"Feature","geometry":{"type":"MultiPolygon","coordinates":[[[[23.8654289,37.8016099],[23.8769853,37.8165887],[23.8822383,37.8259585],[23.883818,37.827306],[23.8898841,37.8288532],[23.8913374,37.8321472],[23.8927908,37.8399323],[23.8924748,37.8456209],[23.8914006,37.8498621],[23.8848922,37.8492633],[23.8859664,37.8593914],[23.8851449,37.8674729],[23.892219,37.8677437],[23.9034967,37.861866],[23.9118033,37.8589486],[23.9167734,37.8584984],[23.9235692,37.8565473],[23.9362958,37.8553278],[23.9523585,37.8553278],[23.9633553,37.8500595],[23.965703,37.8494741],[23.9678035,37.8502546],[23.971016,37.8542059],[23.9781207,37.8560595],[23.9922682,37.8567424],[23.9973959,37.8595227],[24.0032971,37.857067],[24.0118524,37.8560595],[24.0172272,37.8580594],[24.0279151,37.8557668],[24.0298921,37.8558644],[24.0325486,37.8503034],[24.0442268,37.8483146],[24.0405754,37.8458671],[24.0310105,37.8420905],[24.0176736,37.8304403],[24.014171,37.8293231],[24.0084455,37.8321427],[24.0066269,37.8323555],[24.002518,37.8301211],[23.9998237,37.8296423],[23.988979,37.8178838],[23.98615,37.8186819],[23.9798857,37.8220873],[23.9755747,37.8226193],[23.9742276,37.8219808],[23.9712638,37.815915],[23.9678959,37.8184691],[23.9630461,37.8194801],[23.9620357,37.8184691],[23.9602171,37.8204378],[23.9560409,37.8166599],[23.9515952,37.8172984],[23.9439164,37.8218744],[23.9433102,37.8205974],[23.9379889,37.819214],[23.9335432,37.8107],[23.9396728,37.8089971],[23.9443879,37.8067088],[23.956445,37.7973417],[23.9655384,37.7919658],[23.969984,37.7901028],[23.970927,37.7885058],[23.9710617,37.7866959],[23.9670202,37.7720555],[23.967155,37.769979],[23.9663467,37.7677426],[23.9593414,37.7576784],[23.9586678,37.755921],[23.9594088,37.753844],[23.9612274,37.7516605],[23.9662793,37.7483584],[23.9683001,37.746228],[23.9682327,37.7450029],[23.9632084,37.7437884],[23.9698493,37.7388242],[23.9718027,37.7362141],[23.9791447,37.7344029],[23.980694,37.7330711],[23.9839272,37.7269446],[23.9837924,37.7247603],[23.9870256,37.7203382],[23.9860826,37.7157559],[23.9841292,37.7129851],[23.9841292,37.710001],[23.9823106,37.7048319],[23.9829841,37.7024337],[23.9800877,37.7021673],[23.9726783,37.6951855],[23.966212,37.6843118],[23.9652016,37.6714638],[23.9653335,37.6656169],[23.9634661,37.6654295],[23.9587757,37.6674398],[23.9561799,37.6673834],[23.9533094,37.6681638],[23.9495913,37.6701129],[23.9476962,37.6698128],[23.9476097,37.6691023],[23.9466559,37.6687541],[23.9446084,37.6688287],[23.9432406,37.6695432],[23.9437888,37.6702664],[23.9408109,37.6704517],[23.9396612,37.6716616],[23.9379184,37.6719472],[23.9374999,37.6729918],[23.9379184,37.6742095],[23.9406059,37.6766079],[23.9418569,37.6802232],[23.9407449,37.6805157],[23.94077,37.681013],[23.9413553,37.6810574],[23.9410082,37.6819604],[23.9396994,37.6821102],[23.9397152,37.6827757],[23.9380486,37.6832397],[23.9378083,37.6839461],[23.9383979,37.6845157],[23.9380276,37.6851366],[23.9369849,37.6841962],[23.9359754,37.6847549],[23.9375037,37.6869825],[23.9368433,37.6883018],[23.9384777,37.6890611],[23.9387056,37.6897234],[23.9382546,37.6907995],[23.9371883,37.6912017],[23.9379592,37.6924928],[23.9368906,37.6931885],[23.9365909,37.6945484],[23.9378941,37.695075],[23.9381079,37.6959583],[23.9369215,37.6981061],[23.9370455,37.6995059],[23.9395289,37.7005222],[23.9397977,37.7018457],[23.9384361,37.7051628],[23.9365,37.7059219],[23.9352135,37.7084765],[23.9372945,37.7098822],[23.9396549,37.710439],[23.9404626,37.7120801],[23.9415431,37.7119532],[23.9438054,37.7141466],[23.9456845,37.7147742],[23.9451921,37.7154529],[23.945305,37.7170671],[23.9438754,37.7175188],[23.9435018,37.718224],[23.9451863,37.7174972],[23.9460034,37.7193105],[23.9450936,37.7195776],[23.9457719,37.7199851],[23.9458137,37.7207899],[23.943062,37.7235816],[23.9409247,37.7247765],[23.9369559,37.7254155],[23.9346331,37.7249657],[23.9336166,37.724516],[23.9330573,37.7234626],[23.933803,37.7230001],[23.9335017,37.7217097],[23.9344106,37.72061],[23.9340606,37.7197543],[23.9313207,37.7199039],[23.930162,37.7191706],[23.9295765,37.7197641],[23.9276729,37.7200872],[23.9230601,37.7186504],[23.9238755,37.7171652],[23.9257881,37.7167625],[23.9261479,37.7157778],[23.9250808,37.7144587],[23.9232097,37.7138204],[23.9214788,37.7140532],[23.9218364,37.715545],[23.9228403,37.7160138],[23.9233666,37.7170359],[23.921651,37.7186561],[23.9204631,37.7188244],[23.919794,37.7175626],[23.9185552,37.7174004],[23.9174403,37.7185837],[23.9167833,37.7182063],[23.9170631,37.716956],[23.9162468,37.7165115],[23.9153398,37.7171809],[23.9157436,37.7183322],[23.9153548,37.7188666],[23.9142823,37.7191883],[23.9134818,37.7185808],[23.9135478,37.7193217],[23.9123378,37.7195749],[23.9109055,37.7188755],[23.9096464,37.7196712],[23.909572,37.7208133],[23.9067622,37.7247338],[23.9078983,37.7254977],[23.9074519,37.7273442],[23.9064906,37.728505],[23.9045819,37.7290067],[23.9042075,37.729727],[23.9050374,37.7300935],[23.9041705,37.7307512],[23.9044723,37.7312328],[23.9028798,37.7312438],[23.9026454,37.731777],[23.903521,37.7321654],[23.9036805,37.7326416],[23.9034314,37.7333614],[23.9015039,37.7340653],[23.9023156,37.7344362],[23.902863,37.735524],[23.9041496,37.7351381],[23.9050883,37.7367129],[23.9043911,37.738975],[23.9038392,37.7391873],[23.9045412,37.7413801],[23.9042895,37.7425618],[23.9021918,37.74376],[23.9032291,37.7447991],[23.9021033,37.7457834],[23.901929,37.7466466],[23.9045843,37.7474806],[23.9048955,37.7486804],[23.904615,37.7496039],[23.9025541,37.7514282],[23.9016175,37.7544817],[23.9019394,37.754204],[23.9022877,37.7559048],[23.9016235,37.7597924],[23.9024902,37.7607832],[23.9006662,37.7631836],[23.9004332,37.764201],[23.900888,37.7644352],[23.900405,37.7647225],[23.901609,37.7685744],[23.9022963,37.7691476],[23.9012239,37.7726033],[23.9012992,37.7741377],[23.8981793,37.7760621],[23.8966262,37.7757252],[23.8971133,37.7762826],[23.8967411,37.7777804],[23.8919523,37.7792682],[23.890593,37.7787454],[23.8907185,37.7776427],[23.8884934,37.7771601],[23.8886492,37.7764056],[23.8881034,37.7758182],[23.8885636,37.7755065],[23.8879454,37.7749711],[23.8883303,37.775018],[23.8857511,37.7732293],[23.8859012,37.7741568],[23.8849723,37.7747028],[23.885532,37.7750048],[23.8853065,37.7757103],[23.8872551,37.777281],[23.8868791,37.77795],[23.887247,37.7790081],[23.8863981,37.7792484],[23.8867258,37.7796935],[23.8861899,37.7800611],[23.8866902,37.7813798],[23.8881101,37.7806718],[23.8888031,37.7809986],[23.8893085,37.7820816],[23.8886723,37.7835935],[23.8835991,37.7882735],[23.8772158,37.7912137],[23.8767831,37.7917771],[23.8773566,37.792325],[23.8770467,37.7928538],[23.8756528,37.7927289],[23.8744496,37.7941301],[23.8729423,37.7933522],[23.8699312,37.7935911],[23.8695209,37.7941588],[23.8693838,37.7936074],[23.8688413,37.7946554],[23.8709942,37.7951027],[23.8714912,37.7956834],[23.8697286,37.7981236],[23.8702597,37.7986768],[23.8700021,37.7995787],[23.8654289,37.8016099]]],[[[23.9336601,37.7189889],[23.9336509,37.7189588],[23.9336342,37.7189672],[23.9336601,37.7189889]]],[[[23.9335176,37.7189906],[23.9336103,37.7190052],[23.9334902,37.7188391],[23.9335176,37.7189906]]],[[[23.9335516,37.719201],[23.9335738,37.7191872],[23.9335602,37.7191699],[23.9335516,37.719201]]],[[[23.9319945,37.7197406],[23.9319997,37.7197213],[23.9319597,37.7197007],[23.9319945,37.7197406]]],[[[23.9306008,37.719315],[23.9306866,37.7193226],[23.9306469,37.71927],[23.9306008,37.719315]]],[[[23.9296497,37.7194334],[23.9296734,37.7194022],[23.9296339,37.7193708],[23.9296497,37.7194334]]],[[[23.9290836,37.7196714],[23.9291775,37.7196164],[23.9291595,37.7195864],[23.9290836,37.7196714]]],[[[23.9289138,37.7194883],[23.9289897,37.7194413],[23.9288721,37.7193671],[23.9289138,37.7194883]]],[[[23.9284809,37.7198725],[23.9285106,37.7198822],[23.9284909,37.7198193],[23.9284809,37.7198725]]],[[[23.9263826,37.714635],[23.9267753,37.7147003],[23.927246,37.714318],[23.9268453,37.7143883],[23.9263826,37.714635]]],[[[23.9263519,37.715191],[23.9266411,37.7148686],[23.9265014,37.7148717],[23.9263519,37.715191]]],[[[23.9092557,37.7159384],[23.9093009,37.715939],[23.9093128,37.7155322],[23.9092557,37.7159384]]],[[[23.8936059,37.7098339],[23.8938236,37.710431],[23.8948951,37.7106689],[23.8946603,37.7111809],[23.8966701,37.7132121],[23.9013576,37.7143978],[23.9019691,37.7140244],[23.9027738,37.7145336],[23.9053702,37.7146185],[23.9065504,37.7140923],[23.9064431,37.7131417],[23.9074784,37.7124493],[23.9069044,37.7113169],[23.9049518,37.7103408],[23.9053112,37.7086216],[23.9018172,37.706319],[23.8988304,37.7059696],[23.8971835,37.7065453],[23.8959791,37.7076812],[23.8940985,37.7083539],[23.8942037,37.7093124],[23.8936059,37.7098339]]],[[[23.9066765,37.7241946],[23.906732,37.7241836],[23.9066996,37.7241361],[23.9066765,37.7241946]]],[[[23.9066081,37.7247007],[23.906677,37.7247127],[23.9065789,37.7246407],[23.9066081,37.7247007]]],[[[23.9059864,37.7284452],[23.9060465,37.7284236],[23.9060015,37.7283826],[23.9059864,37.7284452]]],[[[23.9058585,37.7285138],[23.905887,37.7285138],[23.9058715,37.7284867],[23.9058585,37.7285138]]],[[[23.9057776,37.7284615],[23.9057989,37.7284499],[23.9057752,37.7284331],[23.9057776,37.7284615]]],[[[23.9055567,37.7285132],[23.905629,37.7284884],[23.905614,37.728456],[23.9055567,37.7285132]]],[[[23.9052474,37.714758],[23.9053164,37.7147507],[23.9052796,37.7147134],[23.9052474,37.714758]]],[[[23.905291,37.7148917],[23.9052999,37.7148762],[23.9052746,37.7148659],[23.905291,37.7148917]]],[[[23.9045353,37.7378275],[23.90457,37.7378166],[23.9045578,37.7377561],[23.9045353,37.7378275]]],[[[23.904438,37.7379883],[23.9044901,37.7378852],[23.9044484,37.7378797],[23.904438,37.7379883]]],[[[23.9043,37.7389303],[23.9043277,37.7389131],[23.904302,37.738888],[23.9043,37.7389303]]],[[[23.9038147,37.7289096],[23.9043005,37.7290237],[23.9041155,37.7288597],[23.9038147,37.7289096]]],[[[23.9040786,37.739035],[23.9041003,37.7390147],[23.9040311,37.7390006],[23.9040786,37.739035]]],[[[23.9038551,37.7391398],[23.9039145,37.7391335],[23.9039065,37.7391132],[23.9038551,37.7391398]]],[[[23.9038963,37.728701],[23.9039054,37.728689],[23.9038739,37.7286747],[23.9038963,37.728701]]],[[[23.9035728,37.7286362],[23.9036521,37.7286202],[23.9035707,37.7285623],[23.9035728,37.7286362]]],[[[23.9034677,37.7329414],[23.9035716,37.7326325],[23.9033882,37.7327246],[23.9034677,37.7329414]]],[[[23.903172,37.7472661],[23.9031628,37.747177],[23.9031512,37.7471831],[23.903172,37.7472661]]],[[[23.9031085,37.7430312],[23.9031231,37.7430094],[23.9031134,37.7430028],[23.9031085,37.7430312]]],[[[23.9030295,37.743009],[23.9030717,37.7430025],[23.9030601,37.7429821],[23.9030295,37.743009]]],[[[23.9030121,37.7430439],[23.9030285,37.7430324],[23.9030159,37.7430212],[23.9030121,37.7430439]]],[[[23.9029599,37.7311807],[23.9029965,37.7311798],[23.9029693,37.7311332],[23.9029599,37.7311807]]],[[[23.9029539,37.7430427],[23.902967,37.743022],[23.9029389,37.7430021],[23.9029539,37.7430427]]],[[[23.9027103,37.7469502],[23.9027383,37.7469613],[23.9027126,37.7468967],[23.9027103,37.7469502]]],[[[23.9026753,37.7313553],[23.9027033,37.731373],[23.9027057,37.731349],[23.9026753,37.7313553]]],[[[23.9026755,37.7312694],[23.902699,37.7312472],[23.9026867,37.7312364],[23.9026755,37.7312694]]],[[[23.9026117,37.7313961],[23.9026403,37.7313756],[23.9026008,37.7313411],[23.9026117,37.7313961]]],[[[23.9025248,37.7469936],[23.9026135,37.7469924],[23.9025223,37.7469063],[23.9025248,37.7469936]]],[[[23.9024715,37.7317249],[23.9025639,37.7318178],[23.9024643,37.7316259],[23.9024715,37.7317249]]],[[[23.9023793,37.734686],[23.9024007,37.7346558],[23.9023687,37.7346329],[23.9023793,37.734686]]],[[[23.902283,37.7469484],[23.9023507,37.7469502],[23.9022666,37.7468948],[23.902283,37.7469484]]],[[[23.9022024,37.7315828],[23.9023006,37.7316259],[23.9022324,37.7315439],[23.9022024,37.7315828]]],[[[23.9022328,37.7347343],[23.9022862,37.7347053],[23.9022114,37.7346981],[23.9022328,37.7347343]]],[[[23.9022506,37.7455989],[23.9022547,37.7455668],[23.9021998,37.7455844],[23.9022506,37.7455989]]],[[[23.9021061,37.7345882],[23.9021366,37.7345882],[23.9021183,37.7345605],[23.9021061,37.7345882]]],[[[23.9020046,37.7314511],[23.9020496,37.7314457],[23.901995,37.7314026],[23.9020046,37.7314511]]],[[[23.9019044,37.7462988],[23.901929,37.746272],[23.9019105,37.7462537],[23.9019044,37.7462988]]],[[[23.9018217,37.7338805],[23.9017992,37.7337612],[23.9017701,37.733781],[23.9018217,37.7338805]]],[[[23.9017699,37.7337506],[23.9017789,37.733731],[23.9017407,37.7337186],[23.9017699,37.7337506]]],[[[23.9016676,37.7702465],[23.9017327,37.7702192],[23.9017205,37.7701871],[23.9016676,37.7702465]]],[[[23.9014569,37.7337748],[23.9014868,37.7337384],[23.9014454,37.7337202],[23.9014569,37.7337748]]],[[[23.9013568,37.7339512],[23.9014155,37.7339321],[23.901389,37.7339121],[23.9013568,37.7339512]]],[[[23.9013568,37.7338512],[23.9013902,37.7338466],[23.9013913,37.7338075],[23.9013568,37.7338512]]],[[[23.9013361,37.7337793],[23.9013442,37.7337557],[23.9013304,37.7337493],[23.9013361,37.7337793]]],[[[23.9012292,37.7337366],[23.9012614,37.7337439],[23.9012637,37.7337066],[23.9012292,37.7337366]]],[[[23.8995041,37.7397195],[23.8995295,37.7399101],[23.899657,37.7396389],[23.8995041,37.7397195]]],[[[23.8993444,37.7398444],[23.8993861,37.739819],[23.8992575,37.7397661],[23.8993444,37.7398444]]],[[[23.8991996,37.7399547],[23.8992629,37.7399781],[23.8992548,37.7398869],[23.8991996,37.7399547]]],[[[23.8981639,37.756989],[23.8986493,37.757527],[23.8991072,37.7571516],[23.8987647,37.7567355],[23.8981639,37.756989]]],[[[23.8989427,37.7334433],[23.8990123,37.7334036],[23.8989799,37.7333831],[23.8989427,37.7334433]]],[[[23.896885,37.7566215],[23.897013,37.7563923],[23.8965887,37.7560945],[23.896885,37.7566215]]],[[[23.8969133,37.7561476],[23.8969777,37.7561115],[23.8969146,37.7560875],[23.8969133,37.7561476]]],[[[23.8962548,37.7562083],[23.8963393,37.756207],[23.8963031,37.756149],[23.8962548,37.7562083]]],[[[23.8937451,37.7294559],[23.8937965,37.7294338],[23.8936842,37.7293955],[23.8937451,37.7294559]]],[[[23.8933567,37.7293096],[23.8935359,37.7293705],[23.8933545,37.729208],[23.8933567,37.7293096]]],[[[23.8930367,37.7290175],[23.8931475,37.7290854],[23.8930976,37.7289496],[23.8930367,37.7290175]]],[[[23.8927576,37.7293001],[23.8931076,37.7293313],[23.8929737,37.7290312],[23.8927576,37.7293001]]],[[[23.8895796,37.761391],[23.8903141,37.7616384],[23.8910572,37.761536],[23.8901037,37.7610973],[23.8895796,37.761391]]],[[[23.8906927,37.7612325],[23.8907268,37.7612077],[23.8906864,37.7611702],[23.8906927,37.7612325]]],[[[23.8904847,37.7771606],[23.8905147,37.7771671],[23.890557,37.7769007],[23.8904847,37.7771606]]],[[[23.8902867,37.7611485],[23.8903211,37.7611511],[23.8902905,37.7611055],[23.8902867,37.7611485]]],[[[23.8902092,37.7610861],[23.8902767,37.7610025],[23.8901827,37.7609867],[23.8902092,37.7610861]]],[[[23.8898985,37.7611759],[23.8899159,37.7611454],[23.8898878,37.7611359],[23.8898985,37.7611759]]],[[[23.8895367,37.7614214],[23.8895628,37.7613893],[23.8895075,37.7613868],[23.8895367,37.7614214]]],[[[23.8893883,37.7771191],[23.8894186,37.7771127],[23.8893696,37.7770582],[23.8893883,37.7771191]]],[[[23.8869877,37.7786063],[23.8871094,37.778644],[23.8870878,37.7786087],[23.8869877,37.7786063]]],[[[23.886889,37.778405],[23.8869307,37.7784041],[23.8869261,37.7783871],[23.886889,37.778405]]],[[[23.8868721,37.7782665],[23.8869276,37.7782775],[23.8868521,37.7781947],[23.8868721,37.7782665]]],[[[23.8867627,37.7779974],[23.8867766,37.7779841],[23.8867458,37.777956],[23.8867627,37.7779974]]],[[[23.8862025,37.7799879],[23.8862481,37.7799508],[23.8861783,37.7799413],[23.8862025,37.7799879]]],[[[23.8860281,37.7800568],[23.8861005,37.7800399],[23.8860442,37.7799561],[23.8860281,37.7800568]]],[[[23.8858578,37.7800801],[23.8858846,37.780078],[23.8858618,37.7800589],[23.8858578,37.7800801]]],[[[23.8838917,37.7830038],[23.8846886,37.784093],[23.885243,37.7838096],[23.8844706,37.7829008],[23.8838917,37.7830038]]],[[[23.8778474,37.7888257],[23.8780263,37.7893237],[23.8781239,37.7893076],[23.8778474,37.7888257]]],[[[23.8763331,37.7890619],[23.8763758,37.7890603],[23.8763554,37.7890169],[23.8763331,37.7890619]]],[[[23.8761847,37.7891727],[23.876331,37.7892193],[23.8762416,37.7890844],[23.8761847,37.7891727]]],[[[23.876083,37.7890185],[23.8761359,37.7890121],[23.8761013,37.7889671],[23.876083,37.7890185]]],[[[23.8716744,37.7640944],[23.8726728,37.7643171],[23.8734882,37.7638516],[23.8725789,37.7636126],[23.8716744,37.7640944]]],[[[23.8733505,37.7637581],[23.8733826,37.7637405],[23.873337,37.7637001],[23.8733505,37.7637581]]],[[[23.872953,37.765193],[23.873064,37.7648651],[23.8727665,37.7648225],[23.872953,37.765193]]],[[[23.8620206,37.7709054],[23.8620705,37.7708734],[23.861983,37.7708418],[23.8620206,37.7709054]]]]},"properties":{"id":"saronikos","gr":"Σαρωνικός - Ανάβυσσος","ru":"Сароникос - Анависос","zone":"east","district":"Σαρωνικός","centre":[37.76623,23.93309],"sale":2200,"sale_old":1800,"sale_renovated":2600,"sale_new":3100,"rent":9.8,"official":false,"pattern":"σαρωνικοσ|αναβυσσοσ|saronikos\\ –\\ anavyssos|saronikos\\ –\\ anabussos"}}],"areas_without_polygon":[]}