name,type,domain,website,final_url,site_status,robots_ok,has_listings,listing_links,platform,street,locality,postal_code,lat,lon,gemi,smasth_members,found_via,vrisko_url,vrisko_area
2310 REAL ESTATE (Ιερισσιώτης Θεμελής Κ.),independent,2310realestate.gr,https://www.2310realestate.gr,https://www.2310realestate.gr,ok,yes,yes,33,,"Μητροπόλεως 110, 1ος 'Οροφος",Θεσσαλονίκη,54621,40.6276130000000,22.9498689285714,,,vrisko.gr,https://www.vrisko.gr/details/2a303_246j5114c16342bd_b5b0hb35h,thessalonikis
AGN REAL ESTATE,independent,agnrealestate.gr,https://agnrealestate.gr,https://www.agnrealestate.gr/,ok,yes,yes,7,wordpress,ΚΑΡΑΚΑΣΗ Δ 58,ανατολική θερσσαλονίκη,,,,172414706000,1,smasth.gr,,
ANGELOU REAL ESTATE (Αγγέλου Γεώργιος Χ.),independent,angelou-realestate.gr,https://www.angelou-realestate.gr,https://www.angelou-realestate.gr,ok,yes,yes,5,,Μητροπόλεως 50,Θεσσαλονίκη,54623,40.6314513333333,22.9434563199330,039875106000,1,vrisko.gr;smasth.gr,https://www.vrisko.gr/details/263j3gabd7b21c20b027cf57d0_k5a2i,thessalonikis
ARCUS REAL ESTATE - ARCUS ΟΕ,independent,arcusrealestate.gr,https://www.arcusrealestate.gr,https://arcusrealestate.gr/el,ok,yes,yes,11,,Ψαρών 21,Θεσσαλονίκη - Κάτω Τούμπα,54642,40.6112359000000,22.9635866881720,,,vrisko.gr,https://www.vrisko.gr/details/1j2_5f7d0641544k542d1_75a64d3b6i,thessalonikis
ARCUS REAL ESTATE - ARCUS ΟΕ,independent,arcusrealestate.gr,https://www.arcusrealestate.gr,https://arcusrealestate.gr/el,ok,yes,yes,11,,Ερμού 75,Θεσσαλονίκη,54623,40.6336975000000,22.9456444526411,,,vrisko.gr,https://www.vrisko.gr/details/4h7f6d_3045c41c11_110h511e0i5h47,thessaloniki
ARCUS REAL ESTATE - ARCUS ΟΕ,independent,arcusrealestate.gr,https://www.arcusrealestate.gr,https://arcusrealestate.gr/el,ok,yes,yes,11,,Τσαλουχίδη 54,Καλαμαριά,55133,,,151178406000,2,vrisko.gr;smasth.gr,https://www.vrisko.gr/details/32a77_0i7i__7g76402471ai73720e7b,kalamaria
BEST HOUSE (Σταμπουλή Ζωή Μ.),independent,best-house.gr,https://www.best-house.gr,https://www.best-house.gr,ok,yes,yes,31,joomla,Μεγάλου Αλεξάνδρου 24,Αμπελόκηποι,56123,40.6544138594771,22.9234613000000,138775306000,1,vrisko.gr;smasth.gr,https://www.vrisko.gr/details/ba3h622kc5bi4d003f2541340c74de35,thessalonikis
CASA NOVA (Αναστασιάδης Βασίλειος Α.),independent,casanova.com.gr,https://casanova.com.gr,https://casanova.com.gr/el,ok,yes,yes,15,,Παπάφη Ιωάννη 62,Θεσσαλονίκη,54639,40.6179444009463,22.9639340999999,,,vrisko.gr,https://www.vrisko.gr/details/07312g6aa_aj6i0b31b0_0653b760ccc,thessalonikis
DASKALAKI PROPERTIES (Δασκαλάκη Παρασκευή),independent,daskalakiproperties.gr,https://daskalakiproperties.gr,https://daskalakiproperties.gr/el,ok,yes,yes,24,,Καθηγητού Ρωσσίδη 3Β,Καλαμαριά,55131,40.5926710000000,22.9505601501457,,,vrisko.gr,https://www.vrisko.gr/details/a13hd51b53cdb06k45_f533e7i0672bc,thessalonikis
DAVETI HOME BROKERS (Δαβέτη Στέλλα Β.),independent,daveti.gr,https://daveti.gr,https://www.daveti.gr/,ok,yes,yes,18,,Κομνηνών 6,Πανόραμα,55236,40.5914636000000,23.0330283432526,,,vrisko.gr,https://www.vrisko.gr/details/1ha11h1_0h_g_56k0g1d54cjca407j1e,thessalonikis
DOMISIS PROPERTIES ΟΕ,independent,domisisproperties.gr,https://www.domisisproperties.gr,https://domisisproperties.gr/,ok,yes,yes,46,,Πασαλίδη Ιωάννη 56,Καλαμαριά,55132,,,,,vrisko.gr,https://www.vrisko.gr/details/b477c70_06ccca41dg0i0i543e0hci_3,kalamaria
EL GREKO REAL ESTATE (Ιγνατιάδης Ιωάννης Ι.),independent,elgrekorealestate.com,https://www.elgrekorealestate.com,https://www.elgrekorealestate.com,ok,yes,yes,65,,Δραγούμη Ίωνος 4,Θεσσαλονίκη,54624,40.6348449503546,22.9384310000000,000151147006000,1,vrisko.gr;smasth.gr,https://www.vrisko.gr/details/6ia65g237dcec74c323526ai5h16b5cf,thessalonikis
ELITE PROPERTIES,independent,eliteps.gr,https://eliteps.gr,https://eliteps.gr/el,ok,yes,yes,15,,ΠΑΠΑΦΗ 144,ανατολική θεσσαλονίκη,,,,120703006000,1,smasth.gr,,
Ellas Estate,independent,ellasestate.com,https://ellasestate.com,https://ellasestate.com,ok,yes,yes,30,wordpress;real_homes,,Thessaloniki center,,,,181608506000,1,web search;smasth.gr,,
FORUMLAND (Ντίνος Σπυρίδων Α.),independent,forumland.gr,https://www.forumland.gr,https://www.forumland.gr,ok,yes,yes,28,,Κύμης 8,Θεσσαλονίκη,54655,40.5903003000000,22.9597656638826,,,vrisko.gr,https://www.vrisko.gr/details/2kdbbh4fa_3h3670cg_a52ca_7a054aa,thessaloniki
G-MAS Real Estate,independent,g-mas.gr,https://g-mas.gr,https://www.g-mas.gr/el/,ok,yes,yes,24,wordpress,ΣΑΛΑΜΙΝΟΣ 10,ανατολική θερσσαλονίκη,,,,042685006000,1,smasth.gr,,
GAIA REALTY,independent,gaiarealty.gr,https://gaiarealty.gr,https://gaiarealty.gr,ok,yes,yes,15,wordpress;estatik,ΜΗΤΡΟΠΟΛΕΩΣ 15,ανατολική θερσσαλονίκη,,,,177181806000,1,smasth.gr,,
GREKODOM DEVELOPMENT AE,independent,grekodom.gr,https://grekodom.gr,https://www.grekodom.gr/,ok,yes,yes,158,,14 ΧΛΜ ΘΕΣΝΙΚΗΣ ΜΗΧΑΝΙΩΝΑΣ ΑΕΡΟΔΡΟΜΙΟ,ανατολική θερσσαλονίκη,,,,127091504000,1,smasth.gr,,
Greek Exclusive Properties,independent,greekexclusiveproperties.com,https://greekexclusiveproperties.com,https://www.greekexclusiveproperties.com/,ok,yes,yes,56,wordpress;real_homes,,Thessaloniki,,,,,,web search,,
H AND M - ΗΛΙΑΔΟΥ Μ ΜΟΥΡΑΤΙΔΗΣ Ι ΟΕ,independent,hmrealestate.gr,https://www.hmrealestate.gr,https://hmrealestate.gr/el,ok,yes,yes,9,,Ολύμπου 123 & Υπουργού Δραγούμη Φιλίππου 15,Θεσσαλονίκη,54635,40.6352550000000,22.9518720000000,,,vrisko.gr,https://www.vrisko.gr/details/_44556c_050b_ibab0ba07c4ak2j_a_0,thessalonikis
HALKIDIKI PROPERTIES REAL ESTATE - Γ ΤΣΙΓΑΡΑΣ Χ ΚΥΡΛΙΔΗΣ ΟΕ,independent,halkidikiproperties.com,https://www.halkidikiproperties.com,https://www.halkidikiproperties.com,ok,yes,yes,3793,,Νέο Ρύσιο,Νέο Ρύσιο,57000,40.4960000000000,22.9882670000000,116495906000,1,vrisko.gr;smasth.gr,https://www.vrisko.gr/details/5g7jd4d_a44cad3j3h7_2_5i_kak2i4b,thessalonikis
HOME 365 GR,independent,home365gr.gr,https://home365gr.gr,https://www.home365gr.gr/el/home,ok,yes,yes,11,,ΘΕΑΓ ΧΑΡΙΣΗ 9,ανατολική θεσσαλονίκη,,,,111111111111,1,smasth.gr,,
IKIMA REAL ESTATE,independent,ikima.gr,https://ikima.gr,https://www.ikima.gr/el/home,ok,yes,yes,11,,ΤΣΙΜΙΣΚΗ 16,ανατολική θερσσαλονίκη,,,,158452706000,1,smasth.gr,,
INTERAKINHTA GR,independent,interakinita.gr,https://interakinita.gr,https://interakinita.gr/el,ok,yes,yes,15,,ΝΙΚΟΥ ΚΑΖΑΝΤΖΑΚΗ 6 Β,ανατολική θερσσαλονίκη,,,,040511406000,1,smasth.gr,,
Istos Properties- Istos ακίνητα,independent,istosproperties.com,https://istosproperties.com,https://www.istosproperties.com/el/home,ok,yes,yes,17,,ΑΓΊΟΥ ΔΗΜΗΤΡΊΟΥ 142,κέντρο θερσσαλονίκης,,,,148625906000,1,smasth.gr,,
KMP PROPERTY,independent,kmpproperty.gr,https://kmpproperty.gr,https://kmpproperty.gr,ok,yes,yes,8,wordpress,ΓΑΡΕΦΕΙΟ ΑΡΙΔΑΙΑΣ,ανατολική θερσσαλονίκη,,,,23820547000,1,smasth.gr,,
KOSMOPOLIS HOUSE (Αλεξιάδου Παρασκευή Π.),independent,kosmopolishouse.gr,https://www.kosmopolishouse.gr,https://kosmopolishouse.gr/,ok,yes,yes,8,wordpress,Πλατεία Ιπποδρομίου 22,Θεσσαλονίκη,54621,40.6306789381557,22.9518663883209,,,vrisko.gr,https://www.vrisko.gr/details/0c1bch_0ceae5e1542_c2053c62j4527,thessalonikis
LAMPRAKI REAL ESTATE (Τάσσου Δημήτριος Γ.),independent,lamprakirealestate.gr,https://www.lamprakirealestate.gr,https://lamprakirealestate.gr/,ok,yes,yes,20,,Λαμπράκη 96,Θεσσαλονίκη - Άνω Τούμπα,54351,40.6171380327854,22.9698293192558,129093706000,1,vrisko.gr;smasth.gr,https://www.vrisko.gr/details/1i1b_g41aick2_ba6a5c50ca5i423_2d,thessalonikis
MADD REAL ESTATE,independent,maddrealestate.gr,https://maddrealestate.gr,https://www.maddrealestate.gr/,ok,yes,yes,25,,ΝΑΥΑΡΧΟΥ ΚΟΥΝΤΟΥΡΙΩΤΟΥ 21 21,κέντρο θερσσαλονίκης,,,,149053706000,2,smasth.gr,,
MATRIK REAL ESTATE,independent,matrik.gr,https://matrik.gr,https://www.matrik.gr/el/%CE%97-%CE%95%CF%84%CE%B1%CE%B9%CF%81%CE%B5%CE%AF%CE%B1,ok,yes,yes,9,,ΔΕΛΦΩΝ 32,ανατολική θερσσαλονίκη,,,,127538306000,1,smasth.gr,,
MESIT (Σιλιβέρδης Χρήστος Μ.),independent,mesit.gr,https://www.mesit.gr,https://mesit.gr/,ok,yes,yes,10,wordpress;wpresidence,Γραβιάς 37,Άγιος Παύλος,55438,40.6416077697761,22.9618678447073,042402506000,1,vrisko.gr;smasth.gr,https://www.vrisko.gr/details/3f03_b2hd0b01kaka65k1_5c14__60db,thessalonikis
MONOPOLY (Χατζηγεωργιάδης Χαράλαμπος Γ.),independent,monopoly.com.gr,https://www.monopoly.com.gr,https://monopoly.com.gr/el,ok,yes,yes,13,,Βελισσαρίου 62,Θεσσαλονίκη,54640,40.6164040760391,22.9565265999999,179432806000,1,vrisko.gr;smasth.gr,https://www.vrisko.gr/details/72bj6jbj664id46_aa005g1ad_ccd02c,thessaloniki
MYNEXTHOME REAL ESTATE IKE,independent,mynext-home.gr,https://www.mynext-home.gr,https://mynext-home.gr/,ok,yes,yes,37,wordpress;wpresidence,Ιασονίδου Λεωνίδα 20,Θεσσαλονίκη - Καμάρα,54635,40.6353477536256,22.9502263000000,155364606000,1,vrisko.gr;smasth.gr,https://www.vrisko.gr/details/0_706h46_ia37j77bj62c1da3ac71e1b,thessalonikis
OIKIES REAL ESTATE - Γ ΚΟΥΣΗΣ Φ ΠΡΟΓΙΟΠΟΥΛΟΣ ΟΕ,independent,oikies.net,https://www.oikies.net,https://www.oikies.net/en/home,ok,yes,yes,7,,Συνδίκα Πέτρου 61,Θεσσαλονίκη,54644,40.6049600000000,22.9600548140161,043494606000,2,vrisko.gr;smasth.gr,https://www.vrisko.gr/details/7gb6_f6533__65b0414i554b2d43ce_d,thessalonikis
OIKODROMIO PROPERTIES,independent,oikodromio.com,https://oikodromio.com,https://www.oikodromio.com/el/home,ok,yes,yes,14,,BENIZELOY 43,ανατολική θερσσαλονίκη,,,,177331104000,1,smasth.gr,,
PROSPERTY ΜΟΝΟΠΡΟΣΩΠΗ ΙΚΕ,independent,theprosperty.com,https://theprosperty.com,https://theprosperty.com,ok,yes,yes,16,wordpress,Μοναστηρίου 110,Θεσσαλονίκη,54627,40.6487496666666,22.9196238496319,,,vrisko.gr,https://www.vrisko.gr/details/c7_d47_c_3c7b4bg1j4e55bjb7cfc46f,thessalonikis
REAL ESTATE AGGELOGLOU,independent,katikia.com.gr,https://katikia.com.gr,https://katikia.com.gr/el,ok,yes,yes,14,,ΚΡΗΤΗΣ 20Α,ανατολική θερσσαλονίκη,,,,041634906000,1,smasth.gr,,
RENOVA HOUSE,independent,renovahouse.gr,https://renovahouse.gr,https://renovahouse.gr,ok,yes,yes,8,,ΗΦΑΙΣΤΙΩΝΟΣ 1,κέντρο θεσσαλονίκη,,,,191129006000,1,smasth.gr,,
RESIDENCE PROPERTY,independent,residencepro.gr,https://residencepro.gr,https://www.residencepro.gr/,ok,yes,yes,25,,25 MAΡTIOY 75 ΕΥΟΣΜΟΣ,ανατολική θερσσαλονίκη,,,,179090306000,1,smasth.gr,,
REWIZE,independent,rewize.com,https://rewize.com,https://rewize.com,ok,yes,yes,5,,Νέο Ρύσιο,Νέο Ρύσιο,57000,40.6340985738255,22.9375324999999,,,vrisko.gr,https://www.vrisko.gr/details/4j4e506i6h5c5bdd7341a340_h0f1c74,thessalonikis
SIRUN REAL ESTATE,independent,sirunproperty.com,https://sirunproperty.com,https://sirunproperty.com,ok,yes,yes,10,wordpress;houzez,ΠΑΠΑΦΗ 146,ανατολική θεσσαλονίκη,,,,188324206000,1,smasth.gr,,
THELOKATOIKIA,independent,thelokatoikia.gr,https://www.thelokatoikia.gr,https://thelokatoikia.gr/,ok,yes,yes,14,wordpress;houzez,Αργοναυτών 21 & Γαβριηλίδη Βλάση,Καλαμαριά,55131,40.5895400000000,22.9493080000000,119254106000,1,vrisko.gr;smasth.gr,https://www.vrisko.gr/details/bf7f04cg24ai6h5274_6_5_e_g1a0552,thessalonikis
THERMAIKOS REAL ESTATE (Παπαδημητρίου Νικόλαος),independent,thermaikosrealest.gr,https://www.thermaikosrealest.gr,https://thermaikosrealest.gr/el,ok,yes,yes,15,,Κλεάνθους 39,Θεσσαλονίκη - Κάτω Τούμπα,54453,40.6136370000000,22.9680984166667,,,vrisko.gr,https://www.vrisko.gr/details/c4b7afd12ici304ja_dg7cac6ed5071c,thessaloniki
THESSALONIKI REAL ESTATE (Κεσόπουλος Δημήτριος Α.),independent,thessalonikirealestate.gr,https://www.thessalonikirealestate.gr,https://www.thessaloniki-realestate.gr/,ok,yes,yes,8,wordpress;real_homes,"Ολύμπου 129, Ροτόντα",Θεσσαλονίκη,54635,40.6350539000000,22.9523932176043,037331405000,1,vrisko.gr;smasth.gr,https://www.vrisko.gr/details/7e7i17_40a7c2f0c22a0ca4c6g6b211d,thessalonikis
TRUSTATE,independent,trustate.gr,https://trustate.gr,https://trustate.gr,ok,yes,yes,9,,ΚΟΜΝΗΝΩΝ 17,ανατολική θερσσαλονίκη,,,,153010406000,1,smasth.gr,,
Topsis Real Estate,independent,topsisrealestate.gr,https://topsisrealestate.gr,https://topsisrealestate.gr,ok,yes,yes,19,wordpress;houzez,,Center / Kalamaria,,,,,,web search,,
UNIVERSAL REAL ESTATE (Αργυράκης Παρασκευάς Ι.),independent,argirakisparaskevas.com,https://www.argirakisparaskevas.com,https://argirakisparaskevas.com/,ok,yes,yes,11,wordpress,Βασιλέως Ηρακλείου 19,Θεσσαλονίκη,54624,40.6354089000000,22.9404210799709,042429806000,1,vrisko.gr;smasth.gr,https://www.vrisko.gr/details/7h2daa1aa_1g305b5ec1bg7ca62e_ha0,thessaloniki
VOGKOLI REAL ESTATE,independent,vogkoli-realestate.gr,https://vogkoli-realestate.gr,https://www.vogkoli-realestate.gr/el/index.php,ok,yes,yes,29,,Θ. ΣΟΦΟΥΛΗ 4 ΠΑΝΟΡΑΜΑ,ανατολική θεσσαλονίκη,,,,039712806000,1,smasth.gr,,
Vista Estate,independent,vistaestate.gr,https://vistaestate.gr,https://vistaestate.gr,ok,yes,yes,11,wordpress,,Thessaloniki (Golden Visa),,,,,,web search,,
ΑΓΑ ΕΛΠΙΔΑ,independent,agarealestate.gr,https://agarealestate.gr,https://www.agarealestate.gr/,ok,yes,yes,19,,ΦΡΑΓΚΩΝ 1 ΜΟΣΚΩΦ 10,ανατολική θερσσαλονίκη,,,,173621706000,1,smasth.gr,,
ΑΝΑΓΝΩΣΤΙΔΗΣ Τ ΚΑΙ Δ (Αναγνωστίδης Τριαντάφυλλος Δ.),independent,anagnostidis.gr,https://www.anagnostidis.gr,https://www.anagnostidis.gr,ok,yes,yes,10,,Δημοκρατίας 230,Νέοι Επιβάτες,57019,40.5041088181886,22.9077534277065,041341606000,1,vrisko.gr;smasth.gr,https://www.vrisko.gr/details/debb1120_g_j43c4247dcjb_2i5hc53e,thessalonikis
ΚΛΑΔΑΚΗΣ ΣΤΥΛΙΑΝΟΣ,independent,bee-one.gr,https://bee-one.gr,https://bee-realestate.gr/office?id=61a72951-a62e-432c-ad1f-129f34fcaec9,ok,yes,yes,22,,ΝΑΥΑΡΙΝΟΥ 28,ανατολική θερσσαλονίκη,,,,042956106000,1,smasth.gr,,
Καραναστάσης Ιωάννης Κ.,independent,karanastasisrealestate.gr,https://www.karanastasisrealestate.gr,https://www.karanastasisrealestate.gr/el,ok,yes,yes,47,,Κωνσταντινουπόλεως 42,Θεσσαλονίκη,54641,40.6153753363295,22.9597963000000,,,vrisko.gr,https://www.vrisko.gr/details/b4602_4e16bcdf4h5hd72642deb5be37,thessalonikis
ΛΕΩΦ. ΚΟΜΝΗΝΩΝ 6,independent,bee-panoramic.gr,https://bee-panoramic.gr,https://bee-realestate.gr/office?id=078841f7-5e1f-45be-8156-0d24c290773a,ok,yes,yes,22,,Ι ΠΟΛΕΜΗ 13-15 ΠΑΝΟΡΑΜΑ,ανατολική θεσσαλονίκη,,,,154089806000,1,smasth.gr,,
Λαζαρίδη Νικολέτα Χ.,independent,akinitalazaridi.gr,https://www.akinitalazaridi.gr,https://akinitalazaridi.gr/,ok,yes,yes,82,wordpress,"Απόλλωνος 8, Κήπος Καλού",Θεσσαλονίκη - Κάτω Τούμπα,54454,40.6054339675324,22.9746019000000,,,vrisko.gr,https://www.vrisko.gr/details/7j2idf2_32a0bd0e5c04532ib2bk7__5,thessalonikis
Λιάγγας Παναγιώτης Κ.,independent,liaggas-realestate.gr,https://www.liaggas-realestate.gr,https://www.liaggas-realestate.gr/el,ok,yes,yes,58,,Μητροπόλεως 40 & Καρόλου Ντηλ,Θεσσαλονίκη,54623,40.6319420000000,22.9426880000000,,,vrisko.gr,https://www.vrisko.gr/details/6_676336c2101j7c3a344d676e630564,thessalonikis
ΜΕΣΙΤΙΚΟ ΓΡΑΦΕΙΟ ΠΑΣΧΑΛΙΔΗΣ,independent,mesitiko-pasxalidis.gr,https://mesitiko-pasxalidis.gr,https://mesitiko-pasxalidis.gr,ok,yes,yes,19,wordpress,ΠΑΥΛΟΥ ΜΕΛΑ 51 ΚΑΛΟΧΩΡΙ,ανατολική θερσσαλονίκη,,,,59102704000,1,smasth.gr,,
ΠΟΛΙΤΕΙΑ ΑΚΙΝΗΤΩΝ (Νάτσης Ευλάμπιος Α.),independent,politia.gr,https://www.politia.gr,https://politia.gr/el,ok,yes,yes,16,,Μπότσαρη Μάρκου 79,Θεσσαλονίκη,54644,40.6078700000000,22.9641845105401,,,vrisko.gr,https://www.vrisko.gr/details/a32i773ebkcj2a0d376k6b_3b6dg1_5a,thessalonikis
Τσιργιώτης Θεόδωρος,independent,aki-nito.gr,https://aki-nito.gr,https://aki-nito.gr/el,ok,yes,yes,15,,Ολυμπιάδος 135,Θεσσαλονίκη,54634,40.6358467532468,22.9550600000000,,,vrisko.gr,https://www.vrisko.gr/details/025g205f02_15c077a4i0f60b6171adf,thessaloniki
ART HOME (Τσουλκανάκης Αθανάσιος Α.),independent,arthome-realestate.gr,https://www.arthome-realestate.gr,https://arthome-realestate.gr/el,ok,yes,maybe,3,,Καραμανλή Κωνσταντίνου 19,Θεσσαλονίκη,54638,40.6205645531824,22.9626666000000,168773906000,3,vrisko.gr;smasth.gr,https://www.vrisko.gr/details/d02c1f6a4bad2a572201baa450a45e2d,thessalonikis
ASPIS REAL ESTATE,independent,aspis-realestate.gr,https://www.aspis-realestate.gr,https://www.aspis-realestate.gr/el/home,ok,yes,maybe,4,,Αιγαίου 63,Καλαμαριά,55133,40.5865040000000,22.9561720508474,,,vrisko.gr,https://www.vrisko.gr/details/3ka2603676b_b4435b_17a55767_6b12,thessalonikis
NEW DEAL - POWER DEAL REAL ESTATE ΙΚΕ,independent,newdeal.gr,https://newdeal.gr,https://newdeal.gr/el/,ok,yes,maybe,4,,Τσιμισκή 33,Θεσσαλονίκη,54624,40.6336274000000,22.9416070416413,,,vrisko.gr,https://www.vrisko.gr/details/454175014db27hc41h7b1i_jd1667ga_,thessalonikis
OIKODROMIO PROPERTIES,independent,stourou.gr,https://stourou.gr,https://stourou.gr,ok,yes,maybe,0,,ΒΕΝΙΖΕΛΟΥ 43,ανατολική θερσσαλονίκη,,,,133007106000,1,smasth.gr,,
PIXIDA,independent,pixidamesitiko.gr,https://pixidamesitiko.gr,https://www.pixidamesitiko.gr/,ok,yes,maybe,0,wordpress,ΠΑΠΑΝΑΣΤΑΣΙΟΥ 14 Α ΣΙΝΔΟΣ,περίχωρα θεσσαλονίκης,,,,042385306000,1,smasth.gr,,
REAL ESTATE SKG,independent,realestatexpert.gr,https://realestatexpert.gr,https://realestatexpert.gr,ok,yes,maybe,1,,ΕΔΜΟΝΔΟΥ ΡΟΣΤΑΝ 9,ανατολική θερσσαλονίκη,,,,170644106000,1,smasth.gr,,
ΕΡΜΗΣ ΟΙΚΙΑ,independent,ermisoikia.gr,https://ermisoikia.gr,https://www.ermisoikia.gr/,ok,yes,maybe,3,,ΕΥΖΩΝΩΝ 31-33,ανατολική θερσσαλονίκη,,,,148662206000,1,smasth.gr,,
ΛΙΘΟΣ REAL ESTATE,independent,lithosrealestate.gr,https://lithosrealestate.gr,https://www.lithosrealestate.gr/el/home,ok,yes,maybe,3,,ΜΗΤΡΟΠΟΛΕΩΣ 102,ανατολική θερσσαλονίκη,,,,192956206000,1,smasth.gr,,
ΟFFICE CLUB - OFFICE CLUB INVEST ΙΚΕ,independent,officeclub.gr,https://officeclub.gr,https://www.officeclub.gr/,ok,yes,maybe,0,wordpress,Σοφούλη Θεμιστοκλή 52,Θεσσαλονίκη,54655,40.5930969624892,22.9503341850202,,,vrisko.gr,https://www.vrisko.gr/details/b6d_2jc160a76g0c_b5f060312b5066f,thessalonikis
BLUEHOUSE,independent,bluehouse.com,https://bluehouse.com,https://sites.google.com/view/bluehousecom,ok,yes,no,0,,ΜΗΔΕΙΑΣ 6 Β ΑΠΟΣ ΠΕΤΡΟΥ  ΠΑΥΛΟΥ 10 ΠΕΡΑΙΑ,περίχωρα θεσσαλονίκης,,,,1551132060000,1,smasth.gr,,
CEDE,independent,cede.gr,https://cede.gr,https://www.cede.gr/,ok,yes,no,0,wordpress,ΑΙΓΑΙΟΥ 15,ανατολική θερσσαλονίκη,,,,133787306000,1,smasth.gr,,
DROSOS ESTATE (Δρόσος Ευάγγελος),independent,drosos.gr,https://www.drosos.gr,https://www.drosos.gr,ok,yes,no,0,,Παπάφη 99,Θεσσαλονίκη - Κάτω Τούμπα,54453,40.6139469541966,22.9674081000000,,,vrisko.gr,https://www.vrisko.gr/details/adbk4ccg5f0_b7_j_2a262c0cd367132,thessalonikis
ELLESTATE (Ουμουδουμίδου Ηλώνα Ι.),independent,ellestate.ru,https://www.ellestate.ru,https://ellestate.ru/,ok,yes,no,0,wordpress,Βενιζέλου Ελευθερίου 48,Θεσσαλονίκη,54624,40.6367884999999,22.9418483525641,,,vrisko.gr,https://www.vrisko.gr/details/_fd677bi41_1_a_k36501g6_7d1465a2,thessalonikis
EMPIRE REAL ESTATE,independent,nrgprovider.com,https://nrgprovider.com,https://www.nrg.gr/el,ok,yes,no,0,,ΒΑΣ ΟΛΓΑΣ 7,ανατολική θερσσαλονίκη,,,,042673606000,1,smasth.gr,,
GEORGE A LEPENIOTIS REAL ESTATE,independent,me.com,https://me.com,https://www.icloud.com/,ok,yes,no,0,,ΚΟΜΝΗΝΩΝ 28,κέντρο θεσσαλονίκης,,,,161670906000,1,smasth.gr,,
GOLDENLAND,independent,symvouloiypiresion.gr,https://symvouloiypiresion.gr,https://symvouloiypiresion.gr,ok,yes,no,0,wordpress,ΑΓΙΩΝ ΠΑΝΤΩΝ 69,ανατολική θερσσαλονίκη,,,,166192706000,1,smasth.gr,,
JORDANS ROOMS IKE,independent,jordansrooms.gr,https://jordansrooms.gr,https://jordansrooms.gr,ok,yes,no,0,,ΚΑΣΑΝΔΡΟΥ 114,κέντρο θερσσαλονίκης,,,,173978506000,1,smasth.gr,,
MARK CONSULTING IKE,independent,markconsulting.gr,https://markconsulting.gr,https://markconsulting.gr,ok,yes,no,0,wordpress,ΦΡΑΓΚΩΝ 12,ανατολική θερσσαλονίκη,,,,154946606000,1,smasth.gr,,
NEMESIS (Παναγιωτίδης Γεώργιος Σ.),independent,nemesis-home.gr,https://www.nemesis-home.gr,https://www.nemesis-home.gr,ok,yes,no,0,,Μπότσαρη Μάρκου 135,Θεσσαλονίκη - Κάτω Τούμπα,54453,40.6094783000000,22.9710532551282,,,vrisko.gr,https://www.vrisko.gr/details/beca165ba61_6h3b5j6b05c4d3dc163b,thessaloniki
NOTION  ΑΝΑΠΤΥΞΗ ΑΚΙΝΗΤΩΝ ΑΕ,independent,noisis.gr,https://noisis.gr,https://www.noisis.gr/,ok,yes,no,0,wordpress,ΚΑΝΕΛΛΟΠΟΥΛΟΥ 15 ΧΑΡΙΛΑΟΥ,ανατολική θερσσαλονίκη,,,,059239904000,1,smasth.gr,,
PRESTIGE HOME,independent,prestigehome.com,https://www.prestigehome.com,https://www.prestigehome.com,ok,yes,no,0,,Προξένου Κορομηλά 58,Θεσσαλονίκη,54622,40.6286962500000,22.9464424664869,,,vrisko.gr,https://www.vrisko.gr/details/ae_k050a6acg4f3437d60a0bc6d163d4,thessaloniki
REDOC MON IKE,independent,redoc.gr,https://redoc.gr,https://www.redoc.gr/,ok,yes,no,0,,ΒΟΥΛΓΑΡΗ 36,ανατολική θερσσαλονίκη,,,,160163104000,1,smasth.gr,,
SPITOPOLI,independent,spitopoli.gr,https://spitopoli.gr,https://spitopoli.gr,ok,yes,no,0,wordpress,ΔΕΣΠΕΡΑΙ 20,ανατολική θερσσαλονίκη,,,,0422727206001,1,smasth.gr,,
VENTURAS ΜΕΣΙΤΙΚΟ ΓΡΑΦΕΙΟ ΑΚΙΝΗΤΩΝ,independent,venturasgroup.com,https://venturasgroup.com,https://venturasgroup.com,ok,yes,no,0,wordpress,ΝΑΥΑΡΧΟΥ ΚΟΥΝΤΟΥΡΙΩΤΟΥ 21,ανατολική θερσσαλονίκη,,,,163156406000,1,smasth.gr,,
VKABOVE & BEYOND HOSPITALITY  MANAGEMENT,independent,vkhospitalitymgmt.com,https://vkhospitalitymgmt.com,https://www.vkhospitalitymgmt.com/,ok,yes,no,0,wix,ΚΟΜΝΗΝΩΝ 4 ΠΑΝΟΡΑΜΑ,ανατολική θεσσαλονίκη,,,,141684406000,1,smasth.gr,,
ΑΝΑΚΑΙΝΙΖΕΙΝ,independent,anakenizin.gr,https://anakenizin.gr,https://anakenizin.gr,ok,yes,no,0,wordpress,ΑΛ ΠΑΠΑΝΑΣΤΑΣΙΟΥ 42,ανατολική θερσσαλονίκη,,,,180968906000,1,smasth.gr,,
ΒΙΓΚΟΡ ΑΕ ΓΕΝΙΚΩΝ ΑΣΦΑΛΕΙΩΝ,independent,cosmatosgroup.com,https://cosmatosgroup.com,https://www.cosmatosgroup.com/,ok,yes,no,0,wordpress,ΜΙΚΡΑΣ ΑΣΙΑΣ 29,ανατολική θερσσαλονίκη,,,,058442104000,1,smasth.gr,,
ΓΕΩΡΓΙΑΔΗΣ ΑΝΔΡΕΑΣ,independent,buildagent.gr,https://buildagent.gr,https://buildagent.gr,ok,yes,no,0,,ΚΡΗΤΗΣ 10 Δ ΠΕΡΑΙΑ,ανατολική θερσσαλονίκη,,,,192017006000,1,smasth.gr,,
ΔΕΛΤΑ ΘΕΣΙΣ ΚΤΗΜΑΤΟΜΕΣΙΤΙΚΗ ΕΠΕ,independent,deltathesis.gr,https://www.deltathesis.gr,https://deltathesis.gr/,ok,yes,no,0,wordpress,Λεωφόρος Νίκης 3,Θεσσαλονίκη,54624,40.6331996666666,22.9384133582282,,,vrisko.gr,https://www.vrisko.gr/details/_acj6e_h2h41c723d74fce3406022d4k,thessaloniki
ΖΑΜΑΝΗΣ ΒΑΣΙΛΕΙΟΣ,independent,greenandblue360.de,https://greenandblue360.de,https://greenandblue360.de,ok,yes,no,0,,ΨΑΡΩΝ 2 Β ΕΞΟΧΗ,ανατολική θερσσαλονίκη,,,,041157706000,1,smasth.gr,,
ΚΑΡΥΔΑΣ ΕΠΕ,independent,karida-shoes.com,https://karida-shoes.com,https://www.karida-shoes.com/,ok,yes,no,0,wordpress,ΜΗΤΡΟΠΟΛΕΩΣ 73,κέντρο θεσσαλονίκης,,,,042180706000,1,smasth.gr,,
ΜΑΝΟΜΕΝΙΔΗΣ ΝΙΚΟΛΑΟΣ,independent,manomenidis.com,https://manomenidis.com,https://manomenidis.com,ok,yes,no,0,,ΒΊΤΣΙ 55,ανατολική θερσσαλονίκη,,,,040059206000,1,smasth.gr,,
ΠΑΜΕ ΣΠΙΤΙ,independent,pamespiti.gr,https://pamespiti.gr,https://pamespiti.gr,ok,yes,no,0,,ΠΑΝΑΓΙΑΣ ΦΑΝΕΡΩΜΕΝΗΣ 10,κέντρο θερσσαλονίκης,,,,129839557000,1,smasth.gr,,
ΠΑΠΑΔΟΠΟΥΛΟΣ ΧΡΗΣΤΟΣ ΚΑΙ ΣΙΑ ΟΕ,independent,hot.gr,https://hot.gr,https://hot.gr,ok,yes,no,0,,ΑΛ ΣΒΩΛΟΥ 40,κέντρο θεσσαλονίκης,,,,111111111111,1,smasth.gr,,
ΣΑΛΒΑΡΑΣ ΚΑΙ ΣΥΝΕΡΓΑΤΕΣ,independent,salvaras.eu,https://www.salvaras.eu,https://www.salvaras.eu,ok,yes,no,0,,Βενιζέλου Ελευθερίου 7,Πανόραμα,55236,40.5890246963138,23.0371956854859,,,vrisko.gr,https://www.vrisko.gr/details/010aaabb6g2i717763501b173_3h3a37,thessalonikis
ACB REAL ESTATE (Μούκας Ιωάννης Χ.),independent,acb.gr,https://www.acb.gr,https://plrealestate.gr/,ok,no,yes,26,,Φιλίππου 75-77,Θεσσαλονίκη,54635,40.6348520000000,22.9501757011952,,,vrisko.gr,https://www.vrisko.gr/details/bh63ba5_7c3h7c430g15c06c65b2a3_7,thessaloniki
ALFA REAL ESTATE (Αθανασιάδου Ελένη Γ.),independent,alfa-realestate.gr,https://www.alfa-realestate.gr,https://www.alfa-realestate.gr,ok,no,yes,31,,Δημοκρατίας 32,Περαία,57019,40.5085094049266,22.9265001362457,,,vrisko.gr,https://www.vrisko.gr/details/a0212311bkd17aadc02ibece_2chb150,thessalonikis
CONCEPT HOUSE REAL ESTATE,independent,concepthouse.gr,https://concepthouse.gr,https://concepthouse.gr,ok,no,yes,20,,Δημοκρατίας 142,Περαία,57019,40.5062614071406,22.9184776482185,,,vrisko.gr,https://www.vrisko.gr/details/1a505j01_f1j60061ac56j0kb_30_a7f,thessalonikis
DELTA AKINITA,independent,delta-akinita.gr,https://delta-akinita.gr,https://www.delta-akinita.gr/,ok,no,yes,17,,Λ ΟΧΙ 8 ΣΙΝΔΟΣ,περίχωρα θεσσαλονίκης,,,,156031506000,1,smasth.gr,,
ELEGANCE REAL ESTATE,independent,elegancerealestate.gr,https://elegancerealestate.gr,https://www.elegancerealestate.gr/,ok,no,yes,26,,Λ ΝΙΚΗΣ 1,ανατολική θερσσαλονίκη,,,,177095306000,2,smasth.gr,,
FIT HOME (Βαρβούνη Ελένη Γ.),independent,fithome.gr,https://www.fithome.gr,https://www.fithome.gr,ok,no,yes,21,,Λεωφόρος Στρατού 27 27,Θεσσαλονίκη,54639,40.6199741368046,22.9579710960388,,,vrisko.gr,https://www.vrisko.gr/details/1abk7h56bddc5e0_7a_3ca7j063a5ed6,thessaloniki
GEORGIADOU REAL ESTATE GROUP (Γεωργιάδου Μαρία Ν.),independent,georgiadourealestate.gr,https://www.georgiadourealestate.gr,https://georgiadourealestate.gr/,ok,no,yes,26,,Προύσης 5,Νεάπολη Θεσσαλονίκης,56728,40.6549490000000,22.9520800000000,,,vrisko.gr,https://www.vrisko.gr/details/ch401ha_660c52_kd0ca41_g3b0i1f70,thessalonikis
GOLDEN REAL ESTATE AI OE,independent,ai-golden.com,https://ai-golden.com,https://www.ai-golden.com/,ok,no,yes,42,,ΠΑΡΑΦΕΝΤΙΔΗ 11 ΠΥΛΑΙΑ,ανατολική θεσσαλονίκη,,,,176879606000,1,smasth.gr,,
HELLENIC PROPERTY,independent,hpr.gr,https://hpr.gr,https://hpr.gr,ok,no,yes,37,,Κ. ΠΑΛΑΙΟΛΟΓΟΥ 121 ΣΤΑΥΡΟΥΠΟΛΗ,ανατολική θερσσαλονίκη,,,,177266506000,1,smasth.gr,,
HOUSE LAND (Τριανταφυλλίδης Αδάμ Γ.),independent,houseland-estate.gr,https://www.houseland-estate.gr,https://www.houseland-estate.gr,ok,no,yes,35,,Αγίου Δημητρίου 97,Θεσσαλονίκη,54633,40.6377718000000,22.9492111437229,,,vrisko.gr,https://www.vrisko.gr/details/_f1a5j364267bj4d_hb5d3bi5d1g1aaa,thessaloniki
INFOXREALESTATE,independent,info-x.gr,https://info-x.gr,https://info-x.gr,ok,no,yes,21,,ΜΗΤΡΟΠΟΛΕΩΣ 46-48,ανατολική θερσσαλονίκη,,,,159975906000,2,smasth.gr,,
LIBERTY REAL ESTATE - ΜΗΛΙΟΣ Ν ΚΑΙ ΣΙΑ ΕΕ,independent,liberty.com.gr,https://www.liberty.com.gr,https://liberty.com.gr/,ok,no,yes,25,,Αγίας Σοφίας 21,Θεσσαλονίκη,54623,40.6324572000000,22.9449993778523,163022106000,1,vrisko.gr;smasth.gr,https://www.vrisko.gr/details/de0h7abk3eb0ch4aafaa60224f157jai,thessalonikis
MYKATOIKIA4U,independent,mykatoikia4u.gr,https://mykatoikia4u.gr,https://www.mykatoikia4u.gr/,ok,no,yes,30,,ΠΥΛΑΟΑΣ 53 ΑΝΩ ΤΟΥΜΠΑ,ανατολική θερσσαλονίκη,,,,177942806000,1,smasth.gr,,
NEW DEAL,independent,gandjrealestate.gr,https://gandjrealestate.gr,https://www.gandjrealestate.gr/,ok,no,yes,26,,ΡΩΜΑΝΟΥ 35 ΠΕΡΑΙΑ,ανατολική θερσσαλονίκη,,,,160282406000,1,smasth.gr,,
NORE REAL ESTATE,independent,nore.gr,https://nore.gr,https://nore.gr,ok,no,yes,26,,ΑΝΘΟΚΗΠΩΝ 2 Ν ΕΥΚΑΡΠΙΑ,ανατολική θερσσαλονίκη,,,,176178106000,1,smasth.gr,,
OLYMPUS REAL ESTATE (Πολυμεράς Ευάγγελος Δ.),independent,olympusrealestate.gr,https://www.olympusrealestate.gr,https://www.olympusrealestate.gr,ok,no,yes,200,,Μικράς Ασίας 13-15,Θεσσαλονίκη - Τούμπα,54351,40.6122814000000,22.9738182608695,,,vrisko.gr,https://www.vrisko.gr/details/_45714dd2_6cak5b5b4f7g6dd11k36ai,thessalonikis
OMIKRON ΔΙΑΧΕΙΡΙΣΗ ΑΚΙΝΗΤΩΝ (Γιαννακίδης Ευάγγελος Ι.),independent,omikronestate.gr,https://www.omikronestate.gr,https://www.omikronestate.gr,ok,no,yes,19,,Ψελλού Μιχαήλ 27,Θεσσαλονίκη - Κηφισιά,54248,40.5920657000000,22.9631279038229,040479506000,1,vrisko.gr;smasth.gr,https://www.vrisko.gr/details/cf637g531d4i5466_c6g371j5156b4bk,thessalonikis
PANORAMA ESTATE - ΤΣΕΛΕΠΙΔΟΥ ΣΟΦΙΑ ΛΑΒΑΣΑ ΜΑΡΙΑ ΚΑΙ ΣΙΑ OE,independent,panorama.estate,https://panorama.estate,https://www.panorama.estate/,ok,no,yes,22,,"Παπαδοπούλου Π. 19, 1ος Όροφος",Πανόραμα,55236,40.5900616000000,23.0352674879109,,,vrisko.gr,https://www.vrisko.gr/details/abd365b_bf201cd5ch7dc43_6j11d37e,thessalonikis
POINTERS PROPERTY SERVICES AE,independent,pointers.gr,https://pointers.gr,https://pointers.gr,ok,no,yes,17,,26 ΗΣ ΟΚΤΩΒΡΙΟΥ 43,δυτική θερσσαλονίκη,,,,138661804000,1,smasth.gr,,
PRO CAPITAL (Κολόπτας Μιχαήλ Η.),independent,pro-capital.gr,https://www.pro-capital.gr,https://www.pro-capital.gr,ok,no,yes,23,,Φιλίππου 35,Θεσσαλονίκη,54631,40.6377550000000,22.9447204855072,,,vrisko.gr,https://www.vrisko.gr/details/_j0a657eab0c4ece2ccg274dd05ac004,thessalonikis
PROGRESO REAL ESTATE,independent,progresorealestate.gr,https://progresorealestate.gr,https://www.progresorealestate.gr/,ok,no,yes,23,,ΜΑΚΡΥΓΙΑΝΝΗ 21 ΗΛΙΟΥΠΟΛΗ,δυτική θεσσαλονίκη,,,,166661806000,1,smasth.gr,,
PROPERTY EXPERTS REAL ESTATE (Κεραμάρη Αρετή Α.),independent,propertyexperts.gr,https://www.propertyexperts.gr,https://www.propertyexperts.gr,ok,no,yes,22,,"Κομνηνών 12, 5ος Όροφος",Θεσσαλονίκη,54624,40.6337070000000,22.9401303041289,,,vrisko.gr,https://www.vrisko.gr/details/__7i_c0aad77064a07271f562646c_4k,thessalonikis
REAL PRAXIS (Τσαρίδη Αφροδίτη),independent,realpraxis.gr,https://www.realpraxis.gr,https://realpraxis.gr/,ok,no,yes,28,,Χαλκιδικής 47,Θεσσαλονίκη,54643,40.6059945691449,22.9564105000000,166474106000,1,vrisko.gr;smasth.gr,https://www.vrisko.gr/details/b41cdb_g705d_j43babg3_1_bkb56e23,thessaloniki
SARRIS GROUP,independent,sarrisgroup.com,https://www.sarrisgroup.com,https://sarrisgroup.com/,ok,no,yes,13,,Πολυτεχνείου 27-29,Θεσσαλονίκη,54626,40.6371850000000,22.9349932180995,,,vrisko.gr,https://www.vrisko.gr/details/_abg_57_cdbf62_70j4e2j_b53443b5b,thessalonikis
SkoReal,independent,skoreal.gr,https://skoreal.gr,https://skoreal.gr,ok,no,yes,14,,,East/Center Thessaloniki,,,,151760006000,10,web search;smasth.gr,,
TERRA HOMES,independent,terrahomes.gr,https://terrahomes.gr,https://www.terrahomes.gr/,ok,no,yes,10,,ΑΝΔΡΕΑ ΠΑΠΑΝΔΡΕΟΥ 283 ΜΕΤΕΩΡΑ,ανατολική θερσσαλονίκη,,,,136338606000,1,smasth.gr,,
VELTISTON,independent,veltiston.gr,https://veltiston.gr,https://veltiston.gr,ok,no,yes,16,,ΑΡΙΣΤΟΤΕΛΟΥΣ 7,ανατολική θερσσαλονίκη,,,,040418706000,2,smasth.gr,,
VILLA IN GR IKE,independent,villaingr.com,https://villaingr.com,https://villaingr.com,ok,no,yes,22,,ΜΗΤΡΟΠΟΛΕΩΣ 10,ανατολική θερσσαλονίκη,,,,142195706000,1,smasth.gr,,
Γκουγκλέρη Άννα Π.,independent,gougleri.eu,https://gougleri.eu,https://gougleri.eu,ok,no,yes,26,,Παπαναστασίου Αλεξάνδρου 128,Θεσσαλονίκη,54249,40.6037319147919,22.9688494999999,,,vrisko.gr,https://www.vrisko.gr/details/0d451bcj7dc5c77db_ae17b561c6c510,thessalonikis
Δήμου Ελένη Ι.,independent,mesitikodimou.gr,https://www.mesitikodimou.gr,https://www.mesitikodimou.gr,ok,no,yes,22,,Καρακάση 12,Θεσσαλονίκη - Μαρτίου,54248,40.5997621132867,22.9593861000000,039468206000,1,vrisko.gr;smasth.gr,https://www.vrisko.gr/details/ah043a_26367674__ad0_f4_4cc16e0a,thessaloniki
ΕΠΕΝΔΥΤΙΚΗ ΑΙΓΑΙΟΥ ΙΚΕ,independent,ependitikiaigaiou.gr,https://ependitikiaigaiou.gr,https://www.ependitikiaigaiou.gr/,ok,no,yes,31,,Μεγάλου Αλεξάνδρου 2Β,Καλαμαριά,55134,40.5856003000000,22.9679248501955,,,vrisko.gr,https://www.vrisko.gr/details/_2bd7bcb6cd3b_daad1665262402chb7,thessalonikis
ΚΑΡΑΓΚΙΑΟΥΡΗΣ ΓΙΩΡΓΟΣ,independent,spiti365.gr,https://spiti365.gr,https://www.spiti365.gr/,ok,no,yes,27,,ΕΓΝΑΤΙΑ 125,ανατολική θερσσαλονίκη,,,,139008506000,1,smasth.gr,,
ΜΑΚΕΔΟΝΙΚΑ ΑΚΙΝΗΤΑ (Κοκόσης Εμμανουήλ Β.),independent,makedonika-akinita.gr,https://www.makedonika-akinita.gr,https://www.makedonika-akinita.gr,ok,no,yes,27,,Ολυμπιάδος 121,Θεσσαλονίκη,54634,40.6373958592233,22.9537894000000,,,vrisko.gr,https://www.vrisko.gr/details/ah_d2k0k_6bj6iak3_c43g4c3b0_6d4_,thessalonikis
ΜΑΚΕΔΟΝΙΚΑ ΑΚΙΝΗΤΑ (Μαγγανάρης Ελευθέριος Γ.),independent,makedonika-akinita.gr,https://www.makedonika-akinita.gr,https://www.makedonika-akinita.gr,ok,no,yes,27,,Καραολή και Δημητρίου 193,Εύοσμος,56224,40.6665292000000,22.9227713653543,,,vrisko.gr,https://www.vrisko.gr/details/b674de2_3254c5_ecfbid00ga_540ja0,thessalonikis
ΜΕΣΙΤΙΚΗ ΑΚΙΝΗΤΩΝ (Μπριάζας Αθανάσιος Γ.),independent,mesitiki.gr,https://www.mesitiki.gr,https://mesitiki.gr/,ok,no,yes,24,,Λεωφόρος Καραμανλή Κωνσταντίνου 87,Θεσσαλονίκη,54644,40.6094553666666,22.9637084000000,,,vrisko.gr,https://www.vrisko.gr/details/5hd2cf37_a5_66_24bc24g37354fbjba,thessalonikis
ΟΙΚΕΙΝ (Καμπουρίδης Δημήτριος Μ.),independent,oikein.gr,https://www.oikein.gr,https://www.oikein.gr,ok,no,yes,24,,Δελφών 140,Θεσσαλονίκη,54248,40.6042179436201,22.9584320000000,,,vrisko.gr,https://www.vrisko.gr/details/330c_k1753b17a65ca1k51bk3ecfa4df,thessalonikis
Παζαρτζής Βασίλειος Χ.,independent,pazartzis.gr,https://www.pazartzis.gr,https://www.pazartzis.gr,ok,no,yes,26,,Αναλήψεως 25,Θεσσαλονίκη,54643,40.6055127000000,22.9553487608696,042990106000,1,vrisko.gr;smasth.gr,https://www.vrisko.gr/details/125h7e0a1kd4a211bga0501hdc3dcd73,thessalonikis
Σαραφούδης Νικόλαος Π.,independent,nsarafoudis.gr,https://www.nsarafoudis.gr,https://www.nsarafoudis.gr,ok,no,yes,22,,"28ης Οκτωβρίου 18, Έναντι Eurobank",Καλοχώρι,57009,40.6103805000000,22.9539609707792,147489906000,1,vrisko.gr;smasth.gr,https://www.vrisko.gr/details/53da64ck36231046bg00_5ce2i045k4e,thessalonikis
BELLOS REAL ESTATE (Βαλκανίδου Σοφία Χ.),independent,bellos.net,https://www.bellos.net,https://www.bellos.net,ok,no,maybe,2,,Νικοπόλεως 46,Καλαμαριά,55131,40.5839007272727,22.9509848999999,042282106000,1,vrisko.gr;smasth.gr,https://www.vrisko.gr/details/d64300_6534g2j6f0113d53e540ga25c,thessalonikis
ABG CONSTUCTION IKE,independent,,,,no_site,,,,,ΦΑΝΗΣ ΜΗΣΚΑΚΗ 19,περίχωρα θεσσαλονίκης,,,,148311404000,1,smasth.gr,,
ACRON REAL ESTATE,independent,,,,no_site,,,,,ΤΣΙΜΙΣΚΗ 17,κέντρο θεσσαλονίκης,,,,155982606000,1,smasth.gr,,
AENAOS REALESTATE S DEVELOPMENT,independent,,,,no_site,,,,,ΑΔ ΚΟΡΑΗ 20 Ν ΕΛΒΕΤΙΑ,ανατολική θερσσαλονίκη,,,,154328406000,1,smasth.gr,,
ALPHA REAL ESTATE SERVICES (Δίγκα Μαρία Χ.),independent,,,,no_site,,,,,Σμύρνης 43,Εύοσμος,56226,40.6729717652962,22.9103867344046,,,vrisko.gr,https://www.vrisko.gr/details/53ddd605b73e2fch0f7ia0a6dbbcak3d,thessalonikis
ANASTASIOU PROPERTIES REAL ESTATE,independent,anastasiouprorerties.gr,https://anastasiouprorerties.gr,,unreachable,,,,,ΕΡΜΟΥ 4,κέντρο θεσσαλονίκης,,,,151200806000,1,smasth.gr,,
ANETPROPERTIES IKE,independent,,,,no_site,,,,,ΝΙΚΗΣ 23 ΠΑΝΟΡΑΜΑ,ανατολική θεσσαλονίκη,,,,175197504000,1,smasth.gr,,
ANTHMIADIS ESTATE IKE,independent,,,,no_site,,,,,ΕΓΝΑΤΙΑ 38,ανατολική θερσσαλονίκη,,,,171870506000,1,smasth.gr,,
ANY HOME (Ρούπας Αλέξανδρος Γ.),independent,anyhome.gr,https://www.anyhome.gr,,bot_check_cloudflare,,,,,Κωνσταντινουπόλεως 63,Θεσσαλονίκη,54642,40.6101139087815,22.9622891000000,,,vrisko.gr,https://www.vrisko.gr/details/bicbag1gckd0c52b2d3jb5364262c_2h,thessalonikis
APEX REAL ESTATE,independent,,,,no_site,,,,,ΜΑΙΑΝΔΡΟΥ ΚΑΝΑΡΗ 3 ΕΥΟΣΜΟΣ,ανατολική θερσσαλονίκη,,,,53527011000,1,smasth.gr,,
AR - X (Χαρίση Αργυρώ Δ.),independent,ar-x.gr,https://www.ar-x.gr,https://www.ar-x.gr,bot_check_imperva,,,,,Ηροδότου 22,Καλαμαριά,55133,40.5863730000000,22.9583578484848,,,vrisko.gr,https://www.vrisko.gr/details/117kbj0266203eaj4kc42iaf5i7k74ak,kalamaria
ART PROPERTIES HOME,independent,,,,no_site,,,,,ΚΑΣΣΑΝΔΡΟΥ 147,κέντρο θεσσαλονίκης,,,,1523342060000,1,smasth.gr,,
ART.HOME,independent,,,,no_site,,,,,ΣΤΡΑΤΗΓΟΥ ΠΑΠΟΥΛΑ 6-8,ανατολική θεσσαλονίκη,,,,159928906000,1,smasth.gr,,
ART.HOME,independent,,,,no_site,,,,,ΘΕΡΜΟΠΥΛΏΝ 44,ανατολική θεσσαλονίκη,,,,41692306000,1,smasth.gr,,
ART.HOME,independent,,,,no_site,,,,,ΠΕΣΤΏΝ 36,ανατολική θεσσαλονίκη,,,,170367906000,1,smasth.gr,,
ART.HOME,independent,,,,no_site,,,,,ΠΕΤΡΟΥ ΛΕΒΑΝΤΗ 27,ανατολική θεσσαλονίκη,,,,171132506000,1,smasth.gr,,
ARTIPLAN,independent,,,,no_site,,,,,ΝΙΚ ΠΛΑΣΤΗΡΑ 2 ΧΑΡΙΛΑΟΥ,ανατολική θερσσαλονίκη,,,,41132706000,1,smasth.gr,,
AVENUE REALESTATE,independent,avenuerealestate.gr,https://avenuerealestate.gr,,bot_check_other,,,,,Β ΟΛΓΑΣ  59,ανατολική θερσσαλονίκη,,,,144891206000,1,smasth.gr,,
Alpha Home,independent,alphahome.gr,https://alphahome.gr,,bot_check_other,,,,,,Thessaloniki,,,,155062906000,2,web search;smasth.gr,,
Ap' Oiko (Απ' Οίκο),independent,,,,no_site,,,,,,Kalamaria,,,,,,web search (no domain found),,
B2B ESTATE ΙΚΕ,independent,b2bestate.gr,https://b2bestate.gr,,bot_check_other,,,,,"Τσιμισκή Ιωάννη 16, Είσοδος Στοά Χρυσικοπούλου - 1ος Όροφος",Θεσσαλονίκη,54624,40.6342856666666,22.9401741980130,,,vrisko.gr,https://www.vrisko.gr/details/3a4cb2ckb75hbg1bde2_7k176a_h2fd4,thessalonikis
B=A REAL ESTATE MON IKE,independent,,,,no_site,,,,,ΟΔ ΒΑΚΧΟΥ 1 ΙΣΟΓΕΙΟ,κέντρο θεσσαλονίκης,,,,167372306000,1,smasth.gr,,
BASI Real Estate,independent,,,,no_site,,,,,,Kalamaria,,,,,,web search (no domain found),,
BEE KOSMOS,independent,bee-kosmos.gr,https://www.bee-kosmos.gr,,unreachable,,,,,Βίκτωρος Ουγκώ 14,Θεσσαλονίκη,54625,40.6368632999999,22.9383899689839,,,vrisko.gr,https://www.vrisko.gr/details/_75k7ecibeccd7aj22d33ac22f77602j,thessalonikis
BEE ONE (Κλαδάκης Στυλιανός Κ.),independent,bee-realestate.gr,https://www.bee-realestate.gr,,unreachable,,,,,Καρακάση 52,Θεσσαλονίκη,54644,40.6059223647215,22.9642210000000,,,vrisko.gr,https://www.vrisko.gr/details/0kc00d5b05dd407d5b673c1_5j0255_4,thessalonikis
BEE REAL ESTATE - Σ ΚΛΑΔΑΚΗΣ Κ ΤΖΑΡΟΣ ΟΕ,independent,bee-realestate.gr,https://www.bee-realestate.gr,,unreachable,,,,,Ναυαρίνου 28,Καλαμαριά,55131,40.6335672000000,22.9397425059275,042862406000,1,vrisko.gr;smasth.gr,https://www.vrisko.gr/details/5_a57jbic2_65162bh7eaj1j3eb1ccbk,thessalonikis
BEE SPOT,independent,bee-spot.gr,https://www.bee-spot.gr,,unreachable,,,,,Λεωφόρος Δωδεκανήσου 21,Θεσσαλονίκη,54626,40.6371383104575,22.9363426666666,158077006000,1,vrisko.gr;smasth.gr,https://www.vrisko.gr/details/3d6_61ak5e0d_d4227350ede212123d6,thessalonikis
BITSIMIS REAL HOMES,independent,hotmail.it,https://hotmail.it,,http_417,,,,,ΟΔΥΣΣΕΩΣ 7,κέντρο θεσσαλονίκης,,,,163031306000,1,smasth.gr,,
BITSIMIS REAL HOMES,independent,,,,no_site,,,,,ΚΟΤΥΩΡΩΝ,ανατολική θεσσαλονίκη,,,,173427706000,1,smasth.gr,,
BLUE (Μπαϊρλή Σεβαστή Γ.),independent,,,,no_site,,,,,Ακροπόλεως 11,Θεσσαλονίκη,54634,40.6403140000000,22.9533841351351,,,vrisko.gr,https://www.vrisko.gr/details/7_ad5e25c407a4cd5k30436ib6_f616h,thessaloniki
BLUEFUNDS ΜΟΝΟΠΡΟΣΩΠΗ ΕΠΕ,independent,,,,no_site,,,,,Πυλαίας 99,Θεσσαλονίκη,54454,40.6075161728070,22.9805099000000,,,vrisko.gr,https://www.vrisko.gr/details/626a_fckci0a4j3a1j1_aad5cg3a_e5g,thessalonikis
BORAS NEW START,independent,,,,no_site,,,,,ΔΗΜ ΓΟΥΝΑΡΗ 78,κέντρο θεσσαλονίκης,,,,173623106000,1,smasth.gr,,
BOX REAL ESTATE,independent,boxmesitiko.gr,https://boxmesitiko.gr,,bot_check_other,,,,,ΕΠΤΑΛΟΦΟΥ 15 Κ ΤΟΥΜΠΑ,ανατολική θερσσαλονίκη,,,,155491406000,1,smasth.gr,,
CENTAL SUITES THSSALONIKI,independent,,,,no_site,,,,,ΟΛΥΜΠΙΑΔΟΣ 35,κέντρο θεσσαλονίκη,,,,180942406000,1,smasth.gr,,
CENTER HOME,independent,,,,no_site,,,,,ΕΘΝΙΚΗΣ ΑΝΤΙΣΤΑΣΗΣ  7Α,ανατολική θερσσαλονίκη,,,,039831406000,1,smasth.gr,,
CITY HOUSE - Α ΑΝΑΣΤΑΣΙΑΔΗΣ ΚΑΙ ΣΙΑ ΟΕ,independent,city-house.gr,https://www.city-house.gr,https://www.city-house.gr,bot_check_imperva,,,,,Αγίας Σοφίας 106 & Ολυμπιάδος,Θεσσαλονίκη,54634,40.6396490000000,22.9516570000000,,,vrisko.gr,https://www.vrisko.gr/details/4k7kb00ice6bdg0gd3b21g11akciab1a,thessalonikis
CITY LOFTS (Καραπαναγιώτης Ιωάννης),independent,citylofts.gr,https://www.citylofts.gr,https://www.citylofts.gr,bot_check_imperva,,,,,Μελενίκου Κ. 13,Θεσσαλονίκη,54635,,,,,vrisko.gr,https://www.vrisko.gr/details/044c0g_1011f3_7j5442_63fae3ddb0_,thessaloniki
CIVILS,independent,,,,no_site,,,,,ΕΛΕΥΘΕΡΙΑΣ 39 ΕΥΟΣΜΟΣ,ανατολική θερσσαλονίκη,,,,148400506000,1,smasth.gr,,
CIVILS,independent,,,,no_site,,,,,ΕΛΕΥΘΕΡΙΑΣ 39 ΕΥΟΣΜΟΣ,ανατολική θερσσαλονίκη,,,,148399006000,1,smasth.gr,,
CIVILS,independent,,,,no_site,,,,,ΕΛΕΥΘΕΡΙΑΣ 39 ΕΥΟΣΜΟΣ,δυτική θεσσαλονίκη,,,,148399906000,1,smasth.gr,,
CLOBAL CORPORATION MON IKE,independent,,,,no_site,,,,,"5,5 ΧΛΜΘΕΣΝΙΚΗ ΛΑΓΚΑΔΑ",δυτική θεσσαλονίκη,,,,176769306000,1,smasth.gr,,
CLOBAL REALTY MON IKE,independent,,,,no_site,,,,,ΑΓ ΔΗΜΗΤΡΙΟΥ 89,κέντρο θεσσαλονίκης,,,,168613106000,1,smasth.gr,,
CLOCK REAL ESTATE - ΜΕΣΙΤΙΚΗ ΕΤΑΙΡΙΑ CLOCK ΟΕ,independent,clockrealestate.gr,https://clockrealestate.gr,,bot_check_other,,,,,Παπανδρέου Γεωργίου 10,Θεσσαλονίκη,54645,40.6005329285714,22.9511871000000,143311006000,1,vrisko.gr;smasth.gr,https://www.vrisko.gr/details/db71ak0j_i4j072b1_761dbc7f_2_1_d,thessalonikis
COMTRUST REAL ESTATE (Πλατσατούρας Επαμεινώνδας Ε.),independent,comtrust.gr,https://www.comtrust.gr,https://www.comtrust.gr,bot_check_imperva,,,,,Αναγεννήσεως 23,Θεσσαλονίκη,54627,40.6432996675815,22.9278975904507,,,vrisko.gr,https://www.vrisko.gr/details/c75b31bg43d34a2fd76ead301a7e270f,thessalonikis
COZY REAL ESTATE - Α ΚΟΥΡΤΗΣ ΜΟΝΟΠΡΟΣΩΠΗ ΙΚΕ,independent,cozyestate.gr,https://www.cozyestate.gr,,bot_check_other,,,,,Δελφών 154,Θεσσαλονίκη,54248,40.6028538899079,22.9588165431102,137601106000,1,vrisko.gr;smasth.gr,https://www.vrisko.gr/details/3gaa_c7kak2kdb2e4c1c364i3j6043b2,thessalonikis
D DEVELOPEMENTS EE,independent,,,,no_site,,,,,ΑΓΙΟΥ ΔΗΜΗΤΡΙΟΥ 147,κέντρο θεσσαλονίκης,,,,172344506000,1,smasth.gr,,
D HOUSE DROSIA,independent,drosia-house.gr,https://drosia-house.gr,https://drosia-house.gr,bot_check_imperva,,,,,ΘΕΣΝΙΚΗΣ 83 ΩΡΑΙΟΚΑΣΤΡΟ,ανατολική θερσσαλονίκη,,,,142746306000,2,smasth.gr,,
DE HOME,independent,dehome.gr,https://dehome.gr,,bot_check_other,,,,,ΑΛ ΣΒΩΛΟΥ 6,ανατολική θερσσαλονίκη,,,,143797606000,1,smasth.gr,,
DE HOME,independent,,,,no_site,,,,,ΑΛ  ΣΒΩΛΟΥ 6,κέντρο θεσσαλονίκης,,,,59263604000,1,smasth.gr,,
DELTA PROPERTIES MANAGEMENT ΙΚΕ,independent,delta-properties.gr,https://www.delta-properties.gr,https://www.delta-properties.gr,bot_check_imperva,,,,,26ης Οκτωβρίου 26,Θεσσαλονίκη,54627,40.6397999000000,22.9315275613047,148482104000,1,vrisko.gr;smasth.gr,https://www.vrisko.gr/details/a53b302b60a56b3b7_cac_671aa40kd2,thessaloniki
DION GROUP TOURISM REAL ESTATE,independent,,,,no_site,,,,,ΜΕΤΑΜΟΡΦΩΣΕΩΣ 44,ανατολική θερσσαλονίκη,,,,173023706000,1,smasth.gr,,
DOMISIS PROPERTIES OE,independent,,,,no_site,,,,,ΠΑΣΑΛΙΔΗ 52 Β,ανατολική θερσσαλονίκη,,,,174114006000,1,smasth.gr,,
DREAM HOME (Στάμου Αικατερίνη Κ.),independent,dream-home.gr,https://www.dream-home.gr,https://www.dream-home.gr,bot_check_imperva,,,,,Φιλιππουπόλεως 6,Αμπελόκηποι,56123,40.6503260000000,22.9292841115288,,,vrisko.gr,https://www.vrisko.gr/details/6a5fbab22b4fc4db341k6b4_0f601_03,thessalonikis
EASYLIVING,independent,,,,no_site,,,,,26 ΟΚΤΩΒΡΙΟΥ 8,ανατολική θερσσαλονίκη,,,,178422306000,1,smasth.gr,,
EINEHOME K X3 IKE,independent,finehome.gr,https://finehome.gr,https://finehome.gr,bot_check_imperva,,,,,ΚΑΡΑΟΛΗ ΔΗΜΗΤΡΙΟΥ ΤΩΝ ΚΥΠΡΙΩΝ 30,ανατολική θερσσαλονίκη,,,,171664006000,1,smasth.gr,,
ELAK REAL ESTATE,independent,,,,no_site,,,,,ΗΡΩΩΝ ΠΟΛΥΤΕΧΝΕΙΟΥ 4 Β,περίχωρα θεσσαλονίκης,,,,127339406000,1,smasth.gr,,
ELEVATEREAL ESTATE,independent,,,,no_site,,,,,28 ΟΚΤΩΒΡΙΟΥ 36,ανατολική θεσσαλονίκη,,,,40967906000,1,smasth.gr,,
ELIN GROUP,independent,alemarestate.com,https://alemarestate.com,,unreachable,,,,,ΕΓΝΑΤΙΑ 84,κέντρο θεσσαλονίκης,,,,125503906000,1,smasth.gr,,
ELITE REAL ESTATE GROUP MON IKE,independent,,,,no_site,,,,,ΕΡΜΟΥ 1,κέντρο θεσσαλονίκης,,,,169999606000,1,smasth.gr,,
ELLE REAL ESTATE,independent,ya.ru,https://ya.ru,https://ya.ru/?nr=1&redirect_ts=1790504293.00000,ok,no,no,0,,ΞΙΦΙΛΙΝΩΝ 4 ΚΑΛΑΜΑΡΙΑ,ανατολική θεσσαλονίκη,,,,111111111111,1,smasth.gr,,
ELYSIAN LUXURY REAL ESTATE,independent,elysianes.gr,https://elysianes.gr,,unreachable,,,,,ΑΓ ΚΩΝΣΤΑΝΤΙΝΟΥ 86 ΕΥΟΣΜΟΣ,δυτική θεσσαλονίκη,,,,173424506000,2,smasth.gr,,
EMPIRE REAL ESTATE (Αγαθάκης Γεώργιος Σ.),independent,empire.com.gr,https://www.empire.com.gr,https://www.empire.com.gr,bot_check_imperva,,,,,Βασιλίσσης Όλγας 7,Θεσσαλονίκη,54640,40.6170231906806,22.9547793790259,,,vrisko.gr,https://www.vrisko.gr/details/d1c12_b_0jc0_i4jagaa75d53d_234c4,thessaloniki
ENTERHOME,independent,,,,no_site,,,,,ΙΩΝΙΑΣ 9 Β ΠΕΡΑΙΑ,ανατολική θερσσαλονίκη,,,,039588506000,1,smasth.gr,,
ERGODESING CONTRUCTIONS EE,independent,,,,no_site,,,,,ΑΡΙΣΤΟΤΕΛΟΥΣ 7 ΚΕΝΤΡΟ,κέντρο θεσσαλονίκης,,,,123536805000,1,smasth.gr,,
ESTIA NET,independent,,,,no_site,,,,,ΑΝΘΕΩΝ 8 ΠΕΡΑΙΑ,περίχωρα θεσσαλονίκης,,,,801597149,1,smasth.gr,,
ESTIA NET,independent,,,,no_site,,,,,ΑΝΘΕΩΝ 8 ΠΕΡΑΙΑ,περίχωρα θεσσαλονίκης,,,,039190506000,1,smasth.gr,,
ESTIACITY,independent,,,,no_site,,,,,ΜΗΤΡ ΓΕΝΝΑΔΙΟΥ 22 ΝΕΟΙ ΕΠΙΒΑΤΕΣ,περίχωρα θεσσαλονίκης,,,,042644906000,1,smasth.gr,,
ESTIACITY (Ραιδεστινού Αικατερίνη Α.),independent,estiacity.gr,https://www.estiacity.gr,https://www.estiacity.gr,bot_check_imperva,,,,,Μητροπολίτου Γενναδίου 22,Νέοι Επιβάτες - Άνω Νέοι Επιβάτες,57019,40.4971137154623,22.9132518836061,,,vrisko.gr,https://www.vrisko.gr/details/b7432543bk127313411d26a30i0b7d23,thessalonikis
ESTIANET (Παμπαλιάρης Κωνσταντίνος Π.),independent,estianet.eu,https://www.estianet.eu,,unreachable,,,,,Ανθέων 6,Περαία,57019,40.5078090000000,22.9346370742972,,,vrisko.gr,https://www.vrisko.gr/details/50605e65ci176100_eagb67c5450cg6k,thessalonikis
EUROCASA (Τσολακίδου Χρυσούλα Δ.),independent,,,,no_site,,,,,Καπετάν Γκόνη 27,Καλαμαριά,55131,40.5905278000000,22.9507394026578,,,vrisko.gr,https://www.vrisko.gr/details/002i573614b3bd0f570faa_07_1eb2_4,kalamaria
EUROHOME,independent,eurohome-estate.gr,https://eurohome-estate.gr,https://eurohome-estate.gr,bot_check_imperva,,,,,ΑΝΔΡΕΑ ΠΑΠΑΝΔΡΕΟΥ 89,ανατολική θερσσαλονίκη,,,,042722506000,1,smasth.gr,,
EUROHOME (Κυριακού Χρυσή Ε.),independent,,,,no_site,,,,,Δελφών 55,Θεσσαλονίκη,54642,40.6113834127498,22.9574866666666,,,vrisko.gr,https://www.vrisko.gr/details/12bg41d6bk2g1a4f4_c3564fcc1c3153,thessaloniki
EXELIXIS (Ουζούνης Τιμολέων Γ.),independent,exelixis-estate.gr,https://www.exelixis-estate.gr,https://www.exelixis-estate.gr,bot_check_imperva,,,,,Συγγρού Ανδρέα 34,Θεσσαλονίκη,54630,40.6391612101449,22.9414983333333,,,vrisko.gr,https://www.vrisko.gr/details/aj6e224kbebdbfb2d_bjde5jd20bbj5e,thessaloniki
FIRSTCLASSREALESTATE,independent,,,,no_site,,,,,ΣΤΕΛΙΟΥ ΚΑΖΑΝΤΖΙΔΗ 47,περίχωρα θεσσαλονίκης,,,,137441706000,1,smasth.gr,,
FOCUS REAL ESTATE,independent,focusrealestate.gr,https://focusrealestate.gr,https://focusrealestate.gr,bot_check_imperva,,,,,ΠΑΤΡ ΓΡΗΓΟΡΙΟΥ Ε 1,ανατολική θερσσαλονίκη,,,,40299806000,1,smasth.gr,,
FORUM LAND REAL ESTATE,independent,formuland.gr,https://formuland.gr,,unreachable,,,,,ΚΥΜΗΣ 8 Β ΟΛΓΑΣ 281,ανατολική θεσσαλονίκη,,,,039286106000,1,smasth.gr,,
G-MAS,independent,,,,no_site,,,,,,Thessaloniki,,,,,,web search via Spitogatos,,
GALANOS REAL ESTATE (Γαλανός Ελευθέριος Φ.),independent,galanosestate.gr,https://www.galanosestate.gr,https://www.galanosestate.gr,bot_check_imperva,,,,,Τσιμισκή Ιωάννη 27,Θεσσαλονίκη,54624,40.6340576000000,22.9408174416413,161595106000,1,vrisko.gr;smasth.gr,https://www.vrisko.gr/details/_j13a3375j351b42ak0db55j6_1a352i,thessaloniki
GALL,independent,,,,no_site,,,,,ΣΕΦΕΡΗ 10 ΚΑΛΑΜΑΡΙΑ,ανατολική θεσσαλονίκη,,,,176499606000,1,smasth.gr,,
GE - HOME (Πανίδης Γεώργιος Κ.),independent,ge-home.gr,https://www.ge-home.gr,https://www.ge-home.gr,bot_check_imperva,,,,,Λεωφόρος Στρατού 27,Θεσσαλονίκη,54639,40.6197512398374,22.9579658000000,,,vrisko.gr,https://www.vrisko.gr/details/2cdd605j665e7dbba7d2_k2056b1d263,thessalonikis
GEORGE A LEPENIOTIS REAL ESTATE,independent,,,,no_site,,,,,ΚΟΜΝΗΝΩΝ 28,ανατολική θερσσαλονίκη,,,,161670906000,1,smasth.gr,,
GEORGIADOY REAL ESTATE GROUP,independent,,,,no_site,,,,,ΠΡΟΥΣΗΣ 5 ΝΕΑΠΟΛΗ,δυτική θεσσαλονίκη,,,,165675106000,1,smasth.gr,,
GIOVANNI REAL ESTATE (Μπλόσκας Ιωάννης Β.),independent,giovannirealestate.gr,https://www.giovannirealestate.gr,,unreachable,,,,,Πορφύρα Λάμπρου & Αλεξανδρείας,Θεσσαλονίκη,54646,40.5977171000000,22.9571453301115,,,vrisko.gr,https://www.vrisko.gr/details/af2e2f07a7564h7c24c173623b736daa,thessalonikis
GO4DEAL,independent,,,,no_site,,,,,ΒΙΚΤΩΡΟΣ ΟΥΓΚΩ 14,ανατολική θερσσαλονίκη,,,,145176206000,1,smasth.gr,,
GOLDEN HOUSE (Γκίνης Κωνσταντίνος Σ.),independent,,,,no_site,,,,,Σκρα 1-3,Θεσσαλονίκη,54622,40.6322098000000,22.9482448000000,,,vrisko.gr,https://www.vrisko.gr/details/6h4c2b65d32k7c__b1c6bj6i1_141_1e,thessaloniki
GOLDEN HOUSE IKE,independent,,,,no_site,,,,,ΣΚΡΑ 1-3 ΜΕ ΑΛΕΞ ΣΒΩΛΟΥ,ανατολική θερσσαλονίκη,,,,151359406000,2,smasth.gr,,
GONOWHOUSE,independent,,,,no_site,,,,,ΓΡΗΓ ΚΟΛΩΝΙΑΡΗ 120 ΜΕ ΡΗΓΑ ΦΕΡΑΙΟΥ 1,ανατολική θερσσαλονίκη,,,,148842406000,1,smasth.gr,,
GREEK PROPERTY FOR SALE,independent,greekpropertyforsale.gr,https://greekpropertyforsale.gr,,http_503,,,,,ΠΤΟΛΕΜΑΊΩΝ 6,ανατολική θερσσαλονίκη,,,,174643806000,1,smasth.gr,,
GREENPOWER,independent,,,,no_site,,,,,ΔΙΟΓΕΝΟΥΣ 1ΕΥΟΣΜΟΣ,δυτική θεσσαλονίκη,,,,041376406000,1,smasth.gr,,
GRISS - GREEK REALTY INTERGRATED SOLUTIONS AND SERVICES ΙΚΕ,independent,,,,no_site,,,,,Δραγούμη Ίωνος 4,Θεσσαλονίκη,54624,40.6348449503546,22.9384310000000,,,vrisko.gr,https://www.vrisko.gr/details/50513gb33g7c6g1__22aa3ae65316aae,thessaloniki
HABITAT REAL ESTATE OE,independent,habitatrealestate.gr,https://habitatrealestate.gr,,bot_check_cloudflare,,,,,ΖΕΥΞΙΔΟΣ 1 ΚΕΝΤΡΟ,κέντρο θεσσαλονίκης,,,,179357104000,1,smasth.gr,,
HOME AGENCY (Ζαχαριά Βασιλική Π.),independent,homeagency.gr,https://www.homeagency.gr,https://www.homeagency.gr,bot_check_imperva,,,,,Καποδιστρίου 36,Καλαμαριά - Νέα Κρήνη,55132,40.5688271596731,22.9598297540528,,,vrisko.gr,https://www.vrisko.gr/details/7a667153443h24a7d36f7h1e1fd16db6,thessalonikis
HOME CENTER,independent,home-center.gr,https://home-center.gr,https://home-center.gr,bot_check_imperva,,,,,ΚΑΡΑΟΛΗ ΔΗΜΗΤΡΙΟΥ 117 ΕΥΟΣΜΟΣ,δυτική θεσσαλονίκη,,,,041664106000,1,smasth.gr,,
HOME TIME (Σάκκου Αλεξάνδρα Κ.),independent,,,,no_site,,,,,Φιλιππουπόλεως 75,Αμπελόκηποι,56123,40.6540770999999,22.9240378227866,,,vrisko.gr,https://www.vrisko.gr/details/0g0d4h5acgbedc3544dgd44f4711a365,thessalonikis
HOME-XPERT,independent,home-xpert.gr,https://home-xpert.gr,https://home-xpert.gr,bot_check_imperva,,,,,ΜΙΑΟΥΛΗ 7 ΑΓΙΑ ΤΡΙΑΔΑ,ανατολική θερσσαλονίκη,,,,145089506000,1,smasth.gr,,
HOME4ALL REAL ESTATE,independent,homeforall.gr,https://homeforall.gr,https://homeforall.gr,bot_check_imperva,,,,,Μητροπόλεως 19,Θεσσαλονίκη,54624,40.6338960000000,22.9394408940724,,,vrisko.gr,https://www.vrisko.gr/details/bf20700423be5f5_24bdd_23b0df5ich,thessalonikis
HOMEADORE & REMODELING SOLUTIONS,independent,,,,no_site,,,,,ΣΤΕΦ ΤΑΤΗ 7,κέντρο θεσσαλονίκης,,,,149206206000,2,smasth.gr,,
HOMEADORE AND REMODELING SOLUTIONS - ΑΠΟΣΤΟΛΙΔΗΣ Γ ΑΛΕΞΑΝΔΡΗ Ι ΠΑΠΑΙΩΑΝΝΟΥ Α ΟΕ,independent,homeadore.gr,https://www.homeadore.gr,https://www.homeadore.gr,bot_check_imperva,,,,,Τάττη Στεφάνου 7,Θεσσαλονίκη,54622,40.6335928458057,22.9481877460327,,,vrisko.gr,https://www.vrisko.gr/details/44072h1cdf4ibjcb1c1e1bah_f4_dbd_,thessaloniki
HOMETARGET,independent,,,,no_site,,,,,ΠΑΠΑΦΗ 96,ανατολική θεσσαλονίκη,,,,130698206000,1,smasth.gr,,
HOMETIME,independent,,,,no_site,,,,,ΦΙΛΙΠΟΥΠΟΛΕΩΣ 75,ανατολική θερσσαλονίκη,,,,039545906000,1,smasth.gr,,
HOUSE CENTER,independent,,,,no_site,,,,,ΜΙΑΟΥΛΗ 71 ΠΛΙΑΓΙΑΡΙ,ανατολική θερσσαλονίκη,,,,182122106000,1,smasth.gr,,
HOUSE FOR YOU,independent,,,,no_site,,,,,ΑΝΤΩΝΙΟΥ ΝΑΣΤΟΥ 19,ανατολική θερσσαλονίκη,,,,133199506000,1,smasth.gr,,
HOUSES SERVICE,independent,propertieshouseservice.gr,https://propertieshouseservice.gr,,unreachable,,,,,ΚΩΝΣΤΑΝΤΙΝΟΥ ΚΑΡΑΜΑΝΛΗ 145,ανατολική θερσσαλονίκη,,,,192657906000,1,smasth.gr,,
HOUSES UNDER THE SUN GREECE EE,independent,,,,no_site,,,,,ΚΩΝΣΤΑΝΤΙΝΟΥΠΟΛΕΩΣ 23 ΝΕΟ ΡΥΣΙΟ,ανατολική θερσσαλονίκη,,,,170425006000,1,smasth.gr,,
Hellenic Property,independent,,,,no_site,,,,,,Thessaloniki,,,,,,web search (no domain found),,
Home4all Real Estate,independent,,,,no_site,,,,,ΜΗΤΡΟΠΟΛΕΩΣ 19,ανατολική θερσσαλονίκη,,,,157917406000,1,smasth.gr,,
Houses Under The Sun-Greece,independent,,,,no_site,,,,,,Neo Rysio (Thermi),,,,,,web search (no domain found),,
IKARIA 2009,independent,,,,no_site,,,,,ΣΥΜΕΩΝΙΔΗ 22 ΠΥΛΑΙΑ,ανατολική θεσσαλονίκη,,,,1689280406000,1,smasth.gr,,
IKIA ESTATE (Ιωαννίδης Παναγιώτης),independent,ikia-estate.gr,https://www.ikia-estate.gr,,unreachable,,,,,Βενιζέλου Ελευθερίου 29,Συκιές,56625,40.6454548183605,22.9561226694254,,,vrisko.gr,https://www.vrisko.gr/details/7i52_0ae3h66ac_eb207a30g43_d3kai,thessalonikis
IKOS REAL ESTATE,independent,,,,no_site,,,,,Λαγυνά,Λαγκαδάς,57200,,,,,vrisko.gr,https://www.vrisko.gr/details/6i2k46b63i66b0ag34agbe__5bc6ad4k,thessalonikis
IMAGINE LIFE IKE,independent,imaginelife.gr,https://imaginelife.gr,,bot_check_other,,,,,ΜΟΝΑΣΤΗΡΙΟΥ 315,δυτική θεσσαλονίκη,,,,158376606000,1,smasth.gr,,
INTERHOME,independent,interhome-group.gr,https://interhome-group.gr,https://interhome-group.gr,bot_check_imperva,,,,,ΡΗΓΑ ΦΕΡΑΙΟΥ 138 ΣΥΚΙΕΣ,ανατολική θερσσαλονίκη,,,,040538706000,1,smasth.gr,,
INTERHOME (Τζιδημόπουλος Σάββας Π.),independent,interhome.gr,https://www.interhome.gr,,unreachable,,,,,Ρήγα Φεραίου 138,Συκιές,56625,40.6510091394799,22.9511548699588,,,vrisko.gr,https://www.vrisko.gr/details/_k16ceb4be7524367kca1ed_4i2fbg43,thessalonikis
INVESTAR REAL ESTATE (Κεραμίδας Παντελής Ν.),independent,investar.gr,https://www.investar.gr,,unreachable,,,,,Καρρά & Καζαντζή,Κάτω Σχολάρι,57500,40.4293777269780,23.0248205806419,,,vrisko.gr,https://www.vrisko.gr/details/615261d7aa2231dc36b74j0f6k_gbj7e,thessalonikis
INVISTA - ΚΑΚΑΛΤΣΗΣ Ν ΚΑΙ ΣΙΑ ΟΕ,independent,invista.gr,https://www.invista.gr,,unreachable,,,,,Παπανδρέου Ανδρέα 46 & Μακεδονίας 16Α,Καλαμαριά - Άγιος Ιωάννης,55135,40.5749160000000,22.9648970000000,043556706000,2,vrisko.gr;smasth.gr,https://www.vrisko.gr/details/2g1h3k2k4650614jd12d47613e3abfd7,thessalonikis
IOANNIDIS HOME (Ιωαννίδης Παναγιώτης Ν.),independent,,,,no_site,,,,,Μελενίκου Κωνσταντίνου 43,Θεσσαλονίκη - Ροτόντα,54635,40.6348140000000,22.9530032177893,,,vrisko.gr,https://www.vrisko.gr/details/7e4bai555b7f6k1ebi_h4k1kbc045cc7,thessaloniki
KAROUTAS PROPERTIES - Α ΚΑΡΟΥΤΑΣ ΚΑΙ ΣΙΑ ΟΕ (Καρούτας Αλέξανδρος Α.),independent,karoutasproperties.gr,https://karoutasproperties.gr,,bot_check_other,,,,,Γούναρη Δημητρίου 12 & Τσιμισκή,Θεσσαλονίκη,54621,40.6290800000000,22.9489170000000,,,vrisko.gr,https://www.vrisko.gr/details/_e_h7g1e7eada53i402a443d153341ac,thessaloniki
KERAMIDOGATOS REAL ESTATE,independent,,,,no_site,,,,,ΜΑΒΙΛΗ 3,κέντρο θεσσαλονίκη,,,,191955006000,1,smasth.gr,,
KEY HOME (Γραικός Στυλιανός Γ.),independent,keyhome.gr,https://www.keyhome.gr,,unreachable,,,,,Βιζυηνού 54,Θεσσαλονίκη,54636,40.6318545000000,22.9644622326733,,,vrisko.gr,https://www.vrisko.gr/details/2b_ibb750k5b__7j137ic73f_ccj3e47,thessaloniki
LA MAISON (Κανταρτζή Ιωάννα),independent,,,,no_site,,,,,Παπάφη 19,Θεσσαλονίκη,54638,40.6212406558739,22.9611721000000,,,vrisko.gr,https://www.vrisko.gr/details/2k40015ja_5060a1_520dfbc01545a13,thessaloniki
LAMPOGLOU REAL ESTATE (Λάμπογλου Αντώνιος Γ.),independent,lampoglourealestate.gr,https://lampoglourealestate.gr,https://lampoglourealestate.gr,bot_check_imperva,,,,,Παλαιολόγου Κωνσταντίνου 29 & Ιασωνίδου 9,Θεσσαλονίκη,54635,40.6330549892018,22.9499474000000,,,vrisko.gr,https://www.vrisko.gr/details/0e_6a1da_d5k37cg0edgbi1abi6b6k01,thessalonikis
LIAGGAS REAL ESTATE,independent,,,,no_site,,,,,ΜΗΤΡΟΠΟΛΕΩΣ 40,ανατολική θερσσαλονίκη,,,,174193506000,2,smasth.gr,,
LIBRA-PROPERTIES,independent,,,,no_site,,,,,ΑΛΑΜΑΝΑΣ 51 ΚΑΛΑΜΑΡΙΑ,ανατολική θεσσαλονίκη,,,,142748506000,1,smasth.gr,,
LINEA  AND B,independent,,,,no_site,,,,,ΔΩΔΕΚΑΝΗΣΟΥ 2,κέντρο θεσσαλονίκης,,,,187011606000,1,smasth.gr,,
LIVINIT,independent,,,,no_site,,,,,ΠΑΝΑΓΗ ΤΣΑΛΔΑΡΗ 3 ΝΕΑΠΟΛΗ,ανατολική θερσσαλονίκη,,,,133404406000,1,smasth.gr,,
MANDRAOU HOME REAL ESTATE,independent,mandraou.gr,https://mandraou.gr,,unreachable,,,,,ΡΩΜΑΝΟΥ 27 ΠΕΡΑΙΑ,περίχωρα θεσσαλονίκης,,,,111111111111,1,smasth.gr,,
MASTER HOUSE ΜΟΝΟΠΡΟΣΩΠΗ ΙΚΕ,independent,,,,no_site,,,,,Δελφών 13,Θεσσαλονίκη,54640,40.6158302852272,22.9584125000000,,,vrisko.gr,https://www.vrisko.gr/details/_d1_0ia3453ha727167j772jbh6jc25f,thessaloniki
MEDITERRANEO REALTY# BUILD,independent,,,,no_site,,,,,Λ ΝΙΚΗΣ 3,ανατολική θερσσαλονίκη,,,,178555706000,1,smasth.gr,,
MEGA REAL ESTATE (Μέγα Ασπασία Δ.),independent,mega-realestate.gr,https://www.mega-realestate.gr,https://www.mega-realestate.gr,bot_check_imperva,,,,,Βοσπόρου 104,Θεσσαλονίκη - Κάτω Τούμπα,54454,40.6059510000000,22.9768514558477,,,vrisko.gr,https://www.vrisko.gr/details/2h3f2eakd123chbdb5272060d7502c56,thessalonikis
MELLON REAL ESTATE,independent,mellongr.com,https://mellongr.com,,unreachable,,,,,ΜΟΝΑΣΤΗΡΙΟΥ 163,δυτική θεσσαλονίκη,,,,146918706000,1,smasth.gr,,
MESI-TIK,independent,,,,no_site,,,,,ΑΝΔΡΕΑ ΠΑΠΑΝΔΡΕΟΥ 49 ΝΕΑΠΟΛΗ,δυτική θεσσαλονίκη,,,,185916106000,1,smasth.gr,,
MESITHS 360,independent,,,,no_site,,,,,ΑΡΓΥΡΟΥΠΟΛΕΩΣ 32,ανατολική θερσσαλονίκη,,,,150483206000,1,smasth.gr,,
MESITIKO GEORAMA,independent,mesitikogeorama.gr,https://mesitikogeorama.gr,,unreachable,,,,,ΠΛ ΙΩΑΝΝΟΥ ΜΕΤΑΞΑ ΕΠΑΝΟΜΗ,περίχωρα θεσσαλονίκης,,,,042858206000,1,smasth.gr,,
MESITIS360 (Πολυζούδης Χρυσοβαλάντης Κ.),independent,mesitis360.gr,https://www.mesitis360.gr,https://www.mesitis360.gr,bot_check_imperva,,,,,Αργυρουπόλεως 32,Καλαμαριά,55131,40.5852914650164,22.9507147999999,,,vrisko.gr,https://www.vrisko.gr/details/4_1g0jb04332a53h775cak77251i7k30,thessalonikis
MI CASA TU CASA,independent,,,,no_site,,,,,Ι ΔΡΑΓΟΥΜΗ 44,ανατολική θερσσαλονίκη,,,,39617206000,1,smasth.gr,,
MORFINOS ESTATE,independent,,,,no_site,,,,,ΠΑΠΑΦΗ 73,ανατολική θεσσαλονίκη,,,,04251670600,1,smasth.gr,,
MORFINOS ESTATE (Μορφίνος Αριστοτέλης Τ.),independent,,,,no_site,,,,,Παπάφη 73,Θεσσαλονίκη,54453,40.6156532762557,22.9662112500000,,,vrisko.gr,https://www.vrisko.gr/details/434h5k_74ac43ib13g2d3daj7aae0_cg,thessaloniki
MOUSE REAL ESTATE,independent,mouserealestate.gr,https://mouserealestate.gr,,bot_check_other,,,,,ΕΚΑΤΗΣ 19,ανατολική θερσσαλονίκη,,,,171837506000,1,smasth.gr,,
MP ESTATE,independent,,,,no_site,,,,,ΟΜΟΝΟΙΑΣ 7 ΝΙΚΟΠΟΛΗ,ανατολική θερσσαλονίκη,,,,176576606000,1,smasth.gr,,
MP REALTY (Παπαγρηγορίου Μαρία Χ.),independent,mprealty.gr,https://www.mprealty.gr,,unreachable,,,,,Πλουτάρχου 12,Καλαμαριά,55134,40.5888203800627,22.9624682000000,,,vrisko.gr,https://www.vrisko.gr/details/ch020k2c4bb01f1k4e6f7f2_bi5iaja5,kalamaria
MPROPERTIES REAL ESTATE,independent,,,,no_site,,,,,ΤΑΚΗ ΟΙΚΟΝΟΜΙΔΗ 58,ανατολική θεσσαλονίκη,,,,151975306000,1,smasth.gr,,
MY HOME PROPERTIES,independent,,,,no_site,,,,,ΡΩΜΑΝΟΥ 3 ΠΕΡΑΙΑ,ανατολική θερσσαλονίκη,,,,168737506000,1,smasth.gr,,
NEO SPITI,independent,,,,no_site,,,,,ΛΕΩΦ Γ ΠΑΠΑΝΙΚΟΛΑΟΥ 99,δυτική θεσσαλονίκη,,,,125087630000,1,smasth.gr,,
NEW ENTRY (Χρήστου Μαρία Ι.),independent,new-entry.gr,https://www.new-entry.gr,,unreachable,,,,,Χρυσουλίδη Δ. 5,Καλαμαριά,55131,40.5857336000000,22.9525549800530,,,vrisko.gr,https://www.vrisko.gr/details/_hb2c04i_42bbe_hag2h050g754db54h,thessalonikis
NEW HOME REAL ESTATE,independent,,,,no_site,,,,,ΙΑΣΩΝΙΔΟΥ 19,κέντρο θεσσαλονίκης,,,,168566404000,1,smasth.gr,,
NV INTER ESTATES,independent,,,,no_site,,,,,ΔΕΛΦΩΝ 50 Α ΠΥΛΑΙΑ,ανατολική θερσσαλονίκη,,,,202187216,1,smasth.gr,,
OLYMPUS GREEN REAL ESTATE - OLYMPUS GREEN ΟΕ (Χαλκίδης Αναστάσιος Ν.),independent,,,,no_site,,,,,Κωνσταντινουπόλεως 25 & Παρασκευοπούλου,Θεσσαλονίκη,54639,40.6164230000000,22.9593850000000,,,vrisko.gr,https://www.vrisko.gr/details/145d5c6dc7a60d1d23ci43c56_773e60,thessalonikis
OMNIS PROGECTS EE,independent,omnisprojects.gr,https://omnisprojects.gr,,unreachable,,,,,ΑΓΙΟΥ ΔΗΜΗΤΡΙΟΥ 49 ΜΕ ΚΑΛΠΑΚΙΟΥ ΣΥΚΙΕΣ,ανατολική θερσσαλονίκη,,,,161532904000,1,smasth.gr,,
ONASIS HOME  ΜΟΝ ΙΚΕ,independent,,,,no_site,,,,,ΝΙΚΟΛΆΟΥ ΠΛΑΣΤΉΡΑ 1 ΣΤΑΎΡΟΣ ΘΕΣΣΑΛΟΝΊΚΗΣ,ανατολική θερσσαλονίκη,,,,147436906000,1,smasth.gr,,
OPEN 24 REAL ESTATE - ΔΙΑΜΑΝΤΙΔΗΣ ΔΙΑΜΑΝΤΗΣ ΜΟΝΟΠΡΟΣΩΠΗ ΙΚΕ,independent,open24estate.gr,https://www.open24estate.gr,https://www.open24estate.gr,bot_check_imperva,,,,,Ζαρίφη Νικολάου 14,Συκιές,56625,40.6484718732221,22.9465549102646,,,vrisko.gr,https://www.vrisko.gr/details/2326_fb_1a0j3_3kcjc0166kc757066c,thessalonikis
OPEN CONSTRUCTION EE DIAXEIRHSH AKINHTVN,independent,,,,no_site,,,,,Ν ΖΑΡΕΙΦΗ 14 ΣΥΚΙΕΣ,δυτική θεσσαλονίκη,,,,151575506000,1,smasth.gr,,
PALLADIA (Ραγτζή Νίκη Ι.),independent,,,,no_site,,,,,Μανουσογιαννάκη 2,Θεσσαλονίκη,54621,40.6292193000000,22.9501941916667,,,vrisko.gr,https://www.vrisko.gr/details/3g46ckc41b1_ac5e1i1j3cc665cjb67f,thessaloniki
PANDA ΘΕΣΣΑΛΟΝΟΙΚΟΙ,independent,harpantidis.gr,https://harpantidis.gr,https://harpantidis.gr,bot_check_imperva,,,,,ΑΓ ΔΗΜΗΤΡΙΟΥ 71,ανατολική θερσσαλονίκη,,,,149960906000,1,smasth.gr,,
PANORAMA ESTATE,independent,,,,no_site,,,,,ΠΑΠΑΔΟΠΟΥΛΟΥ 19 ΠΑΝΟΡΑΜΑ,ανατολική θερσσαλονίκη,,,,000142552106000,1,smasth.gr,,
PARTHENON REAL ESTATE (Γεωργάκος Κωνσταντίνος Σ.),independent,nires.net,https://www.nires.net,,unreachable,,,,,Πολυτεχνείου 25,Θεσσαλονίκη,54626,40.6372842000000,22.9348051033264,,,vrisko.gr,https://www.vrisko.gr/details/a2b_4_af2_71044k_25b1g37ce51_a5b,thessaloniki
PASALIDIS REALESTATE,independent,yahoo.gr,https://yahoo.gr,,unreachable,,,,,ΦΙΛΙΠΠΟΥ 55 ΠΥΛΑΙΑ,ανατολική θεσσαλονίκη,,,,11111111111,10,smasth.gr,,
PERFECT HOME (Κοντός Χρήστος Ε.),independent,,,,no_site,,,,,Κασσάνδρου 123,Θεσσαλονίκη,54634,40.6346528000000,22.9503270988047,,,vrisko.gr,https://www.vrisko.gr/details/b_be2e22b402701a61354_dfbicba0b6,thessalonikis
PESIRIDIS GROUR,independent,,,,no_site,,,,,ΝΙΚΟΜΗΔΕΙΑΣ 25 ΗΛΙΟΥΠΟΛΗ,δυτική θεσσαλονίκη,,,,144343206000,1,smasth.gr,,
PLATINUM REAL ASTATE,independent,,,,no_site,,,,,ΤΡΙΠΤΟΛΕΜΟΥ 14,ανατολική θερσσαλονίκη,,,,144355506000,1,smasth.gr,,
POSEIDON DEVELOPMENT IKE,independent,,,,no_site,,,,,ΕΓΝΑΤΙΑ 81 Α,κέντρο θεσσαλονίκης,,,,136653506000,1,smasth.gr,,
PRECON (Προγιόπουλος Φίλιππος Γ.),independent,precon.gr,https://www.precon.gr,,unreachable,,,,,Ήρωνος 5,Θεσσαλονίκη,54639,40.6168558802293,22.9597485659723,,,vrisko.gr,https://www.vrisko.gr/details/db37464e4jda136e1325ch5cc61gba02,thessalonikis
PRO CAPITAL ΚΟΛΟΠΤΑΣ ΜΙΧΑΗΛ,independent,pro-lapital.gr,https://pro-lapital.gr,,unreachable,,,,,ΦΙΛΙΠΠΟΥ 35,ανατολική θερσσαλονίκη,,,,14355335000,1,smasth.gr,,
PROMOTION REAL ESTATE,independent,,,,no_site,,,,,ΠΡΕΒΕΖΗΣ 21 ΑΓΙΟΣ ΠΑΥΛΟΣ,δυτική θεσσαλονίκη,,,,039839406000,1,smasth.gr,,
PROPERTY DEAL,independent,,,,no_site,,,,,ΓΑΛΗΝΗΣ 135 Ν ΜΗΧΑΝΙΩΝΑ,ανατολική θερσσαλονίκη,,,,183234706000,1,smasth.gr,,
PROPERTY VISION,independent,propertyvision.gr,https://www.propertyvision.gr,,bot_check_other,,,,,Αρτάκης 15,Θεσσαλονίκη - Τούμπα,54454,40.6080106666666,22.9753910215531,,,vrisko.gr,https://www.vrisko.gr/details/5_ahad432a2h2f34a20727271344bg73,thessalonikis
PROTERA PROPERTIES,independent,,,,no_site,,,,,ΜΑΚΡΥΓΙΑΝΝΗ 31 ΘΕΡΜΗ,περίχωρα θεσσαλονίκη,,,,160565406000,1,smasth.gr,,
REAL ASTATE PLUS,independent,,,,no_site,,,,,ΑΜΙΣΟΥ 45 ΚΑΛΑΜΑΡΙΑ,ανατολική θερσσαλονίκη,,,,125490606000,1,smasth.gr,,
REAL EARTH. GR,independent,,,,no_site,,,,,Ι ΓΡΗΓΟΡΙΑΔΟΥ 2Α,ανατολική θεσσαλονίκη,,,,039469306000,1,smasth.gr,,
REAL ESTATE PETIA SHEITANOVA,independent,neamesitiki.gr,https://neamesitiki.gr,https://neamesitiki.gr,bot_check_imperva,,,,,ΝΕΑ ΡΑΙΔΕΣΤΟΣ,ανατολική θερσσαλονίκη,,,,142503006000,2,smasth.gr,,
REAL ESTATE VASILIADIS (Βασιλειάδης Κωνσταντίνος Ν.),independent,vasiliadis-k.gr,https://www.vasiliadis-k.gr,,unreachable,,,,,Αγίου Νικολάου 2,Νέα Μηχανιώνα,57004,40.4608260000000,22.8614580000000,,,vrisko.gr,https://www.vrisko.gr/details/340fag5222_h66_74a6ac0c1a020_i1j,thessalonikis
RES INTERNASIONAL,independent,,,,no_site,,,,,ΗΡΩΩΝ ΠΟΛΥΤΕΧΝΕΙΟΥ 50 ΕΥΟΣΜΟΣ,ανατολική θερσσαλονίκη,,,,040769806000,1,smasth.gr,,
Real Estate Vasiliadis,independent,,,,no_site,,,,,ΑΓΙΟΥ ΝΙΚΟΛΑΟΥ 2 ΜΗΧΑΝΙΩΝΑ,ανατολική θερσσαλονίκη,,,,176679106000,1,smasth.gr,,
SALANI PARTNERS,independent,,,,no_site,,,,,ΠΑΤΡΙΑΡΧΟΥ ΙΩΑΚΕΙΜ 27,ανατολική θερσσαλονίκη,,,,039379106000,1,smasth.gr,,
SARRIS GROUP,independent,,,,no_site,,,,,ΠΟΛΥΤΕΧΝΕΙΟΥ 27 29,ανατολική θερσσαλονίκη,,,,039430806000,1,smasth.gr,,
SIMA REAL ESTATE,independent,simarealestate.gr,https://simarealestate.gr,,unreachable,,,,,ΡΗΓΑ ΦΕΡΑΙΟΥ12 ΠΟΛΙΧΝΗ,ανατολική θερσσαλονίκη,,,,1877790060000,1,smasth.gr,,
SMART HOUSE,independent,,,,no_site,,,,,ΣΩΚΡΑΤΟΥΣ 6 ΚΕΝΤΡΟ,ανατολική θερσσαλονίκη,,,,172845506000,1,smasth.gr,,
SMURFSHOME - ΝΕΡΑΤΖΑΚΗ ΜΑΡΙΑ ΚΑΙ ΤΣΑΛΟΥΧΙΔΗΣ ΑΝΤΩΝΙΟΣ ΟΕ,independent,,,,no_site,,,,,Βιτσίου 3,Πολίχνη,56532,40.6582123055556,22.9580245000000,,,vrisko.gr,https://www.vrisko.gr/details/5k0a6add1dbj2011cdcj_j1h40_d01ai,thessalonikis
SOVEREIGN BROKERS,independent,sovereignbrokers.gr,https://sovereignbrokers.gr,,bot_check_other,,,,,Τσιμισκή Ιωάννη 68,Θεσσαλονίκη,54622,40.6313470000000,22.9451645561797,,,vrisko.gr,https://www.vrisko.gr/details/6d13670i0f3a11df477_1f25cbck5a1_,thessalonikis
SPECIALS HOMES,independent,,,,no_site,,,,,ΕΘΝΙΚΗΣ ΑΝΤΙΣΤΑΣΗΣ  85 ΕΥΟΣΜΟΣ,δυτική θεσσαλονίκη,,,,172704106000,1,smasth.gr,,
SPESIAL AGENTS ESTATE (SAE),independent,specialagentsestate.gr,https://specialagentsestate.gr,,bot_check_other,,,,,ΑΛΕΞΑΝΔΡΕΙΑΣ 78 ΜΑΡΤΙΟΥ,ανατολική θερσσαλονίκη,,,,16807880600,1,smasth.gr,,
SPITI 365 (Καραγκιαούρης Γεώργιος Κ.),independent,,,,no_site,,,,,Εγνατίας 125,Θεσσαλονίκη,54635,40.6316588000000,22.9525408614035,,,vrisko.gr,https://www.vrisko.gr/details/13bga50f4kd61f_k7kb0d60k_j1f2i06,thessaloniki
SPITI STO LEPTO (Μπάντη Βασιλική Ι.),independent,,,,no_site,,,,,Βιζύης 75,Θεσσαλονίκη - Κάτω Τούμπα,54454,40.6108610000000,22.9774246625766,,,vrisko.gr,https://www.vrisko.gr/details/5_71ad1c210d45ahb2afb6b17kdc36bh,thessalonikis
STAMBO GROUP OF COMPANYS,independent,,,,no_site,,,,,ΠΙΝΔΑΡΟΥ 16 ΙΠΠΟΚΡΑΤΕΙΟ,ανατολική θεσσαλονίκη,,,,167622706000,1,smasth.gr,,
STAR HOME,independent,,,,no_site,,,,,Δ ΧΑΡΙΣΗ 19,ανατολική θερσσαλονίκη,,,,041603506000,1,smasth.gr,,
STAR HOME REAL ESTATE (Καρκάτζαλος Ιωάννης Δ.),independent,starhomerealestate.gr,https://www.starhomerealestate.gr,,bot_check_other,,,,,Χαρίση Δημητρίου 19,Θεσσαλονίκη - Άνω Τούμπα,54352,40.6147196666666,22.9804456468253,,,vrisko.gr,https://www.vrisko.gr/details/b7_20bbh402kb601701_0k3caddeag5k,thessalonikis
STOA B,independent,,,,no_site,,,,,ΔΩΔΕΚΑΝΗΣΟΥ 10 ΚΕΝΤΡΟ ΣΤΟΑ ΒΟΙΟΥ,κέντρο θεσσαλονίκης,,,,163057906000,1,smasth.gr,,
STREET REAL ESTATE,independent,,,,no_site,,,,,ΔΕΛΦΩΝ 105,ανατολική θεσσαλονίκη,,,,175127306000,1,smasth.gr,,
SYKALIIA REAL ESTATE,independent,,,,no_site,,,,,28 ΟΚΤΩΒΡΙΟΥ 123 ΑΜΠΕΛΟΚΗΠΟΙ,δυτική θεσσαλονίκη,,,,159059006000,1,smasth.gr,,
T 31 CONCEPT IKE,independent,,,,no_site,,,,,Βασιλέως Ηρακλείου 23,Θεσσαλονίκη,54624,40.6352676000000,22.9406277799709,,,vrisko.gr,https://www.vrisko.gr/details/7175_i2dca07572da761_0ah6h7d26_e,thessaloniki
TAVLARIDIS PROPERTIES,independent,,,,no_site,,,,,ΣΤΡΑΤΗΓΟΥ ΣΑΡΑΦΗ 44,ανατολική θερσσαλονίκη,,,,041283506000,1,smasth.gr,,
THERMAIKOSREALESTATE,independent,,,,no_site,,,,,ΚΛΕΑΝΘΟΥΣ 39,ανατολική θεσσαλονίκη,,,,157535606000,1,smasth.gr,,
THESSYPIRESIES,independent,,,,no_site,,,,,ΑΙΜΙΛΙΑΝΟΎ ΓΡΕΒΕΝΏΝ 13,ανατολική θεσσαλονίκη,,,,153529406000,1,smasth.gr,,
TIME 4 HOME (Θεμελής Αλκιβιάδης Ν.),independent,,,,no_site,,,,,Καμπούρογλου Δημητρίου 2,Καλαμαριά - Άγιος Ιωάννης,55132,40.5740945000000,22.9623910479452,,,vrisko.gr,https://www.vrisko.gr/details/b06jd365bh4d6_47a03kcda6050hb343,thessalonikis
TINKER,independent,,,,no_site,,,,,ΚΑΛΑΠΟΘΑΚΗ 3,ανατολική θερσσαλονίκη,,,,165449606000,1,smasth.gr,,
TMTAYLOR-MADE REAL ESTATE SERVICES,independent,tailor-madeproperty.gr,https://tailor-madeproperty.gr,,unreachable,,,,,ΣΟΛΩΝΟΣ 52,ανατολική θερσσαλονίκη,,,,174845006000,1,smasth.gr,,
TREE HOUSE,independent,,,,no_site,,,,,ΜΕΛΕΝΙΚΟΥ 25 ΚΕΝΤΡΟ,κέντρο θεσσαλονίκης,,,,038650005000,1,smasth.gr,,
TRILOFOS REAL ESTATE,independent,,,,no_site,,,,,ΖΑΧΑΡΙΆ ΠΑΠΑΓΡΗΓΟΡΊΟΥ 71,ανατολική θερσσαλονίκη,,,,043189206000,1,smasth.gr,,
TSAKALIDHS A,independent,,,,no_site,,,,,ΜΕΣΗΜΕΡΙ,περίχωρα θεσσαλονίκης,,,,141984706000,1,smasth.gr,,
TSAPOURIS REAL ESTATE (Τσαπούρη Στεργιανή Δ.),independent,tsapourisrealestate.com,https://www.tsapourisrealestate.com,,unreachable,,,,,Εγνατίας 37,Θεσσαλονίκη,54630,40.6382423333333,22.9398138729121,,,vrisko.gr,https://www.vrisko.gr/details/_13_11dga02ec55i6aah4j1e6_6id637,thessalonikis
TSIRIGOTIS REAL ESTATE,independent,tsirigotisrealestate.com,https://tsirigotisrealestate.com,,unreachable,,,,,ΝΑΥΑΡΧΟΥ ΚΟΥΝΤΟΥΡΙΩΤΟΥ 19,ανατολική θερσσαλονίκη,,,,164528106000,1,smasth.gr,,
TZAMALIS REAL ESTATE (Τζαμάλης Γρηγόριος Θ.),independent,,,,no_site,,,,,Πλατεία Ύδρας 8,Καλαμαριά,55132,40.5688025588235,22.9604537000000,,,vrisko.gr,https://www.vrisko.gr/details/12ag7127ah1g3fcbd03cd74a6h1c7704,kalamaria
Tsireli,independent,tsireli.gr,https://tsireli.gr,https://tsireli.gr,bot_check_imperva,,,,,,Kalamaria (Nea Krini),,,,,,web search,,
Tzikas Real Estate,independent,tzikas-realestate.gr,https://tzikas-realestate.gr,,unreachable,,,,,,Kalamaria (Aretsou),,,,042846406000,1,web search;smasth.gr,,
UNLOCK REAL ESTATE,independent,,,,no_site,,,,,Β ΟΛΓΑΣ 29,ανατολική θερσσαλονίκη,,,,158559006000,2,smasth.gr,,
URBAN REAL ESTATE EE,independent,,,,no_site,,,,,ΙΑΣΩΝΙΔΟΥ 2 ΠΑΝΟΡΑΜΑ,ανατολική θεσσαλονίκη,,,,042542506000,1,smasth.gr,,
VAGIONAKI REAL ESTATE (Κορνηλάκης Παύλος Δ.),independent,vagionakirealestate.gr,https://vagionakirealestate.gr,,bot_check_other,,,,,25ης Μαρτίου 73,Θεσσαλονίκη,54248,40.6014762000000,22.9615940688029,,,vrisko.gr,https://www.vrisko.gr/details/6f7f4h4_034h2j_b223g5g0_ab0g7ide,thessaloniki
VAGIONAKI REAL ESTATE (Κορνηλάκης Παύλος Δ.),independent,,,,no_site,,,,,Μπότσαρη Μάρκου 54,Θεσσαλονίκη,54644,40.6069964000000,22.9587176738872,,,vrisko.gr,https://www.vrisko.gr/details/207_ak5kc5_63h515_cjcic7d73_1icc,thessaloniki
VICTORY REAL ESTATE,independent,,,,no_site,,,,,ΜΗΤΡΟΠΟΛΕΩΣ 34,ανατολική θερσσαλονίκη,,,,145853206000,1,smasth.gr,,
VICTORY REAL ESTATE (Λεβεντούδης Γρηγόριος Β.),independent,victory.net.gr,https://www.victory.net.gr,https://www.victory.net.gr,bot_check_imperva,,,,,Μητροπόλεως 34,Θεσσαλονίκη,54623,40.6323589999999,22.9418259312114,,,vrisko.gr,https://www.vrisko.gr/details/535i5j222a_37kdc2h6b0gc04e1d4513,thessaloniki
VISION HOME,independent,visionhome.gr,https://visionhome.gr,,bot_check_other,,,,,ΒΟΥΛΓΑΡΗ 59,ανατολική θερσσαλονίκη,,,,192920606000,1,smasth.gr,,
XRIMA INVESTMENTS,independent,,,,no_site,,,,,Ι ΔΡΑΓΟΥΜΗ 71,ανατολική θερσσαλονίκη,,,,168139106000,1,smasth.gr,,
ΑΕΝΑΟΣ ΑΕ,independent,,,,no_site,,,,,ΣΟΥΜΕΛΑ 25 ΚΑΛΑΜΑΡΙΑ,ανατολική θεσσαλονίκη,,,,59142604000,1,smasth.gr,,
ΑΚΤΕΣ ΟΛΥΜΠΟΥ ΑΕ,independent,,,,no_site,,,,,Βενιζέλου Ελευθερίου 50,Θεσσαλονίκη,54631,40.6371566666667,22.9422330000000,,,vrisko.gr,https://www.vrisko.gr/details/dbb26d5f371k236a724e0jaj1c1ab0ck,thessaloniki
ΑΚΤΙΝΑ REAL ESTATE (Γκαρλής Σταμάτιος Ν.),independent,aktinaestate.gr,https://www.aktinaestate.gr,https://www.aktinaestate.gr,bot_check_imperva,,,,,Μαυρομιχάλη 17,Θεσσαλονίκη,54248,40.5998582000000,22.9618238853546,,,vrisko.gr,https://www.vrisko.gr/details/cf03aa74ch401kb25dbbc4_a017_bj6d,thessaloniki
ΑΛΒΑΝΟΥΔΗΣ Λ ΣΑΒΒΑΣ,independent,alvanoudis.gr,https://alvanoudis.gr,,http_403,,,,,ΜΗΤΡΟΠΟΛΕΩΣ 25,κέντρο θεσσαλονίκης,,,,041825506000,1,smasth.gr,,
ΑΛΦΑ ΑΚΙΝΗΤΑ (Λεοντάρης Αναστάσιος Α.),independent,a-akiniton.gr,https://www.a-akiniton.gr,https://www.a-akiniton.gr,bot_check_imperva,,,,,Κασσάνδρου 151,Θεσσαλονίκη,54634,40.6364755000000,22.9541211650165,,,vrisko.gr,https://www.vrisko.gr/details/1eba1e7_1h703gbk0dakcbdfa623__7a,thessalonikis
ΑΝΑΛΟΓΙΑ ΙΚΕ,independent,ramaxanalogia.gr,https://ramaxanalogia.gr,,unreachable,,,,,Ι ΠΑΣΑΛΙΔΗ 4,ανατολική θερσσαλονίκη,,,,148348306000,5,smasth.gr,,
ΑΝΑΠΤΥΞΗ REAL ESTATE (Ματσίγκου Αναστασία Α.),independent,anaptixi-realestate.gr,https://www.anaptixi-realestate.gr,https://www.anaptixi-realestate.gr,bot_check_imperva,,,,,Μαμέλη Αποστόλου & Θεσσαλονίκης,Νέα Μουδανιά,63200,40.2414545656707,23.2870883352911,,,vrisko.gr,https://www.vrisko.gr/details/afc_06a54e_abdd_53b24i631daka_36,thessalonikis
ΑΝΘΟΥΛΗΣ ΧΡΗΣΤΟΣ,independent,,,,no_site,,,,,ΜΑΡΚΟΥ ΜΠΟΤΣΑΡΗ 136,ανατολική θεσσαλονίκη,,,,111111111111,21,smasth.gr,,
ΑΞΙΑ ΑΚΙΝΗΤΩΝ REAL ESTATE (Τσόχας Θεοχάρης Δ.),independent,axia.gr,https://www.axia.gr,https://www.axia.gr,bot_check_imperva,,,,,"Σβώλου Αλεξάνδρου 31, Ημιόροφος",Θεσσαλονίκη,54622,40.6309780000000,22.9504481740871,039604606000,1,vrisko.gr;smasth.gr,https://www.vrisko.gr/details/23dc3d2d_674537h0h536i122376ak3e,thessalonikis
ΑΞΙΟΠΟΙΗΣΗ ΑΚΙΝΗΤΩΝ Ε ΙΚΕ,independent,cityapartments.gr,https://cityapartments.gr,,unreachable,,,,,ΠΛΑΤΩΝΟΣ 1,κέντρο θεσσαλονίκης,,,,111111111111,1,smasth.gr,,
ΑΠ,independent,,,,no_site,,,,,ΑΡΧΑΙΟΤΗΤΩΝ 10,ανατολική θερσσαλονίκη,,,,160225706000,1,smasth.gr,,
ΑΠΟΣΤΟΛΙΔΗΣ ΑΠΟΣΤΟΛΟΣ,independent,,,,no_site,,,,,ΒΑΣ ΗΡΑΚΛΕΙΟΥ 25,κέντρο θεσσαλονίκης,,,,39551506000,1,smasth.gr,,
ΑΡΖΟΓΛΟΥ ΙΩΑΝΝΗΣ,independent,outlook.com,https://outlook.com,,http_417,,,,,ΑΧΕΙΡΟΠΟΙΗΤΟΥ 6,κέντρο θεσσαλονίκης,,,,159862606000,1,smasth.gr,,
ΑΡΣΟΣ ΧΡΗΣΤΟΣ ΓΕΩΡΓΙΟΣ,independent,,,,no_site,,,,,ΚΟΜΝΗΝΩΝ 28,κέντρο θεσσαλονίκης,,,,175626006000,1,smasth.gr,,
ΑΡΧΗΚΤΗΜΑΤΙΚΗ (Τσιλιμπάκου Κυριακή Α.),independent,arxiktimatiki.gr,https://www.arxiktimatiki.gr,https://www.arxiktimatiki.gr,bot_check_imperva,,,,,Βαλαγιάννη 16 & Παπαναστασίου 44,Θεσσαλονίκη,54639,40.6152640000000,22.9622070000000,,,vrisko.gr,https://www.vrisko.gr/details/3f_db3bd1c1d312ca71k1fb12c7k_i4j,thessalonikis
ΑΣΤΥ (Νικολαΐδης Γεώργιος Ι.),independent,astyhome.gr,https://www.astyhome.gr,https://www.astyhome.gr,bot_check_imperva,,,,,Σωκράτους 2 & Εγνατίας 87,Θεσσαλονίκη,54635,40.6337110000000,22.9484960000000,,,vrisko.gr,https://www.vrisko.gr/details/6h7c6g2gdgdf0cb46a77_c0b0g_g3jbc,thessaloniki
Αμίλητος Ιορδάνης Ε.,independent,,,,no_site,,,,,25ης Μαρτίου 14,Θεσσαλονίκη,54646,40.5989311999999,22.9527434349514,,,vrisko.gr,https://www.vrisko.gr/details/6h3da60aah34da5d4da22g7g_e0f2jbi,thessaloniki
Αναστασόπουλος Αλέξανδρος Θ.,independent,,,,no_site,,,,,Μακεδονίας 119,Θεσσαλονίκη - Μαρτίου,54248,40.6018126821907,22.9623435410749,,,vrisko.gr,https://www.vrisko.gr/details/a607_0d_11d46g6a357g64bj05d637ai,thessalonikis
ΒΑΣΙ ΙΚΕ,independent,,,,no_site,,,,,ΑΜΙΣΣΟΥ 41 ΚΑΛΑΜΑΡΙΑ,ανατολική θερσσαλονίκη,,,,184858606000,1,smasth.gr,,
ΒΑΤΟΥΣΗΣ ΙΑΚΩΒΟΣ,independent,,,,no_site,,,,,ΣΟΥΡΩΤΗ,ανατολική θερσσαλονίκη,,,,40031506000,1,smasth.gr,,
ΒΙΤΣΙ 55,independent,,,,no_site,,,,,ΛΕΩΦ ΣΤΡΑΤΟΥ 37,ανατολική θερσσαλονίκη,,,,163557706000,1,smasth.gr,,
ΒΛΑΧΟΠΟΥΛΟΣ ΚΥΡΙΑΚΟΣ,independent,ath.forthnet.gr,https://ath.forthnet.gr,,unreachable,,,,,ΚΑΙΣΑΡΕΙΑΣ 9 ΚΑΛΑΜΑΡΙΑ,ανατολική θεσσαλονίκη,,,,115889306000,1,smasth.gr,,
ΒΟΠΗΣ ΑΘΑΝΑΣΙΟΣ,independent,,,,no_site,,,,,ΣΟΛΩΜΟΥ 34 ΣΥΚΙΕΣ,δυτική θεσσαλονίκη,,,,183366706000,1,smasth.gr,,
ΒΟΥΛΓΑΡΗ HOME,independent,,,,no_site,,,,,ΣΤΡΩΜΝΙΤΣΗΣ 56,ανατολική θεσσαλονίκη,,,,042872006000,1,smasth.gr,,
ΒΟΥΛΓΑΡΙΔΟΥ ΜΑΡΙΑ,independent,,,,no_site,,,,,ΦΙΛΙΠΠΟΥ 19 ΠΕΡΑΙΑ,περίχωρα θεσσαλονίκης,,,,177521406000,1,smasth.gr,,
ΒΟΥΛΤΣΟΣ ΓΕΩΡΓΙΟΣ,independent,,,,no_site,,,,,ΣΤΕΝΗΜΑΧΟΥ 23 ΘΕΡΜΗ,περίχωρα θεσσαλονίκης,,,,123933906000,1,smasth.gr,,
ΓΑΙΑ (Αδελφίδης Δημοσθένης Ε.),independent,,,,no_site,,,,,Βενιζέλου Ελευθερίου 85,Αμπελόκηποι,56121,40.6533614999999,22.9210632614991,,,vrisko.gr,https://www.vrisko.gr/details/3k07bicd_41j_6123b__2fd63c2_23_h,thessalonikis
ΓΑΙΑΚΙΝΗΤΟΝ (Χαρατσάρη Αλεξάνδρα Ν.),independent,gaiakiniton.gr,https://www.gaiakiniton.gr,,unreachable,,,,,Ερμού 69,Θεσσαλονίκη,54623,40.6340394000000,22.9449307526412,,,vrisko.gr,https://www.vrisko.gr/details/01b42_5c1i1_ae6e3jac0i_ide6eb2ba,thessaloniki
ΓΑΛΛΟΣ ΔΗΜΗΤΡΙΟΣ,independent,gallos.pro,https://gallos.pro,,unreachable,,,,,ΠΑΠΑΦΛΕΣΣΑ 57 ΠΟΛΙΧΝΗ,δυτική θεσσαλονίκη,,,,154630557000,1,smasth.gr,,
ΓΕΩΚΤΗΣΙΕΣ,independent,,,,no_site,,,,,ΠΑΤΡΙΑΡΧΟΥ ΙΩΑΚΕΙΜ 3,ανατολική θερσσαλονίκη,,,,0040111806000,1,smasth.gr,,
ΓΚΙΟΥΛΜΙΧΑΛΑΚΗΣ  ΒΑΣΙΛΕΙΟΣ,independent,,,,no_site,,,,,ΚΩΣΤΗ ΜΟΣΚΩΦ 7 ΒΟΥΛΓΑΡΗ,ανατολική θεσσαλονίκη,,,,168459606000,1,smasth.gr,,
Γιαννόπουλος Ιωάννης,independent,,,,no_site,,,,,Γούναρη Δημητρίου 12 & Τσιμισκή,Θεσσαλονίκη,54621,40.6290800000000,22.9489170000000,,,vrisko.gr,https://www.vrisko.gr/details/be0a15_0b747da7166b5a66__77d3g03,thessalonikis
Γκουτζαμάνης Αναστάσιος Σ.,independent,goutzamanisrealestate.gr,https://www.goutzamanisrealestate.gr,https://www.goutzamanisrealestate.gr,bot_check_imperva,,,,,"Σινιόσογλου 16, Παραπλεύρως Alpha Bank",Θεσσαλονίκη - Κάτω Τούμπα,54453,40.6089190143063,22.9681742191314,,,vrisko.gr,https://www.vrisko.gr/details/0g6d2d21df13c754_k312k2k_cc3bh_d,thessalonikis
Γουρζουλίδης Κωνσταντίνος,independent,,,,no_site,,,,,Μητροπούλου 4,Θεσσαλονίκη,54644,40.6089350000000,22.9579735470738,,,vrisko.gr,https://www.vrisko.gr/details/7d1b4dck26d3453a1j626e317b0e41ae,thessaloniki
ΔΑΜΑΚΟΥΔΗ Κ ΝΕΡΑΝΤΖΩ ΣΥΝΒ ΑΚΙΝ ΠΕΡΙΟΥΣΙΑΣ,independent,,,,no_site,,,,,ΣΠΥΡΟΥ ΛΟΥΗ 44 ΚΩΣΤΑΝΤΙΝΟΠΟΛΙΤΙΚΑ,ανατολική θεσσαλονίκη,,,,145286806000,1,smasth.gr,,
ΔΗΜΙΟΥΡΓΙΚΗ (Στεφάνου - Ραφαήλ Ναταλία Τ.),independent,,,,no_site,,,,,Μητροπόλεως 77,Θεσσαλονίκη,54622,40.6309752125791,22.9446118829629,,,vrisko.gr,https://www.vrisko.gr/details/3i10d75dc65h5g2a46bh27d0124d40__,thessalonikis
ΔΗΜΤΣΙΟΣ ΚΩΝΣΤΑΝΤΙΝΟΣ,independent,,,,no_site,,,,,Β ΟΛΓΑΣ 46,ανατολική θεσσαλονίκη,,,,178882606000,1,smasth.gr,,
ΔΟΜΗΣΗ,independent,,,,no_site,,,,,ΗΣΙΟΔΟΥ 4 ΚΑΤΩ ΠΕΡΑΙΑ,περίχωρα θεσσαλονίκης,,,,42416706000,1,smasth.gr,,
ΔΥΝΑΜΙΚΗ ΑΚΙΝΗΤΩΝ,independent,dinamiki-akiniton.gr,https://dinamiki-akiniton.gr,https://dinamiki-akiniton.gr,bot_check_imperva,,,,,ΜΑΚΕΔΟΝΟΜΑΧΩΝ 8 ΕΥΟΣΜΟΣ,ανατολική θερσσαλονίκη,,,,040856106000,1,smasth.gr,,
ΔΥΝΑΜΙΚΗ ΑΚΙΝΗΤΩΝ (Γερασόπουλος Σταύρος Γ.),independent,,,,no_site,,,,,Μακεδονομάχων 8,Εύοσμος,56224,40.6689875459265,22.9122931411392,,,vrisko.gr,https://www.vrisko.gr/details/1d_d76641k073b6j6j17d1c4ah46d5a4,thessalonikis
Δάικος Δημήτριος Η.,independent,,,,no_site,,,,,Καραμανλή Κωνσταντίνου 78,Καλαμαριά,55132,40.5725658284007,22.9692898606507,,,vrisko.gr,https://www.vrisko.gr/details/23_175d00k1ib23j1d23130h471iaj10,kalamaria
Δημητριάδου Μερόπη Ανδρομάχη Δ.,independent,,,,no_site,,,,,Λεωφόρος Νίκης 3,Θεσσαλονίκη,54624,40.6331996666667,22.9384133582283,,,vrisko.gr,https://www.vrisko.gr/details/07a264cece2_ak7_47d554050_0_61b0,thessaloniki
ΕΓΓΥΗΣΗ ESTATE,independent,,,,no_site,,,,,ΝΥΜΦΑΙΟΥ 3 ΕΥΟΣΜΟΣ,ανατολική θερσσαλονίκη,,,,158995506000,1,smasth.gr,,
ΕΓΝΑΤΙΑ ΚΤΗΜΑΤΟΜΕΣΙΤΙΚΕΣ ΥΠΗΡΕΣΙΕΣ ΕΕ,independent,egnatia-stegasi.gr,https://egnatia-stegasi.gr,,unreachable,,,,,"Εγνατίας 15, 3ος Όροφος",Θεσσαλονίκη,54630,40.6394137142857,22.9374751203008,,,vrisko.gr,https://www.vrisko.gr/details/bj5c7a6jc33g50adci553d532edccd0h,thessaloniki
ΕΠΕΝΔΥΣΕΙΣ ΑΚΙΝΗΤΩΝ (Βολογιάννης Χαράλαμπος K.),independent,ependisis-akiniton.gr,https://www.ependisis-akiniton.gr,,unreachable,,,,,"Σοφούλη Θεμιστοκλή 57, Εντός Εμπορικού Κέντρου - 2ος Όροφος",Καλαμαριά,55131,40.5923891000000,22.9495813947368,116165806000,1,vrisko.gr;smasth.gr,https://www.vrisko.gr/details/470h6k5d1_deb43k6da2450533df_1_a,kalamaria
ΕΠΕΝΔΥΤΙΚΗ ΘΕΡΜΑΙΚΟΥ,independent,,,,no_site,,,,,ΑΓ ΝΙΚΟΛΑΟΥ 2 ΜΗΧΑΝΙΩΝΑ,ανατολική θερσσαλονίκη,,,,156327306000,1,smasth.gr,,
ΕΠΙΛΟΓΕΣ (Παληός Κωνσταντίνος Γ.),independent,,,,no_site,,,,,Μερκουρίου 1,Θεσσαλονίκη,54655,40.5956658000000,22.9564326313315,,,vrisko.gr,https://www.vrisko.gr/details/1c6g641_5b1_750g122bd6250272055b,thessaloniki
ΕΣΤΙΑ ΕSTATE,independent,,,,no_site,,,,,ΕΡΜΟΥ 13,κέντρο θερσσαλονίκης,,,,177794506000,1,smasth.gr,,
ΕΥΑΓΓΕΛΙΔΗΣ ΓΡΗΓΟΡΗΣ,independent,,,,no_site,,,,,ΦΛΕΜΙΝΓΚ 37 ΚΑΛΑΜΑΡΙΑ,ανατολική θερσσαλονίκη,,,,39435006000,1,smasth.gr,,
ΕΥΡΩΠΑΪΚΟ ΚΕΝΤΡΟ ΚΤΗΜΑΤΙΚΩΝ ΣΥΝΑΛΛΑΓΩΝ (Λεονταρίδης Αθανάσιος Ν.),independent,realestate-king.com,https://www.realestate-king.com,,unreachable,,,,,Μακεδονίας 34,Θεσσαλονίκη,54644,40.6087068248587,22.9590365000000,,,vrisko.gr,https://www.vrisko.gr/details/ae2036124d410i7h0ed625db4j561e0d,thessalonikis
ΖΑΝ ΕΛΛΑΣ ΑΕΒΕ,independent,,,,no_site,,,,,Καραμανλή Κωνσταντίνου 47,Θεσσαλονίκη,54639,40.6159757766834,22.9630512546309,,,vrisko.gr,https://www.vrisko.gr/details/50dba2ad_eccbebb130e3f3557a06a3g,thessaloniki
ΖΑΝΟΣ ΞΑΝΘΟΠΟΥΛΟΥ ΚΩΝΣΤΑΝΤΙΝΑ,independent,,,,no_site,,,,,ΔΕΛΦΩΝ 195  ΚΑΙ ΝΕΑ ΗΡΑΚΛΕΙΑ,ανατολική θεσσαλονίκη,,,,141999557000,1,smasth.gr,,
ΖΑΧΟΣ ΠΑΣΧΑΛΗΣ,independent,,,,no_site,,,,,ΠΕΛΟΠΟΝΝΗΣΟΥ 4 ΚΕΝΤΡΟ,ανατολική θερσσαλονίκη,,,,169825706000,1,smasth.gr,,
ΖΙΩΓΑΣ ΤΗΛΕΜΑΧΟΣ,independent,,,,no_site,,,,,ΘΕΡΜΑΙΚΟΥ 45 ΚΑΛΑΜΑΡΙΑ,ανατολική θερσσαλονίκη,,,,129113006000,1,smasth.gr,,
ΖΩΗ ΚΑΙ ΣΠΙΤΙ,independent,,,,no_site,,,,,ΔΗΜΟΚΡΑΤΙΑΣ 54 ΚΑΤΩ ΠΕΡΑΙΑ,περίχωρα θεσσαλονίκη,,,,195258006000,1,smasth.gr,,
ΘΕΜΕΛΗΣ ΑΛΚΙΒΙΑΔΗΣ,independent,,,,no_site,,,,,ΣΤΡΑΤΗΓΟΥ ΣΑΡΑΦΗ 49,ανατολική θερσσαλονίκη,,,,041726706000,1,smasth.gr,,
ΘΕΟΔΟΣΙΑΔΟΥ ΠΟΛΥΜΝΙΑ,independent,,,,no_site,,,,,ΒΑΣ ΗΡΑΚΛΕΙΟΥ 25,κέντρο θεσσαλονίκης,,,,138641106000,1,smasth.gr,,
ΘΩΜΑΣ ΑΝΑΣΤΑΣΙΟΣ,independent,,,,no_site,,,,,ΝΕΑ ΗΡΑΚΛΕΟΥΣ 50 ΧΑΡΙΛΑΟΥ,ανατολική θεσσαλονίκη,,,,168097106000,1,smasth.gr,,
ΙΓΝΑΤΙΑΔΗΣ ΔΗΜΗΤΡΙΟΣ,independent,,,,no_site,,,,,ΛΕΩΦ ΣΤΡΑΤΟΥ 39,ανατολική θερσσαλονίκη,,,,153724806000,1,smasth.gr,,
ΙΔΑΝΙΚΟ ΣΠΙΤΙ REAL ESTATE (Τσακατσώνης Νικόλαος Μ.),independent,idaniko-spiti.com,https://www.idaniko-spiti.com,https://www.idaniko-spiti.com,bot_check_imperva,,,,,Κολοτούρου 4,Καλαμαριά,55132,40.5782176666666,22.9505227893242,,,vrisko.gr,https://www.vrisko.gr/details/5e_d50dfc12j_ad2374c5bc46g5126df,thessalonikis
Ιωαννίδης Σταύρος Χ.,independent,stavrosioannidis.com,https://stavrosioannidis.com,,bot_check_other,,,,,Θεσσαλονίκη,Θεσσαλονίκη,54633,,,,,vrisko.gr,https://www.vrisko.gr/details/_b_c1e_a5_710i6eb35_320ccg705aah,thessaloniki
ΚΑΖΑΝΗΣ ΜΙΧΑΛΗΣ,independent,kazanis.gr,https://kazanis.gr,,unreachable,,,,,ΒΑΣ ΗΡΑΚΛΕΙΟΥ 14,κέντρο θεσσαλονίκης,,,,111111111111,1,smasth.gr,,
ΚΑΛΕΣΗ ΜΑΡΙΑΝΝΑ ΚΑΙ ΣΙΑΟΕ,independent,kalesirealestate.com,https://kalesirealestate.com,,unreachable,,,,,25 ΜΑΡΤΙΟΥ 5 ΕΠΑΝΩΜΗ,ανατολική θερσσαλονίκη,,,,176498806000,1,smasth.gr,,
ΚΑΛΛΙΝΟΣ ΑΚΤΕ,independent,,,,no_site,,,,,26ης Οκτωβρίου 38-40,Θεσσαλονίκη,54627,40.6402660000000,22.9227254924357,,,vrisko.gr,https://www.vrisko.gr/details/21de25425_be6bc_4a0e7jag6ed_11a_,thessaloniki
ΚΑΡΑΝΑΣΤΑΣΗΣ ΙΩΑΝΝΗΣ,independent,,,,no_site,,,,,ΚΩΝΣΤΑΝΤΙΝΟΥΠΟΛΕΩΣ 42,ανατολική θερσσαλονίκη,,,,183888006000,1,smasth.gr,,
ΚΑΡΑΟΥΛΑΝΗ ΒΑΣΙΛΙΚΗ,independent,hotnail.com,https://hotnail.com,,unreachable,,,,,28 ΟΚΤΩΒΡΙΟΥ 24 ΕΥΟΣΜΟΣ,ανατολική θερσσαλονίκη,,,,043054106000,1,smasth.gr,,
ΚΑΡΒΟΥΝΟΠΟΥΛΟΣ ΑΠΟΣΤΟΛΟΣ,independent,,,,no_site,,,,,ΔΕΛΦΩΝ 9 ΠΟΛΙΧΝΗ,ανατολική θερσσαλονίκη,,,,040201406000,1,smasth.gr,,
ΚΑΡΓΑΣ ΔΗΜΗΤΡΙΟΣ,independent,,,,no_site,,,,,ΑΛ ΠΑΠΑΓΟΥ 23 Α,ανατολική θερσσαλονίκη,,,,137823826001,1,smasth.gr,,
ΚΑΡΟΥΤΑΣ ΑΛΕΞΑΝΔΡΟΣ ΚΑΙ ΣΙΑ ΟΕ,independent,,,,no_site,,,,,Δ ΓΟΥΝΑΡΗ 12,κέντρο θεσσαλονίκης,,,,043748406000,1,smasth.gr,,
ΚΑΣΑΠΙΔΟΥ ΕΥΤΥΧΙΑ,independent,,,,no_site,,,,,ΑΓ ΔΗΜΗΤΡΙΟΥ 64,ανατολική θερσσαλονίκη,,,,118017706000,1,smasth.gr,,
ΚΑΣΜΟΛΛΑΡΙ ΗΛΙΑΣ,independent,,,,no_site,,,,,ΥΠ ΦΙΛ ΔΡΑΓΟΥΜΗ 6 ΚΕΝΤΡΟ,κέντρο θεσσαλονίκης,,,,189167130000,1,smasth.gr,,
ΚΑΣΣΑΝΔΡΟΥ 74,independent,,,,no_site,,,,,ΚΑΣΣΑΝΔΡΟΥ 74,ανατολική θερσσαλονίκη,,,,148057306000,1,smasth.gr,,
ΚΑΤΡΑΝΤΖΗ ΒΑΣΙΛΙΚΗ,independent,,,,no_site,,,,,ΚΑΠΕΤΑΝΙΔΟΥ 2 ΠΑΝΟΡΑΜΑ,ανατολική θερσσαλονίκη,,,,177703506000,1,smasth.gr,,
ΚΑΤΣΑΝΗΣ ΑΚΙΝΗΤΑ,independent,,,,no_site,,,,,Βασιλέως Ηρακλείου 23,Θεσσαλονίκη,54624,40.6352676000000,22.9406277799710,,,vrisko.gr,https://www.vrisko.gr/details/4a1e0664bc7333157262a6ai4d606kd0,thessaloniki
ΚΑΤΣΑΡΟΣ ΚΩΝΣΤΑΝΤΙΝΟΣ,independent,krosper.gr,https://krosper.gr,,unreachable,,,,,ΖΑΙΜΗ 12 ΕΥΟΣΜΟΣ,ανατολική θερσσαλονίκη,,,,42883906000,1,smasth.gr,,
ΚΕΡΑΜΕΥΣ ΑΚΙΝΗΤΑ ΑΕ,independent,kerameus.gr,https://kerameus.gr,https://kerameus.gr,bot_check_imperva,,,,,ΤΣΙΜΙΣΚΗ 35,κέντρο θερσσαλονίκης,,,,58463304000,2,smasth.gr,,
ΚΕΡΕΣΤΕΤΖΗ ΕΥΘΥΜΙΑ ΠΑΡΘΕΝΑ,independent,,,,no_site,,,,,ΝΕΑ ΜΕΣΗΜΒΡΙΑ,περίχωρα θεσσαλονίκης,,,,188092806000,1,smasth.gr,,
ΚΕΥΗΟΜΕ,independent,,,,no_site,,,,,ΓΕΩΡΓΙΟΥ ΒΙΖΥΗΝΟΥ 54 ΣΑΡΑΝΤΑ ΕΚΚΛΗΣΙΕΣ,ανατολική θερσσαλονίκη,,,,042351906000,1,smasth.gr,,
ΚΕΧΑΓΙΑΣ REAL ESTATE (Κεχαγιάς Ανέστης Κ.),independent,,,,no_site,,,,,Αδριανουπόλεως 1Α,Καλαμαριά,55133,40.5896036557377,22.9546136000000,,,vrisko.gr,https://www.vrisko.gr/details/da_f3da2acdc_i5265173a7h6a301147,kalamaria
ΚΟΖΑΙΤΗΣ ΠΑΝΑΓΙΩΤΗΣ,independent,,,,no_site,,,,,ΜΑΚΡΥΓΙΑΝΝΗ 15 ΑΝΩ ΗΛΙΟΥΠΟΛΗ,ανατολική θερσσαλονίκη,,,,13796610630,1,smasth.gr,,
ΚΟΡΥΦΗ,independent,,,,no_site,,,,,ΠΑΝΕΠΗΣΤΗΜΙΟΥ 29 ΕΥΑΓΓΕΛΙΣΤΡΙΑ,ανατολική θερσσαλονίκη,,,,042497806000,1,smasth.gr,,
ΚΟΣΜΙΔΗΣ ΔΗΜ ΑΠΟΣΤΟΛΟΣ,independent,,,,no_site,,,,,ΜΕΓ ΑΛΕΞΑΝΔΡΟΥ 8 ΣΤΑΥΡΟΥΠΟΛΗ,δυτική θεσσαλονίκη,,,,03961506000,1,smasth.gr,,
ΚΟΤΣΑΣΑΡΛΙΔΗΣ ΓΙΩΡΓΟΣ,independent,,,,no_site,,,,,ΕΡΑΤΥΡΑΣ 39 ΚΑΛΑΜΑΡΙΑ,ανατολική θεσσαλονίκη,,,,040017206000,1,smasth.gr,,
ΚΟΥΚΟΥΛΗΣ ΑΘΑΝΑΣΙΟΣ HOUSES CENTER,independent,,,,no_site,,,,,ΜΙΑΟΥΛΗ 71 ΠΛΙΑΓΙΑΡΙ,ανατολική θερσσαλονίκη,,,,042214106000,1,smasth.gr,,
ΚΟΥΚΟΥΣΕΡΑΚΗ ΧΑΡΑΛΑΜΠΟΣ,independent,,,,no_site,,,,,ΟΛΥΜΠΟΥ 113,ανατολική θεσσαλονίκη,,,,144032506000,1,smasth.gr,,
ΚΟΥΡΟΥ ΟΥΡΑΝΙΑ,independent,,,,no_site,,,,,ΣΤΕΝΗΜΑΧΟΥ 19 ΘΕΡΜΗ,περίχωρα θεσσαλονίκης,,,,042862906000,1,smasth.gr,,
ΚΤΗΜΑ ΕΠΕΝΔΥΣΗ,independent,,,,no_site,,,,,ΓΡ ΛΑΜΠΡΑΚΗ 78,ανατολική θερσσαλονίκη,,,,134885206000,1,smasth.gr,,
ΚΤΗΜΑΤΟΜΕΣΙΤΙΚΗ ΕΣΤΙΑ (Γακιόπουλος Παναγιώτης Μ.),independent,estiahome.gr,https://www.estiahome.gr,,bot_check_other,,,,,Παρασκευοπούλου 25,Καλαμαριά,55133,40.5813138868217,22.9574260000000,,,vrisko.gr,https://www.vrisko.gr/details/2a407k4_65_d0b405746a3ca640__f7h,thessalonikis
ΚΤΗΜΑΤΟΠΗΓΗ (Οικονομίδης Θεόδωρος),independent,,,,no_site,,,,,Τραπεζούντος 6,Θεσσαλονίκη - Ανάληψη,54643,40.6051664848485,22.9538212000000,,,vrisko.gr,https://www.vrisko.gr/details/accg5j465f5g200b1d4i6f30bk2dd5cj,thessaloniki
ΚΥΡΙΑΚΙΔΟΥ ΣΟΦΙΑ,independent,spititora.com,https://spititora.com,,http_503,,,,,ΑΣΤΥΠΑΛΑΙΑΣ 7 ΕΥΟΣΜΟΣ,ανατολική θερσσαλονίκη,,,,39531606000,1,smasth.gr,,
ΚΩΝΣΤΑΝΤΙΝΟΥ ΓΕΩΡΓΙΟΣ,independent,,,,no_site,,,,,ΞΕΝΟΦΩΝΤΟΣ 1,ανατολική θερσσαλονίκη,,,,042604006000,1,smasth.gr,,
ΚΩΣΤΟΠΟΥΛΟΣ ΑΡΙΣΤΕΙΔΗΣ,independent,,,,no_site,,,,,ΛΕΩΦ ΝΙΚΗΣ 1,ανατολική θερσσαλονίκη,,,,145091006000,1,smasth.gr,,
Κομψελίδης Αχιλλεύς Θ.,independent,,,,no_site,,,,,Καρυοφύλλη Κωνσταντίνου 4,Καλαμαριά,55135,,,,,vrisko.gr,https://www.vrisko.gr/details/6aaaa4ab_10ha5475__0_6__a2560b62,kalamaria
Κοσμάς Γεώργιος Κ.,independent,,,,no_site,,,,,Ερμού 61,Θεσσαλονίκη,54623,40.6342970000000,22.9442092362445,,,vrisko.gr,https://www.vrisko.gr/details/bab212104j5f00cb04bc7bbk45bi7306,thessalonikis
Κοσμίδης Παναγιώτης Γ.,independent,,,,no_site,,,,,Φλέμινγκ 28,Θεσσαλονίκη,54642,40.6116220000000,22.9580197053990,,,vrisko.gr,https://www.vrisko.gr/details/cha72e05cd3i4j4eahc_cb15d3112673,thessalonikis
Κωνσταντίνου Γεώργιος Χ.,independent,,,,no_site,,,,,Ξενοφώντος 1,Θεσσαλονίκη,54641,40.6135072000000,22.9577265729351,,,vrisko.gr,https://www.vrisko.gr/details/d4bf2h3d606i34_d6ec7b27j_1dc11_4,thessaloniki
Κόκαλη Δήμητρα Δ.,independent,,,,no_site,,,,,Τσιμισκή 11,Θεσσαλονίκη,54624,40.6350297000000,22.9390709716895,,,vrisko.gr,https://www.vrisko.gr/details/___354bh71de3_7fa2a32b7c7735_71g,thessaloniki
Κόντος Κυριάκος Ι.,independent,,,,no_site,,,,,Συνδίκα Πέτρου 69 & Μακεδονίας,Θεσσαλονίκη,54644,40.6050760000000,22.9608080000000,,,vrisko.gr,https://www.vrisko.gr/details/3e4j76c3db7402_ebb6bba55a72hcg1_,thessaloniki
ΛΑΜΠΡΟΠΟΥΛΟΣ ΣΤΑΜΑΤΗΣ,independent,,,,no_site,,,,,Π ΣΥΝΔΙΚΑ 25,ανατολική θερσσαλονίκη,,,,149568706000,1,smasth.gr,,
ΛΑΣΠΙΔΟΥ ΣΤΑΜΑΤΟΥΛΑ,independent,bee-exectutive.gr,https://bee-exectutive.gr,,unreachable,,,,,ΑΓΙΑΣ ΣΟΦΙΑΣ 24,κέντρο θεσσαλονίκης,,,,040010406000,1,smasth.gr,,
ΛΙΑΓΓΑΣ ΠΑΝΑΓΙΩΤΗΣ,independent,,,,no_site,,,,,ΜΗΤΡΟΠΟΛΕΩΣ 40,κέντρο θεσσαλονίκης,,,,14193506000,1,smasth.gr,,
ΛΙΑΝΤΑΣ ΚΑΙ ΣΥΝΕΡΓΑΤΕΣ (Λιάντας Θεόδωρος Γ.),independent,realty.gr,https://www.realty.gr,,unreachable,,,,,"Κωνσταντινουπόλεως 10, Ισόγειο",Θεσσαλονίκη,54640,40.6176974208530,22.9587751999999,,,vrisko.gr,https://www.vrisko.gr/details/3e_i_e7f7ecd16c13504ccckc30g3215,thessalonikis
ΛΙΘΟΣ ΚΕΡΑΜΟΣ (Σακελλαρίου Θεοφάνης Π.),independent,,,,no_site,,,,,Καθηγητού Ευρυγένη Δημητρίου 13,Θεσσαλονίκη,54249,40.5916020000000,22.9677220000000,,,vrisko.gr,https://www.vrisko.gr/details/_6345f32a25jdc5ebc6a0e6g4k1ea723,thessaloniki
ΛΟΙΖΟΣ ΟΡΑΜΑ,independent,loizos_orama.com,https://loizos_orama.com,,unreachable,,,,,ΒΟΥΛΓΑΡΟΛΤΟΝΟΥ 12 ΚΑΛΑΜΑΡΙΑ,ανατολική θερσσαλονίκη,,,,193961206000,1,smasth.gr,,
ΛΥΜΠΕΡΟΠΟΥΛΟΣ ΔΗΜΗΤΡΙΟΣ,independent,lymperopoulos.gr,https://lymperopoulos.gr,,bot_check_other,,,,,ΠΑΝΑΓΗ ΤΣΑΛΔΑΡΗ 4 ΝΕΑΠΟΛΗ,ανατολική θερσσαλονίκη,,,,11111111111,2,smasth.gr,,
Λινδαρής Λάζαρος Δ.,independent,,,,no_site,,,,,Βιζυηνού Γ. 70,Θεσσαλονίκη,54636,40.6312680000000,22.9663475861244,,,vrisko.gr,https://www.vrisko.gr/details/bf7b_gc44_0dbf_jak157k__50df57db,thessaloniki
ΜΑΓΟΥΔΗ ΤΡΙΑΔΩ,independent,,,,no_site,,,,,Κ. ΚΑΡΥΟΦΥΛΛΗ 4,ανατολική θερσσαλονίκη,,,,17068706000,1,smasth.gr,,
ΜΑΝΔΑΛΑΣ ΧΡΗΣΤΟΣ,independent,,,,no_site,,,,,ΠΑΥΛΟΥ ΜΕΛΑ 27 ΦΙΛΥΡΟ,ανατολική θερσσαλονίκη,,,,161078706000,1,smasth.gr,,
ΜΑΝΔΥΛΑΣ REAL ESTATE ΔΙΕΘΝΗΣ ΣΥΜΒ ΑΚΙΝ ΕΠΕ,independent,mandilas.gr,https://mandilas.gr,,http_403,,,,,ΛΕΩΦ ΝΙΚΗΣ 47,ανατολική θερσσαλονίκη,,,,042093006000,1,smasth.gr,,
ΜΑΥΡΙΔΗΣ ΠΑΝΑΓΙΩΤΗΣ,independent,metodexi.gr,https://metodexi.gr,,bot_check_other,,,,,ΕΠΤΑΠΥΡΓΙΟΥ 21 ΣΥΚΙΕΣ,ανατολική θερσσαλονίκη,,,,041743606000,2,smasth.gr,,
ΜΕΣiΤΙΚΟ ΤΣΙΝΤΣΙΩΝΗ ΑΙΚΑΤΕΡΙΝΗ,independent,,,,no_site,,,,,ΗΦΑΙΣΤΙΩΝΟΣ 15,ανατολική θερσσαλονίκη,,,,128053006000,1,smasth.gr,,
ΜΕΣΙΤΙΚΗ ΚΑΤΑΣΚΕΥΑΣΤΙΚΗ ΚΟΣΤΑΡΕΛΙΣ,independent,,,,no_site,,,,,ΚΥΘΗΡΩΝ13 ΤΟΥΜΠΑ,ανατολική θεσσαλονίκη,,,,158043155000,1,smasth.gr,,
ΜΕΣΙΤΙΚΗ ΚΙΛΚΙΣ,independent,,,,no_site,,,,,ΣΟΛΩΝΟΣ 7 ΚΙΛΚΙΣ,περίχωρα θεσσαλονίκης,,,,142703935000,1,smasth.gr,,
ΜΕΣΙΤΙΚΟ DIAMANTI,independent,,,,no_site,,,,,ΚΑΡΑΚΑΣΗ 89Α,ανατολική θερσσαλονίκη,,,,043496906000,1,smasth.gr,,
ΜΕΣΙΤΙΚΟ ΑΛΛΑΞΕ ΤΟ,independent,,,,no_site,,,,,ΡΗΓΑ ΦΕΡΑΙΟΥ 175 ΣΥΚΙΕΣ,ανατολική θερσσαλονίκη,,,,041415106000,1,smasth.gr,,
ΜΕΣΙΤΙΚΟ ΓΡΑΦΕΙΟ,independent,,,,no_site,,,,,ΙΩΑΝΝΟΥ ΜΙΧΑΗΛ 3,ανατολική θερσσαλονίκη,,,,040244806000,1,smasth.gr,,
ΜΕΣΙΤΙΚΟ ΘΕΣΝΙΚΗΣ ΡΑΦΑΗΛ,independent,,,,no_site,,,,,ΚΙΛΚΙΣΙΟΥ 3,ανατολική θερσσαλονίκη,,,,43063206000,1,smasth.gr,,
ΜΕΣΙΤΙΚΟ ΚΑΤΑΣΚΕΥΑΣΤΙΚΗ ΛΙΟΛΙΔΗΣ,independent,,,,no_site,,,,,ΑΛ ΠΑΠΑΝΑΣΤΑΣΙΟΥ1455,ανατολική θερσσαλονίκη,,,,041215706000,1,smasth.gr,,
ΜΕΣΙΤΙΚΟ ΦΙΛΩΝ,independent,,,,no_site,,,,,28 ΟΚΤΩΒΡΙΟΥ 5 ΕΥΟΣΜΟΣ,ανατολική θερσσαλονίκη,,,,041710606000,1,smasth.gr,,
ΜΗΤΡΟΠΟΛΙΤΙΚΑ ΑΚΙΝΗΤΑ ΑΝΩΝΥΜΗ ΕΤΑΙΡΙΑ,independent,,,,no_site,,,,,Βαλαωρίτη Αριστοτέλη 17,Θεσσαλονίκη,54625,40.6384080000000,22.9382567456298,,,vrisko.gr,https://www.vrisko.gr/details/5h724ebba1_a30d31f_3ak1i4f3h_760,thessaloniki
ΜΠΑΛΑΣΚΑΣ ΓΕΩΡΓΙΟΣ,independent,,,,no_site,,,,,ΣΑΛΑΜΙΝΟΣ 10,ανατολική θερσσαλονίκη,,,,170819426000,1,smasth.gr,,
ΜΠΑΛΑΦΤΣΑΛΗΣ ΔΗΜΗΤΡΙΟΣ,independent,,,,no_site,,,,,Κ ΓΚΟΣΙΟΥ 9 ΛΑΓΚΑΔΑΣ,περίχωρα θεσσαλονίκης,,,,039238006000,1,smasth.gr,,
ΜΠΡΑΤΣΑΣ ΑΕ,independent,bratsas.gr,https://www.bratsas.gr,,unreachable,,,,,"Αντιγονιδών 21, Ισόγειο",Θεσσαλονίκη,54630,40.6401306228538,22.9399280000000,,,vrisko.gr,https://www.vrisko.gr/details/0jad5acc17336fd2bf71cd_513b61d1d,thessaloniki
Μαρμαγκά Σταυρούλα Α.,independent,,,,no_site,,,,,Μακεδονίας 33,Τρίλοφος,57500,40.4667630000000,22.9710140000000,,,vrisko.gr,https://www.vrisko.gr/details/0acja3cj3f30_766550500561b_0_f7j,thessalonikis
Μπορώνα Μαρία Σ.,independent,hellasreal-estate.com,https://www.hellasreal-estate.com,https://www.hellasreal-estate.com,bot_check_imperva,,,,,Πιττακού 6,Θεσσαλονίκη,54645,40.5996013333333,22.9511730287648,041466806000,1,vrisko.gr;smasth.gr,https://www.vrisko.gr/details/6i764ga6_e4h3430257e21745b1cca3_,thessalonikis
Μωυσιάδου Χαρά Ε.,independent,moisiadou-estate.gr,https://www.moisiadou-estate.gr,https://www.moisiadou-estate.gr,bot_check_imperva,,,,,Μαιάνδρου 57,Εύοσμος,56224,40.6720340659711,22.9052781000000,,,vrisko.gr,https://www.vrisko.gr/details/afbd7h4a4bbg2h4a3d1i370a461h2c7c,thessalonikis
ΝΙΚΟΛΑΟΣ Ι ΜΠΑΜΠΟΣ ΜΕΠΕ,independent,babos.gr,https://babos.gr,,unreachable,,,,,ΜΙΚΡΑΣ ΑΣΙΑΣ 26,ανατολική θερσσαλονίκη,,,,119359106000,1,smasth.gr,,
Ντάνης Αθανάσιος Θ.,independent,,,,no_site,,,,,Διαγόρα 48,Θεσσαλονίκη,54351,40.6154168947368,22.9766866000000,,,vrisko.gr,https://www.vrisko.gr/details/1d12053_3kcgcg3b6d3a4510_gaicg4h,thessaloniki
ΞΑΝΘΟΠΟΥΛΟΥ ΔΕΣΠΟΙΝΑ,independent,,,,no_site,,,,,ΠΥΘΑΦΟΡΑ 99 ΠΑΝΟΡΑΜΑ,περίχωρα θεσσαλονίκης,,,,188233506000,1,smasth.gr,,
Ο ΚΑΛΑΜΑΡΙΩΤΗΣ (Εξεζίδης Παύλος Ηλίας Δ.),independent,okalamariotis.gr,https://www.okalamariotis.gr,https://www.okalamariotis.gr,bot_check_imperva,,,,,Κομνηνών 48,Καλαμαριά,55131,40.5837632500000,22.9487198793103,,,vrisko.gr,https://www.vrisko.gr/details/ba72a22ka_3j61a17gagcg5b6327007i,kalamaria
ΟΙΚΙΑ,independent,,,,no_site,,,,,ΗΠΕΙΡΟΥ 7Α ΠΥΛΑΙΑ,ανατολική θεσσαλονίκη,,,,1593606000,1,smasth.gr,,
ΟΙΚΟΡΑΜΑ (Κουτσέλλης Αχιλλέας),independent,,,,no_site,,,,,Χανδρινού 9,Θεσσαλονίκη - Κάτω Τούμπα,54454,40.6071736666666,22.9796703456790,,,vrisko.gr,https://www.vrisko.gr/details/ab3a16_e4506303gbb0cd7764_4a3fda,thessaloniki
ΟΙΚΟΣΤΕΓΑΖΕΙΝ,independent,,,,no_site,,,,,ΚΟΣΜΑ ΑΙΤΩΛΟΥ 32 Κ ΧΑΛΚΙΔΙΚΗΣ 13,ανατολική θεσσαλονίκη,,,,14302706000,1,smasth.gr,,
ΟΝΕΙΡΟ (Μπερμπέρης Αντώνιος Δ.),independent,,,,no_site,,,,,Πλατεία Ιπποδρομίου 16,Θεσσαλονίκη,54621,40.6301380000000,22.9511977484848,,,vrisko.gr,https://www.vrisko.gr/details/7_35_75442b652d_3k062d0206665d01,thessalonikis
ΠΑΛΑΙΣΤΗΣ ΚΤΗΜΑΤΙΚΕΣ ΣΥΝΑΛΛΑΓΕΣ (Ατζέμη Ευρώπη Δ.),independent,,,,no_site,,,,,Πλατεία Παραμάνα 10,Θέρμη,57001,40.5466929155569,23.0201334074096,,,vrisko.gr,https://www.vrisko.gr/details/51dg40d3bi6jc66k0j40a3bic2_b603c,thessalonikis
ΠΑΝΕΛΛΑΔΙΚΗ ΟΙΚΙΣΤΙΚΗ (Οικονομίδης Δημήτριος Ν.),independent,,,,no_site,,,,,17ης Νοεμβρίου 27,Θεσσαλονίκη,54352,,,,,vrisko.gr,https://www.vrisko.gr/details/bj07236d0b750_160_043ca_ba4b64d6,thessaloniki
ΠΑΝΤΕΚΙΔΗΣ ΦΩΤΗΣ,independent,,,,no_site,,,,,ΚΑΡΑΚΑΣΗ 23Α,ανατολική θεσσαλονίκη,,,,189400206000,1,smasth.gr,,
ΠΑΝΤΟΥΔΗ ΕΛΕΝΗ,independent,outlook.com.gr,https://outlook.com.gr,,http_417,,,,,ΚΑΣΑΝΔΡΟΥ 100,κέντρο θεσσαλονίκης,,,,153687006000,1,smasth.gr,,
ΠΑΠΑΓΙΑΝΝΗ ΒΑΣΙΛΙΚΗ,independent,,,,no_site,,,,,ΒΡΥΟΥΛΩΝ 1 ΚΑΛΑΜΑΡΙΑ,ανατολική θεσσαλονίκη,,,,169007606000,1,smasth.gr,,
ΠΑΠΑΔΗΜΗΤΡΙΟΥ ΝΙΚΟΛΑΟΣ,independent,,,,no_site,,,,,ΚΛΕΑΝΘΟΥΣ 39,ανατολική θεσσαλονίκη,,,,130153606000,1,smasth.gr,,
ΠΑΠΑΘΑΝΑΣΙΟΥ ΚΩΝΣΤΑΝΤΙΝΟΣ,independent,,,,no_site,,,,,ΦΡΑΓΚΩΝ 13,ανατολική θερσσαλονίκη,,,,041082406000,1,smasth.gr,,
ΠΑΠΑΙΩΑΝΝΟΥ ΑΠΟΣΤΟΛΟΣ,independent,,,,no_site,,,,,ΜΗΤΡΟΠΟΛΕΩΣ 110,κέντρο θεσσαλονίκης,,,,164630506000,1,smasth.gr,,
ΠΑΠΑΛΑΓΟΥΡΑΣ ΧΡΗΣΤΟΣ,independent,,,,no_site,,,,,ΚΟΜΝΗΝΩΝ 80 ΚΑΛΑΜΑΡΙΑ,ανατολική θερσσαλονίκη,,,,152596206000,1,smasth.gr,,
ΠΑΠΑΜΑΡΙΝΟΥ ΜΑΡΙΑ,independent,papamarinou.com,https://papamarinou.com,https://papamarinou.com,bot_check_imperva,,,,,ΤΖΙΒΑΡΟΠΟΥΛΟΥ 44 ΚΟΥΦΑΛΙΑ,ανατολική θερσσαλονίκη,,,,04289186000,1,smasth.gr,,
ΠΑΠΑΠΑΝΑΓΙΩΤΟΥ ΣΤΕΛΛΙΟΣ,independent,,,,no_site,,,,,ΜΕΛΕΝΙΚΟΥ 27 ΜΑΡΤΙΟΥ,ανατολική θερσσαλονίκη,,,,181218906000,1,smasth.gr,,
ΠΑΣΙΑΛΗΣ ΖΑΦΕΙΡΗΣ,independent,,,,no_site,,,,,ΕΓΝΑΤΙΑ 91,κέντρο θεσσαλονίκης,,,,041800206000,1,smasth.gr,,
ΠΕΤΑΛΩΤΗ ΝΙΚΟΛΕΤΑ,independent,pasalidis-realestate.gr,https://pasalidis-realestate.gr,,unreachable,,,,,ΜΗΤΡΟΠΟΛΕΩΣ 20,κέντρο θεσσαλονίκης,,,,160112306000,1,smasth.gr,,
ΠΕΤΚΟΣ ΣΩΤΗΡΗΣ,independent,,,,no_site,,,,,ΠΑΠΑΚΥΡΙΑΖΗ 22 ΑΝΑΛΗΨΗ,ανατολική θερσσαλονίκη,,,,182341806000,1,smasth.gr,,
ΠΕΤΡΙΔΗΣ ΙΣΑΑΚ,independent,,,,no_site,,,,,ΑΛ ΠΑΠΑΝΑΣΤΑΣΙΟΥ 9 Β ΣΙΝΔΟΣ,περίχωρα θεσσαλονίκης,,,,041724206000,1,smasth.gr,,
ΠΕΤΡΟΠΟΥΛΟΥ ΕΥΑΓΓΕΛΙΑ,independent,lpproperty.gr,https://lpproperty.gr,,unreachable,,,,,ΚΟΜΝΗΝΩΝ 14,κέντρο θεσσαλονίκης,,,,111111111111,1,smasth.gr,,
ΠΡΟΚΟΠΙΔΟΥ ΕΥΤΥΧΙΑ,independent,,,,no_site,,,,,ΛΕΩΦ ΝΙΚΗΣ 1,ανατολική θερσσαλονίκη,,,,041726506000,1,smasth.gr,,
Παπανακλή Κωνσταντίνα Ε.,independent,,,,no_site,,,,,Ιωάννου Μιχαήλ 3,Θεσσαλονίκη,54622,40.6318892500000,22.9502477027559,,,vrisko.gr,https://www.vrisko.gr/details/_1c0441cda0256a010_eadcc1c6b663_,thessaloniki
Παπαϊωάννου Χρυσούλα Κ.,independent,mesitikopap.gr,https://www.mesitikopap.gr,,unreachable,,,,,Πορφύρα Λάμπρου 2 & Βασιλίσσης Όλγας,Θεσσαλονίκη - Ντεπώ,54646,40.5975090000000,22.9558640000000,,,vrisko.gr,https://www.vrisko.gr/details/b53h_211d3405b0k4gbk5c1gbe22_g26,thessalonikis
Πόζογλου Αναστάσιος Π.,independent,pozoglou.com,https://pozoglou.com,,unreachable,,,,,Ανατολικής Ρωμυλίας 21,Νεάπολη Θεσσαλονίκης,56728,40.6504924000000,22.9430325384615,,,vrisko.gr,https://www.vrisko.gr/details/1e5h3b7h20046h2e01aa0h3c736b6030,thessalonikis
ΣΔΡΑΚΑΣ ΘΩΜΑΣ,independent,,,,no_site,,,,,ΑΚΡΟΠΟΛΕΩΣ 89 ΔΡΑΜΑ,περίχωρα θεσσαλονίκη,,,,193378419000,1,smasth.gr,,
ΣΙΜΗΤΟΠΟΥΛΟΣ ΙΩΑΝΝΗΣ,independent,,,,no_site,,,,,ΠΥΘΑΓΟΡΑ 99 ΠΑΝΟΡΑΜΑ,ανατολική θερσσαλονίκη,,,,181725406000,1,smasth.gr,,
ΣΟΥΦΛΕΡΗΣ HOMES,independent,,,,no_site,,,,,ΚΑΣΣΑΝΔΡΟΥ 84,ανατολική θερσσαλονίκη,,,,042633806000,1,smasth.gr,,
ΣΟΥΦΛΕΡΗΣ HOMES (Σουφλέρης Ιωάννης Κ.),independent,,,,no_site,,,,,Κασσάνδρου 84,Θεσσαλονίκη,54634,40.6381155000000,22.9506840901639,,,vrisko.gr,https://www.vrisko.gr/details/ad275d4kdb2g2c0f_0aba466a4211677,thessaloniki
ΣΤΑΘΕΡΗ ΑΞΙΑ (Ζαβουργιάνος Ευάγγελος Α.),independent,,,,no_site,,,,,Λεωφόρος Στρατού 9,Θεσσαλονίκη,54639,40.6210367380952,22.9573707000000,,,vrisko.gr,https://www.vrisko.gr/details/a3_g_2aa3g1hacbbb5_a713e44_5dccg,thessaloniki
ΣΤΑΘΜΟΣ,independent,,,,no_site,,,,,ΑΓΙΩΝ ΠΑΝΤΩΝ 73 ΞΗΡΟΚΡΗΝΗ,ανατολική θερσσαλονίκη,,,,185339306000,1,smasth.gr,,
ΣΤΕΓΗ ΕΠΕΝΔΥΣΗ (Μουστάκα Πασχαλίνα Α.),independent,stegiependisi.gr,https://www.stegiependisi.gr,,bot_check_other,,,,,Αμφιπόλεως 36,Θεσσαλονίκη,54454,40.6087177812166,22.9790916533336,042212706000,1,vrisko.gr;smasth.gr,https://www.vrisko.gr/details/be5acea04a36b13_bi24akdda72g_4ad,thessalonikis
ΣΤΟΓΙΝΟΒΙΤΣ ΑΛΕΞΑΝΔΡΟΣ,independent,,,,no_site,,,,,ΕΜΜΑΝΟΥΗΛ ΠΑΠΠΑ 15 ΚΑΛΑΜΑΡΙΑ,ανατολική θερσσαλονίκη,,,,170031806000,1,smasth.gr,,
ΣΤΟΙΚΟΣ Α ΑΛΕΞΑΝΔΡΟΣ,independent,,,,no_site,,,,,ΣΩΚΡΑΤΟΥΣ 6 ΤΡΙΛΟΦΟΣ,περίχωρα θεσσαλονίκης,,,,168159506000,1,smasth.gr,,
ΣΩΤΗΡΙΑΔΗΣ ΙΩΑΝΝΗΣ,independent,,,,no_site,,,,,ΛΕΩΦ ΔΗΜΟΚΡΑΤΙΑΣ 11,ανατολική θερσσαλονίκη,,,,040560506000,1,smasth.gr,,
Στόικος Γεώργιος Χ.,independent,stoikoshome.gr,https://www.stoikoshome.gr,https://www.stoikoshome.gr,bot_check_imperva,,,,,Βόγα Κίμωνος 81 & Γραβιάς 22,Θεσσαλονίκη,54645,40.6008700000000,22.9529230000000,,,vrisko.gr,https://www.vrisko.gr/details/4f54a___ah0c551i630hd1560k_0_13h,thessalonikis
ΤΑΡΑΣΙΔΗΣ ΑΚΙΝΗΤΑ (Ταρασίδης Κοσμάς Σ.),independent,tarasidis-akinita.gr,https://www.tarasidis-akinita.gr,https://www.tarasidis-akinita.gr,bot_check_imperva,,,,,Κωνσταντινουπόλεως 130,Θεσσαλονίκη,54644,40.6080206382398,22.9631090000000,,,vrisko.gr,https://www.vrisko.gr/details/1g6f_e351616af7bd0105j515f1d6g_5,thessaloniki
ΤΑΤΣΙΟΥΔΗ ΣΟΦΙΑ,independent,,,,no_site,,,,,ΜΕΓ ΑΛΕΞΑΝΔΡΟΥ 45 ΚΙΛΚΙΣ,περίχωρα θεσσαλονίκης,,,,014452135000,1,smasth.gr,,
ΤΕΤΡΑΣ ΕΕ (Μπλογκούρας Ευάγγελος),independent,,,,no_site,,,,,Εθνικής Αμύνης 21,Θεσσαλονίκη,54621,40.6294189361380,22.9517621428571,,,vrisko.gr,https://www.vrisko.gr/details/7g7c_62ia7d_dd75371c0c4a5a6077c5,thessaloniki
ΤΖΑΓΙΑ Κ ΚΑΙ ΣΙΑ ΕΕ,independent,,,,no_site,,,,,ΠΑΡΜΕΝΙΔΟΥ 4 ΤΟΥΜΠΑ,ανατολική θερσσαλονίκη,,,,189482706000,1,smasth.gr,,
ΤΖΕΒΕΛΕΚΟΣ ΙΩΑΝΝΗΣ,independent,,,,no_site,,,,,Β ΟΛΓΑΣ 141,ανατολική θεσσαλονίκη,,,,122394806000,1,smasth.gr,,
ΤΟΛΟΖΗΣ ΠΑΣΧΑΛΗΣ,independent,,,,no_site,,,,,ΚΩΝ ΚΑΡΑΜΑΝΛΗ 59 ΝΕΑΠΟΛΗ,ανατολική θερσσαλονίκη,,,,122112606000,1,smasth.gr,,
ΤΣΑΜΤΣΙΔΟΥ ΧΡΙΣΤΙΝΑ,independent,,,,no_site,,,,,ΠΑΡΜΕΝΙΩΝΟΣ 8 ΕΥΟΣΜΟΣ,δυτική θεσσαλονίκη,,,,11111111111,3,smasth.gr,,
ΤΣΕΛΕΓΚΙΔΗΣ ΚΩΝΣΤΑΝΤΙΝΟΣ,independent,tselegidis.gr,https://tselegidis.gr,,unreachable,,,,,ΟΛΥΜΠΟΥ 122,ανατολική θερσσαλονίκη,,,,040501806000,1,smasth.gr,,
ΤΣΗΤΛΙΔΗΣ ΙΒΑΝ,independent,,,,no_site,,,,,ΕΠΙΔΑΥΡΟΥ 5 ΕΥΟΣΜΟΣ,δυτική θεσσαλονίκη,,,,192617457000,1,smasth.gr,,
ΤΣΙΚΟΥΡΑ ΖΩΙΤΣΑ,independent,,,,no_site,,,,,ΕΘΝ ΑΝΤΙΣΤΑΣΕΩΣ 7 ΔΙΑΒΑΤΑ,περίχωρα θεσσαλονίκης,,,,41538906000,1,smasth.gr,,
ΤΣΙΚΟΥΡΑΣ ΑΠΟΣΤΟΛΟΣ,independent,,,,no_site,,,,,ΝΑΠ ΖΕΡΒΑ 10 ΑΓ ΤΡΙΑΔΟΣ,κέντρο θεσσαλονίκης,,,,166847606000,1,smasth.gr,,
ΤΣΙΤΣΙΛΙΑΝΟΣ ΧΡΙΣΤΟΔΟΥΛΟΣ,independent,,,,no_site,,,,,ΠΑΠΑΖΩΛΗ 9,ανατολική θερσσαλονίκη,,,,42825306000,1,smasth.gr,,
Τζάκη Κυριακή Κ.,independent,,,,no_site,,,,,Δημοκρατίας 3,Νέα Μηχανιώνα,57004,40.4643020000000,22.8600340000000,,,vrisko.gr,https://www.vrisko.gr/details/cdacdd4gc003_g1a_2c203bc5e57aid2,thessalonikis
Τσαγκαλίδης Ηλίας Κ.,independent,greecehomenet.com,https://www.greecehomenet.com,,unreachable,,,,,28ης Οκτωβρίου 101,Αμπελόκηποι,56123,40.6560859680175,22.9273471832275,,,vrisko.gr,https://www.vrisko.gr/details/bjb_3__f_651_03c5gbi7k_7573g3k6_,thessalonikis
Τσελεγκίδης Κωνσταντίνος Ε.,independent,,,,no_site,,,,,Ολύμπου 122,Θεσσαλονίκη,54635,40.6355415000000,22.9512496435064,,,vrisko.gr,https://www.vrisko.gr/details/1ib1533eaj_c5266cfc_6fcj050f6c7c,thessalonikis
ΦΟΥΣΚΑΣ ΕΕ,independent,,,,no_site,,,,,ΠΛΑΤΩΝΟΣ 8 ΚΕΝΤΡΟ,κέντρο θερσσαλονίκης,,,,1775664605000,1,smasth.gr,,
ΦΩΤΙΑΔΗΣ ΗΡΑΚΛΗΣ ΑΚΙΝΗΤΑ ΦΩΤΙΑΔΗΣ,independent,akinitafotiadis.com,https://akinitafotiadis.com,,http_404,,,,,ΡΗΓΑ ΦΕΡΑΙΟΥ 6 ΑΜΕΛΟΚΗΠΟΙ,ανατολική θερσσαλονίκη,,,,163060406000,1,smasth.gr,,
Φιλιππάς Εμμανουήλ Π.,independent,,,,no_site,,,,,Μακεδονίας 39,Καλαμαριά,55134,40.5746390000000,22.9636780000000,,,vrisko.gr,https://www.vrisko.gr/details/02cc1_2i45aj7d1ea57_ai655b_i4gb3,kalamaria
ΧΑΡΙΖΑΝΗΣ ΗΛΙΑΣ,independent,,,,no_site,,,,,ΑΛ ΠΑΠΑΝΑΣΤΑΣΙΟΥ 88,ανατολική θερσσαλονίκη,,,,041450006000,1,smasth.gr,,
ΧΑΤΖΗΘΕΟΔΩΡΟΥ ΣΤΑΜΑΤΗΣ,independent,,,,no_site,,,,,ΕΛΠΙΔΟΣ 28 ΠΟΛΙΧΝΗ,ανατολική θεσσαλονίκη,,,,153906906000,1,smasth.gr,,
ΧΑΤΖΙΚΟΣ ΓΡΗΓΟΡΗΣ,independent,,,,no_site,,,,,19ΗΣ ΙΟΥΝΙΟΥ 3 ΜΕΛΙΣΟΧΩΡΙ,ανατολική θερσσαλονίκη,,,,42978006000,1,smasth.gr,,
ΧΡΥΣΟΥΛΙΔΗΣ ΠΑΝΑΓΙΩΤΗΣ ΜΟΝ ΙΚΕ,independent,,,,no_site,,,,,ΑΡΧ ΜΟΥΣΕΙΟΥ 35,ανατολική θερσσαλονίκη,,,,168758606000,1,smasth.gr,,
Χαλκίδας Γεώργιος Χ.,independent,,,,no_site,,,,,Ανδρεοπούλου 13,Θεσσαλονίκη,54643,40.6088844000000,22.9551505000000,,,vrisko.gr,https://www.vrisko.gr/details/_46c70_c603d2c3jcd34744045d766ai,thessaloniki
Χαραλαμπίδης Γεώργιος Σ.,independent,,,,no_site,,,,,Παπάφη 96,Θεσσαλονίκη - Κάτω Τούμπα,54453,40.6147514362992,22.9667389999999,,,vrisko.gr,https://www.vrisko.gr/details/_i023h0k65d2544570cg2fbh_g_hbdcc,thessaloniki
Golden Home,franchise,goldenhome.gr,https://goldenhome.gr,https://goldenhome.gr,ok,yes,yes,22,,,Thessaloniki (network),,,,,,web search,,
RE/MAX (Thessaloniki offices),franchise,remax.gr,https://remax.gr,https://www.remax.gr/?_via=apex,ok,yes,yes,10,,,Thessaloniki,,,,,,web search,,
REMAX Alfa,franchise,remax.gr,https://remax.gr,https://www.remax.gr/?_via=apex,ok,yes,yes,10,,,Evosmos,,,,,,web search,,
AXIS HOME ΟΕ,franchise,remaxaxis.gr,https://www.remaxaxis.gr,https://www.remaxaxis.gr,ok,no,yes,20,,Παλαιών Πατρών Γερμανού 18,Θεσσαλονίκη,54622,40.6313802000000,22.9475533744058,,,vrisko.gr,https://www.vrisko.gr/details/3k7gb763_f337h01cb0f7ea4b25k44cg,thessalonikis
REMAX TODAY,franchise,remax-today.eu,https://remax-today.eu,https://www.remax-today.eu/,ok,no,yes,26,,ΠΑΣΑΛΙΔΗ 155,ανατολική θερσσαλονίκη,,,,167249404000,1,smasth.gr,,
KW NORTH,franchise,knorth.gr,https://knorth.gr,,unreachable,,,,,ΠΙΕΡΙΔΗ 7 ΚΑΡΟΛΟΥ ΝΤΗΛ 18,ανατολική θερσσαλονίκη,,,,43735406000,1,smasth.gr,,
KW NORTH - Ν ΚΥΡΟΥΔΗΣ ΚΑΙ ΣΙΑ ΕΕ,franchise,akinita-thessaloniki.gr,https://www.akinita-thessaloniki.gr,,unreachable,,,,,Πιερίδη Κωνσταντίνου 7 & Στρατηγού Μακρυγιάννη,Σταυρούπολη - Άνω Ηλιούπολη,56431,40.6766870000000,22.9256270000000,,,vrisko.gr,https://www.vrisko.gr/details/3eb33c6j2k7fca4i_i72df5j20ck4e0h,thessalonikis
KW NORTH - Ν ΚΥΡΟΥΔΗΣ ΚΑΙ ΣΙΑ ΕΕ,franchise,,,,no_site,,,,,Ντηλ Καρόλου 18,Θεσσαλονίκη,54623,40.6325627000000,22.9434536953974,,,vrisko.gr,https://www.vrisko.gr/details/c62g306g7d5a_551_gd53740_04ga2cg,thessaloniki
REMAX BEST,franchise,,,,no_site,,,,,ΑΝΔΡΕΑ ΠΑΠΑΝΔΡΕΟΥ 123 ΝΕΑΠΟΛΗ,δυτική θεσσαλονίκη,,,,14628706000,1,smasth.gr,,
REMAX DOMINO - ΟΜΙΛΟΣ ΗΛΙΑΔΗΣ ΙΚΕ,franchise,remax-domino.gr,https://remax-domino.gr,,unreachable,,,,,Κλεάνθους 25,Θεσσαλονίκη,54453,40.6128175000000,22.9660009633633,153054906000,1,vrisko.gr;smasth.gr,https://www.vrisko.gr/details/53ah5k0c4c075fdbc44d5a5h1c7b7b_c,thessalonikis
REMAX GOLD (Μουτζίκος Ιωάννης),franchise,remax-gold.gr,https://www.remax-gold.gr,,bot_check_other,,,,,Σμύρνης 15 & Πλάτωνος,Εύοσμος,56226,40.6702580000000,22.9091510000000,,,vrisko.gr,https://www.vrisko.gr/details/7j31da1e4k5d_3d6abb32bdf0d3_7haf,thessalonikis
REMAX TODAY,franchise,remax-today.gr,https://remax-today.gr,,unreachable,,,,,Πασαλίδη Ιωάννη 155,Καλαμαριά,55133,40.5839400000000,22.9577874255014,,,vrisko.gr,https://www.vrisko.gr/details/6e0f1_73621j4k7f7_ccbich3j00a1c2,thessalonikis
ΤΣΙΤΣΙΓΑΝΗ ΣΟΦΙΑ,franchise,remaxexellnce.gr,https://remaxexellnce.gr,,unreachable,,,,,ΘΕΜ ΣΟΦΟΥΛΗ 99,ανατολική θεσσαλονίκη,,,,166712706000,1,smasth.gr,,
