{"type": "FeatureCollection", "source": "Jeny Shir, Thessaloniki neighbourhood map https://jenyshir.com/ru/maps/thessaloniki/ ; central boundaries: Municipality of Thessaloniki open data", "features": [{"type": "Feature", "properties": {"id": "malakopi", "gr": "Μαλακοπή", "ru": "Малакопи", "zone": "center", "district": "Θεσσαλονίκη-Ανατολικά", "centre": [40.613, 22.986], "sale": 2717, "sale_old": 2230, "sale_renovated": 3210, "sale_new": 3860, "rent": 8.25, "official": true}, "geometry": {"type": "Polygon", "coordinates": [[[22.98049182373555, 40.60576816552636], [22.980833646727433, 40.606454858117594], [22.981250775076973, 40.60729281286626], [22.981549004921625, 40.60789190582984], [22.981836377352305, 40.60846917450022], [22.9825265929846, 40.609855624557596], [22.983347344500086, 40.61150420740814], [22.981608507307584, 40.61246994575751], [22.981942011450418, 40.61279897434103], [22.987918870584654, 40.610811594185016], [22.990125533724214, 40.61350928921382], [22.98929930838287, 40.613814999435554], [22.988855222066466, 40.61361782727879], [22.9874786777364, 40.61355974719142], [22.983303810959658, 40.615513572664085], [22.982870696262655, 40.61539010650354], [22.98255602287104, 40.61542415005043], [22.980494867245316, 40.61704617402691], [22.980156937660677, 40.61702887944967], [22.97994827010492, 40.61669614610377], [22.979779435241735, 40.616426924129165], [22.97969445335129, 40.616291411708374], [22.97965148119337, 40.61622289135068], [22.979614058435068, 40.61616321505927], [22.979580106283, 40.616109075448996], [22.979547423750287, 40.61605696135949], [22.979517152357598, 40.61600868909377], [22.979478574496785, 40.615947172012035], [22.979460711552168, 40.61591868766482], [22.97943621220749, 40.615879620876136], [22.97940529346653, 40.6158303176861], [22.97937620065942, 40.61578392507272], [22.979359862450266, 40.61575787117939], [22.979337685360502, 40.61572250849026], [22.979319655356957, 40.615694211823815], [22.97929800914739, 40.61566047716039], [22.97928573415508, 40.61564172006268], [22.979268629051298, 40.615616115211225], [22.97925356040749, 40.61559255708278], [22.97924461497544, 40.615578888613236], [22.979217041639426, 40.615536756021584], [22.979201071271014, 40.615512716966926], [22.97918299988486, 40.61548473881565], [22.979166623002804, 40.615459992594715], [22.97915537578278, 40.61544252918739], [22.97914772778964, 40.6154308423496], [22.97912965286667, 40.61540341007701], [22.979112007528336, 40.615376259062344], [22.979012730633933, 40.61522456111013], [22.978837860118603, 40.61495734821914], [22.978713001119235, 40.6147665563869], [22.978643731602087, 40.61466070675652], [22.978501490599225, 40.61444335148302], [22.97837807064031, 40.61425475387877], [22.978215507316403, 40.61396342396906], [22.978078548619123, 40.613717975757396], [22.977972919817926, 40.61352867480824], [22.977897863262342, 40.61339416232141], [22.97779620649295, 40.61321197798396], [22.977778955444613, 40.6131445232514], [22.97774700947555, 40.613019599868274], [22.97768384990074, 40.612774387248734], [22.977578465427296, 40.61249656005673], [22.977452586343624, 40.61216469993283], [22.977327252785233, 40.61183427684883], [22.977162978264264, 40.611646068339994], [22.977038333253777, 40.61150326062425], [22.97684212477703, 40.611431553095], [22.976635895325575, 40.6113561827439], [22.976565649163934, 40.61133051018399], [22.97664147774446, 40.61118645865353], [22.976875109031727, 40.610742629929355], [22.97708509905951, 40.610343704390424], [22.977122410285304, 40.61027282214709], [22.977136913576, 40.610245268178794], [22.97715677186131, 40.61020754231865], [22.977170671291102, 40.610181137895715], [22.97718643812442, 40.610151183518084], [22.977190723105267, 40.610143043491135], [22.977192833931877, 40.61013903445541], [22.97719489488557, 40.610135117766184], [22.977195283202285, 40.6101343807011], [22.97719597828588, 40.610133060796045], [22.977196317925547, 40.61013241518724], [22.977196736682544, 40.610131619836054], [22.977197246760436, 40.61013064962659], [22.977200927921213, 40.61012365824894], [22.977204732079215, 40.61011643013428], [22.977207462553025, 40.61011124195958], [22.977208465625903, 40.61010933652265], [22.97720931651104, 40.61010772161548], [22.977210444986795, 40.610105576760425], [22.9772125253982, 40.61010162420893], [22.977213898536654, 40.61009901577775], [22.977214815180766, 40.61009727443211], [22.977216028833993, 40.61009496997887], [22.977216202927625, 40.610094638203726], [22.977216441529908, 40.61009418448337], [22.977218185929473, 40.6100908721676], [22.977223498340454, 40.61008077917261], [22.97722542047469, 40.61007712880783], [22.977226939711603, 40.61007424150391], [22.977227147873503, 40.61007384606963], [22.97723087774607, 40.61006676053238], [22.977231441392295, 40.6100656880995], [22.977232701288813, 40.61006329667249], [22.9772337153407, 40.61006136881119], [22.977234633179382, 40.6100596265751], [22.97723557539769, 40.610057835908684], [22.97723630578486, 40.61005644875174], [22.977236595537455, 40.61005589639008], [22.977236725777725, 40.610055649807904], [22.977239873779343, 40.61004966897269], [22.977240759981854, 40.61004798591294], [22.977241755741655, 40.610046094824646], [22.977242256088353, 40.61004514254594], [22.977242848910137, 40.61004401722084], [22.977243417393453, 40.61004293762386], [22.97724364502866, 40.61004250542688], [22.97724422568805, 40.610041402515485], [22.9772445835909, 40.61004072193486], [22.97724498529196, 40.61003995976411], [22.977245298146016, 40.61003936526678], [22.97724596526107, 40.61003809646251], [22.97724615759107, 40.61003773151711], [22.977246337744983, 40.61003738988616], [22.97724707909841, 40.61003598120571], [22.977248982993377, 40.61003236401067], [22.97725607146773, 40.61001889681905], [22.977303596839118, 40.609928609527074], [22.9775834194285, 40.609397006114094], [22.977987890051214, 40.60862858068225], [22.978053600569737, 40.608503741260826], [22.975947834783, 40.60780398434408], [22.975879630826352, 40.607490632775736], [22.975706568489294, 40.60716437796953], [22.975629923950734, 40.60701988814413], [22.97405967116177, 40.604712435559854], [22.975398132745376, 40.60428311587257], [22.976126666181727, 40.6040494250439], [22.976548667758827, 40.603939277945386], [22.977206743755964, 40.60376750964372], [22.978368255487418, 40.60346432531962], [22.97934896270228, 40.60347214903944], [22.97993149221888, 40.60464247779942], [22.98049182373555, 40.60576816552636]]]}}, {"type": "Feature", "properties": {"id": "martiou", "gr": "Μαρτίου", "ru": "Мартиу", "zone": "center", "district": "Θεσσαλονίκη-Ανατολικά", "centre": [40.61, 22.963], "sale": 2652, "sale_old": 2170, "sale_renovated": 3130, "sale_new": 3770, "rent": 9.52, "official": true}, "geometry": {"type": "Polygon", "coordinates": [[[22.963867213658098, 40.605768448474336], [22.95830245599528, 40.604560359122175], [22.95769478165203, 40.604433712527126], [22.949560893418543, 40.603881730932926], [22.949557433039036, 40.60386381476488], [22.94880864998739, 40.599586079868004], [22.9486714956306, 40.599061409421594], [22.949303664789987, 40.5992113710465], [22.94985637669079, 40.599342481574354], [22.950119619044912, 40.5994049240025], [22.950488003583153, 40.59855087869275], [22.950553804099474, 40.598398332688895], [22.950681368624608, 40.59843024241945], [22.951908860232944, 40.59875460376901], [22.95233375945607, 40.59888519930161], [22.95293958230032, 40.599074756881706], [22.954741482139998, 40.59962577054363], [22.956644234221844, 40.600102865447916], [22.95799929848605, 40.600444127237054], [22.958788606298853, 40.60068190889336], [22.95953792298899, 40.60090300048858], [22.96423815016109, 40.60218539277337], [22.963867213658098, 40.605768448474336]]]}}, {"type": "Feature", "properties": {"id": "faliro", "gr": "Φάληρο – Ιπποκράτειο", "ru": "Фалиро – Иппократио", "zone": "center", "district": "Θεσσαλονίκη-Ανατολικά", "centre": [40.62296, 22.96373], "sale": 2480, "sale_old": 2030, "sale_renovated": 2930, "sale_new": 3520, "rent": 9.39, "official": true}, "geometry": {"type": "Polygon", "coordinates": [[[22.96272074747498, 40.61784220275495], [22.960629836442912, 40.61635279695209], [22.96011754209052, 40.616073826483564], [22.959734491116034, 40.615868529548834], [22.95418794755437, 40.61561259170574], [22.952698106137532, 40.61577593964023], [22.952750384697083, 40.61606658611982], [22.951259044404427, 40.61624531635437], [22.951230122992236, 40.61594721776882], [22.95088762264451, 40.6133942004396], [22.950864803863407, 40.6132142798425], [22.950774659954277, 40.612497544422034], [22.950754278382927, 40.612316997303736], [22.950587288712807, 40.61096689298693], [22.953506653688645, 40.610511120218156], [22.953815416606655, 40.61043582055206], [22.956447121351214, 40.61035071501693], [22.95784730777321, 40.610305411291854], [22.962072432283275, 40.61016860009671], [22.963438401542565, 40.610503011896775], [22.96329553890911, 40.61196416059225], [22.96272074747498, 40.61784220275495]]]}}, {"type": "Feature", "properties": {"id": "agiatriada", "gr": "Αγία Τριάδα", "ru": "Агиа Триада", "zone": "center", "district": "Θεσσαλονίκη-Ανατολικά", "centre": [40.623, 22.956], "sale": 2607, "sale_old": 2140, "sale_renovated": 3080, "sale_new": 3700, "rent": 9.53, "official": true}, "geometry": {"type": "Polygon", "coordinates": [[[22.96210186850037, 40.623553061037256], [22.96115008949487, 40.623162348587464], [22.960812049408908, 40.62306311954042], [22.95948427915841, 40.62267335249921], [22.958327947320736, 40.62233389520355], [22.957525240690508, 40.62210153424086], [22.956824419075634, 40.62194214284002], [22.955558922679124, 40.621856440368965], [22.955204546730467, 40.62183043163081], [22.953680772427685, 40.62170521780137], [22.953291155178395, 40.62256157169925], [22.951200575705617, 40.622005793642785], [22.95123365281937, 40.62192570186698], [22.95125903861764, 40.621865829257416], [22.95131519276005, 40.621732412897146], [22.951427967602232, 40.621758671601164], [22.951560276095325, 40.62179112162856], [22.951776408333682, 40.62121986684923], [22.951816225437916, 40.62104433837922], [22.95182915373246, 40.62086348143195], [22.951825757454255, 40.62078336652044], [22.951818703565575, 40.620717302357114], [22.95181733741554, 40.620704108667105], [22.95181554889415, 40.62069464067773], [22.951478732080055, 40.61807533788307], [22.95136059380844, 40.61808340351996], [22.951301162667118, 40.618088207740335], [22.951175637806692, 40.61809703850318], [22.951169516845923, 40.61803759501432], [22.95117619486708, 40.618037080916245], [22.9511626097147, 40.61790898942307], [22.95117577531032, 40.617908042376236], [22.9511650843298, 40.617818794965935], [22.951151977914694, 40.6178194362587], [22.95113713198655, 40.617689722581], [22.951130041168977, 40.617689874388056], [22.95112369331832, 40.6176310342063], [22.951237129405193, 40.61762197480642], [22.951296768980864, 40.617617725634396], [22.951418575961473, 40.61760693855735], [22.951301263420007, 40.616677588184885], [22.951246993236467, 40.61624676089417], [22.952750384697083, 40.61606658611982], [22.952698106137532, 40.61577593964023], [22.95418794755437, 40.61561259170574], [22.954513924268788, 40.61562821719263], [22.95518819527355, 40.61565876645393], [22.957937229512204, 40.61578562690943], [22.958435048996716, 40.61580859231994], [22.95886650363842, 40.6158284953015], [22.95924260320673, 40.615845842999775], [22.959734491116034, 40.615868529548834], [22.960604843444568, 40.61633499274444], [22.96187720599934, 40.617241340371564], [22.96272074747498, 40.61784220275495], [22.962695178345793, 40.61812372437177], [22.962334166379218, 40.622089437749004], [22.962258530973067, 40.62256599808465], [22.962178665670184, 40.62306919639861], [22.96212789297152, 40.62338909631795], [22.96210186850037, 40.623553061037256]]]}}, {"type": "Feature", "properties": {"id": "anotoumpa", "gr": "Άνω Τούμπα", "ru": "Ано Тумба", "zone": "center", "district": "Θεσσαλονίκη-Ανατολικά", "centre": [40.61702, 22.97667], "sale": 2429, "sale_old": 1990, "sale_renovated": 2870, "sale_new": 3450, "rent": 8.55, "official": true}, "geometry": {"type": "Polygon", "coordinates": [[[22.980156937660677, 40.61702887944967], [22.980346165865917, 40.61703856428143], [22.980494867245316, 40.61704617402691], [22.980611382839395, 40.61790584203999], [22.980469710553745, 40.62055851160344], [22.979388897469125, 40.62248947387064], [22.978354862645247, 40.623612361007595], [22.978207239185704, 40.62346915599849], [22.976836901092966, 40.62223923774202], [22.976392926113885, 40.621332219314375], [22.976107686208746, 40.62074947282692], [22.973845090225026, 40.62056065562512], [22.972822847492026, 40.62054172361454], [22.972322332126105, 40.62043892817096], [22.97122686607757, 40.620022049961136], [22.971172299113654, 40.61996323082869], [22.971135300533128, 40.61992334920117], [22.971168114459037, 40.619799843380854], [22.971190391392664, 40.61971599839871], [22.971047194924374, 40.619637396016415], [22.97084292155861, 40.619525266208115], [22.970745584737312, 40.61947183570435], [22.970561076962863, 40.61937055577596], [22.970042856731354, 40.61925484736096], [22.969828001392493, 40.619134738908116], [22.96905598131656, 40.61870315815222], [22.96832862209828, 40.6180102891017], [22.967986912541114, 40.617540834749704], [22.968405855045322, 40.616978254279736], [22.969098706015615, 40.616047831828816], [22.96931835715106, 40.61558023412526], [22.969585241437382, 40.61501207690467], [22.96978423938459, 40.61458843405496], [22.970076756660436, 40.61417974484259], [22.97046765113325, 40.61348799298919], [22.970995595672406, 40.61324602121291], [22.971274251747204, 40.61311830383693], [22.972162468565298, 40.61278646143933], [22.972345603190192, 40.61271804055988], [22.972476567176933, 40.61267140008036], [22.97494523075787, 40.61180817654088], [22.976025296903476, 40.61143048304766], [22.97618179290541, 40.611375756106725], [22.976373134916035, 40.611353201980556], [22.976565649163934, 40.61133051018399], [22.976741994077376, 40.6113949587649], [22.97684212477703, 40.611431553095], [22.97685141028526, 40.611435258597815], [22.977038333253777, 40.61150326062425], [22.977175486151015, 40.611660397323746], [22.977327252785233, 40.61183427684883], [22.977472155611313, 40.61221629135355], [22.977596400666627, 40.612543844409736], [22.97768748313513, 40.612786834105506], [22.97779620649295, 40.61321197798396], [22.978078548619123, 40.613717975757396], [22.97837807064031, 40.61425475387877], [22.978767322866993, 40.61484956322815], [22.979054408553864, 40.61528824618981], [22.979326753236545, 40.61570507491043], [22.979673887139537, 40.616258618143426], [22.979990604574486, 40.61676364995561], [22.980156937660677, 40.61702887944967]]]}}, {"type": "Feature", "properties": {"id": "triandria", "gr": "Τριανδρία", "ru": "Триандрия", "zone": "center", "district": "Θεσσαλονίκη-Ανατολικά", "centre": [40.63139, 22.97711], "sale": 1900, "sale_old": 1560, "sale_renovated": 2240, "sale_new": 2700, "rent": 8.3, "official": true}, "geometry": {"type": "Polygon", "coordinates": [[[22.978052462608026, 40.62394073771976], [22.977370429587182, 40.6243550768048], [22.974955695830353, 40.62557412536595], [22.974515272722382, 40.625475459943196], [22.973798235308465, 40.62531682197848], [22.973601936284705, 40.62524060481746], [22.973151078591545, 40.62521049013121], [22.972627025008055, 40.6251754831339], [22.972249702905316, 40.62518625932689], [22.972082427541743, 40.625214296049684], [22.971775829653986, 40.625341717535576], [22.971237589670423, 40.625586904704036], [22.97109690412386, 40.62596883401289], [22.97066528550751, 40.626136926491], [22.970417931066937, 40.62612819394226], [22.96954854618105, 40.62598507040833], [22.968836536919557, 40.62538839922838], [22.968792555903985, 40.62535154266215], [22.9681349034254, 40.62441260645037], [22.96787805515088, 40.62367889538032], [22.967710350852418, 40.62322740550554], [22.9674036629128, 40.622401728191235], [22.967285324422875, 40.622083128881364], [22.967633472024882, 40.621327459273616], [22.967643518497272, 40.620674918869526], [22.967651870585186, 40.620132416130005], [22.967656607385955, 40.61982473469405], [22.96770656463887, 40.61916361168668], [22.967719169507067, 40.618996803202], [22.967755168236714, 40.61852038907648], [22.967779986809568, 40.618191944867675], [22.967986912541114, 40.617540834749704], [22.96832862209828, 40.6180102891017], [22.968827406166387, 40.61848542315356], [22.96905598131656, 40.61870315815222], [22.969642838590218, 40.61903122926267], [22.970042856731354, 40.61925484736096], [22.970561076962863, 40.61937055577596], [22.971190391392664, 40.61971599839871], [22.971135300533128, 40.61992334920117], [22.97122686607757, 40.620022049961136], [22.972322332126105, 40.62043892817096], [22.972558549694806, 40.62048744284042], [22.972822847492026, 40.62054172361454], [22.973522173803726, 40.62054874678476], [22.973739018532417, 40.62055180269162], [22.9750510153651, 40.62066129757487], [22.976107686208746, 40.62074947282692], [22.976531238738342, 40.62161478743988], [22.976836901092966, 40.62223923774202], [22.977234784076146, 40.62259635469537], [22.977971089866056, 40.623257209651015], [22.978207239185704, 40.62346915599849], [22.978052462608026, 40.62394073771976]]]}}, {"type": "Feature", "properties": {"id": "saranta", "gr": "Σαράντα Εκκλησιές", "ru": "Саранта Экклисиес (40 церквей)", "zone": "center", "district": "Θεσσαλονίκη-Ανατολικά", "centre": [40.63113, 22.96518], "sale": 2100, "sale_old": 1720, "sale_renovated": 2480, "sale_new": 2980, "rent": 10.8, "official": true}, "geometry": {"type": "Polygon", "coordinates": [[[22.964140628169428, 40.63413599809078], [22.962848078993403, 40.63440739306454], [22.962484517244842, 40.63428587241907], [22.962325944707327, 40.63424513895909], [22.96212008269962, 40.63417269188319], [22.961723709261253, 40.6340495902317], [22.961321180186637, 40.63392457519924], [22.961035070812, 40.63382888578692], [22.9609421131489, 40.633929829487265], [22.96077322114325, 40.63398445983258], [22.960585676042026, 40.63398993010211], [22.960405268337535, 40.63409870196052], [22.960335656210432, 40.63422687007528], [22.960211126188753, 40.63439226144451], [22.960109392746965, 40.63439623971556], [22.960055057365253, 40.63428794276137], [22.959839536153172, 40.63411755139872], [22.95961332593342, 40.63406610191404], [22.959450991208215, 40.63407811513676], [22.959138947506755, 40.63404835132028], [22.959094670114947, 40.633890162599286], [22.95920701601573, 40.6336548213603], [22.959303929190742, 40.633482121302904], [22.96075360219025, 40.63318503468743], [22.962290280616028, 40.63235846640121], [22.962481348065964, 40.63193438897722], [22.962739214330597, 40.631362039924085], [22.96226840609678, 40.63037736005585], [22.96192892080052, 40.630244249229015], [22.962320661064755, 40.62954744700033], [22.96296053286931, 40.62979330632558], [22.964330531969978, 40.62954548135607], [22.964782124015308, 40.62894409058139], [22.965042289884426, 40.62859761758542], [22.965329967515288, 40.628215569844805], [22.965613056600105, 40.62787083863405], [22.965702989536506, 40.62777602396344], [22.966073340828245, 40.627534087511194], [22.966765896270797, 40.62708031465217], [22.966937554590558, 40.62699694491046], [22.967368027513185, 40.626788442110666], [22.96774705247651, 40.626604890013695], [22.96805685626183, 40.62643867034833], [22.968337085068995, 40.62614947587813], [22.96855324171362, 40.62564270904659], [22.96860078615306, 40.62508034154817], [22.968792555903985, 40.62535154266215], [22.968836536919557, 40.62538839922838], [22.96954854618105, 40.62598507040833], [22.970417931066937, 40.62612819394226], [22.97066528550751, 40.626136926491], [22.97026906719919, 40.62629997652233], [22.970361069226293, 40.62643739686316], [22.96999473071334, 40.62688414067616], [22.969977240683022, 40.6269221943838], [22.969946000674383, 40.626961652394655], [22.969914657041496, 40.62704278745923], [22.969900767152847, 40.627060992330414], [22.96987723110908, 40.62708899802366], [22.969805034602764, 40.62717296036574], [22.969708296005454, 40.627183959796], [22.969639243525553, 40.62719181084864], [22.969609042489157, 40.627666828049165], [22.969474369073264, 40.628187934827636], [22.968555895379573, 40.62928681613787], [22.96931246051551, 40.62972746142883], [22.969300723607606, 40.62998617355489], [22.968875758885815, 40.63038592871214], [22.968944239910957, 40.63047148967666], [22.968406978628032, 40.6310941059236], [22.968474338806043, 40.631276250184165], [22.968728732396396, 40.63170159151558], [22.968680638079803, 40.631942646394975], [22.96850309815269, 40.632832497628236], [22.96922016265861, 40.63387427623401], [22.968974154001852, 40.63394117818243], [22.968310493514995, 40.63406102713609], [22.967429252586054, 40.63423992818288], [22.966999108315903, 40.63398620823513], [22.966030867944546, 40.63391486263737], [22.96506955369517, 40.63392871144256], [22.96445172753308, 40.63384232408209], [22.964140628169428, 40.63413599809078]]]}}, {"type": "Feature", "properties": {"id": "kamara", "gr": "Καμάρα – Συντριβάνι", "ru": "Камара – Университет", "zone": "center", "district": "Θεσσαλονίκη-Κέντρο", "centre": [40.6319, 22.95725], "sale": 2600, "sale_old": 2130, "sale_renovated": 3070, "sale_new": 3690, "rent": 10.5, "official": true}, "geometry": {"type": "Polygon", "coordinates": [[[22.952183299914207, 40.63913225123857], [22.952085510166636, 40.6392430603701], [22.951884586025464, 40.639435014394785], [22.95183334546999, 40.63948396727597], [22.951577464339966, 40.63966758810521], [22.951304381966064, 40.639861504716905], [22.951094379620546, 40.640010626821365], [22.951002361217366, 40.64007596834777], [22.949434214201933, 40.640924418355546], [22.949166663266077, 40.64106917300174], [22.948724109738134, 40.640582413373956], [22.94833558000742, 40.64075743858528], [22.94779383443324, 40.6401427637777], [22.947369830437623, 40.639691002945426], [22.9471607519594, 40.63946400406349], [22.947046392975082, 40.6393397520217], [22.947030860135406, 40.63932287438472], [22.946995676074724, 40.63928464666237], [22.946918874747066, 40.63920120047278], [22.94659783161658, 40.63885237718674], [22.94547793645954, 40.63749160408059], [22.94497948152203, 40.63688591614169], [22.94422367332793, 40.635947037704334], [22.944142347889667, 40.63586013315636], [22.95353118416047, 40.630953589169145], [22.95350402706381, 40.63124375258528], [22.953807196324316, 40.631578368920295], [22.956319159941426, 40.634350732028345], [22.95546014703356, 40.634807975928204], [22.95535389296466, 40.63526025486645], [22.954431974419467, 40.63644620799445], [22.95355528346329, 40.63757393587648], [22.952183299914207, 40.63913225123857]]]}}, {"type": "Feature", "properties": {"id": "paliaparalia", "gr": "Παλιά Παραλία – Λεωφ. Νίκης", "ru": "Палья Паралия (Леофорос Никис)", "zone": "center", "district": "Θεσσαλονίκη-Κέντρο", "centre": [40.63021, 22.9448], "sale": 4800, "sale_old": 3940, "sale_renovated": 5660, "sale_new": 6820, "rent": 14, "official": true}, "geometry": {"type": "Polygon", "coordinates": [[[22.95353118416047, 40.630953589169145], [22.944142347889667, 40.63586013315636], [22.94038252317673, 40.631842053474436], [22.942409136114524, 40.630684939663674], [22.94365169726915, 40.62983144511407], [22.947139574413526, 40.627429280666966], [22.947282017615017, 40.62724119932014], [22.947637207976168, 40.626263525260995], [22.947867566019077, 40.62567028578034], [22.947742015496996, 40.62525819177081], [22.94780518254889, 40.625215930856136], [22.948942440104194, 40.62626995183076], [22.952257061913187, 40.62627082801336], [22.952553749063068, 40.6263893555042], [22.952746803035733, 40.626466479795766], [22.952932869591564, 40.62654081353079], [22.95353118416047, 40.630953589169145]]]}}, {"type": "Feature", "properties": {"id": "istoriko", "gr": "Ιστορικό Κέντρο – Αριστοτέλους", "ru": "Исторический центр (Аристотелус)", "zone": "center", "district": "Θεσσαλονίκη-Κέντρο", "centre": [40.63917, 22.94334], "sale": 3000, "sale_old": 2460, "sale_renovated": 3540, "sale_new": 4260, "rent": 10.8, "official": true}, "geometry": {"type": "Polygon", "coordinates": [[[22.93526238862732, 40.6404160794947], [22.931315256036303, 40.63971081965591], [22.930958682398707, 40.639284748518136], [22.93124107840711, 40.63918186936837], [22.93234495028869, 40.63822720538478], [22.93421701138412, 40.63673171319666], [22.934552769448818, 40.63632374083659], [22.93485686086125, 40.63583456097771], [22.934947279723936, 40.63564673429997], [22.935153639758514, 40.63511504278091], [22.937275574872732, 40.63374044291859], [22.94038252317673, 40.631842053474436], [22.944142347889667, 40.63586013315636], [22.93526238862732, 40.6404160794947]]]}}, {"type": "Feature", "properties": {"id": "dioikitirio", "gr": "Διοικητήριο", "ru": "Диикитирио", "zone": "center", "district": "Θεσσαλονίκη-Κέντρο", "centre": [40.64058, 22.93919], "sale": 2200, "sale_old": 1800, "sale_renovated": 2600, "sale_new": 3120, "rent": 9.2, "official": true}, "geometry": {"type": "Polygon", "coordinates": [[[22.94345425054083, 40.642700013972984], [22.941976029259212, 40.64299213685358], [22.941836650903518, 40.6430613629383], [22.941549332408858, 40.643204066504616], [22.941427148959484, 40.64326475199422], [22.941621846162327, 40.643848831505075], [22.940838783993552, 40.6442435711477], [22.940776705623925, 40.64427486387772], [22.939565589973235, 40.6448853622099], [22.939185648949547, 40.64493165518498], [22.93868003560759, 40.64488265045154], [22.937710307810633, 40.644788656453585], [22.937047664030413, 40.64369729268916], [22.936748675623065, 40.64312558152633], [22.93645120045997, 40.64255675179366], [22.9357730004371, 40.6416540291548], [22.935452006175943, 40.64125318938088], [22.93518094131786, 40.64103164492724], [22.935193853788654, 40.64096037705044], [22.93526238862732, 40.6404160794947], [22.944142347889667, 40.63586013315636], [22.94422367332793, 40.635947037704334], [22.945212497837936, 40.63716906249621], [22.94667918649276, 40.63894077206087], [22.946854219371225, 40.63913095075917], [22.947241371144166, 40.63955159727949], [22.94729723935483, 40.63961229963039], [22.947363297945216, 40.639684070809096], [22.94763327377386, 40.63997056696074], [22.948065644808302, 40.64045116629132], [22.94833558000742, 40.64075743858528], [22.948724109738134, 40.640582413373956], [22.949166663266077, 40.64106917300174], [22.94821623701631, 40.641368193921416], [22.947203898560517, 40.641686682847826], [22.946283313309078, 40.641942187513486], [22.94370385841693, 40.64265068511505], [22.94345425054083, 40.642700013972984]]]}}, {"type": "Feature", "properties": {"id": "anopoli", "gr": "Άνω Πόλη – Ακρόπολη", "ru": "Ано Поли (Верхний город)", "zone": "center", "district": "Θεσσαλονίκη-Κέντρο", "centre": [40.64023, 22.95491], "sale": 2300, "sale_old": 1890, "sale_renovated": 2710, "sale_new": 3270, "rent": 8.9, "official": true}, "geometry": {"type": "Polygon", "coordinates": [[[22.952617042428447, 40.64363765703787], [22.952576290325236, 40.64373798443345], [22.952409286293804, 40.64404281348855], [22.952179186876695, 40.644491535487575], [22.952131821401416, 40.644520698603245], [22.951379151021225, 40.64498411152962], [22.949983490391244, 40.64398688740417], [22.949327729597552, 40.6435183190353], [22.949204009266428, 40.64355434252405], [22.948848796284487, 40.643657768446275], [22.948077013048383, 40.6438824795528], [22.948001466043337, 40.64390447562803], [22.947438333353453, 40.64417011333267], [22.947163948570665, 40.64431461443346], [22.94698084974719, 40.6443884207823], [22.946010698478098, 40.64472112877569], [22.94520300437084, 40.644938605776304], [22.94396686750818, 40.644646845189314], [22.943371547877, 40.64408756503509], [22.94312410742422, 40.64421595893952], [22.943013415351416, 40.64411787651755], [22.942738212175644, 40.64387402128831], [22.942550040041166, 40.643826263938394], [22.942418723215464, 40.64379483512271], [22.94229861225826, 40.64377606124036], [22.94193942180381, 40.64371991687023], [22.941621846162327, 40.643848831505075], [22.941427148959484, 40.64326475199422], [22.941976029259212, 40.64299213685358], [22.943771860889427, 40.642631945173925], [22.946283313309078, 40.641942187513486], [22.949166663266077, 40.64106917300174], [22.949840046310857, 40.64070484659452], [22.950957626867584, 40.64010017320911], [22.951002361217366, 40.64007596834777], [22.95132130121911, 40.639849490576324], [22.951467014901144, 40.63974601868926], [22.95160409994417, 40.63964867333732], [22.951825528887245, 40.63949143464525], [22.952027819557635, 40.63929817518301], [22.952154614472242, 40.639164754895006], [22.952200608450724, 40.63911263821826], [22.952300420360917, 40.63899953755051], [22.952424787785212, 40.63885861156265], [22.952549283522615, 40.63871753795922], [22.952737307644934, 40.63850447682459], [22.9528869618669, 40.6383348929546], [22.953216672773, 40.63796127149631], [22.95353161476668, 40.63760438096053], [22.95535389296466, 40.63526025486645], [22.95546014703356, 40.634807975928204], [22.956319159941426, 40.634350732028345], [22.9568758412962, 40.63432470046609], [22.958022231614162, 40.634595690801824], [22.958800345549108, 40.63495253960687], [22.95828706156394, 40.63581219758892], [22.959534660089748, 40.6372459916195], [22.96020329327935, 40.6375829545019], [22.960410409755706, 40.63792702388444], [22.960341448503925, 40.63827884222885], [22.960216055127713, 40.63891855452862], [22.960379337042685, 40.63942791194924], [22.959903149787923, 40.63949056438331], [22.959135103596317, 40.63983212390446], [22.96001904504551, 40.640637031323315], [22.960113765702573, 40.64078812646427], [22.959902946315353, 40.640974420069576], [22.959623954323554, 40.64122095338162], [22.95962245579735, 40.64140292526899], [22.95962161344607, 40.641505161548466], [22.95990767556037, 40.64165363036051], [22.960055554617682, 40.64173038144676], [22.960264225829814, 40.6418462073163], [22.960697164503408, 40.642131154797404], [22.961345016625515, 40.642247455115324], [22.961455241358568, 40.642278042141236], [22.962028381264023, 40.64243708317523], [22.963001919417472, 40.64270722257723], [22.96324453376672, 40.64322963337826], [22.9632603196919, 40.64339770719389], [22.96326616304445, 40.64423967124854], [22.963080072231623, 40.64478571929212], [22.96289268760078, 40.64530405870964], [22.962508738103864, 40.64524332011135], [22.96205343218994, 40.645149683016506], [22.961639822089687, 40.645018477956334], [22.961240079614864, 40.64479449686848], [22.96094968497423, 40.64476541903867], [22.96071157932587, 40.64474157660093], [22.960212929117862, 40.64469164327374], [22.95769408485393, 40.644439378345425], [22.95571796288651, 40.64424142813835], [22.954984931617368, 40.643376921470164], [22.95447617041546, 40.642776894633215], [22.954124274915955, 40.64288896999984], [22.953624151351562, 40.643048251641495], [22.952617042428447, 40.64363765703787]]]}}, {"type": "Feature", "properties": {"id": "panagiafaneromeni", "gr": "Παναγία Φανερωμένη", "ru": "Панагия Фанеромени", "zone": "center", "district": "Θεσσαλονίκη-Κέντρο", "centre": [40.648, 22.936], "sale": 1736, "sale_old": 1420, "sale_renovated": 2050, "sale_new": 2470, "rent": 9.49, "official": true}, "geometry": {"type": "Polygon", "coordinates": [[[22.939203767558055, 40.648077458132434], [22.93783886166162, 40.64916093062386], [22.936769428829997, 40.64839309091728], [22.93611864352837, 40.64824727516922], [22.9355654690504, 40.64834049586177], [22.935643506957597, 40.648106095480216], [22.935482599171678, 40.64803975289046], [22.935306007422614, 40.64796694330838], [22.935293857314885, 40.64757268470126], [22.93528651277757, 40.6473343208379], [22.93518094131786, 40.64103164492724], [22.935452006175943, 40.64125318938088], [22.9357595661023, 40.64163614689097], [22.93591913056718, 40.64184853961448], [22.93645120045997, 40.64255675179366], [22.936675482002148, 40.64298562270028], [22.93704071962757, 40.64368401510431], [22.937135699642525, 40.64384228940182], [22.937710307810633, 40.644788656453585], [22.938289174284023, 40.64484476563369], [22.938921010534205, 40.644906006145064], [22.939185648949547, 40.64493165518498], [22.939427121462693, 40.64490223362637], [22.939565589973235, 40.6448853622099], [22.940776705623925, 40.64427486387772], [22.941243255292896, 40.6440396795809], [22.941621846162327, 40.643848831505075], [22.94193942180381, 40.64371991687023], [22.94200381330895, 40.64372998199327], [22.942438200794726, 40.64379788001242], [22.942738212175644, 40.64387402128831], [22.942775337048413, 40.6439069179012], [22.94312410742422, 40.64421595893952], [22.94303488601192, 40.64425727414373], [22.94312230346109, 40.64436930307931], [22.943461107042957, 40.6448034906852], [22.943869568761354, 40.64531023913197], [22.94428119164404, 40.645718691791686], [22.943362564638974, 40.645732947694476], [22.942297737705317, 40.64574946242324], [22.941970544954604, 40.645850137408374], [22.941140291983377, 40.64610559588479], [22.941068614463582, 40.64653869031927], [22.941030188142218, 40.64667899652737], [22.940805974715158, 40.6468530363006], [22.94076083939385, 40.64694194868146], [22.940785955906243, 40.64707147795681], [22.94072469385811, 40.647137591438636], [22.940661027603504, 40.64720629889652], [22.940596297093755, 40.647244995575655], [22.939203767558055, 40.648077458132434]]]}}, {"type": "Feature", "properties": {"id": "xirokrini", "gr": "Ξηροκρήνη", "ru": "Ксирокрини", "zone": "center", "district": "Θεσσαλονίκη-Κέντρο", "centre": [40.6494, 22.92901], "sale": 1819, "sale_old": 1490, "sale_renovated": 2150, "sale_new": 2580, "rent": 9.19, "official": true}, "geometry": {"type": "Polygon", "coordinates": [[[22.931370486095194, 40.649136237886445], [22.930291237895503, 40.64961745765024], [22.92816576464715, 40.649797894682266], [22.925812486282823, 40.64923705380216], [22.92334292515942, 40.648659276377245], [22.9265957765625, 40.64695341381191], [22.928596523429054, 40.6460117344826], [22.92994418894667, 40.64538181299528], [22.930869674469605, 40.644855052389616], [22.931756600087205, 40.64433555504795], [22.932266311314887, 40.6438695503097], [22.931953024877014, 40.64349071785127], [22.93179107413329, 40.643294881394304], [22.93112829936041, 40.642543237903524], [22.934501345223964, 40.64087722610191], [22.935120850264244, 40.6405018442095], [22.93526238862732, 40.6404160794947], [22.93521758477525, 40.64075469943167], [22.9351936584768, 40.64093553251345], [22.93518094131786, 40.64103164492724], [22.935273582773394, 40.64733733116431], [22.935306007422614, 40.64796694330838], [22.935643506957597, 40.648106095480216], [22.9355654690504, 40.64834049586177], [22.935532017020453, 40.6483678579594], [22.935524188684315, 40.649178391944936], [22.935302706022657, 40.652390132774066], [22.934215389556527, 40.65233319471925], [22.933946307224094, 40.6499540965428], [22.93412388354515, 40.649677231339155], [22.933934530238055, 40.64839341726899], [22.93204413556011, 40.64843379795678], [22.931370486095194, 40.649136237886445]]]}}, {"type": "Feature", "properties": {"id": "lachanokipoi", "gr": "Λαχανόκηποι", "ru": "Лаханокипи", "zone": "center", "district": "Θεσσαλονίκη-Κέντρο", "centre": [40.64261, 22.91288], "sale": 1600, "sale_old": 1310, "sale_renovated": 1890, "sale_new": 2270, "rent": 10.5, "official": true}, "geometry": {"type": "Polygon", "coordinates": [[[22.915094367275998, 40.647052642589486], [22.913976391762006, 40.647474171846795], [22.912543945528615, 40.64801237967066], [22.910979112230986, 40.64860029826592], [22.909690242706084, 40.64908311968047], [22.908170810334227, 40.649651736993526], [22.906554382417237, 40.650256619783086], [22.905213332055375, 40.650758427077825], [22.90526190295832, 40.65056424787308], [22.903806131674433, 40.64891200138039], [22.903676535573965, 40.64883029922993], [22.90278783071701, 40.649412418292435], [22.902578192839616, 40.64956242330875], [22.90209297292337, 40.650330981588624], [22.901593123708984, 40.65112269082353], [22.90054521312145, 40.65181954091864], [22.900075147073267, 40.65213212157866], [22.89956042049949, 40.65210521677241], [22.899586312245344, 40.652006209154706], [22.899628722134977, 40.65184403123129], [22.89970331083709, 40.65155880249415], [22.89971125786822, 40.65135432207653], [22.899898731375036, 40.65059443974894], [22.899982752542165, 40.650270379540856], [22.899970339716123, 40.65004363525061], [22.89984554628426, 40.649503532690595], [22.899783194956953, 40.649112231377025], [22.899739963244265, 40.64858548426109], [22.899720128874012, 40.6483438169009], [22.89975885493049, 40.64794747895103], [22.89979995355553, 40.64752683888917], [22.899871640854506, 40.64693812815752], [22.900046680915597, 40.646350898245935], [22.90013355706913, 40.6460594377146], [22.9002131799308, 40.645667563514365], [22.90029952545866, 40.64517279358005], [22.900322126078247, 40.64351781641435], [22.902205138869977, 40.64349079283306], [22.902201474476374, 40.6437144340333], [22.902830867697617, 40.643720415938354], [22.903076346547913, 40.6441061904147], [22.90421371149179, 40.64384538254307], [22.905170436548048, 40.644365716625046], [22.905841546597117, 40.644388054196995], [22.906659776148373, 40.644395804406805], [22.907656313878277, 40.64411289338654], [22.907957058123767, 40.643684366817936], [22.908002921086382, 40.64344514699082], [22.90796486919302, 40.64320513358086], [22.908368956627317, 40.642873436088436], [22.909761152371825, 40.6424232581517], [22.910713290813273, 40.641936960840916], [22.910175877888495, 40.64143660624128], [22.9105579213996, 40.64116860447776], [22.910849026341435, 40.64133112234839], [22.912240136526552, 40.64094481020713], [22.912505865722277, 40.641378689878906], [22.91364030049952, 40.64129350953133], [22.91559757936897, 40.64092845841001], [22.91553748410263, 40.64075214652685], [22.91701299568562, 40.6403346224948], [22.91639861306726, 40.63940219678796], [22.917283582257635, 40.639170843915835], [22.917649328273583, 40.63990921065669], [22.918810387381296, 40.639472732840346], [22.91956363039844, 40.64059576399991], [22.921044530238433, 40.64030116954296], [22.923150660728496, 40.64008486243806], [22.93039004405698, 40.639415700368446], [22.930739518831064, 40.63942210606983], [22.930958682398707, 40.639284748518136], [22.931050568398792, 40.63939454521446], [22.931163542642444, 40.63952953741481], [22.93126680071913, 40.639652921313974], [22.931315256036303, 40.63971081965591], [22.929884965028723, 40.64021517438425], [22.92591493978201, 40.641602810186676], [22.923046228165646, 40.642608208599185], [22.92177400869817, 40.643334977589184], [22.921022524019566, 40.643764257316604], [22.919896313342146, 40.64440757625653], [22.91914594167512, 40.645058794264585], [22.918533921416568, 40.64558671216664], [22.91842136609774, 40.64568760697529], [22.917334409517355, 40.64621237153862], [22.915094367275998, 40.647052642589486]]]}}, {"type": "Feature", "properties": {"id": "stathmos", "gr": "Σιδηροδρομικός Σταθμός", "ru": "Ж/д вокзал – Дендропотамос", "zone": "center", "district": "Θεσσαλονίκη-Κέντρο", "centre": [40.64187, 22.92594], "sale": 1700, "sale_old": 1390, "sale_renovated": 2010, "sale_new": 2410, "rent": 10.5, "official": true}, "geometry": {"type": "Polygon", "coordinates": [[[22.915238769549962, 40.65022606168378], [22.913070000731988, 40.651173433930225], [22.912929062158284, 40.65121813325165], [22.91105110829591, 40.6518137132587], [22.909190290339083, 40.65246523819462], [22.908764629266887, 40.65261426743135], [22.907739063253914, 40.65276829060655], [22.90725124254496, 40.652923189799864], [22.906683436066764, 40.653055712876274], [22.906638366158685, 40.65305758778159], [22.906112862147577, 40.65307944410982], [22.905274310938754, 40.652005078262995], [22.905904465198233, 40.65169156915173], [22.905215541580773, 40.65097522964368], [22.905213332055375, 40.650758427077825], [22.90658078575591, 40.650246739782794], [22.915094367275998, 40.647052642589486], [22.917334409517355, 40.64621237153862], [22.918223400900516, 40.64578318290355], [22.91842136609774, 40.64568760697529], [22.91915975717127, 40.64504680446561], [22.919305668811223, 40.64492017396699], [22.91948368461332, 40.64476568316715], [22.919896313342146, 40.64440757625653], [22.92057327656995, 40.64402088053405], [22.921257908235347, 40.6436297968299], [22.92195433442303, 40.64323196636752], [22.923046228165646, 40.642608208599185], [22.923689012864475, 40.642382940174485], [22.926204931815533, 40.64149932135609], [22.927280937816985, 40.64112451251254], [22.92821546532003, 40.64079873531876], [22.930071351109127, 40.64014672708182], [22.931315256036303, 40.63971081965591], [22.93138429635518, 40.63972328042757], [22.93526238862732, 40.6404160794947], [22.93490310650239, 40.640633784314936], [22.934501345223964, 40.64087722610191], [22.93112829936041, 40.642543237903524], [22.93179107413329, 40.643294881394304], [22.93002094832317, 40.64420045631509], [22.929737106761866, 40.643860805615724], [22.928275374974042, 40.64468516047023], [22.92853394782821, 40.644973511113854], [22.926586392266135, 40.64594006466431], [22.92268073947031, 40.64796077317347], [22.91732693216469, 40.65074658775209], [22.916853959986828, 40.650674386702775], [22.916648673770492, 40.65052404081946], [22.916315355525843, 40.65027992466301], [22.916069723223774, 40.6501000260441], [22.91574533494502, 40.64986244573737], [22.915238769549962, 40.65022606168378]]]}}, {"type": "Feature", "properties": {"id": "analipsi", "gr": "Ανάληψη – Μπότσαρη", "ru": "Аналепси – Боцари", "zone": "center", "district": "Θεσσαλονίκη-Ανατολικά", "centre": [40.62361, 22.9571], "sale": 2846, "sale_old": 2330, "sale_renovated": 3360, "sale_new": 4040, "rent": 9.62, "official": true}, "geometry": {"type": "Polygon", "coordinates": [[[22.963438401542565, 40.610503011896775], [22.962980111297313, 40.61039081678295], [22.962077320520795, 40.61016979622058], [22.960247077925942, 40.61022772466109], [22.958794288246406, 40.61027476155184], [22.956948069437363, 40.61033450886319], [22.953815416606655, 40.61043582055206], [22.953506653688645, 40.610511120218156], [22.952664201035645, 40.610642652319854], [22.950724053257655, 40.61094554304266], [22.950587288712807, 40.61096689298693], [22.950534644652524, 40.610547962932515], [22.95052569779276, 40.61047262149288], [22.950463088461063, 40.61047510915934], [22.949568953306912, 40.61054077754056], [22.9494995963606, 40.61054350870379], [22.949488483956255, 40.6104647692838], [22.949461817082177, 40.61045786400043], [22.949444385610065, 40.610432095933255], [22.94943751805929, 40.61041124803471], [22.949410043772986, 40.61037906460726], [22.94939752062191, 40.61031365130588], [22.9493847104337, 40.61022747158132], [22.94943977963953, 40.61022578523794], [22.949461273941886, 40.61009590987981], [22.94946030227639, 40.609995147597445], [22.949404221107663, 40.60999519329728], [22.949402762367917, 40.609959574627766], [22.94945859388391, 40.60995508904502], [22.949466012434623, 40.609739978250445], [22.949532206617953, 40.609516151164854], [22.949555948365326, 40.60954481971431], [22.94959478331414, 40.60950421823568], [22.949466827193568, 40.60934082390756], [22.9494716647315, 40.60933859685311], [22.94933861915193, 40.60916351613596], [22.94915962600884, 40.609281583435234], [22.94914462339364, 40.609268911530826], [22.949330547849993, 40.60914761107988], [22.94930176029088, 40.609105880121334], [22.949358910970332, 40.609021499817224], [22.94937952535842, 40.60902922569828], [22.949323851676613, 40.60910790712551], [22.949492212324746, 40.60932817707938], [22.94951417197875, 40.60933137486187], [22.949540638959395, 40.609348752559264], [22.949548129032706, 40.60938177577107], [22.949644233112426, 40.60951607819431], [22.949712642155013, 40.60953025908454], [22.94983947352768, 40.60957566240326], [22.949849356573427, 40.60958465361718], [22.949911977853173, 40.60957108136506], [22.950159363945204, 40.60954470207076], [22.950247509955513, 40.609448518998626], [22.950248081093502, 40.60937636928342], [22.950223675111392, 40.60925945695964], [22.950147276164667, 40.609267671976646], [22.95014358923012, 40.609235203166406], [22.950377950925397, 40.60921754149484], [22.950393805594878, 40.60921649104701], [22.95003089321318, 40.60656041428178], [22.949561049272948, 40.603881741358954], [22.95769478165203, 40.604433712527126], [22.95830245599528, 40.604560359122175], [22.96382382656663, 40.605759030855886], [22.96386720781795, 40.60576852049045], [22.963438401542565, 40.610503011896775]]]}}, {"type": "Feature", "properties": {"id": "charilaou", "gr": "Χαριλάου", "ru": "Харилау", "zone": "center", "district": "Θεσσαλονίκη-Ανατολικά", "centre": [40.60133, 22.96414], "sale": 2635, "sale_old": 2160, "sale_renovated": 3110, "sale_new": 3740, "rent": 8.69, "official": true}, "geometry": {"type": "Polygon", "coordinates": [[[22.969153994251943, 40.60678331495574], [22.968854278506992, 40.60682620664065], [22.96386720781795, 40.60576852049045], [22.96423815016109, 40.60218539277337], [22.964671910571603, 40.59729629455154], [22.971236863210994, 40.59747531578697], [22.970669032635936, 40.599213074517984], [22.975964056215453, 40.600527722314595], [22.974974752325384, 40.602780550726116], [22.974497502645036, 40.60378811668014], [22.97405967116177, 40.604712435559854], [22.973880347205604, 40.60474446432469], [22.969153994251943, 40.60678331495574]]]}}, {"type": "Feature", "properties": {"id": "depo", "gr": "Ντεπώ", "ru": "Депо", "zone": "center", "district": "Θεσσαλονίκη-Ανατολικά", "centre": [40.60401, 22.95363], "sale": 2688, "sale_old": 2200, "sale_renovated": 3170, "sale_new": 3820, "rent": 9.08, "official": true}, "geometry": {"type": "Polygon", "coordinates": [[[22.964671910571603, 40.59729629455154], [22.96423815016109, 40.60218539277337], [22.95939130937146, 40.60086299595696], [22.958743285069062, 40.60066829105777], [22.957984514828773, 40.60043967245294], [22.955573885753715, 40.59983449169935], [22.954879002516208, 40.59966025390931], [22.95440565285652, 40.59953346406004], [22.950554499484788, 40.59839671656371], [22.950391495392054, 40.59877462139628], [22.950195240738324, 40.599229607359014], [22.950119619044912, 40.5994049240025], [22.949059789052313, 40.599153520780376], [22.9486714956306, 40.599061409421594], [22.948603541519596, 40.59879424354435], [22.947647226993375, 40.59854396420838], [22.9468706469869, 40.59834071728264], [22.946653884871388, 40.598283984792126], [22.946731160897567, 40.59811241414377], [22.947342535452595, 40.59675499105701], [22.947369402743508, 40.59669533702475], [22.948322578689805, 40.596935709470024], [22.948566832647813, 40.59699730418666], [22.94911814633155, 40.59559481046894], [22.947654577331537, 40.59521173917646], [22.948193411284617, 40.594018979724176], [22.94701867889084, 40.59370924215219], [22.946958964021547, 40.59350601201115], [22.947152416156843, 40.593461254339644], [22.94714517593078, 40.59344969790484], [22.947449608778122, 40.59332920003027], [22.947658978483233, 40.59331202757981], [22.94803308617818, 40.593216662655855], [22.948123723691175, 40.59311299131803], [22.94812122476387, 40.59297111680564], [22.948070954069923, 40.5928178077597], [22.94797660880921, 40.59275498210013], [22.947908444330974, 40.59272879669616], [22.947789121474162, 40.59276436837309], [22.94772335862157, 40.592736132765246], [22.947704950637608, 40.59266285054911], [22.94778497465563, 40.59260387702422], [22.947540382940048, 40.59234541404096], [22.947532845610496, 40.59234029785615], [22.947412291405342, 40.59219074336549], [22.94686654002877, 40.59171245621909], [22.946558979065504, 40.59160791952464], [22.946537567873868, 40.5915892782823], [22.946470076095537, 40.59155738762734], [22.94722265888969, 40.59089201218231], [22.9501369346672, 40.59292743177035], [22.954219791785498, 40.58958839293568], [22.957297121326523, 40.59175444246706], [22.958748212854715, 40.5927932787976], [22.95902139928228, 40.593052222715606], [22.95917127723219, 40.59319428562186], [22.959236181364805, 40.59338105441906], [22.959385531544488, 40.59380236929119], [22.95943010023514, 40.59403475708064], [22.95960405641318, 40.59494179718539], [22.959720583892818, 40.59506248607615], [22.96003360212859, 40.59538668047711], [22.96121987636312, 40.59586393570545], [22.964671910571603, 40.59729629455154]]]}}, {"type": "Feature", "properties": {"id": "neaelvetia", "gr": "Νέα Ελβετία", "ru": "Неа Эльветия", "zone": "center", "district": "Θεσσαλονίκη-Ανατολικά", "centre": [40.60262, 22.97576], "sale": 1900, "sale_old": 1560, "sale_renovated": 2240, "sale_new": 2700, "rent": 7.6, "official": true}, "geometry": {"type": "Polygon", "coordinates": [[[22.971236863210994, 40.59747531578697], [22.964671910571603, 40.59729629455154], [22.964970494838727, 40.59512646691558], [22.96548462327618, 40.59311596364243], [22.96569865720427, 40.592284556554965], [22.96574334177384, 40.59211097745625], [22.96621674557015, 40.59139384740151], [22.966430297005637, 40.591126505313156], [22.967032820281677, 40.59041938159167], [22.970285603979352, 40.58759702703978], [22.971092853286283, 40.587000037410135], [22.971812202393483, 40.590864251460005], [22.972287181881782, 40.593096489130026], [22.971813644665474, 40.5957596539175], [22.971236863210994, 40.59747531578697]]]}}, {"type": "Feature", "properties": {"id": "voulgari", "gr": "Βούλγαρη – Κηφισιά", "ru": "Вулгари – Кифисия", "zone": "center", "district": "Θεσσαλονίκη-Ανατολικά", "centre": [40.596, 22.969], "sale": 2688, "sale_old": 2200, "sale_renovated": 3170, "sale_new": 3820, "rent": 9.08, "official": true}, "geometry": {"type": "Polygon", "coordinates": [[[22.96574334177384, 40.59211097745625], [22.965589654258245, 40.59270797579961], [22.965315259350934, 40.59377383803614], [22.965083395200164, 40.594674461308095], [22.964974252140337, 40.595098395612645], [22.964920569692868, 40.59549942340663], [22.964671910571603, 40.59729629455154], [22.961084674470253, 40.59580807185146], [22.96003360212859, 40.59538668047711], [22.95960405641318, 40.59494179718539], [22.95938914958114, 40.59382123252346], [22.95917127723219, 40.59319428562186], [22.958748212854715, 40.5927932787976], [22.95826819385198, 40.59244963870395], [22.957297121326523, 40.59175444246706], [22.959933034653087, 40.58934266686362], [22.962602032302467, 40.59127461619443], [22.969391817460583, 40.58654972787654], [22.970274726636575, 40.5862230921395], [22.970860179814544, 40.58675626668141], [22.971092853286283, 40.587000037410135], [22.97073918194738, 40.587261591497594], [22.970253831491966, 40.58762459657092], [22.970020371862375, 40.58782940015532], [22.967032638301536, 40.590419534911995], [22.966430297005637, 40.591126505313156], [22.966242492330487, 40.591354844532546], [22.96574334177384, 40.59211097745625]]]}}, {"type": "Feature", "properties": {"id": "katotoumpa", "gr": "Κάτω Τούμπα", "ru": "Като Тумба", "zone": "center", "district": "Θεσσαλονίκη-Ανατολικά", "centre": [40.62087, 22.97003], "sale": 2659, "sale_old": 2180, "sale_renovated": 3140, "sale_new": 3780, "rent": 8.46, "official": true}, "geometry": {"type": "Polygon", "coordinates": [[[22.967537550201353, 40.61338849396903], [22.967390317688672, 40.61315749015812], [22.96688017700389, 40.61302507401723], [22.96534580890469, 40.61262678399916], [22.96430231015386, 40.612289543083904], [22.96329553890911, 40.61196416059225], [22.963438401542565, 40.610503011896775], [22.96386633835673, 40.60577767349984], [22.968854278506992, 40.60682620664065], [22.969153994251943, 40.60678331495574], [22.97214861327602, 40.605491535239736], [22.973880347205604, 40.60474446432469], [22.97405967116177, 40.604712435559854], [22.974793603309443, 40.605790955270244], [22.974922174611628, 40.60597603341734], [22.97531962987394, 40.60656393261784], [22.975571797193716, 40.60692771581714], [22.975647250255015, 40.607056244545234], [22.975879630826352, 40.607490632775736], [22.975947834783, 40.60780398434408], [22.978053600569737, 40.608503741260826], [22.97735496633418, 40.60983102057733], [22.97727876719031, 40.60997578011361], [22.977248982993377, 40.61003236401067], [22.977226939711603, 40.61007424150391], [22.97720694032678, 40.61011223368202], [22.97716789092504, 40.610186419316726], [22.977139874129517, 40.610239643326416], [22.977045681788034, 40.61041858578635], [22.976799058750384, 40.610887101263906], [22.976565649163934, 40.61133051018399], [22.97618179290541, 40.611375756106725], [22.97564954764438, 40.61156188218009], [22.97478149869988, 40.61186543112698], [22.973657827237858, 40.6122583552699], [22.972744166030868, 40.61257783129143], [22.971336093838175, 40.61309519999381], [22.97046765113325, 40.61348799298919], [22.970076756660436, 40.61417974484259], [22.96847555704898, 40.61368079819007], [22.967537550201353, 40.61338849396903]]]}}, {"type": "Feature", "properties": {"id": "papafi", "gr": "Παπάφη", "ru": "Папафи", "zone": "center", "district": "Θεσσαλονίκη-Ανατολικά", "centre": [40.616, 22.974], "sale": 2346, "sale_old": 1920, "sale_renovated": 2770, "sale_new": 3330, "rent": 9.48, "official": true}, "geometry": {"type": "Polygon", "coordinates": [[[22.96210186850037, 40.623553061037256], [22.962271491119147, 40.62248433863227], [22.96233604356042, 40.62207761379179], [22.96244275979279, 40.620902771638455], [22.96272074747498, 40.61784220275495], [22.96329553890911, 40.61196416059225], [22.96420483827398, 40.61225804167209], [22.965324685937333, 40.61261995726293], [22.967390317688672, 40.61315749015812], [22.967537550201353, 40.61338849396903], [22.970076756660436, 40.61417974484259], [22.969922341638682, 40.61439548649104], [22.96978423938459, 40.61458843405496], [22.969098706015615, 40.616047831828816], [22.967986912541114, 40.617540834749704], [22.96788703689097, 40.61785510448503], [22.96778328533417, 40.61818156497239], [22.967719169507067, 40.618996803202], [22.967656607385955, 40.61982473469405], [22.967644623321934, 40.62060315677749], [22.967633472024882, 40.621327459273616], [22.967285324422875, 40.622083128881364], [22.966844454538755, 40.622702791109376], [22.966148886644525, 40.62369476571613], [22.964789231203284, 40.62568954996248], [22.964359215415925, 40.62561720351904], [22.964010157429286, 40.625561380922655], [22.96342946599886, 40.62556669941329], [22.96418659695154, 40.62443108613529], [22.96210186850037, 40.623553061037256]]]}}, {"type": "Feature", "properties": {"id": "ladadika", "gr": "Λαδάδικα", "ru": "Лададика", "zone": "center", "district": "Θεσσαλονίκη-Κέντρο", "centre": [40.63545, 22.93552], "sale": 5500, "sale_old": 4510, "sale_renovated": 6490, "sale_new": 7810, "rent": 25, "official": false}, "geometry": {"type": "MultiPolygon", "coordinates": [[[[22.935317375886523, 40.639111702127664], [22.93897018348624, 40.635002293577976], [22.939142201834862, 40.63402752293578], [22.93848964356038, 40.632983429696615], [22.9374566, 40.6335845], [22.9348075, 40.6313792], [22.9340163, 40.6319288], [22.935593, 40.6332361], [22.9321273, 40.6356899], [22.9302692, 40.6341597], [22.9285955, 40.6368394], [22.9258087, 40.6368862], [22.9270734, 40.6349358], [22.9255164, 40.6352126], [22.924460284484447, 40.636606219496414], [22.935317375886523, 40.639111702127664]]], [[[22.922758297202158, 40.63604006043923], [22.9237803, 40.6344076], [22.9214595, 40.6348009], [22.921173689606295, 40.635210027889016], [22.922758297202158, 40.63604006043923]]]]}}, {"type": "Feature", "properties": {"id": "agiasofia", "gr": "Αγία Σοφία – Ροτόντα", "ru": "Агия София – Ротонда", "zone": "center", "district": "Θεσσαλονίκη-Κέντρο", "centre": [40.6304, 22.94965], "sale": 2800, "sale_old": 2300, "sale_renovated": 3300, "sale_new": 3980, "rent": 10.5, "official": false}, "geometry": {"type": "Polygon", "coordinates": [[[22.948341370558374, 40.62653680203046], [22.94533522727273, 40.633551136363636], [22.94681756756757, 40.63630405405405], [22.952305248618785, 40.63757044198895], [22.955177692307693, 40.63588076923077], [22.951150000000002, 40.627250000000004], [22.948341370558374, 40.62653680203046]]]}}, {"type": "Feature", "properties": {"id": "evangelistria", "gr": "Ευαγγελίστρια", "ru": "Евангелистрия", "zone": "center", "district": "Θεσσαλονίκη-Κέντρο", "centre": [40.64023, 22.95905], "sale": 2200, "sale_old": 1800, "sale_renovated": 2600, "sale_new": 3120, "rent": 10.8, "official": false}, "geometry": {"type": "Polygon", "coordinates": [[[22.95710376044568, 40.636282033426184], [22.95968040131309, 40.64452728420188], [22.9622271, 40.6447148], [22.963284, 40.6435632], [22.9630243, 40.6427523], [22.9591025, 40.6413855], [22.9602696, 40.6406785], [22.9592688, 40.6397834], [22.9608109, 40.639255], [22.9601889, 40.637606], [22.958300359622505, 40.635589265481705], [22.95710376044568, 40.636282033426184]]]}}, {"type": "Feature", "properties": {"id": "neaparalia", "gr": "Νέα Παραλία", "ru": "Неа Паралия", "zone": "center", "district": "Θεσσαλονίκη-Ανατολικά", "centre": [40.62041, 22.95398], "sale": 3007, "sale_old": 2470, "sale_renovated": 3550, "sale_new": 4270, "rent": 9.56, "official": false}, "geometry": {"type": "Polygon", "coordinates": [[[22.948341370558374, 40.62653680203046], [22.95088, 40.627024999999996], [22.956531914893617, 40.619960106382976], [22.950804577310976, 40.613660035042074], [22.9511827, 40.6180854], [22.9515093, 40.6180666], [22.9518452, 40.620866], [22.9510475, 40.6229928], [22.9477707, 40.6252509], [22.947611688482407, 40.62584360405829], [22.948341370558374, 40.62653680203046]]]}}, {"type": "Feature", "properties": {"id": "agdimitrios", "gr": "Άγιος Δημήτριος", "ru": "Агиос Димитриос", "zone": "center", "district": "Θεσσαλονίκη-Κέντρο", "centre": [40.63981, 22.94817], "sale": 2300, "sale_old": 1890, "sale_renovated": 2710, "sale_new": 3270, "rent": 9.5, "official": false}, "geometry": {"type": "MultiPolygon", "coordinates": [[[[22.943255628850633, 40.64414868068862], [22.9456022, 40.6451263], [22.9494178, 40.6437703], [22.95022130666417, 40.64434325334145], [22.952305248618785, 40.63757044198895], [22.94681756756757, 40.63630405405405], [22.94337244897959, 40.64204591836735], [22.943255628850633, 40.64414868068862]]], [[[22.943161231584433, 40.64584783148015], [22.9441958, 40.6457032], [22.943236591775353, 40.64449134804361], [22.943161231584433, 40.64584783148015]]]]}}, {"type": "Feature", "properties": {"id": "vardaris", "gr": "Βαρδάρης", "ru": "Вардарис", "zone": "center", "district": "Θεσσαλονίκη-Κέντρο", "centre": [40.64287, 22.93338], "sale": 1700, "sale_old": 1390, "sale_renovated": 2010, "sale_new": 2410, "rent": 11, "official": false}, "geometry": {"type": "Polygon", "coordinates": [[[22.938975543478268, 40.64789130434783], [22.935317375886523, 40.639111702127664], [22.924460284484447, 40.636606219496414], [22.92402662422305, 40.63702662422305], [22.933634615384612, 40.64663461538461], [22.938975543478268, 40.64789130434783]]]}}, {"type": "Feature", "properties": {"id": "kalamaria", "gr": "Καλαμαριά", "ru": "Каламария", "zone": "east", "district": "Καλαμαριά", "centre": [40.5764, 22.95826], "sale": 3117, "sale_old": 2560, "sale_renovated": 3680, "sale_new": 4430, "rent": 9.48, "official": false}, "geometry": {"type": "Polygon", "coordinates": [[[22.9350428, 40.5792797], [22.9366308, 40.5815417], [22.9355922, 40.5834386], [22.9371629, 40.585003], [22.9373346, 40.5860199], [22.9395318, 40.5871801], [22.9394542, 40.5879143], [22.9405195, 40.5876287], [22.9418166, 40.5885103], [22.9407717, 40.5893392], [22.938891, 40.5879933], [22.94107, 40.589591], [22.9418063, 40.5886367], [22.9415399, 40.5891592], [22.9428243, 40.5889803], [22.9466841, 40.5915444], [22.9474661, 40.5909892], [22.9501324, 40.5929368], [22.9542495, 40.5895834], [22.9575603, 40.5919821], [22.9599588, 40.589379], [22.9626436, 40.5912753], [22.9700857, 40.5862478], [22.9703083, 40.5856783], [22.9686626, 40.5826116], [22.9686387, 40.5813214], [22.9700728, 40.5789611], [22.9736187, 40.5756534], [22.9756441, 40.5710107], [22.9756529, 40.5699237], [22.9747625, 40.5686298], [22.9720375, 40.5666087], [22.9683781, 40.560092], [22.9670577, 40.5599875], [22.9649463, 40.5616568], [22.9611526, 40.5624066], [22.9610668, 40.5644932], [22.9571242, 40.5664514], [22.9560028, 40.5677207], [22.9551874, 40.5677598], [22.9544149, 40.5686921], [22.9547077, 40.5695283], [22.9537969, 40.5694484], [22.9519033, 40.572184], [22.9499767, 40.5731354], [22.9484037, 40.5719309], [22.9479329, 40.5722287], [22.949213, 40.5728779], [22.9484211, 40.5733754], [22.9474866, 40.5725027], [22.9480062, 40.5731023], [22.9472666, 40.5735645], [22.9466603, 40.5730093], [22.9471879, 40.5736021], [22.9462062, 40.5742222], [22.9453356, 40.573846], [22.9469798, 40.5749318], [22.9457992, 40.5756635], [22.9443789, 40.5744318], [22.9457453, 40.575711], [22.9450182, 40.5761566], [22.9435161, 40.5749202], [22.9447631, 40.5763249], [22.9440702, 40.5757524], [22.9436472, 40.5764678], [22.9389388, 40.5791881], [22.9382959, 40.5792992], [22.9372917, 40.5783149], [22.9379869, 40.5794426], [22.9370453, 40.5805171], [22.9353866, 40.5794709], [22.9370029, 40.5776234], [22.9350428, 40.5792797]]]}}, {"type": "Feature", "properties": {"id": "pylaia", "gr": "Πυλαία", "ru": "Пилея", "zone": "east", "district": "Πυλαία", "centre": [40.58676, 22.99005], "sale": 2400, "sale_old": 1970, "sale_renovated": 2830, "sale_new": 3410, "rent": 8.6, "official": false}, "geometry": {"type": "Polygon", "coordinates": [[[22.9683738, 40.5601822], [22.9719498, 40.5664895], [22.9750224, 40.5688811], [22.9757144, 40.5702528], [22.9736187, 40.5756534], [22.9700728, 40.5789611], [22.9685457, 40.5816986], [22.9696886, 40.5846853], [22.9720639, 40.5882677], [22.9714647, 40.5883714], [22.972263, 40.5931577], [22.9761674, 40.594502], [22.975381, 40.5955907], [22.978786, 40.5969338], [22.9783739, 40.5982244], [22.9805946, 40.6018164], [22.9788268, 40.6034179], [22.9803017, 40.6046195], [22.980311, 40.6056378], [22.9811773, 40.6059573], [22.9807762, 40.6064008], [22.9813966, 40.6066892], [22.980765, 40.6074287], [22.9826041, 40.6084733], [22.9814586, 40.6095448], [22.9826519, 40.6097364], [22.9832918, 40.6111941], [22.9815256, 40.6124276], [22.9819145, 40.6128482], [22.987877, 40.6108334], [22.989905, 40.6133933], [22.9846306, 40.61555], [22.9838785, 40.6191972], [22.9779722, 40.6228668], [22.9792689, 40.6271715], [22.9811303, 40.6286822], [22.9849333, 40.637113], [22.9963918, 40.6283128], [23.0053687, 40.618426], [23.0123008, 40.6138882], [23.0331728, 40.6138308], [23.0286977, 40.6092382], [23.0269104, 40.6064554], [23.0231086, 40.60304], [23.0216303, 40.599783], [23.0167921, 40.5971106], [23.0118846, 40.5972717], [23.0098853, 40.5967541], [23.008894, 40.5926609], [23.0062537, 40.5906657], [23.0045119, 40.590683], [23.0039846, 40.5884648], [23.0134967, 40.5852438], [23.0126714, 40.5842809], [23.010078, 40.5831599], [23.0068881, 40.582903], [23.0056935, 40.5815081], [23.0042068, 40.5699552], [22.9956424, 40.5674848], [22.9928444, 40.5658659], [22.9926322, 40.564729], [22.9945122, 40.5609077], [22.9975201, 40.5572313], [22.995514, 40.5562409], [22.9955277, 40.5470252], [22.9913421, 40.5443582], [22.9911084, 40.5397166], [22.9806495, 40.5394086], [22.9793046, 40.5413945], [22.9792629, 40.5433666], [22.9781814, 40.5444102], [22.9818616, 40.5452747], [22.9788197, 40.5450646], [22.9811127, 40.5486622], [22.9814423, 40.5501977], [22.980928, 40.5519208], [22.9750832, 40.5570997], [22.9715295, 40.5588202], [22.9708, 40.5596679], [22.9683738, 40.5601822]]]}}, {"type": "Feature", "properties": {"id": "panorama", "gr": "Πανόραμα", "ru": "Панорама", "zone": "east", "district": "Πανόραμα", "centre": [40.5845, 23.0368], "sale": 2700, "sale_old": 2210, "sale_renovated": 3190, "sale_new": 3830, "rent": 8.2, "official": false}, "geometry": {"type": "Polygon", "coordinates": [[[23.0039846, 40.5884648], [23.0045119, 40.590683], [23.0062537, 40.5906657], [23.008894, 40.5926609], [23.0098853, 40.5967541], [23.0118846, 40.5972717], [23.0167921, 40.5971106], [23.0216303, 40.599783], [23.0231086, 40.60304], [23.0269104, 40.6064554], [23.0286977, 40.6092382], [23.0331728, 40.6138308], [23.0419578, 40.6151185], [23.0433362, 40.614992], [23.0463352, 40.6134053], [23.0520909, 40.6145206], [23.0582707, 40.6136468], [23.0685761, 40.6085838], [23.0685762, 40.6049906], [23.0676523, 40.6034266], [23.0659407, 40.6026446], [23.0627296, 40.5995396], [23.0603365, 40.598286], [23.059458, 40.5926275], [23.060291, 40.5899935], [23.0613967, 40.5886478], [23.0610269, 40.584728], [23.0532942, 40.5786199], [23.050721, 40.5793555], [23.0490586, 40.5790265], [23.0463342, 40.5734277], [23.0387663, 40.5665814], [23.0389624, 40.5643309], [23.0374479, 40.5618175], [23.0335097, 40.5589017], [23.0307811, 40.55398], [23.0235309, 40.5600019], [23.0161406, 40.5634119], [23.0142598, 40.565028], [23.0084319, 40.5676851], [23.0045015, 40.5703992], [23.0056935, 40.5815081], [23.0068881, 40.582903], [23.010078, 40.5831599], [23.0126714, 40.5842809], [23.0134967, 40.5852438], [23.0039846, 40.5884648]]]}}, {"type": "Feature", "properties": {"id": "chortiatis", "gr": "Χορτιάτης – Ασβεστοχώρι", "ru": "Хортиатис – Асвестохори", "zone": "east", "district": "Χορτιάτης", "centre": [40.62192, 23.08242], "sale": 1700, "sale_old": 1390, "sale_renovated": 2010, "sale_new": 2410, "rent": 6.5, "official": false}, "geometry": {"type": "Polygon", "coordinates": [[[22.9743564, 40.6948315], [22.975753, 40.6993031], [22.9778033, 40.7020869], [22.9775828, 40.7041208], [22.9753256, 40.7072906], [22.9761078, 40.7090238], [22.9805854, 40.7080931], [22.9862265, 40.708395], [22.9904971, 40.7070902], [22.9939968, 40.7072288], [22.9969326, 40.7042315], [22.9993943, 40.7033841], [23.0003766, 40.7023836], [23.0012279, 40.6998957], [23.0035704, 40.6997448], [23.0085452, 40.7005353], [23.0172516, 40.6999431], [23.0241319, 40.6963981], [23.0244994, 40.6956985], [23.0219848, 40.6919478], [23.0213217, 40.689618], [23.021931, 40.6866503], [23.0247793, 40.6826657], [23.0251876, 40.6763452], [23.0259753, 40.6728565], [23.0258977, 40.6695768], [23.0248657, 40.6669916], [23.0228828, 40.6648218], [23.0257319, 40.6613056], [23.0252303, 40.6583826], [23.0272234, 40.6558031], [23.0312943, 40.6556273], [23.0349866, 40.654699], [23.0405152, 40.6595826], [23.0440669, 40.6619453], [23.0461468, 40.6620976], [23.0508401, 40.660803], [23.0531733, 40.662705], [23.0556475, 40.6615811], [23.0573432, 40.6623968], [23.0586485, 40.66411], [23.0599272, 40.6645618], [23.0626579, 40.6630256], [23.0657131, 40.6590686], [23.0680435, 40.6572857], [23.091038, 40.6481091], [23.1020459, 40.6417451], [23.1082703, 40.6482345], [23.1234152, 40.6431615], [23.1334164, 40.6411019], [23.136142, 40.6399512], [23.139033, 40.6400719], [23.1447453, 40.6383667], [23.1481999, 40.6387166], [23.1557556, 40.6359794], [23.1612404, 40.6363527], [23.1620407, 40.6342955], [23.1628487, 40.6268783], [23.164849, 40.624046], [23.1604529, 40.6197981], [23.1601546, 40.6168321], [23.1580894, 40.6127812], [23.1546703, 40.6103599], [23.1443722, 40.6075815], [23.1411068, 40.6061429], [23.140043, 40.6049052], [23.1411082, 40.6037991], [23.1421281, 40.600534], [23.1431535, 40.5991542], [23.1418121, 40.5961622], [23.1427551, 40.5947052], [23.1426654, 40.5934073], [23.1398081, 40.5907195], [23.1403116, 40.5896152], [23.1420441, 40.5884749], [23.143747, 40.5855958], [23.1468896, 40.5826732], [23.151442, 40.5805446], [23.1566025, 40.579069], [23.1653324, 40.5750334], [23.1619295, 40.5716305], [23.1601212, 40.5688517], [23.1570161, 40.5620275], [23.1575479, 40.5583288], [23.1554294, 40.5526739], [23.1544872, 40.5510545], [23.1504322, 40.5475203], [23.1487976, 40.5414905], [23.1462856, 40.5378594], [23.1434069, 40.5353517], [23.1406375, 40.5351329], [23.1383715, 40.5416744], [23.1317209, 40.5468857], [23.12364, 40.5589865], [23.1202873, 40.5614744], [23.1198539, 40.5641828], [23.1203301, 40.5666908], [23.1190551, 40.567609], [23.1199429, 40.569454], [23.1189307, 40.5709104], [23.1167041, 40.5716305], [23.102717, 40.5727737], [23.0928005, 40.5718081], [23.0880277, 40.5733505], [23.0766067, 40.570484], [23.0759781, 40.5710044], [23.0773432, 40.5743344], [23.0767963, 40.5762926], [23.080359, 40.5799108], [23.0827568, 40.5837082], [23.0821736, 40.5845952], [23.0791303, 40.5855041], [23.0615214, 40.5872182], [23.0613967, 40.5886478], [23.060291, 40.5899935], [23.059458, 40.5926275], [23.0603365, 40.598286], [23.0627296, 40.5995396], [23.0659407, 40.6026446], [23.0676523, 40.6034266], [23.0685762, 40.6049906], [23.0685761, 40.6085838], [23.0582707, 40.6136468], [23.0520909, 40.6145206], [23.0463352, 40.6134053], [23.0433362, 40.614992], [23.0419578, 40.6151185], [23.0331728, 40.6138308], [23.0123008, 40.6138882], [23.0053687, 40.618426], [22.9963918, 40.6283128], [22.9849333, 40.637113], [22.9819553, 40.6381165], [22.9806331, 40.6396381], [22.9813714, 40.6414914], [22.981013, 40.6450556], [22.9860398, 40.6459106], [22.9898068, 40.6447275], [22.992283, 40.6448782], [22.9954824, 40.6511561], [22.9984741, 40.6524879], [22.999869, 40.6542833], [23.002718, 40.6558994], [23.0037674, 40.6549541], [23.0048418, 40.6555397], [23.0045956, 40.657918], [23.0032078, 40.6592133], [23.0060939, 40.6597222], [23.0073967, 40.658866], [23.0096074, 40.6619701], [23.0078682, 40.6631083], [22.9924878, 40.6662002], [22.9867713, 40.6688437], [22.9826186, 40.671888], [22.9846459, 40.6752751], [22.9848692, 40.6768625], [22.9793217, 40.6830114], [22.9783601, 40.6879396], [22.9772912, 40.6900554], [22.974909, 40.6927555], [22.9743564, 40.6948315]]]}}, {"type": "Feature", "properties": {"id": "thermi", "gr": "Θέρμη", "ru": "Терми", "zone": "east", "district": "Θέρμη", "centre": [40.54712, 23.01967], "sale": 2715, "sale_old": 2225, "sale_renovated": 3205, "sale_new": 3855, "rent": 9.17, "official": false}, "geometry": {"type": "Polygon", "coordinates": [[[22.9224662, 40.4684506], [22.9265141, 40.4675154], [22.9287252, 40.4681575], [22.9307214, 40.4698426], [22.9389345, 40.4699273], [22.9342531, 40.4837216], [22.9341467, 40.4906574], [22.9362375, 40.4918658], [22.937033, 40.4952964], [22.9364556, 40.5013842], [22.9384811, 40.5020741], [22.9356082, 40.513063], [22.9464069, 40.5180886], [22.9467719, 40.5177983], [22.9467954, 40.518286], [22.9480856, 40.5181701], [22.952952, 40.5213139], [22.9553121, 40.5211701], [22.9452521, 40.5226148], [22.9465328, 40.5265732], [22.9591717, 40.5242619], [22.9651052, 40.5285842], [22.9646974, 40.5306441], [22.9700566, 40.5316092], [22.9729663, 40.5340229], [22.9777866, 40.539003], [22.9793046, 40.5413945], [22.9806495, 40.5394086], [22.9911084, 40.5397166], [22.9913421, 40.5443582], [22.9955277, 40.5470252], [22.995514, 40.5562409], [22.9975201, 40.5572313], [22.9945122, 40.5609077], [22.9926322, 40.564729], [22.9928444, 40.5658659], [22.9956424, 40.5674848], [23.0023022, 40.569092], [23.0045015, 40.5703992], [23.0084319, 40.5676851], [23.0142598, 40.565028], [23.0161406, 40.5634119], [23.0235309, 40.5600019], [23.030828, 40.5539987], [23.0335097, 40.5589017], [23.0374479, 40.5618175], [23.0389624, 40.5643309], [23.0387663, 40.5665814], [23.0463342, 40.5734277], [23.0490586, 40.5790265], [23.0501512, 40.5793868], [23.0527178, 40.578444], [23.0536157, 40.5787847], [23.0610269, 40.584728], [23.0615214, 40.5872182], [23.0791303, 40.5855041], [23.0821736, 40.5845952], [23.0827568, 40.5837082], [23.080359, 40.5799108], [23.0767963, 40.5762926], [23.0773432, 40.5743344], [23.0759781, 40.5710044], [23.0766067, 40.570484], [23.0880277, 40.5733505], [23.0928005, 40.5718081], [23.102717, 40.5727737], [23.1167041, 40.5716305], [23.1189307, 40.5709104], [23.1199429, 40.569454], [23.1190551, 40.567609], [23.1203301, 40.5666908], [23.1198539, 40.5641828], [23.1202873, 40.5614744], [23.12364, 40.5589865], [23.1317209, 40.5468857], [23.1383715, 40.5416744], [23.1406375, 40.5351329], [23.1436823, 40.5355159], [23.1481237, 40.5402423], [23.1504322, 40.5475203], [23.1544872, 40.5510545], [23.1554294, 40.5526739], [23.1575479, 40.5583288], [23.1570161, 40.5620275], [23.1601212, 40.5688517], [23.1619295, 40.5716305], [23.1653324, 40.5750334], [23.1727391, 40.5698437], [23.1752298, 40.5689246], [23.1925937, 40.5690833], [23.1937203, 40.5695235], [23.1958758, 40.5740069], [23.198596, 40.5765482], [23.2004105, 40.5739843], [23.204476, 40.5721566], [23.2274448, 40.5673396], [23.2361083, 40.5634154], [23.2357281, 40.5592599], [23.233644, 40.5547327], [23.2373412, 40.5527482], [23.2409677, 40.549655], [23.2471979, 40.5388402], [23.2510851, 40.5353611], [23.2518359, 40.5337714], [23.2513276, 40.5307772], [23.2475189, 40.5277976], [23.2475408, 40.5225726], [23.2441577, 40.5173975], [23.249685, 40.5054968], [23.2477437, 40.5020706], [23.2453511, 40.5034686], [23.2425659, 40.5035946], [23.2360189, 40.5010155], [23.2250118, 40.5007845], [23.2224143, 40.4988392], [23.2195432, 40.4977298], [23.2110323, 40.4981224], [23.2076069, 40.497072], [23.1975106, 40.496624], [23.1875526, 40.4940229], [23.17502, 40.4888982], [23.1799253, 40.4840143], [23.1817883, 40.480532], [23.1804746, 40.4762886], [23.1775538, 40.474349], [23.1722865, 40.4751312], [23.1590759, 40.4808105], [23.1581805, 40.4775878], [23.1594401, 40.4676061], [23.1604359, 40.4654873], [23.1580408, 40.460551], [23.1577539, 40.4523599], [23.1590782, 40.44782], [23.1611186, 40.4442673], [23.1614317, 40.4349364], [23.1633311, 40.4323376], [23.1727606, 40.4277028], [23.1767243, 40.4225599], [23.1686071, 40.4198803], [23.1587651, 40.4183316], [23.1543863, 40.411561], [23.1535483, 40.4081585], [23.1527163, 40.4071975], [23.152386, 40.4044293], [23.1507414, 40.4017505], [23.1478224, 40.3991435], [23.1397868, 40.3948138], [23.1317128, 40.3847625], [23.1236734, 40.3777559], [23.1212845, 40.3705666], [23.1217091, 40.3673536], [23.1208335, 40.3669506], [23.118467, 40.3676713], [23.1140112, 40.3706463], [23.1098309, 40.3762087], [23.1083473, 40.3804586], [23.1081066, 40.3863756], [23.1068328, 40.3876541], [23.100549, 40.3884071], [23.0859209, 40.3854276], [23.0860666, 40.3864918], [23.0896202, 40.3917991], [23.0894867, 40.3942755], [23.0720216, 40.4181634], [23.0700122, 40.4225346], [23.0701673, 40.4233376], [23.0708918, 40.4235236], [23.0747799, 40.4228881], [23.0803391, 40.4230676], [23.0823688, 40.4237774], [23.082496, 40.4246614], [23.0743488, 40.4279477], [23.0644477, 40.4282734], [23.0582147, 40.4312588], [23.0576072, 40.4303349], [23.0606697, 40.4241708], [23.0614614, 40.4191322], [23.0590159, 40.4173376], [23.0518228, 40.4159545], [23.0514516, 40.4118344], [23.0493487, 40.4074208], [23.0490912, 40.4017521], [23.0479856, 40.3982565], [23.0379929, 40.3949517], [23.0307837, 40.3943389], [23.0286829, 40.3912222], [23.0282187, 40.3799931], [23.0264285, 40.3743926], [23.0199842, 40.376266], [23.011592, 40.3773117], [23.007249, 40.3769862], [23.0038442, 40.3802902], [22.9998773, 40.3811209], [23.0045536, 40.3846116], [23.0084734, 40.3861948], [23.0140188, 40.385963], [23.0145088, 40.3956698], [23.0173172, 40.3994414], [23.018228, 40.4027013], [23.0165494, 40.4118671], [23.0136337, 40.4205809], [23.0126567, 40.427185], [23.0085449, 40.4284561], [23.0086982, 40.4353762], [23.0063307, 40.4367253], [23.006612, 40.4446194], [23.0053826, 40.4452305], [23.0045407, 40.4474664], [23.003519, 40.447809], [22.998603, 40.4443161], [22.9957376, 40.4405075], [22.9929653, 40.4403573], [22.9981574, 40.4320602], [22.9987159, 40.4290561], [22.9931812, 40.4199541], [22.990477, 40.4141469], [22.9858215, 40.4072233], [22.9915346, 40.4033815], [22.9802812, 40.4012378], [22.9656245, 40.4004409], [22.9648636, 40.4011909], [22.972151, 40.4190033], [22.9710207, 40.4193807], [22.959886, 40.4173351], [22.9576348, 40.4179545], [22.9570325, 40.4196247], [22.958413, 40.4241235], [22.9573094, 40.4249784], [22.9535348, 40.4253677], [22.9524028, 40.4262944], [22.9501239, 40.4350123], [22.9505859, 40.4377642], [22.9536639, 40.4388551], [22.9540415, 40.4395252], [22.9526948, 40.4459813], [22.9493632, 40.4495816], [22.9481732, 40.4488321], [22.9461294, 40.4499666], [22.9442614, 40.4486253], [22.941432, 40.4495633], [22.9391035, 40.4484069], [22.938951, 40.4511892], [22.9378984, 40.4528822], [22.9283021, 40.4581808], [22.9288216, 40.4596991], [22.9238511, 40.4638781], [22.9224662, 40.4684506]], [[22.9563158, 40.5095348], [22.9594284, 40.5047883], [22.9647452, 40.5068089], [22.9676737, 40.5071684], [22.965672, 40.5098622], [22.9563158, 40.5095348]]]}}, {"type": "Feature", "properties": {"id": "sykies", "gr": "Συκιές", "ru": "Сикиес", "zone": "north", "district": "Νεάπολη-Συκιές", "centre": [40.65179, 22.96333], "sale": 1500, "sale_old": 1230, "sale_renovated": 1770, "sale_new": 2130, "rent": 6.8, "official": false}, "geometry": {"type": "Polygon", "coordinates": [[[22.9391675, 40.6481516], [22.9407833, 40.6491176], [22.9426224, 40.6492856], [22.9434867, 40.6501271], [22.9477513, 40.6506822], [22.9473381, 40.6511863], [22.9497936, 40.6535387], [22.9519457, 40.654467], [22.9601976, 40.6548977], [22.9623483, 40.6564813], [22.9666169, 40.6580991], [22.9682715, 40.6595142], [22.9709463, 40.658608], [22.9739664, 40.6583722], [22.9784195, 40.6523856], [22.9803054, 40.6484232], [22.981013, 40.6450556], [22.9808596, 40.6440363], [22.97694, 40.6456319], [22.972509, 40.6455586], [22.9634401, 40.6435564], [22.9625082, 40.6445708], [22.9614351, 40.6447817], [22.9557665, 40.6442391], [22.954691, 40.6428805], [22.9531339, 40.6434808], [22.9513036, 40.645115], [22.9494178, 40.6437703], [22.9456022, 40.6451263], [22.9433264, 40.6441112], [22.9441958, 40.6457032], [22.9411035, 40.6461355], [22.9408282, 40.6471126], [22.9391675, 40.6481516]]]}}, {"type": "Feature", "properties": {"id": "neapoli", "gr": "Νεάπολη", "ru": "Неаполи", "zone": "north", "district": "Νεάπολη-Συκιές", "centre": [40.65241, 22.9418], "sale": 1507, "sale_old": 1240, "sale_renovated": 1780, "sale_new": 2140, "rent": 7.45, "official": false}, "geometry": {"type": "Polygon", "coordinates": [[[22.9345673, 40.6568327], [22.9391321, 40.6569193], [22.9415307, 40.6580998], [22.9406665, 40.6565521], [22.9416991, 40.6554266], [22.9422331, 40.6576681], [22.9452479, 40.6577868], [22.9487926, 40.6570208], [22.9493267, 40.6581808], [22.9522919, 40.6565166], [22.9524798, 40.6556707], [22.951976, 40.6544741], [22.9499119, 40.6536335], [22.9473381, 40.6511863], [22.9477513, 40.6506822], [22.9434867, 40.6501271], [22.9426224, 40.6492856], [22.9407833, 40.6491176], [22.9391675, 40.6481516], [22.9380944, 40.6489352], [22.9367516, 40.6480008], [22.9353752, 40.6479172], [22.9345673, 40.6568327]]]}}, {"type": "Feature", "properties": {"id": "pefka", "gr": "Πεύκα", "ru": "Певка", "zone": "north", "district": "Νεάπολη-Συκιές", "centre": [40.65874, 22.98714], "sale": 1800, "sale_old": 1480, "sale_renovated": 2120, "sale_new": 2560, "rent": 5.4, "official": false}, "geometry": {"type": "Polygon", "coordinates": [[[22.9677774, 40.6629462], [22.9723003, 40.6614814], [22.9734786, 40.6622991], [22.9751053, 40.6668129], [22.978817, 40.6706474], [22.9814347, 40.6725442], [22.9867713, 40.6688437], [22.9924878, 40.6662002], [23.0078682, 40.6631083], [23.0096074, 40.6619701], [23.0073967, 40.658866], [23.0060939, 40.6597222], [23.0032078, 40.6592133], [23.0045956, 40.657918], [23.0048418, 40.6555397], [23.0037674, 40.6549541], [23.002718, 40.6558994], [22.999869, 40.6542833], [22.9984741, 40.6524879], [22.9954824, 40.6511561], [22.992283, 40.6448782], [22.9898068, 40.6447275], [22.9860398, 40.6459106], [22.981013, 40.6450556], [22.9803054, 40.6484232], [22.9784195, 40.6523856], [22.976299, 40.6552697], [22.9739664, 40.6583722], [22.9709463, 40.658608], [22.9682715, 40.6595142], [22.9688251, 40.6615192], [22.9677774, 40.6629462]]]}}, {"type": "Feature", "properties": {"id": "stavroupoli", "gr": "Σταυρούπολη", "ru": "Ставруполи", "zone": "north", "district": "Παύλος Μελάς", "centre": [40.67138, 22.93183], "sale": 1450, "sale_old": 1190, "sale_renovated": 1710, "sale_new": 2060, "rent": 6.5, "official": false}, "geometry": {"type": "Polygon", "coordinates": [[[22.9195995, 40.6611276], [22.9268928, 40.6619697], [22.9279875, 40.6626094], [22.9298302, 40.6653808], [22.9259073, 40.6663397], [22.9255562, 40.6704745], [22.9249086, 40.6723106], [22.923773, 40.6722244], [22.9232659, 40.6743186], [22.9232879, 40.6772235], [22.9312567, 40.6771169], [22.9313216, 40.6811163], [22.9298965, 40.683496], [22.9298938, 40.6861468], [22.9310686, 40.6853613], [22.9340282, 40.6858243], [22.9367993, 40.6808863], [22.9368279, 40.6793006], [22.9387798, 40.6791039], [22.9383718, 40.6704583], [22.9393504, 40.670542], [22.9438515, 40.6674074], [22.9423867, 40.6633327], [22.9404857, 40.6635671], [22.940496, 40.662846], [22.9425135, 40.66254], [22.941126, 40.658513], [22.9415307, 40.6580998], [22.9390263, 40.6569024], [22.9309153, 40.6565517], [22.9258618, 40.6578295], [22.9222467, 40.6602288], [22.9195995, 40.6611276]]]}}, {"type": "Feature", "properties": {"id": "polichni", "gr": "Πολίχνη", "ru": "Полихни", "zone": "north", "district": "Παύλος Μελάς", "centre": [40.67059, 22.95859], "sale": 1500, "sale_old": 1230, "sale_renovated": 1770, "sale_new": 2130, "rent": 6.7, "official": false}, "geometry": {"type": "Polygon", "coordinates": [[[22.9340282, 40.6858243], [22.9392347, 40.6867519], [22.9420493, 40.6861307], [22.9391179, 40.6799045], [22.9400149, 40.6793512], [22.9392819, 40.6784067], [22.9401136, 40.6776569], [22.9431919, 40.6780254], [22.9433804, 40.6786363], [22.9441134, 40.6784984], [22.9445954, 40.6795981], [22.9584848, 40.6777745], [22.9724208, 40.6767236], [22.9814347, 40.6725442], [22.978817, 40.6706474], [22.9751053, 40.6668129], [22.9734786, 40.6622991], [22.9723003, 40.6614814], [22.9679951, 40.6631363], [22.9688251, 40.6615192], [22.9682513, 40.6594591], [22.9666169, 40.6580991], [22.9623483, 40.6564813], [22.9603632, 40.654965], [22.951976, 40.6544741], [22.9523998, 40.6564031], [22.9493267, 40.6581808], [22.9487926, 40.6570208], [22.9452479, 40.6577868], [22.9422331, 40.6576681], [22.9416991, 40.6554266], [22.9406665, 40.6565521], [22.9415307, 40.6580998], [22.941126, 40.658513], [22.9425135, 40.66254], [22.940496, 40.662846], [22.9404857, 40.6635671], [22.9423867, 40.6633327], [22.9438515, 40.6674074], [22.9393504, 40.670542], [22.9383718, 40.6704583], [22.9388101, 40.6719852], [22.9387798, 40.6791039], [22.9368279, 40.6793006], [22.9367993, 40.6808863], [22.9340282, 40.6858243]]]}}, {"type": "Feature", "properties": {"id": "efkarpia", "gr": "Ευκαρπία", "ru": "Эвкарпия", "zone": "north", "district": "Παύλος Μελάς", "centre": [40.69314, 22.9546], "sale": 1550, "sale_old": 1270, "sale_renovated": 1830, "sale_new": 2200, "rent": 6.2, "official": false}, "geometry": {"type": "Polygon", "coordinates": [[[22.9273391, 40.6901696], [22.9276784, 40.6910146], [22.9347548, 40.692152], [22.9315485, 40.6974729], [22.9300672, 40.7021442], [22.9395717, 40.7004926], [22.9386972, 40.7033763], [22.9391593, 40.7043171], [22.9387628, 40.7055087], [22.9404612, 40.7070979], [22.9390053, 40.7130591], [22.9395333, 40.7153563], [22.9439685, 40.7137764], [22.9468138, 40.7120654], [22.9496076, 40.7121125], [22.9502556, 40.7132868], [22.9515666, 40.7129158], [22.9514357, 40.7114408], [22.9604351, 40.7075574], [22.9631269, 40.7078655], [22.9691126, 40.7127721], [22.9710663, 40.7128387], [22.9761078, 40.7090238], [22.9753256, 40.7072906], [22.9775828, 40.7041208], [22.9778033, 40.7020869], [22.975753, 40.6993031], [22.9743931, 40.6955255], [22.9744099, 40.6941204], [22.9783601, 40.6879396], [22.9793217, 40.6830114], [22.9844697, 40.6775256], [22.9846459, 40.6752751], [22.9826186, 40.671888], [22.9724208, 40.6767236], [22.9584848, 40.6777745], [22.9445954, 40.6795981], [22.9441134, 40.6784984], [22.9433804, 40.6786363], [22.9431919, 40.6780254], [22.9401136, 40.6776569], [22.9392819, 40.6784067], [22.9400149, 40.6793512], [22.9391179, 40.6799045], [22.9420493, 40.6861307], [22.9392347, 40.6867519], [22.9310686, 40.6853613], [22.9289767, 40.6865883], [22.9273391, 40.6901696]]]}}, {"type": "Feature", "properties": {"id": "oraiokastro", "gr": "Ωραιόκαστρο", "ru": "Орэокастро", "zone": "north", "district": "Ωραιόκαστρο", "centre": [40.71771, 22.91093], "sale": 2000, "sale_old": 1640, "sale_renovated": 2360, "sale_new": 2840, "rent": 6.3, "official": false}, "geometry": {"type": "Polygon", "coordinates": [[[22.8812337, 40.702693], [22.8863106, 40.7052925], [22.8873745, 40.7075447], [22.8844706, 40.7148206], [22.88613, 40.7200683], [22.8882614, 40.7324595], [22.8922239, 40.7378359], [22.9039828, 40.748945], [22.9107205, 40.7479046], [22.9128519, 40.7459755], [22.9157273, 40.7410333], [22.9200617, 40.7399712], [22.9258982, 40.7357548], [22.9298035, 40.7294134], [22.9315058, 40.7215537], [22.9395333, 40.7153563], [22.9390053, 40.7130591], [22.9404612, 40.7070979], [22.9387628, 40.7055087], [22.9391593, 40.7043171], [22.9386972, 40.7033763], [22.9395717, 40.7004926], [22.9300672, 40.7021442], [22.9315485, 40.6974729], [22.9347548, 40.692152], [22.9276784, 40.6910146], [22.9273604, 40.6900148], [22.9041841, 40.6910615], [22.9004992, 40.6924653], [22.8955298, 40.6962123], [22.8908236, 40.6973022], [22.8812337, 40.702693]]]}}, {"type": "Feature", "properties": {"id": "kallithea", "gr": "Καλλιθέα", "ru": "Каллифея (Орэокастро)", "zone": "north", "district": "Ωραιόκαστρο", "centre": [40.75539, 22.84814], "sale": 1200, "sale_old": 980, "sale_renovated": 1420, "sale_new": 1700, "rent": 5.2, "official": false}, "geometry": {"type": "MultiPolygon", "coordinates": [[[[22.788907, 40.7628493], [22.7950533, 40.7642378], [22.7981678, 40.763991], [22.802769, 40.7623723], [22.8056319, 40.7647171], [22.8131563, 40.7662001], [22.8141752, 40.767805], [22.809617, 40.7804146], [22.8114347, 40.7829647], [22.8148356, 40.7835672], [22.811631, 40.7893625], [22.811516, 40.7912171], [22.8128743, 40.7940236], [22.8158194, 40.797504], [22.8182365, 40.8030598], [22.8114701, 40.8109445], [22.805336, 40.8197903], [22.8032868, 40.8217058], [22.8033522, 40.8228955], [22.8163216, 40.8230924], [22.8208553, 40.8223911], [22.8311014, 40.8191894], [22.8377622, 40.8160408], [22.8450281, 40.8116097], [22.8541594, 40.8083046], [22.8559379, 40.8087276], [22.8589316, 40.810649], [22.8605944, 40.8135931], [22.8645925, 40.8169926], [22.8647932, 40.8180215], [22.8619614, 40.8212996], [22.861807, 40.8225772], [22.8710215, 40.8204337], [22.8767361, 40.821039], [22.8898508, 40.8203372], [22.8913868, 40.8206042], [22.8949606, 40.8229626], [22.8969618, 40.823225], [22.9031204, 40.8205903], [22.9101774, 40.8208553], [22.9206212, 40.8070139], [22.9207499, 40.8052814], [22.9178317, 40.8042852], [22.9150851, 40.8043285], [22.9108079, 40.8057254], [22.91025, 40.8046209], [22.9105933, 40.8018055], [22.9074176, 40.7952106], [22.9078181, 40.7917775], [22.9035695, 40.7868387], [22.9015239, 40.7854415], [22.8958018, 40.7777942], [22.8932984, 40.7756384], [22.8895362, 40.773786], [22.8869326, 40.7735693], [22.8830273, 40.7749451], [22.8811677, 40.7742843], [22.8811105, 40.771316], [22.8822978, 40.7695501], [22.8881629, 40.766354], [22.8895362, 40.7648914], [22.8918393, 40.764913], [22.8943284, 40.7640029], [22.9047282, 40.7525171], [22.9050429, 40.7510649], [22.904852, 40.7488904], [22.9032103, 40.7487282], [22.8922239, 40.7378359], [22.8877608, 40.7313105], [22.8866593, 40.722692], [22.8844706, 40.7148206], [22.8873745, 40.7075447], [22.886788, 40.7060049], [22.8846843, 40.7042278], [22.8812337, 40.702693], [22.8708803, 40.7078649], [22.8674135, 40.7091641], [22.8654396, 40.7090457], [22.8619255, 40.7058131], [22.8619098, 40.7013898], [22.8624971, 40.7003957], [22.8644119, 40.7004236], [22.8618037, 40.6960198], [22.8621866, 40.6940091], [22.8570523, 40.6920794], [22.8531346, 40.6908887], [22.8512202, 40.691129], [22.8506499, 40.6948193], [22.8476066, 40.6958789], [22.8472745, 40.6974431], [22.8380203, 40.6990529], [22.8364372, 40.7052617], [22.8298137, 40.7039867], [22.8287588, 40.7042823], [22.8279283, 40.7081024], [22.8247005, 40.7139971], [22.8246012, 40.7171139], [22.8285196, 40.7205769], [22.8306143, 40.723679], [22.8312023, 40.7249281], [22.8310514, 40.7274579], [22.8281255, 40.7277345], [22.8224418, 40.7265686], [22.8187469, 40.7276029], [22.8167714, 40.7292222], [22.8150526, 40.728655], [22.8091006, 40.7346023], [22.7997641, 40.7489549], [22.7960227, 40.7520057], [22.7925728, 40.7582574], [22.788907, 40.7628493]]], [[[22.7902979, 40.6961168], [22.7905887, 40.6997342], [22.7918251, 40.7025256], [22.7932313, 40.7037435], [22.80634, 40.7046391], [22.8072417, 40.7023661], [22.8090956, 40.7018113], [22.8086403, 40.7009422], [22.8100876, 40.6992532], [22.8128927, 40.6997401], [22.8131723, 40.7009202], [22.8188383, 40.6966947], [22.8188037, 40.6959914], [22.819454, 40.6964797], [22.8235432, 40.6954931], [22.8230129, 40.6942083], [22.8249674, 40.6937329], [22.8240535, 40.6877196], [22.8202401, 40.6821704], [22.8177195, 40.6828116], [22.8172804, 40.6816093], [22.8078639, 40.6834977], [22.8081566, 40.6844349], [22.8099454, 40.6843732], [22.8103682, 40.6854214], [22.8124498, 40.6849651], [22.8129864, 40.6865065], [22.8102869, 40.6870491], [22.8106012, 40.6879246], [22.8069573, 40.6887912], [22.8070956, 40.6892976], [22.8050696, 40.6896436], [22.8047987, 40.6887795], [22.8034444, 40.6890557], [22.8032763, 40.6882625], [22.8004707, 40.6887291], [22.8018251, 40.6922137], [22.7929504, 40.6940961], [22.7935093, 40.6956479], [22.7902979, 40.6961168]]]]}}, {"type": "Feature", "properties": {"id": "mygdonia", "gr": "Μυγδονία", "ru": "Мигдония (Дримос, Лити)", "zone": "north", "district": "Λαγκαδάς", "centre": [40.76562, 22.9552], "sale": 1000, "sale_old": 820, "sale_renovated": 1180, "sale_new": 1420, "rent": 4, "official": false}, "geometry": {"type": "Polygon", "coordinates": [[[22.8809388, 40.7723127], [22.8811677, 40.7742843], [22.8817971, 40.7748693], [22.8869326, 40.7735693], [22.8895362, 40.773786], [22.8932984, 40.7756384], [22.8958018, 40.7777942], [22.8981622, 40.7815638], [22.9078181, 40.7917775], [22.9074176, 40.7952106], [22.9105933, 40.8018055], [22.91025, 40.8046209], [22.9108079, 40.8057254], [22.9168876, 40.8041878], [22.9192336, 40.8045776], [22.9209931, 40.8056496], [22.9206212, 40.8070139], [22.9101774, 40.8208553], [22.9142221, 40.8197674], [22.921022, 40.8148317], [22.9272606, 40.8168356], [22.9369559, 40.8133671], [22.9391978, 40.813676], [22.9399454, 40.8143045], [22.9397948, 40.8149967], [22.9331877, 40.8212325], [22.9325976, 40.8231368], [22.9339794, 40.8239243], [22.9411653, 40.8231347], [22.9653548, 40.823138], [22.9764586, 40.821021], [22.9833535, 40.8206676], [22.9940764, 40.8213831], [22.9992462, 40.8199778], [23.0007171, 40.821621], [23.0032697, 40.822598], [23.0052404, 40.806328], [23.007053, 40.8025872], [23.0122663, 40.7966234], [23.009724, 40.7930884], [23.0080986, 40.7918493], [23.0149099, 40.7878629], [23.0193434, 40.7866755], [23.027848, 40.7830631], [23.0289183, 40.7815743], [23.0277711, 40.7778466], [23.0201351, 40.7628192], [23.0180623, 40.7568921], [23.0171035, 40.7507312], [23.0185805, 40.7411679], [23.0110002, 40.739806], [23.0061277, 40.7371967], [22.9983141, 40.7346339], [22.9933615, 40.7324378], [22.988696, 40.7285775], [22.9801444, 40.7252862], [22.9766461, 40.7223906], [22.9720244, 40.7137081], [22.9710663, 40.7128387], [22.9691126, 40.7127721], [22.9663091, 40.7100818], [22.9620598, 40.7075226], [22.9597109, 40.7077298], [22.9514357, 40.7114408], [22.9515666, 40.7129158], [22.9502556, 40.7132868], [22.9496076, 40.7121125], [22.9459544, 40.712324], [22.9439685, 40.7137764], [22.9395333, 40.7153563], [22.9341379, 40.7190926], [22.9315058, 40.7215537], [22.9298035, 40.7294134], [22.9258982, 40.7357548], [22.9200617, 40.7399712], [22.9157273, 40.7410333], [22.9128519, 40.7459755], [22.9107205, 40.7479046], [22.904852, 40.7488904], [22.9047282, 40.7525171], [22.8966887, 40.7619768], [22.8935845, 40.7643605], [22.8895362, 40.7648914], [22.8881629, 40.766354], [22.8822978, 40.7695501], [22.8809388, 40.7723127]]]}}, {"type": "Feature", "properties": {"id": "lagkadas", "gr": "Λαγκαδάς", "ru": "Лангадас", "zone": "north", "district": "Λαγκαδάς", "centre": [40.74675, 23.15231], "sale": 1500, "sale_old": 1230, "sale_renovated": 1770, "sale_new": 2130, "rent": 5, "official": false}, "geometry": {"type": "Polygon", "coordinates": [[[22.9536032, 40.8493269], [22.95586, 40.8524732], [22.9577912, 40.8536077], [22.9597567, 40.8535444], [22.9631449, 40.8519534], [22.9661046, 40.8527367], [22.9742186, 40.8607904], [22.9762863, 40.8669163], [22.9803622, 40.8700152], [22.9872127, 40.8715709], [22.9956245, 40.8700545], [23.0017104, 40.8707154], [23.0027641, 40.871274], [23.003977, 40.8734104], [23.0070656, 40.8752657], [23.0125226, 40.8767809], [23.0128128, 40.8780895], [23.0106265, 40.8814489], [23.0109572, 40.8854693], [23.0159848, 40.8912505], [23.0159547, 40.8918538], [23.0137578, 40.8930332], [23.0158687, 40.9018882], [23.0151022, 40.9025122], [23.0128204, 40.9021864], [23.0112733, 40.9041009], [23.0137824, 40.9050412], [23.0164185, 40.9079733], [23.0169341, 40.9098154], [23.0109376, 40.91961], [23.0109629, 40.9252583], [23.0131585, 40.9297541], [23.0106434, 40.9338402], [23.0075199, 40.9371554], [23.0081528, 40.9382778], [23.02071, 40.9386014], [23.0273206, 40.9436388], [23.0304144, 40.9449981], [23.0408123, 40.943914], [23.0428488, 40.9456965], [23.053694, 40.9472904], [23.0567867, 40.9485408], [23.0583579, 40.9504273], [23.0664871, 40.9523581], [23.072639, 40.9519663], [23.0824636, 40.9547204], [23.0861965, 40.9573263], [23.0871156, 40.9590181], [23.0864517, 40.9686335], [23.0918245, 40.9692614], [23.0922901, 40.9664275], [23.0975739, 40.9573258], [23.1104663, 40.9482288], [23.1123894, 40.9474599], [23.1216477, 40.9476659], [23.1243153, 40.946371], [23.1244071, 40.9493984], [23.12555, 40.9531094], [23.1284971, 40.9550505], [23.1316547, 40.9553626], [23.1400902, 40.9541376], [23.1511892, 40.9538595], [23.1570574, 40.9546142], [23.1597081, 40.9555884], [23.1609833, 40.9564895], [23.1621049, 40.9588488], [23.1726491, 40.9649964], [23.1736542, 40.9701652], [23.1752822, 40.9738792], [23.1774698, 40.9776512], [23.1823159, 40.9837031], [23.1862276, 40.9850009], [23.1913433, 40.985154], [23.1971678, 40.9863748], [23.2091864, 40.9906196], [23.2215764, 40.9935595], [23.2244178, 40.9953082], [23.2277838, 40.9985376], [23.2373309, 41.0007451], [23.2387223, 41.0021415], [23.2392032, 41.0048111], [23.2403738, 41.0060349], [23.2432184, 41.0024684], [23.2470974, 41.0006021], [23.2509359, 40.9999966], [23.2536425, 40.9988341], [23.2572649, 40.9951552], [23.2589898, 40.9824198], [23.2607848, 40.9754951], [23.2612443, 40.9690302], [23.269229, 40.961253], [23.2748017, 40.9519378], [23.2778825, 40.9492231], [23.2763311, 40.9465876], [23.2762001, 40.9445419], [23.2820722, 40.9463352], [23.2895154, 40.9508673], [23.2972015, 40.9523467], [23.3007377, 40.9497108], [23.3032072, 40.9503383], [23.3042721, 40.9498403], [23.3084827, 40.9463344], [23.3117802, 40.9482008], [23.3141181, 40.948458], [23.3220013, 40.9468381], [23.3226911, 40.9462927], [23.3238539, 40.9422548], [23.3221548, 40.9396685], [23.324886, 40.9381667], [23.3264872, 40.9385183], [23.3278679, 40.9404451], [23.3319994, 40.943613], [23.3333104, 40.9434945], [23.3339064, 40.9415882], [23.3305428, 40.9364205], [23.3318282, 40.9335634], [23.3356663, 40.9302345], [23.3357633, 40.9282532], [23.334227, 40.9239385], [23.3343775, 40.9205523], [23.3408294, 40.9182742], [23.3446329, 40.9190346], [23.3548439, 40.9137503], [23.3568615, 40.9119058], [23.3580325, 40.8974181], [23.3608808, 40.8938126], [23.3605506, 40.8890049], [23.3617267, 40.8843811], [23.3609693, 40.8753551], [23.3613549, 40.8723935], [23.3638425, 40.868876], [23.3635124, 40.8660636], [23.3640846, 40.8642021], [23.3674657, 40.860248], [23.3680947, 40.8575039], [23.3769668, 40.8532372], [23.3868316, 40.8542539], [23.3896825, 40.8519269], [23.4028047, 40.8584275], [23.4188207, 40.8589057], [23.4206466, 40.8575186], [23.4229031, 40.8568813], [23.4242323, 40.8571041], [23.4274143, 40.8594621], [23.4320295, 40.8601876], [23.4353887, 40.8629606], [23.445959, 40.8612012], [23.4465495, 40.8598438], [23.4462477, 40.8585902], [23.4425182, 40.8556985], [23.4388501, 40.8496091], [23.4396189, 40.8473248], [23.4421309, 40.8451119], [23.443972, 40.8424273], [23.4441684, 40.8392393], [23.4435817, 40.8373266], [23.4402629, 40.833401], [23.4388821, 40.8304755], [23.4399939, 40.8295531], [23.4438986, 40.8285], [23.4386331, 40.8189076], [23.4314405, 40.8155302], [23.4330119, 40.8109257], [23.4327777, 40.8069698], [23.4340041, 40.8052102], [23.4432207, 40.798814], [23.4568168, 40.7936719], [23.4503625, 40.7863265], [23.4402022, 40.7720533], [23.4340698, 40.7647896], [23.4322203, 40.7670236], [23.4298946, 40.7685436], [23.4252873, 40.7693946], [23.4227282, 40.768553], [23.4209509, 40.7670577], [23.4200276, 40.7634137], [23.4220361, 40.7536766], [23.4236953, 40.7513697], [23.4266366, 40.7490601], [23.4275247, 40.747416], [23.4248039, 40.7368085], [23.4252522, 40.7330541], [23.4263402, 40.7304831], [23.4314545, 40.7299589], [23.4421888, 40.7312544], [23.4397376, 40.7294319], [23.4143893, 40.7232973], [23.4094186, 40.717921], [23.3995903, 40.7021053], [23.3987496, 40.6984344], [23.3988281, 40.6952548], [23.3997339, 40.6922957], [23.4056812, 40.6822999], [23.405878, 40.6802469], [23.3897909, 40.6855862], [23.3863974, 40.6870456], [23.3817573, 40.690237], [23.3814463, 40.6926316], [23.3825267, 40.6963939], [23.388548, 40.7060471], [23.3889048, 40.7129856], [23.3868149, 40.7162536], [23.3845537, 40.7168812], [23.379095, 40.7155457], [23.3767704, 40.7157494], [23.37399, 40.7210764], [23.3595228, 40.7291858], [23.3551127, 40.7297018], [23.348909, 40.7291715], [23.320634, 40.7216396], [23.319946, 40.7224463], [23.315335, 40.7240946], [23.3055036, 40.7264862], [23.2997903, 40.7295056], [23.2988551, 40.7311664], [23.2974052, 40.7386257], [23.2966061, 40.7492688], [23.3121343, 40.7598663], [23.3241141, 40.7651349], [23.3221845, 40.76661], [23.3169724, 40.7690206], [23.3016073, 40.7701267], [23.2960991, 40.7672646], [23.2876668, 40.7661048], [23.2829584, 40.7667693], [23.2822424, 40.7585402], [23.282868, 40.7537876], [23.2872898, 40.7460767], [23.2882247, 40.7421278], [23.2867892, 40.7386056], [23.2843753, 40.736843], [23.2829204, 40.734681], [23.2807542, 40.734136], [23.2813528, 40.7314732], [23.2780132, 40.7303803], [23.277428, 40.7282056], [23.2740458, 40.7251666], [23.2721677, 40.7249476], [23.2691368, 40.7275138], [23.25935, 40.7325322], [23.2569059, 40.7358046], [23.2504075, 40.740447], [23.2455937, 40.742911], [23.24208, 40.7435906], [23.2329178, 40.7420978], [23.2304579, 40.7398203], [23.2264177, 40.738415], [23.224058, 40.7330571], [23.2227625, 40.7271568], [23.2249317, 40.7225681], [23.2245853, 40.72171], [23.2143444, 40.7167913], [23.2095055, 40.718788], [23.1976879, 40.7106079], [23.1959229, 40.7083615], [23.194298, 40.7075124], [23.1920819, 40.7078302], [23.1897979, 40.7096069], [23.1878372, 40.7099354], [23.1849636, 40.6819077], [23.2084809, 40.6790444], [23.2056519, 40.6691516], [23.2190696, 40.6650902], [23.2206179, 40.6629656], [23.2226207, 40.661772], [23.2375849, 40.6576648], [23.2419675, 40.6562072], [23.2469375, 40.6535101], [23.2495332, 40.6529415], [23.2501346, 40.6499365], [23.2542746, 40.6438374], [23.258092, 40.636493], [23.25729, 40.6352356], [23.2550339, 40.63405], [23.2605121, 40.6278602], [23.2618287, 40.6252291], [23.2671682, 40.6184255], [23.2777202, 40.6210054], [23.2864417, 40.6246811], [23.2967531, 40.6097539], [23.2998881, 40.6079532], [23.3054569, 40.607104], [23.306619, 40.6061741], [23.3084831, 40.6026358], [23.3121091, 40.6026395], [23.318157, 40.6060175], [23.321991, 40.6058509], [23.3254154, 40.604898], [23.3319476, 40.6087377], [23.3358078, 40.6079492], [23.3391408, 40.6088511], [23.3447124, 40.6123963], [23.3544381, 40.610379], [23.3609289, 40.6125142], [23.3642838, 40.6103796], [23.3663665, 40.6102649], [23.3710028, 40.6129028], [23.3739038, 40.6121528], [23.3773535, 40.6125048], [23.3813107, 40.6148593], [23.3898131, 40.6131478], [23.3927554, 40.6119832], [23.3983481, 40.6068054], [23.400384, 40.6030594], [23.3996996, 40.6018667], [23.3975616, 40.6005673], [23.3902879, 40.5982229], [23.4001918, 40.5907254], [23.4061634, 40.5899995], [23.4089525, 40.587041], [23.40489, 40.5847589], [23.405042, 40.5831922], [23.4073827, 40.5801322], [23.4080537, 40.574379], [23.4026812, 40.5660633], [23.4048811, 40.5623], [23.4058657, 40.5547287], [23.4049548, 40.5533096], [23.3996335, 40.5489849], [23.3968904, 40.5450247], [23.3908721, 40.5413896], [23.3955631, 40.5379008], [23.3926012, 40.5350656], [23.3866043, 40.5338717], [23.381195, 40.5350771], [23.3775444, 40.5390034], [23.3743999, 40.5389864], [23.3696992, 40.5369609], [23.3672281, 40.5349114], [23.3658029, 40.5329036], [23.3652266, 40.5296843], [23.3602136, 40.5280531], [23.359381, 40.5286971], [23.3591746, 40.5310382], [23.3602147, 40.5358908], [23.3598485, 40.5407174], [23.3580901, 40.5418428], [23.3505306, 40.5438726], [23.3459509, 40.544135], [23.3394622, 40.5392784], [23.3355767, 40.538139], [23.3275998, 40.5384442], [23.3200346, 40.5396702], [23.3168436, 40.5393541], [23.3124323, 40.5378595], [23.3089127, 40.5356313], [23.3111581, 40.5334646], [23.3123913, 40.5300666], [23.3107867, 40.5273274], [23.3105164, 40.5230286], [23.3117889, 40.5209642], [23.3150081, 40.5191455], [23.3157031, 40.5179784], [23.3097688, 40.5124658], [23.3103181, 40.5076043], [23.3149586, 40.503704], [23.3162101, 40.4986485], [23.3145572, 40.4965081], [23.3075855, 40.4912008], [23.3052473, 40.4870517], [23.3031068, 40.4861289], [23.2956681, 40.4865253], [23.2897093, 40.4888942], [23.2842369, 40.4877884], [23.2801624, 40.4878982], [23.2710549, 40.4923185], [23.2605989, 40.4963241], [23.2537909, 40.500983], [23.2477437, 40.5020706], [23.249685, 40.5054968], [23.2441577, 40.5173975], [23.2475408, 40.5225726], [23.2475189, 40.5277976], [23.2513276, 40.5307772], [23.2518359, 40.5337714], [23.2510851, 40.5353611], [23.2471979, 40.5388402], [23.2409677, 40.549655], [23.2373412, 40.5527482], [23.233644, 40.5547327], [23.2357281, 40.5592599], [23.2361083, 40.5634154], [23.2274448, 40.5673396], [23.204476, 40.5721566], [23.2004105, 40.5739843], [23.198596, 40.5765482], [23.1958758, 40.5740069], [23.1934394, 40.5692153], [23.1745449, 40.5691088], [23.1654259, 40.5749981], [23.1468896, 40.5826732], [23.143747, 40.5855958], [23.1420441, 40.5884749], [23.1403116, 40.5896152], [23.1398081, 40.5907195], [23.1426654, 40.5934073], [23.1427551, 40.5947052], [23.1418121, 40.5961622], [23.1431535, 40.5991542], [23.1411082, 40.6037991], [23.140043, 40.6049052], [23.1411068, 40.6061429], [23.1443722, 40.6075815], [23.1546703, 40.6103599], [23.1573135, 40.6120549], [23.1601546, 40.6168321], [23.1604529, 40.6197981], [23.164849, 40.624046], [23.1628487, 40.6268783], [23.1620407, 40.6342955], [23.1612404, 40.6363527], [23.1557556, 40.6359794], [23.1481999, 40.6387166], [23.1447453, 40.6383667], [23.139033, 40.6400719], [23.136142, 40.6399512], [23.1334164, 40.6411019], [23.1234152, 40.6431615], [23.1082703, 40.6482345], [23.1020459, 40.6417451], [23.091038, 40.6481091], [23.0680435, 40.6572857], [23.0657131, 40.6590686], [23.0626579, 40.6630256], [23.0599272, 40.6645618], [23.0556475, 40.6615811], [23.0531733, 40.662705], [23.0508401, 40.660803], [23.0461468, 40.6620976], [23.0440669, 40.6619453], [23.0349866, 40.654699], [23.0272234, 40.6558031], [23.0252303, 40.6583826], [23.0257319, 40.6613056], [23.0228828, 40.6648218], [23.0254911, 40.668168], [23.0259753, 40.6728565], [23.0247793, 40.6826657], [23.021931, 40.6866503], [23.0213217, 40.689618], [23.0219848, 40.6919478], [23.0244233, 40.6961213], [23.0172516, 40.6999431], [23.0085452, 40.7005353], [23.0012279, 40.6998957], [23.0003766, 40.7023836], [22.9993943, 40.7033841], [22.9969326, 40.7042315], [22.9939968, 40.7072288], [22.9904971, 40.7070902], [22.9862265, 40.708395], [22.9805854, 40.7080931], [22.9761078, 40.7090238], [22.9710663, 40.7128387], [22.9766461, 40.7223906], [22.9801444, 40.7252862], [22.988696, 40.7285775], [22.9933615, 40.7324378], [22.9983141, 40.7346339], [23.0061277, 40.7371967], [23.0110002, 40.739806], [23.0185805, 40.7411679], [23.0171035, 40.7507312], [23.0180623, 40.7568921], [23.0201351, 40.7628192], [23.0277711, 40.7778466], [23.0288822, 40.7817026], [23.027848, 40.7830631], [23.0193434, 40.7866755], [23.0149099, 40.7878629], [23.0080986, 40.7918493], [23.009724, 40.7930884], [23.0122663, 40.7966234], [23.007053, 40.8025872], [23.0052404, 40.806328], [23.0032697, 40.822598], [23.0007171, 40.821621], [22.9992462, 40.8199778], [22.9940764, 40.8213831], [22.9833535, 40.8206676], [22.9764586, 40.821021], [22.9656139, 40.8231133], [22.9622526, 40.8275692], [22.9569395, 40.8388626], [22.9568031, 40.8445365], [22.9559624, 40.8473665], [22.9554146, 40.8484245], [22.9536032, 40.8493269]]]}}, {"type": "Feature", "properties": {"id": "evosmos", "gr": "Εύοσμος", "ru": "Эвосмос", "zone": "west", "district": "Κορδελιό-Εύοσμος", "centre": [40.67722, 22.90774], "sale": 1500, "sale_old": 1230, "sale_renovated": 1770, "sale_new": 2130, "rent": 6.7, "official": false}, "geometry": {"type": "Polygon", "coordinates": [[[22.8874739, 40.6786766], [22.8887224, 40.6963902], [22.8900783, 40.6977725], [22.8955298, 40.6962123], [22.9004992, 40.6924653], [22.9049115, 40.69089], [22.9273604, 40.6900148], [22.9286222, 40.68708], [22.9298938, 40.6861468], [22.9298965, 40.683496], [22.9313216, 40.6811163], [22.9312567, 40.6771169], [22.9234169, 40.6773245], [22.9230881, 40.6752357], [22.923773, 40.6722244], [22.9249086, 40.6723106], [22.9255562, 40.6704745], [22.9252074, 40.6704319], [22.9259073, 40.6663397], [22.9283403, 40.66614], [22.9298302, 40.6653808], [22.9279875, 40.6626094], [22.9264634, 40.6618012], [22.9085414, 40.6599042], [22.9032469, 40.6566316], [22.8977001, 40.662621], [22.9021562, 40.6639439], [22.9018799, 40.6644542], [22.8985987, 40.6638136], [22.8999311, 40.6653293], [22.8994981, 40.6659918], [22.90264, 40.6708071], [22.8992395, 40.671885], [22.89976, 40.6763683], [22.8911083, 40.6773284], [22.8874739, 40.6786766]]]}}, {"type": "Feature", "properties": {"id": "kordelio", "gr": "Ελευθέριο – Κορδελιό", "ru": "Элефтерио – Корделио", "zone": "west", "district": "Κορδελιό-Εύοσμος", "centre": [40.6684, 22.88858], "sale": 1400, "sale_old": 1150, "sale_renovated": 1650, "sale_new": 1990, "rent": 6.1, "official": false}, "geometry": {"type": "Polygon", "coordinates": [[[22.866455, 40.6786053], [22.8671881, 40.6795604], [22.8827418, 40.67194], [22.88542, 40.6727581], [22.8887651, 40.6766824], [22.8874739, 40.6786766], [22.8911083, 40.6773284], [22.89976, 40.6763683], [22.8992395, 40.671885], [22.90264, 40.6708071], [22.8994981, 40.6659918], [22.8999311, 40.6653293], [22.8985987, 40.6638136], [22.9018799, 40.6644542], [22.9021562, 40.6639439], [22.8972942, 40.6628889], [22.896477, 40.6623554], [22.8963566, 40.6615813], [22.8925239, 40.6605215], [22.8917131, 40.6615013], [22.8890615, 40.6603367], [22.8868411, 40.6610789], [22.8841829, 40.6627188], [22.8815286, 40.6635006], [22.8781918, 40.6659486], [22.8734344, 40.6715086], [22.8710384, 40.6730578], [22.8671228, 40.6741997], [22.8662207, 40.6751368], [22.866455, 40.6786053]]]}}, {"type": "Feature", "properties": {"id": "menemeni", "gr": "Μενεμένη", "ru": "Менемени", "zone": "west", "district": "Αμπελόκηποι-Μενεμένη", "centre": [40.65637, 22.89568], "sale": 1300, "sale_old": 1070, "sale_renovated": 1530, "sale_new": 1850, "rent": 5.8, "official": false}, "geometry": {"type": "Polygon", "coordinates": [[[22.8612712, 40.6620665], [22.8615948, 40.6631765], [22.8698454, 40.6609939], [22.8727508, 40.6705423], [22.871524, 40.6713479], [22.8723372, 40.6722087], [22.8737931, 40.6711942], [22.8781918, 40.6659486], [22.8815286, 40.6635006], [22.8890615, 40.6603367], [22.8917131, 40.6615013], [22.8925239, 40.6605215], [22.8963566, 40.6615813], [22.896477, 40.6623554], [22.8972942, 40.6628889], [22.9032469, 40.6566316], [22.9082114, 40.6598052], [22.9124822, 40.6604647], [22.9142947, 40.6576393], [22.915798, 40.6566707], [22.9152985, 40.6560997], [22.9182836, 40.651676], [22.9195885, 40.6509373], [22.9171531, 40.6507217], [22.9159205, 40.6498593], [22.9128915, 40.6513991], [22.9060886, 40.6531231], [22.9051941, 40.651828], [22.9057627, 40.6515068], [22.9033883, 40.6490047], [22.9014294, 40.6512733], [22.8994639, 40.6519701], [22.9001719, 40.6423102], [22.8973512, 40.6423013], [22.8963009, 40.6400828], [22.897494, 40.6430787], [22.8965372, 40.6438394], [22.890762, 40.6434398], [22.8871568, 40.6418032], [22.8849998, 40.6505674], [22.8834196, 40.6504681], [22.8828298, 40.6509555], [22.8798121, 40.6506507], [22.878926, 40.6526416], [22.8772175, 40.6526484], [22.8771943, 40.6543125], [22.8758156, 40.6558526], [22.8758395, 40.6569718], [22.8747001, 40.6578597], [22.8612712, 40.6620665]]]}}, {"type": "Feature", "properties": {"id": "echedoros", "gr": "Σίνδος – Καλοχώρι", "ru": "Синдос – Калохори", "zone": "west", "district": "Δέλτα", "centre": [40.66262, 22.8002], "sale": 1350, "sale_old": 1110, "sale_renovated": 1590, "sale_new": 1920, "rent": 5.5, "official": false}, "geometry": {"type": "MultiPolygon", "coordinates": [[[[22.7340852, 40.6741058], [22.7367456, 40.6746304], [22.7410727, 40.6732364], [22.7454323, 40.6751486], [22.7478866, 40.6735537], [22.7490056, 40.6710885], [22.7541125, 40.6725851], [22.7596835, 40.6708974], [22.7622595, 40.6709341], [22.7627841, 40.6858936], [22.7645262, 40.6904254], [22.764326, 40.6943509], [22.7653349, 40.7018043], [22.7903393, 40.6982016], [22.7902979, 40.6961168], [22.7935093, 40.6956479], [22.7929504, 40.6940961], [22.8018251, 40.6922137], [22.8004707, 40.6887291], [22.8032763, 40.6882625], [22.8034444, 40.6890557], [22.8047987, 40.6887795], [22.8050696, 40.6896436], [22.8070956, 40.6892976], [22.8069573, 40.6887912], [22.8106012, 40.6879246], [22.8102869, 40.6870491], [22.8129864, 40.6865065], [22.8124498, 40.6849651], [22.8103682, 40.6854214], [22.8099454, 40.6843732], [22.8081566, 40.6844349], [22.8078639, 40.6834977], [22.8172804, 40.6816093], [22.8177195, 40.6828116], [22.8206545, 40.6823539], [22.8240535, 40.6877196], [22.8249674, 40.6937329], [22.8230129, 40.6942083], [22.8235432, 40.6954931], [22.819454, 40.6964797], [22.8188037, 40.6959914], [22.8188383, 40.6966947], [22.8131723, 40.7009202], [22.8128927, 40.6997401], [22.8100876, 40.6992532], [22.8086403, 40.7009422], [22.8090956, 40.7018113], [22.8072417, 40.7023661], [22.806388, 40.7035126], [22.8057777, 40.7133984], [22.8044047, 40.720789], [22.8047488, 40.7220718], [22.8153849, 40.7278837], [22.8150526, 40.728655], [22.8167714, 40.7292222], [22.8187469, 40.7276029], [22.8224418, 40.7265686], [22.8281255, 40.7277345], [22.8310514, 40.7274579], [22.8312023, 40.7249281], [22.8306143, 40.723679], [22.8285196, 40.7205769], [22.8246012, 40.7171139], [22.8247005, 40.7139971], [22.8279283, 40.7081024], [22.8287588, 40.7042823], [22.8298137, 40.7039867], [22.8364372, 40.7052617], [22.8380203, 40.6990529], [22.8472745, 40.6974431], [22.8476066, 40.6958789], [22.8506499, 40.6948193], [22.8512202, 40.691129], [22.8531346, 40.6908887], [22.8621866, 40.6940091], [22.8618037, 40.6960198], [22.8644119, 40.7004236], [22.8624971, 40.7003957], [22.8619098, 40.7013898], [22.8619255, 40.7058131], [22.8657705, 40.709166], [22.8677311, 40.7090862], [22.8708803, 40.7078649], [22.8900783, 40.6977725], [22.8887224, 40.6963902], [22.8874739, 40.6786766], [22.8887651, 40.6766824], [22.88542, 40.6727581], [22.8827418, 40.67194], [22.8671881, 40.6795604], [22.866455, 40.6786053], [22.8662207, 40.6751368], [22.8671228, 40.6741997], [22.8723372, 40.6722087], [22.871524, 40.6713479], [22.8727508, 40.6705423], [22.8698454, 40.6609939], [22.8615948, 40.6631765], [22.8612712, 40.6620665], [22.8747001, 40.6578597], [22.8758395, 40.6569718], [22.8758156, 40.6558526], [22.8771943, 40.6543125], [22.8772175, 40.6526484], [22.878926, 40.6526416], [22.8798121, 40.6506507], [22.8849998, 40.6505674], [22.8871568, 40.6418032], [22.8868618, 40.6409476], [22.8763709, 40.6375874], [22.8605858, 40.6264285], [22.8535305, 40.6265653], [22.8468443, 40.6308516], [22.8461309, 40.630792], [22.8444926, 40.6288974], [22.8454138, 40.6286255], [22.8459038, 40.6291893], [22.8466835, 40.6287041], [22.8454216, 40.6285113], [22.84686, 40.6279884], [22.8459878, 40.6277853], [22.8441173, 40.6287035], [22.8428915, 40.6274772], [22.8438589, 40.6272542], [22.8438781, 40.6280237], [22.8452265, 40.6272608], [22.8444583, 40.6270286], [22.8443088, 40.6262772], [22.8430059, 40.6264013], [22.843083, 40.6269099], [22.8424402, 40.626396], [22.8427695, 40.6260304], [22.8419371, 40.626231], [22.8424687, 40.6270473], [22.841649, 40.6262199], [22.8424773, 40.6254766], [22.8418219, 40.6258034], [22.8415618, 40.6252312], [22.8413481, 40.6258901], [22.8383025, 40.6227464], [22.8356703, 40.6217366], [22.8334671, 40.6191804], [22.8349949, 40.6181575], [22.8342482, 40.6177341], [22.8365944, 40.616483], [22.8415468, 40.6152255], [22.8575732, 40.6139794], [22.8568555, 40.5953041], [22.8411152, 40.5985547], [22.837783, 40.5981867], [22.8308761, 40.5954955], [22.8285436, 40.5969216], [22.8228182, 40.6043393], [22.8209703, 40.6045118], [22.8202129, 40.6055007], [22.8124124, 40.6066277], [22.7942971, 40.6065587], [22.7804986, 40.6076051], [22.7759546, 40.6136073], [22.7713046, 40.6172061], [22.7708048, 40.6190687], [22.7712743, 40.6199424], [22.7777116, 40.6221843], [22.7810741, 40.6255757], [22.7813468, 40.6268058], [22.7797412, 40.6273001], [22.7753033, 40.6262885], [22.7738341, 40.6267483], [22.7712289, 40.6307142], [22.7674574, 40.6339213], [22.7643069, 40.6378178], [22.7615199, 40.6386109], [22.7559762, 40.641806], [22.7448586, 40.6444494], [22.7394513, 40.6465641], [22.7382396, 40.648081], [22.7381336, 40.6506322], [22.7382244, 40.6570098], [22.739315, 40.6653055], [22.7340852, 40.6741058]]], [[[22.8484572, 40.6295773], [22.8497484, 40.6287941], [22.8488673, 40.6291797], [22.8484572, 40.6295773]]], [[[22.8468695, 40.6301671], [22.8477286, 40.6301557], [22.8483665, 40.6296343], [22.8471501, 40.629864], [22.8468695, 40.6301671]]], [[[22.847588, 40.6302772], [22.8476995, 40.6301896], [22.8476219, 40.6301694], [22.847588, 40.6302772]]], [[[22.8471777, 40.6283683], [22.847465, 40.6283337], [22.8469292, 40.6281104], [22.8471777, 40.6283683]]], [[[22.8474435, 40.6297911], [22.847457, 40.6297462], [22.847386, 40.6297069], [22.8474435, 40.6297911]]], [[[22.846091, 40.6303894], [22.8468045, 40.630196], [22.8473095, 40.6296373], [22.8465154, 40.6296244], [22.846091, 40.6303894]]], [[[22.8469922, 40.628817], [22.8470071, 40.6288041], [22.8469949, 40.6287878], [22.8469922, 40.628817]]], [[[22.8468654, 40.6287845], [22.846974, 40.6286772], [22.8468304, 40.6286687], [22.8468654, 40.6287845]]], [[[22.8468933, 40.6288062], [22.8469372, 40.6288113], [22.8469077, 40.6287622], [22.8468933, 40.6288062]]], [[[22.8468825, 40.6289707], [22.8469115, 40.6289534], [22.8468687, 40.6289427], [22.8468825, 40.6289707]]], [[[22.8466923, 40.6289486], [22.846876, 40.628844], [22.8467629, 40.6287666], [22.8466923, 40.6289486]]], [[[22.8468145, 40.6289304], [22.8468332, 40.6289417], [22.8468552, 40.6288806], [22.8468145, 40.6289304]]], [[[22.8465966, 40.6295262], [22.8468293, 40.6292496], [22.8465343, 40.6292636], [22.8465966, 40.6295262]]], [[[22.8467919, 40.6290653], [22.8468175, 40.6290422], [22.8467965, 40.6290269], [22.8467919, 40.6290653]]], [[[22.8466901, 40.6290906], [22.8467114, 40.6290791], [22.8467069, 40.6290687], [22.8466901, 40.6290906]]], [[[22.8460098, 40.629756], [22.8460348, 40.6304792], [22.8464549, 40.6296485], [22.8460098, 40.629756]]], [[[22.845727, 40.6294104], [22.8457483, 40.6293983], [22.8457197, 40.6293897], [22.845727, 40.6294104]]], [[[22.8456709, 40.629382], [22.8456924, 40.6293911], [22.8456767, 40.6293576], [22.8456709, 40.629382]]], [[[22.845505, 40.6299482], [22.8456901, 40.6295467], [22.8455886, 40.6294714], [22.845505, 40.6299482]]], [[[22.8447024, 40.6291254], [22.8450965, 40.6293462], [22.8454967, 40.6293483], [22.8454243, 40.6291845], [22.8447024, 40.6291254]]], [[[22.8454617, 40.6291992], [22.8454961, 40.6291922], [22.8454784, 40.6291782], [22.8454617, 40.6291992]]], [[[22.845226, 40.6278415], [22.8453738, 40.6276572], [22.8452089, 40.6276709], [22.845226, 40.6278415]]]]}}, {"type": "Feature", "properties": {"id": "chalastra", "gr": "Χαλάστρα", "ru": "Халастра", "zone": "west", "district": "Δέλτα", "centre": [40.59621, 22.76997], "sale": 1000, "sale_old": 820, "sale_renovated": 1180, "sale_new": 1420, "rent": 4.6, "official": false}, "geometry": {"type": "MultiPolygon", "coordinates": [[[[22.6108007, 40.6191424], [22.6130135, 40.6202953], [22.621881, 40.6215636], [22.623293, 40.623274], [22.6254062, 40.6287943], [22.6270315, 40.6311828], [22.6354566, 40.6384173], [22.6368624, 40.6359812], [22.6370593, 40.6341766], [22.639301, 40.6318776], [22.6519938, 40.6313833], [22.6537054, 40.6319351], [22.6600972, 40.6411304], [22.660173, 40.6428084], [22.6636567, 40.6434979], [22.6644746, 40.6447736], [22.6635507, 40.6460033], [22.6636113, 40.6471411], [22.6647473, 40.6490603], [22.6614907, 40.6496578], [22.6580676, 40.6488074], [22.6560077, 40.6497153], [22.656038, 40.6505312], [22.6623541, 40.6569203], [22.6711846, 40.6569203], [22.6710937, 40.6638028], [22.6681552, 40.6737748], [22.6745053, 40.6816257], [22.6802881, 40.6820343], [22.6827871, 40.6836663], [22.6834233, 40.6883759], [22.684548, 40.6900462], [22.6873778, 40.6912405], [22.6929248, 40.6920241], [22.6934725, 40.6930122], [22.6931634, 40.6951437], [22.6955526, 40.6955851], [22.702181, 40.6947049], [22.7038994, 40.6938595], [22.704411, 40.6896943], [22.706668, 40.6874225], [22.7087813, 40.6834465], [22.7116836, 40.6804611], [22.7201124, 40.6770326], [22.726259, 40.6736324], [22.7302543, 40.6752168], [22.733167, 40.6748525], [22.7340852, 40.6741058], [22.739315, 40.6653055], [22.7382244, 40.6570098], [22.7381336, 40.6506322], [22.7382396, 40.648081], [22.7394513, 40.6465641], [22.7448586, 40.6444494], [22.7559762, 40.641806], [22.7615199, 40.6386109], [22.7643069, 40.6378178], [22.7674574, 40.6339213], [22.7712289, 40.6307142], [22.7738341, 40.6267483], [22.7753033, 40.6262885], [22.7797412, 40.6273001], [22.7813468, 40.6268058], [22.7810741, 40.6255757], [22.7777116, 40.6221843], [22.7712743, 40.6199424], [22.7708048, 40.6190687], [22.7713046, 40.6172061], [22.7759546, 40.6136073], [22.7804986, 40.6076051], [22.7942971, 40.6065587], [22.8124124, 40.6066277], [22.8202129, 40.6055007], [22.8209703, 40.6045118], [22.8228182, 40.6043393], [22.8285436, 40.5969216], [22.8308761, 40.5954955], [22.837783, 40.5981867], [22.8411152, 40.5985547], [22.8569671, 40.5950434], [22.8541776, 40.5906114], [22.8338014, 40.5787284], [22.833707, 40.5793412], [22.8284027, 40.5794912], [22.8256303, 40.5773464], [22.8195449, 40.5754102], [22.8192188, 40.5747844], [22.8182403, 40.5749539], [22.8129961, 40.5717398], [22.8100864, 40.5710096], [22.8104126, 40.5706184], [22.8002674, 40.5661131], [22.7991859, 40.5664261], [22.7992803, 40.5657675], [22.7950574, 40.5641049], [22.7901308, 40.5640788], [22.781007, 40.5681082], [22.7746615, 40.5698813], [22.7700095, 40.5683035], [22.7701297, 40.5678471], [22.7694087, 40.5680558], [22.743917, 40.5599705], [22.7441916, 40.559514], [22.7430829, 40.5585003], [22.7413939, 40.5582689], [22.7409987, 40.5558359], [22.7417666, 40.5558874], [22.7427635, 40.5461818], [22.7434364, 40.5461716], [22.7434403, 40.5396536], [22.7413309, 40.5381882], [22.7292696, 40.5342841], [22.7348904, 40.5354041], [22.7369802, 40.5348615], [22.7367826, 40.5289302], [22.7382906, 40.527013], [22.7373387, 40.5271765], [22.7375364, 40.5262349], [22.7338996, 40.5287282], [22.7325541, 40.5287485], [22.7301767, 40.5278859], [22.7303179, 40.5268567], [22.7294513, 40.5258428], [22.7284423, 40.5258579], [22.7297447, 40.5241692], [22.7307503, 40.5240263], [22.7316999, 40.5217014], [22.7330452, 40.5216812], [22.7323659, 40.5214345], [22.7332888, 40.5180832], [22.7322733, 40.5178416], [22.7339902, 40.5139455], [22.7333026, 40.5133699], [22.7342061, 40.512358], [22.734783, 40.5128208], [22.7350688, 40.5109117], [22.7363107, 40.5107359], [22.7369034, 40.5086481], [22.7376947, 40.5082524], [22.7377537, 40.5087786], [22.7380621, 40.5081872], [22.7338445, 40.5058882], [22.7314508, 40.5064314], [22.7309301, 40.5069575], [22.7319682, 40.5067025], [22.733231, 40.5083168], [22.7325316, 40.509043], [22.7328089, 40.5111536], [22.7315765, 40.511601], [22.7309336, 40.5131109], [22.7304333, 40.5125786], [22.7287663, 40.5132863], [22.7260152, 40.5126691], [22.7253405, 40.5150841], [22.7239016, 40.5170973], [22.7220999, 40.5173377], [22.7219131, 40.5164608], [22.7201962, 40.5169993], [22.720274, 40.5157482], [22.7214204, 40.515023], [22.7212733, 40.5138922], [22.7197953, 40.5124578], [22.7201245, 40.5096902], [22.7237255, 40.5064183], [22.7245203, 40.50695], [22.7255509, 40.5067089], [22.7260589, 40.5057492], [22.7251618, 40.5055474], [22.7260801, 40.5050173], [22.725397, 40.5038494], [22.7264234, 40.5034269], [22.7250077, 40.5029182], [22.7252661, 40.5022239], [22.7299874, 40.5005231], [22.7256855, 40.4976971], [22.724031, 40.4978377], [22.7235442, 40.4973246], [22.721985, 40.4992013], [22.7198365, 40.4993441], [22.7195629, 40.5003353], [22.7169932, 40.499596], [22.7136326, 40.5011736], [22.7152046, 40.5004456], [22.716178, 40.5008093], [22.7165459, 40.5020458], [22.7141514, 40.5051479], [22.7105961, 40.5075079], [22.7153894, 40.525993], [22.7154802, 40.5342819], [22.7150107, 40.5449409], [22.7125266, 40.5676229], [22.7133749, 40.5744686], [22.713178, 40.5866626], [22.7122843, 40.5885605], [22.710391, 40.5903088], [22.709149, 40.5931383], [22.7117845, 40.6006483], [22.7122994, 40.6070077], [22.7131931, 40.6074907], [22.7146775, 40.6070422], [22.7151167, 40.6171377], [22.7131477, 40.6221619], [22.7088612, 40.6229091], [22.7039991, 40.6350942], [22.7017574, 40.6352322], [22.6970165, 40.6336], [22.6867623, 40.6348299], [22.6819305, 40.6347724], [22.6742058, 40.6330252], [22.6642847, 40.6343241], [22.660801, 40.6336574], [22.6545152, 40.6300251], [22.6547272, 40.6254843], [22.6507285, 40.6241852], [22.6505922, 40.6215755], [22.6491533, 40.6188738], [22.6404592, 40.6158959], [22.6265394, 40.6123546], [22.621945, 40.6091113], [22.6203457, 40.6149392], [22.613004, 40.6159323], [22.6125335, 40.6183544], [22.6108007, 40.6191424]]], [[[22.7472353, 40.5110558], [22.7520024, 40.5135508], [22.7525125, 40.5166079], [22.7525809, 40.5137036], [22.7477024, 40.5108484], [22.7472353, 40.5110558]]], [[[22.7379137, 40.5263602], [22.7407801, 40.5263786], [22.7417792, 40.5259789], [22.740725, 40.5251683], [22.7448261, 40.524575], [22.7468929, 40.523611], [22.7480773, 40.522278], [22.748474, 40.5225215], [22.7485012, 40.5219816], [22.7491838, 40.5223348], [22.7487412, 40.5217287], [22.7525319, 40.518437], [22.7523055, 40.5171297], [22.7513838, 40.5193011], [22.7449652, 40.5244706], [22.7434142, 40.5241571], [22.7394018, 40.5251157], [22.7379137, 40.5263602]]]]}}, {"type": "Feature", "properties": {"id": "axios", "gr": "Αξιός", "ru": "Аксиос (Кимина, Малгара)", "zone": "west", "district": "Δέλτα", "centre": [40.57233, 22.67295], "sale": 900, "sale_old": 740, "sale_renovated": 1060, "sale_new": 1280, "rent": 4.4, "official": false}, "geometry": {"type": "MultiPolygon", "coordinates": [[[[22.621945, 40.6091113], [22.6265394, 40.6123546], [22.6404592, 40.6158959], [22.6491533, 40.6188738], [22.6505922, 40.6215755], [22.6507285, 40.6241852], [22.6547272, 40.6254843], [22.6545152, 40.6300251], [22.660801, 40.6336574], [22.6642847, 40.6343241], [22.6742058, 40.6330252], [22.6819305, 40.6347724], [22.6867623, 40.6348299], [22.6970165, 40.6336], [22.7017574, 40.6352322], [22.7039991, 40.6350942], [22.7088612, 40.6229091], [22.7131477, 40.6221619], [22.7151167, 40.6171377], [22.7146775, 40.6070422], [22.7131931, 40.6074907], [22.7122994, 40.6070077], [22.7117845, 40.6006483], [22.709149, 40.5931383], [22.710391, 40.5903088], [22.7122843, 40.5885605], [22.713178, 40.5866626], [22.7133749, 40.5744686], [22.7125266, 40.5676229], [22.7150107, 40.5449409], [22.7154802, 40.5342819], [22.7153894, 40.525993], [22.711739, 40.5105982], [22.710578, 40.5083303], [22.7098094, 40.5096237], [22.7083662, 40.5096454], [22.7079719, 40.508103], [22.7071588, 40.5089283], [22.7047764, 40.5095094], [22.7031881, 40.511032], [22.7033892, 40.511815], [22.704556, 40.5121189], [22.7036522, 40.5132325], [22.7040061, 40.5148765], [22.704721, 40.5154011], [22.7059676, 40.5151934], [22.7052968, 40.5164853], [22.7071376, 40.5168666], [22.7077508, 40.5160515], [22.7086443, 40.5160023], [22.7083234, 40.5156727], [22.7094114, 40.5155283], [22.7098038, 40.5162798], [22.7088287, 40.5176021], [22.7066669, 40.5187337], [22.7052239, 40.5180884], [22.7048162, 40.5192985], [22.7034187, 40.520422], [22.7002873, 40.5204485], [22.6979604, 40.5183371], [22.696707, 40.5184512], [22.6968518, 40.5194138], [22.6962693, 40.5198285], [22.6928531, 40.5195368], [22.6920174, 40.5209498], [22.6907042, 40.5215792], [22.6907016, 40.5222655], [22.688625, 40.5232587], [22.688718, 40.5239147], [22.6892331, 40.5246171], [22.6899979, 40.524165], [22.6929374, 40.5246252], [22.6926831, 40.5261168], [22.6944789, 40.5272967], [22.6943344, 40.5278782], [22.692136, 40.5280788], [22.6886965, 40.5270713], [22.6874354, 40.5280717], [22.6827511, 40.5274755], [22.6827318, 40.5291517], [22.6823394, 40.5300373], [22.6815493, 40.5299765], [22.6805019, 40.5349051], [22.6766867, 40.5383386], [22.6749701, 40.5414695], [22.6723093, 40.5436219], [22.6717085, 40.5459699], [22.667932, 40.550144], [22.662375, 40.5535112], [22.6606909, 40.5535796], [22.6549377, 40.5561382], [22.6537078, 40.5573327], [22.6452149, 40.5596562], [22.6401539, 40.5637294], [22.6343601, 40.5701865], [22.6311557, 40.5745306], [22.621945, 40.6091113]]], [[[22.6174441, 40.6616877], [22.6182392, 40.6627692], [22.6221116, 40.6648153], [22.6401545, 40.672335], [22.6452052, 40.678484], [22.6455307, 40.6811633], [22.6745053, 40.6816257], [22.6681552, 40.6737748], [22.6710937, 40.6638028], [22.6711846, 40.6569203], [22.6623541, 40.6569203], [22.656038, 40.6505312], [22.6560077, 40.6497153], [22.6580676, 40.6488074], [22.6614907, 40.6496578], [22.6647473, 40.6490603], [22.6636113, 40.6471411], [22.6635507, 40.6460033], [22.6644746, 40.6447736], [22.6636567, 40.6434979], [22.660173, 40.6428084], [22.6600972, 40.6411304], [22.6531904, 40.6315558], [22.639301, 40.6318776], [22.6370593, 40.6341766], [22.6368624, 40.6359812], [22.6354566, 40.6384173], [22.6379192, 40.6435091], [22.6386202, 40.6484089], [22.6283191, 40.6521966], [22.6199299, 40.6578799], [22.6180287, 40.6598931], [22.6174441, 40.6616877]]]]}}, {"type": "Feature", "properties": {"id": "agpavlos", "gr": "Άγιος Παύλος", "ru": "Агиос Павлос", "zone": "north", "district": "Νεάπολη-Συκιές", "centre": [40.63843, 22.96969], "sale": 1600, "sale_old": 1310, "sale_renovated": 1890, "sale_new": 2270, "rent": 6.6, "official": false}, "geometry": {"type": "MultiPolygon", "coordinates": [[[[23.0078682, 40.6631083], [22.9953692, 40.6653017], [22.9924878, 40.6662002], [23.0078682, 40.6631083]]], [[[23.0045956, 40.657918], [23.0032108, 40.6587613], [23.0032078, 40.6592133], [23.0045956, 40.657918]]], [[[22.9810963, 40.640453], [22.9806331, 40.6396381], [22.9790612, 40.639484], [22.9784299, 40.6360003], [22.9749079, 40.6327497], [22.9723661, 40.6318041], [22.9704805, 40.6302344], [22.9698769, 40.6339915], [22.9579458, 40.6341077], [22.9577778, 40.6345961], [22.9586777, 40.6351152], [22.958208, 40.6357053], [22.9601889, 40.637606], [22.9608109, 40.639255], [22.9592688, 40.6397834], [22.9602696, 40.6406785], [22.9591025, 40.6413855], [22.9630243, 40.6427523], [22.96326203563069, 40.64359172706693], [22.972509, 40.6455586], [22.97694, 40.6456319], [22.9808596, 40.6440363], [22.981013, 40.6450556], [22.9810963, 40.640453]]], [[[22.9739664, 40.6583722], [22.976299, 40.6552697], [22.9784195, 40.6523856], [22.9739664, 40.6583722]]], [[[22.9679951, 40.6631363], [22.9723003, 40.6614814], [22.968155526567532, 40.66282373879234], [22.9679951, 40.6631363]]], [[[22.9688251, 40.6615192], [22.9682715, 40.6595142], [22.968265129464868, 40.65950875158693], [22.9688251, 40.6615192]]], [[[22.968120366513507, 40.65938494277968], [22.9666169, 40.6580991], [22.964298959709595, 40.65722060030413], [22.968120366513507, 40.65938494277968]]], [[[22.9557665, 40.6442391], [22.9614351, 40.6447817], [22.9625082, 40.6445708], [22.9557665, 40.6442391]]], [[[22.9601976, 40.6548977], [22.951960457221418, 40.654467770239], [22.951976, 40.6544741], [22.9601976, 40.6548977]]], [[[22.9513036, 40.645115], [22.9524971, 40.6444673], [22.952654033775644, 40.64422418572602], [22.9513036, 40.645115]]], [[[22.9523998, 40.6564031], [22.95235868336868, 40.656215950444036], [22.952304920100804, 40.65645798529393], [22.9523998, 40.6564031]]], [[[22.949827637004077, 40.653553381729886], [22.9499119, 40.6536335], [22.95172827468884, 40.65437321443411], [22.949827637004077, 40.653553381729886]]], [[[22.9345673, 40.6568327], [22.9352553, 40.65238], [22.9353752, 40.6479172], [22.9345673, 40.6568327]]]]}}, {"type": "Feature", "properties": {"id": "ampelokipoi", "gr": "Αμπελόκηποι", "ru": "Амбелокипи", "zone": "west", "district": "Αμπελόκηποι-Μενεμένη", "centre": [40.65427, 22.92575], "sale": 1482, "sale_old": 1220, "sale_renovated": 1750, "sale_new": 2100, "rent": 7.66, "official": false}, "geometry": {"type": "MultiPolygon", "coordinates": [[[[22.9195995, 40.6611276], [22.9222467, 40.6602288], [22.9258618, 40.6578295], [22.9309153, 40.6565517], [22.9345673, 40.6568327], [22.9352553, 40.65238], [22.9342294, 40.6524442], [22.9339464, 40.6484215], [22.9319386, 40.648478], [22.9312045, 40.6492337], [22.928607, 40.6499257], [22.9232566, 40.6486618], [22.9195478, 40.6508989], [22.9171531, 40.6507217], [22.9195885, 40.6509373], [22.9182836, 40.651676], [22.9152985, 40.6560997], [22.915798, 40.6566707], [22.9142947, 40.6576393], [22.91256657943823, 40.66033316584012], [22.9195995, 40.6611276]]], [[[22.9083636, 40.6598584], [22.9090798612126, 40.65993930840351], [22.908301239832454, 40.65981907313138], [22.9083636, 40.6598584]]], [[[22.8994639, 40.6519701], [22.900142, 40.6520808], [22.9014294, 40.6512733], [22.8994639, 40.6519701]]], [[[22.8994639, 40.6519701], [22.9002134, 40.642373], [22.9001673817104, 40.64237184721146], [22.8994639, 40.6519701]]], [[[22.8890615, 40.6603367], [22.8868411, 40.6610789], [22.88585102035112, 40.66168513640047], [22.8890615, 40.6603367]]], [[[22.8798121, 40.6506507], [22.8828298, 40.6509555], [22.883265743625724, 40.65059524411126], [22.8798121, 40.6506507]]], [[[22.8612712, 40.6620665], [22.8681667, 40.6602505], [22.869353850195335, 40.659534491209875], [22.8612712, 40.6620665]]]]}}, {"type": "Feature", "properties": {"id": "thermaikos", "district": "Θερμαϊκός", "split": ["perea", "neoiepivates"]}, "geometry": {"type": "MultiPolygon", "coordinates": [[[[22.812917, 40.4790933], [22.8156976, 40.4813824], [22.8170597, 40.4838247], [22.8163336, 40.4868031], [22.8168657, 40.4883633], [22.8165825, 40.4909939], [22.817992, 40.4942082], [22.8172512, 40.4955218], [22.8150014, 40.4955978], [22.8177347, 40.4958512], [22.8172675, 40.4970265], [22.8156496, 40.4968023], [22.8146183, 40.4963796], [22.8142615, 40.4952193], [22.8146427, 40.4965682], [22.816252, 40.4972943], [22.8174165, 40.4987454], [22.816517, 40.50192], [22.8209341, 40.5032514], [22.8225563, 40.5050396], [22.8268908, 40.5068277], [22.8356627, 40.507265], [22.8388041, 40.5063318], [22.8495844, 40.5062665], [22.8520735, 40.5046872], [22.8580902, 40.5030817], [22.8601862, 40.5016047], [22.8644349, 40.5008503], [22.8806068, 40.5012429], [22.9048392, 40.5045061], [22.9069839, 40.5056963], [22.9067071, 40.50649], [22.9055687, 40.5064462], [22.9076368, 40.5071673], [22.9078646, 40.5065319], [22.9067424, 40.5064972], [22.9070235, 40.5056917], [22.9096911, 40.5053226], [22.9240184, 40.5090743], [22.9356082, 40.513063], [22.9384811, 40.5020741], [22.9364556, 40.5013842], [22.937033, 40.4952964], [22.9362375, 40.4918658], [22.9341467, 40.4906574], [22.9342531, 40.4837216], [22.9389345, 40.4699273], [22.9307214, 40.4698426], [22.9287252, 40.4681575], [22.9265141, 40.4675154], [22.9224662, 40.4684506], [22.9234589, 40.464433], [22.9286194, 40.4600396], [22.9289156, 40.4592766], [22.9283021, 40.4581808], [22.9378984, 40.4528822], [22.938951, 40.4511892], [22.9391035, 40.4484069], [22.941432, 40.4495633], [22.9442614, 40.4486253], [22.9461294, 40.4499666], [22.9481732, 40.4488321], [22.9493632, 40.4495816], [22.9526948, 40.4459813], [22.9540415, 40.4395252], [22.9536639, 40.4388551], [22.9505859, 40.4377642], [22.9501239, 40.4350123], [22.9524028, 40.4262944], [22.9535348, 40.4253677], [22.9573094, 40.4249784], [22.958413, 40.4241235], [22.9570325, 40.4196247], [22.9576348, 40.4179545], [22.959886, 40.4173351], [22.9710207, 40.4193807], [22.972151, 40.4190033], [22.9648636, 40.4011909], [22.9656245, 40.4004409], [22.9802812, 40.4012378], [22.9915346, 40.4033815], [22.9858215, 40.4072233], [22.990477, 40.4141469], [22.9931812, 40.4199541], [22.9987159, 40.4290561], [22.9981574, 40.4320602], [22.9929653, 40.4403573], [22.9957376, 40.4405075], [22.998603, 40.4443161], [23.003519, 40.447809], [23.0045407, 40.4474664], [23.0053826, 40.4452305], [23.006612, 40.4446194], [23.0063307, 40.4367253], [23.0086982, 40.4353762], [23.0085449, 40.4284561], [23.0126567, 40.427185], [23.0136337, 40.4205809], [23.0165494, 40.4118671], [23.018228, 40.4027013], [23.0173172, 40.3994414], [23.0145088, 40.3956698], [23.0140188, 40.385963], [23.0084734, 40.3861948], [23.0045536, 40.3846116], [22.9998773, 40.3811209], [23.0038442, 40.3802902], [23.007249, 40.3769862], [23.011592, 40.3773117], [23.0207608, 40.3761465], [23.0282343, 40.3737321], [23.0333853, 40.3733338], [23.0352874, 40.3726019], [23.0403499, 40.363563], [23.0403599, 40.3558784], [23.0396942, 40.3531522], [23.0327824, 40.3519865], [23.0301434, 40.3538743], [23.0273432, 40.3577967], [23.0250846, 40.3587056], [23.0167475, 40.3556351], [23.0049442, 40.350164], [22.9950279, 40.3560154], [22.9938348, 40.3572319], [22.9933422, 40.3591006], [22.9904273, 40.3638898], [22.9855264, 40.3670419], [22.9797672, 40.3691411], [22.9688152, 40.3708609], [22.9588416, 40.3710636], [22.957368, 40.3721763], [22.9578758, 40.3735691], [22.9574697, 40.3741242], [22.9542208, 40.375887], [22.9516024, 40.3784987], [22.9452203, 40.3806166], [22.9353755, 40.3813881], [22.915274, 40.3806232], [22.9012321, 40.3774848], [22.8875076, 40.3727443], [22.8918422, 40.3774913], [22.8931349, 40.3794706], [22.8931211, 40.3807147], [22.8961681, 40.3855267], [22.9026826, 40.3944828], [22.9031633, 40.3963915], [22.9028285, 40.397993], [22.8990176, 40.4007906], [22.8977817, 40.4050782], [22.8968256, 40.4062332], [22.8928808, 40.4083068], [22.8924139, 40.4079063], [22.8915418, 40.4084441], [22.8910354, 40.4072938], [22.8909366, 40.4095093], [22.8869808, 40.4162713], [22.8867439, 40.4205794], [22.8834995, 40.4252775], [22.8787187, 40.4282242], [22.8689683, 40.4306285], [22.8658269, 40.4325765], [22.8650115, 40.4359726], [22.8633378, 40.4390299], [22.8653634, 40.442982], [22.8656982, 40.4452878], [22.86393, 40.4509779], [22.8622093, 40.4530161], [22.8615473, 40.4573282], [22.8606525, 40.4584346], [22.8579254, 40.4573301], [22.857421, 40.4583009], [22.8581006, 40.4575579], [22.8600656, 40.4583375], [22.8592519, 40.4597869], [22.8561282, 40.4583795], [22.8563743, 40.4576784], [22.852818, 40.4625044], [22.8560402, 40.4585767], [22.8594036, 40.4601965], [22.8570391, 40.4641478], [22.8511649, 40.4691888], [22.848747, 40.470202], [22.8483037, 40.4699403], [22.8470892, 40.4699768], [22.8480582, 40.470053], [22.8480566, 40.4705357], [22.8471234, 40.4705179], [22.8465247, 40.4712289], [22.8353452, 40.4739859], [22.8218349, 40.4753082], [22.812917, 40.4790933]]], [[[22.9563158, 40.5095348], [22.965672, 40.5098622], [22.9676737, 40.5071684], [22.9647452, 40.5068089], [22.9594284, 40.5047883], [22.9563158, 40.5095348]]]]}}], "areas_without_polygon": [{"id": "perea", "gr": "Περαία", "ru": "Переа", "zone": "east", "district": "Θερμαϊκός", "centre": [40.50266, 22.92624], "sale": 2424, "sale_old": 1988, "sale_renovated": 2860, "sale_new": 3442, "rent": 8.27, "official": false}, {"id": "neoiepivates", "gr": "Νέοι Επιβάτες", "ru": "Неа Эпиватес", "zone": "east", "district": "Θερμαϊκός", "centre": [40.4982, 22.91], "sale": 2247, "sale_old": 1843, "sale_renovated": 2651, "sale_new": 3191, "rent": 8.01, "official": false}]}