source_domain,agency,url,title,transaction,type,price_eur,area_m2,bedrooms,floor,year_built,location,lat,lon,image,date_published,date_updated,date_sitemap,date_source,scraped_at,lastmod,checked_at
ktimatoemporiki.gr,Ktimatoemporiki,https://ktimatoemporiki.gr/property/agia-paraskevi-apartment-for-sale-in-athens-id-a4-5505,Agia Paraskevi Apartment for sale in Athens,sale,,663000,151,4,,,"Agia Paraskevi Athens, Athens",,,https://ktimato.b-cdn.net/OLDSITE/wp-content/uploads/2023/07/A4-5505_Agia-Paraskevi-Apartment-for-sale-in-Athens.jpg?width=1200&format=webp&quality=82,2026-09-01,,2026-09-01,json-ld datePosted; sitemap lastmod,2026-10-02T08:52:43Z,2026-09-01,2026-10-02
ktimatoemporiki.gr,Ktimatoemporiki,https://ktimatoemporiki.gr/property/agia-paraskevi-athens-luxury-apartment-for-sale-id-a4-2132,Agia Paraskevi Athens Luxury Apartment for sale,sale,,390000,100,3,,,"Agia Paraskevi Athens, Athens",,,https://ktimato.b-cdn.net/OLDSITE/wp-content/uploads/2021/03/A4-2132_Agia-Paraskevi-Athens-Luxury-Apartment-for-sale-Ktimatoemporik-1.png?width=1200&format=webp&quality=82,2026-09-01,,2026-09-01,json-ld datePosted; sitemap lastmod,2026-10-02T08:52:43Z,2026-09-01,2026-10-02
ktimatoemporiki.gr,Ktimatoemporiki,https://ktimatoemporiki.gr/property/agios-dimitrios-luxury-penthouse-for-sale-id-a4-6921,Agios Dimitrios Luxury Penthouse for sale,sale,,950000,168,4,,,"Agios Dimitrios, Athens",,,https://ktimato.b-cdn.net/OLDSITE/wp-content/uploads/2024/03/A4-6921_Agios-Dimitrios-Luxury-Penthouse-for-sale-7.jpg?width=1200&format=webp&quality=82,2026-09-01,,2026-09-01,json-ld datePosted; sitemap lastmod,2026-10-02T08:52:43Z,2026-09-01,2026-10-02
ktimatoemporiki.gr,Ktimatoemporiki,https://ktimatoemporiki.gr/property/alimos-three-bedroom-apartment-for-sale-id-a4-12145,Alimos Three Bedroom Apartment for sale,sale,,600000,109,3,,,"Alimos, Athens",,,https://ktimato.b-cdn.net/OLDSITE/wp-content/uploads/2025/12/A4-12145_Alimos-Three-Bedroom-Apartment-for-sale-3.webp?width=1200&format=webp&quality=82,2026-09-01,,2026-09-01,json-ld datePosted; sitemap lastmod,2026-10-02T08:52:43Z,2026-09-01,2026-10-02
ktimatoemporiki.gr,Ktimatoemporiki,https://ktimatoemporiki.gr/property/apartment-for-golden-visa-for-sale-in-athens-center-id-a4-10666,Apartment for Golden Visa for sale in Athens Center,sale,,220000,41,1,,,"Center Athens, Athens",,,https://ktimato.b-cdn.net/OLDSITE/wp-content/uploads/2025/06/A4-10666_Apartment-for-Golden-Visa-for-sale-in-Athens-Center-22.jpg?width=1200&format=webp&quality=82,2026-10-02,,2026-09-01,json-ld datePosted; sitemap lastmod,2026-10-02T08:52:43Z,2026-09-01,2026-10-02
ktimatoemporiki.gr,Ktimatoemporiki,https://ktimatoemporiki.gr/property/apartment-for-golden-visa-in-athens-for-sale-id-a4-10698,Apartment for Golden Visa in Athens for sale,sale,,260000,34,1,,,"Melissia, Athens",,,https://ktimato.b-cdn.net/OLDSITE/wp-content/uploads/2025/06/A4-10698_Apartment-for-Golden-Visa-in-Athens-for-sale-4.jpg?width=1200&format=webp&quality=82,2026-10-02,,2026-09-01,json-ld datePosted; sitemap lastmod,2026-10-02T08:52:43Z,2026-09-01,2026-10-02
ktimatoemporiki.gr,Ktimatoemporiki,https://ktimatoemporiki.gr/property/apartment-for-rent-in-glyfada-athens-id-a01-907,Apartment for rent in Glyfada Athens,rent,,1850,65,2,,,"Glyfada, Athens",,,https://ktimato.b-cdn.net/OLDSITE/wp-content/uploads/2021/10/A01-907_Apartment-for-rent-in-Glyfada-Athens-18.jpg?width=1200&format=webp&quality=82,2026-09-01,,2026-09-01,json-ld datePosted; sitemap lastmod,2026-10-02T08:52:43Z,2026-09-01,2026-10-02
ktimatoemporiki.gr,Ktimatoemporiki,https://ktimatoemporiki.gr/property/apartment-for-rent-in-glyfada-id-a01-1105,Apartment for Rent in Glyfada,rent,,1100,90,2,,,"Glyfada, Athens",,,https://ktimato.b-cdn.net/OLDSITE/wp-content/uploads/2023/02/A01-1105_Apartment-for-Rent-in-Glyfada-1.jpeg?width=1200&format=webp&quality=82,2026-09-01,,2026-09-01,json-ld datePosted; sitemap lastmod,2026-10-02T08:52:43Z,2026-09-01,2026-10-02
ktimatoemporiki.gr,Ktimatoemporiki,https://ktimatoemporiki.gr/property/apartment-for-rent-in-kallithea-id-a01-1170,Apartment for Rent in Kallithea,rent,,590,64,1,,,"Kallithea, Athens",,,https://ktimato.b-cdn.net/OLDSITE/wp-content/uploads/2024/02/A01-1170_Ktimatoemporiki-Apartment-for-Rent-in-Kallithea-1.jpg?width=1200&format=webp&quality=82,2026-09-01,,2026-09-01,json-ld datePosted; sitemap lastmod,2026-10-02T08:52:43Z,2026-09-01,2026-10-02
ktimatoemporiki.gr,Ktimatoemporiki,https://ktimatoemporiki.gr/property/apartment-for-rent-in-politeia-athens-id-a01-756,"Apartment for rent in Politeia, Athens",rent,,1300,120,3,,,"Kifisia, Athens",,,https://ktimato.b-cdn.net/OLDSITE/wp-content/uploads/2020/05/A01-756_ktimatoemporiki_Apartment_for_rent_in_Politeia_Athens-9.jpg?width=1200&format=webp&quality=82,2026-09-01,,2026-09-01,json-ld datePosted; sitemap lastmod,2026-10-02T08:52:43Z,2026-09-01,2026-10-02
ktimatoemporiki.gr,Ktimatoemporiki,https://ktimatoemporiki.gr/property/apartment-for-sale-in-alimos-id-a4-12143,Apartment for sale in Alimos,sale,,550000,109,3,,,"Alimos, Athens",,,https://ktimato.b-cdn.net/OLDSITE/wp-content/uploads/2025/12/A4-12143_Apartment-for-sale-in-Alimos-21.webp?width=1200&format=webp&quality=82,2026-09-01,,2026-09-01,json-ld datePosted; sitemap lastmod,2026-10-02T08:52:43Z,2026-09-01,2026-10-02
ktimatoemporiki.gr,Ktimatoemporiki,https://ktimatoemporiki.gr/property/apartment-for-sale-in-alimos-id-a4-7729,Apartment for sale in Alimos,sale,,670000,137,3,,,"Alimos, Athens",,,https://ktimato.b-cdn.net/OLDSITE/wp-content/uploads/2024/07/A4-7729_Apartment-for-sale-in-Alimos-2.webp?width=1200&format=webp&quality=82,2026-09-01,,2026-09-01,json-ld datePosted; sitemap lastmod,2026-10-02T08:52:43Z,2026-09-01,2026-10-02
ktimatoemporiki.gr,Ktimatoemporiki,https://ktimatoemporiki.gr/property/apartment-for-sale-in-ambelokipoi-athens-id-a4-13371,"Apartment for Sale in Ambelokipoi, Athens",sale,,155000,48,1,,,"Ampelokipoi, Athens",,,https://ktimato.b-cdn.net/OLDSITE/wp-content/uploads/2026/09/A4-13371_Apartment-for-Sale-in-Ampelokipi-Athens-1.webp?width=1200&format=webp&quality=82,2026-09-04,,2026-09-04,json-ld datePosted; sitemap lastmod,2026-10-02T08:52:43Z,2026-09-04,2026-10-02
ktimatoemporiki.gr,Ktimatoemporiki,https://ktimatoemporiki.gr/property/apartment-for-sale-in-ampelokipoi-athens-id-a4-13421,"Apartment for Sale in Ampelokipoi, Athens",sale,,252000,38,1,,,"Ampelokipoi, Athens",,,https://ktimato.b-cdn.net/OLDSITE/wp-content/uploads/2026/09/A4-13421_Apartment-for-Sale-in-Ampelokipoi-Athens-6.webp?width=1200&format=webp&quality=82,2026-09-11,,2026-09-11,json-ld datePosted; sitemap lastmod,2026-10-02T08:52:43Z,2026-09-11,2026-10-02
ktimatoemporiki.gr,Ktimatoemporiki,https://ktimatoemporiki.gr/property/apartment-for-sale-in-ampelokipoi-athens-id-a4-13572,"Apartment for Sale in Ampelokipoi, Athens",sale,,135000,58,1,,,"Ampelokipoi, Athens",,,https://ktimato.b-cdn.net/OLDSITE/wp-content/uploads/2026/10/A4-13572_Apartment-for-Sale-in-Ampelokipoi-Athens-11.webp?width=1200&format=webp&quality=82,2026-10-01,,2026-10-01,json-ld datePosted; sitemap lastmod,2026-10-02T08:52:43Z,2026-10-01,2026-10-02
ktimatoemporiki.gr,Ktimatoemporiki,https://ktimatoemporiki.gr/property/apartment-for-sale-in-ano-patisia-id-a4-12992,Apartment for Sale in Ano Patisia,sale,,136000,54,1,,,"Ano Patisia, Athens",,,https://ktimato.b-cdn.net/OLDSITE/wp-content/uploads/2026/06/A4-12992_Apartment-for-Sale-in-Ano-Patisia-14.webp?width=1200&format=webp&quality=82,2026-09-01,,2026-09-01,json-ld datePosted; sitemap lastmod,2026-10-02T08:52:43Z,2026-09-01,2026-10-02
ktimatoemporiki.gr,Ktimatoemporiki,https://ktimatoemporiki.gr/property/apartment-for-sale-in-athens-ampelokipoi-id-a4-3613,Apartment for sale in Athens Ampelokipoi,sale,,150000,52,1,,,"Ampelokipoi, Athens",,,https://ktimato.b-cdn.net/OLDSITE/wp-content/uploads/2022/04/A4-3613_Apartment-for-sale-in-Athens-Ampelokipoi-16.jpeg?width=1200&format=webp&quality=82,2026-09-01,,2026-09-25,json-ld datePosted; sitemap lastmod,2026-10-02T08:52:43Z,2026-09-25,2026-10-02
ktimatoemporiki.gr,Ktimatoemporiki,https://ktimatoemporiki.gr/property/apartment-for-sale-in-athens-center-id-a4-3357,Apartment for sale in Athens Center,sale,,350000,118,3,,,"Center Athens, Athens",,,https://ktimato.b-cdn.net/OLDSITE/wp-content/uploads/2022/02/Α4-3357_Apartment-for-sale-in-Athens-Center-6.jpeg?width=1200&format=webp&quality=82,2026-09-01,,2026-09-01,json-ld datePosted; sitemap lastmod,2026-10-02T08:52:43Z,2026-09-01,2026-10-02
ktimatoemporiki.gr,Ktimatoemporiki,https://ktimatoemporiki.gr/property/apartment-for-sale-in-athens-city-center-id-a4-7035,Apartment for sale in Athens city center,sale,,110000,55,1,,,"Center Athens, Athens",,,https://ktimato.b-cdn.net/OLDSITE/wp-content/uploads/2024/03/A4-7035_Apartment-for-sale-in-Athens-city-center-17.webp?width=1200&format=webp&quality=82,2026-09-01,,2026-09-01,json-ld datePosted; sitemap lastmod,2026-10-02T08:52:43Z,2026-09-01,2026-10-02
ktimatoemporiki.gr,Ktimatoemporiki,https://ktimatoemporiki.gr/property/apartment-for-sale-in-athens-egaleo-id-a4-6403,Apartment for sale in Athens Egaleo,sale,,160000,95,2,,,"Egaleo, Athens",,,https://ktimato.b-cdn.net/OLDSITE/wp-content/uploads/2023/12/A4-6403_Apartment-for-sale-in-Athens-Egaleo-1.webp?width=1200&format=webp&quality=82,2026-09-01,,2026-09-01,json-ld datePosted; sitemap lastmod,2026-10-02T08:52:43Z,2026-09-01,2026-10-02
ktimatoemporiki.gr,Ktimatoemporiki,https://ktimatoemporiki.gr/property/apartment-for-sale-in-athens-golden-visa-eligible-id-a4-13539,Apartment for Sale in Athens – Golden Visa Eligible,sale,,300000,60,2,,,"Kolonos - Kolokinthous, Athens",,,https://ktimato.b-cdn.net/OLDSITE/wp-content/uploads/2026/09/A4-13539_Apartment-for-Sale-in-Athens–Golden-Visa-Eligible-8.webp?width=1200&format=webp&quality=82,2026-09-24,,2026-09-24,json-ld datePosted; sitemap lastmod,2026-10-02T08:52:43Z,2026-09-24,2026-10-02
ktimatoemporiki.gr,Ktimatoemporiki,https://ktimatoemporiki.gr/property/apartment-for-sale-in-athens-id-a4-12938,Apartment for Sale in Athens,sale,,625000,96,2,,,"Elliniko, Athens",,,https://ktimato.b-cdn.net/OLDSITE/wp-content/uploads/2026/05/A4-12938_Apartment-for-Sale-in-Athens-7.webp?width=1200&format=webp&quality=82,2026-09-01,,2026-09-01,json-ld datePosted; sitemap lastmod,2026-10-02T08:52:43Z,2026-09-01,2026-10-02
ktimatoemporiki.gr,Ktimatoemporiki,https://ktimatoemporiki.gr/property/apartment-for-sale-in-athens-id-a4-4006,Apartment for sale in Athens,sale,,260000,72,3,,,"Mavili Square, Athens",,,https://ktimato.b-cdn.net/OLDSITE/wp-content/uploads/2022/07/A4-4006_Ktimatoemporiki-Apartment-for-sale-in-Athens-1.jpg?width=1200&format=webp&quality=82,2026-09-01,,2026-09-01,json-ld datePosted; sitemap lastmod,2026-10-02T08:52:43Z,2026-09-01,2026-10-02
ktimatoemporiki.gr,Ktimatoemporiki,https://ktimatoemporiki.gr/property/apartment-for-sale-in-athens-id-a4-8872,Apartment for sale in Athens,sale,,184000,52,1,,,"Ampelokipoi, Athens",,,https://ktimato.b-cdn.net/OLDSITE/wp-content/uploads/2024/11/A4-8872_Apartment-for-sale-in-Athens-1.jpg?width=1200&format=webp&quality=82,2026-09-01,,2026-09-01,json-ld datePosted; sitemap lastmod,2026-10-02T08:52:43Z,2026-09-01,2026-10-02
ktimatoemporiki.gr,Ktimatoemporiki,https://ktimatoemporiki.gr/property/apartment-for-sale-in-athens-id-a4-9383,Apartment for sale in Athens,sale,,140000,51,1,,,"Gazi - Metaxourgio - Votanikos, Athens",,,https://ktimato.b-cdn.net/OLDSITE/wp-content/uploads/2025/01/A4-9383_Apartment-for-sale-in-Athens-3.webp?width=1200&format=webp&quality=82,2026-09-01,,2026-09-01,json-ld datePosted; sitemap lastmod,2026-10-02T08:52:43Z,2026-09-01,2026-10-02
ktimatoemporiki.gr,Ktimatoemporiki,https://ktimatoemporiki.gr/property/apartment-for-sale-in-athens-id-a4-9852,Apartment for sale in Athens,sale,,280000,97,2,,,"Agia Paraskevi Athens, Athens",,,https://ktimato.b-cdn.net/OLDSITE/wp-content/uploads/2025/03/A4-9852_Apartment-for-sale-in-Athens-19.jpg?width=1200&format=webp&quality=82,2026-09-01,,2026-09-01,json-ld datePosted; sitemap lastmod,2026-10-02T08:52:43Z,2026-09-01,2026-10-02
ktimatoemporiki.gr,Ktimatoemporiki,https://ktimatoemporiki.gr/property/apartment-for-sale-in-athens-ilioupoli-id-a4-4601,Apartment for sale in Athens Ilioupoli,sale,,250000,97,3,,,"Ilioupoli, Athens",,,https://ktimato.b-cdn.net/OLDSITE/wp-content/uploads/2023/01/A4-4601_Apartment-for-sale-in-Athens-Ilioupoli-1.jpg?width=1200&format=webp&quality=82,2026-09-01,,2026-09-01,json-ld datePosted; sitemap lastmod,2026-10-02T08:52:43Z,2026-09-01,2026-10-02
ktimatoemporiki.gr,Ktimatoemporiki,https://ktimatoemporiki.gr/property/apartment-for-sale-in-athens-koukaki-id-a4-3859,Apartment for sale in Athens Koukaki,sale,,350000,80,2,,,"Koukaki - Makrigianni, Athens",,,https://ktimato.b-cdn.net/OLDSITE/wp-content/uploads/2022/06/A4-3859_Apartment-for-sale-in-Athens-Koukaki-5.jpg?width=1200&format=webp&quality=82,2026-09-01,,2026-09-01,json-ld datePosted; sitemap lastmod,2026-10-02T08:52:43Z,2026-09-01,2026-10-02
ktimatoemporiki.gr,Ktimatoemporiki,https://ktimatoemporiki.gr/property/apartment-for-sale-in-athens-metaxourgeio-id-a4-3402,Apartment for sale in Athens Metaxourgeio,sale,,80000,58,1,,,"Gazi - Metaxourgio - Votanikos, Athens",,,https://ktimato.b-cdn.net/OLDSITE/wp-content/uploads/2022/02/A4-3402_Apartment-for-sale-in-Athens-Metaxourgeio-21.jpeg?width=1200&format=webp&quality=82,2026-09-01,,2026-09-01,json-ld datePosted; sitemap lastmod,2026-10-02T08:52:43Z,2026-09-01,2026-10-02
ktimatoemporiki.gr,Ktimatoemporiki,https://ktimatoemporiki.gr/property/apartment-for-sale-in-athens-metaxourgio-id-a4-4895,Apartment for sale in Athens Metaxourgio,sale,,160000,80,2,,,"Gazi - Metaxourgio - Votanikos, Athens",,,https://ktimato.b-cdn.net/OLDSITE/wp-content/uploads/2023/04/A4-4895_Apartment-for-sale-in-Athens-Metaxourgio-4.jpg?width=1200&format=webp&quality=82,2026-09-01,,2026-09-01,json-ld datePosted; sitemap lastmod,2026-10-02T08:52:43Z,2026-09-01,2026-10-02
ktimatoemporiki.gr,Ktimatoemporiki,https://ktimatoemporiki.gr/property/apartment-for-sale-in-athens-neapolis-id-a4-3502,Apartment for sale in Athens Neapolis,sale,,522000,138,3,,,"Exarchia - Neapoli, Athens",,,https://ktimato.b-cdn.net/OLDSITE/wp-content/uploads/2022/03/A4-3502_Apartment-for-sale-in-Athens-Neapolis-11.jpg?width=1200&format=webp&quality=82,2026-09-01,,2026-09-01,json-ld datePosted; sitemap lastmod,2026-10-02T08:52:43Z,2026-09-01,2026-10-02
ktimatoemporiki.gr,Ktimatoemporiki,https://ktimatoemporiki.gr/property/apartment-for-sale-in-athens-pagrati-id-a4-3162,Apartment for sale in Athens Pagrati,sale,,420000,97,2,,,"Pangrati, Athens",,,https://ktimato.b-cdn.net/OLDSITE/wp-content/uploads/2022/02/A4-3162_Apartment-for-sale-in-Athens-Pagrati-2.png?width=1200&format=webp&quality=82,2026-09-01,,2026-09-01,json-ld datePosted; sitemap lastmod,2026-10-02T08:52:43Z,2026-09-01,2026-10-02
ktimatoemporiki.gr,Ktimatoemporiki,https://ktimatoemporiki.gr/property/apartment-for-sale-in-chalandri-athens-id-a4-13373,"Apartment for Sale in Chalandri, Athens",sale,,158000,48,1,,,"Chalandri, Athens",,,https://ktimato.b-cdn.net/OLDSITE/wp-content/uploads/2026/09/A4-13373_Apartment-for-Sale-in-Chalandri-Athens-16.webp?width=1200&format=webp&quality=82,2026-09-04,,2026-09-04,json-ld datePosted; sitemap lastmod,2026-10-02T08:52:43Z,2026-09-04,2026-10-02
ktimatoemporiki.gr,Ktimatoemporiki,https://ktimatoemporiki.gr/property/apartment-for-sale-in-chalandri-athens-id-a4-2458,Apartment for sale in Chalandri Athens,sale,,460000,110,2,,,"Chalandri, Athens",,,https://ktimato.b-cdn.net/OLDSITE/wp-content/uploads/2021/05/A4-2458_Apartment-for-sale-in-Chalandri-Athens-11.jpg?width=1200&format=webp&quality=82,2026-09-01,,2026-09-01,json-ld datePosted; sitemap lastmod,2026-10-02T08:52:43Z,2026-09-01,2026-10-02
ktimatoemporiki.gr,Ktimatoemporiki,https://ktimatoemporiki.gr/property/apartment-for-sale-in-exarchia-athens-center-id-a4-12847,"Apartment for Sale in Exarchia, Athens Center",sale,,320000,115,3,,,"Exarchia - Neapoli, Athens",,,https://ktimato.b-cdn.net/OLDSITE/wp-content/uploads/2026/05/A4-12847_Apartment-for-Sale-in-Exarchia-Athens-Center-4.webp?width=1200&format=webp&quality=82,2026-09-01,,2026-09-01,json-ld datePosted; sitemap lastmod,2026-10-02T08:52:43Z,2026-09-01,2026-10-02
ktimatoemporiki.gr,Ktimatoemporiki,https://ktimatoemporiki.gr/property/apartment-for-sale-in-gerakas-athens-id-a4-13427,"Apartment for Sale in Gerakas, Athens",sale,,380000,108,3,,,"Gerakas, Athens",,,https://ktimato.b-cdn.net/OLDSITE/wp-content/uploads/2026/09/A4-13427_Apartment-for-Sale-in-Gerakas-Athens.webp?width=1200&format=webp&quality=82,2026-09-12,,2026-09-12,json-ld datePosted; sitemap lastmod,2026-10-02T08:52:43Z,2026-09-12,2026-10-02
ktimatoemporiki.gr,Ktimatoemporiki,https://ktimatoemporiki.gr/property/apartment-for-sale-in-gizi-athens-id-a4-6827,Apartment for sale in Gizi Athens,sale,,106000,52,1,,,"Gizi, Athens",,,https://ktimato.b-cdn.net/OLDSITE/wp-content/uploads/2024/03/A4-6827_Ktimatoemporiki-Apartment-for-sale-in-Gizi-Athens-5.jpg?width=1200&format=webp&quality=82,2026-09-01,,2026-09-01,json-ld datePosted; sitemap lastmod,2026-10-02T08:52:43Z,2026-09-01,2026-10-02
ktimatoemporiki.gr,Ktimatoemporiki,https://ktimatoemporiki.gr/property/apartment-for-sale-in-glyfada-athens-id-a4-1294a,"Apartment for sale in Glyfada, Athens",sale,,850000,123,3,,,"Glyfada, Athens",,,https://ktimato.b-cdn.net/OLDSITE/wp-content/uploads/2020/03/A4-1294a_ktimatoemporiki_apartment_glyfada_for_sale-1.jpg?width=1200&format=webp&quality=82,2026-09-01,,2026-09-01,json-ld datePosted; sitemap lastmod,2026-10-02T08:52:43Z,2026-09-01,2026-10-02
ktimatoemporiki.gr,Ktimatoemporiki,https://ktimatoemporiki.gr/property/apartment-for-sale-in-glyfada-athens-id-a4-4462,Apartment for sale in Glyfada Athens,sale,,250000,36,1,,,"Glyfada, Athens",,,https://ktimato.b-cdn.net/OLDSITE/wp-content/uploads/2022/12/A4-4462_Apartment-for-sale-in-Glyfada-Athens-13.jpeg?width=1200&format=webp&quality=82,2026-09-01,,2026-09-01,json-ld datePosted; sitemap lastmod,2026-10-02T08:52:43Z,2026-09-01,2026-10-02
ktimatoemporiki.gr,Ktimatoemporiki,https://ktimatoemporiki.gr/property/apartment-for-sale-in-glyka-nera-athens-id-a4-13536,"Apartment for Sale in Glyka Nera, Athens",sale,,572000,142,3,,,"Glyka Nera, Athens",,,https://ktimato.b-cdn.net/OLDSITE/wp-content/uploads/2026/09/A4-13534_Three-Level-Loft-for-Sale-in-Gerakas-Athens-1-1.webp?width=1200&format=webp&quality=82,2026-09-25,,2026-09-25,json-ld datePosted; sitemap lastmod,2026-10-02T08:52:43Z,2026-09-25,2026-10-02
ktimatoemporiki.gr,Ktimatoemporiki,https://ktimatoemporiki.gr/property/apartment-for-sale-in-ilion-athens-id-a4-3356,Apartment for sale in Ilion Athens,sale,,65000,65,1,,,"Ilion, Athens",,,https://ktimato.b-cdn.net/OLDSITE/wp-content/uploads/2022/02/A4-3356_Apartment-for-sale-in-Ilion-Athens-10.jpg?width=1200&format=webp&quality=82,2026-09-01,,2026-09-01,json-ld datePosted; sitemap lastmod,2026-10-02T08:52:43Z,2026-09-01,2026-10-02
ktimatoemporiki.gr,Ktimatoemporiki,https://ktimatoemporiki.gr/property/apartment-for-sale-in-kallithea-athens-id-a4-13164,"Apartment for Sale in Kallithea, Athens",sale,,268000,51,1,,,"Kallithea, Athens",,,https://ktimato.b-cdn.net/OLDSITE/wp-content/uploads/2026/07/A4-13164_Apartment-for-Sale-in-Kallithea-Athens-2.webp?width=1200&format=webp&quality=82,2026-09-01,,2026-09-01,json-ld datePosted; sitemap lastmod,2026-10-02T08:52:43Z,2026-09-01,2026-10-02
ktimatoemporiki.gr,Ktimatoemporiki,https://ktimatoemporiki.gr/property/apartment-for-sale-in-kallithea-athens-id-a4-13380,"Apartment for Sale in Kallithea, Athens",sale,,160000,56,,,,"Kalithea, Athens",,,https://ktimato.b-cdn.net/OLDSITE/wp-content/uploads/2026/09/A4-13380_Apartment-for-Sale-in-Kallithea-Athens-7.webp?width=1200&format=webp&quality=82,2026-09-05,,2026-09-05,json-ld datePosted; sitemap lastmod,2026-10-02T08:52:43Z,2026-09-05,2026-10-02
ktimatoemporiki.gr,Ktimatoemporiki,https://ktimatoemporiki.gr/property/apartment-for-sale-in-kallithea-athens-id-a4-13447,"Apartment for Sale in Kallithea, Athens",sale,,500000,107,3,,,"Kalithea, Athens",,,https://ktimato.b-cdn.net/OLDSITE/wp-content/uploads/2026/09/A4-13447_Apartment-for-Sale-in-Kallithea-Athens-4-1.webp?width=1200&format=webp&quality=82,2026-09-14,,2026-09-14,json-ld datePosted; sitemap lastmod,2026-10-02T08:52:43Z,2026-09-14,2026-10-02
ktimatoemporiki.gr,Ktimatoemporiki,https://ktimatoemporiki.gr/property/apartment-for-sale-in-kallithea-athens-id-a4-13454,"Apartment for Sale in Kallithea, Athens",sale,,340000,80,2,,,"Kalithea, Athens",,,https://ktimato.b-cdn.net/OLDSITE/wp-content/uploads/2026/09/A4-13448_Athens-Apartment-for-Sale-in-Kallithea-4.webp?width=1200&format=webp&quality=82,2026-09-14,,2026-09-14,json-ld datePosted; sitemap lastmod,2026-10-02T08:52:43Z,2026-09-14,2026-10-02
ktimatoemporiki.gr,Ktimatoemporiki,https://ktimatoemporiki.gr/property/apartment-for-sale-in-kallithea-athens-id-a4-13456,"Apartment for Sale in Kallithea, Athens",sale,,320000,80,2,,,"Kalithea, Athens",,,https://ktimato.b-cdn.net/OLDSITE/wp-content/uploads/2026/09/A4-13448_Athens-Apartment-for-Sale-in-Kallithea-4.webp?width=1200&format=webp&quality=82,2026-09-14,,2026-09-14,json-ld datePosted; sitemap lastmod,2026-10-02T08:52:43Z,2026-09-14,2026-10-02
ktimatoemporiki.gr,Ktimatoemporiki,https://ktimatoemporiki.gr/property/apartment-for-sale-in-kallithea-athens-id-a4-13477,"Apartment for Sale in Kallithea, Athens",sale,,350000,86,2,,,"Kallithea, Athens",,,https://ktimato.b-cdn.net/OLDSITE/wp-content/uploads/2026/09/A4-13477_Apartment-for-Sale-in-Kallithea-Athens-4.webp?width=1200&format=webp&quality=82,2026-09-18,,2026-09-18,json-ld datePosted; sitemap lastmod,2026-10-02T08:52:43Z,2026-09-18,2026-10-02
ktimatoemporiki.gr,Ktimatoemporiki,https://ktimatoemporiki.gr/property/apartment-for-sale-in-kallithea-athens-id-a4-13492,"Apartment for Sale in Kallithea, Athens",sale,,540000,107,3,,,"Kallithea, Athens",,,https://ktimato.b-cdn.net/OLDSITE/wp-content/uploads/2026/09/A4-13492_Apartment-for-Sale-in-Kallithea-Athens-1.webp?width=1200&format=webp&quality=82,2026-09-19,,2026-09-19,json-ld datePosted; sitemap lastmod,2026-10-02T08:52:43Z,2026-09-19,2026-10-02
ktimatoemporiki.gr,Ktimatoemporiki,https://ktimatoemporiki.gr/property/apartment-for-sale-in-kypseli-athens-id-a4-12512,Apartment for sale in Kypseli Athens,sale,,185000,103,2,,,"Kypseli, Athens",,,https://ktimato.b-cdn.net/OLDSITE/wp-content/uploads/2026/02/A4-12512_Apartment-for-sale-in-Kypseli-Athens-1.webp?width=1200&format=webp&quality=82,2026-09-01,,2026-09-01,json-ld datePosted; sitemap lastmod,2026-10-02T08:52:43Z,2026-09-01,2026-10-02
ktimatoemporiki.gr,Ktimatoemporiki,https://ktimatoemporiki.gr/property/apartment-for-sale-in-kypseli-id-a4-9825,Golden Visa Apartment for sale in Kypseli,sale,,210000,40,1,,,"Kypseli, Athens",,,https://ktimato.b-cdn.net/OLDSITE/wp-content/uploads/2025/02/329054317_1600x1200.webp?width=1200&format=webp&quality=82,2026-10-02,,2026-09-01,json-ld datePosted; sitemap lastmod,2026-10-02T08:52:43Z,2026-09-01,2026-10-02
ktimatoemporiki.gr,Ktimatoemporiki,https://ktimatoemporiki.gr/property/apartment-for-sale-in-kypseli-id-a4-9826,Apartment for sale in Kypseli,sale,,225000,36,1,,,"Kypseli, Athens",,,https://ktimato.b-cdn.net/OLDSITE/wp-content/uploads/2025/02/A4-9826_Apartment-for-sale-in-Kypseli-1.jpg?width=1200&format=webp&quality=82,2026-09-01,,2026-09-01,json-ld datePosted; sitemap lastmod,2026-10-02T08:52:43Z,2026-09-01,2026-10-02
ktimatoemporiki.gr,Ktimatoemporiki,https://ktimatoemporiki.gr/property/apartment-for-sale-in-lagonisi-attica-id-a4-13574,"Apartment for Sale in Lagonisi, Attica",sale,,276000,96,2,,,"Kalyvia Thorikou, Attica",,,https://ktimato.b-cdn.net/OLDSITE/wp-content/uploads/2026/10/A4-13574_Apartment-for-Sale-in-Lagonisi-Attica-1.webp?width=1200&format=webp&quality=82,2026-10-02,,2026-10-02,json-ld datePosted; sitemap lastmod,2026-10-02T08:52:43Z,2026-10-02,2026-10-02
ktimatoemporiki.gr,Ktimatoemporiki,https://ktimatoemporiki.gr/property/apartment-for-sale-in-lycabettus-athens-id-a4-7869,Apartment for sale in Lycabettus Athens,sale,,270000,77,3,,,"Kolonaki - Lycabettus, Athens",,,https://ktimato.b-cdn.net/OLDSITE/wp-content/uploads/2024/08/A4-7869_Apartment-for-sale-in-Lycabettus-Athens-2.jpg?width=1200&format=webp&quality=82,2026-09-01,,2026-09-01,json-ld datePosted; sitemap lastmod,2026-10-02T08:52:43Z,2026-09-01,2026-10-02
ktimatoemporiki.gr,Ktimatoemporiki,https://ktimatoemporiki.gr/property/apartment-for-sale-in-marousi-athens-id-a4-13385,"Apartment for Sale in Marousi, Athens",sale,,250000,97,2,,,"Marousi, Athens",,,https://ktimato.b-cdn.net/OLDSITE/wp-content/uploads/2026/09/A4-13385_Apartment-for-Sale-in-Marousi-Athens-13.webp?width=1200&format=webp&quality=82,2026-09-07,,2026-09-07,json-ld datePosted; sitemap lastmod,2026-10-02T08:52:43Z,2026-09-07,2026-10-02
ktimatoemporiki.gr,Ktimatoemporiki,https://ktimatoemporiki.gr/property/apartment-for-sale-in-marousi-id-a4-9865,Apartment for sale in Marousi,sale,,430000,110,3,,,"Marousi, Athens",,,https://ktimato.b-cdn.net/OLDSITE/wp-content/uploads/2025/03/A4-9865_Apartment-for-sale-in-Marousi-5.webp?width=1200&format=webp&quality=82,2026-09-01,,2026-09-01,json-ld datePosted; sitemap lastmod,2026-10-02T08:52:43Z,2026-09-01,2026-10-02
ktimatoemporiki.gr,Ktimatoemporiki,https://ktimatoemporiki.gr/property/apartment-for-sale-in-melissia-id-a4-7540,Apartment for sale in Melissia,sale,,340000,76,2,,,"Melissia, Athens",,,https://ktimato.b-cdn.net/OLDSITE/wp-content/uploads/2024/07/A4-7540_Apartment-for-sale-in-Melissia-3.webp?width=1200&format=webp&quality=82,2026-09-01,,2026-09-01,json-ld datePosted; sitemap lastmod,2026-10-02T08:52:43Z,2026-09-01,2026-10-02
ktimatoemporiki.gr,Ktimatoemporiki,https://ktimatoemporiki.gr/property/apartment-for-sale-in-metaxourgeio-athens-id-a4-2656,Apartment for sale in Metaxourgeio Athens,sale,,95000,45,2,,,"Gazi - Metaxourgio - Votanikos, Athens",,,https://ktimato.b-cdn.net/OLDSITE/wp-content/uploads/2021/08/A4-2656_Apartment-for-sale-in-Metaxourgeio-Athens-8.jpg?width=1200&format=webp&quality=82,2026-09-01,,2026-09-01,json-ld datePosted; sitemap lastmod,2026-10-02T08:52:43Z,2026-09-01,2026-10-02
ktimatoemporiki.gr,Ktimatoemporiki,https://ktimatoemporiki.gr/property/apartment-for-sale-in-nea-smyrni-athens-id-a4-13317,"Apartment for Sale in Nea Smyrni, Athens",sale,,265000,78,2,,,"Nea Smyrni, Athens",,,https://ktimato.b-cdn.net/OLDSITE/wp-content/uploads/2026/08/A4-13317_Apartment-for-Sale-in-Nea-Smyrni-Athens-9.webp?width=1200&format=webp&quality=82,2026-09-26,,2026-09-26,json-ld datePosted; sitemap lastmod,2026-10-02T08:52:43Z,2026-09-26,2026-10-02
ktimatoemporiki.gr,Ktimatoemporiki,https://ktimatoemporiki.gr/property/apartment-for-sale-in-nea-smyrni-id-a4-5718,Apartment for sale in Nea Smyrni,sale,,200000,51,1,,,"Nea Smyrni, Athens",,,https://ktimato.b-cdn.net/OLDSITE/wp-content/uploads/2023/08/A4-5718_Apartment-for-sale-in-Nea-Smyrni-5.jpg?width=1200&format=webp&quality=82,2026-09-01,,2026-09-01,json-ld datePosted; sitemap lastmod,2026-10-02T08:52:43Z,2026-09-01,2026-10-02
ktimatoemporiki.gr,Ktimatoemporiki,https://ktimatoemporiki.gr/property/apartment-for-sale-in-neo-psychiko-id-a4-5159,Apartment for sale in Neo Psychiko,sale,,580000,134,3,,,"Neo Psychiko, Athens",,,https://ktimato.b-cdn.net/OLDSITE/wp-content/uploads/2023/05/A4-5159_Ktimatoemporiki-Apartment-for-sale-in-Neo-Psychiko-2.jpg?width=1200&format=webp&quality=82,2026-09-01,,2026-09-01,json-ld datePosted; sitemap lastmod,2026-10-02T08:52:43Z,2026-09-01,2026-10-02
ktimatoemporiki.gr,Ktimatoemporiki,https://ktimatoemporiki.gr/property/apartment-for-sale-in-neos-kosmos-athens-id-a4-13566,"Apartment for Sale in Neos Kosmos, Athens",sale,,215000,64,2,,,"Nea Smyrni, Athens",,,https://ktimato.b-cdn.net/OLDSITE/wp-content/uploads/2026/09/A4-13566_Apartment-for-Sale-in-Neos-Kosmos-Athens-15.webp?width=1200&format=webp&quality=82,2026-09-29,,2026-09-29,json-ld datePosted; sitemap lastmod,2026-10-02T08:52:43Z,2026-09-29,2026-10-02
ktimatoemporiki.gr,Ktimatoemporiki,https://ktimatoemporiki.gr/property/apartment-for-sale-in-pagrati-athens-id-a4-3163,Apartment for sale in Pagrati Athens,sale,,446000,197,2,,,"Pangrati, Athens",,,https://ktimato.b-cdn.net/OLDSITE/wp-content/uploads/2022/02/A4-3163_Apartment-for-sale-in-Pagrati-Athens-1.jpeg?width=1200&format=webp&quality=82,2026-09-01,,2026-09-01,json-ld datePosted; sitemap lastmod,2026-10-02T08:52:43Z,2026-09-01,2026-10-02
ktimatoemporiki.gr,Ktimatoemporiki,https://ktimatoemporiki.gr/property/apartment-for-sale-in-pagrati-athens-id-a4-3164,Apartment for sale in Pagrati Athens,sale,,540000,99,2,,,"Pangrati, Athens",,,https://ktimato.b-cdn.net/OLDSITE/wp-content/uploads/2022/02/A4-3164_Two-Bedroom-Apartment-for-sale-in-Pagrati-Athens-2.jpeg?width=1200&format=webp&quality=82,2026-09-01,,2026-09-01,json-ld datePosted; sitemap lastmod,2026-10-02T08:52:43Z,2026-09-01,2026-10-02
ktimatoemporiki.gr,Ktimatoemporiki,https://ktimatoemporiki.gr/property/apartment-for-sale-in-sepolia-athens-id-a4-2618,Apartment for sale in Sepolia Athens,sale,,95000,102,3,,,"Sepolia, Athens",,,https://ktimato.b-cdn.net/OLDSITE/wp-content/uploads/2021/07/A4-2618_Apartment-for-sale-in-Sepolia-Athens-4.jpg?width=1200&format=webp&quality=82,2026-09-01,,2026-09-01,json-ld datePosted; sitemap lastmod,2026-10-02T08:52:43Z,2026-09-01,2026-10-02
ktimatoemporiki.gr,Ktimatoemporiki,https://ktimatoemporiki.gr/property/apartment-for-sale-in-thiseio-athens-id-a4-3196,Apartment for sale in Thiseio Athens,sale,,210000,51,1,,,"Athens Historical Center, Athens",,,https://ktimato.b-cdn.net/OLDSITE/wp-content/uploads/2022/02/A4-3196-Apartment-for-sale-in-Thiseio-Athens-1.jpg?width=1200&format=webp&quality=82,2026-09-01,,2026-09-01,json-ld datePosted; sitemap lastmod,2026-10-02T08:52:43Z,2026-09-01,2026-10-02
ktimatoemporiki.gr,Ktimatoemporiki,https://ktimatoemporiki.gr/property/apartment-for-sale-in-victoria-square-athens-id-a4-11831,Apartment for sale in Victoria square Athens,sale,,70000,50,1,,,"Center Athens, Athens",,,https://ktimato.b-cdn.net/OLDSITE/wp-content/uploads/2025/11/A4-11831_Apartment-for-sale-in-Victoria-square-Athens-6.jpg?width=1200&format=webp&quality=82,2026-09-01,,2026-09-01,json-ld datePosted; sitemap lastmod,2026-10-02T08:52:43Z,2026-09-01,2026-10-02
ktimatoemporiki.gr,Ktimatoemporiki,https://ktimatoemporiki.gr/property/apartment-for-sale-in-voula-athens-id-a4-13375,"Apartment for Sale in Voula, Athens",sale,,720000,76,2,,,"Voula, Athens",,,https://ktimato.b-cdn.net/OLDSITE/wp-content/uploads/2026/09/A4-13344_Luxury-Apartment-for-Sale-in-Voula-1.webp?width=1200&format=webp&quality=82,2026-09-04,,2026-09-04,json-ld datePosted; sitemap lastmod,2026-10-02T08:52:43Z,2026-09-04,2026-10-02
ktimatoemporiki.gr,Ktimatoemporiki,https://ktimatoemporiki.gr/property/apartment-for-sale-in-vouliagmeni-athens,"Apartment for Sale in Vouliagmeni, Athens",sale,,730000,85,2,,,"Vouliagmeni, Athens",,,https://ktimato.b-cdn.net/OLDSITE/wp-content/uploads/2026/06/A4-13021_Apartment-for-Sale-in-Vouliagmeni-Athens-2.webp?width=1200&format=webp&quality=82,2026-09-03,,2026-09-03,json-ld datePosted; sitemap lastmod,2026-10-02T08:52:43Z,2026-09-03,2026-10-02
ktimatoemporiki.gr,Ktimatoemporiki,https://ktimatoemporiki.gr/property/apartment-for-sale-in-vrilissia-athens-id-a4-13431,"Apartment for Sale in Vrilissia, Athens",sale,,390000,84,2,,,"Vrilissia, Athens",,,https://ktimato.b-cdn.net/OLDSITE/wp-content/uploads/2026/09/A4-13431_Apartment-for-Sale-in-Vrilissia-Athens-1.webp?width=1200&format=webp&quality=82,2026-09-16,,2026-09-16,json-ld datePosted; sitemap lastmod,2026-10-02T08:52:43Z,2026-09-16,2026-10-02
ktimatoemporiki.gr,Ktimatoemporiki,https://ktimatoemporiki.gr/property/apartment-in-athens-center-for-sale-id-a4-11279,Apartment in Athens Center for sale,sale,,312000,62,1,,,"Gazi - Metaxourgio - Votanikos, Athens",,,https://ktimato.b-cdn.net/OLDSITE/wp-content/uploads/2025/09/A4-11279_Apartment-in-Athens-Center-for-sale-2.png?width=1200&format=webp&quality=82,2026-09-01,,2026-09-01,json-ld datePosted; sitemap lastmod,2026-10-02T08:52:43Z,2026-09-01,2026-10-02
ktimatoemporiki.gr,Ktimatoemporiki,https://ktimatoemporiki.gr/property/apartment-in-athens-elliniko-for-rent-id-a01-924,Apartment in Athens Elliniko for rent,rent,,1450,150,3,,,"Elliniko, Athens",,,https://ktimato.b-cdn.net/OLDSITE/wp-content/uploads/2022/02/A01-924-Apartment-in-Athens-Elliniko-for-rent-1.jpeg?width=1200&format=webp&quality=82,2026-09-01,,2026-09-01,json-ld datePosted; sitemap lastmod,2026-10-02T08:52:43Z,2026-09-01,2026-10-02
ktimatoemporiki.gr,Ktimatoemporiki,https://ktimatoemporiki.gr/property/apartment-in-athens-for-golden-visa-for-sale-id-a4-10715,Apartment in Athens for Golden Visa for sale,sale,,250000,65,1,,,"Keramikos, Athens",,,https://ktimato.b-cdn.net/OLDSITE/wp-content/uploads/2025/06/A4-10715_Apartment-in-Athens-for-Golden-Visa-for-sale-7.jpg?width=1200&format=webp&quality=82,2026-10-02,,2026-09-01,json-ld datePosted; sitemap lastmod,2026-10-02T08:52:43Z,2026-09-01,2026-10-02
ktimatoemporiki.gr,Ktimatoemporiki,https://ktimatoemporiki.gr/property/apartment-in-athens-for-sale-id-a4-9892,Apartment in Athens for sale,sale,,350000,105,3,,,"Argyroupoli Athens, Athens",,,https://ktimato.b-cdn.net/OLDSITE/wp-content/uploads/2025/03/A4-9892_Apartment-in-Athens-for-sale-20.jpg?width=1200&format=webp&quality=82,2026-09-01,,2026-09-01,json-ld datePosted; sitemap lastmod,2026-10-02T08:52:43Z,2026-09-01,2026-10-02
ktimatoemporiki.gr,Ktimatoemporiki,https://ktimatoemporiki.gr/property/apartment-in-athens-for-sale-in-glyfada-id-a4-7760,Apartment in Athens for sale in Glyfada,sale,,660000,147,4,,,"Glyfada, Athens",,,https://ktimato.b-cdn.net/OLDSITE/wp-content/uploads/2024/07/A4-7760_Apartment-in-Athens-for-sale-in-Glyfada-7.webp?width=1200&format=webp&quality=82,2026-09-01,,2026-09-01,json-ld datePosted; sitemap lastmod,2026-10-02T08:52:43Z,2026-09-01,2026-10-02
ktimatoemporiki.gr,Ktimatoemporiki,https://ktimatoemporiki.gr/property/apartment-in-athens-for-sale-in-pagrati-id-a4-3167,Apartment in Athens for sale in Pagrati,sale,,535000,123,3,,,"Pangrati, Athens",,,https://ktimato.b-cdn.net/OLDSITE/wp-content/uploads/2022/02/A4-3167_Apartment-in-Athens-for-sale-in-Pagrati-1.jpeg?width=1200&format=webp&quality=82,2026-09-01,,2026-09-01,json-ld datePosted; sitemap lastmod,2026-10-02T08:52:43Z,2026-09-01,2026-10-02
ktimatoemporiki.gr,Ktimatoemporiki,https://ktimatoemporiki.gr/property/apartment-in-athens-for-sale-metaxourgio-id-a4-6543,Apartment in Athens for sale Metaxourgio,sale,,190000,84,2,,,"Gazi - Metaxourgio - Votanikos, Athens",,,https://ktimato.b-cdn.net/OLDSITE/wp-content/uploads/2024/01/A4-6543_Apartment-in-Athens-for-sale-Metaxourgio-1.webp?width=1200&format=webp&quality=82,2026-09-01,,2026-09-01,json-ld datePosted; sitemap lastmod,2026-10-02T08:52:43Z,2026-09-01,2026-10-02
ktimatoemporiki.gr,Ktimatoemporiki,https://ktimatoemporiki.gr/property/apartment-in-athens-glyfada-for-sale-id-a4-3939,Apartment in Athens Glyfada for sale,sale,,690000,140,3,,,"Glyfada, Athens",,,https://ktimato.b-cdn.net/OLDSITE/wp-content/uploads/2022/07/A4-3939_Apartment-in-Athens-Glyfada-for-sale-10.jpg?width=1200&format=webp&quality=82,2026-09-01,,2026-09-01,json-ld datePosted; sitemap lastmod,2026-10-02T08:52:43Z,2026-09-01,2026-10-02
ktimatoemporiki.gr,Ktimatoemporiki,https://ktimatoemporiki.gr/property/apartment-in-glyfada-for-sale-athens-id-a4-3564,Apartment in Glyfada for sale Athens,sale,,950000,127,3,,,"Glyfada, Athens",,,https://ktimato.b-cdn.net/OLDSITE/wp-content/uploads/2022/03/A4-3564_Apartment-in-Glyfada-for-sale-Athens-5.jpg?width=1200&format=webp&quality=82,2026-09-01,,2026-09-01,json-ld datePosted; sitemap lastmod,2026-10-02T08:52:43Z,2026-09-01,2026-10-02
ktimatoemporiki.gr,Ktimatoemporiki,https://ktimatoemporiki.gr/property/apartment-in-glyfada-for-sale-id-a4-10252,Apartment in Glyfada for sale,sale,,560000,108,3,,,"Glyfada, Athens",,,https://ktimato.b-cdn.net/OLDSITE/wp-content/uploads/2025/04/A4-10214_Glyfada-Luxury-Apartment-for-sale-4-1.jpg?width=1200&format=webp&quality=82,2026-09-01,,2026-09-01,json-ld datePosted; sitemap lastmod,2026-10-02T08:52:43Z,2026-09-01,2026-10-02
ktimatoemporiki.gr,Ktimatoemporiki,https://ktimatoemporiki.gr/property/apartment-in-kallithea-for-sale-id-a4-12360,Apartment in Kallithea for sale,sale,,295000,68,2,,,"Kallithea, Athens",,,https://ktimato.b-cdn.net/OLDSITE/wp-content/uploads/2026/02/A4-12360_Apartment-in-Kallithea-for-sale.webp?width=1200&format=webp&quality=82,2026-09-01,,2026-09-01,json-ld datePosted; sitemap lastmod,2026-10-02T08:52:43Z,2026-09-01,2026-10-02
ktimatoemporiki.gr,Ktimatoemporiki,https://ktimatoemporiki.gr/property/apartment-in-kolonaki-for-sale-id-a4-7719,Apartment in Kolonaki for sale,sale,,770000,120,2,,,"Kolonaki - Lycabettus, Athens",,,https://ktimato.b-cdn.net/OLDSITE/wp-content/uploads/2024/07/A4-7719_Apartment-in-Kolonaki-for-sale-4.webp?width=1200&format=webp&quality=82,2026-09-01,,2026-09-01,json-ld datePosted; sitemap lastmod,2026-10-02T08:52:43Z,2026-09-01,2026-10-02
ktimatoemporiki.gr,Ktimatoemporiki,https://ktimatoemporiki.gr/property/apartment-in-pagrati-for-sale-id-a4-4009,Apartment in Pagrati for sale,sale,,240000,72,2,,,"Pangrati, Athens",,,https://ktimato.b-cdn.net/OLDSITE/wp-content/uploads/2022/07/A4-4009_Ktimatoemporiki-Apartment-in-Pagrati-for-sale-3.jpg?width=1200&format=webp&quality=82,2026-09-01,,2026-09-01,json-ld datePosted; sitemap lastmod,2026-10-02T08:52:43Z,2026-09-01,2026-10-02
ktimatoemporiki.gr,Ktimatoemporiki,https://ktimatoemporiki.gr/property/apartment-in-pagrati-for-sale-in-athens-id-a4-3169,Apartment in Pagrati for sale in Athens,sale,,560000,122,3,,,"Pangrati, Athens",,,https://ktimato.b-cdn.net/OLDSITE/wp-content/uploads/2022/02/A4-3169_Apartment-in-Pagrati-for-sale-in-Athens-1.jpeg?width=1200&format=webp&quality=82,2026-09-01,,2026-09-01,json-ld datePosted; sitemap lastmod,2026-10-02T08:52:43Z,2026-09-01,2026-10-02
ktimatoemporiki.gr,Ktimatoemporiki,https://ktimatoemporiki.gr/property/apartment-with-seaview-for-sale-in-glyfada-id-a4-5127,Apartment with seaview for sale in Glyfada,sale,,520000,120,3,,,"Glyfada, Athens",,,https://ktimato.b-cdn.net/OLDSITE/wp-content/uploads/2023/05/A4-5127_Apartment-with-seaview-for-sale-in-Glyfada-1.jpg?width=1200&format=webp&quality=82,2026-09-01,,2026-09-01,json-ld datePosted; sitemap lastmod,2026-10-02T08:52:43Z,2026-09-01,2026-10-02
ktimatoemporiki.gr,Ktimatoemporiki,https://ktimatoemporiki.gr/property/apartment-with-three-bedrooms-for-sale-in-chalandri-id-a4-4124,Apartment with three bedrooms for sale in Chalandri,sale,,550000,125,3,,,"Chalandri, Athens",,,https://ktimato.b-cdn.net/OLDSITE/wp-content/uploads/2022/09/A4-4124_Apartment-with-three-bedrooms-for-sale-in-Chalandri-4.png?width=1200&format=webp&quality=82,2026-09-01,,2026-09-01,json-ld datePosted; sitemap lastmod,2026-10-02T08:52:43Z,2026-09-01,2026-10-02
ktimatoemporiki.gr,Ktimatoemporiki,https://ktimatoemporiki.gr/property/athens-agia-paraskevi-luxury-penthouse-for-sale-id-a4-5318,Athens Agia Paraskevi Luxury Penthouse for sale,sale,,619000,124,2,,,"Agia Paraskevi Athens, Athens",,,https://ktimato.b-cdn.net/OLDSITE/wp-content/uploads/2023/06/A4-5318_Athens-Agia-Paraskevi-Luxury-Penthouse-for-sale-1.jpg?width=1200&format=webp&quality=82,2026-09-01,,2026-09-01,json-ld datePosted; sitemap lastmod,2026-10-02T08:52:43Z,2026-09-01,2026-10-02
ktimatoemporiki.gr,Ktimatoemporiki,https://ktimatoemporiki.gr/property/athens-apartment-for-sale-id-a4-12917,Athens Apartment for Sale,sale,,281000,44,1,,,"Exarchia - Neapoli, Athens",,,https://ktimato.b-cdn.net/OLDSITE/wp-content/uploads/2026/05/A4-12917_Athens-Apartment-for-Sale-12.webp?width=1200&format=webp&quality=82,2026-09-01,,2026-09-01,json-ld datePosted; sitemap lastmod,2026-10-02T08:52:43Z,2026-09-01,2026-10-02
ktimatoemporiki.gr,Ktimatoemporiki,https://ktimatoemporiki.gr/property/athens-apartment-for-sale-in-ampelokipoi-id-a4-13422,Athens Apartment for Sale in Ampelokipoi,sale,,250000,37,1,,,"Ampelokipoi, Athens",,,https://ktimato.b-cdn.net/OLDSITE/wp-content/uploads/2026/09/A4-13422_Athens-Apartment-for-Sale-in-Ampelokipoi-6.webp?width=1200&format=webp&quality=82,2026-09-11,,2026-09-11,json-ld datePosted; sitemap lastmod,2026-10-02T08:52:43Z,2026-09-11,2026-10-02
ktimatoemporiki.gr,Ktimatoemporiki,https://ktimatoemporiki.gr/property/athens-apartment-for-sale-in-glyfada-id-a4-3743,Athens Apartment for sale in Glyfada,sale,,690000,113,2,,,"Glyfada, Athens",,,https://ktimato.b-cdn.net/OLDSITE/wp-content/uploads/2022/05/A4-3743_Athens-Apartment-for-sale-in-Glyfada-14.jpg?width=1200&format=webp&quality=82,2026-09-01,,2026-09-01,json-ld datePosted; sitemap lastmod,2026-10-02T08:52:43Z,2026-09-01,2026-10-02
ktimatoemporiki.gr,Ktimatoemporiki,https://ktimatoemporiki.gr/property/athens-apartment-for-sale-in-kallithea-id-a4-13448,Athens Apartment for Sale in Kallithea,sale,,550000,107,3,,,"Kalithea, Athens",,,https://ktimato.b-cdn.net/OLDSITE/wp-content/uploads/2026/09/A4-13448_Athens-Apartment-for-Sale-in-Kallithea-2.webp?width=1200&format=webp&quality=82,2026-09-14,,2026-09-14,json-ld datePosted; sitemap lastmod,2026-10-02T08:52:43Z,2026-09-14,2026-10-02
ktimatoemporiki.gr,Ktimatoemporiki,https://ktimatoemporiki.gr/property/athens-apartment-for-sale-in-kallithea-id-a4-13453,Athens Apartment for Sale in Kallithea,sale,,350000,80,2,,,"Kalithea, Athens",,,https://ktimato.b-cdn.net/OLDSITE/wp-content/uploads/2026/09/A4-13448_Athens-Apartment-for-Sale-in-Kallithea-4.webp?width=1200&format=webp&quality=82,2026-09-14,,2026-09-14,json-ld datePosted; sitemap lastmod,2026-10-02T08:52:43Z,2026-09-14,2026-10-02
ktimatoemporiki.gr,Ktimatoemporiki,https://ktimatoemporiki.gr/property/athens-apartment-for-sale-in-kallithea-id-a4-13479,Athens Apartment for Sale in Kallithea,sale,,350000,87,2,,,"Kallithea, Athens",,,https://ktimato.b-cdn.net/OLDSITE/wp-content/uploads/2026/09/A4-13479_Athens-Apartment-for-Sale-in-Kallithea-5.webp?width=1200&format=webp&quality=82,2026-09-18,,2026-09-18,json-ld datePosted; sitemap lastmod,2026-10-02T08:52:43Z,2026-09-18,2026-10-02
ktimatoemporiki.gr,Ktimatoemporiki,https://ktimatoemporiki.gr/property/athens-apartment-for-sale-in-kallithea-id-a4-13494,Athens Apartment for Sale in Kallithea,sale,,220000,48,1,,,"Kallithea, Athens",,,https://ktimato.b-cdn.net/OLDSITE/wp-content/uploads/2026/09/A4-13494_Athens-Apartment-for-Sale-in-Kallithea-1.webp?width=1200&format=webp&quality=82,2026-09-19,,2026-09-19,json-ld datePosted; sitemap lastmod,2026-10-02T08:52:43Z,2026-09-19,2026-10-02
ktimatoemporiki.gr,Ktimatoemporiki,https://ktimatoemporiki.gr/property/athens-apartment-for-sale-in-kifissia-id-a3-3303,Athens apartment for sale in Kifissia,sale,,650000,130,3,,,"Kifisia, Athens",,,https://ktimato.b-cdn.net/OLDSITE/wp-content/uploads/2022/02/A3-3303_Athens-apartment-for-sale-in-Kifissia-1.jpg?width=1200&format=webp&quality=82,2026-09-01,,2026-09-01,json-ld datePosted; sitemap lastmod,2026-10-02T08:52:43Z,2026-09-01,2026-10-02
ktimatoemporiki.gr,Ktimatoemporiki,https://ktimatoemporiki.gr/property/athens-apartment-for-sale-in-marousi-id-a4-3607,Athens Apartment for sale in Marousi,sale,,230000,95,2,,,"Marousi, Athens",,,https://ktimato.b-cdn.net/OLDSITE/wp-content/uploads/2022/04/A4-3607_Athens-Apartment-for-sale-in-Marousi-1.jpg?width=1200&format=webp&quality=82,2026-09-01,,2026-09-01,json-ld datePosted; sitemap lastmod,2026-10-02T08:52:43Z,2026-09-01,2026-10-02
ktimatoemporiki.gr,Ktimatoemporiki,https://ktimatoemporiki.gr/property/athens-apartment-for-sale-in-voula-id-a4-13376,Athens Apartment for Sale in Voula,sale,,1170000,123,3,,,"Voula, Athens",,,https://ktimato.b-cdn.net/OLDSITE/wp-content/uploads/2026/09/A4-13376_Athens-Apartment-for-Sale-in-Voula-2.webp?width=1200&format=webp&quality=82,2026-09-04,,2026-09-04,json-ld datePosted; sitemap lastmod,2026-10-02T08:52:43Z,2026-09-04,2026-10-02
ktimatoemporiki.gr,Ktimatoemporiki,https://ktimatoemporiki.gr/property/athens-apartment-in-alimos-for-sale-id-a4-4332,Athens Apartment in Alimos for sale,sale,,450000,120,3,,,"Alimos, Athens",,,https://ktimato.b-cdn.net/OLDSITE/wp-content/uploads/2022/11/A4-4332_Athens-Apartment-in-Alimos-for-sale-7.jpg?width=1200&format=webp&quality=82,2026-09-01,,2026-09-01,json-ld datePosted; sitemap lastmod,2026-10-02T08:52:43Z,2026-09-01,2026-10-02
ktimatoemporiki.gr,Ktimatoemporiki,https://ktimatoemporiki.gr/property/athens-apartment-in-pagrati-for-sale-id-a4-3171,Athens Apartment in Pagrati for sale,sale,,635000,124,3,,,"Pangrati, Athens",,,https://ktimato.b-cdn.net/OLDSITE/wp-content/uploads/2022/02/A4-3171_Athens-Apartment-in-Pagrati-for-sale-1.jpeg?width=1200&format=webp&quality=82,2026-09-01,,2026-09-01,json-ld datePosted; sitemap lastmod,2026-10-02T08:52:43Z,2026-09-01,2026-10-02
ktimatoemporiki.gr,Ktimatoemporiki,https://ktimatoemporiki.gr/property/athens-chalandri-penthouse-for-sale-id-a4-2169,Athens Chalandri Penthouse for sale,sale,,645000,175,3,,,"Chalandri, Athens",,,https://ktimato.b-cdn.net/OLDSITE/wp-content/uploads/2021/04/A4-2169_Athens-Chalandri-Penthouse-for-sale-3.jpg?width=1200&format=webp&quality=82,2026-09-01,,2026-09-01,json-ld datePosted; sitemap lastmod,2026-10-02T08:52:43Z,2026-09-01,2026-10-02
ktimatoemporiki.gr,Ktimatoemporiki,https://ktimatoemporiki.gr/property/athens-duplex-apartment-for-sale-in-ano-glyfada-id-a4-13545,Athens Duplex Apartment for Sale in Ano Glyfada,sale,,1152000,137,3,,,"Glyfada, Athens",,,https://ktimato.b-cdn.net/OLDSITE/wp-content/uploads/2026/09/A4-13545_Athens-Duplex-Apartment-for-Sale-in-Ano-Glyfada-8.webp?width=1200&format=webp&quality=82,2026-09-28,,2026-09-28,json-ld datePosted; sitemap lastmod,2026-10-02T08:52:43Z,2026-09-28,2026-10-02
ktimatoemporiki.gr,Ktimatoemporiki,https://ktimatoemporiki.gr/property/athens-duplex-apartment-for-sale-in-gerakas-id-a4-13429,Athens Duplex Apartment for Sale in Gerakas,sale,,430000,113,4,,,"Gerakas, Athens",,,https://ktimato.b-cdn.net/OLDSITE/wp-content/uploads/2026/09/A4-13429_Athens-Duplex-Apartment-for-Sale-in-Gerakas-1.webp?width=1200&format=webp&quality=82,2026-09-12,,2026-09-12,json-ld datePosted; sitemap lastmod,2026-10-02T08:52:43Z,2026-09-12,2026-10-02
ktimatoemporiki.gr,Ktimatoemporiki,https://ktimatoemporiki.gr/property/athens-duplex-penthouse-for-sale-in-voula-id-a4-13515,Athens Duplex Penthouse for Sale in Voula,sale,,1575000,149,2,,,"Voula, Athens",,,https://ktimato.b-cdn.net/OLDSITE/wp-content/uploads/2026/09/A4-13515_Athens-Duplex-Penthouse-for-Sale-in-Voula-5.webp?width=1200&format=webp&quality=82,2026-09-22,,2026-09-22,json-ld datePosted; sitemap lastmod,2026-10-02T08:52:43Z,2026-09-22,2026-10-02
ktimatoemporiki.gr,Ktimatoemporiki,https://ktimatoemporiki.gr/property/athens-for-sale-apartment-in-amerikis-square-id-a4-2368,Athens for sale apartment in Amerikis Square,sale,,95000,82,2,,,"Patision - Acharnon, Athens",,,https://ktimato.b-cdn.net/OLDSITE/wp-content/uploads/2021/04/A4-2368_Athens-for-sale-apartment-in-Amerikis-Square-4.jpg?width=1200&format=webp&quality=82,2026-09-01,,2026-09-01,json-ld datePosted; sitemap lastmod,2026-10-02T08:52:43Z,2026-09-01,2026-10-02
ktimatoemporiki.gr,Ktimatoemporiki,https://ktimatoemporiki.gr/property/athens-glyfada-luxury-apartment-for-sale-id-a4-2568,Athens Glyfada Luxury Apartment for sale,sale,,962000,177,3,,,"Glyfada, Athens",,,https://ktimato.b-cdn.net/OLDSITE/wp-content/uploads/2021/06/A4-2568_Athens-Glyfada-Luxury-Apartment-for-sale-8.jpg?width=1200&format=webp&quality=82,2026-09-01,,2026-09-01,json-ld datePosted; sitemap lastmod,2026-10-02T08:52:43Z,2026-09-01,2026-10-02
ktimatoemporiki.gr,Ktimatoemporiki,https://ktimatoemporiki.gr/property/athens-golden-visa-apartment-for-sale-id-a4-12906,Athens Golden Visa Apartment for Sale,sale,,293000,45,1,,,"Exarchia - Neapoli, Athens",,,https://ktimato.b-cdn.net/OLDSITE/wp-content/uploads/2026/05/A4-12906_Athens-Golden-Visa-Apartment-for-Sale-1.webp?width=1200&format=webp&quality=82,2026-10-02,,2026-09-01,json-ld datePosted; sitemap lastmod,2026-10-02T08:52:43Z,2026-09-01,2026-10-02
ktimatoemporiki.gr,Ktimatoemporiki,https://ktimatoemporiki.gr/property/athens-golden-visa-eligible-apartment-for-sale-id-a4-13541,Athens Golden Visa Eligible Apartment for Sale,sale,,320000,71,2,,,"Kolonos - Kolokinthous, Athens",,,https://ktimato.b-cdn.net/OLDSITE/wp-content/uploads/2026/09/A4-13541_Athens-Golden-Visa-Eligible-Apartment-for-Sale-4.webp?width=1200&format=webp&quality=82,2026-09-24,,2026-09-24,json-ld datePosted; sitemap lastmod,2026-10-02T08:52:43Z,2026-09-24,2026-10-02
ktimatoemporiki.gr,Ktimatoemporiki,https://ktimatoemporiki.gr/property/athens-luxury-apartment-for-sale-glyfada-id-a4-2569,Athens Luxury Apartment for sale Glyfada,sale,,635000,116,2,,,"Glyfada, Athens",,,https://ktimato.b-cdn.net/OLDSITE/wp-content/uploads/2021/06/A4-2569_Athens-Luxury-Apartment-for-sale-Glyfada-21.jpg?width=1200&format=webp&quality=82,2026-09-01,,2026-09-01,json-ld datePosted; sitemap lastmod,2026-10-02T08:52:43Z,2026-09-01,2026-10-02
ktimatoemporiki.gr,Ktimatoemporiki,https://ktimatoemporiki.gr/property/athens-luxury-apartment-for-sale-in-agia-paraskevi-id-a4-2131,Athens Luxury Apartment for sale in Agia Paraskevi,sale,,260000,74,2,,,"Agia Paraskevi Athens, Athens",,,https://ktimato.b-cdn.net/OLDSITE/wp-content/uploads/2021/03/A4-2131_Athens-Luxury-Apartment-for-sale-in-Agia-Paraskevi-Ktimatoemporiki-8.jpg?width=1200&format=webp&quality=82,2026-09-01,,2026-09-01,json-ld datePosted; sitemap lastmod,2026-10-02T08:52:43Z,2026-09-01,2026-10-02
ktimatoemporiki.gr,Ktimatoemporiki,https://ktimatoemporiki.gr/property/athens-luxury-apartment-for-sale-in-gerakas-id-a4-13474,Athens Luxury Apartment for Sale in Gerakas,sale,,499000,120,3,,,"Gerakas, Athens",,,https://ktimato.b-cdn.net/OLDSITE/wp-content/uploads/2026/09/A4-13474_Athens-Luxury-Apartment-for-Sale-in-Gerakas-5.webp?width=1200&format=webp&quality=82,2026-09-17,,2026-09-17,json-ld datePosted; sitemap lastmod,2026-10-02T08:52:43Z,2026-09-17,2026-10-02
ktimatoemporiki.gr,Ktimatoemporiki,https://ktimatoemporiki.gr/property/athens-luxury-apartment-in-agia-paraskevi-for-sale-id-a4-2137,Athens Luxury Apartment in Agia Paraskevi for sale,sale,,520000,113,3,,,"Agia Paraskevi Athens, Athens",,,https://ktimato.b-cdn.net/OLDSITE/wp-content/uploads/2021/03/A4-2137_Athens-Luxury-Apartment-in-Agia-Paraskevi-for-sale-1.png?width=1200&format=webp&quality=82,2026-09-01,,2026-09-01,json-ld datePosted; sitemap lastmod,2026-10-02T08:52:43Z,2026-09-01,2026-10-02
ktimatoemporiki.gr,Ktimatoemporiki,https://ktimatoemporiki.gr/property/athens-luxury-maisonette-for-sale-alimos-id-a4-2062,Athens Luxury Maisonette for sale Alimos,sale,,1390000,183,3,,,"Alimos, Athens",,,https://ktimato.b-cdn.net/OLDSITE/wp-content/uploads/2021/03/A4-2062_ktimatoemporiki-Athens-Luxury-Maisonette-for-sale-Alimos-10.jpg?width=1200&format=webp&quality=82,2026-09-01,,2026-09-01,json-ld datePosted; sitemap lastmod,2026-10-02T08:52:43Z,2026-09-01,2026-10-02
ktimatoemporiki.gr,Ktimatoemporiki,https://ktimatoemporiki.gr/property/athens-luxury-maisonette-for-sale-in-gerakas-id-av-1717,Athens Luxury Maisonette for Sale in Gerakas,sale,,468000,230,4,,,"Gerakas, Athens",,,https://ktimato.b-cdn.net/OLDSITE/wp-content/uploads/2026/09/Av-1717_Athens-Luxury-Maisonette-for-Sale-in-Gerakas-1_5.webp?width=1200&format=webp&quality=82,2026-09-07,,2026-09-07,json-ld datePosted; sitemap lastmod,2026-10-02T08:52:43Z,2026-09-07,2026-10-02
ktimatoemporiki.gr,Ktimatoemporiki,https://ktimatoemporiki.gr/property/athens-luxury-maisonette-for-sale-in-glyfada-id-a4-13519,Athens Luxury Maisonette for Sale in Glyfada,sale,,1700000,175,3,,,"Glyfada, Athens",,,https://ktimato.b-cdn.net/OLDSITE/wp-content/uploads/2026/09/A4-13519_Athens-Luxury-Maisonette-for-Sale-in-Glyfada-10.webp?width=1200&format=webp&quality=82,2026-09-23,,2026-09-23,json-ld datePosted; sitemap lastmod,2026-10-02T08:52:43Z,2026-09-23,2026-10-02
ktimatoemporiki.gr,Ktimatoemporiki,https://ktimatoemporiki.gr/property/athens-luxury-one-bedroom-apartment-for-sale-in-chalandri-id-a4-7092,Athens Luxury One Bedroom Apartment for sale in Chalandri,sale,,495000,103,2,,,"Chalandri, Athens",,,https://ktimato.b-cdn.net/OLDSITE/wp-content/uploads/2024/04/A4-7092_Athens-Luxury-One-Bedroom-Apartment-for-sale-in-Chalandri-3.jpg?width=1200&format=webp&quality=82,2026-09-01,,2026-09-01,json-ld datePosted; sitemap lastmod,2026-10-02T08:52:43Z,2026-09-01,2026-10-02
ktimatoemporiki.gr,Ktimatoemporiki,https://ktimatoemporiki.gr/property/athens-luxury-penthouse-in-glyfada-id-a4-2095,Athens Luxury Penthouse in Glyfada,sale,,2000000,188,5,,,"Glyfada, Athens",,,https://ktimato.b-cdn.net/OLDSITE/wp-content/uploads/2021/03/A4-2095_Athens-Luxury-Penthouse-in-Glyfada-Ktimatoemporiki-5.jpg?width=1200&format=webp&quality=82,2026-09-01,,2026-09-01,json-ld datePosted; sitemap lastmod,2026-10-02T08:52:43Z,2026-09-01,2026-10-02
ktimatoemporiki.gr,Ktimatoemporiki,https://ktimatoemporiki.gr/property/athens-maisonette-for-sale-in-glyfada-id-a4-13463,Athens Maisonette for Sale in Glyfada,sale,,1708224,240,3,,,"Glyfada, Athens",,,https://ktimato.b-cdn.net/OLDSITE/wp-content/uploads/2026/09/A4-13463_Athens-Golden-Visa-Maisonette-for-Sale-in-Glyfada-1.webp?width=1200&format=webp&quality=82,2026-09-17,,2026-09-25,json-ld datePosted; sitemap lastmod,2026-10-02T08:52:43Z,2026-09-25,2026-10-02
ktimatoemporiki.gr,Ktimatoemporiki,https://ktimatoemporiki.gr/property/athens-maisonette-with-private-pool-for-sale-in-voula-id-a4-13378,Athens Maisonette with Private Pool for Sale in Voula,sale,,1350000,172,4,,,"Voula, Athens",,,https://ktimato.b-cdn.net/OLDSITE/wp-content/uploads/2026/09/A4-13378_Athens-Maisonette-with-Private-Pool-for-Sale-in-Voula-5.webp?width=1200&format=webp&quality=82,2026-09-04,,2026-09-04,json-ld datePosted; sitemap lastmod,2026-10-02T08:52:43Z,2026-09-04,2026-10-02
ktimatoemporiki.gr,Ktimatoemporiki,https://ktimatoemporiki.gr/property/athens-nea-smyrni-apartment-for-rent-id-a01-999,Athens Nea Smyrni Apartment for rent,rent,,800,97,2,,,"Nea Smyrni, Athens",,,https://ktimato.b-cdn.net/OLDSITE/wp-content/uploads/2022/04/A01-999_Athens-Nea-Smyrni-Apartment-for-rent-16.jpg?width=1200&format=webp&quality=82,2026-09-01,,2026-09-01,json-ld datePosted; sitemap lastmod,2026-10-02T08:52:43Z,2026-09-01,2026-10-02
ktimatoemporiki.gr,Ktimatoemporiki,https://ktimatoemporiki.gr/property/athens-new-build-maisonette-for-sale-in-gerakas-id-av-1715,Athens New Build Maisonette for Sale in Gerakas,sale,,440000,124,3,,,"Gerakas, Athens",,,https://ktimato.b-cdn.net/OLDSITE/wp-content/uploads/2026/09/Av-1715_Athens-New-Build-Maisonette-for-Sale-in-Gerakas-1.webp?width=1200&format=webp&quality=82,2026-09-07,,2026-09-07,json-ld datePosted; sitemap lastmod,2026-10-02T08:52:43Z,2026-09-07,2026-10-02
ktimatoemporiki.gr,Ktimatoemporiki,https://ktimatoemporiki.gr/property/athens-pagrati-apartment-for-sale-id-a4-3172,Athens Pagrati Apartment for sale,sale,,620000,124,3,,,"Pangrati, Athens",,,https://ktimato.b-cdn.net/OLDSITE/wp-content/uploads/2022/02/A4-3172_Athens-Pagrati-Apartment-for-sale-1.png?width=1200&format=webp&quality=82,2026-09-01,,2026-09-01,json-ld datePosted; sitemap lastmod,2026-10-02T08:52:43Z,2026-09-01,2026-10-02
ktimatoemporiki.gr,Ktimatoemporiki,https://ktimatoemporiki.gr/property/athens-penthouse-for-sale-id-a4-8738,Athens Penthouse for sale,sale,,545000,122,3,,,"Ilioupoli, Athens",,,https://ktimato.b-cdn.net/OLDSITE/wp-content/uploads/2024/11/A4-8738_Athens-Penthouse-for-sale.jpg?width=1200&format=webp&quality=82,2026-09-01,,2026-09-01,json-ld datePosted; sitemap lastmod,2026-10-02T08:52:43Z,2026-09-01,2026-10-02
ktimatoemporiki.gr,Ktimatoemporiki,https://ktimatoemporiki.gr/property/athens-penthouse-for-sale-in-chalandri-id-a4-3753,Athens Penthouse for sale in Chalandri,sale,,575000,125,3,,,"Chalandri, Athens",,,https://ktimato.b-cdn.net/OLDSITE/wp-content/uploads/2022/05/A4-3753_Athens-Penthouse-for-sale-in-Chalandri-6.jpg?width=1200&format=webp&quality=82,2026-09-01,,2026-09-01,json-ld datePosted; sitemap lastmod,2026-10-02T08:52:43Z,2026-09-01,2026-10-02
ktimatoemporiki.gr,Ktimatoemporiki,https://ktimatoemporiki.gr/property/athens-penthouse-for-sale-in-pagrati-id-a4-3177,Athens Penthouse for sale in Pagrati,sale,,1063000,191,4,,,"Pangrati, Athens",,,https://ktimato.b-cdn.net/OLDSITE/wp-content/uploads/2022/02/A4-3177_Athens-Penthouse-for-sale-in-Pagrati-2.jpeg?width=1200&format=webp&quality=82,2026-09-01,,2026-09-01,json-ld datePosted; sitemap lastmod,2026-10-02T08:52:43Z,2026-09-01,2026-10-02
ktimatoemporiki.gr,Ktimatoemporiki,https://ktimatoemporiki.gr/property/athens-riviera-duplex-apartment-for-sale-in-ano-glyfada-id-a4-13552,Athens Riviera Duplex Apartment for Sale in Ano Glyfada,sale,,476000,80,2,,,"Glyfada, Athens",,,https://ktimato.b-cdn.net/OLDSITE/wp-content/uploads/2026/09/A4-13552_Athens-Riviera-Duplex-Apartment-for-Sale-in-Ano-Glyfada-9.webp?width=1200&format=webp&quality=82,2026-09-29,,2026-09-29,json-ld datePosted; sitemap lastmod,2026-10-02T08:52:43Z,2026-09-29,2026-10-02
ktimatoemporiki.gr,Ktimatoemporiki,https://ktimatoemporiki.gr/property/athens-seaview-apartment-for-sale-in-glyfada-id-a4-13362,Athens Seaview Apartment for Sale in Glyfada,sale,,510000,72,2,,,"Glyfada, Athens",,,https://ktimato.b-cdn.net/OLDSITE/wp-content/uploads/2026/09/A4-13362_Athens-Seaview-Apartment-for-Sale-in-Glyfada-1.webp?width=1200&format=webp&quality=82,2026-09-04,,2026-09-04,json-ld datePosted; sitemap lastmod,2026-10-02T08:52:43Z,2026-09-04,2026-10-02
ktimatoemporiki.gr,Ktimatoemporiki,https://ktimatoemporiki.gr/property/athens-seaview-apartment-for-sale-in-kallithea-id-a4-13411,Athens Seaview Apartment for Sale in Kallithea,sale,,1000000,80,2,,,"Kallithea, Athens",,,https://ktimato.b-cdn.net/im1.webp?width=1200&format=webp&quality=82,2026-10-02,,2026-09-10,json-ld datePosted; sitemap lastmod,2026-10-02T08:52:43Z,2026-09-10,2026-10-02
ktimatoemporiki.gr,Ktimatoemporiki,https://ktimatoemporiki.gr/property/athens-top-floor-maisonette-for-sale-in-marousi-id-a4-2652,Athens Top Floor Maisonette for sale in Marousi,sale,,500000,149,3,,,"Marousi, Athens",,,https://ktimato.b-cdn.net/OLDSITE/wp-content/uploads/2021/08/A4-2652_Athens-Top-Floor-Maisonette-for-sale-in-Marousi-3.jpg?width=1200&format=webp&quality=82,2026-09-01,,2026-09-01,json-ld datePosted; sitemap lastmod,2026-10-02T08:52:43Z,2026-09-01,2026-10-02
ktimatoemporiki.gr,Ktimatoemporiki,https://ktimatoemporiki.gr/property/boutique-hotel-for-sale-in-thissio-athens-id-a2-800,"Boutique Hotel for Sale in Thissio, Athens",sale,,2800000,260,,,,"Thissio, Athens",,,https://ktimato.b-cdn.net/OLDSITE/wp-content/uploads/2026/09/A2-800_Boutique-Hotel-for-Sale-in-Thissio-Athens-8.webp?width=1200&format=webp&quality=82,2026-09-30,,2026-09-30,json-ld datePosted; sitemap lastmod,2026-10-02T08:52:43Z,2026-09-30,2026-10-02
ktimatoemporiki.gr,Ktimatoemporiki,https://ktimatoemporiki.gr/property/building-for-sale-in-votanikos-athens-id-ab-1713,"Building for Sale in Votanikos, Athens",sale,,7000000,3216,,,,"Gazi - Metaxourgio - Votanikos, Athens",,,https://ktimato.b-cdn.net/OLDSITE/wp-content/uploads/2026/09/AB-1713_Building-for-Sale-in-Votanikos-Athens-1.webp?width=1200&format=webp&quality=82,2026-09-24,,2026-09-24,json-ld datePosted; sitemap lastmod,2026-10-02T08:52:43Z,2026-09-24,2026-10-02
ktimatoemporiki.gr,Ktimatoemporiki,https://ktimatoemporiki.gr/property/chalandri-apartment-for-sale-athens-id-a4-2083,Chalandri Apartment for sale Athens,sale,,310000,83,2,,,"Chalandri, Athens",,,https://ktimato.b-cdn.net/OLDSITE/wp-content/uploads/2021/03/A4-2083_ktimatoemporiki-Chalandri-Apartment-for-sale-Athens-1.jpg?width=1200&format=webp&quality=82,2026-09-01,,2026-09-01,json-ld datePosted; sitemap lastmod,2026-10-02T08:52:43Z,2026-09-01,2026-10-02
ktimatoemporiki.gr,Ktimatoemporiki,https://ktimatoemporiki.gr/property/chalandri-maisonette-for-sale-athens-id-a4-4889,Chalandri Maisonette for sale Athens,sale,,570000,147,3,,,"Chalandri, Athens",,,https://ktimato.b-cdn.net/OLDSITE/wp-content/uploads/2023/04/A4-4889_Chalandri-Maisonette-for-sale-Athens-1.jpg?width=1200&format=webp&quality=82,2026-09-01,,2026-09-01,json-ld datePosted; sitemap lastmod,2026-10-02T08:52:43Z,2026-09-01,2026-10-02
ktimatoemporiki.gr,Ktimatoemporiki,https://ktimatoemporiki.gr/property/charming-and-convenient-apartment-in-kolonaki-id-a4-5773,Charming and Convenient Apartment in Kolonaki,sale,,480000,83,2,,,"Kolonaki - Lycabettus, Athens",,,https://ktimato.b-cdn.net/OLDSITE/wp-content/uploads/2023/08/Α4-5773_Charming-and-Convenient-Apartment-in-Kolonaki-14.jpg?width=1200&format=webp&quality=82,2026-09-01,,2026-09-01,json-ld datePosted; sitemap lastmod,2026-10-02T08:52:43Z,2026-09-01,2026-10-02
ktimatoemporiki.gr,Ktimatoemporiki,https://ktimatoemporiki.gr/property/commercial-building-for-sale-in-gerakas-athens-id-ab-1714,"Commercial Building for Sale in Gerakas, Athens",sale,,1000000,460,,,,"Gerakas, Athens",,,https://ktimato.b-cdn.net/OLDSITE/wp-content/uploads/2026/09/AB-1714_Commercial-Building-for-Sale-in-Gerakas-Athens-21.webp?width=1200&format=webp&quality=82,2026-09-26,,2026-09-26,json-ld datePosted; sitemap lastmod,2026-10-02T08:52:43Z,2026-09-26,2026-10-02
ktimatoemporiki.gr,Ktimatoemporiki,https://ktimatoemporiki.gr/property/commercial-building-for-sale-in-varkiza-athens-id-ab-1715,"Commercial Building for Sale in Varkiza, Athens",sale,,3200000,650,,,,"Vari - Varkiza, Athens",,,https://ktimato.b-cdn.net/OLDSITE/wp-content/uploads/2026/09/AB-1715_Commercial-Building-for-Sale-in-Varkiza-Athens-8.webp?width=1200&format=webp&quality=82,2026-09-26,,2026-09-26,json-ld datePosted; sitemap lastmod,2026-10-02T08:52:43Z,2026-09-26,2026-10-02
ktimatoemporiki.gr,Ktimatoemporiki,https://ktimatoemporiki.gr/property/commercial-property-for-sale-in-kallithea-athens-id-ac-226,"Commercial Property for Sale in Kallithea, Athens",sale,,190000,66,,,,"Kallithea, Athens",,,https://ktimato.b-cdn.net/OLDSITE/wp-content/uploads/2026/09/AC-226_Commercial-Property-for-Sale-in-Kallithea-Athens-1.webp?width=1200&format=webp&quality=82,2026-09-19,,2026-09-19,json-ld datePosted; sitemap lastmod,2026-10-02T08:52:43Z,2026-09-19,2026-10-02
ktimatoemporiki.gr,Ktimatoemporiki,https://ktimatoemporiki.gr/property/commercial-property-for-sale-in-kallithea-athens-id-ac-227,"Commercial Property for Sale in Kallithea, Athens",sale,,190000,80,,,,"Kallithea, Athens",,,https://ktimato.b-cdn.net/OLDSITE/wp-content/uploads/2026/09/AC-227_Commercial-Property-for-Sale-in-Kallithea-Athens.webp?width=1200&format=webp&quality=82,2026-09-21,,2026-09-21,json-ld datePosted; sitemap lastmod,2026-10-02T08:52:43Z,2026-09-21,2026-10-02
ktimatoemporiki.gr,Ktimatoemporiki,https://ktimatoemporiki.gr/property/contemporary-loft-apartment-for-sale-in-acharnes-athens-id-a4-13481,"Contemporary Loft Apartment for Sale in Acharnes, Athens",sale,,240000,75,1,,,"Acharnes, Athens",,,https://ktimato.b-cdn.net/OLDSITE/wp-content/uploads/2026/09/A4-13481_Contemporary-Loft-Apartment-for-Sale-in-Acharnes-Athens-1.webp?width=1200&format=webp&quality=82,2026-09-18,,2026-09-18,json-ld datePosted; sitemap lastmod,2026-10-02T08:52:43Z,2026-09-18,2026-10-02
ktimatoemporiki.gr,Ktimatoemporiki,https://ktimatoemporiki.gr/property/detached-house-for-sale-in-artemida-id-a4-7756,Detached House for Sale in Artemida,sale,,390000,145,2,,,"Artemida, Athens",,,https://ktimato.b-cdn.net/OLDSITE/wp-content/uploads/2024/07/A4-7756_Detached-House-for-Sale-in-Artemida-2.webp?width=1200&format=webp&quality=82,2026-09-28,,2026-09-28,json-ld datePosted; sitemap lastmod,2026-10-02T08:52:43Z,2026-09-28,2026-10-02
ktimatoemporiki.gr,Ktimatoemporiki,https://ktimatoemporiki.gr/property/detached-house-for-sale-in-chalandri-id-a4-7117,Detached House for sale in Chalandri,sale,,450000,217,3,,,"Chalandri, Athens",,,https://ktimato.b-cdn.net/OLDSITE/wp-content/uploads/2024/04/A4-7117_Detached-House-for-sale-in-Chalandri-1.jpg?width=1200&format=webp&quality=82,2026-09-01,,2026-09-01,json-ld datePosted; sitemap lastmod,2026-10-02T08:52:43Z,2026-09-01,2026-10-02
ktimatoemporiki.gr,Ktimatoemporiki,https://ktimatoemporiki.gr/property/detached-house-for-sale-in-drosia-id-a4-13386,Detached House for Sale in Drosia,sale,,800000,300,4,,,"Drosia, Athens",,,https://ktimato.b-cdn.net/OLDSITE/wp-content/uploads/2026/09/A4-13386_Detached-House-for-Sale-in-Drosia-14.webp?width=1200&format=webp&quality=82,2026-09-07,,2026-09-07,json-ld datePosted; sitemap lastmod,2026-10-02T08:52:43Z,2026-09-07,2026-10-02
ktimatoemporiki.gr,Ktimatoemporiki,https://ktimatoemporiki.gr/property/detached-house-for-sale-in-loutsa-artemida-id-a4-8383,Detached House for sale in Loutsa Artemida,sale,,320000,144,3,,,"Artemida, Athens",,,https://ktimato.b-cdn.net/OLDSITE/wp-content/uploads/2024/10/A4-8383_Detached-House-for-sale-in-Loutsa-Artemida-2.jpg?width=1200&format=webp&quality=82,2026-09-01,,2026-09-01,json-ld datePosted; sitemap lastmod,2026-10-02T08:52:43Z,2026-09-01,2026-10-02
ktimatoemporiki.gr,Ktimatoemporiki,https://ktimatoemporiki.gr/property/detached-house-in-artemida-for-sale-id-a4-7880,Detached House in Artemida for sale,sale,,115000,70,2,,,"Artemida, Athens",,,https://ktimato.b-cdn.net/OLDSITE/wp-content/uploads/2024/08/A4-7880_Detached-House-in-Artemida-for-sale-7.webp?width=1200&format=webp&quality=82,2026-09-01,,2026-09-01,json-ld datePosted; sitemap lastmod,2026-10-02T08:52:43Z,2026-09-01,2026-10-02
ktimatoemporiki.gr,Ktimatoemporiki,https://ktimatoemporiki.gr/property/duplex-apartment-for-sale-in-ano-glyfada-athens-id-a4-13547,"Duplex Apartment for Sale in Ano Glyfada, Athens",sale,,975000,136,3,,,"Glyfada, Athens",,,https://ktimato.b-cdn.net/OLDSITE/wp-content/uploads/2026/09/A4-13547_Duplex-Apartment-for-Sale-in-Ano-Glyfada-Athens-4.webp?width=1200&format=webp&quality=82,2026-09-28,,2026-09-28,json-ld datePosted; sitemap lastmod,2026-10-02T08:52:43Z,2026-09-28,2026-10-02
ktimatoemporiki.gr,Ktimatoemporiki,https://ktimatoemporiki.gr/property/duplex-apartment-for-sale-in-athens-a4-7736,Duplex Apartment for sale in Athens,sale,,330000,118,2,,,"Center Athens, Athens",,,https://ktimato.b-cdn.net/OLDSITE/wp-content/uploads/2024/07/A4-7736_Duplex-Apartment-for-sale-in-Athens-1.webp?width=1200&format=webp&quality=82,2026-09-01,,2026-09-01,json-ld datePosted; sitemap lastmod,2026-10-02T08:52:43Z,2026-09-01,2026-10-02
ktimatoemporiki.gr,Ktimatoemporiki,https://ktimatoemporiki.gr/property/duplex-apartment-for-sale-in-gazi-athens-id-a4-11283,Duplex Apartment for sale in Gazi Athens,sale,,609000,103,2,,,"Gazi - Metaxourgio - Votanikos, Athens",,,https://ktimato.b-cdn.net/OLDSITE/wp-content/uploads/2025/09/A4-11283_Duplex-Apartment-for-sale-in-Gazi-Athens-3.png?width=1200&format=webp&quality=82,2026-09-01,,2026-09-01,json-ld datePosted; sitemap lastmod,2026-10-02T08:52:43Z,2026-09-01,2026-10-02
ktimatoemporiki.gr,Ktimatoemporiki,https://ktimatoemporiki.gr/property/duplex-apartment-for-sale-in-gerakas-athens-id-a4-13428,"Duplex Apartment for Sale in Gerakas, Athens",sale,,450000,117,4,,,"Gerakas, Athens",,,https://ktimato.b-cdn.net/OLDSITE/wp-content/uploads/2026/09/A4-13428_Duplex-Apartment-for-Sale-in-Gerakas-Athens-2.webp?width=1200&format=webp&quality=82,2026-09-12,,2026-09-12,json-ld datePosted; sitemap lastmod,2026-10-02T08:52:43Z,2026-09-12,2026-10-02
ktimatoemporiki.gr,Ktimatoemporiki,https://ktimatoemporiki.gr/property/duplex-apartment-for-sale-in-kallithea-athens-id-a4-13508,"Duplex Apartment for Sale in Kallithea, Athens",sale,,290000,103,3,,,"Kallithea, Athens",,,https://ktimato.b-cdn.net/OLDSITE/wp-content/uploads/2026/09/A4-13508_Duplex-Apartment-for-Sale-in-Kallithea-Athens-3.webp?width=1200&format=webp&quality=82,2026-09-21,,2026-09-21,json-ld datePosted; sitemap lastmod,2026-10-02T08:52:43Z,2026-09-21,2026-10-02
ktimatoemporiki.gr,Ktimatoemporiki,https://ktimatoemporiki.gr/property/duplex-apartment-in-athens-elliniko-id-a4-7918,Duplex Apartment in Athens Elliniko,sale,,750000,135,1,,,"Elliniko, Athens",,,https://ktimato.b-cdn.net/OLDSITE/wp-content/uploads/2024/08/A4-7918_Duplex-Apartment-in-Athens-Elliniko-12.webp?width=1200&format=webp&quality=82,2026-09-01,,2026-09-01,json-ld datePosted; sitemap lastmod,2026-10-02T08:52:43Z,2026-09-01,2026-10-02
ktimatoemporiki.gr,Ktimatoemporiki,https://ktimatoemporiki.gr/property/duplex-maisonette-for-sale-in-alimos-athens-id-a4-13525,"Duplex Maisonette for Sale in Alimos, Athens",sale,,873000,123,3,,,"Alimos, Athens",,,https://ktimato.b-cdn.net/OLDSITE/wp-content/uploads/2026/09/A4-13525_Duplex-Maisonette-for-Sale-in-Alimos-Athens.webp?width=1200&format=webp&quality=82,2026-09-24,,2026-09-24,json-ld datePosted; sitemap lastmod,2026-10-02T08:52:43Z,2026-09-24,2026-10-02
ktimatoemporiki.gr,Ktimatoemporiki,https://ktimatoemporiki.gr/property/duplex-maisonette-for-sale-in-glyka-nera-athens-id-a4-13430,"Duplex Maisonette for Sale in Glyka Nera, Athens",sale,,380000,109,3,,,"Glyka Nera, Athens",,,https://ktimato.b-cdn.net/OLDSITE/wp-content/uploads/2026/09/A4-13430_Duplex-Maisonette-for-Sale-in-Glyka-Nera-Athens-2.webp?width=1200&format=webp&quality=82,2026-09-12,,2026-09-12,json-ld datePosted; sitemap lastmod,2026-10-02T08:52:43Z,2026-09-12,2026-10-02
ktimatoemporiki.gr,Ktimatoemporiki,https://ktimatoemporiki.gr/property/duplex-maisonette-for-sale-in-kallithea-athens-id-a4-13450,"Duplex Maisonette for Sale in Kallithea, Athens",sale,,500000,125,3,,,"Kalithea, Athens",,,https://ktimato.b-cdn.net/OLDSITE/wp-content/uploads/2026/09/A4-13448_Athens-Apartment-for-Sale-in-Kallithea-4.webp?width=1200&format=webp&quality=82,2026-09-18,,2026-09-18,json-ld datePosted; sitemap lastmod,2026-10-02T08:52:43Z,2026-09-18,2026-10-02
ktimatoemporiki.gr,Ktimatoemporiki,https://ktimatoemporiki.gr/property/duplex-penthouse-apartmet-for-sale-in-votanikos-athens-id-a4-13512,"Duplex Penthouse Apartmet for Sale in Votanikos, Athens",sale,,584000,181,3,,,"Gazi - Metaxourgio - Votanikos, Athens",,,https://ktimato.b-cdn.net/im1.webp?width=1200&format=webp&quality=82,2026-10-02,,2026-09-21,json-ld datePosted; sitemap lastmod,2026-10-02T08:52:43Z,2026-09-21,2026-10-02
ktimatoemporiki.gr,Ktimatoemporiki,https://ktimatoemporiki.gr/property/duplex-penthouse-for-sale-in-voula-athens-id-a4-13379,"Duplex Penthouse for Sale in Voula, Athens",sale,,1650000,157,2,,,"Voula, Athens",,,https://ktimato.b-cdn.net/OLDSITE/wp-content/uploads/2026/09/A4-13379_Duplex-Penthouse-for-Sale-in-Voula-Athens-1.png?width=1200&format=webp&quality=82,2026-09-22,,2026-09-22,json-ld datePosted; sitemap lastmod,2026-10-02T08:52:43Z,2026-09-22,2026-10-02
ktimatoemporiki.gr,Ktimatoemporiki,https://ktimatoemporiki.gr/property/egaleo-building-for-sale-id-ab-1338,Egaleo Building for sale,sale,,820000,409,8,,,"Egaleo, Athens",,,https://ktimato.b-cdn.net/OLDSITE/wp-content/uploads/2024/04/AB-1338_Egaleo-Building-for-sale-2.jpg?width=1200&format=webp&quality=82,2026-09-01,,2026-09-01,json-ld datePosted; sitemap lastmod,2026-10-02T08:52:43Z,2026-09-01,2026-10-02
ktimatoemporiki.gr,Ktimatoemporiki,https://ktimatoemporiki.gr/property/fifth-floor-apartment-for-sale-in-kallithea-athens-id-a4-13506,"Fifth Floor Apartment for Sale in Kallithea, Athens",sale,,330000,75,2,,,"Kalithea, Athens",,,https://ktimato.b-cdn.net/OLDSITE/wp-content/uploads/2026/09/A4-13506_Fifth-Floor-Apartment-for-Sale-in-Kallithea-Athens-5.webp?width=1200&format=webp&quality=82,2026-09-21,,2026-09-21,json-ld datePosted; sitemap lastmod,2026-10-02T08:52:43Z,2026-09-21,2026-10-02
ktimatoemporiki.gr,Ktimatoemporiki,https://ktimatoemporiki.gr/property/five-bedroom-maisonette-for-sale-in-filopappou-athens-id-a4-11555,Five Bedroom Maisonette for sale in Filopappou Athens,sale,,3050000,420,5,,,"Center Athens, Athens",,,https://ktimato.b-cdn.net/OLDSITE/wp-content/uploads/2025/10/A4-11555_Five-Bedroom-Maisonette-for-sale-in-Filopappou-Athens-4.png?width=1200&format=webp&quality=82,2026-09-01,,2026-09-01,json-ld datePosted; sitemap lastmod,2026-10-02T08:52:43Z,2026-09-01,2026-10-02
ktimatoemporiki.gr,Ktimatoemporiki,https://ktimatoemporiki.gr/property/for-sale-apartment-in-kifisia-id-a4-6534,For sale apartment in Kifissia,sale,,1150000,233,4,,,"Kifisia, Athens",,,https://ktimato.b-cdn.net/OLDSITE/wp-content/uploads/2024/01/A4-6534_For-sale-apartment-in-Kifissia-5.webp?width=1200&format=webp&quality=82,2026-09-01,,2026-09-01,json-ld datePosted; sitemap lastmod,2026-10-02T08:52:43Z,2026-09-01,2026-10-02
ktimatoemporiki.gr,Ktimatoemporiki,https://ktimatoemporiki.gr/property/for-sale-apartment-in-marousi-id-a4-9696,Golden Visa For sale Apartment in Marousi,sale,,150000,27,1,,,"Marousi, Athens",,,https://ktimato.b-cdn.net/OLDSITE/wp-content/uploads/2025/02/A4-9696_For-sale-Apartment-in-Marousi-1.jpg?width=1200&format=webp&quality=82,2026-10-02,,2026-09-01,json-ld datePosted; sitemap lastmod,2026-10-02T08:52:43Z,2026-09-01,2026-10-02
ktimatoemporiki.gr,Ktimatoemporiki,https://ktimatoemporiki.gr/property/for-sale-hotel-in-athens-greece-id-a2-523,For sale Hotel in Athens Greece,sale,,25000000,2200,54,,,"Glyfada, Athens",,,https://ktimato.b-cdn.net/OLDSITE/wp-content/uploads/2022/02/A2-523_For-sale-Hotel-in-Athens-Greece-1.jpeg?width=1200&format=webp&quality=82,2026-09-01,,2026-09-01,json-ld datePosted; sitemap lastmod,2026-10-02T08:52:43Z,2026-09-01,2026-10-02
ktimatoemporiki.gr,Ktimatoemporiki,https://ktimatoemporiki.gr/property/for-sale-luxury-maisonette-in-elliniko-id-a4-10269,For sale Luxury Maisonette in Elliniko,sale,,1050000,124,3,,,"Elliniko, Athens",,,https://ktimato.b-cdn.net/OLDSITE/wp-content/uploads/2025/04/A4-10269_For-sale-Luxury-Maisonette-in-Elliniko-1.png?width=1200&format=webp&quality=82,2026-09-01,,2026-09-01,json-ld datePosted; sitemap lastmod,2026-10-02T08:52:43Z,2026-09-01,2026-10-02
ktimatoemporiki.gr,Ktimatoemporiki,https://ktimatoemporiki.gr/property/four-bedroom-apartment-for-rent-in-psychiko-id-a01-1358,Four Bedroom Apartment for rent in Psychiko,rent,,2300,181,4,,,"Psychiko - Filothei, Athens",,,https://ktimato.b-cdn.net/OLDSITE/wp-content/uploads/2025/09/A01-1358_Four-Bedroom-Apartment-for-rent-in-Psychiko-4.jpg?width=1200&format=webp&quality=82,2026-09-01,,2026-09-01,json-ld datePosted; sitemap lastmod,2026-10-02T08:52:43Z,2026-09-01,2026-10-02
ktimatoemporiki.gr,Ktimatoemporiki,https://ktimatoemporiki.gr/property/four-bedroom-apartment-for-sale-in-kato-patisia-id-a4-4951,Four Bedroom Apartment for sale in Kato Patisia,sale,,185000,98,4,,,"Center Athens, Athens",,,https://ktimato.b-cdn.net/OLDSITE/wp-content/uploads/2023/04/Α4-4951_Four-Bedroom-Apartment-for-sale-in-Kato-Patisia-8.jpeg?width=1200&format=webp&quality=82,2026-09-01,,2026-09-01,json-ld datePosted; sitemap lastmod,2026-10-02T08:52:43Z,2026-09-01,2026-10-02
ktimatoemporiki.gr,Ktimatoemporiki,https://ktimatoemporiki.gr/property/four-bedroom-maisonette-for-sale-in-marathonas-id-a4-11301,Four Bedroom Maisonette for sale in Marathonas,sale,,550000,184,4,,,"Marathonas, Athens",,,https://ktimato.b-cdn.net/OLDSITE/wp-content/uploads/2025/09/A4-11301_Four-Bedroom-Maisonette-for-sale-in-Marathonas-14.webp?width=1200&format=webp&quality=82,2026-09-01,,2026-09-01,json-ld datePosted; sitemap lastmod,2026-10-02T08:52:43Z,2026-09-01,2026-10-02
ktimatoemporiki.gr,Ktimatoemporiki,https://ktimatoemporiki.gr/property/four-bedroom-villa-for-sale-in-voula-athens-id-av-1739,"Four Bedroom Villa for Sale in Voula, Athens",sale,,1650000,201,4,,,"Voula, Athens",,,https://ktimato.b-cdn.net/OLDSITE/wp-content/uploads/2026/09/Av-1739_Four-Bedroom-Villa-for-Sale-in-Voula-Athens-2.webp?width=1200&format=webp&quality=82,2026-09-22,,2026-09-22,json-ld datePosted; sitemap lastmod,2026-10-02T08:52:43Z,2026-09-22,2026-10-02
ktimatoemporiki.gr,Ktimatoemporiki,https://ktimatoemporiki.gr/property/fourth-floor-apartment-for-sale-in-ampelokipoi-athens-id-a4-13425,"Fourth Floor Apartment for Sale in Ampelokipoi, Athens",sale,,261000,37,1,,,"Ampelokipoi, Athens",,,https://ktimato.b-cdn.net/OLDSITE/wp-content/uploads/2026/09/A4-13425_Fourth-Floor-Apartment-for-Sale-in-Ampelokipoi-Athens-7.webp?width=1200&format=webp&quality=82,2026-09-11,,2026-09-11,json-ld datePosted; sitemap lastmod,2026-10-02T08:52:43Z,2026-09-11,2026-10-02
ktimatoemporiki.gr,Ktimatoemporiki,https://ktimatoemporiki.gr/property/fourth-floor-golden-visa-apartment-for-sale-in-athens-id-a4-13543,Fourth Floor Golden Visa Apartment for Sale in Athens,sale,,360000,114,2,,,"Kolonos - Kolokinthous, Athens",,,https://ktimato.b-cdn.net/OLDSITE/wp-content/uploads/2026/09/A4-13543_Fourth-Floor-Golden-Visa-Apartment-for-Sale-in-Athens-4.webp?width=1200&format=webp&quality=82,2026-09-24,,2026-09-24,json-ld datePosted; sitemap lastmod,2026-10-02T08:52:43Z,2026-09-24,2026-10-02
ktimatoemporiki.gr,Ktimatoemporiki,https://ktimatoemporiki.gr/property/glyfada-penthouse-for-sale-id-a4-11510,Glyfada Penthouse for sale,sale,,3280000,240,4,,,"Glyfada, Athens",,,https://ktimato.b-cdn.net/OLDSITE/wp-content/uploads/2025/10/A4-11510_Glyfada-Penthouse-for-sale-2.jpg?width=1200&format=webp&quality=82,2026-09-01,,2026-09-01,json-ld datePosted; sitemap lastmod,2026-10-02T08:52:43Z,2026-09-01,2026-10-02
ktimatoemporiki.gr,Ktimatoemporiki,https://ktimatoemporiki.gr/property/golden-visa-apartment-for-sale-in-athens-center-id-a4-11262,Golden Visa Apartment for sale in Athens Center,sale,,370000,38,1,,,"Gazi - Metaxourgio - Votanikos, Athens",,,https://ktimato.b-cdn.net/OLDSITE/wp-content/uploads/2025/08/A4-11262_Golden-Visa-Apartment-for-sale-in-Athens-Center-2.jpg?width=1200&format=webp&quality=82,2026-10-02,,2026-09-01,json-ld datePosted; sitemap lastmod,2026-10-02T08:52:43Z,2026-09-01,2026-10-02
ktimatoemporiki.gr,Ktimatoemporiki,https://ktimatoemporiki.gr/property/golden-visa-apartment-for-sale-in-glyfada-athens-id-a4-13459,"Apartment for Sale in Glyfada, Athens",sale,,1150000,135,3,,,"Glyfada, Athens",,,https://ktimato.b-cdn.net/OLDSITE/wp-content/uploads/2026/09/A4-13459_Golden-Visa-Apartment-for-Sale-in-Glyfada-Athens-2.webp?width=1200&format=webp&quality=82,2026-10-02,,2026-09-15,json-ld datePosted; sitemap lastmod,2026-10-02T08:52:43Z,2026-09-15,2026-10-02
ktimatoemporiki.gr,Ktimatoemporiki,https://ktimatoemporiki.gr/property/golden-visa-apartment-for-sale-in-kolonos-athens-id-a4-13193,"Golden Visa Apartment for Sale in Kolonos, Athens",sale,,340000,114,3,,,"Kolonos - Kolokinthous, Athens",,,https://ktimato.b-cdn.net/OLDSITE/wp-content/uploads/2026/07/A4-13193_Golden-Visa-Apartment-for-Sale-in-Kolonos-Athens-1.webp?width=1200&format=webp&quality=82,2026-09-22,,2026-09-22,json-ld datePosted; sitemap lastmod,2026-10-02T08:52:43Z,2026-09-22,2026-10-02
ktimatoemporiki.gr,Ktimatoemporiki,https://ktimatoemporiki.gr/property/golden-visa-apartment-in-athens-for-sale-id-a4-11108,Golden Visa Apartment in Athens for sale,sale,,285000,59,2,,,"Center Athens, Athens",,,https://ktimato.b-cdn.net/OLDSITE/wp-content/uploads/2025/07/A4-11108_Golden-Visa-Apartment-in-Athens-for-sale-3.png?width=1200&format=webp&quality=82,2026-10-02,,2026-09-01,json-ld datePosted; sitemap lastmod,2026-10-02T08:52:43Z,2026-09-01,2026-10-02
ktimatoemporiki.gr,Ktimatoemporiki,https://ktimatoemporiki.gr/property/golden-visa-apartment-in-athens-for-sale-id-a4-11113,Golden Visa Apartment in Athens for sale,sale,,300000,59,2,,,"Center Athens, Athens",,,https://ktimato.b-cdn.net/OLDSITE/wp-content/uploads/2025/07/A4-11113_Golden-Visa-Apartment-in-Athens-for-sale-4.png?width=1200&format=webp&quality=82,2026-10-02,,2026-09-01,json-ld datePosted; sitemap lastmod,2026-10-02T08:52:43Z,2026-09-01,2026-10-02
ktimatoemporiki.gr,Ktimatoemporiki,https://ktimatoemporiki.gr/property/golden-visa-duplex-apartment-for-sale-in-peristeri-athens-id-a4-13571,"Golden Visa Duplex Apartment for Sale in Peristeri, Athens",sale,,270000,48,1,,,"Peristeri, Athens",,,https://ktimato.b-cdn.net/OLDSITE/wp-content/uploads/2026/09/A4-13571_Golden-Visa-Duplex-Apartment-for-Sale-in-Peristeri-Athens-4.webp?width=1200&format=webp&quality=82,2026-09-30,,2026-09-30,json-ld datePosted; sitemap lastmod,2026-10-02T08:52:43Z,2026-09-30,2026-10-02
ktimatoemporiki.gr,Ktimatoemporiki,https://ktimatoemporiki.gr/property/golden-visa-eligible-apartment-for-sale-in-athens-id-a4-13540,Golden Visa Eligible Apartment for Sale in Athens,sale,,250000,44,1,,,"Kolonos - Kolokinthous, Athens",,,https://ktimato.b-cdn.net/OLDSITE/wp-content/uploads/2026/09/A4-13540_Golden-Visa-Eligible-Apartment-for-Sale-in-Athens-1.webp?width=1200&format=webp&quality=82,2026-09-24,,2026-09-24,json-ld datePosted; sitemap lastmod,2026-10-02T08:52:43Z,2026-09-24,2026-10-02
ktimatoemporiki.gr,Ktimatoemporiki,https://ktimatoemporiki.gr/property/golden-visa-ground-floor-apartment-for-sale-in-athens-id-a4-13542,Golden Visa Ground Floor Apartment for Sale in Athens,sale,,295000,67,1,,,"Kolonos - Kolokinthous, Athens",,,https://ktimato.b-cdn.net/OLDSITE/wp-content/uploads/2026/09/A4-13542_Golden-Visa-Ground-Floor-Apartment-for-Sale-in-Athens-2.webp?width=1200&format=webp&quality=82,2026-09-24,,2026-09-24,json-ld datePosted; sitemap lastmod,2026-10-02T08:52:43Z,2026-09-24,2026-10-02
ktimatoemporiki.gr,Ktimatoemporiki,https://ktimatoemporiki.gr/property/golden-visa-maisonette-for-sale-in-glyfada-athens-id-a4-13462,"Maisonette for Sale in Glyfada, Athens",sale,,1829000,240,3,,,"Glyfada, Athens",,,https://ktimato.b-cdn.net/im1.webp?width=1200&format=webp&quality=82,2026-10-02,,2026-09-16,json-ld datePosted; sitemap lastmod,2026-10-02T08:52:43Z,2026-09-16,2026-10-02
ktimatoemporiki.gr,Ktimatoemporiki,https://ktimatoemporiki.gr/property/golden-visa-maisonette-for-sale-in-peristeri-athens-id-a4-13570,"Golden Visa Maisonette for Sale in Peristeri, Athens",sale,,300000,61,1,,,"Peristeri, Athens",,,https://ktimato.b-cdn.net/OLDSITE/wp-content/uploads/2026/10/A4-13570_Golden-Visa-Maisonette-for-Sale-in-Peristeri-Athens-4.webp?width=1200&format=webp&quality=82,2026-10-01,,2026-10-01,json-ld datePosted; sitemap lastmod,2026-10-02T08:52:43Z,2026-10-01,2026-10-02
ktimatoemporiki.gr,Ktimatoemporiki,https://ktimatoemporiki.gr/property/golden-visa-residence-for-sale-in-pangrati-athens-id-a4-13404,"Residence for Sale in Pangrati, Athens",sale,,269000,82,2,,,"Pangrati, Athens",,,https://ktimato.b-cdn.net/OLDSITE/wp-content/uploads/2026/09/A4-13404_Golden-Visa-Residence-for-Sale-in-Pangrati-Athens-31.webp?width=1200&format=webp&quality=82,2026-10-02,,2026-09-08,json-ld datePosted; sitemap lastmod,2026-10-02T08:52:43Z,2026-09-08,2026-10-02
ktimatoemporiki.gr,Ktimatoemporiki,https://ktimatoemporiki.gr/property/golden-visa-studio-in-agia-paraskevi-for-sale-id-a4-11874,Golden Visa Studio in Agia Paraskevi for sale,sale,,250000,40,1,,,"Agia Paraskevi Athens, Athens",,,https://ktimato.b-cdn.net/OLDSITE/wp-content/uploads/2025/11/A4-11874_Golden-Visa-Studio-in-Agia-Paraskevi-for-sale-3.png?width=1200&format=webp&quality=82,2026-10-02,,2026-09-01,json-ld datePosted; sitemap lastmod,2026-10-02T08:52:43Z,2026-09-01,2026-10-02
ktimatoemporiki.gr,Ktimatoemporiki,https://ktimatoemporiki.gr/property/golden-visa-two-bedroom-apartment-for-sale-in-athens-id-a4-11802,Golden Visa Two Bedroom Apartment for sale in Athens,sale,,270000,70,2,,,"Center Athens, Athens",,,https://ktimato.b-cdn.net/OLDSITE/wp-content/uploads/2025/11/A4-11802_Golden-Visa-Two-Bedroom-Apartment-for-sale-in-Athens-1.jpg?width=1200&format=webp&quality=82,2026-10-02,,2026-09-01,json-ld datePosted; sitemap lastmod,2026-10-02T08:52:43Z,2026-09-01,2026-10-02
ktimatoemporiki.gr,Ktimatoemporiki,https://ktimatoemporiki.gr/property/golden-visa-two-bedroom-apartment-for-sale-in-kallithea-id-a4-11901,Golden Visa Two Bedroom Apartment for sale in Kallithea,sale,,250000,53,2,,,"Kallithea, Athens",,,https://ktimato.b-cdn.net/OLDSITE/wp-content/uploads/2025/11/A4-11901_Golden-Visa-Two-Bedroom-Apartment-for-sale-in-Kallithea-13.webp?width=1200&format=webp&quality=82,2026-10-02,,2026-09-01,json-ld datePosted; sitemap lastmod,2026-10-02T08:52:43Z,2026-09-01,2026-10-02
ktimatoemporiki.gr,Ktimatoemporiki,https://ktimatoemporiki.gr/property/golden-visa-two-bedroom-apartment-in-athens-for-sale-id-a4-11130,Golden Visa Two Bedroom Apartment in Athens for sale,sale,,265000,61,2,,,"Center Athens, Athens",,,https://ktimato.b-cdn.net/OLDSITE/wp-content/uploads/2025/07/A4-11130_Golden-Visa-Two-Bedroom-Apartment-in-Athens-for-sale-16.png?width=1200&format=webp&quality=82,2026-10-02,,2026-09-01,json-ld datePosted; sitemap lastmod,2026-10-02T08:52:43Z,2026-09-01,2026-10-02
ktimatoemporiki.gr,Ktimatoemporiki,https://ktimatoemporiki.gr/property/historic-building-for-sale-in-kypseli-athens-id-ab-1707,"Historic Building for Sale in Kypseli, Athens",sale,,3500000,1566,,,,"Kypseli, Athens",,,https://ktimato.b-cdn.net/OLDSITE/wp-content/uploads/2026/09/AB-1707_Historic-Building-for-Sale-in-Kypseli-Athens-30.webp?width=1200&format=webp&quality=82,2026-09-09,,2026-09-09,json-ld datePosted; sitemap lastmod,2026-10-02T08:52:43Z,2026-09-09,2026-10-02
ktimatoemporiki.gr,Ktimatoemporiki,https://ktimatoemporiki.gr/property/historic-building-for-sale-in-plaka-athens-id-ab-1712,"Historic Building for Sale in Plaka, Athens",sale,,900000,240,,,,"Center Athens, Athens",,,https://ktimato.b-cdn.net/OLDSITE/wp-content/uploads/2026/09/AB-1712_Historic-Building-for-Sale-in-Plaka-Athens-1.jpg?width=1200&format=webp&quality=82,2026-09-24,,2026-09-24,json-ld datePosted; sitemap lastmod,2026-10-02T08:52:43Z,2026-09-24,2026-10-02
ktimatoemporiki.gr,Ktimatoemporiki,https://ktimatoemporiki.gr/property/hotel-for-sale-in-plaka-athens-id-a2-342,"Hotel for sale in Plaka, Athens",sale,,5100000,512,14,,,"Athens Historical Center, Athens",,,https://ktimato.b-cdn.net/OLDSITE/wp-content/uploads/2020/03/A2-342_Hotel-for-sale-in-Plaka-Athens-1.jpg?width=1200&format=webp&quality=82,2026-09-01,,2026-09-01,json-ld datePosted; sitemap lastmod,2026-10-02T08:52:43Z,2026-09-01,2026-10-02
ktimatoemporiki.gr,Ktimatoemporiki,https://ktimatoemporiki.gr/property/house-for-rent-in-pagrati-id-a01-1419,House for Rent in Pagrati,rent,,2000,107,2,,,"Pagrati, Athens",,,https://ktimato.b-cdn.net/OLDSITE/wp-content/uploads/2026/04/A01-1419_House-for-Rent-in-Pagrati-1.webp?width=1200&format=webp&quality=82,2026-09-01,,2026-09-01,json-ld datePosted; sitemap lastmod,2026-10-02T08:52:43Z,2026-09-01,2026-10-02
ktimatoemporiki.gr,Ktimatoemporiki,https://ktimatoemporiki.gr/property/house-for-sale-in-alimos-athens-id-a4-6226,House for sale in Alimos Athens,sale,,710000,210,3,,,"Alimos, Athens",,,https://ktimato.b-cdn.net/OLDSITE/wp-content/uploads/2023/11/House-for-sale-in-Alimos-14.webp?width=1200&format=webp&quality=82,2026-09-01,,2026-09-01,json-ld datePosted; sitemap lastmod,2026-10-02T08:52:43Z,2026-09-01,2026-10-02
ktimatoemporiki.gr,Ktimatoemporiki,https://ktimatoemporiki.gr/property/house-for-sale-in-ampelokipoi-id-a4-9579,House for sale in Ampelokipoi,sale,,150000,55,2,,,"Ampelokipoi, Athens",,,https://ktimato.b-cdn.net/OLDSITE/wp-content/uploads/2025/02/A4-9579_House-for-sale-in-Ampelokipoi.png?width=1200&format=webp&quality=82,2026-09-01,,2026-09-01,json-ld datePosted; sitemap lastmod,2026-10-02T08:52:43Z,2026-09-01,2026-10-02
ktimatoemporiki.gr,Ktimatoemporiki,https://ktimatoemporiki.gr/property/house-for-sale-in-athens-id-a4-8698,House for sale in Athens,sale,,1950000,570,8,,,"Ekali, Athens",,,https://ktimato.b-cdn.net/OLDSITE/wp-content/uploads/2024/11/A4-8698_House-for-sale-in-Athens-1.webp?width=1200&format=webp&quality=82,2026-09-01,,2026-09-01,json-ld datePosted; sitemap lastmod,2026-10-02T08:52:43Z,2026-09-01,2026-10-02
ktimatoemporiki.gr,Ktimatoemporiki,https://ktimatoemporiki.gr/property/house-for-sale-in-attica-ippokratios-politia-id-a4-4109,House for sale in Attica Ippokratios Politia,sale,,380000,160,3,,,"Afidnes, Attica",,,https://ktimato.b-cdn.net/OLDSITE/wp-content/uploads/2022/08/A4-4109_House-for-sale-in-Attica-Ippokratios-Politeia-6.jpg?width=1200&format=webp&quality=82,2026-09-01,,2026-09-01,json-ld datePosted; sitemap lastmod,2026-10-02T08:52:43Z,2026-09-01,2026-10-02
ktimatoemporiki.gr,Ktimatoemporiki,https://ktimatoemporiki.gr/property/house-for-sale-in-melissia-id-a4-6524,House for sale in Melissia,sale,,800000,260,4,,,"Melissia, Athens",,,https://ktimato.b-cdn.net/OLDSITE/wp-content/uploads/2024/01/A4-6524_House-for-sale-in-Melissia.webp?width=1200&format=webp&quality=82,2026-09-01,,2026-09-01,json-ld datePosted; sitemap lastmod,2026-10-02T08:52:43Z,2026-09-01,2026-10-02
ktimatoemporiki.gr,Ktimatoemporiki,https://ktimatoemporiki.gr/property/ilioupoli-one-bedroom-apartment-for-sale-id-a4-12375,Ilioupoli One Bedroom Apartment for sale,sale,,240000,33,1,,,"Ilioupoli, Athens",,,https://ktimato.b-cdn.net/OLDSITE/wp-content/uploads/2026/02/A4-12375_Ilioupol-One-Bedroom-Apartment-for-sale-4.webp?width=1200&format=webp&quality=82,2026-09-01,,2026-09-01,json-ld datePosted; sitemap lastmod,2026-10-02T08:52:43Z,2026-09-01,2026-10-02
ktimatoemporiki.gr,Ktimatoemporiki,https://ktimatoemporiki.gr/property/investment-building-for-sale-in-athens-id-ab-900,Investment Building for sale in Athens,sale,,2190000,1300,,,,"Ilion, Athens",,,https://ktimato.b-cdn.net/OLDSITE/wp-content/uploads/2020/04/AB-900_ktimatoemporiki_real_estate_for_sale_inilion-5.jpg?width=1200&format=webp&quality=82,2026-09-01,,2026-09-01,json-ld datePosted; sitemap lastmod,2026-10-02T08:52:43Z,2026-09-01,2026-10-02
ktimatoemporiki.gr,Ktimatoemporiki,https://ktimatoemporiki.gr/property/investment-building-for-sale-in-lycabettus-athens-id-ab-1711,"Investment Building for Sale in Lycabettus, Athens",sale,,2600000,,,,,"Kolonaki - Lycabettus, Athens",,,https://ktimato.b-cdn.net/OLDSITE/wp-content/uploads/2026/09/AB-1711_Investment-Building-for-Sale-in-Lycabettus-Athens-1.webp?width=1200&format=webp&quality=82,2026-09-25,,2026-09-25,json-ld datePosted; sitemap lastmod,2026-10-02T08:52:43Z,2026-09-25,2026-10-02
ktimatoemporiki.gr,Ktimatoemporiki,https://ktimatoemporiki.gr/property/investment-building-for-sale-in-metaxourgeio-athens-id-ab-1717,"Investment Building for Sale in Metaxourgeio, Athens",sale,,1200000,1050,,,,"Metaxourgeio, Athens",,,https://ktimato.b-cdn.net/OLDSITE/wp-content/uploads/2026/09/AB-1717_Investment-Building-for-Sale-in-Metaxourgeio-Athens-1.jpg?width=1200&format=webp&quality=82,2026-09-26,,2026-09-26,json-ld datePosted; sitemap lastmod,2026-10-02T08:52:43Z,2026-09-26,2026-10-02
ktimatoemporiki.gr,Ktimatoemporiki,https://ktimatoemporiki.gr/property/kallithea-one-bedroom-apartment-for-sale-id-a4-12071,Kallithea One Bedroom Apartment for sale,sale,,260000,47,1,,,"Kallithea, Athens",,,https://ktimato.b-cdn.net/OLDSITE/wp-content/uploads/2025/12/A4-12071_Kallithea-One-Bedroom-Apartment-for-sale-8.webp?width=1200&format=webp&quality=82,2026-09-01,,2026-09-01,json-ld datePosted; sitemap lastmod,2026-10-02T08:52:43Z,2026-09-01,2026-10-02
ktimatoemporiki.gr,Ktimatoemporiki,https://ktimatoemporiki.gr/property/kypseli-athens-apartment-for-sale-id-04-10606,Kypseli Athens Apartment for sale,sale,,200000,54,1,,,"Kypseli, Athens",,,https://ktimato.b-cdn.net/OLDSITE/wp-content/uploads/2025/06/04-10606_Kypseli-Athens-Apartment-for-sale-9.jpeg?width=1200&format=webp&quality=82,2026-09-01,,2026-09-01,json-ld datePosted; sitemap lastmod,2026-10-02T08:52:43Z,2026-09-01,2026-10-02
ktimatoemporiki.gr,Ktimatoemporiki,https://ktimatoemporiki.gr/property/loft-apartment-for-sale-in-acharnes-athens-id-a4-13482,"Loft Apartment for Sale in Acharnes, Athens",sale,,250000,92,1,,,"Acharnes, Athens",,,https://ktimato.b-cdn.net/im1.webp?width=1200&format=webp&quality=82,2026-10-02,,2026-09-18,json-ld datePosted; sitemap lastmod,2026-10-02T08:52:43Z,2026-09-18,2026-10-02
ktimatoemporiki.gr,Ktimatoemporiki,https://ktimatoemporiki.gr/property/loft-for-sale-in-glyfada-athens-id-a4-13066,"Loft for Sale in Glyfada, Athens",sale,,190000,27,1,,,"Glyfada, Athens",,,https://ktimato.b-cdn.net/OLDSITE/wp-content/uploads/2026/06/A4-13066_Loft-for-Sale-in-Glyfada-Athens-11.webp?width=1200&format=webp&quality=82,2026-09-01,,2026-09-01,json-ld datePosted; sitemap lastmod,2026-10-02T08:52:43Z,2026-09-01,2026-10-02
ktimatoemporiki.gr,Ktimatoemporiki,https://ktimatoemporiki.gr/property/luxurious-maisonette-for-sale-in-chalandri-athens-id-a4-3561,Luxurious Maisonette for sale in Chalandri Athens,sale,,389000,92,2,,,"Chalandri, Athens",,,https://ktimato.b-cdn.net/OLDSITE/wp-content/uploads/2022/03/A4-3561_Luxurious-Maisonette-for-sale-in-Chalandri-Athens-3.jpeg?width=1200&format=webp&quality=82,2026-09-01,,2026-09-01,json-ld datePosted; sitemap lastmod,2026-10-02T08:52:43Z,2026-09-01,2026-10-02
ktimatoemporiki.gr,Ktimatoemporiki,https://ktimatoemporiki.gr/property/luxurious-seaview-duplex-apartment-in-elliniko-a4-5835,Luxurious Seaview Duplex Apartment in Elliniko,sale,,725000,124,3,,,"Elliniko, Athens",,,https://ktimato.b-cdn.net/OLDSITE/wp-content/uploads/2023/09/A4-5835-Luxurious-Seaview-Duplex-Apartment-in-Elliniko-3.jpg?width=1200&format=webp&quality=82,2026-09-01,,2026-09-01,json-ld datePosted; sitemap lastmod,2026-10-02T08:52:43Z,2026-09-01,2026-10-02
ktimatoemporiki.gr,Ktimatoemporiki,https://ktimatoemporiki.gr/property/luxurious-seaview-maisonette-in-alimos-id-a4-6265,Luxurious Seaview Maisonette in Alimos,sale,,1700000,175,3,,,"Alimos, Athens",,,https://ktimato.b-cdn.net/OLDSITE/wp-content/uploads/2023/11/A4-6265-Maisonette-for-sale-in-Alimos-7.webp?width=1200&format=webp&quality=82,2026-09-01,,2026-09-01,json-ld datePosted; sitemap lastmod,2026-10-02T08:52:43Z,2026-09-01,2026-10-02
ktimatoemporiki.gr,Ktimatoemporiki,https://ktimatoemporiki.gr/property/luxurious-villa-for-rent-in-glyfada-id-a01-1231,Luxurious Villa for rent in Glyfada,rent,,7500,270,4,,,"Glyfada, Athens",,,https://ktimato.b-cdn.net/OLDSITE/wp-content/uploads/2024/10/A01-1231_Luxurious-Villa-for-rent-in-Glyfada-5.jpg?width=1200&format=webp&quality=82,2026-09-01,,2026-09-01,json-ld datePosted; sitemap lastmod,2026-10-02T08:52:43Z,2026-09-01,2026-10-02
ktimatoemporiki.gr,Ktimatoemporiki,https://ktimatoemporiki.gr/property/luxurious-villa-for-sale-in-kifissia-athens-id-av-994,Luxurious Villa for sale in Kifissia Athens,sale,,3900000,454,3,,,"Kifisia, Athens",,,https://ktimato.b-cdn.net/OLDSITE/wp-content/uploads/2024/02/Av-994_Luxurious-Villa-for-sale-in-Kifissia-Athens-2.webp?width=1200&format=webp&quality=82,2026-09-01,,2026-09-01,json-ld datePosted; sitemap lastmod,2026-10-02T08:52:43Z,2026-09-01,2026-10-02
ktimatoemporiki.gr,Ktimatoemporiki,https://ktimatoemporiki.gr/property/luxury-apartment-for-sale-athens-vrilissia-id-a4-2105,Luxury Apartment for sale Athens Vrilissia,sale,,530000,155,3,,,"Vrilissia, Athens",,,https://ktimato.b-cdn.net/OLDSITE/wp-content/uploads/2021/03/A4-2105_Luxury-Apartment-for-sale-Athens-Vrilissia-Ktimatoemporiki-5.jpg?width=1200&format=webp&quality=82,2026-09-01,,2026-09-01,json-ld datePosted; sitemap lastmod,2026-10-02T08:52:43Z,2026-09-01,2026-10-02
ktimatoemporiki.gr,Ktimatoemporiki,https://ktimatoemporiki.gr/property/luxury-apartment-for-sale-in-agia-paraskevi-athens-id-a4-13387,"Luxury Apartment for Sale in Agia Paraskevi, Athens",sale,,510000,98,2,,,"Agia Paraskevi Athens, Athens",,,https://ktimato.b-cdn.net/OLDSITE/wp-content/uploads/2026/09/A4-13387_Luxury-Apartment-for-Sale-in-Agia-Paraskevi-Athens-8.webp?width=1200&format=webp&quality=82,2026-09-07,,2026-09-07,json-ld datePosted; sitemap lastmod,2026-10-02T08:52:43Z,2026-09-07,2026-10-02
ktimatoemporiki.gr,Ktimatoemporiki,https://ktimatoemporiki.gr/property/luxury-apartment-for-sale-in-agia-paraskevi-athens-id-a4-2133,Luxury Apartment for sale in Agia Paraskevi Athens,sale,,395000,101,3,,,"Agia Paraskevi Athens, Athens",,,https://ktimato.b-cdn.net/OLDSITE/wp-content/uploads/2021/03/A4-2133_Luxury-Apartment-for-sale-in-Agia-Paraskevi-Athens-Ktimatoemporiki-8.jpg?width=1200&format=webp&quality=82,2026-09-01,,2026-09-01,json-ld datePosted; sitemap lastmod,2026-10-02T08:52:43Z,2026-09-01,2026-10-02
ktimatoemporiki.gr,Ktimatoemporiki,https://ktimatoemporiki.gr/property/luxury-apartment-for-sale-in-athens-agia-paraskevi-id-a4-2130,Luxury Apartment for sale in Athens Agia Paraskevi,sale,,280000,81,2,,,"Agia Paraskevi Athens, Athens",,,https://ktimato.b-cdn.net/OLDSITE/wp-content/uploads/2021/03/A4-2130_Luxury-Apartment-for-sale-in-Athens-Agia-Paraskevi-Ktimatoemporiki-7.jpg?width=1200&format=webp&quality=82,2026-09-01,,2026-09-01,json-ld datePosted; sitemap lastmod,2026-10-02T08:52:43Z,2026-09-01,2026-10-02
ktimatoemporiki.gr,Ktimatoemporiki,https://ktimatoemporiki.gr/property/luxury-apartment-for-sale-in-elliniko-id-a4-7349,Luxury Apartment for sale in Elliniko,sale,,860000,162,4,,,"Elliniko, Athens",,,https://ktimato.b-cdn.net/OLDSITE/wp-content/uploads/2024/05/A4-7349_Luxury-Apartment-for-sale-in-Elliniko-4.png?width=1200&format=webp&quality=82,2026-09-01,,2026-09-01,json-ld datePosted; sitemap lastmod,2026-10-02T08:52:43Z,2026-09-01,2026-10-02
ktimatoemporiki.gr,Ktimatoemporiki,https://ktimatoemporiki.gr/property/luxury-apartment-for-sale-in-gerakas-athens-id-a4-13472,"Luxury Apartment for Sale in Gerakas, Athens",sale,,439000,123,3,,,"Gerakas, Athens",,,https://ktimato.b-cdn.net/im1.webp?width=1200&format=webp&quality=82,2026-10-02,,2026-09-21,json-ld datePosted; sitemap lastmod,2026-10-02T08:52:43Z,2026-09-21,2026-10-02
ktimatoemporiki.gr,Ktimatoemporiki,https://ktimatoemporiki.gr/property/luxury-apartment-for-sale-in-glyfada-athens-id-a4-12998,"Luxury Apartment for Sale in Glyfada, Athens",sale,,1450000,151,3,,,"Glyfada, Athens",,,https://ktimato.b-cdn.net/OLDSITE/wp-content/uploads/2026/06/A4-12998_Luxury-Apartment-for-Sale-in-Glyfada-Athens-6.webp?width=1200&format=webp&quality=82,2026-09-16,,2026-09-16,json-ld datePosted; sitemap lastmod,2026-10-02T08:52:43Z,2026-09-16,2026-10-02
ktimatoemporiki.gr,Ktimatoemporiki,https://ktimatoemporiki.gr/property/luxury-apartment-for-sale-in-glyfada-athens-id-a4-13522,"Luxury Apartment for Sale in Glyfada, Athens",sale,,1700000,148,3,,,"Glyfada, Athens",,,https://ktimato.b-cdn.net/OLDSITE/wp-content/uploads/2026/09/A4-13522_Luxury-Apartment-for-Sale-in-Glyfada-Athens-2.webp?width=1200&format=webp&quality=82,2026-09-23,,2026-09-23,json-ld datePosted; sitemap lastmod,2026-10-02T08:52:43Z,2026-09-23,2026-10-02
ktimatoemporiki.gr,Ktimatoemporiki,https://ktimatoemporiki.gr/property/luxury-apartment-for-sale-in-kolonaki-athens-id-a4-3351,Luxury Apartment for sale in Kolonaki Athens,sale,,650000,120,2,,,"Kolonaki - Lycabettus, Athens",,,https://ktimato.b-cdn.net/OLDSITE/wp-content/uploads/2022/02/A4-3351_Ktimatoemporiki-Luxury-Apartment-for-sale-in-Kolonaki-Athens_8.jpg?width=1200&format=webp&quality=82,2026-09-01,,2026-09-01,json-ld datePosted; sitemap lastmod,2026-10-02T08:52:43Z,2026-09-01,2026-10-02
ktimatoemporiki.gr,Ktimatoemporiki,https://ktimatoemporiki.gr/property/luxury-apartment-for-sale-in-kolonaki-id-a4-7140,Luxury Apartment for sale in Kolonaki,sale,,1300000,122,2,,,"Kolonaki - Lycabettus, Athens",,,https://ktimato.b-cdn.net/OLDSITE/wp-content/uploads/2024/04/A4-7140_Luxury-Apartment-for-sale-in-Kolonaki-44.jpg?width=1200&format=webp&quality=82,2026-09-01,,2026-09-01,json-ld datePosted; sitemap lastmod,2026-10-02T08:52:43Z,2026-09-01,2026-10-02
ktimatoemporiki.gr,Ktimatoemporiki,https://ktimatoemporiki.gr/property/luxury-apartment-for-sale-in-koukaki-id-a4-7798,Luxury Apartment for sale in Koukaki,sale,,500000,80,2,,,"Koukaki - Makrigianni, Athens",,,https://ktimato.b-cdn.net/OLDSITE/wp-content/uploads/2024/07/A4-7798_Luxury-Apartment-for-sale-in-Koukaki.webp?width=1200&format=webp&quality=82,2026-09-01,,2026-09-01,json-ld datePosted; sitemap lastmod,2026-10-02T08:52:43Z,2026-09-01,2026-10-02
ktimatoemporiki.gr,Ktimatoemporiki,https://ktimatoemporiki.gr/property/luxury-apartment-for-sale-in-kypseli-athens-id-a4-2587,Luxury Apartment for sale in Kypseli Athens,sale,,368000,110,3,,,"Kypseli, Athens",,,https://ktimato.b-cdn.net/OLDSITE/wp-content/uploads/2021/07/A4-2587_Luxury-Apartment-for-sale-in-Kypseli-Athens-3.jpg?width=1200&format=webp&quality=82,2026-09-01,,2026-09-01,json-ld datePosted; sitemap lastmod,2026-10-02T08:52:43Z,2026-09-01,2026-10-02
ktimatoemporiki.gr,Ktimatoemporiki,https://ktimatoemporiki.gr/property/luxury-apartment-for-sale-in-vrilissia-athens-id-a4-2109,Luxury Apartment for sale in Vrilissia Athens,sale,,430000,118,3,,,"Vrilissia, Athens",,,https://ktimato.b-cdn.net/OLDSITE/wp-content/uploads/2021/03/A4-2109_Luxury-Apartment-for-sale-in-Vrilissia-Athens-Ktimatoemporiki-2.jpg?width=1200&format=webp&quality=82,2026-09-01,,2026-09-01,json-ld datePosted; sitemap lastmod,2026-10-02T08:52:43Z,2026-09-01,2026-10-02
ktimatoemporiki.gr,Ktimatoemporiki,https://ktimatoemporiki.gr/property/luxury-apartment-in-agia-paraskevi-athens-for-sale-id-a4-2136,Luxury Apartment in Agia Paraskevi Athens for sale,sale,,425000,101,3,,,"Agia Paraskevi Athens, Athens",,,https://ktimato.b-cdn.net/OLDSITE/wp-content/uploads/2021/03/A4-2136_Luxury-Apartment-in-Agia-Paraskevi-Athens-for-sale-1.jpeg?width=1200&format=webp&quality=82,2026-09-01,,2026-09-01,json-ld datePosted; sitemap lastmod,2026-10-02T08:52:43Z,2026-09-01,2026-10-02
ktimatoemporiki.gr,Ktimatoemporiki,https://ktimatoemporiki.gr/property/luxury-duplex-apartment-for-sale-in-ano-glyfada-athens-id-a4-13546,"Luxury Duplex Apartment for Sale in Ano Glyfada, Athens",sale,,925000,135,3,,,"Glyfada, Athens",,,https://ktimato.b-cdn.net/OLDSITE/wp-content/uploads/2026/09/A4-13546_Luxury-Duplex-Apartment-for-Sale-in-Ano-Glyfada-Athens-3.webp?width=1200&format=webp&quality=82,2026-09-28,,2026-09-28,json-ld datePosted; sitemap lastmod,2026-10-02T08:52:43Z,2026-09-28,2026-10-02
ktimatoemporiki.gr,Ktimatoemporiki,https://ktimatoemporiki.gr/property/luxury-duplex-penthouse-for-sale-in-voula-athens-id-a4-13514,"Luxury Duplex Penthouse for Sale in Voula, Athens",sale,,1550000,142,2,,,"Voula, Athens",,,https://ktimato.b-cdn.net/OLDSITE/wp-content/uploads/2026/09/A4-13514_Luxury-Duplex-Penthouse-for-Sale-in-Voula-Athens-1.webp?width=1200&format=webp&quality=82,2026-09-22,,2026-09-22,json-ld datePosted; sitemap lastmod,2026-10-02T08:52:43Z,2026-09-22,2026-10-02
ktimatoemporiki.gr,Ktimatoemporiki,https://ktimatoemporiki.gr/property/luxury-glyfada-apartment-for-sale-id-a4-9488,Luxury Glyfada Apartment for sale,sale,,1100000,148,3,,,"Glyfada, Athens",,,https://ktimato.b-cdn.net/OLDSITE/wp-content/uploads/2025/01/A4-9488_Luxury-Glyfada-Apartment-for-sale-3.jpg?width=1200&format=webp&quality=82,2026-09-01,,2026-09-01,json-ld datePosted; sitemap lastmod,2026-10-02T08:52:43Z,2026-09-01,2026-10-02
ktimatoemporiki.gr,Ktimatoemporiki,https://ktimatoemporiki.gr/property/luxury-maisonette-for-sale-in-agia-paraskevi-id-a4-11936,Luxury Maisonette for sale in Agia Paraskevi,sale,,752000,125,2,,,"Agia Paraskevi Athens, Athens",,,https://ktimato.b-cdn.net/OLDSITE/wp-content/uploads/2025/11/A4-11936_Luxury-Maisonette-for-sale-in-Agia-Paraskevi-4.jpg?width=1200&format=webp&quality=82,2026-09-01,,2026-09-01,json-ld datePosted; sitemap lastmod,2026-10-02T08:52:43Z,2026-09-01,2026-10-02
ktimatoemporiki.gr,Ktimatoemporiki,https://ktimatoemporiki.gr/property/luxury-maisonette-for-sale-in-elliniko-athens-id-a4-2563,Luxury Maisonette for sale in Elliniko Athens,sale,,1700000,307,3,,,"Elliniko, Athens",,,https://ktimato.b-cdn.net/OLDSITE/wp-content/uploads/2021/07/A4-2563_Luxury-Maisonette-for-sale-in-Elliniko-Athens-28.jpg?width=1200&format=webp&quality=82,2026-09-01,,2026-09-01,json-ld datePosted; sitemap lastmod,2026-10-02T08:52:43Z,2026-09-01,2026-10-02
ktimatoemporiki.gr,Ktimatoemporiki,https://ktimatoemporiki.gr/property/luxury-maisonette-for-sale-in-elliniko-id-a4-7430,Luxury Maisonette for sale in Elliniko,sale,,980000,176,3,,,"Elliniko, Athens",,,https://ktimato.b-cdn.net/OLDSITE/wp-content/uploads/2024/07/A4-7430_Luxury-Maisonette-for-sale-in-Elliniko.jpg?width=1200&format=webp&quality=82,2026-09-01,,2026-09-01,json-ld datePosted; sitemap lastmod,2026-10-02T08:52:43Z,2026-09-01,2026-10-02
ktimatoemporiki.gr,Ktimatoemporiki,https://ktimatoemporiki.gr/property/luxury-maisonette-for-sale-in-gerakas-athens-id-av-1716,"Luxury Maisonette for Sale in Gerakas, Athens",sale,,530000,138,3,,,"Gerakas, Athens",,,https://ktimato.b-cdn.net/OLDSITE/wp-content/uploads/2026/09/Av-1716_Luxury-Maisonette-for-Sale-in-Gerakas-Athens-1.webp?width=1200&format=webp&quality=82,2026-09-07,,2026-09-07,json-ld datePosted; sitemap lastmod,2026-10-02T08:52:43Z,2026-09-07,2026-10-02
ktimatoemporiki.gr,Ktimatoemporiki,https://ktimatoemporiki.gr/property/luxury-maisonette-for-sale-in-glyfada-athens-id-a4-13360,Luxury Maisonette for Sale in Glyfada Athens,sale,,900000,132,3,,,"Glyfada, Athens",,,https://ktimato.b-cdn.net/im1.webp?width=1200&format=webp&quality=82,2026-10-02,,2026-09-01,json-ld datePosted; sitemap lastmod,2026-10-02T08:52:43Z,2026-09-01,2026-10-02
ktimatoemporiki.gr,Ktimatoemporiki,https://ktimatoemporiki.gr/property/luxury-maisonette-for-sale-in-glyfada-athens-id-a4-13520,"Luxury Maisonette for Sale in Glyfada, Athens",sale,,1580000,153,2,,,"Glyfada, Athens",,,https://ktimato.b-cdn.net/OLDSITE/wp-content/uploads/2026/09/A4-13520_Luxury-Maisonette-for-Sale-in-Glyfada-Athens-3.webp?width=1200&format=webp&quality=82,2026-09-23,,2026-09-23,json-ld datePosted; sitemap lastmod,2026-10-02T08:52:43Z,2026-09-23,2026-10-02
ktimatoemporiki.gr,Ktimatoemporiki,https://ktimatoemporiki.gr/property/luxury-maisonette-for-sale-in-varkiza-athens-id-a4-2354,Luxury Maisonette for sale in Varkiza Athens,sale,,1200000,223,3,,,"Vari - Varkiza, Athens",,,https://ktimato.b-cdn.net/OLDSITE/wp-content/uploads/2021/04/A4-2354_Luxury-Maisonette-for-sale-in-Varkiza-Athens-1.jpg?width=1200&format=webp&quality=82,2026-09-01,,2026-09-01,json-ld datePosted; sitemap lastmod,2026-10-02T08:52:43Z,2026-09-01,2026-10-02
ktimatoemporiki.gr,Ktimatoemporiki,https://ktimatoemporiki.gr/property/luxury-maisonette-for-sale-in-votanikos-athens-id-a4-13509,"Luxury Maisonette for Sale in Votanikos, Athens",sale,,530000,137,3,,,"Gazi - Metaxourgio - Votanikos, Athens",,,https://ktimato.b-cdn.net/OLDSITE/wp-content/uploads/2026/09/A4-13509_Luxury-Maisonette-for-Sale-in-Votanikos-Athens-2.webp?width=1200&format=webp&quality=82,2026-09-21,,2026-09-21,json-ld datePosted; sitemap lastmod,2026-10-02T08:52:43Z,2026-09-21,2026-10-02
ktimatoemporiki.gr,Ktimatoemporiki,https://ktimatoemporiki.gr/property/luxury-maisonette-for-sale-in-voula-id-a4-5208,Luxury Maisonette for sale in Voula,sale,,,211,3,,,"Voula, Athens",,,https://ktimato.b-cdn.net/OLDSITE/wp-content/uploads/2023/05/A4-5208-_Ktimatoemporiki-Luxury-Maisonette-for-sale-in-Voula-2.jpeg?width=1200&format=webp&quality=82,2026-09-01,,2026-09-01,json-ld datePosted; sitemap lastmod,2026-10-02T08:52:43Z,2026-09-01,2026-10-02
ktimatoemporiki.gr,Ktimatoemporiki,https://ktimatoemporiki.gr/property/luxury-one-bedroom-apartment-for-sale-in-voula-id-a4-5206,Luxury One Bedroom Apartment for sale in Voula,sale,,,62,1,,,"Voula, Athens",,,https://ktimato.b-cdn.net/OLDSITE/wp-content/uploads/2023/05/A4-5206_Ktimatoemporiki-Luxury-One-Bedroom-Apartment-for-sale-in-Voula-2.jpeg?width=1200&format=webp&quality=82,2026-09-01,,2026-09-01,json-ld datePosted; sitemap lastmod,2026-10-02T08:52:43Z,2026-09-01,2026-10-02
ktimatoemporiki.gr,Ktimatoemporiki,https://ktimatoemporiki.gr/property/luxury-penthouse-for-sale-in-glyfada-id-a4-7707,Luxury Penthouse for sale in Glyfada,sale,,2950000,250,4,,,"Glyfada, Athens",,,https://ktimato.b-cdn.net/OLDSITE/wp-content/uploads/2024/07/A4-7707_Luxury-Penthouse-for-sale-in-Glyfada-1.webp?width=1200&format=webp&quality=82,2026-09-01,,2026-09-01,json-ld datePosted; sitemap lastmod,2026-10-02T08:52:43Z,2026-09-01,2026-10-02
ktimatoemporiki.gr,Ktimatoemporiki,https://ktimatoemporiki.gr/property/luxury-penthouse-in-agia-paraskevi-athens-for-sale-id-a4-2138,Luxury Penthouse in Agia Paraskevi Athens for sale,sale,,650000,150,4,,,"Agia Paraskevi Athens, Athens",,,https://ktimato.b-cdn.net/OLDSITE/wp-content/uploads/2021/03/A4-2138_Luxury-Penthouse-in-Agia-Paraskevi-Athens-for-sale-9.jpg?width=1200&format=webp&quality=82,2026-09-01,,2026-09-01,json-ld datePosted; sitemap lastmod,2026-10-02T08:52:43Z,2026-09-01,2026-10-02
ktimatoemporiki.gr,Ktimatoemporiki,https://ktimatoemporiki.gr/property/luxury-penthouse-with-acropolis-view-for-sale-in-kolonaki-id-a4-5595,Luxury Penthouse with Acropolis View for sale in Kolonaki,sale,,1800000,136,2,,,"Athens Historical Center, Athens",,,https://ktimato.b-cdn.net/OLDSITE/wp-content/uploads/2023/07/A4-5595_Luxury-Penthouse-with-Acropolis-View-for-sale-in-Kolonaki-1.jpg?width=1200&format=webp&quality=82,2026-09-01,,2026-09-01,json-ld datePosted; sitemap lastmod,2026-10-02T08:52:43Z,2026-09-01,2026-10-02
ktimatoemporiki.gr,Ktimatoemporiki,https://ktimatoemporiki.gr/property/luxury-residence-in-kifisia-for-sale-id-a4-6104,Luxury Residence in Kifisia for sale,sale,,1725000,245,4,,,"Kifisia, Athens",,,https://ktimato.b-cdn.net/OLDSITE/wp-content/uploads/2023/10/A4-6104_Luxury-Residence-in-Kifisia-for-sale-2.jpg?width=1200&format=webp&quality=82,2026-09-01,,2026-09-01,json-ld datePosted; sitemap lastmod,2026-10-02T08:52:43Z,2026-09-01,2026-10-02
ktimatoemporiki.gr,Ktimatoemporiki,https://ktimatoemporiki.gr/property/luxury-residential-building-for-sale-in-nea-smyrni-athens-id-ab-1708,"Luxury Residential Building for Sale in Nea Smyrni, Athens",sale,,1600000,500,16,,,"Nea Smyrni, Athens",,,https://ktimato.b-cdn.net/OLDSITE/wp-content/uploads/2026/09/AB-1708_Luxury-Residential-Building-for-Sale-in-Nea-Smyrni-Athens-1.webp?width=1200&format=webp&quality=82,2026-09-10,,2026-09-10,json-ld datePosted; sitemap lastmod,2026-10-02T08:52:43Z,2026-09-10,2026-10-02
ktimatoemporiki.gr,Ktimatoemporiki,https://ktimatoemporiki.gr/property/luxury-three-bedroom-apartment-for-sale-in-gerakas-athens-id-a4-13473,"Luxury Three Bedroom Apartment for Sale in Gerakas, Athens",sale,,419000,157,3,,,"Gerakas, Athens",,,https://ktimato.b-cdn.net/OLDSITE/wp-content/uploads/2026/09/A4-13473_Luxury-Three-Bedroom-Apartment-for-Sale-in-Gerakas-Athens-1.webp?width=1200&format=webp&quality=82,2026-09-17,,2026-09-17,json-ld datePosted; sitemap lastmod,2026-10-02T08:52:43Z,2026-09-17,2026-10-02
ktimatoemporiki.gr,Ktimatoemporiki,https://ktimatoemporiki.gr/property/luxury-three-bedroom-apartment-in-athens-argyroupoli-for-sale-id-a4-3713,Luxury Three Bedroom Apartment in Athens Argyroupoli for sale,sale,,420000,130,3,,,"Argyroupoli Athens, Athens",,,https://ktimato.b-cdn.net/OLDSITE/wp-content/uploads/2022/04/A4-3713_Luxury-Three-Bedroom-Apartment-in-Athens-Argyroupoli-for-sale-1.jpg?width=1200&format=webp&quality=82,2026-09-01,,2026-09-01,json-ld datePosted; sitemap lastmod,2026-10-02T08:52:43Z,2026-09-01,2026-10-02
ktimatoemporiki.gr,Ktimatoemporiki,https://ktimatoemporiki.gr/property/luxury-three-bedroom-maisonette-with-private-pool-in-elliniko-id-a4-5836,Luxury Three Bedroom Maisonette with Private Pool in Elliniko,sale,,675000,223,3,,,"Elliniko, Athens",,,https://ktimato.b-cdn.net/OLDSITE/wp-content/uploads/2023/09/A4-5836-Luxury-Three-Bedroom-Maisonette-with-Private-Pool-in-Elliniko-2.jpg?width=1200&format=webp&quality=82,2026-09-01,,2026-09-01,json-ld datePosted; sitemap lastmod,2026-10-02T08:52:43Z,2026-09-01,2026-10-02
ktimatoemporiki.gr,Ktimatoemporiki,https://ktimatoemporiki.gr/property/luxury-villa-for-sale-in-anavyssos-athens-id-av-1743,"Luxury Villa for Sale in Anavyssos, Athens",sale,,1600000,315,3,,,"Anavyssos, Attica",,,https://ktimato.b-cdn.net/OLDSITE/wp-content/uploads/2026/09/Av-1743_Luxury-Villa-for-Sale-in-Anavyssos-Athens-26.webp?width=1200&format=webp&quality=82,2026-09-25,,2026-09-25,json-ld datePosted; sitemap lastmod,2026-10-02T08:52:43Z,2026-09-25,2026-10-02
ktimatoemporiki.gr,Ktimatoemporiki,https://ktimatoemporiki.gr/property/luxury-villa-for-sale-in-vouliagmeni-athens-id-av-1740,"Luxury Villa for Sale in Vouliagmeni, Athens",sale,,6500000,467,6,,,"Vouliagmeni, Athens",,,https://ktimato.b-cdn.net/OLDSITE/wp-content/uploads/2026/09/Av-1740_Luxury-Villa-for-Sale-in-Vouliagmeni-Athens-2.webp?width=1200&format=webp&quality=82,2026-09-23,,2026-09-23,json-ld datePosted; sitemap lastmod,2026-10-02T08:52:43Z,2026-09-23,2026-10-02
ktimatoemporiki.gr,Ktimatoemporiki,https://ktimatoemporiki.gr/property/maisonette-for-rent-in-chalandri-athens-id-a01-928,"Maisonette for rent in Chalandri, Athens",rent,,1500,200,5,,,"Chalandri, Athens",,,https://ktimato.b-cdn.net/OLDSITE/wp-content/uploads/2022/02/A01-928_Maisonette-for-rent-in-Chalandri-Athens-57.jpg?width=1200&format=webp&quality=82,2026-09-01,,2026-09-01,json-ld datePosted; sitemap lastmod,2026-10-02T08:52:43Z,2026-09-01,2026-10-02
ktimatoemporiki.gr,Ktimatoemporiki,https://ktimatoemporiki.gr/property/maisonette-for-sale-in-agia-paraskevi-athens-id-av-1742,"Maisonette for Sale in Agia Paraskevi, Athens",sale,,543000,123,3,,,"Agia Paraskevi Athens, Athens",,,https://ktimato.b-cdn.net/im1.webp?width=1200&format=webp&quality=82,2026-10-02,,2026-09-25,json-ld datePosted; sitemap lastmod,2026-10-02T08:52:43Z,2026-09-25,2026-10-02
ktimatoemporiki.gr,Ktimatoemporiki,https://ktimatoemporiki.gr/property/maisonette-for-sale-in-anavyssos-athens-id-av-1648,"Maisonette for Sale in Anavyssos, Athens",sale,,490000,96,2,,,"Anavyssos, Attica",,,https://ktimato.b-cdn.net/OLDSITE/wp-content/uploads/2026/07/Av-1648_Maisonette-for-Sale-in-Anavyssos-Athens-9.webp?width=1200&format=webp&quality=82,2026-09-01,,2026-09-01,json-ld datePosted; sitemap lastmod,2026-10-02T08:52:43Z,2026-09-01,2026-10-02
ktimatoemporiki.gr,Ktimatoemporiki,https://ktimatoemporiki.gr/property/maisonette-for-sale-in-athens-kypseli-id-04-10612,Maisonette for sale in Athens Kypseli,sale,,265000,70,1,,,"Kypseli, Athens",,,https://ktimato.b-cdn.net/OLDSITE/wp-content/uploads/2025/06/04-10612_Maisonette-for-sale-in-Athens-Kypseli-12.jpeg?width=1200&format=webp&quality=82,2026-09-01,,2026-09-01,json-ld datePosted; sitemap lastmod,2026-10-02T08:52:43Z,2026-09-01,2026-10-02
ktimatoemporiki.gr,Ktimatoemporiki,https://ktimatoemporiki.gr/property/maisonette-for-sale-in-dafni-athens-id-a4-3458,Maisonette for sale in Dafni Athens,sale,,210000,134,3,,,"Dafni, Athens",,,https://ktimato.b-cdn.net/OLDSITE/wp-content/uploads/2022/03/A4-3458_Maisonette-for-sale-in-Dafni-Athens-6.jpg?width=1200&format=webp&quality=82,2026-09-01,,2026-09-01,json-ld datePosted; sitemap lastmod,2026-10-02T08:52:43Z,2026-09-01,2026-10-02
ktimatoemporiki.gr,Ktimatoemporiki,https://ktimatoemporiki.gr/property/maisonette-for-sale-in-gerakas-athens-id-av-1718,"Maisonette for Sale in Gerakas, Athens",sale,,480000,129,3,,,"Gerakas, Athens",,,https://ktimato.b-cdn.net/OLDSITE/wp-content/uploads/2026/09/Av-1718_Maisonette-for-Sale-in-Gerakas-Athens-2.webp?width=1200&format=webp&quality=82,2026-09-07,,2026-09-07,json-ld datePosted; sitemap lastmod,2026-10-02T08:52:43Z,2026-09-07,2026-10-02
ktimatoemporiki.gr,Ktimatoemporiki,https://ktimatoemporiki.gr/property/maisonette-for-sale-in-glyfada-athens-id-a4-13461,"Maisonette for Sale in Glyfada, Athens",sale,,2361600,345,3,,,"Glyfada, Athens",,,https://ktimato.b-cdn.net/OLDSITE/wp-content/uploads/2026/09/A4-13461_Maisonette-for-Sale-in-Glyfada-Athens-1.webp?width=1200&format=webp&quality=82,2026-09-17,,2026-09-17,json-ld datePosted; sitemap lastmod,2026-10-02T08:52:43Z,2026-09-17,2026-10-02
ktimatoemporiki.gr,Ktimatoemporiki,https://ktimatoemporiki.gr/property/maisonette-for-sale-in-glyfada-athens-id-av-1736,"Maisonette for Sale in Glyfada, Athens",sale,,2595000,216,3,,,"Glyfada, Athens",,,https://ktimato.b-cdn.net/OLDSITE/wp-content/uploads/2026/09/Av-1736_Maisonette-for-Sale-in-Glyfada-Athens-2.webp?width=1200&format=webp&quality=82,2026-09-21,,2026-09-21,json-ld datePosted; sitemap lastmod,2026-10-02T08:52:43Z,2026-09-21,2026-10-02
ktimatoemporiki.gr,Ktimatoemporiki,https://ktimatoemporiki.gr/property/maisonette-for-sale-in-glyfada-id-a4-5432,Maisonette for sale in Glyfada,sale,,1200000,160,3,,,"Glyfada, Athens",,,https://ktimato.b-cdn.net/OLDSITE/wp-content/uploads/2023/06/A4-5432_Maisonette-for-sale-in-Glyfada-14.png?width=1200&format=webp&quality=82,2026-09-01,,2026-09-01,json-ld datePosted; sitemap lastmod,2026-10-02T08:52:43Z,2026-09-01,2026-10-02
ktimatoemporiki.gr,Ktimatoemporiki,https://ktimatoemporiki.gr/property/maisonette-for-sale-in-kallithea-athens-id-a4-13507,"Maisonette for Sale in Kallithea, Athens",sale,,500000,120,3,,,"Kallithea, Athens",,,https://ktimato.b-cdn.net/OLDSITE/wp-content/uploads/2026/09/A4-13507_Maisonette-for-Sale-in-Kallithea-Athens-9.webp?width=1200&format=webp&quality=82,2026-09-21,,2026-09-21,json-ld datePosted; sitemap lastmod,2026-10-02T08:52:43Z,2026-09-21,2026-10-02
ktimatoemporiki.gr,Ktimatoemporiki,https://ktimatoemporiki.gr/property/maisonette-for-sale-in-kifissia-id-a4-6932,Maisonette for sale in Kifissia,sale,,890000,330,5,,,"Kifisia, Athens",,,https://ktimato.b-cdn.net/OLDSITE/wp-content/uploads/2024/03/A4-6932_Maisonette-for-sale-in-Kifissia-1.jpg?width=1200&format=webp&quality=82,2026-09-01,,2026-09-01,json-ld datePosted; sitemap lastmod,2026-10-02T08:52:43Z,2026-09-01,2026-10-02
ktimatoemporiki.gr,Ktimatoemporiki,https://ktimatoemporiki.gr/property/maisonette-for-sale-in-marathonas-id-a4-9566,Maisonette for Sale in Marathonas,sale,,190000,99,1,,,"Marathonas, Athens",,,https://ktimato.b-cdn.net/OLDSITE/wp-content/uploads/2025/02/A4-9566_Seaview-Maisonette-for-Sale-in-Marathonas-4.jpg?width=1200&format=webp&quality=82,2026-09-01,,2026-09-01,json-ld datePosted; sitemap lastmod,2026-10-02T08:52:43Z,2026-09-01,2026-10-02
ktimatoemporiki.gr,Ktimatoemporiki,https://ktimatoemporiki.gr/property/maisonette-for-sale-in-votanikos-athens-id-a4-13510,"Maisonette for Sale in Votanikos, Athens",sale,,588000,181,3,,,"Gazi - Metaxourgio - Votanikos, Athens",,,https://ktimato.b-cdn.net/OLDSITE/wp-content/uploads/2026/09/A4-13510_Maisonette-for-Sale-in-Votanikos-Athens-1.webp?width=1200&format=webp&quality=82,2026-09-21,,2026-09-21,json-ld datePosted; sitemap lastmod,2026-10-02T08:52:43Z,2026-09-21,2026-10-02
ktimatoemporiki.gr,Ktimatoemporiki,https://ktimatoemporiki.gr/property/maisonette-in-glyfada-athens-for-sale-id-a4-2694,Maisonette in Glyfada Athens for sale,sale,,1000000,170,3,,,"Glyfada, Athens",,,https://ktimato.b-cdn.net/OLDSITE/wp-content/uploads/2021/09/Α4-2694_Maisonette-in-Glyfada-Athens-for-sale-3.jpg?width=1200&format=webp&quality=82,2026-09-01,,2026-09-01,json-ld datePosted; sitemap lastmod,2026-10-02T08:52:43Z,2026-09-01,2026-10-02
ktimatoemporiki.gr,Ktimatoemporiki,https://ktimatoemporiki.gr/property/maisonette-with-private-pool-for-sale-in-voula-athens-id-a4-13377,"Maisonette with Private Pool for Sale in Voula, Athens",sale,,1280000,176,4,,,"Voula, Athens",,,https://ktimato.b-cdn.net/OLDSITE/wp-content/uploads/2026/09/A4-13377_Maisonette-with-Private-Pool-for-Sale-in-Voula-Athens-1.png?width=1200&format=webp&quality=82,2026-09-04,,2026-09-04,json-ld datePosted; sitemap lastmod,2026-10-02T08:52:43Z,2026-09-04,2026-10-02
ktimatoemporiki.gr,Ktimatoemporiki,https://ktimatoemporiki.gr/property/marousi-duplex-apartment-for-sale-in-athens-id-a4-7620,Marousi Duplex Apartment for sale in Athens,sale,,350000,190,4,,,"Marousi, Athens",,,https://ktimato.b-cdn.net/OLDSITE/wp-content/uploads/2024/07/A4-7620_Marousi-Duplex-Apartment-for-sale-in-Athens-5.webp?width=1200&format=webp&quality=82,2026-09-01,,2026-09-01,json-ld datePosted; sitemap lastmod,2026-10-02T08:52:43Z,2026-09-01,2026-10-02
ktimatoemporiki.gr,Ktimatoemporiki,https://ktimatoemporiki.gr/property/marousi-luxury-apartment-for-sale-id-a4-4018,Marousi Luxury Apartment for sale,sale,,390000,88,2,,,"Marousi, Athens",,,https://ktimato.b-cdn.net/OLDSITE/wp-content/uploads/2022/07/A4-4018_Marousi-Luxury-Apartment-for-sale-9.jpg?width=1200&format=webp&quality=82,2026-09-01,,2026-09-01,json-ld datePosted; sitemap lastmod,2026-10-02T08:52:43Z,2026-09-01,2026-10-02
ktimatoemporiki.gr,Ktimatoemporiki,https://ktimatoemporiki.gr/property/mixed-use-commercial-building-for-sale-in-gerakas-athens-id-ab-1716,"Mixed Use Commercial Building for Sale in Gerakas, Athens",sale,,550000,560,,,,"Gerakas, Athens",,,https://ktimato.b-cdn.net/im1.webp?width=1200&format=webp&quality=82,2026-10-02,,2026-09-26,json-ld datePosted; sitemap lastmod,2026-10-02T08:52:43Z,2026-09-26,2026-10-02
ktimatoemporiki.gr,Ktimatoemporiki,https://ktimatoemporiki.gr/property/modern-apartment-for-sale-in-ampelokipoi-athens-id-a4-13424,"Modern Apartment for Sale in Ampelokipoi, Athens",sale,,253000,36,1,,,"Ampelokipoi, Athens",,,https://ktimato.b-cdn.net/OLDSITE/wp-content/uploads/2026/09/A4-13424_Modern-Apartment-for-Sale-in-Ampelokipoi-Athens-6.webp?width=1200&format=webp&quality=82,2026-09-11,,2026-09-11,json-ld datePosted; sitemap lastmod,2026-10-02T08:52:43Z,2026-09-11,2026-10-02
ktimatoemporiki.gr,Ktimatoemporiki,https://ktimatoemporiki.gr/property/modern-apartment-for-sale-in-kallithea-athens-id-a4-13446,"Modern Apartment for Sale in Kallithea, Athens",sale,,125000,45,1,,,"Kalithea, Athens",,,https://ktimato.b-cdn.net/OLDSITE/wp-content/uploads/2026/09/A4-13446_Modern-Apartment-for-Sale-in-Kallithea-Athens-4.webp?width=1200&format=webp&quality=82,2026-09-14,,2026-09-14,json-ld datePosted; sitemap lastmod,2026-10-02T08:52:43Z,2026-09-14,2026-10-02
ktimatoemporiki.gr,Ktimatoemporiki,https://ktimatoemporiki.gr/property/modern-maisonette-for-sale-in-elliniko-id-a4-7751,Modern Maisonette For Sale In Elliniko,sale,,1530000,153,3,,,"Elliniko, Athens",,,https://ktimato.b-cdn.net/OLDSITE/wp-content/uploads/2024/07/A4-7751_Modern-Maisonette-For-Sale-In-Elliniko-10.webp?width=1200&format=webp&quality=82,2026-09-01,,2026-09-01,json-ld datePosted; sitemap lastmod,2026-10-02T08:52:43Z,2026-09-01,2026-10-02
ktimatoemporiki.gr,Ktimatoemporiki,https://ktimatoemporiki.gr/property/modern-one-bedroom-apartment-for-sale-in-athens-city-center-id-a4-7868,Modern One Bedroom Apartment for sale in Athens city center,sale,,280000,59,1,,,"Center Athens, Athens",,,https://ktimato.b-cdn.net/OLDSITE/wp-content/uploads/2024/08/A4-7868_Modern-One-Bedroom-Apartment-for-sale-in-Athens-city-center-3.webp?width=1200&format=webp&quality=82,2026-09-01,,2026-09-01,json-ld datePosted; sitemap lastmod,2026-10-02T08:52:43Z,2026-09-01,2026-10-02
ktimatoemporiki.gr,Ktimatoemporiki,https://ktimatoemporiki.gr/property/new-build-apartment-for-sale-in-galatsi-athens-id-a4-13460,"New Build Apartment for Sale in Galatsi, Athens",sale,,280000,78,2,,,"Galatsi, Athens",,,https://ktimato.b-cdn.net/OLDSITE/wp-content/uploads/2026/09/Apartment-in-Athens-for-sale-in-Galatsi-7.png?width=1200&format=webp&quality=82,2026-09-15,,2026-09-15,json-ld datePosted; sitemap lastmod,2026-10-02T08:52:43Z,2026-09-15,2026-10-02
ktimatoemporiki.gr,Ktimatoemporiki,https://ktimatoemporiki.gr/property/new-build-apartment-for-sale-in-kallithea-athens-id-a4-13504,"New Build Apartment for Sale in Kallithea, Athens",sale,,380000,89,3,,,"Kallithea, Athens",,,https://ktimato.b-cdn.net/OLDSITE/wp-content/uploads/2026/09/A4-13504_New-Build-Apartment-for-Sale-in-Kallithea-Athens-9.webp?width=1200&format=webp&quality=82,2026-09-21,,2026-09-21,json-ld datePosted; sitemap lastmod,2026-10-02T08:52:43Z,2026-09-21,2026-10-02
ktimatoemporiki.gr,Ktimatoemporiki,https://ktimatoemporiki.gr/property/new-build-apartment-for-sale-in-saronida-athens-id-a4-13538,"New Build Apartment for Sale in Saronida, Athens",sale,,390000,69,2,,,"Saronida, Attica",,,https://ktimato.b-cdn.net/OLDSITE/wp-content/uploads/2026/09/A4-13538_New-Build-Apartment-for-Sale-in-Saronida-Athens-2.webp?width=1200&format=webp&quality=82,2026-09-28,,2026-09-28,json-ld datePosted; sitemap lastmod,2026-10-02T08:52:43Z,2026-09-28,2026-10-02
ktimatoemporiki.gr,Ktimatoemporiki,https://ktimatoemporiki.gr/property/new-build-maisonette-for-sale-in-gerakas-athens-id-av-1714,"New Build Maisonette for Sale in Gerakas, Athens",sale,,470000,127,3,,,"Gerakas, Athens",,,https://ktimato.b-cdn.net/OLDSITE/wp-content/uploads/2026/09/Av-1714_New-Build-Maisonette-for-Sale-in-Gerakas-Athens-16.webp?width=1200&format=webp&quality=82,2026-09-07,,2026-09-07,json-ld datePosted; sitemap lastmod,2026-10-02T08:52:43Z,2026-09-07,2026-10-02
ktimatoemporiki.gr,Ktimatoemporiki,https://ktimatoemporiki.gr/property/new-built-apartment-for-sale-in-kallithea-athens-id-a4-13490,"New Built Apartment for Sale in Kallithea, Athens",sale,,280000,61,2,,,"Kallithea, Athens",,,https://ktimato.b-cdn.net/OLDSITE/wp-content/uploads/2026/09/A4-13490_New-Built-Apartment-for-Sale-in-Kallithea-Athens-10.webp?width=1200&format=webp&quality=82,2026-09-19,,2026-09-19,json-ld datePosted; sitemap lastmod,2026-10-02T08:52:43Z,2026-09-19,2026-10-02
ktimatoemporiki.gr,Ktimatoemporiki,https://ktimatoemporiki.gr/property/newly-built-commercial-property-for-sale-in-kallithea-athens-id-ac-228,"Newly Built Commercial Property for Sale in Kallithea, Athens",sale,,100000,32,,,,"Kallithea, Athens",,,https://ktimato.b-cdn.net/OLDSITE/wp-content/uploads/2026/09/AC-228_Newly-Built-Commercial-Property-for-Sale-in-Kallithea-Athens.webp?width=1200&format=webp&quality=82,2026-09-21,,2026-09-21,json-ld datePosted; sitemap lastmod,2026-10-02T08:52:43Z,2026-09-21,2026-10-02
ktimatoemporiki.gr,Ktimatoemporiki,https://ktimatoemporiki.gr/property/newly-built-commercial-space-for-rent-in-kallithea-athens-id-a01-1477,"Newly Built Commercial Space for Rent in Kallithea, Athens",rent,,2500,287,,,,"Kallithea, Athens",,,https://ktimato.b-cdn.net/OLDSITE/wp-content/uploads/2026/09/A01-1477_Newly-Built-Commercial-Space-for-Rent-in-Kallithea-Athens.webp?width=1200&format=webp&quality=82,2026-09-21,,2026-09-21,json-ld datePosted; sitemap lastmod,2026-10-02T08:52:43Z,2026-09-21,2026-10-02
ktimatoemporiki.gr,Ktimatoemporiki,https://ktimatoemporiki.gr/property/newly-built-commercial-space-for-sale-in-kallithea-athens-id-ac-229,"Newly Built Commercial Space for Sale in Kallithea, Athens",sale,,450000,330,,,,"Kallithea, Athens",,,https://ktimato.b-cdn.net/OLDSITE/wp-content/uploads/2026/09/AC-229_Newly-Built-Commercial-Space-for-Sale-in-Kallithea-Athens.webp?width=1200&format=webp&quality=82,2026-09-21,,2026-09-21,json-ld datePosted; sitemap lastmod,2026-10-02T08:52:43Z,2026-09-21,2026-10-02
ktimatoemporiki.gr,Ktimatoemporiki,https://ktimatoemporiki.gr/property/off-plan-apartment-in-koukaki-for-sale-id-a4-11440,Off-Plan Apartment in Koukaki for sale,sale,,280000,40,1,,,"Koukaki - Makrigianni, Athens",,,https://ktimato.b-cdn.net/OLDSITE/wp-content/uploads/2025/10/A4-11440_Off-Plan-Apartment-in-Koukaki-for-sale-1.jpg?width=1200&format=webp&quality=82,2026-09-01,,2026-09-01,json-ld datePosted; sitemap lastmod,2026-10-02T08:52:43Z,2026-09-01,2026-10-02
ktimatoemporiki.gr,Ktimatoemporiki,https://ktimatoemporiki.gr/property/one-bedroom-apartment-for-sale-in-agia-paraskevi-id-a4-8026,One Bedroom Apartment for sale in Agia Paraskevi,sale,,158000,46,1,,,"Agia Paraskevi Athens, Athens",,,https://ktimato.b-cdn.net/OLDSITE/wp-content/uploads/2024/08/A4-8026_One-Bedroom-Apartment-for-sale-in-Agia-Paraskevi-1.jpeg?width=1200&format=webp&quality=82,2026-09-01,,2026-09-01,json-ld datePosted; sitemap lastmod,2026-10-02T08:52:43Z,2026-09-01,2026-10-02
ktimatoemporiki.gr,Ktimatoemporiki,https://ktimatoemporiki.gr/property/one-bedroom-apartment-for-sale-in-ampelokipoi-athens-id-a4-13423,"One Bedroom Apartment for Sale in Ampelokipoi, Athens",sale,,255000,38,1,,,"Ampelokipoi, Athens",,,https://ktimato.b-cdn.net/OLDSITE/wp-content/uploads/2026/09/A4-13423_One-Bedroom-Apartment-for-Sale-in-Ampelokipoi-Athens-6.webp?width=1200&format=webp&quality=82,2026-09-11,,2026-09-11,json-ld datePosted; sitemap lastmod,2026-10-02T08:52:43Z,2026-09-11,2026-10-02
ktimatoemporiki.gr,Ktimatoemporiki,https://ktimatoemporiki.gr/property/one-bedroom-apartment-for-sale-in-ano-glyfada-athens-id-a4-13548,"One Bedroom Apartment for Sale in Ano Glyfada, Athens",sale,,269000,48,1,,,"Glyfada, Athens",,,https://ktimato.b-cdn.net/OLDSITE/wp-content/uploads/2026/09/2f2c866b-745a-477b-801c-e5d2b16dcdb4.webp?width=1200&format=webp&quality=82,2026-09-29,,2026-09-29,json-ld datePosted; sitemap lastmod,2026-10-02T08:52:43Z,2026-09-29,2026-10-02
ktimatoemporiki.gr,Ktimatoemporiki,https://ktimatoemporiki.gr/property/one-bedroom-apartment-for-sale-in-chalandri-id-a4-5386,One Bedroom Apartment for sale in Chalandri,sale,,340000,75,1,,,"Chalandri, Athens",,,https://ktimato.b-cdn.net/OLDSITE/wp-content/uploads/2023/06/A4-5386_One-Bedroom-Apartment-for-sale-in-Chalandri-1.jpg?width=1200&format=webp&quality=82,2026-09-01,,2026-09-01,json-ld datePosted; sitemap lastmod,2026-10-02T08:52:43Z,2026-09-01,2026-10-02
ktimatoemporiki.gr,Ktimatoemporiki,https://ktimatoemporiki.gr/property/one-bedroom-apartment-for-sale-in-kallithea-athens-id-a4-13187,"One Bedroom Apartment for Sale in Kallithea, Athens",sale,,280000,59,1,,,"Kallithea, Athens",,,https://ktimato.b-cdn.net/OLDSITE/wp-content/uploads/2026/07/A4-13170_Second-Floor-Apartment-for-Sale-in-Kallithea-Athens-1.webp?width=1200&format=webp&quality=82,2026-09-01,,2026-09-01,json-ld datePosted; sitemap lastmod,2026-10-02T08:52:43Z,2026-09-01,2026-10-02
ktimatoemporiki.gr,Ktimatoemporiki,https://ktimatoemporiki.gr/property/one-bedroom-apartment-for-sale-in-kallithea-athens-id-a4-13485,"One Bedroom Apartment for Sale in Kallithea, Athens",sale,,180000,33,1,,,"Kallithea, Athens",,,https://ktimato.b-cdn.net/OLDSITE/wp-content/uploads/2026/09/A4-13485_One-Bedroom-Apartment-for-Sale-in-Kallithea-Athens-1.webp?width=1200&format=webp&quality=82,2026-09-18,,2026-09-18,json-ld datePosted; sitemap lastmod,2026-10-02T08:52:43Z,2026-09-18,2026-10-02
ktimatoemporiki.gr,Ktimatoemporiki,https://ktimatoemporiki.gr/property/one-bedroom-apartment-for-sale-in-kallithea-athens-id-a4-13493,"One Bedroom Apartment for Sale in Kallithea, Athens",sale,,260000,50,1,,,"Kallithea, Athens",,,https://ktimato.b-cdn.net/OLDSITE/wp-content/uploads/2026/09/A4-13493_One-Bedroom-Apartment-for-Sale-in-Kallithea-Athens-1.webp?width=1200&format=webp&quality=82,2026-09-19,,2026-09-19,json-ld datePosted; sitemap lastmod,2026-10-02T08:52:43Z,2026-09-19,2026-10-02
ktimatoemporiki.gr,Ktimatoemporiki,https://ktimatoemporiki.gr/property/one-bedroom-apartment-for-sale-in-kallithea-athens-id-a4-13502,"One Bedroom Apartment for Sale in Kallithea, Athens",sale,,180000,33,1,,,"Kalithea, Athens",,,https://ktimato.b-cdn.net/OLDSITE/wp-content/uploads/2026/09/A4-13502_One-Bedroom-Apartment-for-Sale-in-Kallithea-Athens-9.webp?width=1200&format=webp&quality=82,2026-09-21,,2026-09-21,json-ld datePosted; sitemap lastmod,2026-10-02T08:52:43Z,2026-09-21,2026-10-02
ktimatoemporiki.gr,Ktimatoemporiki,https://ktimatoemporiki.gr/property/one-bedroom-apartment-for-sale-in-kallithea-id-a4-12069,One Bedroom Apartment for sale in Kallithea,sale,,290000,58,1,,,"Kallithea, Athens",,,https://ktimato.b-cdn.net/OLDSITE/wp-content/uploads/2025/12/A4-12069_One-Bedroom-Apartment-for-sale-in-Kallithea-1.webp?width=1200&format=webp&quality=82,2026-09-01,,2026-09-01,json-ld datePosted; sitemap lastmod,2026-10-02T08:52:43Z,2026-09-01,2026-10-02
ktimatoemporiki.gr,Ktimatoemporiki,https://ktimatoemporiki.gr/property/one-bedroom-apartment-for-sale-in-koukaki-id-a4-10037,One Bedroom Apartment for sale in Koukaki,sale,,305000,43,1,,,"Koukaki - Makrigianni, Athens",,,https://ktimato.b-cdn.net/OLDSITE/wp-content/uploads/2025/03/A4-10037_One-Bedroom-Apartment-for-sale-in-Koukaki-8.jpg?width=1200&format=webp&quality=82,2026-09-01,,2026-09-01,json-ld datePosted; sitemap lastmod,2026-10-02T08:52:43Z,2026-09-01,2026-10-02
ktimatoemporiki.gr,Ktimatoemporiki,https://ktimatoemporiki.gr/property/one-bedroom-apartment-in-athens-id-a4-11018,One bedroom Apartment in Athens,sale,,350000,93,2,,,"Kaisariani, Athens",,,https://ktimato.b-cdn.net/OLDSITE/wp-content/uploads/2025/07/A4-11018_One-bedroom-Apartment-in-Athens-21.jpeg?width=1200&format=webp&quality=82,2026-09-01,,2026-09-01,json-ld datePosted; sitemap lastmod,2026-10-02T08:52:43Z,2026-09-01,2026-10-02
ktimatoemporiki.gr,Ktimatoemporiki,https://ktimatoemporiki.gr/property/pagrati-apartment-in-athens-for-sale-id-a4-3175,Pagrati Apartment in Athens for sale,sale,,820000,125,3,,,"Pangrati, Athens",,,https://ktimato.b-cdn.net/OLDSITE/wp-content/uploads/2022/02/A4-3175_Pagrati-Apartment-in-Athens-for-sale-2.jpeg?width=1200&format=webp&quality=82,2026-09-01,,2026-09-01,json-ld datePosted; sitemap lastmod,2026-10-02T08:52:43Z,2026-09-01,2026-10-02
ktimatoemporiki.gr,Ktimatoemporiki,https://ktimatoemporiki.gr/property/pagrati-athens-apartment-for-sale-id-a4-3173,Pagrati Athens Apartment for sale,sale,,795000,125,3,,,"Pangrati, Athens",,,https://ktimato.b-cdn.net/OLDSITE/wp-content/uploads/2022/02/A4-3173_Pagrati-Athens-Apartment-for-sale-1.jpeg?width=1200&format=webp&quality=82,2026-09-01,,2026-09-01,json-ld datePosted; sitemap lastmod,2026-10-02T08:52:43Z,2026-09-01,2026-10-02
ktimatoemporiki.gr,Ktimatoemporiki,https://ktimatoemporiki.gr/property/penthouse-apartment-for-sale-in-agia-paraskevi-athens-id-a4-13384,"Penthouse Apartment for Sale in Agia Paraskevi, Athens",sale,,420000,146,3,,,"Agia Paraskevi Athens, Athens",,,https://ktimato.b-cdn.net/OLDSITE/wp-content/uploads/2026/09/A4-13384_Penthouse-Apartment-for-Sale-in-Agia-Paraskevi-Athens-13.webp?width=1200&format=webp&quality=82,2026-09-07,,2026-09-07,json-ld datePosted; sitemap lastmod,2026-10-02T08:52:43Z,2026-09-07,2026-10-02
ktimatoemporiki.gr,Ktimatoemporiki,https://ktimatoemporiki.gr/property/penthouse-apartment-for-sale-in-glyka-nera-athens-id-a4-13537,"Penthouse Apartment for Sale in Glyka Nera, Athens",sale,,605000,150,3,,,"Glyka Nera, Athens",,,https://ktimato.b-cdn.net/OLDSITE/wp-content/uploads/2026/09/A4-13534_Three-Level-Loft-for-Sale-in-Gerakas-Athens-9.webp?width=1200&format=webp&quality=82,2026-09-25,,2026-09-25,json-ld datePosted; sitemap lastmod,2026-10-02T08:52:43Z,2026-09-25,2026-10-02
ktimatoemporiki.gr,Ktimatoemporiki,https://ktimatoemporiki.gr/property/penthouse-for-sale-in-athens-center-id-a4-10950,Penthouse for sale in Athens center,sale,,200000,38,1,,,"Gizi, Athens",,,https://ktimato.b-cdn.net/OLDSITE/wp-content/uploads/2025/07/A4-10950_Penthouse-for-sale-in-Athens-center-3.jpeg?width=1200&format=webp&quality=82,2026-09-01,,2026-09-01,json-ld datePosted; sitemap lastmod,2026-10-02T08:52:43Z,2026-09-01,2026-10-02
ktimatoemporiki.gr,Ktimatoemporiki,https://ktimatoemporiki.gr/property/penthouse-in-athens-city-center-for-sale-id-a4-10558,Penthouse in Athens City Center for sale,sale,,102000,53,1,,,"Liosia, Athens",,,https://ktimato.b-cdn.net/OLDSITE/wp-content/uploads/2025/05/A4-10558_Penthouse-in-Athens-City-Center-for-sale-18.jpeg?width=1200&format=webp&quality=82,2026-09-01,,2026-09-01,json-ld datePosted; sitemap lastmod,2026-10-02T08:52:43Z,2026-09-01,2026-10-02
ktimatoemporiki.gr,Ktimatoemporiki,https://ktimatoemporiki.gr/property/penthouse-maisonette-for-sale-in-nea-erythraia-athens-id-av-1713,"Penthouse Maisonette for Sale in Nea Erythraia, Athens",sale,,320000,125,2,,,"Nea Erythraia, Athens",,,https://ktimato.b-cdn.net/OLDSITE/wp-content/uploads/2026/09/Av-1713_Penthouse-Maisonette-for-Sale-in-Nea-Erythraia-Athens-13.webp?width=1200&format=webp&quality=82,2026-09-07,,2026-09-07,json-ld datePosted; sitemap lastmod,2026-10-02T08:52:43Z,2026-09-07,2026-10-02
ktimatoemporiki.gr,Ktimatoemporiki,https://ktimatoemporiki.gr/property/penthouse-maisonette-for-sale-in-votanikos-athens-id-a4-13511,"Penthouse Maisonette for Sale in Votanikos, Athens",sale,,554000,170,3,,,"Gazi - Metaxourgio - Votanikos, Athens",,,https://ktimato.b-cdn.net/im1.webp?width=1200&format=webp&quality=82,2026-10-02,,2026-09-21,json-ld datePosted; sitemap lastmod,2026-10-02T08:52:43Z,2026-09-21,2026-10-02
ktimatoemporiki.gr,Ktimatoemporiki,https://ktimatoemporiki.gr/property/penthouse-maisonette-in-glyfada-for-sale-id-a4-11511,Penthouse Maisonette in Glyfada for sale,sale,,4000000,283,4,,,"Glyfada, Athens",,,https://ktimato.b-cdn.net/OLDSITE/wp-content/uploads/2025/10/A4-11511_Penthouse-Maisonette-in-Glyfada-for-sale-23.jpg?width=1200&format=webp&quality=82,2026-09-01,,2026-09-01,json-ld datePosted; sitemap lastmod,2026-10-02T08:52:43Z,2026-09-01,2026-10-02
ktimatoemporiki.gr,Ktimatoemporiki,https://ktimatoemporiki.gr/property/penthouse-maizonette-for-sale-in-athens-id-a4-12999,Penthouse Maizonette for Sale in Athens,sale,,1140000,139,3,,,"Glyfada, Athens",,,https://ktimato.b-cdn.net/OLDSITE/wp-content/uploads/2026/06/A4-12999_Penthouse-Maizonette-for-Sale-in-Athens-1.webp?width=1200&format=webp&quality=82,2026-09-01,,2026-09-01,json-ld datePosted; sitemap lastmod,2026-10-02T08:52:43Z,2026-09-01,2026-10-02
ktimatoemporiki.gr,Ktimatoemporiki,https://ktimatoemporiki.gr/property/penthouse-with-lycabettus-view-for-sale-in-kypseli-id-a4-6540,Penthouse with Lycabettus View for sale in Kypseli,sale,,235000,107,2,,,"Kypseli, Athens",,,https://ktimato.b-cdn.net/OLDSITE/wp-content/uploads/2024/01/A4-6540_Penthouse-with-Lycabettus-View-for-sale-in-Kypseli-2.jpeg?width=1200&format=webp&quality=82,2026-09-01,,2026-09-01,json-ld datePosted; sitemap lastmod,2026-10-02T08:52:43Z,2026-09-01,2026-10-02
ktimatoemporiki.gr,Ktimatoemporiki,https://ktimatoemporiki.gr/property/plot-for-rent-in-marousi-id-a01-1395,Plot for rent in Marousi,rent,,2500,,,,,"Marousi, Athens",,,https://ktimato.b-cdn.net/OLDSITE/wp-content/uploads/2026/01/A01-1395_Plot-for-rent-in-Marousi.jpg?width=1200&format=webp&quality=82,2026-09-04,,2026-09-04,json-ld datePosted; sitemap lastmod,2026-10-02T08:52:43Z,2026-09-04,2026-10-02
ktimatoemporiki.gr,Ktimatoemporiki,https://ktimatoemporiki.gr/property/plot-for-rent-in-porto-rafti-attica-id-a01-1478,"Plot for Rent in Porto Rafti, Attica",rent,,3000,,,,,"Porto Rafti, Attica",,,https://ktimato.b-cdn.net/OLDSITE/wp-content/uploads/2026/09/A01-1478_Plot-for-Rent-in-Porto-Rafti-Attica-1.webp?width=1200&format=webp&quality=82,2026-09-28,,2026-09-28,json-ld datePosted; sitemap lastmod,2026-10-02T08:52:43Z,2026-09-28,2026-10-02
ktimatoemporiki.gr,Ktimatoemporiki,https://ktimatoemporiki.gr/property/property-for-sale-in-dionysos-attica-id-a4-1455,Property for sale in Dionysos Attica,sale,,460000,420,6,,,"Dionysos, Athens",,,https://ktimato.b-cdn.net/OLDSITE/wp-content/uploads/2020/06/A4-1455_ktimatoemporiki_Property_for_sale_in_Dionysos_Attica-16.jpg?width=1200&format=webp&quality=82,2026-09-01,,2026-09-01,json-ld datePosted; sitemap lastmod,2026-10-02T08:52:43Z,2026-09-01,2026-10-02
ktimatoemporiki.gr,Ktimatoemporiki,https://ktimatoemporiki.gr/property/renovated-and-furnished-apartment-for-sale-in-kallithea-id-a4-13381,Renovated and Furnished Apartment for Sale in Kallithea,sale,,160000,52,1,,,"Kalithea, Athens",,,https://ktimato.b-cdn.net/OLDSITE/wp-content/uploads/2026/09/A4-13381_Renovated-and-Furnished-Apartment-for-Sale-in-Kallithea-5.webp?width=1200&format=webp&quality=82,2026-09-05,,2026-09-05,json-ld datePosted; sitemap lastmod,2026-10-02T08:52:43Z,2026-09-05,2026-10-02
ktimatoemporiki.gr,Ktimatoemporiki,https://ktimatoemporiki.gr/property/renovated-apartment-for-sale-in-nea-smyrni-athens-id-a4-13401,"Renovated Apartment for Sale in Nea Smyrni, Athens",sale,,260000,74,2,,,"Nea Smyrni, Athens",,,https://ktimato.b-cdn.net/OLDSITE/wp-content/uploads/2026/09/A4-13401_Renovated-Apartment-for-Sale-in-Nea-Smyrni-Athens-4.webp?width=1200&format=webp&quality=82,2026-09-08,,2026-09-08,json-ld datePosted; sitemap lastmod,2026-10-02T08:52:43Z,2026-09-08,2026-10-02
ktimatoemporiki.gr,Ktimatoemporiki,https://ktimatoemporiki.gr/property/renovated-apartment-for-sale-in-neos-kosmos-athens-id-a4-13372,"Renovated Apartment for Sale in Neos Kosmos, Athens",sale,,147000,55,1,,,"Neos Kosmos, Athens",,,https://ktimato.b-cdn.net/OLDSITE/wp-content/uploads/2026/09/A4-13372_Renovated-Apartment-for-Sale-in-Neos-Kosmos-Athens-1.webp?width=1200&format=webp&quality=82,2026-09-04,,2026-09-04,json-ld datePosted; sitemap lastmod,2026-10-02T08:52:43Z,2026-09-04,2026-10-02
ktimatoemporiki.gr,Ktimatoemporiki,https://ktimatoemporiki.gr/property/renovated-apartment-for-sale-in-palaio-faliro-athens-id-a4-13383,"Renovated Apartment for Sale in Palaio Faliro, Athens",sale,,158000,51,1,,,"Palaio Faliro, Athens",,,https://ktimato.b-cdn.net/OLDSITE/wp-content/uploads/2026/09/A4-13383_Renovated-Apartment-for-Sale-in-Palaio-Faliro-Athens-8.webp?width=1200&format=webp&quality=82,2026-09-05,,2026-09-05,json-ld datePosted; sitemap lastmod,2026-10-02T08:52:43Z,2026-09-05,2026-10-02
ktimatoemporiki.gr,Ktimatoemporiki,https://ktimatoemporiki.gr/property/renovated-apartment-for-sale-in-palaio-faliro-athens-id-a4-13488,"Renovated Apartment for Sale in Palaio Faliro, Athens",sale,,297000,90,2,,,"Palaio Faliro, Athens",,,https://ktimato.b-cdn.net/OLDSITE/wp-content/uploads/2026/09/A4-13488_Renovated-Apartment-for-Sale-in-Palaio-Faliro-Athens-1.webp?width=1200&format=webp&quality=82,2026-09-19,,2026-09-19,json-ld datePosted; sitemap lastmod,2026-10-02T08:52:43Z,2026-09-19,2026-10-02
ktimatoemporiki.gr,Ktimatoemporiki,https://ktimatoemporiki.gr/property/renovated-apartment-for-sale-in-voula-athens-id-a4-13426,"Renovated Apartment for Sale in Voula, Athens",sale,,380000,98,2,,,"Voula, Athens",,,https://ktimato.b-cdn.net/OLDSITE/wp-content/uploads/2026/09/A4-13426_Renovated-Apartment-for-Sale-in-Voula-Athens-10.webp?width=1200&format=webp&quality=82,2026-09-12,,2026-09-12,json-ld datePosted; sitemap lastmod,2026-10-02T08:52:43Z,2026-09-12,2026-10-02
ktimatoemporiki.gr,Ktimatoemporiki,https://ktimatoemporiki.gr/property/renovated-penthouse-apartment-for-sale-in-athens-id-a4-13374,Renovated Penthouse Apartment for Sale in Athens,sale,,150000,54,1,,,"Center Athens, Athens",,,https://ktimato.b-cdn.net/OLDSITE/wp-content/uploads/2026/09/A4-13374_Renovated-Penthouse-Apartment-for-Sale-in-Athens-18.webp?width=1200&format=webp&quality=82,2026-09-04,,2026-09-04,json-ld datePosted; sitemap lastmod,2026-10-02T08:52:43Z,2026-09-04,2026-10-02
ktimatoemporiki.gr,Ktimatoemporiki,https://ktimatoemporiki.gr/property/renovated-seaview-penthouse-for-sale-in-voula-athens-id-a4-13457,"Renovated Seaview Penthouse for Sale in Voula, Athens",sale,,800000,75,2,,,"Voula, Athens",,,https://ktimato.b-cdn.net/OLDSITE/wp-content/uploads/2026/09/A4-13457_Renovated-Seaview-Penthouse-for-Sale-in-Voula-Athens-2.webp?width=1200&format=webp&quality=82,2026-09-15,,2026-09-15,json-ld datePosted; sitemap lastmod,2026-10-02T08:52:43Z,2026-09-15,2026-10-02
ktimatoemporiki.gr,Ktimatoemporiki,https://ktimatoemporiki.gr/property/renovated-three-bedroom-apartment-in-kypseli-for-sale-id-a4-8262,Renovated Three Bedroom Apartment in Kypseli for sale,sale,,245000,86,3,,,"Kypseli, Athens",,,https://ktimato.b-cdn.net/OLDSITE/wp-content/uploads/2024/09/A4-8262_Renovated-Three-Bedroom-Apartment-in-Kypseli-for-sale-5.jpeg?width=1200&format=webp&quality=82,2026-09-01,,2026-09-01,json-ld datePosted; sitemap lastmod,2026-10-02T08:52:43Z,2026-09-01,2026-10-02
ktimatoemporiki.gr,Ktimatoemporiki,https://ktimatoemporiki.gr/property/residential-building-for-sale-in-lavrio-id-ab-1340,Residential Building for sale in Lavrio,sale,,1000000,870,8,,,"Lavrio, Attica",,,https://ktimato.b-cdn.net/OLDSITE/wp-content/uploads/2024/04/AB-1340_Residential-Building-for-sale-in-Lavrio-1.jpg?width=1200&format=webp&quality=82,2026-09-01,,2026-09-01,json-ld datePosted; sitemap lastmod,2026-10-02T08:52:43Z,2026-09-01,2026-10-02
ktimatoemporiki.gr,Ktimatoemporiki,https://ktimatoemporiki.gr/property/sea-view-apartment-for-sale-in-glyfada-athens-id-a4-13361,"Sea View Apartment for Sale in Glyfada, Athens",sale,,640000,92,2,,,"Glyfada, Athens",,,https://ktimato.b-cdn.net/OLDSITE/wp-content/uploads/2026/09/A4-13361_Sea-View-Apartment-for-Sale-in-Glyfada-Athens-7.webp?width=1200&format=webp&quality=82,2026-09-02,,2026-09-02,json-ld datePosted; sitemap lastmod,2026-10-02T08:52:43Z,2026-09-02,2026-10-02
ktimatoemporiki.gr,Ktimatoemporiki,https://ktimatoemporiki.gr/property/sea-view-apartment-for-sale-in-piraeus-athens-id-a4-13063,"Sea View Apartment for Sale in Glyfada, Athens",sale,,320000,57,1,,,"Glyfada, Athens",,,https://ktimato.b-cdn.net/OLDSITE/wp-content/uploads/2026/06/A4-13063_Sea-View-Apartment-for-Sale-in-Piraeus-Athens-2.webp?width=1200&format=webp&quality=82,2026-09-14,,2026-09-24,json-ld datePosted; sitemap lastmod,2026-10-02T08:52:43Z,2026-09-24,2026-10-02
ktimatoemporiki.gr,Ktimatoemporiki,https://ktimatoemporiki.gr/property/sea-view-apartment-for-sale-in-voula-athens-id-a4-13458,"Sea View Apartment for Sale in Voula, Athens",sale,,1100000,150,2,,,"Voula, Athens",,,https://ktimato.b-cdn.net/OLDSITE/wp-content/uploads/2026/09/A4-13458_Sea-View-Apartment-for-Sale-in-Voula-Athens-2.webp?width=1200&format=webp&quality=82,2026-09-16,,2026-09-16,json-ld datePosted; sitemap lastmod,2026-10-02T08:52:43Z,2026-09-16,2026-10-02
ktimatoemporiki.gr,Ktimatoemporiki,https://ktimatoemporiki.gr/property/sea-view-loft-for-sale-in-thymari-anavyssos-id-a4-13573,"Sea View Loft for Sale in Thymari, Anavyssos",sale,,276000,77,1,,,"Anavyssos, Attica",,,https://ktimato.b-cdn.net/OLDSITE/wp-content/uploads/2026/10/A4-13573_Sea-View-Loft-for-Sale-in-Thymari-Anavyssos-1.webp?width=1200&format=webp&quality=82,2026-10-01,,2026-10-01,json-ld datePosted; sitemap lastmod,2026-10-02T08:52:43Z,2026-10-01,2026-10-02
ktimatoemporiki.gr,Ktimatoemporiki,https://ktimatoemporiki.gr/property/sea-view-villa-for-sale-in-mavro-lithari-anavyssos-athens-id-av-1744,"Sea View Villa for Sale in Mavro Lithari, Anavyssos, Athens",sale,,1500000,350,7,,,"Anavyssos, Attica",,,https://ktimato.b-cdn.net/OLDSITE/wp-content/uploads/2026/09/Av-1744_Sea-View-Villa-for-Sale-in-Mavro-Lithari-Anavyssos-Athens-1.webp?width=1200&format=webp&quality=82,2026-09-25,,2026-09-25,json-ld datePosted; sitemap lastmod,2026-10-02T08:52:43Z,2026-09-25,2026-10-02
ktimatoemporiki.gr,Ktimatoemporiki,https://ktimatoemporiki.gr/property/seafront-apartment-for-sale-in-palaio-faliro-athens-id-a4-13569,"Seafront Apartment for Sale in Palaio Faliro, Athens",sale,,870000,96,3,,,"Palaio Faliro, Athens",,,https://ktimato.b-cdn.net/OLDSITE/wp-content/uploads/2026/10/A4-13569_Seafront-Apartment-for-Sale-in-Palaio-Faliro-Athens-38.webp?width=1200&format=webp&quality=82,2026-10-01,,2026-10-01,json-ld datePosted; sitemap lastmod,2026-10-02T08:52:43Z,2026-10-01,2026-10-02
ktimatoemporiki.gr,Ktimatoemporiki,https://ktimatoemporiki.gr/property/seafront-hotel-in-kalamos-attica-id-a2-804,"Seafront Hotel in Kalamos, Attica",sale,,2000000,890,21,,,"Kalamos, Attica",,,https://ktimato.b-cdn.net/OLDSITE/wp-content/uploads/2026/09/A2-804_Seafront-Hotel-in-Kalamos-Attica-13.webp?width=1200&format=webp&quality=82,2026-09-29,,2026-09-29,json-ld datePosted; sitemap lastmod,2026-10-02T08:52:43Z,2026-09-29,2026-10-02
ktimatoemporiki.gr,Ktimatoemporiki,https://ktimatoemporiki.gr/property/seaview-apartment-for-sale-in-kallithea-athens-id-a4-13410,"Seaview Apartment for Sale in Kallithea, Athens",sale,,1240000,124,3,,,"Kallithea, Athens",,,https://ktimato.b-cdn.net/OLDSITE/wp-content/uploads/2026/09/A4-13410_Seaview-Apartment-for-Sale-in-Kallithea-Athens-5.webp?width=1200&format=webp&quality=82,2026-09-10,,2026-09-10,json-ld datePosted; sitemap lastmod,2026-10-02T08:52:43Z,2026-09-10,2026-10-02
ktimatoemporiki.gr,Ktimatoemporiki,https://ktimatoemporiki.gr/property/seaview-duplex-apartment-for-sale-in-vouliagmeni-athens-id-a4-13517,"Seaview Duplex Apartment for Sale in Vouliagmeni, Athens",sale,,1600000,165,3,,,"Vouliagmeni, Athens",,,https://ktimato.b-cdn.net/OLDSITE/wp-content/uploads/2026/09/A4-13517_Seaview-Duplex-Apartment-for-Sale-in-Vouliagmeni-Athens-1.webp?width=1200&format=webp&quality=82,2026-09-23,,2026-09-23,json-ld datePosted; sitemap lastmod,2026-10-02T08:52:43Z,2026-09-23,2026-10-02
ktimatoemporiki.gr,Ktimatoemporiki,https://ktimatoemporiki.gr/property/seaview-maisonette-for-sale-in-glyfada-id-a4-12128,Seaview Maisonette for sale in Glyfada,sale,,1275000,155,3,,,"Glyfada, Athens",,,https://ktimato.b-cdn.net/OLDSITE/wp-content/uploads/2025/12/A4-12128_Seaview-Maisonette-for-sale-in-Glyfada-16_1920x1080.webp?width=1200&format=webp&quality=82,2026-09-01,,2026-09-01,json-ld datePosted; sitemap lastmod,2026-10-02T08:52:43Z,2026-09-01,2026-10-02
ktimatoemporiki.gr,Ktimatoemporiki,https://ktimatoemporiki.gr/property/seaview-penthouse-maisonette-for-sale-in-glyfada-athens-id-a4-13518,"Seaview Penthouse Maisonette for Sale in Glyfada, Athens",sale,,4930000,248,4,,,"Glyfada, Athens",,,https://ktimato.b-cdn.net/OLDSITE/wp-content/uploads/2026/09/A4-13518_Seaview-Penthouse-Maisonette-for-Sale-in-Glyfada-Athens-11.webp?width=1200&format=webp&quality=82,2026-09-22,,2026-09-22,json-ld datePosted; sitemap lastmod,2026-10-02T08:52:43Z,2026-09-22,2026-10-02
ktimatoemporiki.gr,Ktimatoemporiki,https://ktimatoemporiki.gr/property/seaview-three-bedroom-penthouse-for-sale-in-glyfada-id-a4-11991,Seaview Three Bedroom Penthouse for sale in Glyfada,sale,,610000,125,3,,,"Glyfada, Athens",,,https://ktimato.b-cdn.net/OLDSITE/wp-content/uploads/2025/12/A4-11991_Seaview-Three-Bedroom-Penthouse-for-sale-in-Glyfada-20.webp?width=1200&format=webp&quality=82,2026-09-01,,2026-09-01,json-ld datePosted; sitemap lastmod,2026-10-02T08:52:43Z,2026-09-01,2026-10-02
ktimatoemporiki.gr,Ktimatoemporiki,https://ktimatoemporiki.gr/property/seaview-villa-for-sale-in-anavyssos-athens-id-av-1745,"Seaview Villa for Sale in Anavyssos, Athens",sale,,390000,80,2,,,"Anavyssos, Attica",,,https://ktimato.b-cdn.net/OLDSITE/wp-content/uploads/2026/09/Av-1745_Seaview-Villa-for-Sale-in-Anavyssos-Athens-14.webp?width=1200&format=webp&quality=82,2026-09-29,,2026-09-29,json-ld datePosted; sitemap lastmod,2026-10-02T08:52:43Z,2026-09-29,2026-10-02
ktimatoemporiki.gr,Ktimatoemporiki,https://ktimatoemporiki.gr/property/studio-for-sale-in-athens-center-id-a4-9761,Studio for sale in Athens Center,sale,,165000,31,1,,,"Center Athens, Athens",,,https://ktimato.b-cdn.net/OLDSITE/wp-content/uploads/2025/02/A4-9761_Studio-for-sale-in-Athens-Center-8.jpg?width=1200&format=webp&quality=82,2026-09-01,,2026-09-01,json-ld datePosted; sitemap lastmod,2026-10-02T08:52:43Z,2026-09-01,2026-10-02
ktimatoemporiki.gr,Ktimatoemporiki,https://ktimatoemporiki.gr/property/studio-for-sale-in-athens-id-a4-12405,Studio for sale in Athens,sale,,87000,27,1,,,"Center Athens, Athens",,,https://ktimato.b-cdn.net/OLDSITE/wp-content/uploads/2026/02/A4-12405_Studio-for-sale-in-Athens-9.png?width=1200&format=webp&quality=82,2026-09-01,,2026-09-01,json-ld datePosted; sitemap lastmod,2026-10-02T08:52:43Z,2026-09-01,2026-10-02
ktimatoemporiki.gr,Ktimatoemporiki,https://ktimatoemporiki.gr/property/studio-in-athens-for-sale-id-a4-9654,Studio in Athens for sale,sale,,60000,33,1,,,"Kallithea, Athens",,,https://ktimato.b-cdn.net/OLDSITE/wp-content/uploads/2025/02/A4-9654_Studio-in-Athens-for-sale-4.webp?width=1200&format=webp&quality=82,2026-09-01,,2026-09-01,json-ld datePosted; sitemap lastmod,2026-10-02T08:52:43Z,2026-09-01,2026-10-02
ktimatoemporiki.gr,Ktimatoemporiki,https://ktimatoemporiki.gr/property/three-bedroom-apartment-for-sale-in-alimos-id-a4-11994,Three Bedroom Apartment for sale in Alimos,sale,,500000,118,3,,,"Alimos, Athens",,,https://ktimato.b-cdn.net/OLDSITE/wp-content/uploads/2025/12/A4-11994_Three-Bedroom-Apartment-for-sale-in-Alimos-12.webp?width=1200&format=webp&quality=82,2026-09-01,,2026-09-01,json-ld datePosted; sitemap lastmod,2026-10-02T08:52:43Z,2026-09-01,2026-10-02
ktimatoemporiki.gr,Ktimatoemporiki,https://ktimatoemporiki.gr/property/three-bedroom-apartment-for-sale-in-athens-city-center-id-a4-8061,Three Bedroom Apartment for sale in Athens city center,sale,,170000,112,3,,,"Center Athens, Athens",,,https://ktimato.b-cdn.net/OLDSITE/wp-content/uploads/2024/09/A4-8061_Three-Bedroom-Apartment-for-sale-in-Athens-city-center-6.webp?width=1200&format=webp&quality=82,2026-09-01,,2026-09-01,json-ld datePosted; sitemap lastmod,2026-10-02T08:52:43Z,2026-09-01,2026-10-02
ktimatoemporiki.gr,Ktimatoemporiki,https://ktimatoemporiki.gr/property/three-bedroom-apartment-for-sale-in-athens-ilioupoli-id-a4-5365,Three Bedroom Apartment for sale in Athens Ilioupoli,sale,,340000,150,3,,,"Ilioupoli, Athens",,,https://ktimato.b-cdn.net/OLDSITE/wp-content/uploads/2023/06/A4-5365_Three-Bedroom-Apartment-for-sale-in-Athens-Ilioupoli-10.png?width=1200&format=webp&quality=82,2026-09-01,,2026-09-01,json-ld datePosted; sitemap lastmod,2026-10-02T08:52:43Z,2026-09-01,2026-10-02
ktimatoemporiki.gr,Ktimatoemporiki,https://ktimatoemporiki.gr/property/three-bedroom-apartment-for-sale-in-chalandri-id-a4-5387,Three Bedroom Apartment for sale in Chalandri,sale,,620000,132,3,,,"Chalandri, Athens",,,https://ktimato.b-cdn.net/OLDSITE/wp-content/uploads/2023/06/A4-5387_Three-Bedroom-Apartment-for-sale-in-Chalandri-2.jpg?width=1200&format=webp&quality=82,2026-09-01,,2026-09-01,json-ld datePosted; sitemap lastmod,2026-10-02T08:52:43Z,2026-09-01,2026-10-02
ktimatoemporiki.gr,Ktimatoemporiki,https://ktimatoemporiki.gr/property/three-bedroom-apartment-for-sale-in-glyfada-athens-id-a4-13521,"Three Bedroom Apartment for Sale in Glyfada, Athens",sale,,1550000,148,3,,,"Glyfada, Athens",,,https://ktimato.b-cdn.net/OLDSITE/wp-content/uploads/2026/09/A4-13521_Three-Bedroom-Apartment-for-Sale-in-Glyfada-Athens-4.webp?width=1200&format=webp&quality=82,2026-09-23,,2026-09-23,json-ld datePosted; sitemap lastmod,2026-10-02T08:52:43Z,2026-09-23,2026-10-02
ktimatoemporiki.gr,Ktimatoemporiki,https://ktimatoemporiki.gr/property/three-bedroom-apartment-for-sale-in-kallithea-athens-id-a4-13449,"Three Bedroom Apartment for Sale in Kallithea, Athens",sale,,600000,97,3,,,"Kalithea, Athens",,,https://ktimato.b-cdn.net/OLDSITE/wp-content/uploads/2026/09/A4-13448_Athens-Apartment-for-Sale-in-Kallithea-4.webp?width=1200&format=webp&quality=82,2026-09-14,,2026-09-14,json-ld datePosted; sitemap lastmod,2026-10-02T08:52:43Z,2026-09-14,2026-10-02
ktimatoemporiki.gr,Ktimatoemporiki,https://ktimatoemporiki.gr/property/three-bedroom-apartment-for-sale-in-kallithea-athens-id-a4-13501,"Three Bedroom Apartment for Sale in Kallithea, Athens",sale,,350000,89,3,,,"Kallithea, Athens",,,https://ktimato.b-cdn.net/OLDSITE/wp-content/uploads/2026/09/A4-13501_Three-Bedroom-Apartment-for-Sale-in-Kallithea-Athens-1.webp?width=1200&format=webp&quality=82,2026-09-21,,2026-09-21,json-ld datePosted; sitemap lastmod,2026-10-02T08:52:43Z,2026-09-21,2026-10-02
ktimatoemporiki.gr,Ktimatoemporiki,https://ktimatoemporiki.gr/property/three-bedroom-apartment-in-nea-smyrni-for-sale-id-a4-5720,Three Bedroom Apartment in Nea Smyrni for sale,sale,,420000,107,3,,,"Nea Smyrni, Athens",,,https://ktimato.b-cdn.net/OLDSITE/wp-content/uploads/2023/08/A4-5720_Three-Bedroom-Apartment-in-Nea-Smyrni-for-sale-3.jpg?width=1200&format=webp&quality=82,2026-09-01,,2026-09-01,json-ld datePosted; sitemap lastmod,2026-10-02T08:52:43Z,2026-09-01,2026-10-02
ktimatoemporiki.gr,Ktimatoemporiki,https://ktimatoemporiki.gr/property/three-bedrooms-apartment-for-sale-in-palaio-faliro-id-a4-5715,Three Bedrooms Apartment for sale in Palaio Faliro,sale,,700000,144,3,,,"Palaio Faliro, Athens",,,https://ktimato.b-cdn.net/OLDSITE/wp-content/uploads/2023/08/A4-5715_Three-Bedrooms-Apartment-for-sale-in-Palaio-Faliro-1.jpg?width=1200&format=webp&quality=82,2026-09-01,,2026-09-01,json-ld datePosted; sitemap lastmod,2026-10-02T08:52:43Z,2026-09-01,2026-10-02
ktimatoemporiki.gr,Ktimatoemporiki,https://ktimatoemporiki.gr/property/three-level-loft-for-sale-in-gerakas-athens-id-a4-13534,"Three Level Loft for Sale in Gerakas, Athens",sale,,630000,171,3,,,"Gerakas, Athens",,,https://ktimato.b-cdn.net/OLDSITE/wp-content/uploads/2026/09/A4-13534_Three-Level-Loft-for-Sale-in-Gerakas-Athens-1.webp?width=1200&format=webp&quality=82,2026-09-25,,2026-09-25,json-ld datePosted; sitemap lastmod,2026-10-02T08:52:43Z,2026-09-25,2026-10-02
ktimatoemporiki.gr,Ktimatoemporiki,https://ktimatoemporiki.gr/property/top-floor-maisonette-for-sale-in-marousi-athens-id-a4-2651,Top Floor Maisonette for sale in Marousi Athens,sale,,475000,149,3,,,"Marousi, Athens",,,https://ktimato.b-cdn.net/OLDSITE/wp-content/uploads/2021/08/A4-2651_Top-Floor-Maisonette-for-sale-in-Marousi-Athens-1.jpg?width=1200&format=webp&quality=82,2026-09-01,,2026-09-01,json-ld datePosted; sitemap lastmod,2026-10-02T08:52:43Z,2026-09-01,2026-10-02
ktimatoemporiki.gr,Ktimatoemporiki,https://ktimatoemporiki.gr/property/two-bedroom-apartment-for-golden-visa-in-athens-for-sale-id-a4-11314,Two Bedroom Apartment for Golden Visa in Athens for sale,sale,,310000,47,2,,,"Ilioupoli, Athens",,,https://ktimato.b-cdn.net/OLDSITE/wp-content/uploads/2025/09/A4-11314_Two-Bedroom-Apartment-for-Golden-Visa-in-Athens-for-sale-7.jpeg?width=1200&format=webp&quality=82,2026-10-02,,2026-09-01,json-ld datePosted; sitemap lastmod,2026-10-02T08:52:43Z,2026-09-01,2026-10-02
ktimatoemporiki.gr,Ktimatoemporiki,https://ktimatoemporiki.gr/property/two-bedroom-apartment-for-sale-athens-ampelokipoi-id-a4-1961,Two Bedroom Apartment for sale Athens Ampelokipoi,sale,,318000,97,2,,,"Ampelokipoi, Athens",,,https://ktimato.b-cdn.net/OLDSITE/wp-content/uploads/2021/02/A4-1961_ktimatoemporiki-Two-Bedroom-Apartment-for-sale-Athens-Ampelokipoi-2.jpg?width=1200&format=webp&quality=82,2026-09-01,,2026-09-01,json-ld datePosted; sitemap lastmod,2026-10-02T08:52:43Z,2026-09-01,2026-10-02
ktimatoemporiki.gr,Ktimatoemporiki,https://ktimatoemporiki.gr/property/two-bedroom-apartment-for-sale-in-ampelokipoi-id-a4-7246,Two Bedroom Apartment for sale in Ampelokipoi,sale,,110000,65,2,,,"Ampelokipoi, Athens",,,https://ktimato.b-cdn.net/OLDSITE/wp-content/uploads/2024/04/A4-7246_Two-Bedroom-Apartment-for-sale-in-Ampelokipoi-6.webp?width=1200&format=webp&quality=82,2026-09-01,,2026-09-01,json-ld datePosted; sitemap lastmod,2026-10-02T08:52:43Z,2026-09-01,2026-10-02
ktimatoemporiki.gr,Ktimatoemporiki,https://ktimatoemporiki.gr/property/two-bedroom-apartment-for-sale-in-athens-id-a4-4954,Two Bedroom Apartment for sale in Athens,sale,,179000,72,2,,,"Center Athens, Athens",,,https://ktimato.b-cdn.net/OLDSITE/wp-content/uploads/2023/04/A4-4954_Two-Bedroom-Apartment-for-sale-in-Athens-10.png?width=1200&format=webp&quality=82,2026-09-01,,2026-09-01,json-ld datePosted; sitemap lastmod,2026-10-02T08:52:43Z,2026-09-01,2026-10-02
ktimatoemporiki.gr,Ktimatoemporiki,https://ktimatoemporiki.gr/property/two-bedroom-apartment-for-sale-in-athens-pagrati-id-a4-3165,Two Bedroom Apartment for sale in Athens Pagrati,sale,,596000,99,2,,,"Pangrati, Athens",,,https://ktimato.b-cdn.net/OLDSITE/wp-content/uploads/2022/02/A4-3165_Two-Bedroom-Apartment-for-sale-in-Athens-Pagrati-2.jpeg?width=1200&format=webp&quality=82,2026-09-01,,2026-09-01,json-ld datePosted; sitemap lastmod,2026-10-02T08:52:43Z,2026-09-01,2026-10-02
ktimatoemporiki.gr,Ktimatoemporiki,https://ktimatoemporiki.gr/property/two-bedroom-apartment-for-sale-in-center-athens-id-a4-11253,Two Bedroom Apartment for sale in Center Athens,sale,,120000,53,2,,,"Center Athens, Athens",,,https://ktimato.b-cdn.net/OLDSITE/wp-content/uploads/2025/08/A4-11253_Two-Bedroom-Apartment-for-sale-in-Kypseli-Athens-10.webp?width=1200&format=webp&quality=82,2026-09-14,,2026-09-14,json-ld datePosted; sitemap lastmod,2026-10-02T08:52:43Z,2026-09-14,2026-10-02
ktimatoemporiki.gr,Ktimatoemporiki,https://ktimatoemporiki.gr/property/two-bedroom-apartment-for-sale-in-ilioupoli-id-a4-12440,Two Bedroom Apartment for Sale in Ilioupoli,sale,,380000,84,2,,,"Ilioupoli, Athens",,,https://ktimato.b-cdn.net/OLDSITE/wp-content/uploads/2026/02/A4-12440_Two-Bedroom-Apartment-for-Sale-in-Ilioupoli-1.webp?width=1200&format=webp&quality=82,2026-09-01,,2026-09-01,json-ld datePosted; sitemap lastmod,2026-10-02T08:52:43Z,2026-09-01,2026-10-02
ktimatoemporiki.gr,Ktimatoemporiki,https://ktimatoemporiki.gr/property/two-bedroom-apartment-for-sale-in-kallithea-athens-id-a4-13452,"Two Bedroom Apartment for Sale in Kallithea, Athens",sale,,360000,80,2,,,"Kalithea, Athens",,,https://ktimato.b-cdn.net/OLDSITE/wp-content/uploads/2026/09/A4-13448_Athens-Apartment-for-Sale-in-Kallithea-4.webp?width=1200&format=webp&quality=82,2026-09-15,,2026-09-15,json-ld datePosted; sitemap lastmod,2026-10-02T08:52:43Z,2026-09-15,2026-10-02
ktimatoemporiki.gr,Ktimatoemporiki,https://ktimatoemporiki.gr/property/two-bedroom-apartment-for-sale-in-kallithea-athens-id-a4-13455,"Two Bedroom Apartment for Sale in Kallithea, Athens",sale,,330000,80,2,,,"Kalithea, Athens",,,https://ktimato.b-cdn.net/OLDSITE/wp-content/uploads/2026/09/A4-13448_Athens-Apartment-for-Sale-in-Kallithea-4.webp?width=1200&format=webp&quality=82,2026-09-14,,2026-09-14,json-ld datePosted; sitemap lastmod,2026-10-02T08:52:43Z,2026-09-14,2026-10-02
ktimatoemporiki.gr,Ktimatoemporiki,https://ktimatoemporiki.gr/property/two-bedroom-apartment-for-sale-in-kallithea-athens-id-a4-13503,"Two Bedroom Apartment for Sale in Kallithea, Athens",sale,,330000,75,2,,,"Kallithea, Athens",,,https://ktimato.b-cdn.net/OLDSITE/wp-content/uploads/2026/09/A4-13503_Two-Bedroom-Apartment-for-Sale-in-Kallithea-Athens-5.webp?width=1200&format=webp&quality=82,2026-09-21,,2026-09-21,json-ld datePosted; sitemap lastmod,2026-10-02T08:52:43Z,2026-09-21,2026-10-02
ktimatoemporiki.gr,Ktimatoemporiki,https://ktimatoemporiki.gr/property/two-bedroom-apartment-for-sale-in-platia-attikis-athens-id-a4-1403,"Two Bedroom Apartment for sale in Thymarakia, Athens",sale,,95000,78,2,,,"Attikis Square Athens, Athens",,,https://ktimato.b-cdn.net/OLDSITE/wp-content/uploads/2020/05/A4-1403_ktimatoemporiki_Two_Bedroom_Apartment_for_sale_in_Platia_Attikis_Athens-6.jpg?width=1200&format=webp&quality=82,2026-09-01,,2026-09-01,json-ld datePosted; sitemap lastmod,2026-10-02T08:52:43Z,2026-09-01,2026-10-02
ktimatoemporiki.gr,Ktimatoemporiki,https://ktimatoemporiki.gr/property/two-bedroom-apartment-for-sale-in-voula-athens-id-a4-13516,"Two Bedroom Apartment for Sale in Voula, Athens",sale,,1150000,107,2,,,"Voula, Athens",,,https://ktimato.b-cdn.net/OLDSITE/wp-content/uploads/2026/09/A4-13516_Two-Bedroom-Apartment-for-Sale-in-Voula-Athens-1.webp?width=1200&format=webp&quality=82,2026-09-22,,2026-09-22,json-ld datePosted; sitemap lastmod,2026-10-02T08:52:43Z,2026-09-22,2026-10-02
ktimatoemporiki.gr,Ktimatoemporiki,https://ktimatoemporiki.gr/property/two-bedroom-apartment-in-athens-for-sale-id-a4-8616,Two Bedroom Apartment in Athens for sale,sale,,480000,84,2,,,"Ampelokipoi, Athens",,,https://ktimato.b-cdn.net/OLDSITE/wp-content/uploads/2024/11/A4-8616_Two-Bedroom-Apartment-in-Athens-for-sale-2.png?width=1200&format=webp&quality=82,2026-09-01,,2026-09-01,json-ld datePosted; sitemap lastmod,2026-10-02T08:52:43Z,2026-09-01,2026-10-02
ktimatoemporiki.gr,Ktimatoemporiki,https://ktimatoemporiki.gr/property/two-bedroom-apartment-in-glyfada-for-sale-id-a4-12165,Two Bedroom Apartment in Glyfada for sale,sale,,280000,65,2,,,"Glyfada, Athens",,,https://ktimato.b-cdn.net/OLDSITE/wp-content/uploads/2025/12/A4-12165_Two-Bedroom-Apartment-in-Glyfada-for-sale-6.webp?width=1200&format=webp&quality=82,2026-09-01,,2026-09-01,json-ld datePosted; sitemap lastmod,2026-10-02T08:52:43Z,2026-09-01,2026-10-02
ktimatoemporiki.gr,Ktimatoemporiki,https://ktimatoemporiki.gr/property/two-bedroom-house-for-sale-in-agia-marina-athens-id-a4-11863,Two Bedroom House for sale in Agia Marina Athens,sale,,360000,78,2,,,"Agia Marina, Athens",,,https://ktimato.b-cdn.net/OLDSITE/wp-content/uploads/2025/11/A4-11863_Two-Bedroom-House-for-sale-in-Agia-Marina-Athens-3.png?width=1200&format=webp&quality=82,2026-09-01,,2026-09-01,json-ld datePosted; sitemap lastmod,2026-10-02T08:52:43Z,2026-09-01,2026-10-02
ktimatoemporiki.gr,Ktimatoemporiki,https://ktimatoemporiki.gr/property/two-bedroom-loft-for-sale-in-acharnes-athens-id-a4-13483,"Two Bedroom Loft for Sale in Acharnes, Athens",sale,,260000,120,2,,,"Acharnes, Athens",,,https://ktimato.b-cdn.net/OLDSITE/wp-content/uploads/2026/09/A4-13483_Two-Bedroom-Loft-for-Sale-in-Acharnes-Athens-4.webp?width=1200&format=webp&quality=82,2026-09-18,,2026-09-18,json-ld datePosted; sitemap lastmod,2026-10-02T08:52:43Z,2026-09-18,2026-10-02
ktimatoemporiki.gr,Ktimatoemporiki,https://ktimatoemporiki.gr/property/two-bedroom-maisonette-for-sale-in-chalandri-id-a4-12412,Two Bedroom Maisonette for sale in Chalandri,sale,,411000,75,2,,,"Chalandri, Athens",,,https://ktimato.b-cdn.net/OLDSITE/wp-content/uploads/2026/02/A4-12412_Two-Bedroom-Maisonette-for-sale-in-Chalandri-2.webp?width=1200&format=webp&quality=82,2026-09-01,,2026-09-01,json-ld datePosted; sitemap lastmod,2026-10-02T08:52:43Z,2026-09-01,2026-10-02
ktimatoemporiki.gr,Ktimatoemporiki,https://ktimatoemporiki.gr/property/underground-parking-space-for-sale-in-kallithea-athens-id-ac-230,"Underground Parking Space for Sale in Kallithea, Athens",sale,,160000,250,,,,"Kallithea, Athens",,,https://ktimato.b-cdn.net/OLDSITE/wp-content/uploads/2026/09/AC-230_Underground-Parking-Space-for-Sale-in-Kallithea-Athens.webp?width=1200&format=webp&quality=82,2026-09-21,,2026-09-21,json-ld datePosted; sitemap lastmod,2026-10-02T08:52:43Z,2026-09-21,2026-10-02
ktimatoemporiki.gr,Ktimatoemporiki,https://ktimatoemporiki.gr/property/villa-for-sale-in-anavyssos-id-av-1602,Villa for Sale in Anavyssos,sale,,1700000,400,5,,,"Anavyssos, Attica",,,https://ktimato.b-cdn.net/OLDSITE/wp-content/uploads/2026/04/Av-1602_Villa-for-Sale-in-Anavyssos-1.webp?width=1200&format=webp&quality=82,2026-09-01,,2026-09-01,json-ld datePosted; sitemap lastmod,2026-10-02T08:52:43Z,2026-09-01,2026-10-02
ktimatoemporiki.gr,Ktimatoemporiki,https://ktimatoemporiki.gr/property/villa-for-sale-in-kifisia-id-av-798,Villa for sale in Kifisia,sale,,1250000,456,7,,,"Kifisia, Athens",,,https://ktimato.b-cdn.net/OLDSITE/wp-content/uploads/2023/04/Av-798_Villa-for-sale-in-Kifissia-1.jpg?width=1200&format=webp&quality=82,2026-09-01,,2026-09-01,json-ld datePosted; sitemap lastmod,2026-10-02T08:52:43Z,2026-09-01,2026-10-02
ktimatoemporiki.gr,Ktimatoemporiki,https://ktimatoemporiki.gr/property/voula-apartment-for-sale-in-athens-id-a4-3745,Voula Apartment for sale in Athens,sale,,600000,77,2,,,"Voula, Athens",,,https://ktimato.b-cdn.net/OLDSITE/wp-content/uploads/2022/05/A4-3745_Voula-Apartment-for-sale-in-Athens-32.webp?width=1200&format=webp&quality=82,2026-09-01,,2026-09-01,json-ld datePosted; sitemap lastmod,2026-10-02T08:52:43Z,2026-09-01,2026-10-02
ktimatoemporiki.gr,Ktimatoemporiki,https://ktimatoemporiki.gr/property/voula-luxury-maisonette-for-sale-id-a4-5209,Voula Luxury Maisonette for sale,sale,,,144,3,,,"Voula, Athens",,,https://ktimato.b-cdn.net/OLDSITE/wp-content/uploads/2023/05/A4-5209_Ktimatoemporiki-Luxury-Maisonette-in-Voula-for-sale-1.jpeg?width=1200&format=webp&quality=82,2026-09-01,,2026-09-01,json-ld datePosted; sitemap lastmod,2026-10-02T08:52:43Z,2026-09-01,2026-10-02
ktimatoemporiki.gr,Ktimatoemporiki,https://ktimatoemporiki.gr/property/voula-luxury-maisonette-for-sale-id-a4-5210,Voula Luxury Maisonette for sale,sale,,,186,3,,,"Voula, Athens",,,https://ktimato.b-cdn.net/OLDSITE/wp-content/uploads/2023/05/A4-5210_Ktimatoemporiki-Voula-Luxury-Maisonette-for-sale-1.jpeg?width=1200&format=webp&quality=82,2026-09-01,,2026-09-01,json-ld datePosted; sitemap lastmod,2026-10-02T08:52:43Z,2026-09-01,2026-10-02
ktimatoemporiki.gr,Ktimatoemporiki,https://ktimatoemporiki.gr/property/voula-luxury-one-bedroom-apartment-id-a4-5204,Voula Luxury One Bedroom Apartment,sale,,,62,1,,,"Voula, Athens",,,https://ktimato.b-cdn.net/OLDSITE/wp-content/uploads/2023/05/A4-5204_Ktimatoemporiki-Voula-Luxury-One-Bedroom-Apartment-3.jpeg?width=1200&format=webp&quality=82,2026-09-01,,2026-09-01,json-ld datePosted; sitemap lastmod,2026-10-02T08:52:43Z,2026-09-01,2026-10-02
ktimatoemporiki.gr,Ktimatoemporiki,https://ktimatoemporiki.gr/property/voula-luxury-two-bedroom-apartment-a4-5205,Voula Luxury Two Bedroom Apartment,sale,,,117,2,,,"Voula, Athens",,,https://ktimato.b-cdn.net/OLDSITE/wp-content/uploads/2023/05/A4-5205_Ktimatoemporiki-Voula-Luxury-Two-Bedroom-Apartment-4.jpeg?width=1200&format=webp&quality=82,2026-09-01,,2026-09-01,json-ld datePosted; sitemap lastmod,2026-10-02T08:52:43Z,2026-09-01,2026-10-02
