source_domain,agency,url,title,transaction,type,price_eur,area_m2,bedrooms,floor,year_built,location,lat,lon,image,date_published,date_updated,date_sitemap,date_source,scraped_at,remax_id,checked_at,job
remax.gr,REMAX Zed,https://www.remax.gr/property/192480-polisi-polukatoikia-agia-marina,"Πολυκατοικία · Αγία Μαρίνα · Κορωπί, Αθήνα - Ανατολικά Προάστια",sale,,1200000.0,520.0,12,Ισόγειο,,"Αγία Μαρίνα, Κορωπί, Αθήνα - Ανατολικά Προάστια",,,https://www.remax.gr/assets/media/properties/medium/192480_6_5845741.jpeg?v=8812433,,,,,2026-10-02T08:27:42Z,192480,2026-10-02,104/pwliseis-agora-katoikies
remax.gr,REMAX Evolution,https://www.remax.gr/property/196075-polisi-oikopedo-gia-katoikia-kentro,"Οικόπεδο για κατοικία · Κέντρο · Κορωπί, Αθήνα - Ανατολικά Προάστια",sale,,210000.0,5960.0,,,,"Κέντρο, Κορωπί, Αθήνα - Ανατολικά Προάστια",,,https://www.remax.gr/assets/media/properties/medium/196075_2870_57_183970_p1f2qr0ild12981tf31si71k1omrq4.jpeg?v=8161330,,,,,2026-10-02T08:27:42Z,196075,2026-10-02,104/pwliseis-agora-gi
remax.gr,REMAX Evolution,https://www.remax.gr/property/199013-polisi-monokatoikia-lagonhsi,"Μονοκατοικία · Λαγονήσι · Καλύβια Θορικού, Υπόλοιπο Αττικής",sale,,290000.0,150.0,3,Ισόγειο,,"Λαγονήσι, Καλύβια Θορικού, Υπόλοιπο Αττικής",,,https://www.remax.gr/assets/media/properties/medium/199013_3469_1782485.jpeg?v=8161806,,,,,2026-10-02T08:27:42Z,199013,2026-10-02,107/pwliseis-agora-katoikies
remax.gr,REMAX En Oiko,https://www.remax.gr/property/199517-enoikiasi-katastima-ilion,Κατάστημα · Ίλιον · Αθήνα - Δυτικά Προάστια,rent,,320.0,35.0,,,,"Ίλιον, Αθήνα - Δυτικά Προάστια",,,https://www.remax.gr/assets/media/properties/medium/199517_1cabd77d1a6197a71d7b043fd03a69e3.jpeg?v=7136771,,,,,2026-10-02T08:27:42Z,199517,2026-10-02,103/enoikiaseis-epaggelmatika
remax.gr,REMAX Evolution,https://www.remax.gr/property/204275-polisi-monokatoikia-kentro,"Μονοκατοικία · Κέντρο · Καλύβια Θορικού, Υπόλοιπο Αττικής",sale,,350000.0,85.0,2,Ισόγειο,,"Κέντρο, Καλύβια Θορικού, Υπόλοιπο Αττικής",,,https://www.remax.gr/assets/media/properties/medium/204275_3469_2361910.jpeg?v=8162127,,,,,2026-10-02T08:27:42Z,204275,2026-10-02,107/pwliseis-agora-katoikies
remax.gr,REMAX Evolution,https://www.remax.gr/property/220569-polisi-monokatoikia-agia-marina,"Μονοκατοικία · Αγία Μαρίνα · Κορωπί, Αθήνα - Ανατολικά Προάστια",sale,,2600000.0,504.0,4,Ισόγειο,,"Αγία Μαρίνα, Κορωπί, Αθήνα - Ανατολικά Προάστια",,,https://www.remax.gr/assets/media/properties/medium/220569_3487_3162577.jpeg?v=11600011,,,,,2026-10-02T08:27:42Z,220569,2026-10-02,104/pwliseis-agora-katoikies
remax.gr,REMAX Evolution,https://www.remax.gr/property/221725-polisi-agrotemachio-agia-marina,"Αγροτεμάχιο · Αγία Μαρίνα · Κορωπί, Αθήνα - Ανατολικά Προάστια",sale,,220000.0,6408.0,,,,"Αγία Μαρίνα, Κορωπί, Αθήνα - Ανατολικά Προάστια",,,https://www.remax.gr/assets/media/properties/medium/221725_3476_3393955.jpeg?v=8162842,,,,,2026-10-02T08:27:42Z,221725,2026-10-02,104/pwliseis-agora-gi
remax.gr,REMAX Evolution,https://www.remax.gr/property/225137-polisi-agrotemachio-agia-marina,"Αγροτεμάχιο · Αγία Μαρίνα · Κορωπί, Αθήνα - Ανατολικά Προάστια",sale,,95000.0,840.0,,,,"Αγία Μαρίνα, Κορωπί, Αθήνα - Ανατολικά Προάστια",,,https://www.remax.gr/assets/media/properties/medium/225137_3487_3604603.jpeg?v=8162944,,,,,2026-10-02T08:27:42Z,225137,2026-10-02,104/pwliseis-agora-gi
remax.gr,REMAX Evolution,https://www.remax.gr/property/225140-polisi-agrotemachio-agios-dhmhtrios,"Αγροτεμάχιο · Άγιος Δημήτριος · Κορωπί, Αθήνα - Ανατολικά Προάστια",sale,,115000.0,1330.0,,,,"Άγιος Δημήτριος, Κορωπί, Αθήνα - Ανατολικά Προάστια",,,https://www.remax.gr/assets/media/properties/medium/225140_3487_3635109.jpeg?v=8162956,,,,,2026-10-02T08:27:42Z,225140,2026-10-02,104/pwliseis-agora-gi
remax.gr,REMAX Evolution,https://www.remax.gr/property/226375-polisi-oikopedo-gia-katoikia-agios-iwannhs,"Οικόπεδο για κατοικία · Άγιος Ιωάννης · Αρτέμιδα (Λούτσα), Αθήνα - Ανατολικά Προάστια",sale,,85000.0,480.0,,,,"Άγιος Ιωάννης, Αρτέμιδα (Λούτσα), Αθήνα - Ανατολικά Προάστια",,,https://www.remax.gr/assets/media/properties/medium/226375_3469_37237.jpeg?v=8162998,,,,,2026-10-02T08:27:42Z,226375,2026-10-02,104/pwliseis-agora-gi
remax.gr,REMAX Zed,https://www.remax.gr/property/226552-polisi-oikopedo-gia-katoikia-agios-petros,"Οικόπεδο για κατοικία · Άγιος Πέτρος · Αχαρνές, Αθήνα - Δυτικά Προάστια",sale,,700000.0,2958.0,,,,"Άγιος Πέτρος, Αχαρνές, Αθήνα - Δυτικά Προάστια",,,https://www.remax.gr/assets/media/properties/medium/226552_9_5945417.jpeg?v=8668638,,,,,2026-10-02T08:27:42Z,226552,2026-10-02,103/pwliseis-agora-gi
remax.gr,REMAX Zed,https://www.remax.gr/property/230633-polisi-polukatoikia-agia-marina,"Πολυκατοικία · Αγία Μαρίνα · Κορωπί, Αθήνα - Ανατολικά Προάστια",sale,,1200000.0,520.0,12,,,"Αγία Μαρίνα, Κορωπί, Αθήνα - Ανατολικά Προάστια",,,https://www.remax.gr/assets/media/properties/medium/230633_6_5845741.jpeg?v=7959118,,,,,2026-10-02T08:27:42Z,230633,2026-10-02,104/pwliseis-agora-katoikies
remax.gr,REMAX En Oiko,https://www.remax.gr/property/232046-polisi-oikopedo-gia-katoikia-axarnes,Οικόπεδο για κατοικία · Αχαρνές · Αθήνα - Δυτικά Προάστια,sale,,50000.0,152.0,,,,"Αχαρνές, Αθήνα - Δυτικά Προάστια",,,https://www.remax.gr/assets/media/properties/medium/232046_e56912e71572a900a9a8439e2bb292ad.jpeg?v=7143020,,,,,2026-10-02T08:27:42Z,232046,2026-10-02,103/pwliseis-agora-gi
remax.gr,REMAX Evolution,https://www.remax.gr/property/238277-polisi-monokatoikia-agios-nikolaos,"Μονοκατοικία · Άγιος Νικόλαος · Παλλήνη, Αθήνα - Ανατολικά Προάστια",sale,,1000000.0,410.0,4,3ος,,"Άγιος Νικόλαος, Παλλήνη, Αθήνα - Ανατολικά Προάστια",,,https://www.remax.gr/assets/media/properties/medium/238277_3469_4481496.jpeg?v=8163385,,,,,2026-10-02T08:27:42Z,238277,2026-10-02,104/pwliseis-agora-katoikies
remax.gr,REMAX Evolution,https://www.remax.gr/property/241364-polisi-monokatoikia-mikrolimano,"Μονοκατοικία · Μικρολίμανο · Κερατέα, Υπόλοιπο Αττικής",sale,,400000.0,411.0,4,Ισόγειο,,"Μικρολίμανο, Κερατέα, Υπόλοιπο Αττικής",,,https://www.remax.gr/assets/media/properties/medium/241364_3476_4651083.jpeg?v=8163476,,,,,2026-10-02T08:27:42Z,241364,2026-10-02,107/pwliseis-agora-katoikies
remax.gr,REMAX Evolution,https://www.remax.gr/property/248971-polisi-oikopedo-gia-katoikia-agios-dhmhtrios,"Οικόπεδο για κατοικία · Άγιος Δημήτριος · Κορωπί, Αθήνα - Ανατολικά Προάστια",sale,,140000.0,380.0,,,,"Άγιος Δημήτριος, Κορωπί, Αθήνα - Ανατολικά Προάστια",,,https://www.remax.gr/assets/media/properties/medium/248971_3469_4983187.jpeg?v=8163648,,,,,2026-10-02T08:27:42Z,248971,2026-10-02,104/pwliseis-agora-gi
remax.gr,REMAX Zed,https://www.remax.gr/property/255499-polisi-agrotemachio-nhsida,"Αγροτεμάχιο · Νησίδα · Νέα Φιλαδέλφεια, Αθήνα - Δυτικά Προάστια",sale,,600000.0,4404.0,,,,"Νησίδα, Νέα Φιλαδέλφεια, Αθήνα - Δυτικά Προάστια",,,https://www.remax.gr/assets/media/properties/medium/255499_9_8326378.jpeg?v=9055936,,,,,2026-10-02T08:27:42Z,255499,2026-10-02,103/pwliseis-agora-gi
remax.gr,REMAX Evolution,https://www.remax.gr/property/264326-polisi-monokatoikia-kentro,"Μονοκατοικία · Κέντρο · Λαύριο, Υπόλοιπο Αττικής",sale,,160000.0,80.0,2,Ισόγειο,,"Κέντρο, Λαύριο, Υπόλοιπο Αττικής",,,https://www.remax.gr/assets/media/properties/medium/264326_3469_5982777.jpeg?v=8164077,,,,,2026-10-02T08:27:42Z,264326,2026-10-02,107/pwliseis-agora-katoikies
remax.gr,REMAX Zed,https://www.remax.gr/property/267644-enoikiasi-katastima-kentro-palaio-menidi,"Κατάστημα · Κέντρο Παλαιό Μενίδι · Αχαρνές, Αθήνα - Δυτικά Προάστια",rent,,900.0,105.0,4,1ος,,"Κέντρο Παλαιό Μενίδι, Αχαρνές, Αθήνα - Δυτικά Προάστια",,,https://www.remax.gr/assets/media/properties/medium/267644_12_9717671.jpeg?v=9608203,,,,,2026-10-02T08:27:42Z,267644,2026-10-02,103/enoikiaseis-epaggelmatika
remax.gr,REMAX Zed,https://www.remax.gr/property/270979-polisi-katastima-kentro-palaio-menidi,"Κατάστημα · Κέντρο Παλαιό Μενίδι · Αχαρνές, Αθήνα - Δυτικά Προάστια",sale,,265000.0,166.0,2,Ισόγειο,,"Κέντρο Παλαιό Μενίδι, Αχαρνές, Αθήνα - Δυτικά Προάστια",,,https://www.remax.gr/assets/media/properties/medium/270979_20_10191524.jpeg?v=9126740,,,,,2026-10-02T08:27:42Z,270979,2026-10-02,103/pwliseis-agora-epaggelmatika
remax.gr,REMAX Zed,https://www.remax.gr/property/275539-polisi-oikopedo-gia-katoikia-mesonyxi,"Οικόπεδο για κατοικία · Μεσονύχι · Αχαρνές, Αθήνα - Δυτικά Προάστια",sale,,500000.0,1753.0,,,,"Μεσονύχι, Αχαρνές, Αθήνα - Δυτικά Προάστια",,,https://www.remax.gr/assets/media/properties/medium/275539_9_10865487.jpeg?v=8668553,,,,,2026-10-02T08:27:42Z,275539,2026-10-02,103/pwliseis-agora-gi
remax.gr,REMAX Evolution,https://www.remax.gr/property/275617-polisi-monokatoikia-kentro,"Μονοκατοικία · Κέντρο · Καλύβια Θορικού, Υπόλοιπο Αττικής",sale,,260000.0,520.0,,Ισόγειο,,"Κέντρο, Καλύβια Θορικού, Υπόλοιπο Αττικής",,,https://www.remax.gr/assets/media/properties/medium/275617_3469_6724519.jpeg?v=8191178,,,,,2026-10-02T08:27:42Z,275617,2026-10-02,107/pwliseis-agora-katoikies
remax.gr,REMAX Zed,https://www.remax.gr/property/280715-polisi-oikopedo-gia-katoikia-megala-sxoinia-b,"Οικόπεδο για κατοικία · Μεγάλα Σχοινία Β · Αχαρνές, Αθήνα - Δυτικά Προάστια",sale,,900000.0,1100.0,,,,"Μεγάλα Σχοινία Β, Αχαρνές, Αθήνα - Δυτικά Προάστια",,,https://www.remax.gr/assets/media/properties/medium/280715_9_1150212.jpeg?v=9219384,,,,,2026-10-02T08:27:42Z,280715,2026-10-02,103/pwliseis-agora-gi
remax.gr,REMAX Real Advisor,https://www.remax.gr/property/280770-enoikiasi-katastima-kentro,"Κατάστημα · Κέντρο · Νέα Ιωνία, Αθήνα - Δυτικά Προάστια",rent,,4500.0,115.0,,Ισόγειο,,"Κέντρο, Νέα Ιωνία, Αθήνα - Δυτικά Προάστια",,,https://www.remax.gr/assets/media/properties/medium/280770_img_f9c938ec_4c9c_489f_af5a_fe8149b75904.jpeg?v=13980767,,,,,2026-10-02T08:27:42Z,280770,2026-10-02,103/enoikiaseis-epaggelmatika
remax.gr,REMAX Real Advisor,https://www.remax.gr/property/280773-enoikiasi-katastima-kentro,"Κατάστημα · Κέντρο · Νέα Ιωνία, Αθήνα - Δυτικά Προάστια",rent,,2200.0,50.0,,Ισόγειο,,"Κέντρο, Νέα Ιωνία, Αθήνα - Δυτικά Προάστια",,,https://www.remax.gr/assets/media/properties/medium/280773_img_e41a5d48_3e1c_4733_8c9e_028517d726ae.jpeg?v=13984111,,,,,2026-10-02T08:27:42Z,280773,2026-10-02,103/enoikiaseis-epaggelmatika
remax.gr,REMAX Real Advisor,https://www.remax.gr/property/280778-polisi-oikopedo-gia-katoikia-pallhnh,Οικόπεδο για κατοικία · Παλλήνη · Αθήνα - Ανατολικά Προάστια,sale,,160000.0,700.0,,,,"Παλλήνη, Αθήνα - Ανατολικά Προάστια",,,https://www.remax.gr/assets/media/properties/medium/280778_img_b2c2c341_1fb1_43c4_a6de_2a4db63fcf19.jpeg?v=13984551,,,,,2026-10-02T08:27:42Z,280778,2026-10-02,104/pwliseis-agora-gi
remax.gr,REMAX Real Advisor,https://www.remax.gr/property/280814-polisi-oikopedo-gia-katoikia-8rakomakedones,"Οικόπεδο για κατοικία · Θρακομακεδόνες · Αχαρνές, Αθήνα - Δυτικά Προάστια",sale,,300000.0,1005.0,,,,"Θρακομακεδόνες, Αχαρνές, Αθήνα - Δυτικά Προάστια",,,https://www.remax.gr/assets/media/properties/medium/280814_img_3b629963_f752_4a56_9805_458b42bb1273.jpeg?v=13979618,,,,,2026-10-02T08:27:42Z,280814,2026-10-02,103/pwliseis-agora-gi
remax.gr,REMAX Real Advisor,https://www.remax.gr/property/280831-enoikiasi-grafeio-kentro,"Γραφείο · Κέντρο · Νέα Ιωνία, Αθήνα - Δυτικά Προάστια",rent,,1500.0,150.0,2,2ος,,"Κέντρο, Νέα Ιωνία, Αθήνα - Δυτικά Προάστια",,,https://www.remax.gr/assets/media/properties/medium/280831_img_14f28272_37dc_46a8_a651_12e5778f36e8.jpeg?v=13976572,,,,,2026-10-02T08:27:42Z,280831,2026-10-02,103/enoikiaseis-epaggelmatika
remax.gr,REMAX Real Advisor,https://www.remax.gr/property/280859-polisi-grafeio-kentro,"Γραφείο · Κέντρο · Νέα Ιωνία, Αθήνα - Δυτικά Προάστια",sale,,310000.0,300.0,5,2ος,,"Κέντρο, Νέα Ιωνία, Αθήνα - Δυτικά Προάστια",,,https://www.remax.gr/assets/media/properties/medium/280859_img_728f9364_42bb_4eed_811a_6a6e3e2ddb3b.jpeg?v=13980835,,,,,2026-10-02T08:27:42Z,280859,2026-10-02,103/pwliseis-agora-epaggelmatika
remax.gr,REMAX Real Advisor,https://www.remax.gr/property/281062-enoikiasi-grafeio-kentro,"Γραφείο · Κέντρο · Νέα Ιωνία, Αθήνα - Δυτικά Προάστια",rent,,4200.0,450.0,2,2ος,,"Κέντρο, Νέα Ιωνία, Αθήνα - Δυτικά Προάστια",,,https://www.remax.gr/assets/media/properties/medium/281062_img_03501212_4f1a_46a3_a82f_872864cc92b6.jpeg?v=13980879,,,,,2026-10-02T08:27:42Z,281062,2026-10-02,103/enoikiaseis-epaggelmatika
remax.gr,REMAX Real Advisor,https://www.remax.gr/property/281076-polisi-oikopedo-gia-katoikia-xaidari,Οικόπεδο για κατοικία · Χαϊδάρι · Αθήνα - Δυτικά Προάστια,sale,,400000.0,450.0,,,,"Χαϊδάρι, Αθήνα - Δυτικά Προάστια",,,https://www.remax.gr/assets/media/properties/medium/281076_img_53f22270_c2e1_405a_b516_457a52b0cebf.jpeg?v=13984564,,,,,2026-10-02T08:27:42Z,281076,2026-10-02,103/pwliseis-agora-gi
remax.gr,REMAX Zed,https://www.remax.gr/property/281150-polisi-oikopedo-gia-katoikia-agios-andreas,"Οικόπεδο για κατοικία · Άγιος Ανδρέας · Νέα Μάκρη, Αθήνα - Ανατολικά Προάστια",sale,,400000.0,800.0,,,,"Άγιος Ανδρέας, Νέα Μάκρη, Αθήνα - Ανατολικά Προάστια",,,https://www.remax.gr/assets/media/properties/medium/281150_5_11426133.jpeg?v=8574616,,,,,2026-10-02T08:27:42Z,281150,2026-10-02,104/pwliseis-agora-gi
remax.gr,REMAX Real Advisor,https://www.remax.gr/property/281232-polisi-agrotemachio-axarnes,Αγροτεμάχιο · Αχαρνές · Αθήνα - Δυτικά Προάστια,sale,,1450000.0,5230.0,,,,"Αχαρνές, Αθήνα - Δυτικά Προάστια",,,https://www.remax.gr/assets/media/properties/medium/281232_img_dcdabafa_e16b_44e1_8b3a_7132668dc620.jpeg?v=13984481,,,,,2026-10-02T08:27:42Z,281232,2026-10-02,103/pwliseis-agora-gi
remax.gr,REMAX Real Advisor,https://www.remax.gr/property/281242-polisi-agrotemachio-axarnes,Αγροτεμάχιο · Αχαρνές · Αθήνα - Δυτικά Προάστια,sale,,1850000.0,7500.0,,,,"Αχαρνές, Αθήνα - Δυτικά Προάστια",,,https://www.remax.gr/assets/media/properties/medium/281242_img_ad3c1602_c34b_4ea8_9529_79fd7478d386.jpeg?v=13984543,,,,,2026-10-02T08:27:42Z,281242,2026-10-02,103/pwliseis-agora-gi
remax.gr,REMAX Real Advisor,https://www.remax.gr/property/283237-polisi-oikopedo-gia-katoikia-panorama,"Οικόπεδο για κατοικία · Πανόραμα · Αχαρνές, Αθήνα - Δυτικά Προάστια",sale,,160000.0,505.0,,,,"Πανόραμα, Αχαρνές, Αθήνα - Δυτικά Προάστια",,,https://www.remax.gr/assets/media/properties/medium/283237_img_87f62dcb_18f6_4ab5_9f89_7ecd8b35670b.jpeg?v=13984479,,,,,2026-10-02T08:27:42Z,283237,2026-10-02,103/pwliseis-agora-gi
remax.gr,REMAX Homes,https://www.remax.gr/property/284256-enoikiasi-agrotemachio-korwpi,Αγροτεμάχιο · Κορωπί · Αθήνα - Ανατολικά Προάστια,rent,,2900.0,15467.0,,,,"Κορωπί, Αθήνα - Ανατολικά Προάστια",,,https://www.remax.gr/assets/media/properties/medium/284256_img_75e82f9a_fe35_4840_ad84_774e5e1ee886.jpeg?v=13669956,,,,,2026-10-02T08:27:42Z,284256,2026-10-02,104/enoikiaseis-gi
remax.gr,REMAX Real Advisor,https://www.remax.gr/property/285095-polisi-monokatoikia-skala-wrwpoy,Μονοκατοικία · Σκάλα Ωρωπού · Υπόλοιπο Αττικής,sale,,380000.0,193.0,2,Ισόγειο,,"Σκάλα Ωρωπού, Υπόλοιπο Αττικής",,,https://www.remax.gr/assets/media/properties/medium/285095_img_8ee116f6_4b52_471f_ac41_a4e02394b004.jpeg?v=13981805,,,,,2026-10-02T08:27:42Z,285095,2026-10-02,107/pwliseis-agora-katoikies
remax.gr,REMAX Zed,https://www.remax.gr/property/285502-polisi-oikopedo-gia-katoikia-gioyrgia,"Οικόπεδο για κατοικία · Γιούργια · Αρτέμιδα (Λούτσα), Αθήνα - Ανατολικά Προάστια",sale,,70000.0,226.0,,,,"Γιούργια, Αρτέμιδα (Λούτσα), Αθήνα - Ανατολικά Προάστια",,,https://www.remax.gr/assets/media/properties/medium/285502_4_12655116.jpeg?v=10123649,,,,,2026-10-02T08:27:42Z,285502,2026-10-02,104/pwliseis-agora-gi
remax.gr,REMAX Real Advisor,https://www.remax.gr/property/288264-polisi-mezoneta-agioi-apostoloi,"Μεζονέτα · Άγιοι Απόστολοι · Κάλαμος, Υπόλοιπο Αττικής",sale,,135000.0,82.0,3,Ισόγειο,,"Άγιοι Απόστολοι, Κάλαμος, Υπόλοιπο Αττικής",,,https://www.remax.gr/assets/media/properties/medium/288264_img_75d47981_1e40_4981_8b11_015447d87ed5.jpeg?v=13981936,,,,,2026-10-02T08:27:42Z,288264,2026-10-02,107/pwliseis-agora-katoikies
remax.gr,REMAX Zed,https://www.remax.gr/property/291006-polisi-oikopedo-gia-katoikia-lathea,"Οικόπεδο για κατοικία · Λαθέα · Αχαρνές, Αθήνα - Δυτικά Προάστια",sale,,270000.0,850.0,,,,"Λαθέα, Αχαρνές, Αθήνα - Δυτικά Προάστια",,,https://www.remax.gr/assets/media/properties/medium/291006_9_13481750.jpeg?v=8627552,,,,,2026-10-02T08:27:42Z,291006,2026-10-02,103/pwliseis-agora-gi
remax.gr,REMAX Zed,https://www.remax.gr/property/291011-enoikiasi-epaggelmatiko-ktirio-pyrgoythi,"Eπαγγελματικό Kτήριο · Πυργούθι · Αχαρνές, Αθήνα - Δυτικά Προάστια",rent,,3500.0,800.0,4,Υπόγειο,,"Πυργούθι, Αχαρνές, Αθήνα - Δυτικά Προάστια",,,https://www.remax.gr/assets/media/properties/medium/291011_9_13453715.jpeg?v=8627614,,,,,2026-10-02T08:27:42Z,291011,2026-10-02,103/enoikiaseis-epaggelmatika
remax.gr,REMAX En Oiko,https://www.remax.gr/property/291066-polisi-monokatoikia-marathwnas,Μονοκατοικία · Μαραθώνας · Αθήνα - Ανατολικά Προάστια,sale,,350000.0,315.0,6,Ισόγειο,,"Μαραθώνας, Αθήνα - Ανατολικά Προάστια",,,https://www.remax.gr/assets/media/properties/medium/291066_img_ec8e6fff_b154_40ca_83dc_59fe3676fb6e.jpeg?v=13696620,,,,,2026-10-02T08:27:42Z,291066,2026-10-02,104/pwliseis-agora-katoikies
remax.gr,REMAX Zed,https://www.remax.gr/property/291811-polisi-biomichaniko-biotechniko-pyrgoythi,"Βιομηχανικό/Βιοτεχνικό · Πυργούθι · Αχαρνές, Αθήνα - Δυτικά Προάστια",sale,,700000.0,800.0,4,Υπόγειο,,"Πυργούθι, Αχαρνές, Αθήνα - Δυτικά Προάστια",,,https://www.remax.gr/assets/media/properties/medium/291811_9_13685639.jpeg?v=8647479,,,,,2026-10-02T08:27:42Z,291811,2026-10-02,103/pwliseis-agora-epaggelmatika
remax.gr,REMAX En Oiko,https://www.remax.gr/property/292506-polisi-oikopedo-gia-katoikia-anthoysa,Οικόπεδο για κατοικία · Ανθούσα · Αθήνα - Ανατολικά Προάστια,sale,,140000.0,484.0,,,,"Ανθούσα, Αθήνα - Ανατολικά Προάστια",,,https://www.remax.gr/assets/media/properties/medium/292506_img_d51088c0_9404_4bf4_a5b6_41c98f9f985f.jpeg?v=13697097,,,,,2026-10-02T08:27:42Z,292506,2026-10-02,104/pwliseis-agora-gi
remax.gr,REMAX En Oiko,https://www.remax.gr/property/295145-polisi-oikopedo-gia-katoikia-ypapanth,"Οικόπεδο για κατοικία · Υπαπαντή · Αρτέμιδα (Λούτσα), Αθήνα - Ανατολικά Προάστια",sale,,80000.0,400.0,,,,"Υπαπαντή, Αρτέμιδα (Λούτσα), Αθήνα - Ανατολικά Προάστια",,,https://www.remax.gr/assets/media/properties/medium/295145_img_591c86f6_b5b8_4588_98eb_82fb261f73f2.jpeg?v=13697227,,,,,2026-10-02T08:27:42Z,295145,2026-10-02,104/pwliseis-agora-gi
remax.gr,REMAX En Oiko,https://www.remax.gr/property/295321-polisi-oikopedo-gia-katoikia-artemida-loytsa,Οικόπεδο για κατοικία · Αρτέμιδα (Λούτσα) · Αθήνα - Ανατολικά Προάστια,sale,,180000.0,720.0,,,,"Αρτέμιδα (Λούτσα), Αθήνα - Ανατολικά Προάστια",,,https://www.remax.gr/assets/media/properties/medium/295321_img_9891ccd3_29ed_4307_b259_50fca71fda57.jpeg?v=13697246,,,,,2026-10-02T08:27:42Z,295321,2026-10-02,104/pwliseis-agora-gi
remax.gr,REMAX En Oiko,https://www.remax.gr/property/295326-polisi-monokatoikia-artemida-loytsa,Μονοκατοικία · Αρτέμιδα (Λούτσα) · Αθήνα - Ανατολικά Προάστια,sale,,480000.0,270.0,5,Ισόγειο,,"Αρτέμιδα (Λούτσα), Αθήνα - Ανατολικά Προάστια",,,https://www.remax.gr/assets/media/properties/medium/295326_img_fcdb4a43_5ae7_48ec_af1d_5ac2a292cda6.jpeg?v=13697234,,,,,2026-10-02T08:27:42Z,295326,2026-10-02,104/pwliseis-agora-katoikies
remax.gr,REMAX En Oiko,https://www.remax.gr/property/295330-polisi-oikopedo-gia-katoikia-artemida-loytsa,Οικόπεδο για κατοικία · Αρτέμιδα (Λούτσα) · Αθήνα - Ανατολικά Προάστια,sale,,105000.0,610.0,,,,"Αρτέμιδα (Λούτσα), Αθήνα - Ανατολικά Προάστια",,,https://www.remax.gr/assets/media/properties/medium/295330_img_a95d0dfe_257b_462b_97ec_4aad3319843c.jpeg?v=13697230,,,,,2026-10-02T08:27:42Z,295330,2026-10-02,104/pwliseis-agora-gi
remax.gr,REMAX Fidelity Brokers,https://www.remax.gr/property/297073-polisi-oikopedo-gia-katoikia-kentro,"Οικόπεδο για κατοικία · Κέντρο · Γέρακας, Αθήνα - Ανατολικά Προάστια",sale,,198000.0,215.0,,,,"Κέντρο, Γέρακας, Αθήνα - Ανατολικά Προάστια",,,https://www.remax.gr/assets/media/properties/medium/297073_3718_19709217.jpeg?v=9627772,,,,,2026-10-02T08:27:42Z,297073,2026-10-02,104/pwliseis-agora-gi
remax.gr,REMAX En Oiko,https://www.remax.gr/property/298563-polisi-monokatoikia-markopoylo,Μονοκατοικία · Μαρκόπουλο · Υπόλοιπο Αττικής,sale,,200000.0,37.0,1,Ισόγειο,,"Μαρκόπουλο, Υπόλοιπο Αττικής",,,https://www.remax.gr/assets/media/properties/medium/298563_img_5b76dd6f_7b21_40a1_a625_38585a953eff.jpeg?v=13696813,,,,,2026-10-02T08:27:42Z,298563,2026-10-02,107/pwliseis-agora-katoikies
remax.gr,REMAX Real Advisor,https://www.remax.gr/property/298916-polisi-polukatoikia-markopoylo-wrwpoy,Πολυκατοικία · Μαρκόπουλο Ωρωπού · Υπόλοιπο Αττικής,sale,,390000.0,400.0,6,Ισόγειο,,"Μαρκόπουλο Ωρωπού, Υπόλοιπο Αττικής",,,https://www.remax.gr/assets/media/properties/medium/298916_img_dbb36d11_0748_4340_a3a9_2cb0a854173d.jpeg?v=13984263,,,,,2026-10-02T08:27:42Z,298916,2026-10-02,107/pwliseis-agora-katoikies
remax.gr,REMAX En Oiko,https://www.remax.gr/property/299632-polisi-oikopedo-gia-katoikia-marathwnas,Οικόπεδο για κατοικία · Μαραθώνας · Αθήνα - Ανατολικά Προάστια,sale,,110000.0,1078.0,,,,"Μαραθώνας, Αθήνα - Ανατολικά Προάστια",,,https://www.remax.gr/assets/media/properties/medium/299632_img_f993dac6_e345_4391_a14d_e72aad39e7cd.jpeg?v=13697014,,,,,2026-10-02T08:27:42Z,299632,2026-10-02,104/pwliseis-agora-gi
remax.gr,REMAX En Oiko,https://www.remax.gr/property/301163-enoikiasi-katastima-xaidari,Κατάστημα · Χαϊδάρι · Αθήνα - Δυτικά Προάστια,rent,,350.0,40.0,2,Ισόγειο,,"Χαϊδάρι, Αθήνα - Δυτικά Προάστια",,,https://www.remax.gr/assets/media/properties/medium/301163_img_1c636588_f949_4518_b722_a5eee8832cd1.jpeg?v=13694214,,,,,2026-10-02T08:27:42Z,301163,2026-10-02,103/enoikiaseis-epaggelmatika
remax.gr,REMAX En Oiko,https://www.remax.gr/property/301164-enoikiasi-grafeio-xaidari,Γραφείο · Χαϊδάρι · Αθήνα - Δυτικά Προάστια,rent,,350.0,40.0,2,Ισόγειο,,"Χαϊδάρι, Αθήνα - Δυτικά Προάστια",,,https://www.remax.gr/assets/media/properties/medium/301164_img_c11ae5fd_7732_45de_b94f_8863c8de0b27.jpeg?v=13694218,,,,,2026-10-02T08:27:42Z,301164,2026-10-02,103/enoikiaseis-epaggelmatika
remax.gr,REMAX Real Advisor,https://www.remax.gr/property/304459-polisi-epaggelmatiko-ktirio-nea-iwnia,Eπαγγελματικό Kτήριο · Νέα Ιωνία · Αθήνα - Δυτικά Προάστια,sale,,4800000.0,6293.0,,4ος,,"Νέα Ιωνία, Αθήνα - Δυτικά Προάστια",,,https://www.remax.gr/assets/media/properties/medium/304459_img_05a11ed9_e90a_43a6_8d69_1d80cfd34996.jpeg?v=13976394,,,,,2026-10-02T08:27:42Z,304459,2026-10-02,103/pwliseis-agora-epaggelmatika
remax.gr,REMAX En Oiko,https://www.remax.gr/property/304875-enoikiasi-epaggelmatiko-ktirio-ilion,Eπαγγελματικό Kτήριο · Ίλιον · Αθήνα - Δυτικά Προάστια,rent,,3500.0,1020.0,,1ος,,"Ίλιον, Αθήνα - Δυτικά Προάστια",,,https://www.remax.gr/assets/media/properties/medium/304875_img_800ad89b_5c37_4f9d_9c4d_6ac6eb75913b.jpeg?v=13696786,,,,,2026-10-02T08:27:42Z,304875,2026-10-02,103/enoikiaseis-epaggelmatika
remax.gr,REMAX En Oiko,https://www.remax.gr/property/304937-polisi-oikopedo-gia-katoikia-artemida-loytsa,Οικόπεδο για κατοικία · Αρτέμιδα (Λούτσα) · Αθήνα - Ανατολικά Προάστια,sale,,48000.0,217.0,,,,"Αρτέμιδα (Λούτσα), Αθήνα - Ανατολικά Προάστια",,,https://www.remax.gr/assets/media/properties/medium/304937_img_49a70d0c_8698_44be_9894_a5937374e7cb.jpeg?v=13697120,,,,,2026-10-02T08:27:42Z,304937,2026-10-02,104/pwliseis-agora-gi
remax.gr,REMAX Central,https://www.remax.gr/property/307964-polisi-epaggelmatiko-ktirio-dasos,"Eπαγγελματικό Kτήριο · Δάσος · Χαϊδάρι, Αθήνα - Δυτικά Προάστια",sale,,1400000.0,1560.0,6,Ισόγειο,,"Δάσος, Χαϊδάρι, Αθήνα - Δυτικά Προάστια",,,https://www.remax.gr/assets/media/properties/medium/307964_img_2408d38b_1de8_4a55_a1fd_0299eaebf5e4.jpeg?v=13938270,,,,,2026-10-02T08:27:42Z,307964,2026-10-02,103/pwliseis-agora-epaggelmatika
remax.gr,REMAX Central,https://www.remax.gr/property/308142-polisi-grafeio-galatsi,Γραφείο · Γαλάτσι · Αθήνα - Δυτικά Προάστια,sale,,280000.0,160.0,1,3ος,,"Γαλάτσι, Αθήνα - Δυτικά Προάστια",,,https://www.remax.gr/assets/media/properties/medium/308142_img_1869dc07_ba93_44b2_909f_868e92428d9f.jpeg?v=13939841,,,,,2026-10-02T08:27:42Z,308142,2026-10-02,103/pwliseis-agora-epaggelmatika
remax.gr,REMAX Central,https://www.remax.gr/property/308239-polisi-apothiki-lamprinh,"Αποθήκη · Λαμπρινή · Γαλάτσι, Αθήνα - Δυτικά Προάστια",sale,,120000.0,127.0,1,Ημιυπόγειο,,"Λαμπρινή, Γαλάτσι, Αθήνα - Δυτικά Προάστια",,,https://www.remax.gr/assets/media/properties/medium/308239_img_f3d64c35_ee75_483e_8135_6a2f14ec6c8e.jpeg?v=13939840,,,,,2026-10-02T08:27:42Z,308239,2026-10-02,103/pwliseis-agora-epaggelmatika
remax.gr,REMAX Central,https://www.remax.gr/property/308350-polisi-epaggelmatiko-ktirio-xaidari,Eπαγγελματικό Kτήριο · Χαϊδάρι · Αθήνα - Δυτικά Προάστια,sale,,1400000.0,650.0,4,Ισόγειο,,"Χαϊδάρι, Αθήνα - Δυτικά Προάστια",,,https://www.remax.gr/assets/media/properties/medium/308350_img_0b592434_9313_4725_ab21_5b0c52ab9d54.jpeg?v=13939696,,,,,2026-10-02T08:27:42Z,308350,2026-10-02,103/pwliseis-agora-epaggelmatika
remax.gr,REMAX Real Advisor,https://www.remax.gr/property/308739-polisi-biomichaniko-biotechniko-anakasa,"Βιομηχανικό/Βιοτεχνικό · Ανάκασα · Αγιοι Ανάργυροι, Αθήνα - Δυτικά Προάστια",sale,,1550000.0,1562.0,,Ισόγειο,,"Ανάκασα, Αγιοι Ανάργυροι, Αθήνα - Δυτικά Προάστια",,,https://www.remax.gr/assets/media/properties/medium/308739_img_860eaecb_0195_464c_940b_090b14828037.jpeg?v=13984001,,,,,2026-10-02T08:27:42Z,308739,2026-10-02,103/pwliseis-agora-epaggelmatika
remax.gr,REMAX Central,https://www.remax.gr/property/310595-polisi-katastima-khpoypolh,"Κατάστημα · Κηπούπολη · Πετρούπολη, Αθήνα - Δυτικά Προάστια",sale,,950000.0,471.0,,1ος,,"Κηπούπολη, Πετρούπολη, Αθήνα - Δυτικά Προάστια",,,https://www.remax.gr/assets/media/properties/medium/310595_img_4b7ede3d_838c_403d_b458_9a69f90cdb2b.jpeg?v=13949112,,,,,2026-10-02T08:27:42Z,310595,2026-10-02,103/pwliseis-agora-epaggelmatika
remax.gr,REMAX Central,https://www.remax.gr/property/310597-polisi-katastima-xaidari,Κατάστημα · Χαϊδάρι · Αθήνα - Δυτικά Προάστια,sale,,375000.0,75.0,,Ισόγειο,,"Χαϊδάρι, Αθήνα - Δυτικά Προάστια",,,https://www.remax.gr/assets/media/properties/medium/310597_img_05862350_e2fc_408d_a738_05e57f427aa4.jpeg?v=13948936,,,,,2026-10-02T08:27:42Z,310597,2026-10-02,103/pwliseis-agora-epaggelmatika
remax.gr,REMAX Evolution,https://www.remax.gr/property/311182-polisi-monokatoikia-mayro-lithari,"Μονοκατοικία · Μαύρο Λιθάρι · Ανάβυσσος, Υπόλοιπο Αττικής",sale,,350000.0,187.0,2,Ισόγειο,,"Μαύρο Λιθάρι, Ανάβυσσος, Υπόλοιπο Αττικής",,,https://www.remax.gr/assets/media/properties/medium/311182_2870_7925423.jpeg?v=9303081,,,,,2026-10-02T08:27:42Z,311182,2026-10-02,107/pwliseis-agora-katoikies
remax.gr,REMAX Central,https://www.remax.gr/property/311552-polisi-katastima-galatsi,Κατάστημα · Γαλάτσι · Αθήνα - Δυτικά Προάστια,sale,,300000.0,128.0,,,,"Γαλάτσι, Αθήνα - Δυτικά Προάστια",,,https://www.remax.gr/assets/media/properties/medium/311552_img_e2dadce7_d587_4083_bc3d_e2781bfbf73e.jpeg?v=13948938,,,,,2026-10-02T08:27:42Z,311552,2026-10-02,103/pwliseis-agora-epaggelmatika
remax.gr,REMAX En Oiko,https://www.remax.gr/property/312844-polisi-katastima-nea-iwnia,Κατάστημα · Νέα Ιωνία · Αθήνα - Δυτικά Προάστια,sale,,120000.0,53.0,1,Ισόγειο,,"Νέα Ιωνία, Αθήνα - Δυτικά Προάστια",,,https://www.remax.gr/assets/media/properties/medium/312844_img_2dea5146_ff4b_4eb6_b35c_b106b2500bfe.jpeg?v=13693882,,,,,2026-10-02T08:27:42Z,312844,2026-10-02,103/pwliseis-agora-epaggelmatika
remax.gr,REMAX Real Advisor,https://www.remax.gr/property/312886-polisi-mezoneta-sykamino,Μεζονέτα · Συκάμινο · Υπόλοιπο Αττικής,sale,,350000.0,230.0,5,Ισόγειο,,"Συκάμινο, Υπόλοιπο Αττικής",,,https://www.remax.gr/assets/media/properties/medium/312886_img_d6a39341_2b17_490e_8e63_2e310ce642bc.jpeg?v=13984229,,,,,2026-10-02T08:27:42Z,312886,2026-10-02,107/pwliseis-agora-katoikies
remax.gr,REMAX En Oiko,https://www.remax.gr/property/313216-polisi-oikopedo-gia-katoikia-pallhnh,Οικόπεδο για κατοικία · Παλλήνη · Αθήνα - Ανατολικά Προάστια,sale,,220000.0,810.0,,,,"Παλλήνη, Αθήνα - Ανατολικά Προάστια",,,https://www.remax.gr/assets/media/properties/medium/313216_img_279c0de5_c083_4316_b80c_e6b24957931a.jpeg?v=13697065,,,,,2026-10-02T08:27:42Z,313216,2026-10-02,104/pwliseis-agora-gi
remax.gr,REMAX En Oiko,https://www.remax.gr/property/313406-polisi-oikopedo-gia-katoikia-korwpi,Οικόπεδο για κατοικία · Κορωπί · Αθήνα - Ανατολικά Προάστια,sale,,300000.0,1024.0,,,,"Κορωπί, Αθήνα - Ανατολικά Προάστια",,,https://www.remax.gr/assets/media/properties/medium/313406_img_72f31b2d_c284_48b7_bebf_f212ba012468.jpeg?v=13697063,,,,,2026-10-02T08:27:42Z,313406,2026-10-02,104/pwliseis-agora-gi
remax.gr,REMAX En Oiko,https://www.remax.gr/property/313408-polisi-oikopedo-gia-katoikia-korwpi,Οικόπεδο για κατοικία · Κορωπί · Αθήνα - Ανατολικά Προάστια,sale,,100000.0,1024.0,,,,"Κορωπί, Αθήνα - Ανατολικά Προάστια",,,https://www.remax.gr/assets/media/properties/medium/313408_img_6e142c0b_3e6a_48d1_b76b_70e3e15970ef.jpeg?v=13697061,,,,,2026-10-02T08:27:42Z,313408,2026-10-02,104/pwliseis-agora-gi
remax.gr,REMAX En Oiko,https://www.remax.gr/property/314791-polisi-oikopedo-gia-katoikia-gerakas,Οικόπεδο για κατοικία · Γέρακας · Αθήνα - Ανατολικά Προάστια,sale,,230000.0,366.0,,,,"Γέρακας, Αθήνα - Ανατολικά Προάστια",,,https://www.remax.gr/assets/media/properties/medium/314791_img_d3795975_5605_486c_82c4_c4dd5e19824c.jpeg?v=13697055,,,,,2026-10-02T08:27:42Z,314791,2026-10-02,104/pwliseis-agora-gi
remax.gr,REMAX Evolution,https://www.remax.gr/property/314794-polisi-monokatoikia-lagonhsi,"Μονοκατοικία · Λαγονήσι · Καλύβια Θορικού, Υπόλοιπο Αττικής",sale,,150000.0,62.0,,Ισόγειο,,"Λαγονήσι, Καλύβια Θορικού, Υπόλοιπο Αττικής",,,https://www.remax.gr/assets/media/properties/medium/314794_3497_8026661.jpeg?v=9476050,,,,,2026-10-02T08:27:42Z,314794,2026-10-02,107/pwliseis-agora-katoikies
remax.gr,REMAX Lysis,https://www.remax.gr/property/315005-polisi-oikopedo-gia-katoikia-kantza,"Οικόπεδο για κατοικία · Κάντζα · Παλλήνη, Αθήνα - Ανατολικά Προάστια",sale,,420000.0,783.0,,,,"Κάντζα, Παλλήνη, Αθήνα - Ανατολικά Προάστια",,,https://www.remax.gr/assets/media/properties/medium/315005_25_28063286.jpeg?v=10707265,,,,,2026-10-02T08:27:42Z,315005,2026-10-02,104/pwliseis-agora-gi
remax.gr,REMAX Real Advisor,https://www.remax.gr/property/316710-enoikiasi-katastima-nea-iwnia,Κατάστημα · Νέα Ιωνία · Αθήνα - Δυτικά Προάστια,rent,,20000.0,1400.0,10,Ισόγειο,,"Νέα Ιωνία, Αθήνα - Δυτικά Προάστια",,,https://www.remax.gr/assets/media/properties/medium/316710_img_2546db35_c429_4cbe_ba77_0e16d15bae83.jpeg?v=13981965,,,,,2026-10-02T08:27:42Z,316710,2026-10-02,103/enoikiaseis-epaggelmatika
remax.gr,REMAX Real Advisor,https://www.remax.gr/property/316740-polisi-oikopedo-gia-katoikia-kamatero,Οικόπεδο για κατοικία · Καματερό · Αθήνα - Δυτικά Προάστια,sale,,160000.0,227.0,,,,"Καματερό, Αθήνα - Δυτικά Προάστια",,,https://www.remax.gr/assets/media/properties/medium/316740_img_71de9e08_c29f_429b_8b99_9f05ca322878.jpeg?v=13984426,,,,,2026-10-02T08:27:42Z,316740,2026-10-02,103/pwliseis-agora-gi
remax.gr,REMAX Optimum,https://www.remax.gr/property/321581-polisi-oikopedo-gia-katoikia-agios-dhmhtrios,"Οικόπεδο για κατοικία · Άγιος Δημήτριος · Κορωπί, Αθήνα - Ανατολικά Προάστια",sale,,400000.0,1390.0,,,,"Άγιος Δημήτριος, Κορωπί, Αθήνα - Ανατολικά Προάστια",,,https://www.remax.gr/assets/media/properties/medium/321581_66192fa5eefd91712926629.jpeg?v=9699135,,,,,2026-10-02T08:27:42Z,321581,2026-10-02,104/pwliseis-agora-gi
remax.gr,REMAX Porto,https://www.remax.gr/property/321765-polisi-mezoneta-porto-rafth,"Μεζονέτα · Πόρτο Ράφτη · Μαρκόπουλο, Υπόλοιπο Αττικής",sale,,250000.0,121.0,,Ισόγειο,,"Πόρτο Ράφτη, Μαρκόπουλο, Υπόλοιπο Αττικής",,,https://www.remax.gr/assets/media/properties/medium/321765_2_2598113.jpeg?v=9708443,,,,,2026-10-02T08:27:42Z,321765,2026-10-02,107/pwliseis-agora-katoikies
remax.gr,REMAX Optimum,https://www.remax.gr/property/322243-polisi-oikopedo-gia-katoikia-paiania,Οικόπεδο για κατοικία · Παιανία · Αθήνα - Ανατολικά Προάστια,sale,,298000.0,802.0,,,,"Παιανία, Αθήνα - Ανατολικά Προάστια",,,https://www.remax.gr/assets/media/properties/medium/322243_66226e01d5de71713532417.jpeg?v=9725292,,,,,2026-10-02T08:27:42Z,322243,2026-10-02,104/pwliseis-agora-gi
remax.gr,REMAX Porto,https://www.remax.gr/property/322584-polisi-mezoneta-porto-rafth,"Μεζονέτα · Πόρτο Ράφτη · Μαρκόπουλο, Υπόλοιπο Αττικής",sale,,400000.0,200.0,3,1ος,,"Πόρτο Ράφτη, Μαρκόπουλο, Υπόλοιπο Αττικής",,,https://www.remax.gr/assets/media/properties/medium/322584_4_2662759.jpeg?v=10390224,,,,,2026-10-02T08:27:42Z,322584,2026-10-02,107/pwliseis-agora-katoikies
remax.gr,REMAX Properties Investment 2,https://www.remax.gr/property/322907-polisi-mezoneta-artemida-loytsa,Μεζονέτα · Αρτέμιδα (Λούτσα) · Αθήνα - Ανατολικά Προάστια,sale,,390000.0,150.0,5,,,"Αρτέμιδα (Λούτσα), Αθήνα - Ανατολικά Προάστια",,,https://www.remax.gr/assets/media/properties/medium/322907_img_01d2d421_dfad_4f11_aeb6_3ac8a5af7ff0.jpeg?v=14180531,,,,,2026-10-02T08:27:42Z,322907,2026-10-02,104/pwliseis-agora-katoikies
remax.gr,REMAX Properties Investment,https://www.remax.gr/property/322931-polisi-oikopedo-gia-katoikia-paiania,Οικόπεδο για κατοικία · Παιανία · Αθήνα - Ανατολικά Προάστια,sale,,150000.0,443.0,,,,"Παιανία, Αθήνα - Ανατολικά Προάστια",,,https://www.remax.gr/assets/media/properties/medium/322931_img_e1b7b51a_7036_4f46_9768_652e80cf856f.jpeg?v=14200001,,,,,2026-10-02T08:27:42Z,322931,2026-10-02,104/pwliseis-agora-gi
remax.gr,REMAX Properties Investment,https://www.remax.gr/property/322993-polisi-oikopedo-gia-katoikia-spata,Οικόπεδο για κατοικία · Σπάτα · Αθήνα - Ανατολικά Προάστια,sale,,150000.0,2696.0,,,,"Σπάτα, Αθήνα - Ανατολικά Προάστια",,,https://www.remax.gr/assets/media/properties/medium/322993_0f1abdd05b044c18a0a6488eeb9c18a7.jpeg?v=14201571,,,,,2026-10-02T08:27:42Z,322993,2026-10-02,104/pwliseis-agora-gi
remax.gr,REMAX Properties Investment,https://www.remax.gr/property/323035-polisi-epaggelmatiko-ktirio-nea-xalkhdona,Eπαγγελματικό Kτήριο · Νέα Χαλκηδόνα · Αθήνα - Δυτικά Προάστια,sale,,1200000.0,820.0,,Ισόγειο,,"Νέα Χαλκηδόνα, Αθήνα - Δυτικά Προάστια",,,https://www.remax.gr/assets/media/properties/medium/323035_img_0d4c98f3_8e3e_4dab_a45d_d525dd5a39b6.jpeg?v=14198193,,,,,2026-10-02T08:27:42Z,323035,2026-10-02,103/pwliseis-agora-epaggelmatika
remax.gr,REMAX Properties Investment,https://www.remax.gr/property/323053-polisi-oikopedo-gia-katoikia-glyka-nera,Οικόπεδο για κατοικία · Γλυκά Νερά · Αθήνα - Ανατολικά Προάστια,sale,,215000.0,428.0,,,,"Γλυκά Νερά, Αθήνα - Ανατολικά Προάστια",,,https://www.remax.gr/assets/media/properties/medium/323053_007ba445ef2f4642a18c9800458bc378.jpeg?v=14199659,,,,,2026-10-02T08:27:42Z,323053,2026-10-02,104/pwliseis-agora-gi
remax.gr,REMAX Properties Investment,https://www.remax.gr/property/323146-polisi-oikopedo-gia-katoikia-artemida-loytsa,Οικόπεδο για κατοικία · Αρτέμιδα (Λούτσα) · Αθήνα - Ανατολικά Προάστια,sale,,130000.0,573.0,,,,"Αρτέμιδα (Λούτσα), Αθήνα - Ανατολικά Προάστια",,,https://www.remax.gr/assets/media/properties/medium/323146_img_9feb634d_bc02_48ae_b4dd_d14f4745e4df.jpeg?v=14199839,,,,,2026-10-02T08:27:42Z,323146,2026-10-02,104/pwliseis-agora-gi
remax.gr,REMAX Properties Investment,https://www.remax.gr/property/323166-polisi-oikopedo-gia-katoikia-panorama,"Οικόπεδο για κατοικία · Πανόραμα · Παλλήνη, Αθήνα - Ανατολικά Προάστια",sale,,180000.0,655.0,,,,"Πανόραμα, Παλλήνη, Αθήνα - Ανατολικά Προάστια",,,https://www.remax.gr/assets/media/properties/medium/323166_img_4350042d_df11_4b0c_a81d_a0435358ed84.jpeg?v=14202257,,,,,2026-10-02T08:27:42Z,323166,2026-10-02,104/pwliseis-agora-gi
remax.gr,REMAX Porto,https://www.remax.gr/property/323167-polisi-monokatoikia-agios-nikolaos,"Μονοκατοικία · Άγιος Νικόλαος · Ανάβυσσος, Υπόλοιπο Αττικής",sale,,220000.0,115.0,2,Ισόγειο,,"Άγιος Νικόλαος, Ανάβυσσος, Υπόλοιπο Αττικής",,,https://www.remax.gr/assets/media/properties/medium/323167_6_2503929.jpeg?v=9754253,,,,,2026-10-02T08:27:42Z,323167,2026-10-02,107/pwliseis-agora-katoikies
remax.gr,REMAX Properties Investment,https://www.remax.gr/property/323186-polisi-oikopedo-gia-katoikia-8rakomakedones,"Οικόπεδο για κατοικία · Θρακομακεδόνες · Αχαρνές, Αθήνα - Δυτικά Προάστια",sale,,500000.0,1245.0,,,,"Θρακομακεδόνες, Αχαρνές, Αθήνα - Δυτικά Προάστια",,,https://www.remax.gr/assets/media/properties/medium/323186_img_bb287e25_fe9c_4837_9e78_0c0f6a92b14f.jpeg?v=14202224,,,,,2026-10-02T08:27:42Z,323186,2026-10-02,103/pwliseis-agora-gi
remax.gr,REMAX Properties Investment,https://www.remax.gr/property/323226-polisi-monokatoikia-paralia-markopoulou-oropou,"Μονοκατοικία · Παραλία Μαρκόπουλου Ωρωπού · Μαρκόπουλο Ωρωπού, Υπόλοιπο Αττικής",sale,,249000.0,230.0,4,Ισόγειο,,"Παραλία Μαρκόπουλου Ωρωπού, Μαρκόπουλο Ωρωπού, Υπόλοιπο Αττικής",,,https://www.remax.gr/assets/media/properties/medium/323226_img_cb0fe55e_3567_4016_9b42_238301d04e99.jpeg?v=14198094,,,,,2026-10-02T08:27:42Z,323226,2026-10-02,107/pwliseis-agora-katoikies
remax.gr,REMAX Properties Investment,https://www.remax.gr/property/323285-polisi-oikopedo-gia-katoikia-dikastika,"Οικόπεδο για κατοικία · Δικαστικά · Μαραθώνας, Αθήνα - Ανατολικά Προάστια",sale,,350000.0,1200.0,,,,"Δικαστικά, Μαραθώνας, Αθήνα - Ανατολικά Προάστια",,,https://www.remax.gr/assets/media/properties/medium/323285_e7a58e137da2ff14019710dde8935b9a.png?v=14141898,,,,,2026-10-02T08:27:42Z,323285,2026-10-02,104/pwliseis-agora-gi
remax.gr,REMAX Properties Investment,https://www.remax.gr/property/323461-polisi-oikopedo-gia-katoikia-borineza,"Οικόπεδο για κατοικία · Βορινέζα · Αρτέμιδα (Λούτσα), Αθήνα - Ανατολικά Προάστια",sale,,140000.0,358.0,,,,"Βορινέζα, Αρτέμιδα (Λούτσα), Αθήνα - Ανατολικά Προάστια",,,https://www.remax.gr/assets/media/properties/medium/323461_050ec2196f0d4fec8bcadd12fb6f0515.jpeg?v=14201690,,,,,2026-10-02T08:27:42Z,323461,2026-10-02,104/pwliseis-agora-gi
remax.gr,REMAX Properties Investment,https://www.remax.gr/property/323500-polisi-oikopedo-gia-katoikia-gerakas,Οικόπεδο για κατοικία · Γέρακας · Αθήνα - Ανατολικά Προάστια,sale,,350000.0,657.0,,,,"Γέρακας, Αθήνα - Ανατολικά Προάστια",,,https://www.remax.gr/assets/media/properties/medium/323500_img_07058344_fb64_4d5e_8ac8_a0a8932ca604.jpeg?v=14194830,,,,,2026-10-02T08:27:42Z,323500,2026-10-02,104/pwliseis-agora-gi
remax.gr,REMAX Properties Investment,https://www.remax.gr/property/323581-polisi-monokatoikia-barnabas,Μονοκατοικία · Βαρνάβας · Αθήνα - Ανατολικά Προάστια,sale,,750000.0,140.0,,Ισόγειο,,"Βαρνάβας, Αθήνα - Ανατολικά Προάστια",,,https://www.remax.gr/assets/media/properties/medium/323581_img_74b62e22_c39f_45af_88a5_58e8f417e80f.jpeg?v=14198149,,,,,2026-10-02T08:27:42Z,323581,2026-10-02,104/pwliseis-agora-katoikies
remax.gr,REMAX Properties Investment,https://www.remax.gr/property/323713-polisi-katastima-kentro,"Κατάστημα · Κέντρο · Κορωπί, Αθήνα - Ανατολικά Προάστια",sale,,320000.0,157.0,,Ισόγειο,,"Κέντρο, Κορωπί, Αθήνα - Ανατολικά Προάστια",,,https://www.remax.gr/assets/media/properties/medium/323713_img_c62936d2_a683_44b1_941d_c16d825cddf9.jpeg?v=14201564,,,,,2026-10-02T08:27:42Z,323713,2026-10-02,104/pwliseis-agora-epaggelmatika
remax.gr,REMAX Properties Investment,https://www.remax.gr/property/323744-polisi-monokatoikia-gioyrgia,"Μονοκατοικία · Γιούργια · Αρτέμιδα (Λούτσα), Αθήνα - Ανατολικά Προάστια",sale,,46000.0,35.0,1,Ισόγειο,,"Γιούργια, Αρτέμιδα (Λούτσα), Αθήνα - Ανατολικά Προάστια",,,https://www.remax.gr/assets/media/properties/medium/323744_img_2142696a_9f86_45bd_969d_373868163148.jpeg?v=14199612,,,,,2026-10-02T08:27:42Z,323744,2026-10-02,104/pwliseis-agora-katoikies
remax.gr,REMAX Properties Investment,https://www.remax.gr/property/323752-polisi-epaggelmatiko-ktirio-kentro,"Eπαγγελματικό Kτήριο · Κέντρο · Μαραθώνας, Αθήνα - Ανατολικά Προάστια",sale,,290000.0,300.0,,Ισόγειο,,"Κέντρο, Μαραθώνας, Αθήνα - Ανατολικά Προάστια",,,https://www.remax.gr/assets/media/properties/medium/323752_img_d85c8523_1d3c_42e8_8c6d_723d7f1f1ea7.jpeg?v=14194223,,,,,2026-10-02T08:27:42Z,323752,2026-10-02,104/pwliseis-agora-epaggelmatika
remax.gr,REMAX Properties Investment,https://www.remax.gr/property/324002-polisi-sugkrotima-katoikion-porto-rafth,"Συγκρότημα κατοικιών · Πόρτο Ράφτη · Μαρκόπουλο, Υπόλοιπο Αττικής",sale,,290000.0,300.0,,,,"Πόρτο Ράφτη, Μαρκόπουλο, Υπόλοιπο Αττικής",,,https://www.remax.gr/assets/media/properties/medium/324002_img_d87a25a9_10b2_4732_88eb_98cc3a2306fd.jpeg?v=14158577,,,,,2026-10-02T08:27:42Z,324002,2026-10-02,107/pwliseis-agora-katoikies
remax.gr,REMAX Properties Investment 2,https://www.remax.gr/property/324078-polisi-agrotemachio-karellas,"Αγροτεμάχιο · Καρελλάς · Κορωπί, Αθήνα - Ανατολικά Προάστια",sale,,54000.0,3600.0,,,,"Καρελλάς, Κορωπί, Αθήνα - Ανατολικά Προάστια",,,https://www.remax.gr/assets/media/properties/medium/324078_img_854b8cf5_1925_4da3_8a9c_aa61087b4219.jpeg?v=14182188,,,,,2026-10-02T08:27:42Z,324078,2026-10-02,104/pwliseis-agora-gi
remax.gr,REMAX Properties Investment,https://www.remax.gr/property/324189-polisi-monokatoikia-markopoylo,Μονοκατοικία · Μαρκόπουλο · Υπόλοιπο Αττικής,sale,,220000.0,220.0,5,Ισόγειο,,"Μαρκόπουλο, Υπόλοιπο Αττικής",,,https://www.remax.gr/assets/media/properties/medium/324189_ca92e7db9a188951d1270b712618b62b.jpeg?v=14131031,,,,,2026-10-02T08:27:42Z,324189,2026-10-02,107/pwliseis-agora-katoikies
remax.gr,REMAX Properties Investment 2,https://www.remax.gr/property/324643-polisi-monokatoikia-anabyssos,Μονοκατοικία · Ανάβυσσος · Υπόλοιπο Αττικής,sale,,275000.0,290.0,3,Ισόγειο,,"Ανάβυσσος, Υπόλοιπο Αττικής",,,https://www.remax.gr/assets/media/properties/medium/324643_img_90f6cd71_6e85_42a7_beb6_cb6ea77e325b.jpeg?v=14181657,,,,,2026-10-02T08:27:42Z,324643,2026-10-02,107/pwliseis-agora-katoikies
remax.gr,REMAX Properties Investment,https://www.remax.gr/property/324681-polisi-oikopedo-gia-katoikia-pallhnh,Οικόπεδο για κατοικία · Παλλήνη · Αθήνα - Ανατολικά Προάστια,sale,,15000.0,229.0,,,,"Παλλήνη, Αθήνα - Ανατολικά Προάστια",,,https://www.remax.gr/assets/media/properties/medium/324681_img_145a62bf_d38e_461d_a37a_65dbe3f2026b.jpeg?v=14195915,,,,,2026-10-02T08:27:42Z,324681,2026-10-02,104/pwliseis-agora-gi
remax.gr,REMAX Properties Investment,https://www.remax.gr/property/324684-polisi-oikopedo-gia-katoikia-pallhnh,Οικόπεδο για κατοικία · Παλλήνη · Αθήνα - Ανατολικά Προάστια,sale,,140000.0,519.0,,,,"Παλλήνη, Αθήνα - Ανατολικά Προάστια",,,https://www.remax.gr/assets/media/properties/medium/324684_d918407e522f6a123fe66a70e78f3a45.jpeg?v=14052054,,,,,2026-10-02T08:27:42Z,324684,2026-10-02,104/pwliseis-agora-gi
remax.gr,REMAX Properties Investment 2,https://www.remax.gr/property/324693-polisi-oikopedo-gia-katoikia-paiania,Οικόπεδο για κατοικία · Παιανία · Αθήνα - Ανατολικά Προάστια,sale,,175000.0,828.0,,,,"Παιανία, Αθήνα - Ανατολικά Προάστια",,,https://www.remax.gr/assets/media/properties/medium/324693_img_fd9733da_de0c_4c86_8f3e_2da8a2d50787.jpeg?v=14182175,,,,,2026-10-02T08:27:42Z,324693,2026-10-02,104/pwliseis-agora-gi
remax.gr,REMAX Properties Investment 5,https://www.remax.gr/property/324708-polisi-oikopedo-gia-katoikia-axarnes,Οικόπεδο για κατοικία · Αχαρνές · Αθήνα - Δυτικά Προάστια,sale,,110000.0,544.0,,,,"Αχαρνές, Αθήνα - Δυτικά Προάστια",,,https://www.remax.gr/assets/media/properties/medium/324708_img_9e3a2768_6bd8_4daf_b110_1f2f92c43d3a.jpeg?v=14187706,,,,,2026-10-02T08:27:42Z,324708,2026-10-02,103/pwliseis-agora-gi
remax.gr,REMAX Properties Investment,https://www.remax.gr/property/324755-polisi-oikopedo-gia-katoikia-glyka-nera,Οικόπεδο για κατοικία · Γλυκά Νερά · Αθήνα - Ανατολικά Προάστια,sale,,170000.0,358.0,,,,"Γλυκά Νερά, Αθήνα - Ανατολικά Προάστια",,,https://www.remax.gr/assets/media/properties/medium/324755_e47f55a37b59134c62e3525ec8801e71.jpeg?v=12850531,,,,,2026-10-02T08:27:42Z,324755,2026-10-02,104/pwliseis-agora-gi
remax.gr,REMAX Properties Investment,https://www.remax.gr/property/324778-polisi-oikopedo-gia-katoikia-neos-boytzas,"Οικόπεδο για κατοικία · Νέος Βουτζάς · Νέα Μάκρη, Αθήνα - Ανατολικά Προάστια",sale,,300000.0,1087.0,,,,"Νέος Βουτζάς, Νέα Μάκρη, Αθήνα - Ανατολικά Προάστια",,,https://www.remax.gr/assets/media/properties/medium/324778_img_1e0dac7d_52bb_474c_a455_0cfa1e70ef63.jpeg?v=14195950,,,,,2026-10-02T08:27:42Z,324778,2026-10-02,104/pwliseis-agora-gi
remax.gr,REMAX Zed,https://www.remax.gr/property/325914-enoikiasi-oikopedo-gia-katoikia-lathea,"Οικόπεδο για κατοικία · Λαθέα · Αχαρνές, Αθήνα - Δυτικά Προάστια",rent,,5000.0,1600.0,,,,"Λαθέα, Αχαρνές, Αθήνα - Δυτικά Προάστια",,,https://www.remax.gr/assets/media/properties/medium/325914_12_16808652.jpeg?v=9816245,,,,,2026-10-02T08:27:42Z,325914,2026-10-02,103/enoikiaseis-gi
remax.gr,REMAX Zed,https://www.remax.gr/property/325915-enoikiasi-oikopedo-gia-katoikia-lathea,"Οικόπεδο για κατοικία · Λαθέα · Αχαρνές, Αθήνα - Δυτικά Προάστια",rent,,2600.0,1600.0,,,,"Λαθέα, Αχαρνές, Αθήνα - Δυτικά Προάστια",,,https://www.remax.gr/assets/media/properties/medium/325915_12_16819134.jpeg?v=9819840,,,,,2026-10-02T08:27:42Z,325915,2026-10-02,103/enoikiaseis-gi
remax.gr,REMAX Properties Investment,https://www.remax.gr/property/325942-polisi-oikopedo-gia-katoikia-foyresi,"Οικόπεδο για κατοικία · Φούρεσι · Γλυκά Νερά, Αθήνα - Ανατολικά Προάστια",sale,,180000.0,386.0,,,,"Φούρεσι, Γλυκά Νερά, Αθήνα - Ανατολικά Προάστια",,,https://www.remax.gr/assets/media/properties/medium/325942_img_177b692f_43cc_42a5_b120_b502501cac93.jpeg?v=14199967,,,,,2026-10-02T08:27:42Z,325942,2026-10-02,104/pwliseis-agora-gi
remax.gr,REMAX Properties Investment,https://www.remax.gr/property/325943-polisi-oikopedo-gia-epaggelmatiki-chrisi-mpalana,"Οικόπεδο για επαγγελματική χρήση · Μπάλανα · Γέρακας, Αθήνα - Ανατολικά Προάστια",sale,,180000.0,386.0,,,,"Μπάλανα, Γέρακας, Αθήνα - Ανατολικά Προάστια",,,https://www.remax.gr/assets/media/properties/medium/325943_img_aee207cb_f534_444e_af12_f4906f13be36.jpeg?v=14199998,,,,,2026-10-02T08:27:42Z,325943,2026-10-02,104/pwliseis-agora-gi
remax.gr,REMAX Optimum,https://www.remax.gr/property/326277-polisi-oikopedo-gia-katoikia-garghttos,"Οικόπεδο για κατοικία · Γαργηττός · Γέρακας, Αθήνα - Ανατολικά Προάστια",sale,,370000.0,496.0,,,,"Γαργηττός, Γέρακας, Αθήνα - Ανατολικά Προάστια",,,https://www.remax.gr/assets/media/properties/medium/326277_663b547e04d591715164286.jpeg?v=9823054,,,,,2026-10-02T08:27:42Z,326277,2026-10-02,104/pwliseis-agora-gi
remax.gr,REMAX Porto,https://www.remax.gr/property/326449-polisi-monokatoikia-porto-rafth,"Μονοκατοικία · Πόρτο Ράφτη · Μαρκόπουλο, Υπόλοιπο Αττικής",sale,,265000.0,115.0,3,Ισόγειο,,"Πόρτο Ράφτη, Μαρκόπουλο, Υπόλοιπο Αττικής",,,https://www.remax.gr/assets/media/properties/medium/326449_4_2432249.jpeg?v=9830174,,,,,2026-10-02T08:27:42Z,326449,2026-10-02,107/pwliseis-agora-katoikies
remax.gr,REMAX Lysis,https://www.remax.gr/property/326458-polisi-oikopedo-gia-katoikia-kantza,"Οικόπεδο για κατοικία · Κάντζα · Παλλήνη, Αθήνα - Ανατολικά Προάστια",sale,,770000.0,782.0,,,,"Κάντζα, Παλλήνη, Αθήνα - Ανατολικά Προάστια",,,https://www.remax.gr/assets/media/properties/medium/326458_25_29288258.jpeg?v=12118659,,,,,2026-10-02T08:27:42Z,326458,2026-10-02,104/pwliseis-agora-gi
remax.gr,REMAX Properties Investment,https://www.remax.gr/property/327201-polisi-oikopedo-gia-epaggelmatiki-chrisi-pallhnh,Οικόπεδο για επαγγελματική χρήση · Παλλήνη · Αθήνα - Ανατολικά Προάστια,sale,,1450000.0,8200.0,,,,"Παλλήνη, Αθήνα - Ανατολικά Προάστια",,,https://www.remax.gr/assets/media/properties/medium/327201_img_3cab8216_2d48_40de_a6d4_56a8b6a567d2.jpeg?v=14199109,,,,,2026-10-02T08:27:42Z,327201,2026-10-02,104/pwliseis-agora-gi
remax.gr,REMAX Properties Investment,https://www.remax.gr/property/327433-polisi-mezoneta-foyresi,"Μεζονέτα · Φούρεσι · Γλυκά Νερά, Αθήνα - Ανατολικά Προάστια",sale,,450000.0,218.0,3,Ισόγειο,,"Φούρεσι, Γλυκά Νερά, Αθήνα - Ανατολικά Προάστια",,,https://www.remax.gr/assets/media/properties/medium/327433_img_ee3c9e28_4ef1_4144_9b75_a64dc3e373fd.jpeg?v=14196260,,,,,2026-10-02T08:27:42Z,327433,2026-10-02,104/pwliseis-agora-katoikies
remax.gr,REMAX Elite,https://www.remax.gr/property/327767-polisi-oikopedo-gia-katoikia-sxinias,"Οικόπεδο για κατοικία · Σχινιάς · Μαραθώνας, Αθήνα - Ανατολικά Προάστια",sale,,300000.0,1050.0,,,,"Σχινιάς, Μαραθώνας, Αθήνα - Ανατολικά Προάστια",,,https://www.remax.gr/assets/media/properties/medium/327767_12a9ad76b02683e1f85dc02f52421ff3.jpeg?v=9883096,,,,,2026-10-02T08:27:42Z,327767,2026-10-02,104/pwliseis-agora-gi
remax.gr,REMAX Ergon,https://www.remax.gr/property/327874-polisi-oikopedo-gia-katoikia-grammatiko-kentro,"Οικόπεδο για κατοικία · Γραμματικό-Κέντρο · Γραμματικό, Αθήνα - Ανατολικά Προάστια",sale,,140000.0,6600.0,,,,"Γραμματικό-Κέντρο, Γραμματικό, Αθήνα - Ανατολικά Προάστια",,,https://www.remax.gr/assets/media/properties/medium/327874_3bf4e9a617efe184b0ea617b4e4fca64.jpeg?v=12134435,,,,,2026-10-02T08:27:42Z,327874,2026-10-02,104/pwliseis-agora-gi
remax.gr,REMAX Properties Investment,https://www.remax.gr/property/328074-polisi-oikopedo-gia-katoikia-panorama,"Οικόπεδο για κατοικία · Πανόραμα · Παλλήνη, Αθήνα - Ανατολικά Προάστια",sale,,480000.0,1392.0,,,,"Πανόραμα, Παλλήνη, Αθήνα - Ανατολικά Προάστια",,,https://www.remax.gr/assets/media/properties/medium/328074_img_4c82c187_8402_456a_b8e8_842bd21f03f6.jpeg?v=14194309,,,,,2026-10-02T08:27:42Z,328074,2026-10-02,104/pwliseis-agora-gi
remax.gr,REMAX Properties Investment,https://www.remax.gr/property/328075-polisi-oikopedo-gia-katoikia-pallhnh,Οικόπεδο για κατοικία · Παλλήνη · Αθήνα - Ανατολικά Προάστια,sale,,210000.0,686.0,,,,"Παλλήνη, Αθήνα - Ανατολικά Προάστια",,,https://www.remax.gr/assets/media/properties/medium/328075_img_3465edb3_b561_48fa_9527_b295650b9db9.jpeg?v=14194312,,,,,2026-10-02T08:27:42Z,328075,2026-10-02,104/pwliseis-agora-gi
remax.gr,REMAX Properties Investment 2,https://www.remax.gr/property/328303-polisi-mezoneta-lagonhsi,"Μεζονέτα · Λαγονήσι · Καλύβια Θορικού, Υπόλοιπο Αττικής",sale,,390000.0,180.0,4,Ισόγειο,,"Λαγονήσι, Καλύβια Θορικού, Υπόλοιπο Αττικής",,,https://www.remax.gr/assets/media/properties/medium/328303_img_e69f9795_6cb6_4649_bc33_b346e872e739.jpeg?v=14181079,,,,,2026-10-02T08:27:42Z,328303,2026-10-02,107/pwliseis-agora-katoikies
remax.gr,REMAX Properties Investment,https://www.remax.gr/property/328630-polisi-oikopedo-gia-katoikia-paiania,Οικόπεδο για κατοικία · Παιανία · Αθήνα - Ανατολικά Προάστια,sale,,35000.0,325.0,,,,"Παιανία, Αθήνα - Ανατολικά Προάστια",,,https://www.remax.gr/assets/media/properties/medium/328630_img_bda135e5_7a62_4dac_9296_5d6c096b0da3.jpeg?v=14201456,,,,,2026-10-02T08:27:42Z,328630,2026-10-02,104/pwliseis-agora-gi
remax.gr,REMAX En Oiko,https://www.remax.gr/property/328778-polisi-agrotemachio-korwpi,Αγροτεμάχιο · Κορωπί · Αθήνα - Ανατολικά Προάστια,sale,,450000.0,15000.0,,,,"Κορωπί, Αθήνα - Ανατολικά Προάστια",,,https://www.remax.gr/assets/media/properties/medium/328778_img_b441f15b_b7ad_4b4b_bb51_ca322399593e.jpeg?v=13696351,,,,,2026-10-02T08:27:42Z,328778,2026-10-02,104/pwliseis-agora-gi
remax.gr,REMAX En Oiko,https://www.remax.gr/property/329553-polisi-oikopedo-gia-katoikia-axarnes,Οικόπεδο για κατοικία · Αχαρνές · Αθήνα - Δυτικά Προάστια,sale,,50000.0,335.0,,,,"Αχαρνές, Αθήνα - Δυτικά Προάστια",,,https://www.remax.gr/assets/media/properties/medium/329553_img_bd48bfcb_f3eb_4eb4_81b6_21529be47ebe.jpeg?v=13696531,,,,,2026-10-02T08:27:42Z,329553,2026-10-02,103/pwliseis-agora-gi
remax.gr,REMAX En Oiko,https://www.remax.gr/property/329606-polisi-oikopedo-gia-katoikia-spata,Οικόπεδο για κατοικία · Σπάτα · Αθήνα - Ανατολικά Προάστια,sale,,148000.0,423.0,,,,"Σπάτα, Αθήνα - Ανατολικά Προάστια",,,https://www.remax.gr/assets/media/properties/medium/329606_img_32df1d22_d2ab_459d_aba0_3c30a9126ccd.jpeg?v=13695238,,,,,2026-10-02T08:27:42Z,329606,2026-10-02,104/pwliseis-agora-gi
remax.gr,REMAX Properties Investment 5,https://www.remax.gr/property/329725-enoikiasi-grafeio-axarnes,Γραφείο · Αχαρνές · Αθήνα - Δυτικά Προάστια,rent,,650.0,90.0,3,1ος,,"Αχαρνές, Αθήνα - Δυτικά Προάστια",,,https://www.remax.gr/assets/media/properties/medium/329725_img_ebd2dfd2_ac8e_4b56_8104_2eb34668e42a.jpeg?v=14188985,,,,,2026-10-02T08:27:42Z,329725,2026-10-02,103/enoikiaseis-epaggelmatika
remax.gr,REMAX En Oiko,https://www.remax.gr/property/329737-polisi-monokatoikia-brayrwna,Μονοκατοικία · Βραυρώνα · Υπόλοιπο Αττικής,sale,,365000.0,340.0,4,,,"Βραυρώνα, Υπόλοιπο Αττικής",,,https://www.remax.gr/assets/media/properties/medium/329737_750246d4774445de8f9a3cb9c1195298.jpeg?v=13696217,,,,,2026-10-02T08:27:42Z,329737,2026-10-02,107/pwliseis-agora-katoikies
remax.gr,REMAX Real Advisor,https://www.remax.gr/property/330546-polisi-biomichaniko-biotechniko-nea-iwnia,Βιομηχανικό/Βιοτεχνικό · Νέα Ιωνία · Αθήνα - Δυτικά Προάστια,sale,,2500000.0,1760.0,,,,"Νέα Ιωνία, Αθήνα - Δυτικά Προάστια",,,https://www.remax.gr/assets/media/properties/medium/330546_img_cb7136cc_dc02_4716_b10f_991bdc392276.jpeg?v=13984019,,,,,2026-10-02T08:27:42Z,330546,2026-10-02,103/pwliseis-agora-epaggelmatika
remax.gr,REMAX Cosmos,https://www.remax.gr/property/330597-polisi-oikopedo-gia-katoikia-gerakas,Οικόπεδο για κατοικία · Γέρακας · Αθήνα - Ανατολικά Προάστια,sale,,115000.0,185.0,,,,"Γέρακας, Αθήνα - Ανατολικά Προάστια",,,https://www.remax.gr/assets/media/properties/medium/330597_img_657a2d47_5a6b_4298_894c_9939ffb0328b.jpeg?v=14082654,,,,,2026-10-02T08:27:42Z,330597,2026-10-02,104/pwliseis-agora-gi
remax.gr,REMAX Properties Investment 5,https://www.remax.gr/property/331496-polisi-epaggelmatiko-ktirio-nea-iwnia,Eπαγγελματικό Kτήριο · Νέα Ιωνία · Αθήνα - Δυτικά Προάστια,sale,,1200000.0,660.0,,,,"Νέα Ιωνία, Αθήνα - Δυτικά Προάστια",,,https://www.remax.gr/assets/media/properties/medium/331496_img_391563b4_5e31_4725_b340_200e378ec554.jpeg?v=14193514,,,,,2026-10-02T08:27:42Z,331496,2026-10-02,103/pwliseis-agora-epaggelmatika
remax.gr,REMAX Properties Investment 5,https://www.remax.gr/property/331507-enoikiasi-epaggelmatiko-ktirio-nea-iwnia,Eπαγγελματικό Kτήριο · Νέα Ιωνία · Αθήνα - Δυτικά Προάστια,rent,,5000.0,660.0,,,,"Νέα Ιωνία, Αθήνα - Δυτικά Προάστια",,,https://www.remax.gr/assets/media/properties/medium/331507_img_baf15eae_bdcf_44b6_b4b0_bcb57df0ddb3.jpeg?v=14191941,,,,,2026-10-02T08:27:42Z,331507,2026-10-02,103/enoikiaseis-epaggelmatika
remax.gr,REMAX Properties Investment,https://www.remax.gr/property/332681-polisi-monokatoikia-nea-makrh,Μονοκατοικία · Νέα Μάκρη · Αθήνα - Ανατολικά Προάστια,sale,,160000.0,107.0,3,Ισόγειο,,"Νέα Μάκρη, Αθήνα - Ανατολικά Προάστια",,,https://www.remax.gr/assets/media/properties/medium/332681_img_5c99589c_d8ad_49bd_9f04_241957b05600.jpeg?v=14201211,,,,,2026-10-02T08:27:42Z,332681,2026-10-02,104/pwliseis-agora-katoikies
remax.gr,REMAX Properties Investment,https://www.remax.gr/property/332866-polisi-oikopedo-gia-katoikia-trigwno-lagoy,"Οικόπεδο για κατοικία · Τρίγωνο Λαγού · Παιανία, Αθήνα - Ανατολικά Προάστια",sale,,90000.0,260.0,,,,"Τρίγωνο Λαγού, Παιανία, Αθήνα - Ανατολικά Προάστια",,,https://www.remax.gr/assets/media/properties/medium/332866_b666cc443ae144d7b104ebe3f603ae37.jpeg?v=14201702,,,,,2026-10-02T08:27:42Z,332866,2026-10-02,104/pwliseis-agora-gi
remax.gr,REMAX Properties Investment,https://www.remax.gr/property/333228-polisi-oikopedo-gia-katoikia-sxinias,"Οικόπεδο για κατοικία · Σχινιάς · Μαραθώνας, Αθήνα - Ανατολικά Προάστια",sale,,75000.0,1348.0,,,,"Σχινιάς, Μαραθώνας, Αθήνα - Ανατολικά Προάστια",,,https://www.remax.gr/assets/media/properties/medium/333228_img_3b8918be_13d1_429f_95c5_49528a3e1468.jpeg?v=14202060,,,,,2026-10-02T08:27:42Z,333228,2026-10-02,104/pwliseis-agora-gi
remax.gr,REMAX Properties Investment,https://www.remax.gr/property/333229-polisi-oikopedo-gia-katoikia-sxinias,"Οικόπεδο για κατοικία · Σχινιάς · Μαραθώνας, Αθήνα - Ανατολικά Προάστια",sale,,80000.0,1051.0,,,,"Σχινιάς, Μαραθώνας, Αθήνα - Ανατολικά Προάστια",,,https://www.remax.gr/assets/media/properties/medium/333229_05c1395daddba6de2e617e812157cc61.jpeg?v=12842206,,,,,2026-10-02T08:27:42Z,333229,2026-10-02,104/pwliseis-agora-gi
remax.gr,REMAX En Oiko,https://www.remax.gr/property/333322-polisi-bila-pallhnh,Βίλα · Παλλήνη · Αθήνα - Ανατολικά Προάστια,sale,,1700000.0,1000.0,11,Ισόγειο,,"Παλλήνη, Αθήνα - Ανατολικά Προάστια",,,https://www.remax.gr/assets/media/properties/medium/333322_img_443bab62_f5d1_4a72_8b22_36c5af76e061.jpeg?v=13693818,,,,,2026-10-02T08:27:42Z,333322,2026-10-02,104/pwliseis-agora-katoikies
remax.gr,REMAX En Oiko,https://www.remax.gr/property/333943-polisi-oikopedo-gia-katoikia-dikastika,"Οικόπεδο για κατοικία · Δικαστικά · Μαραθώνας, Αθήνα - Ανατολικά Προάστια",sale,,150000.0,1030.0,,,,"Δικαστικά, Μαραθώνας, Αθήνα - Ανατολικά Προάστια",,,https://www.remax.gr/assets/media/properties/medium/333943_img_068fe42e_a434_41b1_a148_ecbc74855e4d.png?v=13696739,,,,,2026-10-02T08:27:42Z,333943,2026-10-02,104/pwliseis-agora-gi
remax.gr,REMAX Properties Investment 2,https://www.remax.gr/property/334806-enoikiasi-katastima-xaidari,Κατάστημα · Χαϊδάρι · Αθήνα - Δυτικά Προάστια,rent,,3500.0,160.0,,Ισόγειο,,"Χαϊδάρι, Αθήνα - Δυτικά Προάστια",,,https://www.remax.gr/assets/media/properties/medium/334806_img_8c86f1ed_6f58_4d8d_9ca9_2367ae07ffb4.jpeg?v=14182046,,,,,2026-10-02T08:27:42Z,334806,2026-10-02,103/enoikiaseis-epaggelmatika
remax.gr,REMAX Real Advisor,https://www.remax.gr/property/335069-polisi-diamerisma-anw-liosia,Διαμέρισμα · Άνω Λιόσια · Υπόλοιπο Αττικής,sale,,125000.0,65.0,2,2ος,,"Άνω Λιόσια, Υπόλοιπο Αττικής",,,https://www.remax.gr/assets/media/properties/medium/335069_da32437bb6284381b97308278d746d49.jpeg?v=13983680,,,,,2026-10-02T08:27:42Z,335069,2026-10-02,107/pwliseis-agora-katoikies
remax.gr,REMAX Porto,https://www.remax.gr/property/335630-polisi-monokatoikia-kentro,"Μονοκατοικία · Κέντρο · Μαρκόπουλο, Υπόλοιπο Αττικής",sale,,350000.0,155.0,2,Ισόγειο,,"Κέντρο, Μαρκόπουλο, Υπόλοιπο Αττικής",,,https://www.remax.gr/assets/media/properties/medium/335630_6_4032518.jpeg?v=11964243,,,,,2026-10-02T08:27:42Z,335630,2026-10-02,107/pwliseis-agora-katoikies
remax.gr,REMAX Properties Investment,https://www.remax.gr/property/336402-polisi-oikopedo-gia-epaggelmatiki-chrisi-agrileza,"Οικόπεδο για επαγγελματική χρήση · Αγριλέζα · Αχαρνές, Αθήνα - Δυτικά Προάστια",sale,,110000.0,579.0,,,,"Αγριλέζα, Αχαρνές, Αθήνα - Δυτικά Προάστια",,,https://www.remax.gr/assets/media/properties/medium/336402_img_9819e44f_20db_40b1_be8d_320cc61592d5.jpeg?v=14197622,,,,,2026-10-02T08:27:42Z,336402,2026-10-02,103/pwliseis-agora-gi
remax.gr,REMAX Properties Investment,https://www.remax.gr/property/336404-polisi-oikopedo-gia-katoikia-xaraygh,"Οικόπεδο για κατοικία · Χαραυγή · Αχαρνές, Αθήνα - Δυτικά Προάστια",sale,,100000.0,485.0,,,,"Χαραυγή, Αχαρνές, Αθήνα - Δυτικά Προάστια",,,https://www.remax.gr/assets/media/properties/medium/336404_img_5f9962c6_8d46_4aab_a154_ebd1f1fa8411.jpeg?v=14197594,,,,,2026-10-02T08:27:42Z,336404,2026-10-02,103/pwliseis-agora-gi
remax.gr,REMAX Properties Investment,https://www.remax.gr/property/336405-polisi-epaggelmatiko-ktirio-kentro-palaio-menidi,"Eπαγγελματικό Kτήριο · Κέντρο Παλαιό Μενίδι · Αχαρνές, Αθήνα - Δυτικά Προάστια",sale,,1150000.0,2210.0,,Ισόγειο,,"Κέντρο Παλαιό Μενίδι, Αχαρνές, Αθήνα - Δυτικά Προάστια",,,https://www.remax.gr/assets/media/properties/medium/336405_img_95898afa_68f3_46b9_bbb5_f9594538eb74.jpeg?v=14197692,,,,,2026-10-02T08:27:42Z,336405,2026-10-02,103/pwliseis-agora-epaggelmatika
remax.gr,REMAX Properties Investment,https://www.remax.gr/property/336406-polisi-oikopedo-gia-epaggelmatiki-chrisi-agia-anna,"Οικόπεδο για επαγγελματική χρήση · Αγία Άννα · Αχαρνές, Αθήνα - Δυτικά Προάστια",sale,,80000.0,206.0,,,,"Αγία Άννα, Αχαρνές, Αθήνα - Δυτικά Προάστια",,,https://www.remax.gr/assets/media/properties/medium/336406_img_cf8479ba_e323_4d5e_9ce5_410de0f33d45.jpeg?v=14197667,,,,,2026-10-02T08:27:42Z,336406,2026-10-02,103/pwliseis-agora-gi
remax.gr,REMAX Properties Investment,https://www.remax.gr/property/336415-polisi-oikopedo-gia-katoikia-8rakomakedones,"Οικόπεδο για κατοικία · Θρακομακεδόνες · Αχαρνές, Αθήνα - Δυτικά Προάστια",sale,,250000.0,1040.0,,,,"Θρακομακεδόνες, Αχαρνές, Αθήνα - Δυτικά Προάστια",,,https://www.remax.gr/assets/media/properties/medium/336415_img_6f0ef798_bb23_408b_93de_c06775b6186a.jpeg?v=14281824,,,,,2026-10-02T08:27:42Z,336415,2026-10-02,103/pwliseis-agora-gi
remax.gr,REMAX Properties Investment,https://www.remax.gr/property/336419-polisi-oikopedo-gia-katoikia-agia-anna,"Οικόπεδο για κατοικία · Αγία Άννα · Αχαρνές, Αθήνα - Δυτικά Προάστια",sale,,65000.0,170.0,,,,"Αγία Άννα, Αχαρνές, Αθήνα - Δυτικά Προάστια",,,https://www.remax.gr/assets/media/properties/medium/336419_img_7d514164_cac5_4cef_aa8d_933320fc4bbd.jpeg?v=14197630,,,,,2026-10-02T08:27:42Z,336419,2026-10-02,103/pwliseis-agora-gi
remax.gr,REMAX Fidelity Brokers,https://www.remax.gr/property/336884-polisi-oikopedo-gia-katoikia-panorama,"Οικόπεδο για κατοικία · Πανόραμα · Παλλήνη, Αθήνα - Ανατολικά Προάστια",sale,,300000.0,1365.0,,,,"Πανόραμα, Παλλήνη, Αθήνα - Ανατολικά Προάστια",,,https://www.remax.gr/assets/media/properties/medium/336884_3893_32471044.jpeg?v=13770419,,,,,2026-10-02T08:27:42Z,336884,2026-10-02,104/pwliseis-agora-gi
remax.gr,REMAX Real Advisor,https://www.remax.gr/property/337165-enoikiasi-epaggelmatiko-ktirio-nea-iwnia,Eπαγγελματικό Kτήριο · Νέα Ιωνία · Αθήνα - Δυτικά Προάστια,rent,,45000.0,6293.0,,4ος,,"Νέα Ιωνία, Αθήνα - Δυτικά Προάστια",,,https://www.remax.gr/assets/media/properties/medium/337165_09ef52b059024195873631d0a6ca8edf.jpeg?v=13976410,,,,,2026-10-02T08:27:42Z,337165,2026-10-02,103/enoikiaseis-epaggelmatika
remax.gr,REMAX Real Advisor,https://www.remax.gr/property/337778-polisi-epaggelmatiko-ktirio-mpoyrnazi,"Eπαγγελματικό Kτήριο · Μπουρνάζι · Περιστέρι, Αθήνα - Δυτικά Προάστια",sale,,2850000.0,2150.0,,Ισόγειο,,"Μπουρνάζι, Περιστέρι, Αθήνα - Δυτικά Προάστια",,,https://www.remax.gr/assets/media/properties/medium/337778_a6bcaa933c1749288d09a4be5d18d8b7.jpeg?v=13983585,,,,,2026-10-02T08:27:42Z,337778,2026-10-02,103/pwliseis-agora-epaggelmatika
remax.gr,REMAX Ergon,https://www.remax.gr/property/338156-polisi-oikopedo-gia-katoikia-nea-xaraygh,"Οικόπεδο για κατοικία · Νέα Χαραυγή · Καματερό, Αθήνα - Δυτικά Προάστια",sale,,80000.0,290.0,,,,"Νέα Χαραυγή, Καματερό, Αθήνα - Δυτικά Προάστια",,,https://www.remax.gr/assets/media/properties/medium/338156_f70859c431dd432bcd9c0a118a6a2e12.jpeg?v=11312122,,,,,2026-10-02T08:27:42Z,338156,2026-10-02,103/pwliseis-agora-gi
remax.gr,REMAX Porto,https://www.remax.gr/property/338165-polisi-diamerisma-porto-rafth,"Διαμέρισμα · Πόρτο Ράφτη · Μαρκόπουλο, Υπόλοιπο Αττικής",sale,,198000.0,73.0,2,2ος,,"Πόρτο Ράφτη, Μαρκόπουλο, Υπόλοιπο Αττικής",,,https://www.remax.gr/assets/media/properties/medium/338165_2_4072379.jpeg?v=11091902,,,,,2026-10-02T08:27:42Z,338165,2026-10-02,107/pwliseis-agora-katoikies
remax.gr,REMAX Properties Investment,https://www.remax.gr/property/338233-polisi-mezoneta-artemida-loytsa,Μεζονέτα · Αρτέμιδα (Λούτσα) · Αθήνα - Ανατολικά Προάστια,sale,,280000.0,116.0,2,Ισόγειο,,"Αρτέμιδα (Λούτσα), Αθήνα - Ανατολικά Προάστια",,,https://www.remax.gr/assets/media/properties/medium/338233_a8d8d211f020b231cebdac9b4795b037.jpeg?v=14103640,,,,,2026-10-02T08:27:42Z,338233,2026-10-02,104/pwliseis-agora-katoikies
remax.gr,REMAX Porto,https://www.remax.gr/property/338256-polisi-diamerisma-porto-rafth,"Διαμέρισμα · Πόρτο Ράφτη · Μαρκόπουλο, Υπόλοιπο Αττικής",sale,,210000.0,50.0,2,3ος,,"Πόρτο Ράφτη, Μαρκόπουλο, Υπόλοιπο Αττικής",,,https://www.remax.gr/assets/media/properties/medium/338256_3_4319637.jpeg?v=11237147,,,,,2026-10-02T08:27:42Z,338256,2026-10-02,107/pwliseis-agora-katoikies
remax.gr,REMAX Porto,https://www.remax.gr/property/338423-polisi-mezoneta-porto-rafth,"Μεζονέτα · Πόρτο Ράφτη · Μαρκόπουλο, Υπόλοιπο Αττικής",sale,,400000.0,200.0,3,2ος,,"Πόρτο Ράφτη, Μαρκόπουλο, Υπόλοιπο Αττικής",,,https://www.remax.gr/assets/media/properties/medium/338423_4_2644542.jpeg?v=10390184,,,,,2026-10-02T08:27:42Z,338423,2026-10-02,107/pwliseis-agora-katoikies
remax.gr,REMAX Properties Investment,https://www.remax.gr/property/338999-polisi-monokatoikia-spata,Μονοκατοικία · Σπάτα · Αθήνα - Ανατολικά Προάστια,sale,,470000.0,410.0,5,,,"Σπάτα, Αθήνα - Ανατολικά Προάστια",,,https://www.remax.gr/assets/media/properties/medium/338999_06da2fef011f477b8c037d451926fb16.jpeg?v=14199494,,,,,2026-10-02T08:27:42Z,338999,2026-10-02,104/pwliseis-agora-katoikies
remax.gr,REMAX Porto,https://www.remax.gr/property/339567-polisi-diamerisma-kentro,"Διαμέρισμα · Κέντρο · Μαρκόπουλο, Υπόλοιπο Αττικής",sale,,270000.0,90.0,2,3ος,,"Κέντρο, Μαρκόπουλο, Υπόλοιπο Αττικής",,,https://www.remax.gr/assets/media/properties/medium/339567_4_445897.jpeg?v=10563487,,,,,2026-10-02T08:27:42Z,339567,2026-10-02,107/pwliseis-agora-katoikies
remax.gr,REMAX En Oiko,https://www.remax.gr/property/339738-polisi-monokatoikia-pallhnh,Μονοκατοικία · Παλλήνη · Αθήνα - Ανατολικά Προάστια,sale,,480000.0,290.0,5,Ισόγειο,,"Παλλήνη, Αθήνα - Ανατολικά Προάστια",,,https://www.remax.gr/assets/media/properties/medium/339738_b755207698b443298e6b23e799aa0e8c.jpeg?v=13696715,,,,,2026-10-02T08:27:42Z,339738,2026-10-02,104/pwliseis-agora-katoikies
remax.gr,REMAX Lysis,https://www.remax.gr/property/339997-polisi-monokatoikia-agia-marina,"Μονοκατοικία · Αγία Μαρίνα · Κορωπί, Αθήνα - Ανατολικά Προάστια",sale,,870000.0,345.0,4,Ισόγειο,,"Αγία Μαρίνα, Κορωπί, Αθήνα - Ανατολικά Προάστια",,,https://www.remax.gr/assets/media/properties/medium/339997_4_2558612.jpeg?v=10463280,,,,,2026-10-02T08:27:42Z,339997,2026-10-02,104/pwliseis-agora-katoikies
remax.gr,REMAX En Oiko,https://www.remax.gr/property/340046-enoikiasi-apothiki-agioi-anargyroi,Αποθήκη · Αγιοι Ανάργυροι · Αθήνα - Δυτικά Προάστια,rent,,300.0,100.0,1,Υπόγειο,,"Αγιοι Ανάργυροι, Αθήνα - Δυτικά Προάστια",,,https://www.remax.gr/assets/media/properties/medium/340046_img_9fe48c34_adad_4a2f_bbea_5c8e328203f3.jpeg?v=13691815,,,,,2026-10-02T08:27:42Z,340046,2026-10-02,103/enoikiaseis-epaggelmatika
remax.gr,REMAX Properties Investment,https://www.remax.gr/property/340304-polisi-oikopedo-gia-katoikia-paiania,Οικόπεδο για κατοικία · Παιανία · Αθήνα - Ανατολικά Προάστια,sale,,1300000.0,3700.0,,,,"Παιανία, Αθήνα - Ανατολικά Προάστια",,,https://www.remax.gr/assets/media/properties/medium/340304_7d3c7147245a9041e4492ea1047e92ac.png?v=14138450,,,,,2026-10-02T08:27:42Z,340304,2026-10-02,104/pwliseis-agora-gi
remax.gr,REMAX Optimum,https://www.remax.gr/property/340378-enoikiasi-katastima-paiania,Κατάστημα · Παιανία · Αθήνα - Ανατολικά Προάστια,rent,,450.0,67.0,1,,,"Παιανία, Αθήνα - Ανατολικά Προάστια",,,https://www.remax.gr/assets/media/properties/medium/340378_6704edd829e9e1728376280.jpeg?v=10495894,,,,,2026-10-02T08:27:42Z,340378,2026-10-02,104/enoikiaseis-epaggelmatika
remax.gr,REMAX Plus,https://www.remax.gr/property/340593-polisi-oikopedo-gia-katoikia-korwpi,Οικόπεδο για κατοικία · Κορωπί · Αθήνα - Ανατολικά Προάστια,sale,,1100000.0,30000.0,,,,"Κορωπί, Αθήνα - Ανατολικά Προάστια",,,https://www.remax.gr/assets/media/properties/medium/340593_17ea30474fdea37d6ddb0ef794bc3ebc.jpeg?v=10510124,,,,,2026-10-02T08:27:42Z,340593,2026-10-02,104/pwliseis-agora-gi
remax.gr,REMAX Properties Investment,https://www.remax.gr/property/340796-polisi-monokatoikia-anthoysa,Μονοκατοικία · Ανθούσα · Αθήνα - Ανατολικά Προάστια,sale,,520000.0,230.0,4,Ισόγειο,,"Ανθούσα, Αθήνα - Ανατολικά Προάστια",,,https://www.remax.gr/assets/media/properties/medium/340796_f80e2389ce18432c89bbc390ac4804e7.jpeg?v=14197321,,,,,2026-10-02T08:27:42Z,340796,2026-10-02,104/pwliseis-agora-katoikies
remax.gr,REMAX Properties Investment 5,https://www.remax.gr/property/340964-polisi-oikopedo-gia-epaggelmatiki-chrisi-kamatero,Οικόπεδο για επαγγελματική χρήση · Καματερό · Αθήνα - Δυτικά Προάστια,sale,,195000.0,400.0,,,,"Καματερό, Αθήνα - Δυτικά Προάστια",,,https://www.remax.gr/assets/media/properties/medium/340964_48529304f11b4af2b7485b410a557b7c.jpeg?v=14187656,,,,,2026-10-02T08:27:42Z,340964,2026-10-02,103/pwliseis-agora-gi
remax.gr,REMAX Real Advisor,https://www.remax.gr/property/341022-enoikiasi-grafeio-kamatero,Γραφείο · Καματερό · Αθήνα - Δυτικά Προάστια,rent,,750.0,75.0,,1ος,,"Καματερό, Αθήνα - Δυτικά Προάστια",,,https://www.remax.gr/assets/media/properties/medium/341022_53dd0d91eef141bda1188232ad11132a.jpeg?v=13984300,,,,,2026-10-02T08:27:42Z,341022,2026-10-02,103/enoikiaseis-epaggelmatika
remax.gr,REMAX En Oiko,https://www.remax.gr/property/341105-enoikiasi-agrotemachio-korwpi,Αγροτεμάχιο · Κορωπί · Αθήνα - Ανατολικά Προάστια,rent,,500.0,1000.0,,,,"Κορωπί, Αθήνα - Ανατολικά Προάστια",,,https://www.remax.gr/assets/media/properties/medium/341105_860cd5202f10428baa2b852311ec7c3d.jpeg?v=13696801,,,,,2026-10-02T08:27:42Z,341105,2026-10-02,104/enoikiaseis-gi
remax.gr,REMAX Real Advisor,https://www.remax.gr/property/341205-enoikiasi-katastima-kamatero,Κατάστημα · Καματερό · Αθήνα - Δυτικά Προάστια,rent,,700.0,65.0,,Ισόγειο,,"Καματερό, Αθήνα - Δυτικά Προάστια",,,https://www.remax.gr/assets/media/properties/medium/341205_e44b910303f2434a81dd7dd3fea34c33.jpeg?v=13984305,,,,,2026-10-02T08:27:42Z,341205,2026-10-02,103/enoikiaseis-epaggelmatika
remax.gr,REMAX Porto,https://www.remax.gr/property/342525-polisi-monokatoikia-porto-rafth,"Μονοκατοικία · Πόρτο Ράφτη · Μαρκόπουλο, Υπόλοιπο Αττικής",sale,,230000.0,212.0,,Ισόγειο,,"Πόρτο Ράφτη, Μαρκόπουλο, Υπόλοιπο Αττικής",,,https://www.remax.gr/assets/media/properties/medium/342525_2_4551300.jpeg?v=10674395,,,,,2026-10-02T08:27:42Z,342525,2026-10-02,107/pwliseis-agora-katoikies
remax.gr,REMAX Properties Investment,https://www.remax.gr/property/342762-polisi-oikopedo-gia-epaggelmatiki-chrisi-korwpi,Οικόπεδο για επαγγελματική χρήση · Κορωπί · Αθήνα - Ανατολικά Προάστια,sale,,90000.0,2067.0,,,,"Κορωπί, Αθήνα - Ανατολικά Προάστια",,,https://www.remax.gr/assets/media/properties/medium/342762_e3afc560915e4f39a011f9e91bc3dd26.jpeg?v=14201631,,,,,2026-10-02T08:27:42Z,342762,2026-10-02,104/pwliseis-agora-gi
remax.gr,REMAX Real Advisor,https://www.remax.gr/property/342943-polisi-biomichaniko-biotechniko-nea-filadelfeia,Βιομηχανικό/Βιοτεχνικό · Νέα Φιλαδέλφεια · Αθήνα - Δυτικά Προάστια,sale,,680000.0,313.0,,Ισόγειο,,"Νέα Φιλαδέλφεια, Αθήνα - Δυτικά Προάστια",,,https://www.remax.gr/assets/media/properties/medium/342943_img_e2bf3e7c_4021_43a1_a508_1f5289f6ea31.jpeg?v=13983665,,,,,2026-10-02T08:27:42Z,342943,2026-10-02,103/pwliseis-agora-epaggelmatika
remax.gr,REMAX Properties Investment,https://www.remax.gr/property/342979-polisi-epaggelmatiko-ktirio-glyka-nera,Eπαγγελματικό Kτήριο · Γλυκά Νερά · Αθήνα - Ανατολικά Προάστια,sale,,2500000.0,713.0,5,Ισόγειο,,"Γλυκά Νερά, Αθήνα - Ανατολικά Προάστια",,,https://www.remax.gr/assets/media/properties/medium/342979_0ea3233785c3ec0bba166f93ab861bd0.jpeg?v=12853280,,,,,2026-10-02T08:27:42Z,342979,2026-10-02,104/pwliseis-agora-epaggelmatika
remax.gr,REMAX Properties Investment,https://www.remax.gr/property/343273-polisi-oikopedo-gia-katoikia-paiania,Οικόπεδο για κατοικία · Παιανία · Αθήνα - Ανατολικά Προάστια,sale,,120000.0,1254.0,,,,"Παιανία, Αθήνα - Ανατολικά Προάστια",,,https://www.remax.gr/assets/media/properties/medium/343273_d78372fd04ebfbf445da85d8816ca12d.jpeg?v=14011819,,,,,2026-10-02T08:27:42Z,343273,2026-10-02,104/pwliseis-agora-gi
remax.gr,REMAX Porto,https://www.remax.gr/property/343450-polisi-mezoneta-porto-rafth,"Μεζονέτα · Πόρτο Ράφτη · Μαρκόπουλο, Υπόλοιπο Αττικής",sale,,400000.0,130.0,,Ισόγειο,,"Πόρτο Ράφτη, Μαρκόπουλο, Υπόλοιπο Αττικής",,,https://www.remax.gr/assets/media/properties/medium/343450_3_4608452.jpeg?v=12517582,,,,,2026-10-02T08:27:42Z,343450,2026-10-02,107/pwliseis-agora-katoikies
remax.gr,REMAX Properties Investment,https://www.remax.gr/property/343559-polisi-agrotemachio-paiania-diafora,"Αγροτεμάχιο · Παιανία-Διάφορα · Παιανία, Αθήνα - Ανατολικά Προάστια",sale,,52500.0,870.0,,,,"Παιανία-Διάφορα, Παιανία, Αθήνα - Ανατολικά Προάστια",,,https://www.remax.gr/assets/media/properties/medium/343559_f3ce31be6057448389d3ca417714bc81.jpeg?v=14201532,,,,,2026-10-02T08:27:42Z,343559,2026-10-02,104/pwliseis-agora-gi
remax.gr,REMAX Lysis,https://www.remax.gr/property/343648-polisi-diamerisma-kentro,"Διαμέρισμα · Κέντρο · Γέρακας, Αθήνα - Ανατολικά Προάστια",sale,,520645.0,135.0,3,Ισόγειο,,"Κέντρο, Γέρακας, Αθήνα - Ανατολικά Προάστια",,,https://www.remax.gr/assets/media/properties/medium/343648_8_32895425.jpeg?v=10736215,,,,,2026-10-02T08:27:42Z,343648,2026-10-02,104/pwliseis-agora-katoikies
remax.gr,REMAX Real Advisor,https://www.remax.gr/property/343815-polisi-oikopedo-gia-epaggelmatiki-chrisi-kakkabas,"Οικόπεδο για επαγγελματική χρήση · Κάκκαβας · Νέα Ιωνία, Αθήνα - Δυτικά Προάστια",sale,,425000.0,330.0,,,,"Κάκκαβας, Νέα Ιωνία, Αθήνα - Δυτικά Προάστια",,,https://www.remax.gr/assets/media/properties/medium/343815_d63f424ccadb4ed6841b306da825297d.png?v=13976332,,,,,2026-10-02T08:27:42Z,343815,2026-10-02,103/pwliseis-agora-gi
remax.gr,REMAX Lysis,https://www.remax.gr/property/343920-polisi-oikopedo-gia-katoikia-kantza,"Οικόπεδο για κατοικία · Κάντζα · Παλλήνη, Αθήνα - Ανατολικά Προάστια",sale,,450000.0,663.0,,,,"Κάντζα, Παλλήνη, Αθήνα - Ανατολικά Προάστια",,,https://www.remax.gr/assets/media/properties/medium/343920_25_32916328.jpeg?v=10747297,,,,,2026-10-02T08:27:42Z,343920,2026-10-02,104/pwliseis-agora-gi
remax.gr,REMAX Properties Investment,https://www.remax.gr/property/344401-polisi-monokatoikia-artemida-loytsa,Μονοκατοικία · Αρτέμιδα (Λούτσα) · Αθήνα - Ανατολικά Προάστια,sale,,110000.0,78.0,2,Ισόγειο,,"Αρτέμιδα (Λούτσα), Αθήνα - Ανατολικά Προάστια",,,https://www.remax.gr/assets/media/properties/medium/344401_a56890c59c11423abfdf6fc3689a2d2f.jpeg?v=14199646,,,,,2026-10-02T08:27:42Z,344401,2026-10-02,104/pwliseis-agora-katoikies
remax.gr,REMAX Evolution,https://www.remax.gr/property/344595-polisi-oikopedo-gia-katoikia-lofos-aksiwmatikwn,"Οικόπεδο για κατοικία · Λόφος Αξιωματικών · Περιστέρι, Αθήνα - Δυτικά Προάστια",sale,,129000.0,140.0,,,,"Λόφος Αξιωματικών, Περιστέρι, Αθήνα - Δυτικά Προάστια",,,https://www.remax.gr/assets/media/properties/medium/344595_2870_9135926.jpeg?v=10783119,,,,,2026-10-02T08:27:42Z,344595,2026-10-02,103/pwliseis-agora-gi
remax.gr,REMAX Evolution,https://www.remax.gr/property/344943-polisi-diamerisma-lagonhsi,"Διαμέρισμα · Λαγονήσι · Καλύβια Θορικού, Υπόλοιπο Αττικής",sale,,320000.0,151.0,2,Ισόγειο,,"Λαγονήσι, Καλύβια Θορικού, Υπόλοιπο Αττικής",,,https://www.remax.gr/assets/media/properties/medium/344943_3499_9151129.jpeg?v=10791695,,,,,2026-10-02T08:27:42Z,344943,2026-10-02,107/pwliseis-agora-katoikies
remax.gr,REMAX Real Advisor,https://www.remax.gr/property/345575-polisi-biomichaniko-biotechniko-peristeri,Βιομηχανικό/Βιοτεχνικό · Περιστέρι · Αθήνα - Δυτικά Προάστια,sale,,550000.0,507.0,,1ος,,"Περιστέρι, Αθήνα - Δυτικά Προάστια",,,https://www.remax.gr/assets/media/properties/medium/345575_b91cb779d70444e5bb2ef463f60c287b.png?v=13979748,,,,,2026-10-02T08:27:42Z,345575,2026-10-02,103/pwliseis-agora-epaggelmatika
remax.gr,REMAX Plus,https://www.remax.gr/property/346113-polisi-oikopedo-gia-katoikia-agios-dhmhtrios,"Οικόπεδο για κατοικία · Άγιος Δημήτριος · Κορωπί, Αθήνα - Ανατολικά Προάστια",sale,,500000.0,640.0,,,,"Άγιος Δημήτριος, Κορωπί, Αθήνα - Ανατολικά Προάστια",,,https://www.remax.gr/assets/media/properties/medium/346113_a2bd14d5c3ca5f5f978765531f27adf0.jpeg?v=10836826,,,,,2026-10-02T08:27:42Z,346113,2026-10-02,104/pwliseis-agora-gi
remax.gr,REMAX Real Advisor,https://www.remax.gr/property/346176-polisi-oikopedo-gia-katoikia-axarnes,Οικόπεδο για κατοικία · Αχαρνές · Αθήνα - Δυτικά Προάστια,sale,,360000.0,1000.0,,,,"Αχαρνές, Αθήνα - Δυτικά Προάστια",,,https://www.remax.gr/assets/media/properties/medium/346176_0c73dda84a1d47638cfdc97e9438f20c.png?v=13979846,,,,,2026-10-02T08:27:42Z,346176,2026-10-02,103/pwliseis-agora-gi
remax.gr,REMAX Central,https://www.remax.gr/property/346234-polisi-monokatoikia-neos-boytzas,"Μονοκατοικία · Νέος Βουτζάς · Νέα Μάκρη, Αθήνα - Ανατολικά Προάστια",sale,,330000.0,538.0,,Ισόγειο,,"Νέος Βουτζάς, Νέα Μάκρη, Αθήνα - Ανατολικά Προάστια",,,https://www.remax.gr/assets/media/properties/medium/346234_793bc90b9d184580a67f62772a271a19.jpeg?v=13932832,,,,,2026-10-02T08:27:42Z,346234,2026-10-02,104/pwliseis-agora-katoikies
remax.gr,REMAX Lysis,https://www.remax.gr/property/346386-polisi-mezoneta-kantza,"Μεζονέτα · Κάντζα · Παλλήνη, Αθήνα - Ανατολικά Προάστια",sale,,551000.0,145.0,3,2ος,,"Κάντζα, Παλλήνη, Αθήνα - Ανατολικά Προάστια",,,https://www.remax.gr/assets/media/properties/medium/346386_25_33252371.jpeg?v=10848901,,,,,2026-10-02T08:27:42Z,346386,2026-10-02,104/pwliseis-agora-katoikies
remax.gr,REMAX Lysis,https://www.remax.gr/property/346387-polisi-mezoneta-kantza,"Μεζονέτα · Κάντζα · Παλλήνη, Αθήνα - Ανατολικά Προάστια",sale,,400000.0,114.0,3,2ος,,"Κάντζα, Παλλήνη, Αθήνα - Ανατολικά Προάστια",,,https://www.remax.gr/assets/media/properties/medium/346387_25_33248735.jpeg?v=10848907,,,,,2026-10-02T08:27:42Z,346387,2026-10-02,104/pwliseis-agora-katoikies
remax.gr,REMAX Lysis,https://www.remax.gr/property/346388-polisi-diamerisma-kantza,"Διαμέρισμα · Κάντζα · Παλλήνη, Αθήνα - Ανατολικά Προάστια",sale,,340000.0,91.0,2,1ος,,"Κάντζα, Παλλήνη, Αθήνα - Ανατολικά Προάστια",,,https://www.remax.gr/assets/media/properties/medium/346388_25_33235083.jpeg?v=10848913,,,,,2026-10-02T08:27:42Z,346388,2026-10-02,104/pwliseis-agora-katoikies
remax.gr,REMAX Lysis,https://www.remax.gr/property/346390-polisi-mezoneta-kantza,"Μεζονέτα · Κάντζα · Παλλήνη, Αθήνα - Ανατολικά Προάστια",sale,,480000.0,122.0,3,Ισόγειο,,"Κάντζα, Παλλήνη, Αθήνα - Ανατολικά Προάστια",,,https://www.remax.gr/assets/media/properties/medium/346390_25_33216351.jpeg?v=10848923,,,,,2026-10-02T08:27:42Z,346390,2026-10-02,104/pwliseis-agora-katoikies
remax.gr,REMAX Lysis,https://www.remax.gr/property/346393-polisi-mezoneta-kantza,"Μεζονέτα · Κάντζα · Παλλήνη, Αθήνα - Ανατολικά Προάστια",sale,,580000.0,129.0,3,Ισόγειο,,"Κάντζα, Παλλήνη, Αθήνα - Ανατολικά Προάστια",,,https://www.remax.gr/assets/media/properties/medium/346393_25_3318353.jpeg?v=10848952,,,,,2026-10-02T08:27:42Z,346393,2026-10-02,104/pwliseis-agora-katoikies
remax.gr,REMAX Properties Investment,https://www.remax.gr/property/346466-polisi-oikopedo-gia-katoikia-agia-anna,"Οικόπεδο για κατοικία · Αγία Άννα · Αχαρνές, Αθήνα - Δυτικά Προάστια",sale,,90000.0,236.0,,,,"Αγία Άννα, Αχαρνές, Αθήνα - Δυτικά Προάστια",,,https://www.remax.gr/assets/media/properties/medium/346466_img_d9216dc6_3b53_461b_90f4_4272d9cc58ed.jpeg?v=14197626,,,,,2026-10-02T08:27:42Z,346466,2026-10-02,103/pwliseis-agora-gi
remax.gr,REMAX Optimum,https://www.remax.gr/property/346703-polisi-oikopedo-gia-katoikia-nea-zwh,"Οικόπεδο για κατοικία · Νέα Ζωή · Περιστέρι, Αθήνα - Δυτικά Προάστια",sale,,270000.0,232.0,,,,"Νέα Ζωή, Περιστέρι, Αθήνα - Δυτικά Προάστια",,,https://www.remax.gr/assets/media/properties/medium/346703_674da354a46ba1733141332.jpeg?v=10868170,,,,,2026-10-02T08:27:42Z,346703,2026-10-02,103/pwliseis-agora-gi
remax.gr,REMAX En Oiko,https://www.remax.gr/property/346824-polisi-oikopedo-gia-katoikia-dafni,"Οικόπεδο για κατοικία · Δαφνί · Χαϊδάρι, Αθήνα - Δυτικά Προάστια",sale,,250000.0,315.0,,,,"Δαφνί, Χαϊδάρι, Αθήνα - Δυτικά Προάστια",,,https://www.remax.gr/assets/media/properties/medium/346824_47821c0ba3d8475a9702df19711cf821.jpeg?v=13696671,,,,,2026-10-02T08:27:42Z,346824,2026-10-02,103/pwliseis-agora-gi
remax.gr,REMAX En Oiko,https://www.remax.gr/property/346840-polisi-oikopedo-gia-katoikia-nea-makrh,Οικόπεδο για κατοικία · Νέα Μάκρη · Αθήνα - Ανατολικά Προάστια,sale,,240000.0,1250.0,,,,"Νέα Μάκρη, Αθήνα - Ανατολικά Προάστια",,,https://www.remax.gr/assets/media/properties/medium/346840_d3ed1e80cfb14b309d92085c3c0304b4.jpeg?v=13696617,,,,,2026-10-02T08:27:42Z,346840,2026-10-02,104/pwliseis-agora-gi
remax.gr,REMAX En Oiko,https://www.remax.gr/property/346844-polisi-oikopedo-gia-katoikia-sxinias,"Οικόπεδο για κατοικία · Σχινιάς · Μαραθώνας, Αθήνα - Ανατολικά Προάστια",sale,,72000.0,702.0,,,,"Σχινιάς, Μαραθώνας, Αθήνα - Ανατολικά Προάστια",,,https://www.remax.gr/assets/media/properties/medium/346844_7bdc01d89fdf4888ae7c4f0abff46eb0.jpeg?v=13696464,,,,,2026-10-02T08:27:42Z,346844,2026-10-02,104/pwliseis-agora-gi
remax.gr,REMAX Real Advisor,https://www.remax.gr/property/346966-polisi-oikopedo-gia-katoikia-axarnes,Οικόπεδο για κατοικία · Αχαρνές · Αθήνα - Δυτικά Προάστια,sale,,550000.0,2500.0,,,,"Αχαρνές, Αθήνα - Δυτικά Προάστια",,,https://www.remax.gr/assets/media/properties/medium/346966_4460fe7d6c214263b22049a3399b4741.png?v=13983884,,,,,2026-10-02T08:27:42Z,346966,2026-10-02,103/pwliseis-agora-gi
remax.gr,REMAX Real Advisor,https://www.remax.gr/property/347046-polisi-oikopedo-gia-katoikia-kamatero,Οικόπεδο για κατοικία · Καματερό · Αθήνα - Δυτικά Προάστια,sale,,200000.0,442.0,,,,"Καματερό, Αθήνα - Δυτικά Προάστια",,,https://www.remax.gr/assets/media/properties/medium/347046_1bac63862d7c49dc8c857883fc71d768.png?v=13983857,,,,,2026-10-02T08:27:42Z,347046,2026-10-02,103/pwliseis-agora-gi
remax.gr,REMAX Zed,https://www.remax.gr/property/347173-polisi-oikopedo-gia-katoikia-kentro,"Οικόπεδο για κατοικία · Κέντρο · Γέρακας, Αθήνα - Ανατολικά Προάστια",sale,,240000.0,340.0,,,,"Κέντρο, Γέρακας, Αθήνα - Ανατολικά Προάστια",,,https://www.remax.gr/assets/media/properties/medium/347173_21_20304704.jpeg?v=10902639,,,,,2026-10-02T08:27:42Z,347173,2026-10-02,104/pwliseis-agora-gi
remax.gr,REMAX En Oiko,https://www.remax.gr/property/347594-enoikiasi-apothiki-agioi-anargyroi,Αποθήκη · Αγιοι Ανάργυροι · Αθήνα - Δυτικά Προάστια,rent,,300.0,47.0,,Ισόγειο,,"Αγιοι Ανάργυροι, Αθήνα - Δυτικά Προάστια",,,https://www.remax.gr/assets/media/properties/medium/347594_247efc3c178d44f2b8cfeb1e618b9be0.jpeg?v=13696571,,,,,2026-10-02T08:27:42Z,347594,2026-10-02,103/enoikiaseis-epaggelmatika
remax.gr,REMAX En Oiko,https://www.remax.gr/property/347595-enoikiasi-katastima-agioi-anargyroi,Κατάστημα · Αγιοι Ανάργυροι · Αθήνα - Δυτικά Προάστια,rent,,300.0,47.0,,Ισόγειο,,"Αγιοι Ανάργυροι, Αθήνα - Δυτικά Προάστια",,,https://www.remax.gr/assets/media/properties/medium/347595_9ed5a34b71d648c78957224b913bb31f.jpeg?v=13696639,,,,,2026-10-02T08:27:42Z,347595,2026-10-02,103/enoikiaseis-epaggelmatika
remax.gr,REMAX En Oiko,https://www.remax.gr/property/347679-polisi-oikopedo-gia-katoikia-artemida-loytsa,Οικόπεδο για κατοικία · Αρτέμιδα (Λούτσα) · Αθήνα - Ανατολικά Προάστια,sale,,60000.0,243.0,,,,"Αρτέμιδα (Λούτσα), Αθήνα - Ανατολικά Προάστια",,,https://www.remax.gr/assets/media/properties/medium/347679_img_b9bef8b9_db17_49bf_ab6c_5b531eee0d47.jpeg?v=13695103,,,,,2026-10-02T08:27:42Z,347679,2026-10-02,104/pwliseis-agora-gi
remax.gr,REMAX Real Advisor,https://www.remax.gr/property/347911-polisi-katastima-axarnes,Κατάστημα · Αχαρνές · Αθήνα - Δυτικά Προάστια,sale,,45000.0,40.0,,Ισόγειο,,"Αχαρνές, Αθήνα - Δυτικά Προάστια",,,https://www.remax.gr/assets/media/properties/medium/347911_9a6d82459070434ba00740e3e9177a4c.jpeg?v=13983826,,,,,2026-10-02T08:27:42Z,347911,2026-10-02,103/pwliseis-agora-epaggelmatika
remax.gr,REMAX Real Advisor,https://www.remax.gr/property/347912-polisi-katastima-axarnes,Κατάστημα · Αχαρνές · Αθήνα - Δυτικά Προάστια,sale,,170000.0,325.0,,Ισόγειο,,"Αχαρνές, Αθήνα - Δυτικά Προάστια",,,https://www.remax.gr/assets/media/properties/medium/347912_43e1025d277a45e28eded220f0d766a3.jpeg?v=13980997,,,,,2026-10-02T08:27:42Z,347912,2026-10-02,103/pwliseis-agora-epaggelmatika
remax.gr,REMAX Real Advisor,https://www.remax.gr/property/347913-enoikiasi-katastima-axarnes,Κατάστημα · Αχαρνές · Αθήνα - Δυτικά Προάστια,rent,,850.0,325.0,,Ισόγειο,,"Αχαρνές, Αθήνα - Δυτικά Προάστια",,,https://www.remax.gr/assets/media/properties/medium/347913_c453d73634ec48a7b9c0fc0e786b5ab2.jpeg?v=13980995,,,,,2026-10-02T08:27:42Z,347913,2026-10-02,103/enoikiaseis-epaggelmatika
remax.gr,REMAX Real Advisor,https://www.remax.gr/property/347914-polisi-oikopedo-gia-epaggelmatiki-chrisi-lathea,"Οικόπεδο για επαγγελματική χρήση · Λαθέα · Αχαρνές, Αθήνα - Δυτικά Προάστια",sale,,850000.0,987.0,,,,"Λαθέα, Αχαρνές, Αθήνα - Δυτικά Προάστια",,,https://www.remax.gr/assets/media/properties/medium/347914_e2cc2786e1e74ec79c9272252f69f3ab.jpeg?v=13983824,,,,,2026-10-02T08:27:42Z,347914,2026-10-02,103/pwliseis-agora-gi
remax.gr,REMAX Real Advisor,https://www.remax.gr/property/347968-polisi-polukatoikia-anw-liosia,Πολυκατοικία · Άνω Λιόσια · Υπόλοιπο Αττικής,sale,,190000.0,360.0,,Ισόγειο,,"Άνω Λιόσια, Υπόλοιπο Αττικής",,,https://www.remax.gr/assets/media/properties/medium/347968_671c9cf9958d4a9fbecb9d0565fa89d1.jpeg?v=14206485,,,,,2026-10-02T08:27:42Z,347968,2026-10-02,107/pwliseis-agora-katoikies
remax.gr,REMAX Properties Investment,https://www.remax.gr/property/348531-polisi-oikopedo-gia-katoikia-spata,Οικόπεδο για κατοικία · Σπάτα · Αθήνα - Ανατολικά Προάστια,sale,,150000.0,1799.0,,,,"Σπάτα, Αθήνα - Ανατολικά Προάστια",,,https://www.remax.gr/assets/media/properties/medium/348531_6bb5468a780ac84b4e73aadd10969ff8.jpeg?v=14133896,,,,,2026-10-02T08:27:42Z,348531,2026-10-02,104/pwliseis-agora-gi
remax.gr,REMAX Central,https://www.remax.gr/property/348629-polisi-epaggelmatiko-ktirio-xrysallida,"Eπαγγελματικό Kτήριο · Χρυσαλλίδα · Νέα Χαλκηδόνα, Αθήνα - Δυτικά Προάστια",sale,,550000.0,440.0,,Ισόγειο,,"Χρυσαλλίδα, Νέα Χαλκηδόνα, Αθήνα - Δυτικά Προάστια",,,https://www.remax.gr/assets/media/properties/medium/348629_f248e9fae00c4d869edeb3f6768ded99.png?v=13939311,,,,,2026-10-02T08:27:42Z,348629,2026-10-02,103/pwliseis-agora-epaggelmatika
remax.gr,REMAX Evolution,https://www.remax.gr/property/348981-enoikiasi-agrotemachio-kitsi,"Αγροτεμάχιο · Κίτσι · Κορωπί, Αθήνα - Ανατολικά Προάστια",rent,,1300.0,4000.0,,,,"Κίτσι, Κορωπί, Αθήνα - Ανατολικά Προάστια",,,https://www.remax.gr/assets/media/properties/medium/348981_3499_9227640.jpeg?v=11020459,,,,,2026-10-02T08:27:42Z,348981,2026-10-02,104/enoikiaseis-gi
remax.gr,REMAX Properties Investment,https://www.remax.gr/property/350214-polisi-oikopedo-gia-katoikia-kentro,"Οικόπεδο για κατοικία · Κέντρο · Κορωπί, Αθήνα - Ανατολικά Προάστια",sale,,120000.0,330.0,,,,"Κέντρο, Κορωπί, Αθήνα - Ανατολικά Προάστια",,,https://www.remax.gr/assets/media/properties/medium/350214_9a3a8e1c13334896956438eb54ccad67.jpeg?v=14201868,,,,,2026-10-02T08:27:42Z,350214,2026-10-02,104/pwliseis-agora-gi
remax.gr,REMAX Real Advisor,https://www.remax.gr/property/350346-polisi-katastima-peristeri,Κατάστημα · Περιστέρι · Αθήνα - Δυτικά Προάστια,sale,,300000.0,200.0,,,,"Περιστέρι, Αθήνα - Δυτικά Προάστια",,,https://www.remax.gr/assets/media/properties/medium/350346_6f630ad841c5453b8f152c4775be4bec.jpeg?v=13983722,,,,,2026-10-02T08:27:42Z,350346,2026-10-02,103/pwliseis-agora-epaggelmatika
remax.gr,REMAX Real Advisor,https://www.remax.gr/property/351224-polisi-apothiki-xaraygh,"Αποθήκη · Χαραυγή · Αχαρνές, Αθήνα - Δυτικά Προάστια",sale,,85000.0,133.0,1,Ημιυπόγειο,,"Χαραυγή, Αχαρνές, Αθήνα - Δυτικά Προάστια",,,https://www.remax.gr/assets/media/properties/medium/351224_4b055fb7f60a40d6b30d62b17fb2bcb7.jpeg?v=13983783,,,,,2026-10-02T08:27:42Z,351224,2026-10-02,103/pwliseis-agora-epaggelmatika
remax.gr,REMAX Real Advisor,https://www.remax.gr/property/351225-polisi-grafeio-xaraygh,"Γραφείο · Χαραυγή · Αχαρνές, Αθήνα - Δυτικά Προάστια",sale,,154000.0,100.0,4,2ος,,"Χαραυγή, Αχαρνές, Αθήνα - Δυτικά Προάστια",,,https://www.remax.gr/assets/media/properties/medium/351225_9fa953499ae246f38e7c9a3f6e3a2525.jpeg?v=13983704,,,,,2026-10-02T08:27:42Z,351225,2026-10-02,103/pwliseis-agora-epaggelmatika
remax.gr,REMAX Real Advisor,https://www.remax.gr/property/351226-polisi-grafeio-xaraygh,"Γραφείο · Χαραυγή · Αχαρνές, Αθήνα - Δυτικά Προάστια",sale,,85000.0,58.0,,2ος,,"Χαραυγή, Αχαρνές, Αθήνα - Δυτικά Προάστια",,,https://www.remax.gr/assets/media/properties/medium/351226_e80bab096a6b4e9b82d46ab9fd5e10da.jpeg?v=13983778,,,,,2026-10-02T08:27:42Z,351226,2026-10-02,103/pwliseis-agora-epaggelmatika
remax.gr,REMAX Real Advisor,https://www.remax.gr/property/351227-polisi-grafeio-xaraygh,"Γραφείο · Χαραυγή · Αχαρνές, Αθήνα - Δυτικά Προάστια",sale,,93000.0,62.0,,3ος,,"Χαραυγή, Αχαρνές, Αθήνα - Δυτικά Προάστια",,,https://www.remax.gr/assets/media/properties/medium/351227_b45cbe6ae3b94620a7b82d104644fdde.jpeg?v=13983775,,,,,2026-10-02T08:27:42Z,351227,2026-10-02,103/pwliseis-agora-epaggelmatika
remax.gr,REMAX Evolution,https://www.remax.gr/property/352030-polisi-katastima-kentro,"Κατάστημα · Κέντρο · Κορωπί, Αθήνα - Ανατολικά Προάστια",sale,,450000.0,270.0,1,13ος,,"Κέντρο, Κορωπί, Αθήνα - Ανατολικά Προάστια",,,https://www.remax.gr/assets/media/properties/medium/352030_3497_9406729.jpeg?v=11151504,,,,,2026-10-02T08:27:42Z,352030,2026-10-02,104/pwliseis-agora-epaggelmatika
remax.gr,REMAX Evolution,https://www.remax.gr/property/352059-polisi-diamerisma-kentro,"Διαμέρισμα · Κέντρο · Κορωπί, Αθήνα - Ανατολικά Προάστια",sale,,450000.0,270.0,3,1ος,,"Κέντρο, Κορωπί, Αθήνα - Ανατολικά Προάστια",,,https://www.remax.gr/assets/media/properties/medium/352059_3497_9415559.jpeg?v=11151864,,,,,2026-10-02T08:27:42Z,352059,2026-10-02,104/pwliseis-agora-katoikies
remax.gr,REMAX Lysis,https://www.remax.gr/property/352273-polisi-epaggelmatiko-ktirio-akthmones,"Eπαγγελματικό Kτήριο · Ακτήμονες · Γαλάτσι, Αθήνα - Δυτικά Προάστια",sale,,980000.0,413.0,4,Ισόγειο,,"Ακτήμονες, Γαλάτσι, Αθήνα - Δυτικά Προάστια",,,https://www.remax.gr/assets/media/properties/medium/352273_8_34476242.jpeg?v=11171892,,,,,2026-10-02T08:27:42Z,352273,2026-10-02,103/pwliseis-agora-epaggelmatika
remax.gr,REMAX Real Advisor,https://www.remax.gr/property/352316-polisi-katastima-nea-filadelfeia,Κατάστημα · Νέα Φιλαδέλφεια · Αθήνα - Δυτικά Προάστια,sale,,221000.0,186.0,,Ισόγειο,,"Νέα Φιλαδέλφεια, Αθήνα - Δυτικά Προάστια",,,https://www.remax.gr/assets/media/properties/medium/352316_cc320c03c9f84d3d97b7338149da87e6.jpeg?v=13983719,,,,,2026-10-02T08:27:42Z,352316,2026-10-02,103/pwliseis-agora-epaggelmatika
remax.gr,REMAX Real Advisor,https://www.remax.gr/property/352429-polisi-epicheirisi-nea-filadelfeia,Επιχείρηση · Νέα Φιλαδέλφεια · Αθήνα - Δυτικά Προάστια,sale,,120000.0,150.0,,Ισόγειο,,"Νέα Φιλαδέλφεια, Αθήνα - Δυτικά Προάστια",,,https://www.remax.gr/assets/media/properties/medium/352429_e1f4191d2c95e718d91862cbd8c1fff2.jpeg?v=13756064,,,,,2026-10-02T08:27:42Z,352429,2026-10-02,103/pwliseis-agora-epaggelmatika
remax.gr,REMAX Properties Investment 5,https://www.remax.gr/property/352532-polisi-katastima-kamatero,Κατάστημα · Καματερό · Αθήνα - Δυτικά Προάστια,sale,,240000.0,352.0,,Ισόγειο,,"Καματερό, Αθήνα - Δυτικά Προάστια",,,https://www.remax.gr/assets/media/properties/medium/352532_da669cec7a63430b9642e53e9169517f.jpeg?v=14192204,,,,,2026-10-02T08:27:42Z,352532,2026-10-02,103/pwliseis-agora-epaggelmatika
remax.gr,REMAX Properties Investment 5,https://www.remax.gr/property/352672-polisi-mezoneta-aylwna,Μεζονέτα · Αυλώνα · Υπόλοιπο Αττικής,sale,,135000.0,222.0,4,,,"Αυλώνα, Υπόλοιπο Αττικής",,,https://www.remax.gr/assets/media/properties/medium/352672_72d33d8e8419476fa8900afd8370f415.jpeg?v=14191609,,,,,2026-10-02T08:27:42Z,352672,2026-10-02,107/pwliseis-agora-katoikies
remax.gr,REMAX Real Advisor,https://www.remax.gr/property/352674-polisi-epaggelmatiko-ktirio-lamprinh,"Eπαγγελματικό Kτήριο · Λαμπρινή · Γαλάτσι, Αθήνα - Δυτικά Προάστια",sale,,980000.0,413.0,13,Ισόγειο,,"Λαμπρινή, Γαλάτσι, Αθήνα - Δυτικά Προάστια",,,https://www.remax.gr/assets/media/properties/medium/352674_25cc57920e294b58beb438126bfc76af.jpeg?v=13978216,,,,,2026-10-02T08:27:42Z,352674,2026-10-02,103/pwliseis-agora-epaggelmatika
remax.gr,REMAX Abacus Properties,https://www.remax.gr/property/353183-polisi-oikopedo-gia-katoikia-agios-antwnios,"Οικόπεδο για κατοικία · Άγιος Αντώνιος · Περιστέρι, Αθήνα - Δυτικά Προάστια",sale,,315000.0,315.0,,,,"Άγιος Αντώνιος, Περιστέρι, Αθήνα - Δυτικά Προάστια",,,https://www.remax.gr/assets/media/properties/medium/353183_dcfec4b8f8d4443a95c05f4b69de84d2.jpeg?v=14005365,,,,,2026-10-02T08:27:42Z,353183,2026-10-02,103/pwliseis-agora-gi
remax.gr,REMAX 361 Solutions,https://www.remax.gr/property/353198-polisi-oikopedo-gia-katoikia-kentro,"Οικόπεδο για κατοικία · Κέντρο · Γέρακας, Αθήνα - Ανατολικά Προάστια",sale,,195000.0,178.0,,,,"Κέντρο, Γέρακας, Αθήνα - Ανατολικά Προάστια",,,https://www.remax.gr/assets/media/properties/medium/353198_2_217113.jpeg?v=13049348,,,,,2026-10-02T08:27:42Z,353198,2026-10-02,104/pwliseis-agora-gi
remax.gr,REMAX En Oiko,https://www.remax.gr/property/353238-polisi-katastima-galatsi,Κατάστημα · Γαλάτσι · Αθήνα - Δυτικά Προάστια,sale,,69000.0,57.0,1,Ισόγειο,,"Γαλάτσι, Αθήνα - Δυτικά Προάστια",,,https://www.remax.gr/assets/media/properties/medium/353238_889b57c6004c4333bfa918c4271e3976.jpeg?v=13694773,,,,,2026-10-02T08:27:42Z,353238,2026-10-02,103/pwliseis-agora-epaggelmatika
remax.gr,REMAX Plus,https://www.remax.gr/property/353638-polisi-monokatoikia-neos-boytzas,"Μονοκατοικία · Νέος Βουτζάς · Νέα Μάκρη, Αθήνα - Ανατολικά Προάστια",sale,,430000.0,400.0,7,Ισόγειο,,"Νέος Βουτζάς, Νέα Μάκρη, Αθήνα - Ανατολικά Προάστια",,,https://www.remax.gr/assets/media/properties/medium/353638_16d67ca9b1940aac92552654670d212b.jpeg?v=11539552,,,,,2026-10-02T08:27:42Z,353638,2026-10-02,104/pwliseis-agora-katoikies
remax.gr,REMAX Abacus Properties,https://www.remax.gr/property/353748-polisi-epaggelmatiko-ktirio-mpoyrnazi,"Eπαγγελματικό Kτήριο · Μπουρνάζι · Περιστέρι, Αθήνα - Δυτικά Προάστια",sale,,3000000.0,1900.0,10,Ισόγειο,,"Μπουρνάζι, Περιστέρι, Αθήνα - Δυτικά Προάστια",,,https://www.remax.gr/assets/media/properties/medium/353748_39f2dcf28d644de1b8a50e877ed2cec2.jpeg?v=14005568,,,,,2026-10-02T08:27:42Z,353748,2026-10-02,103/pwliseis-agora-epaggelmatika
remax.gr,REMAX Properties Investment,https://www.remax.gr/property/354162-polisi-oikopedo-gia-katoikia-dikastika,"Οικόπεδο για κατοικία · Δικαστικά · Μαραθώνας, Αθήνα - Ανατολικά Προάστια",sale,,220000.0,1108.0,,,,"Δικαστικά, Μαραθώνας, Αθήνα - Ανατολικά Προάστια",,,https://www.remax.gr/assets/media/properties/medium/354162_f1f2f629a8154e3a805cc776477b2ae3.jpeg?v=14202200,,,,,2026-10-02T08:27:42Z,354162,2026-10-02,104/pwliseis-agora-gi
remax.gr,REMAX Friends,https://www.remax.gr/property/354514-polisi-grafeio-kentro,"Γραφείο · Κέντρο · Κορωπί, Αθήνα - Ανατολικά Προάστια",sale,,310000.0,200.0,,1ος,,"Κέντρο, Κορωπί, Αθήνα - Ανατολικά Προάστια",,,https://www.remax.gr/assets/media/properties/medium/354514_9eaf75019d664e8b8752444a0dba89ca.jpeg?v=14075095,,,,,2026-10-02T08:27:42Z,354514,2026-10-02,104/pwliseis-agora-epaggelmatika
remax.gr,REMAX Friends,https://www.remax.gr/property/354536-enoikiasi-grafeio-kentro,"Γραφείο · Κέντρο · Κορωπί, Αθήνα - Ανατολικά Προάστια",rent,,1500.0,200.0,,1ος,,"Κέντρο, Κορωπί, Αθήνα - Ανατολικά Προάστια",,,https://www.remax.gr/assets/media/properties/medium/354536_b65ed28145f54530ad1085f8893542f7.jpeg?v=14075733,,,,,2026-10-02T08:27:42Z,354536,2026-10-02,104/enoikiaseis-epaggelmatika
remax.gr,REMAX Friends,https://www.remax.gr/property/354622-polisi-katastima-agia-barbara,Κατάστημα · Αγία Βαρβάρα · Αθήνα - Δυτικά Προάστια,sale,,135000.0,70.0,,Ισόγειο,,"Αγία Βαρβάρα, Αθήνα - Δυτικά Προάστια",,,https://www.remax.gr/assets/media/properties/medium/354622_5ce07f9a76ff43ad9b601019539786b6.jpeg?v=14075612,,,,,2026-10-02T08:27:42Z,354622,2026-10-02,103/pwliseis-agora-epaggelmatika
remax.gr,REMAX 361 Solutions,https://www.remax.gr/property/354657-polisi-monokatoikia-borineza,"Μονοκατοικία · Βορινέζα · Αρτέμιδα (Λούτσα), Αθήνα - Ανατολικά Προάστια",sale,,120000.0,80.0,2,Ισόγειο,,"Βορινέζα, Αρτέμιδα (Λούτσα), Αθήνα - Ανατολικά Προάστια",,,https://www.remax.gr/assets/media/properties/medium/354657_1_33133.jpeg?v=11305050,,,,,2026-10-02T08:27:42Z,354657,2026-10-02,104/pwliseis-agora-katoikies
remax.gr,REMAX 361 Solutions,https://www.remax.gr/property/354658-polisi-oikopedo-gia-katoikia-mariza,"Οικόπεδο για κατοικία · Μαρίζα · Παλλήνη, Αθήνα - Ανατολικά Προάστια",sale,,230000.0,420.0,,,,"Μαρίζα, Παλλήνη, Αθήνα - Ανατολικά Προάστια",,,https://www.remax.gr/assets/media/properties/medium/354658_1_325178.jpeg?v=11305064,,,,,2026-10-02T08:27:42Z,354658,2026-10-02,104/pwliseis-agora-gi
remax.gr,REMAX 361 Solutions,https://www.remax.gr/property/354663-polisi-epicheirisi-agios-athanasios,"Επιχείρηση · Άγιος Αθανάσιος · Παλλήνη, Αθήνα - Ανατολικά Προάστια",sale,,300000.0,100.0,2,Ισόγειο,,"Άγιος Αθανάσιος, Παλλήνη, Αθήνα - Ανατολικά Προάστια",,,https://www.remax.gr/assets/media/properties/medium/354663_1_294696.jpeg?v=11305165,,,,,2026-10-02T08:27:42Z,354663,2026-10-02,104/pwliseis-agora-epaggelmatika
remax.gr,REMAX 361 Solutions,https://www.remax.gr/property/354665-polisi-epicheirisi-agios-athanasios,"Επιχείρηση · Άγιος Αθανάσιος · Παλλήνη, Αθήνα - Ανατολικά Προάστια",sale,,300000.0,100.0,1,Ισόγειο,,"Άγιος Αθανάσιος, Παλλήνη, Αθήνα - Ανατολικά Προάστια",,,https://www.remax.gr/assets/media/properties/medium/354665_1_286381.jpeg?v=11305188,,,,,2026-10-02T08:27:42Z,354665,2026-10-02,104/pwliseis-agora-epaggelmatika
remax.gr,REMAX Friends,https://www.remax.gr/property/354734-polisi-epaggelmatiko-ktirio-petroypolh,Eπαγγελματικό Kτήριο · Πετρούπολη · Αθήνα - Δυτικά Προάστια,sale,,620000.0,1300.0,,2ος,,"Πετρούπολη, Αθήνα - Δυτικά Προάστια",,,https://www.remax.gr/assets/media/properties/medium/354734_ab44a464bd9349aebcfa02f196ab4715.jpeg?v=14075598,,,,,2026-10-02T08:27:42Z,354734,2026-10-02,103/pwliseis-agora-epaggelmatika
remax.gr,REMAX Zed,https://www.remax.gr/property/354901-polisi-oikopedo-gia-katoikia-kentro,"Οικόπεδο για κατοικία · Κέντρο · Γέρακας, Αθήνα - Ανατολικά Προάστια",sale,,115000.0,242.0,,,,"Κέντρο, Γέρακας, Αθήνα - Ανατολικά Προάστια",,,https://www.remax.gr/assets/media/properties/medium/354901_21_21347960.jpeg?v=11313993,,,,,2026-10-02T08:27:42Z,354901,2026-10-02,104/pwliseis-agora-gi
remax.gr,REMAX 361 Solutions,https://www.remax.gr/property/355036-polisi-monokatoikia-anthoysa,Μονοκατοικία · Ανθούσα · Αθήνα - Ανατολικά Προάστια,sale,,140000.0,185.0,,Ημιυπόγειο,,"Ανθούσα, Αθήνα - Ανατολικά Προάστια",,,https://www.remax.gr/assets/media/properties/medium/355036_1_363274.jpeg?v=13059027,,,,,2026-10-02T08:27:42Z,355036,2026-10-02,104/pwliseis-agora-katoikies
remax.gr,REMAX Properties Investment 5,https://www.remax.gr/property/355087-enoikiasi-katastima-axarnes,Κατάστημα · Αχαρνές · Αθήνα - Δυτικά Προάστια,rent,,2500.0,190.0,1,Ισόγειο,,"Αχαρνές, Αθήνα - Δυτικά Προάστια",,,https://www.remax.gr/assets/media/properties/medium/355087_8efebc5f10e6410ea033c80640b1937f.jpeg?v=14193381,,,,,2026-10-02T08:27:42Z,355087,2026-10-02,103/enoikiaseis-epaggelmatika
remax.gr,REMAX Zed,https://www.remax.gr/property/355315-polisi-oikopedo-gia-katoikia-anthoysa,Οικόπεδο για κατοικία · Ανθούσα · Αθήνα - Ανατολικά Προάστια,sale,,75000.0,281.0,,,,"Ανθούσα, Αθήνα - Ανατολικά Προάστια",,,https://www.remax.gr/assets/media/properties/medium/355315_25_20337395.jpeg?v=11339640,,,,,2026-10-02T08:27:42Z,355315,2026-10-02,104/pwliseis-agora-gi
remax.gr,REMAX Plus,https://www.remax.gr/property/355361-polisi-monokatoikia-lagonhsi,"Μονοκατοικία · Λαγονήσι · Καλύβια Θορικού, Υπόλοιπο Αττικής",sale,,330000.0,110.0,2,Ισόγειο,,"Λαγονήσι, Καλύβια Θορικού, Υπόλοιπο Αττικής",,,https://www.remax.gr/assets/media/properties/medium/355361_4fd15d81af682c57719ec99d7586f65d.jpeg?v=11341878,,,,,2026-10-02T08:27:42Z,355361,2026-10-02,107/pwliseis-agora-katoikies
remax.gr,REMAX Ergon,https://www.remax.gr/property/355401-polisi-ktirio--gerakas,Κτήριο · Γέρακας · Αθήνα - Ανατολικά Προάστια,sale,,1300000.0,870.0,,Ισόγειο,,"Γέρακας, Αθήνα - Ανατολικά Προάστια",,,https://www.remax.gr/assets/media/properties/medium/355401_791f6a0673745100fa5c54b951dc5b5d.jpeg?v=11348147,,,,,2026-10-02T08:27:42Z,355401,2026-10-02,104/pwliseis-agora-epaggelmatika
remax.gr,REMAX Ergon,https://www.remax.gr/property/355403-polisi-grafeio-gerakas,Γραφείο · Γέρακας · Αθήνα - Ανατολικά Προάστια,sale,,1300000.0,870.0,,Ισόγειο,,"Γέρακας, Αθήνα - Ανατολικά Προάστια",,,https://www.remax.gr/assets/media/properties/medium/355403_f9ed0e04436c5cee4e8ecaa08298f646.jpeg?v=11348168,,,,,2026-10-02T08:27:42Z,355403,2026-10-02,104/pwliseis-agora-epaggelmatika
remax.gr,REMAX Ergon,https://www.remax.gr/property/355409-polisi-ktirio--lazaroy,"Κτήριο · Λαζάρου · Νέα Ιωνία, Αθήνα - Δυτικά Προάστια",sale,,1800000.0,1200.0,,Ισόγειο,,"Λαζάρου, Νέα Ιωνία, Αθήνα - Δυτικά Προάστια",,,https://www.remax.gr/assets/media/properties/medium/355409_2aa668a64897a17c495c84410b961ded.jpeg?v=12660202,,,,,2026-10-02T08:27:42Z,355409,2026-10-02,103/pwliseis-agora-epaggelmatika
remax.gr,REMAX Real Advisor,https://www.remax.gr/property/355424-polisi-xenodocheio-xaidari,Ξενοδοχείο · Χαϊδάρι · Αθήνα - Δυτικά Προάστια,sale,,3200000.0,1830.0,36,Ισόγειο,,"Χαϊδάρι, Αθήνα - Δυτικά Προάστια",,,https://www.remax.gr/assets/media/properties/medium/355424_9163a49abacd44f6a57892979a8180a9.jpeg?v=13983513,,,,,2026-10-02T08:27:42Z,355424,2026-10-02,103/pwliseis-agora-epaggelmatika
remax.gr,REMAX Porto,https://www.remax.gr/property/355438-polisi-diamerisma-porto-rafth,"Διαμέρισμα · Πόρτο Ράφτη · Μαρκόπουλο, Υπόλοιπο Αττικής",sale,,237000.0,51.0,2,3ος,,"Πόρτο Ράφτη, Μαρκόπουλο, Υπόλοιπο Αττικής",,,https://www.remax.gr/assets/media/properties/medium/355438_8_5772953.jpeg?v=11350357,,,,,2026-10-02T08:27:42Z,355438,2026-10-02,107/pwliseis-agora-katoikies
remax.gr,REMAX Abacus Properties,https://www.remax.gr/property/355648-polisi-epaggelmatiko-ktirio-tsalaboyta,"Eπαγγελματικό Kτήριο · Τσαλαβούτα · Περιστέρι, Αθήνα - Δυτικά Προάστια",sale,,820000.0,1050.0,7,Ισόγειο,,"Τσαλαβούτα, Περιστέρι, Αθήνα - Δυτικά Προάστια",,,https://www.remax.gr/assets/media/properties/medium/355648_3214d8b72c3d4758bd1ad8836a09d630.jpeg?v=14005782,,,,,2026-10-02T08:27:42Z,355648,2026-10-02,103/pwliseis-agora-epaggelmatika
remax.gr,REMAX Real Advisor,https://www.remax.gr/property/355785-enoikiasi-aithousa-axarnes,Αίθουσα · Αχαρνές · Αθήνα - Δυτικά Προάστια,rent,,800.0,150.0,2,Ισόγειο,,"Αχαρνές, Αθήνα - Δυτικά Προάστια",,,https://www.remax.gr/assets/media/properties/medium/355785_ff92c94c41aa34bd8fd704228654b30e.jpeg?v=13756402,,,,,2026-10-02T08:27:42Z,355785,2026-10-02,103/enoikiaseis-epaggelmatika
remax.gr,REMAX En Oiko,https://www.remax.gr/property/355888-polisi-monokatoikia-kentro,"Μονοκατοικία · Κέντρο · Γέρακας, Αθήνα - Ανατολικά Προάστια",sale,,480000.0,244.0,3,1ος,,"Κέντρο, Γέρακας, Αθήνα - Ανατολικά Προάστια",,,https://www.remax.gr/assets/media/properties/medium/355888_2a9ad05da42f4c8a81dde6c31e9c87dc.jpeg?v=13691527,,,,,2026-10-02T08:27:42Z,355888,2026-10-02,104/pwliseis-agora-katoikies
remax.gr,REMAX 361 Solutions,https://www.remax.gr/property/355904-enoikiasi-katastima-kentro,"Κατάστημα · Κέντρο · Νέα Μάκρη, Αθήνα - Ανατολικά Προάστια",rent,,4500.0,670.0,2,Ισόγειο,,"Κέντρο, Νέα Μάκρη, Αθήνα - Ανατολικά Προάστια",,,https://www.remax.gr/assets/media/properties/medium/355904_1_397039.jpeg?v=11392066,,,,,2026-10-02T08:27:42Z,355904,2026-10-02,104/enoikiaseis-epaggelmatika
remax.gr,REMAX En Oiko,https://www.remax.gr/property/355975-polisi-oikopedo-gia-katoikia-kamatero,Οικόπεδο για κατοικία · Καματερό · Αθήνα - Δυτικά Προάστια,sale,,100000.0,230.0,,,,"Καματερό, Αθήνα - Δυτικά Προάστια",,,https://www.remax.gr/assets/media/properties/medium/355975_img_18c0eb73_5fe8_44ac_93b1_7ec3346d61af.jpeg?v=13695446,,,,,2026-10-02T08:27:42Z,355975,2026-10-02,103/pwliseis-agora-gi
remax.gr,REMAX 361 Solutions,https://www.remax.gr/property/356215-polisi-mezoneta-kentro,"Μεζονέτα · Κέντρο · Γέρακας, Αθήνα - Ανατολικά Προάστια",sale,,450000.0,200.0,4,Ισόγειο,,"Κέντρο, Γέρακας, Αθήνα - Ανατολικά Προάστια",,,https://www.remax.gr/assets/media/properties/medium/356215_1_353952.jpeg?v=11412335,,,,,2026-10-02T08:27:42Z,356215,2026-10-02,104/pwliseis-agora-katoikies
remax.gr,REMAX En Oiko,https://www.remax.gr/property/356283-polisi-oikopedo-gia-katoikia-panorama,"Οικόπεδο για κατοικία · Πανόραμα · Παλλήνη, Αθήνα - Ανατολικά Προάστια",sale,,170000.0,689.0,,,,"Πανόραμα, Παλλήνη, Αθήνα - Ανατολικά Προάστια",,,https://www.remax.gr/assets/media/properties/medium/356283_c3ae4c3bc3574067856548d924fd87d2.png?v=13696353,,,,,2026-10-02T08:27:42Z,356283,2026-10-02,104/pwliseis-agora-gi
remax.gr,REMAX Real Advisor,https://www.remax.gr/property/356299-enoikiasi-grafeio-nea-iwnia,Γραφείο · Νέα Ιωνία · Αθήνα - Δυτικά Προάστια,rent,,1000.0,100.0,4,Ισόγειο,,"Νέα Ιωνία, Αθήνα - Δυτικά Προάστια",,,https://www.remax.gr/assets/media/properties/medium/356299_409caa1d724f4939ad988b0f6b5a64be.jpeg?v=13976583,,,,,2026-10-02T08:27:42Z,356299,2026-10-02,103/enoikiaseis-epaggelmatika
remax.gr,REMAX Ergon,https://www.remax.gr/property/356498-enoikiasi-ktirio--lazaroy,"Κτήριο · Λαζάρου · Νέα Ιωνία, Αθήνα - Δυτικά Προάστια",rent,,5000.0,600.0,,Ισόγειο,,"Λαζάρου, Νέα Ιωνία, Αθήνα - Δυτικά Προάστια",,,https://www.remax.gr/assets/media/properties/medium/356498_d5a068c8ab8b29588532dd7b4d952065.jpeg?v=11425077,,,,,2026-10-02T08:27:42Z,356498,2026-10-02,103/enoikiaseis-epaggelmatika
remax.gr,REMAX 361 Solutions,https://www.remax.gr/property/356837-enoikiasi-grafeio-kentro,"Γραφείο · Κέντρο · Γέρακας, Αθήνα - Ανατολικά Προάστια",rent,,1500.0,320.0,1,1ος,,"Κέντρο, Γέρακας, Αθήνα - Ανατολικά Προάστια",,,https://www.remax.gr/assets/media/properties/medium/356837_1_445526.jpeg?v=11455852,,,,,2026-10-02T08:27:42Z,356837,2026-10-02,104/enoikiaseis-epaggelmatika
remax.gr,REMAX Real Advisor,https://www.remax.gr/property/356878-polisi-epicheirisi-nea-filadelfeia,Επιχείρηση · Νέα Φιλαδέλφεια · Αθήνα - Δυτικά Προάστια,sale,,110000.0,100.0,,Ισόγειο,,"Νέα Φιλαδέλφεια, Αθήνα - Δυτικά Προάστια",,,https://www.remax.gr/assets/media/properties/medium/356878_962e82ffa0168055fa81944fb9ac9791.png?v=13761830,,,,,2026-10-02T08:27:42Z,356878,2026-10-02,103/pwliseis-agora-epaggelmatika
remax.gr,REMAX En Oiko,https://www.remax.gr/property/357210-polisi-mezoneta-korwpi,Μεζονέτα · Κορωπί · Αθήνα - Ανατολικά Προάστια,sale,,450000.0,200.0,3,Ισόγειο,,"Κορωπί, Αθήνα - Ανατολικά Προάστια",,,https://www.remax.gr/assets/media/properties/medium/357210_img_4732346b_99f7_484c_a2d9_8c84b875c74e.jpeg?v=13691912,,,,,2026-10-02T08:27:42Z,357210,2026-10-02,104/pwliseis-agora-katoikies
remax.gr,REMAX En Oiko,https://www.remax.gr/property/357212-polisi-diamerisma-paiania,Διαμέρισμα · Παιανία · Αθήνα - Ανατολικά Προάστια,sale,,220000.0,120.0,2,3ος,,"Παιανία, Αθήνα - Ανατολικά Προάστια",,,https://www.remax.gr/assets/media/properties/medium/357212_img_288992c8_86a9_472e_91d0_5fa6b53f2b59.jpeg?v=13691897,,,,,2026-10-02T08:27:42Z,357212,2026-10-02,104/pwliseis-agora-katoikies
remax.gr,REMAX En Oiko,https://www.remax.gr/property/357215-polisi-monokatoikia-artemida-loytsa,Μονοκατοικία · Αρτέμιδα (Λούτσα) · Αθήνα - Ανατολικά Προάστια,sale,,650000.0,396.0,6,1ος,,"Αρτέμιδα (Λούτσα), Αθήνα - Ανατολικά Προάστια",,,https://www.remax.gr/assets/media/properties/medium/357215_img_5a7238cd_d100_4daf_897b_e3e1d74d581f.jpeg?v=13696405,,,,,2026-10-02T08:27:42Z,357215,2026-10-02,104/pwliseis-agora-katoikies
remax.gr,REMAX En Oiko,https://www.remax.gr/property/357229-polisi-agrotemachio-spata,Αγροτεμάχιο · Σπάτα · Αθήνα - Ανατολικά Προάστια,sale,,120000.0,4011.0,,,,"Σπάτα, Αθήνα - Ανατολικά Προάστια",,,https://www.remax.gr/assets/media/properties/medium/357229_img_dcd74e13_dd84_42bf_82a3_65a34ac9784a.jpeg?v=13695977,,,,,2026-10-02T08:27:42Z,357229,2026-10-02,104/pwliseis-agora-gi
remax.gr,REMAX En Oiko,https://www.remax.gr/property/357234-polisi-oikopedo-gia-katoikia-paiania,Οικόπεδο για κατοικία · Παιανία · Αθήνα - Ανατολικά Προάστια,sale,,150000.0,370.0,,,,"Παιανία, Αθήνα - Ανατολικά Προάστια",,,https://www.remax.gr/assets/media/properties/medium/357234_img_b8ac6367_ba5d_48d5_9cf6_6b4dfbf0d4eb.jpeg?v=13693790,,,,,2026-10-02T08:27:42Z,357234,2026-10-02,104/pwliseis-agora-gi
remax.gr,REMAX En Oiko,https://www.remax.gr/property/357243-enoikiasi-katastima-glyka-nera,Κατάστημα · Γλυκά Νερά · Αθήνα - Ανατολικά Προάστια,rent,,2100.0,145.0,,Ισόγειο,,"Γλυκά Νερά, Αθήνα - Ανατολικά Προάστια",,,https://www.remax.gr/assets/media/properties/medium/357243_a0924232921c486999d0d5cfb29a2815.jpeg?v=13691969,,,,,2026-10-02T08:27:42Z,357243,2026-10-02,104/enoikiaseis-epaggelmatika
remax.gr,REMAX En Oiko,https://www.remax.gr/property/357250-polisi-oikopedo-gia-katoikia-paiania,Οικόπεδο για κατοικία · Παιανία · Αθήνα - Ανατολικά Προάστια,sale,,120000.0,250.0,,,,"Παιανία, Αθήνα - Ανατολικά Προάστια",,,https://www.remax.gr/assets/media/properties/medium/357250_img_3ebfc833_872f_4d05_ad59_3ea13b59fa46.jpeg?v=14076426,,,,,2026-10-02T08:27:42Z,357250,2026-10-02,104/pwliseis-agora-gi
remax.gr,REMAX En Oiko,https://www.remax.gr/property/357252-polisi-oikopedo-gia-katoikia-pallhnh,Οικόπεδο για κατοικία · Παλλήνη · Αθήνα - Ανατολικά Προάστια,sale,,190000.0,681.0,,,,"Παλλήνη, Αθήνα - Ανατολικά Προάστια",,,https://www.remax.gr/assets/media/properties/medium/357252_img_d2b4d74f_7205_4e46_a262_8725bb32fd6a.jpeg?v=13691883,,,,,2026-10-02T08:27:42Z,357252,2026-10-02,104/pwliseis-agora-gi
remax.gr,REMAX En Oiko,https://www.remax.gr/property/357278-polisi-mezoneta-paiania,Μεζονέτα · Παιανία · Αθήνα - Ανατολικά Προάστια,sale,,300000.0,125.0,2,Ισόγειο,,"Παιανία, Αθήνα - Ανατολικά Προάστια",,,https://www.remax.gr/assets/media/properties/medium/357278_1ec2f1e6eb1a4b0cb05d2b9630041435.jpeg?v=13695789,,,,,2026-10-02T08:27:42Z,357278,2026-10-02,104/pwliseis-agora-katoikies
remax.gr,REMAX En Oiko,https://www.remax.gr/property/357281-polisi-mezoneta-paiania,Μεζονέτα · Παιανία · Αθήνα - Ανατολικά Προάστια,sale,,302000.0,121.0,2,1ος,,"Παιανία, Αθήνα - Ανατολικά Προάστια",,,https://www.remax.gr/assets/media/properties/medium/357281_9a30b8458bde4c79934ecfcbe70e1ee0.jpeg?v=14141647,,,,,2026-10-02T08:27:42Z,357281,2026-10-02,104/pwliseis-agora-katoikies
remax.gr,REMAX En Oiko,https://www.remax.gr/property/357283-enoikiasi-grafeio-paiania,Γραφείο · Παιανία · Αθήνα - Ανατολικά Προάστια,rent,,2600.0,300.0,5,Ημιόροφος,,"Παιανία, Αθήνα - Ανατολικά Προάστια",,,https://www.remax.gr/assets/media/properties/medium/357283_edd95d186bf447909836b74aa154aea8.jpeg?v=13691971,,,,,2026-10-02T08:27:42Z,357283,2026-10-02,104/enoikiaseis-epaggelmatika
remax.gr,REMAX En Oiko,https://www.remax.gr/property/357284-polisi-oikopedo-gia-katoikia-korwpi,Οικόπεδο για κατοικία · Κορωπί · Αθήνα - Ανατολικά Προάστια,sale,,950000.0,6600.0,,,,"Κορωπί, Αθήνα - Ανατολικά Προάστια",,,https://www.remax.gr/assets/media/properties/medium/357284_b431d735a3d64b979b7f8c877853b0c4.jpeg?v=13691983,,,,,2026-10-02T08:27:42Z,357284,2026-10-02,104/pwliseis-agora-gi
remax.gr,REMAX En Oiko,https://www.remax.gr/property/357289-enoikiasi-apothiki-spata,Αποθήκη · Σπάτα · Αθήνα - Ανατολικά Προάστια,rent,,9000.0,2000.0,,Ισόγειο,,"Σπάτα, Αθήνα - Ανατολικά Προάστια",,,https://www.remax.gr/assets/media/properties/medium/357289_46daa2cbed93468bbfbb2f934e7b0252.png?v=13691992,,,,,2026-10-02T08:27:42Z,357289,2026-10-02,104/enoikiaseis-epaggelmatika
remax.gr,REMAX Ergon,https://www.remax.gr/property/357390-polisi-ktirio--nea-iwnia,Κτήριο · Νέα Ιωνία · Αθήνα - Δυτικά Προάστια,sale,,3800000.0,1260.0,,Ισόγειο,,"Νέα Ιωνία, Αθήνα - Δυτικά Προάστια",,,https://www.remax.gr/assets/media/properties/medium/357390_ed627eecdba7a0e518c413bdb79a343d.jpeg?v=11492859,,,,,2026-10-02T08:27:42Z,357390,2026-10-02,103/pwliseis-agora-epaggelmatika
remax.gr,REMAX Ergon,https://www.remax.gr/property/357392-enoikiasi-grafeio-nea-iwnia,Γραφείο · Νέα Ιωνία · Αθήνα - Δυτικά Προάστια,rent,,1000.0,96.0,,Ισόγειο,,"Νέα Ιωνία, Αθήνα - Δυτικά Προάστια",,,https://www.remax.gr/assets/media/properties/medium/357392_b3c4ee367674c4d47981479aceaa442b.jpeg?v=11492891,,,,,2026-10-02T08:27:42Z,357392,2026-10-02,103/enoikiaseis-epaggelmatika
remax.gr,REMAX Evolution,https://www.remax.gr/property/357642-polisi-monokatoikia-galazia-akti,"Μονοκατοικία · Γαλάζια ακτή · Καλύβια Θορικού, Υπόλοιπο Αττικής",sale,,250000.0,180.0,3,Ισόγειο,,"Γαλάζια ακτή, Καλύβια Θορικού, Υπόλοιπο Αττικής",,,https://www.remax.gr/assets/media/properties/medium/357642_3496_9788233.jpeg?v=11598426,,,,,2026-10-02T08:27:42Z,357642,2026-10-02,107/pwliseis-agora-katoikies
remax.gr,REMAX 361 Solutions,https://www.remax.gr/property/357645-polisi-epicheirisi-kentro,"Επιχείρηση · Κέντρο · Γέρακας, Αθήνα - Ανατολικά Προάστια",sale,,795000.0,550.0,,Ισόγειο,,"Κέντρο, Γέρακας, Αθήνα - Ανατολικά Προάστια",,,https://www.remax.gr/assets/media/properties/medium/357645_1_197204.jpeg?v=11508609,,,,,2026-10-02T08:27:42Z,357645,2026-10-02,104/pwliseis-agora-epaggelmatika
remax.gr,REMAX 361 Solutions,https://www.remax.gr/property/357647-enoikiasi-epicheirisi-kentro,"Επιχείρηση · Κέντρο · Γέρακας, Αθήνα - Ανατολικά Προάστια",rent,,1500.0,220.0,,1ος,,"Κέντρο, Γέρακας, Αθήνα - Ανατολικά Προάστια",,,https://www.remax.gr/assets/media/properties/medium/357647_1_231010.jpeg?v=11508650,,,,,2026-10-02T08:27:42Z,357647,2026-10-02,104/enoikiaseis-epaggelmatika
remax.gr,REMAX Lysis,https://www.remax.gr/property/357836-polisi-monokatoikia-katafigi,"Μονοκατοικία · Καταφύγι · Παλαιά Φώκαια, Υπόλοιπο Αττικής",sale,,280000.0,100.0,3,Ισόγειο,,"Καταφύγι, Παλαιά Φώκαια, Υπόλοιπο Αττικής",,,https://www.remax.gr/assets/media/properties/medium/357836_35_34613932.jpeg?v=11522570,,,,,2026-10-02T08:27:42Z,357836,2026-10-02,107/pwliseis-agora-katoikies
remax.gr,REMAX Friends,https://www.remax.gr/property/357936-polisi-monokatoikia-neraki,"Μονοκατοικία · Νεράκι · Νέα Πέραμος (Μεγάλο Πεύκο), Υπόλοιπο Αττικής",sale,,400000.0,193.0,2,Ισόγειο,,"Νεράκι, Νέα Πέραμος (Μεγάλο Πεύκο), Υπόλοιπο Αττικής",,,https://www.remax.gr/assets/media/properties/medium/357936_faf6802a849b49cb8d45f99ab33131e0.jpeg?v=14075340,,,,,2026-10-02T08:27:42Z,357936,2026-10-02,107/pwliseis-agora-katoikies
remax.gr,REMAX En Oiko,https://www.remax.gr/property/357984-polisi-monokatoikia-paiania,Μονοκατοικία · Παιανία · Αθήνα - Ανατολικά Προάστια,sale,,380000.0,150.0,3,Ισόγειο,,"Παιανία, Αθήνα - Ανατολικά Προάστια",,,https://www.remax.gr/assets/media/properties/medium/357984_a2d825712b4d4cb0b468fcc0c5bd35c8.jpeg?v=13695828,,,,,2026-10-02T08:27:42Z,357984,2026-10-02,104/pwliseis-agora-katoikies
remax.gr,REMAX Real Advisor,https://www.remax.gr/property/358109-polisi-oikopedo-gia-katoikia-nea-iwnia,Οικόπεδο για κατοικία · Νέα Ιωνία · Αθήνα - Δυτικά Προάστια,sale,,900000.0,1093.0,,,,"Νέα Ιωνία, Αθήνα - Δυτικά Προάστια",,,https://www.remax.gr/assets/media/properties/medium/358109_d47350d665684c27ba932c287e1ff2ca.jpeg?v=13981940,,,,,2026-10-02T08:27:42Z,358109,2026-10-02,103/pwliseis-agora-gi
remax.gr,REMAX Friends,https://www.remax.gr/property/358140-polisi-agrotemachio-sxinias,"Αγροτεμάχιο · Σχινιάς · Μαραθώνας, Αθήνα - Ανατολικά Προάστια",sale,,45000.0,2005.0,,,,"Σχινιάς, Μαραθώνας, Αθήνα - Ανατολικά Προάστια",,,https://www.remax.gr/assets/media/properties/medium/358140_dfcaf8dd4a31413a8ba9ebddd932d04e.jpeg?v=14072667,,,,,2026-10-02T08:27:42Z,358140,2026-10-02,104/pwliseis-agora-gi
remax.gr,REMAX Properties Investment 2,https://www.remax.gr/property/358165-polisi-monokatoikia-lagonhsi,"Μονοκατοικία · Λαγονήσι · Καλύβια Θορικού, Υπόλοιπο Αττικής",sale,,379000.0,382.0,3,Ισόγειο,,"Λαγονήσι, Καλύβια Θορικού, Υπόλοιπο Αττικής",,,https://www.remax.gr/assets/media/properties/medium/358165_fbbf956ad60a103b468a2d0e563eec9c.jpeg?v=14116582,,,,,2026-10-02T08:27:42Z,358165,2026-10-02,107/pwliseis-agora-katoikies
remax.gr,REMAX 361 Solutions,https://www.remax.gr/property/358297-polisi-oikopedo-gia-katoikia-agia-marina,"Οικόπεδο για κατοικία · Αγία Μαρίνα · Παιανία, Αθήνα - Ανατολικά Προάστια",sale,,1000000.0,1328.0,,,,"Αγία Μαρίνα, Παιανία, Αθήνα - Ανατολικά Προάστια",,,https://www.remax.gr/assets/media/properties/medium/358297_7_57715.jpeg?v=11549087,,,,,2026-10-02T08:27:42Z,358297,2026-10-02,104/pwliseis-agora-gi
remax.gr,REMAX Lysis,https://www.remax.gr/property/358307-polisi-monokatoikia-porto-rafth,"Μονοκατοικία · Πόρτο Ράφτη · Μαρκόπουλο, Υπόλοιπο Αττικής",sale,,220000.0,240.0,5,Ισόγειο,,"Πόρτο Ράφτη, Μαρκόπουλο, Υπόλοιπο Αττικής",,,https://www.remax.gr/assets/media/properties/medium/358307_3_35917483.jpeg?v=12683345,,,,,2026-10-02T08:27:42Z,358307,2026-10-02,107/pwliseis-agora-katoikies
remax.gr,REMAX Porto,https://www.remax.gr/property/358478-polisi-monokatoikia-kentro,"Μονοκατοικία · Κέντρο · Κερατέα, Υπόλοιπο Αττικής",sale,,98000.0,43.0,2,Ισόγειο,,"Κέντρο, Κερατέα, Υπόλοιπο Αττικής",,,https://www.remax.gr/assets/media/properties/medium/358478_8_6161727.jpeg?v=11559251,,,,,2026-10-02T08:27:42Z,358478,2026-10-02,107/pwliseis-agora-katoikies
remax.gr,REMAX Friends,https://www.remax.gr/property/358618-polisi-grafeio-peristeri,Γραφείο · Περιστέρι · Αθήνα - Δυτικά Προάστια,sale,,250000.0,160.0,8,1ος,,"Περιστέρι, Αθήνα - Δυτικά Προάστια",,,https://www.remax.gr/assets/media/properties/medium/358618_4e41cb95eb4e46c595497b70526a1c3e.jpeg?v=14075769,,,,,2026-10-02T08:27:42Z,358618,2026-10-02,103/pwliseis-agora-epaggelmatika
remax.gr,REMAX 361 Solutions,https://www.remax.gr/property/359156-polisi-oikopedo-gia-katoikia-kentro,"Οικόπεδο για κατοικία · Κέντρο · Γλυκά Νερά, Αθήνα - Ανατολικά Προάστια",sale,,400000.0,600.0,,,,"Κέντρο, Γλυκά Νερά, Αθήνα - Ανατολικά Προάστια",,,https://www.remax.gr/assets/media/properties/medium/359156_1_589458.jpeg?v=11605522,,,,,2026-10-02T08:27:42Z,359156,2026-10-02,104/pwliseis-agora-gi
remax.gr,REMAX Abacus Properties,https://www.remax.gr/property/359533-polisi-diamerisma-pallhnh,Διαμέρισμα · Παλλήνη · Αθήνα - Ανατολικά Προάστια,sale,,260000.0,83.0,2,3ος,,"Παλλήνη, Αθήνα - Ανατολικά Προάστια",,,https://www.remax.gr/assets/media/properties/medium/359533_f1aa5a46624147a4a83fb5fa41a4abc2.jpeg?v=14004871,,,,,2026-10-02T08:27:42Z,359533,2026-10-02,104/pwliseis-agora-katoikies
remax.gr,REMAX Abacus Properties,https://www.remax.gr/property/359536-enoikiasi-grafeio-galatsi,Γραφείο · Γαλάτσι · Αθήνα - Δυτικά Προάστια,rent,,4200.0,600.0,10,2ος,,"Γαλάτσι, Αθήνα - Δυτικά Προάστια",,,https://www.remax.gr/assets/media/properties/medium/359536_img_aba87d04_5645_4331_b5a8_e3f422ea56c2.jpeg?v=14003651,,,,,2026-10-02T08:27:42Z,359536,2026-10-02,103/enoikiaseis-epaggelmatika
remax.gr,REMAX Abacus Properties,https://www.remax.gr/property/359568-polisi-oikopedo-gia-katoikia-geroboyno,"Οικόπεδο για κατοικία · Γερόβουνο · Καματερό, Αθήνα - Δυτικά Προάστια",sale,,75000.0,294.0,,,,"Γερόβουνο, Καματερό, Αθήνα - Δυτικά Προάστια",,,https://www.remax.gr/assets/media/properties/medium/359568_d2bacdefae484fb7983f76cd5bc8c438.jpeg?v=14003197,,,,,2026-10-02T08:27:42Z,359568,2026-10-02,103/pwliseis-agora-gi
remax.gr,REMAX Abacus Properties,https://www.remax.gr/property/359569-polisi-epaggelmatiko-ktirio-agios-iwannhs-8eologos,"Eπαγγελματικό Kτήριο · Άγιος Ιωάννης Θεολόγος · Περιστέρι, Αθήνα - Δυτικά Προάστια",sale,,950000.0,762.0,8,Ισόγειο,,"Άγιος Ιωάννης Θεολόγος, Περιστέρι, Αθήνα - Δυτικά Προάστια",,,https://www.remax.gr/assets/media/properties/medium/359569_b15d246519834ac78feef1771a2d2b39.jpeg?v=14005121,,,,,2026-10-02T08:27:42Z,359569,2026-10-02,103/pwliseis-agora-epaggelmatika
remax.gr,REMAX,https://www.remax.gr/property/359651-enoikiasi-grafeio-alsos-beikoy,"Γραφείο · Άλσος Βεΐκου · Γαλάτσι, Αθήνα - Δυτικά Προάστια",rent,,2250.0,284.0,10,2ος,,"Άλσος Βεΐκου, Γαλάτσι, Αθήνα - Δυτικά Προάστια",,,https://www.remax.gr/assets/media/properties/medium/359651_1576c6e792d146b4a673f0c6229c4057.jpeg?v=14004458,,,,,2026-10-02T08:27:42Z,359651,2026-10-02,103/enoikiaseis-epaggelmatika
remax.gr,REMAX Abacus Properties,https://www.remax.gr/property/359706-polisi-epaggelmatiko-ktirio-mpoyrnazi,"Eπαγγελματικό Kτήριο · Μπουρνάζι · Περιστέρι, Αθήνα - Δυτικά Προάστια",sale,,1300000.0,800.0,8,1ος,,"Μπουρνάζι, Περιστέρι, Αθήνα - Δυτικά Προάστια",,,https://www.remax.gr/assets/media/properties/medium/359706_07a6782c926c4b379555f15d60150a4e.jpeg?v=14004831,,,,,2026-10-02T08:27:42Z,359706,2026-10-02,103/pwliseis-agora-epaggelmatika
remax.gr,REMAX Abacus Properties,https://www.remax.gr/property/359715-polisi-oikopedo-gia-katoikia-ilion,Οικόπεδο για κατοικία · Ίλιον · Αθήνα - Δυτικά Προάστια,sale,,350000.0,467.0,,,,"Ίλιον, Αθήνα - Δυτικά Προάστια",,,https://www.remax.gr/assets/media/properties/medium/359715_2d3f3af7eb284ddc8c539147d3d69558.jpeg?v=14004428,,,,,2026-10-02T08:27:42Z,359715,2026-10-02,103/pwliseis-agora-gi
remax.gr,REMAX Properties Investment,https://www.remax.gr/property/359733-polisi-monokatoikia-markopoylo,Μονοκατοικία · Μαρκόπουλο · Υπόλοιπο Αττικής,sale,,400000.0,156.0,2,Ισόγειο,,"Μαρκόπουλο, Υπόλοιπο Αττικής",,,https://www.remax.gr/assets/media/properties/medium/359733_a557ea9e8d8d4e4f910bec424fdd8138.jpeg?v=14199950,,,,,2026-10-02T08:27:42Z,359733,2026-10-02,107/pwliseis-agora-katoikies
remax.gr,REMAX Central,https://www.remax.gr/property/359779-enoikiasi-katastima-nea-filadelfeia,Κατάστημα · Νέα Φιλαδέλφεια · Αθήνα - Δυτικά Προάστια,rent,,900.0,99.0,,Υπόγειο,,"Νέα Φιλαδέλφεια, Αθήνα - Δυτικά Προάστια",,,https://www.remax.gr/assets/media/properties/medium/359779_b19ec968fb78476f93a076921bad57e0.jpeg?v=13938756,,,,,2026-10-02T08:27:42Z,359779,2026-10-02,103/enoikiaseis-epaggelmatika
remax.gr,REMAX Central,https://www.remax.gr/property/359780-enoikiasi-apothiki-nea-filadelfeia,Αποθήκη · Νέα Φιλαδέλφεια · Αθήνα - Δυτικά Προάστια,rent,,900.0,99.0,,Υπόγειο,,"Νέα Φιλαδέλφεια, Αθήνα - Δυτικά Προάστια",,,https://www.remax.gr/assets/media/properties/medium/359780_ec9138802ca846cca35287417dd8014f.jpeg?v=13938759,,,,,2026-10-02T08:27:42Z,359780,2026-10-02,103/enoikiaseis-epaggelmatika
remax.gr,REMAX En Oiko,https://www.remax.gr/property/359784-polisi-epaggelmatiko-ktirio-kentro,"Eπαγγελματικό Kτήριο · Κέντρο · Νέα Χαλκηδόνα, Αθήνα - Δυτικά Προάστια",sale,,350000.0,172.0,5,Ισόγειο,,"Κέντρο, Νέα Χαλκηδόνα, Αθήνα - Δυτικά Προάστια",,,https://www.remax.gr/assets/media/properties/medium/359784_bd0281fbdee64a4ab2bd3ac4c7129cba.jpeg?v=13696475,,,,,2026-10-02T08:27:42Z,359784,2026-10-02,103/pwliseis-agora-epaggelmatika
remax.gr,REMAX Central,https://www.remax.gr/property/359786-enoikiasi-parking-nea-filadelfeia,Parking · Νέα Φιλαδέλφεια · Αθήνα - Δυτικά Προάστια,rent,,900.0,99.0,,Υπόγειο,,"Νέα Φιλαδέλφεια, Αθήνα - Δυτικά Προάστια",,,https://www.remax.gr/assets/media/properties/medium/359786_d1a0fb6e06a143be81917e879657c7f9.jpeg?v=13938753,,,,,2026-10-02T08:27:42Z,359786,2026-10-02,103/enoikiaseis-epaggelmatika
remax.gr,REMAX Porto,https://www.remax.gr/property/359810-polisi-monokatoikia-brayrwna,"Μονοκατοικία · Βραυρώνα · Αρτέμιδα (Λούτσα), Αθήνα - Ανατολικά Προάστια",sale,,1100000.0,396.0,7,Ισόγειο,,"Βραυρώνα, Αρτέμιδα (Λούτσα), Αθήνα - Ανατολικά Προάστια",,,https://www.remax.gr/assets/media/properties/medium/359810_2_606545.jpeg?v=11642221,,,,,2026-10-02T08:27:42Z,359810,2026-10-02,104/pwliseis-agora-katoikies
remax.gr,REMAX Real Advisor,https://www.remax.gr/property/360178-enoikiasi-biomichaniko-biotechniko-axarnes,Βιομηχανικό/Βιοτεχνικό · Αχαρνές · Αθήνα - Δυτικά Προάστια,rent,,3350.0,420.0,,2ος,,"Αχαρνές, Αθήνα - Δυτικά Προάστια",,,https://www.remax.gr/assets/media/properties/medium/360178_98a494cfc50949a587c60dd2d8c0083b.jpeg?v=13983324,,,,,2026-10-02T08:27:42Z,360178,2026-10-02,103/enoikiaseis-epaggelmatika
remax.gr,REMAX Porto,https://www.remax.gr/property/360188-polisi-monokatoikia-olympiakoi-aetoi,"Μονοκατοικία · Ολυμπιακοί Αετοί · Μαρκόπουλο, Υπόλοιπο Αττικής",sale,,370000.0,235.0,,1ος,,"Ολυμπιακοί Αετοί, Μαρκόπουλο, Υπόλοιπο Αττικής",,,https://www.remax.gr/assets/media/properties/medium/360188_2_6251554.jpeg?v=11664620,,,,,2026-10-02T08:27:42Z,360188,2026-10-02,107/pwliseis-agora-katoikies
remax.gr,REMAX Central,https://www.remax.gr/property/360281-polisi-agrotemachio-paiania,Αγροτεμάχιο · Παιανία · Αθήνα - Ανατολικά Προάστια,sale,,180000.0,6000.0,,,,"Παιανία, Αθήνα - Ανατολικά Προάστια",,,https://www.remax.gr/assets/media/properties/medium/360281_c471574735e04ba98fdb7a07120a1800.jpeg?v=13938542,,,,,2026-10-02T08:27:42Z,360281,2026-10-02,104/pwliseis-agora-gi
remax.gr,REMAX En Oiko,https://www.remax.gr/property/360309-polisi-oikopedo-gia-katoikia-anthoysa,Οικόπεδο για κατοικία · Ανθούσα · Αθήνα - Ανατολικά Προάστια,sale,,200000.0,930.0,,,,"Ανθούσα, Αθήνα - Ανατολικά Προάστια",,,https://www.remax.gr/assets/media/properties/medium/360309_abe2bf2dd0c648378d467abc97c63341.jpeg?v=13696202,,,,,2026-10-02T08:27:42Z,360309,2026-10-02,104/pwliseis-agora-gi
remax.gr,REMAX Properties Investment 5,https://www.remax.gr/property/360403-polisi-grafeio-kentro-palaio-menidi,"Γραφείο · Κέντρο Παλαιό Μενίδι · Αχαρνές, Αθήνα - Δυτικά Προάστια",sale,,134000.0,59.0,,Ισόγειο,,"Κέντρο Παλαιό Μενίδι, Αχαρνές, Αθήνα - Δυτικά Προάστια",,,https://www.remax.gr/assets/media/properties/medium/360403_9b2175f31f1944679c8ad9c93484027f.png?v=14192761,,,,,2026-10-02T08:27:42Z,360403,2026-10-02,103/pwliseis-agora-epaggelmatika
remax.gr,REMAX Properties Investment 5,https://www.remax.gr/property/360404-polisi-grafeio-kentro-palaio-menidi,"Γραφείο · Κέντρο Παλαιό Μενίδι · Αχαρνές, Αθήνα - Δυτικά Προάστια",sale,,169000.0,65.0,1,,,"Κέντρο Παλαιό Μενίδι, Αχαρνές, Αθήνα - Δυτικά Προάστια",,,https://www.remax.gr/assets/media/properties/medium/360404_c489536117774c5fa895aae43e18d63f.png?v=14192765,,,,,2026-10-02T08:27:42Z,360404,2026-10-02,103/pwliseis-agora-epaggelmatika
remax.gr,REMAX En Oiko,https://www.remax.gr/property/360634-polisi-oikopedo-gia-katoikia-kantza,"Οικόπεδο για κατοικία · Κάντζα · Παλλήνη, Αθήνα - Ανατολικά Προάστια",sale,,1700000.0,4560.0,,,,"Κάντζα, Παλλήνη, Αθήνα - Ανατολικά Προάστια",,,https://www.remax.gr/assets/media/properties/medium/360634_img_2ba107b8_ad8d_453c_910e_07add387f940.jpeg?v=13696447,,,,,2026-10-02T08:27:42Z,360634,2026-10-02,104/pwliseis-agora-gi
remax.gr,REMAX Lysis,https://www.remax.gr/property/360659-enoikiasi-katastima-agios-antwnios,"Κατάστημα · Άγιος Αντώνιος · Περιστέρι, Αθήνα - Δυτικά Προάστια",rent,,500.0,90.0,2,Υπόγειο,,"Άγιος Αντώνιος, Περιστέρι, Αθήνα - Δυτικά Προάστια",,,https://www.remax.gr/assets/media/properties/medium/360659_3_32653037.jpeg?v=11722828,,,,,2026-10-02T08:27:42Z,360659,2026-10-02,103/enoikiaseis-epaggelmatika
remax.gr,REMAX 361 Solutions,https://www.remax.gr/property/361213-polisi-oikopedo-gia-katoikia-panorama,"Οικόπεδο για κατοικία · Πανόραμα · Παλλήνη, Αθήνα - Ανατολικά Προάστια",sale,,229000.0,849.0,,,,"Πανόραμα, Παλλήνη, Αθήνα - Ανατολικά Προάστια",,,https://www.remax.gr/assets/media/properties/medium/361213_10_679457.jpeg?v=11728294,,,,,2026-10-02T08:27:42Z,361213,2026-10-02,104/pwliseis-agora-gi
remax.gr,REMAX Properties Investment,https://www.remax.gr/property/361257-polisi-diamerisma-gerakas,Διαμέρισμα · Γέρακας · Αθήνα - Ανατολικά Προάστια,sale,,410000.0,122.0,3,2ος,,"Γέρακας, Αθήνα - Ανατολικά Προάστια",,,https://www.remax.gr/assets/media/properties/medium/361257_5d2b3a77394b44f890b08d7f28e9866a.jpeg?v=14270658,,,,,2026-10-02T08:27:42Z,361257,2026-10-02,104/pwliseis-agora-katoikies
remax.gr,REMAX Ergon,https://www.remax.gr/property/361394-enoikiasi-grafeio-stayros-geraka,"Γραφείο · Σταυρός Γέρακα · Γέρακας, Αθήνα - Ανατολικά Προάστια",rent,,2000.0,320.0,,1ος,,"Σταυρός Γέρακα, Γέρακας, Αθήνα - Ανατολικά Προάστια",,,https://www.remax.gr/assets/media/properties/medium/361394_6ff443836503c12632f6575e9b77bf63.jpeg?v=13432908,,,,,2026-10-02T08:27:42Z,361394,2026-10-02,104/enoikiaseis-epaggelmatika
remax.gr,REMAX Evolution,https://www.remax.gr/property/361459-polisi-monokatoikia-agia-triada,"Μονοκατοικία · Αγία Τριάδα · Μαρκόπουλο, Υπόλοιπο Αττικής",sale,,180000.0,116.0,2,Ισόγειο,,"Αγία Τριάδα, Μαρκόπουλο, Υπόλοιπο Αττικής",,,https://www.remax.gr/assets/media/properties/medium/361459_2870_10157559.jpeg?v=11740507,,,,,2026-10-02T08:27:42Z,361459,2026-10-02,107/pwliseis-agora-katoikies
remax.gr,REMAX Real Advisor,https://www.remax.gr/property/361617-enoikiasi-epaggelmatiko-ktirio-galatsi,Eπαγγελματικό Kτήριο · Γαλάτσι · Αθήνα - Δυτικά Προάστια,rent,,5800.0,950.0,16,Ισόγειο,,"Γαλάτσι, Αθήνα - Δυτικά Προάστια",,,https://www.remax.gr/assets/media/properties/medium/361617_6096c459b7de4f19acd9a5223b335748.jpeg?v=13976557,,,,,2026-10-02T08:27:42Z,361617,2026-10-02,103/enoikiaseis-epaggelmatika
remax.gr,REMAX Evolution,https://www.remax.gr/property/361676-polisi-monokatoikia-agia-marina,"Μονοκατοικία · Αγία Μαρίνα · Κορωπί, Αθήνα - Ανατολικά Προάστια",sale,,250000.0,135.0,4,1ος,,"Αγία Μαρίνα, Κορωπί, Αθήνα - Ανατολικά Προάστια",,,https://www.remax.gr/assets/media/properties/medium/361676_3497_10169122.jpeg?v=11750055,,,,,2026-10-02T08:27:42Z,361676,2026-10-02,104/pwliseis-agora-katoikies
remax.gr,REMAX Properties Investment 2,https://www.remax.gr/property/361704-polisi-epaggelmatiko-ktirio-ilion,Eπαγγελματικό Kτήριο · Ίλιον · Αθήνα - Δυτικά Προάστια,sale,,800000.0,740.0,,,,"Ίλιον, Αθήνα - Δυτικά Προάστια",,,https://www.remax.gr/assets/media/properties/medium/361704_d3ec3b8a8bef4020863c997ac3023f67.jpeg?v=14181593,,,,,2026-10-02T08:27:42Z,361704,2026-10-02,103/pwliseis-agora-epaggelmatika
remax.gr,REMAX Properties Investment,https://www.remax.gr/property/361751-polisi-gkarsoniera-studio-porto-rafth,"Γκαρσονιέρα/Studio · Πόρτο Ράφτη · Μαρκόπουλο, Υπόλοιπο Αττικής",sale,,120000.0,30.0,1,Ισόγειο,,"Πόρτο Ράφτη, Μαρκόπουλο, Υπόλοιπο Αττικής",,,https://www.remax.gr/assets/media/properties/medium/361751_defd0cc57f0e567fc37f9e296cf1ddd0.png?v=14150593,,,,,2026-10-02T08:27:42Z,361751,2026-10-02,107/pwliseis-agora-katoikies
remax.gr,REMAX Properties Investment,https://www.remax.gr/property/361752-polisi-mezoneta-porto-rafth,"Μεζονέτα · Πόρτο Ράφτη · Μαρκόπουλο, Υπόλοιπο Αττικής",sale,,375000.0,105.0,2,1ος,,"Πόρτο Ράφτη, Μαρκόπουλο, Υπόλοιπο Αττικής",,,https://www.remax.gr/assets/media/properties/medium/361752_fbbefcf1bf6d483ab63c7ca5ec823f47.png?v=14298727,,,,,2026-10-02T08:27:42Z,361752,2026-10-02,107/pwliseis-agora-katoikies
remax.gr,REMAX 361 Solutions,https://www.remax.gr/property/361870-polisi-oikopedo-gia-katoikia-kentro,"Οικόπεδο για κατοικία · Κέντρο · Γλυκά Νερά, Αθήνα - Ανατολικά Προάστια",sale,,450000.0,690.0,,,,"Κέντρο, Γλυκά Νερά, Αθήνα - Ανατολικά Προάστια",,,https://www.remax.gr/assets/media/properties/medium/361870_1_692419.jpeg?v=11765007,,,,,2026-10-02T08:27:42Z,361870,2026-10-02,104/pwliseis-agora-gi
remax.gr,REMAX Real Advisor,https://www.remax.gr/property/361893-enoikiasi-katastima-nea-iwnia,Κατάστημα · Νέα Ιωνία · Αθήνα - Δυτικά Προάστια,rent,,1450.0,27.0,,Ισόγειο,,"Νέα Ιωνία, Αθήνα - Δυτικά Προάστια",,,https://www.remax.gr/assets/media/properties/medium/361893_img_a952da3d_6e59_4bf2_8cdf_133d73c00508.jpeg?v=13983196,,,,,2026-10-02T08:27:42Z,361893,2026-10-02,103/enoikiaseis-epaggelmatika
remax.gr,REMAX Properties Investment 5,https://www.remax.gr/property/361910-enoikiasi-katastima-peristeri,Κατάστημα · Περιστέρι · Αθήνα - Δυτικά Προάστια,rent,,2000.0,214.0,,Ισόγειο,,"Περιστέρι, Αθήνα - Δυτικά Προάστια",,,https://www.remax.gr/assets/media/properties/medium/361910_1d4d779dd87b4d8b9769cea2721bdd55.jpeg?v=14192546,,,,,2026-10-02T08:27:42Z,361910,2026-10-02,103/enoikiaseis-epaggelmatika
remax.gr,REMAX Ergon,https://www.remax.gr/property/362127-enoikiasi-grafeio-foyresi,"Γραφείο · Φούρεσι · Γλυκά Νερά, Αθήνα - Ανατολικά Προάστια",rent,,3000.0,400.0,,1ος,,"Φούρεσι, Γλυκά Νερά, Αθήνα - Ανατολικά Προάστια",,,https://www.remax.gr/assets/media/properties/medium/362127_3ef2a520f8e712c1ccf113ee50bbdbee.jpeg?v=13963566,,,,,2026-10-02T08:27:42Z,362127,2026-10-02,104/enoikiaseis-epaggelmatika
remax.gr,REMAX Real Advisor,https://www.remax.gr/property/362156-polisi-katastima-nea-iwnia,Κατάστημα · Νέα Ιωνία · Αθήνα - Δυτικά Προάστια,sale,,1100000.0,166.0,,Ισόγειο,,"Νέα Ιωνία, Αθήνα - Δυτικά Προάστια",,,https://www.remax.gr/assets/media/properties/medium/362156_b5683b39d5de4231892b2cedd1018e81.jpeg?v=13976426,,,,,2026-10-02T08:27:42Z,362156,2026-10-02,103/pwliseis-agora-epaggelmatika
remax.gr,REMAX Porto,https://www.remax.gr/property/362208-polisi-diamerisma-porto-rafth,"Διαμέρισμα · Πόρτο Ράφτη · Μαρκόπουλο, Υπόλοιπο Αττικής",sale,,175000.0,48.0,1,2ος,,"Πόρτο Ράφτη, Μαρκόπουλο, Υπόλοιπο Αττικής",,,https://www.remax.gr/assets/media/properties/medium/362208_5_658918.jpeg?v=11781568,,,,,2026-10-02T08:27:42Z,362208,2026-10-02,107/pwliseis-agora-katoikies
remax.gr,REMAX Evolution,https://www.remax.gr/property/362307-polisi-mezoneta-agios-serafeim,"Μεζονέτα · Άγιος Σεραφείμ · Αρτέμιδα (Λούτσα), Αθήνα - Ανατολικά Προάστια",sale,,700000.0,243.0,4,2ος,,"Άγιος Σεραφείμ, Αρτέμιδα (Λούτσα), Αθήνα - Ανατολικά Προάστια",,,https://www.remax.gr/assets/media/properties/medium/362307_3497_10251895.jpeg?v=11794356,,,,,2026-10-02T08:27:42Z,362307,2026-10-02,104/pwliseis-agora-katoikies
remax.gr,REMAX Real Advisor,https://www.remax.gr/property/362348-polisi-oikopedo-gia-katoikia-axarnes,Οικόπεδο για κατοικία · Αχαρνές · Αθήνα - Δυτικά Προάστια,sale,,70000.0,250.0,,,,"Αχαρνές, Αθήνα - Δυτικά Προάστια",,,https://www.remax.gr/assets/media/properties/medium/362348_e2aa7806a02d4ca187b4f1eb2f32976f.jpeg?v=13983192,,,,,2026-10-02T08:27:42Z,362348,2026-10-02,103/pwliseis-agora-gi
remax.gr,REMAX Porto,https://www.remax.gr/property/362424-polisi-diamerisma-porto-rafth,"Διαμέρισμα · Πόρτο Ράφτη · Μαρκόπουλο, Υπόλοιπο Αττικής",sale,,328000.0,88.0,2,1ος,,"Πόρτο Ράφτη, Μαρκόπουλο, Υπόλοιπο Αττικής",,,https://www.remax.gr/assets/media/properties/medium/362424_5_6608600.jpeg?v=13934513,,,,,2026-10-02T08:27:42Z,362424,2026-10-02,107/pwliseis-agora-katoikies
remax.gr,REMAX Porto,https://www.remax.gr/property/362425-polisi-diamerisma-porto-rafth,"Διαμέρισμα · Πόρτο Ράφτη · Μαρκόπουλο, Υπόλοιπο Αττικής",sale,,248000.0,80.0,2,Ισόγειο,,"Πόρτο Ράφτη, Μαρκόπουλο, Υπόλοιπο Αττικής",,,https://www.remax.gr/assets/media/properties/medium/362425_5_6572513.jpeg?v=13934543,,,,,2026-10-02T08:27:42Z,362425,2026-10-02,107/pwliseis-agora-katoikies
remax.gr,REMAX Properties Investment 2,https://www.remax.gr/property/362452-enoikiasi-bila-agia-marina,"Βίλα · Αγία Μαρίνα · Κορωπί, Αθήνα - Ανατολικά Προάστια",rent,,7900.0,400.0,6,Ισόγειο,,"Αγία Μαρίνα, Κορωπί, Αθήνα - Ανατολικά Προάστια",,,https://www.remax.gr/assets/media/properties/medium/362452_68f291390e3f4002a85e5c613d28fa87.jpeg?v=14181280,,,,,2026-10-02T08:27:42Z,362452,2026-10-02,104/enoikiaseis-katoikies
remax.gr,REMAX Lysis,https://www.remax.gr/property/362493-polisi-diamerisma-porto-rafth,"Διαμέρισμα · Πόρτο Ράφτη · Μαρκόπουλο, Υπόλοιπο Αττικής",sale,,390000.0,135.0,3,Ισόγειο,,"Πόρτο Ράφτη, Μαρκόπουλο, Υπόλοιπο Αττικής",,,https://www.remax.gr/assets/media/properties/medium/362493_3_36876119.jpeg?v=11805811,,,,,2026-10-02T08:27:42Z,362493,2026-10-02,107/pwliseis-agora-katoikies
remax.gr,REMAX Abacus Properties,https://www.remax.gr/property/362547-polisi-mezoneta-zoymperi,"Μεζονέτα · Ζούμπερι · Νέα Μάκρη, Αθήνα - Ανατολικά Προάστια",sale,,440000.0,163.0,4,Ισόγειο,,"Ζούμπερι, Νέα Μάκρη, Αθήνα - Ανατολικά Προάστια",,,https://www.remax.gr/assets/media/properties/medium/362547_bc8fc59a50014f26b7abe9975a1f69bb.jpeg?v=14006626,,,,,2026-10-02T08:27:42Z,362547,2026-10-02,104/pwliseis-agora-katoikies
remax.gr,REMAX Plus,https://www.remax.gr/property/362565-polisi-diamerisma-palaia-fwkaia,Διαμέρισμα · Παλαιά Φώκαια · Υπόλοιπο Αττικής,sale,,350000.0,78.0,2,1ος,,"Παλαιά Φώκαια, Υπόλοιπο Αττικής",,,https://www.remax.gr/assets/media/properties/medium/362565_179961d311da1404599d0ba8bb2c1681.jpeg?v=11812753,,,,,2026-10-02T08:27:42Z,362565,2026-10-02,107/pwliseis-agora-katoikies
remax.gr,REMAX En Oiko,https://www.remax.gr/property/362712-polisi-katastima-peristeri,Κατάστημα · Περιστέρι · Αθήνα - Δυτικά Προάστια,sale,,90000.0,123.0,,Ισόγειο,,"Περιστέρι, Αθήνα - Δυτικά Προάστια",,,https://www.remax.gr/assets/media/properties/medium/362712_654ecbfb9c0a4845acaac415cd87fb87.png?v=13695685,,,,,2026-10-02T08:27:42Z,362712,2026-10-02,103/pwliseis-agora-epaggelmatika
remax.gr,REMAX Properties Investment,https://www.remax.gr/property/362717-polisi-oikopedo-gia-katoikia-prasinos-lofos,"Οικόπεδο για κατοικία · Πράσινος Λόφος · Αρτέμιδα (Λούτσα), Αθήνα - Ανατολικά Προάστια",sale,,90000.0,287.0,,,,"Πράσινος Λόφος, Αρτέμιδα (Λούτσα), Αθήνα - Ανατολικά Προάστια",,,https://www.remax.gr/assets/media/properties/medium/362717_3158430b79c4417b9177a6a8dc3cd049.jpeg?v=14186731,,,,,2026-10-02T08:27:42Z,362717,2026-10-02,104/pwliseis-agora-gi
remax.gr,REMAX Evolution,https://www.remax.gr/property/362747-polisi-biomichaniko-biotechniko-industrial-area,"Βιομηχανικό/Βιοτεχνικό · ΒΙ.ΠΕ · Κορωπί, Αθήνα - Ανατολικά Προάστια",sale,,3500000.0,1809.0,10,Ισόγειο,,"ΒΙ.ΠΕ, Κορωπί, Αθήνα - Ανατολικά Προάστια",,,https://www.remax.gr/assets/media/properties/medium/362747_3470_10171469.jpeg?v=11825915,,,,,2026-10-02T08:27:42Z,362747,2026-10-02,104/pwliseis-agora-epaggelmatika
remax.gr,REMAX En Oiko,https://www.remax.gr/property/362781-enoikiasi-katastima-nea-makrh,Κατάστημα · Νέα Μάκρη · Αθήνα - Ανατολικά Προάστια,rent,,540.0,60.0,1,1ος,,"Νέα Μάκρη, Αθήνα - Ανατολικά Προάστια",,,https://www.remax.gr/assets/media/properties/medium/362781_b8723d0472fa4e0d83cbf1355ab157aa.jpeg?v=13695078,,,,,2026-10-02T08:27:42Z,362781,2026-10-02,104/enoikiaseis-epaggelmatika
remax.gr,REMAX En Oiko,https://www.remax.gr/property/362782-enoikiasi-katastima-nea-makrh,Κατάστημα · Νέα Μάκρη · Αθήνα - Ανατολικά Προάστια,rent,,300.0,30.0,1,1ος,,"Νέα Μάκρη, Αθήνα - Ανατολικά Προάστια",,,https://www.remax.gr/assets/media/properties/medium/362782_65fd59f9e0434bda9df74102e8242a58.jpeg?v=13695067,,,,,2026-10-02T08:27:42Z,362782,2026-10-02,104/enoikiaseis-epaggelmatika
remax.gr,REMAX En Oiko,https://www.remax.gr/property/362790-enoikiasi-katastima-nea-makrh,Κατάστημα · Νέα Μάκρη · Αθήνα - Ανατολικά Προάστια,rent,,540.0,60.0,1,Ισόγειο,,"Νέα Μάκρη, Αθήνα - Ανατολικά Προάστια",,,https://www.remax.gr/assets/media/properties/medium/362790_35144707f739416a82b09d708447bce4.png?v=13695073,,,,,2026-10-02T08:27:42Z,362790,2026-10-02,104/enoikiaseis-epaggelmatika
remax.gr,REMAX En Oiko,https://www.remax.gr/property/362791-enoikiasi-katastima-nea-makrh,Κατάστημα · Νέα Μάκρη · Αθήνα - Ανατολικά Προάστια,rent,,300.0,30.0,1,Ισόγειο,,"Νέα Μάκρη, Αθήνα - Ανατολικά Προάστια",,,https://www.remax.gr/assets/media/properties/medium/362791_1e85ffdfa8c848928cf5b7b370eb8476.png?v=13695065,,,,,2026-10-02T08:27:42Z,362791,2026-10-02,104/enoikiaseis-epaggelmatika
remax.gr,REMAX Lysis,https://www.remax.gr/property/362880-polisi-diamerisma-kentro,"Διαμέρισμα · Κέντρο · Γέρακας, Αθήνα - Ανατολικά Προάστια",sale,,434105.0,94.0,2,Ισόγειο,,"Κέντρο, Γέρακας, Αθήνα - Ανατολικά Προάστια",,,https://www.remax.gr/assets/media/properties/medium/362880_8_37095847.jpeg?v=11837357,,,,,2026-10-02T08:27:42Z,362880,2026-10-02,104/pwliseis-agora-katoikies
remax.gr,REMAX Lysis,https://www.remax.gr/property/362881-polisi-diamerisma-kentro,"Διαμέρισμα · Κέντρο · Γέρακας, Αθήνα - Ανατολικά Προάστια",sale,,444452.0,110.0,3,2ος,,"Κέντρο, Γέρακας, Αθήνα - Ανατολικά Προάστια",,,https://www.remax.gr/assets/media/properties/medium/362881_8_37101023.jpeg?v=11837363,,,,,2026-10-02T08:27:42Z,362881,2026-10-02,104/pwliseis-agora-katoikies
remax.gr,REMAX Lysis,https://www.remax.gr/property/362882-polisi-diamerisma-kentro,"Διαμέρισμα · Κέντρο · Γέρακας, Αθήνα - Ανατολικά Προάστια",sale,,455166.0,119.0,3,2ος,,"Κέντρο, Γέρακας, Αθήνα - Ανατολικά Προάστια",,,https://www.remax.gr/assets/media/properties/medium/362882_8_37101023.jpeg?v=11837367,,,,,2026-10-02T08:27:42Z,362882,2026-10-02,104/pwliseis-agora-katoikies
remax.gr,REMAX Real Advisor,https://www.remax.gr/property/362933-polisi-epicheirisi-nea-iwnia,Επιχείρηση · Νέα Ιωνία · Αθήνα - Δυτικά Προάστια,sale,,25000.0,100.0,4,Ισόγειο,,"Νέα Ιωνία, Αθήνα - Δυτικά Προάστια",,,https://www.remax.gr/assets/media/properties/medium/362933_8686c93a9018f8eb05dbfa163fcb860d.jpeg?v=13940257,,,,,2026-10-02T08:27:42Z,362933,2026-10-02,103/pwliseis-agora-epaggelmatika
remax.gr,REMAX En Oiko,https://www.remax.gr/property/362935-polisi-grafeio-axarnes,Γραφείο · Αχαρνές · Αθήνα - Δυτικά Προάστια,sale,,95000.0,70.0,2,Ισόγειο,,"Αχαρνές, Αθήνα - Δυτικά Προάστια",,,https://www.remax.gr/assets/media/properties/medium/362935_757bf690984b4579b996322f84f835ec.png?v=13692523,,,,,2026-10-02T08:27:42Z,362935,2026-10-02,103/pwliseis-agora-epaggelmatika
remax.gr,REMAX Zed,https://www.remax.gr/property/363069-polisi-oikopedo-gia-katoikia-agia-triada,"Οικόπεδο για κατοικία · Αγία Τριάδα · Παιανία, Αθήνα - Ανατολικά Προάστια",sale,,95000.0,230.0,,,,"Αγία Τριάδα, Παιανία, Αθήνα - Ανατολικά Προάστια",,,https://www.remax.gr/assets/media/properties/medium/363069_25_22857198.jpeg?v=11846740,,,,,2026-10-02T08:27:42Z,363069,2026-10-02,104/pwliseis-agora-gi
remax.gr,REMAX Ergon,https://www.remax.gr/property/363113-enoikiasi-ktirio--nea-iwnia,Κτήριο · Νέα Ιωνία · Αθήνα - Δυτικά Προάστια,rent,,15000.0,1442.0,,Ισόγειο,,"Νέα Ιωνία, Αθήνα - Δυτικά Προάστια",,,https://www.remax.gr/assets/media/properties/medium/363113_130528d8d6ae6ad322a65197c4fa7a63.jpeg?v=11848036,,,,,2026-10-02T08:27:42Z,363113,2026-10-02,103/enoikiaseis-epaggelmatika
remax.gr,REMAX Property Experts,https://www.remax.gr/property/363203-polisi-oikopedo-gia-katoikia-mpoyrnazi,"Οικόπεδο για κατοικία · Μπουρνάζι · Περιστέρι, Αθήνα - Δυτικά Προάστια",sale,,180000.0,218.0,,,,"Μπουρνάζι, Περιστέρι, Αθήνα - Δυτικά Προάστια",,,https://www.remax.gr/assets/media/properties/medium/363203_img_e8463f6e_bc09_4deb_836a_351d255f74cf.jpeg?v=14099733,,,,,2026-10-02T08:27:42Z,363203,2026-10-02,103/pwliseis-agora-gi
remax.gr,REMAX En Oiko,https://www.remax.gr/property/363268-polisi-agrotemachio-anthoysa,Αγροτεμάχιο · Ανθούσα · Αθήνα - Ανατολικά Προάστια,sale,,39000.0,282.0,,,,"Ανθούσα, Αθήνα - Ανατολικά Προάστια",,,https://www.remax.gr/assets/media/properties/medium/363268_c4d6d3eddf084122a7d08a6099273b3a.png?v=13696434,,,,,2026-10-02T08:27:42Z,363268,2026-10-02,104/pwliseis-agora-gi
remax.gr,REMAX En Oiko,https://www.remax.gr/property/363269-polisi-agrotemachio-anthoysa,Αγροτεμάχιο · Ανθούσα · Αθήνα - Ανατολικά Προάστια,sale,,39000.0,282.0,,,,"Ανθούσα, Αθήνα - Ανατολικά Προάστια",,,https://www.remax.gr/assets/media/properties/medium/363269_bbd2245e00664bd39795dc14c4d9ada1.jpeg?v=13696431,,,,,2026-10-02T08:27:42Z,363269,2026-10-02,104/pwliseis-agora-gi
remax.gr,REMAX Central,https://www.remax.gr/property/363365-polisi-oikopedo-gia-katoikia-anthoypolh,"Οικόπεδο για κατοικία · Ανθούπολη · Περιστέρι, Αθήνα - Δυτικά Προάστια",sale,,650000.0,617.0,,,,"Ανθούπολη, Περιστέρι, Αθήνα - Δυτικά Προάστια",,,https://www.remax.gr/assets/media/properties/medium/363365_4e16f82120d6e6a3743c8eaa2f2d48db.png?v=13786362,,,,,2026-10-02T08:27:42Z,363365,2026-10-02,103/pwliseis-agora-gi
remax.gr,REMAX Properties Investment 5,https://www.remax.gr/property/363383-enoikiasi-epaggelmatiko-ktirio-peristeri,Eπαγγελματικό Kτήριο · Περιστέρι · Αθήνα - Δυτικά Προάστια,rent,,20000.0,2150.0,,Ισόγειο,,"Περιστέρι, Αθήνα - Δυτικά Προάστια",,,https://www.remax.gr/assets/media/properties/medium/363383_e314ebf7f9764cde8875c16dbd030a3a.jpeg?v=14192451,,,,,2026-10-02T08:27:42Z,363383,2026-10-02,103/enoikiaseis-epaggelmatika
remax.gr,REMAX Properties Investment 5,https://www.remax.gr/property/363392-polisi-oikopedo-gia-katoikia-axarnes,Οικόπεδο για κατοικία · Αχαρνές · Αθήνα - Δυτικά Προάστια,sale,,280000.0,1400.0,,,,"Αχαρνές, Αθήνα - Δυτικά Προάστια",,,https://www.remax.gr/assets/media/properties/medium/363392_a939e50ec3c54808a48f8e8ff9344528.jpeg?v=14192444,,,,,2026-10-02T08:27:42Z,363392,2026-10-02,103/pwliseis-agora-gi
remax.gr,REMAX Real Advisor,https://www.remax.gr/property/363398-polisi-katastima-nea-iwnia,Κατάστημα · Νέα Ιωνία · Αθήνα - Δυτικά Προάστια,sale,,480000.0,332.0,,Ισόγειο,,"Νέα Ιωνία, Αθήνα - Δυτικά Προάστια",,,https://www.remax.gr/assets/media/properties/medium/363398_7d4daffc5c564a80bb2acfc26774657f.jpeg?v=13983159,,,,,2026-10-02T08:27:42Z,363398,2026-10-02,103/pwliseis-agora-epaggelmatika
remax.gr,REMAX Premium,https://www.remax.gr/property/363582-polisi-epaggelmatiko-ktirio-peristeri,Eπαγγελματικό Kτήριο · Περιστέρι · Αθήνα - Δυτικά Προάστια,sale,,2600000.0,3789.0,,Ισόγειο,,"Περιστέρι, Αθήνα - Δυτικά Προάστια",,,https://www.remax.gr/assets/media/properties/medium/363582_d3d20b3de406c12add73ab5f29854157.jpeg?v=13515495,,,,,2026-10-02T08:27:42Z,363582,2026-10-02,103/pwliseis-agora-epaggelmatika
remax.gr,REMAX Porto,https://www.remax.gr/property/363791-polisi-monokatoikia-kakia-8alassa,"Μονοκατοικία · Κακιά Θάλασσα · Κερατέα, Υπόλοιπο Αττικής",sale,,195000.0,110.0,3,Ισόγειο,,"Κακιά Θάλασσα, Κερατέα, Υπόλοιπο Αττικής",,,https://www.remax.gr/assets/media/properties/medium/363791_8_6683692.jpeg?v=12193983,,,,,2026-10-02T08:27:42Z,363791,2026-10-02,107/pwliseis-agora-katoikies
remax.gr,REMAX Elite,https://www.remax.gr/property/363922-enoikiasi-katastima-axarnes,Κατάστημα · Αχαρνές · Αθήνα - Δυτικά Προάστια,rent,,1300.0,190.0,,Ισόγειο,,"Αχαρνές, Αθήνα - Δυτικά Προάστια",,,https://www.remax.gr/assets/media/properties/medium/363922_be7c1d51c44562ca29907149b672ca64.jpeg?v=11888055,,,,,2026-10-02T08:27:42Z,363922,2026-10-02,103/enoikiaseis-epaggelmatika
remax.gr,REMAX Ergon,https://www.remax.gr/property/364198-polisi-ktirio--kentro,"Κτήριο · Κέντρο · Γέρακας, Αθήνα - Ανατολικά Προάστια",sale,,580000.0,366.0,,Ισόγειο,,"Κέντρο, Γέρακας, Αθήνα - Ανατολικά Προάστια",,,https://www.remax.gr/assets/media/properties/medium/364198_1aeaaa9a25fcbc0e88f060701d116104.jpeg?v=14306031,,,,,2026-10-02T08:27:42Z,364198,2026-10-02,104/pwliseis-agora-epaggelmatika
remax.gr,REMAX Zed,https://www.remax.gr/property/364483-polisi-diamerisma-koynoypitsa,"Διαμέρισμα · Κουνουπίτσα · Ασπρόπυργος, Υπόλοιπο Αττικής",sale,,220000.0,157.0,3,2ος,,"Κουνουπίτσα, Ασπρόπυργος, Υπόλοιπο Αττικής",,,https://www.remax.gr/assets/media/properties/medium/364483_12_22333369.jpeg?v=11921193,,,,,2026-10-02T08:27:42Z,364483,2026-10-02,107/pwliseis-agora-katoikies
remax.gr,REMAX Properties Investment,https://www.remax.gr/property/364877-polisi-oikopedo-gia-katoikia-mpoyrnazi,"Οικόπεδο για κατοικία · Μπουρνάζι · Περιστέρι, Αθήνα - Δυτικά Προάστια",sale,,550000.0,381.0,,,,"Μπουρνάζι, Περιστέρι, Αθήνα - Δυτικά Προάστια",,,https://www.remax.gr/assets/media/properties/medium/364877_cee9d615dfdd054705c6ddbb4f5fde53.jpeg?v=11950164,,,,,2026-10-02T08:27:42Z,364877,2026-10-02,103/pwliseis-agora-gi
remax.gr,REMAX Properties Investment,https://www.remax.gr/property/364879-polisi-monokatoikia-wrwpos,Μονοκατοικία · Ωρωπός · Υπόλοιπο Αττικής,sale,,280000.0,240.0,3,1ος,,"Ωρωπός, Υπόλοιπο Αττικής",,,https://www.remax.gr/assets/media/properties/medium/364879_1d42a6a10d43464abade723cd0276af9.jpeg?v=14198087,,,,,2026-10-02T08:27:42Z,364879,2026-10-02,107/pwliseis-agora-katoikies
remax.gr,REMAX 361 Solutions,https://www.remax.gr/property/364903-polisi-epaggelmatiko-ktirio-biamaks,"Eπαγγελματικό Kτήριο · Βιαμάξ · Περιστέρι, Αθήνα - Δυτικά Προάστια",sale,,125000.0,95.0,,Ισόγειο,,"Βιαμάξ, Περιστέρι, Αθήνα - Δυτικά Προάστια",,,https://www.remax.gr/assets/media/properties/medium/364903_7_888227.jpeg?v=13549049,,,,,2026-10-02T08:27:42Z,364903,2026-10-02,103/pwliseis-agora-epaggelmatika
remax.gr,REMAX Ergon,https://www.remax.gr/property/364933-polisi-oikopedo-gia-katoikia-kentro,"Οικόπεδο για κατοικία · Κέντρο · Γλυκά Νερά, Αθήνα - Ανατολικά Προάστια",sale,,400000.0,750.0,,,,"Κέντρο, Γλυκά Νερά, Αθήνα - Ανατολικά Προάστια",,,https://www.remax.gr/assets/media/properties/medium/364933_1f300102ae731daa6742c8a6dfc1dc0f.jpeg?v=11953949,,,,,2026-10-02T08:27:42Z,364933,2026-10-02,104/pwliseis-agora-gi
remax.gr,REMAX Central,https://www.remax.gr/property/365126-polisi-oikopedo-gia-katoikia-aigalew,Οικόπεδο για κατοικία · Αιγάλεω · Αθήνα - Δυτικά Προάστια,sale,,175000.0,145.0,,,,"Αιγάλεω, Αθήνα - Δυτικά Προάστια",,,https://www.remax.gr/assets/media/properties/medium/365126_af3caf5e072d470f8dca36d0ab3fc10c.png?v=13929570,,,,,2026-10-02T08:27:42Z,365126,2026-10-02,103/pwliseis-agora-gi
remax.gr,REMAX Plus,https://www.remax.gr/property/365141-polisi-oikopedo-gia-katoikia-nea-filadelfeia,Οικόπεδο για κατοικία · Νέα Φιλαδέλφεια · Αθήνα - Δυτικά Προάστια,sale,,170000.0,225.0,,,,"Νέα Φιλαδέλφεια, Αθήνα - Δυτικά Προάστια",,,https://www.remax.gr/assets/media/properties/medium/365141_5900bfc8bf6b4b084e5440f04b50d8d4.jpeg?v=11963152,,,,,2026-10-02T08:27:42Z,365141,2026-10-02,103/pwliseis-agora-gi
remax.gr,REMAX Properties Investment,https://www.remax.gr/property/365512-polisi-monokatoikia-agia-marina,"Μονοκατοικία · Αγία Μαρίνα · Κορωπί, Αθήνα - Ανατολικά Προάστια",sale,,3300000.0,1300.0,7,Ισόγειο,,"Αγία Μαρίνα, Κορωπί, Αθήνα - Ανατολικά Προάστια",,,https://www.remax.gr/assets/media/properties/medium/365512_6eb34284dac94fc895eb1a21d23d852e.jpeg?v=14202030,,,,,2026-10-02T08:27:42Z,365512,2026-10-02,104/pwliseis-agora-katoikies
remax.gr,REMAX En Oiko,https://www.remax.gr/property/365886-polisi-monokatoikia-agia-marina,"Μονοκατοικία · Αγία Μαρίνα · Κορωπί, Αθήνα - Ανατολικά Προάστια",sale,,450000.0,245.0,6,Ισόγειο,,"Αγία Μαρίνα, Κορωπί, Αθήνα - Ανατολικά Προάστια",,,https://www.remax.gr/assets/media/properties/medium/365886_c736eb90e9bc433bb5ead80afa8adfcd.jpeg?v=13696197,,,,,2026-10-02T08:27:42Z,365886,2026-10-02,104/pwliseis-agora-katoikies
remax.gr,REMAX En Oiko,https://www.remax.gr/property/365934-enoikiasi-katastima-agioi-anargyroi,Κατάστημα · Αγιοι Ανάργυροι · Αθήνα - Δυτικά Προάστια,rent,,330.0,50.0,,Ισόγειο,,"Αγιοι Ανάργυροι, Αθήνα - Δυτικά Προάστια",,,https://www.remax.gr/assets/media/properties/medium/365934_img_6be4581f_792a_4af6_bf09_5176e9eb68c4.jpeg?v=13696241,,,,,2026-10-02T08:27:42Z,365934,2026-10-02,103/enoikiaseis-epaggelmatika
remax.gr,REMAX En Oiko,https://www.remax.gr/property/365935-enoikiasi-grafeio-mykoniatika,"Γραφείο · Μυκονιάτικα · Αγιοι Ανάργυροι, Αθήνα - Δυτικά Προάστια",rent,,330.0,50.0,,Ισόγειο,,"Μυκονιάτικα, Αγιοι Ανάργυροι, Αθήνα - Δυτικά Προάστια",,,https://www.remax.gr/assets/media/properties/medium/365935_img_01d983eb_a473_4983_8ff9_d43d1273a4df.jpeg?v=13694212,,,,,2026-10-02T08:27:42Z,365935,2026-10-02,103/enoikiaseis-epaggelmatika
remax.gr,REMAX 361 Solutions,https://www.remax.gr/property/365952-enoikiasi-epaggelmatiko-ktirio-kentro,"Eπαγγελματικό Kτήριο · Κέντρο · Γέρακας, Αθήνα - Ανατολικά Προάστια",rent,,7000.0,870.0,4,Ισόγειο,,"Κέντρο, Γέρακας, Αθήνα - Ανατολικά Προάστια",,,https://www.remax.gr/assets/media/properties/medium/365952_5_981347.jpeg?v=12004706,,,,,2026-10-02T08:27:42Z,365952,2026-10-02,104/enoikiaseis-epaggelmatika
remax.gr,REMAX En Oiko,https://www.remax.gr/property/366511-polisi-katastima-axarnes,Κατάστημα · Αχαρνές · Αθήνα - Δυτικά Προάστια,sale,,90000.0,70.0,2,Ισόγειο,,"Αχαρνές, Αθήνα - Δυτικά Προάστια",,,https://www.remax.gr/assets/media/properties/medium/366511_e714473ae80944879845c7f7c58a3828.png?v=13695646,,,,,2026-10-02T08:27:42Z,366511,2026-10-02,103/pwliseis-agora-epaggelmatika
remax.gr,REMAX Properties Investment,https://www.remax.gr/property/366640-polisi-oikopedo-gia-katoikia-foyresi,"Οικόπεδο για κατοικία · Φούρεσι · Γλυκά Νερά, Αθήνα - Ανατολικά Προάστια",sale,,250000.0,222.0,,,,"Φούρεσι, Γλυκά Νερά, Αθήνα - Ανατολικά Προάστια",,,https://www.remax.gr/assets/media/properties/medium/366640_7d0df5cb170b43d0ad59365e0fd9f9f9.png?v=14195347,,,,,2026-10-02T08:27:42Z,366640,2026-10-02,104/pwliseis-agora-gi
remax.gr,REMAX En Oiko,https://www.remax.gr/property/366745-polisi-polukatoikia-nea-makrh,Πολυκατοικία · Νέα Μάκρη · Αθήνα - Ανατολικά Προάστια,sale,,1300000.0,1210.0,,,,"Νέα Μάκρη, Αθήνα - Ανατολικά Προάστια",,,https://www.remax.gr/assets/media/properties/medium/366745_da7f872ff93f4c8796c83016a47e4edb.jpeg?v=13696267,,,,,2026-10-02T08:27:42Z,366745,2026-10-02,104/pwliseis-agora-katoikies
remax.gr,REMAX Properties Investment,https://www.remax.gr/property/366967-polisi-oikopedo-gia-katoikia-axarnes,Οικόπεδο για κατοικία · Αχαρνές · Αθήνα - Δυτικά Προάστια,sale,,97000.0,241.0,,,,"Αχαρνές, Αθήνα - Δυτικά Προάστια",,,https://www.remax.gr/assets/media/properties/medium/366967_eec85562910645e08545b3ed023746b1.jpeg?v=14198499,,,,,2026-10-02T08:27:42Z,366967,2026-10-02,103/pwliseis-agora-gi
remax.gr,REMAX Porto,https://www.remax.gr/property/367049-polisi-sugkrotima-katoikion-porto-rafth,"Συγκρότημα κατοικιών · Πόρτο Ράφτη · Μαρκόπουλο, Υπόλοιπο Αττικής",sale,,250000.0,140.0,,Ισόγειο,,"Πόρτο Ράφτη, Μαρκόπουλο, Υπόλοιπο Αττικής",,,https://www.remax.gr/assets/media/properties/medium/367049_2_456552.jpeg?v=12069671,,,,,2026-10-02T08:27:42Z,367049,2026-10-02,107/pwliseis-agora-katoikies
remax.gr,REMAX Properties Investment 5,https://www.remax.gr/property/367126-polisi-mezoneta-keratea,Μεζονέτα · Κερατέα · Υπόλοιπο Αττικής,sale,,240000.0,117.0,4,Ισόγειο,,"Κερατέα, Υπόλοιπο Αττικής",,,https://www.remax.gr/assets/media/properties/medium/367126_d74355809cf445528c091935594cf383.jpeg?v=14190837,,,,,2026-10-02T08:27:42Z,367126,2026-10-02,107/pwliseis-agora-katoikies
remax.gr,REMAX Properties Investment,https://www.remax.gr/property/367299-polisi-oikopedo-gia-katoikia-nea-makrh,Οικόπεδο για κατοικία · Νέα Μάκρη · Αθήνα - Ανατολικά Προάστια,sale,,500000.0,2344.0,,,,"Νέα Μάκρη, Αθήνα - Ανατολικά Προάστια",,,https://www.remax.gr/assets/media/properties/medium/367299_88d006f659db464ca5115abf9cea7c91.jpeg?v=14194371,,,,,2026-10-02T08:27:42Z,367299,2026-10-02,104/pwliseis-agora-gi
remax.gr,REMAX Properties Investment,https://www.remax.gr/property/367540-polisi-diamerisma-kentro,"Διαμέρισμα · Κέντρο · Μαρκόπουλο, Υπόλοιπο Αττικής",sale,,205000.0,85.0,2,3ος,,"Κέντρο, Μαρκόπουλο, Υπόλοιπο Αττικής",,,https://www.remax.gr/assets/media/properties/medium/367540_c6068d2c762f41908906b47d3331ef9f.jpeg?v=14199525,,,,,2026-10-02T08:27:42Z,367540,2026-10-02,107/pwliseis-agora-katoikies
remax.gr,REMAX Properties Investment,https://www.remax.gr/property/367709-polisi-oikopedo-gia-katoikia-foyresi,"Οικόπεδο για κατοικία · Φούρεσι · Γλυκά Νερά, Αθήνα - Ανατολικά Προάστια",sale,,180000.0,260.0,,,,"Φούρεσι, Γλυκά Νερά, Αθήνα - Ανατολικά Προάστια",,,https://www.remax.gr/assets/media/properties/medium/367709_8232ab60f6d9411fb8e1f85d01160186.jpeg?v=14194302,,,,,2026-10-02T08:27:42Z,367709,2026-10-02,104/pwliseis-agora-gi
remax.gr,REMAX Central,https://www.remax.gr/property/367719-polisi-katastima-nea-xalkhdona,Κατάστημα · Νέα Χαλκηδόνα · Αθήνα - Δυτικά Προάστια,sale,,170000.0,146.0,,Ισόγειο,,"Νέα Χαλκηδόνα, Αθήνα - Δυτικά Προάστια",,,https://www.remax.gr/assets/media/properties/medium/367719_86df26a49fb5441b8ba412991b17478b.jpeg?v=13938145,,,,,2026-10-02T08:27:42Z,367719,2026-10-02,103/pwliseis-agora-epaggelmatika
remax.gr,REMAX Properties Investment,https://www.remax.gr/property/367946-polisi-oikopedo-gia-katoikia-nea-makrh,Οικόπεδο για κατοικία · Νέα Μάκρη · Αθήνα - Ανατολικά Προάστια,sale,,245000.0,1170.0,,,,"Νέα Μάκρη, Αθήνα - Ανατολικά Προάστια",,,https://www.remax.gr/assets/media/properties/medium/367946_d059c2fc2baa4f5796cac08cf67e637d.jpeg?v=14194294,,,,,2026-10-02T08:27:42Z,367946,2026-10-02,104/pwliseis-agora-gi
remax.gr,REMAX Ergon,https://www.remax.gr/property/368253-polisi-oikopedo-gia-katoikia-palataki,"Οικόπεδο για κατοικία · Παλατάκι · Χαϊδάρι, Αθήνα - Δυτικά Προάστια",sale,,240000.0,150.0,,,,"Παλατάκι, Χαϊδάρι, Αθήνα - Δυτικά Προάστια",,,https://www.remax.gr/assets/media/properties/medium/368253_e69401d89f124eb43e325d99f0cc33f1.jpeg?v=14165126,,,,,2026-10-02T08:27:42Z,368253,2026-10-02,103/pwliseis-agora-gi
remax.gr,REMAX Properties Investment 5,https://www.remax.gr/property/368447-polisi-biomichaniko-biotechniko-axarnes,Βιομηχανικό/Βιοτεχνικό · Αχαρνές · Αθήνα - Δυτικά Προάστια,sale,,4000000.0,2000.0,,,,"Αχαρνές, Αθήνα - Δυτικά Προάστια",,,https://www.remax.gr/assets/media/properties/medium/368447_0e70fe0b5d2c4bca9c3c5bef1833ee39.png?v=14190256,,,,,2026-10-02T08:27:42Z,368447,2026-10-02,103/pwliseis-agora-epaggelmatika
remax.gr,REMAX Properties Investment 5,https://www.remax.gr/property/368448-enoikiasi-biomichaniko-biotechniko-axarnes,Βιομηχανικό/Βιοτεχνικό · Αχαρνές · Αθήνα - Δυτικά Προάστια,rent,,17000.0,2000.0,,,,"Αχαρνές, Αθήνα - Δυτικά Προάστια",,,https://www.remax.gr/assets/media/properties/medium/368448_6647c742717f412fb77ab5041cbd7063.png?v=14190524,,,,,2026-10-02T08:27:42Z,368448,2026-10-02,103/enoikiaseis-epaggelmatika
remax.gr,REMAX Properties Investment,https://www.remax.gr/property/368898-polisi-oikopedo-gia-epaggelmatiki-chrisi-panorama,"Οικόπεδο για επαγγελματική χρήση · Πανόραμα · Παλλήνη, Αθήνα - Ανατολικά Προάστια",sale,,90000.0,296.0,,,,"Πανόραμα, Παλλήνη, Αθήνα - Ανατολικά Προάστια",,,https://www.remax.gr/assets/media/properties/medium/368898_84d3cb3e199d4df19689ea0c8841c1da.jpeg?v=14160665,,,,,2026-10-02T08:27:42Z,368898,2026-10-02,104/pwliseis-agora-gi
remax.gr,REMAX Properties Investment,https://www.remax.gr/property/368911-polisi-oikopedo-gia-katoikia-neos-boytzas,"Οικόπεδο για κατοικία · Νέος Βουτζάς · Νέα Μάκρη, Αθήνα - Ανατολικά Προάστια",sale,,250000.0,1011.0,,,,"Νέος Βουτζάς, Νέα Μάκρη, Αθήνα - Ανατολικά Προάστια",,,https://www.remax.gr/assets/media/properties/medium/368911_ca0638c7a9a04a81ba3552fc408e6c6a.jpeg?v=14201347,,,,,2026-10-02T08:27:42Z,368911,2026-10-02,104/pwliseis-agora-gi
remax.gr,REMAX Zed,https://www.remax.gr/property/368973-polisi-monokatoikia-ari,"Μονοκατοικία · Αρί · Κερατέα, Υπόλοιπο Αττικής",sale,,190000.0,60.0,8,Ισόγειο,,"Αρί, Κερατέα, Υπόλοιπο Αττικής",,,https://www.remax.gr/assets/media/properties/medium/368973_4_23993674.jpeg?v=13094241,,,,,2026-10-02T08:27:42Z,368973,2026-10-02,107/pwliseis-agora-katoikies
remax.gr,REMAX Zed,https://www.remax.gr/property/369073-polisi-oikopedo-gia-katoikia-agrileza,"Οικόπεδο για κατοικία · Αγριλέζα · Αχαρνές, Αθήνα - Δυτικά Προάστια",sale,,150000.0,200.0,,,,"Αγριλέζα, Αχαρνές, Αθήνα - Δυτικά Προάστια",,,https://www.remax.gr/assets/media/properties/medium/369073_4_24082419.jpeg?v=12189705,,,,,2026-10-02T08:27:42Z,369073,2026-10-02,103/pwliseis-agora-gi
remax.gr,REMAX Properties Investment,https://www.remax.gr/property/369099-polisi-oikopedo-gia-katoikia-artemida-loytsa,Οικόπεδο για κατοικία · Αρτέμιδα (Λούτσα) · Αθήνα - Ανατολικά Προάστια,sale,,84000.0,290.0,,,,"Αρτέμιδα (Λούτσα), Αθήνα - Ανατολικά Προάστια",,,https://www.remax.gr/assets/media/properties/medium/369099_1584ae1755504d658b5d2af9459c26ca.jpeg?v=14158966,,,,,2026-10-02T08:27:42Z,369099,2026-10-02,104/pwliseis-agora-gi
remax.gr,REMAX Properties Investment,https://www.remax.gr/property/369127-polisi-monokatoikia-agia-marina-neas-makrhs,"Μονοκατοικία · Αγία Μαρίνα Νέας Μάκρης · Νέα Μάκρη, Αθήνα - Ανατολικά Προάστια",sale,,300000.0,388.0,6,1ος,,"Αγία Μαρίνα Νέας Μάκρης, Νέα Μάκρη, Αθήνα - Ανατολικά Προάστια",,,https://www.remax.gr/assets/media/properties/medium/369127_ea0610e042a64b668188c94aee7835bb.jpeg?v=14194343,,,,,2026-10-02T08:27:42Z,369127,2026-10-02,104/pwliseis-agora-katoikies
remax.gr,REMAX Real Advisor,https://www.remax.gr/property/369146-polisi-diamerisma-megara,Διαμέρισμα · Μέγαρα · Υπόλοιπο Αττικής,sale,,165000.0,165.0,4,2ος,,"Μέγαρα, Υπόλοιπο Αττικής",,,https://www.remax.gr/assets/media/properties/medium/369146_243a5b30484246dda4b62d3912f7063c.jpeg?v=13982944,,,,,2026-10-02T08:27:42Z,369146,2026-10-02,107/pwliseis-agora-katoikies
remax.gr,REMAX Real Advisor,https://www.remax.gr/property/369147-polisi-diamerisma-megara,Διαμέρισμα · Μέγαρα · Υπόλοιπο Αττικής,sale,,105000.0,125.0,3,1ος,,"Μέγαρα, Υπόλοιπο Αττικής",,,https://www.remax.gr/assets/media/properties/medium/369147_b7f5943745964e85b237462e89b3f876.jpeg?v=13982939,,,,,2026-10-02T08:27:42Z,369147,2026-10-02,107/pwliseis-agora-katoikies
remax.gr,REMAX Properties Investment,https://www.remax.gr/property/369329-polisi-oikopedo-gia-katoikia-mesobarda,"Οικόπεδο για κατοικία · Μεσοβάρδα · Αρτέμιδα (Λούτσα), Αθήνα - Ανατολικά Προάστια",sale,,250000.0,1536.0,,,,"Μεσοβάρδα, Αρτέμιδα (Λούτσα), Αθήνα - Ανατολικά Προάστια",,,https://www.remax.gr/assets/media/properties/medium/369329_93aa9fa430db4cf18b7f66646416ca2f.jpeg?v=14201661,,,,,2026-10-02T08:27:42Z,369329,2026-10-02,104/pwliseis-agora-gi
remax.gr,REMAX 361 Solutions,https://www.remax.gr/property/369637-polisi-oikopedo-gia-katoikia-kentro,"Οικόπεδο για κατοικία · Κέντρο · Παιανία, Αθήνα - Ανατολικά Προάστια",sale,,125000.0,350.0,,,,"Κέντρο, Παιανία, Αθήνα - Ανατολικά Προάστια",,,https://www.remax.gr/assets/media/properties/medium/369637_7_865176.jpeg?v=13514640,,,,,2026-10-02T08:27:42Z,369637,2026-10-02,104/pwliseis-agora-gi
remax.gr,REMAX 361 Solutions,https://www.remax.gr/property/369638-polisi-oikopedo-gia-katoikia-trigwno-lagoy,"Οικόπεδο για κατοικία · Τρίγωνο Λαγού · Παιανία, Αθήνα - Ανατολικά Προάστια",sale,,270000.0,1192.0,,,,"Τρίγωνο Λαγού, Παιανία, Αθήνα - Ανατολικά Προάστια",,,https://www.remax.gr/assets/media/properties/medium/369638_7_855771.jpeg?v=12265985,,,,,2026-10-02T08:27:42Z,369638,2026-10-02,104/pwliseis-agora-gi
remax.gr,REMAX Porto,https://www.remax.gr/property/369645-polisi-diamerisma-kentro,"Διαμέρισμα · Κέντρο · Μαρκόπουλο, Υπόλοιπο Αττικής",sale,,195000.0,70.0,2,2ος,,"Κέντρο, Μαρκόπουλο, Υπόλοιπο Αττικής",,,https://www.remax.gr/assets/media/properties/medium/369645_8_7118190.jpeg?v=13121952,,,,,2026-10-02T08:27:42Z,369645,2026-10-02,107/pwliseis-agora-katoikies
remax.gr,REMAX Evolution,https://www.remax.gr/property/369828-polisi-diamerisma-kentro,"Διαμέρισμα · Κέντρο · Καλύβια Θορικού, Υπόλοιπο Αττικής",sale,,330000.0,177.0,3,2ος,,"Κέντρο, Καλύβια Θορικού, Υπόλοιπο Αττικής",,,https://www.remax.gr/assets/media/properties/medium/369828_3501_10719743.jpeg?v=12265962,,,,,2026-10-02T08:27:42Z,369828,2026-10-02,107/pwliseis-agora-katoikies
remax.gr,REMAX Evolution,https://www.remax.gr/property/369829-polisi-diamerisma-kentro,"Διαμέρισμα · Κέντρο · Καλύβια Θορικού, Υπόλοιπο Αττικής",sale,,260000.0,144.0,3,Ισόγειο,,"Κέντρο, Καλύβια Θορικού, Υπόλοιπο Αττικής",,,https://www.remax.gr/assets/media/properties/medium/369829_3501_10699863.jpeg?v=12265988,,,,,2026-10-02T08:27:42Z,369829,2026-10-02,107/pwliseis-agora-katoikies
remax.gr,REMAX 361 Solutions,https://www.remax.gr/property/369847-polisi-oikopedo-gia-katoikia-karouzi,"Οικόπεδο για κατοικία · Καρούζι · Παλλήνη, Αθήνα - Ανατολικά Προάστια",sale,,545000.0,1211.0,,,,"Καρούζι, Παλλήνη, Αθήνα - Ανατολικά Προάστια",,,https://www.remax.gr/assets/media/properties/medium/369847_1_61728.jpeg?v=13054452,,,,,2026-10-02T08:27:42Z,369847,2026-10-02,104/pwliseis-agora-gi
remax.gr,REMAX 361 Solutions,https://www.remax.gr/property/369849-polisi-oikopedo-gia-katoikia-mariza,"Οικόπεδο για κατοικία · Νέα Παλλήνη · Παλλήνη, Αθήνα - Ανατολικά Προάστια",sale,,472000.0,1179.0,,,,"Νέα Παλλήνη, Παλλήνη, Αθήνα - Ανατολικά Προάστια",,,https://www.remax.gr/assets/media/properties/medium/369849_1_628697.jpeg?v=13054449,,,,,2026-10-02T08:27:42Z,369849,2026-10-02,104/pwliseis-agora-gi
remax.gr,REMAX En Oiko,https://www.remax.gr/property/369864-polisi-apothiki-nea-iwnia,Αποθήκη · Νέα Ιωνία · Αθήνα - Δυτικά Προάστια,sale,,88000.0,108.0,1,Ισόγειο,,"Νέα Ιωνία, Αθήνα - Δυτικά Προάστια",,,https://www.remax.gr/assets/media/properties/medium/369864_c23ec16b7f794aee9c79a7a1c59fa5b9.png?v=13695391,,,,,2026-10-02T08:27:42Z,369864,2026-10-02,103/pwliseis-agora-epaggelmatika
remax.gr,REMAX Porto,https://www.remax.gr/property/369933-polisi-monokatoikia-porto-rafth,"Μονοκατοικία · Πόρτο Ράφτη · Μαρκόπουλο, Υπόλοιπο Αττικής",sale,,165000.0,90.0,2,Ισόγειο,,"Πόρτο Ράφτη, Μαρκόπουλο, Υπόλοιπο Αττικής",,,https://www.remax.gr/assets/media/properties/medium/369933_6_6996194.jpeg?v=12280320,,,,,2026-10-02T08:27:42Z,369933,2026-10-02,107/pwliseis-agora-katoikies
remax.gr,REMAX 361 Solutions,https://www.remax.gr/property/369950-polisi-diamerisma-garghttos,"Διαμέρισμα · Γαργηττός · Γέρακας, Αθήνα - Ανατολικά Προάστια",sale,,450000.0,117.0,3,2ος,,"Γαργηττός, Γέρακας, Αθήνα - Ανατολικά Προάστια",,,https://www.remax.gr/assets/media/properties/medium/369950_5_1252150.jpeg?v=12283686,,,,,2026-10-02T08:27:42Z,369950,2026-10-02,104/pwliseis-agora-katoikies
remax.gr,REMAX Properties Investment,https://www.remax.gr/property/369977-polisi-monokatoikia-aspropyrgos,Μονοκατοικία · Ασπρόπυργος · Υπόλοιπο Αττικής,sale,,195000.0,195.0,4,Ισόγειο,,"Ασπρόπυργος, Υπόλοιπο Αττικής",,,https://www.remax.gr/assets/media/properties/medium/369977_2911538837d148f6990ad01825c0b16b.jpeg?v=14199260,,,,,2026-10-02T08:27:42Z,369977,2026-10-02,107/pwliseis-agora-katoikies
remax.gr,REMAX Real Advisor,https://www.remax.gr/property/369995-enoikiasi-katastima-nea-iwnia,Κατάστημα · Νέα Ιωνία · Αθήνα - Δυτικά Προάστια,rent,,2900.0,44.0,,Ισόγειο,,"Νέα Ιωνία, Αθήνα - Δυτικά Προάστια",,,https://www.remax.gr/assets/media/properties/medium/369995_8e3b4bed5b4c450dacf407d288833ca5.jpeg?v=13981868,,,,,2026-10-02T08:27:42Z,369995,2026-10-02,103/enoikiaseis-epaggelmatika
remax.gr,REMAX 361 Solutions,https://www.remax.gr/property/370112-polisi-oikopedo-gia-katoikia-anoiksh,"Οικόπεδο για κατοικία · Άνοιξη · Παιανία, Αθήνα - Ανατολικά Προάστια",sale,,1600000.0,4555.0,,,,"Άνοιξη, Παιανία, Αθήνα - Ανατολικά Προάστια",,,https://www.remax.gr/assets/media/properties/medium/370112_7_1282057.jpeg?v=14342367,,,,,2026-10-02T08:27:42Z,370112,2026-10-02,104/pwliseis-agora-gi
remax.gr,REMAX Invest,https://www.remax.gr/property/370285-enoikiasi-epaggelmatiko-ktirio-neo-nekrotafeio-axarnwn,"Eπαγγελματικό Kτήριο · Νέο Νεκροταφείο Αχαρνών · Αχαρνές, Αθήνα - Δυτικά Προάστια",rent,,2200.0,270.0,3,Ισόγειο,,"Νέο Νεκροταφείο Αχαρνών, Αχαρνές, Αθήνα - Δυτικά Προάστια",,,https://www.remax.gr/assets/media/properties/medium/370285_1_2841080.jpeg?v=12309987,,,,,2026-10-02T08:27:42Z,370285,2026-10-02,103/enoikiaseis-epaggelmatika
remax.gr,REMAX Properties Investment 5,https://www.remax.gr/property/370414-polisi-biomichaniko-biotechniko-korwpi,Βιομηχανικό/Βιοτεχνικό · Κορωπί · Αθήνα - Ανατολικά Προάστια,sale,,3200000.0,2350.0,,,,"Κορωπί, Αθήνα - Ανατολικά Προάστια",,,https://www.remax.gr/assets/media/properties/medium/370414_53efd75ebc7b471a82951afb3ae26d94.jpeg?v=14191523,,,,,2026-10-02T08:27:42Z,370414,2026-10-02,104/pwliseis-agora-epaggelmatika
remax.gr,REMAX Central,https://www.remax.gr/property/370715-enoikiasi-grafeio-aigalew,Γραφείο · Αιγάλεω · Αθήνα - Δυτικά Προάστια,rent,,700.0,85.0,4,1ος,,"Αιγάλεω, Αθήνα - Δυτικά Προάστια",,,https://www.remax.gr/assets/media/properties/medium/370715_7c81c42641d444929854eb46672760f5.jpeg?v=13936439,,,,,2026-10-02T08:27:42Z,370715,2026-10-02,103/enoikiaseis-epaggelmatika
remax.gr,REMAX Properties Investment 5,https://www.remax.gr/property/370728-polisi-oikopedo-gia-katoikia-marathwnas,Οικόπεδο για κατοικία · Μαραθώνας · Αθήνα - Ανατολικά Προάστια,sale,,55000.0,430.0,,,,"Μαραθώνας, Αθήνα - Ανατολικά Προάστια",,,https://www.remax.gr/assets/media/properties/medium/370728_3d413e1006e24936a6d03e4831a30d1b.png?v=14186443,,,,,2026-10-02T08:27:42Z,370728,2026-10-02,104/pwliseis-agora-gi
remax.gr,REMAX Friends,https://www.remax.gr/property/370936-enoikiasi-biomichaniko-biotechniko-peristeri,Βιομηχανικό/Βιοτεχνικό · Περιστέρι · Αθήνα - Δυτικά Προάστια,rent,,6000.0,400.0,,Ισόγειο,,"Περιστέρι, Αθήνα - Δυτικά Προάστια",,,https://www.remax.gr/assets/media/properties/medium/370936_844e5b49027d4f59b2c5156c566cd7f0.jpeg?v=14075067,,,,,2026-10-02T08:27:42Z,370936,2026-10-02,103/enoikiaseis-epaggelmatika
remax.gr,REMAX Properties Investment,https://www.remax.gr/property/371164-polisi-oikopedo-gia-epaggelmatiki-chrisi-bothwnas,"Οικόπεδο για επαγγελματική χρήση · Βόθωνας · Μαραθώνας, Αθήνα - Ανατολικά Προάστια",sale,,120000.0,6254.0,,,,"Βόθωνας, Μαραθώνας, Αθήνα - Ανατολικά Προάστια",,,https://www.remax.gr/assets/media/properties/medium/371164_d7bbc2b0d80d4acbaac9da81b73ea3ed.jpeg?v=14201681,,,,,2026-10-02T08:27:42Z,371164,2026-10-02,104/pwliseis-agora-gi
remax.gr,REMAX Properties Investment,https://www.remax.gr/property/371167-polisi-oikopedo-gia-katoikia-dikastika,"Οικόπεδο για κατοικία · Δικαστικά · Μαραθώνας, Αθήνα - Ανατολικά Προάστια",sale,,425000.0,1215.0,,,,"Δικαστικά, Μαραθώνας, Αθήνα - Ανατολικά Προάστια",,,https://www.remax.gr/assets/media/properties/medium/371167_dec1896b01e643bda5f930198d26a7ee.jpeg?v=14201477,,,,,2026-10-02T08:27:42Z,371167,2026-10-02,104/pwliseis-agora-gi
remax.gr,REMAX Properties Investment,https://www.remax.gr/property/371170-polisi-oikopedo-gia-katoikia-sxinias,"Οικόπεδο για κατοικία · Σχινιάς · Μαραθώνας, Αθήνα - Ανατολικά Προάστια",sale,,75000.0,742.0,,,,"Σχινιάς, Μαραθώνας, Αθήνα - Ανατολικά Προάστια",,,https://www.remax.gr/assets/media/properties/medium/371170_d93a678942c942d586f16233ede25455.jpeg?v=14201503,,,,,2026-10-02T08:27:42Z,371170,2026-10-02,104/pwliseis-agora-gi
remax.gr,REMAX En Oiko,https://www.remax.gr/property/371173-polisi-oikopedo-gia-katoikia-nea-iwnia,Οικόπεδο για κατοικία · Νέα Ιωνία · Αθήνα - Δυτικά Προάστια,sale,,190000.0,200.0,,,,"Νέα Ιωνία, Αθήνα - Δυτικά Προάστια",,,https://www.remax.gr/assets/media/properties/medium/371173_2d57a5acbaf74ba494c04d6fb5e44ddb.jpeg?v=13695108,,,,,2026-10-02T08:27:42Z,371173,2026-10-02,103/pwliseis-agora-gi
remax.gr,REMAX Real Advisor,https://www.remax.gr/property/371276-enoikiasi-grafeio-nea-iwnia,Γραφείο · Νέα Ιωνία · Αθήνα - Δυτικά Προάστια,rent,,800.0,100.0,,2ος,,"Νέα Ιωνία, Αθήνα - Δυτικά Προάστια",,,https://www.remax.gr/assets/media/properties/medium/371276_6971f8becf1842f98398a91acacde952.jpeg?v=13979635,,,,,2026-10-02T08:27:42Z,371276,2026-10-02,103/enoikiaseis-epaggelmatika
remax.gr,REMAX Properties Investment,https://www.remax.gr/property/371280-polisi-oikopedo-gia-epaggelmatiki-chrisi-glyka-nera,Οικόπεδο για επαγγελματική χρήση · Γλυκά Νερά · Αθήνα - Ανατολικά Προάστια,sale,,750000.0,1427.0,,,,"Γλυκά Νερά, Αθήνα - Ανατολικά Προάστια",,,https://www.remax.gr/assets/media/properties/medium/371280_053d696eea1c49489081179a614b6ccb.jpeg?v=14201977,,,,,2026-10-02T08:27:42Z,371280,2026-10-02,104/pwliseis-agora-gi
remax.gr,REMAX Real Advisor,https://www.remax.gr/property/371299-enoikiasi-katastima-nea-iwnia,Κατάστημα · Νέα Ιωνία · Αθήνα - Δυτικά Προάστια,rent,,2000.0,67.0,,Ισόγειο,,"Νέα Ιωνία, Αθήνα - Δυτικά Προάστια",,,https://www.remax.gr/assets/media/properties/medium/371299_d8ae617f567646bf98a639b32b43e3af.jpeg?v=13982464,,,,,2026-10-02T08:27:42Z,371299,2026-10-02,103/enoikiaseis-epaggelmatika
remax.gr,REMAX Evolution,https://www.remax.gr/property/371454-polisi-oikopedo-gia-katoikia-kentro,"Οικόπεδο για κατοικία · Κέντρο · Σπάτα, Αθήνα - Ανατολικά Προάστια",sale,,200000.0,510.0,,,,"Κέντρο, Σπάτα, Αθήνα - Ανατολικά Προάστια",,,https://www.remax.gr/assets/media/properties/medium/371454_3503_10844388.jpeg?v=12395254,,,,,2026-10-02T08:27:42Z,371454,2026-10-02,104/pwliseis-agora-gi
remax.gr,REMAX Evolution,https://www.remax.gr/property/371459-polisi-diamerisma-kentro,"Διαμέρισμα · Κέντρο · Λαύριο, Υπόλοιπο Αττικής",sale,,150000.0,92.0,3,1ος,,"Κέντρο, Λαύριο, Υπόλοιπο Αττικής",,,https://www.remax.gr/assets/media/properties/medium/371459_3503_1083288.jpeg?v=12395429,,,,,2026-10-02T08:27:42Z,371459,2026-10-02,107/pwliseis-agora-katoikies
remax.gr,REMAX Real Advisor,https://www.remax.gr/property/371477-enoikiasi-katastima-nea-iwnia,Κατάστημα · Νέα Ιωνία · Αθήνα - Δυτικά Προάστια,rent,,2200.0,150.0,,Ισόγειο,,"Νέα Ιωνία, Αθήνα - Δυτικά Προάστια",,,https://www.remax.gr/assets/media/properties/medium/371477_18a5bf65a8454883999e2d582558eeca.jpeg?v=13980776,,,,,2026-10-02T08:27:42Z,371477,2026-10-02,103/enoikiaseis-epaggelmatika
remax.gr,REMAX Plus,https://www.remax.gr/property/371575-enoikiasi-monokatoikia-agia-marina,"Μονοκατοικία · Αγία Μαρίνα · Κορωπί, Αθήνα - Ανατολικά Προάστια",rent,,4800.0,390.0,5,Ισόγειο,,"Αγία Μαρίνα, Κορωπί, Αθήνα - Ανατολικά Προάστια",,,https://www.remax.gr/assets/media/properties/medium/371575_fa26e15e47b81426548ca4424d276d8d.jpeg?v=12627004,,,,,2026-10-02T08:27:42Z,371575,2026-10-02,104/enoikiaseis-katoikies
remax.gr,REMAX Properties Investment,https://www.remax.gr/property/371687-polisi-oikopedo-gia-epaggelmatiki-chrisi-paiania,Οικόπεδο για επαγγελματική χρήση · Παιανία · Αθήνα - Ανατολικά Προάστια,sale,,140000.0,1066.0,,,,"Παιανία, Αθήνα - Ανατολικά Προάστια",,,https://www.remax.gr/assets/media/properties/medium/371687_a1cabf11bf7543228d8f5cd78e1005ee.jpeg?v=14201587,,,,,2026-10-02T08:27:42Z,371687,2026-10-02,104/pwliseis-agora-gi
remax.gr,REMAX Real Advisor,https://www.remax.gr/property/372020-polisi-epicheirisi-nea-iwnia,Επιχείρηση · Νέα Ιωνία · Αθήνα - Δυτικά Προάστια,sale,,20000.0,90.0,3,Ισόγειο,,"Νέα Ιωνία, Αθήνα - Δυτικά Προάστια",,,https://www.remax.gr/assets/media/properties/medium/372020_152310bbe86144e390f9765b5a71cdd4.jpeg?v=13978246,,,,,2026-10-02T08:27:42Z,372020,2026-10-02,103/pwliseis-agora-epaggelmatika
remax.gr,REMAX Evolution,https://www.remax.gr/property/372189-polisi-mezoneta-kentro,"Μεζονέτα · Κέντρο · Κορωπί, Αθήνα - Ανατολικά Προάστια",sale,,350000.0,215.0,3,Ισόγειο,,"Κέντρο, Κορωπί, Αθήνα - Ανατολικά Προάστια",,,https://www.remax.gr/assets/media/properties/medium/372189_3501_10943159.jpeg?v=12442526,,,,,2026-10-02T08:27:42Z,372189,2026-10-02,104/pwliseis-agora-katoikies
remax.gr,REMAX Evolution,https://www.remax.gr/property/372190-polisi-mezoneta-lamprika,"Μεζονέτα · Λαμπρικά · Κορωπί, Αθήνα - Ανατολικά Προάστια",sale,,350000.0,215.0,3,Ισόγειο,,"Λαμπρικά, Κορωπί, Αθήνα - Ανατολικά Προάστια",,,https://www.remax.gr/assets/media/properties/medium/372190_3501_10952749.jpeg?v=12442562,,,,,2026-10-02T08:27:42Z,372190,2026-10-02,104/pwliseis-agora-katoikies
remax.gr,REMAX Evolution,https://www.remax.gr/property/372191-polisi-mezoneta-galini,"Μεζονέτα · Άνοιξη · Κορωπί, Αθήνα - Ανατολικά Προάστια",sale,,700000.0,430.0,3,Ισόγειο,,"Άνοιξη, Κορωπί, Αθήνα - Ανατολικά Προάστια",,,https://www.remax.gr/assets/media/properties/medium/372191_3501_10967961.jpeg?v=12442602,,,,,2026-10-02T08:27:42Z,372191,2026-10-02,104/pwliseis-agora-katoikies
remax.gr,REMAX Properties Investment,https://www.remax.gr/property/372246-polisi-oikopedo-gia-katoikia-agios-nikolaos,"Οικόπεδο για κατοικία · Άγιος Νικόλαος · Αρτέμιδα (Λούτσα), Αθήνα - Ανατολικά Προάστια",sale,,108000.0,271.0,,,,"Άγιος Νικόλαος, Αρτέμιδα (Λούτσα), Αθήνα - Ανατολικά Προάστια",,,https://www.remax.gr/assets/media/properties/medium/372246_f6d0f932a50e41f78371676c02071e0e.png?v=14199488,,,,,2026-10-02T08:27:42Z,372246,2026-10-02,104/pwliseis-agora-gi
remax.gr,REMAX Porto,https://www.remax.gr/property/372341-polisi-monokatoikia-kakia-8alassa,"Μονοκατοικία · Κακιά Θάλασσα · Κερατέα, Υπόλοιπο Αττικής",sale,,230000.0,100.0,2,Ισόγειο,,"Κακιά Θάλασσα, Κερατέα, Υπόλοιπο Αττικής",,,https://www.remax.gr/assets/media/properties/medium/372341_13_780141.jpeg?v=12450677,,,,,2026-10-02T08:27:42Z,372341,2026-10-02,107/pwliseis-agora-katoikies
remax.gr,REMAX Abacus Properties,https://www.remax.gr/property/372529-polisi-epaggelmatiko-ktirio-anthoypolh,"Eπαγγελματικό Kτήριο · Ανθούπολη · Περιστέρι, Αθήνα - Δυτικά Προάστια",sale,,650000.0,500.0,10,Ισόγειο,,"Ανθούπολη, Περιστέρι, Αθήνα - Δυτικά Προάστια",,,https://www.remax.gr/assets/media/properties/medium/372529_31951fa15bf640c097ceef6841a8c5fe.jpeg?v=14007977,,,,,2026-10-02T08:27:42Z,372529,2026-10-02,103/pwliseis-agora-epaggelmatika
remax.gr,REMAX Real Advisor,https://www.remax.gr/property/372539-enoikiasi-mezoneta-8rakomakedones,"Μεζονέτα · Θρακομακεδόνες · Αχαρνές, Αθήνα - Δυτικά Προάστια",rent,,1950.0,250.0,3,,,"Θρακομακεδόνες, Αχαρνές, Αθήνα - Δυτικά Προάστια",,,https://www.remax.gr/assets/media/properties/medium/372539_16942d2b8f1a4c6589f629151c7f7b0c.jpeg?v=13981601,,,,,2026-10-02T08:27:42Z,372539,2026-10-02,103/enoikiaseis-katoikies
remax.gr,REMAX Properties Investment,https://www.remax.gr/property/372551-polisi-oikopedo-gia-katoikia-kentro,"Οικόπεδο για κατοικία · Κέντρο · Νέα Ιωνία, Αθήνα - Δυτικά Προάστια",sale,,260000.0,130.0,,,,"Κέντρο, Νέα Ιωνία, Αθήνα - Δυτικά Προάστια",,,https://www.remax.gr/assets/media/properties/medium/372551_09b66d4009254812aacdc7a008bcf3c9.jpeg?v=14200849,,,,,2026-10-02T08:27:42Z,372551,2026-10-02,103/pwliseis-agora-gi
remax.gr,REMAX Properties Investment,https://www.remax.gr/property/372639-polisi-diamerisma-pallhnh,Διαμέρισμα · Παλλήνη · Αθήνα - Ανατολικά Προάστια,sale,,360000.0,180.0,3,4ος,,"Παλλήνη, Αθήνα - Ανατολικά Προάστια",,,https://www.remax.gr/assets/media/properties/medium/372639_e11bb61829b04fa88f8f413c28cb49cb.jpeg?v=14196022,,,,,2026-10-02T08:27:42Z,372639,2026-10-02,104/pwliseis-agora-katoikies
remax.gr,REMAX Zed,https://www.remax.gr/property/372743-polisi-oikopedo-gia-katoikia-olympiako-xwrio,"Οικόπεδο για κατοικία · Ολυμπιακό Χωριό · Αχαρνές, Αθήνα - Δυτικά Προάστια",sale,,35000.0,150.0,,,,"Ολυμπιακό Χωριό, Αχαρνές, Αθήνα - Δυτικά Προάστια",,,https://www.remax.gr/assets/media/properties/medium/372743_12_21801257.jpeg?v=12472315,,,,,2026-10-02T08:27:42Z,372743,2026-10-02,103/pwliseis-agora-gi
remax.gr,REMAX Real Advisor,https://www.remax.gr/property/372763-polisi-mezoneta-kentro,"Μεζονέτα · Κέντρο · Ωρωπός, Υπόλοιπο Αττικής",sale,,155000.0,110.0,1,1ος,,"Κέντρο, Ωρωπός, Υπόλοιπο Αττικής",,,https://www.remax.gr/assets/media/properties/medium/372763_f2f85960435e4e42b2c12931a885078d.jpeg?v=13982240,,,,,2026-10-02T08:27:42Z,372763,2026-10-02,107/pwliseis-agora-katoikies
remax.gr,REMAX Central,https://www.remax.gr/property/372840-polisi-katastima-peristeri,Κατάστημα · Περιστέρι · Αθήνα - Δυτικά Προάστια,sale,,250000.0,200.0,2,Ισόγειο,,"Περιστέρι, Αθήνα - Δυτικά Προάστια",,,https://www.remax.gr/assets/media/properties/medium/372840_c26e608938184dc59df70efe6b866890.jpeg?v=13932291,,,,,2026-10-02T08:27:42Z,372840,2026-10-02,103/pwliseis-agora-epaggelmatika
remax.gr,REMAX En Oiko,https://www.remax.gr/property/372891-enoikiasi-grafeio-glyka-nera,Γραφείο · Γλυκά Νερά · Αθήνα - Ανατολικά Προάστια,rent,,1400.0,130.0,7,1ος,,"Γλυκά Νερά, Αθήνα - Ανατολικά Προάστια",,,https://www.remax.gr/assets/media/properties/medium/372891_img_a7ac3d29_f5c3_481e_913f_4e813cd3b0f2.jpeg?v=13695995,,,,,2026-10-02T08:27:42Z,372891,2026-10-02,104/enoikiaseis-epaggelmatika
remax.gr,REMAX Properties Investment 5,https://www.remax.gr/property/372982-enoikiasi-katastima-agioi-anargyroi,"Κατάστημα · Άγιοι Ανάργυροι · Νέα Ιωνία, Αθήνα - Δυτικά Προάστια",rent,,2000.0,100.0,,,,"Άγιοι Ανάργυροι, Νέα Ιωνία, Αθήνα - Δυτικά Προάστια",,,https://www.remax.gr/assets/media/properties/medium/372982_df3b805ca8924f3c93e51421f4f8579e.jpeg?v=14191866,,,,,2026-10-02T08:27:42Z,372982,2026-10-02,103/enoikiaseis-epaggelmatika
remax.gr,REMAX Porto,https://www.remax.gr/property/373063-polisi-monokatoikia-porto-rafth,"Μονοκατοικία · Πόρτο Ράφτη · Μαρκόπουλο, Υπόλοιπο Αττικής",sale,,350000.0,250.0,4,Ισόγειο,,"Πόρτο Ράφτη, Μαρκόπουλο, Υπόλοιπο Αττικής",,,https://www.remax.gr/assets/media/properties/medium/373063_5_7811113.jpeg?v=13517336,,,,,2026-10-02T08:27:42Z,373063,2026-10-02,107/pwliseis-agora-katoikies
remax.gr,REMAX En Oiko,https://www.remax.gr/property/373090-polisi-oikopedo-gia-katoikia-gerakas,Οικόπεδο για κατοικία · Γέρακας · Αθήνα - Ανατολικά Προάστια,sale,,150000.0,196.0,,,,"Γέρακας, Αθήνα - Ανατολικά Προάστια",,,https://www.remax.gr/assets/media/properties/medium/373090_54fe501758594aa09527c19df878b538.png?v=13693419,,,,,2026-10-02T08:27:42Z,373090,2026-10-02,104/pwliseis-agora-gi
remax.gr,REMAX En Oiko,https://www.remax.gr/property/373096-polisi-oikopedo-gia-katoikia-8rakomakedones,"Οικόπεδο για κατοικία · Θρακομακεδόνες · Αχαρνές, Αθήνα - Δυτικά Προάστια",sale,,180000.0,1040.0,,,,"Θρακομακεδόνες, Αχαρνές, Αθήνα - Δυτικά Προάστια",,,https://www.remax.gr/assets/media/properties/medium/373096_e374492205d243259a4869514f952bc5.jpeg?v=13691321,,,,,2026-10-02T08:27:42Z,373096,2026-10-02,103/pwliseis-agora-gi
remax.gr,REMAX Real Advisor,https://www.remax.gr/property/373115-enoikiasi-katastima-nea-filadelfeia,Κατάστημα · Νέα Φιλαδέλφεια · Αθήνα - Δυτικά Προάστια,rent,,1150.0,66.0,,Ισόγειο,,"Νέα Φιλαδέλφεια, Αθήνα - Δυτικά Προάστια",,,https://www.remax.gr/assets/media/properties/medium/373115_1db01366ff8a4725b60241ff26bff422.jpeg?v=13981953,,,,,2026-10-02T08:27:42Z,373115,2026-10-02,103/enoikiaseis-epaggelmatika
remax.gr,REMAX Zed,https://www.remax.gr/property/373133-polisi-oikopedo-gia-katoikia-karellas,"Οικόπεδο για κατοικία · Καρελλάς · Κορωπί, Αθήνα - Ανατολικά Προάστια",sale,,600000.0,20000.0,,,,"Καρελλάς, Κορωπί, Αθήνα - Ανατολικά Προάστια",,,https://www.remax.gr/assets/media/properties/medium/373133_8_24884626.jpeg?v=12491532,,,,,2026-10-02T08:27:42Z,373133,2026-10-02,104/pwliseis-agora-gi
remax.gr,REMAX Real Advisor,https://www.remax.gr/property/373276-polisi-monokatoikia-aspropyrgos,Μονοκατοικία · Ασπρόπυργος · Υπόλοιπο Αττικής,sale,,210000.0,127.0,3,Ισόγειο,,"Ασπρόπυργος, Υπόλοιπο Αττικής",,,https://www.remax.gr/assets/media/properties/medium/373276_1fcb3d61d21547b199a7bf6f7c31903d.jpeg?v=13982064,,,,,2026-10-02T08:27:42Z,373276,2026-10-02,107/pwliseis-agora-katoikies
remax.gr,REMAX Real Advisor,https://www.remax.gr/property/373278-polisi-diamerisma-anw-liosia,Διαμέρισμα · Άνω Λιόσια · Υπόλοιπο Αττικής,sale,,70000.0,100.0,,2ος,,"Άνω Λιόσια, Υπόλοιπο Αττικής",,,https://www.remax.gr/assets/media/properties/medium/373278_fe2323886cde4b5997d91e23d3526110.jpeg?v=13982091,,,,,2026-10-02T08:27:42Z,373278,2026-10-02,107/pwliseis-agora-katoikies
remax.gr,REMAX Real Advisor,https://www.remax.gr/property/373280-polisi-diamerisma-anw-liosia,Διαμέρισμα · Άνω Λιόσια · Υπόλοιπο Αττικής,sale,,75000.0,100.0,3,Υπόγειο,,"Άνω Λιόσια, Υπόλοιπο Αττικής",,,https://www.remax.gr/assets/media/properties/medium/373280_9382238e534546b78bc12f7e15370a8d.jpeg?v=13982061,,,,,2026-10-02T08:27:42Z,373280,2026-10-02,107/pwliseis-agora-katoikies
remax.gr,REMAX Real Advisor,https://www.remax.gr/property/373281-polisi-diamerisma-anw-liosia,Διαμέρισμα · Άνω Λιόσια · Υπόλοιπο Αττικής,sale,,70000.0,100.0,,1ος,,"Άνω Λιόσια, Υπόλοιπο Αττικής",,,https://www.remax.gr/assets/media/properties/medium/373281_6f045194593a4a218008dd20c3d7f88e.jpeg?v=13982057,,,,,2026-10-02T08:27:42Z,373281,2026-10-02,107/pwliseis-agora-katoikies
remax.gr,REMAX Ergon,https://www.remax.gr/property/373417-enoikiasi-ktirio--kentro,"Κτήριο · Κέντρο · Γλυκά Νερά, Αθήνα - Ανατολικά Προάστια",rent,,10500.0,1240.0,,Ισόγειο,,"Κέντρο, Γλυκά Νερά, Αθήνα - Ανατολικά Προάστια",,,https://www.remax.gr/assets/media/properties/medium/373417_2fee60ffc6230b790bc877ce8089ad28.jpeg?v=12523033,,,,,2026-10-02T08:27:42Z,373417,2026-10-02,104/enoikiaseis-epaggelmatika
remax.gr,REMAX Evolution,https://www.remax.gr/property/373883-polisi-diamerisma-sarwnida,Διαμέρισμα · Σαρωνίδα · Υπόλοιπο Αττικής,sale,,290000.0,102.0,3,Ισόγειο,,"Σαρωνίδα, Υπόλοιπο Αττικής",,,https://www.remax.gr/assets/media/properties/medium/373883_3501_10797256.jpeg?v=12540648,,,,,2026-10-02T08:27:42Z,373883,2026-10-02,107/pwliseis-agora-katoikies
remax.gr,REMAX Evolution,https://www.remax.gr/property/373993-polisi-diamerisma-agia-triada,"Διαμέρισμα · Αγία Τριάδα · Παιανία, Αθήνα - Ανατολικά Προάστια",sale,,220000.0,120.0,2,2ος,,"Αγία Τριάδα, Παιανία, Αθήνα - Ανατολικά Προάστια",,,https://www.remax.gr/assets/media/properties/medium/373993_3501_11145227.jpeg?v=12547601,,,,,2026-10-02T08:27:42Z,373993,2026-10-02,104/pwliseis-agora-katoikies
remax.gr,REMAX En Oiko,https://www.remax.gr/property/374027-enoikiasi-grafeio-xaidari,Γραφείο · Χαϊδάρι · Αθήνα - Δυτικά Προάστια,rent,,750.0,40.0,1,2ος,,"Χαϊδάρι, Αθήνα - Δυτικά Προάστια",,,https://www.remax.gr/assets/media/properties/medium/374027_158ab166ca0041699c9578b4dbac8c16.jpeg?v=13695955,,,,,2026-10-02T08:27:42Z,374027,2026-10-02,103/enoikiaseis-epaggelmatika
remax.gr,REMAX Homes,https://www.remax.gr/property/374081-polisi-monokatoikia-nea-makrh,Μονοκατοικία · Νέα Μάκρη · Αθήνα - Ανατολικά Προάστια,sale,,450000.0,242.0,3,,,"Νέα Μάκρη, Αθήνα - Ανατολικά Προάστια",,,https://www.remax.gr/assets/media/properties/medium/374081_de4c6fba646b4823a2edd15ebcbb2af5.jpeg?v=14317950,,,,,2026-10-02T08:27:42Z,374081,2026-10-02,104/pwliseis-agora-katoikies
remax.gr,REMAX Plus,https://www.remax.gr/property/374114-polisi-mezoneta-rafhna,Μεζονέτα · Ραφήνα · Υπόλοιπο Αττικής,sale,,285000.0,110.0,,Ισόγειο,,"Ραφήνα, Υπόλοιπο Αττικής",,,https://www.remax.gr/assets/media/properties/medium/374114_4dfbf6b816712a686f9818c7772ad91c.jpeg?v=12551782,,,,,2026-10-02T08:27:42Z,374114,2026-10-02,107/pwliseis-agora-katoikies
remax.gr,REMAX En Oiko,https://www.remax.gr/property/374279-polisi-oikopedo-gia-katoikia-paiania,Οικόπεδο για κατοικία · Παιανία · Αθήνα - Ανατολικά Προάστια,sale,,50000.0,250.0,,,,"Παιανία, Αθήνα - Ανατολικά Προάστια",,,https://www.remax.gr/assets/media/properties/medium/374279_622915b549294ac1a24962409136d6c9.png?v=13691838,,,,,2026-10-02T08:27:42Z,374279,2026-10-02,104/pwliseis-agora-gi
remax.gr,REMAX Properties Investment,https://www.remax.gr/property/374396-enoikiasi-epaggelmatiko-ktirio-kentro,"Eπαγγελματικό Kτήριο · Κέντρο · Γέρακας, Αθήνα - Ανατολικά Προάστια",rent,,19000.0,1101.0,,Ισόγειο,,"Κέντρο, Γέρακας, Αθήνα - Ανατολικά Προάστια",,,https://www.remax.gr/assets/media/properties/medium/374396_11512b36a41441fc92007dcfc3c93aa6.jpeg?v=14200851,,,,,2026-10-02T08:27:42Z,374396,2026-10-02,104/enoikiaseis-epaggelmatika
remax.gr,REMAX Abacus Properties,https://www.remax.gr/property/374400-polisi-grafeio-kentro,"Γραφείο · Κέντρο · Περιστέρι, Αθήνα - Δυτικά Προάστια",sale,,250000.0,118.0,5,2ος,,"Κέντρο, Περιστέρι, Αθήνα - Δυτικά Προάστια",,,https://www.remax.gr/assets/media/properties/medium/374400_5539df8c07df4d3298181a3e91871fc5.jpeg?v=14008066,,,,,2026-10-02T08:27:42Z,374400,2026-10-02,103/pwliseis-agora-epaggelmatika
remax.gr,REMAX Porto,https://www.remax.gr/property/374491-polisi-oikopedo-gia-katoikia-borineza,"Οικόπεδο για κατοικία · Βορινέζα · Αρτέμιδα (Λούτσα), Αθήνα - Ανατολικά Προάστια",sale,,61000.0,240.0,,,,"Βορινέζα, Αρτέμιδα (Λούτσα), Αθήνα - Ανατολικά Προάστια",,,https://www.remax.gr/assets/media/properties/medium/374491_8_7595606.jpeg?v=14159474,,,,,2026-10-02T08:27:42Z,374491,2026-10-02,104/pwliseis-agora-gi
remax.gr,REMAX Properties Investment 5,https://www.remax.gr/property/374560-polisi-monokatoikia-mandra,Μονοκατοικία · Μάνδρα · Υπόλοιπο Αττικής,sale,,300000.0,180.0,4,1ος,,"Μάνδρα, Υπόλοιπο Αττικής",,,https://www.remax.gr/assets/media/properties/medium/374560_270c3f8a2ce840c38f84c6f9403950d0.jpeg?v=14227179,,,,,2026-10-02T08:27:42Z,374560,2026-10-02,107/pwliseis-agora-katoikies
remax.gr,REMAX Properties Investment,https://www.remax.gr/property/374677-polisi-katastima-nea-filadelfeia,Κατάστημα · Νέα Φιλαδέλφεια · Αθήνα - Δυτικά Προάστια,sale,,179000.0,132.0,,Ισόγειο,,"Νέα Φιλαδέλφεια, Αθήνα - Δυτικά Προάστια",,,https://www.remax.gr/assets/media/properties/medium/374677_fc6e0a1db1a64a9ca10fb8f0b1806cda.jpeg?v=14194660,,,,,2026-10-02T08:27:42Z,374677,2026-10-02,103/pwliseis-agora-epaggelmatika
remax.gr,REMAX En Oiko,https://www.remax.gr/property/374785-polisi-mezoneta-gerakas,Μεζονέτα · Γέρακας · Αθήνα - Ανατολικά Προάστια,sale,,490000.0,243.0,3,1ος,,"Γέρακας, Αθήνα - Ανατολικά Προάστια",,,https://www.remax.gr/assets/media/properties/medium/374785_a29983ee9fbc45668c4ee21b26fd4054.jpeg?v=13694476,,,,,2026-10-02T08:27:42Z,374785,2026-10-02,104/pwliseis-agora-katoikies
remax.gr,REMAX Evolution,https://www.remax.gr/property/374806-polisi-mezoneta-profarta,"Μεζονέτα · Προφάρτα · Κορωπί, Αθήνα - Ανατολικά Προάστια",sale,,1100000.0,310.0,5,Ισόγειο,,"Προφάρτα, Κορωπί, Αθήνα - Ανατολικά Προάστια",,,https://www.remax.gr/assets/media/properties/medium/374806_3469_11208803.jpeg?v=12609567,,,,,2026-10-02T08:27:42Z,374806,2026-10-02,104/pwliseis-agora-katoikies
remax.gr,REMAX Ergon,https://www.remax.gr/property/374819-enoikiasi-grafeio-mpalana,"Γραφείο · Μπάλανα · Γέρακας, Αθήνα - Ανατολικά Προάστια",rent,,1800.0,180.0,,Ισόγειο,,"Μπάλανα, Γέρακας, Αθήνα - Ανατολικά Προάστια",,,https://www.remax.gr/assets/media/properties/medium/374819_b0f3fb4c0766b57589050f27c0a7c1c2.jpeg?v=12609834,,,,,2026-10-02T08:27:42Z,374819,2026-10-02,104/enoikiaseis-epaggelmatika
remax.gr,REMAX En Oiko,https://www.remax.gr/property/374844-polisi-monokatoikia-kalamos,Μονοκατοικία · Κάλαμος · Υπόλοιπο Αττικής,sale,,320000.0,400.0,,Ισόγειο,,"Κάλαμος, Υπόλοιπο Αττικής",,,https://www.remax.gr/assets/media/properties/medium/374844_afb607d4f65443ee8a1acf5f38e0215d.jpeg?v=13695866,,,,,2026-10-02T08:27:42Z,374844,2026-10-02,107/pwliseis-agora-katoikies
remax.gr,REMAX Porto,https://www.remax.gr/property/374882-polisi-diamerisma-porto-rafth,"Διαμέρισμα · Πόρτο Ράφτη · Μαρκόπουλο, Υπόλοιπο Αττικής",sale,,250000.0,50.0,1,2ος,,"Πόρτο Ράφτη, Μαρκόπουλο, Υπόλοιπο Αττικής",,,https://www.remax.gr/assets/media/properties/medium/374882_8_7934547.jpeg?v=12611357,,,,,2026-10-02T08:27:42Z,374882,2026-10-02,107/pwliseis-agora-katoikies
remax.gr,REMAX Properties Investment,https://www.remax.gr/property/374903-polisi-katastima-nea-filadelfeia,Κατάστημα · Νέα Φιλαδέλφεια · Αθήνα - Δυτικά Προάστια,sale,,175000.0,192.0,,,,"Νέα Φιλαδέλφεια, Αθήνα - Δυτικά Προάστια",,,https://www.remax.gr/assets/media/properties/medium/374903_212e6945d4fc469babada1b71244d21d.jpeg?v=14164343,,,,,2026-10-02T08:27:42Z,374903,2026-10-02,103/pwliseis-agora-epaggelmatika
remax.gr,REMAX En Oiko,https://www.remax.gr/property/374908-polisi-monokatoikia-pallhnh,Μονοκατοικία · Παλλήνη · Αθήνα - Ανατολικά Προάστια,sale,,735000.0,277.0,4,4ος,,"Παλλήνη, Αθήνα - Ανατολικά Προάστια",,,https://www.remax.gr/assets/media/properties/medium/374908_4269701725bc4414ac0e70351f79d53f.jpeg?v=13695893,,,,,2026-10-02T08:27:42Z,374908,2026-10-02,104/pwliseis-agora-katoikies
remax.gr,REMAX Porto,https://www.remax.gr/property/374933-polisi-monokatoikia-panorama,"Μονοκατοικία · Πανόραμα · Αρτέμιδα (Λούτσα), Αθήνα - Ανατολικά Προάστια",sale,,780000.0,407.0,6,Υπόγειο,,"Πανόραμα, Αρτέμιδα (Λούτσα), Αθήνα - Ανατολικά Προάστια",,,https://www.remax.gr/assets/media/properties/medium/374933_2_8057204.jpeg?v=12617855,,,,,2026-10-02T08:27:42Z,374933,2026-10-02,104/pwliseis-agora-katoikies
remax.gr,REMAX Ergon,https://www.remax.gr/property/374948-enoikiasi-grafeio-aigalew,Γραφείο · Αιγάλεω · Αθήνα - Δυτικά Προάστια,rent,,8000.0,812.0,,Ισόγειο,,"Αιγάλεω, Αθήνα - Δυτικά Προάστια",,,https://www.remax.gr/assets/media/properties/medium/374948_f213be3510e8c7e377846d800d76e677.jpeg?v=12621328,,,,,2026-10-02T08:27:42Z,374948,2026-10-02,103/enoikiaseis-epaggelmatika
remax.gr,REMAX Ergon,https://www.remax.gr/property/374949-polisi-grafeio-aigalew,Γραφείο · Αιγάλεω · Αθήνα - Δυτικά Προάστια,sale,,1200000.0,812.0,,Ισόγειο,,"Αιγάλεω, Αθήνα - Δυτικά Προάστια",,,https://www.remax.gr/assets/media/properties/medium/374949_af2dac1cedf5ff01f22249479bc17a96.jpeg?v=12621334,,,,,2026-10-02T08:27:42Z,374949,2026-10-02,103/pwliseis-agora-epaggelmatika
remax.gr,REMAX Premium,https://www.remax.gr/property/374996-polisi-mezoneta-korwpi,Μεζονέτα · Κορωπί · Αθήνα - Ανατολικά Προάστια,sale,,300000.0,65.0,2,Ισόγειο,,"Κορωπί, Αθήνα - Ανατολικά Προάστια",,,https://www.remax.gr/assets/media/properties/medium/374996_e4ed8201279133a86e809d17a334f822.jpeg?v=12624261,,,,,2026-10-02T08:27:42Z,374996,2026-10-02,104/pwliseis-agora-katoikies
remax.gr,REMAX Ergon,https://www.remax.gr/property/375012-polisi-ktirio--lazaroy,"Κτήριο · Λαζάρου · Νέα Ιωνία, Αθήνα - Δυτικά Προάστια",sale,,1200000.0,600.0,,Ισόγειο,,"Λαζάρου, Νέα Ιωνία, Αθήνα - Δυτικά Προάστια",,,https://www.remax.gr/assets/media/properties/medium/375012_4bb75538afe643ca5f0bcd462085c263.jpeg?v=12624549,,,,,2026-10-02T08:27:42Z,375012,2026-10-02,103/pwliseis-agora-epaggelmatika
remax.gr,REMAX Abacus Properties,https://www.remax.gr/property/375065-polisi-oikopedo-gia-katoikia-agios-antwnios,"Οικόπεδο για κατοικία · Άγιος Αντώνιος · Περιστέρι, Αθήνα - Δυτικά Προάστια",sale,,270000.0,270.0,,,,"Άγιος Αντώνιος, Περιστέρι, Αθήνα - Δυτικά Προάστια",,,https://www.remax.gr/assets/media/properties/medium/375065_76f757596455446db1d744d3179cf203.jpeg?v=14008176,,,,,2026-10-02T08:27:42Z,375065,2026-10-02,103/pwliseis-agora-gi
remax.gr,REMAX Premium,https://www.remax.gr/property/375084-enoikiasi-katastima-axarnes,Κατάστημα · Αχαρνές · Αθήνα - Δυτικά Προάστια,rent,,3500.0,301.0,2,Ισόγειο,,"Αχαρνές, Αθήνα - Δυτικά Προάστια",,,https://www.remax.gr/assets/media/properties/medium/375084_e3804124de856c3a051466d5f8596ed0.jpeg?v=12864287,,,,,2026-10-02T08:27:42Z,375084,2026-10-02,103/enoikiaseis-epaggelmatika
remax.gr,REMAX 361 Solutions,https://www.remax.gr/property/375140-polisi-diamerisma-kentro,"Διαμέρισμα · Κέντρο · Γλυκά Νερά, Αθήνα - Ανατολικά Προάστια",sale,,380000.0,120.0,3,1ος,,"Κέντρο, Γλυκά Νερά, Αθήνα - Ανατολικά Προάστια",,,https://www.remax.gr/assets/media/properties/medium/375140_10_1614431.jpeg?v=12634511,,,,,2026-10-02T08:27:42Z,375140,2026-10-02,104/pwliseis-agora-katoikies
remax.gr,REMAX Evolution,https://www.remax.gr/property/375181-polisi-agrotemachio-agia-marina,"Αγροτεμάχιο · Αγία Μαρίνα · Κορωπί, Αθήνα - Ανατολικά Προάστια",sale,,850000.0,6435.0,,,,"Αγία Μαρίνα, Κορωπί, Αθήνα - Ανατολικά Προάστια",,,https://www.remax.gr/assets/media/properties/medium/375181_3496_11215363.jpeg?v=12636059,,,,,2026-10-02T08:27:42Z,375181,2026-10-02,104/pwliseis-agora-gi
remax.gr,REMAX Evolution,https://www.remax.gr/property/375182-polisi-oikopedo-gia-katoikia-agia-marina,"Οικόπεδο για κατοικία · Αγία Μαρίνα · Κορωπί, Αθήνα - Ανατολικά Προάστια",sale,,850000.0,2060.0,,,,"Αγία Μαρίνα, Κορωπί, Αθήνα - Ανατολικά Προάστια",,,https://www.remax.gr/assets/media/properties/medium/375182_3496_11222739.jpeg?v=12744831,,,,,2026-10-02T08:27:42Z,375182,2026-10-02,104/pwliseis-agora-gi
remax.gr,REMAX Properties Investment,https://www.remax.gr/property/375202-polisi-diamerisma-rafhna,Διαμέρισμα · Ραφήνα · Υπόλοιπο Αττικής,sale,,280000.0,78.0,2,1ος,,"Ραφήνα, Υπόλοιπο Αττικής",,,https://www.remax.gr/assets/media/properties/medium/375202_0db27425ebc840d181411ac099fd720b.jpeg?v=14199778,,,,,2026-10-02T08:27:42Z,375202,2026-10-02,107/pwliseis-agora-katoikies
remax.gr,REMAX Porto,https://www.remax.gr/property/375263-polisi-monokatoikia-dionysos,"Μονοκατοικία · Διόνυσος · Κερατέα, Υπόλοιπο Αττικής",sale,,170000.0,133.0,3,Ισόγειο,,"Διόνυσος, Κερατέα, Υπόλοιπο Αττικής",,,https://www.remax.gr/assets/media/properties/medium/375263_4_7197320.jpeg?v=12643068,,,,,2026-10-02T08:27:42Z,375263,2026-10-02,107/pwliseis-agora-katoikies
remax.gr,REMAX Real Advisor,https://www.remax.gr/property/375291-polisi-katastima-kentro,"Κατάστημα · Κέντρο · Νέα Ιωνία, Αθήνα - Δυτικά Προάστια",sale,,200000.0,60.0,2,Ισόγειο,,"Κέντρο, Νέα Ιωνία, Αθήνα - Δυτικά Προάστια",,,https://www.remax.gr/assets/media/properties/medium/375291_f15822d68716086863f590b442e04ded.jpeg?v=13756817,,,,,2026-10-02T08:27:42Z,375291,2026-10-02,103/pwliseis-agora-epaggelmatika
remax.gr,REMAX Properties Investment,https://www.remax.gr/property/375351-polisi-monokatoikia-artemida-loytsa,Μονοκατοικία · Αρτέμιδα (Λούτσα) · Αθήνα - Ανατολικά Προάστια,sale,,84000.0,50.0,1,Ισόγειο,,"Αρτέμιδα (Λούτσα), Αθήνα - Ανατολικά Προάστια",,,https://www.remax.gr/assets/media/properties/medium/375351_12632e3ef0fb4bbe8355eec381f4ae41.jpeg?v=14158958,,,,,2026-10-02T08:27:42Z,375351,2026-10-02,104/pwliseis-agora-katoikies
remax.gr,REMAX 361 Solutions,https://www.remax.gr/property/375396-enoikiasi-katastima-kentro,"Κατάστημα · Κέντρο · Γλυκά Νερά, Αθήνα - Ανατολικά Προάστια",rent,,1400.0,70.0,2,Ισόγειο,,"Κέντρο, Γλυκά Νερά, Αθήνα - Ανατολικά Προάστια",,,https://www.remax.gr/assets/media/properties/medium/375396_12_1666287.jpeg?v=12650962,,,,,2026-10-02T08:27:42Z,375396,2026-10-02,104/enoikiaseis-epaggelmatika
remax.gr,REMAX Optimum,https://www.remax.gr/property/375411-polisi-oikopedo-gia-katoikia-agios-andreas,"Οικόπεδο για κατοικία · Άγιος Ανδρέας · Παιανία, Αθήνα - Ανατολικά Προάστια",sale,,65000.0,208.0,,,,"Άγιος Ανδρέας, Παιανία, Αθήνα - Ανατολικά Προάστια",,,https://www.remax.gr/assets/media/properties/medium/375411_68f787e5796dd1761052645.jpeg?v=12652638,,,,,2026-10-02T08:27:42Z,375411,2026-10-02,104/pwliseis-agora-gi
remax.gr,REMAX Abacus Properties,https://www.remax.gr/property/375454-polisi-katastima-anthoypolh,"Κατάστημα · Ανθούπολη · Περιστέρι, Αθήνα - Δυτικά Προάστια",sale,,53000.0,51.0,2,Ισόγειο,,"Ανθούπολη, Περιστέρι, Αθήνα - Δυτικά Προάστια",,,https://www.remax.gr/assets/media/properties/medium/375454_ea7845874b2f4659bbabd5401f443130.jpeg?v=14008262,,,,,2026-10-02T08:27:42Z,375454,2026-10-02,103/pwliseis-agora-epaggelmatika
remax.gr,REMAX 361 Solutions,https://www.remax.gr/property/375483-polisi-polukatoikia-kentro,"Πολυκατοικία · Κέντρο · Γέρακας, Αθήνα - Ανατολικά Προάστια",sale,,750000.0,989.0,,Ισόγειο,,"Κέντρο, Γέρακας, Αθήνα - Ανατολικά Προάστια",,,https://www.remax.gr/assets/media/properties/medium/375483_10_1679185.jpeg?v=12656580,,,,,2026-10-02T08:27:42Z,375483,2026-10-02,104/pwliseis-agora-katoikies
remax.gr,REMAX 361 Solutions,https://www.remax.gr/property/375489-polisi-mezoneta-garghttos,"Μεζονέτα · Γαργηττός · Γέρακας, Αθήνα - Ανατολικά Προάστια",sale,,315000.0,140.0,3,1ος,,"Γαργηττός, Γέρακας, Αθήνα - Ανατολικά Προάστια",,,https://www.remax.gr/assets/media/properties/medium/375489_1_972449.jpeg?v=12656607,,,,,2026-10-02T08:27:42Z,375489,2026-10-02,104/pwliseis-agora-katoikies
remax.gr,REMAX Evolution,https://www.remax.gr/property/375504-polisi-diamerisma-galini,"Διαμέρισμα · Γαλήνη · Κορωπί, Αθήνα - Ανατολικά Προάστια",sale,,200000.0,135.0,3,1ος,,"Γαλήνη, Κορωπί, Αθήνα - Ανατολικά Προάστια",,,https://www.remax.gr/assets/media/properties/medium/375504_3501_11279632.jpeg?v=12657614,,,,,2026-10-02T08:27:42Z,375504,2026-10-02,104/pwliseis-agora-katoikies
remax.gr,REMAX Porto,https://www.remax.gr/property/375515-polisi-mezoneta-kentro,"Μεζονέτα · Κέντρο · Γλυκά Νερά, Αθήνα - Ανατολικά Προάστια",sale,,420000.0,124.0,3,Ισόγειο,,"Κέντρο, Γλυκά Νερά, Αθήνα - Ανατολικά Προάστια",,,https://www.remax.gr/assets/media/properties/medium/375515_13_8343912.jpeg?v=12657704,,,,,2026-10-02T08:27:42Z,375515,2026-10-02,104/pwliseis-agora-katoikies
remax.gr,REMAX Porto,https://www.remax.gr/property/375516-polisi-diamerisma-kentro,"Διαμέρισμα · Κέντρο · Γλυκά Νερά, Αθήνα - Ανατολικά Προάστια",sale,,185000.0,50.0,1,1ος,,"Κέντρο, Γλυκά Νερά, Αθήνα - Ανατολικά Προάστια",,,https://www.remax.gr/assets/media/properties/medium/375516_13_8353690.jpeg?v=12657707,,,,,2026-10-02T08:27:42Z,375516,2026-10-02,104/pwliseis-agora-katoikies
remax.gr,REMAX Porto,https://www.remax.gr/property/375520-polisi-mezoneta-kentro,"Μεζονέτα · Κέντρο · Γλυκά Νερά, Αθήνα - Ανατολικά Προάστια",sale,,350000.0,108.0,3,1ος,,"Κέντρο, Γλυκά Νερά, Αθήνα - Ανατολικά Προάστια",,,https://www.remax.gr/assets/media/properties/medium/375520_13_8332918.jpeg?v=12657790,,,,,2026-10-02T08:27:42Z,375520,2026-10-02,104/pwliseis-agora-katoikies
remax.gr,REMAX Real Advisor,https://www.remax.gr/property/375606-enoikiasi-grafeio-kentro,"Γραφείο · Κέντρο · Νέα Ιωνία, Αθήνα - Δυτικά Προάστια",rent,,500.0,56.0,2,1ος,,"Κέντρο, Νέα Ιωνία, Αθήνα - Δυτικά Προάστια",,,https://www.remax.gr/assets/media/properties/medium/375606_f45fa396f9f046d4b6958ad674e5a6b7.jpeg?v=13979740,,,,,2026-10-02T08:27:42Z,375606,2026-10-02,103/enoikiaseis-epaggelmatika
remax.gr,REMAX 361 Solutions,https://www.remax.gr/property/375656-polisi-diamerisma-garghttos,"Διαμέρισμα · Γαργηττός · Γέρακας, Αθήνα - Ανατολικά Προάστια",sale,,280000.0,98.0,2,2ος,,"Γαργηττός, Γέρακας, Αθήνα - Ανατολικά Προάστια",,,https://www.remax.gr/assets/media/properties/medium/375656_10_1361584.jpeg?v=12673047,,,,,2026-10-02T08:27:42Z,375656,2026-10-02,104/pwliseis-agora-katoikies
remax.gr,REMAX 361 Solutions,https://www.remax.gr/property/375662-polisi-apothiki-kentro,"Αποθήκη · Κέντρο · Γέρακας, Αθήνα - Ανατολικά Προάστια",sale,,320000.0,393.0,,Υπόγειο,,"Κέντρο, Γέρακας, Αθήνα - Ανατολικά Προάστια",,,https://www.remax.gr/assets/media/properties/medium/375662_10_1491696.jpeg?v=12673170,,,,,2026-10-02T08:27:42Z,375662,2026-10-02,104/pwliseis-agora-epaggelmatika
remax.gr,REMAX Real Advisor,https://www.remax.gr/property/375691-polisi-oikopedo-gia-katoikia-axarnes,Οικόπεδο για κατοικία · Αχαρνές · Αθήνα - Δυτικά Προάστια,sale,,170000.0,550.0,,,,"Αχαρνές, Αθήνα - Δυτικά Προάστια",,,https://www.remax.gr/assets/media/properties/medium/375691_35ff43def64f4d5394eafa7a03bb65d5.jpeg?v=13981861,,,,,2026-10-02T08:27:42Z,375691,2026-10-02,103/pwliseis-agora-gi
remax.gr,REMAX En Oiko,https://www.remax.gr/property/375695-enoikiasi-katastima-nea-iwnia,Κατάστημα · Νέα Ιωνία · Αθήνα - Δυτικά Προάστια,rent,,2400.0,133.0,1,Ισόγειο,,"Νέα Ιωνία, Αθήνα - Δυτικά Προάστια",,,https://www.remax.gr/assets/media/properties/medium/375695_57054b3017724d4f8a6b83813298b29e.png?v=13695833,,,,,2026-10-02T08:27:42Z,375695,2026-10-02,103/enoikiaseis-epaggelmatika
remax.gr,REMAX 361 Solutions,https://www.remax.gr/property/375768-polisi-mezoneta-mesobarda,"Μεζονέτα · Μεσοβάρδα · Αρτέμιδα (Λούτσα), Αθήνα - Ανατολικά Προάστια",sale,,140000.0,125.0,3,Ισόγειο,,"Μεσοβάρδα, Αρτέμιδα (Λούτσα), Αθήνα - Ανατολικά Προάστια",,,https://www.remax.gr/assets/media/properties/medium/375768_10_1626084.jpeg?v=14130651,,,,,2026-10-02T08:27:42Z,375768,2026-10-02,104/pwliseis-agora-katoikies
remax.gr,REMAX 361 Solutions,https://www.remax.gr/property/375769-polisi-mezoneta-agios-iwannhs,"Μεζονέτα · Άγιος Ιωάννης · Αρτέμιδα (Λούτσα), Αθήνα - Ανατολικά Προάστια",sale,,140000.0,125.0,3,Ισόγειο,,"Άγιος Ιωάννης, Αρτέμιδα (Λούτσα), Αθήνα - Ανατολικά Προάστια",,,https://www.remax.gr/assets/media/properties/medium/375769_10_1637127.jpeg?v=14130653,,,,,2026-10-02T08:27:42Z,375769,2026-10-02,104/pwliseis-agora-katoikies
remax.gr,REMAX 361 Solutions,https://www.remax.gr/property/375775-polisi-oikopedo-gia-katoikia-kataskhnwseis,"Οικόπεδο για κατοικία · Κατασκηνώσεις · Αρτέμιδα (Λούτσα), Αθήνα - Ανατολικά Προάστια",sale,,55000.0,197.0,,,,"Κατασκηνώσεις, Αρτέμιδα (Λούτσα), Αθήνα - Ανατολικά Προάστια",,,https://www.remax.gr/assets/media/properties/medium/375775_10_1538297.jpeg?v=13048956,,,,,2026-10-02T08:27:42Z,375775,2026-10-02,104/pwliseis-agora-gi
remax.gr,REMAX 361 Solutions,https://www.remax.gr/property/375777-polisi-oikopedo-gia-katoikia-kentro,"Οικόπεδο για κατοικία · Κέντρο · Γέρακας, Αθήνα - Ανατολικά Προάστια",sale,,600000.0,1200.0,,,,"Κέντρο, Γέρακας, Αθήνα - Ανατολικά Προάστια",,,https://www.remax.gr/assets/media/properties/medium/375777_1_1124708.jpeg?v=12681453,,,,,2026-10-02T08:27:42Z,375777,2026-10-02,104/pwliseis-agora-gi
remax.gr,REMAX 361 Solutions,https://www.remax.gr/property/375779-polisi-diamerisma-karouzi,"Διαμέρισμα · Καρούζι · Παλλήνη, Αθήνα - Ανατολικά Προάστια",sale,,425000.0,112.0,3,3ος,,"Καρούζι, Παλλήνη, Αθήνα - Ανατολικά Προάστια",,,https://www.remax.gr/assets/media/properties/medium/375779_10_758699.jpeg?v=12681469,,,,,2026-10-02T08:27:42Z,375779,2026-10-02,104/pwliseis-agora-katoikies
remax.gr,REMAX 361 Solutions,https://www.remax.gr/property/375780-polisi-epicheirisi-kentro,"Επιχείρηση · Κέντρο · Γέρακας, Αθήνα - Ανατολικά Προάστια",sale,,12000.0,50.0,1,Ισόγειο,,"Κέντρο, Γέρακας, Αθήνα - Ανατολικά Προάστια",,,https://www.remax.gr/assets/media/properties/medium/375780_10_729706.jpeg?v=12681483,,,,,2026-10-02T08:27:42Z,375780,2026-10-02,104/pwliseis-agora-epaggelmatika
remax.gr,REMAX 361 Solutions,https://www.remax.gr/property/375783-polisi-oikopedo-gia-katoikia-panorama,"Οικόπεδο για κατοικία · Πανόραμα · Παλλήνη, Αθήνα - Ανατολικά Προάστια",sale,,170000.0,600.0,,,,"Πανόραμα, Παλλήνη, Αθήνα - Ανατολικά Προάστια",,,https://www.remax.gr/assets/media/properties/medium/375783_10_707626.jpeg?v=12681550,,,,,2026-10-02T08:27:42Z,375783,2026-10-02,104/pwliseis-agora-gi
remax.gr,REMAX 361 Solutions,https://www.remax.gr/property/375784-enoikiasi-katastima-kentro,"Κατάστημα · Κέντρο · Παλλήνη, Αθήνα - Ανατολικά Προάστια",rent,,780.0,93.0,,Ισόγειο,,"Κέντρο, Παλλήνη, Αθήνα - Ανατολικά Προάστια",,,https://www.remax.gr/assets/media/properties/medium/375784_10_665703.jpeg?v=12681552,,,,,2026-10-02T08:27:42Z,375784,2026-10-02,104/enoikiaseis-epaggelmatika
remax.gr,REMAX Central,https://www.remax.gr/property/375868-polisi-mezoneta-gerakas,Μεζονέτα · Γέρακας · Αθήνα - Ανατολικά Προάστια,sale,,398000.0,290.0,4,Ισόγειο,,"Γέρακας, Αθήνα - Ανατολικά Προάστια",,,https://www.remax.gr/assets/media/properties/medium/375868_d5c673f588a64cb3997454819376d25a.jpeg?v=13926790,,,,,2026-10-02T08:27:42Z,375868,2026-10-02,104/pwliseis-agora-katoikies
remax.gr,REMAX Porto,https://www.remax.gr/property/375951-polisi-diamerisma-kentro,"Διαμέρισμα · Κέντρο · Γλυκά Νερά, Αθήνα - Ανατολικά Προάστια",sale,,330000.0,99.0,3,2ος,,"Κέντρο, Γλυκά Νερά, Αθήνα - Ανατολικά Προάστια",,,https://www.remax.gr/assets/media/properties/medium/375951_13_8427292.jpeg?v=12692179,,,,,2026-10-02T08:27:42Z,375951,2026-10-02,104/pwliseis-agora-katoikies
remax.gr,REMAX Porto,https://www.remax.gr/property/375955-polisi-diamerisma-kentro,"Διαμέρισμα · Κέντρο · Μαρκόπουλο, Υπόλοιπο Αττικής",sale,,175000.0,53.0,1,Ισόγειο,,"Κέντρο, Μαρκόπουλο, Υπόλοιπο Αττικής",,,https://www.remax.gr/assets/media/properties/medium/375955_6_7382217.jpeg?v=13132121,,,,,2026-10-02T08:27:42Z,375955,2026-10-02,107/pwliseis-agora-katoikies
remax.gr,REMAX 361 Solutions,https://www.remax.gr/property/375961-polisi-oikopedo-gia-katoikia-mpalana,"Οικόπεδο για κατοικία · Μπάλανα · Γέρακας, Αθήνα - Ανατολικά Προάστια",sale,,145000.0,243.0,,,,"Μπάλανα, Γέρακας, Αθήνα - Ανατολικά Προάστια",,,https://www.remax.gr/assets/media/properties/medium/375961_16_1911796.jpeg?v=12692598,,,,,2026-10-02T08:27:42Z,375961,2026-10-02,104/pwliseis-agora-gi
remax.gr,REMAX 361 Solutions,https://www.remax.gr/property/375963-polisi-oikopedo-gia-katoikia-kentro,"Οικόπεδο για κατοικία · Κέντρο · Γλυκά Νερά, Αθήνα - Ανατολικά Προάστια",sale,,125000.0,330.0,,,,"Κέντρο, Γλυκά Νερά, Αθήνα - Ανατολικά Προάστια",,,https://www.remax.gr/assets/media/properties/medium/375963_1_159173.jpeg?v=12692608,,,,,2026-10-02T08:27:42Z,375963,2026-10-02,104/pwliseis-agora-gi
remax.gr,REMAX Real Advisor,https://www.remax.gr/property/376014-polisi-katastima-nea-iwnia,Κατάστημα · Νέα Ιωνία · Αθήνα - Δυτικά Προάστια,sale,,185000.0,212.0,,Ισόγειο,,"Νέα Ιωνία, Αθήνα - Δυτικά Προάστια",,,https://www.remax.gr/assets/media/properties/medium/376014_9eb0a6fe800349dc9da11cae6612dce3.jpeg?v=13978411,,,,,2026-10-02T08:27:42Z,376014,2026-10-02,103/pwliseis-agora-epaggelmatika
remax.gr,REMAX Real Advisor,https://www.remax.gr/property/376015-enoikiasi-katastima-nea-iwnia,Κατάστημα · Νέα Ιωνία · Αθήνα - Δυτικά Προάστια,rent,,980.0,212.0,,Ισόγειο,,"Νέα Ιωνία, Αθήνα - Δυτικά Προάστια",,,https://www.remax.gr/assets/media/properties/medium/376015_0d77054ef246470ab2f921686b6f2aa4.jpeg?v=13978399,,,,,2026-10-02T08:27:42Z,376015,2026-10-02,103/enoikiaseis-epaggelmatika
remax.gr,REMAX Evolution,https://www.remax.gr/property/376049-polisi-oikopedo-gia-katoikia-gioyrgia,"Οικόπεδο για κατοικία · Γιούργια · Αρτέμιδα (Λούτσα), Αθήνα - Ανατολικά Προάστια",sale,,150000.0,358.0,,,,"Γιούργια, Αρτέμιδα (Λούτσα), Αθήνα - Ανατολικά Προάστια",,,https://www.remax.gr/assets/media/properties/medium/376049_3496_1118741.jpeg?v=12698649,,,,,2026-10-02T08:27:42Z,376049,2026-10-02,104/pwliseis-agora-gi
remax.gr,REMAX 361 Solutions,https://www.remax.gr/property/376066-polisi-epaggelmatiko-ktirio-kentro,"Eπαγγελματικό Kτήριο · Κέντρο · Γλυκά Νερά, Αθήνα - Ανατολικά Προάστια",sale,,485000.0,350.0,,Υπόγειο,,"Κέντρο, Γλυκά Νερά, Αθήνα - Ανατολικά Προάστια",,,https://www.remax.gr/assets/media/properties/medium/376066_12_1964965.jpeg?v=12699481,,,,,2026-10-02T08:27:42Z,376066,2026-10-02,104/pwliseis-agora-epaggelmatika
remax.gr,REMAX Real Advisor,https://www.remax.gr/property/376315-enoikiasi-katastima-axarnes,Κατάστημα · Αχαρνές · Αθήνα - Δυτικά Προάστια,rent,,2500.0,305.0,3,Ισόγειο,,"Αχαρνές, Αθήνα - Δυτικά Προάστια",,,https://www.remax.gr/assets/media/properties/medium/376315_095c83448f9f43d1a0cbafa85f76c1f4.jpeg?v=13981114,,,,,2026-10-02T08:27:42Z,376315,2026-10-02,103/enoikiaseis-epaggelmatika
remax.gr,REMAX 361 Solutions,https://www.remax.gr/property/376350-polisi-oikopedo-gia-katoikia-kentro,"Οικόπεδο για κατοικία · Κέντρο · Γέρακας, Αθήνα - Ανατολικά Προάστια",sale,,126000.0,217.0,,,,"Κέντρο, Γέρακας, Αθήνα - Ανατολικά Προάστια",,,https://www.remax.gr/assets/media/properties/medium/376350_16_2095821.jpeg?v=13046298,,,,,2026-10-02T08:27:42Z,376350,2026-10-02,104/pwliseis-agora-gi
remax.gr,REMAX 361 Solutions,https://www.remax.gr/property/376352-polisi-monokatoikia-desh,"Μονοκατοικία · Δέση · Γέρακας, Αθήνα - Ανατολικά Προάστια",sale,,600000.0,220.0,2,Ισόγειο,,"Δέση, Γέρακας, Αθήνα - Ανατολικά Προάστια",,,https://www.remax.gr/assets/media/properties/medium/376352_16_210894.jpeg?v=12814396,,,,,2026-10-02T08:27:42Z,376352,2026-10-02,104/pwliseis-agora-katoikies
remax.gr,REMAX En Oiko,https://www.remax.gr/property/376354-polisi-oikopedo-gia-katoikia-paiania,Οικόπεδο για κατοικία · Παιανία · Αθήνα - Ανατολικά Προάστια,sale,,380000.0,890.0,,,,"Παιανία, Αθήνα - Ανατολικά Προάστια",,,https://www.remax.gr/assets/media/properties/medium/376354_adae9294865e49ea9d0093e9ef537db1.png?v=13695807,,,,,2026-10-02T08:27:42Z,376354,2026-10-02,104/pwliseis-agora-gi
remax.gr,REMAX Fidelity Brokers,https://www.remax.gr/property/376427-polisi-epaggelmatiko-ktirio-anthoypolh,"Eπαγγελματικό Kτήριο · Ανθούπολη · Περιστέρι, Αθήνα - Δυτικά Προάστια",sale,,780000.0,410.0,,Ισόγειο,,"Ανθούπολη, Περιστέρι, Αθήνα - Δυτικά Προάστια",,,https://www.remax.gr/assets/media/properties/medium/376427_259_50133361.jpeg?v=13158138,,,,,2026-10-02T08:27:42Z,376427,2026-10-02,103/pwliseis-agora-epaggelmatika
remax.gr,REMAX Fidelity Brokers,https://www.remax.gr/property/376430-enoikiasi-epaggelmatiko-ktirio-aspra-xwmata,"Eπαγγελματικό Kτήριο · Άσπρα Χώματα · Περιστέρι, Αθήνα - Δυτικά Προάστια",rent,,2700.0,410.0,,Ισόγειο,,"Άσπρα Χώματα, Περιστέρι, Αθήνα - Δυτικά Προάστια",,,https://www.remax.gr/assets/media/properties/medium/376430_259_50133361.jpeg?v=12724589,,,,,2026-10-02T08:27:42Z,376430,2026-10-02,103/enoikiaseis-epaggelmatika
remax.gr,REMAX 361 Solutions,https://www.remax.gr/property/376529-polisi-oikopedo-gia-katoikia-kentro,"Οικόπεδο για κατοικία · Κέντρο · Σπάτα, Αθήνα - Ανατολικά Προάστια",sale,,430000.0,1187.0,,,,"Κέντρο, Σπάτα, Αθήνα - Ανατολικά Προάστια",,,https://www.remax.gr/assets/media/properties/medium/376529_10_1235690.jpeg?v=12728977,,,,,2026-10-02T08:27:42Z,376529,2026-10-02,104/pwliseis-agora-gi
remax.gr,REMAX Zed,https://www.remax.gr/property/376570-enoikiasi-epaggelmatiko-ktirio-skaramagkas,"Eπαγγελματικό Kτήριο · Σκαραμαγκάς · Χαϊδάρι, Αθήνα - Δυτικά Προάστια",rent,,20000.0,17000.0,,Ισόγειο,,"Σκαραμαγκάς, Χαϊδάρι, Αθήνα - Δυτικά Προάστια",,,https://www.remax.gr/assets/media/properties/medium/376570_12_25983873.jpeg?v=12732909,,,,,2026-10-02T08:27:42Z,376570,2026-10-02,103/enoikiaseis-epaggelmatika
remax.gr,REMAX Central,https://www.remax.gr/property/376725-polisi-monokatoikia-nea-makrh,Μονοκατοικία · Νέα Μάκρη · Αθήνα - Ανατολικά Προάστια,sale,,350000.0,136.0,4,Ισόγειο,,"Νέα Μάκρη, Αθήνα - Ανατολικά Προάστια",,,https://www.remax.gr/assets/media/properties/medium/376725_cc14467cf6074143875be827b7029538.png?v=13937534,,,,,2026-10-02T08:27:42Z,376725,2026-10-02,104/pwliseis-agora-katoikies
remax.gr,REMAX 361 Solutions,https://www.remax.gr/property/376753-polisi-oikopedo-gia-katoikia-kantza,"Οικόπεδο για κατοικία · Κάντζα · Παλλήνη, Αθήνα - Ανατολικά Προάστια",sale,,390000.0,550.0,,,,"Κάντζα, Παλλήνη, Αθήνα - Ανατολικά Προάστια",,,https://www.remax.gr/assets/media/properties/medium/376753_10_1515031.jpeg?v=12744837,,,,,2026-10-02T08:27:42Z,376753,2026-10-02,104/pwliseis-agora-gi
remax.gr,REMAX Real Advisor,https://www.remax.gr/property/376761-polisi-katastima-nea-iwnia,Κατάστημα · Νέα Ιωνία · Αθήνα - Δυτικά Προάστια,sale,,75000.0,53.0,2,Ισόγειο,,"Νέα Ιωνία, Αθήνα - Δυτικά Προάστια",,,https://www.remax.gr/assets/media/properties/medium/376761_img_f65740cd_dbd2_45ad_8cb5_da104ba4ff59.jpeg?v=13981509,,,,,2026-10-02T08:27:42Z,376761,2026-10-02,103/pwliseis-agora-epaggelmatika
remax.gr,REMAX Real Advisor,https://www.remax.gr/property/376763-polisi-oikopedo-gia-katoikia-agrileza,"Οικόπεδο για κατοικία · Αγριλέζα · Αχαρνές, Αθήνα - Δυτικά Προάστια",sale,,300000.0,1769.0,,,,"Αγριλέζα, Αχαρνές, Αθήνα - Δυτικά Προάστια",,,https://www.remax.gr/assets/media/properties/medium/376763_img_ad32219c_f342_41c9_b384_6ebfa8a75ed8.jpeg?v=13981670,,,,,2026-10-02T08:27:42Z,376763,2026-10-02,103/pwliseis-agora-gi
remax.gr,REMAX Real Advisor,https://www.remax.gr/property/376764-enoikiasi-katastima-kentro,"Κατάστημα · Κέντρο · Νέα Ιωνία, Αθήνα - Δυτικά Προάστια",rent,,8000.0,405.0,5,Ισόγειο,,"Κέντρο, Νέα Ιωνία, Αθήνα - Δυτικά Προάστια",,,https://www.remax.gr/assets/media/properties/medium/376764_img_5f24de6b_53a6_4b75_97c2_98a4fbbf0902.jpeg?v=13979774,,,,,2026-10-02T08:27:42Z,376764,2026-10-02,103/enoikiaseis-epaggelmatika
remax.gr,REMAX Real Advisor,https://www.remax.gr/property/376767-enoikiasi-katastima-kentro,"Κατάστημα · Κέντρο · Νέα Ιωνία, Αθήνα - Δυτικά Προάστια",rent,,6300.0,215.0,,Ισόγειο,,"Κέντρο, Νέα Ιωνία, Αθήνα - Δυτικά Προάστια",,,https://www.remax.gr/assets/media/properties/medium/376767_img_567c4321_68cf_45ce_9847_de2f47955acf.jpeg?v=13979772,,,,,2026-10-02T08:27:42Z,376767,2026-10-02,103/enoikiaseis-epaggelmatika
remax.gr,REMAX Porto,https://www.remax.gr/property/376789-polisi-mezoneta-kentro,"Μεζονέτα · Κέντρο · Γλυκά Νερά, Αθήνα - Ανατολικά Προάστια",sale,,445000.0,230.0,5,Ισόγειο,,"Κέντρο, Γλυκά Νερά, Αθήνα - Ανατολικά Προάστια",,,https://www.remax.gr/assets/media/properties/medium/376789_13_8504696.jpeg?v=12748774,,,,,2026-10-02T08:27:42Z,376789,2026-10-02,104/pwliseis-agora-katoikies
remax.gr,REMAX Evolution,https://www.remax.gr/property/376811-polisi-diamerisma-sarwnida,Διαμέρισμα · Σαρωνίδα · Υπόλοιπο Αττικής,sale,,100000.0,32.0,,Ισόγειο,,"Σαρωνίδα, Υπόλοιπο Αττικής",,,https://www.remax.gr/assets/media/properties/medium/376811_3501_11325602.jpeg?v=12751893,,,,,2026-10-02T08:27:42Z,376811,2026-10-02,107/pwliseis-agora-katoikies
remax.gr,REMAX Premium,https://www.remax.gr/property/376896-enoikiasi-katastima-kentro,"Κατάστημα · Κέντρο · Περιστέρι, Αθήνα - Δυτικά Προάστια",rent,,300.0,27.0,,Ισόγειο,,"Κέντρο, Περιστέρι, Αθήνα - Δυτικά Προάστια",,,https://www.remax.gr/assets/media/properties/medium/376896_691a8956a2f7645a5600bbbfa9f4d6b0.jpeg?v=12864572,,,,,2026-10-02T08:27:42Z,376896,2026-10-02,103/enoikiaseis-epaggelmatika
remax.gr,REMAX 361 Solutions,https://www.remax.gr/property/376901-enoikiasi-katastima-karouzi,"Κατάστημα · Καρούζι · Παλλήνη, Αθήνα - Ανατολικά Προάστια",rent,,1200.0,105.0,,Υπόγειο,,"Καρούζι, Παλλήνη, Αθήνα - Ανατολικά Προάστια",,,https://www.remax.gr/assets/media/properties/medium/376901_11_2195053.jpeg?v=12761555,,,,,2026-10-02T08:27:42Z,376901,2026-10-02,104/enoikiaseis-epaggelmatika
remax.gr,REMAX 361 Solutions,https://www.remax.gr/property/376920-polisi-mezoneta-kentro,"Μεζονέτα · Κέντρο · Γέρακας, Αθήνα - Ανατολικά Προάστια",sale,,460000.0,208.0,3,1ος,,"Κέντρο, Γέρακας, Αθήνα - Ανατολικά Προάστια",,,https://www.remax.gr/assets/media/properties/medium/376920_16_2202338.jpeg?v=12763254,,,,,2026-10-02T08:27:42Z,376920,2026-10-02,104/pwliseis-agora-katoikies
remax.gr,REMAX Evolution,https://www.remax.gr/property/376922-polisi-agrotemachio-skarpiza,"Αγροτεμάχιο · Σκάρπιζα · Κορωπί, Αθήνα - Ανατολικά Προάστια",sale,,60000.0,2733.0,,,,"Σκάρπιζα, Κορωπί, Αθήνα - Ανατολικά Προάστια",,,https://www.remax.gr/assets/media/properties/medium/376922_3499_11356194.jpeg?v=12764123,,,,,2026-10-02T08:27:42Z,376922,2026-10-02,104/pwliseis-agora-gi
remax.gr,REMAX En Oiko,https://www.remax.gr/property/376986-polisi-monokatoikia-kallitexnoypolh,"Μονοκατοικία · Καλλιτεχνούπολη · Ραφήνα, Υπόλοιπο Αττικής",sale,,180000.0,200.0,,Ισόγειο,,"Καλλιτεχνούπολη, Ραφήνα, Υπόλοιπο Αττικής",,,https://www.remax.gr/assets/media/properties/medium/376986_img_00ae2bd5_994a_4d3b_863b_10405a046e15.jpeg?v=13695761,,,,,2026-10-02T08:27:42Z,376986,2026-10-02,107/pwliseis-agora-katoikies
remax.gr,REMAX Evolution,https://www.remax.gr/property/377033-polisi-monokatoikia-feriza,"Μονοκατοικία · Φέριζα · Καλύβια Θορικού, Υπόλοιπο Αττικής",sale,,170000.0,124.0,3,Ισόγειο,,"Φέριζα, Καλύβια Θορικού, Υπόλοιπο Αττικής",,,https://www.remax.gr/assets/media/properties/medium/377033_3497_11361885.jpeg?v=12771378,,,,,2026-10-02T08:27:42Z,377033,2026-10-02,107/pwliseis-agora-katoikies
remax.gr,REMAX Evolution,https://www.remax.gr/property/377035-polisi-monokatoikia-kentro,"Μονοκατοικία · Κέντρο · Λαύριο, Υπόλοιπο Αττικής",sale,,150000.0,148.0,3,Ισόγειο,,"Κέντρο, Λαύριο, Υπόλοιπο Αττικής",,,https://www.remax.gr/assets/media/properties/medium/377035_3503_11395274.jpeg?v=12773337,,,,,2026-10-02T08:27:42Z,377035,2026-10-02,107/pwliseis-agora-katoikies
remax.gr,REMAX Evolution,https://www.remax.gr/property/377084-polisi-diamerisma-anabyssos-kentro,"Διαμέρισμα · Ανάβυσσος Κέντρο · Ανάβυσσος, Υπόλοιπο Αττικής",sale,,280000.0,101.0,4,1ος,,"Ανάβυσσος Κέντρο, Ανάβυσσος, Υπόλοιπο Αττικής",,,https://www.remax.gr/assets/media/properties/medium/377084_3503_11414212.jpeg?v=12777059,,,,,2026-10-02T08:27:42Z,377084,2026-10-02,107/pwliseis-agora-katoikies
remax.gr,REMAX Lysis,https://www.remax.gr/property/377115-polisi-diamerisma-ntrafi,"Διαμέρισμα · Ντράφι · Πικέρμι, Υπόλοιπο Αττικής",sale,,270000.0,134.0,3,1ος,,"Ντράφι, Πικέρμι, Υπόλοιπο Αττικής",,,https://www.remax.gr/assets/media/properties/medium/377115_43_40077492.jpeg?v=12796305,,,,,2026-10-02T08:27:42Z,377115,2026-10-02,107/pwliseis-agora-katoikies
remax.gr,REMAX En Oiko,https://www.remax.gr/property/377201-polisi-polukatoikia-gerakas,Πολυκατοικία · Γέρακας · Αθήνα - Ανατολικά Προάστια,sale,,700000.0,277.0,6,,,"Γέρακας, Αθήνα - Ανατολικά Προάστια",,,https://www.remax.gr/assets/media/properties/medium/377201_4667b6f5cab640778b7cef9e183147b3.png?v=13695746,,,,,2026-10-02T08:27:42Z,377201,2026-10-02,104/pwliseis-agora-katoikies
remax.gr,REMAX En Oiko,https://www.remax.gr/property/377254-polisi-monokatoikia-glyka-nera,Μονοκατοικία · Γλυκά Νερά · Αθήνα - Ανατολικά Προάστια,sale,,550000.0,300.0,5,Ισόγειο,,"Γλυκά Νερά, Αθήνα - Ανατολικά Προάστια",,,https://www.remax.gr/assets/media/properties/medium/377254_img_7ed96429_8664_491d_b26e_0f9b8408536c.jpeg?v=13695731,,,,,2026-10-02T08:27:42Z,377254,2026-10-02,104/pwliseis-agora-katoikies
remax.gr,REMAX Real Advisor,https://www.remax.gr/property/377265-enoikiasi-katastima-nea-iwnia,Κατάστημα · Νέα Ιωνία · Αθήνα - Δυτικά Προάστια,rent,,600.0,100.0,,Ισόγειο,,"Νέα Ιωνία, Αθήνα - Δυτικά Προάστια",,,https://www.remax.gr/assets/media/properties/medium/377265_3135aaeb52e844109c8bfafb82bfc0f6.jpeg?v=13981657,,,,,2026-10-02T08:27:42Z,377265,2026-10-02,103/enoikiaseis-epaggelmatika
remax.gr,REMAX Fidelity Brokers,https://www.remax.gr/property/377426-polisi-biomichaniko-biotechniko-tsalaboyta,"Βιομηχανικό/Βιοτεχνικό · Τσαλαβούτα · Περιστέρι, Αθήνα - Δυτικά Προάστια",sale,,880000.0,921.0,,Ισόγειο,,"Τσαλαβούτα, Περιστέρι, Αθήνα - Δυτικά Προάστια",,,https://www.remax.gr/assets/media/properties/medium/377426_3718_50659433.jpeg?v=12796502,,,,,2026-10-02T08:27:42Z,377426,2026-10-02,103/pwliseis-agora-epaggelmatika
remax.gr,REMAX Fidelity Brokers,https://www.remax.gr/property/377427-polisi-biomichaniko-biotechniko-tsalaboyta,"Βιομηχανικό/Βιοτεχνικό · Τσαλαβούτα · Περιστέρι, Αθήνα - Δυτικά Προάστια",sale,,1480000.0,1084.0,,Ισόγειο,,"Τσαλαβούτα, Περιστέρι, Αθήνα - Δυτικά Προάστια",,,https://www.remax.gr/assets/media/properties/medium/377427_3718_50673962.jpeg?v=12796507,,,,,2026-10-02T08:27:42Z,377427,2026-10-02,103/pwliseis-agora-epaggelmatika
remax.gr,REMAX 361 Solutions,https://www.remax.gr/property/377707-polisi-epaggelmatiko-ktirio-kentro,"Eπαγγελματικό Kτήριο · Κέντρο · Γέρακας, Αθήνα - Ανατολικά Προάστια",sale,,4200000.0,2500.0,5,Ισόγειο,,"Κέντρο, Γέρακας, Αθήνα - Ανατολικά Προάστια",,,https://www.remax.gr/assets/media/properties/medium/377707_16_2412825.jpeg?v=12920359,,,,,2026-10-02T08:27:42Z,377707,2026-10-02,104/pwliseis-agora-epaggelmatika
remax.gr,REMAX 361 Solutions,https://www.remax.gr/property/377755-enoikiasi-epaggelmatiko-ktirio-kentro,"Eπαγγελματικό Kτήριο · Κέντρο · Γλυκά Νερά, Αθήνα - Ανατολικά Προάστια",rent,,10000.0,1290.0,2,Ισόγειο,,"Κέντρο, Γλυκά Νερά, Αθήνα - Ανατολικά Προάστια",,,https://www.remax.gr/assets/media/properties/medium/377755_1_1024149.jpeg?v=12814384,,,,,2026-10-02T08:27:42Z,377755,2026-10-02,104/enoikiaseis-epaggelmatika
remax.gr,REMAX Evolution,https://www.remax.gr/property/377781-polisi-monokatoikia-elaioxwri,"Μονοκατοικία · Ελαιοχώρι · Κερατέα, Υπόλοιπο Αττικής",sale,,230000.0,230.0,3,1ος,,"Ελαιοχώρι, Κερατέα, Υπόλοιπο Αττικής",,,https://www.remax.gr/assets/media/properties/medium/377781_3503_1146906.jpeg?v=12821229,,,,,2026-10-02T08:27:42Z,377781,2026-10-02,107/pwliseis-agora-katoikies
remax.gr,REMAX Evolution,https://www.remax.gr/property/377825-polisi-diamerisma-lagonhsi,"Διαμέρισμα · Λαγονήσι · Καλύβια Θορικού, Υπόλοιπο Αττικής",sale,,170000.0,96.0,2,Ισόγειο,,"Λαγονήσι, Καλύβια Θορικού, Υπόλοιπο Αττικής",,,https://www.remax.gr/assets/media/properties/medium/377825_3501_1148521.jpeg?v=12822793,,,,,2026-10-02T08:27:42Z,377825,2026-10-02,107/pwliseis-agora-katoikies
remax.gr,REMAX Fidelity Brokers,https://www.remax.gr/property/377867-enoikiasi-grafeio-agios-ierotheos,"Γραφείο · Άγιος Ιερόθεος · Περιστέρι, Αθήνα - Δυτικά Προάστια",rent,,1600.0,224.0,,1ος,,"Άγιος Ιερόθεος, Περιστέρι, Αθήνα - Δυτικά Προάστια",,,https://www.remax.gr/assets/media/properties/medium/377867_259_51015649.jpeg?v=12824623,,,,,2026-10-02T08:27:42Z,377867,2026-10-02,103/enoikiaseis-epaggelmatika
remax.gr,REMAX Fidelity Brokers,https://www.remax.gr/property/377869-polisi-epaggelmatiko-ktirio-agios-ierotheos,"Eπαγγελματικό Kτήριο · Άγιος Ιερόθεος · Περιστέρι, Αθήνα - Δυτικά Προάστια",sale,,1590000.0,1071.0,,Ισόγειο,,"Άγιος Ιερόθεος, Περιστέρι, Αθήνα - Δυτικά Προάστια",,,https://www.remax.gr/assets/media/properties/medium/377869_259_50997448.jpeg?v=12824663,,,,,2026-10-02T08:27:42Z,377869,2026-10-02,103/pwliseis-agora-epaggelmatika
remax.gr,REMAX Fidelity Brokers,https://www.remax.gr/property/377870-enoikiasi-epaggelmatiko-ktirio-agios-ierotheos,"Eπαγγελματικό Kτήριο · Άγιος Ιερόθεος · Περιστέρι, Αθήνα - Δυτικά Προάστια",rent,,8000.0,1070.0,,Ισόγειο,,"Άγιος Ιερόθεος, Περιστέρι, Αθήνα - Δυτικά Προάστια",,,https://www.remax.gr/assets/media/properties/medium/377870_259_50993412.jpeg?v=12824687,,,,,2026-10-02T08:27:42Z,377870,2026-10-02,103/enoikiaseis-epaggelmatika
remax.gr,REMAX En Oiko,https://www.remax.gr/property/378004-polisi-diamerisma-kentro,"Διαμέρισμα · Κέντρο · Γέρακας, Αθήνα - Ανατολικά Προάστια",sale,,235000.0,85.0,2,Ισόγειο,,"Κέντρο, Γέρακας, Αθήνα - Ανατολικά Προάστια",,,https://www.remax.gr/assets/media/properties/medium/378004_b5d7ac84212841b8a4bd762fb82bbbbf.jpeg?v=13695672,,,,,2026-10-02T08:27:42Z,378004,2026-10-02,104/pwliseis-agora-katoikies
remax.gr,REMAX 361 Solutions,https://www.remax.gr/property/378119-polisi-oikopedo-gia-katoikia-panorama,"Οικόπεδο για κατοικία · Πανόραμα · Παλλήνη, Αθήνα - Ανατολικά Προάστια",sale,,340000.0,564.0,,,,"Πανόραμα, Παλλήνη, Αθήνα - Ανατολικά Προάστια",,,https://www.remax.gr/assets/media/properties/medium/378119_16_3003581.jpeg?v=12838948,,,,,2026-10-02T08:27:42Z,378119,2026-10-02,104/pwliseis-agora-gi
remax.gr,REMAX 361 Solutions,https://www.remax.gr/property/378130-polisi-oikopedo-gia-katoikia-kentro,"Οικόπεδο για κατοικία · Κέντρο · Γλυκά Νερά, Αθήνα - Ανατολικά Προάστια",sale,,550000.0,470.0,,,,"Κέντρο, Γλυκά Νερά, Αθήνα - Ανατολικά Προάστια",,,https://www.remax.gr/assets/media/properties/medium/378130_12_3015992.jpeg?v=12942269,,,,,2026-10-02T08:27:42Z,378130,2026-10-02,104/pwliseis-agora-gi
remax.gr,REMAX En Oiko,https://www.remax.gr/property/378131-polisi-oikopedo-gia-katoikia-kamatero,Οικόπεδο για κατοικία · Καματερό · Αθήνα - Δυτικά Προάστια,sale,,210000.0,660.0,,,,"Καματερό, Αθήνα - Δυτικά Προάστια",,,https://www.remax.gr/assets/media/properties/medium/378131_43759c66f15f45a9a8cd49e5c46241e0.jpeg?v=13695588,,,,,2026-10-02T08:27:42Z,378131,2026-10-02,103/pwliseis-agora-gi
remax.gr,REMAX Fidelity Brokers 2,https://www.remax.gr/property/378149-polisi-oikopedo-gia-katoikia-kentro,"Οικόπεδο για κατοικία · Κέντρο · Σπάτα, Αθήνα - Ανατολικά Προάστια",sale,,160000.0,594.0,,,,"Κέντρο, Σπάτα, Αθήνα - Ανατολικά Προάστια",,,https://www.remax.gr/assets/media/properties/medium/378149_3917_50829346.jpeg?v=12839998,,,,,2026-10-02T08:27:42Z,378149,2026-10-02,104/pwliseis-agora-gi
remax.gr,REMAX Abacus Properties,https://www.remax.gr/property/378195-polisi-mezoneta-agioi-apostoloi,"Μεζονέτα · Άγιοι Απόστολοι · Κάλαμος, Υπόλοιπο Αττικής",sale,,300000.0,189.0,3,Ισόγειο,,"Άγιοι Απόστολοι, Κάλαμος, Υπόλοιπο Αττικής",,,https://www.remax.gr/assets/media/properties/medium/378195_db8d6545a1aa441dbf6407d269f16794.jpeg?v=14008800,,,,,2026-10-02T08:27:42Z,378195,2026-10-02,107/pwliseis-agora-katoikies
remax.gr,REMAX 361 Solutions,https://www.remax.gr/property/378268-enoikiasi-aithousa-trigwno-lagoy,"Αίθουσα · Τρίγωνο Λαγού · Παιανία, Αθήνα - Ανατολικά Προάστια",rent,,2500.0,260.0,5,1ος,,"Τρίγωνο Λαγού, Παιανία, Αθήνα - Ανατολικά Προάστια",,,https://www.remax.gr/assets/media/properties/medium/378268_18_285218.jpeg?v=13481704,,,,,2026-10-02T08:27:42Z,378268,2026-10-02,104/enoikiaseis-epaggelmatika
remax.gr,REMAX Evolution,https://www.remax.gr/property/378305-polisi-mezoneta-lagonhsi,"Μεζονέτα · Λαγονήσι · Καλύβια Θορικού, Υπόλοιπο Αττικής",sale,,240000.0,223.0,3,Ισόγειο,,"Λαγονήσι, Καλύβια Θορικού, Υπόλοιπο Αττικής",,,https://www.remax.gr/assets/media/properties/medium/378305_3470_11424249.jpeg?v=13133072,,,,,2026-10-02T08:27:42Z,378305,2026-10-02,107/pwliseis-agora-katoikies
remax.gr,REMAX 361 Solutions,https://www.remax.gr/property/378340-polisi-mezoneta-sparoza,"Μεζονέτα · Σπαρόζα · Παιανία, Αθήνα - Ανατολικά Προάστια",sale,,380000.0,240.0,4,Ισόγειο,,"Σπαρόζα, Παιανία, Αθήνα - Ανατολικά Προάστια",,,https://www.remax.gr/assets/media/properties/medium/378340_18_3023837.jpeg?v=12863828,,,,,2026-10-02T08:27:42Z,378340,2026-10-02,104/pwliseis-agora-katoikies
remax.gr,REMAX Lysis,https://www.remax.gr/property/378406-polisi-diamerisma-garghttos,"Διαμέρισμα · Γαργηττός · Γέρακας, Αθήνα - Ανατολικά Προάστια",sale,,439000.0,123.0,3,2ος,,"Γαργηττός, Γέρακας, Αθήνα - Ανατολικά Προάστια",,,https://www.remax.gr/assets/media/properties/medium/378406_8_13582418.jpeg?v=12867327,,,,,2026-10-02T08:27:42Z,378406,2026-10-02,104/pwliseis-agora-katoikies
remax.gr,REMAX Zed,https://www.remax.gr/property/378409-polisi-monokatoikia-blyxada,"Μονοκατοικία · Βλυχάδα · Νέα Πέραμος (Μεγάλο Πεύκο), Υπόλοιπο Αττικής",sale,,90000.0,130.0,,Ισόγειο,,"Βλυχάδα, Νέα Πέραμος (Μεγάλο Πεύκο), Υπόλοιπο Αττικής",,,https://www.remax.gr/assets/media/properties/medium/378409_4_26132244.jpeg?v=12867854,,,,,2026-10-02T08:27:42Z,378409,2026-10-02,107/pwliseis-agora-katoikies
remax.gr,REMAX 361 Solutions,https://www.remax.gr/property/378484-polisi-mezoneta-boyh,"Μεζονέτα · Βουή · Παιανία, Αθήνα - Ανατολικά Προάστια",sale,,320000.0,300.0,5,Υπόγειο,,"Βουή, Παιανία, Αθήνα - Ανατολικά Προάστια",,,https://www.remax.gr/assets/media/properties/medium/378484_18_3068702.jpeg?v=12874059,,,,,2026-10-02T08:27:42Z,378484,2026-10-02,104/pwliseis-agora-katoikies
remax.gr,REMAX City,https://www.remax.gr/property/378554-polisi-oikopedo-gia-katoikia-gerakas,Οικόπεδο για κατοικία · Γέρακας · Αθήνα - Ανατολικά Προάστια,sale,,200000.0,363.0,,,,"Γέρακας, Αθήνα - Ανατολικά Προάστια",,,https://www.remax.gr/assets/media/properties/medium/378554_37d33ddfc3e8465eab8609b304a4893c.jpeg?v=13990052,,,,,2026-10-02T08:27:42Z,378554,2026-10-02,104/pwliseis-agora-gi
remax.gr,REMAX Friends,https://www.remax.gr/property/378580-polisi-katastima-xrysoypolh,"Κατάστημα · Χρυσούπολη · Περιστέρι, Αθήνα - Δυτικά Προάστια",sale,,120000.0,122.0,,Ισόγειο,,"Χρυσούπολη, Περιστέρι, Αθήνα - Δυτικά Προάστια",,,https://www.remax.gr/assets/media/properties/medium/378580_d18518e4f7cb452ba54fb0e0a8eaac75.jpeg?v=14075683,,,,,2026-10-02T08:27:42Z,378580,2026-10-02,103/pwliseis-agora-epaggelmatika
remax.gr,REMAX Ergon,https://www.remax.gr/property/378635-polisi-katastima-mpalana,"Κατάστημα · Μπάλανα · Γέρακας, Αθήνα - Ανατολικά Προάστια",sale,,150000.0,115.0,,Ισόγειο,,"Μπάλανα, Γέρακας, Αθήνα - Ανατολικά Προάστια",,,https://www.remax.gr/assets/media/properties/medium/378635_5d1c265c014455512223fef5f0a3d566.jpeg?v=12880981,,,,,2026-10-02T08:27:42Z,378635,2026-10-02,104/pwliseis-agora-epaggelmatika
remax.gr,REMAX Optimum,https://www.remax.gr/property/378668-polisi-apothiki-oylintzi,"Αποθήκη · Ουλίντζι · Παιανία, Αθήνα - Ανατολικά Προάστια",sale,,1200000.0,2500.0,2,,,"Ουλίντζι, Παιανία, Αθήνα - Ανατολικά Προάστια",,,https://www.remax.gr/assets/media/properties/medium/378668_66461e1c7c5751715871260.jpeg?v=12883787,,,,,2026-10-02T08:27:42Z,378668,2026-10-02,104/pwliseis-agora-epaggelmatika
remax.gr,REMAX 361 Solutions,https://www.remax.gr/property/378672-polisi-oikopedo-gia-katoikia-kentro,"Οικόπεδο για κατοικία · Κέντρο · Γέρακας, Αθήνα - Ανατολικά Προάστια",sale,,280000.0,475.0,,,,"Κέντρο, Γέρακας, Αθήνα - Ανατολικά Προάστια",,,https://www.remax.gr/assets/media/properties/medium/378672_19_3129314.jpeg?v=12884475,,,,,2026-10-02T08:27:42Z,378672,2026-10-02,104/pwliseis-agora-gi
remax.gr,REMAX 361 Solutions,https://www.remax.gr/property/378725-enoikiasi-mezoneta-kentro,"Μεζονέτα · Κέντρο · Γλυκά Νερά, Αθήνα - Ανατολικά Προάστια",rent,,2250.0,260.0,4,Ισόγειο,,"Κέντρο, Γλυκά Νερά, Αθήνα - Ανατολικά Προάστια",,,https://www.remax.gr/assets/media/properties/medium/378725_12_3139166.jpeg?v=12885920,,,,,2026-10-02T08:27:42Z,378725,2026-10-02,104/enoikiaseis-katoikies
remax.gr,REMAX Properties Investment,https://www.remax.gr/property/378729-polisi-oikopedo-gia-epaggelmatiki-chrisi-kentro,"Οικόπεδο για επαγγελματική χρήση · Κέντρο · Νέα Μάκρη, Αθήνα - Ανατολικά Προάστια",sale,,120000.0,751.0,,,,"Κέντρο, Νέα Μάκρη, Αθήνα - Ανατολικά Προάστια",,,https://www.remax.gr/assets/media/properties/medium/378729_5467656c5c7f49409f3c72edfd48515e.jpeg?v=14201448,,,,,2026-10-02T08:27:42Z,378729,2026-10-02,104/pwliseis-agora-gi
remax.gr,REMAX Properties Investment,https://www.remax.gr/property/378826-polisi-oikopedo-gia-katoikia-anakasa,"Οικόπεδο για κατοικία · Ανάκασα · Αγιοι Ανάργυροι, Αθήνα - Δυτικά Προάστια",sale,,97000.0,122.0,,,,"Ανάκασα, Αγιοι Ανάργυροι, Αθήνα - Δυτικά Προάστια",,,https://www.remax.gr/assets/media/properties/medium/378826_04aade40ca0e4f71a93c6f18dda3f272.jpeg?v=14199290,,,,,2026-10-02T08:27:42Z,378826,2026-10-02,103/pwliseis-agora-gi
remax.gr,REMAX En Oiko,https://www.remax.gr/property/378852-enoikiasi-biomichaniko-biotechniko-paiania,Βιομηχανικό/Βιοτεχνικό · Παιανία · Αθήνα - Ανατολικά Προάστια,rent,,5000.0,900.0,,1ος,,"Παιανία, Αθήνα - Ανατολικά Προάστια",,,https://www.remax.gr/assets/media/properties/medium/378852_img_f8c6a0db_f200_4a5e_99f7_8c4a7ccba084.jpeg?v=13691885,,,,,2026-10-02T08:27:42Z,378852,2026-10-02,104/enoikiaseis-epaggelmatika
remax.gr,REMAX 361 Solutions,https://www.remax.gr/property/378865-polisi-oikopedo-gia-katoikia-kentro,"Οικόπεδο για κατοικία · Κέντρο · Γέρακας, Αθήνα - Ανατολικά Προάστια",sale,,200000.0,219.0,,,,"Κέντρο, Γέρακας, Αθήνα - Ανατολικά Προάστια",,,https://www.remax.gr/assets/media/properties/medium/378865_11_1227529.jpeg?v=12894500,,,,,2026-10-02T08:27:42Z,378865,2026-10-02,104/pwliseis-agora-gi
remax.gr,REMAX 361 Solutions,https://www.remax.gr/property/378884-enoikiasi-katastima-kesaria,"Κατάστημα · Καισάρεια · Παλλήνη, Αθήνα - Ανατολικά Προάστια",rent,,700.0,80.0,,Ισόγειο,,"Καισάρεια, Παλλήνη, Αθήνα - Ανατολικά Προάστια",,,https://www.remax.gr/assets/media/properties/medium/378884_17_3177524.jpeg?v=12895220,,,,,2026-10-02T08:27:42Z,378884,2026-10-02,104/enoikiaseis-epaggelmatika
remax.gr,REMAX 361 Solutions,https://www.remax.gr/property/378912-polisi-monokatoikia-ari,"Μονοκατοικία · Αρί · Κερατέα, Υπόλοιπο Αττικής",sale,,325000.0,180.0,3,Υπόγειο,,"Αρί, Κερατέα, Υπόλοιπο Αττικής",,,https://www.remax.gr/assets/media/properties/medium/378912_17_3163626.jpeg?v=12914638,,,,,2026-10-02T08:27:42Z,378912,2026-10-02,107/pwliseis-agora-katoikies
remax.gr,REMAX En Oiko,https://www.remax.gr/property/378924-enoikiasi-katastima-kentro-palaio-menidi,"Κατάστημα · Κέντρο Παλαιό Μενίδι · Αχαρνές, Αθήνα - Δυτικά Προάστια",rent,,2200.0,230.0,3,Ισόγειο,,"Κέντρο Παλαιό Μενίδι, Αχαρνές, Αθήνα - Δυτικά Προάστια",,,https://www.remax.gr/assets/media/properties/medium/378924_img_2182938d_f98f_44b0_98fe_d9a0c452564f.jpeg?v=14076422,,,,,2026-10-02T08:27:42Z,378924,2026-10-02,103/enoikiaseis-epaggelmatika
remax.gr,REMAX En Oiko,https://www.remax.gr/property/378925-enoikiasi-katastima-kentro-palaio-menidi,"Κατάστημα · Κέντρο Παλαιό Μενίδι · Αχαρνές, Αθήνα - Δυτικά Προάστια",rent,,3800.0,480.0,3,Ισόγειο,,"Κέντρο Παλαιό Μενίδι, Αχαρνές, Αθήνα - Δυτικά Προάστια",,,https://www.remax.gr/assets/media/properties/medium/378925_img_f220122a_4203_4b6a_bc5b_92ac99fd8c2d.jpeg?v=14076424,,,,,2026-10-02T08:27:42Z,378925,2026-10-02,103/enoikiaseis-epaggelmatika
remax.gr,REMAX En Oiko,https://www.remax.gr/property/378946-polisi-polukatoikia-pallhnh,Πολυκατοικία · Παλλήνη · Αθήνα - Ανατολικά Προάστια,sale,,800000.0,361.0,7,2ος,,"Παλλήνη, Αθήνα - Ανατολικά Προάστια",,,https://www.remax.gr/assets/media/properties/medium/378946_img_c5d477b3_7135_4aa1_b72f_1584fe7555b9.jpeg?v=13695534,,,,,2026-10-02T08:27:42Z,378946,2026-10-02,104/pwliseis-agora-katoikies
remax.gr,REMAX En Oiko,https://www.remax.gr/property/378947-polisi-epaggelmatiko-ktirio-axarnes,Eπαγγελματικό Kτήριο · Αχαρνές · Αθήνα - Δυτικά Προάστια,sale,,1000000.0,1586.0,,Ισόγειο,,"Αχαρνές, Αθήνα - Δυτικά Προάστια",,,https://www.remax.gr/assets/media/properties/medium/378947_img_f721e767_bd77_47eb_a3d5_64963a9052e6.jpeg?v=13695377,,,,,2026-10-02T08:27:42Z,378947,2026-10-02,103/pwliseis-agora-epaggelmatika
remax.gr,REMAX En Oiko,https://www.remax.gr/property/378975-polisi-mezoneta-pallhnh,Μεζονέτα · Παλλήνη · Αθήνα - Ανατολικά Προάστια,sale,,650000.0,230.0,3,2ος,,"Παλλήνη, Αθήνα - Ανατολικά Προάστια",,,https://www.remax.gr/assets/media/properties/medium/378975_7d80e3ac06ef4a8e93c7709973eb1ca0.jpeg?v=13695126,,,,,2026-10-02T08:27:42Z,378975,2026-10-02,104/pwliseis-agora-katoikies
remax.gr,REMAX Properties Investment,https://www.remax.gr/property/379000-polisi-diamerisma-rafhna,Διαμέρισμα · Ραφήνα · Υπόλοιπο Αττικής,sale,,295000.0,110.0,2,3ος,,"Ραφήνα, Υπόλοιπο Αττικής",,,https://www.remax.gr/assets/media/properties/medium/379000_c682f5d5f7c54683b0be51039a9c2107.jpeg?v=14199783,,,,,2026-10-02T08:27:42Z,379000,2026-10-02,107/pwliseis-agora-katoikies
remax.gr,REMAX Homes,https://www.remax.gr/property/379064-polisi-mezoneta-stayros-geraka,"Μεζονέτα · Σταυρός Γέρακα · Γέρακας, Αθήνα - Ανατολικά Προάστια",sale,,450000.0,176.0,4,Ισόγειο,,"Σταυρός Γέρακα, Γέρακας, Αθήνα - Ανατολικά Προάστια",,,https://www.remax.gr/assets/media/properties/medium/379064_474e015f23ff49749f898ba93f6ed534.jpeg?v=13670749,,,,,2026-10-02T08:27:42Z,379064,2026-10-02,104/pwliseis-agora-katoikies
remax.gr,REMAX Homes,https://www.remax.gr/property/379066-polisi-oikopedo-gia-katoikia-garghttos,"Οικόπεδο για κατοικία · Γαργηττός · Γέρακας, Αθήνα - Ανατολικά Προάστια",sale,,350000.0,496.0,,,,"Γαργηττός, Γέρακας, Αθήνα - Ανατολικά Προάστια",,,https://www.remax.gr/assets/media/properties/medium/379066_img_e9bee2f9_d543_4526_8a5f_70c5cb053659.jpeg?v=13678657,,,,,2026-10-02T08:27:42Z,379066,2026-10-02,104/pwliseis-agora-gi
remax.gr,REMAX Homes,https://www.remax.gr/property/379073-polisi-agrotemachio-foyresi,"Αγροτεμάχιο · Φούρεσι · Γλυκά Νερά, Αθήνα - Ανατολικά Προάστια",sale,,30000.0,239.0,,,,"Φούρεσι, Γλυκά Νερά, Αθήνα - Ανατολικά Προάστια",,,https://www.remax.gr/assets/media/properties/medium/379073_img_fb17d59d_acc4_482e_8aa4_bc2d3a82f458.jpeg?v=13669330,,,,,2026-10-02T08:27:42Z,379073,2026-10-02,104/pwliseis-agora-gi
remax.gr,REMAX 361 Solutions,https://www.remax.gr/property/379090-polisi-diamerisma-mpalana,"Διαμέρισμα · Μπάλανα · Γέρακας, Αθήνα - Ανατολικά Προάστια",sale,,380000.0,108.0,3,2ος,,"Μπάλανα, Γέρακας, Αθήνα - Ανατολικά Προάστια",,,https://www.remax.gr/assets/media/properties/medium/379090_19_3219542.jpeg?v=12911508,,,,,2026-10-02T08:27:42Z,379090,2026-10-02,104/pwliseis-agora-katoikies
remax.gr,REMAX 361 Solutions,https://www.remax.gr/property/379092-polisi-diamerisma-mpalana,"Διαμέρισμα · Μπάλανα · Γέρακας, Αθήνα - Ανατολικά Προάστια",sale,,365000.0,106.0,3,1ος,,"Μπάλανα, Γέρακας, Αθήνα - Ανατολικά Προάστια",,,https://www.remax.gr/assets/media/properties/medium/379092_19_3197681.jpeg?v=12911544,,,,,2026-10-02T08:27:42Z,379092,2026-10-02,104/pwliseis-agora-katoikies
remax.gr,REMAX Lysis,https://www.remax.gr/property/379194-polisi-diamerisma-kentro,"Διαμέρισμα · Κέντρο · Παλαιά Φώκαια, Υπόλοιπο Αττικής",sale,,270000.0,78.0,2,1ος,,"Κέντρο, Παλαιά Φώκαια, Υπόλοιπο Αττικής",,,https://www.remax.gr/assets/media/properties/medium/379194_4_35143335.jpeg?v=12921730,,,,,2026-10-02T08:27:42Z,379194,2026-10-02,107/pwliseis-agora-katoikies
remax.gr,REMAX Lysis,https://www.remax.gr/property/379208-polisi-monokatoikia-agioi-apostoloi,"Μονοκατοικία · Άγιοι Απόστολοι · Κάλαμος, Υπόλοιπο Αττικής",sale,,90000.0,40.0,1,Ισόγειο,,"Άγιοι Απόστολοι, Κάλαμος, Υπόλοιπο Αττικής",,,https://www.remax.gr/assets/media/properties/medium/379208_4_33265554.jpeg?v=12922135,,,,,2026-10-02T08:27:42Z,379208,2026-10-02,107/pwliseis-agora-katoikies
remax.gr,REMAX Real Advisor,https://www.remax.gr/property/379315-polisi-monokatoikia-markopoylo-wrwpoy,Μονοκατοικία · Μαρκόπουλο Ωρωπού · Υπόλοιπο Αττικής,sale,,145000.0,165.0,3,Ισόγειο,,"Μαρκόπουλο Ωρωπού, Υπόλοιπο Αττικής",,,https://www.remax.gr/assets/media/properties/medium/379315_ecb3b80eaced4141924494faffd99bfd.jpeg?v=13981529,,,,,2026-10-02T08:27:42Z,379315,2026-10-02,107/pwliseis-agora-katoikies
remax.gr,REMAX Real Advisor,https://www.remax.gr/property/379456-polisi-epicheirisi-kamatero,Επιχείρηση · Καματερό · Αθήνα - Δυτικά Προάστια,sale,,80000.0,90.0,1,Ισόγειο,,"Καματερό, Αθήνα - Δυτικά Προάστια",,,https://www.remax.gr/assets/media/properties/medium/379456_a7cdc6880c9afce972663e6729517cc1.png?v=13757272,,,,,2026-10-02T08:27:42Z,379456,2026-10-02,103/pwliseis-agora-epaggelmatika
remax.gr,REMAX 361 Solutions,https://www.remax.gr/property/379521-polisi-monokatoikia-kentro,"Μονοκατοικία · Κέντρο · Γλυκά Νερά, Αθήνα - Ανατολικά Προάστια",sale,,550000.0,90.0,3,Ισόγειο,,"Κέντρο, Γλυκά Νερά, Αθήνα - Ανατολικά Προάστια",,,https://www.remax.gr/assets/media/properties/medium/379521_12_3472720.jpeg?v=12942584,,,,,2026-10-02T08:27:42Z,379521,2026-10-02,104/pwliseis-agora-katoikies
remax.gr,REMAX En Oiko,https://www.remax.gr/property/379522-polisi-oikopedo-gia-katoikia-nea-xalkhdona,Οικόπεδο για κατοικία · Νέα Χαλκηδόνα · Αθήνα - Δυτικά Προάστια,sale,,250000.0,209.0,,,,"Νέα Χαλκηδόνα, Αθήνα - Δυτικά Προάστια",,,https://www.remax.gr/assets/media/properties/medium/379522_img_ed59d948_172f_4f03_902c_b45e72f86211.jpeg?v=13695406,,,,,2026-10-02T08:27:42Z,379522,2026-10-02,103/pwliseis-agora-gi
remax.gr,REMAX Lysis,https://www.remax.gr/property/379588-polisi-aithousa-garghttos,"Αίθουσα · Γαργηττός · Γέρακας, Αθήνα - Ανατολικά Προάστια",sale,,600000.0,182.0,,Ισόγειο,,"Γαργηττός, Γέρακας, Αθήνα - Ανατολικά Προάστια",,,https://www.remax.gr/assets/media/properties/medium/379588_43_40798939.jpeg?v=13331915,,,,,2026-10-02T08:27:42Z,379588,2026-10-02,104/pwliseis-agora-epaggelmatika
remax.gr,REMAX Ergon,https://www.remax.gr/property/379645-enoikiasi-katastima-nea-iwnia,Κατάστημα · Νέα Ιωνία · Αθήνα - Δυτικά Προάστια,rent,,5800.0,450.0,,Ισόγειο,,"Νέα Ιωνία, Αθήνα - Δυτικά Προάστια",,,https://www.remax.gr/assets/media/properties/medium/379645_234646547b4a716a9624e602c0b376f1.jpeg?v=12952491,,,,,2026-10-02T08:27:42Z,379645,2026-10-02,103/enoikiaseis-epaggelmatika
remax.gr,REMAX Properties Investment,https://www.remax.gr/property/379697-polisi-mezoneta-garghttos,"Μεζονέτα · Γαργηττός · Γέρακας, Αθήνα - Ανατολικά Προάστια",sale,,450000.0,188.0,3,Ισόγειο,,"Γαργηττός, Γέρακας, Αθήνα - Ανατολικά Προάστια",,,https://www.remax.gr/assets/media/properties/medium/379697_80e334aa7d9b47458540c78e47b79ea2.jpeg?v=14199483,,,,,2026-10-02T08:27:42Z,379697,2026-10-02,104/pwliseis-agora-katoikies
remax.gr,REMAX Evolution,https://www.remax.gr/property/379753-polisi-monokatoikia-kentro,"Μονοκατοικία · Κέντρο · Λαύριο, Υπόλοιπο Αττικής",sale,,55000.0,50.0,2,Ισόγειο,,"Κέντρο, Λαύριο, Υπόλοιπο Αττικής",,,https://www.remax.gr/assets/media/properties/medium/379753_3503_11537979.jpeg?v=12957379,,,,,2026-10-02T08:27:42Z,379753,2026-10-02,107/pwliseis-agora-katoikies
remax.gr,REMAX Properties Investment,https://www.remax.gr/property/379973-polisi-apothiki-mixelh,"Αποθήκη · Μιχελή · Ίλιον, Αθήνα - Δυτικά Προάστια",sale,,45000.0,100.0,,Υπόγειο,,"Μιχελή, Ίλιον, Αθήνα - Δυτικά Προάστια",,,https://www.remax.gr/assets/media/properties/medium/379973_35bc404875d94fdb865f296bfc998e4f.jpeg?v=14197600,,,,,2026-10-02T08:27:42Z,379973,2026-10-02,103/pwliseis-agora-epaggelmatika
remax.gr,REMAX Ergon,https://www.remax.gr/property/380075-enoikiasi-grafeio-peribolia,"Γραφείο · Περιβόλια · Γαλάτσι, Αθήνα - Δυτικά Προάστια",rent,,780.0,115.0,,Ισόγειο,,"Περιβόλια, Γαλάτσι, Αθήνα - Δυτικά Προάστια",,,https://www.remax.gr/assets/media/properties/medium/380075_7f2cbb4c0a680637c576a94ad4cf51d0.jpeg?v=12976503,,,,,2026-10-02T08:27:42Z,380075,2026-10-02,103/enoikiaseis-epaggelmatika
remax.gr,REMAX En Oiko,https://www.remax.gr/property/380101-polisi-epaggelmatiko-ktirio-pallhnh,Eπαγγελματικό Kτήριο · Παλλήνη · Αθήνα - Ανατολικά Προάστια,sale,,700000.0,800.0,,Ισόγειο,,"Παλλήνη, Αθήνα - Ανατολικά Προάστια",,,https://www.remax.gr/assets/media/properties/medium/380101_3ef1801c0dab487a80c9f391382d049e.png?v=13695418,,,,,2026-10-02T08:27:42Z,380101,2026-10-02,104/pwliseis-agora-epaggelmatika
remax.gr,REMAX 361 Solutions,https://www.remax.gr/property/380125-polisi-oikopedo-gia-katoikia-garghttos,"Οικόπεδο για κατοικία · Γαργηττός · Γέρακας, Αθήνα - Ανατολικά Προάστια",sale,,350000.0,460.0,,,,"Γαργηττός, Γέρακας, Αθήνα - Ανατολικά Προάστια",,,https://www.remax.gr/assets/media/properties/medium/380125_10_3611745.jpeg?v=12979528,,,,,2026-10-02T08:27:42Z,380125,2026-10-02,104/pwliseis-agora-gi
remax.gr,REMAX Central,https://www.remax.gr/property/380158-polisi-monokatoikia-gerakas,Μονοκατοικία · Γέρακας · Αθήνα - Ανατολικά Προάστια,sale,,600000.0,220.0,4,Ισόγειο,,"Γέρακας, Αθήνα - Ανατολικά Προάστια",,,https://www.remax.gr/assets/media/properties/medium/380158_c32d3c5d15b04449a3e8fa30147b1343.jpeg?v=13926871,,,,,2026-10-02T08:27:42Z,380158,2026-10-02,104/pwliseis-agora-katoikies
remax.gr,REMAX Central,https://www.remax.gr/property/380202-polisi-diamerisma-gerakas,Διαμέρισμα · Γέρακας · Αθήνα - Ανατολικά Προάστια,sale,,400000.0,110.0,2,Ισόγειο,,"Γέρακας, Αθήνα - Ανατολικά Προάστια",,,https://www.remax.gr/assets/media/properties/medium/380202_0149942634544a4c92a88ecce17bfc5f.jpeg?v=13932761,,,,,2026-10-02T08:27:42Z,380202,2026-10-02,104/pwliseis-agora-katoikies
remax.gr,REMAX Fidelity Brokers,https://www.remax.gr/property/380226-polisi-oikopedo-gia-katoikia-olympiako-xwrio,"Οικόπεδο για κατοικία · Ολυμπιακό Χωριό · Αχαρνές, Αθήνα - Δυτικά Προάστια",sale,,52000.0,350.0,,,,"Ολυμπιακό Χωριό, Αχαρνές, Αθήνα - Δυτικά Προάστια",,,https://www.remax.gr/assets/media/properties/medium/380226_1543_4637325.jpeg?v=12986939,,,,,2026-10-02T08:27:42Z,380226,2026-10-02,103/pwliseis-agora-gi
remax.gr,REMAX Porto,https://www.remax.gr/property/380249-polisi-oikopedo-gia-katoikia-neos-boytzas,"Οικόπεδο για κατοικία · Νέος Βουτζάς · Νέα Μάκρη, Αθήνα - Ανατολικά Προάστια",sale,,250000.0,1217.0,,,,"Νέος Βουτζάς, Νέα Μάκρη, Αθήνα - Ανατολικά Προάστια",,,https://www.remax.gr/assets/media/properties/medium/380249_6_7397677.jpeg?v=13099813,,,,,2026-10-02T08:27:42Z,380249,2026-10-02,104/pwliseis-agora-gi
remax.gr,REMAX 361 Solutions,https://www.remax.gr/property/380315-polisi-diamerisma-kentro,"Διαμέρισμα · Κέντρο · Γλυκά Νερά, Αθήνα - Ανατολικά Προάστια",sale,,390000.0,110.0,3,1ος,,"Κέντρο, Γλυκά Νερά, Αθήνα - Ανατολικά Προάστια",,,https://www.remax.gr/assets/media/properties/medium/380315_12_3714942.jpeg?v=14241309,,,,,2026-10-02T08:27:42Z,380315,2026-10-02,104/pwliseis-agora-katoikies
remax.gr,REMAX 361 Solutions,https://www.remax.gr/property/380318-polisi-diamerisma-kentro,"Διαμέρισμα · Κέντρο · Γλυκά Νερά, Αθήνα - Ανατολικά Προάστια",sale,,390000.0,110.0,3,Ισόγειο,,"Κέντρο, Γλυκά Νερά, Αθήνα - Ανατολικά Προάστια",,,https://www.remax.gr/assets/media/properties/medium/380318_12_3729177.jpeg?v=14241332,,,,,2026-10-02T08:27:42Z,380318,2026-10-02,104/pwliseis-agora-katoikies
remax.gr,REMAX Real Advisor,https://www.remax.gr/property/380363-enoikiasi-aithousa-nea-filadelfeia,Αίθουσα · Νέα Φιλαδέλφεια · Αθήνα - Δυτικά Προάστια,rent,,4300.0,325.0,,Ισόγειο,,"Νέα Φιλαδέλφεια, Αθήνα - Δυτικά Προάστια",,,https://www.remax.gr/assets/media/properties/medium/380363_8caf7cd80ae79bbea7ae5101f3bb878d.jpeg?v=13757379,,,,,2026-10-02T08:27:42Z,380363,2026-10-02,103/enoikiaseis-epaggelmatika
remax.gr,REMAX Properties Investment,https://www.remax.gr/property/380393-polisi-monokatoikia-gerakas,Μονοκατοικία · Γέρακας · Αθήνα - Ανατολικά Προάστια,sale,,410000.0,105.0,2,Ισόγειο,,"Γέρακας, Αθήνα - Ανατολικά Προάστια",,,https://www.remax.gr/assets/media/properties/medium/380393_87124544beae42a3949943828ef50390.jpeg?v=14199811,,,,,2026-10-02T08:27:42Z,380393,2026-10-02,104/pwliseis-agora-katoikies
remax.gr,REMAX Properties Investment,https://www.remax.gr/property/380505-polisi-oikopedo-gia-katoikia-agrileza,"Οικόπεδο για κατοικία · Αγριλέζα · Αχαρνές, Αθήνα - Δυτικά Προάστια",sale,,47000.0,182.0,,,,"Αγριλέζα, Αχαρνές, Αθήνα - Δυτικά Προάστια",,,https://www.remax.gr/assets/media/properties/medium/380505_fa81fc74f9ec4191b28358f1e4c920f4.jpeg?v=14203260,,,,,2026-10-02T08:27:42Z,380505,2026-10-02,103/pwliseis-agora-gi
remax.gr,REMAX Real Advisor,https://www.remax.gr/property/380536-polisi-oikopedo-gia-katoikia-kamatero,Οικόπεδο για κατοικία · Καματερό · Αθήνα - Δυτικά Προάστια,sale,,97000.0,221.0,,,,"Καματερό, Αθήνα - Δυτικά Προάστια",,,https://www.remax.gr/assets/media/properties/medium/380536_859d05bc61064f9086810fab5f14d94b.jpeg?v=13981422,,,,,2026-10-02T08:27:42Z,380536,2026-10-02,103/pwliseis-agora-gi
remax.gr,REMAX Real Advisor,https://www.remax.gr/property/380537-polisi-oikopedo-gia-katoikia-kamatero,Οικόπεδο για κατοικία · Καματερό · Αθήνα - Δυτικά Προάστια,sale,,70000.0,200.0,,,,"Καματερό, Αθήνα - Δυτικά Προάστια",,,https://www.remax.gr/assets/media/properties/medium/380537_77b6fa30ff8346c7940daad9ccd3cefa.png?v=13979925,,,,,2026-10-02T08:27:42Z,380537,2026-10-02,103/pwliseis-agora-gi
remax.gr,REMAX 361 Solutions,https://www.remax.gr/property/380595-polisi-diamerisma-kentro,"Διαμέρισμα · Κέντρο · Γλυκά Νερά, Αθήνα - Ανατολικά Προάστια",sale,,265000.0,92.0,3,2ος,,"Κέντρο, Γλυκά Νερά, Αθήνα - Ανατολικά Προάστια",,,https://www.remax.gr/assets/media/properties/medium/380595_12_3786500.jpeg?v=13017871,,,,,2026-10-02T08:27:42Z,380595,2026-10-02,104/pwliseis-agora-katoikies
remax.gr,REMAX Properties Investment,https://www.remax.gr/property/380676-enoikiasi-mezoneta-dikastika,"Μεζονέτα · Δικαστικά · Μαραθώνας, Αθήνα - Ανατολικά Προάστια",rent,,1200.0,110.0,3,Ισόγειο,,"Δικαστικά, Μαραθώνας, Αθήνα - Ανατολικά Προάστια",,,https://www.remax.gr/assets/media/properties/medium/380676_f137927dea2146958bfecb6325bab76a.jpeg?v=14201419,,,,,2026-10-02T08:27:42Z,380676,2026-10-02,104/enoikiaseis-katoikies
remax.gr,REMAX 361 Solutions,https://www.remax.gr/property/380702-polisi-diamerisma-kentro,"Διαμέρισμα · Κέντρο · Παλλήνη, Αθήνα - Ανατολικά Προάστια",sale,,410000.0,143.0,3,4ος,,"Κέντρο, Παλλήνη, Αθήνα - Ανατολικά Προάστια",,,https://www.remax.gr/assets/media/properties/medium/380702_10_3795828.jpeg?v=13026006,,,,,2026-10-02T08:27:42Z,380702,2026-10-02,104/pwliseis-agora-katoikies
remax.gr,REMAX 361 Solutions,https://www.remax.gr/property/380717-polisi-epaggelmatiko-ktirio-agios-antwnios,"Eπαγγελματικό Kτήριο · Άγιος Αντώνιος · Περιστέρι, Αθήνα - Δυτικά Προάστια",sale,,580000.0,550.0,,Ισόγειο,,"Άγιος Αντώνιος, Περιστέρι, Αθήνα - Δυτικά Προάστια",,,https://www.remax.gr/assets/media/properties/medium/380717_2_208738.jpeg?v=13028722,,,,,2026-10-02T08:27:42Z,380717,2026-10-02,103/pwliseis-agora-epaggelmatika
remax.gr,REMAX En Oiko,https://www.remax.gr/property/380776-polisi-oikopedo-gia-katoikia-artemida-loytsa,Οικόπεδο για κατοικία · Αρτέμιδα (Λούτσα) · Αθήνα - Ανατολικά Προάστια,sale,,200000.0,803.0,,,,"Αρτέμιδα (Λούτσα), Αθήνα - Ανατολικά Προάστια",,,https://www.remax.gr/assets/media/properties/medium/380776_img_2e35e18d_9a7e_401f_9125_a8d9dc4834c1.jpeg?v=13695296,,,,,2026-10-02T08:27:42Z,380776,2026-10-02,104/pwliseis-agora-gi
remax.gr,REMAX Evolution,https://www.remax.gr/property/380845-polisi-monokatoikia-kamariza,"Μονοκατοικία · Καμάριζα · Λαύριο, Υπόλοιπο Αττικής",sale,,150000.0,100.0,2,Ισόγειο,,"Καμάριζα, Λαύριο, Υπόλοιπο Αττικής",,,https://www.remax.gr/assets/media/properties/medium/380845_3503_11613541.jpeg?v=13038582,,,,,2026-10-02T08:27:42Z,380845,2026-10-02,107/pwliseis-agora-katoikies
remax.gr,REMAX Fidelity Brokers 2,https://www.remax.gr/property/380852-polisi-oikopedo-gia-katoikia-agios-nikolaos,"Οικόπεδο για κατοικία · Άγιος Νικόλαος · Αρτέμιδα (Λούτσα), Αθήνα - Ανατολικά Προάστια",sale,,175000.0,510.0,,,,"Άγιος Νικόλαος, Αρτέμιδα (Λούτσα), Αθήνα - Ανατολικά Προάστια",,,https://www.remax.gr/assets/media/properties/medium/380852_3932_52397077.jpeg?v=13039974,,,,,2026-10-02T08:27:42Z,380852,2026-10-02,104/pwliseis-agora-gi
remax.gr,REMAX Fidelity Brokers 2,https://www.remax.gr/property/380856-polisi-oikopedo-gia-katoikia-agios-nikolaos,"Οικόπεδο για κατοικία · Άγιος Νικόλαος · Αρτέμιδα (Λούτσα), Αθήνα - Ανατολικά Προάστια",sale,,135000.0,355.0,,,,"Άγιος Νικόλαος, Αρτέμιδα (Λούτσα), Αθήνα - Ανατολικά Προάστια",,,https://www.remax.gr/assets/media/properties/medium/380856_3932_52085980.jpeg?v=13040022,,,,,2026-10-02T08:27:42Z,380856,2026-10-02,104/pwliseis-agora-gi
remax.gr,REMAX Lysis,https://www.remax.gr/property/380930-enoikiasi-katastima-menidiatika,"Κατάστημα · Μενιδιάτικα · Γαλάτσι, Αθήνα - Δυτικά Προάστια",rent,,4700.0,377.0,,Ισόγειο,,"Μενιδιάτικα, Γαλάτσι, Αθήνα - Δυτικά Προάστια",,,https://www.remax.gr/assets/media/properties/medium/380930_8_41199833.jpeg?v=13478410,,,,,2026-10-02T08:27:42Z,380930,2026-10-02,103/enoikiaseis-epaggelmatika
remax.gr,REMAX En Oiko,https://www.remax.gr/property/381007-polisi-epaggelmatiko-ktirio-gerakas,Eπαγγελματικό Kτήριο · Γέρακας · Αθήνα - Ανατολικά Προάστια,sale,,1300000.0,800.0,,Ισόγειο,,"Γέρακας, Αθήνα - Ανατολικά Προάστια",,,https://www.remax.gr/assets/media/properties/medium/381007_img_5b37b4d9_e725_4122_b44b_d6b3458920f9.jpeg?v=14141692,,,,,2026-10-02T08:27:42Z,381007,2026-10-02,104/pwliseis-agora-epaggelmatika
remax.gr,REMAX En Oiko,https://www.remax.gr/property/381008-polisi-epaggelmatiko-ktirio-gerakas,Eπαγγελματικό Kτήριο · Γέρακας · Αθήνα - Ανατολικά Προάστια,sale,,1300000.0,900.0,,Ισόγειο,,"Γέρακας, Αθήνα - Ανατολικά Προάστια",,,https://www.remax.gr/assets/media/properties/medium/381008_a7e0897332bf42e6b39555567da68927.png?v=13692647,,,,,2026-10-02T08:27:42Z,381008,2026-10-02,104/pwliseis-agora-epaggelmatika
remax.gr,REMAX En Oiko,https://www.remax.gr/property/381009-polisi-mezoneta-pallhnh,Μεζονέτα · Παλλήνη · Αθήνα - Ανατολικά Προάστια,sale,,700000.0,420.0,5,Ισόγειο,,"Παλλήνη, Αθήνα - Ανατολικά Προάστια",,,https://www.remax.gr/assets/media/properties/medium/381009_img_7ff37c34_1a6a_44a7_836c_7df77c570d03.jpeg?v=13697265,,,,,2026-10-02T08:27:42Z,381009,2026-10-02,104/pwliseis-agora-katoikies
remax.gr,REMAX 361 Solutions,https://www.remax.gr/property/381024-polisi-diamerisma-diwnh,"Διαμέρισμα · Διώνη · Πικέρμι, Υπόλοιπο Αττικής",sale,,160000.0,120.0,3,3ος,,"Διώνη, Πικέρμι, Υπόλοιπο Αττικής",,,https://www.remax.gr/assets/media/properties/medium/381024_11_382150.jpeg?v=13054242,,,,,2026-10-02T08:27:42Z,381024,2026-10-02,107/pwliseis-agora-katoikies
remax.gr,REMAX En Oiko,https://www.remax.gr/property/381101-polisi-oikopedo-gia-katoikia-artemida-loytsa,Οικόπεδο για κατοικία · Αρτέμιδα (Λούτσα) · Αθήνα - Ανατολικά Προάστια,sale,,120000.0,1080.0,,,,"Αρτέμιδα (Λούτσα), Αθήνα - Ανατολικά Προάστια",,,https://www.remax.gr/assets/media/properties/medium/381101_img_d14427e5_999b_4b33_952e_4a991ee39643.jpeg?v=13697258,,,,,2026-10-02T08:27:42Z,381101,2026-10-02,104/pwliseis-agora-gi
remax.gr,REMAX Central,https://www.remax.gr/property/381180-polisi-grafeio-galatsi,Γραφείο · Γαλάτσι · Αθήνα - Δυτικά Προάστια,sale,,560000.0,470.0,,1ος,,"Γαλάτσι, Αθήνα - Δυτικά Προάστια",,,https://www.remax.gr/assets/media/properties/medium/381180_21fb9e552eff4bea9f9fb439ae8f15e9.jpeg?v=13930713,,,,,2026-10-02T08:27:42Z,381180,2026-10-02,103/pwliseis-agora-epaggelmatika
remax.gr,REMAX Central,https://www.remax.gr/property/381181-enoikiasi-epaggelmatiko-ktirio-galatsi,Eπαγγελματικό Kτήριο · Γαλάτσι · Αθήνα - Δυτικά Προάστια,rent,,5500.0,940.0,,Ισόγειο,,"Γαλάτσι, Αθήνα - Δυτικά Προάστια",,,https://www.remax.gr/assets/media/properties/medium/381181_dfb65122e6fe4615b8b7ab2798e80122.jpeg?v=13936489,,,,,2026-10-02T08:27:42Z,381181,2026-10-02,103/enoikiaseis-epaggelmatika
remax.gr,REMAX En Oiko,https://www.remax.gr/property/381186-polisi-aithousa-nea-iwnia,Αίθουσα · Νέα Ιωνία · Αθήνα - Δυτικά Προάστια,sale,,88000.0,108.0,1,Ισόγειο,,"Νέα Ιωνία, Αθήνα - Δυτικά Προάστια",,,https://www.remax.gr/assets/media/properties/medium/381186_e701ea51c3454d5b880a021e80d21b25.png?v=13695100,,,,,2026-10-02T08:27:42Z,381186,2026-10-02,103/pwliseis-agora-epaggelmatika
remax.gr,REMAX Fidelity Brokers 2,https://www.remax.gr/property/381370-polisi-agrotemachio-anw-soyli,"Αγροτεμάχιο · Άνω Σούλι · Μαραθώνας, Αθήνα - Ανατολικά Προάστια",sale,,180000.0,7898.0,,,,"Άνω Σούλι, Μαραθώνας, Αθήνα - Ανατολικά Προάστια",,,https://www.remax.gr/assets/media/properties/medium/381370_3932_47475635.jpeg?v=13076088,,,,,2026-10-02T08:27:42Z,381370,2026-10-02,104/pwliseis-agora-gi
remax.gr,REMAX Fidelity Brokers 2,https://www.remax.gr/property/381376-polisi-oikopedo-gia-katoikia-karouzi,"Οικόπεδο για κατοικία · Καρούζι · Παλλήνη, Αθήνα - Ανατολικά Προάστια",sale,,320000.0,800.0,,,,"Καρούζι, Παλλήνη, Αθήνα - Ανατολικά Προάστια",,,https://www.remax.gr/assets/media/properties/medium/381376_3932_52975410.jpeg?v=13077150,,,,,2026-10-02T08:27:42Z,381376,2026-10-02,104/pwliseis-agora-gi
remax.gr,REMAX Properties Investment 5,https://www.remax.gr/property/381453-polisi-oikopedo-gia-katoikia-agia-anna,"Οικόπεδο για κατοικία · Αγία Άννα · Αχαρνές, Αθήνα - Δυτικά Προάστια",sale,,85000.0,291.0,,,,"Αγία Άννα, Αχαρνές, Αθήνα - Δυτικά Προάστια",,,https://www.remax.gr/assets/media/properties/medium/381453_981a40fc68354368a8c775c40bd81db6.jpeg?v=14185299,,,,,2026-10-02T08:27:42Z,381453,2026-10-02,103/pwliseis-agora-gi
remax.gr,REMAX Evolution,https://www.remax.gr/property/381503-polisi-monokatoikia-kentro,"Μονοκατοικία · Κέντρο · Κερατέα, Υπόλοιπο Αττικής",sale,,150000.0,160.0,1,1ος,,"Κέντρο, Κερατέα, Υπόλοιπο Αττικής",,,https://www.remax.gr/assets/media/properties/medium/381503_3503_11631698.jpeg?v=13082460,,,,,2026-10-02T08:27:42Z,381503,2026-10-02,107/pwliseis-agora-katoikies
remax.gr,REMAX Ergon,https://www.remax.gr/property/381560-polisi-oikopedo-gia-katoikia-pallhnh,Οικόπεδο για κατοικία · Παλλήνη · Αθήνα - Ανατολικά Προάστια,sale,,190000.0,541.0,,,,"Παλλήνη, Αθήνα - Ανατολικά Προάστια",,,https://www.remax.gr/assets/media/properties/medium/381560_f3ff8b8124449a99741f7eda18cb1d3a.jpeg?v=13088470,,,,,2026-10-02T08:27:42Z,381560,2026-10-02,104/pwliseis-agora-gi
remax.gr,REMAX Central,https://www.remax.gr/property/381616-polisi-oikopedo-gia-katoikia-nea-iwnia,Οικόπεδο για κατοικία · Νέα Ιωνία · Αθήνα - Δυτικά Προάστια,sale,,590000.0,330.0,,,,"Νέα Ιωνία, Αθήνα - Δυτικά Προάστια",,,https://www.remax.gr/assets/media/properties/medium/381616_89996e8d25f94d9a81500db1a05262d2.png?v=13927774,,,,,2026-10-02T08:27:42Z,381616,2026-10-02,103/pwliseis-agora-gi
remax.gr,REMAX Zed,https://www.remax.gr/property/381668-polisi-epaggelmatiko-ktirio-skaramagkas,"Eπαγγελματικό Kτήριο · Σκαραμαγκάς · Χαϊδάρι, Αθήνα - Δυτικά Προάστια",sale,,740000.0,489.0,,Ισόγειο,,"Σκαραμαγκάς, Χαϊδάρι, Αθήνα - Δυτικά Προάστια",,,https://www.remax.gr/assets/media/properties/medium/381668_4_27235661.jpeg?v=13094184,,,,,2026-10-02T08:27:42Z,381668,2026-10-02,103/pwliseis-agora-epaggelmatika
remax.gr,REMAX 361 Solutions,https://www.remax.gr/property/381797-polisi-oikopedo-gia-katoikia-kentro,"Οικόπεδο για κατοικία · Κέντρο · Γέρακας, Αθήνα - Ανατολικά Προάστια",sale,,1050000.0,1530.0,,,,"Κέντρο, Γέρακας, Αθήνα - Ανατολικά Προάστια",,,https://www.remax.gr/assets/media/properties/medium/381797_19_3844696.jpeg?v=13109083,,,,,2026-10-02T08:27:42Z,381797,2026-10-02,104/pwliseis-agora-gi
remax.gr,REMAX Plus,https://www.remax.gr/property/381933-enoikiasi-grafeio-korwpi,Γραφείο · Κορωπί · Αθήνα - Ανατολικά Προάστια,rent,,1500.0,190.0,,1ος,,"Κορωπί, Αθήνα - Ανατολικά Προάστια",,,https://www.remax.gr/assets/media/properties/medium/381933_6151854459a33157b81ef0b97eea888f.jpeg?v=13120700,,,,,2026-10-02T08:27:42Z,381933,2026-10-02,104/enoikiaseis-epaggelmatika
remax.gr,REMAX Invest,https://www.remax.gr/property/382139-enoikiasi-epaggelmatiko-ktirio-neo-nekrotafeio-axarnwn,"Eπαγγελματικό Kτήριο · Νέο Νεκροταφείο Αχαρνών · Αχαρνές, Αθήνα - Δυτικά Προάστια",rent,,2200.0,270.0,3,Ισόγειο,,"Νέο Νεκροταφείο Αχαρνών, Αχαρνές, Αθήνα - Δυτικά Προάστια",,,https://www.remax.gr/assets/media/properties/medium/382139_1_2841080.jpeg?v=13141173,,,,,2026-10-02T08:27:42Z,382139,2026-10-02,103/enoikiaseis-epaggelmatika
remax.gr,REMAX 361 Solutions,https://www.remax.gr/property/382144-enoikiasi-oikopedo-gia-katoikia-paiania-diafora,"Οικόπεδο για κατοικία · Παιανία-Διάφορα · Παιανία, Αθήνα - Ανατολικά Προάστια",rent,,1500.0,10000.0,,,,"Παιανία-Διάφορα, Παιανία, Αθήνα - Ανατολικά Προάστια",,,https://www.remax.gr/assets/media/properties/medium/382144_18_383976.jpeg?v=13481540,,,,,2026-10-02T08:27:42Z,382144,2026-10-02,104/enoikiaseis-gi
remax.gr,REMAX Properties Investment,https://www.remax.gr/property/382197-polisi-oikopedo-gia-katoikia-paiania,Οικόπεδο για κατοικία · Παιανία · Αθήνα - Ανατολικά Προάστια,sale,,134900.0,421.0,,,,"Παιανία, Αθήνα - Ανατολικά Προάστια",,,https://www.remax.gr/assets/media/properties/medium/382197_73a80936a879e0384a4e43c7ee010509.jpeg?v=14146923,,,,,2026-10-02T08:27:42Z,382197,2026-10-02,104/pwliseis-agora-gi
remax.gr,REMAX Properties Investment,https://www.remax.gr/property/382202-polisi-oikopedo-gia-katoikia-kentro,"Οικόπεδο για κατοικία · Κέντρο · Νέα Μάκρη, Αθήνα - Ανατολικά Προάστια",sale,,450000.0,1200.0,,,,"Κέντρο, Νέα Μάκρη, Αθήνα - Ανατολικά Προάστια",,,https://www.remax.gr/assets/media/properties/medium/382202_920ef6070c5c5d5f1554381afcf2d7d5.png?v=14146931,,,,,2026-10-02T08:27:42Z,382202,2026-10-02,104/pwliseis-agora-gi
remax.gr,REMAX Real Advisor,https://www.remax.gr/property/382258-polisi-katastima-kentro,"Κατάστημα · Κέντρο · Νέα Ιωνία, Αθήνα - Δυτικά Προάστια",sale,,130000.0,62.0,2,Ισόγειο,,"Κέντρο, Νέα Ιωνία, Αθήνα - Δυτικά Προάστια",,,https://www.remax.gr/assets/media/properties/medium/382258_c79d9cd95def430e85da0ce7a13fbaf2.jpeg?v=14344493,,,,,2026-10-02T08:27:42Z,382258,2026-10-02,103/pwliseis-agora-epaggelmatika
remax.gr,REMAX 361 Solutions,https://www.remax.gr/property/382281-polisi-aithousa-kentro,"Αίθουσα · Κέντρο · Γέρακας, Αθήνα - Ανατολικά Προάστια",sale,,600000.0,182.0,1,Ισόγειο,,"Κέντρο, Γέρακας, Αθήνα - Ανατολικά Προάστια",,,https://www.remax.gr/assets/media/properties/medium/382281_16_389645.jpeg?v=13154327,,,,,2026-10-02T08:27:42Z,382281,2026-10-02,104/pwliseis-agora-epaggelmatika
remax.gr,REMAX Properties Investment,https://www.remax.gr/property/382516-polisi-mezoneta-foyresi,"Μεζονέτα · Φούρεσι · Γλυκά Νερά, Αθήνα - Ανατολικά Προάστια",sale,,495000.0,164.0,3,Ισόγειο,,"Φούρεσι, Γλυκά Νερά, Αθήνα - Ανατολικά Προάστια",,,https://www.remax.gr/assets/media/properties/medium/382516_cb95e02431484803b083fd412166bbfd.jpeg?v=14200408,,,,,2026-10-02T08:27:42Z,382516,2026-10-02,104/pwliseis-agora-katoikies
remax.gr,REMAX 361 Solutions,https://www.remax.gr/property/382642-polisi-agrotemachio-neapolh,"Αγροτεμάχιο · Νεάπολη · Σπάτα, Αθήνα - Ανατολικά Προάστια",sale,,220000.0,3181.0,,,,"Νεάπολη, Σπάτα, Αθήνα - Ανατολικά Προάστια",,,https://www.remax.gr/assets/media/properties/medium/382642_20_3935288.jpeg?v=13182877,,,,,2026-10-02T08:27:42Z,382642,2026-10-02,104/pwliseis-agora-gi
remax.gr,REMAX Porto,https://www.remax.gr/property/382649-polisi-oikopedo-gia-katoikia-kataskhnwseis,"Οικόπεδο για κατοικία · Κατασκηνώσεις · Αρτέμιδα (Λούτσα), Αθήνα - Ανατολικά Προάστια",sale,,85000.0,510.0,,,,"Κατασκηνώσεις, Αρτέμιδα (Λούτσα), Αθήνα - Ανατολικά Προάστια",,,https://www.remax.gr/assets/media/properties/medium/382649_2_906903.jpeg?v=14017232,,,,,2026-10-02T08:27:42Z,382649,2026-10-02,104/pwliseis-agora-gi
remax.gr,REMAX Optimum,https://www.remax.gr/property/382717-polisi-oikopedo-gia-katoikia-kentro,"Οικόπεδο για κατοικία · Κέντρο · Παιανία, Αθήνα - Ανατολικά Προάστια",sale,,124000.0,263.0,,,,"Κέντρο, Παιανία, Αθήνα - Ανατολικά Προάστια",,,https://www.remax.gr/assets/media/properties/medium/382717_658d670d8df381703765773.jpeg?v=13185944,,,,,2026-10-02T08:27:42Z,382717,2026-10-02,104/pwliseis-agora-gi
remax.gr,REMAX Central,https://www.remax.gr/property/382867-enoikiasi-grafeio-mpalana,"Γραφείο · Μπάλανα · Γέρακας, Αθήνα - Ανατολικά Προάστια",rent,,1500.0,180.0,7,Ισόγειο,,"Μπάλανα, Γέρακας, Αθήνα - Ανατολικά Προάστια",,,https://www.remax.gr/assets/media/properties/medium/382867_3c4f36337c9245348bcf4ce242abdce6.jpeg?v=13935828,,,,,2026-10-02T08:27:42Z,382867,2026-10-02,104/enoikiaseis-epaggelmatika
remax.gr,REMAX Properties Investment,https://www.remax.gr/property/382934-polisi-diamerisma-pallhnh,Διαμέρισμα · Παλλήνη · Αθήνα - Ανατολικά Προάστια,sale,,450000.0,100.0,2,Ισόγειο,,"Παλλήνη, Αθήνα - Ανατολικά Προάστια",,,https://www.remax.gr/assets/media/properties/medium/382934_2dd9cc3fd83d441ea7277a0075b5e577.jpeg?v=14201051,,,,,2026-10-02T08:27:42Z,382934,2026-10-02,104/pwliseis-agora-katoikies
remax.gr,REMAX 361 Solutions,https://www.remax.gr/property/383107-polisi-diamerisma-nireas,"Διαμέρισμα · Νηρέας · Ραφήνα, Υπόλοιπο Αττικής",sale,,205000.0,88.0,2,3ος,,"Νηρέας, Ραφήνα, Υπόλοιπο Αττικής",,,https://www.remax.gr/assets/media/properties/medium/383107_11_3996972.jpeg?v=13221149,,,,,2026-10-02T08:27:42Z,383107,2026-10-02,107/pwliseis-agora-katoikies
remax.gr,REMAX Ergon,https://www.remax.gr/property/383113-polisi-mezoneta-kentro,"Μεζονέτα · Κέντρο · Γέρακας, Αθήνα - Ανατολικά Προάστια",sale,,555000.0,150.0,4,1ος,,"Κέντρο, Γέρακας, Αθήνα - Ανατολικά Προάστια",,,https://www.remax.gr/assets/media/properties/medium/383113_80b84d11f8898b3b5ae1b9de3ff8081e.jpeg?v=13559478,,,,,2026-10-02T08:27:42Z,383113,2026-10-02,104/pwliseis-agora-katoikies
remax.gr,REMAX Central,https://www.remax.gr/property/383124-polisi-katastima-galatsi,Κατάστημα · Γαλάτσι · Αθήνα - Δυτικά Προάστια,sale,,170000.0,123.0,2,Ισόγειο,,"Γαλάτσι, Αθήνα - Δυτικά Προάστια",,,https://www.remax.gr/assets/media/properties/medium/383124_f8b438ba915e430695f4adaa8012d3db.png?v=14176596,,,,,2026-10-02T08:27:42Z,383124,2026-10-02,103/pwliseis-agora-epaggelmatika
remax.gr,REMAX 361 Solutions,https://www.remax.gr/property/383230-polisi-katastima-kentro,"Κατάστημα · Κέντρο · Γλυκά Νερά, Αθήνα - Ανατολικά Προάστια",sale,,395000.0,70.0,2,Ισόγειο,,"Κέντρο, Γλυκά Νερά, Αθήνα - Ανατολικά Προάστια",,,https://www.remax.gr/assets/media/properties/medium/383230_12_4001436.jpeg?v=13230375,,,,,2026-10-02T08:27:42Z,383230,2026-10-02,104/pwliseis-agora-epaggelmatika
remax.gr,REMAX Properties Investment,https://www.remax.gr/property/383368-polisi-mezoneta-gerakas,Μεζονέτα · Γέρακας · Αθήνα - Ανατολικά Προάστια,sale,,550000.0,410.0,4,,,"Γέρακας, Αθήνα - Ανατολικά Προάστια",,,https://www.remax.gr/assets/media/properties/medium/383368_25f067fda315426f8a5da0f345b56cf8.jpeg?v=14194787,,,,,2026-10-02T08:27:42Z,383368,2026-10-02,104/pwliseis-agora-katoikies
remax.gr,REMAX Abacus Properties,https://www.remax.gr/property/383409-enoikiasi-katastima-kentro,"Κατάστημα · Κέντρο · Περιστέρι, Αθήνα - Δυτικά Προάστια",rent,,2700.0,152.0,4,Ισόγειο,,"Κέντρο, Περιστέρι, Αθήνα - Δυτικά Προάστια",,,https://www.remax.gr/assets/media/properties/medium/383409_a9c465b5100c76fc429187fa0abfd8e6.jpeg?v=13626246,,,,,2026-10-02T08:27:42Z,383409,2026-10-02,103/enoikiaseis-epaggelmatika
remax.gr,REMAX Abacus Properties,https://www.remax.gr/property/383410-polisi-epaggelmatiko-ktirio-mpoyrnazi,"Eπαγγελματικό Kτήριο · Μπουρνάζι · Περιστέρι, Αθήνα - Δυτικά Προάστια",sale,,1700000.0,620.0,12,Ισόγειο,,"Μπουρνάζι, Περιστέρι, Αθήνα - Δυτικά Προάστια",,,https://www.remax.gr/assets/media/properties/medium/383410_0ae50833edf14397b5ee2dfb7cc4be77.jpeg?v=14009956,,,,,2026-10-02T08:27:42Z,383410,2026-10-02,103/pwliseis-agora-epaggelmatika
remax.gr,REMAX Plus,https://www.remax.gr/property/383462-polisi-monokatoikia-agia-marina,"Μονοκατοικία · Αγία Μαρίνα · Κορωπί, Αθήνα - Ανατολικά Προάστια",sale,,1250000.0,390.0,5,Ισόγειο,,"Αγία Μαρίνα, Κορωπί, Αθήνα - Ανατολικά Προάστια",,,https://www.remax.gr/assets/media/properties/medium/383462_47e0582dc5624fecb3ed64121f717450.jpeg?v=13254493,,,,,2026-10-02T08:27:42Z,383462,2026-10-02,104/pwliseis-agora-katoikies
remax.gr,REMAX Ergon,https://www.remax.gr/property/383499-polisi-mezoneta-garghttos,"Μεζονέτα · Γαργηττός · Γέρακας, Αθήνα - Ανατολικά Προάστια",sale,,600000.0,150.0,4,1ος,,"Γαργηττός, Γέρακας, Αθήνα - Ανατολικά Προάστια",,,https://www.remax.gr/assets/media/properties/medium/383499_4e7183be1001c264a072198a46db2188.jpeg?v=13559486,,,,,2026-10-02T08:27:42Z,383499,2026-10-02,104/pwliseis-agora-katoikies
remax.gr,REMAX Lysis,https://www.remax.gr/property/383508-polisi-katastima-madytos,"Κατάστημα · Μάδυτος · Νέα Φιλαδέλφεια, Αθήνα - Δυτικά Προάστια",sale,,180000.0,250.0,2,Ημιυπόγειο,,"Μάδυτος, Νέα Φιλαδέλφεια, Αθήνα - Δυτικά Προάστια",,,https://www.remax.gr/assets/media/properties/medium/383508_5_42407467.jpeg?v=13258028,,,,,2026-10-02T08:27:42Z,383508,2026-10-02,103/pwliseis-agora-epaggelmatika
remax.gr,REMAX Elite,https://www.remax.gr/property/383539-polisi-oikopedo-gia-katoikia-agia-barbara,Οικόπεδο για κατοικία · Αγία Βαρβάρα · Αθήνα - Δυτικά Προάστια,sale,,95000.0,143.0,,,,"Αγία Βαρβάρα, Αθήνα - Δυτικά Προάστια",,,https://www.remax.gr/assets/media/properties/medium/383539_4489d8bee28b94bc3c8e45038cdc0a18.jpeg?v=13878912,,,,,2026-10-02T08:27:42Z,383539,2026-10-02,103/pwliseis-agora-gi
remax.gr,REMAX Abacus Properties,https://www.remax.gr/property/383583-polisi-epicheirisi-khpoypolh,"Επιχείρηση · Κηπούπολη · Περιστέρι, Αθήνα - Δυτικά Προάστια",sale,,22000.0,140.0,4,Ισόγειο,,"Κηπούπολη, Περιστέρι, Αθήνα - Δυτικά Προάστια",,,https://www.remax.gr/assets/media/properties/medium/383583_d9cb9c70e0bb4befbc8d1a4a33153546.jpeg?v=14352423,,,,,2026-10-02T08:27:42Z,383583,2026-10-02,103/pwliseis-agora-epaggelmatika
remax.gr,REMAX Zed,https://www.remax.gr/property/383702-enoikiasi-katastima-kentro,"Κατάστημα · Κέντρο · Αγία Βαρβάρα, Αθήνα - Δυτικά Προάστια",rent,,680.0,85.0,3,Ισόγειο,,"Κέντρο, Αγία Βαρβάρα, Αθήνα - Δυτικά Προάστια",,,https://www.remax.gr/assets/media/properties/medium/383702_7_27937264.jpeg?v=13270236,,,,,2026-10-02T08:27:42Z,383702,2026-10-02,103/enoikiaseis-epaggelmatika
remax.gr,REMAX 361 Solutions,https://www.remax.gr/property/383836-polisi-katastima-kentro,"Κατάστημα · Κέντρο · Γέρακας, Αθήνα - Ανατολικά Προάστια",sale,,270000.0,100.0,,Ισόγειο,,"Κέντρο, Γέρακας, Αθήνα - Ανατολικά Προάστια",,,https://www.remax.gr/assets/media/properties/medium/383836_16_4042891.jpeg?v=13283202,,,,,2026-10-02T08:27:42Z,383836,2026-10-02,104/pwliseis-agora-epaggelmatika
remax.gr,REMAX 361 Solutions,https://www.remax.gr/property/383840-polisi-katastima-mpalana,"Κατάστημα · Μπάλανα · Γέρακας, Αθήνα - Ανατολικά Προάστια",sale,,740000.0,300.0,2,Ισόγειο,,"Μπάλανα, Γέρακας, Αθήνα - Ανατολικά Προάστια",,,https://www.remax.gr/assets/media/properties/medium/383840_16_4067675.jpeg?v=13283824,,,,,2026-10-02T08:27:42Z,383840,2026-10-02,104/pwliseis-agora-epaggelmatika
remax.gr,REMAX 361 Solutions,https://www.remax.gr/property/383841-polisi-katastima-kentro,"Κατάστημα · Κέντρο · Γέρακας, Αθήνα - Ανατολικά Προάστια",sale,,480000.0,200.0,,Ισόγειο,,"Κέντρο, Γέρακας, Αθήνα - Ανατολικά Προάστια",,,https://www.remax.gr/assets/media/properties/medium/383841_16_4055096.jpeg?v=13283827,,,,,2026-10-02T08:27:42Z,383841,2026-10-02,104/pwliseis-agora-epaggelmatika
remax.gr,REMAX 361 Solutions,https://www.remax.gr/property/383842-polisi-katastima-stayros-geraka,"Κατάστημα · Σταυρός Γέρακα · Γέρακας, Αθήνα - Ανατολικά Προάστια",sale,,1210000.0,500.0,3,Ισόγειο,,"Σταυρός Γέρακα, Γέρακας, Αθήνα - Ανατολικά Προάστια",,,https://www.remax.gr/assets/media/properties/medium/383842_16_4079828.jpeg?v=13283992,,,,,2026-10-02T08:27:42Z,383842,2026-10-02,104/pwliseis-agora-epaggelmatika
remax.gr,REMAX Evolution,https://www.remax.gr/property/383856-polisi-monokatoikia-lagonhsi,"Μονοκατοικία · Λαγονήσι · Καλύβια Θορικού, Υπόλοιπο Αττικής",sale,,165000.0,80.0,2,Ισόγειο,,"Λαγονήσι, Καλύβια Θορικού, Υπόλοιπο Αττικής",,,https://www.remax.gr/assets/media/properties/medium/383856_3501_1176977.jpeg?v=13287218,,,,,2026-10-02T08:27:42Z,383856,2026-10-02,107/pwliseis-agora-katoikies
remax.gr,REMAX 361 Solutions,https://www.remax.gr/property/383861-enoikiasi-biomichaniko-biotechniko-ano-mpalana,"Βιομηχανικό/Βιοτεχνικό · Άνω Μπαλάνα · Παλλήνη, Αθήνα - Ανατολικά Προάστια",rent,,20000.0,3500.0,,Ισόγειο,,"Άνω Μπαλάνα, Παλλήνη, Αθήνα - Ανατολικά Προάστια",,,https://www.remax.gr/assets/media/properties/medium/383861_17_3903204.jpeg?v=13287296,,,,,2026-10-02T08:27:42Z,383861,2026-10-02,104/enoikiaseis-epaggelmatika
remax.gr,REMAX En Oiko,https://www.remax.gr/property/383952-polisi-bila-pallhnh,Βίλα · Παλλήνη · Αθήνα - Ανατολικά Προάστια,sale,,1500000.0,410.0,4,Ισόγειο,,"Παλλήνη, Αθήνα - Ανατολικά Προάστια",,,https://www.remax.gr/assets/media/properties/medium/383952_img_fb529ef2_0ab3_410d_b607_ea27e410fd1b.jpeg?v=13694162,,,,,2026-10-02T08:27:42Z,383952,2026-10-02,104/pwliseis-agora-katoikies
remax.gr,REMAX Domi,https://www.remax.gr/property/383980-polisi-oikopedo-gia-katoikia-akthmones,"Οικόπεδο για κατοικία · Ακτήμονες · Γαλάτσι, Αθήνα - Δυτικά Προάστια",sale,,120000.0,107.0,,,,"Ακτήμονες, Γαλάτσι, Αθήνα - Δυτικά Προάστια",,,https://www.remax.gr/assets/media/properties/medium/383980_23402_126609768.jpeg?v=13293953,,,,,2026-10-02T08:27:42Z,383980,2026-10-02,103/pwliseis-agora-gi
remax.gr,REMAX Properties Investment,https://www.remax.gr/property/383999-polisi-monokatoikia-gerakas,Μονοκατοικία · Γέρακας · Αθήνα - Ανατολικά Προάστια,sale,,720000.0,600.0,7,Ισόγειο,,"Γέρακας, Αθήνα - Ανατολικά Προάστια",,,https://www.remax.gr/assets/media/properties/medium/383999_ba9728d7d9b736a932b389f7171234b1.jpeg?v=14147280,,,,,2026-10-02T08:27:42Z,383999,2026-10-02,104/pwliseis-agora-katoikies
remax.gr,REMAX Abacus Properties,https://www.remax.gr/property/384008-polisi-oikopedo-gia-katoikia-anthoypolh,"Οικόπεδο για κατοικία · Ανθούπολη · Περιστέρι, Αθήνα - Δυτικά Προάστια",sale,,140000.0,237.0,,,,"Ανθούπολη, Περιστέρι, Αθήνα - Δυτικά Προάστια",,,https://www.remax.gr/assets/media/properties/medium/384008_5ce3fdc1213c45d1a77875f079a584bd.jpeg?v=14009983,,,,,2026-10-02T08:27:42Z,384008,2026-10-02,103/pwliseis-agora-gi
remax.gr,REMAX Central,https://www.remax.gr/property/384020-polisi-katastima-perissos,"Κατάστημα · Περισσός · Νέα Ιωνία, Αθήνα - Δυτικά Προάστια",sale,,100000.0,171.0,2,Ημιυπόγειο,,"Περισσός, Νέα Ιωνία, Αθήνα - Δυτικά Προάστια",,,https://www.remax.gr/assets/media/properties/medium/384020_7e839801d8b44e42be0ee9799a10cffd.jpeg?v=13935214,,,,,2026-10-02T08:27:42Z,384020,2026-10-02,103/pwliseis-agora-epaggelmatika
remax.gr,REMAX Ergon,https://www.remax.gr/property/384029-polisi-oikopedo-gia-katoikia-kentro,"Οικόπεδο για κατοικία · Κέντρο · Γέρακας, Αθήνα - Ανατολικά Προάστια",sale,,420000.0,698.0,,,,"Κέντρο, Γέρακας, Αθήνα - Ανατολικά Προάστια",,,https://www.remax.gr/assets/media/properties/medium/384029_62f950cbb391b86bc73df32ed3f2c782.jpeg?v=14060293,,,,,2026-10-02T08:27:42Z,384029,2026-10-02,104/pwliseis-agora-gi
remax.gr,REMAX Premium,https://www.remax.gr/property/384189-polisi-oikopedo-gia-katoikia-grammatiko,Οικόπεδο για κατοικία · Γραμματικό · Αθήνα - Ανατολικά Προάστια,sale,,25000.0,225.0,,,,"Γραμματικό, Αθήνα - Ανατολικά Προάστια",,,https://www.remax.gr/assets/media/properties/medium/384189_01c21231e549be9e9da6917ddae95326.jpeg?v=13791593,,,,,2026-10-02T08:27:42Z,384189,2026-10-02,104/pwliseis-agora-gi
remax.gr,REMAX Abacus Properties,https://www.remax.gr/property/384202-polisi-mezoneta-kentro,"Μεζονέτα · Κέντρο · Ασπρόπυργος, Υπόλοιπο Αττικής",sale,,265000.0,111.0,3,2ος,,"Κέντρο, Ασπρόπυργος, Υπόλοιπο Αττικής",,,https://www.remax.gr/assets/media/properties/medium/384202_f4dd39a293874587893c31af1474835f.jpeg?v=14009928,,,,,2026-10-02T08:27:42Z,384202,2026-10-02,107/pwliseis-agora-katoikies
remax.gr,REMAX Real Advisor,https://www.remax.gr/property/384246-enoikiasi-katastima-galatsi,Κατάστημα · Γαλάτσι · Αθήνα - Δυτικά Προάστια,rent,,9800.0,366.0,,Ισόγειο,,"Γαλάτσι, Αθήνα - Δυτικά Προάστια",,,https://www.remax.gr/assets/media/properties/medium/384246_d1ef7d74f04d43a6b63dc147cb4cae82.jpeg?v=13981052,,,,,2026-10-02T08:27:42Z,384246,2026-10-02,103/enoikiaseis-epaggelmatika
remax.gr,REMAX 361 Solutions,https://www.remax.gr/property/384281-polisi-oikopedo-gia-katoikia-kentro,"Οικόπεδο για κατοικία · Κέντρο · Παιανία, Αθήνα - Ανατολικά Προάστια",sale,,205000.0,636.0,,,,"Κέντρο, Παιανία, Αθήνα - Ανατολικά Προάστια",,,https://www.remax.gr/assets/media/properties/medium/384281_19_4092739.jpeg?v=13468113,,,,,2026-10-02T08:27:42Z,384281,2026-10-02,104/pwliseis-agora-gi
remax.gr,REMAX Zed,https://www.remax.gr/property/384297-polisi-mezoneta-neraki,"Μεζονέτα · Νεράκι · Νέα Πέραμος (Μεγάλο Πεύκο), Υπόλοιπο Αττικής",sale,,170000.0,135.0,2,2ος,,"Νεράκι, Νέα Πέραμος (Μεγάλο Πεύκο), Υπόλοιπο Αττικής",,,https://www.remax.gr/assets/media/properties/medium/384297_28_28072692.jpeg?v=13317979,,,,,2026-10-02T08:27:42Z,384297,2026-10-02,107/pwliseis-agora-katoikies
remax.gr,REMAX Real Advisor,https://www.remax.gr/property/384536-polisi-biomichaniko-biotechniko-axarnes,Βιομηχανικό/Βιοτεχνικό · Αχαρνές · Αθήνα - Δυτικά Προάστια,sale,,4000000.0,2000.0,,Ισόγειο,,"Αχαρνές, Αθήνα - Δυτικά Προάστια",,,https://www.remax.gr/assets/media/properties/medium/384536_1138818173af4c328a5b8d2aca6f3e76.jpeg?v=13980943,,,,,2026-10-02T08:27:42Z,384536,2026-10-02,103/pwliseis-agora-epaggelmatika
remax.gr,REMAX Real Advisor,https://www.remax.gr/property/384537-enoikiasi-biomichaniko-biotechniko-axarnes,Βιομηχανικό/Βιοτεχνικό · Αχαρνές · Αθήνα - Δυτικά Προάστια,rent,,17000.0,2000.0,,Ισόγειο,,"Αχαρνές, Αθήνα - Δυτικά Προάστια",,,https://www.remax.gr/assets/media/properties/medium/384537_0331dbc7fa9b4405b4acadca5064e3d1.jpeg?v=13980935,,,,,2026-10-02T08:27:42Z,384537,2026-10-02,103/enoikiaseis-epaggelmatika
remax.gr,REMAX Real Advisor,https://www.remax.gr/property/384545-polisi-diamerisma-skala-wrwpoy,Διαμέρισμα · Σκάλα Ωρωπού · Υπόλοιπο Αττικής,sale,,70000.0,50.0,1,2ος,,"Σκάλα Ωρωπού, Υπόλοιπο Αττικής",,,https://www.remax.gr/assets/media/properties/medium/384545_fda197d84be04bc48dae241af4faea94.jpeg?v=14273151,,,,,2026-10-02T08:27:42Z,384545,2026-10-02,107/pwliseis-agora-katoikies
remax.gr,REMAX Real Advisor,https://www.remax.gr/property/384546-polisi-diamerisma-xalkoytsi,"Διαμέρισμα · Χαλκούτσι · Σκάλα Ωρωπού, Υπόλοιπο Αττικής",sale,,70000.0,50.0,1,Ισόγειο,,"Χαλκούτσι, Σκάλα Ωρωπού, Υπόλοιπο Αττικής",,,https://www.remax.gr/assets/media/properties/medium/384546_563a43b585b44f9792de25e8c32e69de.jpeg?v=14273162,,,,,2026-10-02T08:27:42Z,384546,2026-10-02,107/pwliseis-agora-katoikies
remax.gr,REMAX Evolution,https://www.remax.gr/property/384618-polisi-agrotemachio-varis-koropiou-avenue,"Αγροτεμάχιο · Λεωφ. Βάρης Κορωπίου · Κορωπί, Αθήνα - Ανατολικά Προάστια",sale,,58000.0,1800.0,,,,"Λεωφ. Βάρης Κορωπίου, Κορωπί, Αθήνα - Ανατολικά Προάστια",,,https://www.remax.gr/assets/media/properties/medium/384618_3499_11784922.jpeg?v=13340716,,,,,2026-10-02T08:27:42Z,384618,2026-10-02,104/pwliseis-agora-gi
remax.gr,REMAX Central,https://www.remax.gr/property/384648-enoikiasi-grafeio-kentro,"Γραφείο · Κέντρο · Γέρακας, Αθήνα - Ανατολικά Προάστια",rent,,4000.0,780.0,,Ισόγειο,,"Κέντρο, Γέρακας, Αθήνα - Ανατολικά Προάστια",,,https://www.remax.gr/assets/media/properties/medium/384648_92838ccc5f9042e19ec889a8446a3895.jpeg?v=13945997,,,,,2026-10-02T08:27:42Z,384648,2026-10-02,104/enoikiaseis-epaggelmatika
remax.gr,REMAX 361 Solutions,https://www.remax.gr/property/384805-polisi-agrotemachio-kentro,"Αγροτεμάχιο · Κέντρο · Γέρακας, Αθήνα - Ανατολικά Προάστια",sale,,1300000.0,4349.0,,,,"Κέντρο, Γέρακας, Αθήνα - Ανατολικά Προάστια",,,https://www.remax.gr/assets/media/properties/medium/384805_10_447144.jpeg?v=13360079,,,,,2026-10-02T08:27:42Z,384805,2026-10-02,104/pwliseis-agora-gi
remax.gr,REMAX 361 Solutions,https://www.remax.gr/property/384806-enoikiasi-agrotemachio-kentro,"Αγροτεμάχιο · Κέντρο · Γέρακας, Αθήνα - Ανατολικά Προάστια",rent,,3000.0,4349.0,,,,"Κέντρο, Γέρακας, Αθήνα - Ανατολικά Προάστια",,,https://www.remax.gr/assets/media/properties/medium/384806_10_4486883.jpeg?v=13360093,,,,,2026-10-02T08:27:42Z,384806,2026-10-02,104/enoikiaseis-gi
remax.gr,REMAX Zed,https://www.remax.gr/property/384827-polisi-oikopedo-gia-katoikia-stayros-geraka,"Οικόπεδο για κατοικία · Σταυρός Γέρακα · Γέρακας, Αθήνα - Ανατολικά Προάστια",sale,,480000.0,674.0,,,,"Σταυρός Γέρακα, Γέρακας, Αθήνα - Ανατολικά Προάστια",,,https://www.remax.gr/assets/media/properties/medium/384827_21_28263671.jpeg?v=13360542,,,,,2026-10-02T08:27:42Z,384827,2026-10-02,104/pwliseis-agora-gi
remax.gr,REMAX Homes,https://www.remax.gr/property/384861-polisi-epaggelmatiko-ktirio-peristeri,Eπαγγελματικό Kτήριο · Περιστέρι · Αθήνα - Δυτικά Προάστια,sale,,650000.0,496.0,,Ισόγειο,,"Περιστέρι, Αθήνα - Δυτικά Προάστια",,,https://www.remax.gr/assets/media/properties/medium/384861_b0ee3c18db0d4e60a8d15b50728510cb.jpeg?v=13675677,,,,,2026-10-02T08:27:42Z,384861,2026-10-02,103/pwliseis-agora-epaggelmatika
remax.gr,REMAX Abacus Properties,https://www.remax.gr/property/384897-enoikiasi-grafeio-axarnes,Γραφείο · Αχαρνές · Αθήνα - Δυτικά Προάστια,rent,,900.0,296.0,1,1ος,,"Αχαρνές, Αθήνα - Δυτικά Προάστια",,,https://www.remax.gr/assets/media/properties/medium/384897_194e70551c9d1edadd5aa42bbdc11a4d.jpeg?v=13941419,,,,,2026-10-02T08:27:42Z,384897,2026-10-02,103/enoikiaseis-epaggelmatika
remax.gr,REMAX Evolution,https://www.remax.gr/property/384926-polisi-diamerisma-sarwnida,Διαμέρισμα · Σαρωνίδα · Υπόλοιπο Αττικής,sale,,245000.0,95.0,2,1ος,,"Σαρωνίδα, Υπόλοιπο Αττικής",,,https://www.remax.gr/assets/media/properties/medium/384926_3501_11809373.jpeg?v=13367427,,,,,2026-10-02T08:27:42Z,384926,2026-10-02,107/pwliseis-agora-katoikies
remax.gr,REMAX Homes,https://www.remax.gr/property/384947-polisi-monokatoikia-mikrolimano,"Μονοκατοικία · Μικρολίμανο · Κερατέα, Υπόλοιπο Αττικής",sale,,157000.0,103.0,2,Ισόγειο,,"Μικρολίμανο, Κερατέα, Υπόλοιπο Αττικής",,,https://www.remax.gr/assets/media/properties/medium/384947_23b6871e7b3d443fbaab0659354ec367.jpeg?v=13675691,,,,,2026-10-02T08:27:42Z,384947,2026-10-02,107/pwliseis-agora-katoikies
remax.gr,REMAX Real Advisor,https://www.remax.gr/property/384987-enoikiasi-epaggelmatiko-ktirio-ilion,Eπαγγελματικό Kτήριο · Ίλιον · Αθήνα - Δυτικά Προάστια,rent,,1500.0,250.0,,Ισόγειο,,"Ίλιον, Αθήνα - Δυτικά Προάστια",,,https://www.remax.gr/assets/media/properties/medium/384987_9390406e749e400b9c5257626a455c86.png?v=13980863,,,,,2026-10-02T08:27:42Z,384987,2026-10-02,103/enoikiaseis-epaggelmatika
remax.gr,REMAX 361 Solutions,https://www.remax.gr/property/385078-polisi-oikopedo-gia-katoikia-anthoysa,Οικόπεδο για κατοικία · Ανθούσα · Αθήνα - Ανατολικά Προάστια,sale,,100000.0,415.0,,,,"Ανθούσα, Αθήνα - Ανατολικά Προάστια",,,https://www.remax.gr/assets/media/properties/medium/385078_10_4491253.jpeg?v=13385110,,,,,2026-10-02T08:27:42Z,385078,2026-10-02,104/pwliseis-agora-gi
remax.gr,REMAX Lysis,https://www.remax.gr/property/385110-polisi-diamerisma-agia-marina,"Διαμέρισμα · Αγία Μαρίνα · Κορωπί, Αθήνα - Ανατολικά Προάστια",sale,,261944.0,69.0,2,2ος,,"Αγία Μαρίνα, Κορωπί, Αθήνα - Ανατολικά Προάστια",,,https://www.remax.gr/assets/media/properties/medium/385110_8_42209395.jpeg?v=13387216,,,,,2026-10-02T08:27:42Z,385110,2026-10-02,104/pwliseis-agora-katoikies
remax.gr,REMAX Real Advisor,https://www.remax.gr/property/385140-polisi-epaggelmatiko-ktirio-nea-xalkhdona,Eπαγγελματικό Kτήριο · Νέα Χαλκηδόνα · Αθήνα - Δυτικά Προάστια,sale,,2300000.0,2400.0,20,Ισόγειο,,"Νέα Χαλκηδόνα, Αθήνα - Δυτικά Προάστια",,,https://www.remax.gr/assets/media/properties/medium/385140_2eadccab32204a93a1187203f2ec0a06.jpeg?v=13980791,,,,,2026-10-02T08:27:42Z,385140,2026-10-02,103/pwliseis-agora-epaggelmatika
remax.gr,REMAX Porto,https://www.remax.gr/property/385233-polisi-monokatoikia-porto-rafth,"Μονοκατοικία · Πόρτο Ράφτη · Μαρκόπουλο, Υπόλοιπο Αττικής",sale,,210000.0,75.0,3,Ισόγειο,,"Πόρτο Ράφτη, Μαρκόπουλο, Υπόλοιπο Αττικής",,,https://www.remax.gr/assets/media/properties/medium/385233_3_9239534.jpeg?v=13617829,,,,,2026-10-02T08:27:42Z,385233,2026-10-02,107/pwliseis-agora-katoikies
remax.gr,REMAX Real Advisor,https://www.remax.gr/property/385244-polisi-katastima-agioi-anargyroi,"Κατάστημα · Άγιοι Ανάργυροι · Νέα Ιωνία, Αθήνα - Δυτικά Προάστια",sale,,100000.0,75.0,1,Ημιυπόγειο,,"Άγιοι Ανάργυροι, Νέα Ιωνία, Αθήνα - Δυτικά Προάστια",,,https://www.remax.gr/assets/media/properties/medium/385244_41fea4785fb84ae1bb4259e387fae136.jpeg?v=13980750,,,,,2026-10-02T08:27:42Z,385244,2026-10-02,103/pwliseis-agora-epaggelmatika
remax.gr,REMAX Properties Investment,https://www.remax.gr/property/385380-polisi-oikopedo-gia-katoikia-glyka-nera,Οικόπεδο για κατοικία · Γλυκά Νερά · Αθήνα - Ανατολικά Προάστια,sale,,110000.0,231.0,,,,"Γλυκά Νερά, Αθήνα - Ανατολικά Προάστια",,,https://www.remax.gr/assets/media/properties/medium/385380_db040c7dbbdd99f2d8c00ea9a60625f2.png?v=14147698,,,,,2026-10-02T08:27:42Z,385380,2026-10-02,104/pwliseis-agora-gi
remax.gr,REMAX Real Advisor,https://www.remax.gr/property/385383-enoikiasi-biomichaniko-biotechniko-axarnes,Βιομηχανικό/Βιοτεχνικό · Αχαρνές · Αθήνα - Δυτικά Προάστια,rent,,7200.0,880.0,,Υπόγειο,,"Αχαρνές, Αθήνα - Δυτικά Προάστια",,,https://www.remax.gr/assets/media/properties/medium/385383_a7312c415e664f6ab1484bba7d28b12c.jpeg?v=13980319,,,,,2026-10-02T08:27:42Z,385383,2026-10-02,103/enoikiaseis-epaggelmatika
remax.gr,REMAX Real Advisor,https://www.remax.gr/property/385385-enoikiasi-biomichaniko-biotechniko-axarnes,Βιομηχανικό/Βιοτεχνικό · Αχαρνές · Αθήνα - Δυτικά Προάστια,rent,,8300.0,880.0,2,Ισόγειο,,"Αχαρνές, Αθήνα - Δυτικά Προάστια",,,https://www.remax.gr/assets/media/properties/medium/385385_bd2eaf9e93fc41fe9dcbc063b6351e7d.jpeg?v=13980607,,,,,2026-10-02T08:27:42Z,385385,2026-10-02,103/enoikiaseis-epaggelmatika
remax.gr,REMAX Porto,https://www.remax.gr/property/385414-polisi-monokatoikia-agia-kyriaki,"Μονοκατοικία · Αγία Κυριακή · Ραφήνα, Υπόλοιπο Αττικής",sale,,255000.0,202.0,2,Ισόγειο,,"Αγία Κυριακή, Ραφήνα, Υπόλοιπο Αττικής",,,https://www.remax.gr/assets/media/properties/medium/385414_6_8938310.jpeg?v=13402577,,,,,2026-10-02T08:27:42Z,385414,2026-10-02,107/pwliseis-agora-katoikies
remax.gr,REMAX Evolution,https://www.remax.gr/property/385549-polisi-diamerisma-lagonhsi,"Διαμέρισμα · Λαγονήσι · Καλύβια Θορικού, Υπόλοιπο Αττικής",sale,,330000.0,134.0,3,1ος,,"Λαγονήσι, Καλύβια Θορικού, Υπόλοιπο Αττικής",,,https://www.remax.gr/assets/media/properties/medium/385549_3496_11823339.jpeg?v=13526579,,,,,2026-10-02T08:27:42Z,385549,2026-10-02,107/pwliseis-agora-katoikies
remax.gr,REMAX Real Advisor,https://www.remax.gr/property/385651-polisi-katastima-kentro,"Κατάστημα · Κέντρο · Νέα Ιωνία, Αθήνα - Δυτικά Προάστια",sale,,2900000.0,1500.0,,Ισόγειο,,"Κέντρο, Νέα Ιωνία, Αθήνα - Δυτικά Προάστια",,,https://www.remax.gr/assets/media/properties/medium/385651_ee2138ff774f45378591d787c187d021.jpeg?v=13980332,,,,,2026-10-02T08:27:42Z,385651,2026-10-02,103/pwliseis-agora-epaggelmatika
remax.gr,REMAX Properties Investment,https://www.remax.gr/property/385689-polisi-ktirio--artemida-loytsa,Κτήριο · Αρτέμιδα (Λούτσα) · Αθήνα - Ανατολικά Προάστια,sale,,410000.0,255.0,6,1ος,,"Αρτέμιδα (Λούτσα), Αθήνα - Ανατολικά Προάστια",,,https://www.remax.gr/assets/media/properties/medium/385689_cb79bedd7c4a9ff003c28f73e9bc6ddd.jpeg?v=13426375,,,,,2026-10-02T08:27:42Z,385689,2026-10-02,104/pwliseis-agora-katoikies
remax.gr,REMAX Central,https://www.remax.gr/property/385691-polisi-katastima-nea-filadelfeia,Κατάστημα · Νέα Φιλαδέλφεια · Αθήνα - Δυτικά Προάστια,sale,,110000.0,99.0,,Υπόγειο,,"Νέα Φιλαδέλφεια, Αθήνα - Δυτικά Προάστια",,,https://www.remax.gr/assets/media/properties/medium/385691_89618bb5e0c64a3592ff3518e1a98d54.jpeg?v=13933941,,,,,2026-10-02T08:27:42Z,385691,2026-10-02,103/pwliseis-agora-epaggelmatika
remax.gr,REMAX Central,https://www.remax.gr/property/385692-polisi-parking-nea-filadelfeia,Parking · Νέα Φιλαδέλφεια · Αθήνα - Δυτικά Προάστια,sale,,110000.0,99.0,,Υπόγειο,,"Νέα Φιλαδέλφεια, Αθήνα - Δυτικά Προάστια",,,https://www.remax.gr/assets/media/properties/medium/385692_259b80f135a84a1cbccb5c2aeed91dd7.jpeg?v=13933944,,,,,2026-10-02T08:27:42Z,385692,2026-10-02,103/pwliseis-agora-epaggelmatika
remax.gr,REMAX Central,https://www.remax.gr/property/385693-polisi-apothiki-nea-filadelfeia,Αποθήκη · Νέα Φιλαδέλφεια · Αθήνα - Δυτικά Προάστια,sale,,110000.0,99.0,,Υπόγειο,,"Νέα Φιλαδέλφεια, Αθήνα - Δυτικά Προάστια",,,https://www.remax.gr/assets/media/properties/medium/385693_11b0b69929d942b797fb2b1336e9c234.jpeg?v=13933947,,,,,2026-10-02T08:27:42Z,385693,2026-10-02,103/pwliseis-agora-epaggelmatika
remax.gr,REMAX Central,https://www.remax.gr/property/385713-polisi-oikopedo-gia-katoikia-neos-boytzas,"Οικόπεδο για κατοικία · Νέος Βουτζάς · Νέα Μάκρη, Αθήνα - Ανατολικά Προάστια",sale,,185000.0,1108.0,,,,"Νέος Βουτζάς, Νέα Μάκρη, Αθήνα - Ανατολικά Προάστια",,,https://www.remax.gr/assets/media/properties/medium/385713_d8647a4673f34431a38ac5f244a4184b.png?v=13931983,,,,,2026-10-02T08:27:42Z,385713,2026-10-02,104/pwliseis-agora-gi
remax.gr,REMAX Properties Investment 5,https://www.remax.gr/property/386081-polisi-oikopedo-gia-katoikia-borineza,"Οικόπεδο για κατοικία · Βορινέζα · Αρτέμιδα (Λούτσα), Αθήνα - Ανατολικά Προάστια",sale,,85000.0,399.0,,,,"Βορινέζα, Αρτέμιδα (Λούτσα), Αθήνα - Ανατολικά Προάστια",,,https://www.remax.gr/assets/media/properties/medium/386081_2cd7a872a72c42ed830eca428d3ea0e2.jpeg?v=14167883,,,,,2026-10-02T08:27:42Z,386081,2026-10-02,104/pwliseis-agora-gi
remax.gr,REMAX Properties Investment 5,https://www.remax.gr/property/386101-polisi-epaggelmatiko-ktirio-pallhnh,Eπαγγελματικό Kτήριο · Παλλήνη · Αθήνα - Ανατολικά Προάστια,sale,,1500000.0,1535.0,,,,"Παλλήνη, Αθήνα - Ανατολικά Προάστια",,,https://www.remax.gr/assets/media/properties/medium/386101_84caeb029e0d451ba61572f7b68a60e0.jpeg?v=14180284,,,,,2026-10-02T08:27:42Z,386101,2026-10-02,104/pwliseis-agora-epaggelmatika
remax.gr,REMAX Cosmos,https://www.remax.gr/property/386120-polisi-oikopedo-gia-katoikia-nea-makrh,Οικόπεδο για κατοικία · Νέα Μάκρη · Αθήνα - Ανατολικά Προάστια,sale,,115000.0,330.0,,,,"Νέα Μάκρη, Αθήνα - Ανατολικά Προάστια",,,https://www.remax.gr/assets/media/properties/medium/386120_530045638c5c44c39dfcfdac71b1fa52.jpeg?v=14082536,,,,,2026-10-02T08:27:42Z,386120,2026-10-02,104/pwliseis-agora-gi
remax.gr,REMAX Properties Investment,https://www.remax.gr/property/386222-polisi-oikopedo-gia-katoikia-axarnes,Οικόπεδο για κατοικία · Αχαρνές · Αθήνα - Δυτικά Προάστια,sale,,60000.0,117.0,,,,"Αχαρνές, Αθήνα - Δυτικά Προάστια",,,https://www.remax.gr/assets/media/properties/medium/386222_aa34f2d1a0ba4cda8fa695569f1f048e.jpeg?v=14200277,,,,,2026-10-02T08:27:42Z,386222,2026-10-02,103/pwliseis-agora-gi
remax.gr,REMAX Central,https://www.remax.gr/property/386231-polisi-epaggelmatiko-ktirio-nea-xalkhdona,Eπαγγελματικό Kτήριο · Νέα Χαλκηδόνα · Αθήνα - Δυτικά Προάστια,sale,,2300000.0,2400.0,,Ισόγειο,,"Νέα Χαλκηδόνα, Αθήνα - Δυτικά Προάστια",,,https://www.remax.gr/assets/media/properties/medium/386231_a58a86d2635b49e3b2bfcc805b6ab927.jpeg?v=13946218,,,,,2026-10-02T08:27:42Z,386231,2026-10-02,103/pwliseis-agora-epaggelmatika
remax.gr,REMAX Evolution,https://www.remax.gr/property/386308-polisi-diamerisma-ate,"Διαμέρισμα · ΑΤΕ · Παλαιά Φώκαια, Υπόλοιπο Αττικής",sale,,115000.0,35.0,1,Ημιόροφος,,"ΑΤΕ, Παλαιά Φώκαια, Υπόλοιπο Αττικής",,,https://www.remax.gr/assets/media/properties/medium/386308_3503_11897797.jpeg?v=13466161,,,,,2026-10-02T08:27:42Z,386308,2026-10-02,107/pwliseis-agora-katoikies
remax.gr,REMAX Real Advisor,https://www.remax.gr/property/386390-polisi-epaggelmatiko-ktirio-lamprinh,"Eπαγγελματικό Kτήριο · Λαμπρινή · Γαλάτσι, Αθήνα - Δυτικά Προάστια",sale,,2100000.0,1734.0,,Ισόγειο,,"Λαμπρινή, Γαλάτσι, Αθήνα - Δυτικά Προάστια",,,https://www.remax.gr/assets/media/properties/medium/386390_592c6af87ba04c30ae45b08a0d1ee176.png?v=13980147,,,,,2026-10-02T08:27:42Z,386390,2026-10-02,103/pwliseis-agora-epaggelmatika
remax.gr,REMAX Homes,https://www.remax.gr/property/386394-polisi-katastima-peristeri,Κατάστημα · Περιστέρι · Αθήνα - Δυτικά Προάστια,sale,,140000.0,140.0,,Ισόγειο,,"Περιστέρι, Αθήνα - Δυτικά Προάστια",,,https://www.remax.gr/assets/media/properties/medium/386394_2767c3762cf74d9dbfff7d96d5f01842.jpeg?v=13680480,,,,,2026-10-02T08:27:42Z,386394,2026-10-02,103/pwliseis-agora-epaggelmatika
remax.gr,REMAX Real Advisor,https://www.remax.gr/property/386444-polisi-monokatoikia-skala-wrwpoy,Μονοκατοικία · Σκάλα Ωρωπού · Υπόλοιπο Αττικής,sale,,110000.0,71.0,2,Ισόγειο,,"Σκάλα Ωρωπού, Υπόλοιπο Αττικής",,,https://www.remax.gr/assets/media/properties/medium/386444_a54e8c9b5cbe41bdbb2126248f1da067.jpeg?v=13976626,,,,,2026-10-02T08:27:42Z,386444,2026-10-02,107/pwliseis-agora-katoikies
remax.gr,REMAX Central,https://www.remax.gr/property/386495-polisi-oikopedo-gia-katoikia-petroypolh,Οικόπεδο για κατοικία · Πετρούπολη · Αθήνα - Δυτικά Προάστια,sale,,450000.0,416.0,,,,"Πετρούπολη, Αθήνα - Δυτικά Προάστια",,,https://www.remax.gr/assets/media/properties/medium/386495_9f595099e5a141eca62470d560f3b477.png?v=13933050,,,,,2026-10-02T08:27:42Z,386495,2026-10-02,103/pwliseis-agora-gi
remax.gr,REMAX Central,https://www.remax.gr/property/386501-polisi-oikopedo-gia-katoikia-agia-barbara,Οικόπεδο για κατοικία · Αγία Βαρβάρα · Αθήνα - Δυτικά Προάστια,sale,,100000.0,172.0,,,,"Αγία Βαρβάρα, Αθήνα - Δυτικά Προάστια",,,https://www.remax.gr/assets/media/properties/medium/386501_4f19623495ff4051865ec896f773b014.png?v=13932985,,,,,2026-10-02T08:27:42Z,386501,2026-10-02,103/pwliseis-agora-gi
remax.gr,REMAX Lysis,https://www.remax.gr/property/386581-polisi-diamerisma-kentro,"Διαμέρισμα · Κέντρο · Γλυκά Νερά, Αθήνα - Ανατολικά Προάστια",sale,,571442.0,142.0,3,1ος,,"Κέντρο, Γλυκά Νερά, Αθήνα - Ανατολικά Προάστια",,,https://www.remax.gr/assets/media/properties/medium/386581_8_42151363.jpeg?v=13482681,,,,,2026-10-02T08:27:42Z,386581,2026-10-02,104/pwliseis-agora-katoikies
remax.gr,REMAX Lysis,https://www.remax.gr/property/386653-polisi-epaggelmatiko-ktirio-garghttos,"Eπαγγελματικό Kτήριο · Γαργηττός · Γέρακας, Αθήνα - Ανατολικά Προάστια",sale,,505000.0,402.0,,Ισόγειο,,"Γαργηττός, Γέρακας, Αθήνα - Ανατολικά Προάστια",,,https://www.remax.gr/assets/media/properties/medium/386653_39_43435604.jpeg?v=13487343,,,,,2026-10-02T08:27:42Z,386653,2026-10-02,104/pwliseis-agora-epaggelmatika
remax.gr,REMAX 361 Solutions,https://www.remax.gr/property/386678-polisi-monokatoikia-kitsi,"Μονοκατοικία · Κίτσι · Κορωπί, Αθήνα - Ανατολικά Προάστια",sale,,260000.0,172.0,3,Ισόγειο,,"Κίτσι, Κορωπί, Αθήνα - Ανατολικά Προάστια",,,https://www.remax.gr/assets/media/properties/medium/386678_18_4772900.jpeg?v=13533065,,,,,2026-10-02T08:27:42Z,386678,2026-10-02,104/pwliseis-agora-katoikies
remax.gr,REMAX Central,https://www.remax.gr/property/386743-polisi-oikopedo-gia-katoikia-nea-makrh,Οικόπεδο για κατοικία · Νέα Μάκρη · Αθήνα - Ανατολικά Προάστια,sale,,200000.0,1044.0,,,,"Νέα Μάκρη, Αθήνα - Ανατολικά Προάστια",,,https://www.remax.gr/assets/media/properties/medium/386743_b95c7faf85044aea9d90751e62fc811f.png?v=13932705,,,,,2026-10-02T08:27:42Z,386743,2026-10-02,104/pwliseis-agora-gi
remax.gr,REMAX Properties Investment,https://www.remax.gr/property/386748-polisi-monokatoikia-kentro,"Μονοκατοικία · Κέντρο · Νέα Μάκρη, Αθήνα - Ανατολικά Προάστια",sale,,350000.0,136.0,4,Ισόγειο,,"Κέντρο, Νέα Μάκρη, Αθήνα - Ανατολικά Προάστια",,,https://www.remax.gr/assets/media/properties/medium/386748_1d81820660b89eeb7d67f2789611f092.png?v=13495132,,,,,2026-10-02T08:27:42Z,386748,2026-10-02,104/pwliseis-agora-katoikies
remax.gr,REMAX Real Advisor,https://www.remax.gr/property/386855-polisi-epicheirisi-nea-filadelfeia,Επιχείρηση · Νέα Φιλαδέλφεια · Αθήνα - Δυτικά Προάστια,sale,,220000.0,240.0,,Ισόγειο,,"Νέα Φιλαδέλφεια, Αθήνα - Δυτικά Προάστια",,,https://www.remax.gr/assets/media/properties/medium/386855_dd34bd6b4d88b6061cfa3468fc529842.jpeg?v=13940788,,,,,2026-10-02T08:27:42Z,386855,2026-10-02,103/pwliseis-agora-epaggelmatika
remax.gr,REMAX Real Advisor,https://www.remax.gr/property/386866-enoikiasi-biomichaniko-biotechniko-lathea,"Βιομηχανικό/Βιοτεχνικό · Λαθέα · Αχαρνές, Αθήνα - Δυτικά Προάστια",rent,,3000.0,345.0,,Ισόγειο,,"Λαθέα, Αχαρνές, Αθήνα - Δυτικά Προάστια",,,https://www.remax.gr/assets/media/properties/medium/386866_b1f90b83afb544f4912ccb76cd2677ca.jpeg?v=13980137,,,,,2026-10-02T08:27:42Z,386866,2026-10-02,103/enoikiaseis-epaggelmatika
remax.gr,REMAX Ergon,https://www.remax.gr/property/386927-enoikiasi-bila-pallhnh,Βίλα · Παλλήνη · Αθήνα - Ανατολικά Προάστια,rent,,3300.0,480.0,5,Ισόγειο,,"Παλλήνη, Αθήνα - Ανατολικά Προάστια",,,https://www.remax.gr/assets/media/properties/medium/386927_8602a9b7d2a237e9e3f66698dbfbf28b.jpeg?v=13511973,,,,,2026-10-02T08:27:42Z,386927,2026-10-02,104/enoikiaseis-katoikies
remax.gr,REMAX Homes,https://www.remax.gr/property/386951-polisi-oikopedo-gia-katoikia-polyteknwn,"Οικόπεδο για κατοικία · Πολυτέκνων · Ίλιον, Αθήνα - Δυτικά Προάστια",sale,,230000.0,223.0,,,,"Πολυτέκνων, Ίλιον, Αθήνα - Δυτικά Προάστια",,,https://www.remax.gr/assets/media/properties/medium/386951_ea5e796e5e204e529b3285be83ce25be.jpeg?v=13678672,,,,,2026-10-02T08:27:42Z,386951,2026-10-02,103/pwliseis-agora-gi
remax.gr,REMAX Properties Investment,https://www.remax.gr/property/387063-polisi-xenodocheio-kentro,"Ξενοδοχείο · Κέντρο · Νέα Μάκρη, Αθήνα - Ανατολικά Προάστια",sale,,1500000.0,2493.0,27,1ος,,"Κέντρο, Νέα Μάκρη, Αθήνα - Ανατολικά Προάστια",,,https://www.remax.gr/assets/media/properties/medium/387063_71fd2cc67569c31d815b34c21615dced.jpeg?v=13521586,,,,,2026-10-02T08:27:42Z,387063,2026-10-02,104/pwliseis-agora-epaggelmatika
remax.gr,REMAX Real Advisor,https://www.remax.gr/property/387066-polisi-oikopedo-gia-katoikia-peristeri,Οικόπεδο για κατοικία · Περιστέρι · Αθήνα - Δυτικά Προάστια,sale,,198000.0,181.0,,,,"Περιστέρι, Αθήνα - Δυτικά Προάστια",,,https://www.remax.gr/assets/media/properties/medium/387066_fcbba52981584b3a86f8d6554eedaf0e.png?v=13980171,,,,,2026-10-02T08:27:42Z,387066,2026-10-02,103/pwliseis-agora-gi
remax.gr,REMAX Ergon,https://www.remax.gr/property/387226-polisi-agrotemachio-paiania,Αγροτεμάχιο · Παιανία · Αθήνα - Ανατολικά Προάστια,sale,,28500.0,242.0,,,,"Παιανία, Αθήνα - Ανατολικά Προάστια",,,https://www.remax.gr/assets/media/properties/medium/387226_a0c649be7cfd82acbd506c8ad10b68f3.jpeg?v=13535781,,,,,2026-10-02T08:27:42Z,387226,2026-10-02,104/pwliseis-agora-gi
remax.gr,REMAX 361 Solutions,https://www.remax.gr/property/387327-enoikiasi-grafeio-kentro,"Γραφείο · Κέντρο · Γέρακας, Αθήνα - Ανατολικά Προάστια",rent,,1800.0,129.0,,1ος,,"Κέντρο, Γέρακας, Αθήνα - Ανατολικά Προάστια",,,https://www.remax.gr/assets/media/properties/medium/387327_19_5153881.jpeg?v=13544205,,,,,2026-10-02T08:27:42Z,387327,2026-10-02,104/enoikiaseis-epaggelmatika
remax.gr,REMAX 361 Solutions,https://www.remax.gr/property/387328-polisi-grafeio-kentro,"Γραφείο · Κέντρο · Γέρακας, Αθήνα - Ανατολικά Προάστια",sale,,340000.0,129.0,,1ος,,"Κέντρο, Γέρακας, Αθήνα - Ανατολικά Προάστια",,,https://www.remax.gr/assets/media/properties/medium/387328_19_5168693.jpeg?v=13544214,,,,,2026-10-02T08:27:42Z,387328,2026-10-02,104/pwliseis-agora-epaggelmatika
remax.gr,REMAX Zed,https://www.remax.gr/property/387338-polisi-mezoneta-garghttos,"Μεζονέτα · Γαργηττός · Γέρακας, Αθήνα - Ανατολικά Προάστια",sale,,500000.0,127.0,3,1ος,,"Γαργηττός, Γέρακας, Αθήνα - Ανατολικά Προάστια",,,https://www.remax.gr/assets/media/properties/medium/387338_32_29103329.jpeg?v=13545880,,,,,2026-10-02T08:27:42Z,387338,2026-10-02,104/pwliseis-agora-katoikies
remax.gr,REMAX 361 Solutions,https://www.remax.gr/property/387348-polisi-mezoneta-mpalana,"Μεζονέτα · Μπάλανα · Γέρακας, Αθήνα - Ανατολικά Προάστια",sale,,350000.0,154.0,2,Ισόγειο,,"Μπάλανα, Γέρακας, Αθήνα - Ανατολικά Προάστια",,,https://www.remax.gr/assets/media/properties/medium/387348_19_5176526.jpeg?v=13546031,,,,,2026-10-02T08:27:42Z,387348,2026-10-02,104/pwliseis-agora-katoikies
remax.gr,REMAX Real Advisor,https://www.remax.gr/property/387372-polisi-oikopedo-gia-katoikia-inepolh,"Οικόπεδο για κατοικία · Ινέπολη · Νέα Ιωνία, Αθήνα - Δυτικά Προάστια",sale,,460000.0,330.0,,,,"Ινέπολη, Νέα Ιωνία, Αθήνα - Δυτικά Προάστια",,,https://www.remax.gr/assets/media/properties/medium/387372_99351ab7d836475b90821ab28a0810a7.png?v=13976649,,,,,2026-10-02T08:27:42Z,387372,2026-10-02,103/pwliseis-agora-gi
remax.gr,REMAX Properties Investment,https://www.remax.gr/property/387439-polisi-diamerisma-gerakas,Διαμέρισμα · Γέρακας · Αθήνα - Ανατολικά Προάστια,sale,,444452.0,109.0,3,2ος,,"Γέρακας, Αθήνα - Ανατολικά Προάστια",,,https://www.remax.gr/assets/media/properties/medium/387439_aa91c0a7601f4a23949639d62ad82905.jpeg?v=14196510,,,,,2026-10-02T08:27:42Z,387439,2026-10-02,104/pwliseis-agora-katoikies
remax.gr,REMAX Properties Investment,https://www.remax.gr/property/387445-polisi-mezoneta-gerakas,Μεζονέτα · Γέρακας · Αθήνα - Ανατολικά Προάστια,sale,,491250.0,125.0,3,1ος,,"Γέρακας, Αθήνα - Ανατολικά Προάστια",,,https://www.remax.gr/assets/media/properties/medium/387445_9c0d68aae32e4e1ca7d1d1695441fd67.png?v=14196513,,,,,2026-10-02T08:27:42Z,387445,2026-10-02,104/pwliseis-agora-katoikies
remax.gr,REMAX Porto,https://www.remax.gr/property/387486-polisi-oikopedo-gia-katoikia-brayrwna,"Οικόπεδο για κατοικία · Βραυρώνα · Αρτέμιδα (Λούτσα), Αθήνα - Ανατολικά Προάστια",sale,,195000.0,630.0,,,,"Βραυρώνα, Αρτέμιδα (Λούτσα), Αθήνα - Ανατολικά Προάστια",,,https://www.remax.gr/assets/media/properties/medium/387486_10_9157152.jpeg?v=13740924,,,,,2026-10-02T08:27:42Z,387486,2026-10-02,104/pwliseis-agora-gi
remax.gr,REMAX Properties Investment,https://www.remax.gr/property/387488-polisi-diamerisma-gerakas,Διαμέρισμα · Γέρακας · Αθήνα - Ανατολικά Προάστια,sale,,349670.0,86.0,2,Ισόγειο,,"Γέρακας, Αθήνα - Ανατολικά Προάστια",,,https://www.remax.gr/assets/media/properties/medium/387488_08f9656064354f5b94a70f753ace2b42.jpeg?v=14196499,,,,,2026-10-02T08:27:42Z,387488,2026-10-02,104/pwliseis-agora-katoikies
remax.gr,REMAX Properties Investment,https://www.remax.gr/property/387491-polisi-diamerisma-glyka-nera,Διαμέρισμα · Γλυκά Νερά · Αθήνα - Ανατολικά Προάστια,sale,,571442.0,142.0,3,1ος,,"Γλυκά Νερά, Αθήνα - Ανατολικά Προάστια",,,https://www.remax.gr/assets/media/properties/medium/387491_e572bf38b0714f22a11103069e6f02a2.jpeg?v=14199902,,,,,2026-10-02T08:27:42Z,387491,2026-10-02,104/pwliseis-agora-katoikies
remax.gr,REMAX Properties Investment,https://www.remax.gr/property/387621-polisi-diamerisma-kentro,"Διαμέρισμα · Κέντρο · Μαρκόπουλο, Υπόλοιπο Αττικής",sale,,293920.0,84.0,2,2ος,,"Κέντρο, Μαρκόπουλο, Υπόλοιπο Αττικής",,,https://www.remax.gr/assets/media/properties/medium/387621_3da54e76a3a74cf293bc61a0746e71d1.jpeg?v=14196174,,,,,2026-10-02T08:27:42Z,387621,2026-10-02,107/pwliseis-agora-katoikies
remax.gr,REMAX Properties Investment 5,https://www.remax.gr/property/387649-polisi-katastima-ilion,Κατάστημα · Ίλιον · Αθήνα - Δυτικά Προάστια,sale,,170000.0,101.0,1,Ισόγειο,,"Ίλιον, Αθήνα - Δυτικά Προάστια",,,https://www.remax.gr/assets/media/properties/medium/387649_69516282b08c4b7396116d7617428d3e.jpeg?v=14189615,,,,,2026-10-02T08:27:42Z,387649,2026-10-02,103/pwliseis-agora-epaggelmatika
remax.gr,REMAX Properties Investment 5,https://www.remax.gr/property/387728-polisi-oikopedo-gia-katoikia-anw-agia-barbara,"Οικόπεδο για κατοικία · Άνω Αγία Βαρβάρα · Αγία Βαρβάρα, Αθήνα - Δυτικά Προάστια",sale,,200000.0,213.0,,,,"Άνω Αγία Βαρβάρα, Αγία Βαρβάρα, Αθήνα - Δυτικά Προάστια",,,https://www.remax.gr/assets/media/properties/medium/387728_0c28a3629eea4f69a8cb11b93fefaefb.jpeg?v=14189586,,,,,2026-10-02T08:27:42Z,387728,2026-10-02,103/pwliseis-agora-gi
remax.gr,REMAX Properties Investment,https://www.remax.gr/property/387776-polisi-oikopedo-gia-katoikia-anakasa,"Οικόπεδο για κατοικία · Ανάκασα · Αγιοι Ανάργυροι, Αθήνα - Δυτικά Προάστια",sale,,220000.0,267.0,,,,"Ανάκασα, Αγιοι Ανάργυροι, Αθήνα - Δυτικά Προάστια",,,https://www.remax.gr/assets/media/properties/medium/387776_471549f3b89dd948610e9b85eaa02f5c.jpeg?v=13587829,,,,,2026-10-02T08:27:42Z,387776,2026-10-02,103/pwliseis-agora-gi
remax.gr,REMAX Optimum,https://www.remax.gr/property/387831-polisi-oikopedo-gia-katoikia-agia-marina,"Οικόπεδο για κατοικία · Αγία Μαρίνα · Παιανία, Αθήνα - Ανατολικά Προάστια",sale,,420000.0,907.0,,,,"Αγία Μαρίνα, Παιανία, Αθήνα - Ανατολικά Προάστια",,,https://www.remax.gr/assets/media/properties/medium/387831_69addfafadb891773002671.jpeg?v=13593579,,,,,2026-10-02T08:27:42Z,387831,2026-10-02,104/pwliseis-agora-gi
remax.gr,REMAX Ergon,https://www.remax.gr/property/387842-polisi-mezoneta-mpalana,"Μεζονέτα · Μπάλανα · Γέρακας, Αθήνα - Ανατολικά Προάστια",sale,,277000.0,95.0,3,Ισόγειο,,"Μπάλανα, Γέρακας, Αθήνα - Ανατολικά Προάστια",,,https://www.remax.gr/assets/media/properties/medium/387842_38700667acc71d75828aeff854b5a440.jpeg?v=13871764,,,,,2026-10-02T08:27:42Z,387842,2026-10-02,104/pwliseis-agora-katoikies
remax.gr,REMAX Ergon,https://www.remax.gr/property/387843-polisi-mezoneta-mpalana,"Μεζονέτα · Μπάλανα · Γέρακας, Αθήνα - Ανατολικά Προάστια",sale,,273000.0,94.0,3,Ισόγειο,,"Μπάλανα, Γέρακας, Αθήνα - Ανατολικά Προάστια",,,https://www.remax.gr/assets/media/properties/medium/387843_b82a079386a0a7ab0eb8159f64d1d4ab.jpeg?v=13871766,,,,,2026-10-02T08:27:42Z,387843,2026-10-02,104/pwliseis-agora-katoikies
remax.gr,REMAX Lysis,https://www.remax.gr/property/387897-polisi-monokatoikia-porto-rafth,"Μονοκατοικία · Πόρτο Ράφτη · Μαρκόπουλο, Υπόλοιπο Αττικής",sale,,240000.0,115.0,3,Ισόγειο,,"Πόρτο Ράφτη, Μαρκόπουλο, Υπόλοιπο Αττικής",,,https://www.remax.gr/assets/media/properties/medium/387897_3_43621178.jpeg?v=13597776,,,,,2026-10-02T08:27:42Z,387897,2026-10-02,107/pwliseis-agora-katoikies
remax.gr,REMAX En Oiko,https://www.remax.gr/property/387981-polisi-oikopedo-gia-katoikia-glyka-nera,Οικόπεδο για κατοικία · Γλυκά Νερά · Αθήνα - Ανατολικά Προάστια,sale,,100000.0,894.0,,,,"Γλυκά Νερά, Αθήνα - Ανατολικά Προάστια",,,https://www.remax.gr/assets/media/properties/medium/387981_3fb2bb14a826429e815b1922c3f1ede2.png?v=13691687,,,,,2026-10-02T08:27:42Z,387981,2026-10-02,104/pwliseis-agora-gi
remax.gr,REMAX Properties Investment 5,https://www.remax.gr/property/387984-polisi-oikopedo-gia-katoikia-dasos,"Οικόπεδο για κατοικία · Δάσος · Χαϊδάρι, Αθήνα - Δυτικά Προάστια",sale,,280000.0,223.0,,,,"Δάσος, Χαϊδάρι, Αθήνα - Δυτικά Προάστια",,,https://www.remax.gr/assets/media/properties/medium/387984_be84831ca64946d2967f98932c6a22ef.jpeg?v=14189576,,,,,2026-10-02T08:27:42Z,387984,2026-10-02,103/pwliseis-agora-gi
remax.gr,REMAX Properties Investment 5,https://www.remax.gr/property/387985-polisi-oikopedo-gia-katoikia-dasos,"Οικόπεδο για κατοικία · Δάσος · Χαϊδάρι, Αθήνα - Δυτικά Προάστια",sale,,495000.0,603.0,,,,"Δάσος, Χαϊδάρι, Αθήνα - Δυτικά Προάστια",,,https://www.remax.gr/assets/media/properties/medium/387985_e4eb8e6cbc184f68857a3d0e13132c4c.jpeg?v=14185930,,,,,2026-10-02T08:27:42Z,387985,2026-10-02,103/pwliseis-agora-gi
remax.gr,REMAX Properties Investment 5,https://www.remax.gr/property/387986-polisi-oikopedo-gia-katoikia-dasos,"Οικόπεδο για κατοικία · Δάσος · Χαϊδάρι, Αθήνα - Δυτικά Προάστια",sale,,364000.0,228.0,,,,"Δάσος, Χαϊδάρι, Αθήνα - Δυτικά Προάστια",,,https://www.remax.gr/assets/media/properties/medium/387986_7200f67e75cf4f64842abf856baa9ad2.jpeg?v=14189581,,,,,2026-10-02T08:27:42Z,387986,2026-10-02,103/pwliseis-agora-gi
remax.gr,REMAX Evolution,https://www.remax.gr/property/388006-polisi-diamerisma-kentro,"Διαμέρισμα · Κέντρο · Μαρκόπουλο, Υπόλοιπο Αττικής",sale,,210000.0,83.0,2,3ος,,"Κέντρο, Μαρκόπουλο, Υπόλοιπο Αττικής",,,https://www.remax.gr/assets/media/properties/medium/388006_3504_11996312.jpeg?v=13605465,,,,,2026-10-02T08:27:42Z,388006,2026-10-02,107/pwliseis-agora-katoikies
remax.gr,REMAX Real Advisor,https://www.remax.gr/property/388041-enoikiasi-katastima-nea-iwnia,Κατάστημα · Νέα Ιωνία · Αθήνα - Δυτικά Προάστια,rent,,340.0,52.0,,,,"Νέα Ιωνία, Αθήνα - Δυτικά Προάστια",,,https://www.remax.gr/assets/media/properties/medium/388041_10d25f8e19be45f7ae2803cfa7236b10.jpeg?v=14301655,,,,,2026-10-02T08:27:42Z,388041,2026-10-02,103/enoikiaseis-epaggelmatika
remax.gr,REMAX Real Advisor,https://www.remax.gr/property/388144-polisi-monokatoikia-xalkoytsi,"Μονοκατοικία · Χαλκούτσι · Σκάλα Ωρωπού, Υπόλοιπο Αττικής",sale,,290000.0,187.0,3,1ος,,"Χαλκούτσι, Σκάλα Ωρωπού, Υπόλοιπο Αττικής",,,https://www.remax.gr/assets/media/properties/medium/388144_9afecb1374494a5abfa42b3c9cd3e058.jpeg?v=13979543,,,,,2026-10-02T08:27:42Z,388144,2026-10-02,107/pwliseis-agora-katoikies
remax.gr,REMAX Ergon,https://www.remax.gr/property/388279-enoikiasi-katastima-mpalana,"Κατάστημα · Μπάλανα · Γέρακας, Αθήνα - Ανατολικά Προάστια",rent,,4000.0,760.0,,Ισόγειο,,"Μπάλανα, Γέρακας, Αθήνα - Ανατολικά Προάστια",,,https://www.remax.gr/assets/media/properties/medium/388279_8fabe0cc1e3a5e033119492908e07466.jpeg?v=14306048,,,,,2026-10-02T08:27:42Z,388279,2026-10-02,104/enoikiaseis-epaggelmatika
remax.gr,REMAX Homes,https://www.remax.gr/property/388315-polisi-diamerisma-markopoylo,Διαμέρισμα · Μαρκόπουλο · Υπόλοιπο Αττικής,sale,,270000.0,115.0,3,Ημιόροφος,,"Μαρκόπουλο, Υπόλοιπο Αττικής",,,https://www.remax.gr/assets/media/properties/medium/388315_7b7b43a6b1484f17b8717d1463cf5d77.jpeg?v=13681333,,,,,2026-10-02T08:27:42Z,388315,2026-10-02,107/pwliseis-agora-katoikies
remax.gr,REMAX Abacus Properties,https://www.remax.gr/property/388326-polisi-sugkrotima-katoikion-gerakas,Συγκρότημα κατοικιών · Γέρακας · Αθήνα - Ανατολικά Προάστια,sale,,790000.0,989.0,,,,"Γέρακας, Αθήνα - Ανατολικά Προάστια",,,https://www.remax.gr/assets/media/properties/medium/388326_cfd38e1a7bf24bebafbddbf0c129b597.jpeg?v=14010146,,,,,2026-10-02T08:27:42Z,388326,2026-10-02,104/pwliseis-agora-katoikies
remax.gr,REMAX Evolution,https://www.remax.gr/property/388381-polisi-monokatoikia-profarta,"Μονοκατοικία · Προφάρτα · Κορωπί, Αθήνα - Ανατολικά Προάστια",sale,,590000.0,163.0,2,Ισόγειο,,"Προφάρτα, Κορωπί, Αθήνα - Ανατολικά Προάστια",,,https://www.remax.gr/assets/media/properties/medium/388381_3498_11979092.jpeg?v=13636796,,,,,2026-10-02T08:27:42Z,388381,2026-10-02,104/pwliseis-agora-katoikies
remax.gr,REMAX Real Advisor,https://www.remax.gr/property/388429-polisi-oikopedo-gia-epaggelmatiki-chrisi-perissos,"Οικόπεδο για επαγγελματική χρήση · Περισσός · Νέα Ιωνία, Αθήνα - Δυτικά Προάστια",sale,,350000.0,200.0,,,,"Περισσός, Νέα Ιωνία, Αθήνα - Δυτικά Προάστια",,,https://www.remax.gr/assets/media/properties/medium/388429_7daeb6faaf304fd3868bbbf606cea016.png?v=14346900,,,,,2026-10-02T08:27:42Z,388429,2026-10-02,103/pwliseis-agora-gi
remax.gr,REMAX Porto,https://www.remax.gr/property/388465-polisi-diamerisma-porto-rafth,"Διαμέρισμα · Πόρτο Ράφτη · Μαρκόπουλο, Υπόλοιπο Αττικής",sale,,255000.0,146.0,4,1ος,,"Πόρτο Ράφτη, Μαρκόπουλο, Υπόλοιπο Αττικής",,,https://www.remax.gr/assets/media/properties/medium/388465_6_9427786.jpeg?v=14023379,,,,,2026-10-02T08:27:42Z,388465,2026-10-02,107/pwliseis-agora-katoikies
remax.gr,REMAX Porto,https://www.remax.gr/property/388483-polisi-diamerisma-porto-rafth,"Διαμέρισμα · Πόρτο Ράφτη · Μαρκόπουλο, Υπόλοιπο Αττικής",sale,,285000.0,158.0,2,2ος,,"Πόρτο Ράφτη, Μαρκόπουλο, Υπόλοιπο Αττικής",,,https://www.remax.gr/assets/media/properties/medium/388483_6_9439609.jpeg?v=14023395,,,,,2026-10-02T08:27:42Z,388483,2026-10-02,107/pwliseis-agora-katoikies
remax.gr,REMAX Porto,https://www.remax.gr/property/388485-polisi-diamerisma-porto-rafth,"Διαμέρισμα · Πόρτο Ράφτη · Μαρκόπουλο, Υπόλοιπο Αττικής",sale,,265000.0,166.0,3,Ισόγειο,,"Πόρτο Ράφτη, Μαρκόπουλο, Υπόλοιπο Αττικής",,,https://www.remax.gr/assets/media/properties/medium/388485_6_9414784.jpeg?v=13737038,,,,,2026-10-02T08:27:42Z,388485,2026-10-02,107/pwliseis-agora-katoikies
remax.gr,REMAX Plus,https://www.remax.gr/property/388510-polisi-katastima-katw-aigalew-estayrwmenoy,"Κατάστημα · Κάτω Αιγάλεω-Εσταυρωμένου · Αιγάλεω, Αθήνα - Δυτικά Προάστια",sale,,250000.0,70.0,,Ισόγειο,,"Κάτω Αιγάλεω-Εσταυρωμένου, Αιγάλεω, Αθήνα - Δυτικά Προάστια",,,https://www.remax.gr/assets/media/properties/medium/388510_63ad776b3f70c71ea2f3deaea06c2285.jpeg?v=13642136,,,,,2026-10-02T08:27:42Z,388510,2026-10-02,103/pwliseis-agora-epaggelmatika
remax.gr,REMAX 361 Solutions,https://www.remax.gr/property/388527-polisi-epaggelmatiko-ktirio-garghttos,"Eπαγγελματικό Kτήριο · Γαργηττός · Γέρακας, Αθήνα - Ανατολικά Προάστια",sale,,850000.0,325.0,,Ισόγειο,,"Γαργηττός, Γέρακας, Αθήνα - Ανατολικά Προάστια",,,https://www.remax.gr/assets/media/properties/medium/388527_16_5499632.jpeg?v=13652104,,,,,2026-10-02T08:27:42Z,388527,2026-10-02,104/pwliseis-agora-epaggelmatika
remax.gr,REMAX 361 Solutions,https://www.remax.gr/property/388528-polisi-oikopedo-gia-katoikia-stayros-geraka,"Οικόπεδο για κατοικία · Σταυρός Γέρακα · Γέρακας, Αθήνα - Ανατολικά Προάστια",sale,,130000.0,220.0,,,,"Σταυρός Γέρακα, Γέρακας, Αθήνα - Ανατολικά Προάστια",,,https://www.remax.gr/assets/media/properties/medium/388528_16_5519399.jpeg?v=13648638,,,,,2026-10-02T08:27:42Z,388528,2026-10-02,104/pwliseis-agora-gi
remax.gr,REMAX Abacus Properties,https://www.remax.gr/property/388530-polisi-epaggelmatiko-ktirio-anagennhsh,"Eπαγγελματικό Kτήριο · Αναγέννηση · Αιγάλεω, Αθήνα - Δυτικά Προάστια",sale,,420000.0,150.0,4,Ισόγειο,,"Αναγέννηση, Αιγάλεω, Αθήνα - Δυτικά Προάστια",,,https://www.remax.gr/assets/media/properties/medium/388530_646081b159ad45dda8f4f678e73cb8d6.jpeg?v=14007532,,,,,2026-10-02T08:27:42Z,388530,2026-10-02,103/pwliseis-agora-epaggelmatika
remax.gr,REMAX 361 Solutions,https://www.remax.gr/property/388582-polisi-agrotemachio-anoiksh,"Αγροτεμάχιο · Άνοιξη · Παιανία, Αθήνα - Ανατολικά Προάστια",sale,,144000.0,6172.0,,,,"Άνοιξη, Παιανία, Αθήνα - Ανατολικά Προάστια",,,https://www.remax.gr/assets/media/properties/medium/388582_18_5529169.jpeg?v=13650091,,,,,2026-10-02T08:27:42Z,388582,2026-10-02,104/pwliseis-agora-gi
remax.gr,REMAX Lysis,https://www.remax.gr/property/388609-polisi-oikopedo-gia-katoikia-pyrgoythi,"Οικόπεδο για κατοικία · Πυργούθι · Αχαρνές, Αθήνα - Δυτικά Προάστια",sale,,150000.0,376.0,,,,"Πυργούθι, Αχαρνές, Αθήνα - Δυτικά Προάστια",,,https://www.remax.gr/assets/media/properties/medium/388609_1_43885846.jpeg?v=13653656,,,,,2026-10-02T08:27:42Z,388609,2026-10-02,103/pwliseis-agora-gi
remax.gr,REMAX Fidelity Brokers,https://www.remax.gr/property/388637-enoikiasi-katastima-peribolia,"Κατάστημα · Περιβόλια · Γαλάτσι, Αθήνα - Δυτικά Προάστια",rent,,2500.0,230.0,,Ισόγειο,,"Περιβόλια, Γαλάτσι, Αθήνα - Δυτικά Προάστια",,,https://www.remax.gr/assets/media/properties/medium/388637_3926_57012430.jpeg?v=14240254,,,,,2026-10-02T08:27:42Z,388637,2026-10-02,103/enoikiaseis-epaggelmatika
remax.gr,REMAX Fidelity Brokers,https://www.remax.gr/property/388720-enoikiasi-epaggelmatiko-ktirio-rethi,"Eπαγγελματικό Kτήριο · Ρέθι · Αχαρνές, Αθήνα - Δυτικά Προάστια",rent,,17100.0,2100.0,,Ισόγειο,,"Ρέθι, Αχαρνές, Αθήνα - Δυτικά Προάστια",,,https://www.remax.gr/assets/media/properties/medium/388720_259_56586790.jpeg?v=13658870,,,,,2026-10-02T08:27:42Z,388720,2026-10-02,103/enoikiaseis-epaggelmatika
remax.gr,REMAX 361 Solutions,https://www.remax.gr/property/388747-polisi-oikopedo-gia-katoikia-kentro,"Οικόπεδο για κατοικία · Κέντρο · Γλυκά Νερά, Αθήνα - Ανατολικά Προάστια",sale,,120000.0,207.0,,,,"Κέντρο, Γλυκά Νερά, Αθήνα - Ανατολικά Προάστια",,,https://www.remax.gr/assets/media/properties/medium/388747_19_5586701.jpeg?v=13663187,,,,,2026-10-02T08:27:42Z,388747,2026-10-02,104/pwliseis-agora-gi
remax.gr,REMAX Fidelity Brokers,https://www.remax.gr/property/388751-polisi-epaggelmatiko-ktirio-rethi,"Eπαγγελματικό Kτήριο · Ρέθι · Αχαρνές, Αθήνα - Δυτικά Προάστια",sale,,4000000.0,2100.0,,Ισόγειο,,"Ρέθι, Αχαρνές, Αθήνα - Δυτικά Προάστια",,,https://www.remax.gr/assets/media/properties/medium/388751_259_56586437.jpeg?v=13663856,,,,,2026-10-02T08:27:42Z,388751,2026-10-02,103/pwliseis-agora-epaggelmatika
remax.gr,REMAX Properties Investment 5,https://www.remax.gr/property/388758-polisi-oikopedo-gia-katoikia-kokkinos-mylos,"Οικόπεδο για κατοικία · Κόκκινος Μύλος · Νέα Φιλαδέλφεια, Αθήνα - Δυτικά Προάστια",sale,,880000.0,780.0,,,,"Κόκκινος Μύλος, Νέα Φιλαδέλφεια, Αθήνα - Δυτικά Προάστια",,,https://www.remax.gr/assets/media/properties/medium/388758_67d7cf01edd24f1693e1a4fe48d6176d.jpeg?v=14189192,,,,,2026-10-02T08:27:42Z,388758,2026-10-02,103/pwliseis-agora-gi
remax.gr,REMAX Central,https://www.remax.gr/property/388787-enoikiasi-agrotemachio-paiania,Αγροτεμάχιο · Παιανία · Αθήνα - Ανατολικά Προάστια,rent,,1000.0,6000.0,,,,"Παιανία, Αθήνα - Ανατολικά Προάστια",,,https://www.remax.gr/assets/media/properties/medium/388787_cab95a8967c54e20af67dcafdba765ed.jpeg?v=13929988,,,,,2026-10-02T08:27:42Z,388787,2026-10-02,104/enoikiaseis-gi
remax.gr,REMAX Properties Investment 5,https://www.remax.gr/property/388803-enoikiasi-katastima-lathea,"Κατάστημα · Λαθέα · Αχαρνές, Αθήνα - Δυτικά Προάστια",rent,,3600.0,720.0,,Ισόγειο,,"Λαθέα, Αχαρνές, Αθήνα - Δυτικά Προάστια",,,https://www.remax.gr/assets/media/properties/medium/388803_86acb86a7ba64c988f634523a5f2d17a.jpeg?v=14188926,,,,,2026-10-02T08:27:42Z,388803,2026-10-02,103/enoikiaseis-epaggelmatika
remax.gr,REMAX Optimum,https://www.remax.gr/property/388824-polisi-oikopedo-gia-katoikia-glyka-nera,Οικόπεδο για κατοικία · Γλυκά Νερά · Αθήνα - Ανατολικά Προάστια,sale,,160000.0,390.0,,,,"Γλυκά Νερά, Αθήνα - Ανατολικά Προάστια",,,https://www.remax.gr/assets/media/properties/medium/388824_69b95baadf8181773755306.jpeg?v=13666691,,,,,2026-10-02T08:27:42Z,388824,2026-10-02,104/pwliseis-agora-gi
remax.gr,REMAX 361 Solutions,https://www.remax.gr/property/388858-polisi-oikopedo-gia-katoikia-anw-kalogreza,"Οικόπεδο για κατοικία · Άνω Καλογρέζα · Νέα Ιωνία, Αθήνα - Δυτικά Προάστια",sale,,360000.0,210.0,,,,"Άνω Καλογρέζα, Νέα Ιωνία, Αθήνα - Δυτικά Προάστια",,,https://www.remax.gr/assets/media/properties/medium/388858_14_5543464.jpeg?v=13668875,,,,,2026-10-02T08:27:42Z,388858,2026-10-02,103/pwliseis-agora-gi
remax.gr,REMAX Evolution,https://www.remax.gr/property/388895-polisi-mezoneta-kentro,"Μεζονέτα · Κέντρο · Καλύβια Θορικού, Υπόλοιπο Αττικής",sale,,300000.0,122.0,4,Ισόγειο,,"Κέντρο, Καλύβια Θορικού, Υπόλοιπο Αττικής",,,https://www.remax.gr/assets/media/properties/medium/388895_3469_12217269.jpeg?v=13672683,,,,,2026-10-02T08:27:42Z,388895,2026-10-02,107/pwliseis-agora-katoikies
remax.gr,REMAX Properties Investment,https://www.remax.gr/property/388938-polisi-diamerisma-markopoylo,Διαμέρισμα · Μαρκόπουλο · Υπόλοιπο Αττικής,sale,,175000.0,53.0,2,Ισόγειο,,"Μαρκόπουλο, Υπόλοιπο Αττικής",,,https://www.remax.gr/assets/media/properties/medium/388938_a88d77d4ba6d45579a47df6f101a5ea4.jpeg?v=14198244,,,,,2026-10-02T08:27:42Z,388938,2026-10-02,107/pwliseis-agora-katoikies
remax.gr,REMAX Abacus Properties,https://www.remax.gr/property/389063-polisi-epicheirisi-peristeri,Επιχείρηση · Περιστέρι · Αθήνα - Δυτικά Προάστια,sale,,160000.0,85.0,,Ισόγειο,,"Περιστέρι, Αθήνα - Δυτικά Προάστια",,,https://www.remax.gr/assets/media/properties/medium/389063_cdb9523e5ff443e3a2b4d2647d49f288.jpeg?v=14054101,,,,,2026-10-02T08:27:42Z,389063,2026-10-02,103/pwliseis-agora-epaggelmatika
remax.gr,REMAX 361 Solutions,https://www.remax.gr/property/389076-polisi-epicheirisi-kentro,"Επιχείρηση · Κέντρο · Γέρακας, Αθήνα - Ανατολικά Προάστια",sale,,350000.0,1700.0,,Ισόγειο,,"Κέντρο, Γέρακας, Αθήνα - Ανατολικά Προάστια",,,https://www.remax.gr/assets/media/properties/medium/389076_23_5681983.jpeg?v=13691247,,,,,2026-10-02T08:27:42Z,389076,2026-10-02,104/pwliseis-agora-epaggelmatika
remax.gr,REMAX En Oiko,https://www.remax.gr/property/389080-enoikiasi-katastima-aigalew,Κατάστημα · Αιγάλεω · Αθήνα - Δυτικά Προάστια,rent,,550.0,180.0,1,Ισόγειο,,"Αιγάλεω, Αθήνα - Δυτικά Προάστια",,,https://www.remax.gr/assets/media/properties/medium/389080_img_332b2def_17cf_494b_b242_f6999cfdf454.jpeg?v=13691399,,,,,2026-10-02T08:27:42Z,389080,2026-10-02,103/enoikiaseis-epaggelmatika
remax.gr,REMAX En Oiko,https://www.remax.gr/property/389083-polisi-diamerisma-spata,Διαμέρισμα · Σπάτα · Αθήνα - Ανατολικά Προάστια,sale,,180000.0,70.0,2,4ος,,"Σπάτα, Αθήνα - Ανατολικά Προάστια",,,https://www.remax.gr/assets/media/properties/medium/389083_img_9c722a9e_0dc6_45b1_be83_e1bdbf5b7346.jpeg?v=13691428,,,,,2026-10-02T08:27:42Z,389083,2026-10-02,104/pwliseis-agora-katoikies
remax.gr,REMAX En Oiko,https://www.remax.gr/property/389087-polisi-oikopedo-gia-katoikia-pallhnh,Οικόπεδο για κατοικία · Παλλήνη · Αθήνα - Ανατολικά Προάστια,sale,,70000.0,252.0,,,,"Παλλήνη, Αθήνα - Ανατολικά Προάστια",,,https://www.remax.gr/assets/media/properties/medium/389087_img_735c8fe0_2ded_48d3_9228_bfe6b7613837.jpeg?v=13691595,,,,,2026-10-02T08:27:42Z,389087,2026-10-02,104/pwliseis-agora-gi
remax.gr,REMAX En Oiko,https://www.remax.gr/property/389092-enoikiasi-katastima-xaidari,Κατάστημα · Χαϊδάρι · Αθήνα - Δυτικά Προάστια,rent,,950.0,154.0,2,Ισόγειο,,"Χαϊδάρι, Αθήνα - Δυτικά Προάστια",,,https://www.remax.gr/assets/media/properties/medium/389092_eed7bd0e7385470c9713444a149e09c1.jpeg?v=13691636,,,,,2026-10-02T08:27:42Z,389092,2026-10-02,103/enoikiaseis-epaggelmatika
remax.gr,REMAX En Oiko,https://www.remax.gr/property/389093-enoikiasi-grafeio-xaidari,Γραφείο · Χαϊδάρι · Αθήνα - Δυτικά Προάστια,rent,,800.0,154.0,2,Ισόγειο,,"Χαϊδάρι, Αθήνα - Δυτικά Προάστια",,,https://www.remax.gr/assets/media/properties/medium/389093_ea5b5a184f0d4edc86100b0d3f08b82c.jpeg?v=13691649,,,,,2026-10-02T08:27:42Z,389093,2026-10-02,103/enoikiaseis-epaggelmatika
remax.gr,REMAX En Oiko,https://www.remax.gr/property/389096-polisi-monokatoikia-anthoysa,Μονοκατοικία · Ανθούσα · Αθήνα - Ανατολικά Προάστια,sale,,1200000.0,500.0,5,Ισόγειο,,"Ανθούσα, Αθήνα - Ανατολικά Προάστια",,,https://www.remax.gr/assets/media/properties/medium/389096_img_8aeb9dd8_a405_4bf2_b5f4_e8a66326caff.jpeg?v=13691725,,,,,2026-10-02T08:27:42Z,389096,2026-10-02,104/pwliseis-agora-katoikies
remax.gr,REMAX En Oiko,https://www.remax.gr/property/389097-polisi-oikopedo-gia-katoikia-pallhnh,Οικόπεδο για κατοικία · Παλλήνη · Αθήνα - Ανατολικά Προάστια,sale,,150000.0,438.0,,,,"Παλλήνη, Αθήνα - Ανατολικά Προάστια",,,https://www.remax.gr/assets/media/properties/medium/389097_img_5f906067_c238_439e_843b_30b07a648a83.jpeg?v=13691852,,,,,2026-10-02T08:27:42Z,389097,2026-10-02,104/pwliseis-agora-gi
remax.gr,REMAX En Oiko,https://www.remax.gr/property/389110-enoikiasi-grafeio-peristeri,Γραφείο · Περιστέρι · Αθήνα - Δυτικά Προάστια,rent,,350.0,45.0,2,Ημιόροφος,,"Περιστέρι, Αθήνα - Δυτικά Προάστια",,,https://www.remax.gr/assets/media/properties/medium/389110_img_eec6ca91_3b4b_4daa_8bb1_4982dd8ebcc7.jpeg?v=13692389,,,,,2026-10-02T08:27:42Z,389110,2026-10-02,103/enoikiaseis-epaggelmatika
remax.gr,REMAX En Oiko,https://www.remax.gr/property/389111-enoikiasi-katastima-peristeri,Κατάστημα · Περιστέρι · Αθήνα - Δυτικά Προάστια,rent,,550.0,75.0,1,Ισόγειο,,"Περιστέρι, Αθήνα - Δυτικά Προάστια",,,https://www.remax.gr/assets/media/properties/medium/389111_img_60a76967_e0e4_4676_ad29_690cf590ee4d.jpeg?v=13692392,,,,,2026-10-02T08:27:42Z,389111,2026-10-02,103/enoikiaseis-epaggelmatika
remax.gr,REMAX En Oiko,https://www.remax.gr/property/389115-polisi-katastima-xaidari,Κατάστημα · Χαϊδάρι · Αθήνα - Δυτικά Προάστια,sale,,260000.0,154.0,2,Ισόγειο,,"Χαϊδάρι, Αθήνα - Δυτικά Προάστια",,,https://www.remax.gr/assets/media/properties/medium/389115_f0e7740df77e4ba0875fe4de66ed6854.jpeg?v=13692411,,,,,2026-10-02T08:27:42Z,389115,2026-10-02,103/pwliseis-agora-epaggelmatika
remax.gr,REMAX En Oiko,https://www.remax.gr/property/389116-polisi-grafeio-xaidari,Γραφείο · Χαϊδάρι · Αθήνα - Δυτικά Προάστια,sale,,260000.0,154.0,2,Ισόγειο,,"Χαϊδάρι, Αθήνα - Δυτικά Προάστια",,,https://www.remax.gr/assets/media/properties/medium/389116_8f8e9a5ec19c42c5aa0c094eb7a93412.jpeg?v=13692418,,,,,2026-10-02T08:27:42Z,389116,2026-10-02,103/pwliseis-agora-epaggelmatika
remax.gr,REMAX Lysis,https://www.remax.gr/property/389127-polisi-polukatoikia-kentro,"Πολυκατοικία · Κέντρο · Παλλήνη, Αθήνα - Ανατολικά Προάστια",sale,,1150000.0,540.0,,Ισόγειο,,"Κέντρο, Παλλήνη, Αθήνα - Ανατολικά Προάστια",,,https://www.remax.gr/assets/media/properties/medium/389127_1_44048837.jpeg?v=13693308,,,,,2026-10-02T08:27:42Z,389127,2026-10-02,104/pwliseis-agora-katoikies
remax.gr,REMAX En Oiko,https://www.remax.gr/property/389130-polisi-oikopedo-gia-katoikia-axarnes,Οικόπεδο για κατοικία · Αχαρνές · Αθήνα - Δυτικά Προάστια,sale,,44000.0,397.0,,,,"Αχαρνές, Αθήνα - Δυτικά Προάστια",,,https://www.remax.gr/assets/media/properties/medium/389130_img_6c864b27_04e8_4fd3_adeb_0f633f0f5910.jpeg?v=13693735,,,,,2026-10-02T08:27:42Z,389130,2026-10-02,103/pwliseis-agora-gi
remax.gr,REMAX 361 Solutions,https://www.remax.gr/property/389162-polisi-monokatoikia-desh,"Μονοκατοικία · Δέση · Γέρακας, Αθήνα - Ανατολικά Προάστια",sale,,770000.0,280.0,4,Ισόγειο,,"Δέση, Γέρακας, Αθήνα - Ανατολικά Προάστια",,,https://www.remax.gr/assets/media/properties/medium/389162_16_5695142.jpeg?v=13701661,,,,,2026-10-02T08:27:42Z,389162,2026-10-02,104/pwliseis-agora-katoikies
remax.gr,REMAX Porto,https://www.remax.gr/property/389339-polisi-diamerisma-porto-rafth,"Διαμέρισμα · Πόρτο Ράφτη · Μαρκόπουλο, Υπόλοιπο Αττικής",sale,,235000.0,88.0,2,2ος,,"Πόρτο Ράφτη, Μαρκόπουλο, Υπόλοιπο Αττικής",,,https://www.remax.gr/assets/media/properties/medium/389339_3_2875887.jpeg?v=13711800,,,,,2026-10-02T08:27:42Z,389339,2026-10-02,107/pwliseis-agora-katoikies
remax.gr,REMAX Real Advisor,https://www.remax.gr/property/389393-polisi-monokatoikia-markopoylo-wrwpoy,Μονοκατοικία · Μαρκόπουλο Ωρωπού · Υπόλοιπο Αττικής,sale,,190000.0,80.0,2,Ισόγειο,,"Μαρκόπουλο Ωρωπού, Υπόλοιπο Αττικής",,,https://www.remax.gr/assets/media/properties/medium/389393_e45735d25486493e9fdd12ca7fb89442.jpeg?v=13979684,,,,,2026-10-02T08:27:42Z,389393,2026-10-02,107/pwliseis-agora-katoikies
remax.gr,REMAX Ergon,https://www.remax.gr/property/389400-polisi-diamerisma-foyresi,"Διαμέρισμα · Φούρεσι · Γλυκά Νερά, Αθήνα - Ανατολικά Προάστια",sale,,280000.0,73.0,2,Ισόγειο,,"Φούρεσι, Γλυκά Νερά, Αθήνα - Ανατολικά Προάστια",,,https://www.remax.gr/assets/media/properties/medium/389400_d24bb5257a624aa7dbec81b455b1af04.jpeg?v=14165255,,,,,2026-10-02T08:27:42Z,389400,2026-10-02,104/pwliseis-agora-katoikies
remax.gr,REMAX Ergon,https://www.remax.gr/property/389401-polisi-diamerisma-foyresi,"Διαμέρισμα · Φούρεσι · Γλυκά Νερά, Αθήνα - Ανατολικά Προάστια",sale,,280000.0,67.0,2,Ισόγειο,,"Φούρεσι, Γλυκά Νερά, Αθήνα - Ανατολικά Προάστια",,,https://www.remax.gr/assets/media/properties/medium/389401_6c9d2c7a044a38f3736ba5eb1c7a4a5e.jpeg?v=14165325,,,,,2026-10-02T08:27:42Z,389401,2026-10-02,104/pwliseis-agora-katoikies
remax.gr,REMAX Ergon,https://www.remax.gr/property/389402-polisi-diamerisma-foyresi,"Διαμέρισμα · Φούρεσι · Γλυκά Νερά, Αθήνα - Ανατολικά Προάστια",sale,,410000.0,108.0,3,1ος,,"Φούρεσι, Γλυκά Νερά, Αθήνα - Ανατολικά Προάστια",,,https://www.remax.gr/assets/media/properties/medium/389402_e586f9133fe0145164f85bd0c5f63bac.jpeg?v=14165365,,,,,2026-10-02T08:27:42Z,389402,2026-10-02,104/pwliseis-agora-katoikies
remax.gr,REMAX Ergon,https://www.remax.gr/property/389403-polisi-ktirio--nea-iwnia,Κτήριο · Νέα Ιωνία · Αθήνα - Δυτικά Προάστια,sale,,470000.0,286.0,,Ισόγειο,,"Νέα Ιωνία, Αθήνα - Δυτικά Προάστια",,,https://www.remax.gr/assets/media/properties/medium/389403_ebfcdcf5c4be87c5267b9c69951eb3b0.jpeg?v=13717986,,,,,2026-10-02T08:27:42Z,389403,2026-10-02,103/pwliseis-agora-epaggelmatika
remax.gr,REMAX Ergon,https://www.remax.gr/property/389404-enoikiasi-ktirio--nea-iwnia,Κτήριο · Νέα Ιωνία · Αθήνα - Δυτικά Προάστια,rent,,2300.0,286.0,,Ισόγειο,,"Νέα Ιωνία, Αθήνα - Δυτικά Προάστια",,,https://www.remax.gr/assets/media/properties/medium/389404_ddaecfdf5cbb6780f31c8eb8a2c1f28a.jpeg?v=13717998,,,,,2026-10-02T08:27:42Z,389404,2026-10-02,103/enoikiaseis-epaggelmatika
remax.gr,REMAX Evolution,https://www.remax.gr/property/389444-polisi-biomichaniko-biotechniko-skarpiza,"Βιομηχανικό/Βιοτεχνικό · Σκάρπιζα · Κορωπί, Αθήνα - Ανατολικά Προάστια",sale,,500000.0,450.0,,Ισόγειο,,"Σκάρπιζα, Κορωπί, Αθήνα - Ανατολικά Προάστια",,,https://www.remax.gr/assets/media/properties/medium/389444_3499_1231188.jpeg?v=13722269,,,,,2026-10-02T08:27:42Z,389444,2026-10-02,104/pwliseis-agora-epaggelmatika
remax.gr,REMAX Properties Investment,https://www.remax.gr/property/389474-polisi-mezoneta-dikastika,"Μεζονέτα · Δικαστικά · Μαραθώνας, Αθήνα - Ανατολικά Προάστια",sale,,400000.0,277.0,2,Ισόγειο,,"Δικαστικά, Μαραθώνας, Αθήνα - Ανατολικά Προάστια",,,https://www.remax.gr/assets/media/properties/medium/389474_0047305447d649da9d468e7c3bd4426c.jpeg?v=14198020,,,,,2026-10-02T08:27:42Z,389474,2026-10-02,104/pwliseis-agora-katoikies
remax.gr,REMAX Properties Investment,https://www.remax.gr/property/389481-polisi-monokatoikia-malakasa,Μονοκατοικία · Μαλακάσα · Υπόλοιπο Αττικής,sale,,160000.0,240.0,3,Ισόγειο,,"Μαλακάσα, Υπόλοιπο Αττικής",,,https://www.remax.gr/assets/media/properties/medium/389481_3cb2a924f8de4a6489cad01e43569c1f.jpeg?v=14195454,,,,,2026-10-02T08:27:42Z,389481,2026-10-02,107/pwliseis-agora-katoikies
remax.gr,REMAX Porto,https://www.remax.gr/property/389505-polisi-monokatoikia-brayrwna,"Μονοκατοικία · Βραυρώνα · Αρτέμιδα (Λούτσα), Αθήνα - Ανατολικά Προάστια",sale,,135000.0,61.0,1,Ισόγειο,,"Βραυρώνα, Αρτέμιδα (Λούτσα), Αθήνα - Ανατολικά Προάστια",,,https://www.remax.gr/assets/media/properties/medium/389505_10_9286533.jpeg?v=13726986,,,,,2026-10-02T08:27:42Z,389505,2026-10-02,104/pwliseis-agora-katoikies
remax.gr,REMAX Real Advisor,https://www.remax.gr/property/389541-polisi-oikopedo-gia-katoikia-8rakomakedones,"Οικόπεδο για κατοικία · Θρακομακεδόνες · Αχαρνές, Αθήνα - Δυτικά Προάστια",sale,,230000.0,1037.0,,,,"Θρακομακεδόνες, Αχαρνές, Αθήνα - Δυτικά Προάστια",,,https://www.remax.gr/assets/media/properties/medium/389541_7d546eacfabf43ee978e31d9b981ca99.jpeg?v=13979680,,,,,2026-10-02T08:27:42Z,389541,2026-10-02,103/pwliseis-agora-gi
remax.gr,REMAX Properties Investment 5,https://www.remax.gr/property/389580-polisi-monokatoikia-katw-alepoxwri,"Μονοκατοικία · Κάτω Αλεποχώρι · Βίλια, Υπόλοιπο Αττικής",sale,,145000.0,65.0,2,Ισόγειο,,"Κάτω Αλεποχώρι, Βίλια, Υπόλοιπο Αττικής",,,https://www.remax.gr/assets/media/properties/medium/389580_a20e7331fba74746acf8479268d483b7.jpeg?v=14187183,,,,,2026-10-02T08:27:42Z,389580,2026-10-02,107/pwliseis-agora-katoikies
remax.gr,REMAX En Oiko,https://www.remax.gr/property/389625-polisi-oikopedo-gia-katoikia-gerakas,Οικόπεδο για κατοικία · Γέρακας · Αθήνα - Ανατολικά Προάστια,sale,,210000.0,277.0,,,,"Γέρακας, Αθήνα - Ανατολικά Προάστια",,,https://www.remax.gr/assets/media/properties/medium/389625_2bc3404e1ee84b0db78e0457126340f8.png?v=13733816,,,,,2026-10-02T08:27:42Z,389625,2026-10-02,104/pwliseis-agora-gi
remax.gr,REMAX Porto,https://www.remax.gr/property/389640-polisi-oikopedo-gia-katoikia-khpoypolh,"Οικόπεδο για κατοικία · Κηπούπολη · Περιστέρι, Αθήνα - Δυτικά Προάστια",sale,,280000.0,207.0,,,,"Κηπούπολη, Περιστέρι, Αθήνα - Δυτικά Προάστια",,,https://www.remax.gr/assets/media/properties/medium/389640_3_9541562.jpeg?v=13734906,,,,,2026-10-02T08:27:42Z,389640,2026-10-02,103/pwliseis-agora-gi
remax.gr,REMAX Porto,https://www.remax.gr/property/389724-polisi-diamerisma-porto-rafth,"Διαμέρισμα · Πόρτο Ράφτη · Μαρκόπουλο, Υπόλοιπο Αττικής",sale,,316000.0,105.0,2,Ισόγειο,,"Πόρτο Ράφτη, Μαρκόπουλο, Υπόλοιπο Αττικής",,,https://www.remax.gr/assets/media/properties/medium/389724_2_9952453.jpeg?v=13739343,,,,,2026-10-02T08:27:42Z,389724,2026-10-02,107/pwliseis-agora-katoikies
remax.gr,REMAX Properties Investment,https://www.remax.gr/property/389761-polisi-diamerisma-kentro,"Διαμέρισμα · Κέντρο · Γλυκά Νερά, Αθήνα - Ανατολικά Προάστια",sale,,350000.0,136.0,3,1ος,,"Κέντρο, Γλυκά Νερά, Αθήνα - Ανατολικά Προάστια",,,https://www.remax.gr/assets/media/properties/medium/389761_b258922f21194dd9bb557feac8dca118.png?v=14200491,,,,,2026-10-02T08:27:42Z,389761,2026-10-02,104/pwliseis-agora-katoikies
remax.gr,REMAX Real Advisor,https://www.remax.gr/property/389796-polisi-epicheirisi-kamatero,Επιχείρηση · Καματερό · Αθήνα - Δυτικά Προάστια,sale,,64000.0,680.0,1,Ισόγειο,,"Καματερό, Αθήνα - Δυτικά Προάστια",,,https://www.remax.gr/assets/media/properties/medium/389796_d6477f3e066b1676ae5c9fd91cd50dd7.png?v=13941727,,,,,2026-10-02T08:27:42Z,389796,2026-10-02,103/pwliseis-agora-epaggelmatika
remax.gr,REMAX Abacus Properties,https://www.remax.gr/property/389907-enoikiasi-epaggelmatiko-ktirio-palatianh,"Eπαγγελματικό Kτήριο · Παλατιανή · Ίλιον, Αθήνα - Δυτικά Προάστια",rent,,6500.0,810.0,8,Ισόγειο,,"Παλατιανή, Ίλιον, Αθήνα - Δυτικά Προάστια",,,https://www.remax.gr/assets/media/properties/medium/389907_7fb39081dc0a48a9bd1636cef248e95e.jpeg?v=14346748,,,,,2026-10-02T08:27:42Z,389907,2026-10-02,103/enoikiaseis-epaggelmatika
remax.gr,REMAX Evolution,https://www.remax.gr/property/389923-polisi-monokatoikia-lagonhsi,"Μονοκατοικία · Λαγονήσι · Καλύβια Θορικού, Υπόλοιπο Αττικής",sale,,260000.0,83.0,2,Ισόγειο,,"Λαγονήσι, Καλύβια Θορικού, Υπόλοιπο Αττικής",,,https://www.remax.gr/assets/media/properties/medium/389923_3504_12339659.jpeg?v=13752074,,,,,2026-10-02T08:27:42Z,389923,2026-10-02,107/pwliseis-agora-katoikies
remax.gr,REMAX Evolution,https://www.remax.gr/property/390060-polisi-monokatoikia-elaioxwri,"Μονοκατοικία · Ελαιοχώρι · Κερατέα, Υπόλοιπο Αττικής",sale,,80000.0,60.0,1,Ισόγειο,,"Ελαιοχώρι, Κερατέα, Υπόλοιπο Αττικής",,,https://www.remax.gr/assets/media/properties/medium/390060_3503_12375674.jpeg?v=13764482,,,,,2026-10-02T08:27:42Z,390060,2026-10-02,107/pwliseis-agora-katoikies
remax.gr,REMAX Real Advisor,https://www.remax.gr/property/390072-enoikiasi-epaggelmatiko-ktirio-galatsi,Eπαγγελματικό Kτήριο · Γαλάτσι · Αθήνα - Δυτικά Προάστια,rent,,15000.0,2100.0,,Ισόγειο,,"Γαλάτσι, Αθήνα - Δυτικά Προάστια",,,https://www.remax.gr/assets/media/properties/medium/390072_2d964dc68b0b4723bd63eaa4ca95ec0d.jpeg?v=13979620,,,,,2026-10-02T08:27:42Z,390072,2026-10-02,103/enoikiaseis-epaggelmatika
remax.gr,REMAX Evolution,https://www.remax.gr/property/390140-polisi-diamerisma-kentro,"Διαμέρισμα · Κέντρο · Λαύριο, Υπόλοιπο Αττικής",sale,,190000.0,80.0,2,1ος,,"Κέντρο, Λαύριο, Υπόλοιπο Αττικής",,,https://www.remax.gr/assets/media/properties/medium/390140_3503_12412225.jpeg?v=13770407,,,,,2026-10-02T08:27:42Z,390140,2026-10-02,107/pwliseis-agora-katoikies
remax.gr,REMAX 361 Solutions,https://www.remax.gr/property/390157-polisi-diamerisma-neos-voutzas-second-entrance,"Διαμέρισμα · Νέος Βουτζάς - 2η Είσοδς · Ραφήνα, Υπόλοιπο Αττικής",sale,,350000.0,270.0,5,Ισόγειο,,"Νέος Βουτζάς - 2η Είσοδς, Ραφήνα, Υπόλοιπο Αττικής",,,https://www.remax.gr/assets/media/properties/medium/390157_11_6317505.jpeg?v=13773628,,,,,2026-10-02T08:27:42Z,390157,2026-10-02,107/pwliseis-agora-katoikies
remax.gr,REMAX Real Advisor,https://www.remax.gr/property/390179-enoikiasi-katastima-kentro,"Κατάστημα · Κέντρο · Νέα Ιωνία, Αθήνα - Δυτικά Προάστια",rent,,2500.0,120.0,2,Ισόγειο,,"Κέντρο, Νέα Ιωνία, Αθήνα - Δυτικά Προάστια",,,https://www.remax.gr/assets/media/properties/medium/390179_6cdd5806dcba4d598bd31c647859055e.jpeg?v=13978823,,,,,2026-10-02T08:27:42Z,390179,2026-10-02,103/enoikiaseis-epaggelmatika
remax.gr,REMAX En Oiko,https://www.remax.gr/property/390301-polisi-oikopedo-gia-katoikia-artemida-loytsa,Οικόπεδο για κατοικία · Αρτέμιδα (Λούτσα) · Αθήνα - Ανατολικά Προάστια,sale,,56000.0,280.0,,,,"Αρτέμιδα (Λούτσα), Αθήνα - Ανατολικά Προάστια",,,https://www.remax.gr/assets/media/properties/medium/390301_0ca06a7e5c73442dbb369e87253c3c57.png?v=13778849,,,,,2026-10-02T08:27:42Z,390301,2026-10-02,104/pwliseis-agora-gi
remax.gr,REMAX Lysis,https://www.remax.gr/property/390371-polisi-katastima-perissos,"Κατάστημα · Περισσός · Νέα Ιωνία, Αθήνα - Δυτικά Προάστια",sale,,187000.0,162.0,,Ισόγειο,,"Περισσός, Νέα Ιωνία, Αθήνα - Δυτικά Προάστια",,,https://www.remax.gr/assets/media/properties/medium/390371_23_44121490.jpeg?v=13783823,,,,,2026-10-02T08:27:42Z,390371,2026-10-02,103/pwliseis-agora-epaggelmatika
remax.gr,REMAX Properties Investment 2,https://www.remax.gr/property/390412-polisi-monokatoikia-lagonhsi,"Μονοκατοικία · Λαγονήσι · Καλύβια Θορικού, Υπόλοιπο Αττικής",sale,,400000.0,220.0,3,Ισόγειο,,"Λαγονήσι, Καλύβια Θορικού, Υπόλοιπο Αττικής",,,https://www.remax.gr/assets/media/properties/medium/390412_6f40630ecbd7477fbeff1880ae36611f.jpeg?v=14179581,,,,,2026-10-02T08:27:42Z,390412,2026-10-02,107/pwliseis-agora-katoikies
remax.gr,REMAX Real Advisor,https://www.remax.gr/property/390424-enoikiasi-katastima-kentro,"Κατάστημα · Κέντρο · Νέα Ιωνία, Αθήνα - Δυτικά Προάστια",rent,,2700.0,30.0,1,Ισόγειο,,"Κέντρο, Νέα Ιωνία, Αθήνα - Δυτικά Προάστια",,,https://www.remax.gr/assets/media/properties/medium/390424_4ea54b32bfc04187e6293ad64cff1970.jpeg?v=13941827,,,,,2026-10-02T08:27:42Z,390424,2026-10-02,103/enoikiaseis-epaggelmatika
remax.gr,REMAX Central,https://www.remax.gr/property/390456-polisi-monokatoikia-kalybia-8orikoy,Μονοκατοικία · Καλύβια Θορικού · Υπόλοιπο Αττικής,sale,,130000.0,147.0,2,Ισόγειο,,"Καλύβια Θορικού, Υπόλοιπο Αττικής",,,https://www.remax.gr/assets/media/properties/medium/390456_9276ccb23cd9490c9d10121fbbd2f10d.png?v=13928507,,,,,2026-10-02T08:27:42Z,390456,2026-10-02,107/pwliseis-agora-katoikies
remax.gr,REMAX Real Advisor,https://www.remax.gr/property/390516-polisi-oikopedo-gia-epaggelmatiki-chrisi-ilion,Οικόπεδο για επαγγελματική χρήση · Ίλιον · Αθήνα - Δυτικά Προάστια,sale,,570000.0,615.0,,,,"Ίλιον, Αθήνα - Δυτικά Προάστια",,,https://www.remax.gr/assets/media/properties/medium/390516_83a1e17f345042e8bf68eb6a12fa6846.jpeg?v=13979000,,,,,2026-10-02T08:27:42Z,390516,2026-10-02,103/pwliseis-agora-gi
remax.gr,REMAX Ergon,https://www.remax.gr/property/390525-enoikiasi-katastima-kentro,"Κατάστημα · Κέντρο · Γέρακας, Αθήνα - Ανατολικά Προάστια",rent,,1580.0,103.0,,Ισόγειο,,"Κέντρο, Γέρακας, Αθήνα - Ανατολικά Προάστια",,,https://www.remax.gr/assets/media/properties/medium/390525_1502fdda6f2dc0b6ea7bdc2f9f7d4460.jpeg?v=13792608,,,,,2026-10-02T08:27:42Z,390525,2026-10-02,104/enoikiaseis-epaggelmatika
remax.gr,REMAX Zed,https://www.remax.gr/property/390599-polisi-epaggelmatiko-ktirio-kentro,"Eπαγγελματικό Kτήριο · Κέντρο · Γέρακας, Αθήνα - Ανατολικά Προάστια",sale,,1300000.0,870.0,,Ισόγειο,,"Κέντρο, Γέρακας, Αθήνα - Ανατολικά Προάστια",,,https://www.remax.gr/assets/media/properties/medium/390599_14_29931839.jpeg?v=13796946,,,,,2026-10-02T08:27:42Z,390599,2026-10-02,104/pwliseis-agora-epaggelmatika
remax.gr,REMAX Porto,https://www.remax.gr/property/390665-polisi-monokatoikia-porto-rafth,"Μονοκατοικία · Πόρτο Ράφτη · Μαρκόπουλο, Υπόλοιπο Αττικής",sale,,310000.0,180.0,4,Ισόγειο,,"Πόρτο Ράφτη, Μαρκόπουλο, Υπόλοιπο Αττικής",,,https://www.remax.gr/assets/media/properties/medium/390665_5_9214076.jpeg?v=13803036,,,,,2026-10-02T08:27:42Z,390665,2026-10-02,107/pwliseis-agora-katoikies
remax.gr,REMAX Real Advisor,https://www.remax.gr/property/390906-enoikiasi-apothiki-axarnes,Αποθήκη · Αχαρνές · Αθήνα - Δυτικά Προάστια,rent,,3400.0,750.0,,Υπόγειο,,"Αχαρνές, Αθήνα - Δυτικά Προάστια",,,https://www.remax.gr/assets/media/properties/medium/390906_11b5fff10be447c88f48d1e9476cc7e4.png?v=13978529,,,,,2026-10-02T08:27:42Z,390906,2026-10-02,103/enoikiaseis-epaggelmatika
remax.gr,REMAX En Oiko,https://www.remax.gr/property/390925-enoikiasi-katastima-artemida-loytsa,Κατάστημα · Αρτέμιδα (Λούτσα) · Αθήνα - Ανατολικά Προάστια,rent,,800.0,162.0,,1ος,,"Αρτέμιδα (Λούτσα), Αθήνα - Ανατολικά Προάστια",,,https://www.remax.gr/assets/media/properties/medium/390925_d659c469c4fc4a48b9b34914f13b103d.png?v=13824336,,,,,2026-10-02T08:27:42Z,390925,2026-10-02,104/enoikiaseis-epaggelmatika
remax.gr,REMAX Ergon,https://www.remax.gr/property/390931-polisi-diamerisma-kentro,"Διαμέρισμα · Κέντρο · Παιανία, Αθήνα - Ανατολικά Προάστια",sale,,430000.0,121.0,3,Ισόγειο,,"Κέντρο, Παιανία, Αθήνα - Ανατολικά Προάστια",,,https://www.remax.gr/assets/media/properties/medium/390931_f7d7565d5c04c5be96203d02023a6444.jpeg?v=14252018,,,,,2026-10-02T08:27:42Z,390931,2026-10-02,104/pwliseis-agora-katoikies
remax.gr,REMAX Ergon,https://www.remax.gr/property/390932-polisi-mezoneta-kentro,"Μεζονέτα · Κέντρο · Παιανία, Αθήνα - Ανατολικά Προάστια",sale,,485000.0,129.0,3,1ος,,"Κέντρο, Παιανία, Αθήνα - Ανατολικά Προάστια",,,https://www.remax.gr/assets/media/properties/medium/390932_0cdba53a41e70f57dd36958420c5f124.jpeg?v=14252022,,,,,2026-10-02T08:27:42Z,390932,2026-10-02,104/pwliseis-agora-katoikies
remax.gr,REMAX Ergon,https://www.remax.gr/property/390933-polisi-mezoneta-kentro,"Μεζονέτα · Κέντρο · Παιανία, Αθήνα - Ανατολικά Προάστια",sale,,470000.0,124.0,3,1ος,,"Κέντρο, Παιανία, Αθήνα - Ανατολικά Προάστια",,,https://www.remax.gr/assets/media/properties/medium/390933_10ed0ed97640d948020e612508ac42e0.jpeg?v=14252026,,,,,2026-10-02T08:27:42Z,390933,2026-10-02,104/pwliseis-agora-katoikies
remax.gr,REMAX En Oiko,https://www.remax.gr/property/390945-enoikiasi-katastima-artemida-loytsa,Κατάστημα · Αρτέμιδα (Λούτσα) · Αθήνα - Ανατολικά Προάστια,rent,,1850.0,224.0,,1ος,,"Αρτέμιδα (Λούτσα), Αθήνα - Ανατολικά Προάστια",,,https://www.remax.gr/assets/media/properties/medium/390945_66353f45504f4aa998618874feab6c2a.png?v=13825269,,,,,2026-10-02T08:27:42Z,390945,2026-10-02,104/enoikiaseis-epaggelmatika
remax.gr,REMAX Ergon,https://www.remax.gr/property/390952-polisi-mezoneta-garghttos,"Μεζονέτα · Γαργηττός · Γέρακας, Αθήνα - Ανατολικά Προάστια",sale,,430000.0,113.0,4,2ος,,"Γαργηττός, Γέρακας, Αθήνα - Ανατολικά Προάστια",,,https://www.remax.gr/assets/media/properties/medium/390952_3777be2b447d8b1ae21b0347feafcd66.jpeg?v=14345374,,,,,2026-10-02T08:27:42Z,390952,2026-10-02,104/pwliseis-agora-katoikies
remax.gr,REMAX Properties Investment,https://www.remax.gr/property/391122-polisi-katastima-akthmones,"Κατάστημα · Ακτήμονες · Γαλάτσι, Αθήνα - Δυτικά Προάστια",sale,,505000.0,262.0,,Ισόγειο,,"Ακτήμονες, Γαλάτσι, Αθήνα - Δυτικά Προάστια",,,https://www.remax.gr/assets/media/properties/medium/391122_e3638283bbcf4aaeb7b9f7fa5b9a4b8b.jpeg?v=14159262,,,,,2026-10-02T08:27:42Z,391122,2026-10-02,103/pwliseis-agora-epaggelmatika
remax.gr,REMAX Real Advisor,https://www.remax.gr/property/391288-polisi-katastima-agios-fanoyrios,"Κατάστημα · Άγιος Φανούριος · Ίλιον, Αθήνα - Δυτικά Προάστια",sale,,135000.0,200.0,3,Ισόγειο,,"Άγιος Φανούριος, Ίλιον, Αθήνα - Δυτικά Προάστια",,,https://www.remax.gr/assets/media/properties/medium/391288_1f63a5f8d08141d8b1a6cea44452d2f2.jpeg?v=13978598,,,,,2026-10-02T08:27:42Z,391288,2026-10-02,103/pwliseis-agora-epaggelmatika
remax.gr,REMAX Porto,https://www.remax.gr/property/391408-polisi-diamerisma-kentro,"Διαμέρισμα · Κέντρο · Μαρκόπουλο, Υπόλοιπο Αττικής",sale,,215000.0,80.0,2,Ισόγειο,,"Κέντρο, Μαρκόπουλο, Υπόλοιπο Αττικής",,,https://www.remax.gr/assets/media/properties/medium/391408_6_10085169.jpeg?v=13871735,,,,,2026-10-02T08:27:42Z,391408,2026-10-02,107/pwliseis-agora-katoikies
remax.gr,REMAX Ergon,https://www.remax.gr/property/391410-polisi-mezoneta-mpalana,"Μεζονέτα · Μπάλανα · Γέρακας, Αθήνα - Ανατολικά Προάστια",sale,,277000.0,95.0,3,Ισόγειο,,"Μπάλανα, Γέρακας, Αθήνα - Ανατολικά Προάστια",,,https://www.remax.gr/assets/media/properties/medium/391410_9926322dede342f33fab92337ff535c5.jpeg?v=13871762,,,,,2026-10-02T08:27:42Z,391410,2026-10-02,104/pwliseis-agora-katoikies
remax.gr,REMAX Central,https://www.remax.gr/property/391418-polisi-oikopedo-gia-katoikia-marathwnas,Οικόπεδο για κατοικία · Μαραθώνας · Αθήνα - Ανατολικά Προάστια,sale,,260000.0,2020.0,,,,"Μαραθώνας, Αθήνα - Ανατολικά Προάστια",,,https://www.remax.gr/assets/media/properties/medium/391418_73a3982d694c41629855ccdc3e988f31.png?v=13927565,,,,,2026-10-02T08:27:42Z,391418,2026-10-02,104/pwliseis-agora-gi
remax.gr,REMAX 361 Solutions,https://www.remax.gr/property/391469-polisi-oikopedo-gia-katoikia-kato-vakalopoulo,"Οικόπεδο για κατοικία · Κάτω Βακαλόπουλο · Παλλήνη, Αθήνα - Ανατολικά Προάστια",sale,,240000.0,804.0,,,,"Κάτω Βακαλόπουλο, Παλλήνη, Αθήνα - Ανατολικά Προάστια",,,https://www.remax.gr/assets/media/properties/medium/391469_23_6423469.jpeg?v=13874695,,,,,2026-10-02T08:27:42Z,391469,2026-10-02,104/pwliseis-agora-gi
remax.gr,REMAX En Oiko,https://www.remax.gr/property/391476-polisi-oikopedo-gia-katoikia-gerakas,Οικόπεδο για κατοικία · Γέρακας · Αθήνα - Ανατολικά Προάστια,sale,,180000.0,271.0,,,,"Γέρακας, Αθήνα - Ανατολικά Προάστια",,,https://www.remax.gr/assets/media/properties/medium/391476_8815fa7189994e52974e99c432fc623e.png?v=13875849,,,,,2026-10-02T08:27:42Z,391476,2026-10-02,104/pwliseis-agora-gi
remax.gr,REMAX Optimum,https://www.remax.gr/property/391481-polisi-oikopedo-gia-katoikia-trigwno-lagoy,"Οικόπεδο για κατοικία · Τρίγωνο Λαγού · Παιανία, Αθήνα - Ανατολικά Προάστια",sale,,160000.0,431.0,,,,"Τρίγωνο Λαγού, Παιανία, Αθήνα - Ανατολικά Προάστια",,,https://www.remax.gr/assets/media/properties/medium/391481_69e52b3a524391776626490.jpeg?v=13876365,,,,,2026-10-02T08:27:42Z,391481,2026-10-02,104/pwliseis-agora-gi
remax.gr,REMAX Optimum,https://www.remax.gr/property/391482-polisi-oikopedo-gia-katoikia-paiania,Οικόπεδο για κατοικία · Παιανία · Αθήνα - Ανατολικά Προάστια,sale,,160000.0,503.0,,,,"Παιανία, Αθήνα - Ανατολικά Προάστια",,,https://www.remax.gr/assets/media/properties/medium/391482_69e52466b6c171776624742.jpeg?v=13876375,,,,,2026-10-02T08:27:42Z,391482,2026-10-02,104/pwliseis-agora-gi
remax.gr,REMAX Properties Investment 5,https://www.remax.gr/property/391530-polisi-biomichaniko-biotechniko-nea-iwnia,Βιομηχανικό/Βιοτεχνικό · Νέα Ιωνία · Αθήνα - Δυτικά Προάστια,sale,,4500000.0,4635.0,,Ισόγειο,,"Νέα Ιωνία, Αθήνα - Δυτικά Προάστια",,,https://www.remax.gr/assets/media/properties/medium/391530_b188eb000d6940659db69865383cba17.jpeg?v=14187960,,,,,2026-10-02T08:27:42Z,391530,2026-10-02,103/pwliseis-agora-epaggelmatika
remax.gr,REMAX Evolution,https://www.remax.gr/property/391601-polisi-diamerisma-lagonhsi,"Διαμέρισμα · Λαγονήσι · Καλύβια Θορικού, Υπόλοιπο Αττικής",sale,,195000.0,54.0,1,3ος,,"Λαγονήσι, Καλύβια Θορικού, Υπόλοιπο Αττικής",,,https://www.remax.gr/assets/media/properties/medium/391601_3496_12447264.jpeg?v=13881015,,,,,2026-10-02T08:27:42Z,391601,2026-10-02,107/pwliseis-agora-katoikies
remax.gr,REMAX 361 Solutions,https://www.remax.gr/property/391649-enoikiasi-epaggelmatiko-ktirio-borineza,"Eπαγγελματικό Kτήριο · Βορινέζα · Αρτέμιδα (Λούτσα), Αθήνα - Ανατολικά Προάστια",rent,,4500.0,356.0,,Ισόγειο,,"Βορινέζα, Αρτέμιδα (Λούτσα), Αθήνα - Ανατολικά Προάστια",,,https://www.remax.gr/assets/media/properties/medium/391649_10_6514003.jpeg?v=13883459,,,,,2026-10-02T08:27:42Z,391649,2026-10-02,104/enoikiaseis-epaggelmatika
remax.gr,REMAX 361 Solutions,https://www.remax.gr/property/391651-polisi-epaggelmatiko-ktirio-borineza,"Eπαγγελματικό Kτήριο · Βορινέζα · Αρτέμιδα (Λούτσα), Αθήνα - Ανατολικά Προάστια",sale,,880000.0,356.0,,Ημιόροφος,,"Βορινέζα, Αρτέμιδα (Λούτσα), Αθήνα - Ανατολικά Προάστια",,,https://www.remax.gr/assets/media/properties/medium/391651_10_6509150.jpeg?v=13883503,,,,,2026-10-02T08:27:42Z,391651,2026-10-02,104/pwliseis-agora-epaggelmatika
remax.gr,REMAX Porto,https://www.remax.gr/property/391661-polisi-oikopedo-gia-katoikia-panorama,"Οικόπεδο για κατοικία · Πανόραμα · Παλλήνη, Αθήνα - Ανατολικά Προάστια",sale,,105000.0,361.0,,,,"Πανόραμα, Παλλήνη, Αθήνα - Ανατολικά Προάστια",,,https://www.remax.gr/assets/media/properties/medium/391661_2_9306893.jpeg?v=13883727,,,,,2026-10-02T08:27:42Z,391661,2026-10-02,104/pwliseis-agora-gi
remax.gr,REMAX Properties Investment,https://www.remax.gr/property/391790-polisi-monokatoikia-agios-nikolaos,"Μονοκατοικία · Άγιος Νικόλαος · Αρτέμιδα (Λούτσα), Αθήνα - Ανατολικά Προάστια",sale,,250000.0,105.0,3,Ισόγειο,,"Άγιος Νικόλαος, Αρτέμιδα (Λούτσα), Αθήνα - Ανατολικά Προάστια",,,https://www.remax.gr/assets/media/properties/medium/391790_d31e97ecc20e8a1e687ccd73d3f4c4bd.png?v=14140761,,,,,2026-10-02T08:27:42Z,391790,2026-10-02,104/pwliseis-agora-katoikies
remax.gr,REMAX Central,https://www.remax.gr/property/391796-polisi-monokatoikia-nea-makrh,Μονοκατοικία · Νέα Μάκρη · Αθήνα - Ανατολικά Προάστια,sale,,530000.0,560.0,,,,"Νέα Μάκρη, Αθήνα - Ανατολικά Προάστια",,,https://www.remax.gr/assets/media/properties/medium/391796_336377bdbd804461868902ac849f0bd1.jpeg?v=13945826,,,,,2026-10-02T08:27:42Z,391796,2026-10-02,104/pwliseis-agora-katoikies
remax.gr,REMAX En Oiko,https://www.remax.gr/property/391846-enoikiasi-mezoneta-anthoysa,Μεζονέτα · Ανθούσα · Αθήνα - Ανατολικά Προάστια,rent,,1350.0,163.0,4,Ισόγειο,,"Ανθούσα, Αθήνα - Ανατολικά Προάστια",,,https://www.remax.gr/assets/media/properties/medium/391846_img_2730fe91_f103_4fa4_be55_7b874258f77e.jpeg?v=13894143,,,,,2026-10-02T08:27:42Z,391846,2026-10-02,104/enoikiaseis-katoikies
remax.gr,REMAX Central,https://www.remax.gr/property/391908-polisi-epaggelmatiko-ktirio-peristeri,Eπαγγελματικό Kτήριο · Περιστέρι · Αθήνα - Δυτικά Προάστια,sale,,680000.0,500.0,,1ος,,"Περιστέρι, Αθήνα - Δυτικά Προάστια",,,https://www.remax.gr/assets/media/properties/medium/391908_405d46ce62b64732a7c3b2217cb3f5f7.jpeg?v=13924787,,,,,2026-10-02T08:27:42Z,391908,2026-10-02,103/pwliseis-agora-epaggelmatika
remax.gr,REMAX 361 Solutions,https://www.remax.gr/property/391925-polisi-oikopedo-gia-katoikia-paiania-diafora,"Οικόπεδο για κατοικία · Παιανία-Διάφορα · Παιανία, Αθήνα - Ανατολικά Προάστια",sale,,540000.0,1783.0,,,,"Παιανία-Διάφορα, Παιανία, Αθήνα - Ανατολικά Προάστια",,,https://www.remax.gr/assets/media/properties/medium/391925_17_6595075.jpeg?v=13909800,,,,,2026-10-02T08:27:42Z,391925,2026-10-02,104/pwliseis-agora-gi
remax.gr,REMAX Properties Investment,https://www.remax.gr/property/391968-polisi-monokatoikia-gerakas,Μονοκατοικία · Γέρακας · Αθήνα - Ανατολικά Προάστια,sale,,310000.0,105.0,2,Ισόγειο,,"Γέρακας, Αθήνα - Ανατολικά Προάστια",,,https://www.remax.gr/assets/media/properties/medium/391968_cdb7759b31cc4432b903921c510fec07.jpeg?v=14199624,,,,,2026-10-02T08:27:42Z,391968,2026-10-02,104/pwliseis-agora-katoikies
remax.gr,REMAX Homes,https://www.remax.gr/property/392008-polisi-diamerisma-gerakas,Διαμέρισμα · Γέρακας · Αθήνα - Ανατολικά Προάστια,sale,,340000.0,82.0,2,Ισόγειο,,"Γέρακας, Αθήνα - Ανατολικά Προάστια",,,https://www.remax.gr/assets/media/properties/medium/392008_3219aaeca2834e198d99ce0b86eed82b.png?v=13921547,,,,,2026-10-02T08:27:42Z,392008,2026-10-02,104/pwliseis-agora-katoikies
remax.gr,REMAX Homes,https://www.remax.gr/property/392011-polisi-mezoneta-gerakas,Μεζονέτα · Γέρακας · Αθήνα - Ανατολικά Προάστια,sale,,390000.0,93.0,2,Ισόγειο,,"Γέρακας, Αθήνα - Ανατολικά Προάστια",,,https://www.remax.gr/assets/media/properties/medium/392011_d0dd5f1c2ec043aca12ceb9d2b2a8f44.png?v=13921600,,,,,2026-10-02T08:27:42Z,392011,2026-10-02,104/pwliseis-agora-katoikies
remax.gr,REMAX Homes,https://www.remax.gr/property/392013-polisi-epaggelmatiko-ktirio-foyresi,"Eπαγγελματικό Kτήριο · Φούρεσι · Γλυκά Νερά, Αθήνα - Ανατολικά Προάστια",sale,,650000.0,270.0,4,Ισόγειο,,"Φούρεσι, Γλυκά Νερά, Αθήνα - Ανατολικά Προάστια",,,https://www.remax.gr/assets/media/properties/medium/392013_bf47456646234072b524514cb98efd7d.png?v=13921604,,,,,2026-10-02T08:27:42Z,392013,2026-10-02,104/pwliseis-agora-epaggelmatika
remax.gr,REMAX Real Advisor,https://www.remax.gr/property/392039-enoikiasi-katastima-axarnes,Κατάστημα · Αχαρνές · Αθήνα - Δυτικά Προάστια,rent,,2500.0,320.0,3,Ισόγειο,,"Αχαρνές, Αθήνα - Δυτικά Προάστια",,,https://www.remax.gr/assets/media/properties/medium/392039_4edd9df7f6d6485b95f3db21680926bb.jpeg?v=13978361,,,,,2026-10-02T08:27:42Z,392039,2026-10-02,103/enoikiaseis-epaggelmatika
remax.gr,REMAX Ergon,https://www.remax.gr/property/392052-polisi-agrotemachio-agia-triada,"Αγροτεμάχιο · Αγία Τριάδα · Παιανία, Αθήνα - Ανατολικά Προάστια",sale,,750000.0,19000.0,,,,"Αγία Τριάδα, Παιανία, Αθήνα - Ανατολικά Προάστια",,,https://www.remax.gr/assets/media/properties/medium/392052_e18f1cc673ef4597449eb77a21dca96e.jpeg?v=13922179,,,,,2026-10-02T08:27:42Z,392052,2026-10-02,104/pwliseis-agora-gi
remax.gr,REMAX En Oiko,https://www.remax.gr/property/392058-polisi-epaggelmatiko-ktirio-paiania,Eπαγγελματικό Kτήριο · Παιανία · Αθήνα - Ανατολικά Προάστια,sale,,2100000.0,1070.0,,Ισόγειο,,"Παιανία, Αθήνα - Ανατολικά Προάστια",,,https://www.remax.gr/assets/media/properties/medium/392058_9d27152280a34796b6175400c7ecaf19.jpeg?v=13922293,,,,,2026-10-02T08:27:42Z,392058,2026-10-02,104/pwliseis-agora-epaggelmatika
remax.gr,REMAX Evolution,https://www.remax.gr/property/392183-polisi-oikopedo-gia-katoikia-agios-dhmhtrios,"Οικόπεδο για κατοικία · Άγιος Δημήτριος · Κορωπί, Αθήνα - Ανατολικά Προάστια",sale,,320000.0,427.0,,,,"Άγιος Δημήτριος, Κορωπί, Αθήνα - Ανατολικά Προάστια",,,https://www.remax.gr/assets/media/properties/medium/392183_3496_12453279.jpeg?v=13941268,,,,,2026-10-02T08:27:42Z,392183,2026-10-02,104/pwliseis-agora-gi
remax.gr,REMAX 361 Solutions,https://www.remax.gr/property/392220-polisi-oikopedo-gia-katoikia-kentro,"Οικόπεδο για κατοικία · Κέντρο · Γέρακας, Αθήνα - Ανατολικά Προάστια",sale,,480000.0,432.0,,,,"Κέντρο, Γέρακας, Αθήνα - Ανατολικά Προάστια",,,https://www.remax.gr/assets/media/properties/medium/392220_16_6628280.jpeg?v=13942907,,,,,2026-10-02T08:27:42Z,392220,2026-10-02,104/pwliseis-agora-gi
remax.gr,REMAX Ergon,https://www.remax.gr/property/392303-enoikiasi-alla-epaggelmatika-nea-filadelfeia,Άλλα επαγγελματικά · Νέα Φιλαδέλφεια · Αθήνα - Δυτικά Προάστια,rent,,850.0,111.0,,Ισόγειο,,"Νέα Φιλαδέλφεια, Αθήνα - Δυτικά Προάστια",,,https://www.remax.gr/assets/media/properties/medium/392303_e6ff5560bc6801f8115941d5e2a210aa.jpeg?v=13945687,,,,,2026-10-02T08:27:42Z,392303,2026-10-02,103/enoikiaseis-epaggelmatika
remax.gr,REMAX Ergon,https://www.remax.gr/property/392304-polisi-ktirio--nea-iwnia,Κτήριο · Νέα Ιωνία · Αθήνα - Δυτικά Προάστια,sale,,1700000.0,1000.0,,Ισόγειο,,"Νέα Ιωνία, Αθήνα - Δυτικά Προάστια",,,https://www.remax.gr/assets/media/properties/medium/392304_8f93790a908ddf2cae540e8283edec31.jpeg?v=13945693,,,,,2026-10-02T08:27:42Z,392304,2026-10-02,103/pwliseis-agora-epaggelmatika
remax.gr,REMAX Properties Investment,https://www.remax.gr/property/392350-polisi-oikopedo-gia-katoikia-kentro,"Οικόπεδο για κατοικία · Κέντρο · Γλυκά Νερά, Αθήνα - Ανατολικά Προάστια",sale,,100000.0,201.0,,,,"Κέντρο, Γλυκά Νερά, Αθήνα - Ανατολικά Προάστια",,,https://www.remax.gr/assets/media/properties/medium/392350_29873172491447e98ac2753da781d1da.jpeg?v=14198312,,,,,2026-10-02T08:27:42Z,392350,2026-10-02,104/pwliseis-agora-gi
remax.gr,REMAX Properties Investment,https://www.remax.gr/property/392359-enoikiasi-mezoneta-glyka-nera,Μεζονέτα · Γλυκά Νερά · Αθήνα - Ανατολικά Προάστια,rent,,1100.0,120.0,3,,,"Γλυκά Νερά, Αθήνα - Ανατολικά Προάστια",,,https://www.remax.gr/assets/media/properties/medium/392359_4aa2b7d15d0e4f97b95e175343e23aea.jpeg?v=14200013,,,,,2026-10-02T08:27:42Z,392359,2026-10-02,104/enoikiaseis-katoikies
remax.gr,REMAX Evolution,https://www.remax.gr/property/392410-polisi-diamerisma-katw-soynio,"Διαμέρισμα · Κάτω Σούνιο · Λαύριο, Υπόλοιπο Αττικής",sale,,295000.0,80.0,2,2ος,,"Κάτω Σούνιο, Λαύριο, Υπόλοιπο Αττικής",,,https://www.remax.gr/assets/media/properties/medium/392410_3503_12481851.jpeg?v=13951182,,,,,2026-10-02T08:27:42Z,392410,2026-10-02,107/pwliseis-agora-katoikies
remax.gr,REMAX Real Advisor,https://www.remax.gr/property/392423-polisi-epaggelmatiko-ktirio-perissos,"Eπαγγελματικό Kτήριο · Περισσός · Νέα Ιωνία, Αθήνα - Δυτικά Προάστια",sale,,3200000.0,2500.0,,Ισόγειο,,"Περισσός, Νέα Ιωνία, Αθήνα - Δυτικά Προάστια",,,https://www.remax.gr/assets/media/properties/medium/392423_f1f091fbccc94ef591329d7d68ad3d1c.jpeg?v=13976729,,,,,2026-10-02T08:27:42Z,392423,2026-10-02,103/pwliseis-agora-epaggelmatika
remax.gr,REMAX Cosmos,https://www.remax.gr/property/392426-polisi-mezoneta-porto-rafth,"Μεζονέτα · Πόρτο Ράφτη · Μαρκόπουλο, Υπόλοιπο Αττικής",sale,,321000.0,107.0,3,Ισόγειο,,"Πόρτο Ράφτη, Μαρκόπουλο, Υπόλοιπο Αττικής",,,https://www.remax.gr/assets/media/properties/medium/392426_b85d60b422d04561a85d30bde8b264de.jpeg?v=14082027,,,,,2026-10-02T08:27:42Z,392426,2026-10-02,107/pwliseis-agora-katoikies
remax.gr,REMAX Abacus Properties,https://www.remax.gr/property/392437-enoikiasi-katastima-anthoypolh,"Κατάστημα · Ανθούπολη · Περιστέρι, Αθήνα - Δυτικά Προάστια",rent,,500.0,51.0,1,Ισόγειο,,"Ανθούπολη, Περιστέρι, Αθήνα - Δυτικά Προάστια",,,https://www.remax.gr/assets/media/properties/medium/392437_df7729d81ae740208991220203a52756.jpeg?v=14011457,,,,,2026-10-02T08:27:42Z,392437,2026-10-02,103/enoikiaseis-epaggelmatika
remax.gr,REMAX Evolution,https://www.remax.gr/property/392471-polisi-monokatoikia-agia-marina,"Μονοκατοικία · Αγία Μαρίνα · Κορωπί, Αθήνα - Ανατολικά Προάστια",sale,,680000.0,260.0,5,Ισόγειο,,"Αγία Μαρίνα, Κορωπί, Αθήνα - Ανατολικά Προάστια",,,https://www.remax.gr/assets/media/properties/medium/392471_3496_12469386.jpeg?v=14333216,,,,,2026-10-02T08:27:42Z,392471,2026-10-02,104/pwliseis-agora-katoikies
remax.gr,REMAX Central,https://www.remax.gr/property/392498-enoikiasi-katastima-peristeri,Κατάστημα · Περιστέρι · Αθήνα - Δυτικά Προάστια,rent,,2000.0,237.0,5,Ισόγειο,,"Περιστέρι, Αθήνα - Δυτικά Προάστια",,,https://www.remax.gr/assets/media/properties/medium/392498_ba44d5451c68466faa9bddc758eeda5c.jpeg?v=13953778,,,,,2026-10-02T08:27:42Z,392498,2026-10-02,103/enoikiaseis-epaggelmatika
remax.gr,REMAX Homes,https://www.remax.gr/property/392559-polisi-oikopedo-gia-katoikia-anthoysa,Οικόπεδο για κατοικία · Ανθούσα · Αθήνα - Ανατολικά Προάστια,sale,,170000.0,300.0,,,,"Ανθούσα, Αθήνα - Ανατολικά Προάστια",,,https://www.remax.gr/assets/media/properties/medium/392559_ac696d42f6b0453eae359ea8ea21d2cd.jpeg?v=13954898,,,,,2026-10-02T08:27:42Z,392559,2026-10-02,104/pwliseis-agora-gi
remax.gr,REMAX Central,https://www.remax.gr/property/392613-polisi-mezoneta-rafhna,Μεζονέτα · Ραφήνα · Υπόλοιπο Αττικής,sale,,165000.0,70.0,2,Ισόγειο,,"Ραφήνα, Υπόλοιπο Αττικής",,,https://www.remax.gr/assets/media/properties/medium/392613_cc70e623ea98457cbdbb5398c5f28787.jpeg?v=13956431,,,,,2026-10-02T08:27:42Z,392613,2026-10-02,107/pwliseis-agora-katoikies
remax.gr,REMAX 361 Solutions,https://www.remax.gr/property/392661-polisi-monokatoikia-neos-boytzas,"Μονοκατοικία · Νέος Βουτζάς · Νέα Μάκρη, Αθήνα - Ανατολικά Προάστια",sale,,1400000.0,415.0,5,2ος,,"Νέος Βουτζάς, Νέα Μάκρη, Αθήνα - Ανατολικά Προάστια",,,https://www.remax.gr/assets/media/properties/medium/392661_11_6548360.jpeg?v=13959056,,,,,2026-10-02T08:27:42Z,392661,2026-10-02,104/pwliseis-agora-katoikies
remax.gr,REMAX Fidelity Brokers,https://www.remax.gr/property/392799-polisi-mezoneta-kentro,"Μεζονέτα · Κέντρο · Γέρακας, Αθήνα - Ανατολικά Προάστια",sale,,440000.0,122.0,3,Ισόγειο,,"Κέντρο, Γέρακας, Αθήνα - Ανατολικά Προάστια",,,https://www.remax.gr/assets/media/properties/medium/392799_3958_5641838.jpeg?v=13961454,,,,,2026-10-02T08:27:42Z,392799,2026-10-02,104/pwliseis-agora-katoikies
remax.gr,REMAX Fidelity Brokers,https://www.remax.gr/property/392800-polisi-mezoneta-mpalana,"Μεζονέτα · Μπάλανα · Γέρακας, Αθήνα - Ανατολικά Προάστια",sale,,470000.0,127.0,3,1ος,,"Μπάλανα, Γέρακας, Αθήνα - Ανατολικά Προάστια",,,https://www.remax.gr/assets/media/properties/medium/392800_3958_56429607.jpeg?v=13961478,,,,,2026-10-02T08:27:42Z,392800,2026-10-02,104/pwliseis-agora-katoikies
remax.gr,REMAX Care,https://www.remax.gr/property/392809-polisi-monokatoikia-kentro,"Μονοκατοικία · Κέντρο · Μαρκόπουλο, Υπόλοιπο Αττικής",sale,,160000.0,75.0,1,Ισόγειο,,"Κέντρο, Μαρκόπουλο, Υπόλοιπο Αττικής",,,https://www.remax.gr/assets/media/properties/medium/392809_8_1768167.jpeg?v=13961783,,,,,2026-10-02T08:27:42Z,392809,2026-10-02,107/pwliseis-agora-katoikies
remax.gr,REMAX Homes,https://www.remax.gr/property/392867-polisi-oikopedo-gia-epaggelmatiki-chrisi-gerakas,Οικόπεδο για επαγγελματική χρήση · Γέρακας · Αθήνα - Ανατολικά Προάστια,sale,,260000.0,235.0,,,,"Γέρακας, Αθήνα - Ανατολικά Προάστια",,,https://www.remax.gr/assets/media/properties/medium/392867_620d09be1e6c4d2f8cacad7bd92a7b7f.jpeg?v=13963381,,,,,2026-10-02T08:27:42Z,392867,2026-10-02,104/pwliseis-agora-gi
remax.gr,REMAX Lysis,https://www.remax.gr/property/392875-enoikiasi-katastima-elaiwnas,"Κατάστημα · Ελαιώνας · Χαϊδάρι, Αθήνα - Δυτικά Προάστια",rent,,1100.0,150.0,1,Ισόγειο,,"Ελαιώνας, Χαϊδάρι, Αθήνα - Δυτικά Προάστια",,,https://www.remax.gr/assets/media/properties/medium/392875_47_44782536.jpeg?v=13963505,,,,,2026-10-02T08:27:42Z,392875,2026-10-02,103/enoikiaseis-epaggelmatika
remax.gr,REMAX Central,https://www.remax.gr/property/392914-enoikiasi-grafeio-peristeri,Γραφείο · Περιστέρι · Αθήνα - Δυτικά Προάστια,rent,,2300.0,120.0,5,1ος,,"Περιστέρι, Αθήνα - Δυτικά Προάστια",,,https://www.remax.gr/assets/media/properties/medium/392914_520b93584c094c618a9d87e4fc1280bc.png?v=13965131,,,,,2026-10-02T08:27:42Z,392914,2026-10-02,103/enoikiaseis-epaggelmatika
remax.gr,REMAX Fidelity Brokers,https://www.remax.gr/property/393074-polisi-diamerisma-desh,"Διαμέρισμα · Δέση · Γέρακας, Αθήνα - Ανατολικά Προάστια",sale,,255000.0,80.0,2,Ισόγειο,,"Δέση, Γέρακας, Αθήνα - Ανατολικά Προάστια",,,https://www.remax.gr/assets/media/properties/medium/393074_3958_57927649.jpeg?v=13968849,,,,,2026-10-02T08:27:42Z,393074,2026-10-02,104/pwliseis-agora-katoikies
remax.gr,REMAX Central,https://www.remax.gr/property/393079-polisi-biomichaniko-biotechniko-axarnes,Βιομηχανικό/Βιοτεχνικό · Αχαρνές · Αθήνα - Δυτικά Προάστια,sale,,4000000.0,2000.0,,,,"Αχαρνές, Αθήνα - Δυτικά Προάστια",,,https://www.remax.gr/assets/media/properties/medium/393079_f97085ac861941229d260b07445a9045.jpeg?v=13968971,,,,,2026-10-02T08:27:42Z,393079,2026-10-02,103/pwliseis-agora-epaggelmatika
remax.gr,REMAX 361 Solutions,https://www.remax.gr/property/393116-polisi-oikopedo-gia-katoikia-kentro,"Οικόπεδο για κατοικία · Κέντρο · Γλυκά Νερά, Αθήνα - Ανατολικά Προάστια",sale,,290000.0,560.0,,,,"Κέντρο, Γλυκά Νερά, Αθήνα - Ανατολικά Προάστια",,,https://www.remax.gr/assets/media/properties/medium/393116_10_6664150.jpeg?v=14183561,,,,,2026-10-02T08:27:42Z,393116,2026-10-02,104/pwliseis-agora-gi
remax.gr,REMAX Abacus Properties,https://www.remax.gr/property/393144-enoikiasi-katastima-elaiwnas,"Κατάστημα · Ελαιώνας · Χαϊδάρι, Αθήνα - Δυτικά Προάστια",rent,,700.0,51.0,1,Ισόγειο,,"Ελαιώνας, Χαϊδάρι, Αθήνα - Δυτικά Προάστια",,,https://www.remax.gr/assets/media/properties/medium/393144_1e7049befa1e4010ab09302081e4556d.jpeg?v=14316263,,,,,2026-10-02T08:27:42Z,393144,2026-10-02,103/enoikiaseis-epaggelmatika
remax.gr,REMAX Fidelity Brokers,https://www.remax.gr/property/393199-enoikiasi-grafeio-tsalaboyta,"Γραφείο · Τσαλαβούτα · Περιστέρι, Αθήνα - Δυτικά Προάστια",rent,,6800.0,600.0,,Ισόγειο,,"Τσαλαβούτα, Περιστέρι, Αθήνα - Δυτικά Προάστια",,,https://www.remax.gr/assets/media/properties/medium/393199_259_58922733.jpeg?v=13972066,,,,,2026-10-02T08:27:42Z,393199,2026-10-02,103/enoikiaseis-epaggelmatika
remax.gr,REMAX En Oiko,https://www.remax.gr/property/393261-polisi-epicheirisi-aigalew,Επιχείρηση · Αιγάλεω · Αθήνα - Δυτικά Προάστια,sale,,27000.0,98.0,4,Ισόγειο,,"Αιγάλεω, Αθήνα - Δυτικά Προάστια",,,https://www.remax.gr/assets/media/properties/medium/393261_9652ac0cb83243e2bcc8bee8afdfef8d.png?v=13973920,,,,,2026-10-02T08:27:42Z,393261,2026-10-02,103/pwliseis-agora-epaggelmatika
remax.gr,REMAX En Oiko,https://www.remax.gr/property/393280-polisi-monokatoikia-malakasa,Μονοκατοικία · Μαλακάσα · Υπόλοιπο Αττικής,sale,,215000.0,175.0,4,Ισόγειο,,"Μαλακάσα, Υπόλοιπο Αττικής",,,https://www.remax.gr/assets/media/properties/medium/393280_bf961db4ce194805b7b31559c46bfbe3.png?v=13975017,,,,,2026-10-02T08:27:42Z,393280,2026-10-02,107/pwliseis-agora-katoikies
remax.gr,REMAX Porto,https://www.remax.gr/property/393289-polisi-diamerisma-porto-rafth,"Διαμέρισμα · Πόρτο Ράφτη · Μαρκόπουλο, Υπόλοιπο Αττικής",sale,,350000.0,134.0,3,1ος,,"Πόρτο Ράφτη, Μαρκόπουλο, Υπόλοιπο Αττικής",,,https://www.remax.gr/assets/media/properties/medium/393289_3_9167762.jpeg?v=13975145,,,,,2026-10-02T08:27:42Z,393289,2026-10-02,107/pwliseis-agora-katoikies
remax.gr,REMAX Real Advisor,https://www.remax.gr/property/393296-polisi-oikopedo-gia-katoikia-ilion,Οικόπεδο για κατοικία · Ίλιον · Αθήνα - Δυτικά Προάστια,sale,,155000.0,227.0,,,,"Ίλιον, Αθήνα - Δυτικά Προάστια",,,https://www.remax.gr/assets/media/properties/medium/393296_76bffc4d21df4ebf95e32cb1457cbe77.jpeg?v=13975986,,,,,2026-10-02T08:27:42Z,393296,2026-10-02,103/pwliseis-agora-gi
remax.gr,REMAX Abacus Properties,https://www.remax.gr/property/393448-polisi-epaggelmatiko-ktirio-palataki,"Eπαγγελματικό Kτήριο · Παλατάκι · Χαϊδάρι, Αθήνα - Δυτικά Προάστια",sale,,1400000.0,1400.0,3,Ισόγειο,,"Παλατάκι, Χαϊδάρι, Αθήνα - Δυτικά Προάστια",,,https://www.remax.gr/assets/media/properties/medium/393448_img_ab445765_7e57_4a98_82a4_5a7230a02c43.jpeg?v=13987014,,,,,2026-10-02T08:27:42Z,393448,2026-10-02,103/pwliseis-agora-epaggelmatika
remax.gr,REMAX Elite,https://www.remax.gr/property/393456-polisi-oikopedo-gia-katoikia-sxinias,"Οικόπεδο για κατοικία · Σχινιάς · Μαραθώνας, Αθήνα - Ανατολικά Προάστια",sale,,180000.0,1068.0,,,,"Σχινιάς, Μαραθώνας, Αθήνα - Ανατολικά Προάστια",,,https://www.remax.gr/assets/media/properties/medium/393456_7d009f9181679ce78a2662a89be0e22c.jpeg?v=13987380,,,,,2026-10-02T08:27:42Z,393456,2026-10-02,104/pwliseis-agora-gi
remax.gr,REMAX Evolution,https://www.remax.gr/property/393462-polisi-monokatoikia-neos-koybaras,"Μονοκατοικία · Νέος Κουβαράς · Κουβαράς, Υπόλοιπο Αττικής",sale,,120000.0,151.0,,Ισόγειο,,"Νέος Κουβαράς, Κουβαράς, Υπόλοιπο Αττικής",,,https://www.remax.gr/assets/media/properties/medium/393462_3469_12526864.jpeg?v=13987646,,,,,2026-10-02T08:27:42Z,393462,2026-10-02,107/pwliseis-agora-katoikies
remax.gr,REMAX Evolution,https://www.remax.gr/property/393502-polisi-diamerisma-lagonhsi,"Διαμέρισμα · Λαγονήσι · Καλύβια Θορικού, Υπόλοιπο Αττικής",sale,,150000.0,42.0,1,Ισόγειο,,"Λαγονήσι, Καλύβια Θορικού, Υπόλοιπο Αττικής",,,https://www.remax.gr/assets/media/properties/medium/393502_3469_12538618.jpeg?v=13989813,,,,,2026-10-02T08:27:42Z,393502,2026-10-02,107/pwliseis-agora-katoikies
remax.gr,REMAX Evolution,https://www.remax.gr/property/393503-polisi-diamerisma-lagonhsi,"Διαμέρισμα · Λαγονήσι · Καλύβια Θορικού, Υπόλοιπο Αττικής",sale,,260000.0,70.0,2,1ος,,"Λαγονήσι, Καλύβια Θορικού, Υπόλοιπο Αττικής",,,https://www.remax.gr/assets/media/properties/medium/393503_3469_12538618.jpeg?v=13989818,,,,,2026-10-02T08:27:42Z,393503,2026-10-02,107/pwliseis-agora-katoikies
remax.gr,REMAX Evolution,https://www.remax.gr/property/393505-polisi-diamerisma-lagonhsi,"Διαμέρισμα · Λαγονήσι · Καλύβια Θορικού, Υπόλοιπο Αττικής",sale,,280000.0,70.0,2,1ος,,"Λαγονήσι, Καλύβια Θορικού, Υπόλοιπο Αττικής",,,https://www.remax.gr/assets/media/properties/medium/393505_3469_12538618.jpeg?v=13989824,,,,,2026-10-02T08:27:42Z,393505,2026-10-02,107/pwliseis-agora-katoikies
remax.gr,REMAX Evolution,https://www.remax.gr/property/393508-polisi-diamerisma-lagonhsi,"Διαμέρισμα · Λαγονήσι · Καλύβια Θορικού, Υπόλοιπο Αττικής",sale,,260000.0,72.0,2,1ος,,"Λαγονήσι, Καλύβια Θορικού, Υπόλοιπο Αττικής",,,https://www.remax.gr/assets/media/properties/medium/393508_3469_12538618.jpeg?v=13989839,,,,,2026-10-02T08:27:42Z,393508,2026-10-02,107/pwliseis-agora-katoikies
remax.gr,REMAX En Oiko,https://www.remax.gr/property/393510-enoikiasi-grafeio-nea-iwnia,Γραφείο · Νέα Ιωνία · Αθήνα - Δυτικά Προάστια,rent,,400.0,60.0,1,Ισόγειο,,"Νέα Ιωνία, Αθήνα - Δυτικά Προάστια",,,https://www.remax.gr/assets/media/properties/medium/393510_48e344034cc64219a74dfa37bb760ef8.png?v=13989855,,,,,2026-10-02T08:27:42Z,393510,2026-10-02,103/enoikiaseis-epaggelmatika
remax.gr,REMAX En Oiko,https://www.remax.gr/property/393512-enoikiasi-katastima-nea-iwnia,Κατάστημα · Νέα Ιωνία · Αθήνα - Δυτικά Προάστια,rent,,400.0,60.0,1,Ισόγειο,,"Νέα Ιωνία, Αθήνα - Δυτικά Προάστια",,,https://www.remax.gr/assets/media/properties/medium/393512_7e38aaa5488d4da4a1a9d53a6ac77e53.png?v=13989874,,,,,2026-10-02T08:27:42Z,393512,2026-10-02,103/enoikiaseis-epaggelmatika
remax.gr,REMAX Friends,https://www.remax.gr/property/393558-polisi-epaggelmatiko-ktirio-axarnes,Eπαγγελματικό Kτήριο · Αχαρνές · Αθήνα - Δυτικά Προάστια,sale,,700000.0,1100.0,,Ισόγειο,,"Αχαρνές, Αθήνα - Δυτικά Προάστια",,,https://www.remax.gr/assets/media/properties/medium/393558_45cae509e665438990240bd19b83dc8c.jpeg?v=14073169,,,,,2026-10-02T08:27:42Z,393558,2026-10-02,103/pwliseis-agora-epaggelmatika
remax.gr,REMAX Properties Investment,https://www.remax.gr/property/393581-polisi-monokatoikia-anoiksh,"Μονοκατοικία · Άνοιξη · Παιανία, Αθήνα - Ανατολικά Προάστια",sale,,660000.0,300.0,3,1ος,,"Άνοιξη, Παιανία, Αθήνα - Ανατολικά Προάστια",,,https://www.remax.gr/assets/media/properties/medium/393581_2ceef0af61cb443688c7abffb95160b1.jpeg?v=14200481,,,,,2026-10-02T08:27:42Z,393581,2026-10-02,104/pwliseis-agora-katoikies
remax.gr,REMAX Zed,https://www.remax.gr/property/393796-polisi-oikopedo-gia-katoikia-kentro,"Οικόπεδο για κατοικία · Κέντρο · Σπάτα, Αθήνα - Ανατολικά Προάστια",sale,,130000.0,423.0,,,,"Κέντρο, Σπάτα, Αθήνα - Ανατολικά Προάστια",,,https://www.remax.gr/assets/media/properties/medium/393796_25_2377483.jpeg?v=14018868,,,,,2026-10-02T08:27:42Z,393796,2026-10-02,104/pwliseis-agora-gi
remax.gr,REMAX 361 Solutions,https://www.remax.gr/property/393808-enoikiasi-oikopedo-gia-katoikia-kato-vakalopoulo,"Οικόπεδο για κατοικία · Κάτω Βακαλόπουλο · Παλλήνη, Αθήνα - Ανατολικά Προάστια",rent,,600.0,810.0,,,,"Κάτω Βακαλόπουλο, Παλλήνη, Αθήνα - Ανατολικά Προάστια",,,https://www.remax.gr/assets/media/properties/medium/393808_10_6833463.jpeg?v=14071805,,,,,2026-10-02T08:27:42Z,393808,2026-10-02,104/enoikiaseis-gi
remax.gr,REMAX Evolution,https://www.remax.gr/property/393864-polisi-mezoneta-kentro,"Μεζονέτα · Κέντρο · Λαύριο, Υπόλοιπο Αττικής",sale,,250000.0,117.0,3,2ος,,"Κέντρο, Λαύριο, Υπόλοιπο Αττικής",,,https://www.remax.gr/assets/media/properties/medium/393864_3503_12646301.jpeg?v=14020875,,,,,2026-10-02T08:27:42Z,393864,2026-10-02,107/pwliseis-agora-katoikies
remax.gr,REMAX Properties Investment,https://www.remax.gr/property/393877-polisi-oikopedo-gia-katoikia-sxinias,"Οικόπεδο για κατοικία · Σχινιάς · Μαραθώνας, Αθήνα - Ανατολικά Προάστια",sale,,2200000.0,9168.0,,,,"Σχινιάς, Μαραθώνας, Αθήνα - Ανατολικά Προάστια",,,https://www.remax.gr/assets/media/properties/medium/393877_57032585240a4a38a4ae1fae212fb13f.png?v=14194380,,,,,2026-10-02T08:27:42Z,393877,2026-10-02,104/pwliseis-agora-gi
remax.gr,REMAX Elite,https://www.remax.gr/property/393903-polisi-monokatoikia-pallhnh,Μονοκατοικία · Παλλήνη · Αθήνα - Ανατολικά Προάστια,sale,,350000.0,76.0,1,Ισόγειο,,"Παλλήνη, Αθήνα - Ανατολικά Προάστια",,,https://www.remax.gr/assets/media/properties/medium/393903_6ac50f0881976cfe86681c8ed0f361cb.jpeg?v=14130867,,,,,2026-10-02T08:27:42Z,393903,2026-10-02,104/pwliseis-agora-katoikies
remax.gr,REMAX 361 Solutions,https://www.remax.gr/property/393911-polisi-diamerisma-garghttos,"Διαμέρισμα · Γαργηττός · Γέρακας, Αθήνα - Ανατολικά Προάστια",sale,,385000.0,121.0,3,1ος,,"Γαργηττός, Γέρακας, Αθήνα - Ανατολικά Προάστια",,,https://www.remax.gr/assets/media/properties/medium/393911_16_6732605.jpeg?v=14022211,,,,,2026-10-02T08:27:42Z,393911,2026-10-02,104/pwliseis-agora-katoikies
remax.gr,REMAX Central,https://www.remax.gr/property/394094-polisi-oikopedo-gia-katoikia-axarnes,Οικόπεδο για κατοικία · Αχαρνές · Αθήνα - Δυτικά Προάστια,sale,,550000.0,1390.0,,,,"Αχαρνές, Αθήνα - Δυτικά Προάστια",,,https://www.remax.gr/assets/media/properties/medium/394094_f105fec9b20b463e83b3c9935c6d6e20.png?v=14027990,,,,,2026-10-02T08:27:42Z,394094,2026-10-02,103/pwliseis-agora-gi
remax.gr,REMAX Lysis,https://www.remax.gr/property/394107-polisi-epaggelmatiko-ktirio-kentro-palaio-menidi,"Eπαγγελματικό Kτήριο · Κέντρο Παλαιό Μενίδι · Αχαρνές, Αθήνα - Δυτικά Προάστια",sale,,1150000.0,2380.0,5,Ισόγειο,,"Κέντρο Παλαιό Μενίδι, Αχαρνές, Αθήνα - Δυτικά Προάστια",,,https://www.remax.gr/assets/media/properties/medium/394107_1_45262787.jpeg?v=14028372,,,,,2026-10-02T08:27:42Z,394107,2026-10-02,103/pwliseis-agora-epaggelmatika
remax.gr,REMAX Zed,https://www.remax.gr/property/394207-enoikiasi-oikopedo-gia-katoikia-olympiako-xwrio,"Οικόπεδο για κατοικία · Ολυμπιακό Χωριό · Αχαρνές, Αθήνα - Δυτικά Προάστια",rent,,3000.0,3000.0,,,,"Ολυμπιακό Χωριό, Αχαρνές, Αθήνα - Δυτικά Προάστια",,,https://www.remax.gr/assets/media/properties/medium/394207_12_30855050.jpeg?v=14031292,,,,,2026-10-02T08:27:42Z,394207,2026-10-02,103/enoikiaseis-gi
remax.gr,REMAX Zed,https://www.remax.gr/property/394237-polisi-monokatoikia-profhths-hlias,"Μονοκατοικία · Προφήτης Ηλίας · Βίλια, Υπόλοιπο Αττικής",sale,,320000.0,305.0,4,Ισόγειο,,"Προφήτης Ηλίας, Βίλια, Υπόλοιπο Αττικής",,,https://www.remax.gr/assets/media/properties/medium/394237_12_31115380.jpeg?v=14032693,,,,,2026-10-02T08:27:42Z,394237,2026-10-02,107/pwliseis-agora-katoikies
remax.gr,REMAX Properties Investment,https://www.remax.gr/property/394278-polisi-diamerisma-gerakas,Διαμέρισμα · Γέρακας · Αθήνα - Ανατολικά Προάστια,sale,,450250.0,138.0,3,2ος,,"Γέρακας, Αθήνα - Ανατολικά Προάστια",,,https://www.remax.gr/assets/media/properties/medium/394278_img_5d17c818_2dbd_41ae_8a08_c3ab80a00ae3.jpeg?v=14196517,,,,,2026-10-02T08:27:42Z,394278,2026-10-02,104/pwliseis-agora-katoikies
remax.gr,REMAX Abacus Properties,https://www.remax.gr/property/394294-polisi-epicheirisi-axarnes,Επιχείρηση · Αχαρνές · Αθήνα - Δυτικά Προάστια,sale,,45000.0,60.0,3,Ισόγειο,,"Αχαρνές, Αθήνα - Δυτικά Προάστια",,,https://www.remax.gr/assets/media/properties/medium/394294_eabfaea9d572479b9749d6c290710973.jpeg?v=14035573,,,,,2026-10-02T08:27:42Z,394294,2026-10-02,103/pwliseis-agora-epaggelmatika
remax.gr,REMAX Properties Investment,https://www.remax.gr/property/394305-polisi-oikopedo-gia-katoikia-glyka-nera,Οικόπεδο για κατοικία · Γλυκά Νερά · Αθήνα - Ανατολικά Προάστια,sale,,215000.0,428.0,,,,"Γλυκά Νερά, Αθήνα - Ανατολικά Προάστια",,,https://www.remax.gr/assets/media/properties/medium/394305_8c16f698e3114067a5dbdd7b3ea18b13.jpeg?v=14199678,,,,,2026-10-02T08:27:42Z,394305,2026-10-02,104/pwliseis-agora-gi
remax.gr,REMAX 361 Solutions,https://www.remax.gr/property/394340-polisi-oikopedo-gia-katoikia-anoiksh,"Οικόπεδο για κατοικία · Άνοιξη · Παιανία, Αθήνα - Ανατολικά Προάστια",sale,,535500.0,1518.0,,,,"Άνοιξη, Παιανία, Αθήνα - Ανατολικά Προάστια",,,https://www.remax.gr/assets/media/properties/medium/394340_18_6296488.jpeg?v=14036489,,,,,2026-10-02T08:27:42Z,394340,2026-10-02,104/pwliseis-agora-gi
remax.gr,REMAX 361 Solutions,https://www.remax.gr/property/394341-polisi-oikopedo-gia-katoikia-paiania-diafora,"Οικόπεδο για κατοικία · Παιανία-Διάφορα · Παιανία, Αθήνα - Ανατολικά Προάστια",sale,,267000.0,759.0,,,,"Παιανία-Διάφορα, Παιανία, Αθήνα - Ανατολικά Προάστια",,,https://www.remax.gr/assets/media/properties/medium/394341_18_6301068.jpeg?v=14036493,,,,,2026-10-02T08:27:42Z,394341,2026-10-02,104/pwliseis-agora-gi
remax.gr,REMAX Zed,https://www.remax.gr/property/394423-enoikiasi-katastima-kentro,"Κατάστημα · Κέντρο · Παλλήνη, Αθήνα - Ανατολικά Προάστια",rent,,400.0,40.0,,Υπόγειο,,"Κέντρο, Παλλήνη, Αθήνα - Ανατολικά Προάστια",,,https://www.remax.gr/assets/media/properties/medium/394423_14_30409653.jpeg?v=14038347,,,,,2026-10-02T08:27:42Z,394423,2026-10-02,104/enoikiaseis-epaggelmatika
remax.gr,REMAX Zed,https://www.remax.gr/property/394424-enoikiasi-katastima-kentro,"Κατάστημα · Κέντρο · Παλλήνη, Αθήνα - Ανατολικά Προάστια",rent,,500.0,60.0,1,Ισόγειο,,"Κέντρο, Παλλήνη, Αθήνα - Ανατολικά Προάστια",,,https://www.remax.gr/assets/media/properties/medium/394424_14_30416507.jpeg?v=14038355,,,,,2026-10-02T08:27:42Z,394424,2026-10-02,104/enoikiaseis-epaggelmatika
remax.gr,REMAX Central,https://www.remax.gr/property/394498-polisi-diamerisma-mati,"Διαμέρισμα · Μάτι · Νέα Μάκρη, Αθήνα - Ανατολικά Προάστια",sale,,335000.0,105.0,2,2ος,,"Μάτι, Νέα Μάκρη, Αθήνα - Ανατολικά Προάστια",,,https://www.remax.gr/assets/media/properties/medium/394498_34c0d59277d0457694e472cd7a9c5f40.jpeg?v=14040624,,,,,2026-10-02T08:27:42Z,394498,2026-10-02,104/pwliseis-agora-katoikies
remax.gr,REMAX Properties Investment 5,https://www.remax.gr/property/394508-polisi-oikopedo-gia-katoikia-parko-antwnh-tritsh,"Οικόπεδο για κατοικία · Πάρκο Αντώνη Τρίτση · Ίλιον, Αθήνα - Δυτικά Προάστια",sale,,300000.0,395.0,,,,"Πάρκο Αντώνη Τρίτση, Ίλιον, Αθήνα - Δυτικά Προάστια",,,https://www.remax.gr/assets/media/properties/medium/394508_9b1b866d7a134c0eb5946ab638e7b3af.jpeg?v=14187209,,,,,2026-10-02T08:27:42Z,394508,2026-10-02,103/pwliseis-agora-gi
remax.gr,REMAX Real Advisor,https://www.remax.gr/property/394625-enoikiasi-epaggelmatiko-ktirio-nea-xalkhdona,Eπαγγελματικό Kτήριο · Νέα Χαλκηδόνα · Αθήνα - Δυτικά Προάστια,rent,,7500.0,560.0,,,,"Νέα Χαλκηδόνα, Αθήνα - Δυτικά Προάστια",,,https://www.remax.gr/assets/media/properties/medium/394625_4738c8cdbcb949dd97853eb16d069478.png?v=14044122,,,,,2026-10-02T08:27:42Z,394625,2026-10-02,103/enoikiaseis-epaggelmatika
remax.gr,REMAX Real Advisor,https://www.remax.gr/property/394660-enoikiasi-katastima-kentro,"Κατάστημα · Κέντρο · Νέα Ιωνία, Αθήνα - Δυτικά Προάστια",rent,,1300.0,130.0,2,Ισόγειο,,"Κέντρο, Νέα Ιωνία, Αθήνα - Δυτικά Προάστια",,,https://www.remax.gr/assets/media/properties/medium/394660_img_f67e9900_c45d_4cbb_9686_beea66ca15a3.jpeg?v=14045519,,,,,2026-10-02T08:27:42Z,394660,2026-10-02,103/enoikiaseis-epaggelmatika
remax.gr,REMAX En Oiko,https://www.remax.gr/property/394677-enoikiasi-grafeio-pallhnh,Γραφείο · Παλλήνη · Αθήνα - Ανατολικά Προάστια,rent,,4200.0,700.0,2,Ημιόροφος,,"Παλλήνη, Αθήνα - Ανατολικά Προάστια",,,https://www.remax.gr/assets/media/properties/medium/394677_b37158a6b8d54570881aa964f52fb176.jpeg?v=14046702,,,,,2026-10-02T08:27:42Z,394677,2026-10-02,104/enoikiaseis-epaggelmatika
remax.gr,REMAX Lysis,https://www.remax.gr/property/394686-polisi-monokatoikia-panorama,"Μονοκατοικία · Πανόραμα · Παλλήνη, Αθήνα - Ανατολικά Προάστια",sale,,620000.0,380.0,4,1ος,,"Πανόραμα, Παλλήνη, Αθήνα - Ανατολικά Προάστια",,,https://www.remax.gr/assets/media/properties/medium/394686_39_45551729.jpeg?v=14046824,,,,,2026-10-02T08:27:42Z,394686,2026-10-02,104/pwliseis-agora-katoikies
remax.gr,REMAX Real Advisor,https://www.remax.gr/property/394697-enoikiasi-katastima-kentro,"Κατάστημα · Κέντρο · Νέα Ιωνία, Αθήνα - Δυτικά Προάστια",rent,,1100.0,125.0,3,Ισόγειο,,"Κέντρο, Νέα Ιωνία, Αθήνα - Δυτικά Προάστια",,,https://www.remax.gr/assets/media/properties/medium/394697_54b05eeea7bb4462a979e1bbb304d304.jpeg?v=14047003,,,,,2026-10-02T08:27:42Z,394697,2026-10-02,103/enoikiaseis-epaggelmatika
remax.gr,REMAX Properties Investment,https://www.remax.gr/property/394704-polisi-apothiki-palatianh,"Αποθήκη · Παλατιανή · Ίλιον, Αθήνα - Δυτικά Προάστια",sale,,140000.0,170.0,1,Ημιυπόγειο,,"Παλατιανή, Ίλιον, Αθήνα - Δυτικά Προάστια",,,https://www.remax.gr/assets/media/properties/medium/394704_f40f6c9202d5c572197b2786a2379dc9.png?v=14047631,,,,,2026-10-02T08:27:42Z,394704,2026-10-02,103/pwliseis-agora-epaggelmatika
remax.gr,REMAX Central,https://www.remax.gr/property/394755-polisi-monokatoikia-nea-makrh,Μονοκατοικία · Νέα Μάκρη · Αθήνα - Ανατολικά Προάστια,sale,,550000.0,323.0,5,,,"Νέα Μάκρη, Αθήνα - Ανατολικά Προάστια",,,https://www.remax.gr/assets/media/properties/medium/394755_26f03bd0bda64989bb84a33c8a94249e.jpeg?v=14048462,,,,,2026-10-02T08:27:42Z,394755,2026-10-02,104/pwliseis-agora-katoikies
remax.gr,REMAX Central,https://www.remax.gr/property/394767-polisi-diamerisma-rafhna,Διαμέρισμα · Ραφήνα · Υπόλοιπο Αττικής,sale,,365000.0,101.0,3,1ος,,"Ραφήνα, Υπόλοιπο Αττικής",,,https://www.remax.gr/assets/media/properties/medium/394767_5acf108d34ed47cb86e4dcabaf4a1ad2.jpeg?v=14048852,,,,,2026-10-02T08:27:42Z,394767,2026-10-02,107/pwliseis-agora-katoikies
remax.gr,REMAX Properties Investment,https://www.remax.gr/property/394781-polisi-diamerisma-pallhnh,Διαμέρισμα · Παλλήνη · Αθήνα - Ανατολικά Προάστια,sale,,230000.0,65.0,2,4ος,,"Παλλήνη, Αθήνα - Ανατολικά Προάστια",,,https://www.remax.gr/assets/media/properties/medium/394781_ade9a844be93461f9e15ce2a4e98e2b6.jpeg?v=14159509,,,,,2026-10-02T08:27:42Z,394781,2026-10-02,104/pwliseis-agora-katoikies
remax.gr,REMAX Central,https://www.remax.gr/property/394807-polisi-oikopedo-gia-katoikia-kokkinos-mylos,"Οικόπεδο για κατοικία · Κόκκινος Μύλος · Νέα Φιλαδέλφεια, Αθήνα - Δυτικά Προάστια",sale,,880000.0,780.0,,,,"Κόκκινος Μύλος, Νέα Φιλαδέλφεια, Αθήνα - Δυτικά Προάστια",,,https://www.remax.gr/assets/media/properties/medium/394807_60b3343c57c94aa99da7996abe158cdd.png?v=14049760,,,,,2026-10-02T08:27:42Z,394807,2026-10-02,103/pwliseis-agora-gi
remax.gr,REMAX Ergon,https://www.remax.gr/property/394871-polisi-diamerisma-garghttos,"Διαμέρισμα · Γαργηττός · Γέρακας, Αθήνα - Ανατολικά Προάστια",sale,,490000.0,130.0,3,1ος,,"Γαργηττός, Γέρακας, Αθήνα - Ανατολικά Προάστια",,,https://www.remax.gr/assets/media/properties/medium/394871_b78483e6ca02e4f2cab1b3c956536947.jpeg?v=14253777,,,,,2026-10-02T08:27:42Z,394871,2026-10-02,104/pwliseis-agora-katoikies
remax.gr,REMAX Properties Investment,https://www.remax.gr/property/394873-polisi-monokatoikia-kentro,"Μονοκατοικία · Κέντρο · Παλλήνη, Αθήνα - Ανατολικά Προάστια",sale,,1000000.0,383.0,5,,,"Κέντρο, Παλλήνη, Αθήνα - Ανατολικά Προάστια",,,https://www.remax.gr/assets/media/properties/medium/394873_e60b3acbf9d84c4e93350c2b37c9cc74.png?v=14194633,,,,,2026-10-02T08:27:42Z,394873,2026-10-02,104/pwliseis-agora-katoikies
remax.gr,REMAX Real Advisor,https://www.remax.gr/property/394937-polisi-oikopedo-gia-katoikia-8rakomakedones,"Οικόπεδο για κατοικία · Θρακομακεδόνες · Αχαρνές, Αθήνα - Δυτικά Προάστια",sale,,280000.0,1035.0,,,,"Θρακομακεδόνες, Αχαρνές, Αθήνα - Δυτικά Προάστια",,,https://www.remax.gr/assets/media/properties/medium/394937_1fa5b6e2a1c649ca94a3e513128bb4ce.png?v=14227887,,,,,2026-10-02T08:27:42Z,394937,2026-10-02,103/pwliseis-agora-gi
remax.gr,REMAX Central,https://www.remax.gr/property/394946-polisi-epaggelmatiko-ktirio-perissos,"Eπαγγελματικό Kτήριο · Περισσός · Νέα Ιωνία, Αθήνα - Δυτικά Προάστια",sale,,4500000.0,4436.0,,Ισόγειο,,"Περισσός, Νέα Ιωνία, Αθήνα - Δυτικά Προάστια",,,https://www.remax.gr/assets/media/properties/medium/394946_c613313d9d454aa484daffd0118cfc7a.jpeg?v=14061996,,,,,2026-10-02T08:27:42Z,394946,2026-10-02,103/pwliseis-agora-epaggelmatika
remax.gr,REMAX Properties Investment,https://www.remax.gr/property/395058-polisi-mezoneta-nea-makrh,Μεζονέτα · Νέα Μάκρη · Αθήνα - Ανατολικά Προάστια,sale,,396000.0,113.0,4,1ος,,"Νέα Μάκρη, Αθήνα - Ανατολικά Προάστια",,,https://www.remax.gr/assets/media/properties/medium/395058_0e6d921a240d488dbb04d441327e32d5.jpeg?v=14159201,,,,,2026-10-02T08:27:42Z,395058,2026-10-02,104/pwliseis-agora-katoikies
remax.gr,REMAX Properties Investment,https://www.remax.gr/property/395065-polisi-diamerisma-stayros-geraka,"Διαμέρισμα · Σταυρός Γέρακα · Γέρακας, Αθήνα - Ανατολικά Προάστια",sale,,190000.0,50.0,1,Ισόγειο,,"Σταυρός Γέρακα, Γέρακας, Αθήνα - Ανατολικά Προάστια",,,https://www.remax.gr/assets/media/properties/medium/395065_2ab9314028d34dde90fdfcb8adbe89ce.png?v=14281409,,,,,2026-10-02T08:27:42Z,395065,2026-10-02,104/pwliseis-agora-katoikies
remax.gr,REMAX Fidelity Brokers,https://www.remax.gr/property/395112-polisi-oikopedo-gia-katoikia-kentro,"Οικόπεδο για κατοικία · Κέντρο · Γλυκά Νερά, Αθήνα - Ανατολικά Προάστια",sale,,210000.0,293.0,,,,"Κέντρο, Γλυκά Νερά, Αθήνα - Ανατολικά Προάστια",,,https://www.remax.gr/assets/media/properties/medium/395112_3893_59797228.jpeg?v=14067763,,,,,2026-10-02T08:27:42Z,395112,2026-10-02,104/pwliseis-agora-gi
remax.gr,REMAX Premium,https://www.remax.gr/property/395165-enoikiasi-katastima-kentro,"Κατάστημα · Κέντρο · Περιστέρι, Αθήνα - Δυτικά Προάστια",rent,,2500.0,239.0,6,Ισόγειο,,"Κέντρο, Περιστέρι, Αθήνα - Δυτικά Προάστια",,,https://www.remax.gr/assets/media/properties/medium/395165_6806313c21ed43c78c9d35a1886f17ff.jpeg?v=14069236,,,,,2026-10-02T08:27:42Z,395165,2026-10-02,103/enoikiaseis-epaggelmatika
remax.gr,REMAX En Oiko,https://www.remax.gr/property/395254-polisi-epaggelmatiko-ktirio-lamprinh,"Eπαγγελματικό Kτήριο · Λαμπρινή · Γαλάτσι, Αθήνα - Δυτικά Προάστια",sale,,390000.0,273.0,,Ισόγειο,,"Λαμπρινή, Γαλάτσι, Αθήνα - Δυτικά Προάστια",,,https://www.remax.gr/assets/media/properties/medium/395254_img_f719aa78_3fc8_4cdd_94b6_de0f14e5b43c.jpeg?v=14071695,,,,,2026-10-02T08:27:42Z,395254,2026-10-02,103/pwliseis-agora-epaggelmatika
remax.gr,REMAX Properties Investment,https://www.remax.gr/property/395307-polisi-monokatoikia-porto-rafth,"Μονοκατοικία · Πόρτο Ράφτη · Μαρκόπουλο, Υπόλοιπο Αττικής",sale,,190000.0,110.0,2,Ισόγειο,,"Πόρτο Ράφτη, Μαρκόπουλο, Υπόλοιπο Αττικής",,,https://www.remax.gr/assets/media/properties/medium/395307_e3f92085edcb425faeb69b53ece3b6d7.jpeg?v=14334760,,,,,2026-10-02T08:27:42Z,395307,2026-10-02,107/pwliseis-agora-katoikies
remax.gr,REMAX Properties Investment,https://www.remax.gr/property/395362-polisi-diamerisma-kineta,"Διαμέρισμα · Κινέτα · Μέγαρα, Υπόλοιπο Αττικής",sale,,265000.0,88.0,3,4ος,,"Κινέτα, Μέγαρα, Υπόλοιπο Αττικής",,,https://www.remax.gr/assets/media/properties/medium/395362_6210ce5c13d643faac1dc31f5a33a60d.jpeg?v=14194988,,,,,2026-10-02T08:27:42Z,395362,2026-10-02,107/pwliseis-agora-katoikies
remax.gr,REMAX En Oiko,https://www.remax.gr/property/395377-polisi-oikopedo-gia-katoikia-dikastika,"Οικόπεδο για κατοικία · Δικαστικά · Μαραθώνας, Αθήνα - Ανατολικά Προάστια",sale,,65000.0,714.0,,,,"Δικαστικά, Μαραθώνας, Αθήνα - Ανατολικά Προάστια",,,https://www.remax.gr/assets/media/properties/medium/395377_img_ad492e4d_8fa7_42d3_80af_b28e391e4434.jpeg?v=14076366,,,,,2026-10-02T08:27:42Z,395377,2026-10-02,104/pwliseis-agora-gi
remax.gr,REMAX En Oiko,https://www.remax.gr/property/395380-polisi-monokatoikia-kallitexnoypolh,"Μονοκατοικία · Καλλιτεχνούπολη · Ραφήνα, Υπόλοιπο Αττικής",sale,,400000.0,550.0,,Ισόγειο,,"Καλλιτεχνούπολη, Ραφήνα, Υπόλοιπο Αττικής",,,https://www.remax.gr/assets/media/properties/medium/395380_img_cdd3a7bc_9e08_4271_8788_b85a4c75ee5b.jpeg?v=14076407,,,,,2026-10-02T08:27:42Z,395380,2026-10-02,107/pwliseis-agora-katoikies
remax.gr,REMAX Properties Investment,https://www.remax.gr/property/395464-polisi-epaggelmatiko-ktirio-kentro,"Eπαγγελματικό Kτήριο · Κέντρο · Περιστέρι, Αθήνα - Δυτικά Προάστια",sale,,660000.0,379.0,,Ισόγειο,,"Κέντρο, Περιστέρι, Αθήνα - Δυτικά Προάστια",,,https://www.remax.gr/assets/media/properties/medium/395464_4c27771af12143d48e14bd8d319d9bdb.jpeg?v=14194905,,,,,2026-10-02T08:27:42Z,395464,2026-10-02,103/pwliseis-agora-epaggelmatika
remax.gr,REMAX Properties Investment,https://www.remax.gr/property/395472-polisi-diamerisma-kentro,"Διαμέρισμα · Κέντρο · Αρτέμιδα (Λούτσα), Αθήνα - Ανατολικά Προάστια",sale,,140000.0,83.0,2,Ισόγειο,,"Κέντρο, Αρτέμιδα (Λούτσα), Αθήνα - Ανατολικά Προάστια",,,https://www.remax.gr/assets/media/properties/medium/395472_c14cceb5c3ed425489436047494c22ab.jpeg?v=14347048,,,,,2026-10-02T08:27:42Z,395472,2026-10-02,104/pwliseis-agora-katoikies
remax.gr,REMAX Real Advisor,https://www.remax.gr/property/395506-enoikiasi-katastima-agioi-anargyroi,"Κατάστημα · Άγιοι Ανάργυροι · Νέα Ιωνία, Αθήνα - Δυτικά Προάστια",rent,,1500.0,101.0,1,Ισόγειο,,"Άγιοι Ανάργυροι, Νέα Ιωνία, Αθήνα - Δυτικά Προάστια",,,https://www.remax.gr/assets/media/properties/medium/395506_5cad47ddb9a246b38e490917c4c83a14.jpeg?v=14083753,,,,,2026-10-02T08:27:42Z,395506,2026-10-02,103/enoikiaseis-epaggelmatika
remax.gr,REMAX Properties Investment,https://www.remax.gr/property/395653-enoikiasi-diamerisma-kentro,"Διαμέρισμα · Κέντρο · Νέα Χαλκηδόνα, Αθήνα - Δυτικά Προάστια",rent,,700.0,79.0,2,3ος,,"Κέντρο, Νέα Χαλκηδόνα, Αθήνα - Δυτικά Προάστια",,,https://www.remax.gr/assets/media/properties/medium/395653_283fda6dfcf996a4e5a3a0e08b5b3a23.jpeg?v=14148979,,,,,2026-10-02T08:27:42Z,395653,2026-10-02,103/enoikiaseis-katoikies
remax.gr,REMAX En Oiko,https://www.remax.gr/property/395765-polisi-katastima-gerakas,Κατάστημα · Γέρακας · Αθήνα - Ανατολικά Προάστια,sale,,1120000.0,528.0,2,,,"Γέρακας, Αθήνα - Ανατολικά Προάστια",,,https://www.remax.gr/assets/media/properties/medium/395765_921c6ada5a8846aea7d4c6e5a3f8cd24.png?v=14107090,,,,,2026-10-02T08:27:42Z,395765,2026-10-02,104/pwliseis-agora-epaggelmatika
remax.gr,REMAX 361 Solutions,https://www.remax.gr/property/395820-enoikiasi-grafeio-kentro,"Γραφείο · Κέντρο · Γέρακας, Αθήνα - Ανατολικά Προάστια",rent,,3400.0,450.0,11,Ισόγειο,,"Κέντρο, Γέρακας, Αθήνα - Ανατολικά Προάστια",,,https://www.remax.gr/assets/media/properties/medium/395820_10_7175774.jpeg?v=14112205,,,,,2026-10-02T08:27:42Z,395820,2026-10-02,104/enoikiaseis-epaggelmatika
remax.gr,REMAX Elite,https://www.remax.gr/property/395849-polisi-grafeio-pallhnh,Γραφείο · Παλλήνη · Αθήνα - Ανατολικά Προάστια,sale,,170000.0,70.0,,Ισόγειο,,"Παλλήνη, Αθήνα - Ανατολικά Προάστια",,,https://www.remax.gr/assets/media/properties/medium/395849_45b679013c181a58b22e50757e7ee14f.jpeg?v=14210495,,,,,2026-10-02T08:27:42Z,395849,2026-10-02,104/pwliseis-agora-epaggelmatika
remax.gr,REMAX Porto,https://www.remax.gr/property/395859-polisi-diamerisma-kentro,"Διαμέρισμα · Κέντρο · Αρτέμιδα (Λούτσα), Αθήνα - Ανατολικά Προάστια",sale,,320000.0,41.0,1,3ος,,"Κέντρο, Αρτέμιδα (Λούτσα), Αθήνα - Ανατολικά Προάστια",,,https://www.remax.gr/assets/media/properties/medium/395859_2_1076307.jpeg?v=14113620,,,,,2026-10-02T08:27:42Z,395859,2026-10-02,104/pwliseis-agora-katoikies
remax.gr,REMAX Porto,https://www.remax.gr/property/395863-polisi-diamerisma-kentro,"Διαμέρισμα · Κέντρο · Αρτέμιδα (Λούτσα), Αθήνα - Ανατολικά Προάστια",sale,,250000.0,50.0,1,Ισόγειο,,"Κέντρο, Αρτέμιδα (Λούτσα), Αθήνα - Ανατολικά Προάστια",,,https://www.remax.gr/assets/media/properties/medium/395863_2_10514704.jpeg?v=14113957,,,,,2026-10-02T08:27:42Z,395863,2026-10-02,104/pwliseis-agora-katoikies
remax.gr,REMAX Optimum,https://www.remax.gr/property/395864-polisi-monokatoikia-kentro,"Μονοκατοικία · Κέντρο · Παιανία, Αθήνα - Ανατολικά Προάστια",sale,,320000.0,150.0,3,Ισόγειο,,"Κέντρο, Παιανία, Αθήνα - Ανατολικά Προάστια",,,https://www.remax.gr/assets/media/properties/medium/395864_6a16f233c3e751779888691.jpeg?v=14113735,,,,,2026-10-02T08:27:42Z,395864,2026-10-02,104/pwliseis-agora-katoikies
remax.gr,REMAX Porto,https://www.remax.gr/property/395866-polisi-diamerisma-kentro,"Διαμέρισμα · Κέντρο · Αρτέμιδα (Λούτσα), Αθήνα - Ανατολικά Προάστια",sale,,287000.0,52.0,2,1ος,,"Κέντρο, Αρτέμιδα (Λούτσα), Αθήνα - Ανατολικά Προάστια",,,https://www.remax.gr/assets/media/properties/medium/395866_2_10744484.jpeg?v=14113777,,,,,2026-10-02T08:27:42Z,395866,2026-10-02,104/pwliseis-agora-katoikies
remax.gr,REMAX Porto,https://www.remax.gr/property/395868-polisi-diamerisma-kentro,"Διαμέρισμα · Κέντρο · Αρτέμιδα (Λούτσα), Αθήνα - Ανατολικά Προάστια",sale,,306000.0,60.0,2,2ος,,"Κέντρο, Αρτέμιδα (Λούτσα), Αθήνα - Ανατολικά Προάστια",,,https://www.remax.gr/assets/media/properties/medium/395868_2_1075126.jpeg?v=14113827,,,,,2026-10-02T08:27:42Z,395868,2026-10-02,104/pwliseis-agora-katoikies
remax.gr,REMAX Central,https://www.remax.gr/property/395871-polisi-mezoneta-gerakas,Μεζονέτα · Γέρακας · Αθήνα - Ανατολικά Προάστια,sale,,185000.0,122.0,3,Ισόγειο,,"Γέρακας, Αθήνα - Ανατολικά Προάστια",,,https://www.remax.gr/assets/media/properties/medium/395871_3af7c7f8ee004b9fa3b9e97fc08ceece.jpeg?v=14113974,,,,,2026-10-02T08:27:42Z,395871,2026-10-02,104/pwliseis-agora-katoikies
remax.gr,REMAX Central,https://www.remax.gr/property/395876-polisi-katastima-gerakas,Κατάστημα · Γέρακας · Αθήνα - Ανατολικά Προάστια,sale,,185000.0,122.0,3,Ισόγειο,,"Γέρακας, Αθήνα - Ανατολικά Προάστια",,,https://www.remax.gr/assets/media/properties/medium/395876_54b89ba7e3624536818c596c01bb43c7.jpeg?v=14113999,,,,,2026-10-02T08:27:42Z,395876,2026-10-02,104/pwliseis-agora-epaggelmatika
remax.gr,REMAX Lysis,https://www.remax.gr/property/395933-polisi-agrotemachio-agios-serafeim,"Αγροτεμάχιο · Άγιος Σεραφείμ · Αρτέμιδα (Λούτσα), Αθήνα - Ανατολικά Προάστια",sale,,85000.0,526.0,,,,"Άγιος Σεραφείμ, Αρτέμιδα (Λούτσα), Αθήνα - Ανατολικά Προάστια",,,https://www.remax.gr/assets/media/properties/medium/395933_47_45701000.jpeg?v=14114992,,,,,2026-10-02T08:27:42Z,395933,2026-10-02,104/pwliseis-agora-gi
remax.gr,REMAX Real Advisor,https://www.remax.gr/property/395945-polisi-oikopedo-gia-katoikia-nea-filadelfeia,Οικόπεδο για κατοικία · Νέα Φιλαδέλφεια · Αθήνα - Δυτικά Προάστια,sale,,360000.0,287.0,,,,"Νέα Φιλαδέλφεια, Αθήνα - Δυτικά Προάστια",,,https://www.remax.gr/assets/media/properties/medium/395945_8382d17986af4fa2a51910f91e323682.png?v=14115251,,,,,2026-10-02T08:27:42Z,395945,2026-10-02,103/pwliseis-agora-gi
remax.gr,REMAX Ergon,https://www.remax.gr/property/396035-polisi-diamerisma-kentro,"Διαμέρισμα · Κέντρο · Γέρακας, Αθήνα - Ανατολικά Προάστια",sale,,320000.0,79.0,2,1ος,,"Κέντρο, Γέρακας, Αθήνα - Ανατολικά Προάστια",,,https://www.remax.gr/assets/media/properties/medium/396035_649e50729c3124260b7a05e3b7cd815c.jpeg?v=14231027,,,,,2026-10-02T08:27:42Z,396035,2026-10-02,104/pwliseis-agora-katoikies
remax.gr,REMAX Ergon,https://www.remax.gr/property/396036-polisi-diamerisma-kentro,"Διαμέρισμα · Κέντρο · Γέρακας, Αθήνα - Ανατολικά Προάστια",sale,,235000.0,57.0,1,1ος,,"Κέντρο, Γέρακας, Αθήνα - Ανατολικά Προάστια",,,https://www.remax.gr/assets/media/properties/medium/396036_55665d52465923dd12bc8096de1c2c55.jpeg?v=14231033,,,,,2026-10-02T08:27:42Z,396036,2026-10-02,104/pwliseis-agora-katoikies
remax.gr,REMAX Ergon,https://www.remax.gr/property/396038-polisi-diamerisma-kentro,"Διαμέρισμα · Κέντρο · Γέρακας, Αθήνα - Ανατολικά Προάστια",sale,,238000.0,57.0,2,2ος,,"Κέντρο, Γέρακας, Αθήνα - Ανατολικά Προάστια",,,https://www.remax.gr/assets/media/properties/medium/396038_7f6d960362509cdc51315b8807b4b2c3.jpeg?v=14231039,,,,,2026-10-02T08:27:42Z,396038,2026-10-02,104/pwliseis-agora-katoikies
remax.gr,REMAX Ergon,https://www.remax.gr/property/396039-polisi-diamerisma-kentro,"Διαμέρισμα · Κέντρο · Γέρακας, Αθήνα - Ανατολικά Προάστια",sale,,379000.0,92.0,3,2ος,,"Κέντρο, Γέρακας, Αθήνα - Ανατολικά Προάστια",,,https://www.remax.gr/assets/media/properties/medium/396039_6b2f0f10651c98fef4accd24df3e150f.jpeg?v=14231045,,,,,2026-10-02T08:27:42Z,396039,2026-10-02,104/pwliseis-agora-katoikies
remax.gr,REMAX Abacus Properties,https://www.remax.gr/property/396042-polisi-epaggelmatiko-ktirio-axarnes,Eπαγγελματικό Kτήριο · Αχαρνές · Αθήνα - Δυτικά Προάστια,sale,,799000.0,606.0,9,Ισόγειο,,"Αχαρνές, Αθήνα - Δυτικά Προάστια",,,https://www.remax.gr/assets/media/properties/medium/396042_d21f77e26d75493a87ccc995713ebb6e.jpeg?v=14117799,,,,,2026-10-02T08:27:42Z,396042,2026-10-02,103/pwliseis-agora-epaggelmatika
remax.gr,REMAX Properties Investment 5,https://www.remax.gr/property/396049-polisi-oikopedo-gia-katoikia-peyka-berdh,"Οικόπεδο για κατοικία · Πεύκα Βέρδη · Πετρούπολη, Αθήνα - Δυτικά Προάστια",sale,,235000.0,206.0,,,,"Πεύκα Βέρδη, Πετρούπολη, Αθήνα - Δυτικά Προάστια",,,https://www.remax.gr/assets/media/properties/medium/396049_500916731a9c4b8492daf26608416b29.jpeg?v=14268844,,,,,2026-10-02T08:27:42Z,396049,2026-10-02,103/pwliseis-agora-gi
remax.gr,REMAX En Oiko,https://www.remax.gr/property/396071-polisi-oikopedo-gia-katoikia-gerakas,Οικόπεδο για κατοικία · Γέρακας · Αθήνα - Ανατολικά Προάστια,sale,,140000.0,244.0,,,,"Γέρακας, Αθήνα - Ανατολικά Προάστια",,,https://www.remax.gr/assets/media/properties/medium/396071_13dc259a9fc24d6e933079bea00b81d4.png?v=14120163,,,,,2026-10-02T08:27:42Z,396071,2026-10-02,104/pwliseis-agora-gi
remax.gr,REMAX Optimum,https://www.remax.gr/property/396077-polisi-polukatoikia-moyseio-borre,"Πολυκατοικία · Μουσείο Βορρέ · Παιανία, Αθήνα - Ανατολικά Προάστια",sale,,780000.0,265.0,4,1ος,,"Μουσείο Βορρέ, Παιανία, Αθήνα - Ανατολικά Προάστια",,,https://www.remax.gr/assets/media/properties/medium/396077_69f78f9987bd41777831833.jpeg?v=14121347,,,,,2026-10-02T08:27:42Z,396077,2026-10-02,104/pwliseis-agora-katoikies
remax.gr,REMAX 361 Solutions,https://www.remax.gr/property/396218-polisi-epaggelmatiko-ktirio-kentro,"Eπαγγελματικό Kτήριο · Κέντρο · Γέρακας, Αθήνα - Ανατολικά Προάστια",sale,,1700000.0,1773.0,14,Ισόγειο,,"Κέντρο, Γέρακας, Αθήνα - Ανατολικά Προάστια",,,https://www.remax.gr/assets/media/properties/medium/396218_10_722486.jpeg?v=14126263,,,,,2026-10-02T08:27:42Z,396218,2026-10-02,104/pwliseis-agora-epaggelmatika
remax.gr,REMAX Real Advisor,https://www.remax.gr/property/396232-polisi-monokatoikia-markopoylo-wrwpoy,Μονοκατοικία · Μαρκόπουλο Ωρωπού · Υπόλοιπο Αττικής,sale,,135000.0,83.0,2,Ισόγειο,,"Μαρκόπουλο Ωρωπού, Υπόλοιπο Αττικής",,,https://www.remax.gr/assets/media/properties/medium/396232_82077bf3880a401ebe7522a0efb2ee17.jpeg?v=14126495,,,,,2026-10-02T08:27:42Z,396232,2026-10-02,107/pwliseis-agora-katoikies
remax.gr,REMAX 361 Solutions,https://www.remax.gr/property/396241-polisi-diamerisma-kentro,"Διαμέρισμα · Κέντρο · Αρτέμιδα (Λούτσα), Αθήνα - Ανατολικά Προάστια",sale,,130000.0,54.0,1,Ισόγειο,,"Κέντρο, Αρτέμιδα (Λούτσα), Αθήνα - Ανατολικά Προάστια",,,https://www.remax.gr/assets/media/properties/medium/396241_20_7292326.jpeg?v=14126725,,,,,2026-10-02T08:27:42Z,396241,2026-10-02,104/pwliseis-agora-katoikies
remax.gr,REMAX En Oiko,https://www.remax.gr/property/396251-enoikiasi-katastima-kamatero,Κατάστημα · Καματερό · Αθήνα - Δυτικά Προάστια,rent,,1300.0,150.0,,Ισόγειο,,"Καματερό, Αθήνα - Δυτικά Προάστια",,,https://www.remax.gr/assets/media/properties/medium/396251_img_b53c4fff_f54c_483d_a5a8_e50f0c89d2c6.jpeg?v=14126920,,,,,2026-10-02T08:27:42Z,396251,2026-10-02,103/enoikiaseis-epaggelmatika
remax.gr,REMAX Ergon,https://www.remax.gr/property/396282-enoikiasi-katastima-nea-iwnia,Κατάστημα · Νέα Ιωνία · Αθήνα - Δυτικά Προάστια,rent,,4300.0,82.0,,Ισόγειο,,"Νέα Ιωνία, Αθήνα - Δυτικά Προάστια",,,https://www.remax.gr/assets/media/properties/medium/396282_b7de512245012f918ad058f83d426ec4.jpeg?v=14127589,,,,,2026-10-02T08:27:42Z,396282,2026-10-02,103/enoikiaseis-epaggelmatika
remax.gr,REMAX 361 Solutions,https://www.remax.gr/property/396346-polisi-monokatoikia-kentro,"Μονοκατοικία · Κέντρο · Αρτέμιδα (Λούτσα), Αθήνα - Ανατολικά Προάστια",sale,,180000.0,76.0,2,Ισόγειο,,"Κέντρο, Αρτέμιδα (Λούτσα), Αθήνα - Ανατολικά Προάστια",,,https://www.remax.gr/assets/media/properties/medium/396346_20_7304474.jpeg?v=14128902,,,,,2026-10-02T08:27:42Z,396346,2026-10-02,104/pwliseis-agora-katoikies
remax.gr,REMAX 361 Solutions,https://www.remax.gr/property/396407-polisi-monokatoikia-brayrwna,"Μονοκατοικία · Βραυρώνα · Αρτέμιδα (Λούτσα), Αθήνα - Ανατολικά Προάστια",sale,,260000.0,238.0,4,Ισόγειο,,"Βραυρώνα, Αρτέμιδα (Λούτσα), Αθήνα - Ανατολικά Προάστια",,,https://www.remax.gr/assets/media/properties/medium/396407_20_7378814.jpeg?v=14130661,,,,,2026-10-02T08:27:42Z,396407,2026-10-02,104/pwliseis-agora-katoikies
remax.gr,REMAX Real Advisor,https://www.remax.gr/property/396426-enoikiasi-katastima-kentro,"Κατάστημα · Κέντρο · Νέα Ιωνία, Αθήνα - Δυτικά Προάστια",rent,,4400.0,60.0,,Ισόγειο,,"Κέντρο, Νέα Ιωνία, Αθήνα - Δυτικά Προάστια",,,https://www.remax.gr/assets/media/properties/medium/396426_f9f730b039b94b78b9a2413d574da31c.jpeg?v=14130970,,,,,2026-10-02T08:27:42Z,396426,2026-10-02,103/enoikiaseis-epaggelmatika
remax.gr,REMAX Real Advisor,https://www.remax.gr/property/396427-polisi-monokatoikia-skala-wrwpoy,Μονοκατοικία · Σκάλα Ωρωπού · Υπόλοιπο Αττικής,sale,,175000.0,74.0,2,Ισόγειο,,"Σκάλα Ωρωπού, Υπόλοιπο Αττικής",,,https://www.remax.gr/assets/media/properties/medium/396427_8b48b16c742c4374a2384fae77f4a2ea.jpeg?v=14130975,,,,,2026-10-02T08:27:42Z,396427,2026-10-02,107/pwliseis-agora-katoikies
remax.gr,REMAX Properties Investment,https://www.remax.gr/property/396431-polisi-monokatoikia-artemida-loytsa,Μονοκατοικία · Αρτέμιδα (Λούτσα) · Αθήνα - Ανατολικά Προάστια,sale,,380000.0,252.0,3,,,"Αρτέμιδα (Λούτσα), Αθήνα - Ανατολικά Προάστια",,,https://www.remax.gr/assets/media/properties/medium/396431_0cda770671a2404b9a3978e0b1ee0675.jpeg?v=14223233,,,,,2026-10-02T08:27:42Z,396431,2026-10-02,104/pwliseis-agora-katoikies
remax.gr,REMAX Real Advisor,https://www.remax.gr/property/396483-enoikiasi-katastima-madytos,"Κατάστημα · Μάδυτος · Νέα Φιλαδέλφεια, Αθήνα - Δυτικά Προάστια",rent,,3800.0,380.0,,Ισόγειο,,"Μάδυτος, Νέα Φιλαδέλφεια, Αθήνα - Δυτικά Προάστια",,,https://www.remax.gr/assets/media/properties/medium/396483_2c6fbbaa36a747e8a523829b391cf52d.jpeg?v=14131911,,,,,2026-10-02T08:27:42Z,396483,2026-10-02,103/enoikiaseis-epaggelmatika
remax.gr,REMAX Real Advisor,https://www.remax.gr/property/396491-polisi-katastima-kokkinos-mylos,"Κατάστημα · Κόκκινος Μύλος · Νέα Φιλαδέλφεια, Αθήνα - Δυτικά Προάστια",sale,,82000.0,104.0,1,Ισόγειο,,"Κόκκινος Μύλος, Νέα Φιλαδέλφεια, Αθήνα - Δυτικά Προάστια",,,https://www.remax.gr/assets/media/properties/medium/396491_32c78020b7c4499bab13e5a360a6dddf.png?v=14135801,,,,,2026-10-02T08:27:42Z,396491,2026-10-02,103/pwliseis-agora-epaggelmatika
remax.gr,REMAX Real Advisor,https://www.remax.gr/property/396492-polisi-sugkrotima-katoikion-wrwpos,Συγκρότημα κατοικιών · Ωρωπός · Υπόλοιπο Αττικής,sale,,340000.0,214.0,5,Ισόγειο,,"Ωρωπός, Υπόλοιπο Αττικής",,,https://www.remax.gr/assets/media/properties/medium/396492_5c63deba3dbb4173a2df6ce48ddfe51d.jpeg?v=14132062,,,,,2026-10-02T08:27:42Z,396492,2026-10-02,107/pwliseis-agora-katoikies
remax.gr,REMAX Real Advisor,https://www.remax.gr/property/396494-polisi-sugkrotima-katoikion-wrwpos,Συγκρότημα κατοικιών · Ωρωπός · Υπόλοιπο Αττικής,sale,,324000.0,214.0,5,Ισόγειο,,"Ωρωπός, Υπόλοιπο Αττικής",,,https://www.remax.gr/assets/media/properties/medium/396494_a1bbce3767ff450d9070944a61b461e9.jpeg?v=14132090,,,,,2026-10-02T08:27:42Z,396494,2026-10-02,107/pwliseis-agora-katoikies
remax.gr,REMAX Real Advisor,https://www.remax.gr/property/396509-enoikiasi-biomichaniko-biotechniko-petroypolh,Βιομηχανικό/Βιοτεχνικό · Πετρούπολη · Αθήνα - Δυτικά Προάστια,rent,,2200.0,500.0,,Ισόγειο,,"Πετρούπολη, Αθήνα - Δυτικά Προάστια",,,https://www.remax.gr/assets/media/properties/medium/396509_7113f892df6547889e1aac67d8e182d3.jpeg?v=14132306,,,,,2026-10-02T08:27:42Z,396509,2026-10-02,103/enoikiaseis-epaggelmatika
remax.gr,REMAX Friends,https://www.remax.gr/property/396526-polisi-oikopedo-gia-katoikia-artemida-loytsa,Οικόπεδο για κατοικία · Αρτέμιδα (Λούτσα) · Αθήνα - Ανατολικά Προάστια,sale,,95000.0,500.0,,,,"Αρτέμιδα (Λούτσα), Αθήνα - Ανατολικά Προάστια",,,https://www.remax.gr/assets/media/properties/medium/396526_5620abc096a74548901b59d0fc7438cd.jpeg?v=14132563,,,,,2026-10-02T08:27:42Z,396526,2026-10-02,104/pwliseis-agora-gi
remax.gr,REMAX Evolution,https://www.remax.gr/property/396539-enoikiasi-diamerisma-agios-dhmhtrios,"Διαμέρισμα · Άγιος Δημήτριος · Κορωπί, Αθήνα - Ανατολικά Προάστια",rent,,850.0,80.0,2,2ος,,"Άγιος Δημήτριος, Κορωπί, Αθήνα - Ανατολικά Προάστια",,,https://www.remax.gr/assets/media/properties/medium/396539_3499_12773861.jpeg?v=14132948,,,,,2026-10-02T08:27:42Z,396539,2026-10-02,104/enoikiaseis-katoikies
remax.gr,REMAX Ergon,https://www.remax.gr/property/396551-polisi-diamerisma-stayros-geraka,"Διαμέρισμα · Σταυρός Γέρακα · Γέρακας, Αθήνα - Ανατολικά Προάστια",sale,,190000.0,50.0,1,Ισόγειο,,"Σταυρός Γέρακα, Γέρακας, Αθήνα - Ανατολικά Προάστια",,,https://www.remax.gr/assets/media/properties/medium/396551_5f53c65053f367877d19d9825cc3df43.jpeg?v=14133276,,,,,2026-10-02T08:27:42Z,396551,2026-10-02,104/pwliseis-agora-katoikies
remax.gr,REMAX Ergon,https://www.remax.gr/property/396552-polisi-diamerisma-stayros-geraka,"Διαμέρισμα · Σταυρός Γέρακα · Γέρακας, Αθήνα - Ανατολικά Προάστια",sale,,219000.0,58.0,1,Ισόγειο,,"Σταυρός Γέρακα, Γέρακας, Αθήνα - Ανατολικά Προάστια",,,https://www.remax.gr/assets/media/properties/medium/396552_6834475774ebad56b55878b7c5f5fbaa.jpeg?v=14133290,,,,,2026-10-02T08:27:42Z,396552,2026-10-02,104/pwliseis-agora-katoikies
remax.gr,REMAX Ergon,https://www.remax.gr/property/396553-polisi-diamerisma-stayros-geraka,"Διαμέρισμα · Σταυρός Γέρακα · Γέρακας, Αθήνα - Ανατολικά Προάστια",sale,,220000.0,58.0,1,Ισόγειο,,"Σταυρός Γέρακα, Γέρακας, Αθήνα - Ανατολικά Προάστια",,,https://www.remax.gr/assets/media/properties/medium/396553_6aca7f65eff19d31b446b96a653d89e6.jpeg?v=14133304,,,,,2026-10-02T08:27:42Z,396553,2026-10-02,104/pwliseis-agora-katoikies
remax.gr,REMAX Ergon,https://www.remax.gr/property/396554-polisi-diamerisma-stayros-geraka,"Διαμέρισμα · Σταυρός Γέρακα · Γέρακας, Αθήνα - Ανατολικά Προάστια",sale,,705000.0,160.0,3,2ος,,"Σταυρός Γέρακα, Γέρακας, Αθήνα - Ανατολικά Προάστια",,,https://www.remax.gr/assets/media/properties/medium/396554_eab8bcbd461896dc8e6ab37ed8acfa74.jpeg?v=14133326,,,,,2026-10-02T08:27:42Z,396554,2026-10-02,104/pwliseis-agora-katoikies
remax.gr,REMAX Ergon,https://www.remax.gr/property/396556-polisi-diamerisma-stayros-geraka,"Διαμέρισμα · Σταυρός Γέρακα · Γέρακας, Αθήνα - Ανατολικά Προάστια",sale,,702000.0,160.0,3,2ος,,"Σταυρός Γέρακα, Γέρακας, Αθήνα - Ανατολικά Προάστια",,,https://www.remax.gr/assets/media/properties/medium/396556_4c0f0878eccf26dd1acb252559388b38.jpeg?v=14133344,,,,,2026-10-02T08:27:42Z,396556,2026-10-02,104/pwliseis-agora-katoikies
remax.gr,REMAX Properties Investment 2,https://www.remax.gr/property/396630-polisi-oikopedo-gia-katoikia-foyresi,"Οικόπεδο για κατοικία · Φούρεσι · Γλυκά Νερά, Αθήνα - Ανατολικά Προάστια",sale,,62000.0,155.0,,,,"Φούρεσι, Γλυκά Νερά, Αθήνα - Ανατολικά Προάστια",,,https://www.remax.gr/assets/media/properties/medium/396630_dc64ce8d3ce2407d936f950509355275.jpeg?v=14177623,,,,,2026-10-02T08:27:42Z,396630,2026-10-02,104/pwliseis-agora-gi
remax.gr,REMAX Real Advisor,https://www.remax.gr/property/396648-polisi-epaggelmatiko-ktirio-nea-filadelfeia,Eπαγγελματικό Kτήριο · Νέα Φιλαδέλφεια · Αθήνα - Δυτικά Προάστια,sale,,1500000.0,1180.0,,Ισόγειο,,"Νέα Φιλαδέλφεια, Αθήνα - Δυτικά Προάστια",,,https://www.remax.gr/assets/media/properties/medium/396648_488fa2231e9345f8bd0814d93666602a.jpeg?v=14137784,,,,,2026-10-02T08:27:42Z,396648,2026-10-02,103/pwliseis-agora-epaggelmatika
remax.gr,REMAX Porto,https://www.remax.gr/property/396654-polisi-oikopedo-gia-katoikia-kataskhnwseis,"Οικόπεδο για κατοικία · Κατασκηνώσεις · Αρτέμιδα (Λούτσα), Αθήνα - Ανατολικά Προάστια",sale,,130000.0,524.0,,,,"Κατασκηνώσεις, Αρτέμιδα (Λούτσα), Αθήνα - Ανατολικά Προάστια",,,https://www.remax.gr/assets/media/properties/medium/396654_2_10463532.jpeg?v=14138156,,,,,2026-10-02T08:27:42Z,396654,2026-10-02,104/pwliseis-agora-gi
remax.gr,REMAX En Oiko,https://www.remax.gr/property/396666-polisi-monokatoikia-rafhna,Μονοκατοικία · Ραφήνα · Υπόλοιπο Αττικής,sale,,395000.0,249.0,7,Ισόγειο,,"Ραφήνα, Υπόλοιπο Αττικής",,,https://www.remax.gr/assets/media/properties/medium/396666_2390c6e2d31f411783b36552bb942a67.png?v=14139436,,,,,2026-10-02T08:27:42Z,396666,2026-10-02,107/pwliseis-agora-katoikies
remax.gr,REMAX 361 Solutions,https://www.remax.gr/property/396677-polisi-diamerisma-garghttos,"Διαμέρισμα · Γαργηττός · Γέρακας, Αθήνα - Ανατολικά Προάστια",sale,,175000.0,61.0,1,1ος,,"Γαργηττός, Γέρακας, Αθήνα - Ανατολικά Προάστια",,,https://www.remax.gr/assets/media/properties/medium/396677_10_7454023.jpeg?v=14140985,,,,,2026-10-02T08:27:42Z,396677,2026-10-02,104/pwliseis-agora-katoikies
remax.gr,REMAX En Oiko,https://www.remax.gr/property/396692-polisi-oikopedo-gia-katoikia-dikastika,"Οικόπεδο για κατοικία · Δικαστικά · Μαραθώνας, Αθήνα - Ανατολικά Προάστια",sale,,210000.0,1024.0,,,,"Δικαστικά, Μαραθώνας, Αθήνα - Ανατολικά Προάστια",,,https://www.remax.gr/assets/media/properties/medium/396692_img_165d0bdd_0fa5_480d_ba4b_87b380c7b4c7.jpeg?v=14141529,,,,,2026-10-02T08:27:42Z,396692,2026-10-02,104/pwliseis-agora-gi
remax.gr,REMAX En Oiko,https://www.remax.gr/property/396696-polisi-oikopedo-gia-katoikia-anthoysa,Οικόπεδο για κατοικία · Ανθούσα · Αθήνα - Ανατολικά Προάστια,sale,,150000.0,460.0,,,,"Ανθούσα, Αθήνα - Ανατολικά Προάστια",,,https://www.remax.gr/assets/media/properties/medium/396696_img_35d0abfd_b6a5_4d0d_8f5a_83b17d3d9c88.jpeg?v=14141598,,,,,2026-10-02T08:27:42Z,396696,2026-10-02,104/pwliseis-agora-gi
remax.gr,REMAX 361 Solutions,https://www.remax.gr/property/396768-polisi-oikopedo-gia-katoikia-kantza,"Οικόπεδο για κατοικία · Κάντζα · Παλλήνη, Αθήνα - Ανατολικά Προάστια",sale,,450000.0,764.0,,,,"Κάντζα, Παλλήνη, Αθήνα - Ανατολικά Προάστια",,,https://www.remax.gr/assets/media/properties/medium/396768_10_7467839.jpeg?v=14153500,,,,,2026-10-02T08:27:42Z,396768,2026-10-02,104/pwliseis-agora-gi
remax.gr,REMAX Properties Investment 2,https://www.remax.gr/property/396948-polisi-monokatoikia-lagonhsi,"Μονοκατοικία · Λαγονήσι · Καλύβια Θορικού, Υπόλοιπο Αττικής",sale,,350000.0,165.0,2,Ισόγειο,,"Λαγονήσι, Καλύβια Θορικού, Υπόλοιπο Αττικής",,,https://www.remax.gr/assets/media/properties/medium/396948_81a9509f10294f00b9aeb85f7e0cb8e4.jpeg?v=14160141,,,,,2026-10-02T08:27:42Z,396948,2026-10-02,107/pwliseis-agora-katoikies
remax.gr,REMAX 361 Solutions,https://www.remax.gr/property/397187-polisi-oikopedo-gia-katoikia-kentro,"Οικόπεδο για κατοικία · Κέντρο · Γέρακας, Αθήνα - Ανατολικά Προάστια",sale,,570000.0,878.0,,,,"Κέντρο, Γέρακας, Αθήνα - Ανατολικά Προάστια",,,https://www.remax.gr/assets/media/properties/medium/397187_10_7524208.jpeg?v=14164550,,,,,2026-10-02T08:27:42Z,397187,2026-10-02,104/pwliseis-agora-gi
remax.gr,REMAX 361 Solutions,https://www.remax.gr/property/397209-polisi-oikopedo-gia-katoikia-kato-vakalopoulo,"Οικόπεδο για κατοικία · Κάτω Βακαλόπουλο · Παλλήνη, Αθήνα - Ανατολικά Προάστια",sale,,450000.0,1526.0,,,,"Κάτω Βακαλόπουλο, Παλλήνη, Αθήνα - Ανατολικά Προάστια",,,https://www.remax.gr/assets/media/properties/medium/397209_10_7532.jpeg?v=14222483,,,,,2026-10-02T08:27:42Z,397209,2026-10-02,104/pwliseis-agora-gi
remax.gr,REMAX Properties Investment,https://www.remax.gr/property/397341-polisi-monokatoikia-glyka-nera,Μονοκατοικία · Γλυκά Νερά · Αθήνα - Ανατολικά Προάστια,sale,,145000.0,123.0,2,,,"Γλυκά Νερά, Αθήνα - Ανατολικά Προάστια",,,https://www.remax.gr/assets/media/properties/medium/397341_5ca44a15f66f4e0c8945845f94939cb6.jpeg?v=14171063,,,,,2026-10-02T08:27:42Z,397341,2026-10-02,104/pwliseis-agora-katoikies
remax.gr,REMAX Real Advisor,https://www.remax.gr/property/397356-enoikiasi-epaggelmatiko-ktirio-nea-iwnia,Eπαγγελματικό Kτήριο · Νέα Ιωνία · Αθήνα - Δυτικά Προάστια,rent,,11200.0,1120.0,,Ισόγειο,,"Νέα Ιωνία, Αθήνα - Δυτικά Προάστια",,,https://www.remax.gr/assets/media/properties/medium/397356_9d465481fa59462bb019d67e93f45d79.jpeg?v=14173995,,,,,2026-10-02T08:27:42Z,397356,2026-10-02,103/enoikiaseis-epaggelmatika
remax.gr,REMAX Properties Investment,https://www.remax.gr/property/397398-polisi-katastima-stayros-geraka,"Κατάστημα · Σταυρός Γέρακα · Γέρακας, Αθήνα - Ανατολικά Προάστια",sale,,730000.0,529.0,,Ισόγειο,,"Σταυρός Γέρακα, Γέρακας, Αθήνα - Ανατολικά Προάστια",,,https://www.remax.gr/assets/media/properties/medium/397398_4584abdf1f614675af31975321e0d1d1.jpeg?v=14174620,,,,,2026-10-02T08:27:42Z,397398,2026-10-02,104/pwliseis-agora-epaggelmatika
remax.gr,REMAX Abacus Properties,https://www.remax.gr/property/397408-polisi-oikopedo-gia-katoikia-dasos,"Οικόπεδο για κατοικία · Δάσος · Χαϊδάρι, Αθήνα - Δυτικά Προάστια",sale,,400000.0,214.0,,,,"Δάσος, Χαϊδάρι, Αθήνα - Δυτικά Προάστια",,,https://www.remax.gr/assets/media/properties/medium/397408_3af38cbcb17f4485900fc87a09d43278.jpeg?v=14174816,,,,,2026-10-02T08:27:42Z,397408,2026-10-02,103/pwliseis-agora-gi
remax.gr,REMAX Elite,https://www.remax.gr/property/397501-polisi-diamerisma-pallhnh,Διαμέρισμα · Παλλήνη · Αθήνα - Ανατολικά Προάστια,sale,,280000.0,80.0,2,3ος,,"Παλλήνη, Αθήνα - Ανατολικά Προάστια",,,https://www.remax.gr/assets/media/properties/medium/397501_1bf5668cc88b6723e3418456af711d76.jpeg?v=14212668,,,,,2026-10-02T08:27:42Z,397501,2026-10-02,104/pwliseis-agora-katoikies
remax.gr,REMAX Lysis,https://www.remax.gr/property/397506-polisi-agrotemachio-sxinias,"Αγροτεμάχιο · Σχινιάς · Μαραθώνας, Αθήνα - Ανατολικά Προάστια",sale,,15000.0,750.0,,,,"Σχινιάς, Μαραθώνας, Αθήνα - Ανατολικά Προάστια",,,https://www.remax.gr/assets/media/properties/medium/397506_1_45822260.jpeg?v=14176953,,,,,2026-10-02T08:27:42Z,397506,2026-10-02,104/pwliseis-agora-gi
remax.gr,REMAX Properties Investment 2,https://www.remax.gr/property/397522-polisi-oikopedo-gia-katoikia-korwpi,Οικόπεδο για κατοικία · Κορωπί · Αθήνα - Ανατολικά Προάστια,sale,,40000.0,1000.0,,,,"Κορωπί, Αθήνα - Ανατολικά Προάστια",,,https://www.remax.gr/assets/media/properties/medium/397522_img_d683be24_0d96_4ca7_9c19_2502f2f60c6d.jpeg?v=14178042,,,,,2026-10-02T08:27:42Z,397522,2026-10-02,104/pwliseis-agora-gi
remax.gr,REMAX Properties Investment,https://www.remax.gr/property/397634-enoikiasi-katastima-katw-aigalew-estayrwmenoy,"Κατάστημα · Κάτω Αιγάλεω-Εσταυρωμένου · Αιγάλεω, Αθήνα - Δυτικά Προάστια",rent,,4400.0,92.0,,Ισόγειο,,"Κάτω Αιγάλεω-Εσταυρωμένου, Αιγάλεω, Αθήνα - Δυτικά Προάστια",,,https://www.remax.gr/assets/media/properties/medium/397634_fde048570e7a4459ab45f21cd52b7c50.jpeg?v=14184041,,,,,2026-10-02T08:27:42Z,397634,2026-10-02,103/enoikiaseis-epaggelmatika
remax.gr,REMAX Properties Investment 5,https://www.remax.gr/property/397738-polisi-epaggelmatiko-ktirio-xaraygh,"Eπαγγελματικό Kτήριο · Χαραυγή · Αχαρνές, Αθήνα - Δυτικά Προάστια",sale,,700000.0,1100.0,,2ος,,"Χαραυγή, Αχαρνές, Αθήνα - Δυτικά Προάστια",,,https://www.remax.gr/assets/media/properties/medium/397738_img_68ee42f8_4a24_4da4_8c76_e31baad8aa21.jpeg?v=14186125,,,,,2026-10-02T08:27:42Z,397738,2026-10-02,103/pwliseis-agora-epaggelmatika
remax.gr,REMAX Properties Investment 5,https://www.remax.gr/property/397754-polisi-apothiki-korwpi,Αποθήκη · Κορωπί · Αθήνα - Ανατολικά Προάστια,sale,,500000.0,230.0,,Ισόγειο,,"Κορωπί, Αθήνα - Ανατολικά Προάστια",,,https://www.remax.gr/assets/media/properties/medium/397754_img_092f9647_1df6_46f7_87be_d7cdfd077d1a.jpeg?v=14186284,,,,,2026-10-02T08:27:42Z,397754,2026-10-02,104/pwliseis-agora-epaggelmatika
remax.gr,REMAX 361 Solutions,https://www.remax.gr/property/397767-polisi-oikopedo-gia-katoikia-kato-vakalopoulo,"Οικόπεδο για κατοικία · Κάτω Βακαλόπουλο · Παλλήνη, Αθήνα - Ανατολικά Προάστια",sale,,180000.0,500.0,,,,"Κάτω Βακαλόπουλο, Παλλήνη, Αθήνα - Ανατολικά Προάστια",,,https://www.remax.gr/assets/media/properties/medium/397767_10_7698858.jpeg?v=14222487,,,,,2026-10-02T08:27:42Z,397767,2026-10-02,104/pwliseis-agora-gi
remax.gr,REMAX Properties Investment,https://www.remax.gr/property/397794-polisi-oikopedo-gia-katoikia-garghttos,"Οικόπεδο για κατοικία · Γαργηττός · Γέρακας, Αθήνα - Ανατολικά Προάστια",sale,,370000.0,452.0,,,,"Γαργηττός, Γέρακας, Αθήνα - Ανατολικά Προάστια",,,https://www.remax.gr/assets/media/properties/medium/397794_b43d5664554b4421968ebc9826920a15.png?v=14190100,,,,,2026-10-02T08:27:42Z,397794,2026-10-02,104/pwliseis-agora-gi
remax.gr,REMAX 361 Solutions,https://www.remax.gr/property/397803-polisi-diamerisma-kentro,"Διαμέρισμα · Κέντρο · Γλυκά Νερά, Αθήνα - Ανατολικά Προάστια",sale,,350000.0,125.0,4,2ος,,"Κέντρο, Γλυκά Νερά, Αθήνα - Ανατολικά Προάστια",,,https://www.remax.gr/assets/media/properties/medium/397803_7_7711145.jpeg?v=14190856,,,,,2026-10-02T08:27:42Z,397803,2026-10-02,104/pwliseis-agora-katoikies
remax.gr,REMAX Fidelity Brokers,https://www.remax.gr/property/397856-polisi-polukatoikia-kentro,"Πολυκατοικία · Κέντρο · Παλλήνη, Αθήνα - Ανατολικά Προάστια",sale,,1150000.0,1010.0,,5ος,,"Κέντρο, Παλλήνη, Αθήνα - Ανατολικά Προάστια",,,https://www.remax.gr/assets/media/properties/medium/397856_3893_61137571.jpeg?v=14202873,,,,,2026-10-02T08:27:42Z,397856,2026-10-02,104/pwliseis-agora-katoikies
remax.gr,REMAX Fidelity Brokers,https://www.remax.gr/property/397857-polisi-mezoneta-kentro,"Μεζονέτα · Κέντρο · Παλλήνη, Αθήνα - Ανατολικά Προάστια",sale,,370000.0,102.0,2,Ισόγειο,,"Κέντρο, Παλλήνη, Αθήνα - Ανατολικά Προάστια",,,https://www.remax.gr/assets/media/properties/medium/397857_3893_61229477.jpeg?v=14202875,,,,,2026-10-02T08:27:42Z,397857,2026-10-02,104/pwliseis-agora-katoikies
remax.gr,REMAX Fidelity Brokers,https://www.remax.gr/property/397858-polisi-mezoneta-kentro,"Μεζονέτα · Κέντρο · Παλλήνη, Αθήνα - Ανατολικά Προάστια",sale,,380000.0,103.0,3,4ος,,"Κέντρο, Παλλήνη, Αθήνα - Ανατολικά Προάστια",,,https://www.remax.gr/assets/media/properties/medium/397858_3893_61259481.jpeg?v=14202877,,,,,2026-10-02T08:27:42Z,397858,2026-10-02,104/pwliseis-agora-katoikies
remax.gr,REMAX Fidelity Brokers,https://www.remax.gr/property/397859-polisi-mezoneta-kentro,"Μεζονέτα · Κέντρο · Παλλήνη, Αθήνα - Ανατολικά Προάστια",sale,,430000.0,105.0,3,4ος,,"Κέντρο, Παλλήνη, Αθήνα - Ανατολικά Προάστια",,,https://www.remax.gr/assets/media/properties/medium/397859_3893_61278297.jpeg?v=14202879,,,,,2026-10-02T08:27:42Z,397859,2026-10-02,104/pwliseis-agora-katoikies
remax.gr,REMAX Properties Investment,https://www.remax.gr/property/397896-polisi-monokatoikia-neos-boytzas,"Μονοκατοικία · Νέος Βουτζάς · Νέα Μάκρη, Αθήνα - Ανατολικά Προάστια",sale,,700000.0,680.0,5,Ισόγειο,,"Νέος Βουτζάς, Νέα Μάκρη, Αθήνα - Ανατολικά Προάστια",,,https://www.remax.gr/assets/media/properties/medium/397896_dac2d5ea149f40bcb1e268110bba7659.jpeg?v=14203445,,,,,2026-10-02T08:27:42Z,397896,2026-10-02,104/pwliseis-agora-katoikies
remax.gr,REMAX Real Advisor,https://www.remax.gr/property/397932-enoikiasi-katastima-alsoypolh,"Κατάστημα · Αλσούπολη · Νέα Ιωνία, Αθήνα - Δυτικά Προάστια",rent,,2300.0,150.0,,Ισόγειο,,"Αλσούπολη, Νέα Ιωνία, Αθήνα - Δυτικά Προάστια",,,https://www.remax.gr/assets/media/properties/medium/397932_87ea627a74c0410ba47a6678c918759b.jpeg?v=14204137,,,,,2026-10-02T08:27:42Z,397932,2026-10-02,103/enoikiaseis-epaggelmatika
remax.gr,REMAX 361 Solutions,https://www.remax.gr/property/397948-polisi-monokatoikia-agios-iwannhs,"Μονοκατοικία · Άγιος Ιωάννης · Αρτέμιδα (Λούτσα), Αθήνα - Ανατολικά Προάστια",sale,,290000.0,100.0,2,Ισόγειο,,"Άγιος Ιωάννης, Αρτέμιδα (Λούτσα), Αθήνα - Ανατολικά Προάστια",,,https://www.remax.gr/assets/media/properties/medium/397948_20_7744869.jpeg?v=14204529,,,,,2026-10-02T08:27:42Z,397948,2026-10-02,104/pwliseis-agora-katoikies
remax.gr,REMAX Domi,https://www.remax.gr/property/397975-polisi-diamerisma-agios-andreas,"Διαμέρισμα · Άγιος Ανδρέας · Νέα Μάκρη, Αθήνα - Ανατολικά Προάστια",sale,,115000.0,76.0,2,Ισόγειο,,"Άγιος Ανδρέας, Νέα Μάκρη, Αθήνα - Ανατολικά Προάστια",,,https://www.remax.gr/assets/media/properties/medium/397975_23402_132263027.jpeg?v=14204980,,,,,2026-10-02T08:27:42Z,397975,2026-10-02,104/pwliseis-agora-katoikies
remax.gr,REMAX Central,https://www.remax.gr/property/398035-polisi-oikopedo-gia-katoikia-nea-makrh,Οικόπεδο για κατοικία · Νέα Μάκρη · Αθήνα - Ανατολικά Προάστια,sale,,950000.0,3750.0,,,,"Νέα Μάκρη, Αθήνα - Ανατολικά Προάστια",,,https://www.remax.gr/assets/media/properties/medium/398035_6c3a844766ae489ca9fb4215de0038aa.png?v=14206083,,,,,2026-10-02T08:27:42Z,398035,2026-10-02,104/pwliseis-agora-gi
remax.gr,REMAX Properties Investment 2,https://www.remax.gr/property/398066-polisi-oikopedo-gia-epaggelmatiki-chrisi-gerakas,Οικόπεδο για επαγγελματική χρήση · Γέρακας · Αθήνα - Ανατολικά Προάστια,sale,,440000.0,543.0,,,,"Γέρακας, Αθήνα - Ανατολικά Προάστια",,,https://www.remax.gr/assets/media/properties/medium/398066_65c8e0e141a44274ba436c224f3f29ae.jpeg?v=14236507,,,,,2026-10-02T08:27:42Z,398066,2026-10-02,104/pwliseis-agora-gi
remax.gr,REMAX Properties Investment 5,https://www.remax.gr/property/398073-polisi-oikopedo-gia-epaggelmatiki-chrisi-anthoypolh,"Οικόπεδο για επαγγελματική χρήση · Ανθούπολη · Περιστέρι, Αθήνα - Δυτικά Προάστια",sale,,175000.0,276.0,,,,"Ανθούπολη, Περιστέρι, Αθήνα - Δυτικά Προάστια",,,https://www.remax.gr/assets/media/properties/medium/398073_d6fee3c2d0134449b4c62f863e687b01.jpeg?v=14206573,,,,,2026-10-02T08:27:42Z,398073,2026-10-02,103/pwliseis-agora-gi
remax.gr,REMAX Properties Investment 2,https://www.remax.gr/property/398227-polisi-diamerisma-gerakas,Διαμέρισμα · Γέρακας · Αθήνα - Ανατολικά Προάστια,sale,,420000.0,159.0,4,6ος,,"Γέρακας, Αθήνα - Ανατολικά Προάστια",,,https://www.remax.gr/assets/media/properties/medium/398227_faf1695cabe74eee83b06ebc283ec535.png?v=14285116,,,,,2026-10-02T08:27:42Z,398227,2026-10-02,104/pwliseis-agora-katoikies
remax.gr,REMAX Plus,https://www.remax.gr/property/398396-polisi-polukatoikia-kentro,"Πολυκατοικία · Κέντρο · Παιανία, Αθήνα - Ανατολικά Προάστια",sale,,390000.0,390.0,,Ισόγειο,,"Κέντρο, Παιανία, Αθήνα - Ανατολικά Προάστια",,,https://www.remax.gr/assets/media/properties/medium/398396_7019fdc2a90d92e0b8a3e2fff7a13698.jpeg?v=14211420,,,,,2026-10-02T08:27:42Z,398396,2026-10-02,104/pwliseis-agora-katoikies
remax.gr,REMAX Homes,https://www.remax.gr/property/398411-polisi-oikopedo-gia-katoikia-artemida-loytsa,Οικόπεδο για κατοικία · Αρτέμιδα (Λούτσα) · Αθήνα - Ανατολικά Προάστια,sale,,90000.0,230.0,,,,"Αρτέμιδα (Λούτσα), Αθήνα - Ανατολικά Προάστια",,,https://www.remax.gr/assets/media/properties/medium/398411_83ae0f1d23c847c7b54d743fdbb2b69d.jpeg?v=14211648,,,,,2026-10-02T08:27:42Z,398411,2026-10-02,104/pwliseis-agora-gi
remax.gr,REMAX 361 Solutions,https://www.remax.gr/property/398442-polisi-agrotemachio-neapolh,"Αγροτεμάχιο · Νεάπολη · Σπάτα, Αθήνα - Ανατολικά Προάστια",sale,,35000.0,826.0,,,,"Νεάπολη, Σπάτα, Αθήνα - Ανατολικά Προάστια",,,https://www.remax.gr/assets/media/properties/medium/398442_20_7709901.jpeg?v=14212225,,,,,2026-10-02T08:27:42Z,398442,2026-10-02,104/pwliseis-agora-gi
remax.gr,REMAX 361 Solutions,https://www.remax.gr/property/398448-polisi-oikopedo-gia-katoikia-mariza,"Οικόπεδο για κατοικία · Μαρίζα · Παλλήνη, Αθήνα - Ανατολικά Προάστια",sale,,355000.0,800.0,,,,"Μαρίζα, Παλλήνη, Αθήνα - Ανατολικά Προάστια",,,https://www.remax.gr/assets/media/properties/medium/398448_10_7835729.jpeg?v=14212365,,,,,2026-10-02T08:27:42Z,398448,2026-10-02,104/pwliseis-agora-gi
remax.gr,REMAX En Oiko,https://www.remax.gr/property/398484-polisi-epaggelmatiko-ktirio-pallhnh,Eπαγγελματικό Kτήριο · Παλλήνη · Αθήνα - Ανατολικά Προάστια,sale,,500000.0,675.0,4,Ισόγειο,,"Παλλήνη, Αθήνα - Ανατολικά Προάστια",,,https://www.remax.gr/assets/media/properties/medium/398484_98c333af00bc4d49be7579447a0e090f.png?v=14212971,,,,,2026-10-02T08:27:42Z,398484,2026-10-02,104/pwliseis-agora-epaggelmatika
remax.gr,REMAX En Oiko,https://www.remax.gr/property/398494-polisi-diamerisma-pallhnh,Διαμέρισμα · Παλλήνη · Αθήνα - Ανατολικά Προάστια,sale,,205000.0,82.0,2,1ος,,"Παλλήνη, Αθήνα - Ανατολικά Προάστια",,,https://www.remax.gr/assets/media/properties/medium/398494_bb22c28d7e5f464e9a5bedd73e3706cf.jpeg?v=14213079,,,,,2026-10-02T08:27:42Z,398494,2026-10-02,104/pwliseis-agora-katoikies
remax.gr,REMAX En Oiko,https://www.remax.gr/property/398502-polisi-diamerisma-mati,"Διαμέρισμα · Μάτι · Νέα Μάκρη, Αθήνα - Ανατολικά Προάστια",sale,,298000.0,100.0,2,3ος,,"Μάτι, Νέα Μάκρη, Αθήνα - Ανατολικά Προάστια",,,https://www.remax.gr/assets/media/properties/medium/398502_f634cb20b88c4de9a5ebba68017c697f.png?v=14213176,,,,,2026-10-02T08:27:42Z,398502,2026-10-02,104/pwliseis-agora-katoikies
remax.gr,REMAX En Oiko,https://www.remax.gr/property/398510-enoikiasi-biomichaniko-biotechniko-korwpi,Βιομηχανικό/Βιοτεχνικό · Κορωπί · Αθήνα - Ανατολικά Προάστια,rent,,6500.0,950.0,,Ισόγειο,,"Κορωπί, Αθήνα - Ανατολικά Προάστια",,,https://www.remax.gr/assets/media/properties/medium/398510_3dfd22e6768e4b2b98a56bec11b84d06.png?v=14213257,,,,,2026-10-02T08:27:42Z,398510,2026-10-02,104/enoikiaseis-epaggelmatika
remax.gr,REMAX En Oiko,https://www.remax.gr/property/398517-polisi-diamerisma-kentro,"Διαμέρισμα · Κέντρο · Γέρακας, Αθήνα - Ανατολικά Προάστια",sale,,105000.0,52.0,1,Ημιυπόγειο,,"Κέντρο, Γέρακας, Αθήνα - Ανατολικά Προάστια",,,https://www.remax.gr/assets/media/properties/medium/398517_bc6ec1a1c0cc4453a72a15991b163275.jpeg?v=14213303,,,,,2026-10-02T08:27:42Z,398517,2026-10-02,104/pwliseis-agora-katoikies
remax.gr,REMAX En Oiko,https://www.remax.gr/property/398527-polisi-diamerisma-gerakas,Διαμέρισμα · Γέρακας · Αθήνα - Ανατολικά Προάστια,sale,,420000.0,122.0,3,2ος,,"Γέρακας, Αθήνα - Ανατολικά Προάστια",,,https://www.remax.gr/assets/media/properties/medium/398527_10ddd20f6609437abfbb59901b1e4ce5.jpeg?v=14213397,,,,,2026-10-02T08:27:42Z,398527,2026-10-02,104/pwliseis-agora-katoikies
remax.gr,REMAX En Oiko,https://www.remax.gr/property/398530-enoikiasi-epaggelmatiko-ktirio-gerakas,Eπαγγελματικό Kτήριο · Γέρακας · Αθήνα - Ανατολικά Προάστια,rent,,3300.0,450.0,,Ισόγειο,,"Γέρακας, Αθήνα - Ανατολικά Προάστια",,,https://www.remax.gr/assets/media/properties/medium/398530_21392b41404c4f84a9a4c9a649e25be2.png?v=14213441,,,,,2026-10-02T08:27:42Z,398530,2026-10-02,104/enoikiaseis-epaggelmatika
remax.gr,REMAX Properties Investment,https://www.remax.gr/property/398541-polisi-oikopedo-gia-katoikia-glyka-nera,Οικόπεδο για κατοικία · Γλυκά Νερά · Αθήνα - Ανατολικά Προάστια,sale,,120000.0,376.0,,,,"Γλυκά Νερά, Αθήνα - Ανατολικά Προάστια",,,https://www.remax.gr/assets/media/properties/medium/398541_e2296a2d91d8471ca409ad2494575988.jpeg?v=14213606,,,,,2026-10-02T08:27:42Z,398541,2026-10-02,104/pwliseis-agora-gi
remax.gr,REMAX En Oiko,https://www.remax.gr/property/398544-polisi-oikopedo-gia-katoikia-artemida-loytsa,Οικόπεδο για κατοικία · Αρτέμιδα (Λούτσα) · Αθήνα - Ανατολικά Προάστια,sale,,110000.0,529.0,,,,"Αρτέμιδα (Λούτσα), Αθήνα - Ανατολικά Προάστια",,,https://www.remax.gr/assets/media/properties/medium/398544_1ad7aecb61ac4e05a50579540e3b06ec.png?v=14213676,,,,,2026-10-02T08:27:42Z,398544,2026-10-02,104/pwliseis-agora-gi
remax.gr,REMAX En Oiko,https://www.remax.gr/property/398556-polisi-oikopedo-gia-katoikia-kamatero,Οικόπεδο για κατοικία · Καματερό · Αθήνα - Δυτικά Προάστια,sale,,130000.0,186.0,,,,"Καματερό, Αθήνα - Δυτικά Προάστια",,,https://www.remax.gr/assets/media/properties/medium/398556_2f9c711c3c324907825075a57ffdfa51.jpeg?v=14213765,,,,,2026-10-02T08:27:42Z,398556,2026-10-02,103/pwliseis-agora-gi
remax.gr,REMAX Properties Investment,https://www.remax.gr/property/398644-polisi-mezoneta-kentro,"Μεζονέτα · Κέντρο · Νέα Μάκρη, Αθήνα - Ανατολικά Προάστια",sale,,175000.0,82.0,1,Ισόγειο,,"Κέντρο, Νέα Μάκρη, Αθήνα - Ανατολικά Προάστια",,,https://www.remax.gr/assets/media/properties/medium/398644_32c2893a3b634f43b105115ad7c60b8b.jpeg?v=14347481,,,,,2026-10-02T08:27:42Z,398644,2026-10-02,104/pwliseis-agora-katoikies
remax.gr,REMAX,https://www.remax.gr/property/398673-enoikiasi-epaggelmatiko-ktirio-amygdaleza,"Eπαγγελματικό Kτήριο · Αμυγδαλέζα · Αχαρνές, Αθήνα - Δυτικά Προάστια",rent,,2700.0,168.0,4,Ισόγειο,,"Αμυγδαλέζα, Αχαρνές, Αθήνα - Δυτικά Προάστια",,,https://www.remax.gr/assets/media/properties/medium/398673_bce6a16ff49a4fc5871f2ee4963a2bfa.png?v=14215512,,,,,2026-10-02T08:27:42Z,398673,2026-10-02,103/enoikiaseis-epaggelmatika
remax.gr,REMAX Properties Investment 5,https://www.remax.gr/property/398713-enoikiasi-apothiki-xrysallida,"Αποθήκη · Χρυσαλλίδα · Νέα Χαλκηδόνα, Αθήνα - Δυτικά Προάστια",rent,,1100.0,270.0,,Ημιυπόγειο,,"Χρυσαλλίδα, Νέα Χαλκηδόνα, Αθήνα - Δυτικά Προάστια",,,https://www.remax.gr/assets/media/properties/medium/398713_cb9673ecd70444d494952375d5df00d8.jpeg?v=14216163,,,,,2026-10-02T08:27:42Z,398713,2026-10-02,103/enoikiaseis-epaggelmatika
remax.gr,REMAX Properties Investment 5,https://www.remax.gr/property/398716-enoikiasi-katastima-kentro,"Κατάστημα · Κέντρο · Αγιοι Ανάργυροι, Αθήνα - Δυτικά Προάστια",rent,,2200.0,150.0,,Ισόγειο,,"Κέντρο, Αγιοι Ανάργυροι, Αθήνα - Δυτικά Προάστια",,,https://www.remax.gr/assets/media/properties/medium/398716_ad86931c44124bebb9a4acac49ad5810.jpeg?v=14216216,,,,,2026-10-02T08:27:42Z,398716,2026-10-02,103/enoikiaseis-epaggelmatika
remax.gr,REMAX Evolution,https://www.remax.gr/property/398717-polisi-monokatoikia-royntzeri-lemproy,"Μονοκατοικία · Ρουντζέρι Λεμπρού · Κερατέα, Υπόλοιπο Αττικής",sale,,150000.0,160.0,2,Ισόγειο,,"Ρουντζέρι Λεμπρού, Κερατέα, Υπόλοιπο Αττικής",,,https://www.remax.gr/assets/media/properties/medium/398717_3503_12828548.jpeg?v=14216231,,,,,2026-10-02T08:27:42Z,398717,2026-10-02,107/pwliseis-agora-katoikies
remax.gr,REMAX Properties Investment,https://www.remax.gr/property/398791-polisi-monokatoikia-gerakas,Μονοκατοικία · Γέρακας · Αθήνα - Ανατολικά Προάστια,sale,,540000.0,320.0,4,Ισόγειο,,"Γέρακας, Αθήνα - Ανατολικά Προάστια",,,https://www.remax.gr/assets/media/properties/medium/398791_8c57b5e374e24f91a728002088a7efa1.jpeg?v=14217577,,,,,2026-10-02T08:27:42Z,398791,2026-10-02,104/pwliseis-agora-katoikies
remax.gr,REMAX Real Advisor,https://www.remax.gr/property/398830-polisi-epaggelmatiko-ktirio-axarnes,Eπαγγελματικό Kτήριο · Αχαρνές · Αθήνα - Δυτικά Προάστια,sale,,488000.0,878.0,,Ισόγειο,,"Αχαρνές, Αθήνα - Δυτικά Προάστια",,,https://www.remax.gr/assets/media/properties/medium/398830_366f1a992e414bf1b30fa44dd7dbcb32.jpeg?v=14222332,,,,,2026-10-02T08:27:42Z,398830,2026-10-02,103/pwliseis-agora-epaggelmatika
remax.gr,REMAX Properties Investment 2,https://www.remax.gr/property/398871-polisi-monokatoikia-lagonhsi,"Μονοκατοικία · Λαγονήσι · Καλύβια Θορικού, Υπόλοιπο Αττικής",sale,,180000.0,90.0,3,Ισόγειο,,"Λαγονήσι, Καλύβια Θορικού, Υπόλοιπο Αττικής",,,https://www.remax.gr/assets/media/properties/medium/398871_45d8c2dd8bb84b75916ebdabdca5c3cb.jpeg?v=14219075,,,,,2026-10-02T08:27:42Z,398871,2026-10-02,107/pwliseis-agora-katoikies
remax.gr,REMAX Central,https://www.remax.gr/property/398874-enoikiasi-katastima-peristeri,Κατάστημα · Περιστέρι · Αθήνα - Δυτικά Προάστια,rent,,2000.0,303.0,,Ισόγειο,,"Περιστέρι, Αθήνα - Δυτικά Προάστια",,,https://www.remax.gr/assets/media/properties/medium/398874_02bc14d13fc140328021daa83ed78e31.jpeg?v=14219127,,,,,2026-10-02T08:27:42Z,398874,2026-10-02,103/enoikiaseis-epaggelmatika
remax.gr,REMAX Central,https://www.remax.gr/property/398909-polisi-katastima-nea-makrh,Κατάστημα · Νέα Μάκρη · Αθήνα - Ανατολικά Προάστια,sale,,360000.0,290.0,3,Ισόγειο,,"Νέα Μάκρη, Αθήνα - Ανατολικά Προάστια",,,https://www.remax.gr/assets/media/properties/medium/398909_ecf5b7c4287d47d4a0eaaa5f84882d17.jpeg?v=14219736,,,,,2026-10-02T08:27:42Z,398909,2026-10-02,104/pwliseis-agora-epaggelmatika
remax.gr,REMAX Properties Investment 5,https://www.remax.gr/property/398910-enoikiasi-apothiki-lazaroy,"Αποθήκη · Λαζάρου · Νέα Ιωνία, Αθήνα - Δυτικά Προάστια",rent,,1500.0,370.0,,Ημιυπόγειο,,"Λαζάρου, Νέα Ιωνία, Αθήνα - Δυτικά Προάστια",,,https://www.remax.gr/assets/media/properties/medium/398910_62a16159811042f6a421c791325f2691.jpeg?v=14219743,,,,,2026-10-02T08:27:42Z,398910,2026-10-02,103/enoikiaseis-epaggelmatika
remax.gr,REMAX 361 Solutions,https://www.remax.gr/property/399036-polisi-oikopedo-gia-katoikia-kentro,"Οικόπεδο για κατοικία · Κέντρο · Γέρακας, Αθήνα - Ανατολικά Προάστια",sale,,270000.0,353.0,,,,"Κέντρο, Γέρακας, Αθήνα - Ανατολικά Προάστια",,,https://www.remax.gr/assets/media/properties/medium/399036_16_7914798.jpeg?v=14221629,,,,,2026-10-02T08:27:42Z,399036,2026-10-02,104/pwliseis-agora-gi
remax.gr,REMAX Real Advisor,https://www.remax.gr/property/399099-enoikiasi-apothiki-axarnes,Αποθήκη · Αχαρνές · Αθήνα - Δυτικά Προάστια,rent,,6770.0,700.0,,Ισόγειο,,"Αχαρνές, Αθήνα - Δυτικά Προάστια",,,https://www.remax.gr/assets/media/properties/medium/399099_770d4550090746c6b5d5021166a153ec.jpeg?v=14222568,,,,,2026-10-02T08:27:42Z,399099,2026-10-02,103/enoikiaseis-epaggelmatika
remax.gr,REMAX Ergon,https://www.remax.gr/property/399142-enoikiasi-alla-epaggelmatika-nea-iwnia,Άλλα επαγγελματικά · Νέα Ιωνία · Αθήνα - Δυτικά Προάστια,rent,,3900.0,440.0,,Ισόγειο,,"Νέα Ιωνία, Αθήνα - Δυτικά Προάστια",,,https://www.remax.gr/assets/media/properties/medium/399142_a19297fd233e0f7bb3cf6c961ee6d9d5.jpeg?v=14223419,,,,,2026-10-02T08:27:42Z,399142,2026-10-02,103/enoikiaseis-epaggelmatika
remax.gr,REMAX En Oiko,https://www.remax.gr/property/399179-polisi-monokatoikia-artemida-loytsa,Μονοκατοικία · Αρτέμιδα (Λούτσα) · Αθήνα - Ανατολικά Προάστια,sale,,295000.0,227.0,4,Ισόγειο,,"Αρτέμιδα (Λούτσα), Αθήνα - Ανατολικά Προάστια",,,https://www.remax.gr/assets/media/properties/medium/399179_a01a85a44d9947fabad3612659e606fa.jpeg?v=14223924,,,,,2026-10-02T08:27:42Z,399179,2026-10-02,104/pwliseis-agora-katoikies
remax.gr,REMAX Abacus Properties,https://www.remax.gr/property/399200-polisi-apothiki-dasos,"Αποθήκη · Δάσος · Χαϊδάρι, Αθήνα - Δυτικά Προάστια",sale,,95000.0,79.0,1,Ισόγειο,,"Δάσος, Χαϊδάρι, Αθήνα - Δυτικά Προάστια",,,https://www.remax.gr/assets/media/properties/medium/399200_2a9d4a14247049768524743645649c81.png?v=14224299,,,,,2026-10-02T08:27:42Z,399200,2026-10-02,103/pwliseis-agora-epaggelmatika
remax.gr,REMAX Properties Investment 5,https://www.remax.gr/property/399223-enoikiasi-katastima-alsoypolh,"Κατάστημα · Αλσούπολη · Νέα Ιωνία, Αθήνα - Δυτικά Προάστια",rent,,1200.0,87.0,2,Ισόγειο,,"Αλσούπολη, Νέα Ιωνία, Αθήνα - Δυτικά Προάστια",,,https://www.remax.gr/assets/media/properties/medium/399223_cb9340eaa2a34ad3ac7c22242c5c6d91.png?v=14224595,,,,,2026-10-02T08:27:42Z,399223,2026-10-02,103/enoikiaseis-epaggelmatika
remax.gr,REMAX En Oiko,https://www.remax.gr/property/399246-polisi-oikopedo-gia-epaggelmatiki-chrisi-gerakas,Οικόπεδο για επαγγελματική χρήση · Γέρακας · Αθήνα - Ανατολικά Προάστια,sale,,850000.0,1000.0,,,,"Γέρακας, Αθήνα - Ανατολικά Προάστια",,,https://www.remax.gr/assets/media/properties/medium/399246_ae792ae75c1b4f4c9789ca1550fe9d4a.jpeg?v=14224934,,,,,2026-10-02T08:27:42Z,399246,2026-10-02,104/pwliseis-agora-gi
remax.gr,REMAX Real Advisor,https://www.remax.gr/property/399256-polisi-mezoneta-sykamino,Μεζονέτα · Συκάμινο · Υπόλοιπο Αττικής,sale,,290000.0,215.0,4,Ισόγειο,,"Συκάμινο, Υπόλοιπο Αττικής",,,https://www.remax.gr/assets/media/properties/medium/399256_ee6cde4c6535472d96837912c77fe5f1.jpeg?v=14225124,,,,,2026-10-02T08:27:42Z,399256,2026-10-02,107/pwliseis-agora-katoikies
remax.gr,REMAX Central,https://www.remax.gr/property/399411-polisi-mezoneta-katw-leontari,"Μεζονέτα · Κάτω Λεοντάρι · Παλλήνη, Αθήνα - Ανατολικά Προάστια",sale,,320000.0,130.0,4,2ος,,"Κάτω Λεοντάρι, Παλλήνη, Αθήνα - Ανατολικά Προάστια",,,https://www.remax.gr/assets/media/properties/medium/399411_18940967d71440f982fcb55b7275c51f.jpeg?v=14227809,,,,,2026-10-02T08:27:42Z,399411,2026-10-02,104/pwliseis-agora-katoikies
remax.gr,REMAX Properties Investment,https://www.remax.gr/property/399421-polisi-oikopedo-gia-katoikia-panorama,"Οικόπεδο για κατοικία · Πανόραμα · Πετρούπολη, Αθήνα - Δυτικά Προάστια",sale,,205000.0,200.0,,,,"Πανόραμα, Πετρούπολη, Αθήνα - Δυτικά Προάστια",,,https://www.remax.gr/assets/media/properties/medium/399421_07c7594833bf411ea835140606999657.jpeg?v=14227953,,,,,2026-10-02T08:27:42Z,399421,2026-10-02,103/pwliseis-agora-gi
remax.gr,REMAX Fidelity Brokers 2,https://www.remax.gr/property/399448-polisi-monokatoikia-lagonhsi,"Μονοκατοικία · Λαγονήσι · Καλύβια Θορικού, Υπόλοιπο Αττικής",sale,,180000.0,80.0,2,Ισόγειο,,"Λαγονήσι, Καλύβια Θορικού, Υπόλοιπο Αττικής",,,https://www.remax.gr/assets/media/properties/medium/399448_3932_55403711.jpeg?v=14228354,,,,,2026-10-02T08:27:42Z,399448,2026-10-02,107/pwliseis-agora-katoikies
remax.gr,REMAX Porto,https://www.remax.gr/property/399661-polisi-monokatoikia-porto-rafth,"Μονοκατοικία · Πόρτο Ράφτη · Μαρκόπουλο, Υπόλοιπο Αττικής",sale,,240000.0,73.0,2,Ισόγειο,,"Πόρτο Ράφτη, Μαρκόπουλο, Υπόλοιπο Αττικής",,,https://www.remax.gr/assets/media/properties/medium/399661_4_10868299.jpeg?v=14230777,,,,,2026-10-02T08:27:42Z,399661,2026-10-02,107/pwliseis-agora-katoikies
remax.gr,REMAX Elite,https://www.remax.gr/property/399676-polisi-mezoneta-glyka-nera,Μεζονέτα · Γλυκά Νερά · Αθήνα - Ανατολικά Προάστια,sale,,535000.0,174.0,4,Ισόγειο,,"Γλυκά Νερά, Αθήνα - Ανατολικά Προάστια",,,https://www.remax.gr/assets/media/properties/medium/399676_c2a22690d6c4897c602aa05fd0df921a.jpeg?v=14231094,,,,,2026-10-02T08:27:42Z,399676,2026-10-02,104/pwliseis-agora-katoikies
remax.gr,REMAX Ergon,https://www.remax.gr/property/399680-polisi-diamerisma-kantza,"Διαμέρισμα · Κάντζα · Παλλήνη, Αθήνα - Ανατολικά Προάστια",sale,,430000.0,102.0,2,1ος,,"Κάντζα, Παλλήνη, Αθήνα - Ανατολικά Προάστια",,,https://www.remax.gr/assets/media/properties/medium/399680_fdc7bf3bc35baa8e4b8795a15a6fe5c8.jpeg?v=14231132,,,,,2026-10-02T08:27:42Z,399680,2026-10-02,104/pwliseis-agora-katoikies
remax.gr,REMAX 361 Solutions,https://www.remax.gr/property/399729-polisi-oikopedo-gia-katoikia-agios-iwannhs,"Οικόπεδο για κατοικία · Άγιος Ιωάννης · Αρτέμιδα (Λούτσα), Αθήνα - Ανατολικά Προάστια",sale,,50000.0,207.0,,,,"Άγιος Ιωάννης, Αρτέμιδα (Λούτσα), Αθήνα - Ανατολικά Προάστια",,,https://www.remax.gr/assets/media/properties/medium/399729_20_7824568.jpeg?v=14231715,,,,,2026-10-02T08:27:42Z,399729,2026-10-02,104/pwliseis-agora-gi
remax.gr,REMAX En Oiko,https://www.remax.gr/property/399784-polisi-oikopedo-gia-katoikia-agioi-anargyroi,Οικόπεδο για κατοικία · Αγιοι Ανάργυροι · Αθήνα - Δυτικά Προάστια,sale,,170000.0,201.0,,,,"Αγιοι Ανάργυροι, Αθήνα - Δυτικά Προάστια",,,https://www.remax.gr/assets/media/properties/medium/399784_755ec177ca6c4ae1a4609ffadc1233a6.png?v=14232693,,,,,2026-10-02T08:27:42Z,399784,2026-10-02,103/pwliseis-agora-gi
remax.gr,REMAX 361 Solutions,https://www.remax.gr/property/399805-polisi-oikopedo-gia-katoikia-panorama,"Οικόπεδο για κατοικία · Πανόραμα · Παλλήνη, Αθήνα - Ανατολικά Προάστια",sale,,180000.0,670.0,,,,"Πανόραμα, Παλλήνη, Αθήνα - Ανατολικά Προάστια",,,https://www.remax.gr/assets/media/properties/medium/399805_22_7994347.jpeg?v=14232964,,,,,2026-10-02T08:27:42Z,399805,2026-10-02,104/pwliseis-agora-gi
remax.gr,REMAX Real Advisor,https://www.remax.gr/property/399807-enoikiasi-epaggelmatiko-ktirio-ilion,Eπαγγελματικό Kτήριο · Ίλιον · Αθήνα - Δυτικά Προάστια,rent,,5900.0,920.0,,Ισόγειο,,"Ίλιον, Αθήνα - Δυτικά Προάστια",,,https://www.remax.gr/assets/media/properties/medium/399807_7730e95432d7407abecf2021795f3d6c.jpeg?v=14233015,,,,,2026-10-02T08:27:42Z,399807,2026-10-02,103/enoikiaseis-epaggelmatika
remax.gr,REMAX Ergon,https://www.remax.gr/property/399842-polisi-diamerisma-kantza,"Διαμέρισμα · Κάντζα · Παλλήνη, Αθήνα - Ανατολικά Προάστια",sale,,420000.0,103.0,2,Ισόγειο,,"Κάντζα, Παλλήνη, Αθήνα - Ανατολικά Προάστια",,,https://www.remax.gr/assets/media/properties/medium/399842_bbbee12e881819fffaf9a81239dfdfd6.jpeg?v=14233674,,,,,2026-10-02T08:27:42Z,399842,2026-10-02,104/pwliseis-agora-katoikies
remax.gr,REMAX Evolution,https://www.remax.gr/property/399888-polisi-oikopedo-gia-katoikia-karellas,"Οικόπεδο για κατοικία · Καρελλάς · Κορωπί, Αθήνα - Ανατολικά Προάστια",sale,,356000.0,1187.0,,,,"Καρελλάς, Κορωπί, Αθήνα - Ανατολικά Προάστια",,,https://www.remax.gr/assets/media/properties/medium/399888_3499_12844567.jpeg?v=14234457,,,,,2026-10-02T08:27:42Z,399888,2026-10-02,104/pwliseis-agora-gi
remax.gr,REMAX Properties Investment 5,https://www.remax.gr/property/399901-enoikiasi-epaggelmatiko-ktirio-apomaxoi,"Eπαγγελματικό Kτήριο · Απόμαχοι · Νέα Φιλαδέλφεια, Αθήνα - Δυτικά Προάστια",rent,,1250.0,185.0,,Ισόγειο,,"Απόμαχοι, Νέα Φιλαδέλφεια, Αθήνα - Δυτικά Προάστια",,,https://www.remax.gr/assets/media/properties/medium/399901_89d29afb630e41b1b6759a099642f640.jpeg?v=14234613,,,,,2026-10-02T08:27:42Z,399901,2026-10-02,103/enoikiaseis-epaggelmatika
remax.gr,REMAX Ergon,https://www.remax.gr/property/400000-polisi-gkarsoniera-studio-kantza,"Γκαρσονιέρα/Studio · Κάντζα · Παλλήνη, Αθήνα - Ανατολικά Προάστια",sale,,150000.0,39.0,1,Ισόγειο,,"Κάντζα, Παλλήνη, Αθήνα - Ανατολικά Προάστια",,,https://www.remax.gr/assets/media/properties/medium/400000_61878db05353e349964a441c877ac8be.jpeg?v=14236113,,,,,2026-10-02T08:27:42Z,400000,2026-10-02,104/pwliseis-agora-katoikies
remax.gr,REMAX Ergon,https://www.remax.gr/property/400001-polisi-mezoneta-kantza,"Μεζονέτα · Κάντζα · Παλλήνη, Αθήνα - Ανατολικά Προάστια",sale,,520000.0,150.0,3,3ος,,"Κάντζα, Παλλήνη, Αθήνα - Ανατολικά Προάστια",,,https://www.remax.gr/assets/media/properties/medium/400001_e2e0f8b4f3c9c153d5c55cbf932616aa.jpeg?v=14236116,,,,,2026-10-02T08:27:42Z,400001,2026-10-02,104/pwliseis-agora-katoikies
remax.gr,REMAX Ergon,https://www.remax.gr/property/400003-polisi-mezoneta-kantza,"Μεζονέτα · Κάντζα · Παλλήνη, Αθήνα - Ανατολικά Προάστια",sale,,400000.0,122.0,3,Ισόγειο,,"Κάντζα, Παλλήνη, Αθήνα - Ανατολικά Προάστια",,,https://www.remax.gr/assets/media/properties/medium/400003_4c79c989a0740135fc679566b92107d1.jpeg?v=14236122,,,,,2026-10-02T08:27:42Z,400003,2026-10-02,104/pwliseis-agora-katoikies
remax.gr,REMAX Abacus Properties,https://www.remax.gr/property/400023-enoikiasi-oikopedo-gia-katoikia-kentro,"Οικόπεδο για κατοικία · Κέντρο · Γέρακας, Αθήνα - Ανατολικά Προάστια",rent,,800.0,440.0,,,,"Κέντρο, Γέρακας, Αθήνα - Ανατολικά Προάστια",,,https://www.remax.gr/assets/media/properties/medium/400023_ae46821eaf514b9e9697b8add5972d57.jpeg?v=14236498,,,,,2026-10-02T08:27:42Z,400023,2026-10-02,104/enoikiaseis-gi
remax.gr,REMAX Ergon,https://www.remax.gr/property/400047-enoikiasi-alla-epaggelmatika-nea-iwnia,Άλλα επαγγελματικά · Νέα Ιωνία · Αθήνα - Δυτικά Προάστια,rent,,1500.0,260.0,,Ισόγειο,,"Νέα Ιωνία, Αθήνα - Δυτικά Προάστια",,,https://www.remax.gr/assets/media/properties/medium/400047_2c27e526198ed309f09bd95e74c49461.jpeg?v=14236923,,,,,2026-10-02T08:27:42Z,400047,2026-10-02,103/enoikiaseis-epaggelmatika
remax.gr,REMAX Ergon,https://www.remax.gr/property/400048-polisi-ktirio--nea-iwnia,Κτήριο · Νέα Ιωνία · Αθήνα - Δυτικά Προάστια,sale,,2000000.0,1300.0,,Ισόγειο,,"Νέα Ιωνία, Αθήνα - Δυτικά Προάστια",,,https://www.remax.gr/assets/media/properties/medium/400048_f3f5e2a12dc4fde066234d8f6eb1ebf8.jpeg?v=14236933,,,,,2026-10-02T08:27:42Z,400048,2026-10-02,103/pwliseis-agora-epaggelmatika
remax.gr,REMAX Central,https://www.remax.gr/property/400099-enoikiasi-katastima-aigalew,Κατάστημα · Αιγάλεω · Αθήνα - Δυτικά Προάστια,rent,,1000.0,100.0,,Ισόγειο,,"Αιγάλεω, Αθήνα - Δυτικά Προάστια",,,https://www.remax.gr/assets/media/properties/medium/400099_f857c11368d141bd8cc5931b1f93f335.jpeg?v=14237841,,,,,2026-10-02T08:27:42Z,400099,2026-10-02,103/enoikiaseis-epaggelmatika
remax.gr,REMAX Properties Investment 2,https://www.remax.gr/property/400122-polisi-diamerisma-sarwnida,Διαμέρισμα · Σαρωνίδα · Υπόλοιπο Αττικής,sale,,240000.0,70.0,2,1ος,,"Σαρωνίδα, Υπόλοιπο Αττικής",,,https://www.remax.gr/assets/media/properties/medium/400122_43e89b05c4c342c0be6bb345abc5ff5a.jpeg?v=14281156,,,,,2026-10-02T08:27:42Z,400122,2026-10-02,107/pwliseis-agora-katoikies
remax.gr,REMAX Central,https://www.remax.gr/property/400160-enoikiasi-grafeio-galatsi,Γραφείο · Γαλάτσι · Αθήνα - Δυτικά Προάστια,rent,,1500.0,200.0,5,1ος,,"Γαλάτσι, Αθήνα - Δυτικά Προάστια",,,https://www.remax.gr/assets/media/properties/medium/400160_3bb49f8946cb4963821a4f5a8cb177f4.jpeg?v=14238970,,,,,2026-10-02T08:27:42Z,400160,2026-10-02,103/enoikiaseis-epaggelmatika
remax.gr,REMAX Ergon,https://www.remax.gr/property/400178-polisi-oikopedo-gia-katoikia-pallhnh,Οικόπεδο για κατοικία · Παλλήνη · Αθήνα - Ανατολικά Προάστια,sale,,65000.0,270.0,,,,"Παλλήνη, Αθήνα - Ανατολικά Προάστια",,,https://www.remax.gr/assets/media/properties/medium/400178_fce73aed24bdbd96e17c5e441929e8e8.jpeg?v=14239208,,,,,2026-10-02T08:27:42Z,400178,2026-10-02,104/pwliseis-agora-gi
remax.gr,REMAX Properties Investment,https://www.remax.gr/property/400185-enoikiasi-oikopedo-gia-epaggelmatiki-chrisi-korwpi,Οικόπεδο για επαγγελματική χρήση · Κορωπί · Αθήνα - Ανατολικά Προάστια,rent,,1150.0,2306.0,,,,"Κορωπί, Αθήνα - Ανατολικά Προάστια",,,https://www.remax.gr/assets/media/properties/medium/400185_f3ceeeb3bdcd4a808377d6e1ca437656.jpeg?v=14239271,,,,,2026-10-02T08:27:42Z,400185,2026-10-02,104/enoikiaseis-gi
remax.gr,REMAX Properties Investment,https://www.remax.gr/property/400186-polisi-diamerisma-mati,"Διαμέρισμα · Μάτι · Νέα Μάκρη, Αθήνα - Ανατολικά Προάστια",sale,,145000.0,60.0,1,1ος,,"Μάτι, Νέα Μάκρη, Αθήνα - Ανατολικά Προάστια",,,https://www.remax.gr/assets/media/properties/medium/400186_d2469b70811c4a2a8549503926c2740d.jpeg?v=14239314,,,,,2026-10-02T08:27:42Z,400186,2026-10-02,104/pwliseis-agora-katoikies
remax.gr,REMAX Friends,https://www.remax.gr/property/400258-enoikiasi-katastima-aigalew,Κατάστημα · Αιγάλεω · Αθήνα - Δυτικά Προάστια,rent,,600.0,44.0,,Ισόγειο,,"Αιγάλεω, Αθήνα - Δυτικά Προάστια",,,https://www.remax.gr/assets/media/properties/medium/400258_85179bfa69f540c790c5e01682ac0a62.jpeg?v=14240270,,,,,2026-10-02T08:27:42Z,400258,2026-10-02,103/enoikiaseis-epaggelmatika
remax.gr,REMAX Central,https://www.remax.gr/property/400335-polisi-oikopedo-gia-katoikia-xrysallida,"Οικόπεδο για κατοικία · Χρυσαλλίδα · Νέα Χαλκηδόνα, Αθήνα - Δυτικά Προάστια",sale,,340000.0,234.0,,,,"Χρυσαλλίδα, Νέα Χαλκηδόνα, Αθήνα - Δυτικά Προάστια",,,https://www.remax.gr/assets/media/properties/medium/400335_0476318a89d846108c35b757cfb25ba0.png?v=14241694,,,,,2026-10-02T08:27:42Z,400335,2026-10-02,103/pwliseis-agora-gi
remax.gr,REMAX Zed,https://www.remax.gr/property/400392-polisi-oikopedo-gia-katoikia-kentro,"Οικόπεδο για κατοικία · Κέντρο · Γέρακας, Αθήνα - Ανατολικά Προάστια",sale,,220000.0,209.0,,,,"Κέντρο, Γέρακας, Αθήνα - Ανατολικά Προάστια",,,https://www.remax.gr/assets/media/properties/medium/400392_22_32947315.jpeg?v=14242669,,,,,2026-10-02T08:27:42Z,400392,2026-10-02,104/pwliseis-agora-gi
remax.gr,REMAX Evolution,https://www.remax.gr/property/400394-polisi-monokatoikia-paralia-daskaleioy,"Μονοκατοικία · Παραλία Δασκαλειού · Κερατέα, Υπόλοιπο Αττικής",sale,,198000.0,130.0,3,Ισόγειο,,"Παραλία Δασκαλειού, Κερατέα, Υπόλοιπο Αττικής",,,https://www.remax.gr/assets/media/properties/medium/400394_3503_12892966.jpeg?v=14242675,,,,,2026-10-02T08:27:42Z,400394,2026-10-02,107/pwliseis-agora-katoikies
remax.gr,REMAX Evolution,https://www.remax.gr/property/400395-polisi-monokatoikia-mayro-lithari,"Μονοκατοικία · Μαύρο Λιθάρι · Ανάβυσσος, Υπόλοιπο Αττικής",sale,,170000.0,80.0,2,Ισόγειο,,"Μαύρο Λιθάρι, Ανάβυσσος, Υπόλοιπο Αττικής",,,https://www.remax.gr/assets/media/properties/medium/400395_3496_12883865.jpeg?v=14262556,,,,,2026-10-02T08:27:42Z,400395,2026-10-02,107/pwliseis-agora-katoikies
remax.gr,REMAX 361 Solutions,https://www.remax.gr/property/400403-polisi-oikopedo-gia-katoikia-kentro,"Οικόπεδο για κατοικία · Κέντρο · Παιανία, Αθήνα - Ανατολικά Προάστια",sale,,256000.0,882.0,,,,"Κέντρο, Παιανία, Αθήνα - Ανατολικά Προάστια",,,https://www.remax.gr/assets/media/properties/medium/400403_10_8093926.jpeg?v=14242828,,,,,2026-10-02T08:27:42Z,400403,2026-10-02,104/pwliseis-agora-gi
remax.gr,REMAX Properties Investment,https://www.remax.gr/property/400420-polisi-diamerisma-stayros-geraka,"Διαμέρισμα · Σταυρός Γέρακα · Γέρακας, Αθήνα - Ανατολικά Προάστια",sale,,350000.0,113.0,3,Ισόγειο,,"Σταυρός Γέρακα, Γέρακας, Αθήνα - Ανατολικά Προάστια",,,https://www.remax.gr/assets/media/properties/medium/400420_caa7a251c5904515bd57e15f804e063b.png?v=14243089,,,,,2026-10-02T08:27:42Z,400420,2026-10-02,104/pwliseis-agora-katoikies
remax.gr,REMAX Properties Investment,https://www.remax.gr/property/400423-polisi-diamerisma-stayros-geraka,"Διαμέρισμα · Σταυρός Γέρακα · Γέρακας, Αθήνα - Ανατολικά Προάστια",sale,,390000.0,115.0,3,1ος,,"Σταυρός Γέρακα, Γέρακας, Αθήνα - Ανατολικά Προάστια",,,https://www.remax.gr/assets/media/properties/medium/400423_cc651ee3945142e9a8f3a7c1f3242288.png?v=14243167,,,,,2026-10-02T08:27:42Z,400423,2026-10-02,104/pwliseis-agora-katoikies
remax.gr,REMAX En Oiko,https://www.remax.gr/property/400450-polisi-monokatoikia-agia-triada,"Μονοκατοικία · Αγία Τριάδα · Αφίδνες, Υπόλοιπο Αττικής",sale,,350000.0,300.0,5,Ισόγειο,,"Αγία Τριάδα, Αφίδνες, Υπόλοιπο Αττικής",,,https://www.remax.gr/assets/media/properties/medium/400450_2f0e1365434c4ae6bd68fe507bfcfc75.png?v=14270191,,,,,2026-10-02T08:27:42Z,400450,2026-10-02,107/pwliseis-agora-katoikies
remax.gr,REMAX Real,https://www.remax.gr/property/400497-polisi-epaggelmatiko-ktirio-kentro,"Eπαγγελματικό Kτήριο · Κέντρο · Κορωπί, Αθήνα - Ανατολικά Προάστια",sale,,1890000.0,1980.0,,Ισόγειο,,"Κέντρο, Κορωπί, Αθήνα - Ανατολικά Προάστια",,,https://www.remax.gr/assets/media/properties/medium/400497_52207603.jpeg?v=14244456,,,,,2026-10-02T08:27:42Z,400497,2026-10-02,104/pwliseis-agora-epaggelmatika
remax.gr,REMAX Evolution,https://www.remax.gr/property/400539-polisi-monokatoikia-benio-daskaleioy,"Μονοκατοικία · Βένιο Δασκαλειού · Κερατέα, Υπόλοιπο Αττικής",sale,,255000.0,120.0,2,Υπόγειο,,"Βένιο Δασκαλειού, Κερατέα, Υπόλοιπο Αττικής",,,https://www.remax.gr/assets/media/properties/medium/400539_3503_12911582.jpeg?v=14245148,,,,,2026-10-02T08:27:42Z,400539,2026-10-02,107/pwliseis-agora-katoikies
remax.gr,REMAX Evolution,https://www.remax.gr/property/400542-polisi-monokatoikia-mylos,"Μονοκατοικία · Μύλος · Κερατέα, Υπόλοιπο Αττικής",sale,,200000.0,75.0,2,Ισόγειο,,"Μύλος, Κερατέα, Υπόλοιπο Αττικής",,,https://www.remax.gr/assets/media/properties/medium/400542_3503_12904847.jpeg?v=14245192,,,,,2026-10-02T08:27:42Z,400542,2026-10-02,107/pwliseis-agora-katoikies
remax.gr,REMAX Evolution,https://www.remax.gr/property/400545-polisi-diamerisma-porto-rafth,"Διαμέρισμα · Πόρτο Ράφτη · Μαρκόπουλο, Υπόλοιπο Αττικής",sale,,310000.0,126.0,3,Ισόγειο,,"Πόρτο Ράφτη, Μαρκόπουλο, Υπόλοιπο Αττικής",,,https://www.remax.gr/assets/media/properties/medium/400545_2870_12872764.jpeg?v=14245254,,,,,2026-10-02T08:27:42Z,400545,2026-10-02,107/pwliseis-agora-katoikies
remax.gr,REMAX Real Advisor,https://www.remax.gr/property/400682-enoikiasi-katastima-mpoyrnazi,"Κατάστημα · Μπουρνάζι · Περιστέρι, Αθήνα - Δυτικά Προάστια",rent,,1300.0,150.0,,Ισόγειο,,"Μπουρνάζι, Περιστέρι, Αθήνα - Δυτικά Προάστια",,,https://www.remax.gr/assets/media/properties/medium/400682_a2a5829f16c3404a8cce9a1dd4375fd5.jpeg?v=14247308,,,,,2026-10-02T08:27:42Z,400682,2026-10-02,103/enoikiaseis-epaggelmatika
remax.gr,REMAX Properties Investment,https://www.remax.gr/property/400726-polisi-oikopedo-gia-katoikia-barympomph,"Οικόπεδο για κατοικία · Βαρυμπόμπη · Αχαρνές, Αθήνα - Δυτικά Προάστια",sale,,49000.0,333.0,,,,"Βαρυμπόμπη, Αχαρνές, Αθήνα - Δυτικά Προάστια",,,https://www.remax.gr/assets/media/properties/medium/400726_ce87a6a474f3483eb6652523af7554a0.jpeg?v=14248030,,,,,2026-10-02T08:27:42Z,400726,2026-10-02,103/pwliseis-agora-gi
remax.gr,REMAX Properties Investment,https://www.remax.gr/property/400791-enoikiasi-mezoneta-moyseio-borre,"Μεζονέτα · Μουσείο Βορρέ · Παιανία, Αθήνα - Ανατολικά Προάστια",rent,,1350.0,136.0,3,Ισόγειο,,"Μουσείο Βορρέ, Παιανία, Αθήνα - Ανατολικά Προάστια",,,https://www.remax.gr/assets/media/properties/medium/400791_6064b98718654d3ab109590ffd429b58.jpeg?v=14248982,,,,,2026-10-02T08:27:42Z,400791,2026-10-02,104/enoikiaseis-katoikies
remax.gr,REMAX 361 Solutions,https://www.remax.gr/property/400795-polisi-oikopedo-gia-katoikia-kentro,"Οικόπεδο για κατοικία · Κέντρο · Γέρακας, Αθήνα - Ανατολικά Προάστια",sale,,200000.0,250.0,,,,"Κέντρο, Γέρακας, Αθήνα - Ανατολικά Προάστια",,,https://www.remax.gr/assets/media/properties/medium/400795_10_8159796.jpeg?v=14297518,,,,,2026-10-02T08:27:42Z,400795,2026-10-02,104/pwliseis-agora-gi
remax.gr,REMAX Real Advisor,https://www.remax.gr/property/400802-enoikiasi-katastima-kentro,"Κατάστημα · Κέντρο · Περιστέρι, Αθήνα - Δυτικά Προάστια",rent,,1500.0,72.0,,Ισόγειο,,"Κέντρο, Περιστέρι, Αθήνα - Δυτικά Προάστια",,,https://www.remax.gr/assets/media/properties/medium/400802_345fb9fcd45342c28377b6e5586af884.png?v=14249204,,,,,2026-10-02T08:27:42Z,400802,2026-10-02,103/enoikiaseis-epaggelmatika
remax.gr,REMAX Properties Investment 2,https://www.remax.gr/property/400812-enoikiasi-monokatoikia-agia-marina,"Μονοκατοικία · Αγία Μαρίνα · Κορωπί, Αθήνα - Ανατολικά Προάστια",rent,,1200.0,115.0,3,Ισόγειο,,"Αγία Μαρίνα, Κορωπί, Αθήνα - Ανατολικά Προάστια",,,https://www.remax.gr/assets/media/properties/medium/400812_2af5f6f17b7c4ac6a3f22ea27eca2f88.jpeg?v=14249371,,,,,2026-10-02T08:27:42Z,400812,2026-10-02,104/enoikiaseis-katoikies
remax.gr,REMAX 361 Solutions,https://www.remax.gr/property/400838-polisi-diamerisma-ano-vakalopoulo,"Διαμέρισμα · Άνω Βακαλόπουλο · Παλλήνη, Αθήνα - Ανατολικά Προάστια",sale,,248000.0,106.0,3,2ος,,"Άνω Βακαλόπουλο, Παλλήνη, Αθήνα - Ανατολικά Προάστια",,,https://www.remax.gr/assets/media/properties/medium/400838_10_2031601.jpeg?v=14249744,,,,,2026-10-02T08:27:42Z,400838,2026-10-02,104/pwliseis-agora-katoikies
remax.gr,REMAX 361 Solutions,https://www.remax.gr/property/400930-polisi-diamerisma-porto-rafth,"Διαμέρισμα · Πόρτο Ράφτη · Μαρκόπουλο, Υπόλοιπο Αττικής",sale,,305000.0,130.0,3,Ισόγειο,,"Πόρτο Ράφτη, Μαρκόπουλο, Υπόλοιπο Αττικής",,,https://www.remax.gr/assets/media/properties/medium/400930_17_8169693.jpeg?v=14251150,,,,,2026-10-02T08:27:42Z,400930,2026-10-02,107/pwliseis-agora-katoikies
remax.gr,REMAX Elite,https://www.remax.gr/property/400939-polisi-oikopedo-gia-katoikia-nea-makrh,Οικόπεδο για κατοικία · Νέα Μάκρη · Αθήνα - Ανατολικά Προάστια,sale,,175000.0,389.0,,,,"Νέα Μάκρη, Αθήνα - Ανατολικά Προάστια",,,https://www.remax.gr/assets/media/properties/medium/400939_39865559402183330076ada30af7a094.jpeg?v=14251316,,,,,2026-10-02T08:27:42Z,400939,2026-10-02,104/pwliseis-agora-gi
remax.gr,REMAX Ergon,https://www.remax.gr/property/400943-enoikiasi-diamerisma-garghttos,"Διαμέρισμα · Γαργηττός · Γέρακας, Αθήνα - Ανατολικά Προάστια",rent,,1100.0,130.0,3,Ισόγειο,,"Γαργηττός, Γέρακας, Αθήνα - Ανατολικά Προάστια",,,https://www.remax.gr/assets/media/properties/medium/400943_320b77063948318f4ae828dfb6eeec06.jpeg?v=14329490,,,,,2026-10-02T08:27:42Z,400943,2026-10-02,104/enoikiaseis-katoikies
remax.gr,REMAX 361 Solutions,https://www.remax.gr/property/400967-polisi-oikopedo-gia-katoikia-foyresi,"Οικόπεδο για κατοικία · Φούρεσι · Γλυκά Νερά, Αθήνα - Ανατολικά Προάστια",sale,,220000.0,254.0,,,,"Φούρεσι, Γλυκά Νερά, Αθήνα - Ανατολικά Προάστια",,,https://www.remax.gr/assets/media/properties/medium/400967_10_8171556.jpeg?v=14251629,,,,,2026-10-02T08:27:42Z,400967,2026-10-02,104/pwliseis-agora-gi
remax.gr,REMAX Ergon,https://www.remax.gr/property/400988-polisi-mezoneta-garghttos,"Μεζονέτα · Γαργηττός · Γέρακας, Αθήνα - Ανατολικά Προάστια",sale,,440000.0,122.0,3,1ος,,"Γαργηττός, Γέρακας, Αθήνα - Ανατολικά Προάστια",,,https://www.remax.gr/assets/media/properties/medium/400988_bdd52a44c77ce45005db8d8a589c61d3.jpeg?v=14345380,,,,,2026-10-02T08:27:42Z,400988,2026-10-02,104/pwliseis-agora-katoikies
remax.gr,REMAX En Oiko,https://www.remax.gr/property/401015-polisi-mezoneta-garghttos,"Μεζονέτα · Γαργηττός · Γέρακας, Αθήνα - Ανατολικά Προάστια",sale,,430000.0,112.0,2,2ος,,"Γαργηττός, Γέρακας, Αθήνα - Ανατολικά Προάστια",,,https://www.remax.gr/assets/media/properties/medium/401015_915a51701227449c913837bdd6e3852e.png?v=14252439,,,,,2026-10-02T08:27:42Z,401015,2026-10-02,104/pwliseis-agora-katoikies
remax.gr,REMAX En Oiko,https://www.remax.gr/property/401016-polisi-mezoneta-gerakas,Μεζονέτα · Γέρακας · Αθήνα - Ανατολικά Προάστια,sale,,450000.0,116.0,2,2ος,,"Γέρακας, Αθήνα - Ανατολικά Προάστια",,,https://www.remax.gr/assets/media/properties/medium/401016_3113f177fccc4823b2d1d5f1fca07af6.png?v=14252444,,,,,2026-10-02T08:27:42Z,401016,2026-10-02,104/pwliseis-agora-katoikies
remax.gr,REMAX 361 Solutions,https://www.remax.gr/property/401106-polisi-diamerisma-agios-dhmhtrios,"Διαμέρισμα · Άγιος Δημήτριος · Κορωπί, Αθήνα - Ανατολικά Προάστια",sale,,135000.0,53.0,1,3ος,,"Άγιος Δημήτριος, Κορωπί, Αθήνα - Ανατολικά Προάστια",,,https://www.remax.gr/assets/media/properties/medium/401106_20_8199278.jpeg?v=14254037,,,,,2026-10-02T08:27:42Z,401106,2026-10-02,104/pwliseis-agora-katoikies
remax.gr,REMAX Real Advisor,https://www.remax.gr/property/401130-polisi-epaggelmatiko-ktirio-petroypolh,Eπαγγελματικό Kτήριο · Πετρούπολη · Αθήνα - Δυτικά Προάστια,sale,,560000.0,500.0,,Ισόγειο,,"Πετρούπολη, Αθήνα - Δυτικά Προάστια",,,https://www.remax.gr/assets/media/properties/medium/401130_3323e8b6a4fd4b8b94b60d22e1072a9b.jpeg?v=14254456,,,,,2026-10-02T08:27:42Z,401130,2026-10-02,103/pwliseis-agora-epaggelmatika
remax.gr,REMAX Real Advisor,https://www.remax.gr/property/401132-enoikiasi-katastima-petroypolh,Κατάστημα · Πετρούπολη · Αθήνα - Δυτικά Προάστια,rent,,1200.0,298.0,,Ισόγειο,,"Πετρούπολη, Αθήνα - Δυτικά Προάστια",,,https://www.remax.gr/assets/media/properties/medium/401132_e5c1e141ce90445a805546efbcf1f5d9.jpeg?v=14254488,,,,,2026-10-02T08:27:42Z,401132,2026-10-02,103/enoikiaseis-epaggelmatika
remax.gr,REMAX Ergon,https://www.remax.gr/property/401233-polisi-oikopedo-gia-katoikia-kentro,"Οικόπεδο για κατοικία · Κέντρο · Γέρακας, Αθήνα - Ανατολικά Προάστια",sale,,320000.0,706.0,,,,"Κέντρο, Γέρακας, Αθήνα - Ανατολικά Προάστια",,,https://www.remax.gr/assets/media/properties/medium/401233_3968d9c9d6ce70e95d2ff0473ba59477.jpeg?v=14256002,,,,,2026-10-02T08:27:42Z,401233,2026-10-02,104/pwliseis-agora-gi
remax.gr,REMAX Real Advisor,https://www.remax.gr/property/401283-polisi-epaggelmatiko-ktirio-galatsi,Eπαγγελματικό Kτήριο · Γαλάτσι · Αθήνα - Δυτικά Προάστια,sale,,1900000.0,950.0,16,Ισόγειο,,"Γαλάτσι, Αθήνα - Δυτικά Προάστια",,,https://www.remax.gr/assets/media/properties/medium/401283_bebe90208da94d7c9a550d7ce0a60178.jpeg?v=14256783,,,,,2026-10-02T08:27:42Z,401283,2026-10-02,103/pwliseis-agora-epaggelmatika
remax.gr,REMAX Real Advisor,https://www.remax.gr/property/401285-polisi-biomichaniko-biotechniko-peristeri,Βιομηχανικό/Βιοτεχνικό · Περιστέρι · Αθήνα - Δυτικά Προάστια,sale,,850000.0,500.0,,Ισόγειο,,"Περιστέρι, Αθήνα - Δυτικά Προάστια",,,https://www.remax.gr/assets/media/properties/medium/401285_4460876ac9ea4448b5bbf8d4b2c50046.png?v=14256797,,,,,2026-10-02T08:27:42Z,401285,2026-10-02,103/pwliseis-agora-epaggelmatika
remax.gr,REMAX Real Advisor,https://www.remax.gr/property/401288-enoikiasi-mezoneta-nea-iwnia,Μεζονέτα · Νέα Ιωνία · Αθήνα - Δυτικά Προάστια,rent,,1100.0,87.0,2,5ος,,"Νέα Ιωνία, Αθήνα - Δυτικά Προάστια",,,https://www.remax.gr/assets/media/properties/medium/401288_b1cb90f111434110a6868cc59560ffb5.jpeg?v=14256845,,,,,2026-10-02T08:27:42Z,401288,2026-10-02,103/enoikiaseis-katoikies
remax.gr,REMAX Porto,https://www.remax.gr/property/401326-polisi-diamerisma-porto-rafth,"Διαμέρισμα · Πόρτο Ράφτη · Μαρκόπουλο, Υπόλοιπο Αττικής",sale,,285000.0,94.0,,Ισόγειο,,"Πόρτο Ράφτη, Μαρκόπουλο, Υπόλοιπο Αττικής",,,https://www.remax.gr/assets/media/properties/medium/401326_2_6043216.jpeg?v=14257624,,,,,2026-10-02T08:27:42Z,401326,2026-10-02,107/pwliseis-agora-katoikies
remax.gr,REMAX Porto,https://www.remax.gr/property/401327-polisi-diamerisma-porto-rafth,"Διαμέρισμα · Πόρτο Ράφτη · Μαρκόπουλο, Υπόλοιπο Αττικής",sale,,285000.0,92.0,2,Ισόγειο,,"Πόρτο Ράφτη, Μαρκόπουλο, Υπόλοιπο Αττικής",,,https://www.remax.gr/assets/media/properties/medium/401327_2_6032469.jpeg?v=14257632,,,,,2026-10-02T08:27:42Z,401327,2026-10-02,107/pwliseis-agora-katoikies
remax.gr,REMAX Properties Investment,https://www.remax.gr/property/401409-polisi-polukatoikia-agioi-apostoloi,"Πολυκατοικία · Άγιοι Απόστολοι · Κάλαμος, Υπόλοιπο Αττικής",sale,,250000.0,255.0,5,Ισόγειο,,"Άγιοι Απόστολοι, Κάλαμος, Υπόλοιπο Αττικής",,,https://www.remax.gr/assets/media/properties/medium/401409_d69d16d0856e48d491f605f91ef54b65.jpeg?v=14259108,,,,,2026-10-02T08:27:42Z,401409,2026-10-02,107/pwliseis-agora-katoikies
remax.gr,REMAX Plus,https://www.remax.gr/property/401492-polisi-oikopedo-gia-katoikia-mpalana,"Οικόπεδο για κατοικία · Μπάλανα · Γέρακας, Αθήνα - Ανατολικά Προάστια",sale,,850000.0,1240.0,,,,"Μπάλανα, Γέρακας, Αθήνα - Ανατολικά Προάστια",,,https://www.remax.gr/assets/media/properties/medium/401492_a4c20ea118e973a676bbef12c4f285a4.jpeg?v=14260557,,,,,2026-10-02T08:27:42Z,401492,2026-10-02,104/pwliseis-agora-gi
remax.gr,REMAX Properties Investment,https://www.remax.gr/property/401553-polisi-mezoneta-porto-rafth,"Μεζονέτα · Πόρτο Ράφτη · Μαρκόπουλο, Υπόλοιπο Αττικής",sale,,390000.0,150.0,3,Ισόγειο,,"Πόρτο Ράφτη, Μαρκόπουλο, Υπόλοιπο Αττικής",,,https://www.remax.gr/assets/media/properties/medium/401553_dc0be1a6897546f68eee8aede5a55f21.jpeg?v=14332581,,,,,2026-10-02T08:27:42Z,401553,2026-10-02,107/pwliseis-agora-katoikies
remax.gr,REMAX Lysis,https://www.remax.gr/property/401571-enoikiasi-katastima-tsoympa,"Κατάστημα · Τσούμπα · Αγιοι Ανάργυροι, Αθήνα - Δυτικά Προάστια",rent,,16000.0,1573.0,5,Υπόγειο,,"Τσούμπα, Αγιοι Ανάργυροι, Αθήνα - Δυτικά Προάστια",,,https://www.remax.gr/assets/media/properties/medium/401571_8_46949057.jpeg?v=14261890,,,,,2026-10-02T08:27:42Z,401571,2026-10-02,103/enoikiaseis-epaggelmatika
remax.gr,REMAX Real Advisor,https://www.remax.gr/property/401711-enoikiasi-katastima-axarnes,Κατάστημα · Αχαρνές · Αθήνα - Δυτικά Προάστια,rent,,4000.0,500.0,,Ισόγειο,,"Αχαρνές, Αθήνα - Δυτικά Προάστια",,,https://www.remax.gr/assets/media/properties/medium/401711_ea37516b83b349b686821f044d028ee6.jpeg?v=14264574,,,,,2026-10-02T08:27:42Z,401711,2026-10-02,103/enoikiaseis-epaggelmatika
remax.gr,REMAX Real Advisor,https://www.remax.gr/property/401712-enoikiasi-katastima-axarnes,Κατάστημα · Αχαρνές · Αθήνα - Δυτικά Προάστια,rent,,5000.0,450.0,2,Υπόγειο,,"Αχαρνές, Αθήνα - Δυτικά Προάστια",,,https://www.remax.gr/assets/media/properties/medium/401712_d06c14f79ef848ea8fef187e0fb622eb.jpeg?v=14264577,,,,,2026-10-02T08:27:42Z,401712,2026-10-02,103/enoikiaseis-epaggelmatika
remax.gr,REMAX Real Advisor,https://www.remax.gr/property/401713-enoikiasi-katastima-axarnes,Κατάστημα · Αχαρνές · Αθήνα - Δυτικά Προάστια,rent,,2500.0,300.0,2,Ισόγειο,,"Αχαρνές, Αθήνα - Δυτικά Προάστια",,,https://www.remax.gr/assets/media/properties/medium/401713_fc860fdf543643caa2c273a351417975.jpeg?v=14264627,,,,,2026-10-02T08:27:42Z,401713,2026-10-02,103/enoikiaseis-epaggelmatika
remax.gr,REMAX Ergon,https://www.remax.gr/property/401760-polisi-monokatoikia-kentro,"Μονοκατοικία · Κέντρο · Παιανία, Αθήνα - Ανατολικά Προάστια",sale,,480000.0,210.0,3,Ισόγειο,,"Κέντρο, Παιανία, Αθήνα - Ανατολικά Προάστια",,,https://www.remax.gr/assets/media/properties/medium/401760_21a3a1308e5b3981453494f3a2d12f3a.jpeg?v=14265449,,,,,2026-10-02T08:27:42Z,401760,2026-10-02,104/pwliseis-agora-katoikies
remax.gr,REMAX Ergon,https://www.remax.gr/property/401761-polisi-diamerisma-kentro,"Διαμέρισμα · Κέντρο · Γλυκά Νερά, Αθήνα - Ανατολικά Προάστια",sale,,185000.0,50.0,1,1ος,,"Κέντρο, Γλυκά Νερά, Αθήνα - Ανατολικά Προάστια",,,https://www.remax.gr/assets/media/properties/medium/401761_4235c9591abfd73e2a0c6ea4a925fa55.jpeg?v=14265469,,,,,2026-10-02T08:27:42Z,401761,2026-10-02,104/pwliseis-agora-katoikies
remax.gr,REMAX Ergon,https://www.remax.gr/property/401762-polisi-mezoneta-kentro,"Μεζονέτα · Κέντρο · Γλυκά Νερά, Αθήνα - Ανατολικά Προάστια",sale,,330000.0,100.0,3,2ος,,"Κέντρο, Γλυκά Νερά, Αθήνα - Ανατολικά Προάστια",,,https://www.remax.gr/assets/media/properties/medium/401762_1529986682dd48b696f3460578c41105.jpeg?v=14265472,,,,,2026-10-02T08:27:42Z,401762,2026-10-02,104/pwliseis-agora-katoikies
remax.gr,REMAX Ergon,https://www.remax.gr/property/401764-polisi-mezoneta-kentro,"Μεζονέτα · Κέντρο · Γλυκά Νερά, Αθήνα - Ανατολικά Προάστια",sale,,420000.0,124.0,3,Ισόγειο,,"Κέντρο, Γλυκά Νερά, Αθήνα - Ανατολικά Προάστια",,,https://www.remax.gr/assets/media/properties/medium/401764_d576a7542f8f943cff72d9ba148ebd2f.jpeg?v=14265478,,,,,2026-10-02T08:27:42Z,401764,2026-10-02,104/pwliseis-agora-katoikies
remax.gr,REMAX Ergon,https://www.remax.gr/property/401765-polisi-mezoneta-kentro,"Μεζονέτα · Κέντρο · Γλυκά Νερά, Αθήνα - Ανατολικά Προάστια",sale,,380000.0,109.0,3,3ος,,"Κέντρο, Γλυκά Νερά, Αθήνα - Ανατολικά Προάστια",,,https://www.remax.gr/assets/media/properties/medium/401765_dbfe751f6428b6da0b3a9f6a6fd234dc.jpeg?v=14346520,,,,,2026-10-02T08:27:42Z,401765,2026-10-02,104/pwliseis-agora-katoikies
remax.gr,REMAX Ergon,https://www.remax.gr/property/401766-enoikiasi-diamerisma-katw-leontari,"Διαμέρισμα · Κάτω Λεοντάρι · Παλλήνη, Αθήνα - Ανατολικά Προάστια",rent,,1150.0,140.0,3,Ισόγειο,,"Κάτω Λεοντάρι, Παλλήνη, Αθήνα - Ανατολικά Προάστια",,,https://www.remax.gr/assets/media/properties/medium/401766_7c242bd952a2667a27ffe01b19753c68.jpeg?v=14265484,,,,,2026-10-02T08:27:42Z,401766,2026-10-02,104/enoikiaseis-katoikies
remax.gr,REMAX Fidelity Brokers,https://www.remax.gr/property/401956-polisi-diamerisma-kentro,"Διαμέρισμα · Κέντρο · Γέρακας, Αθήνα - Ανατολικά Προάστια",sale,,175000.0,65.0,1,Ημιυπόγειο,,"Κέντρο, Γέρακας, Αθήνα - Ανατολικά Προάστια",,,https://www.remax.gr/assets/media/properties/medium/401956_3958_57919890.jpeg?v=14268433,,,,,2026-10-02T08:27:42Z,401956,2026-10-02,104/pwliseis-agora-katoikies
remax.gr,REMAX Elite,https://www.remax.gr/property/401961-polisi-oikopedo-gia-katoikia-nea-makrh,Οικόπεδο για κατοικία · Νέα Μάκρη · Αθήνα - Ανατολικά Προάστια,sale,,120000.0,336.0,,,,"Νέα Μάκρη, Αθήνα - Ανατολικά Προάστια",,,https://www.remax.gr/assets/media/properties/medium/401961_de1b27fec53390d4be9fd3e177d75730.jpeg?v=14268473,,,,,2026-10-02T08:27:42Z,401961,2026-10-02,104/pwliseis-agora-gi
remax.gr,REMAX Homes,https://www.remax.gr/property/402037-polisi-oikopedo-gia-katoikia-dikastika,"Οικόπεδο για κατοικία · Δικαστικά · Μαραθώνας, Αθήνα - Ανατολικά Προάστια",sale,,90000.0,1038.0,,,,"Δικαστικά, Μαραθώνας, Αθήνα - Ανατολικά Προάστια",,,https://www.remax.gr/assets/media/properties/medium/402037_0a8db7167e6244faa72c56030b050689.png?v=14269841,,,,,2026-10-02T08:27:42Z,402037,2026-10-02,104/pwliseis-agora-gi
remax.gr,REMAX Properties Investment,https://www.remax.gr/property/402060-polisi-monokatoikia-kentro,"Μονοκατοικία · Κέντρο · Μαραθώνας, Αθήνα - Ανατολικά Προάστια",sale,,280000.0,175.0,3,1ος,,"Κέντρο, Μαραθώνας, Αθήνα - Ανατολικά Προάστια",,,https://www.remax.gr/assets/media/properties/medium/402060_d275f2b65fa146ff922ce7508d988718.jpeg?v=14270224,,,,,2026-10-02T08:27:42Z,402060,2026-10-02,104/pwliseis-agora-katoikies
remax.gr,REMAX Abacus Properties,https://www.remax.gr/property/402061-enoikiasi-diamerisma-agios-iwannhs-8eologos,"Διαμέρισμα · Άγιος Ιωάννης Θεολόγος · Περιστέρι, Αθήνα - Δυτικά Προάστια",rent,,480.0,57.0,1,Ισόγειο,,"Άγιος Ιωάννης Θεολόγος, Περιστέρι, Αθήνα - Δυτικά Προάστια",,,https://www.remax.gr/assets/media/properties/medium/402061_e7e9e1d577b3486fba10effbebe3d9d9.jpeg?v=14270227,,,,,2026-10-02T08:27:42Z,402061,2026-10-02,103/enoikiaseis-katoikies
remax.gr,REMAX 361 Solutions,https://www.remax.gr/property/402082-polisi-agrotemachio-skarpiza,"Αγροτεμάχιο · Σκάρπιζα · Κορωπί, Αθήνα - Ανατολικά Προάστια",sale,,1300000.0,9623.0,,,,"Σκάρπιζα, Κορωπί, Αθήνα - Ανατολικά Προάστια",,,https://www.remax.gr/assets/media/properties/medium/402082_23_8242228.jpeg?v=14270554,,,,,2026-10-02T08:27:42Z,402082,2026-10-02,104/pwliseis-agora-gi
remax.gr,REMAX 361 Solutions,https://www.remax.gr/property/402141-polisi-oikopedo-gia-katoikia-kentro,"Οικόπεδο για κατοικία · Κέντρο · Παλλήνη, Αθήνα - Ανατολικά Προάστια",sale,,480000.0,778.0,,,,"Κέντρο, Παλλήνη, Αθήνα - Ανατολικά Προάστια",,,https://www.remax.gr/assets/media/properties/medium/402141_23_8255054.jpeg?v=14271503,,,,,2026-10-02T08:27:42Z,402141,2026-10-02,104/pwliseis-agora-gi
remax.gr,REMAX Central,https://www.remax.gr/property/402146-polisi-grafeio-krhtika,"Γραφείο · Κρητικά · Γαλάτσι, Αθήνα - Δυτικά Προάστια",sale,,170000.0,88.0,4,Ισόγειο,,"Κρητικά, Γαλάτσι, Αθήνα - Δυτικά Προάστια",,,https://www.remax.gr/assets/media/properties/medium/402146_e08a97219a584d96a5a0dc3ae17e7250.jpeg?v=14271585,,,,,2026-10-02T08:27:42Z,402146,2026-10-02,103/pwliseis-agora-epaggelmatika
remax.gr,REMAX En Oiko,https://www.remax.gr/property/402210-polisi-oikopedo-gia-katoikia-gerakas,Οικόπεδο για κατοικία · Γέρακας · Αθήνα - Ανατολικά Προάστια,sale,,95000.0,250.0,,,,"Γέρακας, Αθήνα - Ανατολικά Προάστια",,,https://www.remax.gr/assets/media/properties/medium/402210_3d61255e317d483ba0fd7be3d4d57508.png?v=14272568,,,,,2026-10-02T08:27:42Z,402210,2026-10-02,104/pwliseis-agora-gi
remax.gr,REMAX Cosmos,https://www.remax.gr/property/402213-polisi-epaggelmatiko-ktirio-nea-iwnia,Eπαγγελματικό Kτήριο · Νέα Ιωνία · Αθήνα - Δυτικά Προάστια,sale,,1800000.0,1071.0,,Ισόγειο,,"Νέα Ιωνία, Αθήνα - Δυτικά Προάστια",,,https://www.remax.gr/assets/media/properties/medium/402213_6c7f2558587a47b99b76f2b6db2cd8a7.jpeg?v=14272622,,,,,2026-10-02T08:27:42Z,402213,2026-10-02,103/pwliseis-agora-epaggelmatika
remax.gr,REMAX 361 Solutions,https://www.remax.gr/property/402235-polisi-agrotemachio-foyresi,"Αγροτεμάχιο · Φούρεσι · Γλυκά Νερά, Αθήνα - Ανατολικά Προάστια",sale,,420000.0,4200.0,,,,"Φούρεσι, Γλυκά Νερά, Αθήνα - Ανατολικά Προάστια",,,https://www.remax.gr/assets/media/properties/medium/402235_23_8277848.jpeg?v=14272896,,,,,2026-10-02T08:27:42Z,402235,2026-10-02,104/pwliseis-agora-gi
remax.gr,REMAX 361 Solutions,https://www.remax.gr/property/402236-polisi-agrotemachio-agia-marina,"Αγροτεμάχιο · Αγία Μαρίνα · Παιανία, Αθήνα - Ανατολικά Προάστια",sale,,195000.0,3000.0,,,,"Αγία Μαρίνα, Παιανία, Αθήνα - Ανατολικά Προάστια",,,https://www.remax.gr/assets/media/properties/medium/402236_23_8287736.jpeg?v=14272900,,,,,2026-10-02T08:27:42Z,402236,2026-10-02,104/pwliseis-agora-gi
remax.gr,REMAX 361 Solutions,https://www.remax.gr/property/402238-polisi-agrotemachio-anoiksh,"Αγροτεμάχιο · Άνοιξη · Παιανία, Αθήνα - Ανατολικά Προάστια",sale,,114000.0,1900.0,,,,"Άνοιξη, Παιανία, Αθήνα - Ανατολικά Προάστια",,,https://www.remax.gr/assets/media/properties/medium/402238_23_8267916.jpeg?v=14272921,,,,,2026-10-02T08:27:42Z,402238,2026-10-02,104/pwliseis-agora-gi
remax.gr,REMAX Properties Investment 5,https://www.remax.gr/property/402241-enoikiasi-katastima-mesonyxi,"Κατάστημα · Μεσονύχι · Αχαρνές, Αθήνα - Δυτικά Προάστια",rent,,840.0,90.0,,Ισόγειο,,"Μεσονύχι, Αχαρνές, Αθήνα - Δυτικά Προάστια",,,https://www.remax.gr/assets/media/properties/medium/402241_04a5bf8558b3475fbe23d71ccbb880f4.png?v=14272939,,,,,2026-10-02T08:27:42Z,402241,2026-10-02,103/enoikiaseis-epaggelmatika
remax.gr,REMAX Properties Investment,https://www.remax.gr/property/402268-polisi-oikopedo-gia-katoikia-kentro,"Οικόπεδο για κατοικία · Κέντρο · Μαραθώνας, Αθήνα - Ανατολικά Προάστια",sale,,580000.0,2429.0,,,,"Κέντρο, Μαραθώνας, Αθήνα - Ανατολικά Προάστια",,,https://www.remax.gr/assets/media/properties/medium/402268_e3c830a514f847288c5841a142ecd129.jpeg?v=14273442,,,,,2026-10-02T08:27:42Z,402268,2026-10-02,104/pwliseis-agora-gi
remax.gr,REMAX Properties Investment,https://www.remax.gr/property/402269-polisi-monokatoikia-kentro,"Μονοκατοικία · Κέντρο · Μαραθώνας, Αθήνα - Ανατολικά Προάστια",sale,,580000.0,117.0,3,Ισόγειο,,"Κέντρο, Μαραθώνας, Αθήνα - Ανατολικά Προάστια",,,https://www.remax.gr/assets/media/properties/medium/402269_50399477eef1460ca551277d270ba775.jpeg?v=14273460,,,,,2026-10-02T08:27:42Z,402269,2026-10-02,104/pwliseis-agora-katoikies
remax.gr,REMAX 361 Solutions,https://www.remax.gr/property/402377-polisi-oikopedo-gia-katoikia-foyresi,"Οικόπεδο για κατοικία · Φούρεσι · Γλυκά Νερά, Αθήνα - Ανατολικά Προάστια",sale,,150000.0,264.0,,,,"Φούρεσι, Γλυκά Νερά, Αθήνα - Ανατολικά Προάστια",,,https://www.remax.gr/assets/media/properties/medium/402377_7_8305469.jpeg?v=14275430,,,,,2026-10-02T08:27:42Z,402377,2026-10-02,104/pwliseis-agora-gi
remax.gr,REMAX Elite,https://www.remax.gr/property/402382-polisi-oikopedo-gia-katoikia-nea-makrh,Οικόπεδο για κατοικία · Νέα Μάκρη · Αθήνα - Ανατολικά Προάστια,sale,,300000.0,1078.0,,,,"Νέα Μάκρη, Αθήνα - Ανατολικά Προάστια",,,https://www.remax.gr/assets/media/properties/medium/402382_026e5c5e319d30de23cf826e250120c3.jpeg?v=14275495,,,,,2026-10-02T08:27:42Z,402382,2026-10-02,104/pwliseis-agora-gi
remax.gr,REMAX Properties Investment,https://www.remax.gr/property/402431-polisi-diamerisma-porto-rafth,"Διαμέρισμα · Πόρτο Ράφτη · Μαρκόπουλο, Υπόλοιπο Αττικής",sale,,100000.0,29.0,1,3ος,,"Πόρτο Ράφτη, Μαρκόπουλο, Υπόλοιπο Αττικής",,,https://www.remax.gr/assets/media/properties/medium/402431_0c5420a3a7fd4955a3d0460a659b25e1.png?v=14276149,,,,,2026-10-02T08:27:42Z,402431,2026-10-02,107/pwliseis-agora-katoikies
remax.gr,REMAX 361 Solutions,https://www.remax.gr/property/402611-polisi-mezoneta-kentro,"Μεζονέτα · Κέντρο · Γλυκά Νερά, Αθήνα - Ανατολικά Προάστια",sale,,795000.0,290.0,4,Ισόγειο,,"Κέντρο, Γλυκά Νερά, Αθήνα - Ανατολικά Προάστια",,,https://www.remax.gr/assets/media/properties/medium/402611_14_8084082.jpeg?v=14278862,,,,,2026-10-02T08:27:42Z,402611,2026-10-02,104/pwliseis-agora-katoikies
remax.gr,REMAX Evolution,https://www.remax.gr/property/402652-polisi-monokatoikia-galini,"Μονοκατοικία · Άνοιξη · Κορωπί, Αθήνα - Ανατολικά Προάστια",sale,,185000.0,53.0,1,Ισόγειο,,"Άνοιξη, Κορωπί, Αθήνα - Ανατολικά Προάστια",,,https://www.remax.gr/assets/media/properties/medium/402652_3499_13054133.jpeg?v=14279396,,,,,2026-10-02T08:27:42Z,402652,2026-10-02,104/pwliseis-agora-katoikies
remax.gr,REMAX En Oiko,https://www.remax.gr/property/402657-enoikiasi-epaggelmatiko-ktirio-anthoysa,Eπαγγελματικό Kτήριο · Ανθούσα · Αθήνα - Ανατολικά Προάστια,rent,,18000.0,1500.0,,Ισόγειο,,"Ανθούσα, Αθήνα - Ανατολικά Προάστια",,,https://www.remax.gr/assets/media/properties/medium/402657_ba4b613548e848a09faece8976b2d3cc.png?v=14279485,,,,,2026-10-02T08:27:42Z,402657,2026-10-02,104/enoikiaseis-epaggelmatika
remax.gr,REMAX En Oiko,https://www.remax.gr/property/402658-enoikiasi-epaggelmatiko-ktirio-gerakas,Eπαγγελματικό Kτήριο · Γέρακας · Αθήνα - Ανατολικά Προάστια,rent,,15000.0,1000.0,,Ισόγειο,,"Γέρακας, Αθήνα - Ανατολικά Προάστια",,,https://www.remax.gr/assets/media/properties/medium/402658_8057a1b6d64548e681e5525867cf9a3d.png?v=14279487,,,,,2026-10-02T08:27:42Z,402658,2026-10-02,104/enoikiaseis-epaggelmatika
remax.gr,REMAX Plus,https://www.remax.gr/property/402668-polisi-oikopedo-gia-katoikia-agia-marina,"Οικόπεδο για κατοικία · Αγία Μαρίνα · Κορωπί, Αθήνα - Ανατολικά Προάστια",sale,,750000.0,785.0,,,,"Αγία Μαρίνα, Κορωπί, Αθήνα - Ανατολικά Προάστια",,,https://www.remax.gr/assets/media/properties/medium/402668_1a3ba27d9c762f1143a3fcc169d48811.jpeg?v=14279678,,,,,2026-10-02T08:27:42Z,402668,2026-10-02,104/pwliseis-agora-gi
remax.gr,REMAX 361 Solutions,https://www.remax.gr/property/402691-polisi-agrotemachio-kentro,"Αγροτεμάχιο · Κέντρο · Παλλήνη, Αθήνα - Ανατολικά Προάστια",sale,,210000.0,3685.0,,,,"Κέντρο, Παλλήνη, Αθήνα - Ανατολικά Προάστια",,,https://www.remax.gr/assets/media/properties/medium/402691_10_8388064.jpeg?v=14280013,,,,,2026-10-02T08:27:42Z,402691,2026-10-02,104/pwliseis-agora-gi
remax.gr,REMAX Properties Investment 2,https://www.remax.gr/property/402718-enoikiasi-diamerisma-agia-marina,"Διαμέρισμα · Αγία Μαρίνα · Κορωπί, Αθήνα - Ανατολικά Προάστια",rent,,1300.0,100.0,2,Ισόγειο,,"Αγία Μαρίνα, Κορωπί, Αθήνα - Ανατολικά Προάστια",,,https://www.remax.gr/assets/media/properties/medium/402718_448b160795a74ca0a1f557d6a041a476.jpeg?v=14280347,,,,,2026-10-02T08:27:42Z,402718,2026-10-02,104/enoikiaseis-katoikies
remax.gr,REMAX Ergon,https://www.remax.gr/property/402773-polisi-mezoneta-kentro,"Μεζονέτα · Κέντρο · Γλυκά Νερά, Αθήνα - Ανατολικά Προάστια",sale,,360000.0,111.0,3,Ισόγειο,,"Κέντρο, Γλυκά Νερά, Αθήνα - Ανατολικά Προάστια",,,https://www.remax.gr/assets/media/properties/medium/402773_29b03b014861020b46d4cfc92f0737ab.jpeg?v=14281314,,,,,2026-10-02T08:27:42Z,402773,2026-10-02,104/pwliseis-agora-katoikies
remax.gr,REMAX Ergon,https://www.remax.gr/property/402774-polisi-mezoneta-kentro,"Μεζονέτα · Κέντρο · Γλυκά Νερά, Αθήνα - Ανατολικά Προάστια",sale,,360000.0,112.0,3,Ισόγειο,,"Κέντρο, Γλυκά Νερά, Αθήνα - Ανατολικά Προάστια",,,https://www.remax.gr/assets/media/properties/medium/402774_56377d9b813a589dc1a97d6bb2b97bf2.jpeg?v=14281320,,,,,2026-10-02T08:27:42Z,402774,2026-10-02,104/pwliseis-agora-katoikies
remax.gr,REMAX En Oiko,https://www.remax.gr/property/402780-polisi-monokatoikia-pikermi,Μονοκατοικία · Πικέρμι · Υπόλοιπο Αττικής,sale,,290000.0,345.0,6,Ισόγειο,,"Πικέρμι, Υπόλοιπο Αττικής",,,https://www.remax.gr/assets/media/properties/medium/402780_cec1315db200466faf93eadbbb9696d9.png?v=14281424,,,,,2026-10-02T08:27:42Z,402780,2026-10-02,107/pwliseis-agora-katoikies
remax.gr,REMAX 361 Solutions,https://www.remax.gr/property/402887-polisi-oikopedo-gia-katoikia-mpalana,"Οικόπεδο για κατοικία · Μπάλανα · Γέρακας, Αθήνα - Ανατολικά Προάστια",sale,,462000.0,960.0,,,,"Μπάλανα, Γέρακας, Αθήνα - Ανατολικά Προάστια",,,https://www.remax.gr/assets/media/properties/medium/402887_16_8333102.jpeg?v=14283413,,,,,2026-10-02T08:27:42Z,402887,2026-10-02,104/pwliseis-agora-gi
remax.gr,REMAX Lysis,https://www.remax.gr/property/402889-enoikiasi-grafeio-katw-aigalew-estayrwmenoy,"Γραφείο · Κάτω Αιγάλεω-Εσταυρωμένου · Αιγάλεω, Αθήνα - Δυτικά Προάστια",rent,,2000.0,90.0,3,1ος,,"Κάτω Αιγάλεω-Εσταυρωμένου, Αιγάλεω, Αθήνα - Δυτικά Προάστια",,,https://www.remax.gr/assets/media/properties/medium/402889_47_4771789.jpeg?v=14283428,,,,,2026-10-02T08:27:42Z,402889,2026-10-02,103/enoikiaseis-epaggelmatika
remax.gr,REMAX En Oiko,https://www.remax.gr/property/402917-polisi-mezoneta-agia-triada,"Μεζονέτα · Αγία Τριάδα · Αφίδνες, Υπόλοιπο Αττικής",sale,,250000.0,163.0,2,Ισόγειο,,"Αγία Τριάδα, Αφίδνες, Υπόλοιπο Αττικής",,,https://www.remax.gr/assets/media/properties/medium/402917_27967a9c164245b8a8e352ad46dd57bd.jpeg?v=14283883,,,,,2026-10-02T08:27:42Z,402917,2026-10-02,107/pwliseis-agora-katoikies
remax.gr,REMAX Real Advisor,https://www.remax.gr/property/402922-enoikiasi-katastima-agioi-anargyroi,"Κατάστημα · Άγιοι Ανάργυροι · Νέα Ιωνία, Αθήνα - Δυτικά Προάστια",rent,,650.0,77.0,1,Ημιυπόγειο,,"Άγιοι Ανάργυροι, Νέα Ιωνία, Αθήνα - Δυτικά Προάστια",,,https://www.remax.gr/assets/media/properties/medium/402922_92cfe62505224a36a9da555af7c42969.jpeg?v=14283927,,,,,2026-10-02T08:27:42Z,402922,2026-10-02,103/enoikiaseis-epaggelmatika
remax.gr,REMAX Ergon,https://www.remax.gr/property/402977-polisi-bila-artemida-loytsa,Βίλα · Αρτέμιδα (Λούτσα) · Αθήνα - Ανατολικά Προάστια,sale,,1350000.0,350.0,5,Ισόγειο,,"Αρτέμιδα (Λούτσα), Αθήνα - Ανατολικά Προάστια",,,https://www.remax.gr/assets/media/properties/medium/402977_a683da7fdb0895b2a8990d96d26a8d75.jpeg?v=14285002,,,,,2026-10-02T08:27:42Z,402977,2026-10-02,104/pwliseis-agora-katoikies
remax.gr,REMAX Ergon,https://www.remax.gr/property/402978-polisi-monokatoikia-artemida-loytsa,Μονοκατοικία · Αρτέμιδα (Λούτσα) · Αθήνα - Ανατολικά Προάστια,sale,,300000.0,100.0,3,Ισόγειο,,"Αρτέμιδα (Λούτσα), Αθήνα - Ανατολικά Προάστια",,,https://www.remax.gr/assets/media/properties/medium/402978_8dbe88230bd86297a9578662b6cd2c91.jpeg?v=14285027,,,,,2026-10-02T08:27:42Z,402978,2026-10-02,104/pwliseis-agora-katoikies
remax.gr,REMAX Properties Investment,https://www.remax.gr/property/403129-polisi-mezoneta-artemida-loytsa,Μεζονέτα · Αρτέμιδα (Λούτσα) · Αθήνα - Ανατολικά Προάστια,sale,,280000.0,109.0,3,,,"Αρτέμιδα (Λούτσα), Αθήνα - Ανατολικά Προάστια",,,https://www.remax.gr/assets/media/properties/medium/403129_1d859320a004438790d460b40ffa98e9.png?v=14287677,,,,,2026-10-02T08:27:42Z,403129,2026-10-02,104/pwliseis-agora-katoikies
remax.gr,REMAX Plus,https://www.remax.gr/property/403330-polisi-mezoneta-pallhnh,Μεζονέτα · Παλλήνη · Αθήνα - Ανατολικά Προάστια,sale,,460000.0,140.0,3,4ος,,"Παλλήνη, Αθήνα - Ανατολικά Προάστια",,,https://www.remax.gr/assets/media/properties/medium/403330_58575e707726600d35a6ce88f1776f5e.jpeg?v=14291084,,,,,2026-10-02T08:27:42Z,403330,2026-10-02,104/pwliseis-agora-katoikies
remax.gr,REMAX Properties Investment,https://www.remax.gr/property/403497-polisi-monokatoikia-artemida-loytsa,Μονοκατοικία · Αρτέμιδα (Λούτσα) · Αθήνα - Ανατολικά Προάστια,sale,,260000.0,250.0,2,2ος,,"Αρτέμιδα (Λούτσα), Αθήνα - Ανατολικά Προάστια",,,https://www.remax.gr/assets/media/properties/medium/403497_9f1b2186b8f243ce81f8ff838cc94af6.png?v=14346969,,,,,2026-10-02T08:27:42Z,403497,2026-10-02,104/pwliseis-agora-katoikies
remax.gr,REMAX Properties Investment 5,https://www.remax.gr/property/403503-enoikiasi-epaggelmatiko-ktirio-peristeri,Eπαγγελματικό Kτήριο · Περιστέρι · Αθήνα - Δυτικά Προάστια,rent,,3500.0,714.0,,2ος,,"Περιστέρι, Αθήνα - Δυτικά Προάστια",,,https://www.remax.gr/assets/media/properties/medium/403503_c79270e769204feab73cf12298ee52ca.jpeg?v=14293797,,,,,2026-10-02T08:27:42Z,403503,2026-10-02,103/enoikiaseis-epaggelmatika
remax.gr,REMAX Real Advisor,https://www.remax.gr/property/403516-polisi-polukatoikia-aylwna,Πολυκατοικία · Αυλώνα · Υπόλοιπο Αττικής,sale,,345000.0,360.0,10,Ισόγειο,,"Αυλώνα, Υπόλοιπο Αττικής",,,https://www.remax.gr/assets/media/properties/medium/403516_ea22dfda8ec042eca17d16b8f9ece2f7.jpeg?v=14301525,,,,,2026-10-02T08:27:42Z,403516,2026-10-02,107/pwliseis-agora-katoikies
remax.gr,REMAX Properties Investment,https://www.remax.gr/property/403553-polisi-diamerisma-nea-makrh,Διαμέρισμα · Νέα Μάκρη · Αθήνα - Ανατολικά Προάστια,sale,,260000.0,110.0,2,3ος,,"Νέα Μάκρη, Αθήνα - Ανατολικά Προάστια",,,https://www.remax.gr/assets/media/properties/medium/403553_f952d53f90aa4c348386457bc967f64d.jpeg?v=14294654,,,,,2026-10-02T08:27:42Z,403553,2026-10-02,104/pwliseis-agora-katoikies
remax.gr,REMAX Homes,https://www.remax.gr/property/403596-polisi-mezoneta-peyka,"Μεζονέτα · Πεύκα · Κερατέα, Υπόλοιπο Αττικής",sale,,145000.0,90.0,2,Ισόγειο,,"Πεύκα, Κερατέα, Υπόλοιπο Αττικής",,,https://www.remax.gr/assets/media/properties/medium/403596_f371556b038247f5bc2f15166f5fa5eb.jpeg?v=14295531,,,,,2026-10-02T08:27:42Z,403596,2026-10-02,107/pwliseis-agora-katoikies
remax.gr,REMAX 361 Solutions,https://www.remax.gr/property/403631-polisi-diamerisma-garghttos,"Διαμέρισμα · Γαργηττός · Γέρακας, Αθήνα - Ανατολικά Προάστια",sale,,480000.0,160.0,3,2ος,,"Γαργηττός, Γέρακας, Αθήνα - Ανατολικά Προάστια",,,https://www.remax.gr/assets/media/properties/medium/403631_1_638739.jpeg?v=14296132,,,,,2026-10-02T08:27:42Z,403631,2026-10-02,104/pwliseis-agora-katoikies
remax.gr,REMAX Homes,https://www.remax.gr/property/403632-polisi-diamerisma-gerakas,Διαμέρισμα · Γέρακας · Αθήνα - Ανατολικά Προάστια,sale,,419000.0,120.0,3,2ος,,"Γέρακας, Αθήνα - Ανατολικά Προάστια",,,https://www.remax.gr/assets/media/properties/medium/403632_758bd4db8bec4c13860f60a7b36a6df5.png?v=14296152,,,,,2026-10-02T08:27:42Z,403632,2026-10-02,104/pwliseis-agora-katoikies
remax.gr,REMAX Homes,https://www.remax.gr/property/403633-polisi-monokatoikia-agia-marina,"Μονοκατοικία · Αγία Μαρίνα · Κορωπί, Αθήνα - Ανατολικά Προάστια",sale,,480000.0,300.0,6,Ισόγειο,,"Αγία Μαρίνα, Κορωπί, Αθήνα - Ανατολικά Προάστια",,,https://www.remax.gr/assets/media/properties/medium/403633_28a984ceb52042b3a364d3e8a0a52ac2.jpeg?v=14296163,,,,,2026-10-02T08:27:42Z,403633,2026-10-02,104/pwliseis-agora-katoikies
remax.gr,REMAX,https://www.remax.gr/property/403634-polisi-monokatoikia-porto-rafth,"Μονοκατοικία · Πόρτο Ράφτη · Μαρκόπουλο, Υπόλοιπο Αττικής",sale,,270000.0,100.0,2,Ισόγειο,,"Πόρτο Ράφτη, Μαρκόπουλο, Υπόλοιπο Αττικής",,,https://www.remax.gr/assets/media/properties/medium/403634_e212263ed53c42048d5c2713c8a8df38.jpeg?v=14296190,,,,,2026-10-02T08:27:42Z,403634,2026-10-02,107/pwliseis-agora-katoikies
remax.gr,REMAX Homes,https://www.remax.gr/property/403648-polisi-monokatoikia-porto-rafth,"Μονοκατοικία · Πόρτο Ράφτη · Μαρκόπουλο, Υπόλοιπο Αττικής",sale,,155000.0,72.0,2,Ισόγειο,,"Πόρτο Ράφτη, Μαρκόπουλο, Υπόλοιπο Αττικής",,,https://www.remax.gr/assets/media/properties/medium/403648_8a93883c74c54fbf8758df7c0afae790.jpeg?v=14296449,,,,,2026-10-02T08:27:42Z,403648,2026-10-02,107/pwliseis-agora-katoikies
remax.gr,REMAX Dynamic,https://www.remax.gr/property/403653-polisi-oikopedo-gia-katoikia-8rakomakedones,"Οικόπεδο για κατοικία · Θρακομακεδόνες · Αχαρνές, Αθήνα - Δυτικά Προάστια",sale,,295000.0,1181.0,,,,"Θρακομακεδόνες, Αχαρνές, Αθήνα - Δυτικά Προάστια",,,https://www.remax.gr/assets/media/properties/medium/403653_p1k0piq4oi1mtu1erclui1a6q1k814.jpeg?v=14296461,,,,,2026-10-02T08:27:42Z,403653,2026-10-02,103/pwliseis-agora-gi
remax.gr,REMAX Homes,https://www.remax.gr/property/403659-polisi-diamerisma-gerakas,Διαμέρισμα · Γέρακας · Αθήνα - Ανατολικά Προάστια,sale,,499000.0,157.0,3,1ος,,"Γέρακας, Αθήνα - Ανατολικά Προάστια",,,https://www.remax.gr/assets/media/properties/medium/403659_6b6706ed07eb418398c9e7c27cd339bf.png?v=14296632,,,,,2026-10-02T08:27:42Z,403659,2026-10-02,104/pwliseis-agora-katoikies
remax.gr,REMAX Homes,https://www.remax.gr/property/403660-polisi-diamerisma-gerakas,Διαμέρισμα · Γέρακας · Αθήνα - Ανατολικά Προάστια,sale,,439000.0,123.0,3,2ος,,"Γέρακας, Αθήνα - Ανατολικά Προάστια",,,https://www.remax.gr/assets/media/properties/medium/403660_5e4594e6b29941ae9dd9767445040031.png?v=14296638,,,,,2026-10-02T08:27:42Z,403660,2026-10-02,104/pwliseis-agora-katoikies
remax.gr,REMAX 361 Solutions,https://www.remax.gr/property/403663-polisi-oikopedo-gia-katoikia-kentro,"Οικόπεδο για κατοικία · Κέντρο · Γέρακας, Αθήνα - Ανατολικά Προάστια",sale,,75000.0,348.0,,,,"Κέντρο, Γέρακας, Αθήνα - Ανατολικά Προάστια",,,https://www.remax.gr/assets/media/properties/medium/403663_10_8449602.jpeg?v=14296646,,,,,2026-10-02T08:27:42Z,403663,2026-10-02,104/pwliseis-agora-gi
remax.gr,REMAX Homes,https://www.remax.gr/property/403701-polisi-monokatoikia-mandra,Μονοκατοικία · Μάνδρα · Υπόλοιπο Αττικής,sale,,79000.0,45.0,1,Ισόγειο,,"Μάνδρα, Υπόλοιπο Αττικής",,,https://www.remax.gr/assets/media/properties/medium/403701_2e752b0b88bf47c29f83ee38f4107902.jpeg?v=14297239,,,,,2026-10-02T08:27:42Z,403701,2026-10-02,107/pwliseis-agora-katoikies
remax.gr,REMAX Homes,https://www.remax.gr/property/403712-polisi-monokatoikia-garghttos,"Μονοκατοικία · Γαργηττός · Γέρακας, Αθήνα - Ανατολικά Προάστια",sale,,300000.0,132.0,2,Ισόγειο,,"Γαργηττός, Γέρακας, Αθήνα - Ανατολικά Προάστια",,,https://www.remax.gr/assets/media/properties/medium/403712_8cf7f27a029040d6945e9ea29a4f1307.jpeg?v=14297424,,,,,2026-10-02T08:27:42Z,403712,2026-10-02,104/pwliseis-agora-katoikies
remax.gr,REMAX Homes,https://www.remax.gr/property/403717-polisi-monokatoikia-brayrwna,Μονοκατοικία · Βραυρώνα · Υπόλοιπο Αττικής,sale,,370000.0,208.0,4,Ισόγειο,,"Βραυρώνα, Υπόλοιπο Αττικής",,,https://www.remax.gr/assets/media/properties/medium/403717_3cc97aa3eac648ec87399bb7ea271de0.png?v=14297519,,,,,2026-10-02T08:27:42Z,403717,2026-10-02,107/pwliseis-agora-katoikies
remax.gr,REMAX Abacus Properties,https://www.remax.gr/property/403829-polisi-monokatoikia-agios-swthras,"Μονοκατοικία · Άγιος Σωτήρας · Μάνδρα, Υπόλοιπο Αττικής",sale,,220000.0,166.0,3,Ισόγειο,,"Άγιος Σωτήρας, Μάνδρα, Υπόλοιπο Αττικής",,,https://www.remax.gr/assets/media/properties/medium/403829_eb1fcc02bfc94aadaf5234a11aff0892.jpeg?v=14299258,,,,,2026-10-02T08:27:42Z,403829,2026-10-02,107/pwliseis-agora-katoikies
remax.gr,REMAX Properties Investment,https://www.remax.gr/property/403889-polisi-diamerisma-stayros-geraka,"Διαμέρισμα · Σταυρός Γέρακα · Γέρακας, Αθήνα - Ανατολικά Προάστια",sale,,219000.0,57.0,1,Ισόγειο,,"Σταυρός Γέρακα, Γέρακας, Αθήνα - Ανατολικά Προάστια",,,https://www.remax.gr/assets/media/properties/medium/403889_ca8e25e5619945e8be0d38e4405c5acf.png?v=14300304,,,,,2026-10-02T08:27:42Z,403889,2026-10-02,104/pwliseis-agora-katoikies
remax.gr,REMAX Properties Investment,https://www.remax.gr/property/403890-polisi-diamerisma-stayros-geraka,"Διαμέρισμα · Σταυρός Γέρακα · Γέρακας, Αθήνα - Ανατολικά Προάστια",sale,,220000.0,58.0,1,Ισόγειο,,"Σταυρός Γέρακα, Γέρακας, Αθήνα - Ανατολικά Προάστια",,,https://www.remax.gr/assets/media/properties/medium/403890_0faece8efff542bf873af225ea3fa640.png?v=14300317,,,,,2026-10-02T08:27:42Z,403890,2026-10-02,104/pwliseis-agora-katoikies
remax.gr,REMAX Properties Investment,https://www.remax.gr/property/403891-polisi-mezoneta-stayros-geraka,"Μεζονέτα · Σταυρός Γέρακα · Γέρακας, Αθήνα - Ανατολικά Προάστια",sale,,645000.0,159.0,4,2ος,,"Σταυρός Γέρακα, Γέρακας, Αθήνα - Ανατολικά Προάστια",,,https://www.remax.gr/assets/media/properties/medium/403891_c690696e089e468faf5d95484442eae6.png?v=14300330,,,,,2026-10-02T08:27:42Z,403891,2026-10-02,104/pwliseis-agora-katoikies
remax.gr,REMAX Properties Investment,https://www.remax.gr/property/403900-polisi-mezoneta-gerakas,Μεζονέτα · Γέρακας · Αθήνα - Ανατολικά Προάστια,sale,,650000.0,160.0,4,2ος,,"Γέρακας, Αθήνα - Ανατολικά Προάστια",,,https://www.remax.gr/assets/media/properties/medium/403900_45549c86baf14fb89f2b1454df88b0a3.png?v=14300464,,,,,2026-10-02T08:27:42Z,403900,2026-10-02,104/pwliseis-agora-katoikies
remax.gr,REMAX Properties Investment,https://www.remax.gr/property/403917-polisi-diamerisma-dikastika,"Διαμέρισμα · Δικαστικά · Μαραθώνας, Αθήνα - Ανατολικά Προάστια",sale,,299000.0,120.0,2,Ισόγειο,,"Δικαστικά, Μαραθώνας, Αθήνα - Ανατολικά Προάστια",,,https://www.remax.gr/assets/media/properties/medium/403917_ba436612c7064bba83e540182b83aa9f.jpeg?v=14300673,,,,,2026-10-02T08:27:42Z,403917,2026-10-02,104/pwliseis-agora-katoikies
remax.gr,REMAX Properties Investment,https://www.remax.gr/property/403918-enoikiasi-diamerisma-dikastika,"Διαμέρισμα · Δικαστικά · Μαραθώνας, Αθήνα - Ανατολικά Προάστια",rent,,1250.0,120.0,2,Ισόγειο,,"Δικαστικά, Μαραθώνας, Αθήνα - Ανατολικά Προάστια",,,https://www.remax.gr/assets/media/properties/medium/403918_c6711917faf1479498ebf747940064d7.jpeg?v=14300693,,,,,2026-10-02T08:27:42Z,403918,2026-10-02,104/enoikiaseis-katoikies
remax.gr,REMAX Homes,https://www.remax.gr/property/403939-polisi-mezoneta-sarwnida,Μεζονέτα · Σαρωνίδα · Υπόλοιπο Αττικής,sale,,230000.0,67.0,2,Ισόγειο,,"Σαρωνίδα, Υπόλοιπο Αττικής",,,https://www.remax.gr/assets/media/properties/medium/403939_726b548de66042a3abf512c5ce7190b8.jpeg?v=14301051,,,,,2026-10-02T08:27:42Z,403939,2026-10-02,107/pwliseis-agora-katoikies
remax.gr,REMAX Properties Investment,https://www.remax.gr/property/403980-polisi-mezoneta-mesobarda,"Μεζονέτα · Μεσοβάρδα · Αρτέμιδα (Λούτσα), Αθήνα - Ανατολικά Προάστια",sale,,280000.0,109.0,3,,,"Μεσοβάρδα, Αρτέμιδα (Λούτσα), Αθήνα - Ανατολικά Προάστια",,,https://www.remax.gr/assets/media/properties/medium/403980_b46d5e81756c493f93bb21551eb6b5cc.png?v=14301737,,,,,2026-10-02T08:27:42Z,403980,2026-10-02,104/pwliseis-agora-katoikies
remax.gr,REMAX Properties Investment,https://www.remax.gr/property/403989-polisi-mezoneta-dikastika,"Μεζονέτα · Δικαστικά · Μαραθώνας, Αθήνα - Ανατολικά Προάστια",sale,,480000.0,210.0,3,1ος,,"Δικαστικά, Μαραθώνας, Αθήνα - Ανατολικά Προάστια",,,https://www.remax.gr/assets/media/properties/medium/403989_5c3ca20ba88d49f6b85c9fd1ad1f0a5a.jpeg?v=14301892,,,,,2026-10-02T08:27:42Z,403989,2026-10-02,104/pwliseis-agora-katoikies
remax.gr,REMAX Ergon,https://www.remax.gr/property/404055-polisi-diamerisma-moyseio-borre,"Διαμέρισμα · Μουσείο Βορρέ · Παιανία, Αθήνα - Ανατολικά Προάστια",sale,,164000.0,50.0,1,1ος,,"Μουσείο Βορρέ, Παιανία, Αθήνα - Ανατολικά Προάστια",,,https://www.remax.gr/assets/media/properties/medium/404055_2007f21e8cfc5c58c36bcd883c7e228c.jpeg?v=14302966,,,,,2026-10-02T08:27:42Z,404055,2026-10-02,104/pwliseis-agora-katoikies
remax.gr,REMAX Ergon,https://www.remax.gr/property/404058-polisi-diamerisma-moyseio-borre,"Διαμέρισμα · Μουσείο Βορρέ · Παιανία, Αθήνα - Ανατολικά Προάστια",sale,,195000.0,59.0,1,1ος,,"Μουσείο Βορρέ, Παιανία, Αθήνα - Ανατολικά Προάστια",,,https://www.remax.gr/assets/media/properties/medium/404058_a970824c7698e0e540b326990366e602.jpeg?v=14302977,,,,,2026-10-02T08:27:42Z,404058,2026-10-02,104/pwliseis-agora-katoikies
remax.gr,REMAX Ergon,https://www.remax.gr/property/404059-polisi-diamerisma-moyseio-borre,"Διαμέρισμα · Μουσείο Βορρέ · Παιανία, Αθήνα - Ανατολικά Προάστια",sale,,276000.0,84.0,2,1ος,,"Μουσείο Βορρέ, Παιανία, Αθήνα - Ανατολικά Προάστια",,,https://www.remax.gr/assets/media/properties/medium/404059_0257b7ec9b54ce746983dcd0ae04ad20.jpeg?v=14302981,,,,,2026-10-02T08:27:42Z,404059,2026-10-02,104/pwliseis-agora-katoikies
remax.gr,REMAX Ergon,https://www.remax.gr/property/404063-polisi-mezoneta-moyseio-borre,"Μεζονέτα · Μουσείο Βορρέ · Παιανία, Αθήνα - Ανατολικά Προάστια",sale,,348000.0,100.0,2,2ος,,"Μουσείο Βορρέ, Παιανία, Αθήνα - Ανατολικά Προάστια",,,https://www.remax.gr/assets/media/properties/medium/404063_2b354a174eb7c825857e7b109b94b908.jpeg?v=14302995,,,,,2026-10-02T08:27:42Z,404063,2026-10-02,104/pwliseis-agora-katoikies
remax.gr,REMAX Ergon,https://www.remax.gr/property/404064-polisi-mezoneta-moyseio-borre,"Μεζονέτα · Μουσείο Βορρέ · Παιανία, Αθήνα - Ανατολικά Προάστια",sale,,280000.0,101.0,2,Ισόγειο,,"Μουσείο Βορρέ, Παιανία, Αθήνα - Ανατολικά Προάστια",,,https://www.remax.gr/assets/media/properties/medium/404064_1df34870f83fb11dc95536b70bae54e6.jpeg?v=14304389,,,,,2026-10-02T08:27:42Z,404064,2026-10-02,104/pwliseis-agora-katoikies
remax.gr,REMAX Trust,https://www.remax.gr/property/404138-polisi-monokatoikia-rafhna,Μονοκατοικία · Ραφήνα · Υπόλοιπο Αττικής,sale,,200000.0,97.0,2,Ισόγειο,,"Ραφήνα, Υπόλοιπο Αττικής",,,https://www.remax.gr/assets/media/properties/medium/404138_82db20f48c5c48e9b1a9d259218aeb43.jpeg?v=14304152,,,,,2026-10-02T08:27:42Z,404138,2026-10-02,107/pwliseis-agora-katoikies
remax.gr,REMAX Ergon,https://www.remax.gr/property/404157-polisi-diamerisma-moyseio-borre,"Διαμέρισμα · Μουσείο Βορρέ · Παιανία, Αθήνα - Ανατολικά Προάστια",sale,,267000.0,83.0,2,Ισόγειο,,"Μουσείο Βορρέ, Παιανία, Αθήνα - Ανατολικά Προάστια",,,https://www.remax.gr/assets/media/properties/medium/404157_93832f6cd41bc9802c05cc5acc1c0615.jpeg?v=14304439,,,,,2026-10-02T08:27:42Z,404157,2026-10-02,104/pwliseis-agora-katoikies
remax.gr,REMAX Ergon,https://www.remax.gr/property/404158-polisi-diamerisma-moyseio-borre,"Διαμέρισμα · Μουσείο Βορρέ · Παιανία, Αθήνα - Ανατολικά Προάστια",sale,,265000.0,83.0,2,Ισόγειο,,"Μουσείο Βορρέ, Παιανία, Αθήνα - Ανατολικά Προάστια",,,https://www.remax.gr/assets/media/properties/medium/404158_8e17be2fe94bc1c9ea90ab899e40a78b.jpeg?v=14304442,,,,,2026-10-02T08:27:42Z,404158,2026-10-02,104/pwliseis-agora-katoikies
remax.gr,REMAX Ergon,https://www.remax.gr/property/404159-polisi-mezoneta-moyseio-borre,"Μεζονέτα · Μουσείο Βορρέ · Παιανία, Αθήνα - Ανατολικά Προάστια",sale,,365000.0,126.0,3,Ισόγειο,,"Μουσείο Βορρέ, Παιανία, Αθήνα - Ανατολικά Προάστια",,,https://www.remax.gr/assets/media/properties/medium/404159_dcfbbae6d250dbd2df00616bb0ea9f49.jpeg?v=14304446,,,,,2026-10-02T08:27:42Z,404159,2026-10-02,104/pwliseis-agora-katoikies
remax.gr,REMAX Ergon,https://www.remax.gr/property/404160-polisi-mezoneta-moyseio-borre,"Μεζονέτα · Μουσείο Βορρέ · Παιανία, Αθήνα - Ανατολικά Προάστια",sale,,280000.0,101.0,2,Ισόγειο,,"Μουσείο Βορρέ, Παιανία, Αθήνα - Ανατολικά Προάστια",,,https://www.remax.gr/assets/media/properties/medium/404160_ff4258202d74f91b2854cc74ce502aa0.jpeg?v=14304449,,,,,2026-10-02T08:27:42Z,404160,2026-10-02,104/pwliseis-agora-katoikies
remax.gr,REMAX Ergon,https://www.remax.gr/property/404161-polisi-mezoneta-moyseio-borre,"Μεζονέτα · Μουσείο Βορρέ · Παιανία, Αθήνα - Ανατολικά Προάστια",sale,,415000.0,119.0,3,2ος,,"Μουσείο Βορρέ, Παιανία, Αθήνα - Ανατολικά Προάστια",,,https://www.remax.gr/assets/media/properties/medium/404161_6c7ea39b48df1a667f7f03f6a83f0dfd.jpeg?v=14304453,,,,,2026-10-02T08:27:42Z,404161,2026-10-02,104/pwliseis-agora-katoikies
remax.gr,REMAX 361 Solutions,https://www.remax.gr/property/404162-polisi-monokatoikia-panorama,"Μονοκατοικία · Πανόραμα · Άνω Λιόσια, Υπόλοιπο Αττικής",sale,,150000.0,86.0,3,Ισόγειο,,"Πανόραμα, Άνω Λιόσια, Υπόλοιπο Αττικής",,,https://www.remax.gr/assets/media/properties/medium/404162_14_849855.jpeg?v=14304476,,,,,2026-10-02T08:27:42Z,404162,2026-10-02,107/pwliseis-agora-katoikies
remax.gr,REMAX Ergon,https://www.remax.gr/property/404163-polisi-mezoneta-moyseio-borre,"Μεζονέτα · Μουσείο Βορρέ · Παιανία, Αθήνα - Ανατολικά Προάστια",sale,,410000.0,120.0,3,2ος,,"Μουσείο Βορρέ, Παιανία, Αθήνα - Ανατολικά Προάστια",,,https://www.remax.gr/assets/media/properties/medium/404163_f9e07ddd612a7104627ecb9e8cebcc8c.jpeg?v=14304459,,,,,2026-10-02T08:27:42Z,404163,2026-10-02,104/pwliseis-agora-katoikies
remax.gr,REMAX Ergon,https://www.remax.gr/property/404164-polisi-mezoneta-moyseio-borre,"Μεζονέτα · Μουσείο Βορρέ · Παιανία, Αθήνα - Ανατολικά Προάστια",sale,,410000.0,121.0,3,2ος,,"Μουσείο Βορρέ, Παιανία, Αθήνα - Ανατολικά Προάστια",,,https://www.remax.gr/assets/media/properties/medium/404164_1dcfe37045026fab0c34eaf7726e4944.jpeg?v=14304465,,,,,2026-10-02T08:27:42Z,404164,2026-10-02,104/pwliseis-agora-katoikies
remax.gr,REMAX Ergon,https://www.remax.gr/property/404165-polisi-mezoneta-moyseio-borre,"Μεζονέτα · Μουσείο Βορρέ · Παιανία, Αθήνα - Ανατολικά Προάστια",sale,,278000.0,84.0,2,1ος,,"Μουσείο Βορρέ, Παιανία, Αθήνα - Ανατολικά Προάστια",,,https://www.remax.gr/assets/media/properties/medium/404165_57a71980e6d1dcfa3e08a25209127601.jpeg?v=14304471,,,,,2026-10-02T08:27:42Z,404165,2026-10-02,104/pwliseis-agora-katoikies
remax.gr,REMAX 361 Solutions,https://www.remax.gr/property/404301-polisi-monokatoikia-kallitexnoypolh,"Μονοκατοικία · Καλλιτεχνούπολη · Ραφήνα, Υπόλοιπο Αττικής",sale,,390000.0,232.0,3,Ισόγειο,,"Καλλιτεχνούπολη, Ραφήνα, Υπόλοιπο Αττικής",,,https://www.remax.gr/assets/media/properties/medium/404301_10_8503862.jpeg?v=14306526,,,,,2026-10-02T08:27:42Z,404301,2026-10-02,107/pwliseis-agora-katoikies
remax.gr,REMAX Lysis,https://www.remax.gr/property/404442-enoikiasi-katastima-kentro-palaio-menidi,"Κατάστημα · Κέντρο Παλαιό Μενίδι · Αχαρνές, Αθήνα - Δυτικά Προάστια",rent,,8000.0,900.0,2,Ισόγειο,,"Κέντρο Παλαιό Μενίδι, Αχαρνές, Αθήνα - Δυτικά Προάστια",,,https://www.remax.gr/assets/media/properties/medium/404442_1_45262787.jpeg?v=14308742,,,,,2026-10-02T08:27:42Z,404442,2026-10-02,103/enoikiaseis-epaggelmatika
remax.gr,REMAX Real Advisor,https://www.remax.gr/property/404446-polisi-apothiki-kakkabas,"Αποθήκη · Κάκκαβας · Νέα Ιωνία, Αθήνα - Δυτικά Προάστια",sale,,37000.0,50.0,1,Ημιυπόγειο,,"Κάκκαβας, Νέα Ιωνία, Αθήνα - Δυτικά Προάστια",,,https://www.remax.gr/assets/media/properties/medium/404446_fe3e0c2eb54e4fd891b4c8ba969e8c19.jpeg?v=14308787,,,,,2026-10-02T08:27:42Z,404446,2026-10-02,103/pwliseis-agora-epaggelmatika
remax.gr,REMAX 361 Solutions,https://www.remax.gr/property/404462-polisi-agrotemachio-agios-athanasios,"Αγροτεμάχιο · Άγιος Αθανάσιος · Παλλήνη, Αθήνα - Ανατολικά Προάστια",sale,,350000.0,2863.0,,,,"Άγιος Αθανάσιος, Παλλήνη, Αθήνα - Ανατολικά Προάστια",,,https://www.remax.gr/assets/media/properties/medium/404462_23_8522534.jpeg?v=14308995,,,,,2026-10-02T08:27:42Z,404462,2026-10-02,104/pwliseis-agora-gi
remax.gr,REMAX Real Advisor,https://www.remax.gr/property/404579-enoikiasi-katastima-nea-iwnia,Κατάστημα · Νέα Ιωνία · Αθήνα - Δυτικά Προάστια,rent,,500.0,79.0,,Ισόγειο,,"Νέα Ιωνία, Αθήνα - Δυτικά Προάστια",,,https://www.remax.gr/assets/media/properties/medium/404579_a839cd4ee0104988a2e64dc240527431.jpeg?v=14310352,,,,,2026-10-02T08:27:42Z,404579,2026-10-02,103/enoikiaseis-epaggelmatika
remax.gr,REMAX 361 Solutions,https://www.remax.gr/property/404598-polisi-diamerisma-kentro,"Διαμέρισμα · Κέντρο · Γέρακας, Αθήνα - Ανατολικά Προάστια",sale,,350000.0,110.0,3,1ος,,"Κέντρο, Γέρακας, Αθήνα - Ανατολικά Προάστια",,,https://www.remax.gr/assets/media/properties/medium/404598_22_8547873.jpeg?v=14310580,,,,,2026-10-02T08:27:42Z,404598,2026-10-02,104/pwliseis-agora-katoikies
remax.gr,REMAX En Oiko,https://www.remax.gr/property/404612-polisi-epaggelmatiko-ktirio-gerakas,Eπαγγελματικό Kτήριο · Γέρακας · Αθήνα - Ανατολικά Προάστια,sale,,1120000.0,528.0,2,,,"Γέρακας, Αθήνα - Ανατολικά Προάστια",,,https://www.remax.gr/assets/media/properties/medium/404612_8ed9e6517c0a4f669630e70287de9c75.png?v=14310769,,,,,2026-10-02T08:27:42Z,404612,2026-10-02,104/pwliseis-agora-epaggelmatika
remax.gr,REMAX Friends,https://www.remax.gr/property/404628-enoikiasi-apothiki-korwpi,Αποθήκη · Κορωπί · Αθήνα - Ανατολικά Προάστια,rent,,650.0,200.0,1,Υπόγειο,,"Κορωπί, Αθήνα - Ανατολικά Προάστια",,,https://www.remax.gr/assets/media/properties/medium/404628_1a599044a3074f1294659026ccc3556c.jpeg?v=14311031,,,,,2026-10-02T08:27:42Z,404628,2026-10-02,104/enoikiaseis-epaggelmatika
remax.gr,REMAX Ergon,https://www.remax.gr/property/404638-polisi-diamerisma-garghttos,"Διαμέρισμα · Γαργηττός · Γέρακας, Αθήνα - Ανατολικά Προάστια",sale,,282500.0,78.0,2,Ισόγειο,,"Γαργηττός, Γέρακας, Αθήνα - Ανατολικά Προάστια",,,https://www.remax.gr/assets/media/properties/medium/404638_36e727e2652e08d8517038278bfc3934.jpeg?v=14317227,,,,,2026-10-02T08:27:42Z,404638,2026-10-02,104/pwliseis-agora-katoikies
remax.gr,REMAX Real Advisor,https://www.remax.gr/property/404706-enoikiasi-katastima-galatsi,Κατάστημα · Γαλάτσι · Αθήνα - Δυτικά Προάστια,rent,,3000.0,305.0,4,Ισόγειο,,"Γαλάτσι, Αθήνα - Δυτικά Προάστια",,,https://www.remax.gr/assets/media/properties/medium/404706_46ce3cff9c24416e8d42e0fe744dd842.jpeg?v=14312066,,,,,2026-10-02T08:27:42Z,404706,2026-10-02,103/enoikiaseis-epaggelmatika
remax.gr,REMAX Porto,https://www.remax.gr/property/404768-polisi-monokatoikia-porto-rafth,"Μονοκατοικία · Πόρτο Ράφτη · Μαρκόπουλο, Υπόλοιπο Αττικής",sale,,130000.0,68.0,2,Ισόγειο,,"Πόρτο Ράφτη, Μαρκόπουλο, Υπόλοιπο Αττικής",,,https://www.remax.gr/assets/media/properties/medium/404768_2_9688416.jpeg?v=14313187,,,,,2026-10-02T08:27:42Z,404768,2026-10-02,107/pwliseis-agora-katoikies
remax.gr,REMAX Central,https://www.remax.gr/property/404945-polisi-mezoneta-gerakas,Μεζονέτα · Γέρακας · Αθήνα - Ανατολικά Προάστια,sale,,600000.0,231.0,3,Ισόγειο,,"Γέρακας, Αθήνα - Ανατολικά Προάστια",,,https://www.remax.gr/assets/media/properties/medium/404945_ebc1633d988045d5883c9240f0cb51db.jpeg?v=14315793,,,,,2026-10-02T08:27:42Z,404945,2026-10-02,104/pwliseis-agora-katoikies
remax.gr,REMAX Cosmos,https://www.remax.gr/property/405005-polisi-mezoneta-gerakas,Μεζονέτα · Γέρακας · Αθήνα - Ανατολικά Προάστια,sale,,520000.0,142.0,3,Ισόγειο,,"Γέρακας, Αθήνα - Ανατολικά Προάστια",,,https://www.remax.gr/assets/media/properties/medium/405005_ce4290e695bd4117b5a5f625183bd001.jpeg?v=14316530,,,,,2026-10-02T08:27:42Z,405005,2026-10-02,104/pwliseis-agora-katoikies
remax.gr,REMAX Cosmos,https://www.remax.gr/property/405006-polisi-diamerisma-gerakas,Διαμέρισμα · Γέρακας · Αθήνα - Ανατολικά Προάστια,sale,,240000.0,73.0,1,Ισόγειο,,"Γέρακας, Αθήνα - Ανατολικά Προάστια",,,https://www.remax.gr/assets/media/properties/medium/405006_4475a47bc16f4fe29244f1caabba2730.jpeg?v=14316549,,,,,2026-10-02T08:27:42Z,405006,2026-10-02,104/pwliseis-agora-katoikies
remax.gr,REMAX Cosmos,https://www.remax.gr/property/405007-polisi-grafeio-gerakas,Γραφείο · Γέρακας · Αθήνα - Ανατολικά Προάστια,sale,,250000.0,47.0,,Ισόγειο,,"Γέρακας, Αθήνα - Ανατολικά Προάστια",,,https://www.remax.gr/assets/media/properties/medium/405007_ede65a0143e54a6e956599f6761d25f7.jpeg?v=14316558,,,,,2026-10-02T08:27:42Z,405007,2026-10-02,104/pwliseis-agora-epaggelmatika
remax.gr,REMAX En Oiko,https://www.remax.gr/property/405020-polisi-mezoneta-gerakas,Μεζονέτα · Γέρακας · Αθήνα - Ανατολικά Προάστια,sale,,395000.0,216.0,3,1ος,,"Γέρακας, Αθήνα - Ανατολικά Προάστια",,,https://www.remax.gr/assets/media/properties/medium/405020_5014be483c074a98a7961c2b7e472fc1.jpeg?v=14316793,,,,,2026-10-02T08:27:42Z,405020,2026-10-02,104/pwliseis-agora-katoikies
remax.gr,REMAX Real Advisor,https://www.remax.gr/property/405031-polisi-oikopedo-gia-katoikia-agioi-anargyroi,Οικόπεδο για κατοικία · Αγιοι Ανάργυροι · Αθήνα - Δυτικά Προάστια,sale,,290000.0,162.0,,,,"Αγιοι Ανάργυροι, Αθήνα - Δυτικά Προάστια",,,https://www.remax.gr/assets/media/properties/medium/405031_ed8e9e9324954a50aa48a87d9263b9c2.jpeg?v=14316960,,,,,2026-10-02T08:27:42Z,405031,2026-10-02,103/pwliseis-agora-gi
remax.gr,REMAX Ergon,https://www.remax.gr/property/405056-enoikiasi-katastima-nea-iwnia,Κατάστημα · Νέα Ιωνία · Αθήνα - Δυτικά Προάστια,rent,,1300.0,60.0,,Ισόγειο,,"Νέα Ιωνία, Αθήνα - Δυτικά Προάστια",,,https://www.remax.gr/assets/media/properties/medium/405056_045a3dc0f1a069e6ecaa7ad39b7e6f89.jpeg?v=14317345,,,,,2026-10-02T08:27:42Z,405056,2026-10-02,103/enoikiaseis-epaggelmatika
remax.gr,REMAX Properties Investment 5,https://www.remax.gr/property/405374-enoikiasi-epaggelmatiko-ktirio-nea-iwnia,Eπαγγελματικό Kτήριο · Νέα Ιωνία · Αθήνα - Δυτικά Προάστια,rent,,9500.0,675.0,,Ισόγειο,,"Νέα Ιωνία, Αθήνα - Δυτικά Προάστια",,,https://www.remax.gr/assets/media/properties/medium/405374_20f2d29ed38c45e7bc603df5632e85fd.jpeg?v=14322745,,,,,2026-10-02T08:27:42Z,405374,2026-10-02,103/enoikiaseis-epaggelmatika
remax.gr,REMAX Properties Investment 5,https://www.remax.gr/property/405376-polisi-agrotemachio-korwpi,Αγροτεμάχιο · Κορωπί · Αθήνα - Ανατολικά Προάστια,sale,,5000000.0,52270.0,,,,"Κορωπί, Αθήνα - Ανατολικά Προάστια",,,https://www.remax.gr/assets/media/properties/medium/405376_5a51e671268b4f888f9c478149fe2192.jpeg?v=14322759,,,,,2026-10-02T08:27:42Z,405376,2026-10-02,104/pwliseis-agora-gi
remax.gr,REMAX 361 Solutions,https://www.remax.gr/property/405377-polisi-monokatoikia-kentro,"Μονοκατοικία · Κέντρο · Παλλήνη, Αθήνα - Ανατολικά Προάστια",sale,,65000.0,45.0,,Ισόγειο,,"Κέντρο, Παλλήνη, Αθήνα - Ανατολικά Προάστια",,,https://www.remax.gr/assets/media/properties/medium/405377_22_8577496.jpeg?v=14322761,,,,,2026-10-02T08:27:42Z,405377,2026-10-02,104/pwliseis-agora-katoikies
remax.gr,REMAX Properties Investment 5,https://www.remax.gr/property/405379-polisi-oikopedo-gia-epaggelmatiki-chrisi-xristoypolh,"Οικόπεδο για επαγγελματική χρήση · Χριστούπολη · Σπάτα, Αθήνα - Ανατολικά Προάστια",sale,,3000000.0,6000.0,,,,"Χριστούπολη, Σπάτα, Αθήνα - Ανατολικά Προάστια",,,https://www.remax.gr/assets/media/properties/medium/405379_cb22b185b65e4263a6a7c9992f154e1b.jpeg?v=14322779,,,,,2026-10-02T08:27:42Z,405379,2026-10-02,104/pwliseis-agora-gi
remax.gr,REMAX Real Advisor,https://www.remax.gr/property/405432-enoikiasi-diamerisma-lamprinh,"Διαμέρισμα · Λαμπρινή · Γαλάτσι, Αθήνα - Δυτικά Προάστια",rent,,900.0,120.0,3,3ος,,"Λαμπρινή, Γαλάτσι, Αθήνα - Δυτικά Προάστια",,,https://www.remax.gr/assets/media/properties/medium/405432_3e85fba9825943d8a29198af44d97363.jpeg?v=14323566,,,,,2026-10-02T08:27:42Z,405432,2026-10-02,103/enoikiaseis-katoikies
remax.gr,REMAX Ergon,https://www.remax.gr/property/405434-polisi-diamerisma-mpalana,"Διαμέρισμα · Μπάλανα · Γέρακας, Αθήνα - Ανατολικά Προάστια",sale,,260000.0,74.0,2,Ισόγειο,,"Μπάλανα, Γέρακας, Αθήνα - Ανατολικά Προάστια",,,https://www.remax.gr/assets/media/properties/medium/405434_bb4186fe477778320b3bbecdc5919873.jpeg?v=14323612,,,,,2026-10-02T08:27:42Z,405434,2026-10-02,104/pwliseis-agora-katoikies
remax.gr,REMAX Properties Investment,https://www.remax.gr/property/405509-enoikiasi-katastima-alsos-beikoy,"Κατάστημα · Άλσος Βεΐκου · Γαλάτσι, Αθήνα - Δυτικά Προάστια",rent,,1450.0,150.0,,Ισόγειο,,"Άλσος Βεΐκου, Γαλάτσι, Αθήνα - Δυτικά Προάστια",,,https://www.remax.gr/assets/media/properties/medium/405509_4007e20421ca48319abc60cddaceb8f4.jpeg?v=14324817,,,,,2026-10-02T08:27:42Z,405509,2026-10-02,103/enoikiaseis-epaggelmatika
remax.gr,REMAX En Oiko,https://www.remax.gr/property/405518-polisi-mezoneta-barnabas,Μεζονέτα · Βαρνάβας · Αθήνα - Ανατολικά Προάστια,sale,,620000.0,160.0,3,Ισόγειο,,"Βαρνάβας, Αθήνα - Ανατολικά Προάστια",,,https://www.remax.gr/assets/media/properties/medium/405518_f55074e708fc4d67b7b22eb226e8f5e7.jpeg?v=14324977,,,,,2026-10-02T08:27:42Z,405518,2026-10-02,104/pwliseis-agora-katoikies
remax.gr,REMAX Real Advisor,https://www.remax.gr/property/405539-polisi-oikopedo-gia-katoikia-axarnes,Οικόπεδο για κατοικία · Αχαρνές · Αθήνα - Δυτικά Προάστια,sale,,49000.0,273.0,,,,"Αχαρνές, Αθήνα - Δυτικά Προάστια",,,https://www.remax.gr/assets/media/properties/medium/405539_b90e116a7a794522a8a7edf7c0e3f0f7.jpeg?v=14325310,,,,,2026-10-02T08:27:42Z,405539,2026-10-02,103/pwliseis-agora-gi
remax.gr,REMAX En Oiko,https://www.remax.gr/property/405554-polisi-diamerisma-rafhna,Διαμέρισμα · Ραφήνα · Υπόλοιπο Αττικής,sale,,125000.0,52.0,1,2ος,,"Ραφήνα, Υπόλοιπο Αττικής",,,https://www.remax.gr/assets/media/properties/medium/405554_dc81d24b7e984710a8ffcd97dc5919ce.png?v=14325485,,,,,2026-10-02T08:27:42Z,405554,2026-10-02,107/pwliseis-agora-katoikies
remax.gr,REMAX Porto,https://www.remax.gr/property/405607-polisi-mezoneta-kentro,"Μεζονέτα · Κέντρο · Μαρκόπουλο, Υπόλοιπο Αττικής",sale,,399000.0,180.0,3,Ισόγειο,,"Κέντρο, Μαρκόπουλο, Υπόλοιπο Αττικής",,,https://www.remax.gr/assets/media/properties/medium/405607_6_11382015.jpeg?v=14326212,,,,,2026-10-02T08:27:42Z,405607,2026-10-02,107/pwliseis-agora-katoikies
remax.gr,REMAX Fidelity Brokers,https://www.remax.gr/property/405662-enoikiasi-katastima-kentro,"Κατάστημα · Κέντρο · Περιστέρι, Αθήνα - Δυτικά Προάστια",rent,,10000.0,100.0,1,Ισόγειο,,"Κέντρο, Περιστέρι, Αθήνα - Δυτικά Προάστια",,,https://www.remax.gr/assets/media/properties/medium/405662_3940_63774958.jpeg?v=14327182,,,,,2026-10-02T08:27:42Z,405662,2026-10-02,103/enoikiaseis-epaggelmatika
remax.gr,REMAX Properties Investment 5,https://www.remax.gr/property/405672-polisi-biomichaniko-biotechniko-eleytheroypolh,"Βιομηχανικό/Βιοτεχνικό · Ελευθερούπολη · Νέα Ιωνία, Αθήνα - Δυτικά Προάστια",sale,,530000.0,410.0,,2ος,,"Ελευθερούπολη, Νέα Ιωνία, Αθήνα - Δυτικά Προάστια",,,https://www.remax.gr/assets/media/properties/medium/405672_95d1b782c9e642b4bdc997d60ddbfa95.jpeg?v=14327386,,,,,2026-10-02T08:27:42Z,405672,2026-10-02,103/pwliseis-agora-epaggelmatika
remax.gr,REMAX Optimum,https://www.remax.gr/property/405745-polisi-diamerisma-porto-rafth,"Διαμέρισμα · Πόρτο Ράφτη · Μαρκόπουλο, Υπόλοιπο Αττικής",sale,,100000.0,52.0,2,Ισόγειο,,"Πόρτο Ράφτη, Μαρκόπουλο, Υπόλοιπο Αττικής",,,https://www.remax.gr/assets/media/properties/medium/405745_69ca8f4082aec1774882624.jpeg?v=14328631,,,,,2026-10-02T08:27:42Z,405745,2026-10-02,107/pwliseis-agora-katoikies
remax.gr,REMAX Elite,https://www.remax.gr/property/405760-polisi-monokatoikia-porto-rafth,"Μονοκατοικία · Πόρτο Ράφτη · Μαρκόπουλο, Υπόλοιπο Αττικής",sale,,380000.0,194.0,2,Ισόγειο,,"Πόρτο Ράφτη, Μαρκόπουλο, Υπόλοιπο Αττικής",,,https://www.remax.gr/assets/media/properties/medium/405760_e3ca6487fd29e316d4061736af38c665.jpeg?v=14328862,,,,,2026-10-02T08:27:42Z,405760,2026-10-02,107/pwliseis-agora-katoikies
remax.gr,REMAX Porto,https://www.remax.gr/property/405773-polisi-diamerisma-porto-rafth,"Διαμέρισμα · Πόρτο Ράφτη · Μαρκόπουλο, Υπόλοιπο Αττικής",sale,,350000.0,76.0,2,3ος,,"Πόρτο Ράφτη, Μαρκόπουλο, Υπόλοιπο Αττικής",,,https://www.remax.gr/assets/media/properties/medium/405773_3_1048418.jpeg?v=14329176,,,,,2026-10-02T08:27:42Z,405773,2026-10-02,107/pwliseis-agora-katoikies
remax.gr,REMAX Ergon,https://www.remax.gr/property/405795-enoikiasi-diamerisma-garghttos,"Διαμέρισμα · Γαργηττός · Γέρακας, Αθήνα - Ανατολικά Προάστια",rent,,1050.0,90.0,1,Ισόγειο,,"Γαργηττός, Γέρακας, Αθήνα - Ανατολικά Προάστια",,,https://www.remax.gr/assets/media/properties/medium/405795_f34c94292d0667e190984205ce15fd9b.jpeg?v=14345415,,,,,2026-10-02T08:27:42Z,405795,2026-10-02,104/enoikiaseis-katoikies
remax.gr,REMAX Ergon,https://www.remax.gr/property/405796-enoikiasi-diamerisma-foyresi,"Διαμέρισμα · Φούρεσι · Γλυκά Νερά, Αθήνα - Ανατολικά Προάστια",rent,,1000.0,100.0,2,1ος,,"Φούρεσι, Γλυκά Νερά, Αθήνα - Ανατολικά Προάστια",,,https://www.remax.gr/assets/media/properties/medium/405796_6af2eef2438693b008d0efbf28c23848.jpeg?v=14345426,,,,,2026-10-02T08:27:42Z,405796,2026-10-02,104/enoikiaseis-katoikies
remax.gr,REMAX Ergon,https://www.remax.gr/property/405797-polisi-mezoneta-kentro,"Μεζονέτα · Κέντρο · Γέρακας, Αθήνα - Ανατολικά Προάστια",sale,,530000.0,138.0,3,Ισόγειο,,"Κέντρο, Γέρακας, Αθήνα - Ανατολικά Προάστια",,,https://www.remax.gr/assets/media/properties/medium/405797_6aca510de399a64c923371b8a91c51d9.jpeg?v=14329541,,,,,2026-10-02T08:27:42Z,405797,2026-10-02,104/pwliseis-agora-katoikies
remax.gr,REMAX Properties Investment,https://www.remax.gr/property/405799-polisi-diamerisma-pallhnh,Διαμέρισμα · Παλλήνη · Αθήνα - Ανατολικά Προάστια,sale,,320000.0,115.0,3,4ος,,"Παλλήνη, Αθήνα - Ανατολικά Προάστια",,,https://www.remax.gr/assets/media/properties/medium/405799_540a97596df543a78bc144ad35ba13d5.jpeg?v=14329585,,,,,2026-10-02T08:27:42Z,405799,2026-10-02,104/pwliseis-agora-katoikies
remax.gr,REMAX Real Advisor,https://www.remax.gr/property/405801-enoikiasi-grafeio-peristeri,Γραφείο · Περιστέρι · Αθήνα - Δυτικά Προάστια,rent,,6000.0,920.0,20,1ος,,"Περιστέρι, Αθήνα - Δυτικά Προάστια",,,https://www.remax.gr/assets/media/properties/medium/405801_4b814a9165ef43fea5e7bad93d245818.jpeg?v=14329599,,,,,2026-10-02T08:27:42Z,405801,2026-10-02,103/enoikiaseis-epaggelmatika
remax.gr,REMAX Optimum,https://www.remax.gr/property/405818-polisi-diamerisma-porto-rafth,"Διαμέρισμα · Πόρτο Ράφτη · Μαρκόπουλο, Υπόλοιπο Αττικής",sale,,110000.0,52.0,1,1ος,,"Πόρτο Ράφτη, Μαρκόπουλο, Υπόλοιπο Αττικής",,,https://www.remax.gr/assets/media/properties/medium/405818_69cfbe86275cf1775222406.jpeg?v=14329839,,,,,2026-10-02T08:27:42Z,405818,2026-10-02,107/pwliseis-agora-katoikies
remax.gr,REMAX Real Advisor,https://www.remax.gr/property/405829-enoikiasi-grafeio-nea-iwnia,Γραφείο · Νέα Ιωνία · Αθήνα - Δυτικά Προάστια,rent,,650.0,67.0,3,1ος,,"Νέα Ιωνία, Αθήνα - Δυτικά Προάστια",,,https://www.remax.gr/assets/media/properties/medium/405829_82457365d84b42138473c350c365ba66.jpeg?v=14329986,,,,,2026-10-02T08:27:42Z,405829,2026-10-02,103/enoikiaseis-epaggelmatika
remax.gr,REMAX Abacus Properties,https://www.remax.gr/property/405949-enoikiasi-katastima-polyteknwn,"Κατάστημα · Πολυτέκνων · Ίλιον, Αθήνα - Δυτικά Προάστια",rent,,4000.0,300.0,5,Ισόγειο,,"Πολυτέκνων, Ίλιον, Αθήνα - Δυτικά Προάστια",,,https://www.remax.gr/assets/media/properties/medium/405949_f4ab4cbdbd3b460d9b0c4801f9887fe3.jpeg?v=14346876,,,,,2026-10-02T08:27:42Z,405949,2026-10-02,103/enoikiaseis-epaggelmatika
remax.gr,REMAX Abacus Properties,https://www.remax.gr/property/405950-enoikiasi-aithousa-polyteknwn,"Αίθουσα · Πολυτέκνων · Ίλιον, Αθήνα - Δυτικά Προάστια",rent,,2000.0,260.0,,1ος,,"Πολυτέκνων, Ίλιον, Αθήνα - Δυτικά Προάστια",,,https://www.remax.gr/assets/media/properties/medium/405950_ef68d8e2d1be4843bc1eb6ffc0d71dca.jpeg?v=14346649,,,,,2026-10-02T08:27:42Z,405950,2026-10-02,103/enoikiaseis-epaggelmatika
remax.gr,REMAX 361 Solutions,https://www.remax.gr/property/405980-enoikiasi-katastima-kentro,"Κατάστημα · Κέντρο · Γέρακας, Αθήνα - Ανατολικά Προάστια",rent,,1500.0,144.0,2,Ισόγειο,,"Κέντρο, Γέρακας, Αθήνα - Ανατολικά Προάστια",,,https://www.remax.gr/assets/media/properties/medium/405980_10_8658662.jpeg?v=14332177,,,,,2026-10-02T08:27:42Z,405980,2026-10-02,104/enoikiaseis-epaggelmatika
remax.gr,REMAX Real Advisor,https://www.remax.gr/property/406016-polisi-monokatoikia-barnabas,Μονοκατοικία · Βαρνάβας · Αθήνα - Ανατολικά Προάστια,sale,,130000.0,90.0,1,Ισόγειο,,"Βαρνάβας, Αθήνα - Ανατολικά Προάστια",,,https://www.remax.gr/assets/media/properties/medium/406016_57226926a068435ea914babe4101eac6.png?v=14332818,,,,,2026-10-02T08:27:42Z,406016,2026-10-02,104/pwliseis-agora-katoikies
remax.gr,REMAX Ergon,https://www.remax.gr/property/406035-polisi-katastima-galatsi,Κατάστημα · Γαλάτσι · Αθήνα - Δυτικά Προάστια,sale,,100000.0,60.0,,Ισόγειο,,"Γαλάτσι, Αθήνα - Δυτικά Προάστια",,,https://www.remax.gr/assets/media/properties/medium/406035_481464a9d0fb12fb35d77fa40fcd2854.jpeg?v=14333201,,,,,2026-10-02T08:27:42Z,406035,2026-10-02,103/pwliseis-agora-epaggelmatika
remax.gr,REMAX Ergon,https://www.remax.gr/property/406075-enoikiasi-katastima-nea-iwnia,Κατάστημα · Νέα Ιωνία · Αθήνα - Δυτικά Προάστια,rent,,3000.0,120.0,,Ισόγειο,,"Νέα Ιωνία, Αθήνα - Δυτικά Προάστια",,,https://www.remax.gr/assets/media/properties/medium/406075_1040013448d4d8cc8f2083f043f1a180.jpeg?v=14333747,,,,,2026-10-02T08:27:42Z,406075,2026-10-02,103/enoikiaseis-epaggelmatika
remax.gr,REMAX Elite,https://www.remax.gr/property/406076-polisi-mezoneta-anw-liosia,Μεζονέτα · Άνω Λιόσια · Υπόλοιπο Αττικής,sale,,180000.0,120.0,2,1ος,,"Άνω Λιόσια, Υπόλοιπο Αττικής",,,https://www.remax.gr/assets/media/properties/medium/406076_c87beca170366403ffbe9fd2a105cb73.jpeg?v=14333750,,,,,2026-10-02T08:27:42Z,406076,2026-10-02,107/pwliseis-agora-katoikies
remax.gr,REMAX Elite,https://www.remax.gr/property/406077-polisi-diamerisma-anw-liosia,Διαμέρισμα · Άνω Λιόσια · Υπόλοιπο Αττικής,sale,,110000.0,70.0,2,Ισόγειο,,"Άνω Λιόσια, Υπόλοιπο Αττικής",,,https://www.remax.gr/assets/media/properties/medium/406077_cf5b230d356fb80bab0d7001e1e100ba.jpeg?v=14333761,,,,,2026-10-02T08:27:42Z,406077,2026-10-02,107/pwliseis-agora-katoikies
remax.gr,REMAX Elite,https://www.remax.gr/property/406078-polisi-diamerisma-anw-liosia,Διαμέρισμα · Άνω Λιόσια · Υπόλοιπο Αττικής,sale,,90000.0,82.0,2,Ημιυπόγειο,,"Άνω Λιόσια, Υπόλοιπο Αττικής",,,https://www.remax.gr/assets/media/properties/medium/406078_98cec25c10464521a17a45fad97ac37a.jpeg?v=14333769,,,,,2026-10-02T08:27:42Z,406078,2026-10-02,107/pwliseis-agora-katoikies
remax.gr,REMAX Elite,https://www.remax.gr/property/406079-polisi-monokatoikia-anw-liosia,Μονοκατοικία · Άνω Λιόσια · Υπόλοιπο Αττικής,sale,,350000.0,272.0,6,Ισόγειο,,"Άνω Λιόσια, Υπόλοιπο Αττικής",,,https://www.remax.gr/assets/media/properties/medium/406079_151391dc680e37e99fcc7c87a729bba6.jpeg?v=14333776,,,,,2026-10-02T08:27:42Z,406079,2026-10-02,107/pwliseis-agora-katoikies
remax.gr,REMAX Central,https://www.remax.gr/property/406133-enoikiasi-katastima-aigalew,Κατάστημα · Αιγάλεω · Αθήνα - Δυτικά Προάστια,rent,,985.0,225.0,3,Ισόγειο,,"Αιγάλεω, Αθήνα - Δυτικά Προάστια",,,https://www.remax.gr/assets/media/properties/medium/406133_b10d5bb53c2a4b47b72b9520bd8efa83.jpeg?v=14334690,,,,,2026-10-02T08:27:42Z,406133,2026-10-02,103/enoikiaseis-epaggelmatika
remax.gr,REMAX Central,https://www.remax.gr/property/406134-enoikiasi-grafeio-aigalew,Γραφείο · Αιγάλεω · Αθήνα - Δυτικά Προάστια,rent,,985.0,225.0,3,Ισόγειο,,"Αιγάλεω, Αθήνα - Δυτικά Προάστια",,,https://www.remax.gr/assets/media/properties/medium/406134_6e490df43000406da481d6b6e9824711.png?v=14334723,,,,,2026-10-02T08:27:42Z,406134,2026-10-02,103/enoikiaseis-epaggelmatika
remax.gr,REMAX Real Advisor,https://www.remax.gr/property/406200-polisi-oikopedo-gia-katoikia-nea-filadelfeia,Οικόπεδο για κατοικία · Νέα Φιλαδέλφεια · Αθήνα - Δυτικά Προάστια,sale,,790000.0,962.0,,,,"Νέα Φιλαδέλφεια, Αθήνα - Δυτικά Προάστια",,,https://www.remax.gr/assets/media/properties/medium/406200_9da9713c62724802ac8eeb589c678981.png?v=14335892,,,,,2026-10-02T08:27:42Z,406200,2026-10-02,103/pwliseis-agora-gi
remax.gr,REMAX Porto,https://www.remax.gr/property/406219-polisi-sugkrotima-katoikion-porto-rafth,"Συγκρότημα κατοικιών · Πόρτο Ράφτη · Μαρκόπουλο, Υπόλοιπο Αττικής",sale,,265000.0,422.0,,Ισόγειο,,"Πόρτο Ράφτη, Μαρκόπουλο, Υπόλοιπο Αττικής",,,https://www.remax.gr/assets/media/properties/medium/406219_14_10059081.jpeg?v=14336226,,,,,2026-10-02T08:27:42Z,406219,2026-10-02,107/pwliseis-agora-katoikies
remax.gr,REMAX 361 Solutions,https://www.remax.gr/property/406243-polisi-epaggelmatiko-ktirio-kentro,"Eπαγγελματικό Kτήριο · Κέντρο · Γέρακας, Αθήνα - Ανατολικά Προάστια",sale,,890000.0,941.0,,Ισόγειο,,"Κέντρο, Γέρακας, Αθήνα - Ανατολικά Προάστια",,,https://www.remax.gr/assets/media/properties/medium/406243_17_867224.jpeg?v=14337091,,,,,2026-10-02T08:27:42Z,406243,2026-10-02,104/pwliseis-agora-epaggelmatika
remax.gr,REMAX Porto,https://www.remax.gr/property/406263-polisi-monokatoikia-porto-rafth,"Μονοκατοικία · Πόρτο Ράφτη · Μαρκόπουλο, Υπόλοιπο Αττικής",sale,,280000.0,91.0,2,Ισόγειο,,"Πόρτο Ράφτη, Μαρκόπουλο, Υπόλοιπο Αττικής",,,https://www.remax.gr/assets/media/properties/medium/406263_10_11237477.jpeg?v=14336921,,,,,2026-10-02T08:27:42Z,406263,2026-10-02,107/pwliseis-agora-katoikies
remax.gr,REMAX Real Advisor,https://www.remax.gr/property/406275-polisi-oikopedo-gia-katoikia-8rakomakedones,"Οικόπεδο για κατοικία · Θρακομακεδόνες · Αχαρνές, Αθήνα - Δυτικά Προάστια",sale,,170000.0,1080.0,,,,"Θρακομακεδόνες, Αχαρνές, Αθήνα - Δυτικά Προάστια",,,https://www.remax.gr/assets/media/properties/medium/406275_e39e7ce763bc4e05a1b5830f54eebd01.jpeg?v=14337087,,,,,2026-10-02T08:27:42Z,406275,2026-10-02,103/pwliseis-agora-gi
remax.gr,REMAX Properties Investment 2,https://www.remax.gr/property/406277-polisi-diamerisma-lagonhsi,"Διαμέρισμα · Λαγονήσι · Καλύβια Θορικού, Υπόλοιπο Αττικής",sale,,170000.0,96.0,2,Ισόγειο,,"Λαγονήσι, Καλύβια Θορικού, Υπόλοιπο Αττικής",,,https://www.remax.gr/assets/media/properties/medium/406277_efb73c4512b54e488c35d3fdfd22301d.jpeg?v=14337108,,,,,2026-10-02T08:27:42Z,406277,2026-10-02,107/pwliseis-agora-katoikies
remax.gr,REMAX Properties Investment,https://www.remax.gr/property/406286-polisi-oikopedo-gia-katoikia-nea-makrh,Οικόπεδο για κατοικία · Νέα Μάκρη · Αθήνα - Ανατολικά Προάστια,sale,,75000.0,232.0,,,,"Νέα Μάκρη, Αθήνα - Ανατολικά Προάστια",,,https://www.remax.gr/assets/media/properties/medium/406286_534c50055de247b8bc7acb0efb9d8292.png?v=14337293,,,,,2026-10-02T08:27:42Z,406286,2026-10-02,104/pwliseis-agora-gi
remax.gr,REMAX Porto,https://www.remax.gr/property/406293-polisi-monokatoikia-porto-rafth,"Μονοκατοικία · Πόρτο Ράφτη · Μαρκόπουλο, Υπόλοιπο Αττικής",sale,,370000.0,80.0,2,Ισόγειο,,"Πόρτο Ράφτη, Μαρκόπουλο, Υπόλοιπο Αττικής",,,https://www.remax.gr/assets/media/properties/medium/406293_3_10658897.jpeg?v=14337387,,,,,2026-10-02T08:27:42Z,406293,2026-10-02,107/pwliseis-agora-katoikies
remax.gr,REMAX Ergon,https://www.remax.gr/property/406360-enoikiasi-diamerisma-garghttos,"Διαμέρισμα · Γαργηττός · Γέρακας, Αθήνα - Ανατολικά Προάστια",rent,,1000.0,82.0,2,1ος,,"Γαργηττός, Γέρακας, Αθήνα - Ανατολικά Προάστια",,,https://www.remax.gr/assets/media/properties/medium/406360_4447ea7cb5b2de9eae2e610c262970ec.jpeg?v=14345436,,,,,2026-10-02T08:27:42Z,406360,2026-10-02,104/enoikiaseis-katoikies
remax.gr,REMAX Ergon,https://www.remax.gr/property/406404-enoikiasi-mezoneta-foyresi,"Μεζονέτα · Φούρεσι · Γλυκά Νερά, Αθήνα - Ανατολικά Προάστια",rent,,1500.0,153.0,3,1ος,,"Φούρεσι, Γλυκά Νερά, Αθήνα - Ανατολικά Προάστια",,,https://www.remax.gr/assets/media/properties/medium/406404_040c1231d81cc0194f0e8a3ca195d175.jpeg?v=14345450,,,,,2026-10-02T08:27:42Z,406404,2026-10-02,104/enoikiaseis-katoikies
remax.gr,REMAX Central,https://www.remax.gr/property/406444-enoikiasi-diamerisma-gerakas,Διαμέρισμα · Γέρακας · Αθήνα - Ανατολικά Προάστια,rent,,1900.0,159.0,4,2ος,,"Γέρακας, Αθήνα - Ανατολικά Προάστια",,,https://www.remax.gr/assets/media/properties/medium/406444_abfb385c035d4f2a859dfadfe3673a18.jpeg?v=14340024,,,,,2026-10-02T08:27:42Z,406444,2026-10-02,104/enoikiaseis-katoikies
remax.gr,REMAX Central,https://www.remax.gr/property/406446-enoikiasi-diamerisma-gerakas,Διαμέρισμα · Γέρακας · Αθήνα - Ανατολικά Προάστια,rent,,1900.0,160.0,4,2ος,,"Γέρακας, Αθήνα - Ανατολικά Προάστια",,,https://www.remax.gr/assets/media/properties/medium/406446_0d6d8c9440ec44fc8bef4c76bfa36794.jpeg?v=14340050,,,,,2026-10-02T08:27:42Z,406446,2026-10-02,104/enoikiaseis-katoikies
remax.gr,REMAX Properties Investment,https://www.remax.gr/property/406520-enoikiasi-diamerisma-kentro,"Διαμέρισμα · Κέντρο · Γέρακας, Αθήνα - Ανατολικά Προάστια",rent,,850.0,111.0,2,Ημιυπόγειο,,"Κέντρο, Γέρακας, Αθήνα - Ανατολικά Προάστια",,,https://www.remax.gr/assets/media/properties/medium/406520_26927f5d69fa4c31a6e58f05b03093d1.jpeg?v=14341208,,,,,2026-10-02T08:27:42Z,406520,2026-10-02,104/enoikiaseis-katoikies
remax.gr,REMAX En Oiko,https://www.remax.gr/property/406536-polisi-oikopedo-gia-katoikia-pallhnh,Οικόπεδο για κατοικία · Παλλήνη · Αθήνα - Ανατολικά Προάστια,sale,,170000.0,714.0,,,,"Παλλήνη, Αθήνα - Ανατολικά Προάστια",,,https://www.remax.gr/assets/media/properties/medium/406536_e2fda0f11e31450da32b31cd0b91e624.png?v=14341429,,,,,2026-10-02T08:27:42Z,406536,2026-10-02,104/pwliseis-agora-gi
remax.gr,REMAX Properties Investment 2,https://www.remax.gr/property/406559-polisi-bila-agios-dhmhtrios,"Βίλα · Άγιος Δημήτριος · Κορωπί, Αθήνα - Ανατολικά Προάστια",sale,,2950000.0,810.0,8,Ισόγειο,,"Άγιος Δημήτριος, Κορωπί, Αθήνα - Ανατολικά Προάστια",,,https://www.remax.gr/assets/media/properties/medium/406559_b5bd086d93f0421eb92f8922773a5b82.png?v=14341819,,,,,2026-10-02T08:27:42Z,406559,2026-10-02,104/pwliseis-agora-katoikies
remax.gr,REMAX Friends,https://www.remax.gr/property/406719-enoikiasi-diamerisma-peristeri,Διαμέρισμα · Περιστέρι · Αθήνα - Δυτικά Προάστια,rent,,650.0,85.0,2,Ισόγειο,,"Περιστέρι, Αθήνα - Δυτικά Προάστια",,,https://www.remax.gr/assets/media/properties/medium/406719_ba3b57940ea74265adc4c0bb97cde212.jpeg?v=14344305,,,,,2026-10-02T08:27:42Z,406719,2026-10-02,103/enoikiaseis-katoikies
remax.gr,REMAX Central,https://www.remax.gr/property/406739-enoikiasi-diamerisma-galatsi,Διαμέρισμα · Γαλάτσι · Αθήνα - Δυτικά Προάστια,rent,,500.0,51.0,1,2ος,,"Γαλάτσι, Αθήνα - Δυτικά Προάστια",,,https://www.remax.gr/assets/media/properties/medium/406739_54643676b7814b3381bb6eb191b4ba5b.jpeg?v=14344599,,,,,2026-10-02T08:27:42Z,406739,2026-10-02,103/enoikiaseis-katoikies
remax.gr,REMAX Evolution,https://www.remax.gr/property/406745-polisi-diamerisma-kentro,"Διαμέρισμα · Κέντρο · Καλύβια Θορικού, Υπόλοιπο Αττικής",sale,,230000.0,120.0,3,1ος,,"Κέντρο, Καλύβια Θορικού, Υπόλοιπο Αττικής",,,https://www.remax.gr/assets/media/properties/medium/406745_3498_13203440.jpeg?v=14344701,,,,,2026-10-02T08:27:42Z,406745,2026-10-02,107/pwliseis-agora-katoikies
remax.gr,REMAX Central,https://www.remax.gr/property/406749-polisi-katastima-aigalew,Κατάστημα · Αιγάλεω · Αθήνα - Δυτικά Προάστια,sale,,83000.0,40.0,,Ισόγειο,,"Αιγάλεω, Αθήνα - Δυτικά Προάστια",,,https://www.remax.gr/assets/media/properties/medium/406749_178987bd6c274f008ab71a0e8c58d0bd.jpeg?v=14344759,,,,,2026-10-02T08:27:42Z,406749,2026-10-02,103/pwliseis-agora-epaggelmatika
remax.gr,REMAX Ergon,https://www.remax.gr/property/406799-polisi-diamerisma-kentro,"Διαμέρισμα · Κέντρο · Γλυκά Νερά, Αθήνα - Ανατολικά Προάστια",sale,,360000.0,100.0,3,4ος,,"Κέντρο, Γλυκά Νερά, Αθήνα - Ανατολικά Προάστια",,,https://www.remax.gr/assets/media/properties/medium/406799_2a155e05a2cdcd47837a8c4b00977228.jpeg?v=14345494,,,,,2026-10-02T08:27:42Z,406799,2026-10-02,104/pwliseis-agora-katoikies
remax.gr,REMAX Central,https://www.remax.gr/property/406838-enoikiasi-apothiki-axarnes,Αποθήκη · Αχαρνές · Αθήνα - Δυτικά Προάστια,rent,,950.0,156.0,,Ισόγειο,,"Αχαρνές, Αθήνα - Δυτικά Προάστια",,,https://www.remax.gr/assets/media/properties/medium/406838_dd5f14153904406cb8416f8a18030fc3.jpeg?v=14346042,,,,,2026-10-02T08:27:42Z,406838,2026-10-02,103/enoikiaseis-epaggelmatika
remax.gr,REMAX Central,https://www.remax.gr/property/406839-enoikiasi-biomichaniko-biotechniko-axarnes,Βιομηχανικό/Βιοτεχνικό · Αχαρνές · Αθήνα - Δυτικά Προάστια,rent,,950.0,156.0,,Ισόγειο,,"Αχαρνές, Αθήνα - Δυτικά Προάστια",,,https://www.remax.gr/assets/media/properties/medium/406839_069ec54799744ff394bcb2b6b1f3e567.jpeg?v=14346053,,,,,2026-10-02T08:27:42Z,406839,2026-10-02,103/enoikiaseis-epaggelmatika
remax.gr,REMAX Properties Investment 5,https://www.remax.gr/property/406847-polisi-mezoneta-gerakas,Μεζονέτα · Γέρακας · Αθήνα - Ανατολικά Προάστια,sale,,690000.0,260.0,3,Ισόγειο,,"Γέρακας, Αθήνα - Ανατολικά Προάστια",,,https://www.remax.gr/assets/media/properties/medium/406847_5c1c1c4ee399454a89d098f4e51f3709.jpeg?v=14346257,,,,,2026-10-02T08:27:42Z,406847,2026-10-02,104/pwliseis-agora-katoikies
remax.gr,REMAX Properties Investment,https://www.remax.gr/property/406850-enoikiasi-katastima-peristeri,Κατάστημα · Περιστέρι · Αθήνα - Δυτικά Προάστια,rent,,800.0,60.0,,,,"Περιστέρι, Αθήνα - Δυτικά Προάστια",,,https://www.remax.gr/assets/media/properties/medium/406850_137e623a06fd45e8a0c7cb0e08c5ecf8.jpeg?v=14346329,,,,,2026-10-02T08:27:42Z,406850,2026-10-02,103/enoikiaseis-epaggelmatika
remax.gr,REMAX Properties Investment,https://www.remax.gr/property/406857-polisi-diamerisma-kentro,"Διαμέρισμα · Κέντρο · Γλυκά Νερά, Αθήνα - Ανατολικά Προάστια",sale,,205000.0,71.0,2,3ος,,"Κέντρο, Γλυκά Νερά, Αθήνα - Ανατολικά Προάστια",,,https://www.remax.gr/assets/media/properties/medium/406857_748aea96a3764b358004f27aee31b15f.jpeg?v=14346415,,,,,2026-10-02T08:27:42Z,406857,2026-10-02,104/pwliseis-agora-katoikies
remax.gr,REMAX 361 Solutions,https://www.remax.gr/property/406883-polisi-oikopedo-gia-katoikia-kentro,"Οικόπεδο για κατοικία · Κέντρο · Κορωπί, Αθήνα - Ανατολικά Προάστια",sale,,620000.0,1130.0,,,,"Κέντρο, Κορωπί, Αθήνα - Ανατολικά Προάστια",,,https://www.remax.gr/assets/media/properties/medium/406883_10_8713861.jpeg?v=14346971,,,,,2026-10-02T08:27:42Z,406883,2026-10-02,104/pwliseis-agora-gi
remax.gr,REMAX 361 Solutions,https://www.remax.gr/property/406885-polisi-oikopedo-gia-katoikia-kentro,"Οικόπεδο για κατοικία · Κέντρο · Κορωπί, Αθήνα - Ανατολικά Προάστια",sale,,510000.0,925.0,,,,"Κέντρο, Κορωπί, Αθήνα - Ανατολικά Προάστια",,,https://www.remax.gr/assets/media/properties/medium/406885_10_8729744.jpeg?v=14346924,,,,,2026-10-02T08:27:42Z,406885,2026-10-02,104/pwliseis-agora-gi
remax.gr,REMAX 361 Solutions,https://www.remax.gr/property/406887-polisi-agrotemachio-kentro,"Αγροτεμάχιο · Κέντρο · Κορωπί, Αθήνα - Ανατολικά Προάστια",sale,,360000.0,1307.0,,,,"Κέντρο, Κορωπί, Αθήνα - Ανατολικά Προάστια",,,https://www.remax.gr/assets/media/properties/medium/406887_10_8731877.jpeg?v=14346957,,,,,2026-10-02T08:27:42Z,406887,2026-10-02,104/pwliseis-agora-gi
remax.gr,REMAX Properties Investment 5,https://www.remax.gr/property/406894-polisi-epaggelmatiko-ktirio-tsalaboyta,"Eπαγγελματικό Kτήριο · Τσαλαβούτα · Περιστέρι, Αθήνα - Δυτικά Προάστια",sale,,1150000.0,1200.0,1,,,"Τσαλαβούτα, Περιστέρι, Αθήνα - Δυτικά Προάστια",,,https://www.remax.gr/assets/media/properties/medium/406894_312832227b6d4146ae39a2ce81fe7e5d.jpeg?v=14347045,,,,,2026-10-02T08:27:42Z,406894,2026-10-02,103/pwliseis-agora-epaggelmatika
remax.gr,REMAX Real Advisor,https://www.remax.gr/property/406895-enoikiasi-katastima-axarnes,Κατάστημα · Αχαρνές · Αθήνα - Δυτικά Προάστια,rent,,6900.0,770.0,,Ισόγειο,,"Αχαρνές, Αθήνα - Δυτικά Προάστια",,,https://www.remax.gr/assets/media/properties/medium/406895_be206f2d8d1a4653bec7dd4c87bd38ee.jpeg?v=14347090,,,,,2026-10-02T08:27:42Z,406895,2026-10-02,103/enoikiaseis-epaggelmatika
remax.gr,REMAX Real Advisor,https://www.remax.gr/property/406923-enoikiasi-apothiki-axarnes,Αποθήκη · Αχαρνές · Αθήνα - Δυτικά Προάστια,rent,,5000.0,800.0,,Υπόγειο,,"Αχαρνές, Αθήνα - Δυτικά Προάστια",,,https://www.remax.gr/assets/media/properties/medium/406923_f49f7c4e49504e68bc444907a0f58a62.jpeg?v=14347522,,,,,2026-10-02T08:27:42Z,406923,2026-10-02,103/enoikiaseis-epaggelmatika
remax.gr,REMAX Central,https://www.remax.gr/property/406943-enoikiasi-grafeio-galatsi,Γραφείο · Γαλάτσι · Αθήνα - Δυτικά Προάστια,rent,,1000.0,125.0,4,1ος,,"Γαλάτσι, Αθήνα - Δυτικά Προάστια",,,https://www.remax.gr/assets/media/properties/medium/406943_69dcb5def86c4ce6bedf1a76c7202818.jpeg?v=14347779,,,,,2026-10-02T08:27:42Z,406943,2026-10-02,103/enoikiaseis-epaggelmatika
remax.gr,REMAX Central,https://www.remax.gr/property/406956-enoikiasi-biomichaniko-biotechniko-axarnes,Βιομηχανικό/Βιοτεχνικό · Αχαρνές · Αθήνα - Δυτικά Προάστια,rent,,17000.0,2000.0,,,,"Αχαρνές, Αθήνα - Δυτικά Προάστια",,,https://www.remax.gr/assets/media/properties/medium/406956_d382b2d455024addb28c2442154925a3.jpeg?v=14348033,,,,,2026-10-02T08:27:42Z,406956,2026-10-02,103/enoikiaseis-epaggelmatika
remax.gr,REMAX Elite,https://www.remax.gr/property/406997-polisi-oikopedo-gia-katoikia-nea-makrh,Οικόπεδο για κατοικία · Νέα Μάκρη · Αθήνα - Ανατολικά Προάστια,sale,,120000.0,335.0,,,,"Νέα Μάκρη, Αθήνα - Ανατολικά Προάστια",,,https://www.remax.gr/assets/media/properties/medium/406997_16a69c929c74d3e15ca62638f8165a27.jpeg?v=14348825,,,,,2026-10-02T08:27:42Z,406997,2026-10-02,104/pwliseis-agora-gi
remax.gr,REMAX En Oiko,https://www.remax.gr/property/407020-polisi-oikopedo-gia-katoikia-pallhnh,Οικόπεδο για κατοικία · Παλλήνη · Αθήνα - Ανατολικά Προάστια,sale,,35000.0,200.0,,,,"Παλλήνη, Αθήνα - Ανατολικά Προάστια",,,https://www.remax.gr/assets/media/properties/medium/407020_06743ad9a2fa40189cae579636db2b39.jpeg?v=14349194,,,,,2026-10-02T08:27:42Z,407020,2026-10-02,104/pwliseis-agora-gi
remax.gr,REMAX En Oiko,https://www.remax.gr/property/407021-polisi-oikopedo-gia-katoikia-pallhnh,Οικόπεδο για κατοικία · Παλλήνη · Αθήνα - Ανατολικά Προάστια,sale,,115000.0,300.0,,,,"Παλλήνη, Αθήνα - Ανατολικά Προάστια",,,https://www.remax.gr/assets/media/properties/medium/407021_d439d662ec8147b58ce3b37aa782792c.jpeg?v=14349196,,,,,2026-10-02T08:27:42Z,407021,2026-10-02,104/pwliseis-agora-gi
remax.gr,REMAX Properties Investment,https://www.remax.gr/property/407074-polisi-monokatoikia-keratea,Μονοκατοικία · Κερατέα · Υπόλοιπο Αττικής,sale,,170000.0,99.0,,,,"Κερατέα, Υπόλοιπο Αττικής",,,https://www.remax.gr/assets/media/properties/medium/407074_a2bf8a8da2dd4d04b9a41ca06f601833.png?v=14349864,,,,,2026-10-02T08:27:42Z,407074,2026-10-02,107/pwliseis-agora-katoikies
remax.gr,REMAX 361 Solutions,https://www.remax.gr/property/407180-polisi-monokatoikia-kentro,"Μονοκατοικία · Κέντρο · Αρτέμιδα (Λούτσα), Αθήνα - Ανατολικά Προάστια",sale,,1350000.0,350.0,5,Υπόγειο,,"Κέντρο, Αρτέμιδα (Λούτσα), Αθήνα - Ανατολικά Προάστια",,,https://www.remax.gr/assets/media/properties/medium/407180_20_7754952.jpeg?v=14351220,,,,,2026-10-02T08:27:42Z,407180,2026-10-02,104/pwliseis-agora-katoikies
remax.gr,REMAX Central,https://www.remax.gr/property/407251-polisi-grafeio-peribolia,"Γραφείο · Περιβόλια · Γαλάτσι, Αθήνα - Δυτικά Προάστια",sale,,229000.0,96.0,4,1ος,,"Περιβόλια, Γαλάτσι, Αθήνα - Δυτικά Προάστια",,,https://www.remax.gr/assets/media/properties/medium/407251_524efd9593d942a186bdea905bf67fa7.jpeg?v=14352181,,,,,2026-10-02T08:27:42Z,407251,2026-10-02,103/pwliseis-agora-epaggelmatika
remax.gr,REMAX 361 Solutions,https://www.remax.gr/property/407306-polisi-diamerisma-drosoypolh,"Διαμέρισμα · Δροσούπολη · Άνω Λιόσια, Υπόλοιπο Αττικής",sale,,225000.0,186.0,2,1ος,,"Δροσούπολη, Άνω Λιόσια, Υπόλοιπο Αττικής",,,https://www.remax.gr/assets/media/properties/medium/407306_14_8837754.jpeg?v=14352887,,,,,2026-10-02T08:27:42Z,407306,2026-10-02,107/pwliseis-agora-katoikies
remax.gr,REMAX Properties Investment,https://www.remax.gr/property/407309-enoikiasi-mezoneta-gerakas,Μεζονέτα · Γέρακας · Αθήνα - Ανατολικά Προάστια,rent,,1900.0,160.0,4,2ος,,"Γέρακας, Αθήνα - Ανατολικά Προάστια",,,https://www.remax.gr/assets/media/properties/medium/407309_0200f5a0c1a8476086a73eb278476f71.png?v=14352932,,,,,2026-10-02T08:27:42Z,407309,2026-10-02,104/enoikiaseis-katoikies
remax.gr,REMAX Properties Investment,https://www.remax.gr/property/407310-enoikiasi-mezoneta-stayros-geraka,"Μεζονέτα · Σταυρός Γέρακα · Γέρακας, Αθήνα - Ανατολικά Προάστια",rent,,1900.0,159.0,4,2ος,,"Σταυρός Γέρακα, Γέρακας, Αθήνα - Ανατολικά Προάστια",,,https://www.remax.gr/assets/media/properties/medium/407310_95edab32c38845d58c0e3807b66def10.png?v=14352972,,,,,2026-10-02T08:27:42Z,407310,2026-10-02,104/enoikiaseis-katoikies
