source_domain,agency,url,title,transaction,type,price_eur,area_m2,bedrooms,floor,year_built,location,lat,lon,image,date_published,date_updated,date_sitemap,date_source,scraped_at
indomio.gr,Indomio,https://www.indomio.gr/aggelies/10295757/,"Studio / Γκαρσονιέρα προς πώληση, Αγία Τριάδα, Φάληρο - Ιπποκράτειο Αγία Τριάδα € 128.000",sale,,128000.0,,,,,,,,,2026-09-28,2026-09-28,,portal alert,2026-09-28T00:00:00Z
indomio.gr,Indomio,https://www.indomio.gr/aggelies/10502121/,"Studio / Γκαρσονιέρα προς πώληση, Άγιος Δημήτριος, Θεσσαλονίκη - Κέντρο Άγιος Δημήτριος € 110.000",sale,,110000.0,,,,,,,,,2026-09-28,2026-09-28,,portal alert,2026-09-28T00:00:00Z
indomio.gr,Indomio,https://www.indomio.gr/aggelies/11313655/,"Μεζονέτα άριστη κατάσταση, έβδομος όροφος, Νέα Παραλία, Ανάληψη - Μπότσαρη - Νέα Παραλία Νέα Παραλία € 1.600.000",,,1600000.0,,,,,,,,,2026-09-28,2026-09-28,,portal alert,2026-09-28T00:00:00Z
indomio.gr,Indomio,https://www.indomio.gr/aggelies/11409353/,"Studio / Γκαρσονιέρα Μακεδονίας, 115 542 48 Θεσσαλονίκη, Μαρτίου, Βούλγαρη - Ντεπώ - Μαρτίου Μαρτίου € 99.000",,,99000.0,,,,,,,,,2026-09-29,2026-09-29,,portal alert,2026-09-29T00:00:00Z
indomio.gr,Indomio,https://www.indomio.gr/aggelies/11411187/,"Τριάρι Μητροπολίτου Ιωσήφ 11-21, 546 22, Θεσσαλονίκη, Λευκός Πύργος, Θεσσαλονίκη - Κέντρο Λευκός Πύργος € 340.000",sale,,340000.0,,,,,,,,,2026-09-29,2026-09-29,,portal alert,2026-09-29T00:00:00Z
indomio.gr,Indomio,https://www.indomio.gr/aggelies/11469407/,"Τεσσάρι Τσιμισκή Ι. 89, Θεσσαλονίκη 54622, Ιστορικό Κέντρο, Θεσσαλονίκη - Κέντρο Ιστορικό Κέντρο € 340.000",sale,,340000.0,,,,,,,,,2026-09-29,2026-09-29,,portal alert,2026-09-29T00:00:00Z
indomio.gr,Indomio,https://www.indomio.gr/aggelies/11674199/,"Δυάρι έκτος όροφος, Άγιος Δημήτριος, Θεσσαλονίκη - Κέντρο Άγιος Δημήτριος € 105.000",sale,,105000.0,,,,,,,,,2026-09-29,2026-09-29,,portal alert,2026-09-29T00:00:00Z
indomio.gr,Indomio,https://www.indomio.gr/aggelies/11846629/,"Τριάρι Λεωφόρος Εθνικής Αντιστάσεως 157, Καλαμαριά 55134, Κέντρο, Καλαμαριά Κέντρο € 89.000",,,89000.0,,,,,,,,,2026-09-29,2026-09-29,,portal alert,2026-09-29T00:00:00Z
indomio.gr,Indomio,https://www.indomio.gr/aggelies/11870473/,"Τριάρι Κνωσού 45, Κέντρο, Καλαμαριά Κέντρο € 89.000",,,89000.0,,,,,,,,,2026-09-29,2026-09-29,,portal alert,2026-09-29T00:00:00Z
indomio.gr,Indomio,https://www.indomio.gr/aggelies/11953527/,"Τεσσάρι Κωνσταντίνου Μελενίκου 30-34, 546 35, Θεσσαλονίκη, Καμάρα - Ροτόντα, Θεσσαλονίκη - Κέντρο Καμάρα - Ροτόντα € 280.000",sale,,280000.0,,,,,,,,,2026-09-29,2026-09-29,,portal alert,2026-09-29T00:00:00Z
indomio.gr,Indomio,https://www.indomio.gr/aggelies/12075661/,"Δυάρι ισόγειο, Διοικητήριο, Θεσσαλονίκη - Κέντρο Διοικητήριο € 55.000",,,55000.0,,,ισόγειο,,,,,,2026-09-28,2026-09-28,,portal alert,2026-09-28T00:00:00Z
indomio.gr,Indomio,https://www.indomio.gr/aggelies/12184003/,"Δυάρι Καπετάν Άγρα, 12 546 32 Θεσσαλονίκη, Διοικητήριο, Θεσσαλονίκη - Κέντρο Διοικητήριο € 80.000",,,80000.0,,,,,,,,,2026-09-28,2026-09-28,,portal alert,2026-09-28T00:00:00Z
indomio.gr,Indomio,https://www.indomio.gr/aggelies/12213779/,"Δυάρι πρώτος όροφος, Διοικητήριο, Θεσσαλονίκη - Κέντρο Διοικητήριο € 140.000",sale,,140000.0,,,,,,,,,2026-09-28,2026-09-28,,portal alert,2026-09-28T00:00:00Z
indomio.gr,Indomio,https://www.indomio.gr/aggelies/12374397/,"Δυάρι Κασσάνδρου, Θεσσαλονίκη 54632, Διοικητήριο, Θεσσαλονίκη - Κέντρο Διοικητήριο € 150.000",,,150000.0,,,,,,,,,2026-09-28,2026-09-28,,portal alert,2026-09-28T00:00:00Z
indomio.gr,Indomio,https://www.indomio.gr/aggelies/12374841/,"Τριάρι Σγουρού Ιωακείμ 4, Θεσσαλονίκη 54633, Διοικητήριο, Θεσσαλονίκη - Κέντρο Διοικητήριο € 185.000",sale,,185000.0,,,,,,,,,2026-09-28,2026-09-28,,portal alert,2026-09-28T00:00:00Z
indomio.gr,Indomio,https://www.indomio.gr/aggelies/12374959/,"Δυάρι Μεσολογγίου 33, 553 37, Τριανδρία, Τριανδρία, Τριανδρία - Δόξα Τριανδρία € 128.000",,,128000.0,,,,,,,,,2026-09-28,2026-09-28,,portal alert,2026-09-28T00:00:00Z
indomio.gr,Indomio,https://www.indomio.gr/aggelies/12375007/,"Studio / Γκαρσονιέρα Σταθμός ΟΣΕ, Βαρδάρης, Βαρδάρης - Λαχανόκηποι Βαρδάρης € 87.000",sale,,87000.0,,,,,,,,,2026-09-28,2026-09-28,,portal alert,2026-09-28T00:00:00Z
indomio.gr,Indomio,https://www.indomio.gr/aggelies/12375275/,"Μεζονέτα άριστη κατάσταση, ισόγειο, Κέντρο, Πανόραμα Κέντρο € 330.000",,,330000.0,,,ισόγειο,,,,,,2026-09-29,2026-09-29,,portal alert,2026-09-29T00:00:00Z
indomio.gr,Indomio,https://www.indomio.gr/aggelies/12375277/,"Studio / Γκαρσονιέρα Παναγιάς Φανερωμένης 43, Θεσσαλονίκη 54632, Παναγία Φανερωμένη, Ξηροκρήνη - Παναγία Φανερωμένη Παναγία Φανερωμένη € 57.000",sale,,57000.0,,,,,,,,,2026-09-28,2026-09-28,,portal alert,2026-09-28T00:00:00Z
indomio.gr,Indomio,https://www.indomio.gr/aggelies/12375353/,"Τριάρι άριστη κατάσταση, Κέντρο, Καλαμαριά Κέντρο € 168.000",,,168000.0,,,,,,,,,2026-09-29,2026-09-29,,portal alert,2026-09-29T00:00:00Z
indomio.gr,Indomio,https://www.indomio.gr/aggelies/12375525/,"Studio / Γκαρσονιέρα προς πώληση, Διοικητήριο, Θεσσαλονίκη - Κέντρο Διοικητήριο € 97.000",sale,,97000.0,,,,,,,,,2026-09-28,2026-09-28,,portal alert,2026-09-28T00:00:00Z
indomio.gr,Indomio,https://www.indomio.gr/aggelies/12375651/,"Studio / Γκαρσονιέρα προς πώληση, Μαρτίου, Βούλγαρη - Ντεπώ - Μαρτίου Μαρτίου € 145.000",sale,,145000.0,,,,,,,,,2026-09-29,2026-09-29,,portal alert,2026-09-29T00:00:00Z
indomio.gr,Indomio,https://www.indomio.gr/aggelies/12375687/,"Studio / Γκαρσονιέρα προς πώληση, Παπάφη, Τούμπα Παπάφη € 100.000",sale,,100000.0,,,,,,,,,2026-09-28,2026-09-28,,portal alert,2026-09-28T00:00:00Z
indomio.gr,Indomio,https://www.indomio.gr/aggelies/12375703/,"Δυάρι Τριπτολέμου, 32 543 51 Θεσσαλονίκη, Άνω Τούμπα, Τούμπα Άνω Τούμπα € 185.000",,,185000.0,,,,,,,,,2026-09-29,2026-09-29,,portal alert,2026-09-29T00:00:00Z
indomio.gr,Indomio,https://www.indomio.gr/aggelies/12376001/,"Studio / Γκαρσονιέρα προς πώληση, Κάτω Τούμπα, Τούμπα Κάτω Τούμπα € 80.000",sale,,80000.0,,,,,,,,,2026-09-29,2026-09-29,,portal alert,2026-09-29T00:00:00Z
indomio.gr,Indomio,https://www.indomio.gr/aggelies/12376011/,"Studio / Γκαρσονιέρα προς πώληση, Τσινάρι, Άνω Πόλη Τσινάρι € 115.000",sale,,115000.0,,,,,,,,,2026-09-28,2026-09-28,,portal alert,2026-09-28T00:00:00Z
indomio.gr,Indomio,https://www.indomio.gr/aggelies/12376045/,"Διαμέρισμα άριστη κατάσταση, Υπόγειο (-1), Ιστορικό Κέντρο, Θεσσαλονίκη - Κέντρο Ιστορικό Κέντρο € 145.000",sale,,145000.0,,,,,,,,,2026-09-28,2026-09-28,,portal alert,2026-09-28T00:00:00Z
indomio.gr,Indomio,https://www.indomio.gr/aggelies/12376175/,"Studio / Γκαρσονιέρα προς πώληση, Μαλακοπή, Τούμπα Μαλακοπή € 165.000",sale,,165000.0,,,,,,,,,2026-09-29,2026-09-29,,portal alert,2026-09-29T00:00:00Z
indomio.gr,Indomio,https://www.indomio.gr/aggelies/12376201/,"Μονοκατοικία 200 τμ, Κέντρο, Πανόραμα Κέντρο € 430.000",,,430000.0,200.0,,,,,,,,2026-09-29,2026-09-29,,portal alert,2026-09-29T00:00:00Z
indomio.gr,Indomio,https://www.indomio.gr/aggelies/12376247/,"Studio / Γκαρσονιέρα προς πώληση, Μαλακοπή, Τούμπα Μαλακοπή € 165.000",sale,,165000.0,,,,,,,,,2026-09-29,2026-09-29,,portal alert,2026-09-29T00:00:00Z
indomio.gr,Indomio,https://www.indomio.gr/aggelies/12376305/,"Studio / Γκαρσονιέρα Ολυμπιάδος 21, Θεσσαλονίκη 54632, Διοικητήριο, Θεσσαλονίκη - Κέντρο Διοικητήριο € 95.000",,,95000.0,,,,,,,,,2026-09-28,2026-09-28,,portal alert,2026-09-28T00:00:00Z
indomio.gr,Indomio,https://www.indomio.gr/aggelies/12376425/,"Δυάρι άριστη κατάσταση, δεύτερος όροφος, Αγία Σοφία, Θεσσαλονίκη - Κέντρο Αγία Σοφία € 186.000",sale,,186000.0,,,,,,,,,2026-09-29,2026-09-29,,portal alert,2026-09-29T00:00:00Z
indomio.gr,Indomio,https://www.indomio.gr/aggelies/12376525/,"Studio / Γκαρσονιέρα Κέντρο Θεσσαλονίκης, Άγιος Δημήτριος, Θεσσαλονίκη - Κέντρο Άγιος Δημήτριος € 104.000",sale,,104000.0,,,,,,,,,2026-09-29,2026-09-29,,portal alert,2026-09-29T00:00:00Z
indomio.gr,Indomio,https://www.indomio.gr/aggelies/12376775/,"Τριάρι νέο, τρίτος όροφος, Άνω Τούμπα, Τούμπα Άνω Τούμπα € 300.000",,,300000.0,,,,,,,,,2026-09-29,2026-09-29,,portal alert,2026-09-29T00:00:00Z
indomio.gr,Indomio,https://www.indomio.gr/aggelies/12376781/,"Studio / Γκαρσονιέρα προς πώληση, Άνω Τούμπα, Τούμπα Άνω Τούμπα € 185.000",sale,,185000.0,,,,,,,,,2026-09-29,2026-09-29,,portal alert,2026-09-29T00:00:00Z
indomio.gr,Indomio,https://www.indomio.gr/aggelies/12376877/,"Δυάρι Αγίων Πάντων 2, Θεσσαλονίκη 54627, Βαρδάρης, Βαρδάρης - Λαχανόκηποι Βαρδάρης € 88.000",sale,,88000.0,,,,,,,,,2026-09-28,2026-09-28,,portal alert,2026-09-28T00:00:00Z
indomio.gr,Indomio,https://www.indomio.gr/aggelies/12376963/,"Τεσσάρι πρώτος όροφος, Άνω Τούμπα, Τούμπα Άνω Τούμπα € 250.000",,,250000.0,,,,,,,,,2026-09-29,2026-09-29,,portal alert,2026-09-29T00:00:00Z
indomio.gr,Indomio,https://www.indomio.gr/aggelies/12377197/,"Γκαρσονιέρα Αγία Τριάδα, Αγία Τριάδα, Φάληρο - Ιπποκράτειο Αγία Τριάδα € 115.000",,,115000.0,,,,,,,,,2026-09-28,2026-09-28,,portal alert,2026-09-28T00:00:00Z
indomio.gr,Indomio,https://www.indomio.gr/aggelies/12377391/,"Τριάρι άριστη κατάσταση, τέταρτος όροφος, Κάτω Τούμπα, Τούμπα Κάτω Τούμπα € 175.000",,,175000.0,,,,,,,,,2026-09-29,2026-09-29,,portal alert,2026-09-29T00:00:00Z
indomio.gr,Indomio,https://www.indomio.gr/aggelies/12377533/,"Τεσσάρι νέο, δεύτερος όροφος, Κέντρο, Πυλαία Κέντρο € 430.000",,,430000.0,,,,,,,,,2026-09-29,2026-09-29,,portal alert,2026-09-29T00:00:00Z
indomio.gr,Indomio,https://www.indomio.gr/aggelies/12377685/,"Μονοκατοικία 270 τμ, Κέντρο, Πυλαία Κέντρο € 550.000",,,550000.0,270.0,,,,,,,,2026-09-29,2026-09-29,,portal alert,2026-09-29T00:00:00Z
indomio.gr,Indomio,https://www.indomio.gr/aggelies/12377719/,"Γκαρσονιέρα Βαρδάρης, Ξηροκρήνη, Ξηροκρήνη - Παναγία Φανερωμένη Ξηροκρήνη € 80.000",sale,,80000.0,,,,,,,,,2026-09-28,2026-09-28,,portal alert,2026-09-28T00:00:00Z
indomio.gr,Indomio,https://www.indomio.gr/aggelies/12377745/,"Τριάρι άριστη κατάσταση, έκτος όροφος, Καμάρα - Ροτόντα, Θεσσαλονίκη - Κέντρο Καμάρα - Ροτόντα € 173.000",sale,,173000.0,,,,,,,,,2026-09-29,2026-09-29,,portal alert,2026-09-29T00:00:00Z
indomio.gr,Indomio,https://www.indomio.gr/aggelies/12377937/,"Τριάρι άριστη κατάσταση, ισόγειο, Κέντρο, Νεάπολη Κέντρο € 77.000",sale,,77000.0,,,ισόγειο,,,,,,2026-09-28,2026-09-28,,portal alert,2026-09-28T00:00:00Z
indomio.gr,Indomio,https://www.indomio.gr/aggelies/12378197/,"Studio / Γκαρσονιέρα προς πώληση, Άγιος Νικόλαος, Χαριλάου Άγιος Νικόλαος € 127.000",sale,,127000.0,,,,,,,,,2026-09-29,2026-09-29,,portal alert,2026-09-29T00:00:00Z
indomio.gr,Indomio,https://www.indomio.gr/aggelies/12378411/,"Τεσσάρι Στρατηγού Ναπολέοντος Ζέρβα 4, Θεσσαλονίκη, 54640, Αγία Τριάδα, Φάληρο - Ιπποκράτειο Αγία Τριάδα € 750.000",,,750000.0,,,,,,,,,2026-09-28,2026-09-28,,portal alert,2026-09-28T00:00:00Z
indomio.gr,Indomio,https://www.indomio.gr/aggelies/12378593/,"Κτίριο 3 όροφοι, νέο, Τσινάρι, Άνω Πόλη Τσινάρι € 1.100.000",sale,,1100000.0,,,,,,,,,2026-09-28,2026-09-28,,portal alert,2026-09-28T00:00:00Z
indomio.gr,Indomio,https://www.indomio.gr/aggelies/12378611/,"Δυάρι Οδυσσέως 6, 546 27, Θεσσαλονίκη, Βαρδάρης, Βαρδάρης - Λαχανόκηποι Βαρδάρης € 90.000",,,90000.0,,,,,,,,,2026-09-28,2026-09-28,,portal alert,2026-09-28T00:00:00Z
indomio.gr,Indomio,https://www.indomio.gr/aggelies/12378639/,"Δυάρι άριστη κατάσταση, πέμπτος όροφος, Βαρδάρης, Βαρδάρης - Λαχανόκηποι Βαρδάρης € 95.000",,,95000.0,,,,,,,,,2026-09-28,2026-09-28,,portal alert,2026-09-28T00:00:00Z
indomio.gr,Indomio,https://www.indomio.gr/aggelies/12378787/,"Τριάρι Τάσκου Παπαγεωργίου 4, Διοικητήριο, Θεσσαλονίκη - Κέντρο Διοικητήριο € 375.000",sale,,375000.0,,,,,,,,,2026-09-28,2026-09-28,,portal alert,2026-09-28T00:00:00Z
indomio.gr,Indomio,https://www.indomio.gr/aggelies/12379015/,"Δυάρι Χρήζει ανακαίνισης, τρίτος όροφος, Κέντρο, Καλαμαριά Κέντρο € 70.000",,,70000.0,,,,,,,,,2026-09-29,2026-09-29,,portal alert,2026-09-29T00:00:00Z
indomio.gr,Indomio,https://www.indomio.gr/aggelies/12379033/,"Μεζονέτα Αγίου Νικολάου 18, Καλαμαριά, 55132, Κέντρο, Καλαμαριά Κέντρο € 375.000",,,375000.0,,,,,,,,,2026-09-29,2026-09-29,,portal alert,2026-09-29T00:00:00Z
indomio.gr,Indomio,https://www.indomio.gr/aggelies/12379233/,"Studio / Γκαρσονιέρα Βούλγαρη - Ντεπώ - Μαρτίου, Βούλγαρη - Άγιος Ελευθέριος - Ντεπώ, Βούλγαρη - Ντεπώ - Μαρτίου Βούλγαρη - Άγιος Ελευθέριος - Ντεπώ € 1",,,1.0,,,,,,,,,2026-09-29,2026-09-29,,portal alert,2026-09-29T00:00:00Z
indomio.gr,Indomio,https://www.indomio.gr/aggelies/12379251/,"Δυάρι Άγιος Δημήτριος, Άγιος Δημήτριος, Θεσσαλονίκη - Κέντρο Άγιος Δημήτριος € 120.000",sale,,120000.0,,,,,,,,,2026-09-28,2026-09-29,,portal alert,2026-09-29T00:00:00Z
indomio.gr,Indomio,https://www.indomio.gr/aggelies/12379529/,"Μονοκατοικία Αιμιλιανού Γρεβενών 33-43, 552 36, Πανόραμα, Κέντρο, Πανόραμα Κέντρο € 1.300.000",,,1300000.0,,,,,,,,,2026-09-29,2026-09-29,,portal alert,2026-09-29T00:00:00Z
indomio.gr,Indomio,https://www.indomio.gr/aggelies/12379557/,"Τεσσάρι Ορέστου, 43 546 42 Θεσσαλονίκη, Μπότσαρη, Ανάληψη - Μπότσαρη - Νέα Παραλία Μπότσαρη € 280.000",,,280000.0,,,,,,,,,2026-09-29,2026-09-29,,portal alert,2026-09-29T00:00:00Z
indomio.gr,Indomio,https://www.indomio.gr/aggelies/12379689/,"Studio / Γκαρσονιέρα προς πώληση, Κέντρο, Καλαμαριά Κέντρο € 120.000",sale,,120000.0,,,,,,,,,2026-09-29,2026-09-29,,portal alert,2026-09-29T00:00:00Z
indomio.gr,Indomio,https://www.indomio.gr/aggelies/12379741/,"Διαμέρισμα Ζαΐμη 2-4, 546 41, Θεσσαλονίκη, Ιπποκράτειο, Φάληρο - Ιπποκράτειο Ιπποκράτειο € 105.000",,,105000.0,,,,,,,,,2026-09-28,2026-09-28,,portal alert,2026-09-28T00:00:00Z
indomio.gr,Indomio,https://www.indomio.gr/aggelies/12380057/,"Studio / Γκαρσονιέρα Νικολάου Μάντζαρου 17, Θεσσαλονίκη, 54627, Λαχανόκηποι, Βαρδάρης - Λαχανόκηποι Λαχανόκηποι € 470",,,470.0,,,,,,,,,2026-09-28,2026-09-28,,portal alert,2026-09-28T00:00:00Z
indomio.gr,Indomio,https://www.indomio.gr/aggelies/12380399/,"Τριάρι Μαρασλή 72-74, 542 49, Θεσσαλονίκη, Άγιος Νικόλαος, Χαριλάου Άγιος Νικόλαος € 170.000",,,170000.0,,,,,,,,,2026-09-29,2026-09-29,,portal alert,2026-09-29T00:00:00Z
indomio.gr,Indomio,https://www.indomio.gr/aggelies/12380433/,"Studio / Γκαρσονιέρα προς πώληση, Διοικητήριο, Θεσσαλονίκη - Κέντρο Διοικητήριο € 135.000",sale,,135000.0,,,,,,,,,2026-09-28,2026-09-28,,portal alert,2026-09-28T00:00:00Z
indomio.gr,Indomio,https://www.indomio.gr/aggelies/12380563/,"Τριάρι άριστη κατάσταση, πρώτος όροφος, Κέντρο, Καλαμαριά Κέντρο € 208.000",,,208000.0,,,,,,,,,2026-09-29,2026-09-29,,portal alert,2026-09-29T00:00:00Z
indomio.gr,Indomio,https://www.indomio.gr/aggelies/12380579/,"Τριάρι νέο, τέταρτος όροφος, Μαλακοπή, Τούμπα Μαλακοπή € 275.000",,,275000.0,,,,,,,,,2026-09-29,2026-09-29,,portal alert,2026-09-29T00:00:00Z
indomio.gr,Indomio,https://www.indomio.gr/aggelies/12380671/,"Μεζονέτα Ιακώβου Πολυλά 5-17, 542 48, Θεσσαλονίκη, Μαρτίου, Βούλγαρη - Ντεπώ - Μαρτίου Μαρτίου € 410.000",,,410000.0,,,,,,,,,2026-09-29,2026-09-29,,portal alert,2026-09-29T00:00:00Z
indomio.gr,Indomio,https://www.indomio.gr/aggelies/12380711/,"Δυάρι Agion Panton , Θεσσαλονίκη, Ελλάδα, Ξηροκρήνη, Ξηροκρήνη - Παναγία Φανερωμένη Ξηροκρήνη € 120.000",,,120000.0,,,,,,,,,2026-09-28,2026-09-28,,portal alert,2026-09-28T00:00:00Z
indomio.gr,Indomio,https://www.indomio.gr/aggelies/12380713/,"Γκαρσονιέρα Τριανδρία, Τριανδρία, Τριανδρία - Δόξα Τριανδρία € 162.000",,,162000.0,,,,,,,,,2026-09-28,2026-09-28,,portal alert,2026-09-28T00:00:00Z
indomio.gr,Indomio,https://www.indomio.gr/aggelies/12380769/,"Studio / Γκαρσονιέρα προς πώληση, Βαρδάρης, Βαρδάρης - Λαχανόκηποι Βαρδάρης € 110.000",sale,,110000.0,,,,,,,,,2026-09-28,2026-09-28,,portal alert,2026-09-28T00:00:00Z
indomio.gr,Indomio,https://www.indomio.gr/aggelies/12380817/,"Studio / Γκαρσονιέρα Μαυρομιχάλη 45, Θεσσαλονίκη, Ελλάδα, Άγιος Νικόλαος, Χαριλάου Άγιος Νικόλαος € 158.000",,,158000.0,,,,,,,,,2026-09-29,2026-09-29,,portal alert,2026-09-29T00:00:00Z
indomio.gr,Indomio,https://www.indomio.gr/aggelies/12380957/,"Τριάρι δεύτερος όροφος, Παπάφη, Τούμπα Παπάφη € 170.000",,,170000.0,,,,,,,,,2026-09-29,2026-09-29,,portal alert,2026-09-29T00:00:00Z
indomio.gr,Indomio,https://www.indomio.gr/aggelies/12381001/,"Studio / Γκαρσονιέρα Πινδάρου 9, 546 39, Θεσσαλονίκη, Ιπποκράτειο, Φάληρο - Ιπποκράτειο Ιπποκράτειο € 155.000",,,155000.0,,,,,,,,,2026-09-28,2026-09-29,,portal alert,2026-09-29T00:00:00Z
indomio.gr,Indomio,https://www.indomio.gr/aggelies/12381439/,"Δυάρι Κέντρο Θεσσαλονίκης (Θεσσαλονίκη - Δήμος), Ξηροκρήνη, Ξηροκρήνη - Παναγία Φανερωμένη Ξηροκρήνη € 250.000",sale,,250000.0,,,,,,,,,2026-09-28,2026-09-28,,portal alert,2026-09-28T00:00:00Z
indomio.gr,Indomio,https://www.indomio.gr/aggelies/12381515/,"Γκαρσονιέρα Μπότσαρη, Κάτω Τούμπα, Τούμπα Κάτω Τούμπα € 157.000",,,157000.0,,,,,,,,,2026-09-29,2026-09-29,,portal alert,2026-09-29T00:00:00Z
indomio.gr,Indomio,https://www.indomio.gr/aggelies/12381589/,"Τεσσάρι 28ης Οκτωμβρίου, Μπότσαρη, Ανάληψη - Μπότσαρη - Νέα Παραλία Μπότσαρη € 380.000",,,380000.0,,,,,,,,,2026-09-29,2026-09-29,,portal alert,2026-09-29T00:00:00Z
indomio.gr,Indomio,https://www.indomio.gr/aggelies/12381825/,"Τεσσάρι πέμπτος όροφος, Κέντρο, Καλαμαριά Κέντρο € 345.000",,,345000.0,,,,,,,,,2026-09-29,2026-09-29,,portal alert,2026-09-29T00:00:00Z
indomio.gr,Indomio,https://www.indomio.gr/aggelies/12381879/,"Μεζονέτα νέο, δεύτερος όροφος, Κέντρο, Πυλαία Κέντρο € 315.000",,,315000.0,,,,,,,,,2026-09-29,2026-09-29,,portal alert,2026-09-29T00:00:00Z
indomio.gr,Indomio,https://www.indomio.gr/aggelies/12381893/,"Studio / Γκαρσονιέρα προς πώληση, Μαρτίου, Βούλγαρη - Ντεπώ - Μαρτίου Μαρτίου € 70.000",sale,,70000.0,,,,,,,,,2026-09-29,2026-09-29,,portal alert,2026-09-29T00:00:00Z
indomio.gr,Indomio,https://www.indomio.gr/aggelies/12381909/,"Μεζονέτα νέο, δεύτερος όροφος, Κέντρο, Πυλαία Κέντρο € 450.000",,,450000.0,,,,,,,,,2026-09-29,2026-09-29,,portal alert,2026-09-29T00:00:00Z
indomio.gr,Indomio,https://www.indomio.gr/aggelies/12381953/,"Γκαρσονιέρα Ολυμπιάδος 2-14, 546 32, Θεσσαλονίκη, Διοικητήριο, Θεσσαλονίκη - Κέντρο Διοικητήριο € 112.000",,,112000.0,,,,,,,,,2026-09-28,2026-09-28,,portal alert,2026-09-28T00:00:00Z
indomio.gr,Indomio,https://www.indomio.gr/aggelies/12382043/,"Studio / Γκαρσονιέρα Ιεροσολύμων 18-24, 551 34, Καλαμαριά, Κέντρο, Καλαμαριά Κέντρο € 127.000",,,127000.0,,,,,,,,,2026-09-29,2026-09-29,,portal alert,2026-09-29T00:00:00Z
indomio.gr,Indomio,https://www.indomio.gr/aggelies/12382195/,"Τριάρι Καλαμαριά, Κέντρο, Καλαμαριά Κέντρο € 218.000",,,218000.0,,,,,,,,,2026-09-29,2026-09-29,,portal alert,2026-09-29T00:00:00Z
indomio.gr,Indomio,https://www.indomio.gr/aggelies/12382427/,"Τριάρι Φάληρο - Ιπποκράτειο, Αγία Τριάδα, Φάληρο - Ιπποκράτειο Αγία Τριάδα € 220.000",,,220000.0,,,,,,,,,2026-09-28,2026-09-28,,portal alert,2026-09-28T00:00:00Z
indomio.gr,Indomio,https://www.indomio.gr/aggelies/12382491/,"Τριάρι πρώτος όροφος, Κέντρο, Καλαμαριά Κέντρο € 220.000",,,220000.0,,,,,,,,,2026-09-29,2026-09-29,,portal alert,2026-09-29T00:00:00Z
indomio.gr,Indomio,https://www.indomio.gr/aggelies/12382667/,"Τριάρι Πηλείδη 36-48, 552 36, Πανόραμα, Κέντρο, Πανόραμα Κέντρο € 290.000",,,290000.0,,,,,,,,,2026-09-29,2026-09-29,,portal alert,2026-09-29T00:00:00Z
indomio.gr,Indomio,https://www.indomio.gr/aggelies/12383025/,"Τριάρι άριστη κατάσταση, πρώτος όροφος, Κέντρο, Συκιές Κέντρο € 135.000",,,135000.0,,,,,,,,,2026-09-28,2026-09-28,,portal alert,2026-09-28T00:00:00Z
indomio.gr,Indomio,https://www.indomio.gr/aggelies/12383201/,"Τριάρι Ικαρίας 1-9, 543 51, Θεσσαλονίκη, Άνω Τούμπα, Τούμπα Άνω Τούμπα € 160.000",,,160000.0,,,,,,,,,2026-09-29,2026-09-29,,portal alert,2026-09-29T00:00:00Z
indomio.gr,Indomio,https://www.indomio.gr/aggelies/12383305/,"Τριάρι Φιλίππου 22, 551 33, Καλαμαριά, Κέντρο, Καλαμαριά Κέντρο € 330.000",,,330000.0,,,,,,,,,2026-09-29,2026-09-29,,portal alert,2026-09-29T00:00:00Z
indomio.gr,Indomio,https://www.indomio.gr/aggelies/12383357/,"Δυάρι Πατρόκλου 5, Αμπελόκηποι 56123, Σκεπάρνη, Αμπελόκηποι Σκεπάρνη € 22.000",,,22000.0,,,,,,,,,2026-09-28,2026-09-28,,portal alert,2026-09-28T00:00:00Z
indomio.gr,Indomio,https://www.indomio.gr/aggelies/12383369/,"Δυάρι Σωκράτους 6, Θεσσαλονίκη, Ελλάδα, Καμάρα - Ροτόντα, Θεσσαλονίκη - Κέντρο Καμάρα - Ροτόντα € 142.000",sale,,142000.0,,,,,,,,,2026-09-29,2026-09-29,,portal alert,2026-09-29T00:00:00Z
indomio.gr,Indomio,https://www.indomio.gr/aggelies/12383407/,"Studio / Γκαρσονιέρα προς πώληση, Ξηροκρήνη, Ξηροκρήνη - Παναγία Φανερωμένη Ξηροκρήνη € 95.000",sale,,95000.0,,,,,,,,,2026-09-28,2026-09-28,,portal alert,2026-09-28T00:00:00Z
indomio.gr,Indomio,https://www.indomio.gr/aggelies/12383701/,"Studio / Γκαρσονιέρα προς πώληση, Κέντρο, Νεάπολη Κέντρο € 100.000",sale,,100000.0,,,,,,,,,2026-09-28,2026-09-28,,portal alert,2026-09-28T00:00:00Z
indomio.gr,Indomio,https://www.indomio.gr/aggelies/12383827/,"Studio / Γκαρσονιέρα Προξένου Κορομηλά 12, Θεσσαλονίκη 54623, Ιστορικό Κέντρο, Θεσσαλονίκη - Κέντρο Ιστορικό Κέντρο € 220.000",sale,,220000.0,,,,,,,,,2026-09-29,2026-09-29,,portal alert,2026-09-29T00:00:00Z
indomio.gr,Indomio,https://www.indomio.gr/aggelies/12384007/,"Τριάρι Αγίου Δημητρίου, Δημοτική Ενότητα Θεσαλονίκης, 54123, Ελλάδα, Διοικητήριο, Θεσσαλονίκη - Κέντρο Διοικητήριο € 125.000",sale,,125000.0,,,,,,,,,2026-09-28,2026-09-28,,portal alert,2026-09-28T00:00:00Z
indomio.gr,Indomio,https://www.indomio.gr/aggelies/12384043/,"Τριάρι νέο, Κέντρο, Καλαμαριά Κέντρο € 330.000",,,330000.0,,,,,,,,,2026-09-29,2026-09-29,,portal alert,2026-09-29T00:00:00Z
indomio.gr,Indomio,https://www.indomio.gr/aggelies/12384145/,"Studio / Γκαρσονιέρα Πραξιτέλους 15, Θεσσαλονίκη, Ελλάδα, Ιπποκράτειο, Φάληρο - Ιπποκράτειο Ιπποκράτειο € 105.000",,,105000.0,,,,,,,,,2026-09-29,2026-09-29,,portal alert,2026-09-29T00:00:00Z
indomio.gr,Indomio,https://www.indomio.gr/aggelies/12384187/,"Τριάρι νέο, τέταρτος όροφος, Κάτω Τούμπα, Τούμπα Κάτω Τούμπα € 285.000",,,285000.0,,,,,,,,,2026-09-29,2026-09-29,,portal alert,2026-09-29T00:00:00Z
indomio.gr,Indomio,https://www.indomio.gr/aggelies/12384229/,"Τριάρι Κωνσταντίνου Κανάρη 8-14, 546 44, Θεσσαλονίκη, Άνω Τούμπα, Τούμπα Άνω Τούμπα € 400.000",,,400000.0,,,,,,,,,2026-09-29,2026-09-29,,portal alert,2026-09-29T00:00:00Z
indomio.gr,Indomio,https://www.indomio.gr/aggelies/12384271/,"Δυάρι Τζαβέλλα, 18, Θεσσαλονίκη Ελλάδα, 54248, Βούλγαρη - Άγιος Ελευθέριος - Ντεπώ, Βούλγαρη - Ντεπώ - Μαρτίου Βούλγαρη - Άγιος Ελευθέριος - Ντεπώ € 163.000",,,163000.0,,,,,,,,,2026-09-29,2026-09-29,,portal alert,2026-09-29T00:00:00Z
indomio.gr,Indomio,https://www.indomio.gr/aggelies/8988231/,"Μεζονέτα νέο, δεύτερος όροφος, Κέντρο, Πανόραμα Κέντρο € 500.000",,,500000.0,,,,,,,,,2026-09-29,2026-09-29,,portal alert,2026-09-29T00:00:00Z
plot.gr,Plot,https://www.plot.gr/57235392-studio-gkarsoniera-36-tm-gia-pwlisi-thessaloniki-periferiakoi-dimoi-neapoli-anw-anagennisi?event=from-search-subscription,Studio / γκαρσονιέρα 36 τ.μ. για πώληση 100.000 € Δημοσιεύθηκε: 27/09/2026,sale,,100000.0,36.0,,,,Δημοσιεύθηκε: 27/09/2026,,,,2026-09-28,2026-09-28,,portal alert,2026-09-28T00:00:00Z
plot.gr,Plot,https://www.plot.gr/57235700-diamerisma-60-tm-gia-pwlisi-thessaloniki-periferiakoi-dimoi-neapoli-anw-anagennisi?event=from-search-subscription,Διαμέρισμα 60 τ.μ. για πώληση 150.000 € Δημοσιεύθηκε: 27/09/2026,sale,,150000.0,60.0,,,,Δημοσιεύθηκε: 27/09/2026,,,,2026-09-28,2026-09-28,,portal alert,2026-09-28T00:00:00Z
plot.gr,Plot,https://www.plot.gr/57236033-studio-gkarsoniera-37-tm-gia-pwlisi-thessaloniki-periferiakoi-dimoi-sykies-mafros-gatos?event=from-search-subscription,Studio / γκαρσονιέρα 37 τ.μ. για πώληση 72.000 € Δημοσιεύθηκε: 27/09/2026,sale,,72000.0,37.0,,,,Δημοσιεύθηκε: 27/09/2026,,,,2026-09-28,2026-09-28,,portal alert,2026-09-28T00:00:00Z
plot.gr,Plot,https://www.plot.gr/57236813-diamerisma-80-tm-gia-enoikiasi-thessaloniki-periferiakoi-dimoi-neapoli-neapoli?event=from-search-subscription,Διαμέρισμα 80 τ.μ. για ενοικίαση 600 € Δημοσιεύθηκε: 27/09/2026,rent,,600.0,80.0,,,,Δημοσιεύθηκε: 27/09/2026,,,,2026-09-28,2026-09-28,,portal alert,2026-09-28T00:00:00Z
plot.gr,Plot,https://www.plot.gr/57238882-monokatoikia-230-tm-gia-enoikiasi-thessaloniki-periferiakoi-dimoi-thermaikos-peraia?event=from-search-subscription,Μονοκατοικία 230 τ.μ. για ενοικίαση 1.500 € Δημοσιεύθηκε: 28/09/2026,rent,,1500.0,230.0,,,,Δημοσιεύθηκε: 28/09/2026,,,,2026-09-28,2026-09-28,,portal alert,2026-09-28T00:00:00Z
plot.gr,Plot,https://www.plot.gr/57239731-parking-20000-tm-gia-enoikiasi-thessaloniki-periferiakoi-dimoi-thermi-katw-sxolari?event=from-search-subscription,Parking 20.000 τ.μ. για ενοικίαση 5 € Δημοσιεύθηκε: 28/09/2026,rent,,5.0,20000.0,,,,Δημοσιεύθηκε: 28/09/2026,,,,2026-09-28,2026-09-28,,portal alert,2026-09-28T00:00:00Z
plot.gr,Plot,https://www.plot.gr/57275844-diamerisma-82-tm-gia-pwlisi-thessaloniki-periferiakoi-dimoi-kalamaria-aretsoy?event=from-search-subscription,Διαμέρισμα 82 τ.μ. για πώληση 215.000 € Δημοσιεύθηκε: 29/09/2026,sale,,215000.0,82.0,,,,Δημοσιεύθηκε: 29/09/2026,,,,2026-09-29,2026-09-29,,portal alert,2026-09-29T00:00:00Z
plot.gr,Plot,https://www.plot.gr/57276218-aithoysa-300-tm-gia-enoikiasi-thessaloniki-periferiakoi-dimoi-kalamaria-karaboyrnaki?event=from-search-subscription,Αίθουσα 300 τ.μ. για ενοικίαση 1.800 € Δημοσιεύθηκε: 29/09/2026,rent,,1800.0,300.0,,,,Δημοσιεύθηκε: 29/09/2026,,,,2026-09-29,2026-09-29,,portal alert,2026-09-29T00:00:00Z
plot.gr,Plot,https://www.plot.gr/57276272-katastima-205-tm-gia-enoikiasi-thessaloniki-periferiakoi-dimoi-epanomi-kentro?event=from-search-subscription,Κατάστημα 205 τ.μ. για ενοικίαση 900 € Δημοσιεύθηκε: 29/09/2026,rent,,900.0,205.0,,,,Δημοσιεύθηκε: 29/09/2026,,,,2026-09-29,2026-09-29,,portal alert,2026-09-29T00:00:00Z
plot.gr,Plot,https://www.plot.gr/57276398-mezoneta-14330-tm-gia-pwlisi-thessaloniki-periferiakoi-dimoi-kalamaria-agios-panteleimwn?event=from-search-subscription,"Μεζονέτα 143,30 τ.μ. για πώληση 635.000 € Δημοσιεύθηκε: 29/09/2026",sale,,635000.0,143.3,,,,Δημοσιεύθηκε: 29/09/2026,,,,2026-09-29,2026-09-29,,portal alert,2026-09-29T00:00:00Z
plot.gr,Plot,https://www.plot.gr/57276410-mezoneta-170-tm-gia-enoikiasi-thessaloniki-periferiakoi-dimoi-wraiokastro-palaiokastro?event=from-search-subscription,Μεζονέτα 170 τ.μ. για ενοικίαση 950 € Δημοσιεύθηκε: 29/09/2026,rent,,950.0,170.0,,,,Δημοσιεύθηκε: 29/09/2026,,,,2026-09-29,2026-09-29,,portal alert,2026-09-29T00:00:00Z
plot.gr,Plot,https://www.plot.gr/57276678-studio-gkarsoniera-45-tm-gia-pwlisi-thessaloniki-periferiakoi-dimoi-thermi-kentro?event=from-search-subscription,Studio / γκαρσονιέρα 45 τ.μ. για πώληση 120.366 € Δημοσιεύθηκε: 29/09/2026,sale,,120366.0,45.0,,,,Δημοσιεύθηκε: 29/09/2026,,,,2026-09-29,2026-09-29,,portal alert,2026-09-29T00:00:00Z
plot.gr,Plot,https://www.plot.gr/57284001-mezoneta-100-tm-gia-pwlisi-thessaloniki-periferiakoi-dimoi-efosmos-kentro?event=from-search-subscription,Μεζονέτα 100 τ.μ. για πώληση 230.000 € Δημοσιεύθηκε: 29/09/2026,sale,,230000.0,100.0,,,,Δημοσιεύθηκε: 29/09/2026,,,,2026-09-30,2026-09-30,,portal alert,2026-09-30T00:00:00Z
plot.gr,Plot,https://www.plot.gr/57284005-diamerisma-51-tm-gia-pwlisi-thessaloniki-periferiakoi-dimoi-efkarpia-kentro?event=from-search-subscription,Διαμέρισμα 51 τ.μ. για πώληση 80.000 € Δημοσιεύθηκε: 29/09/2026,sale,,80000.0,51.0,,,,Δημοσιεύθηκε: 29/09/2026,,,,2026-09-30,2026-09-30,,portal alert,2026-09-30T00:00:00Z
plot.gr,Plot,https://www.plot.gr/57284020-diamerisma-74-tm-gia-enoikiasi-thessaloniki-periferiakoi-dimoi-kalamaria-agios-panteleimwn?event=from-search-subscription,Διαμέρισμα 74 τ.μ. για ενοικίαση 700 € Δημοσιεύθηκε: 29/09/2026,rent,,700.0,74.0,,,,Δημοσιεύθηκε: 29/09/2026,,,,2026-09-30,2026-09-30,,portal alert,2026-09-30T00:00:00Z
plot.gr,Plot,https://www.plot.gr/57284326-diamerisma-60-tm-gia-pwlisi-thessaloniki-periferiakoi-dimoi-mixaniwna-nea-mixaniwna?event=from-search-subscription,Διαμέρισμα 60 τ.μ. για πώληση 260.000 € Δημοσιεύθηκε: 29/09/2026,sale,,260000.0,60.0,,,,Δημοσιεύθηκε: 29/09/2026,,,,2026-09-30,2026-09-30,,portal alert,2026-09-30T00:00:00Z
plot.gr,Plot,https://www.plot.gr/57284573-studio-gkarsoniera-27-tm-gia-enoikiasi-thessaloniki-periferiakoi-dimoi-abelokipoi-skeparni?event=from-search-subscription,Studio / γκαρσονιέρα 27 τ.μ. για ενοικίαση 330 € Δημοσιεύθηκε: 29/09/2026,rent,,330.0,27.0,,,,Δημοσιεύθηκε: 29/09/2026,,,,2026-09-30,2026-09-30,,portal alert,2026-09-30T00:00:00Z
plot.gr,Plot,https://www.plot.gr/57284784-diamerisma-100-tm-gia-enoikiasi-thessaloniki-periferiakoi-dimoi-kalamaria-karaboyrnaki?event=from-search-subscription,Διαμέρισμα 100 τ.μ. για ενοικίαση 950 € Δημοσιεύθηκε: 29/09/2026,rent,,950.0,100.0,,,,Δημοσιεύθηκε: 29/09/2026,,,,2026-09-30,2026-09-30,,portal alert,2026-09-30T00:00:00Z
plot.gr,Plot,https://www.plot.gr/57305721-mezoneta-180-tm-gia-pwlisi-thessaloniki-periferiakoi-dimoi-pylaia-pylaiwtika?event=from-search-subscription,Μεζονέτα 180 τ.μ. για πώληση 390.000 € Δημοσιεύθηκε: 01/10/2026,sale,,390000.0,180.0,,,,Δημοσιεύθηκε: 01/10/2026,,,,2026-10-01,2026-10-01,,portal alert,2026-10-01T00:00:00Z
plot.gr,Plot,https://www.plot.gr/57306020-monokatoikia-80-tm-gia-enoikiasi-thessaloniki-periferiakoi-dimoi-efosmos-efosmo?event=from-search-subscription,Μονοκατοικία 80 τ.μ. για ενοικίαση 600 € Δημοσιεύθηκε: 08/09/2026,rent,,600.0,80.0,,,,Δημοσιεύθηκε: 08/09/2026,,,,2026-10-01,2026-10-01,,portal alert,2026-10-01T00:00:00Z
plot.gr,Plot,https://www.plot.gr/57306063-diamerisma-124-tm-gia-pwlisi-thessaloniki-periferiakoi-dimoi-kalamaria-votsi?event=from-search-subscription,Διαμέρισμα 124 τ.μ. για πώληση 299.000 € Δημοσιεύθηκε: 01/10/2026,sale,,299000.0,124.0,,,,Δημοσιεύθηκε: 01/10/2026,,,,2026-10-01,2026-10-01,,portal alert,2026-10-01T00:00:00Z
plot.gr,Plot,https://www.plot.gr/57307210-diamerisma-115-tm-gia-enoikiasi-thessaloniki-periferiakoi-dimoi-kalamaria?event=from-search-subscription,Διαμέρισμα 115 τ.μ. για ενοικίαση 1.000 € Δημοσιεύθηκε: 08/09/2026,rent,,1000.0,115.0,,,,Δημοσιεύθηκε: 08/09/2026,,,,2026-10-01,2026-10-01,,portal alert,2026-10-01T00:00:00Z
plot.gr,Plot,https://www.plot.gr/57308358-mezoneta-130-tm-gia-pwlisi-thessaloniki-periferiakoi-dimoi-efosmos-anwthen-perifereiakoy?event=from-search-subscription,Μεζονέτα 130 τ.μ. για πώληση 285.000 € Δημοσιεύθηκε: 08/09/2026,sale,,285000.0,130.0,,,,Δημοσιεύθηκε: 08/09/2026,,,,2026-10-01,2026-10-01,,portal alert,2026-10-01T00:00:00Z
plot.gr,Plot,https://www.plot.gr/57309027-studio-gkarsoniera-45-tm-gia-enoikiasi-thessaloniki-periferiakoi-dimoi-abelokipoi-fillipoy?event=from-search-subscription,Studio / γκαρσονιέρα 45 τ.μ. για ενοικίαση 450 € Δημοσιεύθηκε: 01/10/2026,rent,,450.0,45.0,,,,Δημοσιεύθηκε: 01/10/2026,,,,2026-10-01,2026-10-01,,portal alert,2026-10-01T00:00:00Z
plot.gr,Plot,https://www.plot.gr/57315444-diamerisma-80-tm-gia-pwlisi-thessaloniki-periferiakoi-dimoi-mixaniwna-nea-mixaniwna?event=from-search-subscription,Διαμέρισμα 80 τ.μ. για πώληση 140.000 € Δημοσιεύθηκε: 01/10/2026,sale,,140000.0,80.0,,,,Δημοσιεύθηκε: 01/10/2026,,,,,2026-10-02,,portal alert,2026-10-02T00:00:00Z
plot.gr,Plot,https://www.plot.gr/57315517-diamerisma-75-tm-gia-enoikiasi-thessaloniki-periferiakoi-dimoi-exedwros-diavata?event=from-search-subscription,Διαμέρισμα 75 τ.μ. για ενοικίαση 600 € Δημοσιεύθηκε: 01/10/2026,rent,,600.0,75.0,,,,Δημοσιεύθηκε: 01/10/2026,,,,,2026-10-02,,portal alert,2026-10-02T00:00:00Z
plot.gr,Plot,https://www.plot.gr/57315546-agrotemaxia-4250-tm-gia-pwlisi-thessaloniki-periferiakoi-dimoi-thermi-neo-rysio?event=from-search-subscription,Αγροτεμάχια 4.250 τ.μ. για πώληση 350.000 € Δημοσιεύθηκε: 01/10/2026,sale,,350000.0,4250.0,,,,Δημοσιεύθηκε: 01/10/2026,,,,,2026-10-02,,portal alert,2026-10-02T00:00:00Z
plot.gr,Plot,https://www.plot.gr/57315742-mezoneta-130-tm-gia-pwlisi-thessaloniki-periferiakoi-dimoi-efosmos-kentro?event=from-search-subscription,Μεζονέτα 130 τ.μ. για πώληση 285.000 € Δημοσιεύθηκε: 01/10/2026,sale,,285000.0,130.0,,,,Δημοσιεύθηκε: 01/10/2026,,,,,2026-10-02,,portal alert,2026-10-02T00:00:00Z
plot.gr,Plot,https://www.plot.gr/57316424-studio-gkarsoniera-45-tm-gia-enoikiasi-thessaloniki-periferiakoi-dimoi-thermaikos-peraia?event=from-search-subscription,Studio / γκαρσονιέρα 45 τ.μ. για ενοικίαση 450 € Δημοσιεύθηκε: 01/10/2026,rent,,450.0,45.0,,,,Δημοσιεύθηκε: 01/10/2026,,,,,2026-10-02,,portal alert,2026-10-02T00:00:00Z
plot.gr,Plot,https://www.plot.gr/57316646-katastima-55-tm-gia-enoikiasi-thessaloniki-periferiakoi-dimoi-stafroypoli-anw-ilioypoli?event=from-search-subscription,Κατάστημα 55 τ.μ. για ενοικίαση 380 € Δημοσιεύθηκε: 01/10/2026,rent,,380.0,55.0,,,,Δημοσιεύθηκε: 01/10/2026,,,,,2026-10-02,,portal alert,2026-10-02T00:00:00Z
spiti24.gr,Spiti24,https://www.spiti24.gr/akinito/19489161,Πλατεία Εμπορίου - Ανω Λαδάδικα - Ιστορικό Κέντρο (Κέντρο Θεσσαλονίκης) Διαμέρισμα 55 τ.μ. προς ενοικίαση,rent,,1400.0,55.0,,,,Πλατεία Εμπορίου - Ανω Λαδάδικα - Ιστορικό Κέντρο (Κέντρο Θεσσαλονίκης),,,,2026-09-28,2026-09-28,,portal alert,2026-09-28T00:00:00Z
spiti24.gr,Μήττα,https://www.spiti24.gr/akinito/19942690,Κέντρο (Χορτιάτης) Διαμέρισμα 130 τ.μ. προς ενοικίαση,rent,,500.0,130.0,,,,Κέντρο (Χορτιάτης),,,,2026-09-28,2026-09-28,,portal alert,2026-09-28T00:00:00Z
spiti24.gr,Spiti24,https://www.spiti24.gr/akinito/20636977,Τρωάδα (Νεάπολη) Διαμέρισμα 45 τ.μ. προς ενοικίαση,rent,,450.0,45.0,,,,Τρωάδα (Νεάπολη),,,,2026-09-28,2026-09-28,,portal alert,2026-09-28T00:00:00Z
spiti24.gr,PROTERRA properties,https://www.spiti24.gr/akinito/20888375,Κάτω Τούμπα (Τούμπα) Διαμέρισμα 50 τ.μ. προς ενοικίαση,rent,,500.0,50.0,,,,Κάτω Τούμπα (Τούμπα),,,,2026-09-28,2026-09-28,,portal alert,2026-09-28T00:00:00Z
spiti24.gr,LIA TALATZIDOU,https://www.spiti24.gr/akinito/20900335,Δροσιά (Θέρμη) Διαμέρισμα 108 τ.μ. προς πώληση,sale,,290000.0,108.0,,,,Δροσιά (Θέρμη),,,,2026-09-28,2026-09-28,,portal alert,2026-09-28T00:00:00Z
spiti24.gr,My Home Properties,https://www.spiti24.gr/akinito/20940638,Συνοικισμός Νόμου 751 (Πανόραμα) Μονοκατοικία 250 τ.μ. προς πώληση,sale,,1000000.0,250.0,,,,Συνοικισμός Νόμου 751 (Πανόραμα),,,,2026-09-28,2026-09-28,,portal alert,2026-09-28T00:00:00Z
spiti24.gr,GREEK HOME,https://www.spiti24.gr/akinito/20940674,Ανάληψη - Μπότσαρη - Νέα Παραλία (Θεσσαλονίκη - Δήμος) Διαμέρισμα 107 τ.μ. προς πώληση,sale,,250000.0,107.0,,,,Ανάληψη - Μπότσαρη - Νέα Παραλία (Θεσσαλονίκη - Δήμος),,,,2026-09-28,2026-09-28,,portal alert,2026-09-28T00:00:00Z
spiti24.gr,DM REAL ESTATE,https://www.spiti24.gr/akinito/20940677,Ξηροκρήνη (Ξηροκρήνη - Παναγία Φανερωμένη) Loft 90 τ.μ. προς πώληση,sale,,83000.0,90.0,,,,Ξηροκρήνη (Ξηροκρήνη - Παναγία Φανερωμένη),,,,2026-09-28,2026-09-28,,portal alert,2026-09-28T00:00:00Z
spiti24.gr,ΒΟΥΡΤΗΣ REAL ESTATE,https://www.spiti24.gr/akinito/20940689,Πλατεία Ναυαρίνου (Κέντρο Θεσσαλονίκης) Διαμέρισμα 70 τ.μ. προς πώληση,sale,,185000.0,70.0,,,,Πλατεία Ναυαρίνου (Κέντρο Θεσσαλονίκης),,,,2026-09-28,2026-09-28,,portal alert,2026-09-28T00:00:00Z
spiti24.gr,GREEK HOME,https://www.spiti24.gr/akinito/20940698,Άνω Αναγέννηση (Νεάπολη) Studio/Γκαρσονιέρα 36 τ.μ. προς πώληση,sale,,100000.0,36.0,,,,Άνω Αναγέννηση (Νεάπολη),,,,2026-09-28,2026-09-28,,portal alert,2026-09-28T00:00:00Z
spiti24.gr,ΜΕ ΤΟ ΔΕΞΙ,https://www.spiti24.gr/akinito/20940699,Κρυονέρι (Συκιές) Διαμέρισμα 95 τ.μ. προς ενοικίαση,rent,,630.0,95.0,,,,Κρυονέρι (Συκιές),,,,2026-09-28,2026-09-28,,portal alert,2026-09-28T00:00:00Z
spiti24.gr,ΜΕΣΙΤΙΚΟ ΓΡΑΦΕΙΟ ΝΕΟΣ ΚΟΣΜΟΣ,https://www.spiti24.gr/akinito/20940700,Κέντρο (Ωραιόκαστρο) Μεζονέτα 135 τ.μ. προς ενοικίαση,rent,,700.0,135.0,,,,Κέντρο (Ωραιόκαστρο),,,,2026-09-28,2026-09-28,,portal alert,2026-09-28T00:00:00Z
spiti24.gr,RK Real Estate,https://www.spiti24.gr/akinito/20940709,Κέντρο (Μηχανιώνα) Μονοκατοικία 140 τ.μ. προς πώληση,sale,,135000.0,140.0,,,,Κέντρο (Μηχανιώνα),,,,2026-09-28,2026-09-28,,portal alert,2026-09-28T00:00:00Z
spiti24.gr,Spiti24,https://www.spiti24.gr/akinito/20940711,Βαρδάρης - Δικαστήρια (Βαρδάρης - Λαχανόκηποι) Studio/Γκαρσονιέρα 28 τ.μ. προς ενοικίαση,rent,,450.0,28.0,,,,Βαρδάρης - Δικαστήρια (Βαρδάρης - Λαχανόκηποι),,,,2026-09-28,2026-09-28,,portal alert,2026-09-28T00:00:00Z
spiti24.gr,GREEK HOME,https://www.spiti24.gr/akinito/20940713,Άνω Αναγέννηση (Νεάπολη) Διαμέρισμα 60 τ.μ. προς πώληση,sale,,150000.0,60.0,,,,Άνω Αναγέννηση (Νεάπολη),,,,2026-09-28,2026-09-28,,portal alert,2026-09-28T00:00:00Z
spiti24.gr,DM REAL ESTATE,https://www.spiti24.gr/akinito/20940721,Άγιος Αθανάσιος (Εύοσμος) Studio/Γκαρσονιέρα 42 τ.μ. προς ενοικίαση,rent,,470.0,42.0,,,,Άγιος Αθανάσιος (Εύοσμος),,,,2026-09-28,2026-09-28,,portal alert,2026-09-28T00:00:00Z
spiti24.gr,GREEK HOME,https://www.spiti24.gr/akinito/20940729,Συκιές (Θεσσαλονίκη - Περιφ/κοί δήμοι) Studio/Γκαρσονιέρα 37 τ.μ. προς πώληση,sale,,72000.0,37.0,,,,Συκιές (Θεσσαλονίκη - Περιφ/κοί δήμοι),,,,2026-09-28,2026-09-28,,portal alert,2026-09-28T00:00:00Z
spiti24.gr,G Property,https://www.spiti24.gr/akinito/20940750,Διοικητήριο (Κέντρο Θεσσαλονίκης) Διαμέρισμα 50 τ.μ. προς ενοικίαση,rent,,550.0,50.0,,,,Διοικητήριο (Κέντρο Θεσσαλονίκης),,,,2026-09-28,2026-09-28,,portal alert,2026-09-28T00:00:00Z
spiti24.gr,Spiti24,https://www.spiti24.gr/akinito/20940758,Άνω Τούμπα (Τούμπα) Διαμέρισμα 50 τ.μ. προς ενοικίαση,rent,,530.0,50.0,,,,Άνω Τούμπα (Τούμπα),,,,2026-09-28,2026-09-28,,portal alert,2026-09-28T00:00:00Z
spiti24.gr,G Property,https://www.spiti24.gr/akinito/20940762,Διοικητήριο (Κέντρο Θεσσαλονίκης) Διαμέρισμα 50 τ.μ. προς πώληση,sale,,150000.0,50.0,,,,Διοικητήριο (Κέντρο Θεσσαλονίκης),,,,2026-09-28,2026-09-28,,portal alert,2026-09-28T00:00:00Z
spiti24.gr,LIA TALATZIDOU,https://www.spiti24.gr/akinito/20940768,Λιόγερμα (Θέρμη) Διαμέρισμα 80 τ.μ. προς πώληση,sale,,247100.0,80.0,,,,Λιόγερμα (Θέρμη),,,,2026-09-28,2026-09-28,,portal alert,2026-09-28T00:00:00Z
spiti24.gr,HORIZON ESTATE,https://www.spiti24.gr/akinito/20940800,Βαρδάρης - Δικαστήρια (Βαρδάρης - Λαχανόκηποι) Διαμέρισμα 80 τ.μ. προς ενοικίαση,rent,,480.0,80.0,,,,Βαρδάρης - Δικαστήρια (Βαρδάρης - Λαχανόκηποι),,,,2026-09-28,2026-09-28,,portal alert,2026-09-28T00:00:00Z
spiti24.gr,ThessMesiti.gr,https://www.spiti24.gr/akinito/20940882,Φάληρο - Ιπποκράτειο (Θεσσαλονίκη - Δήμος) Διαμέρισμα 60 τ.μ. προς πώληση,sale,,76000.0,60.0,,,,Φάληρο - Ιπποκράτειο (Θεσσαλονίκη - Δήμος),,,,2026-09-28,2026-09-28,,portal alert,2026-09-28T00:00:00Z
spiti24.gr,Concept House Real Estate,https://www.spiti24.gr/akinito/20940907,Φάληρο - Ιπποκράτειο (Θεσσαλονίκη - Δήμος) Studio/Γκαρσονιέρα 40 τ.μ. προς ενοικίαση,rent,,300.0,40.0,,,,Φάληρο - Ιπποκράτειο (Θεσσαλονίκη - Δήμος),,,,2026-09-28,2026-09-28,,portal alert,2026-09-28T00:00:00Z
spiti24.gr,Happy House Μεσιτικές Υπηρεσίες,https://www.spiti24.gr/akinito/20940911,Ξηροκρήνη (Ξηροκρήνη - Παναγία Φανερωμένη) Studio/Γκαρσονιέρα 45 τ.μ. προς ενοικίαση,rent,,400.0,45.0,,,,Ξηροκρήνη (Ξηροκρήνη - Παναγία Φανερωμένη),,,,2026-09-28,2026-09-28,,portal alert,2026-09-28T00:00:00Z
spiti24.gr,Golden Home Real Estate,https://www.spiti24.gr/akinito/20940927,Άγιος Κοσμάς (Εύοσμος) Μεζονέτα 130 τ.μ. προς πώληση,sale,,350000.0,130.0,,,,Άγιος Κοσμάς (Εύοσμος),,,,2026-09-28,2026-09-28,,portal alert,2026-09-28T00:00:00Z
spiti24.gr,Golden Home Real Estate,https://www.spiti24.gr/akinito/20940931,Άγιος Κοσμάς (Εύοσμος) Διαμέρισμα 86 τ.μ. προς πώληση,sale,,205000.0,86.0,,,,Άγιος Κοσμάς (Εύοσμος),,,,2026-09-28,2026-09-28,,portal alert,2026-09-28T00:00:00Z
spiti24.gr,Golden Home Real Estate,https://www.spiti24.gr/akinito/20940932,Άγιος Κοσμάς (Εύοσμος) Μεζονέτα 95 τ.μ. προς πώληση,sale,,218000.0,95.0,,,,Άγιος Κοσμάς (Εύοσμος),,,,2026-09-28,2026-09-28,,portal alert,2026-09-28T00:00:00Z
spiti24.gr,Golden Home Real Estate,https://www.spiti24.gr/akinito/20940938,Άγιος Κοσμάς (Εύοσμος) Διαμέρισμα 85 τ.μ. προς πώληση,sale,,200000.0,85.0,,,,Άγιος Κοσμάς (Εύοσμος),,,,2026-09-28,2026-09-28,,portal alert,2026-09-28T00:00:00Z
spiti24.gr,Golden Home Real Estate,https://www.spiti24.gr/akinito/20940943,Άγιος Κοσμάς (Εύοσμος) Διαμέρισμα 82 τ.μ. προς πώληση,sale,,186000.0,82.0,,,,Άγιος Κοσμάς (Εύοσμος),,,,2026-09-28,2026-09-28,,portal alert,2026-09-28T00:00:00Z
spiti24.gr,Golden Home Real Estate,https://www.spiti24.gr/akinito/20940947,Άγιος Κοσμάς (Εύοσμος) Διαμέρισμα 82 τ.μ. προς πώληση,sale,,173000.0,82.0,,,,Άγιος Κοσμάς (Εύοσμος),,,,2026-09-28,2026-09-28,,portal alert,2026-09-28T00:00:00Z
spiti24.gr,MK Real Home,https://www.spiti24.gr/akinito/20940951,Περαία (Θερμαϊκός) Διαμέρισμα 34 τ.μ. προς ενοικίαση,rent,,350.0,34.0,,,,Περαία (Θερμαϊκός),,,,2026-09-28,2026-09-28,,portal alert,2026-09-28T00:00:00Z
spiti24.gr,Golden Home Real Estate,https://www.spiti24.gr/akinito/20940952,Άγιος Κοσμάς (Εύοσμος) Διαμέρισμα 85 τ.μ. προς πώληση,sale,,183000.0,85.0,,,,Άγιος Κοσμάς (Εύοσμος),,,,2026-09-28,2026-09-28,,portal alert,2026-09-28T00:00:00Z
spiti24.gr,ΤΚ Properties,https://www.spiti24.gr/akinito/20941010,Νέα Πολιτεία (Εύοσμος) Studio/Γκαρσονιέρα 42 τ.μ. προς ενοικίαση,rent,,470.0,42.0,,,,Νέα Πολιτεία (Εύοσμος),,,,2026-09-28,2026-09-28,,portal alert,2026-09-28T00:00:00Z
spiti24.gr,ΠΑΠΑΔΟΠΟΥΛΟΣ ΓΕΩΡΓΙΟΣ,https://www.spiti24.gr/akinito/20941012,Διοικητήριο (Κέντρο Θεσσαλονίκης) Διαμέρισμα 112 τ.μ. προς πώληση,sale,,185000.0,112.0,,,,Διοικητήριο (Κέντρο Θεσσαλονίκης),,,,2026-09-28,2026-09-28,,portal alert,2026-09-28T00:00:00Z
spiti24.gr,ANTONIOU HOME,https://www.spiti24.gr/akinito/20950320,Ξηροκρήνη (Ξηροκρήνη - Παναγία Φανερωμένη) Διαμέρισμα 74 τ.μ. προς ενοικίαση,rent,,550.0,74.0,,,,Ξηροκρήνη (Ξηροκρήνη - Παναγία Φανερωμένη),,,,2026-09-29,2026-09-29,,portal alert,2026-09-29T00:00:00Z
spiti24.gr,Home4all Μεσιτικό Γραφείο,https://www.spiti24.gr/akinito/20950324,Νέα Παραλία (Ανάληψη - Μπότσαρη - Νέα Παραλία) Studio/Γκαρσονιέρα 50 τ.μ. προς ενοικίαση,rent,,700.0,50.0,,,,Νέα Παραλία (Ανάληψη - Μπότσαρη - Νέα Παραλία),,,,2026-09-29,2026-09-29,,portal alert,2026-09-29T00:00:00Z
spiti24.gr,Rewize,https://www.spiti24.gr/akinito/20950330,Ανάληψη - Μπότσαρη (Ανάληψη - Μπότσαρη - Νέα Παραλία) Διαμέρισμα 85 τ.μ. προς ενοικίαση,rent,,930.0,85.0,,,,Ανάληψη - Μπότσαρη (Ανάληψη - Μπότσαρη - Νέα Παραλία),,,,2026-09-29,2026-09-29,,portal alert,2026-09-29T00:00:00Z
spiti24.gr,ΑΡΧΗΚΤΗΜΑΤΙΚΗ,https://www.spiti24.gr/akinito/20950334,Κέντρο (Χαριλάου) Studio/Γκαρσονιέρα 40 τ.μ. προς ενοικίαση,rent,,450.0,40.0,,,,Κέντρο (Χαριλάου),,,,2026-09-29,2026-09-29,,portal alert,2026-09-29T00:00:00Z
spiti24.gr,ΚΤΗΜΑΤΟΜΕΣΙΤΙΚΗ ΛΙΟΥΡΤΑ,https://www.spiti24.gr/akinito/20950336,Ρωμαϊκή Αγορά - Βενιζέλου - Ιστορικό Κέντρο (Κέντρο Θεσσαλονίκης) Διαμέρισμα 50 τ.μ. προς ενοικίαση,rent,,650.0,50.0,,,,Ρωμαϊκή Αγορά - Βενιζέλου - Ιστορικό Κέντρο (Κέντρο Θεσσαλονίκης),,,,2026-09-29,2026-09-29,,portal alert,2026-09-29T00:00:00Z
spiti24.gr,abitazione,https://www.spiti24.gr/akinito/20950337,Κέντρο Θεσσαλονίκης (Θεσσαλονίκη - Δήμος) Studio/Γκαρσονιέρα 24 τ.μ. προς ενοικίαση,rent,,280.0,24.0,,,,Κέντρο Θεσσαλονίκης (Θεσσαλονίκη - Δήμος),,,,2026-09-29,2026-09-29,,portal alert,2026-09-29T00:00:00Z
spiti24.gr,ThessMesiti.gr,https://www.spiti24.gr/akinito/20950343,Βαρδάρης - Λαχανόκηποι (Θεσσαλονίκη - Δήμος) Διαμέρισμα 30 τ.μ. προς ενοικίαση,rent,,450.0,30.0,,,,Βαρδάρης - Λαχανόκηποι (Θεσσαλονίκη - Δήμος),,,,2026-09-29,2026-09-29,,portal alert,2026-09-29T00:00:00Z
spiti24.gr,Karoutas Properties,https://www.spiti24.gr/akinito/20950347,Βυζάντιο (Καλαμαριά) Διαμέρισμα 68 τ.μ. προς ενοικίαση,rent,,620.0,68.0,,,,Βυζάντιο (Καλαμαριά),,,,2026-09-29,2026-09-29,,portal alert,2026-09-29T00:00:00Z
spiti24.gr,Diamond Group,https://www.spiti24.gr/akinito/20950402,Κάτω Τούμπα (Τούμπα) Διαμέρισμα 75 τ.μ. προς ενοικίαση,rent,,600.0,75.0,,,,Κάτω Τούμπα (Τούμπα),,,,2026-09-29,2026-09-29,,portal alert,2026-09-29T00:00:00Z
spiti24.gr,Diamond Group,https://www.spiti24.gr/akinito/20950406,Βυζάντιο (Καλαμαριά) Διαμέρισμα 68 τ.μ. προς ενοικίαση,rent,,620.0,68.0,,,,Βυζάντιο (Καλαμαριά),,,,2026-09-29,2026-09-29,,portal alert,2026-09-29T00:00:00Z
spiti24.gr,Monopoly Ηome,https://www.spiti24.gr/akinito/20950427,Τούμπα (Θεσσαλονίκη - Δήμος) Διαμέρισμα 68 τ.μ. προς ενοικίαση,rent,,620.0,68.0,,,,Τούμπα (Θεσσαλονίκη - Δήμος),,,,2026-09-29,2026-09-29,,portal alert,2026-09-29T00:00:00Z
spiti24.gr,Diamond Group,https://www.spiti24.gr/akinito/20950450,Άνω Αναγέννηση (Νεάπολη) Studio/Γκαρσονιέρα 36 τ.μ. προς πώληση,sale,,100000.0,36.0,,,,Άνω Αναγέννηση (Νεάπολη),,,,2026-09-29,2026-09-29,,portal alert,2026-09-29T00:00:00Z
spiti24.gr,FINEHOME,https://www.spiti24.gr/akinito/20950451,Τουρκικό Προξενείο (Κέντρο Θεσσαλονίκης) Studio/Γκαρσονιέρα 25 τ.μ. προς ενοικίαση,rent,,380.0,25.0,,,,Τουρκικό Προξενείο (Κέντρο Θεσσαλονίκης),,,,2026-09-29,2026-09-29,,portal alert,2026-09-29T00:00:00Z
spiti24.gr,keramidogatos real estate,https://www.spiti24.gr/akinito/20950452,Άνω Αναγέννηση (Νεάπολη) Studio/Γκαρσονιέρα 36 τ.μ. προς πώληση,sale,,100000.0,36.0,,,,Άνω Αναγέννηση (Νεάπολη),,,,2026-09-29,2026-09-29,,portal alert,2026-09-29T00:00:00Z
spiti24.gr,Diamond Group,https://www.spiti24.gr/akinito/20950468,Νέα Μαγνησία (Εχέδωρος) Διαμέρισμα 120 τ.μ. προς πώληση,sale,,58000.0,120.0,,,,Νέα Μαγνησία (Εχέδωρος),,,,2026-09-29,2026-09-29,,portal alert,2026-09-29T00:00:00Z
spiti24.gr,Diamond Group,https://www.spiti24.gr/akinito/20950473,Ρωμαϊκή Αγορά - Βενιζέλου - Ιστορικό Κέντρο (Κέντρο Θεσσαλονίκης) Διαμέρισμα 88 τ.μ. προς ενοικίαση,rent,,1500.0,88.0,,,,Ρωμαϊκή Αγορά - Βενιζέλου - Ιστορικό Κέντρο (Κέντρο Θεσσαλονίκης),,,,2026-09-29,2026-09-29,,portal alert,2026-09-29T00:00:00Z
spiti24.gr,ΛΑΜΠΡΟΠΟΥΛΟΣ ΣΤΑΜΑΤΗΣ,https://www.spiti24.gr/akinito/20950476,Μαρτίου (Βούλγαρη - Ντεπώ - Μαρτίου) Διαμέρισμα 43 τ.μ. προς πώληση,sale,,69000.0,43.0,,,,Μαρτίου (Βούλγαρη - Ντεπώ - Μαρτίου),,,,2026-09-29,2026-09-29,,portal alert,2026-09-29T00:00:00Z
spiti24.gr,Spiti24,https://www.spiti24.gr/akinito/20950477,Αντιγονιδών (Κέντρο Θεσσαλονίκης) Studio/Γκαρσονιέρα 55 τ.μ. προς ενοικίαση,rent,,500.0,55.0,,,,Αντιγονιδών (Κέντρο Θεσσαλονίκης),,,,2026-09-29,2026-09-29,,portal alert,2026-09-29T00:00:00Z
spiti24.gr,Monopoly Ηome,https://www.spiti24.gr/akinito/20950490,Διοικητήριο (Κέντρο Θεσσαλονίκης) Διαμέρισμα 100 τ.μ. προς ενοικίαση,rent,,900.0,100.0,,,,Διοικητήριο (Κέντρο Θεσσαλονίκης),,,,2026-09-29,2026-09-29,,portal alert,2026-09-29T00:00:00Z
spiti24.gr,Spiti24,https://www.spiti24.gr/akinito/20950494,Διαβατά (Εχέδωρος) Διαμέρισμα 75 τ.μ. προς ενοικίαση,rent,,600.0,75.0,,,,Διαβατά (Εχέδωρος),,,,2026-09-29,2026-09-29,,portal alert,2026-09-29T00:00:00Z
spiti24.gr,AA REAL ESTATE,https://www.spiti24.gr/akinito/20950508,Βαρδάρης - Δικαστήρια (Βαρδάρης - Λαχανόκηποι) Διαμέρισμα 51 τ.μ. προς πώληση,sale,,168500.0,51.0,,,,Βαρδάρης - Δικαστήρια (Βαρδάρης - Λαχανόκηποι),,,,2026-09-29,2026-09-29,,portal alert,2026-09-29T00:00:00Z
spiti24.gr,ΚΤΗΜΑΤΟΜΕΣΙΤΙΚΗ ΛΙΟΥΡΤΑ,https://www.spiti24.gr/akinito/20950512,Αριστοτέλους - Ιστορικό Κέντρο (Κέντρο Θεσσαλονίκης) Studio/Γκαρσονιέρα 25 τ.μ. προς πώληση,sale,,220000.0,25.0,,,,Αριστοτέλους - Ιστορικό Κέντρο (Κέντρο Θεσσαλονίκης),,,,2026-09-29,2026-09-29,,portal alert,2026-09-29T00:00:00Z
spiti24.gr,BLUESTONE REAL ESTATE,https://www.spiti24.gr/akinito/20950518,Αγία Τριάδα (Φάληρο - Ιπποκράτειο) Διαμέρισμα 51 τ.μ. προς πώληση,sale,,205000.0,51.0,,,,Αγία Τριάδα (Φάληρο - Ιπποκράτειο),,,,2026-09-29,2026-09-29,,portal alert,2026-09-29T00:00:00Z
spiti24.gr,keramidogatos real estate,https://www.spiti24.gr/akinito/20950532,Άνω Αναγέννηση (Νεάπολη) Διαμέρισμα 60 τ.μ. προς πώληση,sale,,150000.0,60.0,,,,Άνω Αναγέννηση (Νεάπολη),,,,2026-09-29,2026-09-29,,portal alert,2026-09-29T00:00:00Z
spiti24.gr,ΒΟΥΡΤΗΣ REAL ESTATE,https://www.spiti24.gr/akinito/20950540,Παναγία Φανερωμένη (Ξηροκρήνη - Παναγία Φανερωμένη) Διαμέρισμα 40 τ.μ. προς πώληση,sale,,65000.0,40.0,,,,Παναγία Φανερωμένη (Ξηροκρήνη - Παναγία Φανερωμένη),,,,2026-09-29,2026-09-29,,portal alert,2026-09-29T00:00:00Z
spiti24.gr,ΛΑΜΠΡΟΠΟΥΛΟΣ ΣΤΑΜΑΤΗΣ,https://www.spiti24.gr/akinito/20950550,Κάτω Τούμπα (Τούμπα) Διαμέρισμα 84 τ.μ. προς πώληση,sale,,167000.0,84.0,,,,Κάτω Τούμπα (Τούμπα),,,,2026-09-29,2026-09-29,,portal alert,2026-09-29T00:00:00Z
spiti24.gr,Newhomes,https://www.spiti24.gr/akinito/20950559,Ιπποκράτειο (Φάληρο - Ιπποκράτειο) Διαμέρισμα 60 τ.μ. προς ενοικίαση,rent,,430.0,60.0,,,,Ιπποκράτειο (Φάληρο - Ιπποκράτειο),,,,2026-09-29,2026-09-29,,portal alert,2026-09-29T00:00:00Z
spiti24.gr,BLUESTONE REAL ESTATE,https://www.spiti24.gr/akinito/20950604,Ανάληψη - Μπότσαρη (Ανάληψη - Μπότσαρη - Νέα Παραλία) Διαμέρισμα 50 τ.μ. προς πώληση,sale,,175000.0,50.0,,,,Ανάληψη - Μπότσαρη (Ανάληψη - Μπότσαρη - Νέα Παραλία),,,,2026-09-29,2026-09-29,,portal alert,2026-09-29T00:00:00Z
spiti24.gr,MΒ Real Estate,https://www.spiti24.gr/akinito/20950633,Βάρνα (Συκιές) Διαμέρισμα 72 τ.μ. προς πώληση,sale,,130000.0,72.0,,,,Βάρνα (Συκιές),,,,2026-09-29,2026-09-29,,portal alert,2026-09-29T00:00:00Z
spiti24.gr,Newhomes,https://www.spiti24.gr/akinito/20950636,Κάτω Τούμπα (Τούμπα) Studio/Γκαρσονιέρα 48 τ.μ. προς ενοικίαση,rent,,400.0,48.0,,,,Κάτω Τούμπα (Τούμπα),,,,2026-09-29,2026-09-29,,portal alert,2026-09-29T00:00:00Z
spiti24.gr,Spiti24,https://www.spiti24.gr/akinito/20950655,Ασβεστοχώρι (Χορτιάτης) Διαμέρισμα 115 τ.μ. προς ενοικίαση,rent,,600.0,115.0,,,,Ασβεστοχώρι (Χορτιάτης),,,,2026-09-29,2026-09-29,,portal alert,2026-09-29T00:00:00Z
spiti24.gr,ΜΕΣΙΤ,https://www.spiti24.gr/akinito/20950657,Νέα Κρήνη (Καλαμαριά) Studio/Γκαρσονιέρα 40 τ.μ. προς πώληση,sale,,160000.0,40.0,,,,Νέα Κρήνη (Καλαμαριά),,,,2026-09-29,2026-09-29,,portal alert,2026-09-29T00:00:00Z
spiti24.gr,ΜΕΣΙΤ,https://www.spiti24.gr/akinito/20950670,Νέα Κρήνη (Καλαμαριά) Διαμέρισμα 120 τ.μ. προς πώληση,sale,,465000.0,120.0,,,,Νέα Κρήνη (Καλαμαριά),,,,2026-09-29,2026-09-29,,portal alert,2026-09-29T00:00:00Z
spiti24.gr,BLUESTONE REAL ESTATE,https://www.spiti24.gr/akinito/20950673,Άνω Νικόπολη (Σταυρούπολη) Studio/Γκαρσονιέρα 46 τ.μ. προς πώληση,sale,,120000.0,46.0,,,,Άνω Νικόπολη (Σταυρούπολη),,,,2026-09-29,2026-09-29,,portal alert,2026-09-29T00:00:00Z
spiti24.gr,ΜΕΣΙΤ,https://www.spiti24.gr/akinito/20950680,Νέα Κρήνη (Καλαμαριά) Διαμέρισμα 96 τ.μ. προς πώληση,sale,,380000.0,96.0,,,,Νέα Κρήνη (Καλαμαριά),,,,2026-09-29,2026-09-29,,portal alert,2026-09-29T00:00:00Z
spiti24.gr,Newhomes,https://www.spiti24.gr/akinito/20950684,Αγία Τριάδα (Φάληρο - Ιπποκράτειο) Διαμέρισμα 75 τ.μ. προς ενοικίαση,rent,,570.0,75.0,,,,Αγία Τριάδα (Φάληρο - Ιπποκράτειο),,,,2026-09-29,2026-09-29,,portal alert,2026-09-29T00:00:00Z
spiti24.gr,Your home,https://www.spiti24.gr/akinito/20950689,Κέντρο (Θέρμη) Μεζονέτα 139 τ.μ. προς πώληση,sale,,320000.0,139.0,,,,Κέντρο (Θέρμη),,,,2026-09-29,2026-09-29,,portal alert,2026-09-29T00:00:00Z
spiti24.gr,ΜΕΣΙΤ,https://www.spiti24.gr/akinito/20950693,Νέα Κρήνη (Καλαμαριά) Διαμέρισμα 85 τ.μ. προς πώληση,sale,,330000.0,85.0,,,,Νέα Κρήνη (Καλαμαριά),,,,2026-09-29,2026-09-29,,portal alert,2026-09-29T00:00:00Z
spiti24.gr,ΜΕΣΙΤ,https://www.spiti24.gr/akinito/20950698,Πυλαιώτικα (Πυλαία) Διαμέρισμα 67 τ.μ. προς πώληση,sale,,260000.0,67.0,,,,Πυλαιώτικα (Πυλαία),,,,2026-09-29,2026-09-29,,portal alert,2026-09-29T00:00:00Z
spiti24.gr,ΜΕΣΙΤ,https://www.spiti24.gr/akinito/20950704,Άνω Μαλακοπή (Πυλαία) Διαμέρισμα 83 τ.μ. προς πώληση,sale,,275000.0,83.0,,,,Άνω Μαλακοπή (Πυλαία),,,,2026-09-29,2026-09-29,,portal alert,2026-09-29T00:00:00Z
spiti24.gr,Spiti24,https://www.spiti24.gr/akinito/20960930,Διοικητήριο (Κέντρο Θεσσαλονίκης) Studio/Γκαρσονιέρα 28 τ.μ. προς πώληση,sale,,95000.0,28.0,,,,Διοικητήριο (Κέντρο Θεσσαλονίκης),,,,2026-09-30,2026-09-30,,portal alert,2026-09-30T00:00:00Z
spiti24.gr,DERXIS Σύμβουλοι Μηχανικοί - Εκτιμητές Ακινήτων,https://www.spiti24.gr/akinito/20961067,Γαλήνη (Ωραιόκαστρο) Διαμέρισμα 120 τ.μ. προς ενοικίαση,rent,,700.0,120.0,,,,Γαλήνη (Ωραιόκαστρο),,,,2026-09-30,2026-09-30,,portal alert,2026-09-30T00:00:00Z
spiti24.gr,ThessMesiti.gr,https://www.spiti24.gr/akinito/20961069,Επανομή (Θεσσαλονίκη - Περιφ/κοί δήμοι) Διαμέρισμα 84 τ.μ. προς ενοικίαση,rent,,550.0,84.0,,,,Επανομή (Θεσσαλονίκη - Περιφ/κοί δήμοι),,,,2026-09-30,2026-09-30,,portal alert,2026-09-30T00:00:00Z
spiti24.gr,life in real estate,https://www.spiti24.gr/akinito/20961070,Δροσιά (Θέρμη) Studio/Γκαρσονιέρα 60 τ.μ. προς πώληση,sale,,160000.0,60.0,,,,Δροσιά (Θέρμη),,,,2026-09-30,2026-09-30,,portal alert,2026-09-30T00:00:00Z
spiti24.gr,BLUESTONE REAL ESTATE,https://www.spiti24.gr/akinito/20961071,Ιπποκράτειο (Φάληρο - Ιπποκράτειο) Διαμέρισμα 66 τ.μ. προς πώληση,sale,,183000.0,66.0,,,,Ιπποκράτειο (Φάληρο - Ιπποκράτειο),,,,2026-09-30,2026-09-30,,portal alert,2026-09-30T00:00:00Z
spiti24.gr,ΜΕΣΙΤ,https://www.spiti24.gr/akinito/20961077,Υδραγωγείο (Νεάπολη) Μεζονέτα 120 τ.μ. προς πώληση,sale,,310000.0,120.0,,,,Υδραγωγείο (Νεάπολη),,,,2026-09-30,2026-09-30,,portal alert,2026-09-30T00:00:00Z
spiti24.gr,Mesitiko Chios Κώστας Ξυντάρης,https://www.spiti24.gr/akinito/20961079,Αγγελοχώρι (Μηχανιώνα) Κτίριο 180 τ.μ. προς πώληση,sale,,93000.0,180.0,,,,Αγγελοχώρι (Μηχανιώνα),,,,2026-09-30,2026-09-30,,portal alert,2026-09-30T00:00:00Z
spiti24.gr,ThessMesiti.gr,https://www.spiti24.gr/akinito/20961095,Πυλαία (Θεσσαλονίκη - Περιφ/κοί δήμοι) Μονοκατοικία 87 τ.μ. προς ενοικίαση,rent,,850.0,87.0,,,,Πυλαία (Θεσσαλονίκη - Περιφ/κοί δήμοι),,,,2026-09-30,2026-09-30,,portal alert,2026-09-30T00:00:00Z
spiti24.gr,ThessMesiti.gr,https://www.spiti24.gr/akinito/20961107,Πυλαία (Θεσσαλονίκη - Περιφ/κοί δήμοι) Διαμέρισμα 90 τ.μ. προς ενοικίαση,rent,,850.0,90.0,,,,Πυλαία (Θεσσαλονίκη - Περιφ/κοί δήμοι),,,,2026-09-30,2026-09-30,,portal alert,2026-09-30T00:00:00Z
spiti24.gr,KW NORTH,https://www.spiti24.gr/akinito/20961128,Άγιος Παντελεήμονας - Κέντρο (Πολίχνη) Διαμέρισμα 72 τ.μ. προς πώληση,sale,,130000.0,72.0,,,,Άγιος Παντελεήμονας - Κέντρο (Πολίχνη),,,,2026-09-30,2026-09-30,,portal alert,2026-09-30T00:00:00Z
spiti24.gr,KAS ESTATE,https://www.spiti24.gr/akinito/20961137,Δόξα (Τριανδρία - Δόξα - Κρυονέρι) Studio/Γκαρσονιέρα 50 τ.μ. προς πώληση,sale,,130000.0,50.0,,,,Δόξα (Τριανδρία - Δόξα - Κρυονέρι),,,,2026-09-30,2026-09-30,,portal alert,2026-09-30T00:00:00Z
spiti24.gr,Home Managers,https://www.spiti24.gr/akinito/20961169,Ανάληψη - Μπότσαρη (Ανάληψη - Μπότσαρη - Νέα Παραλία) Διαμέρισμα 62 τ.μ. προς ενοικίαση,rent,,500.0,62.0,,,,Ανάληψη - Μπότσαρη (Ανάληψη - Μπότσαρη - Νέα Παραλία),,,,2026-09-30,2026-09-30,,portal alert,2026-09-30T00:00:00Z
spiti24.gr,KEYPROPERTIES,https://www.spiti24.gr/akinito/20961184,Άνω Πολίχνη (Πολίχνη) Studio/Γκαρσονιέρα 55 τ.μ. προς πώληση,sale,,80000.0,55.0,,,,Άνω Πολίχνη (Πολίχνη),,,,2026-09-30,2026-09-30,,portal alert,2026-09-30T00:00:00Z
spiti24.gr,Home Managers,https://www.spiti24.gr/akinito/20961190,Αγία Τριάδα (Φάληρο - Ιπποκράτειο) Διαμέρισμα 75 τ.μ. προς ενοικίαση,rent,,570.0,75.0,,,,Αγία Τριάδα (Φάληρο - Ιπποκράτειο),,,,2026-09-30,2026-09-30,,portal alert,2026-09-30T00:00:00Z
spiti24.gr,mega real estate,https://www.spiti24.gr/akinito/20961194,Κατιρλί (Καλαμαριά) Διαμέρισμα 124 τ.μ. προς ενοικίαση,rent,,1500.0,124.0,,,,Κατιρλί (Καλαμαριά),,,,2026-09-30,2026-09-30,,portal alert,2026-09-30T00:00:00Z
spiti24.gr,NORE REAL ESTATE,https://www.spiti24.gr/akinito/20961209,Άγιος Παντελεήμονας - Κέντρο (Πολίχνη) Διαμέρισμα 73 τ.μ. προς πώληση,sale,,80000.0,73.0,,,,Άγιος Παντελεήμονας - Κέντρο (Πολίχνη),,,,2026-09-30,2026-09-30,,portal alert,2026-09-30T00:00:00Z
spiti24.gr,SKOREAL,https://www.spiti24.gr/akinito/20961215,Ανάληψη - Μπότσαρη (Ανάληψη - Μπότσαρη - Νέα Παραλία) Studio/Γκαρσονιέρα 45 τ.μ. προς πώληση,sale,,135000.0,45.0,,,,Ανάληψη - Μπότσαρη (Ανάληψη - Μπότσαρη - Νέα Παραλία),,,,2026-09-30,2026-09-30,,portal alert,2026-09-30T00:00:00Z
spiti24.gr,InFox Real Estate,https://www.spiti24.gr/akinito/20961220,Κουλέ Καφέ (Άνω Πόλη) Studio/Γκαρσονιέρα 40 τ.μ. προς ενοικίαση,rent,,550.0,40.0,,,,Κουλέ Καφέ (Άνω Πόλη),,,,2026-09-30,2026-09-30,,portal alert,2026-09-30T00:00:00Z
spiti24.gr,Home Managers,https://www.spiti24.gr/akinito/20961224,Αγία Τριάδα (Φάληρο - Ιπποκράτειο) Διαμέρισμα 50 τ.μ. προς ενοικίαση,rent,,600.0,50.0,,,,Αγία Τριάδα (Φάληρο - Ιπποκράτειο),,,,2026-09-30,2026-09-30,,portal alert,2026-09-30T00:00:00Z
spiti24.gr,Lampraki real estate,https://www.spiti24.gr/akinito/20961233,Κάτω Τούμπα (Τούμπα) Διαμέρισμα 80 τ.μ. προς ενοικίαση,rent,,730.0,80.0,,,,Κάτω Τούμπα (Τούμπα),,,,2026-09-30,2026-09-30,,portal alert,2026-09-30T00:00:00Z
spiti24.gr,REMAX Welcome,https://www.spiti24.gr/akinito/20961234,Χαριλάου (Θεσσαλονίκη - Δήμος) Διαμέρισμα 74 τ.μ. προς ενοικίαση,rent,,800.0,74.0,,,,Χαριλάου (Θεσσαλονίκη - Δήμος),,,,2026-09-30,2026-09-30,,portal alert,2026-09-30T00:00:00Z
spiti24.gr,REGALIA PROPERTIES,https://www.spiti24.gr/akinito/20961237,Ανάληψη - Μπότσαρη - Νέα Παραλία (Θεσσαλονίκη - Δήμος) Διαμέρισμα 65 τ.μ. προς πώληση,sale,,180000.0,65.0,,,,Ανάληψη - Μπότσαρη - Νέα Παραλία (Θεσσαλονίκη - Δήμος),,,,2026-09-30,2026-09-30,,portal alert,2026-09-30T00:00:00Z
spiti24.gr,HouseCenter Κουκουλής Αθανάσιος,https://www.spiti24.gr/akinito/20961240,Εθνικής Αντίστασης (Συκιές) Διαμέρισμα 125 τ.μ. προς ενοικίαση,rent,,900.0,125.0,,,,Εθνικής Αντίστασης (Συκιές),,,,2026-09-30,2026-09-30,,portal alert,2026-09-30T00:00:00Z
spiti24.gr,ΜΑΡΙΑ ΘΕΟΔΩΡΙΔΟΥ,https://www.spiti24.gr/akinito/20961246,Νεόκτιστα (Σταυρούπολη) Διαμέρισμα 70 τ.μ. προς ενοικίαση,rent,,300.0,70.0,,,,Νεόκτιστα (Σταυρούπολη),,,,2026-09-30,2026-09-30,,portal alert,2026-09-30T00:00:00Z
spiti24.gr,InFox Real Estate,https://www.spiti24.gr/akinito/20961249,Κουλέ Καφέ (Άνω Πόλη) Studio/Γκαρσονιέρα 35 τ.μ. προς ενοικίαση,rent,,550.0,35.0,,,,Κουλέ Καφέ (Άνω Πόλη),,,,2026-09-30,2026-09-30,,portal alert,2026-09-30T00:00:00Z
spiti24.gr,ΜΑΡΙΑ ΘΕΟΔΩΡΙΔΟΥ,https://www.spiti24.gr/akinito/20961250,Κάτω Αναγέννηση (Νεάπολη) Διαμέρισμα 90 τ.μ. προς ενοικίαση,rent,,600.0,90.0,,,,Κάτω Αναγέννηση (Νεάπολη),,,,2026-09-30,2026-09-30,,portal alert,2026-09-30T00:00:00Z
spiti24.gr,REGALIA PROPERTIES,https://www.spiti24.gr/akinito/20961253,Ανάληψη - Μπότσαρη (Ανάληψη - Μπότσαρη - Νέα Παραλία) Διαμέρισμα 65 τ.μ. προς πώληση,sale,,180000.0,65.0,,,,Ανάληψη - Μπότσαρη (Ανάληψη - Μπότσαρη - Νέα Παραλία),,,,2026-09-30,2026-09-30,,portal alert,2026-09-30T00:00:00Z
spiti24.gr,ΜΑΡΙΑ ΘΕΟΔΩΡΙΔΟΥ,https://www.spiti24.gr/akinito/20961258,Κάτω Τούμπα (Τούμπα) Διαμέρισμα 120 τ.μ. προς πώληση,sale,,300000.0,120.0,,,,Κάτω Τούμπα (Τούμπα),,,,2026-09-30,2026-09-30,,portal alert,2026-09-30T00:00:00Z
spiti24.gr,MK real estate,https://www.spiti24.gr/akinito/20961263,Σταυρός (Ρεντίνα) Διαμέρισμα 56 τ.μ. προς πώληση,sale,,150000.0,56.0,,,,Σταυρός (Ρεντίνα),,,,2026-09-30,2026-09-30,,portal alert,2026-09-30T00:00:00Z
spiti24.gr,MK real estate,https://www.spiti24.gr/akinito/20961265,Σταυρός (Ρεντίνα) Μεζονέτα 56 τ.μ. προς πώληση,sale,,160000.0,56.0,,,,Σταυρός (Ρεντίνα),,,,2026-09-30,2026-09-30,,portal alert,2026-09-30T00:00:00Z
spiti24.gr,Spiti24,https://www.spiti24.gr/akinito/20961270,Υδραγωγείο (Νεάπολη) Studio/Γκαρσονιέρα 55 τ.μ. προς ενοικίαση,rent,,400.0,55.0,,,,Υδραγωγείο (Νεάπολη),,,,2026-09-30,2026-09-30,,portal alert,2026-09-30T00:00:00Z
spiti24.gr,BLUESTONE REAL ESTATE,https://www.spiti24.gr/akinito/20961297,Τριανδρία (Τριανδρία - Δόξα - Κρυονέρι) Studio/Γκαρσονιέρα 42 τ.μ. προς πώληση,sale,,158000.0,42.0,,,,Τριανδρία (Τριανδρία - Δόξα - Κρυονέρι),,,,2026-09-30,2026-09-30,,portal alert,2026-09-30T00:00:00Z
spiti24.gr,SKOREAL,https://www.spiti24.gr/akinito/20961298,Διοικητήριο (Κέντρο Θεσσαλονίκης) Studio/Γκαρσονιέρα 47 τ.μ. προς πώληση,sale,,145000.0,47.0,,,,Διοικητήριο (Κέντρο Θεσσαλονίκης),,,,2026-09-30,2026-09-30,,portal alert,2026-09-30T00:00:00Z
spiti24.gr,Οικία Θεςσαλονίκη,https://www.spiti24.gr/akinito/20961301,Ιπποκράτειο (Φάληρο - Ιπποκράτειο) Studio/Γκαρσονιέρα 32 τ.μ. προς ενοικίαση,rent,,450.0,32.0,,,,Ιπποκράτειο (Φάληρο - Ιπποκράτειο),,,,2026-09-30,2026-09-30,,portal alert,2026-09-30T00:00:00Z
spiti24.gr,ΑΝΥΗΟΜΕ,https://www.spiti24.gr/akinito/20961319,Κέντρο (Καλαμαριά) Διαμέρισμα 67 τ.μ. προς ενοικίαση,rent,,800.0,67.0,,,,Κέντρο (Καλαμαριά),,,,2026-09-30,2026-09-30,,portal alert,2026-09-30T00:00:00Z
spiti24.gr,SKOREAL,https://www.spiti24.gr/akinito/20961325,Διοικητήριο (Κέντρο Θεσσαλονίκης) Studio/Γκαρσονιέρα 37 τ.μ. προς πώληση,sale,,115000.0,37.0,,,,Διοικητήριο (Κέντρο Θεσσαλονίκης),,,,2026-09-30,2026-09-30,,portal alert,2026-09-30T00:00:00Z
spiti24.gr,Μήττα,https://www.spiti24.gr/akinito/20961337,Κέντρο (Χορτιάτης) Μονοκατοικία 100 τ.μ. προς πώληση,sale,,150000.0,100.0,,,,Κέντρο (Χορτιάτης),,,,2026-09-30,2026-09-30,,portal alert,2026-09-30T00:00:00Z
spiti24.gr,ΜΕ ΤΟ ΔΕΞΙ,https://www.spiti24.gr/akinito/20961390,Ρωμαϊκή Αγορά - Βενιζέλου - Ιστορικό Κέντρο (Κέντρο Θεσσαλονίκης) Διαμέρισμα 55 τ.μ. προς ενοικίαση,rent,,570.0,55.0,,,,Ρωμαϊκή Αγορά - Βενιζέλου - Ιστορικό Κέντρο (Κέντρο Θεσσαλονίκης),,,,2026-09-30,2026-09-30,,portal alert,2026-09-30T00:00:00Z
spiti24.gr,K PROSPER,https://www.spiti24.gr/akinito/20961395,Μαλακοπή (Τούμπα) Διαμέρισμα 97 τ.μ. προς πώληση,sale,,249000.0,97.0,,,,Μαλακοπή (Τούμπα),,,,2026-09-30,2026-09-30,,portal alert,2026-09-30T00:00:00Z
spiti24.gr,Spiti24,https://www.spiti24.gr/akinito/20961422,Κέντρο (Κουφάλια) Μονοκατοικία 90 τ.μ. προς ενοικίαση,rent,,320.0,90.0,,,,Κέντρο (Κουφάλια),,,,2026-09-30,2026-09-30,,portal alert,2026-09-30T00:00:00Z
spiti24.gr,ΜΕΣΙΤΙΚΟ ΓΡΑΦΕΙΟ ΝΕΟΣ ΚΟΣΜΟΣ,https://www.spiti24.gr/akinito/20970034,Φίλυρο (Χορτιάτης) Μεζονέτα 138 τ.μ. προς ενοικίαση,rent,,650.0,138.0,,,,Φίλυρο (Χορτιάτης),,,,2026-10-01,2026-10-01,,portal alert,2026-10-01T00:00:00Z
spiti24.gr,INTERHOME,https://www.spiti24.gr/akinito/20970039,Κολοκοτρώνη (Συκιές) Studio/Γκαρσονιέρα 55 τ.μ. προς ενοικίαση,rent,,370.0,55.0,,,,Κολοκοτρώνη (Συκιές),,,,2026-10-01,2026-10-01,,portal alert,2026-10-01T00:00:00Z
spiti24.gr,ΑΝΥΗΟΜΕ,https://www.spiti24.gr/akinito/20970055,Ωραιόκαστρο (Θεσσαλονίκη - Περιφ/κοί δήμοι) Μεζονέτα 120 τ.μ. προς ενοικίαση,rent,,690.0,120.0,,,,Ωραιόκαστρο (Θεσσαλονίκη - Περιφ/κοί δήμοι),,,,2026-10-01,2026-10-01,,portal alert,2026-10-01T00:00:00Z
spiti24.gr,De Home,https://www.spiti24.gr/akinito/20970070,Γεντί Κουλέ - Επταπύργιο (Άνω Πόλη) Διαμέρισμα 45 τ.μ. προς ενοικίαση,rent,,450.0,45.0,,,,Γεντί Κουλέ - Επταπύργιο (Άνω Πόλη),,,,2026-10-01,2026-10-01,,portal alert,2026-10-01T00:00:00Z
spiti24.gr,CITYBUILD,https://www.spiti24.gr/akinito/20970118,Λαδάδικα (Κέντρο Θεσσαλονίκης) Studio/Γκαρσονιέρα 35 τ.μ. προς ενοικίαση,rent,,700.0,35.0,,,,Λαδάδικα (Κέντρο Θεσσαλονίκης),,,,2026-10-01,2026-10-01,,portal alert,2026-10-01T00:00:00Z
spiti24.gr,ΚΟΙΝΟΣΠΙΤΟ,https://www.spiti24.gr/akinito/20970129,Πλατεία Ναυαρίνου (Κέντρο Θεσσαλονίκης) Διαμέρισμα 40 τ.μ. προς ενοικίαση,rent,,400.0,40.0,,,,Πλατεία Ναυαρίνου (Κέντρο Θεσσαλονίκης),,,,2026-10-01,2026-10-01,,portal alert,2026-10-01T00:00:00Z
spiti24.gr,ΠΑΠΑΙΩΑΝΝΟΥ,https://www.spiti24.gr/akinito/20970148,Βούλγαρη - Άγιος Ελευθέριος - Ντεπώ (Βούλγαρη - Ντεπώ - Μαρτίου) Studio/Γκαρσονιέρα 33 τ.μ. προς ενοικίαση,rent,,350.0,33.0,,,,Βούλγαρη - Άγιος Ελευθέριος - Ντεπώ (Βούλγαρη - Ντεπώ - Μαρτίου),,,,2026-10-01,2026-10-01,,portal alert,2026-10-01T00:00:00Z
spiti24.gr,abitazione,https://www.spiti24.gr/akinito/20970211,Φάληρο - Ιπποκράτειο (Θεσσαλονίκη - Δήμος) Διαμέρισμα 50 τ.μ. προς ενοικίαση,rent,,550.0,50.0,,,,Φάληρο - Ιπποκράτειο (Θεσσαλονίκη - Δήμος),,,,2026-10-01,2026-10-01,,portal alert,2026-10-01T00:00:00Z
spiti24.gr,Diamond Group,https://www.spiti24.gr/akinito/20970261,Κάτω Τούμπα (Τούμπα) Studio/Γκαρσονιέρα 48 τ.μ. προς ενοικίαση,rent,,400.0,48.0,,,,Κάτω Τούμπα (Τούμπα),,,,2026-10-01,2026-10-01,,portal alert,2026-10-01T00:00:00Z
spiti24.gr,KW NORTH,https://www.spiti24.gr/akinito/20970262,Καλαμαριά (Θεσσαλονίκη - Περιφ/κοί δήμοι) Διαμέρισμα 115 τ.μ. προς ενοικίαση,rent,,1000.0,115.0,,,,Καλαμαριά (Θεσσαλονίκη - Περιφ/κοί δήμοι),,,,2026-10-01,2026-10-01,,portal alert,2026-10-01T00:00:00Z
spiti24.gr,Spiti24,https://www.spiti24.gr/akinito/20970276,Φιλοθέη (Ευκαρπία) Διαμέρισμα 105 τ.μ. προς ενοικίαση,rent,,550.0,105.0,,,,Φιλοθέη (Ευκαρπία),,,,2026-10-01,2026-10-01,,portal alert,2026-10-01T00:00:00Z
spiti24.gr,House Gallery,https://www.spiti24.gr/akinito/20970279,Λευκός Πύργος (Κέντρο Θεσσαλονίκης) Διαμέρισμα 55 τ.μ. προς ενοικίαση,rent,,800.0,55.0,,,,Λευκός Πύργος (Κέντρο Θεσσαλονίκης),,,,2026-10-01,2026-10-01,,portal alert,2026-10-01T00:00:00Z
spiti24.gr,Tzikas real estate,https://www.spiti24.gr/akinito/20970280,Νέα Ελβετία (Χαριλάου) Studio/Γκαρσονιέρα 50 τ.μ. προς πώληση,sale,,230000.0,50.0,,,,Νέα Ελβετία (Χαριλάου),,,,2026-10-01,2026-10-01,,portal alert,2026-10-01T00:00:00Z
spiti24.gr,Grekodom Development,https://www.spiti24.gr/akinito/20970300,Νέα Παραλία (Ανάληψη - Μπότσαρη - Νέα Παραλία) Διαμέρισμα 60 τ.μ. προς ενοικίαση,rent,,600.0,60.0,,,,Νέα Παραλία (Ανάληψη - Μπότσαρη - Νέα Παραλία),,,,2026-10-01,2026-10-01,,portal alert,2026-10-01T00:00:00Z
spiti24.gr,Diamond Group,https://www.spiti24.gr/akinito/20970310,Αντιγονιδών (Κέντρο Θεσσαλονίκης) Διαμέρισμα 78 τ.μ. προς πώληση,sale,,150000.0,78.0,,,,Αντιγονιδών (Κέντρο Θεσσαλονίκης),,,,2026-10-01,2026-10-01,,portal alert,2026-10-01T00:00:00Z
spiti24.gr,Tzikas real estate,https://www.spiti24.gr/akinito/20970337,Νέα Ελβετία (Χαριλάου) Διαμέρισμα 117 τ.μ. προς πώληση,sale,,390000.0,117.0,,,,Νέα Ελβετία (Χαριλάου),,,,2026-10-01,2026-10-01,,portal alert,2026-10-01T00:00:00Z
spiti24.gr,Diamond Group,https://www.spiti24.gr/akinito/20970343,Ηλιούπολη Κέντρο (Σταυρούπολη) Διαμέρισμα 105 τ.μ. προς πώληση,sale,,237000.0,105.0,,,,Ηλιούπολη Κέντρο (Σταυρούπολη),,,,2026-10-01,2026-10-01,,portal alert,2026-10-01T00:00:00Z
spiti24.gr,Diamond Group,https://www.spiti24.gr/akinito/20970351,Ηλιούπολη Κέντρο (Σταυρούπολη) Διαμέρισμα 97 τ.μ. προς πώληση,sale,,217000.0,97.0,,,,Ηλιούπολη Κέντρο (Σταυρούπολη),,,,2026-10-01,2026-10-01,,portal alert,2026-10-01T00:00:00Z
spiti24.gr,life in real estate,https://www.spiti24.gr/akinito/20970356,Κέντρο (Θέρμη) Studio/Γκαρσονιέρα 59 τ.μ. προς πώληση,sale,,155000.0,59.0,,,,Κέντρο (Θέρμη),,,,2026-10-01,2026-10-01,,portal alert,2026-10-01T00:00:00Z
spiti24.gr,Diamond Group,https://www.spiti24.gr/akinito/20970372,Κάτω Τούμπα (Τούμπα) Διαμέρισμα 80 τ.μ. προς ενοικίαση,rent,,580.0,80.0,,,,Κάτω Τούμπα (Τούμπα),,,,2026-10-01,2026-10-01,,portal alert,2026-10-01T00:00:00Z
spiti24.gr,Spiti24,https://www.spiti24.gr/akinito/20970377,Άγία Κυριακή - Τροχιοδρομικά (Χαριλάου) Διαμέρισμα 50 τ.μ. προς ενοικίαση,rent,,450.0,50.0,,,,Άγία Κυριακή - Τροχιοδρομικά (Χαριλάου),,,,2026-10-01,2026-10-01,,portal alert,2026-10-01T00:00:00Z
spiti24.gr,ΓΡΑΦΕΙΑΚΙ,https://www.spiti24.gr/akinito/20970384,Κέντρο (Πυλαία) Μεζονέτα 129 τ.μ. προς πώληση,sale,,490000.0,129.0,,,,Κέντρο (Πυλαία),,,,2026-10-01,2026-10-01,,portal alert,2026-10-01T00:00:00Z
spiti24.gr,Οικία Θεςσαλονίκη,https://www.spiti24.gr/akinito/20970391,Άνω Μαλακοπή (Πυλαία) Studio/Γκαρσονιέρα 25 τ.μ. προς πώληση,sale,,75000.0,25.0,,,,Άνω Μαλακοπή (Πυλαία),,,,2026-10-01,2026-10-01,,portal alert,2026-10-01T00:00:00Z
spiti24.gr,Simple Way,https://www.spiti24.gr/akinito/20970417,Αμπελόκηποι (Θεσσαλονίκη - Περιφ/κοί δήμοι) Μεζονέτα 55 τ.μ. προς πώληση,sale,,85000.0,55.0,,,,Αμπελόκηποι (Θεσσαλονίκη - Περιφ/κοί δήμοι),,,,2026-10-01,2026-10-01,,portal alert,2026-10-01T00:00:00Z
spiti24.gr,Homistas,https://www.spiti24.gr/akinito/20970452,Διοικητήριο (Κέντρο Θεσσαλονίκης) Studio/Γκαρσονιέρα 38 τ.μ. προς ενοικίαση,rent,,450.0,38.0,,,,Διοικητήριο (Κέντρο Θεσσαλονίκης),,,,2026-10-01,2026-10-01,,portal alert,2026-10-01T00:00:00Z
spiti24.gr,Invista.gr Real Estate,https://www.spiti24.gr/akinito/20970462,Κέντρο (Καλαμαριά) Studio/Γκαρσονιέρα 50 τ.μ. προς ενοικίαση,rent,,600.0,50.0,,,,Κέντρο (Καλαμαριά),,,,2026-10-01,2026-10-01,,portal alert,2026-10-01T00:00:00Z
spiti24.gr,ALL IN LUXURY REAL ESTATE,https://www.spiti24.gr/akinito/20970473,Αγία Σοφία (Κέντρο Θεσσαλονίκης) Studio/Γκαρσονιέρα 40 τ.μ. προς πώληση,sale,,209000.0,40.0,,,,Αγία Σοφία (Κέντρο Θεσσαλονίκης),,,,2026-10-01,2026-10-01,,portal alert,2026-10-01T00:00:00Z
spiti24.gr,NORE REAL ESTATE,https://www.spiti24.gr/akinito/20970477,Ηλιούπολη Κέντρο (Σταυρούπολη) Διαμέρισμα 76 τ.μ. προς ενοικίαση,rent,,520.0,76.0,,,,Ηλιούπολη Κέντρο (Σταυρούπολη),,,,2026-10-01,2026-10-01,,portal alert,2026-10-01T00:00:00Z
spiti24.gr,Μεσιτικό Γραφείο Θεςς,https://www.spiti24.gr/akinito/20970481,Πλατεία Εμπορίου - Ανω Λαδάδικα - Ιστορικό Κέντρο (Κέντρο Θεσσαλονίκης) Διαμέρισμα 34 τ.μ. προς πώληση,sale,,95000.0,34.0,,,,Πλατεία Εμπορίου - Ανω Λαδάδικα - Ιστορικό Κέντρο (Κέντρο Θεσσαλονίκης),,,,2026-10-01,2026-10-01,,portal alert,2026-10-01T00:00:00Z
spiti24.gr,Μεσιτικό Γραφείο Θεςς,https://www.spiti24.gr/akinito/20970485,Καλλιθέα - Άγιοι Θεόδωροι (Συκιές) Διαμέρισμα 87 τ.μ. προς πώληση,sale,,145000.0,87.0,,,,Καλλιθέα - Άγιοι Θεόδωροι (Συκιές),,,,2026-10-01,2026-10-01,,portal alert,2026-10-01T00:00:00Z
spiti24.gr,Οικία Θεςσαλονίκη,https://www.spiti24.gr/akinito/20970489,Άνω Μαλακοπή (Πυλαία) Studio/Γκαρσονιέρα 25 τ.μ. προς πώληση,sale,,75000.0,25.0,,,,Άνω Μαλακοπή (Πυλαία),,,,2026-10-01,2026-10-01,,portal alert,2026-10-01T00:00:00Z
spiti24.gr,Artemis Salsi,https://www.spiti24.gr/akinito/20970494,Κάστρα (Συκιές) Διαμέρισμα 80 τ.μ. προς ενοικίαση,rent,,470.0,80.0,,,,Κάστρα (Συκιές),,,,2026-10-01,2026-10-01,,portal alert,2026-10-01T00:00:00Z
spiti24.gr,BLUESTONE REAL ESTATE,https://www.spiti24.gr/akinito/20970499,Αγία Σοφία (Κέντρο Θεσσαλονίκης) Studio/Γκαρσονιέρα 33 τ.μ. προς πώληση,sale,,165000.0,33.0,,,,Αγία Σοφία (Κέντρο Θεσσαλονίκης),,,,2026-10-01,2026-10-01,,portal alert,2026-10-01T00:00:00Z
spiti24.gr,ΔΑΝΑΚΑΚΗΣ ΙΩΑΝΝΗΣ,https://www.spiti24.gr/akinito/20970503,ΧΑΝΘ (Κέντρο Θεσσαλονίκης) Διαμέρισμα 55 τ.μ. προς πώληση,sale,,283000.0,55.0,,,,ΧΑΝΘ (Κέντρο Θεσσαλονίκης),,,,2026-10-01,2026-10-01,,portal alert,2026-10-01T00:00:00Z
spiti24.gr,YourLocus,https://www.spiti24.gr/akinito/20970507,Νέα Πολιτεία (Εύοσμος) Διαμέρισμα 58 τ.μ. προς ενοικίαση,rent,,550.0,58.0,,,,Νέα Πολιτεία (Εύοσμος),,,,2026-10-01,2026-10-01,,portal alert,2026-10-01T00:00:00Z
spiti24.gr,ΔΑΝΑΚΑΚΗΣ ΙΩΑΝΝΗΣ,https://www.spiti24.gr/akinito/20970513,ΧΑΝΘ (Κέντρο Θεσσαλονίκης) Studio/Γκαρσονιέρα 38 τ.μ. προς πώληση,sale,,159000.0,38.0,,,,ΧΑΝΘ (Κέντρο Θεσσαλονίκης),,,,2026-10-01,2026-10-01,,portal alert,2026-10-01T00:00:00Z
spiti24.gr,BLUESTONE REAL ESTATE,https://www.spiti24.gr/akinito/20970537,Αγία Σοφία (Κέντρο Θεσσαλονίκης) Studio/Γκαρσονιέρα 36 τ.μ. προς πώληση,sale,,178000.0,36.0,,,,Αγία Σοφία (Κέντρο Θεσσαλονίκης),,,,2026-10-01,2026-10-01,,portal alert,2026-10-01T00:00:00Z
spiti24.gr,Bee One,https://www.spiti24.gr/akinito/20970544,Κάτω Τούμπα (Τούμπα) Διαμέρισμα 72 τ.μ. προς πώληση,sale,,216000.0,72.0,,,,Κάτω Τούμπα (Τούμπα),,,,2026-10-01,2026-10-01,,portal alert,2026-10-01T00:00:00Z
spiti24.gr,Bee One,https://www.spiti24.gr/akinito/20970545,Κάτω Τούμπα (Τούμπα) Διαμέρισμα 70 τ.μ. προς πώληση,sale,,200000.0,70.0,,,,Κάτω Τούμπα (Τούμπα),,,,2026-10-01,2026-10-01,,portal alert,2026-10-01T00:00:00Z
spiti24.gr,Bee One,https://www.spiti24.gr/akinito/20970546,Κάτω Τούμπα (Τούμπα) Διαμέρισμα 49 τ.μ. προς πώληση,sale,,144000.0,49.0,,,,Κάτω Τούμπα (Τούμπα),,,,2026-10-01,2026-10-01,,portal alert,2026-10-01T00:00:00Z
spiti24.gr,Spiti24,https://www.spiti24.gr/akinito/20977896,Κέντρο (Χαριλάου) Διαμέρισμα 50 τ.μ. προς ενοικίαση,rent,,450.0,50.0,,,,Κέντρο (Χαριλάου),,,,,2026-10-02,,portal alert,2026-10-02T00:00:00Z
spiti24.gr,ΜΕΣΙΤΙΚΗ ΑΚΙΝΗΤΩΝ,https://www.spiti24.gr/akinito/20977911,ΔΕΘ (Κέντρο Θεσσαλονίκης) Διαμέρισμα 65 τ.μ. προς ενοικίαση,rent,,800.0,65.0,,,,ΔΕΘ (Κέντρο Θεσσαλονίκης),,,,,2026-10-02,,portal alert,2026-10-02T00:00:00Z
spiti24.gr,ΝΑΝΤΙΑ ΑΓΓΕΛΟΓΛΟΥ,https://www.spiti24.gr/akinito/20977966,Νέα Παραλία (Ανάληψη - Μπότσαρη - Νέα Παραλία) Διαμέρισμα 50 τ.μ. προς ενοικίαση,rent,,550.0,50.0,,,,Νέα Παραλία (Ανάληψη - Μπότσαρη - Νέα Παραλία),,,,,2026-10-02,,portal alert,2026-10-02T00:00:00Z
spiti24.gr,Spiti24,https://www.spiti24.gr/akinito/20978023,Κάτω Τούμπα (Τούμπα) Διαμέρισμα 80 τ.μ. προς ενοικίαση,rent,,700.0,80.0,,,,Κάτω Τούμπα (Τούμπα),,,,,2026-10-02,,portal alert,2026-10-02T00:00:00Z
spiti24.gr,ΜΕΣΙΤΙΚΗ ΑΚΙΝΗΤΩΝ,https://www.spiti24.gr/akinito/20978035,Καμάρα - Ροτόντα (Κέντρο Θεσσαλονίκης) Studio/Γκαρσονιέρα 30 τ.μ. προς ενοικίαση,rent,,380.0,30.0,,,,Καμάρα - Ροτόντα (Κέντρο Θεσσαλονίκης),,,,,2026-10-02,,portal alert,2026-10-02T00:00:00Z
spiti24.gr,ΑΝΥΗΟΜΕ,https://www.spiti24.gr/akinito/20978045,Συκιές (Θεσσαλονίκη - Περιφ/κοί δήμοι) Διαμέρισμα 86 τ.μ. προς ενοικίαση,rent,,550.0,86.0,,,,Συκιές (Θεσσαλονίκη - Περιφ/κοί δήμοι),,,,,2026-10-02,,portal alert,2026-10-02T00:00:00Z
spiti24.gr,ΑΝΥΗΟΜΕ,https://www.spiti24.gr/akinito/20978047,Επανομή (Θεσσαλονίκη - Περιφ/κοί δήμοι) Studio/Γκαρσονιέρα 30 τ.μ. προς ενοικίαση,rent,,300.0,30.0,,,,Επανομή (Θεσσαλονίκη - Περιφ/κοί δήμοι),,,,,2026-10-02,,portal alert,2026-10-02T00:00:00Z
spiti24.gr,mega real estate,https://www.spiti24.gr/akinito/20978049,Δόξα (Τριανδρία - Δόξα - Κρυονέρι) Διαμέρισμα 100 τ.μ. προς ενοικίαση,rent,,1000.0,100.0,,,,Δόξα (Τριανδρία - Δόξα - Κρυονέρι),,,,,2026-10-02,,portal alert,2026-10-02T00:00:00Z
spiti24.gr,Spiti24,https://www.spiti24.gr/akinito/20978063,Καραμπουρνακι (Καλαμαριά) Διαμέρισμα 60 τ.μ. προς ενοικίαση,rent,,600.0,60.0,,,,Καραμπουρνακι (Καλαμαριά),,,,,2026-10-02,,portal alert,2026-10-02T00:00:00Z
spiti24.gr,Home Life Real Estate,https://www.spiti24.gr/akinito/20978120,Καλαμαριά (Θεσσαλονίκη - Περιφ/κοί δήμοι) Διαμέρισμα 82 τ.μ. προς ενοικίαση,rent,,620.0,82.0,,,,Καλαμαριά (Θεσσαλονίκη - Περιφ/κοί δήμοι),,,,,2026-10-02,,portal alert,2026-10-02T00:00:00Z
spiti24.gr,Home Target,https://www.spiti24.gr/akinito/20978142,Αντιγονιδών (Κέντρο Θεσσαλονίκης) Loft 53 τ.μ. προς ενοικίαση,rent,,500.0,53.0,,,,Αντιγονιδών (Κέντρο Θεσσαλονίκης),,,,,2026-10-02,,portal alert,2026-10-02T00:00:00Z
spiti24.gr,keramidogatos real estate,https://www.spiti24.gr/akinito/20978146,Αντιγονιδών (Κέντρο Θεσσαλονίκης) Studio/Γκαρσονιέρα 40 τ.μ. προς ενοικίαση,rent,,400.0,40.0,,,,Αντιγονιδών (Κέντρο Θεσσαλονίκης),,,,,2026-10-02,,portal alert,2026-10-02T00:00:00Z
spiti24.gr,KW NORTH,https://www.spiti24.gr/akinito/20978153,Ευαγγελίστρια (40 Εκκλησιές - Ευαγγελίστρια) Studio/Γκαρσονιέρα 29 τ.μ. προς ενοικίαση,rent,,400.0,29.0,,,,Ευαγγελίστρια (40 Εκκλησιές - Ευαγγελίστρια),,,,,2026-10-02,,portal alert,2026-10-02T00:00:00Z
spiti24.gr,Spiti24,https://www.spiti24.gr/akinito/20978244,Ανάληψη - Μπότσαρη (Ανάληψη - Μπότσαρη - Νέα Παραλία) Διαμέρισμα 114 τ.μ. προς ενοικίαση,rent,,650.0,114.0,,,,Ανάληψη - Μπότσαρη (Ανάληψη - Μπότσαρη - Νέα Παραλία),,,,,2026-10-02,,portal alert,2026-10-02T00:00:00Z
spiti24.gr,ASSA PROPERTIES,https://www.spiti24.gr/akinito/20978259,Τρωάδα (Νεάπολη) Διαμέρισμα 76 τ.μ. προς πώληση,sale,,110000.0,76.0,,,,Τρωάδα (Νεάπολη),,,,,2026-10-02,,portal alert,2026-10-02T00:00:00Z
spiti24.gr,Diamond Group,https://www.spiti24.gr/akinito/20978291,Πλατεία Ναυαρίνου (Κέντρο Θεσσαλονίκης) Studio/Γκαρσονιέρα 28 τ.μ. προς πώληση,sale,,70000.0,28.0,,,,Πλατεία Ναυαρίνου (Κέντρο Θεσσαλονίκης),,,,,2026-10-02,,portal alert,2026-10-02T00:00:00Z
spiti24.gr,Spiti24,https://www.spiti24.gr/akinito/20978296,Καρτερές (Λαχανάς) Μονοκατοικία 60 τ.μ. προς πώληση,sale,,33000.0,60.0,,,,Καρτερές (Λαχανάς),,,,,2026-10-02,,portal alert,2026-10-02T00:00:00Z
spiti24.gr,ΜΕ ΤΟ ΔΕΞΙ,https://www.spiti24.gr/akinito/20978308,Κολοκοτρώνη (Συκιές) Διαμέρισμα 65 τ.μ. προς ενοικίαση,rent,,300.0,65.0,,,,Κολοκοτρώνη (Συκιές),,,,,2026-10-02,,portal alert,2026-10-02T00:00:00Z
spiti24.gr,BITSIMIS REAL HOMES - Ιωάννης Μπιτσίμης Μεσιτικές υπηρεσίες,https://www.spiti24.gr/akinito/20978315,Καμάρα - Ροτόντα (Κέντρο Θεσσαλονίκης) Διαμέρισμα 115 τ.μ. προς ενοικίαση,rent,,650.0,115.0,,,,Καμάρα - Ροτόντα (Κέντρο Θεσσαλονίκης),,,,,2026-10-02,,portal alert,2026-10-02T00:00:00Z
spiti24.gr,ΓΕΝΙΚΗ ΜΕΣΙΤΙΚΗ,https://www.spiti24.gr/akinito/20978327,Κέντρο (Καλαμαριά) Studio/Γκαρσονιέρα 48 τ.μ. προς πώληση,sale,,200000.0,48.0,,,,Κέντρο (Καλαμαριά),,,,,2026-10-02,,portal alert,2026-10-02T00:00:00Z
spiti24.gr,Spiti24,https://www.spiti24.gr/akinito/20978375,Κέντρο (Μενεμένη) Διαμέρισμα 43 τ.μ. προς πώληση,sale,,98000.0,43.0,,,,Κέντρο (Μενεμένη),,,,,2026-10-02,,portal alert,2026-10-02T00:00:00Z
spiti24.gr,ΓΕΝΙΚΗ ΜΕΣΙΤΙΚΗ,https://www.spiti24.gr/akinito/20978377,Κέντρο (Καλαμαριά) Studio/Γκαρσονιέρα 35 τ.μ. προς πώληση,sale,,115000.0,35.0,,,,Κέντρο (Καλαμαριά),,,,,2026-10-02,,portal alert,2026-10-02T00:00:00Z
spiti24.gr,Halkidiki Realtor's,https://www.spiti24.gr/akinito/20978392,Πλατεία Ναυαρίνου (Κέντρο Θεσσαλονίκης) Διαμέρισμα 65 τ.μ. προς πώληση,sale,,277000.0,65.0,,,,Πλατεία Ναυαρίνου (Κέντρο Θεσσαλονίκης),,,,,2026-10-02,,portal alert,2026-10-02T00:00:00Z
spiti24.gr,Rewize,https://www.spiti24.gr/akinito/20978404,Άγιος Παύλος (Θεσσαλονίκη - Περιφ/κοί δήμοι) Διαμέρισμα 85 τ.μ. προς πώληση,sale,,130000.0,85.0,,,,Άγιος Παύλος (Θεσσαλονίκη - Περιφ/κοί δήμοι),,,,,2026-10-02,,portal alert,2026-10-02T00:00:00Z
spiti24.gr,HouseCenter Κουκουλής Αθανάσιος,https://www.spiti24.gr/akinito/20978415,Κάτω Αναγέννηση (Νεάπολη) Διαμέρισμα 90 τ.μ. προς πώληση,sale,,129000.0,90.0,,,,Κάτω Αναγέννηση (Νεάπολη),,,,,2026-10-02,,portal alert,2026-10-02T00:00:00Z
spiti24.gr,SKOREAL,https://www.spiti24.gr/akinito/20978417,Ανάληψη - Μπότσαρη (Ανάληψη - Μπότσαρη - Νέα Παραλία) Studio/Γκαρσονιέρα 47 τ.μ. προς πώληση,sale,,160000.0,47.0,,,,Ανάληψη - Μπότσαρη (Ανάληψη - Μπότσαρη - Νέα Παραλία),,,,,2026-10-02,,portal alert,2026-10-02T00:00:00Z
spiti24.gr,Grekodom Development,https://www.spiti24.gr/akinito/20978431,Αγία Αικατερίνη (Άνω Πόλη) Διαμέρισμα 36 τ.μ. προς πώληση,sale,,128000.0,36.0,,,,Αγία Αικατερίνη (Άνω Πόλη),,,,,2026-10-02,,portal alert,2026-10-02T00:00:00Z
spiti24.gr,Grekodom Development,https://www.spiti24.gr/akinito/20978432,Τσινάρι (Άνω Πόλη) Διαμέρισμα 45 τ.μ. προς πώληση,sale,,135000.0,45.0,,,,Τσινάρι (Άνω Πόλη),,,,,2026-10-02,,portal alert,2026-10-02T00:00:00Z
spiti24.gr,BLUESTONE REAL ESTATE,https://www.spiti24.gr/akinito/20978434,Αγία Σοφία (Κέντρο Θεσσαλονίκης) Studio/Γκαρσονιέρα 40 τ.μ. προς πώληση,sale,,192000.0,40.0,,,,Αγία Σοφία (Κέντρο Θεσσαλονίκης),,,,,2026-10-02,,portal alert,2026-10-02T00:00:00Z
spiti24.gr,Diamond Group,https://www.spiti24.gr/akinito/20978471,Βούλγαρη - Άγιος Ελευθέριος - Ντεπώ (Βούλγαρη - Ντεπώ - Μαρτίου) Studio/Γκαρσονιέρα 33 τ.μ. προς ενοικίαση,rent,,360.0,33.0,,,,Βούλγαρη - Άγιος Ελευθέριος - Ντεπώ (Βούλγαρη - Ντεπώ - Μαρτίου),,,,,2026-10-02,,portal alert,2026-10-02T00:00:00Z
spiti24.gr,Οικία Θεςσαλονίκη,https://www.spiti24.gr/akinito/20978473,Νέα Παραλία (Ανάληψη - Μπότσαρη - Νέα Παραλία) Διαμέρισμα 120 τ.μ. προς ενοικίαση,rent,,1700.0,120.0,,,,Νέα Παραλία (Ανάληψη - Μπότσαρη - Νέα Παραλία),,,,,2026-10-02,,portal alert,2026-10-02T00:00:00Z
spiti24.gr,Spiti24,https://www.spiti24.gr/akinito/20978493,Πλατεία Δημοκρατίας (Αμπελόκηποι) Διαμέρισμα 117 τ.μ. προς ενοικίαση,rent,,620.0,117.0,,,,Πλατεία Δημοκρατίας (Αμπελόκηποι),,,,,2026-10-02,,portal alert,2026-10-02T00:00:00Z
spiti24.gr,ΠΥΡΓΙΔΟΥ ΓΙΟΥΛΗ,https://www.spiti24.gr/akinito/20978508,Βυζάντιο (Καλαμαριά) Διαμέρισμα 130 τ.μ. προς πώληση,sale,,420000.0,130.0,,,,Βυζάντιο (Καλαμαριά),,,,,2026-10-02,,portal alert,2026-10-02T00:00:00Z
spiti24.gr,Spiti24,https://www.spiti24.gr/akinito/20978511,Νέο Ρύσιο (Θέρμη) Βίλα 600 τ.μ. προς πώληση,sale,,1000000.0,600.0,,,,Νέο Ρύσιο (Θέρμη),,,,,2026-10-02,,portal alert,2026-10-02T00:00:00Z
spiti24.gr,keramidogatos real estate,https://www.spiti24.gr/akinito/20978558,Άγιος Παντελεήμων (Καλαμαριά) Διαμέρισμα 127 τ.μ. προς πώληση,sale,,380000.0,127.0,,,,Άγιος Παντελεήμων (Καλαμαριά),,,,,2026-10-02,,portal alert,2026-10-02T00:00:00Z
spiti24.gr,Invista.gr Real Estate,https://www.spiti24.gr/akinito/20978572,Νέα Κρήνη (Καλαμαριά) Διαμέρισμα 40 τ.μ. προς πώληση,sale,,167000.0,40.0,,,,Νέα Κρήνη (Καλαμαριά),,,,,2026-10-02,,portal alert,2026-10-02T00:00:00Z
spiti24.gr,Invista.gr Real Estate,https://www.spiti24.gr/akinito/20978574,Νέα Κρήνη (Καλαμαριά) Διαμέρισμα 93 τ.μ. προς πώληση,sale,,352000.0,93.0,,,,Νέα Κρήνη (Καλαμαριά),,,,,2026-10-02,,portal alert,2026-10-02T00:00:00Z
spiti24.gr,Homistas,https://www.spiti24.gr/akinito/20978592,Ευαγγελισμός - Νέος Κουκλουτζάς (Εύοσμος) Διαμέρισμα 84 τ.μ. προς ενοικίαση,rent,,630.0,84.0,,,,Ευαγγελισμός - Νέος Κουκλουτζάς (Εύοσμος),,,,,2026-10-02,,portal alert,2026-10-02T00:00:00Z
spiti24.gr,SKOREAL,https://www.spiti24.gr/akinito/20978625,Διοικητήριο (Κέντρο Θεσσαλονίκης) Studio/Γκαρσονιέρα 40 τ.μ. προς πώληση,sale,,110000.0,40.0,,,,Διοικητήριο (Κέντρο Θεσσαλονίκης),,,,,2026-10-02,,portal alert,2026-10-02T00:00:00Z
spiti24.gr,abitazione,https://www.spiti24.gr/akinito/20978626,Πλατεία Ναυαρίνου (Κέντρο Θεσσαλονίκης) Studio/Γκαρσονιέρα 30 τ.μ. προς πώληση,sale,,49000.0,30.0,,,,Πλατεία Ναυαρίνου (Κέντρο Θεσσαλονίκης),,,,,2026-10-02,,portal alert,2026-10-02T00:00:00Z
spiti24.gr,Spiti24,https://www.spiti24.gr/akinito/8855834,Σταθμός ΟΣΕ (Βαρδάρης - Λαχανόκηποι) Studio/Γκαρσονιέρα 57 τ.μ. προς ενοικίαση,rent,,500.0,57.0,,,,Σταθμός ΟΣΕ (Βαρδάρης - Λαχανόκηποι),,,,2026-09-28,2026-09-28,,portal alert,2026-09-28T00:00:00Z
spitogatos.gr,Spitogatos,https://www.spitogatos.gr/aggelia/1110421460,Κρυονέρι (Τριανδρία - Δόξα - Κρυονέρι) Διαμέρισμα 61 τ.μ. προς πώληση,sale,,188000.0,61.0,,,,Κρυονέρι (Τριανδρία - Δόξα - Κρυονέρι),,,,2026-09-29,2026-09-29,,portal alert,2026-09-29T00:00:00Z
spitogatos.gr,DIVERSi,https://www.spitogatos.gr/aggelia/1113393896,Παναγία Φανερωμένη (Ξηροκρήνη - Παναγία Φανερωμένη) Studio/Γκαρσονιέρα 50 τ.μ. προς πώληση,sale,,56000.0,50.0,,,,Παναγία Φανερωμένη (Ξηροκρήνη - Παναγία Φανερωμένη),,,,2026-10-01,2026-10-01,,portal alert,2026-10-01T00:00:00Z
spitogatos.gr,REAL ESTATE ΠΟΖΟΓΛΟΥ ΑΝΑΣΤΑΣΙΟΣ,https://www.spitogatos.gr/aggelia/1116664418,Λευκός Πύργος (Κέντρο Θεσσαλονίκης) Διαμέρισμα 110 τ.μ. προς πώληση,sale,,440000.0,110.0,,,,Λευκός Πύργος (Κέντρο Θεσσαλονίκης),,,,2026-09-28,2026-09-28,,portal alert,2026-09-28T00:00:00Z
spitogatos.gr,Spitogatos,https://www.spitogatos.gr/aggelia/1116883340,Κολχικό (Λαγκαδάς) Μονοκατοικία 180 τ.μ. προς πώληση,sale,,130000.0,180.0,,,,Κολχικό (Λαγκαδάς),,,,2026-09-27,2026-09-28,,portal alert,2026-09-28T00:00:00Z
spitogatos.gr,Housequest,https://www.spitogatos.gr/aggelia/1117014542,Χαριλάου (Θεσσαλονίκη - Δήμος) 470 τ.μ. προς πώληση,sale,,1500000.0,470.0,,,,Χαριλάου (Θεσσαλονίκη - Δήμος) 470 τ.μ. προς πώληση,,,,2026-09-28,2026-09-28,,portal alert,2026-09-28T00:00:00Z
spitogatos.gr,On the house,https://www.spitogatos.gr/aggelia/1117049204,Μαλακοπή (Τούμπα) Studio/Γκαρσονιέρα 40 τ.μ. προς πώληση,sale,,67000.0,40.0,,,,Μαλακοπή (Τούμπα),,,,2026-09-28,2026-09-28,,portal alert,2026-09-28T00:00:00Z
spitogatos.gr,COZY REAL ESTATE,https://www.spitogatos.gr/aggelia/1117119175,Καμάρα - Ροτόντα (Κέντρο Θεσσαλονίκης) Studio/Γκαρσονιέρα 30 τ.μ. προς πώληση,sale,,78000.0,30.0,,,,Καμάρα - Ροτόντα (Κέντρο Θεσσαλονίκης),,,,2026-09-28,2026-09-28,,portal alert,2026-09-28T00:00:00Z
spitogatos.gr,Spitogatos,https://www.spitogatos.gr/aggelia/1117310390,Κέντρο (Χαριλάου) Διαμέρισμα 105 τ.μ. προς πώληση,sale,,250000.0,105.0,,,,Κέντρο (Χαριλάου),,,,2026-10-01,2026-10-01,,portal alert,2026-10-01T00:00:00Z
spitogatos.gr,Spitogatos,https://www.spitogatos.gr/aggelia/1117369472,Ανάληψη - Μπότσαρη (Ανάληψη - Μπότσαρη - Νέα Παραλία) Studio/Γκαρσονιέρα 24 τ.μ. προς πώληση,sale,,59000.0,24.0,,,,Ανάληψη - Μπότσαρη (Ανάληψη - Μπότσαρη - Νέα Παραλία),,,,2026-09-29,2026-09-29,,portal alert,2026-09-29T00:00:00Z
spitogatos.gr,DREAM - HOME,https://www.spitogatos.gr/aggelia/1117601814,Διοικητήριο (Κέντρο Θεσσαλονίκης) Διαμέρισμα 75 τ.μ. προς πώληση,sale,,100000.0,75.0,,,,Διοικητήριο (Κέντρο Θεσσαλονίκης),,,,2026-09-30,2026-09-30,,portal alert,2026-09-30T00:00:00Z
spitogatos.gr,ΠΑΠΑΙΩΑΝΝΟΥ,https://www.spitogatos.gr/aggelia/1117732223,Βούλγαρη - Άγιος Ελευθέριος - Ντεπώ (Βούλγαρη - Ντεπώ - Μαρτίου) Studio/Γκαρσονιέρα 33 τ.μ. προς πώληση,sale,,89000.0,33.0,,,,Βούλγαρη - Άγιος Ελευθέριος - Ντεπώ (Βούλγαρη - Ντεπώ - Μαρτίου),,,,2026-09-29,2026-09-29,,portal alert,2026-09-29T00:00:00Z
spitogatos.gr,DELTA PROPERTIES MANAGEMENT,https://www.spitogatos.gr/aggelia/1117859448,Αντιγονιδών (Κέντρο Θεσσαλονίκης) Διαμέρισμα 60 τ.μ. προς πώληση,sale,,93000.0,60.0,,,,Αντιγονιδών (Κέντρο Θεσσαλονίκης),,,,2026-10-01,2026-10-01,,portal alert,2026-10-01T00:00:00Z
spitogatos.gr,ΓΟΥΡΖΟΥΛΙΔΗΣ ΚΩΝΣΤΑΝΤΙΝΟΣ,https://www.spitogatos.gr/aggelia/1118003028,Λευκός Πύργος (Κέντρο Θεσσαλονίκης) Διαμέρισμα 120 τ.μ. προς πώληση,sale,,985000.0,120.0,,,,Λευκός Πύργος (Κέντρο Θεσσαλονίκης),,,,2026-10-01,2026-10-01,,portal alert,2026-10-01T00:00:00Z
spitogatos.gr,Spitogatos,https://www.spitogatos.gr/aggelia/1118213265,Περαία (Θερμαϊκός) Μεζονέτα 52 τ.μ. προς πώληση,sale,,175000.0,52.0,,,,Περαία (Θερμαϊκός),,,,2026-10-01,2026-10-01,,portal alert,2026-10-01T00:00:00Z
spitogatos.gr,BLUESTONE REAL ESTATE,https://www.spitogatos.gr/aggelia/1118314515,Τριανδρία (Τριανδρία - Δόξα - Κρυονέρι) Studio/Γκαρσονιέρα 40 τ.μ. προς πώληση,sale,,119000.0,40.0,,,,Τριανδρία (Τριανδρία - Δόξα - Κρυονέρι),,,,,2026-10-02,,portal alert,2026-10-02T00:00:00Z
spitogatos.gr,ΓΟΥΡΖΟΥΛΙΔΗΣ ΚΩΝΣΤΑΝΤΙΝΟΣ,https://www.spitogatos.gr/aggelia/1118344706,Ιπποκράτειο (Φάληρο - Ιπποκράτειο) Διαμέρισμα 55 τ.μ. προς πώληση,sale,,109000.0,55.0,,,,Ιπποκράτειο (Φάληρο - Ιπποκράτειο),,,,2026-10-01,2026-10-01,,portal alert,2026-10-01T00:00:00Z
spitogatos.gr,Spitogatos,https://www.spitogatos.gr/aggelia/1118435455,Πλατεία Δημοκρατίας (Αμπελόκηποι) Διαμέρισμα 50 τ.μ. προς πώληση,sale,,100000.0,50.0,,,,Πλατεία Δημοκρατίας (Αμπελόκηποι),,,,2026-09-27,2026-09-27,,portal alert,2026-09-27T00:00:00Z
spitogatos.gr,Spitogatos,https://www.spitogatos.gr/aggelia/1118456710,Διοικητήριο (Κέντρο Θεσσαλονίκης) Διαμέρισμα 60 τ.μ. προς πώληση,sale,,165000.0,60.0,,,,Διοικητήριο (Κέντρο Θεσσαλονίκης),,,,2026-10-02,2026-10-02,,portal alert,2026-10-02T00:00:00Z
spitogatos.gr,VICTORY Real Estate,https://www.spitogatos.gr/aggelia/1118756239,Άνω Πολίχνη (Πολίχνη) Διαμέρισμα 70 τ.μ. προς πώληση,sale,,150000.0,70.0,,,,Άνω Πολίχνη (Πολίχνη),,,,2026-09-28,2026-09-28,,portal alert,2026-09-28T00:00:00Z
spitogatos.gr,ΒΕΛΤΙΣΤΟΝ,https://www.spitogatos.gr/aggelia/1118770052,Κάτω Τούμπα (Τούμπα) Διαμέρισμα 80 τ.μ. προς πώληση,sale,,165000.0,80.0,,,,Κάτω Τούμπα (Τούμπα),,,,2026-09-28,2026-09-28,,portal alert,2026-09-28T00:00:00Z
spitogatos.gr,Spitogatos,https://www.spitogatos.gr/aggelia/1118772582,Τριανδρία (Τριανδρία - Δόξα - Κρυονέρι) Διαμέρισμα 80 τ.μ. προς πώληση,sale,,160000.0,80.0,,,,Τριανδρία (Τριανδρία - Δόξα - Κρυονέρι),,,,2026-09-30,2026-09-30,,portal alert,2026-09-30T00:00:00Z
spitogatos.gr,CITYBUILD,https://www.spitogatos.gr/aggelia/1118784786,Τριανδρία (Τριανδρία - Δόξα - Κρυονέρι) Διαμέρισμα 80 τ.μ. προς πώληση,sale,,160000.0,80.0,,,,Τριανδρία (Τριανδρία - Δόξα - Κρυονέρι),,,,2026-10-01,2026-10-01,,portal alert,2026-10-01T00:00:00Z
spitogatos.gr,BLUESTONE REAL ESTATE,https://www.spitogatos.gr/aggelia/1118829614,Τριανδρία (Τριανδρία - Δόξα - Κρυονέρι) Διαμέρισμα 80 τ.μ. προς πώληση,sale,,160000.0,80.0,,,,Τριανδρία (Τριανδρία - Δόξα - Κρυονέρι),,,,2026-09-30,2026-09-30,,portal alert,2026-09-30T00:00:00Z
spitogatos.gr,InFox Real Estate,https://www.spitogatos.gr/aggelia/1118837595,Λευκός Πύργος (Κέντρο Θεσσαλονίκης) Διαμέρισμα 120 τ.μ. προς πώληση,sale,,340000.0,120.0,,,,Λευκός Πύργος (Κέντρο Θεσσαλονίκης),,,,2026-09-28,2026-09-28,,portal alert,2026-09-28T00:00:00Z
spitogatos.gr,Invista.gr Real Estate,https://www.spitogatos.gr/aggelia/1118899261,Τριανδρία (Τριανδρία - Δόξα - Κρυονέρι) Διαμέρισμα 80 τ.μ. προς πώληση,sale,,160000.0,80.0,,,,Τριανδρία (Τριανδρία - Δόξα - Κρυονέρι),,,,2026-10-01,2026-10-01,,portal alert,2026-10-01T00:00:00Z
spitogatos.gr,GREEK HOME,https://www.spitogatos.gr/aggelia/1119019860,Τριανδρία (Τριανδρία - Δόξα - Κρυονέρι) Διαμέρισμα 80 τ.μ. προς πώληση,sale,,160000.0,80.0,,,,Τριανδρία (Τριανδρία - Δόξα - Κρυονέρι),,,,2026-10-01,2026-10-01,,portal alert,2026-10-01T00:00:00Z
spitogatos.gr,Like Home,https://www.spitogatos.gr/aggelia/1119051929,Τριανδρία (Τριανδρία - Δόξα - Κρυονέρι) Διαμέρισμα 80 τ.μ. προς πώληση,sale,,160000.0,80.0,,,,Τριανδρία (Τριανδρία - Δόξα - Κρυονέρι),,,,2026-09-30,2026-09-30,,portal alert,2026-09-30T00:00:00Z
spitogatos.gr,Imagine Home,https://www.spitogatos.gr/aggelia/1119094417,Τριανδρία (Τριανδρία - Δόξα - Κρυονέρι) Διαμέρισμα 80 τ.μ. προς πώληση,sale,,160000.0,80.0,,,,Τριανδρία (Τριανδρία - Δόξα - Κρυονέρι),,,,2026-10-01,2026-10-01,,portal alert,2026-10-01T00:00:00Z
spitogatos.gr,Spitogatos,https://www.spitogatos.gr/aggelia/1119265054,Πανόραμα (Θερμαϊκός) Μεζονέτα 71 τ.μ. προς πώληση,sale,,182500.0,71.0,,,,Πανόραμα (Θερμαϊκός),,,,2026-09-27,2026-09-27,,portal alert,2026-09-27T00:00:00Z
spitogatos.gr,KW NORTH,https://www.spitogatos.gr/aggelia/1119323132,Ευζώνων - Πεδίον Άρεως (Φάληρο - Ιπποκράτειο) Studio/Γκαρσονιέρα 40 τ.μ. προς πώληση,sale,,128000.0,40.0,,,,Ευζώνων - Πεδίον Άρεως (Φάληρο - Ιπποκράτειο),,,,2026-09-29,2026-09-29,,portal alert,2026-09-29T00:00:00Z
spitogatos.gr,ΓΟΥΡΖΟΥΛΙΔΗΣ ΚΩΝΣΤΑΝΤΙΝΟΣ,https://www.spitogatos.gr/aggelia/1119369320,Άγιος Παντελεήμονας - Κέντρο (Πολίχνη) Διαμέρισμα 200 τ.μ. προς πώληση,sale,,340000.0,200.0,,,,Άγιος Παντελεήμονας - Κέντρο (Πολίχνη),,,,2026-10-01,2026-10-01,,portal alert,2026-10-01T00:00:00Z
spitogatos.gr,Κτηματομεσιτικό Γρηγόριος Χατζίκος,https://www.spitogatos.gr/aggelia/1119395568,Άγιος Παντελεήμονας - Κέντρο (Πολίχνη) Διαμέρισμα 75 τ.μ. προς πώληση,sale,,135000.0,75.0,,,,Άγιος Παντελεήμονας - Κέντρο (Πολίχνη),,,,2026-09-28,2026-09-28,,portal alert,2026-09-28T00:00:00Z
spitogatos.gr,KW NORTH,https://www.spitogatos.gr/aggelia/1119452735,Πορτάρα (Άνω Πόλη) Διαμέρισμα 60 τ.μ. προς πώληση,sale,,85000.0,60.0,,,,Πορτάρα (Άνω Πόλη),,,,2026-10-01,2026-10-01,,portal alert,2026-10-01T00:00:00Z
spitogatos.gr,DREAM - HOME,https://www.spitogatos.gr/aggelia/1119478932,Σταθμός ΟΣΕ (Βαρδάρης - Λαχανόκηποι) Διαμέρισμα 81 τ.μ. προς πώληση,sale,,79000.0,81.0,,,,Σταθμός ΟΣΕ (Βαρδάρης - Λαχανόκηποι),,,,2026-09-28,2026-09-28,,portal alert,2026-09-28T00:00:00Z
spitogatos.gr,mshomes,https://www.spitogatos.gr/aggelia/1119519416,Μαλακοπή (Τούμπα) Μεζονέτα 147 τ.μ. προς πώληση,sale,,460000.0,147.0,,,,Μαλακοπή (Τούμπα),,,,2026-10-02,2026-10-02,,portal alert,2026-10-02T00:00:00Z
spitogatos.gr,Doko Real Estate Services,https://www.spitogatos.gr/aggelia/1119537280,Άνω Τούμπα (Τούμπα) Διαμέρισμα 135 τ.μ. προς πώληση,sale,,239000.0,135.0,,,,Άνω Τούμπα (Τούμπα),,,,2026-09-29,2026-09-29,,portal alert,2026-09-29T00:00:00Z
spitogatos.gr,ΚΑΤΕΡΙΝΑ ΠΕΤΑΧΤΗ ΜΕΣΙΤΙΚΕΣ ΥΠΗΡΕΣΙΕΣ,https://www.spitogatos.gr/aggelia/1119559201,Ανάληψη - Μπότσαρη (Ανάληψη - Μπότσαρη - Νέα Παραλία) Διαμέρισμα 125 τ.μ. προς πώληση,sale,,230000.0,125.0,,,,Ανάληψη - Μπότσαρη (Ανάληψη - Μπότσαρη - Νέα Παραλία),,,,2026-10-02,2026-10-02,,portal alert,2026-10-02T00:00:00Z
spitogatos.gr,Golden Home Real Estate,https://www.spitogatos.gr/aggelia/1119591000,Τριανδρία (Τριανδρία - Δόξα - Κρυονέρι) Μονοκατοικία 95 τ.μ. προς πώληση,sale,,158000.0,95.0,,,,Τριανδρία (Τριανδρία - Δόξα - Κρυονέρι),,,,2026-09-30,2026-09-30,,portal alert,2026-09-30T00:00:00Z
spitogatos.gr,Spitogatos,https://www.spitogatos.gr/aggelia/1119611221,Καμάρα - Ροτόντα (Κέντρο Θεσσαλονίκης) Studio/Γκαρσονιέρα 30 τ.μ. προς πώληση,sale,,115000.0,30.0,,,,Καμάρα - Ροτόντα (Κέντρο Θεσσαλονίκης),,,,2026-09-29,2026-09-29,,portal alert,2026-09-29T00:00:00Z
spitogatos.gr,ThessMesiti.gr,https://www.spitogatos.gr/aggelia/1119658289,Ανάληψη - Μπότσαρη - Νέα Παραλία (Θεσσαλονίκη - Δήμος) Διαμέρισμα 60 τ.μ. προς πώληση,sale,,114000.0,60.0,,,,Ανάληψη - Μπότσαρη - Νέα Παραλία (Θεσσαλονίκη - Δήμος),,,,,2026-10-02,,portal alert,2026-10-02T00:00:00Z
spitogatos.gr,ΚΟΙΝΟΣΠΙΤΟ,https://www.spitogatos.gr/aggelia/1119669411,Αντιγονιδών (Κέντρο Θεσσαλονίκης) Studio/Γκαρσονιέρα 30 τ.μ. προς πώληση,sale,,96000.0,30.0,,,,Αντιγονιδών (Κέντρο Θεσσαλονίκης),,,,2026-09-28,2026-09-28,,portal alert,2026-09-28T00:00:00Z
spitogatos.gr,ThessMesiti.gr,https://www.spitogatos.gr/aggelia/1119674862,40 Εκκλησιές - Ευαγγελίστρια (Θεσσαλονίκη - Δήμος) Διαμέρισμα 92 τ.μ. προς πώληση,sale,,235000.0,92.0,,,,40 Εκκλησιές - Ευαγγελίστρια (Θεσσαλονίκη - Δήμος),,,,2026-10-01,2026-10-01,,portal alert,2026-10-01T00:00:00Z
spitogatos.gr,Spitogatos,https://www.spitogatos.gr/aggelia/1119677653,ΔΕΘ (Κέντρο Θεσσαλονίκης) Studio/Γκαρσονιέρα 28 τ.μ. προς πώληση,sale,,109000.0,28.0,,,,ΔΕΘ (Κέντρο Θεσσαλονίκης),,,,2026-09-29,2026-09-29,,portal alert,2026-09-29T00:00:00Z
spitogatos.gr,Aspis Real Estate Ανατολικής Θεσσαλονίκης,https://www.spitogatos.gr/aggelia/1119679958,Βότση (Καλαμαριά) Διαμέρισμα 46 τ.μ. προς πώληση,sale,,135000.0,46.0,,,,Βότση (Καλαμαριά),,,,2026-09-28,2026-09-28,,portal alert,2026-09-28T00:00:00Z
spitogatos.gr,RO PROPERTY,https://www.spitogatos.gr/aggelia/1119699599,Μαλακοπή (Τούμπα) Διαμέρισμα 80 τ.μ. προς πώληση,sale,,273000.0,80.0,,,,Μαλακοπή (Τούμπα),,,,,2026-10-02,,portal alert,2026-10-02T00:00:00Z
spitogatos.gr,Spitogatos,https://www.spitogatos.gr/aggelia/1119736021,Σκάλα Νέων Επιβατών (Θερμαϊκός) Μεζονέτα 225 τ.μ. προς πώληση,sale,,450000.0,225.0,,,,Σκάλα Νέων Επιβατών (Θερμαϊκός),,,,2026-10-01,2026-10-01,,portal alert,2026-10-01T00:00:00Z
spitogatos.gr,INCORE,https://www.spitogatos.gr/aggelia/1119741899,Νεόκτιστα (Σταυρούπολη) Διαμέρισμα 89 τ.μ. προς πώληση,sale,,77600.0,89.0,,,,Νεόκτιστα (Σταυρούπολη),,,,2026-09-30,2026-09-30,,portal alert,2026-09-30T00:00:00Z
spitogatos.gr,AltERA COMPANY REAL ESTATE,https://www.spitogatos.gr/aggelia/1119752489,Βρασνά (Άγιος Γεώργιος) 280 τ.μ. προς πώληση,sale,,500000.0,280.0,,,,Βρασνά (Άγιος Γεώργιος) 280 τ.μ. προς πώληση,,,,2026-09-29,2026-09-29,,portal alert,2026-09-29T00:00:00Z
spitogatos.gr,Sovereign Brokers,https://www.spitogatos.gr/aggelia/1119755883,Νέα Παραλία (Ανάληψη - Μπότσαρη - Νέα Παραλία) Μεζονέτα 200 τ.μ. προς πώληση,sale,,1600000.0,200.0,,,,Νέα Παραλία (Ανάληψη - Μπότσαρη - Νέα Παραλία),,,,2026-09-28,2026-09-28,,portal alert,2026-09-28T00:00:00Z
spitogatos.gr,GREEK HOME,https://www.spitogatos.gr/aggelia/1119759040,Κάτω Τούμπα (Τούμπα) Διαμέρισμα 50 τ.μ. προς πώληση,sale,,104000.0,50.0,,,,Κάτω Τούμπα (Τούμπα),,,,,2026-10-02,,portal alert,2026-10-02T00:00:00Z
spitogatos.gr,Spitogatos,https://www.spitogatos.gr/aggelia/1119773077,Καΐστρι (Αμπελόκηποι) Διαμέρισμα 54 τ.μ. προς πώληση,sale,,64000.0,54.0,,,,Καΐστρι (Αμπελόκηποι),,,,2026-09-29,2026-09-29,,portal alert,2026-09-29T00:00:00Z
spitogatos.gr,ΜΕΣΙΤΙΚΟ ΓΡΑΦΕΙΟ- ΒΑΣΙΛΕΙΟΣ ΚΩΣΤΑΣ,https://www.spitogatos.gr/aggelia/1119797811,Κέντρο (Λαγκαδάς) Studio/Γκαρσονιέρα 46 τ.μ. προς πώληση,sale,,68000.0,46.0,,,,Κέντρο (Λαγκαδάς),,,,2026-10-01,2026-10-01,,portal alert,2026-10-01T00:00:00Z
spitogatos.gr,KA.ZA.properties,https://www.spitogatos.gr/aggelia/1119830500,Άνω Τούμπα (Τούμπα) Διαμέρισμα 90 τ.μ. προς πώληση,sale,,120000.0,90.0,,,,Άνω Τούμπα (Τούμπα),,,,2026-09-30,2026-09-30,,portal alert,2026-09-30T00:00:00Z
spitogatos.gr,Spitogatos,https://www.spitogatos.gr/aggelia/1119837960,Διοικητήριο (Κέντρο Θεσσαλονίκης) Διαμέρισμα 65 τ.μ. προς πώληση,sale,,139000.0,65.0,,,,Διοικητήριο (Κέντρο Θεσσαλονίκης),,,,2026-09-28,2026-09-28,,portal alert,2026-09-28T00:00:00Z
spitogatos.gr,KW NORTH,https://www.spitogatos.gr/aggelia/1119845104,Τριανδρία (Τριανδρία - Δόξα - Κρυονέρι) Διαμέρισμα 80 τ.μ. προς πώληση,sale,,160000.0,80.0,,,,Τριανδρία (Τριανδρία - Δόξα - Κρυονέρι),,,,2026-09-30,2026-09-30,,portal alert,2026-09-30T00:00:00Z
spitogatos.gr,ΓΟΥΡΖΟΥΛΙΔΗΣ ΚΩΝΣΤΑΝΤΙΝΟΣ,https://www.spitogatos.gr/aggelia/1119853095,Βυζάντιο (Καλαμαριά) Διαμέρισμα 138 τ.μ. προς πώληση,sale,,195000.0,138.0,,,,Βυζάντιο (Καλαμαριά),,,,2026-10-01,2026-10-01,,portal alert,2026-10-01T00:00:00Z
spitogatos.gr,ΣΟΥΦΛΕΡΗΣ HOMES www.souflerishomes.gr,https://www.spitogatos.gr/aggelia/1119855782,Κουλέ Καφέ (Άνω Πόλη) Διαμέρισμα 50 τ.μ. προς πώληση,sale,,85000.0,50.0,,,,Κουλέ Καφέ (Άνω Πόλη),,,,2026-09-29,2026-09-29,,portal alert,2026-09-29T00:00:00Z
spitogatos.gr,Spitogatos,https://www.spitogatos.gr/aggelia/1119856468,Σκάλα Νέων Επιβατών (Θερμαϊκός) Διαμέρισμα 100 τ.μ. προς πώληση,sale,,360000.0,100.0,,,,Σκάλα Νέων Επιβατών (Θερμαϊκός),,,,2026-09-29,2026-09-29,,portal alert,2026-09-29T00:00:00Z
spitogatos.gr,The Brokers,https://www.spitogatos.gr/aggelia/1119862439,Συκιές (Θεσσαλονίκη - Περιφ/κοί δήμοι) Διαμέρισμα 92 τ.μ. προς πώληση,sale,,167000.0,92.0,,,,Συκιές (Θεσσαλονίκη - Περιφ/κοί δήμοι),,,,,2026-10-02,,portal alert,2026-10-02T00:00:00Z
spitogatos.gr,ΣΟΥΦΛΕΡΗΣ HOMES www.souflerishomes.gr,https://www.spitogatos.gr/aggelia/1119869359,Άγιος Δημήτριος (Κέντρο Θεσσαλονίκης) Διαμέρισμα 45 τ.μ. προς πώληση,sale,,115000.0,45.0,,,,Άγιος Δημήτριος (Κέντρο Θεσσαλονίκης),,,,2026-09-29,2026-09-29,,portal alert,2026-09-29T00:00:00Z
spitogatos.gr,ThessMesiti.gr,https://www.spitogatos.gr/aggelia/1119872274,Τούμπα (Θεσσαλονίκη - Δήμος) Διαμέρισμα 118 τ.μ. προς πώληση,sale,,290000.0,118.0,,,,Τούμπα (Θεσσαλονίκη - Δήμος),,,,,2026-10-02,,portal alert,2026-10-02T00:00:00Z
spitogatos.gr,AltERA COMPANY REAL ESTATE,https://www.spitogatos.gr/aggelia/1119873799,Ασπροβάλτα (Άγιος Γεώργιος) Μονοκατοικία 80 τ.μ. προς πώληση,sale,,145000.0,80.0,,,,Ασπροβάλτα (Άγιος Γεώργιος),,,,2026-09-29,2026-09-29,,portal alert,2026-09-29T00:00:00Z
spitogatos.gr,MONSÀN Vougioukas & Partners,https://www.spitogatos.gr/aggelia/1119878098,Αγία Σοφία (Κέντρο Θεσσαλονίκης) Διαμέρισμα 100 τ.μ. προς πώληση,sale,,340000.0,100.0,,,,Αγία Σοφία (Κέντρο Θεσσαλονίκης),,,,2026-09-28,2026-09-28,,portal alert,2026-09-28T00:00:00Z
spitogatos.gr,LIBERTY,https://www.spitogatos.gr/aggelia/1119888075,Μαρτίου (Βούλγαρη - Ντεπώ - Μαρτίου) Διαμέρισμα 40 τ.μ. προς πώληση,sale,,120000.0,40.0,,,,Μαρτίου (Βούλγαρη - Ντεπώ - Μαρτίου),,,,2026-09-29,2026-09-29,,portal alert,2026-09-29T00:00:00Z
spitogatos.gr,Spitogatos,https://www.spitogatos.gr/aggelia/1119899918,Κέντρο (Λαγκαδάς) Μονοκατοικία 154 τ.μ. προς πώληση,sale,,125000.0,154.0,,,,Κέντρο (Λαγκαδάς),,,,2026-09-29,2026-09-29,,portal alert,2026-09-29T00:00:00Z
spitogatos.gr,Rewize,https://www.spitogatos.gr/aggelia/1119924579,Κηφισιά (Καλαμαριά) Διαμέρισμα 93 τ.μ. προς πώληση,sale,,218000.0,93.0,,,,Κηφισιά (Καλαμαριά),,,,2026-09-28,2026-09-28,,portal alert,2026-09-28T00:00:00Z
spitogatos.gr,Lp properties,https://www.spitogatos.gr/aggelia/1119930204,Δημαρχείου (Αμπελόκηποι) Διαμέρισμα 104 τ.μ. προς πώληση,sale,,220000.0,104.0,,,,Δημαρχείου (Αμπελόκηποι),,,,,2026-10-02,,portal alert,2026-10-02T00:00:00Z
spitogatos.gr,Lp properties,https://www.spitogatos.gr/aggelia/1119930540,Δημαρχείου (Αμπελόκηποι) Διαμέρισμα 104 τ.μ. προς πώληση,sale,,210000.0,104.0,,,,Δημαρχείου (Αμπελόκηποι),,,,,2026-10-02,,portal alert,2026-10-02T00:00:00Z
spitogatos.gr,ΔΑΝΑΚΑΚΗΣ ΙΩΑΝΝΗΣ,https://www.spitogatos.gr/aggelia/1119939106,Λευκός Πύργος (Κέντρο Θεσσαλονίκης) Διαμέρισμα 55 τ.μ. προς πώληση,sale,,248000.0,55.0,,,,Λευκός Πύργος (Κέντρο Θεσσαλονίκης),,,,2026-10-01,2026-10-01,,portal alert,2026-10-01T00:00:00Z
spitogatos.gr,ΕΣΤΙΑΣΙΤΥ,https://www.spitogatos.gr/aggelia/1119939508,Περαία (Θερμαϊκός) Διαμέρισμα 200 τ.μ. προς πώληση,sale,,350000.0,200.0,,,,Περαία (Θερμαϊκός),,,,2026-10-02,2026-10-02,,portal alert,2026-10-02T00:00:00Z
spitogatos.gr,InFox Real Estate,https://www.spitogatos.gr/aggelia/1119943217,Άνω Τούμπα (Τούμπα) Studio/Γκαρσονιέρα 50 τ.μ. προς πώληση,sale,,132000.0,50.0,,,,Άνω Τούμπα (Τούμπα),,,,2026-09-28,2026-09-28,,portal alert,2026-09-28T00:00:00Z
spitogatos.gr,CLOCK,https://www.spitogatos.gr/aggelia/1119971014,Τριανδρία (Τριανδρία - Δόξα - Κρυονέρι) Διαμέρισμα 80 τ.μ. προς πώληση,sale,,160000.0,80.0,,,,Τριανδρία (Τριανδρία - Δόξα - Κρυονέρι),,,,2026-10-01,2026-10-01,,portal alert,2026-10-01T00:00:00Z
spitogatos.gr,Mesitiki.net IKE,https://www.spitogatos.gr/aggelia/1119991450,Άγιος Παντελεήμων (Καλαμαριά) Διαμέρισμα 84 τ.μ. προς πώληση,sale,,217000.0,84.0,,,,Άγιος Παντελεήμων (Καλαμαριά),,,,2026-09-28,2026-09-28,,portal alert,2026-09-28T00:00:00Z
spitogatos.gr,SKOREAL,https://www.spitogatos.gr/aggelia/1120002711,Νέα Παραλία (Ανάληψη - Μπότσαρη - Νέα Παραλία) Διαμέρισμα 138 τ.μ. προς πώληση,sale,,550000.0,138.0,,,,Νέα Παραλία (Ανάληψη - Μπότσαρη - Νέα Παραλία),,,,,2026-10-02,,portal alert,2026-10-02T00:00:00Z
spitogatos.gr,ΛΑΜΠΡΟΠΟΥΛΟΣ ΣΤΑΜΑΤΗΣ,https://www.spitogatos.gr/aggelia/1120080190,Ανάληψη - Μπότσαρη (Ανάληψη - Μπότσαρη - Νέα Παραλία) Διαμέρισμα 46 τ.μ. προς πώληση,sale,,93000.0,46.0,,,,Ανάληψη - Μπότσαρη (Ανάληψη - Μπότσαρη - Νέα Παραλία),,,,2026-10-01,2026-10-01,,portal alert,2026-10-01T00:00:00Z
spitogatos.gr,Οικία Θεςσαλονίκη,https://www.spitogatos.gr/aggelia/1120081850,Πορτάρα (Άνω Πόλη) Διαμέρισμα 75 τ.μ. προς πώληση,sale,,155000.0,75.0,,,,Πορτάρα (Άνω Πόλη),,,,2026-09-29,2026-09-29,,portal alert,2026-09-29T00:00:00Z
spitogatos.gr,HOME CENTER,https://www.spitogatos.gr/aggelia/1120092722,Κάτω Ηλιούπολη (Εύοσμος) Διαμέρισμα 75 τ.μ. προς πώληση,sale,,85000.0,75.0,,,,Κάτω Ηλιούπολη (Εύοσμος),,,,,2026-10-02,,portal alert,2026-10-02T00:00:00Z
spitogatos.gr,ΚΟΥΚΟΥΣΕΡΑΚΗΣ ΧΑΡΑΛΑΜΠΟΣ,https://www.spitogatos.gr/aggelia/1120107781,Τουρκικό Προξενείο (Κέντρο Θεσσαλονίκης) Διαμέρισμα 40 τ.μ. προς πώληση,sale,,105000.0,40.0,,,,Τουρκικό Προξενείο (Κέντρο Θεσσαλονίκης),,,,2026-09-29,2026-09-29,,portal alert,2026-09-29T00:00:00Z
spitogatos.gr,Spitogatos,https://www.spitogatos.gr/aggelia/1120117798,Αντιγονιδών (Κέντρο Θεσσαλονίκης) Διαμέρισμα 70 τ.μ. προς πώληση,sale,,154000.0,70.0,,,,Αντιγονιδών (Κέντρο Θεσσαλονίκης),,,,2026-10-02,2026-10-02,,portal alert,2026-10-02T00:00:00Z
spitogatos.gr,SKOREAL,https://www.spitogatos.gr/aggelia/1120125201,Πυλαιώτικα (Πυλαία) Μεζονέτα 177 τ.μ. προς πώληση,sale,,315000.0,177.0,,,,Πυλαιώτικα (Πυλαία),,,,2026-09-30,2026-09-30,,portal alert,2026-09-30T00:00:00Z
spitogatos.gr,LIBERTY,https://www.spitogatos.gr/aggelia/1120125906,Καραμπουρνακι (Καλαμαριά) Διαμέρισμα 102 τ.μ. προς πώληση,sale,,480000.0,102.0,,,,Καραμπουρνακι (Καλαμαριά),,,,2026-09-28,2026-09-28,,portal alert,2026-09-28T00:00:00Z
spitogatos.gr,Hellas Property Management / Διαχείριση Ακινήτων,https://www.spitogatos.gr/aggelia/1120129085,Κάτω Τούμπα (Τούμπα) Διαμέρισμα 80 τ.μ. προς πώληση,sale,,200000.0,80.0,,,,Κάτω Τούμπα (Τούμπα),,,,2026-09-28,2026-09-28,,portal alert,2026-09-28T00:00:00Z
spitogatos.gr,Spitogatos,https://www.spitogatos.gr/aggelia/1120146383,Άγιος Δημήτριος (Κέντρο Θεσσαλονίκης) Διαμέρισμα 52 τ.μ. προς πώληση,sale,,105000.0,52.0,,,,Άγιος Δημήτριος (Κέντρο Θεσσαλονίκης),,,,2026-10-01,2026-10-01,,portal alert,2026-10-01T00:00:00Z
spitogatos.gr,ΓΟΥΡΖΟΥΛΙΔΗΣ ΚΩΝΣΤΑΝΤΙΝΟΣ,https://www.spitogatos.gr/aggelia/1120171177,Ρωμαϊκή Αγορά - Βενιζέλου - Ιστορικό Κέντρο (Κέντρο Θεσσαλονίκης) Διαμέρισμα 82 τ.μ. προς πώληση,sale,,158000.0,82.0,,,,Ρωμαϊκή Αγορά - Βενιζέλου - Ιστορικό Κέντρο (Κέντρο Θεσσαλονίκης),,,,2026-10-01,2026-10-01,,portal alert,2026-10-01T00:00:00Z
spitogatos.gr,Sovereign Brokers,https://www.spitogatos.gr/aggelia/1120175635,Κέντρο (Χαριλάου) Διαμέρισμα 82 τ.μ. προς πώληση,sale,,124000.0,82.0,,,,Κέντρο (Χαριλάου),,,,2026-09-28,2026-09-28,,portal alert,2026-09-28T00:00:00Z
spitogatos.gr,ΙΟΡΔΑΝΟΥ ΜΕΣΙΤΙΚΟ,https://www.spitogatos.gr/aggelia/1120195884,Πλατεία Ναυαρίνου (Κέντρο Θεσσαλονίκης) Διαμέρισμα 100 τ.μ. προς πώληση,sale,,300000.0,100.0,,,,Πλατεία Ναυαρίνου (Κέντρο Θεσσαλονίκης),,,,2026-10-01,2026-10-01,,portal alert,2026-10-01T00:00:00Z
spitogatos.gr,Green & Grey,https://www.spitogatos.gr/aggelia/1120195952,Αγία Τριάδα (Φάληρο - Ιπποκράτειο) Studio/Γκαρσονιέρα 50 τ.μ. προς πώληση,sale,,150000.0,50.0,,,,Αγία Τριάδα (Φάληρο - Ιπποκράτειο),,,,2026-09-28,2026-09-28,,portal alert,2026-09-28T00:00:00Z
spitogatos.gr,OIKODROMIO Properties,https://www.spitogatos.gr/aggelia/1120212864,Τριανδρία (Τριανδρία - Δόξα - Κρυονέρι) Διαμέρισμα 80 τ.μ. προς πώληση,sale,,160000.0,80.0,,,,Τριανδρία (Τριανδρία - Δόξα - Κρυονέρι),,,,2026-10-01,2026-10-01,,portal alert,2026-10-01T00:00:00Z
spitogatos.gr,Thermaikos Real estate,https://www.spitogatos.gr/aggelia/1120244885,Δέρκων (Καλαμαριά) Διαμέρισμα 114 τ.μ. προς πώληση,sale,,175000.0,114.0,,,,Δέρκων (Καλαμαριά),,,,2026-09-28,2026-09-28,,portal alert,2026-09-28T00:00:00Z
spitogatos.gr,ΚΑΡΑΝΙΚΟΛΑΣ MEΣΙΤΙΚΟ από το 1970,https://www.spitogatos.gr/aggelia/1120246064,Νέα Ελβετία (Χαριλάου) Διαμέρισμα 80 τ.μ. προς πώληση,sale,,120000.0,80.0,,,,Νέα Ελβετία (Χαριλάου),,,,2026-09-28,2026-09-28,,portal alert,2026-09-28T00:00:00Z
spitogatos.gr,Invista.gr Real Estate,https://www.spitogatos.gr/aggelia/1120246862,Φάληρο - Ιπποκράτειο (Θεσσαλονίκη - Δήμος) Loft 80 τ.μ. προς πώληση,sale,,135000.0,80.0,,,,Φάληρο - Ιπποκράτειο (Θεσσαλονίκη - Δήμος),,,,2026-09-28,2026-09-28,,portal alert,2026-09-28T00:00:00Z
spitogatos.gr,ΓΟΥΡΖΟΥΛΙΔΗΣ ΚΩΝΣΤΑΝΤΙΝΟΣ,https://www.spitogatos.gr/aggelia/1120252205,Ιπποκράτειο (Φάληρο - Ιπποκράτειο) Studio/Γκαρσονιέρα 50 τ.μ. προς πώληση,sale,,95000.0,50.0,,,,Ιπποκράτειο (Φάληρο - Ιπποκράτειο),,,,2026-10-01,2026-10-01,,portal alert,2026-10-01T00:00:00Z
spitogatos.gr,ΓΟΥΡΖΟΥΛΙΔΗΣ ΚΩΝΣΤΑΝΤΙΝΟΣ,https://www.spitogatos.gr/aggelia/1120252218,Ιπποκράτειο (Φάληρο - Ιπποκράτειο) 70 τ.μ. προς πώληση,sale,,165000.0,70.0,,,,Ιπποκράτειο (Φάληρο - Ιπποκράτειο) 70 τ.μ. προς πώληση,,,,2026-10-01,2026-10-01,,portal alert,2026-10-01T00:00:00Z
spitogatos.gr,Finderhome,https://www.spitogatos.gr/aggelia/1120264698,Τριανδρία (Τριανδρία - Δόξα - Κρυονέρι) Διαμέρισμα 80 τ.μ. προς πώληση,sale,,160000.0,80.0,,,,Τριανδρία (Τριανδρία - Δόξα - Κρυονέρι),,,,2026-10-01,2026-10-01,,portal alert,2026-10-01T00:00:00Z
spitogatos.gr,Street Real Estate,https://www.spitogatos.gr/aggelia/1120279564,Δόξα (Τριανδρία - Δόξα - Κρυονέρι) Studio/Γκαρσονιέρα 50 τ.μ. προς πώληση,sale,,125000.0,50.0,,,,Δόξα (Τριανδρία - Δόξα - Κρυονέρι),,,,2026-09-28,2026-09-28,,portal alert,2026-09-28T00:00:00Z
spitogatos.gr,Street Real Estate,https://www.spitogatos.gr/aggelia/1120279598,Δόξα (Τριανδρία - Δόξα - Κρυονέρι) Studio/Γκαρσονιέρα 35 τ.μ. προς πώληση,sale,,105000.0,35.0,,,,Δόξα (Τριανδρία - Δόξα - Κρυονέρι),,,,2026-09-28,2026-09-28,,portal alert,2026-09-28T00:00:00Z
spitogatos.gr,Nova Properties,https://www.spitogatos.gr/aggelia/1120307593,Αγία Τριάδα (Φάληρο - Ιπποκράτειο) Studio/Γκαρσονιέρα 20 τ.μ. προς πώληση,sale,,115000.0,20.0,,,,Αγία Τριάδα (Φάληρο - Ιπποκράτειο),,,,2026-09-30,2026-09-30,,portal alert,2026-09-30T00:00:00Z
spitogatos.gr,MAGDALINOS REAL ESTATE,https://www.spitogatos.gr/aggelia/1120313516,Σκεπάρνη (Αμπελόκηποι) Διαμέρισμα 85 τ.μ. προς πώληση,sale,,85000.0,85.0,,,,Σκεπάρνη (Αμπελόκηποι),,,,2026-09-30,2026-09-30,,portal alert,2026-09-30T00:00:00Z
spitogatos.gr,RO PROPERTY,https://www.spitogatos.gr/aggelia/1120314110,Κηφισιά (Καλαμαριά) Διαμέρισμα 93 τ.μ. προς πώληση,sale,,218000.0,93.0,,,,Κηφισιά (Καλαμαριά),,,,2026-09-29,2026-09-29,,portal alert,2026-09-29T00:00:00Z
spitogatos.gr,Invista.gr Real Estate,https://www.spitogatos.gr/aggelia/1120334427,Άνω Πόλη (Θεσσαλονίκη - Δήμος) Studio/Γκαρσονιέρα 42 τ.μ. προς πώληση,sale,,118000.0,42.0,,,,Άνω Πόλη (Θεσσαλονίκη - Δήμος),,,,2026-09-29,2026-09-29,,portal alert,2026-09-29T00:00:00Z
spitogatos.gr,ARK REAL ESTATE,https://www.spitogatos.gr/aggelia/1120361567,Κάτω Τούμπα (Τούμπα) Διαμέρισμα 100 τ.μ. προς πώληση,sale,,297000.0,100.0,,,,Κάτω Τούμπα (Τούμπα),,,,2026-09-28,2026-09-28,,portal alert,2026-09-28T00:00:00Z
spitogatos.gr,IKIMA Real Estate,https://www.spitogatos.gr/aggelia/1120375780,Κάτω Τούμπα (Τούμπα) Διαμέρισμα 82 τ.μ. προς πώληση,sale,,175000.0,82.0,,,,Κάτω Τούμπα (Τούμπα),,,,2026-10-02,2026-10-02,,portal alert,2026-10-02T00:00:00Z
spitogatos.gr,PROSPERTY,https://www.spitogatos.gr/aggelia/1120391982,Κάτω Αναγέννηση (Νεάπολη) Μεζονέτα 122 τ.μ. προς πώληση,sale,,128800.0,122.0,,,,Κάτω Αναγέννηση (Νεάπολη),,,,2026-10-01,2026-10-01,,portal alert,2026-10-01T00:00:00Z
spitogatos.gr,Diamond Group,https://www.spitogatos.gr/aggelia/1120393962,Βαρδάρης - Δικαστήρια (Βαρδάρης - Λαχανόκηποι) Διαμέρισμα 50 τ.μ. προς πώληση,sale,,130000.0,50.0,,,,Βαρδάρης - Δικαστήρια (Βαρδάρης - Λαχανόκηποι),,,,2026-09-29,2026-09-29,,portal alert,2026-09-29T00:00:00Z
spitogatos.gr,Spitogatos,https://www.spitogatos.gr/aggelia/1120402897,Περαία (Θερμαϊκός) Διαμέρισμα 66 τ.μ. προς πώληση,sale,,185000.0,66.0,,,,Περαία (Θερμαϊκός),,,,2026-09-30,2026-09-30,,portal alert,2026-09-30T00:00:00Z
spitogatos.gr,Engel & Völkers Ελλάδος,https://www.spitogatos.gr/aggelia/1120407293,Φάληρο - Ιπποκράτειο (Θεσσαλονίκη - Δήμος) Διαμέρισμα 85 τ.μ. προς πώληση,sale,,275000.0,85.0,,,,Φάληρο - Ιπποκράτειο (Θεσσαλονίκη - Δήμος),,,,2026-09-30,2026-09-30,,portal alert,2026-09-30T00:00:00Z
spitogatos.gr,SKOREAL,https://www.spitogatos.gr/aggelia/1120426644,Καμάρα - Ροτόντα (Κέντρο Θεσσαλονίκης) Διαμέρισμα 86 τ.μ. προς πώληση,sale,,280000.0,86.0,,,,Καμάρα - Ροτόντα (Κέντρο Θεσσαλονίκης),,,,2026-09-28,2026-09-28,,portal alert,2026-09-28T00:00:00Z
spitogatos.gr,Spitogatos,https://www.spitogatos.gr/aggelia/1120432989,Άγιος Δημήτριος (Κέντρο Θεσσαλονίκης) Διαμέρισμα 48 τ.μ. προς πώληση,sale,,98000.0,48.0,,,,Άγιος Δημήτριος (Κέντρο Θεσσαλονίκης),,,,2026-09-30,2026-09-30,,portal alert,2026-09-30T00:00:00Z
spitogatos.gr,Spitogatos,https://www.spitogatos.gr/aggelia/1120434231,40 Εκκλησιές (40 Εκκλησιές - Ευαγγελίστρια) Διαμέρισμα 90 τ.μ. προς πώληση,sale,,190000.0,90.0,,,,40 Εκκλησιές (40 Εκκλησιές - Ευαγγελίστρια),,,,2026-09-28,2026-09-28,,portal alert,2026-09-28T00:00:00Z
spitogatos.gr,Κεντρικόν - Λάζαρος Λινδαρής,https://www.spitogatos.gr/aggelia/1120460375,40 Εκκλησιές (40 Εκκλησιές - Ευαγγελίστρια) Διαμέρισμα 90 τ.μ. προς πώληση,sale,,190000.0,90.0,,,,40 Εκκλησιές (40 Εκκλησιές - Ευαγγελίστρια),,,,2026-09-30,2026-09-30,,portal alert,2026-09-30T00:00:00Z
spitogatos.gr,MENSOR,https://www.spitogatos.gr/aggelia/1120495608,Πανεπιστημιούπολη (Κέντρο Θεσσαλονίκης) Διαμέρισμα 58 τ.μ. προς πώληση,sale,,285000.0,58.0,,,,Πανεπιστημιούπολη (Κέντρο Θεσσαλονίκης),,,,2026-09-28,2026-09-28,,portal alert,2026-09-28T00:00:00Z
spitogatos.gr,SKOREAL,https://www.spitogatos.gr/aggelia/1120496829,Κυψέλη (Πυλαία) Διαμέρισμα 98 τ.μ. προς πώληση,sale,,235000.0,98.0,,,,Κυψέλη (Πυλαία),,,,2026-09-28,2026-09-28,,portal alert,2026-09-28T00:00:00Z
spitogatos.gr,Οικομεσιτική Καμάκας,https://www.spitogatos.gr/aggelia/1120501621,Τριανδρία (Τριανδρία - Δόξα - Κρυονέρι) Studio/Γκαρσονιέρα 20 τ.μ. προς πώληση,sale,,75000.0,20.0,,,,Τριανδρία (Τριανδρία - Δόξα - Κρυονέρι),,,,2026-09-30,2026-09-30,,portal alert,2026-09-30T00:00:00Z
spitogatos.gr,ΧΡΥΣΟΥΛΙΔΗΣ ΠΑΝΑΓΙΩΤΗΣ ΜΟΝ. Ι.Κ.Ε,https://www.spitogatos.gr/aggelia/1120519883,Ακριτών (Αμπελόκηποι) Διαμέρισμα 98 τ.μ. προς πώληση,sale,,88000.0,98.0,,,,Ακριτών (Αμπελόκηποι),,,,2026-09-29,2026-09-29,,portal alert,2026-09-29T00:00:00Z
spitogatos.gr,Rewize,https://www.spitogatos.gr/aggelia/1120525772,Μαρτίου (Βούλγαρη - Ντεπώ - Μαρτίου) Διαμέρισμα 130 τ.μ. προς πώληση,sale,,290000.0,130.0,,,,Μαρτίου (Βούλγαρη - Ντεπώ - Μαρτίου),,,,2026-09-30,2026-09-30,,portal alert,2026-09-30T00:00:00Z
spitogatos.gr,Mouse Real Estate,https://www.spitogatos.gr/aggelia/1120555424,Διοικητήριο (Κέντρο Θεσσαλονίκης) Διαμέρισμα 65 τ.μ. προς πώληση,sale,,125000.0,65.0,,,,Διοικητήριο (Κέντρο Θεσσαλονίκης),,,,2026-09-28,2026-09-28,,portal alert,2026-09-28T00:00:00Z
spitogatos.gr,AA REAL ESTATE,https://www.spitogatos.gr/aggelia/1120565556,Βαρδάρης - Δικαστήρια (Βαρδάρης - Λαχανόκηποι) Studio/Γκαρσονιέρα 54 τ.μ. προς πώληση,sale,,130000.0,54.0,,,,Βαρδάρης - Δικαστήρια (Βαρδάρης - Λαχανόκηποι),,,,2026-09-29,2026-09-29,,portal alert,2026-09-29T00:00:00Z
spitogatos.gr,ΜΕΣΙΤΗΣ360,https://www.spitogatos.gr/aggelia/1120572064,Κάτω Τούμπα (Τούμπα) Studio/Γκαρσονιέρα 44 τ.μ. προς πώληση,sale,,143000.0,44.0,,,,Κάτω Τούμπα (Τούμπα),,,,2026-10-01,2026-10-01,,portal alert,2026-10-01T00:00:00Z
spitogatos.gr,VISION HOME,https://www.spitogatos.gr/aggelia/1120573724,Κάτω Τούμπα (Τούμπα) Studio/Γκαρσονιέρα 46 τ.μ. προς πώληση,sale,,143000.0,46.0,,,,Κάτω Τούμπα (Τούμπα),,,,2026-10-01,2026-10-01,,portal alert,2026-10-01T00:00:00Z
spitogatos.gr,MATRIK REAL ESTATE - ΑΝΑΚΑΙΝΙΣΕΙΣ,https://www.spitogatos.gr/aggelia/1120587780,Ξηροκρήνη (Ξηροκρήνη - Παναγία Φανερωμένη) Διαμέρισμα 90 τ.μ. προς πώληση,sale,,220000.0,90.0,,,,Ξηροκρήνη (Ξηροκρήνη - Παναγία Φανερωμένη),,,,2026-09-30,2026-09-30,,portal alert,2026-09-30T00:00:00Z
spitogatos.gr,KW NORTH,https://www.spitogatos.gr/aggelia/1120601541,Κάτω Τούμπα (Τούμπα) Studio/Γκαρσονιέρα 46 τ.μ. προς πώληση,sale,,143000.0,46.0,,,,Κάτω Τούμπα (Τούμπα),,,,2026-10-01,2026-10-01,,portal alert,2026-10-01T00:00:00Z
spitogatos.gr,ΜΕ ΤΟ ΔΕΞΙ,https://www.spitogatos.gr/aggelia/1120662467,Λαγυνά (Λαγκαδάς) Μονοκατοικία 60 τ.μ. προς πώληση,sale,,85000.0,60.0,,,,Λαγυνά (Λαγκαδάς),,,,2026-09-28,2026-09-28,,portal alert,2026-09-28T00:00:00Z
spitogatos.gr,ΜΕΣΙΤΙΚΟ-ΚΑΤΑΣΚΕΥΑΣΤΙΚΗ ΛΙΟΛΙΔΗΣ,https://www.spitogatos.gr/aggelia/1120680702,Αμπελόκηποι (Θεσσαλονίκη - Περιφ/κοί δήμοι) Διαμέρισμα 100 τ.μ. προς πώληση,sale,,199000.0,100.0,,,,Αμπελόκηποι (Θεσσαλονίκη - Περιφ/κοί δήμοι),,,,2026-09-30,2026-09-30,,portal alert,2026-09-30T00:00:00Z
spitogatos.gr,Hara Homes 67,https://www.spitogatos.gr/aggelia/1120683540,Παναγία Φανερωμένη (Ξηροκρήνη - Παναγία Φανερωμένη) Studio/Γκαρσονιέρα 55 τ.μ. προς πώληση,sale,,85000.0,55.0,,,,Παναγία Φανερωμένη (Ξηροκρήνη - Παναγία Φανερωμένη),,,,2026-10-01,2026-10-01,,portal alert,2026-10-01T00:00:00Z
spitogatos.gr,ΚΑΤΕΡΙΝΑ ΠΕΤΑΧΤΗ ΜΕΣΙΤΙΚΕΣ ΥΠΗΡΕΣΙΕΣ,https://www.spitogatos.gr/aggelia/1120713502,Πλατεία Ναυαρίνου (Κέντρο Θεσσαλονίκης) Διαμέρισμα 70 τ.μ. προς πώληση,sale,,285000.0,70.0,,,,Πλατεία Ναυαρίνου (Κέντρο Θεσσαλονίκης),,,,2026-10-02,2026-10-02,,portal alert,2026-10-02T00:00:00Z
spitogatos.gr,Demis Real Estate,https://www.spitogatos.gr/aggelia/1120714349,Αγία Τριάδα (Φάληρο - Ιπποκράτειο) Studio/Γκαρσονιέρα 28 τ.μ. προς πώληση,sale,,110000.0,28.0,,,,Αγία Τριάδα (Φάληρο - Ιπποκράτειο),,,,2026-10-02,2026-10-02,,portal alert,2026-10-02T00:00:00Z
spitogatos.gr,ΔΑΝΑΚΑΚΗΣ ΙΩΑΝΝΗΣ,https://www.spitogatos.gr/aggelia/1120716872,Τριανδρία (Τριανδρία - Δόξα - Κρυονέρι) Studio/Γκαρσονιέρα 23 τ.μ. προς πώληση,sale,,79000.0,23.0,,,,Τριανδρία (Τριανδρία - Δόξα - Κρυονέρι),,,,2026-09-30,2026-09-30,,portal alert,2026-09-30T00:00:00Z
spitogatos.gr,Spitogatos,https://www.spitogatos.gr/aggelia/1120729652,Διοικητήριο (Κέντρο Θεσσαλονίκης) Διαμέρισμα 40 τ.μ. προς πώληση,sale,,80000.0,40.0,,,,Διοικητήριο (Κέντρο Θεσσαλονίκης),,,,2026-09-28,2026-09-28,,portal alert,2026-09-28T00:00:00Z
spitogatos.gr,GIZARIS REAL ESTATE,https://www.spitogatos.gr/aggelia/1120732012,Αγία Σοφία (Κέντρο Θεσσαλονίκης) Studio/Γκαρσονιέρα 40 τ.μ. προς πώληση,sale,,210000.0,40.0,,,,Αγία Σοφία (Κέντρο Θεσσαλονίκης),,,,2026-10-01,2026-10-02,,portal alert,2026-10-02T00:00:00Z
spitogatos.gr,GREEK HOME,https://www.spitogatos.gr/aggelia/1120732575,Βούλγαρη - Ντεπώ - Μαρτίου (Θεσσαλονίκη - Δήμος) Διαμέρισμα 85 τ.μ. προς πώληση,sale,,139000.0,85.0,,,,Βούλγαρη - Ντεπώ - Μαρτίου (Θεσσαλονίκη - Δήμος),,,,2026-09-28,2026-09-28,,portal alert,2026-09-28T00:00:00Z
spitogatos.gr,Anatolia Real Estate,https://www.spitogatos.gr/aggelia/1120752512,Κάτω Τούμπα (Τούμπα) Studio/Γκαρσονιέρα 45 τ.μ. προς πώληση,sale,,59000.0,45.0,,,,Κάτω Τούμπα (Τούμπα),,,,2026-10-01,2026-10-01,,portal alert,2026-10-01T00:00:00Z
spitogatos.gr,Monopoly031,https://www.spitogatos.gr/aggelia/1120753537,Κέντρο (Χαριλάου) Διαμέρισμα 90 τ.μ. προς πώληση,sale,,230000.0,90.0,,,,Κέντρο (Χαριλάου),,,,2026-09-29,2026-09-29,,portal alert,2026-09-29T00:00:00Z
spitogatos.gr,Invista.gr Real Estate,https://www.spitogatos.gr/aggelia/1120760579,Ανάληψη - Μπότσαρη (Ανάληψη - Μπότσαρη - Νέα Παραλία) Διαμέρισμα 40 τ.μ. προς πώληση,sale,,130000.0,40.0,,,,Ανάληψη - Μπότσαρη (Ανάληψη - Μπότσαρη - Νέα Παραλία),,,,2026-09-28,2026-09-28,,portal alert,2026-09-28T00:00:00Z
spitogatos.gr,InFox Real Estate,https://www.spitogatos.gr/aggelia/1120760824,Βότση (Καλαμαριά) Διαμέρισμα 45 τ.μ. προς πώληση,sale,,130000.0,45.0,,,,Βότση (Καλαμαριά),,,,2026-10-02,2026-10-02,,portal alert,2026-10-02T00:00:00Z
spitogatos.gr,OLYMPUS real estate agency,https://www.spitogatos.gr/aggelia/1120761217,Παναγία Φανερωμένη (Ξηροκρήνη - Παναγία Φανερωμένη) Studio/Γκαρσονιέρα 33 τ.μ. προς πώληση,sale,,62000.0,33.0,,,,Παναγία Φανερωμένη (Ξηροκρήνη - Παναγία Φανερωμένη),,,,2026-10-01,2026-10-01,,portal alert,2026-10-01T00:00:00Z
spitogatos.gr,HTP (Halkidiki Thessaloniki Properties),https://www.spitogatos.gr/aggelia/1120762731,Διοικητήριο (Κέντρο Θεσσαλονίκης) Διαμέρισμα 60 τ.μ. προς πώληση,sale,,140000.0,60.0,,,,Διοικητήριο (Κέντρο Θεσσαλονίκης),,,,2026-09-28,2026-09-28,,portal alert,2026-09-28T00:00:00Z
spitogatos.gr,ΟΡΙΖΟΝΤΕΣ,https://www.spitogatos.gr/aggelia/1120766143,Κέντρο (Χαριλάου) Διαμέρισμα 80 τ.μ. προς πώληση,sale,,130000.0,80.0,,,,Κέντρο (Χαριλάου),,,,2026-09-30,2026-09-30,,portal alert,2026-09-30T00:00:00Z
spitogatos.gr,ΕΠΕΝΔΥΤΙΚΗ ΑΙΓΑΙΟΥ,https://www.spitogatos.gr/aggelia/1120767866,Κηφισιά (Καλαμαριά) Διαμέρισμα 65 τ.μ. προς πώληση,sale,,200000.0,65.0,,,,Κηφισιά (Καλαμαριά),,,,2026-09-28,2026-09-28,,portal alert,2026-09-28T00:00:00Z
spitogatos.gr,ΕΠΕΝΔΥΤΙΚΗ ΑΙΓΑΙΟΥ,https://www.spitogatos.gr/aggelia/1120768007,Κηφισιά (Καλαμαριά) Διαμέρισμα 45 τ.μ. προς πώληση,sale,,148000.0,45.0,,,,Κηφισιά (Καλαμαριά),,,,2026-09-28,2026-09-28,,portal alert,2026-09-28T00:00:00Z
spitogatos.gr,ΚΤΗΜΑΤΟΜΕΣΙΤΙΚΗ ΕΣΤΙΑ - www.estiahome.gr,https://www.spitogatos.gr/aggelia/1120772126,Κηφισιά (Καλαμαριά) Studio/Γκαρσονιέρα 45 τ.μ. προς πώληση,sale,,148000.0,45.0,,,,Κηφισιά (Καλαμαριά),,,,2026-09-29,2026-09-29,,portal alert,2026-09-29T00:00:00Z
spitogatos.gr,Spitogatos,https://www.spitogatos.gr/aggelia/1120784033,Φοίνικας (Καλαμαριά) Διαμέρισμα 38 τ.μ. προς πώληση,sale,,100000.0,38.0,,,,Φοίνικας (Καλαμαριά),,,,,2026-10-02,,portal alert,2026-10-02T00:00:00Z
spitogatos.gr,REAL ESTATE ΠΟΖΟΓΛΟΥ ΑΝΑΣΤΑΣΙΟΣ,https://www.spitogatos.gr/aggelia/1120793659,Ιπποκράτειο (Φάληρο - Ιπποκράτειο) Διαμέρισμα 40 τ.μ. προς πώληση,sale,,160000.0,40.0,,,,Ιπποκράτειο (Φάληρο - Ιπποκράτειο),,,,2026-09-28,2026-09-28,,portal alert,2026-09-28T00:00:00Z
spitogatos.gr,REAL ESTATE ΠΟΖΟΓΛΟΥ ΑΝΑΣΤΑΣΙΟΣ,https://www.spitogatos.gr/aggelia/1120793685,Καμάρα - Ροτόντα (Κέντρο Θεσσαλονίκης) Διαμέρισμα 40 τ.μ. προς πώληση,sale,,145000.0,40.0,,,,Καμάρα - Ροτόντα (Κέντρο Θεσσαλονίκης),,,,2026-09-28,2026-09-28,,portal alert,2026-09-28T00:00:00Z
spitogatos.gr,REAL ESTATE ΠΟΖΟΓΛΟΥ ΑΝΑΣΤΑΣΙΟΣ,https://www.spitogatos.gr/aggelia/1120793702,Ιπποκράτειο (Φάληρο - Ιπποκράτειο) Διαμέρισμα 40 τ.μ. προς πώληση,sale,,135000.0,40.0,,,,Ιπποκράτειο (Φάληρο - Ιπποκράτειο),,,,2026-09-28,2026-09-28,,portal alert,2026-09-28T00:00:00Z
spitogatos.gr,REAL ESTATE ΠΟΖΟΓΛΟΥ ΑΝΑΣΤΑΣΙΟΣ,https://www.spitogatos.gr/aggelia/1120793712,Αγία Σοφία (Κέντρο Θεσσαλονίκης) Διαμέρισμα 125 τ.μ. προς πώληση,sale,,530000.0,125.0,,,,Αγία Σοφία (Κέντρο Θεσσαλονίκης),,,,2026-09-28,2026-09-28,,portal alert,2026-09-28T00:00:00Z
spitogatos.gr,FOTIS PITROPAKIS & PARTNERS,https://www.spitogatos.gr/aggelia/1120799418,Άγιος Παντελεήμων (Καλαμαριά) Διαμέρισμα 100 τ.μ. προς πώληση,sale,,325000.0,100.0,,,,Άγιος Παντελεήμων (Καλαμαριά),,,,2026-09-28,2026-09-28,,portal alert,2026-09-28T00:00:00Z
spitogatos.gr,Green & Grey,https://www.spitogatos.gr/aggelia/1120809189,Καμάρα - Ροτόντα (Κέντρο Θεσσαλονίκης) Διαμέρισμα 92 τ.μ. προς πώληση,sale,,280000.0,92.0,,,,Καμάρα - Ροτόντα (Κέντρο Θεσσαλονίκης),,,,2026-09-28,2026-09-28,,portal alert,2026-09-28T00:00:00Z
spitogatos.gr,COZY REAL ESTATE,https://www.spitogatos.gr/aggelia/1120814572,Χαριλάου (Θεσσαλονίκη - Δήμος) Διαμέρισμα 92 τ.μ. προς πώληση,sale,,165000.0,92.0,,,,Χαριλάου (Θεσσαλονίκη - Δήμος),,,,2026-09-28,2026-09-28,,portal alert,2026-09-28T00:00:00Z
spitogatos.gr,Green & Grey,https://www.spitogatos.gr/aggelia/1120818424,Πορτάρα (Άνω Πόλη) Διαμέρισμα 60 τ.μ. προς πώληση,sale,,80000.0,60.0,,,,Πορτάρα (Άνω Πόλη),,,,2026-09-28,2026-09-28,,portal alert,2026-09-28T00:00:00Z
spitogatos.gr,Diamond Group,https://www.spitogatos.gr/aggelia/1120819251,Χαριλάου (Θεσσαλονίκη - Δήμος) Διαμέρισμα 100 τ.μ. προς πώληση,sale,,315000.0,100.0,,,,Χαριλάου (Θεσσαλονίκη - Δήμος),,,,2026-10-02,2026-10-02,,portal alert,2026-10-02T00:00:00Z
spitogatos.gr,CITYBUILD,https://www.spitogatos.gr/aggelia/1120821099,Δέρκων (Καλαμαριά) Διαμέρισμα 97 τ.μ. προς πώληση,sale,,250000.0,97.0,,,,Δέρκων (Καλαμαριά),,,,2026-09-28,2026-09-28,,portal alert,2026-09-28T00:00:00Z
spitogatos.gr,FOTIS PITROPAKIS & PARTNERS,https://www.spitogatos.gr/aggelia/1120823868,Άγιος Παντελεήμων (Καλαμαριά) Διαμέρισμα 108 τ.μ. προς πώληση,sale,,335000.0,108.0,,,,Άγιος Παντελεήμων (Καλαμαριά),,,,2026-09-28,2026-09-28,,portal alert,2026-09-28T00:00:00Z
spitogatos.gr,Spitogatos,https://www.spitogatos.gr/aggelia/1120831386,Ξηροκρήνη (Ξηροκρήνη - Παναγία Φανερωμένη) Διαμέρισμα 43 τ.μ. προς πώληση,sale,,91000.0,43.0,,,,Ξηροκρήνη (Ξηροκρήνη - Παναγία Φανερωμένη),,,,2026-09-29,2026-09-29,,portal alert,2026-09-29T00:00:00Z
spitogatos.gr,REMAX Welcome,https://www.spitogatos.gr/aggelia/1120832502,Τριανδρία (Τριανδρία - Δόξα - Κρυονέρι) Διαμέρισμα 56 τ.μ. προς πώληση,sale,,69000.0,56.0,,,,Τριανδρία (Τριανδρία - Δόξα - Κρυονέρι),,,,2026-09-29,2026-09-29,,portal alert,2026-09-29T00:00:00Z
spitogatos.gr,Jordans rooms ike,https://www.spitogatos.gr/aggelia/1120832694,Διοικητήριο (Κέντρο Θεσσαλονίκης) Studio/Γκαρσονιέρα 40 τ.μ. προς πώληση,sale,,80000.0,40.0,,,,Διοικητήριο (Κέντρο Θεσσαλονίκης),,,,2026-09-29,2026-09-29,,portal alert,2026-09-29T00:00:00Z
spitogatos.gr,My Home Properties,https://www.spitogatos.gr/aggelia/1120836966,Σφαγεία (Σφαγεία - Ιχθυόσκαλα) Κτίριο 480 τ.μ. προς πώληση,sale,,800000.0,480.0,,,,Σφαγεία (Σφαγεία - Ιχθυόσκαλα),,,,2026-09-28,2026-09-28,,portal alert,2026-09-28T00:00:00Z
spitogatos.gr,ΔΑΝΑΚΑΚΗΣ ΙΩΑΝΝΗΣ,https://www.spitogatos.gr/aggelia/1120845633,Ανάληψη - Μπότσαρη (Ανάληψη - Μπότσαρη - Νέα Παραλία) Studio/Γκαρσονιέρα 23 τ.μ. προς πώληση,sale,,65000.0,23.0,,,,Ανάληψη - Μπότσαρη (Ανάληψη - Μπότσαρη - Νέα Παραλία),,,,2026-09-28,2026-09-28,,portal alert,2026-09-28T00:00:00Z
spitogatos.gr,MATRIK REAL ESTATE - ΑΝΑΚΑΙΝΙΣΕΙΣ,https://www.spitogatos.gr/aggelia/1120850742,Αγία Τριάδα (Φάληρο - Ιπποκράτειο) Διαμέρισμα 70 τ.μ. προς πώληση,sale,,139000.0,70.0,,,,Αγία Τριάδα (Φάληρο - Ιπποκράτειο),,,,,2026-10-02,,portal alert,2026-10-02T00:00:00Z
spitogatos.gr,AVENUE REAL ESTATE,https://www.spitogatos.gr/aggelia/1120858327,Ιπποκράτειο (Φάληρο - Ιπποκράτειο) Διαμέρισμα 90 τ.μ. προς πώληση,sale,,175000.0,90.0,,,,Ιπποκράτειο (Φάληρο - Ιπποκράτειο),,,,2026-09-29,2026-09-29,,portal alert,2026-09-29T00:00:00Z
spitogatos.gr,Forumland Real Estate,https://www.spitogatos.gr/aggelia/1120858820,Βαρδάρης - Δικαστήρια (Βαρδάρης - Λαχανόκηποι) Studio/Γκαρσονιέρα 30 τ.μ. προς πώληση,sale,,87000.0,30.0,,,,Βαρδάρης - Δικαστήρια (Βαρδάρης - Λαχανόκηποι),,,,2026-09-30,2026-10-02,,portal alert,2026-10-02T00:00:00Z
spitogatos.gr,Hellas Property Management / Διαχείριση Ακινήτων,https://www.spitogatos.gr/aggelia/1120862315,Ευζώνων - Πεδίον Άρεως (Φάληρο - Ιπποκράτειο) Studio/Γκαρσονιέρα 48 τ.μ. προς πώληση,sale,,110000.0,48.0,,,,Ευζώνων - Πεδίον Άρεως (Φάληρο - Ιπποκράτειο),,,,2026-09-28,2026-09-28,,portal alert,2026-09-28T00:00:00Z
spitogatos.gr,FINE DOMUS RECON REAL ESTATE,https://www.spitogatos.gr/aggelia/1120878300,Κάτω Τούμπα (Τούμπα) Διαμέρισμα 42 τ.μ. προς πώληση,sale,,145000.0,42.0,,,,Κάτω Τούμπα (Τούμπα),,,,2026-10-01,2026-10-01,,portal alert,2026-10-01T00:00:00Z
spitogatos.gr,REMAX Analogia,https://www.spitogatos.gr/aggelia/1120884225,Αντιγονιδών (Κέντρο Θεσσαλονίκης) Διαμέρισμα 75 τ.μ. προς πώληση,sale,,120000.0,75.0,,,,Αντιγονιδών (Κέντρο Θεσσαλονίκης),,,,2026-09-29,2026-09-29,,portal alert,2026-09-29T00:00:00Z
spitogatos.gr,AVENUE REAL ESTATE,https://www.spitogatos.gr/aggelia/1120894585,Τριανδρία (Τριανδρία - Δόξα - Κρυονέρι) Διαμέρισμα 80 τ.μ. προς πώληση,sale,,160000.0,80.0,,,,Τριανδρία (Τριανδρία - Δόξα - Κρυονέρι),,,,2026-09-30,2026-09-30,,portal alert,2026-09-30T00:00:00Z
spitogatos.gr,NORE REAL ESTATE,https://www.spitogatos.gr/aggelia/1120895109,Ιπποκράτειο (Φάληρο - Ιπποκράτειο) Διαμέρισμα 110 τ.μ. προς πώληση,sale,,195000.0,110.0,,,,Ιπποκράτειο (Φάληρο - Ιπποκράτειο),,,,2026-09-29,2026-09-29,,portal alert,2026-09-29T00:00:00Z
spitogatos.gr,COZY REAL ESTATE,https://www.spitogatos.gr/aggelia/1120901491,Παπάφη - Άγιος Φανούριος (Τούμπα) Διαμέρισμα 80 τ.μ. προς πώληση,sale,,167000.0,80.0,,,,Παπάφη - Άγιος Φανούριος (Τούμπα),,,,2026-09-28,2026-09-28,,portal alert,2026-09-28T00:00:00Z
spitogatos.gr,Οικία Θεςσαλονίκη,https://www.spitogatos.gr/aggelia/1120902492,Πλατεία Δημοκρατίας (Αμπελόκηποι) Studio/Γκαρσονιέρα 38 τ.μ. προς πώληση,sale,,53000.0,38.0,,,,Πλατεία Δημοκρατίας (Αμπελόκηποι),,,,,2026-10-02,,portal alert,2026-10-02T00:00:00Z
spitogatos.gr,hellenic home,https://www.spitogatos.gr/aggelia/1120905864,Διοικητήριο (Κέντρο Θεσσαλονίκης) Studio/Γκαρσονιέρα 25 τ.μ. προς πώληση,sale,,95000.0,25.0,,,,Διοικητήριο (Κέντρο Θεσσαλονίκης),,,,,2026-10-02,,portal alert,2026-10-02T00:00:00Z
spitogatos.gr,hellenic home,https://www.spitogatos.gr/aggelia/1120905868,Διοικητήριο (Κέντρο Θεσσαλονίκης) Studio/Γκαρσονιέρα 28 τ.μ. προς πώληση,sale,,95000.0,28.0,,,,Διοικητήριο (Κέντρο Θεσσαλονίκης),,,,,2026-10-02,,portal alert,2026-10-02T00:00:00Z
spitogatos.gr,hellenic home,https://www.spitogatos.gr/aggelia/1120905875,Διοικητήριο (Κέντρο Θεσσαλονίκης) Studio/Γκαρσονιέρα 27 τ.μ. προς πώληση,sale,,95000.0,27.0,,,,Διοικητήριο (Κέντρο Θεσσαλονίκης),,,,2026-10-02,2026-10-02,,portal alert,2026-10-02T00:00:00Z
spitogatos.gr,hellenic home,https://www.spitogatos.gr/aggelia/1120905944,Διοικητήριο (Κέντρο Θεσσαλονίκης) Studio/Γκαρσονιέρα 45 τ.μ. προς πώληση,sale,,135000.0,45.0,,,,Διοικητήριο (Κέντρο Θεσσαλονίκης),,,,2026-10-02,2026-10-02,,portal alert,2026-10-02T00:00:00Z
spitogatos.gr,Uniland,https://www.spitogatos.gr/aggelia/1120911302,Ξηροκρήνη (Ξηροκρήνη - Παναγία Φανερωμένη) Διαμέρισμα 96 τ.μ. προς πώληση,sale,,170000.0,96.0,,,,Ξηροκρήνη (Ξηροκρήνη - Παναγία Φανερωμένη),,,,2026-09-28,2026-09-28,,portal alert,2026-09-28T00:00:00Z
spitogatos.gr,NORTHS.K.Y,https://www.spitogatos.gr/aggelia/1120911683,Αγία Αικατερίνη (Άνω Πόλη) Διαμέρισμα 72 τ.μ. προς πώληση,sale,,96000.0,72.0,,,,Αγία Αικατερίνη (Άνω Πόλη),,,,,2026-10-02,,portal alert,2026-10-02T00:00:00Z
spitogatos.gr,Εγνατία Κτηματομεσιτικες Υπηρεσίες Ε.Ε.,https://www.spitogatos.gr/aggelia/1120918870,Κουντουριώτη (Νεάπολη) Διαμέρισμα 82 τ.μ. προς πώληση,sale,,102000.0,82.0,,,,Κουντουριώτη (Νεάπολη),,,,2026-09-30,2026-09-30,,portal alert,2026-09-30T00:00:00Z
spitogatos.gr,KA.ZA.properties,https://www.spitogatos.gr/aggelia/1120920560,Κάτω Ηλιούπολη (Σταυρούπολη) Διαμέρισμα 93 τ.μ. προς πώληση,sale,,210000.0,93.0,,,,Κάτω Ηλιούπολη (Σταυρούπολη),,,,2026-09-28,2026-09-28,,portal alert,2026-09-28T00:00:00Z
spitogatos.gr,KW NORTH,https://www.spitogatos.gr/aggelia/1120928004,Χαριλάου (Θεσσαλονίκη - Δήμος) Διαμέρισμα 50 τ.μ. προς πώληση,sale,,146000.0,50.0,,,,Χαριλάου (Θεσσαλονίκη - Δήμος),,,,2026-09-28,2026-09-28,,portal alert,2026-09-28T00:00:00Z
spitogatos.gr,LIBERTY,https://www.spitogatos.gr/aggelia/1120928486,Αγία Σοφία (Κέντρο Θεσσαλονίκης) Διαμέρισμα 105 τ.μ. προς πώληση,sale,,340000.0,105.0,,,,Αγία Σοφία (Κέντρο Θεσσαλονίκης),,,,2026-09-29,2026-09-29,,portal alert,2026-09-29T00:00:00Z
spitogatos.gr,Simple Way,https://www.spitogatos.gr/aggelia/1120928517,Συκιές (Θεσσαλονίκη - Περιφ/κοί δήμοι) Διαμέρισμα 37 τ.μ. προς πώληση,sale,,72000.0,37.0,,,,Συκιές (Θεσσαλονίκη - Περιφ/κοί δήμοι),,,,2026-09-29,2026-09-29,,portal alert,2026-09-29T00:00:00Z
spitogatos.gr,Invista.gr Real Estate,https://www.spitogatos.gr/aggelia/1120928622,Βότση (Καλαμαριά) Διαμέρισμα 44 τ.μ. προς πώληση,sale,,130000.0,44.0,,,,Βότση (Καλαμαριά),,,,2026-10-01,2026-10-01,,portal alert,2026-10-01T00:00:00Z
spitogatos.gr,Georgakos Real Estate,https://www.spitogatos.gr/aggelia/1120928989,ΔΕΘ (Κέντρο Θεσσαλονίκης) Studio/Γκαρσονιέρα 30 τ.μ. προς πώληση,sale,,71000.0,30.0,,,,ΔΕΘ (Κέντρο Θεσσαλονίκης),,,,2026-10-02,2026-10-02,,portal alert,2026-10-02T00:00:00Z
spitogatos.gr,Georgakos Real Estate,https://www.spitogatos.gr/aggelia/1120929035,ΔΕΘ (Κέντρο Θεσσαλονίκης) Studio/Γκαρσονιέρα 30 τ.μ. προς πώληση,sale,,67000.0,30.0,,,,ΔΕΘ (Κέντρο Θεσσαλονίκης),,,,2026-10-02,2026-10-02,,portal alert,2026-10-02T00:00:00Z
spitogatos.gr,Spitogatos,https://www.spitogatos.gr/aggelia/1120931603,Μαλακοπή (Τούμπα) Διαμέρισμα 97 τ.μ. προς πώληση,sale,,249000.0,97.0,,,,Μαλακοπή (Τούμπα),,,,2026-09-29,2026-09-29,,portal alert,2026-09-29T00:00:00Z
spitogatos.gr,ΚΤΗΜΑΤΟΜΕΣΙΤΙΚΟ ΓΡΑΦΕΙΟ ΠΟΛΙΤΗΣ ΣΑΚΗΣ,https://www.spitogatos.gr/aggelia/1120934799,Κάτω Ηλιούπολη (Σταυρούπολη) Διαμέρισμα 91 τ.μ. προς πώληση,sale,,210000.0,91.0,,,,Κάτω Ηλιούπολη (Σταυρούπολη),,,,2026-10-02,2026-10-02,,portal alert,2026-10-02T00:00:00Z
spitogatos.gr,ΚΟΙΝΟΣΠΙΤΟ,https://www.spitogatos.gr/aggelia/1120935999,Ρωμαϊκή Αγορά - Βενιζέλου - Ιστορικό Κέντρο (Κέντρο Θεσσαλονίκης) Διαμέρισμα 75 τ.μ. προς πώληση,sale,,180000.0,75.0,,,,Ρωμαϊκή Αγορά - Βενιζέλου - Ιστορικό Κέντρο (Κέντρο Θεσσαλονίκης),,,,2026-09-28,2026-09-28,,portal alert,2026-09-28T00:00:00Z
spitogatos.gr,BLUESTONE REAL ESTATE,https://www.spitogatos.gr/aggelia/1120936764,Βότση (Καλαμαριά) Studio/Γκαρσονιέρα 39 τ.μ. προς πώληση,sale,,179000.0,39.0,,,,Βότση (Καλαμαριά),,,,2026-10-01,2026-10-01,,portal alert,2026-10-01T00:00:00Z
spitogatos.gr,VALUE Properties,https://www.spitogatos.gr/aggelia/1120938447,Πανόραμα (Θεσσαλονίκη - Περιφ/κοί δήμοι) Μεζονέτα 372 τ.μ. προς πώληση,sale,,257920.0,372.0,,,,Πανόραμα (Θεσσαλονίκη - Περιφ/κοί δήμοι),,,,2026-09-29,2026-09-29,,portal alert,2026-09-29T00:00:00Z
spitogatos.gr,Spitogatos,https://www.spitogatos.gr/aggelia/1120940624,Ανάληψη - Μπότσαρη (Ανάληψη - Μπότσαρη - Νέα Παραλία) Διαμέρισμα 107 τ.μ. προς πώληση,sale,,250000.0,107.0,,,,Ανάληψη - Μπότσαρη (Ανάληψη - Μπότσαρη - Νέα Παραλία),,,,2026-09-27,2026-09-27,,portal alert,2026-09-27T00:00:00Z
spitogatos.gr,GREEK HOME,https://www.spitogatos.gr/aggelia/1120940674,Ανάληψη - Μπότσαρη - Νέα Παραλία (Θεσσαλονίκη - Δήμος) Διαμέρισμα 107 τ.μ. προς πώληση,sale,,250000.0,107.0,,,,Ανάληψη - Μπότσαρη - Νέα Παραλία (Θεσσαλονίκη - Δήμος),,,,2026-09-27,2026-09-28,,portal alert,2026-09-28T00:00:00Z
spitogatos.gr,DM REAL ESTATE,https://www.spitogatos.gr/aggelia/1120940677,Ξηροκρήνη (Ξηροκρήνη - Παναγία Φανερωμένη) Loft 90 τ.μ. προς πώληση,sale,,83000.0,90.0,,,,Ξηροκρήνη (Ξηροκρήνη - Παναγία Φανερωμένη),,,,2026-09-27,2026-09-28,,portal alert,2026-09-28T00:00:00Z
spitogatos.gr,ΒΟΥΡΤΗΣ REAL ESTATE,https://www.spitogatos.gr/aggelia/1120940689,Πλατεία Ναυαρίνου (Κέντρο Θεσσαλονίκης) Διαμέρισμα 70 τ.μ. προς πώληση,sale,,185000.0,70.0,,,,Πλατεία Ναυαρίνου (Κέντρο Θεσσαλονίκης),,,,2026-09-27,2026-09-28,,portal alert,2026-09-28T00:00:00Z
spitogatos.gr,Spitogatos,https://www.spitogatos.gr/aggelia/1120940698,Άνω Αναγέννηση (Νεάπολη) Studio/Γκαρσονιέρα 36 τ.μ. προς πώληση,sale,,100000.0,36.0,,,,Άνω Αναγέννηση (Νεάπολη),,,,2026-09-27,2026-09-27,,portal alert,2026-09-27T00:00:00Z
spitogatos.gr,Spitogatos,https://www.spitogatos.gr/aggelia/1120940713,Άνω Αναγέννηση (Νεάπολη) Διαμέρισμα 60 τ.μ. προς πώληση,sale,,150000.0,60.0,,,,Άνω Αναγέννηση (Νεάπολη),,,,2026-09-27,2026-09-27,,portal alert,2026-09-27T00:00:00Z
spitogatos.gr,Spitogatos,https://www.spitogatos.gr/aggelia/1120940729,Συκιές (Θεσσαλονίκη - Περιφ/κοί δήμοι) Studio/Γκαρσονιέρα 37 τ.μ. προς πώληση,sale,,72000.0,37.0,,,,Συκιές (Θεσσαλονίκη - Περιφ/κοί δήμοι),,,,2026-09-27,2026-09-27,,portal alert,2026-09-27T00:00:00Z
spitogatos.gr,G Property,https://www.spitogatos.gr/aggelia/1120940762,Διοικητήριο (Κέντρο Θεσσαλονίκης) Διαμέρισμα 50 τ.μ. προς πώληση,sale,,150000.0,50.0,,,,Διοικητήριο (Κέντρο Θεσσαλονίκης),,,,2026-09-27,2026-09-28,,portal alert,2026-09-28T00:00:00Z
spitogatos.gr,ThessMesiti.gr,https://www.spitogatos.gr/aggelia/1120940882,Φάληρο - Ιπποκράτειο (Θεσσαλονίκη - Δήμος) Διαμέρισμα 60 τ.μ. προς πώληση,sale,,76000.0,60.0,,,,Φάληρο - Ιπποκράτειο (Θεσσαλονίκη - Δήμος),,,,2026-09-27,2026-09-28,,portal alert,2026-09-28T00:00:00Z
spitogatos.gr,Golden Home Real Estate,https://www.spitogatos.gr/aggelia/1120940927,Άγιος Κοσμάς (Εύοσμος) Μεζονέτα 130 τ.μ. προς πώληση,sale,,350000.0,130.0,,,,Άγιος Κοσμάς (Εύοσμος),,,,2026-09-27,2026-09-27,,portal alert,2026-09-27T00:00:00Z
spitogatos.gr,Golden Home Real Estate,https://www.spitogatos.gr/aggelia/1120940931,Άγιος Κοσμάς (Εύοσμος) Διαμέρισμα 86 τ.μ. προς πώληση,sale,,205000.0,86.0,,,,Άγιος Κοσμάς (Εύοσμος),,,,2026-09-27,2026-09-27,,portal alert,2026-09-27T00:00:00Z
spitogatos.gr,Golden Home Real Estate,https://www.spitogatos.gr/aggelia/1120940943,Άγιος Κοσμάς (Εύοσμος) Διαμέρισμα 82 τ.μ. προς πώληση,sale,,186000.0,82.0,,,,Άγιος Κοσμάς (Εύοσμος),,,,2026-09-27,2026-09-27,,portal alert,2026-09-27T00:00:00Z
spitogatos.gr,ΠΑΠΑΔΟΠΟΥΛΟΣ ΓΕΩΡΓΙΟΣ,https://www.spitogatos.gr/aggelia/1120941012,Διοικητήριο (Κέντρο Θεσσαλονίκης) Διαμέρισμα 112 τ.μ. προς πώληση,sale,,185000.0,112.0,,,,Διοικητήριο (Κέντρο Θεσσαλονίκης),,,,2026-09-27,2026-09-28,,portal alert,2026-09-28T00:00:00Z
spitogatos.gr,EIGHT REAL ESTATE,https://www.spitogatos.gr/aggelia/1120941446,Πλατεία Εμπορίου - Ανω Λαδάδικα - Ιστορικό Κέντρο (Κέντρο Θεσσαλονίκης) Διαμέρισμα 45 τ.μ. προς πώληση,sale,,192000.0,45.0,,,,Πλατεία Εμπορίου - Ανω Λαδάδικα - Ιστορικό Κέντρο (Κέντρο Θεσσαλονίκης),,,,2026-09-28,2026-09-28,,portal alert,2026-09-28T00:00:00Z
spitogatos.gr,EIGHT REAL ESTATE,https://www.spitogatos.gr/aggelia/1120941471,Τριανδρία (Τριανδρία - Δόξα - Κρυονέρι) Διαμέρισμα 30 τ.μ. προς πώληση,sale,,128000.0,30.0,,,,Τριανδρία (Τριανδρία - Δόξα - Κρυονέρι),,,,2026-09-28,2026-09-28,,portal alert,2026-09-28T00:00:00Z
spitogatos.gr,EIGHT REAL ESTATE,https://www.spitogatos.gr/aggelia/1120941473,Τριανδρία (Τριανδρία - Δόξα - Κρυονέρι) Διαμέρισμα 41 τ.μ. προς πώληση,sale,,140000.0,41.0,,,,Τριανδρία (Τριανδρία - Δόξα - Κρυονέρι),,,,2026-09-28,2026-09-28,,portal alert,2026-09-28T00:00:00Z
spitogatos.gr,ΠΑΠΑΔΟΠΟΥΛΟΣ ΓΕΩΡΓΙΟΣ,https://www.spitogatos.gr/aggelia/1120941501,Δέρκων (Καλαμαριά) Διαμέρισμα 80 τ.μ. προς πώληση,sale,,245000.0,80.0,,,,Δέρκων (Καλαμαριά),,,,2026-09-28,2026-09-28,,portal alert,2026-09-28T00:00:00Z
spitogatos.gr,EIGHT REAL ESTATE,https://www.spitogatos.gr/aggelia/1120941513,Τριανδρία (Τριανδρία - Δόξα - Κρυονέρι) Διαμέρισμα 42 τ.μ. προς πώληση,sale,,158000.0,42.0,,,,Τριανδρία (Τριανδρία - Δόξα - Κρυονέρι),,,,2026-09-28,2026-09-28,,portal alert,2026-09-28T00:00:00Z
spitogatos.gr,Gaia Realty,https://www.spitogatos.gr/aggelia/1120942152,Παναγία Φανερωμένη (Ξηροκρήνη - Παναγία Φανερωμένη) Studio/Γκαρσονιέρα 41 τ.μ. προς πώληση,sale,,57000.0,41.0,,,,Παναγία Φανερωμένη (Ξηροκρήνη - Παναγία Φανερωμένη),,,,2026-09-28,2026-09-28,,portal alert,2026-09-28T00:00:00Z
spitogatos.gr,VILLA in GR,https://www.spitogatos.gr/aggelia/1120942192,Αγία Τριάδα (Φάληρο - Ιπποκράτειο) Διαμέρισμα 30 τ.μ. προς πώληση,sale,,157000.0,30.0,,,,Αγία Τριάδα (Φάληρο - Ιπποκράτειο),,,,2026-09-28,2026-09-28,,portal alert,2026-09-28T00:00:00Z
spitogatos.gr,ΑΝΥΗΟΜΕ,https://www.spitogatos.gr/aggelia/1120942368,Άνω Πόλη (Θεσσαλονίκη - Δήμος) Διαμέρισμα 75 τ.μ. προς πώληση,sale,,97000.0,75.0,,,,Άνω Πόλη (Θεσσαλονίκη - Δήμος),,,,2026-09-28,2026-09-28,,portal alert,2026-09-28T00:00:00Z
spitogatos.gr,ΑΝΥΗΟΜΕ,https://www.spitogatos.gr/aggelia/1120942371,Διοικητήριο (Κέντρο Θεσσαλονίκης) Studio/Γκαρσονιέρα 35 τ.μ. προς πώληση,sale,,97000.0,35.0,,,,Διοικητήριο (Κέντρο Θεσσαλονίκης),,,,2026-09-28,2026-09-28,,portal alert,2026-09-28T00:00:00Z
spitogatos.gr,ΑΝΥΗΟΜΕ,https://www.spitogatos.gr/aggelia/1120942381,Νεάπολη (Θεσσαλονίκη - Περιφ/κοί δήμοι) Studio/Γκαρσονιέρα 30 τ.μ. προς πώληση,sale,,96000.0,30.0,,,,Νεάπολη (Θεσσαλονίκη - Περιφ/κοί δήμοι),,,,2026-09-28,2026-09-28,,portal alert,2026-09-28T00:00:00Z
spitogatos.gr,ΑΝΥΗΟΜΕ,https://www.spitogatos.gr/aggelia/1120942384,Τριανδρία (Τριανδρία - Δόξα - Κρυονέρι) Studio/Γκαρσονιέρα 46 τ.μ. προς πώληση,sale,,96000.0,46.0,,,,Τριανδρία (Τριανδρία - Δόξα - Κρυονέρι),,,,2026-09-28,2026-09-28,,portal alert,2026-09-28T00:00:00Z
spitogatos.gr,NewDeal Group,https://www.spitogatos.gr/aggelia/1120942429,Κάτω Τούμπα (Τούμπα) Διαμέρισμα 60 τ.μ. προς πώληση,sale,,167000.0,60.0,,,,Κάτω Τούμπα (Τούμπα),,,,2026-09-28,2026-09-28,,portal alert,2026-09-28T00:00:00Z
spitogatos.gr,RE/MAX Urban,https://www.spitogatos.gr/aggelia/1120942436,Κέντρο Θεσσαλονίκης (Θεσσαλονίκη - Δήμος) Διαμέρισμα 53 τ.μ. προς πώληση,sale,,300000.0,53.0,,,,Κέντρο Θεσσαλονίκης (Θεσσαλονίκη - Δήμος),,,,2026-09-28,2026-09-28,,portal alert,2026-09-28T00:00:00Z
spitogatos.gr,Seven Real Estate,https://www.spitogatos.gr/aggelia/1120942447,Παπάφη - Άγιος Φανούριος (Τούμπα) Studio/Γκαρσονιέρα 27 τ.μ. προς πώληση,sale,,70000.0,27.0,,,,Παπάφη - Άγιος Φανούριος (Τούμπα),,,,2026-09-28,2026-09-28,,portal alert,2026-09-28T00:00:00Z
spitogatos.gr,Seven Real Estate,https://www.spitogatos.gr/aggelia/1120942454,Παπάφη - Άγιος Φανούριος (Τούμπα) Studio/Γκαρσονιέρα 29 τ.μ. προς πώληση,sale,,77000.0,29.0,,,,Παπάφη - Άγιος Φανούριος (Τούμπα),,,,2026-09-28,2026-09-28,,portal alert,2026-09-28T00:00:00Z
spitogatos.gr,Seven Real Estate,https://www.spitogatos.gr/aggelia/1120942462,Παπάφη - Άγιος Φανούριος (Τούμπα) Studio/Γκαρσονιέρα 30 τ.μ. προς πώληση,sale,,100000.0,30.0,,,,Παπάφη - Άγιος Φανούριος (Τούμπα),,,,2026-09-28,2026-09-28,,portal alert,2026-09-28T00:00:00Z
spitogatos.gr,Seven Real Estate,https://www.spitogatos.gr/aggelia/1120942480,Μαλακοπή (Τούμπα) Studio/Γκαρσονιέρα 28 τ.μ. προς πώληση,sale,,113500.0,28.0,,,,Μαλακοπή (Τούμπα),,,,2026-09-28,2026-09-28,,portal alert,2026-09-28T00:00:00Z
spitogatos.gr,Seven Real Estate,https://www.spitogatos.gr/aggelia/1120942590,Τριανδρία (Τριανδρία - Δόξα - Κρυονέρι) Studio/Γκαρσονιέρα 45 τ.μ. προς πώληση,sale,,55000.0,45.0,,,,Τριανδρία (Τριανδρία - Δόξα - Κρυονέρι),,,,2026-09-28,2026-09-28,,portal alert,2026-09-28T00:00:00Z
spitogatos.gr,OLYMPUS real estate agency,https://www.spitogatos.gr/aggelia/1120942661,Χαριλάου (Θεσσαλονίκη - Δήμος) Διαμέρισμα 53 τ.μ. προς πώληση,sale,,82500.0,53.0,,,,Χαριλάου (Θεσσαλονίκη - Δήμος),,,,2026-09-28,2026-09-28,,portal alert,2026-09-28T00:00:00Z
spitogatos.gr,Seven Real Estate,https://www.spitogatos.gr/aggelia/1120942676,Άνω Τούμπα (Τούμπα) Studio/Γκαρσονιέρα 25 τ.μ. προς πώληση,sale,,70000.0,25.0,,,,Άνω Τούμπα (Τούμπα),,,,2026-09-28,2026-09-28,,portal alert,2026-09-28T00:00:00Z
spitogatos.gr,Pisti Real Estate,https://www.spitogatos.gr/aggelia/1120942680,Ευζώνων - Πεδίον Άρεως (Φάληρο - Ιπποκράτειο) Διαμέρισμα 136 τ.μ. προς πώληση,sale,,750000.0,136.0,,,,Ευζώνων - Πεδίον Άρεως (Φάληρο - Ιπποκράτειο),,,,2026-09-28,2026-09-28,,portal alert,2026-09-28T00:00:00Z
spitogatos.gr,Seven Real Estate,https://www.spitogatos.gr/aggelia/1120942694,Κάτω Τούμπα (Τούμπα) Studio/Γκαρσονιέρα 35 τ.μ. προς πώληση,sale,,80000.0,35.0,,,,Κάτω Τούμπα (Τούμπα),,,,2026-09-28,2026-09-28,,portal alert,2026-09-28T00:00:00Z
spitogatos.gr,Seven Real Estate,https://www.spitogatos.gr/aggelia/1120942703,Κάτω Τούμπα (Τούμπα) Studio/Γκαρσονιέρα 35 τ.μ. προς πώληση,sale,,80000.0,35.0,,,,Κάτω Τούμπα (Τούμπα),,,,2026-09-28,2026-09-28,,portal alert,2026-09-28T00:00:00Z
spitogatos.gr,Seven Real Estate,https://www.spitogatos.gr/aggelia/1120942716,Άνω Πόλη (Θεσσαλονίκη - Δήμος) Studio/Γκαρσονιέρα 40 τ.μ. προς πώληση,sale,,115000.0,40.0,,,,Άνω Πόλη (Θεσσαλονίκη - Δήμος),,,,2026-09-28,2026-09-28,,portal alert,2026-09-28T00:00:00Z
spitogatos.gr,keramidogatos real estate,https://www.spitogatos.gr/aggelia/1120942727,Αριστοτέλους - Ιστορικό Κέντρο (Κέντρο Θεσσαλονίκης) Διαμέρισμα 75 τ.μ. προς πώληση,sale,,145000.0,75.0,,,,Αριστοτέλους - Ιστορικό Κέντρο (Κέντρο Θεσσαλονίκης),,,,2026-09-28,2026-09-28,,portal alert,2026-09-28T00:00:00Z
spitogatos.gr,ΕΛΛΗΝΙΚΗ ΕΠΕΝΔΥΣΗ ΑΚΙΝΗΤΩΝ,https://www.spitogatos.gr/aggelia/1120942764,Διοικητήριο (Κέντρο Θεσσαλονίκης) Studio/Γκαρσονιέρα 52 τ.μ. προς πώληση,sale,,150000.0,52.0,,,,Διοικητήριο (Κέντρο Θεσσαλονίκης),,,,2026-09-28,2026-09-29,,portal alert,2026-09-29T00:00:00Z
spitogatos.gr,Seven Real Estate,https://www.spitogatos.gr/aggelia/1120942791,Μαλακοπή (Τούμπα) Studio/Γκαρσονιέρα 54 τ.μ. προς πώληση,sale,,165000.0,54.0,,,,Μαλακοπή (Τούμπα),,,,2026-09-28,2026-09-28,,portal alert,2026-09-28T00:00:00Z
spitogatos.gr,Seven Real Estate,https://www.spitogatos.gr/aggelia/1120942822,Μαλακοπή (Τούμπα) Studio/Γκαρσονιέρα 54 τ.μ. προς πώληση,sale,,165000.0,54.0,,,,Μαλακοπή (Τούμπα),,,,2026-09-28,2026-09-28,,portal alert,2026-09-28T00:00:00Z
spitogatos.gr,Easy Home Real Estate,https://www.spitogatos.gr/aggelia/1120942879,Διοικητήριο (Κέντρο Θεσσαλονίκης) Studio/Γκαρσονιέρα 28 τ.μ. προς πώληση,sale,,95000.0,28.0,,,,Διοικητήριο (Κέντρο Θεσσαλονίκης),,,,2026-09-28,2026-09-28,,portal alert,2026-09-28T00:00:00Z
spitogatos.gr,ΓΑΙΟΚΤΗΣΙΕΣ,https://www.spitogatos.gr/aggelia/1120942904,Κέντρο Θεσσαλονίκης (Θεσσαλονίκη - Δήμος) Διαμέρισμα 33 τ.μ. προς πώληση,sale,,165000.0,33.0,,,,Κέντρο Θεσσαλονίκης (Θεσσαλονίκη - Δήμος),,,,2026-09-28,2026-09-28,,portal alert,2026-09-28T00:00:00Z
spitogatos.gr,Seven Real Estate,https://www.spitogatos.gr/aggelia/1120942914,Μαλακοπή (Τούμπα) Studio/Γκαρσονιέρα 54 τ.μ. προς πώληση,sale,,170000.0,54.0,,,,Μαλακοπή (Τούμπα),,,,2026-09-28,2026-09-28,,portal alert,2026-09-28T00:00:00Z
spitogatos.gr,Seven Real Estate,https://www.spitogatos.gr/aggelia/1120942927,Κάτω Τούμπα (Τούμπα) Studio/Γκαρσονιέρα 51 τ.μ. προς πώληση,sale,,170000.0,51.0,,,,Κάτω Τούμπα (Τούμπα),,,,2026-09-28,2026-09-28,,portal alert,2026-09-28T00:00:00Z
spitogatos.gr,Easy Home Real Estate,https://www.spitogatos.gr/aggelia/1120942942,Διοικητήριο (Κέντρο Θεσσαλονίκης) Studio/Γκαρσονιέρα 25 τ.μ. προς πώληση,sale,,95000.0,25.0,,,,Διοικητήριο (Κέντρο Θεσσαλονίκης),,,,2026-09-28,2026-09-28,,portal alert,2026-09-28T00:00:00Z
spitogatos.gr,ΓΑΙΟΚΤΗΣΙΕΣ,https://www.spitogatos.gr/aggelia/1120942953,Κέντρο Θεσσαλονίκης (Θεσσαλονίκη - Δήμος) Διαμέρισμα 38 τ.μ. προς πώληση,sale,,186000.0,38.0,,,,Κέντρο Θεσσαλονίκης (Θεσσαλονίκη - Δήμος),,,,2026-09-28,2026-09-28,,portal alert,2026-09-28T00:00:00Z
spitogatos.gr,Seven Real Estate,https://www.spitogatos.gr/aggelia/1120942964,Κέντρο (Χαριλάου) Studio/Γκαρσονιέρα 60 τ.μ. προς πώληση,sale,,195000.0,60.0,,,,Κέντρο (Χαριλάου),,,,2026-09-28,2026-09-28,,portal alert,2026-09-28T00:00:00Z
spitogatos.gr,Seven Real Estate,https://www.spitogatos.gr/aggelia/1120942978,Μαλακοπή (Τούμπα) Studio/Γκαρσονιέρα 67 τ.μ. προς πώληση,sale,,230000.0,67.0,,,,Μαλακοπή (Τούμπα),,,,2026-09-28,2026-09-28,,portal alert,2026-09-28T00:00:00Z
spitogatos.gr,Seven Real Estate,https://www.spitogatos.gr/aggelia/1120942994,Μαλακοπή (Τούμπα) Studio/Γκαρσονιέρα 54 τ.μ. προς πώληση,sale,,250000.0,54.0,,,,Μαλακοπή (Τούμπα),,,,2026-09-28,2026-09-28,,portal alert,2026-09-28T00:00:00Z
spitogatos.gr,IKIMA Real Estate,https://www.spitogatos.gr/aggelia/1120943000,Τουρκικό Προξενείο (Κέντρο Θεσσαλονίκης) Studio/Γκαρσονιέρα 35 τ.μ. προς πώληση,sale,,104000.0,35.0,,,,Τουρκικό Προξενείο (Κέντρο Θεσσαλονίκης),,,,2026-09-28,2026-09-28,,portal alert,2026-09-28T00:00:00Z
spitogatos.gr,ΓΑΙΟΚΤΗΣΙΕΣ,https://www.spitogatos.gr/aggelia/1120943023,Αγία Τριάδα (Φάληρο - Ιπποκράτειο) Διαμέρισμα 51 τ.μ. προς πώληση,sale,,165000.0,51.0,,,,Αγία Τριάδα (Φάληρο - Ιπποκράτειο),,,,2026-09-28,2026-09-28,,portal alert,2026-09-28T00:00:00Z
spitogatos.gr,Seven Real Estate,https://www.spitogatos.gr/aggelia/1120943028,Χαριλάου (Θεσσαλονίκη - Δήμος) Διαμέρισμα 82 τ.μ. προς πώληση,sale,,160000.0,82.0,,,,Χαριλάου (Θεσσαλονίκη - Δήμος),,,,2026-09-28,2026-09-28,,portal alert,2026-09-28T00:00:00Z
spitogatos.gr,Arcus Real Estate,https://www.spitogatos.gr/aggelia/1120943050,Ανάληψη - Μπότσαρη (Ανάληψη - Μπότσαρη - Νέα Παραλία) Διαμέρισμα 99 τ.μ. προς πώληση,sale,,265000.0,99.0,,,,Ανάληψη - Μπότσαρη (Ανάληψη - Μπότσαρη - Νέα Παραλία),,,,2026-09-28,2026-09-28,,portal alert,2026-09-28T00:00:00Z
spitogatos.gr,ΓΑΙΟΚΤΗΣΙΕΣ,https://www.spitogatos.gr/aggelia/1120943063,Αγία Τριάδα (Φάληρο - Ιπποκράτειο) Διαμέρισμα 37 τ.μ. προς πώληση,sale,,138000.0,37.0,,,,Αγία Τριάδα (Φάληρο - Ιπποκράτειο),,,,2026-09-28,2026-09-28,,portal alert,2026-09-28T00:00:00Z
spitogatos.gr,SKOREAL,https://www.spitogatos.gr/aggelia/1120943073,Διοικητήριο (Κέντρο Θεσσαλονίκης) Studio/Γκαρσονιέρα 52 τ.μ. προς πώληση,sale,,150000.0,52.0,,,,Διοικητήριο (Κέντρο Θεσσαλονίκης),,,,2026-09-28,2026-09-29,,portal alert,2026-09-29T00:00:00Z
spitogatos.gr,Seven Real Estate,https://www.spitogatos.gr/aggelia/1120943078,Άνω Τούμπα (Τούμπα) Διαμέρισμα 75 τ.μ. προς πώληση,sale,,230000.0,75.0,,,,Άνω Τούμπα (Τούμπα),,,,2026-09-28,2026-09-28,,portal alert,2026-09-28T00:00:00Z
spitogatos.gr,Easy Home Real Estate,https://www.spitogatos.gr/aggelia/1120943123,Διοικητήριο (Κέντρο Θεσσαλονίκης) Studio/Γκαρσονιέρα 36 τ.μ. προς πώληση,sale,,128000.0,36.0,,,,Διοικητήριο (Κέντρο Θεσσαλονίκης),,,,2026-09-28,2026-09-28,,portal alert,2026-09-28T00:00:00Z
spitogatos.gr,GAIA PROPERTIES,https://www.spitogatos.gr/aggelia/1120943125,Άνω Τούμπα (Τούμπα) Studio/Γκαρσονιέρα 33 τ.μ. προς πώληση,sale,,120000.0,33.0,,,,Άνω Τούμπα (Τούμπα),,,,2026-09-28,2026-09-28,,portal alert,2026-09-28T00:00:00Z
spitogatos.gr,GAIA PROPERTIES,https://www.spitogatos.gr/aggelia/1120943127,Άνω Τούμπα (Τούμπα) Studio/Γκαρσονιέρα 47 τ.μ. προς πώληση,sale,,185000.0,47.0,,,,Άνω Τούμπα (Τούμπα),,,,2026-09-28,2026-09-28,,portal alert,2026-09-28T00:00:00Z
spitogatos.gr,GAIA PROPERTIES,https://www.spitogatos.gr/aggelia/1120943132,Άνω Τούμπα (Τούμπα) Διαμέρισμα 79 τ.μ. προς πώληση,sale,,300000.0,79.0,,,,Άνω Τούμπα (Τούμπα),,,,2026-09-28,2026-09-28,,portal alert,2026-09-28T00:00:00Z
spitogatos.gr,GAIA PROPERTIES,https://www.spitogatos.gr/aggelia/1120943138,Άνω Τούμπα (Τούμπα) Διαμέρισμα 78 τ.μ. προς πώληση,sale,,300000.0,78.0,,,,Άνω Τούμπα (Τούμπα),,,,2026-09-28,2026-09-28,,portal alert,2026-09-28T00:00:00Z
spitogatos.gr,GAIA PROPERTIES,https://www.spitogatos.gr/aggelia/1120943144,Άνω Τούμπα (Τούμπα) Μεζονέτα 125 τ.μ. προς πώληση,sale,,480000.0,125.0,,,,Άνω Τούμπα (Τούμπα),,,,2026-09-28,2026-09-28,,portal alert,2026-09-28T00:00:00Z
spitogatos.gr,Seven Real Estate,https://www.spitogatos.gr/aggelia/1120943155,Άνω Τούμπα (Τούμπα) Διαμέρισμα 108 τ.μ. προς πώληση,sale,,185000.0,108.0,,,,Άνω Τούμπα (Τούμπα),,,,2026-09-28,2026-09-28,,portal alert,2026-09-28T00:00:00Z
spitogatos.gr,Seven Real Estate,https://www.spitogatos.gr/aggelia/1120943222,Άνω Τούμπα (Τούμπα) Διαμέρισμα 91 τ.μ. προς πώληση,sale,,250000.0,91.0,,,,Άνω Τούμπα (Τούμπα),,,,2026-09-28,2026-09-28,,portal alert,2026-09-28T00:00:00Z
spitogatos.gr,Seven Real Estate,https://www.spitogatos.gr/aggelia/1120943233,Άνω Τούμπα (Τούμπα) Διαμέρισμα 114 τ.μ. προς πώληση,sale,,250000.0,114.0,,,,Άνω Τούμπα (Τούμπα),,,,2026-09-28,2026-09-28,,portal alert,2026-09-28T00:00:00Z
spitogatos.gr,VILLA in GR,https://www.spitogatos.gr/aggelia/1120943359,Αγία Τριάδα (Φάληρο - Ιπποκράτειο) Διαμέρισμα 20 τ.μ. προς πώληση,sale,,115000.0,20.0,,,,Αγία Τριάδα (Φάληρο - Ιπποκράτειο),,,,2026-09-28,2026-09-28,,portal alert,2026-09-28T00:00:00Z
spitogatos.gr,Karoutas Properties,https://www.spitogatos.gr/aggelia/1120943404,Διοικητήριο (Κέντρο Θεσσαλονίκης) Διαμέρισμα 40 τ.μ. προς πώληση,sale,,120000.0,40.0,,,,Διοικητήριο (Κέντρο Θεσσαλονίκης),,,,2026-09-28,2026-09-28,,portal alert,2026-09-28T00:00:00Z
spitogatos.gr,Seven Real Estate,https://www.spitogatos.gr/aggelia/1120943410,Κάτω Τούμπα (Τούμπα) Διαμέρισμα 113 τ.μ. προς πώληση,sale,,395000.0,113.0,,,,Κάτω Τούμπα (Τούμπα),,,,2026-09-28,2026-09-28,,portal alert,2026-09-28T00:00:00Z
spitogatos.gr,keramidogatos real estate,https://www.spitogatos.gr/aggelia/1120943422,Πανεπιστημιούπολη (Κέντρο Θεσσαλονίκης) Διαμέρισμα 55 τ.μ. προς πώληση,sale,,225000.0,55.0,,,,Πανεπιστημιούπολη (Κέντρο Θεσσαλονίκης),,,,2026-09-28,2026-09-28,,portal alert,2026-09-28T00:00:00Z
spitogatos.gr,PB Homes,https://www.spitogatos.gr/aggelia/1120943434,Νέα Παραλία (Ανάληψη - Μπότσαρη - Νέα Παραλία) Διαμέρισμα 120 τ.μ. προς πώληση,sale,,450000.0,120.0,,,,Νέα Παραλία (Ανάληψη - Μπότσαρη - Νέα Παραλία),,,,2026-09-28,2026-09-28,,portal alert,2026-09-28T00:00:00Z
spitogatos.gr,REMAX Today,https://www.spitogatos.gr/aggelia/1120943452,Νέα Παραλία (Ανάληψη - Μπότσαρη - Νέα Παραλία) Διαμέρισμα 130 τ.μ. προς πώληση,sale,,280000.0,130.0,,,,Νέα Παραλία (Ανάληψη - Μπότσαρη - Νέα Παραλία),,,,2026-09-28,2026-09-28,,portal alert,2026-09-28T00:00:00Z
spitogatos.gr,Factum real estate,https://www.spitogatos.gr/aggelia/1120943460,Κάτω Τούμπα (Τούμπα) Διαμέρισμα 53 τ.μ. προς πώληση,sale,,175000.0,53.0,,,,Κάτω Τούμπα (Τούμπα),,,,2026-09-28,2026-09-28,,portal alert,2026-09-28T00:00:00Z
spitogatos.gr,COZY REAL ESTATE,https://www.spitogatos.gr/aggelia/1120943577,Αγία Τριάδα (Φάληρο - Ιπποκράτειο) Διαμέρισμα 80 τ.μ. προς πώληση,sale,,140000.0,80.0,,,,Αγία Τριάδα (Φάληρο - Ιπποκράτειο),,,,2026-09-28,2026-09-28,,portal alert,2026-09-28T00:00:00Z
spitogatos.gr,Karoutas Properties,https://www.spitogatos.gr/aggelia/1120943603,Ανάληψη - Μπότσαρη (Ανάληψη - Μπότσαρη - Νέα Παραλία) Studio/Γκαρσονιέρα 62 τ.μ. προς πώληση,sale,,72000.0,62.0,,,,Ανάληψη - Μπότσαρη (Ανάληψη - Μπότσαρη - Νέα Παραλία),,,,2026-09-28,2026-09-28,,portal alert,2026-09-28T00:00:00Z
spitogatos.gr,Invista.gr Real Estate,https://www.spitogatos.gr/aggelia/1120943892,Καμάρα - Ροτόντα (Κέντρο Θεσσαλονίκης) Διαμέρισμα 50 τ.μ. προς πώληση,sale,,173000.0,50.0,,,,Καμάρα - Ροτόντα (Κέντρο Θεσσαλονίκης),,,,2026-09-28,2026-09-28,,portal alert,2026-09-28T00:00:00Z
spitogatos.gr,Seven Real Estate,https://www.spitogatos.gr/aggelia/1120944007,Μαλακοπή (Τούμπα) Διαμέρισμα 136 τ.μ. προς πώληση,sale,,620000.0,136.0,,,,Μαλακοπή (Τούμπα),,,,2026-09-28,2026-09-28,,portal alert,2026-09-28T00:00:00Z
spitogatos.gr,MProperties,https://www.spitogatos.gr/aggelia/1120944031,Ξηροκρήνη (Ξηροκρήνη - Παναγία Φανερωμένη) Διαμέρισμα 37 τ.μ. προς πώληση,sale,,80000.0,37.0,,,,Ξηροκρήνη (Ξηροκρήνη - Παναγία Φανερωμένη),,,,2026-09-28,2026-09-28,,portal alert,2026-09-28T00:00:00Z
spitogatos.gr,Dream House,https://www.spitogatos.gr/aggelia/1120944299,Κάτω Τούμπα (Τούμπα) Διαμέρισμα 52 τ.μ. προς πώληση,sale,,87000.0,52.0,,,,Κάτω Τούμπα (Τούμπα),,,,2026-09-28,2026-09-28,,portal alert,2026-09-28T00:00:00Z
spitogatos.gr,Ι.ΑΝΤΩΝΙΑΔΗΣ,https://www.spitogatos.gr/aggelia/1120944807,Κέντρο (Χαριλάου) Studio/Γκαρσονιέρα 40 τ.μ. προς πώληση,sale,,127000.0,40.0,,,,Κέντρο (Χαριλάου),,,,2026-09-28,2026-09-28,,portal alert,2026-09-28T00:00:00Z
spitogatos.gr,Green & Grey,https://www.spitogatos.gr/aggelia/1120945034,Πλατεία Εμπορίου - Ανω Λαδάδικα - Ιστορικό Κέντρο (Κέντρο Θεσσαλονίκης) Studio/Γκαρσονιέρα 45 τ.μ. προς πώληση,sale,,149000.0,45.0,,,,Πλατεία Εμπορίου - Ανω Λαδάδικα - Ιστορικό Κέντρο (Κέντρο Θεσσαλονίκης),,,,2026-09-28,2026-09-28,,portal alert,2026-09-28T00:00:00Z
spitogatos.gr,RE/MAX Gold,https://www.spitogatos.gr/aggelia/1120945344,Διοικητήριο (Κέντρο Θεσσαλονίκης) Διαμέρισμα 78 τ.μ. προς πώληση,sale,,180000.0,78.0,,,,Διοικητήριο (Κέντρο Θεσσαλονίκης),,,,2026-09-28,2026-09-28,,portal alert,2026-09-28T00:00:00Z
spitogatos.gr,DION GROUP Real Estate,https://www.spitogatos.gr/aggelia/1120945452,Κέντρο (Χαριλάου) Διαμέρισμα 107 τ.μ. προς πώληση,sale,,210000.0,107.0,,,,Κέντρο (Χαριλάου),,,,2026-09-28,2026-09-28,,portal alert,2026-09-28T00:00:00Z
spitogatos.gr,Housequest,https://www.spitogatos.gr/aggelia/1120945647,Κάτω Τούμπα (Τούμπα) Διαμέρισμα 87 τ.μ. προς πώληση,sale,,190000.0,87.0,,,,Κάτω Τούμπα (Τούμπα),,,,2026-09-28,2026-09-28,,portal alert,2026-09-28T00:00:00Z
spitogatos.gr,MK real estate,https://www.spitogatos.gr/aggelia/1120945685,Καμάρα - Ροτόντα (Κέντρο Θεσσαλονίκης) Studio/Γκαρσονιέρα 30 τ.μ. προς πώληση,sale,,138000.0,30.0,,,,Καμάρα - Ροτόντα (Κέντρο Θεσσαλονίκης),,,,2026-09-28,2026-09-28,,portal alert,2026-09-28T00:00:00Z
spitogatos.gr,Easy Home Real Estate,https://www.spitogatos.gr/aggelia/1120945782,Ανάληψη - Μπότσαρη - Νέα Παραλία (Θεσσαλονίκη - Δήμος) Διαμέρισμα 55 τ.μ. προς πώληση,sale,,169000.0,55.0,,,,Ανάληψη - Μπότσαρη - Νέα Παραλία (Θεσσαλονίκη - Δήμος),,,,2026-09-28,2026-09-28,,portal alert,2026-09-28T00:00:00Z
spitogatos.gr,Invista.gr Real Estate,https://www.spitogatos.gr/aggelia/1120945826,Ιπποκράτειο (Φάληρο - Ιπποκράτειο) Διαμέρισμα 67 τ.μ. προς πώληση,sale,,183000.0,67.0,,,,Ιπποκράτειο (Φάληρο - Ιπποκράτειο),,,,2026-09-28,2026-09-28,,portal alert,2026-09-28T00:00:00Z
spitogatos.gr,COZY REAL ESTATE,https://www.spitogatos.gr/aggelia/1120946396,Φάληρο - Ιπποκράτειο (Θεσσαλονίκη - Δήμος) Διαμέρισμα 136 τ.μ. προς πώληση,sale,,750000.0,136.0,,,,Φάληρο - Ιπποκράτειο (Θεσσαλονίκη - Δήμος),,,,2026-09-28,2026-09-28,,portal alert,2026-09-28T00:00:00Z
spitogatos.gr,MERRYLAND REAL ESTATE,https://www.spitogatos.gr/aggelia/1120946520,Αντιγονιδών (Κέντρο Θεσσαλονίκης) Διαμέρισμα 53 τ.μ. προς πώληση,sale,,255000.0,53.0,,,,Αντιγονιδών (Κέντρο Θεσσαλονίκης),,,,2026-09-28,2026-09-28,,portal alert,2026-09-28T00:00:00Z
spitogatos.gr,DOMINO ESTATE,https://www.spitogatos.gr/aggelia/1120946658,Ιπποκράτειο (Φάληρο - Ιπποκράτειο) Διαμέρισμα 63 τ.μ. προς πώληση,sale,,230000.0,63.0,,,,Ιπποκράτειο (Φάληρο - Ιπποκράτειο),,,,2026-09-28,2026-09-28,,portal alert,2026-09-28T00:00:00Z
spitogatos.gr,Μεσιτικό Γραφείο Θεςς,https://www.spitogatos.gr/aggelia/1120946917,Μαρτίου (Βούλγαρη - Ντεπώ - Μαρτίου) Διαμέρισμα 37 τ.μ. προς πώληση,sale,,100000.0,37.0,,,,Μαρτίου (Βούλγαρη - Ντεπώ - Μαρτίου),,,,2026-09-28,2026-09-28,,portal alert,2026-09-28T00:00:00Z
spitogatos.gr,De Home,https://www.spitogatos.gr/aggelia/1120946924,Τερψιθέα (Άνω Πόλη) 250 τ.μ. προς πώληση,sale,,1100000.0,250.0,,,,Τερψιθέα (Άνω Πόλη) 250 τ.μ. προς πώληση,,,,2026-09-28,2026-09-28,,portal alert,2026-09-28T00:00:00Z
spitogatos.gr,Μεσιτικό Γραφείο Θεςς,https://www.spitogatos.gr/aggelia/1120946929,Μαρτίου (Βούλγαρη - Ντεπώ - Μαρτίου) Διαμέρισμα 43 τ.μ. προς πώληση,sale,,110000.0,43.0,,,,Μαρτίου (Βούλγαρη - Ντεπώ - Μαρτίου),,,,2026-09-28,2026-09-28,,portal alert,2026-09-28T00:00:00Z
spitogatos.gr,Dream House,https://www.spitogatos.gr/aggelia/1120946934,Κάτω Τούμπα (Τούμπα) Διαμέρισμα 62 τ.μ. προς πώληση,sale,,92000.0,62.0,,,,Κάτω Τούμπα (Τούμπα),,,,2026-09-28,2026-09-28,,portal alert,2026-09-28T00:00:00Z
spitogatos.gr,Μεσιτικό Γραφείο Θεςς,https://www.spitogatos.gr/aggelia/1120946939,Βαρδάρης - Δικαστήρια (Βαρδάρης - Λαχανόκηποι) Διαμέρισμα 40 τ.μ. προς πώληση,sale,,90000.0,40.0,,,,Βαρδάρης - Δικαστήρια (Βαρδάρης - Λαχανόκηποι),,,,2026-09-28,2026-09-28,,portal alert,2026-09-28T00:00:00Z
spitogatos.gr,Μεσιτικό Γραφείο Θεςς,https://www.spitogatos.gr/aggelia/1120946944,Βαρδάρης - Δικαστήρια (Βαρδάρης - Λαχανόκηποι) Διαμέρισμα 27 τ.μ. προς πώληση,sale,,88000.0,27.0,,,,Βαρδάρης - Δικαστήρια (Βαρδάρης - Λαχανόκηποι),,,,2026-09-28,2026-09-28,,portal alert,2026-09-28T00:00:00Z
spitogatos.gr,Μεσιτικό Γραφείο Θεςς,https://www.spitogatos.gr/aggelia/1120946953,Βαρδάρης - Δικαστήρια (Βαρδάρης - Λαχανόκηποι) Διαμέρισμα 44 τ.μ. προς πώληση,sale,,95000.0,44.0,,,,Βαρδάρης - Δικαστήρια (Βαρδάρης - Λαχανόκηποι),,,,2026-09-28,2026-09-28,,portal alert,2026-09-28T00:00:00Z
spitogatos.gr,Forumland Real Estate,https://www.spitogatos.gr/aggelia/1120947068,Ρωμαϊκή Αγορά - Βενιζέλου - Ιστορικό Κέντρο (Κέντρο Θεσσαλονίκης) Διαμέρισμα 95 τ.μ. προς πώληση,sale,,375000.0,95.0,,,,Ρωμαϊκή Αγορά - Βενιζέλου - Ιστορικό Κέντρο (Κέντρο Θεσσαλονίκης),,,,2026-09-28,2026-09-28,,portal alert,2026-09-28T00:00:00Z
spitogatos.gr,ΓΚΟΥΓΚΛΕΡΗ ΜΕΣΙΤΙΚΟ,https://www.spitogatos.gr/aggelia/1120947145,Χαριλάου (Θεσσαλονίκη - Δήμος) Studio/Γκαρσονιέρα 30 τ.μ. προς πώληση,sale,,75000.0,30.0,,,,Χαριλάου (Θεσσαλονίκη - Δήμος),,,,2026-09-28,2026-09-28,,portal alert,2026-09-28T00:00:00Z
spitogatos.gr,Bee Orama real estate,https://www.spitogatos.gr/aggelia/1120947262,Βούλγαρη - Ντεπώ - Μαρτίου (Θεσσαλονίκη - Δήμος) Διαμέρισμα 103 τ.μ. προς πώληση,sale,,140000.0,103.0,,,,Βούλγαρη - Ντεπώ - Μαρτίου (Θεσσαλονίκη - Δήμος),,,,2026-09-28,2026-09-28,,portal alert,2026-09-28T00:00:00Z
spitogatos.gr,Hellas Property Management / Διαχείριση Ακινήτων,https://www.spitogatos.gr/aggelia/1120947277,Άνω Τούμπα (Τούμπα) Studio/Γκαρσονιέρα 40 τ.μ. προς πώληση,sale,,160000.0,40.0,,,,Άνω Τούμπα (Τούμπα),,,,2026-09-28,2026-09-28,,portal alert,2026-09-28T00:00:00Z
spitogatos.gr,PRO GREECE,https://www.spitogatos.gr/aggelia/1120947298,Σταθμός ΟΣΕ (Βαρδάρης - Λαχανόκηποι) Διαμέρισμα 42 τ.μ. προς πώληση,sale,,75000.0,42.0,,,,Σταθμός ΟΣΕ (Βαρδάρης - Λαχανόκηποι),,,,2026-09-28,2026-09-28,,portal alert,2026-09-28T00:00:00Z
spitogatos.gr,Like Home,https://www.spitogatos.gr/aggelia/1120947336,Αγία Τριάδα (Φάληρο - Ιπποκράτειο) Διαμέρισμα 78 τ.μ. προς πώληση,sale,,225000.0,78.0,,,,Αγία Τριάδα (Φάληρο - Ιπποκράτειο),,,,2026-09-28,2026-09-28,,portal alert,2026-09-28T00:00:00Z
spitogatos.gr,IKIMA Real Estate,https://www.spitogatos.gr/aggelia/1120947337,Βούλγαρη - Άγιος Ελευθέριος - Ντεπώ (Βούλγαρη - Ντεπώ - Μαρτίου) Studio/Γκαρσονιέρα 55 τ.μ. προς πώληση,sale,,170000.0,55.0,,,,Βούλγαρη - Άγιος Ελευθέριος - Ντεπώ (Βούλγαρη - Ντεπώ - Μαρτίου),,,,2026-09-28,2026-09-28,,portal alert,2026-09-28T00:00:00Z
spitogatos.gr,VILLA in GR,https://www.spitogatos.gr/aggelia/1120947347,Άγιος Δημήτριος (Κέντρο Θεσσαλονίκης) Διαμέρισμα 65 τ.μ. προς πώληση,sale,,120000.0,65.0,,,,Άγιος Δημήτριος (Κέντρο Θεσσαλονίκης),,,,2026-09-28,2026-09-28,,portal alert,2026-09-28T00:00:00Z
spitogatos.gr,ThessMesiti.gr,https://www.spitogatos.gr/aggelia/1120947497,Διοικητήριο (Κέντρο Θεσσαλονίκης) Διαμέρισμα 85 τ.μ. προς πώληση,sale,,155000.0,85.0,,,,Διοικητήριο (Κέντρο Θεσσαλονίκης),,,,2026-09-28,2026-09-28,,portal alert,2026-09-28T00:00:00Z
spitogatos.gr,CITYBUILD,https://www.spitogatos.gr/aggelia/1120947504,Ιπποκράτειο (Φάληρο - Ιπποκράτειο) Studio/Γκαρσονιέρα 42 τ.μ. προς πώληση,sale,,147000.0,42.0,,,,Ιπποκράτειο (Φάληρο - Ιπποκράτειο),,,,2026-09-28,2026-09-28,,portal alert,2026-09-28T00:00:00Z
spitogatos.gr,Hellas Property Management / Διαχείριση Ακινήτων,https://www.spitogatos.gr/aggelia/1120947507,Άνω Τούμπα (Τούμπα) Διαμέρισμα 65 τ.μ. προς πώληση,sale,,250000.0,65.0,,,,Άνω Τούμπα (Τούμπα),,,,2026-09-28,2026-09-28,,portal alert,2026-09-28T00:00:00Z
spitogatos.gr,ROOTED PILLAR,https://www.spitogatos.gr/aggelia/1120947524,Άγιος Δημήτριος (Κέντρο Θεσσαλονίκης) Διαμέρισμα 70 τ.μ. προς πώληση,sale,,175000.0,70.0,,,,Άγιος Δημήτριος (Κέντρο Θεσσαλονίκης),,,,2026-09-28,2026-09-28,,portal alert,2026-09-28T00:00:00Z
spitogatos.gr,Invista.gr Real Estate,https://www.spitogatos.gr/aggelia/1120947546,Τριανδρία (Τριανδρία - Δόξα - Κρυονέρι) Διαμέρισμα 92 τ.μ. προς πώληση,sale,,270000.0,92.0,,,,Τριανδρία (Τριανδρία - Δόξα - Κρυονέρι),,,,2026-09-28,2026-09-28,,portal alert,2026-09-28T00:00:00Z
spitogatos.gr,Spitogatos,https://www.spitogatos.gr/aggelia/1120947550,Ανάληψη - Μπότσαρη (Ανάληψη - Μπότσαρη - Νέα Παραλία) Διαμέρισμα 114 τ.μ. προς πώληση,sale,,280000.0,114.0,,,,Ανάληψη - Μπότσαρη (Ανάληψη - Μπότσαρη - Νέα Παραλία),,,,2026-09-28,2026-09-28,,portal alert,2026-09-28T00:00:00Z
spitogatos.gr,ThessMesiti.gr,https://www.spitogatos.gr/aggelia/1120947564,Φάληρο - Ιπποκράτειο (Θεσσαλονίκη - Δήμος) Διαμέρισμα 20 τ.μ. προς πώληση,sale,,99000.0,20.0,,,,Φάληρο - Ιπποκράτειο (Θεσσαλονίκη - Δήμος),,,,2026-09-28,2026-09-28,,portal alert,2026-09-28T00:00:00Z
spitogatos.gr,LIBRA PROPERTIES,https://www.spitogatos.gr/aggelia/1120947569,Χαριλάου (Θεσσαλονίκη - Δήμος) Διαμέρισμα 40 τ.μ. προς πώληση,sale,,120000.0,40.0,,,,Χαριλάου (Θεσσαλονίκη - Δήμος),,,,2026-09-28,2026-09-28,,portal alert,2026-09-28T00:00:00Z
spitogatos.gr,Thessaloniki Real Estate,https://www.spitogatos.gr/aggelia/1120947617,Παπάφη - Άγιος Φανούριος (Τούμπα) Studio/Γκαρσονιέρα 35 τ.μ. προς πώληση,sale,,128000.0,35.0,,,,Παπάφη - Άγιος Φανούριος (Τούμπα),,,,2026-09-28,2026-09-28,,portal alert,2026-09-28T00:00:00Z
spitogatos.gr,Thessaloniki Real Estate,https://www.spitogatos.gr/aggelia/1120947620,Κάτω Τούμπα (Τούμπα) Studio/Γκαρσονιέρα 40 τ.μ. προς πώληση,sale,,132000.0,40.0,,,,Κάτω Τούμπα (Τούμπα),,,,2026-09-28,2026-09-28,,portal alert,2026-09-28T00:00:00Z
spitogatos.gr,CITYBUILD,https://www.spitogatos.gr/aggelia/1120947633,Ιπποκράτειο (Φάληρο - Ιπποκράτειο) Διαμέρισμα 27 τ.μ. προς πώληση,sale,,105000.0,27.0,,,,Ιπποκράτειο (Φάληρο - Ιπποκράτειο),,,,2026-09-28,2026-09-28,,portal alert,2026-09-28T00:00:00Z
spitogatos.gr,VISION HOME,https://www.spitogatos.gr/aggelia/1120947796,Παπάφη - Άγιος Φανούριος (Τούμπα) Studio/Γκαρσονιέρα 30 τ.μ. προς πώληση,sale,,85000.0,30.0,,,,Παπάφη - Άγιος Φανούριος (Τούμπα),,,,2026-09-28,2026-09-28,,portal alert,2026-09-28T00:00:00Z
spitogatos.gr,VILLA in GR,https://www.spitogatos.gr/aggelia/1120947808,Τριανδρία (Τριανδρία - Δόξα - Κρυονέρι) Διαμέρισμα 40 τ.μ. προς πώληση,sale,,155000.0,40.0,,,,Τριανδρία (Τριανδρία - Δόξα - Κρυονέρι),,,,2026-09-28,2026-09-28,,portal alert,2026-09-28T00:00:00Z
spitogatos.gr,Invista.gr Real Estate,https://www.spitogatos.gr/aggelia/1120947833,Χαριλάου (Θεσσαλονίκη - Δήμος) Διαμέρισμα 100 τ.μ. προς πώληση,sale,,180000.0,100.0,,,,Χαριλάου (Θεσσαλονίκη - Δήμος),,,,2026-09-28,2026-09-28,,portal alert,2026-09-28T00:00:00Z
spitogatos.gr,PLANET-akinita,https://www.spitogatos.gr/aggelia/1120947834,Μαλακοπή (Τούμπα) Διαμέρισμα 90 τ.μ. προς πώληση,sale,,215000.0,90.0,,,,Μαλακοπή (Τούμπα),,,,2026-09-28,2026-09-28,,portal alert,2026-09-28T00:00:00Z
spitogatos.gr,VISION HOME,https://www.spitogatos.gr/aggelia/1120947882,Παπάφη - Άγιος Φανούριος (Τούμπα) Studio/Γκαρσονιέρα 45 τ.μ. προς πώληση,sale,,105000.0,45.0,,,,Παπάφη - Άγιος Φανούριος (Τούμπα),,,,2026-09-28,2026-09-28,,portal alert,2026-09-28T00:00:00Z
spitogatos.gr,Bee Executive,https://www.spitogatos.gr/aggelia/1120947917,Μαλακοπή (Τούμπα) Διαμέρισμα 85 τ.μ. προς πώληση,sale,,265000.0,85.0,,,,Μαλακοπή (Τούμπα),,,,2026-09-28,2026-09-28,,portal alert,2026-09-28T00:00:00Z
spitogatos.gr,InFox Real Estate,https://www.spitogatos.gr/aggelia/1120947991,Αντιγονιδών (Κέντρο Θεσσαλονίκης) Διαμέρισμα 37 τ.μ. προς πώληση,sale,,60000.0,37.0,,,,Αντιγονιδών (Κέντρο Θεσσαλονίκης),,,,2026-09-28,2026-09-28,,portal alert,2026-09-28T00:00:00Z
spitogatos.gr,Uniko,https://www.spitogatos.gr/aggelia/1120947994,Ιπποκράτειο (Φάληρο - Ιπποκράτειο) Διαμέρισμα 92 τ.μ. προς πώληση,sale,,188000.0,92.0,,,,Ιπποκράτειο (Φάληρο - Ιπποκράτειο),,,,2026-09-28,2026-09-28,,portal alert,2026-09-28T00:00:00Z
spitogatos.gr,Invista.gr Real Estate,https://www.spitogatos.gr/aggelia/1120948088,Χαριλάου (Θεσσαλονίκη - Δήμος) Διαμέρισμα 85 τ.μ. προς πώληση,sale,,170000.0,85.0,,,,Χαριλάου (Θεσσαλονίκη - Δήμος),,,,2026-09-28,2026-09-28,,portal alert,2026-09-28T00:00:00Z
spitogatos.gr,KW NORTH,https://www.spitogatos.gr/aggelia/1120948102,Ρωμαϊκή Αγορά - Βενιζέλου - Ιστορικό Κέντρο (Κέντρο Θεσσαλονίκης) Studio/Γκαρσονιέρα 45 τ.μ. προς πώληση,sale,,135000.0,45.0,,,,Ρωμαϊκή Αγορά - Βενιζέλου - Ιστορικό Κέντρο (Κέντρο Θεσσαλονίκης),,,,2026-09-28,2026-09-28,,portal alert,2026-09-28T00:00:00Z
spitogatos.gr,Bee Executive,https://www.spitogatos.gr/aggelia/1120948194,Μαλακοπή (Τούμπα) Διαμέρισμα 85 τ.μ. προς πώληση,sale,,275000.0,85.0,,,,Μαλακοπή (Τούμπα),,,,2026-09-28,2026-09-28,,portal alert,2026-09-28T00:00:00Z
spitogatos.gr,AVENUE REAL ESTATE,https://www.spitogatos.gr/aggelia/1120948208,Τριανδρία (Τριανδρία - Δόξα - Κρυονέρι) Διαμέρισμα 92 τ.μ. προς πώληση,sale,,270000.0,92.0,,,,Τριανδρία (Τριανδρία - Δόξα - Κρυονέρι),,,,2026-09-28,2026-09-28,,portal alert,2026-09-28T00:00:00Z
spitogatos.gr,ΕΠΕΝΔΥΤΙΚΗ ΑΙΓΑΙΟΥ,https://www.spitogatos.gr/aggelia/1120948323,Μαρτίου (Βούλγαρη - Ντεπώ - Μαρτίου) Μεζονέτα 132 τ.μ. προς πώληση,sale,,410000.0,132.0,,,,Μαρτίου (Βούλγαρη - Ντεπώ - Μαρτίου),,,,2026-09-28,2026-09-28,,portal alert,2026-09-28T00:00:00Z
spitogatos.gr,Golden Home Real Estate,https://www.spitogatos.gr/aggelia/1120948339,Ανάληψη - Μπότσαρη (Ανάληψη - Μπότσαρη - Νέα Παραλία) Διαμέρισμα 87 τ.μ. προς πώληση,sale,,200000.0,87.0,,,,Ανάληψη - Μπότσαρη (Ανάληψη - Μπότσαρη - Νέα Παραλία),,,,2026-09-28,2026-09-28,,portal alert,2026-09-28T00:00:00Z
spitogatos.gr,VILLA in GR,https://www.spitogatos.gr/aggelia/1120948346,Τριανδρία (Τριανδρία - Δόξα - Κρυονέρι) Διαμέρισμα 38 τ.μ. προς πώληση,sale,,162000.0,38.0,,,,Τριανδρία (Τριανδρία - Δόξα - Κρυονέρι),,,,2026-09-28,2026-09-28,,portal alert,2026-09-28T00:00:00Z
spitogatos.gr,Golden Home Real Estate,https://www.spitogatos.gr/aggelia/1120948348,Ξηροκρήνη (Ξηροκρήνη - Παναγία Φανερωμένη) Διαμέρισμα 90 τ.μ. προς πώληση,sale,,120000.0,90.0,,,,Ξηροκρήνη (Ξηροκρήνη - Παναγία Φανερωμένη),,,,2026-09-28,2026-09-28,,portal alert,2026-09-28T00:00:00Z
spitogatos.gr,Makler Μεσιτική Εταιρεία,https://www.spitogatos.gr/aggelia/1120948350,Βαρδάρης - Δικαστήρια (Βαρδάρης - Λαχανόκηποι) Studio/Γκαρσονιέρα 32 τ.μ. προς πώληση,sale,,110000.0,32.0,,,,Βαρδάρης - Δικαστήρια (Βαρδάρης - Λαχανόκηποι),,,,2026-09-28,2026-09-28,,portal alert,2026-09-28T00:00:00Z
spitogatos.gr,Golden Home Real Estate,https://www.spitogatos.gr/aggelia/1120948352,Τερψιθέα (Σταυρούπολη) Διαμέρισμα 89 τ.μ. προς πώληση,sale,,146000.0,89.0,,,,Τερψιθέα (Σταυρούπολη),,,,2026-09-28,2026-09-28,,portal alert,2026-09-28T00:00:00Z
spitogatos.gr,Trigono Real Estate Agency,https://www.spitogatos.gr/aggelia/1120948367,Αγία Σοφία (Κέντρο Θεσσαλονίκης) Διαμέρισμα 65 τ.μ. προς πώληση,sale,,145000.0,65.0,,,,Αγία Σοφία (Κέντρο Θεσσαλονίκης),,,,2026-09-28,2026-09-28,,portal alert,2026-09-28T00:00:00Z
spitogatos.gr,ΕΠΕΝΔΥΤΙΚΗ ΑΙΓΑΙΟΥ,https://www.spitogatos.gr/aggelia/1120948408,Κέντρο (Χαριλάου) Studio/Γκαρσονιέρα 45 τ.μ. προς πώληση,sale,,158000.0,45.0,,,,Κέντρο (Χαριλάου),,,,2026-09-28,2026-09-28,,portal alert,2026-09-28T00:00:00Z
spitogatos.gr,BEE PANORAMIC,https://www.spitogatos.gr/aggelia/1120948477,Οικισμός Μακεδονία (Πανόραμα) Διαμέρισμα 178 τ.μ. προς πώληση,sale,,650000.0,178.0,,,,Οικισμός Μακεδονία (Πανόραμα),,,,2026-09-28,2026-09-28,,portal alert,2026-09-28T00:00:00Z
spitogatos.gr,Plasis Real Estate + Development,https://www.spitogatos.gr/aggelia/1120948511,Άγιος Δημήτριος (Κέντρο Θεσσαλονίκης) Διαμέρισμα 59 τ.μ. προς πώληση,sale,,150000.0,59.0,,,,Άγιος Δημήτριος (Κέντρο Θεσσαλονίκης),,,,2026-09-28,2026-09-28,,portal alert,2026-09-28T00:00:00Z
spitogatos.gr,VILLA in GR,https://www.spitogatos.gr/aggelia/1120948514,Τριανδρία (Τριανδρία - Δόξα - Κρυονέρι) Διαμέρισμα 27 τ.μ. προς πώληση,sale,,120000.0,27.0,,,,Τριανδρία (Τριανδρία - Δόξα - Κρυονέρι),,,,2026-09-28,2026-09-28,,portal alert,2026-09-28T00:00:00Z
spitogatos.gr,RE/MAX Gold,https://www.spitogatos.gr/aggelia/1120948520,Παπάφη - Άγιος Φανούριος (Τούμπα) Διαμέρισμα 110 τ.μ. προς πώληση,sale,,170000.0,110.0,,,,Παπάφη - Άγιος Φανούριος (Τούμπα),,,,2026-09-28,2026-09-28,,portal alert,2026-09-28T00:00:00Z
spitogatos.gr,Bee Executive,https://www.spitogatos.gr/aggelia/1120948521,Μαλακοπή (Τούμπα) Μεζονέτα 140 τ.μ. προς πώληση,sale,,450000.0,140.0,,,,Μαλακοπή (Τούμπα),,,,2026-09-28,2026-09-28,,portal alert,2026-09-28T00:00:00Z
spitogatos.gr,SKOREAL,https://www.spitogatos.gr/aggelia/1120948540,Ιπποκράτειο (Φάληρο - Ιπποκράτειο) Studio/Γκαρσονιέρα 55 τ.μ. προς πώληση,sale,,155000.0,55.0,,,,Ιπποκράτειο (Φάληρο - Ιπποκράτειο),,,,2026-09-28,2026-09-28,,portal alert,2026-09-28T00:00:00Z
spitogatos.gr,PL REAL ESTATE,https://www.spitogatos.gr/aggelia/1120948570,Μαρτίου (Βούλγαρη - Ντεπώ - Μαρτίου) Studio/Γκαρσονιέρα 49 τ.μ. προς πώληση,sale,,165000.0,49.0,,,,Μαρτίου (Βούλγαρη - Ντεπώ - Μαρτίου),,,,2026-09-28,2026-09-28,,portal alert,2026-09-28T00:00:00Z
spitogatos.gr,ΕΠΕΝΔΥΤΙΚΗ ΑΙΓΑΙΟΥ,https://www.spitogatos.gr/aggelia/1120948753,Καμάρα - Ροτόντα (Κέντρο Θεσσαλονίκης) Διαμέρισμα 45 τ.μ. προς πώληση,sale,,142000.0,45.0,,,,Καμάρα - Ροτόντα (Κέντρο Θεσσαλονίκης),,,,2026-09-28,2026-09-28,,portal alert,2026-09-28T00:00:00Z
spitogatos.gr,VILLA in GR,https://www.spitogatos.gr/aggelia/1120948756,Κάτω Τούμπα (Τούμπα) Διαμέρισμα 38 τ.μ. προς πώληση,sale,,145000.0,38.0,,,,Κάτω Τούμπα (Τούμπα),,,,2026-09-28,2026-09-28,,portal alert,2026-09-28T00:00:00Z
spitogatos.gr,PL REAL ESTATE,https://www.spitogatos.gr/aggelia/1120948831,Ανάληψη - Μπότσαρη (Ανάληψη - Μπότσαρη - Νέα Παραλία) Διαμέρισμα 107 τ.μ. προς πώληση,sale,,250000.0,107.0,,,,Ανάληψη - Μπότσαρη (Ανάληψη - Μπότσαρη - Νέα Παραλία),,,,2026-09-28,2026-09-28,,portal alert,2026-09-28T00:00:00Z
spitogatos.gr,ALTUS Real Estate,https://www.spitogatos.gr/aggelia/1120948855,Φοίνικας (Καλαμαριά) Διαμέρισμα 55 τ.μ. προς πώληση,sale,,89000.0,55.0,,,,Φοίνικας (Καλαμαριά),,,,2026-09-30,2026-09-30,,portal alert,2026-09-30T00:00:00Z
spitogatos.gr,VILLA in GR,https://www.spitogatos.gr/aggelia/1120948879,Κάτω Τούμπα (Τούμπα) Διαμέρισμα 35 τ.μ. προς πώληση,sale,,135000.0,35.0,,,,Κάτω Τούμπα (Τούμπα),,,,2026-09-28,2026-09-28,,portal alert,2026-09-28T00:00:00Z
spitogatos.gr,ONLINE REAL ESTATE,https://www.spitogatos.gr/aggelia/1120948885,Πλατεία Ναυαρίνου (Κέντρο Θεσσαλονίκης) Διαμέρισμα 48 τ.μ. προς πώληση,sale,,148000.0,48.0,,,,Πλατεία Ναυαρίνου (Κέντρο Θεσσαλονίκης),,,,2026-09-28,2026-09-28,,portal alert,2026-09-28T00:00:00Z
spitogatos.gr,Bee Spot,https://www.spitogatos.gr/aggelia/1120948934,Ξηροκρήνη - Παναγία Φανερωμένη (Θεσσαλονίκη - Δήμος) Διαμέρισμα 42 τ.μ. προς πώληση,sale,,250000.0,42.0,,,,Ξηροκρήνη - Παναγία Φανερωμένη (Θεσσαλονίκη - Δήμος),,,,2026-09-28,2026-09-28,,portal alert,2026-09-28T00:00:00Z
spitogatos.gr,Bee Orama real estate,https://www.spitogatos.gr/aggelia/1120948941,Περαία (Θερμαϊκός) Studio/Γκαρσονιέρα 50 τ.μ. προς πώληση,sale,,130000.0,50.0,,,,Περαία (Θερμαϊκός),,,,2026-09-28,2026-09-28,,portal alert,2026-09-28T00:00:00Z
spitogatos.gr,VILLA in GR,https://www.spitogatos.gr/aggelia/1120948985,Κάτω Τούμπα (Τούμπα) Διαμέρισμα 40 τ.μ. προς πώληση,sale,,157000.0,40.0,,,,Κάτω Τούμπα (Τούμπα),,,,2026-09-28,2026-09-28,,portal alert,2026-09-28T00:00:00Z
spitogatos.gr,MENSOR,https://www.spitogatos.gr/aggelia/1120949009,Αγία Τριάδα (Φάληρο - Ιπποκράτειο) Διαμέρισμα 67 τ.μ. προς πώληση,sale,,155000.0,67.0,,,,Αγία Τριάδα (Φάληρο - Ιπποκράτειο),,,,2026-09-28,2026-09-28,,portal alert,2026-09-28T00:00:00Z
spitogatos.gr,Forumland Real Estate,https://www.spitogatos.gr/aggelia/1120949025,Βότση (Καλαμαριά) Διαμέρισμα 94 τ.μ. προς πώληση,sale,,225000.0,94.0,,,,Βότση (Καλαμαριά),,,,2026-09-28,2026-09-28,,portal alert,2026-09-28T00:00:00Z
spitogatos.gr,Forumland Real Estate,https://www.spitogatos.gr/aggelia/1120949040,Ανάληψη - Μπότσαρη (Ανάληψη - Μπότσαρη - Νέα Παραλία) Διαμέρισμα 120 τ.μ. προς πώληση,sale,,380000.0,120.0,,,,Ανάληψη - Μπότσαρη (Ανάληψη - Μπότσαρη - Νέα Παραλία),,,,2026-09-28,2026-09-28,,portal alert,2026-09-28T00:00:00Z
spitogatos.gr,ALPHA INVEST REAL ESTATE,https://www.spitogatos.gr/aggelia/1120949117,Ανάληψη - Μπότσαρη (Ανάληψη - Μπότσαρη - Νέα Παραλία) Διαμέρισμα 127 τ.μ. προς πώληση,sale,,335000.0,127.0,,,,Ανάληψη - Μπότσαρη (Ανάληψη - Μπότσαρη - Νέα Παραλία),,,,2026-09-28,2026-09-28,,portal alert,2026-09-28T00:00:00Z
spitogatos.gr,mega real estate,https://www.spitogatos.gr/aggelia/1120949125,Ανάληψη - Μπότσαρη (Ανάληψη - Μπότσαρη - Νέα Παραλία) Διαμέρισμα 48 τ.μ. προς πώληση,sale,,95000.0,48.0,,,,Ανάληψη - Μπότσαρη (Ανάληψη - Μπότσαρη - Νέα Παραλία),,,,2026-09-28,2026-09-28,,portal alert,2026-09-28T00:00:00Z
spitogatos.gr,ANTONIOU HOME,https://www.spitogatos.gr/aggelia/1120949132,Παπάφη - Άγιος Φανούριος (Τούμπα) Studio/Γκαρσονιέρα 45 τ.μ. προς πώληση,sale,,105000.0,45.0,,,,Παπάφη - Άγιος Φανούριος (Τούμπα),,,,2026-09-28,2026-09-28,,portal alert,2026-09-28T00:00:00Z
spitogatos.gr,ΚΤΗΜΑΤΟΜΕΣΙΤΙΚΗ ΕΣΤΙΑ - www.estiahome.gr,https://www.spitogatos.gr/aggelia/1120949174,Βούλγαρη - Άγιος Ελευθέριος - Ντεπώ (Βούλγαρη - Ντεπώ - Μαρτίου) Studio/Γκαρσονιέρα 72 τ.μ. προς πώληση,sale,,170000.0,72.0,,,,Βούλγαρη - Άγιος Ελευθέριος - Ντεπώ (Βούλγαρη - Ντεπώ - Μαρτίου),,,,2026-09-29,2026-09-29,,portal alert,2026-09-29T00:00:00Z
spitogatos.gr,Real View,https://www.spitogatos.gr/aggelia/1120949181,Αντιγονιδών (Κέντρο Θεσσαλονίκης) Διαμέρισμα 50 τ.μ. προς πώληση,sale,,157000.0,50.0,,,,Αντιγονιδών (Κέντρο Θεσσαλονίκης),,,,2026-09-28,2026-09-28,,portal alert,2026-09-28T00:00:00Z
spitogatos.gr,BLUESTONE REAL ESTATE,https://www.spitogatos.gr/aggelia/1120949204,Ιπποκράτειο (Φάληρο - Ιπποκράτειο) Διαμέρισμα 52 τ.μ. προς πώληση,sale,,163000.0,52.0,,,,Ιπποκράτειο (Φάληρο - Ιπποκράτειο),,,,2026-09-28,2026-09-28,,portal alert,2026-09-28T00:00:00Z
spitogatos.gr,Real View,https://www.spitogatos.gr/aggelia/1120949236,Μαρτίου (Βούλγαρη - Ντεπώ - Μαρτίου) Studio/Γκαρσονιέρα 34 τ.μ. προς πώληση,sale,,70000.0,34.0,,,,Μαρτίου (Βούλγαρη - Ντεπώ - Μαρτίου),,,,2026-09-28,2026-09-28,,portal alert,2026-09-28T00:00:00Z
spitogatos.gr,ΕΠΕΝΔΥΤΙΚΗ ΑΙΓΑΙΟΥ,https://www.spitogatos.gr/aggelia/1120949238,Μαρτίου (Βούλγαρη - Ντεπώ - Μαρτίου) Μεζονέτα 140 τ.μ. προς πώληση,sale,,430000.0,140.0,,,,Μαρτίου (Βούλγαρη - Ντεπώ - Μαρτίου),,,,2026-09-28,2026-09-28,,portal alert,2026-09-28T00:00:00Z
spitogatos.gr,LIBERTY,https://www.spitogatos.gr/aggelia/1120949267,Κέντρο Θεσσαλονίκης (Θεσσαλονίκη - Δήμος) Διαμέρισμα 52 τ.μ. προς πώληση,sale,,112000.0,52.0,,,,Κέντρο Θεσσαλονίκης (Θεσσαλονίκη - Δήμος),,,,2026-09-28,2026-09-28,,portal alert,2026-09-28T00:00:00Z
spitogatos.gr,ΕΠΕΝΔΥΤΙΚΗ ΑΙΓΑΙΟΥ,https://www.spitogatos.gr/aggelia/1120949338,Βότση (Καλαμαριά) Studio/Γκαρσονιέρα 40 τ.μ. προς πώληση,sale,,127000.0,40.0,,,,Βότση (Καλαμαριά),,,,2026-09-28,2026-09-28,,portal alert,2026-09-28T00:00:00Z
spitogatos.gr,ΕΠΕΝΔΥΤΙΚΗ ΑΙΓΑΙΟΥ,https://www.spitogatos.gr/aggelia/1120949388,Βότση (Καλαμαριά) Διαμέρισμα 68 τ.μ. προς πώληση,sale,,180000.0,68.0,,,,Βότση (Καλαμαριά),,,,2026-09-28,2026-09-28,,portal alert,2026-09-28T00:00:00Z
spitogatos.gr,Aspis Real Estate Ανατολικής Θεσσαλονίκης,https://www.spitogatos.gr/aggelia/1120949391,Κάτω Τούμπα (Τούμπα) Διαμέρισμα 87 τ.μ. προς πώληση,sale,,190000.0,87.0,,,,Κάτω Τούμπα (Τούμπα),,,,2026-09-28,2026-09-28,,portal alert,2026-09-28T00:00:00Z
spitogatos.gr,BLUESTONE REAL ESTATE,https://www.spitogatos.gr/aggelia/1120949402,Κάτω Τούμπα (Τούμπα) Διαμέρισμα 87 τ.μ. προς πώληση,sale,,190000.0,87.0,,,,Κάτω Τούμπα (Τούμπα),,,,2026-09-28,2026-09-28,,portal alert,2026-09-28T00:00:00Z
spitogatos.gr,Aspis Real Estate Ανατολικής Θεσσαλονίκης,https://www.spitogatos.gr/aggelia/1120949446,Κηφισιά (Καλαμαριά) Διαμέρισμα 82 τ.μ. προς πώληση,sale,,218000.0,82.0,,,,Κηφισιά (Καλαμαριά),,,,2026-09-28,2026-09-28,,portal alert,2026-09-28T00:00:00Z
spitogatos.gr,Green & Grey,https://www.spitogatos.gr/aggelia/1120949488,Κάτω Τούμπα (Τούμπα) Διαμέρισμα 52 τ.μ. προς πώληση,sale,,158000.0,52.0,,,,Κάτω Τούμπα (Τούμπα),,,,2026-09-28,2026-09-28,,portal alert,2026-09-28T00:00:00Z
spitogatos.gr,ΜΕΣΙΤΙΚΟ ΦΙΛΩΝ,https://www.spitogatos.gr/aggelia/1120949631,Ξηροκρήνη (Ξηροκρήνη - Παναγία Φανερωμένη) Διαμέρισμα 66 τ.μ. προς πώληση,sale,,65000.0,66.0,,,,Ξηροκρήνη (Ξηροκρήνη - Παναγία Φανερωμένη),,,,2026-09-28,2026-09-28,,portal alert,2026-09-28T00:00:00Z
spitogatos.gr,Invista.gr Real Estate,https://www.spitogatos.gr/aggelia/1120949684,Ιπποκράτειο (Φάληρο - Ιπποκράτειο) Διαμέρισμα 114 τ.μ. προς πώληση,sale,,280000.0,114.0,,,,Ιπποκράτειο (Φάληρο - Ιπποκράτειο),,,,2026-09-28,2026-09-28,,portal alert,2026-09-28T00:00:00Z
spitogatos.gr,RE/MAX Excellence,https://www.spitogatos.gr/aggelia/1120949692,Αγία Τριάδα (Φάληρο - Ιπποκράτειο) Διαμέρισμα 104 τ.μ. προς πώληση,sale,,220000.0,104.0,,,,Αγία Τριάδα (Φάληρο - Ιπποκράτειο),,,,2026-09-28,2026-09-28,,portal alert,2026-09-28T00:00:00Z
spitogatos.gr,Sovereign Brokers,https://www.spitogatos.gr/aggelia/1120949715,Παπάφη - Άγιος Φανούριος (Τούμπα) Studio/Γκαρσονιέρα 30 τ.μ. προς πώληση,sale,,100000.0,30.0,,,,Παπάφη - Άγιος Φανούριος (Τούμπα),,,,2026-09-28,2026-09-28,,portal alert,2026-09-28T00:00:00Z
spitogatos.gr,ΚΤΗΜΑΤΟΜΕΣΙΤΙΚΕΣ ΣΥΝΑΛΛΑΓΕΣ ΕΦΗ ΑΣΤ. ΟΙΚΟΝΟΜΙΔΟΥ,https://www.spitogatos.gr/aggelia/1120949773,Πλατεία Εμπορίου - Ανω Λαδάδικα - Ιστορικό Κέντρο (Κέντρο Θεσσαλονίκης) Διαμέρισμα 46 τ.μ. προς πώληση,sale,,138000.0,46.0,,,,Πλατεία Εμπορίου - Ανω Λαδάδικα - Ιστορικό Κέντρο (Κέντρο Θεσσαλονίκης),,,,2026-09-28,2026-09-28,,portal alert,2026-09-28T00:00:00Z
spitogatos.gr,KESTREL REAL ESTATE,https://www.spitogatos.gr/aggelia/1120949857,Τούμπα (Θεσσαλονίκη - Δήμος) Διαμέρισμα 80 τ.μ. προς πώληση,sale,,125000.0,80.0,,,,Τούμπα (Θεσσαλονίκη - Δήμος),,,,2026-09-28,2026-09-28,,portal alert,2026-09-28T00:00:00Z
spitogatos.gr,Spitogatos,https://www.spitogatos.gr/aggelia/1120949921,Πλατεία Ναυαρίνου (Κέντρο Θεσσαλονίκης) Διαμέρισμα 45 τ.μ. προς πώληση,sale,,120000.0,45.0,,,,Πλατεία Ναυαρίνου (Κέντρο Θεσσαλονίκης),,,,2026-09-28,2026-09-28,,portal alert,2026-09-28T00:00:00Z
spitogatos.gr,Monopoly Ηome,https://www.spitogatos.gr/aggelia/1120949934,Ανάληψη - Μπότσαρη - Νέα Παραλία (Θεσσαλονίκη - Δήμος) Studio/Γκαρσονιέρα 43 τ.μ. προς πώληση,sale,,165000.0,43.0,,,,Ανάληψη - Μπότσαρη - Νέα Παραλία (Θεσσαλονίκη - Δήμος),,,,2026-09-28,2026-09-29,,portal alert,2026-09-29T00:00:00Z
spitogatos.gr,ANTONIOU HOME,https://www.spitogatos.gr/aggelia/1120950005,Παπάφη - Άγιος Φανούριος (Τούμπα) Studio/Γκαρσονιέρα 30 τ.μ. προς πώληση,sale,,85000.0,30.0,,,,Παπάφη - Άγιος Φανούριος (Τούμπα),,,,2026-09-28,2026-09-29,,portal alert,2026-09-29T00:00:00Z
spitogatos.gr,ANTONIOU HOME,https://www.spitogatos.gr/aggelia/1120950046,Ξηροκρήνη (Ξηροκρήνη - Παναγία Φανερωμένη) Διαμέρισμα 46 τ.μ. προς πώληση,sale,,75000.0,46.0,,,,Ξηροκρήνη (Ξηροκρήνη - Παναγία Φανερωμένη),,,,2026-09-28,2026-09-29,,portal alert,2026-09-29T00:00:00Z
spitogatos.gr,Seven Real Estate,https://www.spitogatos.gr/aggelia/1120950052,Τριανδρία (Τριανδρία - Δόξα - Κρυονέρι) Studio/Γκαρσονιέρα 45 τ.μ. προς πώληση,sale,,55000.0,45.0,,,,Τριανδρία (Τριανδρία - Δόξα - Κρυονέρι),,,,2026-09-28,2026-09-29,,portal alert,2026-09-29T00:00:00Z
spitogatos.gr,Monopoly031,https://www.spitogatos.gr/aggelia/1120950061,Άνω Πολίχνη (Πολίχνη) Μονοκατοικία 90 τ.μ. προς πώληση,sale,,120000.0,90.0,,,,Άνω Πολίχνη (Πολίχνη),,,,2026-09-28,2026-09-28,,portal alert,2026-09-28T00:00:00Z
spitogatos.gr,TERRA & HOMES,https://www.spitogatos.gr/aggelia/1120950077,Μαρτίου (Βούλγαρη - Ντεπώ - Μαρτίου) Διαμέρισμα 54 τ.μ. προς πώληση,sale,,93000.0,54.0,,,,Μαρτίου (Βούλγαρη - Ντεπώ - Μαρτίου),,,,2026-09-28,2026-09-29,,portal alert,2026-09-29T00:00:00Z
spitogatos.gr,SKOREAL,https://www.spitogatos.gr/aggelia/1120950108,Άγιος Παντελεήμων (Καλαμαριά) Διαμέρισμα 90 τ.μ. προς πώληση,sale,,340000.0,90.0,,,,Άγιος Παντελεήμων (Καλαμαριά),,,,2026-09-28,2026-09-28,,portal alert,2026-09-28T00:00:00Z
spitogatos.gr,REMAX Welcome,https://www.spitogatos.gr/aggelia/1120950125,Άνω Τούμπα (Τούμπα) Διαμέρισμα 65 τ.μ. προς πώληση,sale,,160000.0,65.0,,,,Άνω Τούμπα (Τούμπα),,,,2026-09-28,2026-09-29,,portal alert,2026-09-29T00:00:00Z
spitogatos.gr,SKOREAL,https://www.spitogatos.gr/aggelia/1120950135,Άγιος Παντελεήμων (Καλαμαριά) Διαμέρισμα 80 τ.μ. προς πώληση,sale,,300000.0,80.0,,,,Άγιος Παντελεήμων (Καλαμαριά),,,,2026-09-28,2026-09-28,,portal alert,2026-09-28T00:00:00Z
spitogatos.gr,SKOREAL,https://www.spitogatos.gr/aggelia/1120950161,Άγιος Παντελεήμων (Καλαμαριά) Διαμέρισμα 90 τ.μ. προς πώληση,sale,,370000.0,90.0,,,,Άγιος Παντελεήμων (Καλαμαριά),,,,2026-09-28,2026-09-28,,portal alert,2026-09-28T00:00:00Z
spitogatos.gr,SKOREAL,https://www.spitogatos.gr/aggelia/1120950189,Άγιος Παντελεήμων (Καλαμαριά) Διαμέρισμα 80 τ.μ. προς πώληση,sale,,330000.0,80.0,,,,Άγιος Παντελεήμων (Καλαμαριά),,,,2026-09-28,2026-09-28,,portal alert,2026-09-28T00:00:00Z
spitogatos.gr,Forumland Real Estate,https://www.spitogatos.gr/aggelia/1120950195,Άνω Τούμπα (Τούμπα) Μεζονέτα 135 τ.μ. προς πώληση,sale,,3000.0,135.0,,,,Άνω Τούμπα (Τούμπα),,,,2026-09-28,2026-09-29,,portal alert,2026-09-29T00:00:00Z
spitogatos.gr,SKOREAL,https://www.spitogatos.gr/aggelia/1120950206,Άγιος Παντελεήμων (Καλαμαριά) Διαμέρισμα 90 τ.μ. προς πώληση,sale,,380000.0,90.0,,,,Άγιος Παντελεήμων (Καλαμαριά),,,,2026-09-28,2026-09-28,,portal alert,2026-09-28T00:00:00Z
spitogatos.gr,Συριόπουλος Σόλων Αγγελος ΜΕΣΙΤΙΚΕΣ ΥΠΗΡΕΣΙΕΣ ΣΥΜΒΟΥΛΕΥΤΙΚΗ ΑΚΙΝΗΤΩΝ,https://www.spitogatos.gr/aggelia/1120950207,Σκεπάρνη (Αμπελόκηποι) Διαμέρισμα 50 τ.μ. προς πώληση,sale,,22000.0,50.0,,,,Σκεπάρνη (Αμπελόκηποι),,,,2026-09-28,2026-09-28,,portal alert,2026-09-28T00:00:00Z
spitogatos.gr,SKOREAL,https://www.spitogatos.gr/aggelia/1120950224,Άγιος Παντελεήμων (Καλαμαριά) Διαμέρισμα 80 τ.μ. προς πώληση,sale,,340000.0,80.0,,,,Άγιος Παντελεήμων (Καλαμαριά),,,,2026-09-28,2026-09-28,,portal alert,2026-09-28T00:00:00Z
spitogatos.gr,ΕΠΕΝΔΥΤΙΚΗ ΑΙΓΑΙΟΥ,https://www.spitogatos.gr/aggelia/1120950225,Καμάρα - Ροτόντα (Κέντρο Θεσσαλονίκης) Διαμέρισμα 45 τ.μ. προς πώληση,sale,,142000.0,45.0,,,,Καμάρα - Ροτόντα (Κέντρο Θεσσαλονίκης),,,,2026-09-28,2026-09-29,,portal alert,2026-09-29T00:00:00Z
spitogatos.gr,ANTONIOU HOME,https://www.spitogatos.gr/aggelia/1120950227,Ξηροκρήνη (Ξηροκρήνη - Παναγία Φανερωμένη) Διαμέρισμα 74 τ.μ. προς πώληση,sale,,95000.0,74.0,,,,Ξηροκρήνη (Ξηροκρήνη - Παναγία Φανερωμένη),,,,2026-09-28,2026-09-29,,portal alert,2026-09-29T00:00:00Z
spitogatos.gr,ΠΑΜΕ ΣΠΙΤΙ,https://www.spitogatos.gr/aggelia/1120950265,Ξηροκρήνη (Ξηροκρήνη - Παναγία Φανερωμένη) Studio/Γκαρσονιέρα 35 τ.μ. προς πώληση,sale,,95000.0,35.0,,,,Ξηροκρήνη (Ξηροκρήνη - Παναγία Φανερωμένη),,,,2026-09-28,2026-09-29,,portal alert,2026-09-29T00:00:00Z
spitogatos.gr,Home4all Μεσιτικό Γραφείο,https://www.spitogatos.gr/aggelia/1120950328,Νέα Παραλία (Ανάληψη - Μπότσαρη - Νέα Παραλία) Studio/Γκαρσονιέρα 50 τ.μ. προς πώληση,sale,,190000.0,50.0,,,,Νέα Παραλία (Ανάληψη - Μπότσαρη - Νέα Παραλία),,,,2026-09-28,2026-09-29,,portal alert,2026-09-29T00:00:00Z
spitogatos.gr,ΚΤΗΜΑΤΟΜΕΣΙΤΙΚΗ ΛΙΟΥΡΤΑ,https://www.spitogatos.gr/aggelia/1120950400,Ανάληψη - Μπότσαρη (Ανάληψη - Μπότσαρη - Νέα Παραλία) Διαμέρισμα 47 τ.μ. προς πώληση,sale,,170000.0,47.0,,,,Ανάληψη - Μπότσαρη (Ανάληψη - Μπότσαρη - Νέα Παραλία),,,,2026-09-28,2026-09-29,,portal alert,2026-09-29T00:00:00Z
spitogatos.gr,Diamond Group,https://www.spitogatos.gr/aggelia/1120950437,Ανάληψη - Μπότσαρη (Ανάληψη - Μπότσαρη - Νέα Παραλία) Διαμέρισμα 107 τ.μ. προς πώληση,sale,,250000.0,107.0,,,,Ανάληψη - Μπότσαρη (Ανάληψη - Μπότσαρη - Νέα Παραλία),,,,2026-09-28,2026-09-29,,portal alert,2026-09-29T00:00:00Z
spitogatos.gr,ΛΑΜΠΡΟΠΟΥΛΟΣ ΣΤΑΜΑΤΗΣ,https://www.spitogatos.gr/aggelia/1120950476,Μαρτίου (Βούλγαρη - Ντεπώ - Μαρτίου) Διαμέρισμα 43 τ.μ. προς πώληση,sale,,69000.0,43.0,,,,Μαρτίου (Βούλγαρη - Ντεπώ - Μαρτίου),,,,2026-09-28,2026-09-29,,portal alert,2026-09-29T00:00:00Z
spitogatos.gr,AA REAL ESTATE,https://www.spitogatos.gr/aggelia/1120950508,Βαρδάρης - Δικαστήρια (Βαρδάρης - Λαχανόκηποι) Διαμέρισμα 51 τ.μ. προς πώληση,sale,,168500.0,51.0,,,,Βαρδάρης - Δικαστήρια (Βαρδάρης - Λαχανόκηποι),,,,2026-09-28,2026-09-29,,portal alert,2026-09-29T00:00:00Z
spitogatos.gr,ΚΤΗΜΑΤΟΜΕΣΙΤΙΚΗ ΛΙΟΥΡΤΑ,https://www.spitogatos.gr/aggelia/1120950512,Αριστοτέλους - Ιστορικό Κέντρο (Κέντρο Θεσσαλονίκης) Studio/Γκαρσονιέρα 25 τ.μ. προς πώληση,sale,,220000.0,25.0,,,,Αριστοτέλους - Ιστορικό Κέντρο (Κέντρο Θεσσαλονίκης),,,,2026-09-28,2026-09-29,,portal alert,2026-09-29T00:00:00Z
spitogatos.gr,BLUESTONE REAL ESTATE,https://www.spitogatos.gr/aggelia/1120950518,Αγία Τριάδα (Φάληρο - Ιπποκράτειο) Διαμέρισμα 51 τ.μ. προς πώληση,sale,,205000.0,51.0,,,,Αγία Τριάδα (Φάληρο - Ιπποκράτειο),,,,2026-09-28,2026-09-29,,portal alert,2026-09-29T00:00:00Z
spitogatos.gr,ΒΟΥΡΤΗΣ REAL ESTATE,https://www.spitogatos.gr/aggelia/1120950540,Παναγία Φανερωμένη (Ξηροκρήνη - Παναγία Φανερωμένη) Διαμέρισμα 40 τ.μ. προς πώληση,sale,,65000.0,40.0,,,,Παναγία Φανερωμένη (Ξηροκρήνη - Παναγία Φανερωμένη),,,,2026-09-28,2026-09-29,,portal alert,2026-09-29T00:00:00Z
spitogatos.gr,ΛΑΜΠΡΟΠΟΥΛΟΣ ΣΤΑΜΑΤΗΣ,https://www.spitogatos.gr/aggelia/1120950550,Κάτω Τούμπα (Τούμπα) Διαμέρισμα 84 τ.μ. προς πώληση,sale,,167000.0,84.0,,,,Κάτω Τούμπα (Τούμπα),,,,2026-09-28,2026-09-29,,portal alert,2026-09-29T00:00:00Z
spitogatos.gr,BLUESTONE REAL ESTATE,https://www.spitogatos.gr/aggelia/1120950604,Ανάληψη - Μπότσαρη (Ανάληψη - Μπότσαρη - Νέα Παραλία) Διαμέρισμα 50 τ.μ. προς πώληση,sale,,175000.0,50.0,,,,Ανάληψη - Μπότσαρη (Ανάληψη - Μπότσαρη - Νέα Παραλία),,,,2026-09-28,2026-09-29,,portal alert,2026-09-29T00:00:00Z
spitogatos.gr,BLUESTONE REAL ESTATE,https://www.spitogatos.gr/aggelia/1120950701,Τριανδρία (Τριανδρία - Δόξα - Κρυονέρι) Διαμέρισμα 65 τ.μ. προς πώληση,sale,,183000.0,65.0,,,,Τριανδρία (Τριανδρία - Δόξα - Κρυονέρι),,,,2026-09-29,2026-09-29,,portal alert,2026-09-29T00:00:00Z
spitogatos.gr,ΕΠΕΝΔΥΤΙΚΗ ΑΙΓΑΙΟΥ,https://www.spitogatos.gr/aggelia/1120950733,Ιπποκράτειο (Φάληρο - Ιπποκράτειο) Διαμέρισμα 42 τ.μ. προς πώληση,sale,,147000.0,42.0,,,,Ιπποκράτειο (Φάληρο - Ιπποκράτειο),,,,2026-09-29,2026-09-29,,portal alert,2026-09-29T00:00:00Z
spitogatos.gr,ΕΠΕΝΔΥΤΙΚΗ ΑΙΓΑΙΟΥ,https://www.spitogatos.gr/aggelia/1120950747,Ιπποκράτειο (Φάληρο - Ιπποκράτειο) Studio/Γκαρσονιέρα 27 τ.μ. προς πώληση,sale,,105000.0,27.0,,,,Ιπποκράτειο (Φάληρο - Ιπποκράτειο),,,,2026-09-29,2026-09-29,,portal alert,2026-09-29T00:00:00Z
spitogatos.gr,ΕΠΕΝΔΥΤΙΚΗ ΑΙΓΑΙΟΥ,https://www.spitogatos.gr/aggelia/1120950943,Τούμπα (Θεσσαλονίκη - Δήμος) Διαμέρισμα 71 τ.μ. προς πώληση,sale,,285000.0,71.0,,,,Τούμπα (Θεσσαλονίκη - Δήμος),,,,2026-09-29,2026-09-29,,portal alert,2026-09-29T00:00:00Z
spitogatos.gr,ΕΠΕΝΔΥΤΙΚΗ ΑΙΓΑΙΟΥ,https://www.spitogatos.gr/aggelia/1120950960,Τούμπα (Θεσσαλονίκη - Δήμος) Studio/Γκαρσονιέρα 39 τ.μ. προς πώληση,sale,,156000.0,39.0,,,,Τούμπα (Θεσσαλονίκη - Δήμος),,,,2026-09-29,2026-09-29,,portal alert,2026-09-29T00:00:00Z
spitogatos.gr,ΕΠΕΝΔΥΤΙΚΗ ΑΙΓΑΙΟΥ,https://www.spitogatos.gr/aggelia/1120951012,Τούμπα (Θεσσαλονίκη - Δήμος) Διαμέρισμα 100 τ.μ. προς πώληση,sale,,400000.0,100.0,,,,Τούμπα (Θεσσαλονίκη - Δήμος),,,,2026-09-29,2026-09-29,,portal alert,2026-09-29T00:00:00Z
spitogatos.gr,KRISTALIA PROPERTIES,https://www.spitogatos.gr/aggelia/1120951457,Χαριλάου (Θεσσαλονίκη - Δήμος) Διαμέρισμα 40 τ.μ. προς πώληση,sale,,153000.0,40.0,,,,Χαριλάου (Θεσσαλονίκη - Δήμος),,,,2026-09-29,2026-09-29,,portal alert,2026-09-29T00:00:00Z
spitogatos.gr,KRISTALIA PROPERTIES,https://www.spitogatos.gr/aggelia/1120951542,Άγιος Ιωάννης (Καλαμαριά) Μεζονέτα 160 τ.μ. προς πώληση,sale,,475000.0,160.0,,,,Άγιος Ιωάννης (Καλαμαριά),,,,2026-09-29,2026-09-29,,portal alert,2026-09-29T00:00:00Z
spitogatos.gr,KRISTALIA PROPERTIES,https://www.spitogatos.gr/aggelia/1120951568,Άγιος Δημήτριος (Κέντρο Θεσσαλονίκης) Studio/Γκαρσονιέρα 25 τ.μ. προς πώληση,sale,,122000.0,25.0,,,,Άγιος Δημήτριος (Κέντρο Θεσσαλονίκης),,,,2026-09-29,2026-09-29,,portal alert,2026-09-29T00:00:00Z
spitogatos.gr,KRISTALIA PROPERTIES,https://www.spitogatos.gr/aggelia/1120951590,Άγιος Δημήτριος (Κέντρο Θεσσαλονίκης) Studio/Γκαρσονιέρα 30 τ.μ. προς πώληση,sale,,117000.0,30.0,,,,Άγιος Δημήτριος (Κέντρο Θεσσαλονίκης),,,,2026-09-29,2026-09-29,,portal alert,2026-09-29T00:00:00Z
spitogatos.gr,RO PROPERTY,https://www.spitogatos.gr/aggelia/1120951994,Βούλγαρη - Άγιος Ελευθέριος - Ντεπώ (Βούλγαρη - Ντεπώ - Μαρτίου) Διαμέρισμα 65 τ.μ. προς πώληση,sale,,163000.0,65.0,,,,Βούλγαρη - Άγιος Ελευθέριος - Ντεπώ (Βούλγαρη - Ντεπώ - Μαρτίου),,,,2026-09-29,2026-09-29,,portal alert,2026-09-29T00:00:00Z
spitogatos.gr,OLYMPUS real estate agency,https://www.spitogatos.gr/aggelia/1120952041,Άνω Πόλη (Θεσσαλονίκη - Δήμος) Διαμέρισμα 60 τ.μ. προς πώληση,sale,,85000.0,60.0,,,,Άνω Πόλη (Θεσσαλονίκη - Δήμος),,,,2026-09-29,2026-09-29,,portal alert,2026-09-29T00:00:00Z
spitogatos.gr,Arcus Real Estate,https://www.spitogatos.gr/aggelia/1120952526,Αντιγονιδών (Κέντρο Θεσσαλονίκης) Διαμέρισμα 82 τ.μ. προς πώληση,sale,,235000.0,82.0,,,,Αντιγονιδών (Κέντρο Θεσσαλονίκης),,,,2026-09-29,2026-09-29,,portal alert,2026-09-29T00:00:00Z
spitogatos.gr,KW NORTH,https://www.spitogatos.gr/aggelia/1120952542,Ξηροκρήνη (Ξηροκρήνη - Παναγία Φανερωμένη) Loft 75 τ.μ. προς πώληση,sale,,250000.0,75.0,,,,Ξηροκρήνη (Ξηροκρήνη - Παναγία Φανερωμένη),,,,2026-09-29,2026-09-29,,portal alert,2026-09-29T00:00:00Z
spitogatos.gr,REMAX Welcome,https://www.spitogatos.gr/aggelia/1120952554,Άνω Πόλη (Θεσσαλονίκη - Δήμος) Μονοκατοικία 150 τ.μ. προς πώληση,sale,,240000.0,150.0,,,,Άνω Πόλη (Θεσσαλονίκη - Δήμος),,,,2026-09-29,2026-09-29,,portal alert,2026-09-29T00:00:00Z
spitogatos.gr,InFox Real Estate,https://www.spitogatos.gr/aggelia/1120952613,Κηφισιά (Καλαμαριά) Διαμέρισμα 63 τ.μ. προς πώληση,sale,,200000.0,63.0,,,,Κηφισιά (Καλαμαριά),,,,2026-09-29,2026-09-29,,portal alert,2026-09-29T00:00:00Z
spitogatos.gr,CLOCK,https://www.spitogatos.gr/aggelia/1120952615,Ανάληψη - Μπότσαρη (Ανάληψη - Μπότσαρη - Νέα Παραλία) Διαμέρισμα 55 τ.μ. προς πώληση,sale,,169000.0,55.0,,,,Ανάληψη - Μπότσαρη (Ανάληψη - Μπότσαρη - Νέα Παραλία),,,,2026-09-29,2026-09-29,,portal alert,2026-09-29T00:00:00Z
spitogatos.gr,InFox Real Estate,https://www.spitogatos.gr/aggelia/1120952693,Βότση (Καλαμαριά) Διαμέρισμα 46 τ.μ. προς πώληση,sale,,148000.0,46.0,,,,Βότση (Καλαμαριά),,,,2026-09-29,2026-09-29,,portal alert,2026-09-29T00:00:00Z
spitogatos.gr,InFox Real Estate,https://www.spitogatos.gr/aggelia/1120952765,Κέντρο (Χαριλάου) Διαμέρισμα 59 τ.μ. προς πώληση,sale,,220000.0,59.0,,,,Κέντρο (Χαριλάου),,,,2026-09-29,2026-09-29,,portal alert,2026-09-29T00:00:00Z
spitogatos.gr,RE/MAX Best Μεσιτικό Γραφείο,https://www.spitogatos.gr/aggelia/1120952787,Κάτω Τούμπα (Τούμπα) Διαμέρισμα 88 τ.μ. προς πώληση,sale,,158000.0,88.0,,,,Κάτω Τούμπα (Τούμπα),,,,2026-09-29,2026-09-29,,portal alert,2026-09-29T00:00:00Z
spitogatos.gr,ΧΡΥΣΟΥΛΙΔΗΣ ΠΑΝΑΓΙΩΤΗΣ ΜΟΝ. Ι.Κ.Ε,https://www.spitogatos.gr/aggelia/1120952945,Διοικητήριο (Κέντρο Θεσσαλονίκης) Studio/Γκαρσονιέρα 45 τ.μ. προς πώληση,sale,,135000.0,45.0,,,,Διοικητήριο (Κέντρο Θεσσαλονίκης),,,,2026-09-29,2026-09-29,,portal alert,2026-09-29T00:00:00Z
spitogatos.gr,Green & Grey,https://www.spitogatos.gr/aggelia/1120952955,Αντιγονιδών (Κέντρο Θεσσαλονίκης) Studio/Γκαρσονιέρα 46 τ.μ. προς πώληση,sale,,138000.0,46.0,,,,Αντιγονιδών (Κέντρο Θεσσαλονίκης),,,,2026-09-29,2026-09-29,,portal alert,2026-09-29T00:00:00Z
spitogatos.gr,Green & Grey,https://www.spitogatos.gr/aggelia/1120952961,Άνω Μετέωρα - Άγιος Ραφαήλ (Πολίχνη) Μεζονέτα 140 τ.μ. προς πώληση,sale,,190000.0,140.0,,,,Άνω Μετέωρα - Άγιος Ραφαήλ (Πολίχνη),,,,2026-09-29,2026-09-29,,portal alert,2026-09-29T00:00:00Z
spitogatos.gr,ΧΡΥΣΟΥΛΙΔΗΣ ΠΑΝΑΓΙΩΤΗΣ ΜΟΝ. Ι.Κ.Ε,https://www.spitogatos.gr/aggelia/1120953013,Διοικητήριο (Κέντρο Θεσσαλονίκης) Studio/Γκαρσονιέρα 36 τ.μ. προς πώληση,sale,,128000.0,36.0,,,,Διοικητήριο (Κέντρο Θεσσαλονίκης),,,,2026-09-29,2026-09-29,,portal alert,2026-09-29T00:00:00Z
spitogatos.gr,OIKIES REAL ESTATE,https://www.spitogatos.gr/aggelia/1120953014,Συκιές (Θεσσαλονίκη - Περιφ/κοί δήμοι) Διαμέρισμα 85 τ.μ. προς πώληση,sale,,115000.0,85.0,,,,Συκιές (Θεσσαλονίκη - Περιφ/κοί δήμοι),,,,2026-09-29,2026-09-29,,portal alert,2026-09-29T00:00:00Z
spitogatos.gr,COZY REAL ESTATE,https://www.spitogatos.gr/aggelia/1120953031,Παναγία Φανερωμένη (Ξηροκρήνη - Παναγία Φανερωμένη) Διαμέρισμα 85 τ.μ. προς πώληση,sale,,117000.0,85.0,,,,Παναγία Φανερωμένη (Ξηροκρήνη - Παναγία Φανερωμένη),,,,2026-09-29,2026-09-29,,portal alert,2026-09-29T00:00:00Z
spitogatos.gr,MATRIK REAL ESTATE - ΑΝΑΚΑΙΝΙΣΕΙΣ,https://www.spitogatos.gr/aggelia/1120953039,Αγία Τριάδα (Φάληρο - Ιπποκράτειο) Διαμέρισμα 78 τ.μ. προς πώληση,sale,,160000.0,78.0,,,,Αγία Τριάδα (Φάληρο - Ιπποκράτειο),,,,2026-09-29,2026-09-29,,portal alert,2026-09-29T00:00:00Z
spitogatos.gr,ΧΡΥΣΟΥΛΙΔΗΣ ΠΑΝΑΓΙΩΤΗΣ ΜΟΝ. Ι.Κ.Ε,https://www.spitogatos.gr/aggelia/1120953053,Διοικητήριο (Κέντρο Θεσσαλονίκης) Studio/Γκαρσονιέρα 27 τ.μ. προς πώληση,sale,,95000.0,27.0,,,,Διοικητήριο (Κέντρο Θεσσαλονίκης),,,,2026-09-29,2026-09-29,,portal alert,2026-09-29T00:00:00Z
spitogatos.gr,ΧΡΥΣΟΥΛΙΔΗΣ ΠΑΝΑΓΙΩΤΗΣ ΜΟΝ. Ι.Κ.Ε,https://www.spitogatos.gr/aggelia/1120953086,Διοικητήριο (Κέντρο Θεσσαλονίκης) Studio/Γκαρσονιέρα 28 τ.μ. προς πώληση,sale,,95000.0,28.0,,,,Διοικητήριο (Κέντρο Θεσσαλονίκης),,,,2026-09-29,2026-09-29,,portal alert,2026-09-29T00:00:00Z
spitogatos.gr,StarHome-Real Estate,https://www.spitogatos.gr/aggelia/1120958827,Άνω Τούμπα (Τούμπα) Studio/Γκαρσονιέρα 35 τ.μ. προς πώληση,sale,,109000.0,35.0,,,,Άνω Τούμπα (Τούμπα),,,,2026-09-29,2026-09-29,,portal alert,2026-09-29T00:00:00Z
spitogatos.gr,Jordans rooms ike,https://www.spitogatos.gr/aggelia/1120959610,Πλατεία Εμπορίου - Ανω Λαδάδικα - Ιστορικό Κέντρο (Κέντρο Θεσσαλονίκης) Studio/Γκαρσονιέρα 46 τ.μ. προς πώληση,sale,,138000.0,46.0,,,,Πλατεία Εμπορίου - Ανω Λαδάδικα - Ιστορικό Κέντρο (Κέντρο Θεσσαλονίκης),,,,2026-09-29,2026-09-29,,portal alert,2026-09-29T00:00:00Z
spitogatos.gr,Sovereign Brokers,https://www.spitogatos.gr/aggelia/1120959713,Ανάληψη - Μπότσαρη (Ανάληψη - Μπότσαρη - Νέα Παραλία) Studio/Γκαρσονιέρα 22 τ.μ. προς πώληση,sale,,59000.0,22.0,,,,Ανάληψη - Μπότσαρη (Ανάληψη - Μπότσαρη - Νέα Παραλία),,,,2026-09-29,2026-09-29,,portal alert,2026-09-29T00:00:00Z
spitogatos.gr,Hacienda Real Estate,https://www.spitogatos.gr/aggelia/1120959739,Νέα Παραλία (Ανάληψη - Μπότσαρη - Νέα Παραλία) Διαμέρισμα 84 τ.μ. προς πώληση,sale,,120000.0,84.0,,,,Νέα Παραλία (Ανάληψη - Μπότσαρη - Νέα Παραλία),,,,2026-09-29,2026-09-29,,portal alert,2026-09-29T00:00:00Z
spitogatos.gr,LIBERTY,https://www.spitogatos.gr/aggelia/1120959980,Διοικητήριο (Κέντρο Θεσσαλονίκης) Διαμέρισμα 51 τ.μ. προς πώληση,sale,,107000.0,51.0,,,,Διοικητήριο (Κέντρο Θεσσαλονίκης),,,,2026-09-29,2026-09-29,,portal alert,2026-09-29T00:00:00Z
spitogatos.gr,Lampraki real estate,https://www.spitogatos.gr/aggelia/1120959981,Τριανδρία (Τριανδρία - Δόξα - Κρυονέρι) Studio/Γκαρσονιέρα 30 τ.μ. προς πώληση,sale,,120000.0,30.0,,,,Τριανδρία (Τριανδρία - Δόξα - Κρυονέρι),,,,2026-09-29,2026-09-29,,portal alert,2026-09-29T00:00:00Z
spitogatos.gr,Lampraki real estate,https://www.spitogatos.gr/aggelia/1120960002,Τριανδρία (Τριανδρία - Δόξα - Κρυονέρι) Studio/Γκαρσονιέρα 40 τ.μ. προς πώληση,sale,,162000.0,40.0,,,,Τριανδρία (Τριανδρία - Δόξα - Κρυονέρι),,,,2026-09-29,2026-09-29,,portal alert,2026-09-29T00:00:00Z
spitogatos.gr,ART.HOME,https://www.spitogatos.gr/aggelia/1120960069,Αγία Τριάδα (Φάληρο - Ιπποκράτειο) Διαμέρισμα 50 τ.μ. προς πώληση,sale,,168000.0,50.0,,,,Αγία Τριάδα (Φάληρο - Ιπποκράτειο),,,,2026-09-29,2026-09-29,,portal alert,2026-09-29T00:00:00Z
spitogatos.gr,ART.HOME,https://www.spitogatos.gr/aggelia/1120960079,Αγία Τριάδα (Φάληρο - Ιπποκράτειο) Διαμέρισμα 35 τ.μ. προς πώληση,sale,,158000.0,35.0,,,,Αγία Τριάδα (Φάληρο - Ιπποκράτειο),,,,2026-09-29,2026-09-29,,portal alert,2026-09-29T00:00:00Z
spitogatos.gr,ART.HOME,https://www.spitogatos.gr/aggelia/1120960088,Αγία Τριάδα (Φάληρο - Ιπποκράτειο) Διαμέρισμα 35 τ.μ. προς πώληση,sale,,163000.0,35.0,,,,Αγία Τριάδα (Φάληρο - Ιπποκράτειο),,,,2026-09-29,2026-09-29,,portal alert,2026-09-29T00:00:00Z
spitogatos.gr,Alemar Group,https://www.spitogatos.gr/aggelia/1120960126,Ιπποκράτειο (Φάληρο - Ιπποκράτειο) Loft 37 τ.μ. προς πώληση,sale,,90000.0,37.0,,,,Ιπποκράτειο (Φάληρο - Ιπποκράτειο),,,,2026-09-29,2026-09-29,,portal alert,2026-09-29T00:00:00Z
spitogatos.gr,ART.HOME,https://www.spitogatos.gr/aggelia/1120960228,Νέα Παραλία (Ανάληψη - Μπότσαρη - Νέα Παραλία) Διαμέρισμα 84 τ.μ. προς πώληση,sale,,120000.0,84.0,,,,Νέα Παραλία (Ανάληψη - Μπότσαρη - Νέα Παραλία),,,,2026-09-29,2026-09-29,,portal alert,2026-09-29T00:00:00Z
spitogatos.gr,ΓΕΝΙΚΗ ΜΕΣΙΤΙΚΗ,https://www.spitogatos.gr/aggelia/1120960234,Νέα Ελβετία (Χαριλάου) Studio/Γκαρσονιέρα 55 τ.μ. προς πώληση,sale,,230000.0,55.0,,,,Νέα Ελβετία (Χαριλάου),,,,2026-09-29,2026-09-29,,portal alert,2026-09-29T00:00:00Z
spitogatos.gr,ΓΑΙΟΚΤΗΣΙΕΣ,https://www.spitogatos.gr/aggelia/1120960368,Πλατεία Εμπορίου - Ανω Λαδάδικα - Ιστορικό Κέντρο (Κέντρο Θεσσαλονίκης) Διαμέρισμα 73 τ.μ. προς πώληση,sale,,220000.0,73.0,,,,Πλατεία Εμπορίου - Ανω Λαδάδικα - Ιστορικό Κέντρο (Κέντρο Θεσσαλονίκης),,,,2026-09-29,2026-09-30,,portal alert,2026-09-30T00:00:00Z
spitogatos.gr,Εγνατία Κτηματομεσιτικες Υπηρεσίες Ε.Ε.,https://www.spitogatos.gr/aggelia/1120960379,Διοικητήριο (Κέντρο Θεσσαλονίκης) Διαμέρισμα 50 τ.μ. προς πώληση,sale,,107000.0,50.0,,,,Διοικητήριο (Κέντρο Θεσσαλονίκης),,,,2026-09-29,2026-09-29,,portal alert,2026-09-29T00:00:00Z
spitogatos.gr,ΠΑΙΠΑΤΗΣ ΔΗΜΗΤΡΗΣ,https://www.spitogatos.gr/aggelia/1120960382,Κάτω Ανθόκηποι (Πολίχνη) 220 τ.μ. προς πώληση,sale,,150000.0,220.0,,,,Κάτω Ανθόκηποι (Πολίχνη) 220 τ.μ. προς πώληση,,,,2026-09-29,2026-09-29,,portal alert,2026-09-29T00:00:00Z
spitogatos.gr,ΜΕΣΙΤΙΚΗ ΑΚΙΝΗΤΩΝ,https://www.spitogatos.gr/aggelia/1120960391,Νέα Παραλία (Ανάληψη - Μπότσαρη - Νέα Παραλία) Διαμέρισμα 90 τ.μ. προς πώληση,sale,,285000.0,90.0,,,,Νέα Παραλία (Ανάληψη - Μπότσαρη - Νέα Παραλία),,,,2026-09-29,2026-09-29,,portal alert,2026-09-29T00:00:00Z
spitogatos.gr,Rewize,https://www.spitogatos.gr/aggelia/1120960393,Ανάληψη - Μπότσαρη (Ανάληψη - Μπότσαρη - Νέα Παραλία) Διαμέρισμα 90 τ.μ. προς πώληση,sale,,300000.0,90.0,,,,Ανάληψη - Μπότσαρη (Ανάληψη - Μπότσαρη - Νέα Παραλία),,,,2026-09-29,2026-09-29,,portal alert,2026-09-29T00:00:00Z
spitogatos.gr,EOS Investment Services,https://www.spitogatos.gr/aggelia/1120960404,Σκάλα Νέων Επιβατών (Θερμαϊκός) Διαμέρισμα 85 τ.μ. προς πώληση,sale,,138000.0,85.0,,,,Σκάλα Νέων Επιβατών (Θερμαϊκός),,,,2026-09-29,2026-09-29,,portal alert,2026-09-29T00:00:00Z
spitogatos.gr,Forumland Real Estate,https://www.spitogatos.gr/aggelia/1120960414,Βούλγαρη - Άγιος Ελευθέριος - Ντεπώ (Βούλγαρη - Ντεπώ - Μαρτίου) Studio/Γκαρσονιέρα 45 τ.μ. προς πώληση,sale,,125000.0,45.0,,,,Βούλγαρη - Άγιος Ελευθέριος - Ντεπώ (Βούλγαρη - Ντεπώ - Μαρτίου),,,,2026-09-29,2026-09-29,,portal alert,2026-09-29T00:00:00Z
spitogatos.gr,REMAX Analogia,https://www.spitogatos.gr/aggelia/1120960458,Ανάληψη - Μπότσαρη (Ανάληψη - Μπότσαρη - Νέα Παραλία) Διαμέρισμα 107 τ.μ. προς πώληση,sale,,250000.0,107.0,,,,Ανάληψη - Μπότσαρη (Ανάληψη - Μπότσαρη - Νέα Παραλία),,,,2026-09-29,2026-09-29,,portal alert,2026-09-29T00:00:00Z
spitogatos.gr,REMAX Welcome,https://www.spitogatos.gr/aggelia/1120960493,Μαλακοπή (Τούμπα) Διαμέρισμα 97 τ.μ. προς πώληση,sale,,249000.0,97.0,,,,Μαλακοπή (Τούμπα),,,,2026-09-29,2026-09-29,,portal alert,2026-09-29T00:00:00Z
spitogatos.gr,Golden Home Real Estate,https://www.spitogatos.gr/aggelia/1120960521,Κέντρο (Πυλαία) Διαμέρισμα 80 τ.μ. προς πώληση,sale,,250000.0,80.0,,,,Κέντρο (Πυλαία),,,,2026-09-29,2026-09-29,,portal alert,2026-09-29T00:00:00Z
spitogatos.gr,SHOPWAY,https://www.spitogatos.gr/aggelia/1120960569,Κάτω Ομόνοια (Σταυρούπολη) Μονοκατοικία 55 τ.μ. προς πώληση,sale,,120000.0,55.0,,,,Κάτω Ομόνοια (Σταυρούπολη),,,,2026-09-29,2026-09-29,,portal alert,2026-09-29T00:00:00Z
spitogatos.gr,ΟΙΚΟΡΑΜΑ,https://www.spitogatos.gr/aggelia/1120960582,Κάτω Τούμπα (Τούμπα) Διαμέρισμα 87 τ.μ. προς πώληση,sale,,190000.0,87.0,,,,Κάτω Τούμπα (Τούμπα),,,,2026-09-29,2026-09-29,,portal alert,2026-09-29T00:00:00Z
spitogatos.gr,BLUESTONE REAL ESTATE,https://www.spitogatos.gr/aggelia/1120960583,Ιπποκράτειο (Φάληρο - Ιπποκράτειο) Loft 35 τ.μ. προς πώληση,sale,,88000.0,35.0,,,,Ιπποκράτειο (Φάληρο - Ιπποκράτειο),,,,2026-09-29,2026-09-29,,portal alert,2026-09-29T00:00:00Z
spitogatos.gr,ThessMesiti.gr,https://www.spitogatos.gr/aggelia/1120960617,Κέντρο Θεσσαλονίκης (Θεσσαλονίκη - Δήμος) Διαμέρισμα 45 τ.μ. προς πώληση,sale,,120000.0,45.0,,,,Κέντρο Θεσσαλονίκης (Θεσσαλονίκη - Δήμος),,,,2026-09-29,2026-09-29,,portal alert,2026-09-29T00:00:00Z
spitogatos.gr,Οικοδιέξοδος,https://www.spitogatos.gr/aggelia/1120960620,Αγία Τριάδα (Φάληρο - Ιπποκράτειο) Studio/Γκαρσονιέρα 22 τ.μ. προς πώληση,sale,,85000.0,22.0,,,,Αγία Τριάδα (Φάληρο - Ιπποκράτειο),,,,2026-09-29,2026-09-29,,portal alert,2026-09-29T00:00:00Z
spitogatos.gr,Golden Home Real Estate,https://www.spitogatos.gr/aggelia/1120960675,Βάρνα (Συκιές) Διαμέρισμα 90 τ.μ. προς πώληση,sale,,95000.0,90.0,,,,Βάρνα (Συκιές),,,,2026-09-29,2026-09-29,,portal alert,2026-09-29T00:00:00Z
spitogatos.gr,BLUESTONE REAL ESTATE,https://www.spitogatos.gr/aggelia/1120960695,Αγία Τριάδα (Φάληρο - Ιπποκράτειο) Studio/Γκαρσονιέρα 37 τ.μ. προς πώληση,sale,,138000.0,37.0,,,,Αγία Τριάδα (Φάληρο - Ιπποκράτειο),,,,2026-09-29,2026-09-29,,portal alert,2026-09-29T00:00:00Z
spitogatos.gr,OIKIES REAL ESTATE,https://www.spitogatos.gr/aggelia/1120960704,Παπάφη - Άγιος Φανούριος (Τούμπα) Διαμέρισμα 67 τ.μ. προς πώληση,sale,,110000.0,67.0,,,,Παπάφη - Άγιος Φανούριος (Τούμπα),,,,2026-09-29,2026-09-29,,portal alert,2026-09-29T00:00:00Z
spitogatos.gr,KW NORTH,https://www.spitogatos.gr/aggelia/1120960733,Ιπποκράτειο (Φάληρο - Ιπποκράτειο) Studio/Γκαρσονιέρα 44 τ.μ. προς πώληση,sale,,82000.0,44.0,,,,Ιπποκράτειο (Φάληρο - Ιπποκράτειο),,,,2026-09-29,2026-09-30,,portal alert,2026-09-30T00:00:00Z
spitogatos.gr,Rewize,https://www.spitogatos.gr/aggelia/1120960753,Κέντρο (Καλαμαριά) Διαμέρισμα 99 τ.μ. προς πώληση,sale,,395000.0,99.0,,,,Κέντρο (Καλαμαριά),,,,2026-09-29,2026-09-29,,portal alert,2026-09-29T00:00:00Z
spitogatos.gr,NewDeal Group,https://www.spitogatos.gr/aggelia/1120960769,Βαρδάρης - Δικαστήρια (Βαρδάρης - Λαχανόκηποι) Διαμέρισμα 56 τ.μ. προς πώληση,sale,,85000.0,56.0,,,,Βαρδάρης - Δικαστήρια (Βαρδάρης - Λαχανόκηποι),,,,2026-09-29,2026-09-30,,portal alert,2026-09-30T00:00:00Z
spitogatos.gr,ThessMesiti.gr,https://www.spitogatos.gr/aggelia/1120960790,Κέντρο Θεσσαλονίκης (Θεσσαλονίκη - Δήμος) Διαμέρισμα 95 τ.μ. προς πώληση,sale,,375000.0,95.0,,,,Κέντρο Θεσσαλονίκης (Θεσσαλονίκη - Δήμος),,,,2026-09-29,2026-09-30,,portal alert,2026-09-30T00:00:00Z
spitogatos.gr,AA REAL ESTATE,https://www.spitogatos.gr/aggelia/1120960884,Αντιγονιδών (Κέντρο Θεσσαλονίκης) Διαμέρισμα 48 τ.μ. προς πώληση,sale,,160000.0,48.0,,,,Αντιγονιδών (Κέντρο Θεσσαλονίκης),,,,2026-09-29,2026-09-30,,portal alert,2026-09-30T00:00:00Z
spitogatos.gr,ThessMesiti.gr,https://www.spitogatos.gr/aggelia/1120960898,Βούλγαρη - Ντεπώ - Μαρτίου (Θεσσαλονίκη - Δήμος) Διαμέρισμα 45 τ.μ. προς πώληση,sale,,125000.0,45.0,,,,Βούλγαρη - Ντεπώ - Μαρτίου (Θεσσαλονίκη - Δήμος),,,,2026-09-29,2026-09-30,,portal alert,2026-09-30T00:00:00Z
spitogatos.gr,ThessMesiti.gr,https://www.spitogatos.gr/aggelia/1120960910,Ξηροκρήνη - Παναγία Φανερωμένη (Θεσσαλονίκη - Δήμος) Διαμέρισμα 90 τ.μ. προς πώληση,sale,,83000.0,90.0,,,,Ξηροκρήνη - Παναγία Φανερωμένη (Θεσσαλονίκη - Δήμος),,,,2026-09-29,2026-09-30,,portal alert,2026-09-30T00:00:00Z
spitogatos.gr,BLUESTONE REAL ESTATE,https://www.spitogatos.gr/aggelia/1120960928,Αγία Τριάδα (Φάληρο - Ιπποκράτειο) Διαμέρισμα 52 τ.μ. προς πώληση,sale,,165000.0,52.0,,,,Αγία Τριάδα (Φάληρο - Ιπποκράτειο),,,,2026-09-29,2026-09-30,,portal alert,2026-09-30T00:00:00Z
spitogatos.gr,Spitogatos,https://www.spitogatos.gr/aggelia/1120960930,Διοικητήριο (Κέντρο Θεσσαλονίκης) Studio/Γκαρσονιέρα 28 τ.μ. προς πώληση,sale,,95000.0,28.0,,,,Διοικητήριο (Κέντρο Θεσσαλονίκης),,,,2026-09-29,2026-09-30,,portal alert,2026-09-30T00:00:00Z
spitogatos.gr,Forumland Real Estate,https://www.spitogatos.gr/aggelia/1120960977,Ανάληψη - Μπότσαρη (Ανάληψη - Μπότσαρη - Νέα Παραλία) Διαμέρισμα 136 τ.μ. προς πώληση,sale,,750000.0,136.0,,,,Ανάληψη - Μπότσαρη (Ανάληψη - Μπότσαρη - Νέα Παραλία),,,,2026-09-29,2026-09-29,,portal alert,2026-09-29T00:00:00Z
spitogatos.gr,BLUESTONE REAL ESTATE,https://www.spitogatos.gr/aggelia/1120961071,Ιπποκράτειο (Φάληρο - Ιπποκράτειο) Διαμέρισμα 66 τ.μ. προς πώληση,sale,,183000.0,66.0,,,,Ιπποκράτειο (Φάληρο - Ιπποκράτειο),,,,2026-09-29,2026-09-30,,portal alert,2026-09-30T00:00:00Z
spitogatos.gr,KAS ESTATE,https://www.spitogatos.gr/aggelia/1120961137,Δόξα (Τριανδρία - Δόξα - Κρυονέρι) Studio/Γκαρσονιέρα 50 τ.μ. προς πώληση,sale,,130000.0,50.0,,,,Δόξα (Τριανδρία - Δόξα - Κρυονέρι),,,,2026-09-29,2026-09-30,,portal alert,2026-09-30T00:00:00Z
spitogatos.gr,NORE REAL ESTATE,https://www.spitogatos.gr/aggelia/1120961209,Άγιος Παντελεήμονας - Κέντρο (Πολίχνη) Διαμέρισμα 73 τ.μ. προς πώληση,sale,,80000.0,73.0,,,,Άγιος Παντελεήμονας - Κέντρο (Πολίχνη),,,,2026-09-29,2026-09-29,,portal alert,2026-09-29T00:00:00Z
spitogatos.gr,SKOREAL,https://www.spitogatos.gr/aggelia/1120961215,Ανάληψη - Μπότσαρη (Ανάληψη - Μπότσαρη - Νέα Παραλία) Studio/Γκαρσονιέρα 45 τ.μ. προς πώληση,sale,,135000.0,45.0,,,,Ανάληψη - Μπότσαρη (Ανάληψη - Μπότσαρη - Νέα Παραλία),,,,2026-09-29,2026-09-30,,portal alert,2026-09-30T00:00:00Z
spitogatos.gr,REGALIA PROPERTIES,https://www.spitogatos.gr/aggelia/1120961237,Ανάληψη - Μπότσαρη - Νέα Παραλία (Θεσσαλονίκη - Δήμος) Διαμέρισμα 65 τ.μ. προς πώληση,sale,,180000.0,65.0,,,,Ανάληψη - Μπότσαρη - Νέα Παραλία (Θεσσαλονίκη - Δήμος),,,,2026-09-29,2026-09-30,,portal alert,2026-09-30T00:00:00Z
spitogatos.gr,REGALIA PROPERTIES,https://www.spitogatos.gr/aggelia/1120961253,Ανάληψη - Μπότσαρη (Ανάληψη - Μπότσαρη - Νέα Παραλία) Διαμέρισμα 65 τ.μ. προς πώληση,sale,,180000.0,65.0,,,,Ανάληψη - Μπότσαρη (Ανάληψη - Μπότσαρη - Νέα Παραλία),,,,2026-09-29,2026-09-30,,portal alert,2026-09-30T00:00:00Z
spitogatos.gr,ΜΑΡΙΑ ΘΕΟΔΩΡΙΔΟΥ,https://www.spitogatos.gr/aggelia/1120961258,Κάτω Τούμπα (Τούμπα) Διαμέρισμα 120 τ.μ. προς πώληση,sale,,300000.0,120.0,,,,Κάτω Τούμπα (Τούμπα),,,,2026-09-29,2026-09-30,,portal alert,2026-09-30T00:00:00Z
spitogatos.gr,MK real estate,https://www.spitogatos.gr/aggelia/1120961263,Σταυρός (Ρεντίνα) Διαμέρισμα 56 τ.μ. προς πώληση,sale,,150000.0,56.0,,,,Σταυρός (Ρεντίνα),,,,2026-09-29,2026-09-30,,portal alert,2026-09-30T00:00:00Z
spitogatos.gr,MK real estate,https://www.spitogatos.gr/aggelia/1120961265,Σταυρός (Ρεντίνα) Μεζονέτα 56 τ.μ. προς πώληση,sale,,160000.0,56.0,,,,Σταυρός (Ρεντίνα),,,,2026-09-29,2026-09-30,,portal alert,2026-09-30T00:00:00Z
spitogatos.gr,BLUESTONE REAL ESTATE,https://www.spitogatos.gr/aggelia/1120961297,Τριανδρία (Τριανδρία - Δόξα - Κρυονέρι) Studio/Γκαρσονιέρα 42 τ.μ. προς πώληση,sale,,158000.0,42.0,,,,Τριανδρία (Τριανδρία - Δόξα - Κρυονέρι),,,,2026-09-29,2026-09-30,,portal alert,2026-09-30T00:00:00Z
spitogatos.gr,SKOREAL,https://www.spitogatos.gr/aggelia/1120961298,Διοικητήριο (Κέντρο Θεσσαλονίκης) Studio/Γκαρσονιέρα 47 τ.μ. προς πώληση,sale,,145000.0,47.0,,,,Διοικητήριο (Κέντρο Θεσσαλονίκης),,,,2026-09-29,2026-09-30,,portal alert,2026-09-30T00:00:00Z
spitogatos.gr,SKOREAL,https://www.spitogatos.gr/aggelia/1120961325,Διοικητήριο (Κέντρο Θεσσαλονίκης) Studio/Γκαρσονιέρα 37 τ.μ. προς πώληση,sale,,115000.0,37.0,,,,Διοικητήριο (Κέντρο Θεσσαλονίκης),,,,2026-09-29,2026-09-30,,portal alert,2026-09-30T00:00:00Z
spitogatos.gr,K PROSPER,https://www.spitogatos.gr/aggelia/1120961395,Μαλακοπή (Τούμπα) Διαμέρισμα 97 τ.μ. προς πώληση,sale,,249000.0,97.0,,,,Μαλακοπή (Τούμπα),,,,2026-09-29,2026-09-30,,portal alert,2026-09-30T00:00:00Z
spitogatos.gr,ΕΠΕΝΔΥΤΙΚΗ ΑΙΓΑΙΟΥ,https://www.spitogatos.gr/aggelia/1120962456,Κάτω Τούμπα (Τούμπα) Διαμέρισμα 62 τ.μ. προς πώληση,sale,,235000.0,62.0,,,,Κάτω Τούμπα (Τούμπα),,,,2026-09-30,2026-09-30,,portal alert,2026-09-30T00:00:00Z
spitogatos.gr,KW NORTH,https://www.spitogatos.gr/aggelia/1120962540,Νέα Παραλία (Ανάληψη - Μπότσαρη - Νέα Παραλία) Διαμέρισμα 156 τ.μ. προς πώληση,sale,,470000.0,156.0,,,,Νέα Παραλία (Ανάληψη - Μπότσαρη - Νέα Παραλία),,,,2026-09-30,2026-09-30,,portal alert,2026-09-30T00:00:00Z
spitogatos.gr,Georgakos Real Estate,https://www.spitogatos.gr/aggelia/1120963324,Κέντρο (Καλαμαριά) Διαμέρισμα 90 τ.μ. προς πώληση,sale,,220000.0,90.0,,,,Κέντρο (Καλαμαριά),,,,2026-09-30,2026-09-30,,portal alert,2026-09-30T00:00:00Z
spitogatos.gr,ΑΥΣΤΡΑΛΟΣ,https://www.spitogatos.gr/aggelia/1120963730,Ρωμαϊκή Αγορά - Βενιζέλου - Ιστορικό Κέντρο (Κέντρο Θεσσαλονίκης) Διαμέρισμα 120 τ.μ. προς πώληση,sale,,220000.0,120.0,,,,Ρωμαϊκή Αγορά - Βενιζέλου - Ιστορικό Κέντρο (Κέντρο Θεσσαλονίκης),,,,2026-09-30,2026-09-30,,portal alert,2026-09-30T00:00:00Z
spitogatos.gr,noikiaseto.gr,https://www.spitogatos.gr/aggelia/1120963752,Μαρτίου (Βούλγαρη - Ντεπώ - Μαρτίου) Διαμέρισμα 40 τ.μ. προς πώληση,sale,,129000.0,40.0,,,,Μαρτίου (Βούλγαρη - Ντεπώ - Μαρτίου),,,,2026-09-30,2026-09-30,,portal alert,2026-09-30T00:00:00Z
spitogatos.gr,ΜΕΣΙΤΙΚΟ-ΚΑΤΑΣΚΕΥΑΣΤΙΚΗ ΛΙΟΛΙΔΗΣ,https://www.spitogatos.gr/aggelia/1120963924,Συκιές (Θεσσαλονίκη - Περιφ/κοί δήμοι) Διαμέρισμα 37 τ.μ. προς πώληση,sale,,72000.0,37.0,,,,Συκιές (Θεσσαλονίκη - Περιφ/κοί δήμοι),,,,2026-09-30,2026-09-30,,portal alert,2026-09-30T00:00:00Z
spitogatos.gr,ΜΕΣΙΤΙΚΟ-ΚΑΤΑΣΚΕΥΑΣΤΙΚΗ ΛΙΟΛΙΔΗΣ,https://www.spitogatos.gr/aggelia/1120963926,Ιπποκράτειο (Φάληρο - Ιπποκράτειο) Διαμέρισμα 67 τ.μ. προς πώληση,sale,,160000.0,67.0,,,,Ιπποκράτειο (Φάληρο - Ιπποκράτειο),,,,2026-09-30,2026-09-30,,portal alert,2026-09-30T00:00:00Z
spitogatos.gr,ΜΕΣΙΤΙΚΟ-ΚΑΤΑΣΚΕΥΑΣΤΙΚΗ ΛΙΟΛΙΔΗΣ,https://www.spitogatos.gr/aggelia/1120963931,Νεάπολη (Θεσσαλονίκη - Περιφ/κοί δήμοι) Διαμέρισμα 36 τ.μ. προς πώληση,sale,,100000.0,36.0,,,,Νεάπολη (Θεσσαλονίκη - Περιφ/κοί δήμοι),,,,2026-09-30,2026-09-30,,portal alert,2026-09-30T00:00:00Z
spitogatos.gr,ΜΕΣΙΤΙΚΟ-ΚΑΤΑΣΚΕΥΑΣΤΙΚΗ ΛΙΟΛΙΔΗΣ,https://www.spitogatos.gr/aggelia/1120963938,Νεάπολη (Θεσσαλονίκη - Περιφ/κοί δήμοι) Διαμέρισμα 60 τ.μ. προς πώληση,sale,,150000.0,60.0,,,,Νεάπολη (Θεσσαλονίκη - Περιφ/κοί δήμοι),,,,2026-09-30,2026-09-30,,portal alert,2026-09-30T00:00:00Z
spitogatos.gr,Pisti Real Estate,https://www.spitogatos.gr/aggelia/1120964064,Πλατεία Εμπορίου - Ανω Λαδάδικα - Ιστορικό Κέντρο (Κέντρο Θεσσαλονίκης) Studio/Γκαρσονιέρα 28 τ.μ. προς πώληση,sale,,92000.0,28.0,,,,Πλατεία Εμπορίου - Ανω Λαδάδικα - Ιστορικό Κέντρο (Κέντρο Θεσσαλονίκης),,,,2026-09-30,2026-09-30,,portal alert,2026-09-30T00:00:00Z
spitogatos.gr,ΚΤΗΜΑΤΟΜΕΣΙΤΙΚΟ ΛΥΜΠΕΡΟΠΟΥΛΟΣ,https://www.spitogatos.gr/aggelia/1120964122,Κέντρο Θεσσαλονίκης (Θεσσαλονίκη - Δήμος) Διαμέρισμα 90 τ.μ. προς πώληση,sale,,235000.0,90.0,,,,Κέντρο Θεσσαλονίκης (Θεσσαλονίκη - Δήμος),,,,2026-09-30,2026-09-30,,portal alert,2026-09-30T00:00:00Z
spitogatos.gr,ΚΤΗΜΑΤΟΜΕΣΙΤΙΚΟ ΛΥΜΠΕΡΟΠΟΥΛΟΣ,https://www.spitogatos.gr/aggelia/1120964130,Κέντρο Θεσσαλονίκης (Θεσσαλονίκη - Δήμος) Διαμέρισμα 100 τ.μ. προς πώληση,sale,,255000.0,100.0,,,,Κέντρο Θεσσαλονίκης (Θεσσαλονίκη - Δήμος),,,,2026-09-30,2026-09-30,,portal alert,2026-09-30T00:00:00Z
spitogatos.gr,Factum real estate,https://www.spitogatos.gr/aggelia/1120964176,Διοικητήριο (Κέντρο Θεσσαλονίκης) Studio/Γκαρσονιέρα 55 τ.μ. προς πώληση,sale,,168000.0,55.0,,,,Διοικητήριο (Κέντρο Θεσσαλονίκης),,,,2026-09-30,2026-09-30,,portal alert,2026-09-30T00:00:00Z
spitogatos.gr,Spitogatos,https://www.spitogatos.gr/aggelia/1120965311,Κάτω Τούμπα (Τούμπα) Διαμέρισμα 71 τ.μ. προς πώληση,sale,,230750.0,71.0,,,,Κάτω Τούμπα (Τούμπα),,,,2026-09-30,2026-09-30,,portal alert,2026-09-30T00:00:00Z
spitogatos.gr,ΒΕΕ ΚΟΣΜΟΣ,https://www.spitogatos.gr/aggelia/1120967387,Ιπποκράτειο (Φάληρο - Ιπποκράτειο) Loft 45 τ.μ. προς πώληση,sale,,110000.0,45.0,,,,Ιπποκράτειο (Φάληρο - Ιπποκράτειο),,,,2026-09-30,2026-09-30,,portal alert,2026-09-30T00:00:00Z
spitogatos.gr,OIKODROMIO Properties,https://www.spitogatos.gr/aggelia/1120968244,Πλατεία Ναυαρίνου (Κέντρο Θεσσαλονίκης) Studio/Γκαρσονιέρα 40 τ.μ. προς πώληση,sale,,190000.0,40.0,,,,Πλατεία Ναυαρίνου (Κέντρο Θεσσαλονίκης),,,,2026-10-01,2026-10-01,,portal alert,2026-10-01T00:00:00Z
spitogatos.gr,ΒΕΕ ΚΟΣΜΟΣ,https://www.spitogatos.gr/aggelia/1120968497,Νέα Παραλία (Ανάληψη - Μπότσαρη - Νέα Παραλία) Διαμέρισμα 85 τ.μ. προς πώληση,sale,,190000.0,85.0,,,,Νέα Παραλία (Ανάληψη - Μπότσαρη - Νέα Παραλία),,,,2026-09-30,2026-09-30,,portal alert,2026-09-30T00:00:00Z
spitogatos.gr,BLUESTONE REAL ESTATE,https://www.spitogatos.gr/aggelia/1120968555,Κέντρο (Χαριλάου) Studio/Γκαρσονιέρα 34 τ.μ. προς πώληση,sale,,128000.0,34.0,,,,Κέντρο (Χαριλάου),,,,2026-09-30,2026-09-30,,portal alert,2026-09-30T00:00:00Z
spitogatos.gr,Spitogatos,https://www.spitogatos.gr/aggelia/1120968592,Ξηροκρήνη (Ξηροκρήνη - Παναγία Φανερωμένη) Διαμέρισμα 73 τ.μ. προς πώληση,sale,,65000.0,73.0,,,,Ξηροκρήνη (Ξηροκρήνη - Παναγία Φανερωμένη),,,,2026-09-30,2026-09-30,,portal alert,2026-09-30T00:00:00Z
spitogatos.gr,Golden Home Real Estate,https://www.spitogatos.gr/aggelia/1120968703,Αντιγονιδών (Κέντρο Θεσσαλονίκης) Διαμέρισμα 46 τ.μ. προς πώληση,sale,,138000.0,46.0,,,,Αντιγονιδών (Κέντρο Θεσσαλονίκης),,,,2026-09-30,2026-09-30,,portal alert,2026-09-30T00:00:00Z
spitogatos.gr,PROSPERTY,https://www.spitogatos.gr/aggelia/1120968741,Άγιος Παντελεήμων (Καλαμαριά) Διαμέρισμα 79 τ.μ. προς πώληση,sale,,250000.0,79.0,,,,Άγιος Παντελεήμων (Καλαμαριά),,,,2026-09-30,2026-09-30,,portal alert,2026-09-30T00:00:00Z
spitogatos.gr,ΒΕΕ ΚΟΣΜΟΣ,https://www.spitogatos.gr/aggelia/1120968761,Σταθμός ΟΣΕ (Βαρδάρης - Λαχανόκηποι) Studio/Γκαρσονιέρα 33 τ.μ. προς πώληση,sale,,75000.0,33.0,,,,Σταθμός ΟΣΕ (Βαρδάρης - Λαχανόκηποι),,,,2026-09-30,2026-09-30,,portal alert,2026-09-30T00:00:00Z
spitogatos.gr,BLUESTONE REAL ESTATE,https://www.spitogatos.gr/aggelia/1120968770,Κάτω Τούμπα (Τούμπα) Διαμέρισμα 71 τ.μ. προς πώληση,sale,,230000.0,71.0,,,,Κάτω Τούμπα (Τούμπα),,,,2026-09-30,2026-09-30,,portal alert,2026-09-30T00:00:00Z
spitogatos.gr,PROSPERTY,https://www.spitogatos.gr/aggelia/1120968772,Άγιος Παντελεήμων (Καλαμαριά) Διαμέρισμα 71 τ.μ. προς πώληση,sale,,230000.0,71.0,,,,Άγιος Παντελεήμων (Καλαμαριά),,,,2026-09-30,2026-09-30,,portal alert,2026-09-30T00:00:00Z
spitogatos.gr,VIDIS REAL ESTATE,https://www.spitogatos.gr/aggelia/1120968806,Περαία (Θερμαϊκός) Studio/Γκαρσονιέρα 33 τ.μ. προς πώληση,sale,,135000.0,33.0,,,,Περαία (Θερμαϊκός),,,,2026-09-30,2026-09-30,,portal alert,2026-09-30T00:00:00Z
spitogatos.gr,Plasis Real Estate + Development,https://www.spitogatos.gr/aggelia/1120968815,Καμάρα - Ροτόντα (Κέντρο Θεσσαλονίκης) Studio/Γκαρσονιέρα 30 τ.μ. προς πώληση,sale,,88000.0,30.0,,,,Καμάρα - Ροτόντα (Κέντρο Θεσσαλονίκης),,,,2026-09-30,2026-09-30,,portal alert,2026-09-30T00:00:00Z
spitogatos.gr,PROSPERTY,https://www.spitogatos.gr/aggelia/1120968817,Ρωμαϊκή Αγορά - Βενιζέλου - Ιστορικό Κέντρο (Κέντρο Θεσσαλονίκης) Διαμέρισμα 130 τ.μ. προς πώληση,sale,,340000.0,130.0,,,,Ρωμαϊκή Αγορά - Βενιζέλου - Ιστορικό Κέντρο (Κέντρο Θεσσαλονίκης),,,,2026-09-30,2026-09-30,,portal alert,2026-09-30T00:00:00Z
spitogatos.gr,KW NORTH,https://www.spitogatos.gr/aggelia/1120968848,Ανάληψη - Μπότσαρη (Ανάληψη - Μπότσαρη - Νέα Παραλία) Διαμέρισμα 70 τ.μ. προς πώληση,sale,,190000.0,70.0,,,,Ανάληψη - Μπότσαρη (Ανάληψη - Μπότσαρη - Νέα Παραλία),,,,2026-09-30,2026-09-30,,portal alert,2026-09-30T00:00:00Z
spitogatos.gr,ΜΕΣΙΤΙΚΗ ΑΚΙΝΗΤΩΝ,https://www.spitogatos.gr/aggelia/1120968921,Άνω Τούμπα (Τούμπα) Διαμέρισμα 88 τ.μ. προς πώληση,sale,,240000.0,88.0,,,,Άνω Τούμπα (Τούμπα),,,,2026-09-30,2026-09-30,,portal alert,2026-09-30T00:00:00Z
spitogatos.gr,BLUESTONE REAL ESTATE,https://www.spitogatos.gr/aggelia/1120968923,Κάτω Τούμπα (Τούμπα) Studio/Γκαρσονιέρα 40 τ.μ. προς πώληση,sale,,132000.0,40.0,,,,Κάτω Τούμπα (Τούμπα),,,,2026-09-30,2026-09-30,,portal alert,2026-09-30T00:00:00Z
spitogatos.gr,OLYMPUS real estate agency,https://www.spitogatos.gr/aggelia/1120968973,Ιπποκράτειο (Φάληρο - Ιπποκράτειο) Loft 35 τ.μ. προς πώληση,sale,,88000.0,35.0,,,,Ιπποκράτειο (Φάληρο - Ιπποκράτειο),,,,2026-09-30,2026-09-30,,portal alert,2026-09-30T00:00:00Z
spitogatos.gr,KRISTALIA PROPERTIES,https://www.spitogatos.gr/aggelia/1120969157,Καραμπουρνακι (Καλαμαριά) Διαμέρισμα 120 τ.μ. προς πώληση,sale,,285000.0,120.0,,,,Καραμπουρνακι (Καλαμαριά),,,,2026-09-30,2026-09-30,,portal alert,2026-09-30T00:00:00Z
spitogatos.gr,ANTONIOU HOME,https://www.spitogatos.gr/aggelia/1120969278,Κέντρο Θεσσαλονίκης (Θεσσαλονίκη - Δήμος) Studio/Γκαρσονιέρα 36 τ.μ. προς πώληση,sale,,178000.0,36.0,,,,Κέντρο Θεσσαλονίκης (Θεσσαλονίκη - Δήμος),,,,2026-09-30,2026-09-30,,portal alert,2026-09-30T00:00:00Z
spitogatos.gr,KRISTALIA PROPERTIES,https://www.spitogatos.gr/aggelia/1120969513,Κέντρο Θεσσαλονίκης (Θεσσαλονίκη - Δήμος) Διαμέρισμα 95 τ.μ. προς πώληση,sale,,260000.0,95.0,,,,Κέντρο Θεσσαλονίκης (Θεσσαλονίκη - Δήμος),,,,2026-09-30,2026-09-30,,portal alert,2026-09-30T00:00:00Z
spitogatos.gr,Invista.gr Real Estate,https://www.spitogatos.gr/aggelia/1120969518,Κέντρο (Καλαμαριά) Διαμέρισμα 80 τ.μ. προς πώληση,sale,,275000.0,80.0,,,,Κέντρο (Καλαμαριά),,,,2026-09-30,2026-09-30,,portal alert,2026-09-30T00:00:00Z
spitogatos.gr,Invista.gr Real Estate,https://www.spitogatos.gr/aggelia/1120969540,Άγιος Παντελεήμων (Καλαμαριά) Διαμέρισμα 80 τ.μ. προς πώληση,sale,,260000.0,80.0,,,,Άγιος Παντελεήμων (Καλαμαριά),,,,2026-09-30,2026-09-30,,portal alert,2026-09-30T00:00:00Z
spitogatos.gr,KRISTALIA PROPERTIES,https://www.spitogatos.gr/aggelia/1120969576,Ανάληψη - Μπότσαρη (Ανάληψη - Μπότσαρη - Νέα Παραλία) Διαμέρισμα 50 τ.μ. προς πώληση,sale,,168000.0,50.0,,,,Ανάληψη - Μπότσαρη (Ανάληψη - Μπότσαρη - Νέα Παραλία),,,,2026-09-30,2026-09-30,,portal alert,2026-09-30T00:00:00Z
spitogatos.gr,Spitogatos,https://www.spitogatos.gr/aggelia/1120969773,Κάτω Τούμπα (Τούμπα) Διαμέρισμα 71 τ.μ. προς πώληση,sale,,230000.0,71.0,,,,Κάτω Τούμπα (Τούμπα),,,,2026-09-30,2026-09-30,,portal alert,2026-09-30T00:00:00Z
spitogatos.gr,Spitogatos,https://www.spitogatos.gr/aggelia/1120969774,Κάτω Τούμπα (Τούμπα) Διαμέρισμα 71 τ.μ. προς πώληση,sale,,223000.0,71.0,,,,Κάτω Τούμπα (Τούμπα),,,,2026-09-30,2026-09-30,,portal alert,2026-09-30T00:00:00Z
spitogatos.gr,Forumland Real Estate,https://www.spitogatos.gr/aggelia/1120969784,Τριανδρία (Τριανδρία - Δόξα - Κρυονέρι) Studio/Γκαρσονιέρα 45 τ.μ. προς πώληση,sale,,3500.0,45.0,,,,Τριανδρία (Τριανδρία - Δόξα - Κρυονέρι),,,,2026-09-30,2026-09-30,,portal alert,2026-09-30T00:00:00Z
spitogatos.gr,Spitogatos,https://www.spitogatos.gr/aggelia/1120969785,Κέντρο (Μενεμένη) Διαμέρισμα 80 τ.μ. προς πώληση,sale,,80000.0,80.0,,,,Κέντρο (Μενεμένη),,,,2026-09-30,2026-09-30,,portal alert,2026-09-30T00:00:00Z
spitogatos.gr,Progreso Real Estate,https://www.spitogatos.gr/aggelia/1120969812,Οικισμός Μακεδονία (Πανόραμα) Διαμέρισμα 378 τ.μ. προς πώληση,sale,,575000.0,378.0,,,,Οικισμός Μακεδονία (Πανόραμα),,,,2026-09-30,2026-09-30,,portal alert,2026-09-30T00:00:00Z
spitogatos.gr,RO PROPERTY,https://www.spitogatos.gr/aggelia/1120969849,Μαλακοπή (Τούμπα) Studio/Γκαρσονιέρα 35 τ.μ. προς πώληση,sale,,109000.0,35.0,,,,Μαλακοπή (Τούμπα),,,,2026-09-30,2026-09-30,,portal alert,2026-09-30T00:00:00Z
spitogatos.gr,Thermaikos Real estate,https://www.spitogatos.gr/aggelia/1120969863,Κάτω Τούμπα (Τούμπα) Studio/Γκαρσονιέρα 21 τ.μ. προς πώληση,sale,,85000.0,21.0,,,,Κάτω Τούμπα (Τούμπα),,,,2026-09-30,2026-09-30,,portal alert,2026-09-30T00:00:00Z
spitogatos.gr,CITYBUILD,https://www.spitogatos.gr/aggelia/1120969865,Κάτω Τούμπα (Τούμπα) Διαμέρισμα 78 τ.μ. προς πώληση,sale,,250000.0,78.0,,,,Κάτω Τούμπα (Τούμπα),,,,2026-09-30,2026-09-30,,portal alert,2026-09-30T00:00:00Z
spitogatos.gr,BLUESTONE REAL ESTATE,https://www.spitogatos.gr/aggelia/1120969872,Κάτω Τούμπα (Τούμπα) Διαμέρισμα 71 τ.μ. προς πώληση,sale,,222000.0,71.0,,,,Κάτω Τούμπα (Τούμπα),,,,2026-09-30,2026-09-30,,portal alert,2026-09-30T00:00:00Z
spitogatos.gr,Xri.Ma Investments,https://www.spitogatos.gr/aggelia/1120969873,Τερψιθέα (Σταυρούπολη) Διαμέρισμα 65 τ.μ. προς πώληση,sale,,118000.0,65.0,,,,Τερψιθέα (Σταυρούπολη),,,,2026-09-30,2026-09-30,,portal alert,2026-09-30T00:00:00Z
spitogatos.gr,GIZARIS REAL ESTATE,https://www.spitogatos.gr/aggelia/1120969945,Νέα Παραλία (Ανάληψη - Μπότσαρη - Νέα Παραλία) Διαμέρισμα 137 τ.μ. προς πώληση,sale,,380000.0,137.0,,,,Νέα Παραλία (Ανάληψη - Μπότσαρη - Νέα Παραλία),,,,2026-09-30,2026-09-30,,portal alert,2026-09-30T00:00:00Z
spitogatos.gr,KA.ZA.properties,https://www.spitogatos.gr/aggelia/1120969959,Ηλιούπολη Κέντρο (Σταυρούπολη) Μεζονέτα 108 τ.μ. προς πώληση,sale,,150000.0,108.0,,,,Ηλιούπολη Κέντρο (Σταυρούπολη),,,,2026-09-30,2026-09-30,,portal alert,2026-09-30T00:00:00Z
spitogatos.gr,NORE REAL ESTATE,https://www.spitogatos.gr/aggelia/1120970015,Φάληρο - Ιπποκράτειο (Θεσσαλονίκη - Δήμος) Διαμέρισμα 67 τ.μ. προς πώληση,sale,,160000.0,67.0,,,,Φάληρο - Ιπποκράτειο (Θεσσαλονίκη - Δήμος),,,,2026-09-30,2026-09-30,,portal alert,2026-09-30T00:00:00Z
spitogatos.gr,CITYBUILD,https://www.spitogatos.gr/aggelia/1120970016,Χαριλάου (Θεσσαλονίκη - Δήμος) Διαμέρισμα 32 τ.μ. προς πώληση,sale,,105000.0,32.0,,,,Χαριλάου (Θεσσαλονίκη - Δήμος),,,,2026-09-30,2026-09-30,,portal alert,2026-09-30T00:00:00Z
spitogatos.gr,Spitarona Real Estate,https://www.spitogatos.gr/aggelia/1120970026,Μαρτίου (Βούλγαρη - Ντεπώ - Μαρτίου) Studio/Γκαρσονιέρα 48 τ.μ. προς πώληση,sale,,138000.0,48.0,,,,Μαρτίου (Βούλγαρη - Ντεπώ - Μαρτίου),,,,2026-09-30,2026-09-30,,portal alert,2026-09-30T00:00:00Z
spitogatos.gr,InFox Real Estate,https://www.spitogatos.gr/aggelia/1120970053,Ανάληψη - Μπότσαρη (Ανάληψη - Μπότσαρη - Νέα Παραλία) Διαμέρισμα 51 τ.μ. προς πώληση,sale,,179000.0,51.0,,,,Ανάληψη - Μπότσαρη (Ανάληψη - Μπότσαρη - Νέα Παραλία),,,,2026-09-30,2026-09-30,,portal alert,2026-09-30T00:00:00Z
spitogatos.gr,SKOREAL,https://www.spitogatos.gr/aggelia/1120970141,Τριανδρία (Τριανδρία - Δόξα - Κρυονέρι) Studio/Γκαρσονιέρα 42 τ.μ. προς πώληση,sale,,125000.0,42.0,,,,Τριανδρία (Τριανδρία - Δόξα - Κρυονέρι),,,,2026-09-30,2026-10-01,,portal alert,2026-10-01T00:00:00Z
spitogatos.gr,SKOREAL,https://www.spitogatos.gr/aggelia/1120970147,Τριανδρία (Τριανδρία - Δόξα - Κρυονέρι) Studio/Γκαρσονιέρα 23 τ.μ. προς πώληση,sale,,75000.0,23.0,,,,Τριανδρία (Τριανδρία - Δόξα - Κρυονέρι),,,,2026-09-30,2026-10-01,,portal alert,2026-10-01T00:00:00Z
spitogatos.gr,NORE REAL ESTATE,https://www.spitogatos.gr/aggelia/1120970155,Κρυονέρι (Τριανδρία - Δόξα - Κρυονέρι) Διαμέρισμα 103 τ.μ. προς πώληση,sale,,285000.0,103.0,,,,Κρυονέρι (Τριανδρία - Δόξα - Κρυονέρι),,,,2026-09-30,2026-10-01,,portal alert,2026-10-01T00:00:00Z
spitogatos.gr,Οικία Θεςσαλονίκη,https://www.spitogatos.gr/aggelia/1120970156,Άνω Μαλακοπή (Πυλαία) Studio/Γκαρσονιέρα 25 τ.μ. προς πώληση,sale,,75000.0,25.0,,,,Άνω Μαλακοπή (Πυλαία),,,,2026-09-30,2026-09-30,,portal alert,2026-09-30T00:00:00Z
spitogatos.gr,Tzikas real estate,https://www.spitogatos.gr/aggelia/1120970224,Νέα Ελβετία (Χαριλάου) Studio/Γκαρσονιέρα 50 τ.μ. προς πώληση,sale,,220000.0,50.0,,,,Νέα Ελβετία (Χαριλάου),,,,2026-09-30,2026-10-01,,portal alert,2026-10-01T00:00:00Z
spitogatos.gr,Tzikas real estate,https://www.spitogatos.gr/aggelia/1120970247,Νέα Ελβετία (Χαριλάου) Studio/Γκαρσονιέρα 55 τ.μ. προς πώληση,sale,,220000.0,55.0,,,,Νέα Ελβετία (Χαριλάου),,,,2026-09-30,2026-10-01,,portal alert,2026-10-01T00:00:00Z
spitogatos.gr,Tzikas real estate,https://www.spitogatos.gr/aggelia/1120970260,Νέα Ελβετία (Χαριλάου) Studio/Γκαρσονιέρα 55 τ.μ. προς πώληση,sale,,230000.0,55.0,,,,Νέα Ελβετία (Χαριλάου),,,,2026-09-30,2026-10-01,,portal alert,2026-10-01T00:00:00Z
spitogatos.gr,Diamond Group,https://www.spitogatos.gr/aggelia/1120970265,Βαρδάρης - Δικαστήρια (Βαρδάρης - Λαχανόκηποι) Loft 72 τ.μ. προς πώληση,sale,,135000.0,72.0,,,,Βαρδάρης - Δικαστήρια (Βαρδάρης - Λαχανόκηποι),,,,2026-09-30,2026-10-01,,portal alert,2026-10-01T00:00:00Z
spitogatos.gr,Tzikas real estate,https://www.spitogatos.gr/aggelia/1120970269,Νέα Ελβετία (Χαριλάου) Studio/Γκαρσονιέρα 50 τ.μ. προς πώληση,sale,,230000.0,50.0,,,,Νέα Ελβετία (Χαριλάου),,,,2026-09-30,2026-10-01,,portal alert,2026-10-01T00:00:00Z
spitogatos.gr,Tzikas real estate,https://www.spitogatos.gr/aggelia/1120970280,Νέα Ελβετία (Χαριλάου) Studio/Γκαρσονιέρα 50 τ.μ. προς πώληση,sale,,230000.0,50.0,,,,Νέα Ελβετία (Χαριλάου),,,,2026-09-30,2026-10-01,,portal alert,2026-10-01T00:00:00Z
spitogatos.gr,Diamond Group,https://www.spitogatos.gr/aggelia/1120970310,Αντιγονιδών (Κέντρο Θεσσαλονίκης) Διαμέρισμα 78 τ.μ. προς πώληση,sale,,150000.0,78.0,,,,Αντιγονιδών (Κέντρο Θεσσαλονίκης),,,,2026-09-30,2026-10-01,,portal alert,2026-10-01T00:00:00Z
spitogatos.gr,Tzikas real estate,https://www.spitogatos.gr/aggelia/1120970337,Νέα Ελβετία (Χαριλάου) Διαμέρισμα 117 τ.μ. προς πώληση,sale,,390000.0,117.0,,,,Νέα Ελβετία (Χαριλάου),,,,2026-09-30,2026-10-01,,portal alert,2026-10-01T00:00:00Z
spitogatos.gr,ΓΡΑΦΕΙΑΚΙ,https://www.spitogatos.gr/aggelia/1120970384,Κέντρο (Πυλαία) Μεζονέτα 129 τ.μ. προς πώληση,sale,,490000.0,129.0,,,,Κέντρο (Πυλαία),,,,2026-09-30,2026-09-30,,portal alert,2026-09-30T00:00:00Z
spitogatos.gr,Οικία Θεςσαλονίκη,https://www.spitogatos.gr/aggelia/1120970391,Άνω Μαλακοπή (Πυλαία) Studio/Γκαρσονιέρα 25 τ.μ. προς πώληση,sale,,75000.0,25.0,,,,Άνω Μαλακοπή (Πυλαία),,,,2026-09-30,2026-09-30,,portal alert,2026-09-30T00:00:00Z
spitogatos.gr,ALL IN LUXURY REAL ESTATE,https://www.spitogatos.gr/aggelia/1120970473,Αγία Σοφία (Κέντρο Θεσσαλονίκης) Studio/Γκαρσονιέρα 40 τ.μ. προς πώληση,sale,,209000.0,40.0,,,,Αγία Σοφία (Κέντρο Θεσσαλονίκης),,,,2026-09-30,2026-10-01,,portal alert,2026-10-01T00:00:00Z
spitogatos.gr,Μεσιτικό Γραφείο Θεςς,https://www.spitogatos.gr/aggelia/1120970481,Πλατεία Εμπορίου - Ανω Λαδάδικα - Ιστορικό Κέντρο (Κέντρο Θεσσαλονίκης) Διαμέρισμα 34 τ.μ. προς πώληση,sale,,95000.0,34.0,,,,Πλατεία Εμπορίου - Ανω Λαδάδικα - Ιστορικό Κέντρο (Κέντρο Θεσσαλονίκης),,,,2026-09-30,2026-10-01,,portal alert,2026-10-01T00:00:00Z
spitogatos.gr,Οικία Θεςσαλονίκη,https://www.spitogatos.gr/aggelia/1120970489,Άνω Μαλακοπή (Πυλαία) Studio/Γκαρσονιέρα 25 τ.μ. προς πώληση,sale,,75000.0,25.0,,,,Άνω Μαλακοπή (Πυλαία),,,,2026-09-30,2026-09-30,,portal alert,2026-09-30T00:00:00Z
spitogatos.gr,BLUESTONE REAL ESTATE,https://www.spitogatos.gr/aggelia/1120970499,Αγία Σοφία (Κέντρο Θεσσαλονίκης) Studio/Γκαρσονιέρα 33 τ.μ. προς πώληση,sale,,165000.0,33.0,,,,Αγία Σοφία (Κέντρο Θεσσαλονίκης),,,,2026-09-30,2026-10-01,,portal alert,2026-10-01T00:00:00Z
spitogatos.gr,ΔΑΝΑΚΑΚΗΣ ΙΩΑΝΝΗΣ,https://www.spitogatos.gr/aggelia/1120970503,ΧΑΝΘ (Κέντρο Θεσσαλονίκης) Διαμέρισμα 55 τ.μ. προς πώληση,sale,,283000.0,55.0,,,,ΧΑΝΘ (Κέντρο Θεσσαλονίκης),,,,2026-09-30,2026-10-01,,portal alert,2026-10-01T00:00:00Z
spitogatos.gr,ΔΑΝΑΚΑΚΗΣ ΙΩΑΝΝΗΣ,https://www.spitogatos.gr/aggelia/1120970513,ΧΑΝΘ (Κέντρο Θεσσαλονίκης) Studio/Γκαρσονιέρα 38 τ.μ. προς πώληση,sale,,159000.0,38.0,,,,ΧΑΝΘ (Κέντρο Θεσσαλονίκης),,,,2026-09-30,2026-10-01,,portal alert,2026-10-01T00:00:00Z
spitogatos.gr,BLUESTONE REAL ESTATE,https://www.spitogatos.gr/aggelia/1120970537,Αγία Σοφία (Κέντρο Θεσσαλονίκης) Studio/Γκαρσονιέρα 36 τ.μ. προς πώληση,sale,,178000.0,36.0,,,,Αγία Σοφία (Κέντρο Θεσσαλονίκης),,,,2026-09-30,2026-10-01,,portal alert,2026-10-01T00:00:00Z
spitogatos.gr,Bee One,https://www.spitogatos.gr/aggelia/1120970544,Κάτω Τούμπα (Τούμπα) Διαμέρισμα 72 τ.μ. προς πώληση,sale,,216000.0,72.0,,,,Κάτω Τούμπα (Τούμπα),,,,2026-09-30,2026-10-01,,portal alert,2026-10-01T00:00:00Z
spitogatos.gr,Bee One,https://www.spitogatos.gr/aggelia/1120970545,Κάτω Τούμπα (Τούμπα) Διαμέρισμα 70 τ.μ. προς πώληση,sale,,200000.0,70.0,,,,Κάτω Τούμπα (Τούμπα),,,,2026-09-30,2026-10-01,,portal alert,2026-10-01T00:00:00Z
spitogatos.gr,Bee One,https://www.spitogatos.gr/aggelia/1120970546,Κάτω Τούμπα (Τούμπα) Διαμέρισμα 49 τ.μ. προς πώληση,sale,,144000.0,49.0,,,,Κάτω Τούμπα (Τούμπα),,,,2026-09-30,2026-10-01,,portal alert,2026-10-01T00:00:00Z
spitogatos.gr,Spitogatos,https://www.spitogatos.gr/aggelia/1120970549,Άγιος Παντελεήμων (Καλαμαριά) Διαμέρισμα 80 τ.μ. προς πώληση,sale,,168000.0,80.0,,,,Άγιος Παντελεήμων (Καλαμαριά),,,,2026-10-01,2026-10-01,,portal alert,2026-10-01T00:00:00Z
spitogatos.gr,BLUESTONE REAL ESTATE,https://www.spitogatos.gr/aggelia/1120970574,Κάτω Τούμπα (Τούμπα) Μεζονέτα 165 τ.μ. προς πώληση,sale,,5000.0,165.0,,,,Κάτω Τούμπα (Τούμπα),,,,2026-10-01,2026-10-01,,portal alert,2026-10-01T00:00:00Z
spitogatos.gr,ASSA PROPERTIES,https://www.spitogatos.gr/aggelia/1120970814,Βότση (Καλαμαριά) Διαμέρισμα 124 τ.μ. προς πώληση,sale,,299000.0,124.0,,,,Βότση (Καλαμαριά),,,,2026-10-01,2026-10-01,,portal alert,2026-10-01T00:00:00Z
spitogatos.gr,KRISTALIA PROPERTIES,https://www.spitogatos.gr/aggelia/1120970883,Τουρκικό Προξενείο (Κέντρο Θεσσαλονίκης) Διαμέρισμα 42 τ.μ. προς πώληση,sale,,149000.0,42.0,,,,Τουρκικό Προξενείο (Κέντρο Θεσσαλονίκης),,,,2026-10-01,2026-10-01,,portal alert,2026-10-01T00:00:00Z
spitogatos.gr,KRISTALIA PROPERTIES,https://www.spitogatos.gr/aggelia/1120970885,Καμάρα - Ροτόντα (Κέντρο Θεσσαλονίκης) Διαμέρισμα 45 τ.μ. προς πώληση,sale,,142000.0,45.0,,,,Καμάρα - Ροτόντα (Κέντρο Θεσσαλονίκης),,,,2026-10-01,2026-10-01,,portal alert,2026-10-01T00:00:00Z
spitogatos.gr,KRISTALIA PROPERTIES,https://www.spitogatos.gr/aggelia/1120970889,Καμάρα - Ροτόντα (Κέντρο Θεσσαλονίκης) Διαμέρισμα 45 τ.μ. προς πώληση,sale,,142000.0,45.0,,,,Καμάρα - Ροτόντα (Κέντρο Θεσσαλονίκης),,,,2026-10-01,2026-10-01,,portal alert,2026-10-01T00:00:00Z
spitogatos.gr,KRISTALIA PROPERTIES,https://www.spitogatos.gr/aggelia/1120970892,Καμάρα - Ροτόντα (Κέντρο Θεσσαλονίκης) Διαμέρισμα 46 τ.μ. προς πώληση,sale,,173000.0,46.0,,,,Καμάρα - Ροτόντα (Κέντρο Θεσσαλονίκης),,,,2026-10-01,2026-10-01,,portal alert,2026-10-01T00:00:00Z
spitogatos.gr,KRISTALIA PROPERTIES,https://www.spitogatos.gr/aggelia/1120970893,Καμάρα - Ροτόντα (Κέντρο Θεσσαλονίκης) Διαμέρισμα 46 τ.μ. προς πώληση,sale,,173000.0,46.0,,,,Καμάρα - Ροτόντα (Κέντρο Θεσσαλονίκης),,,,2026-10-01,2026-10-01,,portal alert,2026-10-01T00:00:00Z
spitogatos.gr,KRISTALIA PROPERTIES,https://www.spitogatos.gr/aggelia/1120971126,Ρωμαϊκή Αγορά - Βενιζέλου - Ιστορικό Κέντρο (Κέντρο Θεσσαλονίκης) Studio/Γκαρσονιέρα 44 τ.μ. προς πώληση,sale,,148000.0,44.0,,,,Ρωμαϊκή Αγορά - Βενιζέλου - Ιστορικό Κέντρο (Κέντρο Θεσσαλονίκης),,,,2026-10-01,2026-10-01,,portal alert,2026-10-01T00:00:00Z
spitogatos.gr,Οικία Θεςσαλονίκη,https://www.spitogatos.gr/aggelia/1120971231,Ανάληψη - Μπότσαρη (Ανάληψη - Μπότσαρη - Νέα Παραλία) Διαμέρισμα 52 τ.μ. προς πώληση,sale,,130000.0,52.0,,,,Ανάληψη - Μπότσαρη (Ανάληψη - Μπότσαρη - Νέα Παραλία),,,,2026-10-01,2026-10-01,,portal alert,2026-10-01T00:00:00Z
spitogatos.gr,ΑΝΥΗΟΜΕ,https://www.spitogatos.gr/aggelia/1120972453,Αγία Τριάδα (Φάληρο - Ιπποκράτειο) Studio/Γκαρσονιέρα 40 τ.μ. προς πώληση,sale,,99000.0,40.0,,,,Αγία Τριάδα (Φάληρο - Ιπποκράτειο),,,,2026-10-01,2026-10-01,,portal alert,2026-10-01T00:00:00Z
spitogatos.gr,ΑΝΥΗΟΜΕ,https://www.spitogatos.gr/aggelia/1120972454,Νεάπολη (Θεσσαλονίκη - Περιφ/κοί δήμοι) Studio/Γκαρσονιέρα 68 τ.μ. προς πώληση,sale,,99000.0,68.0,,,,Νεάπολη (Θεσσαλονίκη - Περιφ/κοί δήμοι),,,,2026-10-01,2026-10-01,,portal alert,2026-10-01T00:00:00Z
spitogatos.gr,OIKIES REAL ESTATE,https://www.spitogatos.gr/aggelia/1120972599,Τριανδρία (Τριανδρία - Δόξα - Κρυονέρι) Διαμέρισμα 80 τ.μ. προς πώληση,sale,,160000.0,80.0,,,,Τριανδρία (Τριανδρία - Δόξα - Κρυονέρι),,,,2026-10-01,2026-10-01,,portal alert,2026-10-01T00:00:00Z
spitogatos.gr,KW NORTH,https://www.spitogatos.gr/aggelia/1120972602,Τούμπα (Θεσσαλονίκη - Δήμος) Διαμέρισμα 45 τ.μ. προς πώληση,sale,,145000.0,45.0,,,,Τούμπα (Θεσσαλονίκη - Δήμος),,,,2026-10-01,2026-10-01,,portal alert,2026-10-01T00:00:00Z
spitogatos.gr,CASAMODA,https://www.spitogatos.gr/aggelia/1120972632,Καραμπουρνακι (Καλαμαριά) Διαμέρισμα 120 τ.μ. προς πώληση,sale,,220000.0,120.0,,,,Καραμπουρνακι (Καλαμαριά),,,,2026-10-01,2026-10-01,,portal alert,2026-10-01T00:00:00Z
spitogatos.gr,MATRIK REAL ESTATE - ΑΝΑΚΑΙΝΙΣΕΙΣ,https://www.spitogatos.gr/aggelia/1120972777,Αγία Τριάδα (Φάληρο - Ιπποκράτειο) Studio/Γκαρσονιέρα 27 τ.μ. προς πώληση,sale,,35000.0,27.0,,,,Αγία Τριάδα (Φάληρο - Ιπποκράτειο),,,,2026-10-01,2026-10-01,,portal alert,2026-10-01T00:00:00Z
spitogatos.gr,Green & Grey,https://www.spitogatos.gr/aggelia/1120972810,Σταθμός ΟΣΕ (Βαρδάρης - Λαχανόκηποι) Διαμέρισμα 84 τ.μ. προς πώληση,sale,,115000.0,84.0,,,,Σταθμός ΟΣΕ (Βαρδάρης - Λαχανόκηποι),,,,2026-10-01,2026-10-01,,portal alert,2026-10-01T00:00:00Z
spitogatos.gr,Green & Grey,https://www.spitogatos.gr/aggelia/1120972816,Κάτω Τούμπα (Τούμπα) Διαμέρισμα 87 τ.μ. προς πώληση,sale,,190000.0,87.0,,,,Κάτω Τούμπα (Τούμπα),,,,2026-10-01,2026-10-01,,portal alert,2026-10-01T00:00:00Z
spitogatos.gr,Mouse Real Estate,https://www.spitogatos.gr/aggelia/1120973016,Παναγία Φανερωμένη (Ξηροκρήνη - Παναγία Φανερωμένη) Διαμέρισμα 120 τ.μ. προς πώληση,sale,,300000.0,120.0,,,,Παναγία Φανερωμένη (Ξηροκρήνη - Παναγία Φανερωμένη),,,,2026-10-01,2026-10-01,,portal alert,2026-10-01T00:00:00Z
spitogatos.gr,ThessMesiti.gr,https://www.spitogatos.gr/aggelia/1120973072,40 Εκκλησιές - Ευαγγελίστρια (Θεσσαλονίκη - Δήμος) Διαμέρισμα 92 τ.μ. προς πώληση,sale,,235000.0,92.0,,,,40 Εκκλησιές - Ευαγγελίστρια (Θεσσαλονίκη - Δήμος),,,,2026-10-01,2026-10-01,,portal alert,2026-10-01T00:00:00Z
spitogatos.gr,Sivris Real Estate,https://www.spitogatos.gr/aggelia/1120973101,Περαία (Θερμαϊκός) Διαμέρισμα 124 τ.μ. προς πώληση,sale,,240000.0,124.0,,,,Περαία (Θερμαϊκός),,,,2026-10-01,2026-10-01,,portal alert,2026-10-01T00:00:00Z
spitogatos.gr,Elegance Real Estate,https://www.spitogatos.gr/aggelia/1120973138,Μαρτίου (Βούλγαρη - Ντεπώ - Μαρτίου) Studio/Γκαρσονιέρα 50 τ.μ. προς πώληση,sale,,145000.0,50.0,,,,Μαρτίου (Βούλγαρη - Ντεπώ - Μαρτίου),,,,2026-10-01,2026-10-01,,portal alert,2026-10-01T00:00:00Z
spitogatos.gr,τολοζης πασχαλης,https://www.spitogatos.gr/aggelia/1120973145,Ρήγα Φεραίου (Νεάπολη) Διαμέρισμα 71 τ.μ. προς πώληση,sale,,77000.0,71.0,,,,Ρήγα Φεραίου (Νεάπολη),,,,2026-10-01,2026-10-01,,portal alert,2026-10-01T00:00:00Z
spitogatos.gr,Thermaikos Real estate,https://www.spitogatos.gr/aggelia/1120973172,Άγιος Δημήτριος (Κέντρο Θεσσαλονίκης) Διαμέρισμα 54 τ.μ. προς πώληση,sale,,205000.0,54.0,,,,Άγιος Δημήτριος (Κέντρο Θεσσαλονίκης),,,,2026-10-01,2026-10-01,,portal alert,2026-10-01T00:00:00Z
spitogatos.gr,ΠΥΡΓΙΔΟΥ ΓΙΟΥΛΗ,https://www.spitogatos.gr/aggelia/1120973633,Ανάληψη - Μπότσαρη (Ανάληψη - Μπότσαρη - Νέα Παραλία) Διαμέρισμα 85 τ.μ. προς πώληση,sale,,178000.0,85.0,,,,Ανάληψη - Μπότσαρη (Ανάληψη - Μπότσαρη - Νέα Παραλία),,,,,2026-10-02,,portal alert,2026-10-02T00:00:00Z
spitogatos.gr,GF Real Estate,https://www.spitogatos.gr/aggelia/1120975693,Βούλγαρη - Άγιος Ελευθέριος - Ντεπώ (Βούλγαρη - Ντεπώ - Μαρτίου) Διαμέρισμα 130 τ.μ. προς πώληση,sale,,260000.0,130.0,,,,Βούλγαρη - Άγιος Ελευθέριος - Ντεπώ (Βούλγαρη - Ντεπώ - Μαρτίου),,,,2026-10-01,2026-10-01,,portal alert,2026-10-01T00:00:00Z
spitogatos.gr,Syrakis Group,https://www.spitogatos.gr/aggelia/1120976290,Ασπροβάλτα (Άγιος Γεώργιος) Μονοκατοικία 120 τ.μ. προς πώληση,sale,,250000.0,120.0,,,,Ασπροβάλτα (Άγιος Γεώργιος),,,,2026-10-01,2026-10-01,,portal alert,2026-10-01T00:00:00Z
spitogatos.gr,MONSÀN Vougioukas & Partners,https://www.spitogatos.gr/aggelia/1120976368,Νέα Παραλία (Ανάληψη - Μπότσαρη - Νέα Παραλία) Διαμέρισμα 101 τ.μ. προς πώληση,sale,,415000.0,101.0,,,,Νέα Παραλία (Ανάληψη - Μπότσαρη - Νέα Παραλία),,,,2026-10-02,2026-10-02,,portal alert,2026-10-02T00:00:00Z
spitogatos.gr,REMAX Analogia,https://www.spitogatos.gr/aggelia/1120977485,Χαριλάου (Θεσσαλονίκη - Δήμος) Διαμέρισμα 80 τ.μ. προς πώληση,sale,,250000.0,80.0,,,,Χαριλάου (Θεσσαλονίκη - Δήμος),,,,2026-10-01,2026-10-01,,portal alert,2026-10-01T00:00:00Z
spitogatos.gr,REMAX Analogia,https://www.spitogatos.gr/aggelia/1120977498,Ευζώνων - Πεδίον Άρεως (Φάληρο - Ιπποκράτειο) Studio/Γκαρσονιέρα 39 τ.μ. προς πώληση,sale,,250000.0,39.0,,,,Ευζώνων - Πεδίον Άρεως (Φάληρο - Ιπποκράτειο),,,,2026-10-01,2026-10-01,,portal alert,2026-10-01T00:00:00Z
spitogatos.gr,REMAX Analogia,https://www.spitogatos.gr/aggelia/1120977533,Ευζώνων - Πεδίον Άρεως (Φάληρο - Ιπποκράτειο) Studio/Γκαρσονιέρα 34 τ.μ. προς πώληση,sale,,250000.0,34.0,,,,Ευζώνων - Πεδίον Άρεως (Φάληρο - Ιπποκράτειο),,,,2026-10-01,2026-10-01,,portal alert,2026-10-01T00:00:00Z
spitogatos.gr,REMAX Analogia,https://www.spitogatos.gr/aggelia/1120977562,Χαριλάου (Θεσσαλονίκη - Δήμος) Διαμέρισμα 73 τ.μ. προς πώληση,sale,,250000.0,73.0,,,,Χαριλάου (Θεσσαλονίκη - Δήμος),,,,2026-10-01,2026-10-01,,portal alert,2026-10-01T00:00:00Z
spitogatos.gr,REMAX Analogia,https://www.spitogatos.gr/aggelia/1120977571,Πλατεία Εμπορίου - Ανω Λαδάδικα - Ιστορικό Κέντρο (Κέντρο Θεσσαλονίκης) Studio/Γκαρσονιέρα 30 τ.μ. προς πώληση,sale,,250000.0,30.0,,,,Πλατεία Εμπορίου - Ανω Λαδάδικα - Ιστορικό Κέντρο (Κέντρο Θεσσαλονίκης),,,,2026-10-01,2026-10-02,,portal alert,2026-10-02T00:00:00Z
spitogatos.gr,BITSIMIS REAL HOMES - Ιωάννης Μπιτσίμης Μεσιτικές υπηρεσίες,https://www.spitogatos.gr/aggelia/1120977576,ΧΑΝΘ (Κέντρο Θεσσαλονίκης) Studio/Γκαρσονιέρα 31 τ.μ. προς πώληση,sale,,159000.0,31.0,,,,ΧΑΝΘ (Κέντρο Θεσσαλονίκης),,,,2026-10-01,2026-10-02,,portal alert,2026-10-02T00:00:00Z
spitogatos.gr,Trueland Real Estate,https://www.spitogatos.gr/aggelia/1120977632,Νέα Παραλία (Ανάληψη - Μπότσαρη - Νέα Παραλία) Διαμέρισμα 83 τ.μ. προς πώληση,sale,,120000.0,83.0,,,,Νέα Παραλία (Ανάληψη - Μπότσαρη - Νέα Παραλία),,,,2026-10-01,2026-10-02,,portal alert,2026-10-02T00:00:00Z
spitogatos.gr,REMAX Analogia,https://www.spitogatos.gr/aggelia/1120977722,Ανάληψη - Μπότσαρη (Ανάληψη - Μπότσαρη - Νέα Παραλία) Διαμέρισμα 120 τ.μ. προς πώληση,sale,,380000.0,120.0,,,,Ανάληψη - Μπότσαρη (Ανάληψη - Μπότσαρη - Νέα Παραλία),,,,2026-10-01,2026-10-02,,portal alert,2026-10-02T00:00:00Z
spitogatos.gr,ΟΡΙΖΟΝΤΕΣ,https://www.spitogatos.gr/aggelia/1120977735,Δημαρχείου (Αμπελόκηποι) Διαμέρισμα 110 τ.μ. προς πώληση,sale,,110000.0,110.0,,,,Δημαρχείου (Αμπελόκηποι),,,,2026-10-01,2026-10-01,,portal alert,2026-10-01T00:00:00Z
spitogatos.gr,FOCUS κτηματομεσιτικές υπηρεσίες,https://www.spitogatos.gr/aggelia/1120977807,Μαρτίου (Βούλγαρη - Ντεπώ - Μαρτίου) Studio/Γκαρσονιέρα 48 τ.μ. προς πώληση,sale,,149000.0,48.0,,,,Μαρτίου (Βούλγαρη - Ντεπώ - Μαρτίου),,,,2026-10-01,2026-10-02,,portal alert,2026-10-02T00:00:00Z
spitogatos.gr,BITSIMIS REAL HOMES - Ιωάννης Μπιτσίμης Μεσιτικές υπηρεσίες,https://www.spitogatos.gr/aggelia/1120977818,ΧΑΝΘ (Κέντρο Θεσσαλονίκης) Διαμέρισμα 47 τ.μ. προς πώληση,sale,,263000.0,47.0,,,,ΧΑΝΘ (Κέντρο Θεσσαλονίκης),,,,2026-10-01,2026-10-02,,portal alert,2026-10-02T00:00:00Z
spitogatos.gr,ThessMesiti.gr,https://www.spitogatos.gr/aggelia/1120978066,Ανάληψη - Μπότσαρη - Νέα Παραλία (Θεσσαλονίκη - Δήμος) Διαμέρισμα 67 τ.μ. προς πώληση,sale,,220000.0,67.0,,,,Ανάληψη - Μπότσαρη - Νέα Παραλία (Θεσσαλονίκη - Δήμος),,,,2026-10-01,2026-10-02,,portal alert,2026-10-02T00:00:00Z
spitogatos.gr,Ακίνητα Λαζαρίδη,https://www.spitogatos.gr/aggelia/1120978083,Κάτω Τούμπα (Τούμπα) Διαμέρισμα 87 τ.μ. προς πώληση,sale,,190000.0,87.0,,,,Κάτω Τούμπα (Τούμπα),,,,2026-10-01,2026-10-02,,portal alert,2026-10-02T00:00:00Z
spitogatos.gr,Home Life Real Estate,https://www.spitogatos.gr/aggelia/1120978119,Κάτω Τούμπα (Τούμπα) Διαμέρισμα 87 τ.μ. προς πώληση,sale,,190000.0,87.0,,,,Κάτω Τούμπα (Τούμπα),,,,2026-10-01,2026-10-02,,portal alert,2026-10-02T00:00:00Z
spitogatos.gr,Hellas Property Management / Διαχείριση Ακινήτων,https://www.spitogatos.gr/aggelia/1120978149,Κάτω Τούμπα (Τούμπα) Studio/Γκαρσονιέρα 45 τ.μ. προς πώληση,sale,,143000.0,45.0,,,,Κάτω Τούμπα (Τούμπα),,,,2026-10-01,2026-10-02,,portal alert,2026-10-02T00:00:00Z
spitogatos.gr,ΠΑΜΕ ΣΠΙΤΙ,https://www.spitogatos.gr/aggelia/1120978150,Περιοχή Αεροδρομίου (Θέρμη) Διαμέρισμα 145 τ.μ. προς πώληση,sale,,165000.0,145.0,,,,Περιοχή Αεροδρομίου (Θέρμη),,,,2026-10-01,2026-10-01,,portal alert,2026-10-01T00:00:00Z
spitogatos.gr,Spitogatos,https://www.spitogatos.gr/aggelia/1120978159,Άνω Μαλακοπή (Πυλαία) Διαμέρισμα 88 τ.μ. προς πώληση,sale,,280000.0,88.0,,,,Άνω Μαλακοπή (Πυλαία),,,,2026-10-01,2026-10-01,,portal alert,2026-10-01T00:00:00Z
spitogatos.gr,Diamond Group,https://www.spitogatos.gr/aggelia/1120978245,Πλατεία Ναυαρίνου (Κέντρο Θεσσαλονίκης) Studio/Γκαρσονιέρα 28 τ.μ. προς πώληση,sale,,70000.0,28.0,,,,Πλατεία Ναυαρίνου (Κέντρο Θεσσαλονίκης),,,,2026-10-01,2026-10-02,,portal alert,2026-10-02T00:00:00Z
spitogatos.gr,ASSA PROPERTIES,https://www.spitogatos.gr/aggelia/1120978259,Τρωάδα (Νεάπολη) Διαμέρισμα 76 τ.μ. προς πώληση,sale,,110000.0,76.0,,,,Τρωάδα (Νεάπολη),,,,2026-10-01,2026-10-01,,portal alert,2026-10-01T00:00:00Z
spitogatos.gr,Diamond Group,https://www.spitogatos.gr/aggelia/1120978291,Πλατεία Ναυαρίνου (Κέντρο Θεσσαλονίκης) Studio/Γκαρσονιέρα 28 τ.μ. προς πώληση,sale,,70000.0,28.0,,,,Πλατεία Ναυαρίνου (Κέντρο Θεσσαλονίκης),,,,2026-10-01,2026-10-02,,portal alert,2026-10-02T00:00:00Z
spitogatos.gr,Spitogatos,https://www.spitogatos.gr/aggelia/1120978296,Καρτερές (Λαχανάς) Μονοκατοικία 60 τ.μ. προς πώληση,sale,,33000.0,60.0,,,,Καρτερές (Λαχανάς),,,,2026-10-01,2026-10-02,,portal alert,2026-10-02T00:00:00Z
spitogatos.gr,Spitogatos,https://www.spitogatos.gr/aggelia/1120978375,Κέντρο (Μενεμένη) Διαμέρισμα 43 τ.μ. προς πώληση,sale,,98000.0,43.0,,,,Κέντρο (Μενεμένη),,,,2026-10-01,2026-10-01,,portal alert,2026-10-01T00:00:00Z
spitogatos.gr,Halkidiki Realtor's,https://www.spitogatos.gr/aggelia/1120978392,Πλατεία Ναυαρίνου (Κέντρο Θεσσαλονίκης) Διαμέρισμα 65 τ.μ. προς πώληση,sale,,277000.0,65.0,,,,Πλατεία Ναυαρίνου (Κέντρο Θεσσαλονίκης),,,,2026-10-01,2026-10-02,,portal alert,2026-10-02T00:00:00Z
spitogatos.gr,Rewize,https://www.spitogatos.gr/aggelia/1120978404,Άγιος Παύλος (Θεσσαλονίκη - Περιφ/κοί δήμοι) Διαμέρισμα 85 τ.μ. προς πώληση,sale,,130000.0,85.0,,,,Άγιος Παύλος (Θεσσαλονίκη - Περιφ/κοί δήμοι),,,,2026-10-01,2026-10-01,,portal alert,2026-10-01T00:00:00Z
spitogatos.gr,SKOREAL,https://www.spitogatos.gr/aggelia/1120978417,Ανάληψη - Μπότσαρη (Ανάληψη - Μπότσαρη - Νέα Παραλία) Studio/Γκαρσονιέρα 47 τ.μ. προς πώληση,sale,,160000.0,47.0,,,,Ανάληψη - Μπότσαρη (Ανάληψη - Μπότσαρη - Νέα Παραλία),,,,2026-10-01,2026-10-02,,portal alert,2026-10-02T00:00:00Z
spitogatos.gr,Grekodom Development,https://www.spitogatos.gr/aggelia/1120978431,Αγία Αικατερίνη (Άνω Πόλη) Διαμέρισμα 36 τ.μ. προς πώληση,sale,,128000.0,36.0,,,,Αγία Αικατερίνη (Άνω Πόλη),,,,2026-10-01,2026-10-02,,portal alert,2026-10-02T00:00:00Z
spitogatos.gr,Grekodom Development,https://www.spitogatos.gr/aggelia/1120978432,Τσινάρι (Άνω Πόλη) Διαμέρισμα 45 τ.μ. προς πώληση,sale,,135000.0,45.0,,,,Τσινάρι (Άνω Πόλη),,,,2026-10-01,2026-10-02,,portal alert,2026-10-02T00:00:00Z
spitogatos.gr,BLUESTONE REAL ESTATE,https://www.spitogatos.gr/aggelia/1120978434,Αγία Σοφία (Κέντρο Θεσσαλονίκης) Studio/Γκαρσονιέρα 40 τ.μ. προς πώληση,sale,,192000.0,40.0,,,,Αγία Σοφία (Κέντρο Θεσσαλονίκης),,,,2026-10-01,2026-10-02,,portal alert,2026-10-02T00:00:00Z
spitogatos.gr,SKOREAL,https://www.spitogatos.gr/aggelia/1120978625,Διοικητήριο (Κέντρο Θεσσαλονίκης) Studio/Γκαρσονιέρα 40 τ.μ. προς πώληση,sale,,110000.0,40.0,,,,Διοικητήριο (Κέντρο Θεσσαλονίκης),,,,2026-10-01,2026-10-02,,portal alert,2026-10-02T00:00:00Z
spitogatos.gr,abitazione,https://www.spitogatos.gr/aggelia/1120978626,Πλατεία Ναυαρίνου (Κέντρο Θεσσαλονίκης) Studio/Γκαρσονιέρα 30 τ.μ. προς πώληση,sale,,49000.0,30.0,,,,Πλατεία Ναυαρίνου (Κέντρο Θεσσαλονίκης),,,,2026-10-01,2026-10-02,,portal alert,2026-10-02T00:00:00Z
spitogatos.gr,Οικία Θεςσαλονίκη,https://www.spitogatos.gr/aggelia/1120978662,Φάληρο - Ιπποκράτειο (Θεσσαλονίκη - Δήμος) Studio/Γκαρσονιέρα 50 τ.μ. προς πώληση,sale,,160000.0,50.0,,,,Φάληρο - Ιπποκράτειο (Θεσσαλονίκη - Δήμος),,,,2026-10-02,2026-10-02,,portal alert,2026-10-02T00:00:00Z
spitogatos.gr,VALUE Properties,https://www.spitogatos.gr/aggelia/1120979863,Κέντρο Θεσσαλονίκης (Θεσσαλονίκη - Δήμος) Διαμέρισμα 69 τ.μ. προς πώληση,sale,,77000.0,69.0,,,,Κέντρο Θεσσαλονίκης (Θεσσαλονίκη - Δήμος),,,,2026-10-02,2026-10-02,,portal alert,2026-10-02T00:00:00Z
spitogatos.gr,CHATZIHOUSE,https://www.spitogatos.gr/aggelia/1120980130,Λευκός Πύργος (Κέντρο Θεσσαλονίκης) Studio/Γκαρσονιέρα 40 τ.μ. προς πώληση,sale,,115000.0,40.0,,,,Λευκός Πύργος (Κέντρο Θεσσαλονίκης),,,,,2026-10-02,,portal alert,2026-10-02T00:00:00Z
spitogatos.gr,ΑΥΣΤΡΑΛΟΣ,https://www.spitogatos.gr/aggelia/1120980271,Τριανδρία (Τριανδρία - Δόξα - Κρυονέρι) Διαμέρισμα 70 τ.μ. προς πώληση,sale,,150000.0,70.0,,,,Τριανδρία (Τριανδρία - Δόξα - Κρυονέρι),,,,2026-10-02,2026-10-02,,portal alert,2026-10-02T00:00:00Z
spitogatos.gr,BITSIMIS REAL HOMES - Ιωάννης Μπιτσίμης Μεσιτικές υπηρεσίες,https://www.spitogatos.gr/aggelia/1120980297,Αγία Τριάδα (Φάληρο - Ιπποκράτειο) Studio/Γκαρσονιέρα 42 τ.μ. προς πώληση,sale,,148000.0,42.0,,,,Αγία Τριάδα (Φάληρο - Ιπποκράτειο),,,,2026-10-02,2026-10-02,,portal alert,2026-10-02T00:00:00Z
spitogatos.gr,Halkidiki Realtor's,https://www.spitogatos.gr/aggelia/1120980325,Νέα Παραλία (Ανάληψη - Μπότσαρη - Νέα Παραλία) Διαμέρισμα 101 τ.μ. προς πώληση,sale,,415000.0,101.0,,,,Νέα Παραλία (Ανάληψη - Μπότσαρη - Νέα Παραλία),,,,2026-10-02,2026-10-02,,portal alert,2026-10-02T00:00:00Z
spitogatos.gr,ΑΝΥΗΟΜΕ,https://www.spitogatos.gr/aggelia/1120980335,Χαριλάου (Θεσσαλονίκη - Δήμος) Studio/Γκαρσονιέρα 63 τ.μ. προς πώληση,sale,,100000.0,63.0,,,,Χαριλάου (Θεσσαλονίκη - Δήμος),,,,2026-10-02,2026-10-02,,portal alert,2026-10-02T00:00:00Z
spitogatos.gr,ΑΝΥΗΟΜΕ,https://www.spitogatos.gr/aggelia/1120980337,Νέα Βρασνά (Άγιος Γεώργιος) Μονοκατοικία 104 τ.μ. προς πώληση,sale,,100000.0,104.0,,,,Νέα Βρασνά (Άγιος Γεώργιος),,,,2026-10-02,2026-10-02,,portal alert,2026-10-02T00:00:00Z
spitogatos.gr,ΑΝΥΗΟΜΕ,https://www.spitogatos.gr/aggelia/1120980339,Άγιος Δημήτριος (Κέντρο Θεσσαλονίκης) Studio/Γκαρσονιέρα 44 τ.μ. προς πώληση,sale,,100000.0,44.0,,,,Άγιος Δημήτριος (Κέντρο Θεσσαλονίκης),,,,2026-10-02,2026-10-02,,portal alert,2026-10-02T00:00:00Z
spitogatos.gr,ΑΝΥΗΟΜΕ,https://www.spitogatos.gr/aggelia/1120980342,Τουρκικό Προξενείο (Κέντρο Θεσσαλονίκης) Studio/Γκαρσονιέρα 47 τ.μ. προς πώληση,sale,,100000.0,47.0,,,,Τουρκικό Προξενείο (Κέντρο Θεσσαλονίκης),,,,2026-10-02,2026-10-02,,portal alert,2026-10-02T00:00:00Z
spitogatos.gr,ΑΝΥΗΟΜΕ,https://www.spitogatos.gr/aggelia/1120980346,Κάτω Τούμπα (Τούμπα) Διαμέρισμα 176 τ.μ. προς πώληση,sale,,100000.0,176.0,,,,Κάτω Τούμπα (Τούμπα),,,,2026-10-02,2026-10-02,,portal alert,2026-10-02T00:00:00Z
spitogatos.gr,ΑΝΥΗΟΜΕ,https://www.spitogatos.gr/aggelia/1120980361,Μαρτίου (Βούλγαρη - Ντεπώ - Μαρτίου) Studio/Γκαρσονιέρα 55 τ.μ. προς πώληση,sale,,100000.0,55.0,,,,Μαρτίου (Βούλγαρη - Ντεπώ - Μαρτίου),,,,2026-10-02,2026-10-02,,portal alert,2026-10-02T00:00:00Z
spitogatos.gr,REAUCTION,https://www.spitogatos.gr/aggelia/1120980409,Συκιές (Θεσσαλονίκη - Περιφ/κοί δήμοι) Μεζονέτα 236 τ.μ. προς πώληση,sale,,188800.0,236.0,,,,Συκιές (Θεσσαλονίκη - Περιφ/κοί δήμοι),,,,2026-10-02,2026-10-02,,portal alert,2026-10-02T00:00:00Z
spitogatos.gr,BITSIMIS REAL HOMES - Ιωάννης Μπιτσίμης Μεσιτικές υπηρεσίες,https://www.spitogatos.gr/aggelia/1120980427,Αγία Τριάδα (Φάληρο - Ιπποκράτειο) Studio/Γκαρσονιέρα 33 τ.μ. προς πώληση,sale,,110000.0,33.0,,,,Αγία Τριάδα (Φάληρο - Ιπποκράτειο),,,,2026-10-02,2026-10-02,,portal alert,2026-10-02T00:00:00Z
spitogatos.gr,GOULOUDI PROPERTIES,https://www.spitogatos.gr/aggelia/1120980484,Κάτω Τούμπα (Τούμπα) Διαμέρισμα 68 τ.μ. προς πώληση,sale,,199000.0,68.0,,,,Κάτω Τούμπα (Τούμπα),,,,2026-10-02,2026-10-02,,portal alert,2026-10-02T00:00:00Z
spitogatos.gr,REAUCTION,https://www.spitogatos.gr/aggelia/1120980493,Αμπελόκηποι (Θεσσαλονίκη - Περιφ/κοί δήμοι) Διαμέρισμα 36 τ.μ. προς πώληση,sale,,6400.0,36.0,,,,Αμπελόκηποι (Θεσσαλονίκη - Περιφ/κοί δήμοι),,,,2026-10-02,2026-10-02,,portal alert,2026-10-02T00:00:00Z
spitogatos.gr,ATMAN real estate,https://www.spitogatos.gr/aggelia/1120980499,Μαλακοπή (Τούμπα) Διαμέρισμα 48 τ.μ. προς πώληση,sale,,165000.0,48.0,,,,Μαλακοπή (Τούμπα),,,,2026-10-02,2026-10-02,,portal alert,2026-10-02T00:00:00Z
spitogatos.gr,Spitogatos,https://www.spitogatos.gr/aggelia/1120980565,Βούλγαρη - Άγιος Ελευθέριος - Ντεπώ (Βούλγαρη - Ντεπώ - Μαρτίου) Studio/Γκαρσονιέρα 55 τ.μ. προς πώληση,sale,,170000.0,55.0,,,,Βούλγαρη - Άγιος Ελευθέριος - Ντεπώ (Βούλγαρη - Ντεπώ - Μαρτίου),,,,2026-10-02,2026-10-02,,portal alert,2026-10-02T00:00:00Z
spitogatos.gr,IKIMA Real Estate,https://www.spitogatos.gr/aggelia/1120980584,Ιπποκράτειο (Φάληρο - Ιπποκράτειο) Studio/Γκαρσονιέρα 42 τ.μ. προς πώληση,sale,,120000.0,42.0,,,,Ιπποκράτειο (Φάληρο - Ιπποκράτειο),,,,2026-10-02,2026-10-02,,portal alert,2026-10-02T00:00:00Z
spitogatos.gr,ANTONIOU HOME,https://www.spitogatos.gr/aggelia/1120980657,Πανεπιστημιούπολη (Κέντρο Θεσσαλονίκης) Διαμέρισμα 36 τ.μ. προς πώληση,sale,,169000.0,36.0,,,,Πανεπιστημιούπολη (Κέντρο Θεσσαλονίκης),,,,2026-10-02,2026-10-02,,portal alert,2026-10-02T00:00:00Z
spitogatos.gr,REAUCTION,https://www.spitogatos.gr/aggelia/1120980697,Πολίχνη (Θεσσαλονίκη - Περιφ/κοί δήμοι) Διαμέρισμα 51 τ.μ. προς πώληση,sale,,29900.0,51.0,,,,Πολίχνη (Θεσσαλονίκη - Περιφ/κοί δήμοι),,,,2026-10-02,2026-10-02,,portal alert,2026-10-02T00:00:00Z
spitogatos.gr,REAUCTION,https://www.spitogatos.gr/aggelia/1120980698,Άγιος Αθανάσιος (Θεσσαλονίκη - Υπόλ. Νομού) Διαμέρισμα 121 τ.μ. προς πώληση,sale,,55900.0,121.0,,,,Άγιος Αθανάσιος (Θεσσαλονίκη - Υπόλ. Νομού),,,,2026-10-02,2026-10-02,,portal alert,2026-10-02T00:00:00Z
spitogatos.gr,ThessMesiti.gr,https://www.spitogatos.gr/aggelia/1120980910,Τούμπα (Θεσσαλονίκη - Δήμος) Διαμέρισμα 65 τ.μ. προς πώληση,sale,,155000.0,65.0,,,,Τούμπα (Θεσσαλονίκη - Δήμος),,,,2026-10-02,2026-10-02,,portal alert,2026-10-02T00:00:00Z
spitogatos.gr,StarHome-Real Estate,https://www.spitogatos.gr/aggelia/1120980911,Ιπποκράτειο (Φάληρο - Ιπποκράτειο) Studio/Γκαρσονιέρα 50 τ.μ. προς πώληση,sale,,160000.0,50.0,,,,Ιπποκράτειο (Φάληρο - Ιπποκράτειο),,,,2026-10-02,2026-10-02,,portal alert,2026-10-02T00:00:00Z
spitogatos.gr,Invista.gr Real Estate,https://www.spitogatos.gr/aggelia/1120980940,Νέα Παραλία (Ανάληψη - Μπότσαρη - Νέα Παραλία) Διαμέρισμα 83 τ.μ. προς πώληση,sale,,120000.0,83.0,,,,Νέα Παραλία (Ανάληψη - Μπότσαρη - Νέα Παραλία),,,,2026-10-02,2026-10-02,,portal alert,2026-10-02T00:00:00Z
spitogatos.gr,ΑΡΧΗΚΤΗΜΑΤΙΚΗ,https://www.spitogatos.gr/aggelia/1120981475,Μαλακοπή (Τούμπα) Διαμέρισμα 60 τ.μ. προς πώληση,sale,,120000.0,60.0,,,,Μαλακοπή (Τούμπα),,,,,2026-10-02,,portal alert,2026-10-02T00:00:00Z
spitogatos.gr,PROSPERTY,https://www.spitogatos.gr/aggelia/1120985056,Αριστοτέλους - Ιστορικό Κέντρο (Κέντρο Θεσσαλονίκης) Διαμέρισμα 15 τ.μ. προς πώληση,sale,,85000.0,15.0,,,,Αριστοτέλους - Ιστορικό Κέντρο (Κέντρο Θεσσαλονίκης),,,,,2026-10-02,,portal alert,2026-10-02T00:00:00Z
spitogatos.gr,IKIMA Real Estate,https://www.spitogatos.gr/aggelia/1120985097,Άγιος Παντελεήμων (Καλαμαριά) Διαμέρισμα 100 τ.μ. προς πώληση,sale,,325000.0,100.0,,,,Άγιος Παντελεήμων (Καλαμαριά),,,,,2026-10-02,,portal alert,2026-10-02T00:00:00Z
spitogatos.gr,Pangea Property,https://www.spitogatos.gr/aggelia/1120985100,Ρωμαϊκή Αγορά - Βενιζέλου - Ιστορικό Κέντρο (Κέντρο Θεσσαλονίκης) Διαμέρισμα 150 τ.μ. προς πώληση,sale,,450000.0,150.0,,,,Ρωμαϊκή Αγορά - Βενιζέλου - Ιστορικό Κέντρο (Κέντρο Θεσσαλονίκης),,,,2026-10-02,2026-10-02,,portal alert,2026-10-02T00:00:00Z
spitogatos.gr,IKIMA Real Estate,https://www.spitogatos.gr/aggelia/1120985123,Άγιος Παντελεήμων (Καλαμαριά) Διαμέρισμα 108 τ.μ. προς πώληση,sale,,335000.0,108.0,,,,Άγιος Παντελεήμων (Καλαμαριά),,,,,2026-10-02,,portal alert,2026-10-02T00:00:00Z
spitogatos.gr,Golden Home Real Estate,https://www.spitogatos.gr/aggelia/1120985127,Άνω Πόλη (Θεσσαλονίκη - Δήμος) Διαμέρισμα 45 τ.μ. προς πώληση,sale,,310000.0,45.0,,,,Άνω Πόλη (Θεσσαλονίκη - Δήμος),,,,2026-10-02,2026-10-02,,portal alert,2026-10-02T00:00:00Z
spitogatos.gr,Golden Home Real Estate,https://www.spitogatos.gr/aggelia/1120985129,Άνω Πόλη (Θεσσαλονίκη - Δήμος) Διαμέρισμα 45 τ.μ. προς πώληση,sale,,310000.0,45.0,,,,Άνω Πόλη (Θεσσαλονίκη - Δήμος),,,,2026-10-02,2026-10-02,,portal alert,2026-10-02T00:00:00Z
spitogatos.gr,Remax-Choice,https://www.spitogatos.gr/aggelia/1120985135,Σταυρός (Ρεντίνα) Μεζονέτα 84 τ.μ. προς πώληση,sale,,250000.0,84.0,,,,Σταυρός (Ρεντίνα),,,,,2026-10-02,,portal alert,2026-10-02T00:00:00Z
spitogatos.gr,ΜΕΣΙΤ,https://www.spitogatos.gr/aggelia/1120985248,Μαλακοπή (Τούμπα) Διαμέρισμα 83 τ.μ. προς πώληση,sale,,275000.0,83.0,,,,Μαλακοπή (Τούμπα),,,,,2026-10-02,,portal alert,2026-10-02T00:00:00Z
spitogatos.gr,IKIMA Real Estate,https://www.spitogatos.gr/aggelia/1120985336,Λαδάδικα (Κέντρο Θεσσαλονίκης) Studio/Γκαρσονιέρα 35 τ.μ. προς πώληση,sale,,138000.0,35.0,,,,Λαδάδικα (Κέντρο Θεσσαλονίκης),,,,2026-10-02,2026-10-02,,portal alert,2026-10-02T00:00:00Z
spitogatos.gr,PROSPERTY,https://www.spitogatos.gr/aggelia/1120985378,Ανάληψη - Μπότσαρη (Ανάληψη - Μπότσαρη - Νέα Παραλία) Διαμέρισμα 71 τ.μ. προς πώληση,sale,,179000.0,71.0,,,,Ανάληψη - Μπότσαρη (Ανάληψη - Μπότσαρη - Νέα Παραλία),,,,2026-10-02,2026-10-02,,portal alert,2026-10-02T00:00:00Z
spitogatos.gr,SKOREAL,https://www.spitogatos.gr/aggelia/1120985400,Κάτω Τούμπα (Τούμπα) Μεζονέτα 74 τ.μ. προς πώληση,sale,,198000.0,74.0,,,,Κάτω Τούμπα (Τούμπα),,,,,2026-10-02,,portal alert,2026-10-02T00:00:00Z
spitogatos.gr,REMAX Today,https://www.spitogatos.gr/aggelia/1120985415,Αντιγονιδών (Κέντρο Θεσσαλονίκης) Studio/Γκαρσονιέρα 48 τ.μ. προς πώληση,sale,,120000.0,48.0,,,,Αντιγονιδών (Κέντρο Θεσσαλονίκης),,,,,2026-10-02,,portal alert,2026-10-02T00:00:00Z
spitogatos.gr,Wecan Real Estate,https://www.spitogatos.gr/aggelia/1120985529,Ξηροκρήνη - Παναγία Φανερωμένη (Θεσσαλονίκη - Δήμος) Διαμέρισμα 52 τ.μ. προς πώληση,sale,,55000.0,52.0,,,,Ξηροκρήνη - Παναγία Φανερωμένη (Θεσσαλονίκη - Δήμος),,,,,2026-10-02,,portal alert,2026-10-02T00:00:00Z
spitogatos.gr,Pesiridis Group και συνεργάτες,https://www.spitogatos.gr/aggelia/1120985588,Κάτω Τούμπα (Τούμπα) Διαμέρισμα 94 τ.μ. προς πώληση,sale,,153000.0,94.0,,,,Κάτω Τούμπα (Τούμπα),,,,2026-10-02,2026-10-02,,portal alert,2026-10-02T00:00:00Z
spitogatos.gr,Forumland Real Estate,https://www.spitogatos.gr/aggelia/1120985598,Άνω Τούμπα (Τούμπα) Διαμέρισμα 102 τ.μ. προς πώληση,sale,,285000.0,102.0,,,,Άνω Τούμπα (Τούμπα),,,,2026-10-02,2026-10-02,,portal alert,2026-10-02T00:00:00Z
spitogatos.gr,Forumland Real Estate,https://www.spitogatos.gr/aggelia/1120985602,Αντιγονιδών (Κέντρο Θεσσαλονίκης) Διαμέρισμα 70 τ.μ. προς πώληση,sale,,154000.0,70.0,,,,Αντιγονιδών (Κέντρο Θεσσαλονίκης),,,,2026-10-02,2026-10-02,,portal alert,2026-10-02T00:00:00Z
spitogatos.gr,Forumland Real Estate,https://www.spitogatos.gr/aggelia/1120985607,Οικισμός Μακεδονία (Πανόραμα) Μονοκατοικία 238 τ.μ. προς πώληση,sale,,550000.0,238.0,,,,Οικισμός Μακεδονία (Πανόραμα),,,,,2026-10-02,,portal alert,2026-10-02T00:00:00Z
spitogatos.gr,Sovereign Brokers,https://www.spitogatos.gr/aggelia/1120985923,Κάτω Εύοσμος (Εύοσμος) Διαμέρισμα 120 τ.μ. προς πώληση,sale,,150000.0,120.0,,,,Κάτω Εύοσμος (Εύοσμος),,,,,2026-10-02,,portal alert,2026-10-02T00:00:00Z
spitogatos.gr,Street Real Estate,https://www.spitogatos.gr/aggelia/1120986109,Μαρτίου (Βούλγαρη - Ντεπώ - Μαρτίου) Studio/Γκαρσονιέρα 55 τ.μ. προς πώληση,sale,,170000.0,55.0,,,,Μαρτίου (Βούλγαρη - Ντεπώ - Μαρτίου),,,,,2026-10-02,,portal alert,2026-10-02T00:00:00Z
spitogatos.gr,ΠΑΜΕ ΣΠΙΤΙ,https://www.spitogatos.gr/aggelia/1120986150,Πλατεία Ναυαρίνου (Κέντρο Θεσσαλονίκης) Διαμέρισμα 85 τ.μ. προς πώληση,sale,,300000.0,85.0,,,,Πλατεία Ναυαρίνου (Κέντρο Θεσσαλονίκης),,,,,2026-10-02,,portal alert,2026-10-02T00:00:00Z
spitogatos.gr,ΕΛ ΣΟΥΕΝΟ,https://www.spitogatos.gr/aggelia/1120986159,Κέντρο (Χαριλάου) Studio/Γκαρσονιέρα 45 τ.μ. προς πώληση,sale,,158000.0,45.0,,,,Κέντρο (Χαριλάου),,,,,2026-10-02,,portal alert,2026-10-02T00:00:00Z
spitogatos.gr,Alfa Plus Real Estate,https://www.spitogatos.gr/aggelia/1120986258,Βούλγαρη - Άγιος Ελευθέριος - Ντεπώ (Βούλγαρη - Ντεπώ - Μαρτίου) Studio/Γκαρσονιέρα 54 τ.μ. προς πώληση,sale,,170000.0,54.0,,,,Βούλγαρη - Άγιος Ελευθέριος - Ντεπώ (Βούλγαρη - Ντεπώ - Μαρτίου),,,,,2026-10-02,,portal alert,2026-10-02T00:00:00Z
spitogatos.gr,Spitogatos,https://www.spitogatos.gr/aggelia/1120986271,Κέντρο (Μενεμένη) Μονοκατοικία 161 τ.μ. προς πώληση,sale,,140000.0,161.0,,,,Κέντρο (Μενεμένη),,,,,2026-10-02,,portal alert,2026-10-02T00:00:00Z
spitogatos.gr,Spitogatos,https://www.spitogatos.gr/aggelia/1120986311,Ιπποκράτειο (Φάληρο - Ιπποκράτειο) Studio/Γκαρσονιέρα 42 τ.μ. προς πώληση,sale,,138000.0,42.0,,,,Ιπποκράτειο (Φάληρο - Ιπποκράτειο),,,,,2026-10-02,,portal alert,2026-10-02T00:00:00Z
spitogatos.gr,Spitogatos,https://www.spitogatos.gr/aggelia/1120986322,Παπάφη - Άγιος Φανούριος (Τούμπα) Διαμέρισμα 59 τ.μ. προς πώληση,sale,,163000.0,59.0,,,,Παπάφη - Άγιος Φανούριος (Τούμπα),,,,,2026-10-02,,portal alert,2026-10-02T00:00:00Z
spitogatos.gr,Spitogatos,https://www.spitogatos.gr/aggelia/1120986328,Παπάφη - Άγιος Φανούριος (Τούμπα) Studio/Γκαρσονιέρα 34 τ.μ. προς πώληση,sale,,123000.0,34.0,,,,Παπάφη - Άγιος Φανούριος (Τούμπα),,,,,2026-10-02,,portal alert,2026-10-02T00:00:00Z
spitogatos.gr,GREEK HOME,https://www.spitogatos.gr/aggelia/1120986376,Στρεμπενιώτη (Νεάπολη) Studio/Γκαρσονιέρα 44 τ.μ. προς πώληση,sale,,84000.0,44.0,,,,Στρεμπενιώτη (Νεάπολη),,,,,2026-10-02,,portal alert,2026-10-02T00:00:00Z
spitogatos.gr,ΝΕΑ ΠΟΛΙΤΕΙΑ,https://www.spitogatos.gr/aggelia/1120986404,Βόσπορος (Μενεμένη) Διαμέρισμα 78 τ.μ. προς πώληση,sale,,170000.0,78.0,,,,Βόσπορος (Μενεμένη),,,,,2026-10-02,,portal alert,2026-10-02T00:00:00Z
spitogatos.gr,ΕΠΕΝΔΥΤΙΚΗ ΑΙΓΑΙΟΥ,https://www.spitogatos.gr/aggelia/1120986493,Καμάρα - Ροτόντα (Κέντρο Θεσσαλονίκης) Διαμέρισμα 46 τ.μ. προς πώληση,sale,,173000.0,46.0,,,,Καμάρα - Ροτόντα (Κέντρο Θεσσαλονίκης),,,,,2026-10-02,,portal alert,2026-10-02T00:00:00Z
spitogatos.gr,ThessMesiti.gr,https://www.spitogatos.gr/aggelia/1120986529,Ανάληψη - Μπότσαρη - Νέα Παραλία (Θεσσαλονίκη - Δήμος) Διαμέρισμα 115 τ.μ. προς πώληση,sale,,360000.0,115.0,,,,Ανάληψη - Μπότσαρη - Νέα Παραλία (Θεσσαλονίκη - Δήμος),,,,,2026-10-02,,portal alert,2026-10-02T00:00:00Z
spitogatos.gr,Maestro Real Estate,https://www.spitogatos.gr/aggelia/1120986550,Μαρτίου (Βούλγαρη - Ντεπώ - Μαρτίου) Διαμέρισμα 45 τ.μ. προς πώληση,sale,,99000.0,45.0,,,,Μαρτίου (Βούλγαρη - Ντεπώ - Μαρτίου),,,,,2026-10-02,,portal alert,2026-10-02T00:00:00Z
spitogatos.gr,ThessMesiti.gr,https://www.spitogatos.gr/aggelia/1120986569,Ανάληψη - Μπότσαρη - Νέα Παραλία (Θεσσαλονίκη - Δήμος) Διαμέρισμα 60 τ.μ. προς πώληση,sale,,114000.0,60.0,,,,Ανάληψη - Μπότσαρη - Νέα Παραλία (Θεσσαλονίκη - Δήμος),,,,,2026-10-02,,portal alert,2026-10-02T00:00:00Z
spitogatos.gr,Lp properties,https://www.spitogatos.gr/aggelia/1120986602,Δημαρχείου (Αμπελόκηποι) Διαμέρισμα 125 τ.μ. προς πώληση,sale,,260000.0,125.0,,,,Δημαρχείου (Αμπελόκηποι),,,,,2026-10-02,,portal alert,2026-10-02T00:00:00Z
spitogatos.gr,RO PROPERTY,https://www.spitogatos.gr/aggelia/1120986610,Ιπποκράτειο (Φάληρο - Ιπποκράτειο) Διαμέρισμα 52 τ.μ. προς πώληση,sale,,160000.0,52.0,,,,Ιπποκράτειο (Φάληρο - Ιπποκράτειο),,,,,2026-10-02,,portal alert,2026-10-02T00:00:00Z
spitogatos.gr,Grekodom Development,https://www.spitogatos.gr/aggelia/1120986726,Φοίνικας (Καλαμαριά) Διαμέρισμα 85 τ.μ. προς πώληση,sale,,127000.0,85.0,,,,Φοίνικας (Καλαμαριά),,,,,2026-10-02,,portal alert,2026-10-02T00:00:00Z
spitogatos.gr,Agora Group,https://www.spitogatos.gr/aggelia/1120987184,Άγιος Παντελεήμων (Καλαμαριά) Διαμέρισμα 79 τ.μ. προς πώληση,sale,,210000.0,79.0,,,,Άγιος Παντελεήμων (Καλαμαριά),,,,,2026-10-02,,portal alert,2026-10-02T00:00:00Z
spitogatos.gr,ZIKAS HOUSE,https://www.spitogatos.gr/aggelia/1120987215,Κάτω Τούμπα (Τούμπα) Διαμέρισμα 87 τ.μ. προς πώληση,sale,,190000.0,87.0,,,,Κάτω Τούμπα (Τούμπα),,,,,2026-10-02,,portal alert,2026-10-02T00:00:00Z
spitogatos.gr,CityStay,https://www.spitogatos.gr/aggelia/1120987286,Ξηροκρήνη (Ξηροκρήνη - Παναγία Φανερωμένη) Loft 93 τ.μ. προς πώληση,sale,,83000.0,93.0,,,,Ξηροκρήνη (Ξηροκρήνη - Παναγία Φανερωμένη),,,,,2026-10-02,,portal alert,2026-10-02T00:00:00Z
spitogatos.gr,Rewize,https://www.spitogatos.gr/aggelia/1120987412,Άγιος Δημήτριος (Κέντρο Θεσσαλονίκης) Διαμέρισμα 40 τ.μ. προς πώληση,sale,,125000.0,40.0,,,,Άγιος Δημήτριος (Κέντρο Θεσσαλονίκης),,,,,2026-10-02,,portal alert,2026-10-02T00:00:00Z
spitogatos.gr,KRISTALIA PROPERTIES,https://www.spitogatos.gr/aggelia/1120987415,Τουρκικό Προξενείο (Κέντρο Θεσσαλονίκης) Διαμέρισμα 45 τ.μ. προς πώληση,sale,,157000.0,45.0,,,,Τουρκικό Προξενείο (Κέντρο Θεσσαλονίκης),,,,,2026-10-03,,portal alert,2026-10-03T00:00:00Z
spitogatos.gr,KRISTALIA PROPERTIES,https://www.spitogatos.gr/aggelia/1120987421,Άγιος Δημήτριος (Κέντρο Θεσσαλονίκης) Studio/Γκαρσονιέρα 26 τ.μ. προς πώληση,sale,,97000.0,26.0,,,,Άγιος Δημήτριος (Κέντρο Θεσσαλονίκης),,,,,2026-10-03,,portal alert,2026-10-03T00:00:00Z
spitogatos.gr,Spitogatos,https://www.spitogatos.gr/aggelia/2212919109,Διοικητήριο (Κέντρο Θεσσαλονίκης) Γραφείο 25 τ.μ. προς ενοικίαση,rent,,270.0,25.0,,,,Διοικητήριο (Κέντρο Θεσσαλονίκης),,,,2026-09-29,2026-09-29,,portal alert,2026-09-29T00:00:00Z
spitogatos.gr,REINVEST,https://www.spitogatos.gr/aggelia/2217104990,Βαρδάρης - Λαχανόκηποι (Θεσσαλονίκη - Δήμος) Κατάστημα 653 τ.μ. προς ενοικίαση,rent,,3000.0,653.0,,,,Βαρδάρης - Λαχανόκηποι (Θεσσαλονίκη - Δήμος),,,,2026-09-30,2026-09-30,,portal alert,2026-09-30T00:00:00Z
spitogatos.gr,Gaia Realty,https://www.spitogatos.gr/aggelia/2217315834,Κέντρο (Καλαμαριά) Κατάστημα 80 τ.μ. προς ενοικίαση,rent,,1200.0,80.0,,,,Κέντρο (Καλαμαριά),,,,2026-09-28,2026-09-28,,portal alert,2026-09-28T00:00:00Z
spitogatos.gr,LIAGGAS REAL ESTATE,https://www.spitogatos.gr/aggelia/2217628398,Πλατεία Ναυαρίνου (Κέντρο Θεσσαλονίκης) Κατάστημα 55 τ.μ. προς ενοικίαση,rent,,2800.0,55.0,,,,Πλατεία Ναυαρίνου (Κέντρο Θεσσαλονίκης),,,,2026-10-01,2026-10-01,,portal alert,2026-10-01T00:00:00Z
spitogatos.gr,Καραουλανη,https://www.spitogatos.gr/aggelia/2218322291,Ευαγγελισμός - Νέος Κουκλουτζάς (Εύοσμος) Γραφείο 90 τ.μ. προς ενοικίαση,rent,,800.0,90.0,,,,Ευαγγελισμός - Νέος Κουκλουτζάς (Εύοσμος),,,,2026-09-29,2026-09-29,,portal alert,2026-09-29T00:00:00Z
spitogatos.gr,Καραουλανη,https://www.spitogatos.gr/aggelia/2218407958,Άγιος Κοσμάς (Εύοσμος) Κατάστημα 32 τ.μ. προς ενοικίαση,rent,,320.0,32.0,,,,Άγιος Κοσμάς (Εύοσμος),,,,2026-09-29,2026-09-29,,portal alert,2026-09-29T00:00:00Z
spitogatos.gr,Καραουλανη,https://www.spitogatos.gr/aggelia/2218499557,Άγιος Αθανάσιος (Εύοσμος) Γραφείο 120 τ.μ. προς ενοικίαση,rent,,800.0,120.0,,,,Άγιος Αθανάσιος (Εύοσμος),,,,2026-09-29,2026-09-29,,portal alert,2026-09-29T00:00:00Z
spitogatos.gr,Keyland Real Estate,https://www.spitogatos.gr/aggelia/2218624978,Κάτω Ανθόκηποι (Πολίχνη) Κατάστημα 250 τ.μ. προς ενοικίαση,rent,,900.0,250.0,,,,Κάτω Ανθόκηποι (Πολίχνη),,,,2026-10-01,2026-10-01,,portal alert,2026-10-01T00:00:00Z
spitogatos.gr,Maestro Real Estate,https://www.spitogatos.gr/aggelia/2218778529,Ιπποκράτειο (Φάληρο - Ιπποκράτειο) Κατάστημα 28 τ.μ. προς ενοικίαση,rent,,350.0,28.0,,,,Ιπποκράτειο (Φάληρο - Ιπποκράτειο),,,,2026-09-30,2026-09-30,,portal alert,2026-09-30T00:00:00Z
spitogatos.gr,MADD Real Estate,https://www.spitogatos.gr/aggelia/2219316707,Ιπποκράτειο (Φάληρο - Ιπποκράτειο) Κατάστημα 71 τ.μ. προς ενοικίαση,rent,,450.0,71.0,,,,Ιπποκράτειο (Φάληρο - Ιπποκράτειο),,,,2026-09-28,2026-09-28,,portal alert,2026-09-28T00:00:00Z
spitogatos.gr,Spitogatos,https://www.spitogatos.gr/aggelia/2219505295,Κάτω Πυλαία (Πυλαία) 1000 τ.μ. προς ενοικίαση,rent,,4000.0,1000.0,,,,Κάτω Πυλαία (Πυλαία) 1000 τ.μ. προς ενοικίαση,,,,2026-09-29,2026-09-29,,portal alert,2026-09-29T00:00:00Z
spitogatos.gr,Καραουλανη,https://www.spitogatos.gr/aggelia/2219776030,Κέντρο (Μενεμένη) Κατάστημα 25 τ.μ. προς ενοικίαση,rent,,320.0,25.0,,,,Κέντρο (Μενεμένη),,,,2026-09-29,2026-09-29,,portal alert,2026-09-29T00:00:00Z
spitogatos.gr,BLUESTONE REAL ESTATE,https://www.spitogatos.gr/aggelia/2219852981,Ευαγγελισμός - Νέος Κουκλουτζάς (Εύοσμος) Γραφείο 93 τ.μ. προς ενοικίαση,rent,,750.0,93.0,,,,Ευαγγελισμός - Νέος Κουκλουτζάς (Εύοσμος),,,,2026-09-28,2026-09-28,,portal alert,2026-09-28T00:00:00Z
spitogatos.gr,DOMISIS C.E. & PROPERTIES,https://www.spitogatos.gr/aggelia/2220099007,Μαρτίου (Βούλγαρη - Ντεπώ - Μαρτίου) Γραφείο 110 τ.μ. προς ενοικίαση,rent,,850.0,110.0,,,,Μαρτίου (Βούλγαρη - Ντεπώ - Μαρτίου),,,,2026-09-29,2026-09-29,,portal alert,2026-09-29T00:00:00Z
spitogatos.gr,IWG,https://www.spitogatos.gr/aggelia/2220194948,Βαρδάρης - Δικαστήρια (Βαρδάρης - Λαχανόκηποι) Γραφείο 7 τ.μ. προς ενοικίαση,rent,,769.0,7.0,,,,Βαρδάρης - Δικαστήρια (Βαρδάρης - Λαχανόκηποι),,,,2026-09-28,2026-09-28,,portal alert,2026-09-28T00:00:00Z
spitogatos.gr,ΜΕΣΙΤΙΚΟ ΓΡΑΦΕΙΟ ΧΑΛΙΑΖΗ,https://www.spitogatos.gr/aggelia/2220624875,Τερψιθέα (Σταυρούπολη) Κατάστημα 180 τ.μ. προς ενοικίαση,rent,,250.0,180.0,,,,Τερψιθέα (Σταυρούπολη),,,,2026-09-30,2026-09-30,,portal alert,2026-09-30T00:00:00Z
spitogatos.gr,Spitogatos,https://www.spitogatos.gr/aggelia/2220940707,Νέα Ελβετία (Χαριλάου) Γραφείο 45 τ.μ. προς ενοικίαση,rent,,300.0,45.0,,,,Νέα Ελβετία (Χαριλάου),,,,2026-09-27,2026-09-27,,portal alert,2026-09-27T00:00:00Z
spitogatos.gr,VICTORY Real Estate,https://www.spitogatos.gr/aggelia/2220942469,Πλατεία Εμπορίου - Ανω Λαδάδικα - Ιστορικό Κέντρο (Κέντρο Θεσσαλονίκης) Γραφείο 60 τ.μ. προς ενοικίαση,rent,,680.0,60.0,,,,Πλατεία Εμπορίου - Ανω Λαδάδικα - Ιστορικό Κέντρο (Κέντρο Θεσσαλονίκης),,,,2026-09-28,2026-09-28,,portal alert,2026-09-28T00:00:00Z
spitogatos.gr,ALVANOUDIS Real Estate,https://www.spitogatos.gr/aggelia/2220948345,Πλατεία Ναυαρίνου (Κέντρο Θεσσαλονίκης) Κατάστημα 25 τ.μ. προς ενοικίαση,rent,,1300.0,25.0,,,,Πλατεία Ναυαρίνου (Κέντρο Θεσσαλονίκης),,,,2026-09-28,2026-09-28,,portal alert,2026-09-28T00:00:00Z
spitogatos.gr,Karoutas Properties,https://www.spitogatos.gr/aggelia/2220949091,Βαρδάρης - Δικαστήρια (Βαρδάρης - Λαχανόκηποι) Γραφείο 25 τ.μ. προς ενοικίαση,rent,,220.0,25.0,,,,Βαρδάρης - Δικαστήρια (Βαρδάρης - Λαχανόκηποι),,,,2026-09-28,2026-09-28,,portal alert,2026-09-28T00:00:00Z
spitogatos.gr,Spitogatos,https://www.spitogatos.gr/aggelia/2220949622,Καλοχώρι (Εχέδωρος) Κατάστημα 161 τ.μ. προς ενοικίαση,rent,,750.0,161.0,,,,Καλοχώρι (Εχέδωρος),,,,2026-09-28,2026-09-28,,portal alert,2026-09-28T00:00:00Z
spitogatos.gr,Spitogatos,https://www.spitogatos.gr/aggelia/2220950039,Επτάλοφος (Αμπελόκηποι) Γραφείο 78 τ.μ. προς ενοικίαση,rent,,470.0,78.0,,,,Επτάλοφος (Αμπελόκηποι),,,,2026-09-28,2026-09-28,,portal alert,2026-09-28T00:00:00Z
spitogatos.gr,Closers,https://www.spitogatos.gr/aggelia/2220950222,Λυγαριά (Πυλαία) Γραφείο 100 τ.μ. προς ενοικίαση,rent,,1000.0,100.0,,,,Λυγαριά (Πυλαία),,,,2026-09-28,2026-09-28,,portal alert,2026-09-28T00:00:00Z
spitogatos.gr,ISTOS PROPERTIES - ISTOS ΑΚΙΝΗΤΑ,https://www.spitogatos.gr/aggelia/2220950345,Κέντρο Θεσσαλονίκης (Θεσσαλονίκη - Δήμος) Γραφείο 35 τ.μ. προς ενοικίαση,rent,,250.0,35.0,,,,Κέντρο Θεσσαλονίκης (Θεσσαλονίκη - Δήμος),,,,2026-09-28,2026-09-28,,portal alert,2026-09-28T00:00:00Z
spitogatos.gr,Spitogatos,https://www.spitogatos.gr/aggelia/2220950411,Δενδροπόταμος (Μενεμένη) Αποθήκη 650 τ.μ. προς ενοικίαση,rent,,2500.0,650.0,,,,Δενδροπόταμος (Μενεμένη),,,,2026-09-28,2026-09-28,,portal alert,2026-09-28T00:00:00Z
spitogatos.gr,Spitogatos,https://www.spitogatos.gr/aggelia/2220950502,Κάτω Ανθόκηποι (Πολίχνη) Κατάστημα 78 τ.μ. προς ενοικίαση,rent,,650.0,78.0,,,,Κάτω Ανθόκηποι (Πολίχνη),,,,2026-09-28,2026-09-28,,portal alert,2026-09-28T00:00:00Z
spitogatos.gr,InFox Real Estate,https://www.spitogatos.gr/aggelia/2220960408,Βαρδάρης - Δικαστήρια (Βαρδάρης - Λαχανόκηποι) Γραφείο 25 τ.μ. προς ενοικίαση,rent,,230.0,25.0,,,,Βαρδάρης - Δικαστήρια (Βαρδάρης - Λαχανόκηποι),,,,2026-09-29,2026-09-29,,portal alert,2026-09-29T00:00:00Z
spitogatos.gr,Seven Real Estate,https://www.spitogatos.gr/aggelia/2220960732,Αμπελόκηποι (Θεσσαλονίκη - Περιφ/κοί δήμοι) Κατάστημα 100 τ.μ. προς ενοικίαση,rent,,250.0,100.0,,,,Αμπελόκηποι (Θεσσαλονίκη - Περιφ/κοί δήμοι),,,,2026-09-29,2026-09-29,,portal alert,2026-09-29T00:00:00Z
spitogatos.gr,Spitogatos,https://www.spitogatos.gr/aggelia/2220961037,Ξηροκρήνη (Ξηροκρήνη - Παναγία Φανερωμένη) Γραφείο 13 τ.μ. προς ενοικίαση,rent,,120.0,13.0,,,,Ξηροκρήνη (Ξηροκρήνη - Παναγία Φανερωμένη),,,,2026-09-29,2026-09-29,,portal alert,2026-09-29T00:00:00Z
spitogatos.gr,ΜΕΣΙΤΙΚΟ-ΚΑΤΑΣΚΕΥΑΣΤΙΚΗ ΛΙΟΛΙΔΗΣ,https://www.spitogatos.gr/aggelia/2220963921,Βούλγαρη - Άγιος Ελευθέριος - Ντεπώ (Βούλγαρη - Ντεπώ - Μαρτίου) Κατάστημα 125 τ.μ. προς ενοικίαση,rent,,680.0,125.0,,,,Βούλγαρη - Άγιος Ελευθέριος - Ντεπώ (Βούλγαρη - Ντεπώ - Μαρτίου),,,,2026-09-30,2026-09-30,,portal alert,2026-09-30T00:00:00Z
spitogatos.gr,Closers,https://www.spitogatos.gr/aggelia/2220967013,Mediterranean Cosmos - Πατριαρχικό (Πυλαία) Γραφείο 200 τ.μ. προς ενοικίαση,rent,,1900.0,200.0,,,,Mediterranean Cosmos - Πατριαρχικό (Πυλαία),,,,2026-10-01,2026-10-01,,portal alert,2026-10-01T00:00:00Z
spitogatos.gr,Sovereign Brokers,https://www.spitogatos.gr/aggelia/2220968768,Ευαγγελισμός - Νέος Κουκλουτζάς (Εύοσμος) Κατάστημα 200 τ.μ. προς ενοικίαση,rent,,2500.0,200.0,,,,Ευαγγελισμός - Νέος Κουκλουτζάς (Εύοσμος),,,,2026-09-30,2026-09-30,,portal alert,2026-09-30T00:00:00Z
spitogatos.gr,ΝΑΝΤΙΑ ΑΓΓΕΛΟΓΛΟΥ,https://www.spitogatos.gr/aggelia/2220968837,Λυγαριά (Πυλαία) Γραφείο 240 τ.μ. προς ενοικίαση,rent,,1450.0,240.0,,,,Λυγαριά (Πυλαία),,,,2026-09-30,2026-09-30,,portal alert,2026-09-30T00:00:00Z
spitogatos.gr,Spitogatos,https://www.spitogatos.gr/aggelia/2220968869,Ρωμαϊκή Αγορά - Βενιζέλου - Ιστορικό Κέντρο (Κέντρο Θεσσαλονίκης) Κατάστημα 198 τ.μ. προς ενοικίαση,rent,,2500.0,198.0,,,,Ρωμαϊκή Αγορά - Βενιζέλου - Ιστορικό Κέντρο (Κέντρο Θεσσαλονίκης),,,,2026-09-30,2026-09-30,,portal alert,2026-09-30T00:00:00Z
spitogatos.gr,Pro Living Real Estate,https://www.spitogatos.gr/aggelia/2220969106,Άγιος Παντελεήμων (Καλαμαριά) Γραφείο 85 τ.μ. προς ενοικίαση,rent,,1000.0,85.0,,,,Άγιος Παντελεήμων (Καλαμαριά),,,,2026-09-30,2026-09-30,,portal alert,2026-09-30T00:00:00Z
spitogatos.gr,Closers,https://www.spitogatos.gr/aggelia/2220969116,Mediterranean Cosmos - Πατριαρχικό (Πυλαία) Γραφείο 230 τ.μ. προς ενοικίαση,rent,,2300.0,230.0,,,,Mediterranean Cosmos - Πατριαρχικό (Πυλαία),,,,2026-09-30,2026-09-30,,portal alert,2026-09-30T00:00:00Z
spitogatos.gr,Closers,https://www.spitogatos.gr/aggelia/2220969180,Ξηροκρήνη (Ξηροκρήνη - Παναγία Φανερωμένη) Κατάστημα 370 τ.μ. προς ενοικίαση,rent,,4000.0,370.0,,,,Ξηροκρήνη (Ξηροκρήνη - Παναγία Φανερωμένη),,,,2026-09-30,2026-09-30,,portal alert,2026-09-30T00:00:00Z
spitogatos.gr,Closers,https://www.spitogatos.gr/aggelia/2220969238,Νέα Κρήνη (Καλαμαριά) Κατάστημα 80 τ.μ. προς ενοικίαση,rent,,1000.0,80.0,,,,Νέα Κρήνη (Καλαμαριά),,,,2026-09-30,2026-09-30,,portal alert,2026-09-30T00:00:00Z
spitogatos.gr,Closers,https://www.spitogatos.gr/aggelia/2220969291,Mediterranean Cosmos - Πατριαρχικό (Πυλαία) Κατάστημα 200 τ.μ. προς ενοικίαση,rent,,3000.0,200.0,,,,Mediterranean Cosmos - Πατριαρχικό (Πυλαία),,,,2026-09-30,2026-09-30,,portal alert,2026-09-30T00:00:00Z
spitogatos.gr,Closers,https://www.spitogatos.gr/aggelia/2220969569,Ξηροκρήνη (Ξηροκρήνη - Παναγία Φανερωμένη) Κατάστημα 686 τ.μ. προς ενοικίαση,rent,,2300.0,686.0,,,,Ξηροκρήνη (Ξηροκρήνη - Παναγία Φανερωμένη),,,,2026-09-30,2026-09-30,,portal alert,2026-09-30T00:00:00Z
spitogatos.gr,Closers,https://www.spitogatos.gr/aggelia/2220969595,Τριανδρία (Τριανδρία - Δόξα - Κρυονέρι) Κατάστημα 250 τ.μ. προς ενοικίαση,rent,,1500.0,250.0,,,,Τριανδρία (Τριανδρία - Δόξα - Κρυονέρι),,,,2026-09-30,2026-09-30,,portal alert,2026-09-30T00:00:00Z
spitogatos.gr,Bellos Real Estate,https://www.spitogatos.gr/aggelia/2220969618,Πλατεία Εμπορίου - Ανω Λαδάδικα - Ιστορικό Κέντρο (Κέντρο Θεσσαλονίκης) Γραφείο 20 τ.μ. προς ενοικίαση,rent,,350.0,20.0,,,,Πλατεία Εμπορίου - Ανω Λαδάδικα - Ιστορικό Κέντρο (Κέντρο Θεσσαλονίκης),,,,2026-09-30,2026-09-30,,portal alert,2026-09-30T00:00:00Z
spitogatos.gr,PASSAS REAL ESTATE,https://www.spitogatos.gr/aggelia/2220969840,Ευζώνων - Πεδίον Άρεως (Φάληρο - Ιπποκράτειο) Κατάστημα 82 τ.μ. προς ενοικίαση,rent,,550.0,82.0,,,,Ευζώνων - Πεδίον Άρεως (Φάληρο - Ιπποκράτειο),,,,2026-09-30,2026-09-30,,portal alert,2026-09-30T00:00:00Z
spitogatos.gr,Closers,https://www.spitogatos.gr/aggelia/2220969969,Mediterranean Cosmos - Πατριαρχικό (Πυλαία) 1000 τ.μ. προς ενοικίαση,rent,,4000.0,1000.0,,,,Mediterranean Cosmos - Πατριαρχικό (Πυλαία) 1000 τ.μ. προς ενοικίαση,,,,2026-09-30,2026-10-01,,portal alert,2026-10-01T00:00:00Z
spitogatos.gr,Spitogatos,https://www.spitogatos.gr/aggelia/2220970024,Κέντρο (Χαριλάου) Γραφείο 260 τ.μ. προς ενοικίαση,rent,,1500.0,260.0,,,,Κέντρο (Χαριλάου),,,,2026-09-30,2026-09-30,,portal alert,2026-09-30T00:00:00Z
spitogatos.gr,Spitogatos,https://www.spitogatos.gr/aggelia/2220970274,Ιπποκράτειο (Φάληρο - Ιπποκράτειο) Κατάστημα 15 τ.μ. προς ενοικίαση,rent,,250.0,15.0,,,,Ιπποκράτειο (Φάληρο - Ιπποκράτειο),,,,2026-09-30,2026-09-30,,portal alert,2026-09-30T00:00:00Z
spitogatos.gr,REMAX Welcome,https://www.spitogatos.gr/aggelia/2220973044,Λαδάδικα (Κέντρο Θεσσαλονίκης) Γραφείο 35 τ.μ. προς ενοικίαση,rent,,300.0,35.0,,,,Λαδάδικα (Κέντρο Θεσσαλονίκης),,,,2026-10-01,2026-10-01,,portal alert,2026-10-01T00:00:00Z
spitogatos.gr,Μαρίκα NEW HOME,https://www.spitogatos.gr/aggelia/2220976215,Ευαγγελισμός - Νέος Κουκλουτζάς (Εύοσμος) Γραφείο 30 τ.μ. προς ενοικίαση,rent,,260.0,30.0,,,,Ευαγγελισμός - Νέος Κουκλουτζάς (Εύοσμος),,,,2026-10-01,2026-10-01,,portal alert,2026-10-01T00:00:00Z
spitogatos.gr,Closers,https://www.spitogatos.gr/aggelia/2220977971,Κάτω Πυλαία (Πυλαία) Γραφείο 170 τ.μ. προς ενοικίαση,rent,,1600.0,170.0,,,,Κάτω Πυλαία (Πυλαία),,,,2026-10-01,2026-10-01,,portal alert,2026-10-01T00:00:00Z
spitogatos.gr,Closers,https://www.spitogatos.gr/aggelia/2220978905,Βούλγαρη - Άγιος Ελευθέριος - Ντεπώ (Βούλγαρη - Ντεπώ - Μαρτίου) Κατάστημα 260 τ.μ. προς ενοικίαση,rent,,1500.0,260.0,,,,Βούλγαρη - Άγιος Ελευθέριος - Ντεπώ (Βούλγαρη - Ντεπώ - Μαρτίου),,,,2026-10-02,2026-10-02,,portal alert,2026-10-02T00:00:00Z
spitogatos.gr,Closers,https://www.spitogatos.gr/aggelia/2220978907,Βούλγαρη - Άγιος Ελευθέριος - Ντεπώ (Βούλγαρη - Ντεπώ - Μαρτίου) Κατάστημα 200 τ.μ. προς ενοικίαση,rent,,1450.0,200.0,,,,Βούλγαρη - Άγιος Ελευθέριος - Ντεπώ (Βούλγαρη - Ντεπώ - Μαρτίου),,,,2026-10-02,2026-10-02,,portal alert,2026-10-02T00:00:00Z
spitogatos.gr,Kaltsas Realty,https://www.spitogatos.gr/aggelia/2220980583,Βούλγαρη - Άγιος Ελευθέριος - Ντεπώ (Βούλγαρη - Ντεπώ - Μαρτίου) Γραφείο 90 τ.μ. προς ενοικίαση,rent,,650.0,90.0,,,,Βούλγαρη - Άγιος Ελευθέριος - Ντεπώ (Βούλγαρη - Ντεπώ - Μαρτίου),,,,2026-10-02,2026-10-02,,portal alert,2026-10-02T00:00:00Z
spitogatos.gr,ΤΣΙΡΙΓΩΤΗΣ REAL ESTATE,https://www.spitogatos.gr/aggelia/2220984352,Αντιγονιδών (Κέντρο Θεσσαλονίκης) Γραφείο 335 τ.μ. προς ενοικίαση,rent,,2000.0,335.0,,,,Αντιγονιδών (Κέντρο Θεσσαλονίκης),,,,,2026-10-02,,portal alert,2026-10-02T00:00:00Z
spitogatos.gr,Bee Executive,https://www.spitogatos.gr/aggelia/2220985105,Χαριλάου (Θεσσαλονίκη - Δήμος) Γραφείο 80 τ.μ. προς ενοικίαση,rent,,700.0,80.0,,,,Χαριλάου (Θεσσαλονίκη - Δήμος),,,,,2026-10-02,,portal alert,2026-10-02T00:00:00Z
spitogatos.gr,Μαρίκα NEW HOME,https://www.spitogatos.gr/aggelia/2220985230,Ευαγγελισμός - Νέος Κουκλουτζάς (Εύοσμος) Κατάστημα 30 τ.μ. προς ενοικίαση,rent,,260.0,30.0,,,,Ευαγγελισμός - Νέος Κουκλουτζάς (Εύοσμος),,,,,2026-10-02,,portal alert,2026-10-02T00:00:00Z
spitogatos.gr,TERRA & HOMES,https://www.spitogatos.gr/aggelia/2220985554,ΦΙΞ - Παλαιός Σιδηροδρομικός Σταθμός (Σφαγεία - Ιχθυόσκαλα) Γραφείο 270 τ.μ. προς ενοικίαση,rent,,4500.0,270.0,,,,ΦΙΞ - Παλαιός Σιδηροδρομικός Σταθμός (Σφαγεία - Ιχθυόσκαλα),,,,,2026-10-02,,portal alert,2026-10-02T00:00:00Z
spitogatos.gr,Spitogatos,https://www.spitogatos.gr/aggelia/2220986057,Κάτω Εύοσμος (Εύοσμος) Κατάστημα 20 τ.μ. προς ενοικίαση,rent,,300.0,20.0,,,,Κάτω Εύοσμος (Εύοσμος),,,,,2026-10-02,,portal alert,2026-10-02T00:00:00Z
spitogatos.gr,Bee One,https://www.spitogatos.gr/aggelia/2220987419,Χαριλάου (Θεσσαλονίκη - Δήμος) Γραφείο 105 τ.μ. προς ενοικίαση,rent,,720.0,105.0,,,,Χαριλάου (Θεσσαλονίκη - Δήμος),,,,,2026-10-03,,portal alert,2026-10-03T00:00:00Z
tospitimou.gr,PROSPERTY,https://www.tospitimou.gr/akinito/15557314,Κέντρο (Κουφάλια) 204 τ.μ. προς πώληση,sale,,80600.0,204.0,,,,Κέντρο (Κουφάλια) 204 τ.μ. προς πώληση,,,,,2026-10-02,,portal alert,2026-10-02T00:00:00Z
tospitimou.gr,Syrakis Group,https://www.tospitimou.gr/akinito/18877640,Ασπροβάλτα (Άγιος Γεώργιος) Διαμέρισμα 128 τ.μ. προς πώληση,sale,,115000.0,128.0,,,,Ασπροβάλτα (Άγιος Γεώργιος),,,,,2026-10-02,,portal alert,2026-10-02T00:00:00Z
tospitimou.gr,ΚΟΡΥΦΗ,https://www.tospitimou.gr/akinito/19580407,Χρυσαυγή (Λαγκαδάς) Βίλα 350 τ.μ. προς πώληση,sale,,300000.0,350.0,,,,Χρυσαυγή (Λαγκαδάς),,,,,2026-10-02,,portal alert,2026-10-02T00:00:00Z
tospitimou.gr,AltERA COMPANY REAL ESTATE,https://www.tospitimou.gr/akinito/19752489,Βρασνά (Άγιος Γεώργιος) 280 τ.μ. προς πώληση,sale,,500000.0,280.0,,,,Βρασνά (Άγιος Γεώργιος) 280 τ.μ. προς πώληση,,,,2026-09-30,2026-09-30,,portal alert,2026-09-30T00:00:00Z
tospitimou.gr,ΜΕΣΙΤΙΚΟ ΓΡΑΦΕΙΟ- ΒΑΣΙΛΕΙΟΣ ΚΩΣΤΑΣ,https://www.tospitimou.gr/akinito/19797811,Κέντρο (Λαγκαδάς) Studio/Γκαρσονιέρα 46 τ.μ. προς πώληση,sale,,68000.0,46.0,,,,Κέντρο (Λαγκαδάς),,,,,2026-10-02,,portal alert,2026-10-02T00:00:00Z
tospitimou.gr,AltERA COMPANY REAL ESTATE,https://www.tospitimou.gr/akinito/19873799,Ασπροβάλτα (Άγιος Γεώργιος) Μονοκατοικία 80 τ.μ. προς πώληση,sale,,145000.0,80.0,,,,Ασπροβάλτα (Άγιος Γεώργιος),,,,2026-09-30,2026-09-30,,portal alert,2026-09-30T00:00:00Z
tospitimou.gr,Μήττα,https://www.tospitimou.gr/akinito/19942690,Κέντρο (Χορτιάτης) Διαμέρισμα 130 τ.μ. προς ενοικίαση,rent,,500.0,130.0,,,,Κέντρο (Χορτιάτης),,,,2026-09-28,2026-09-28,,portal alert,2026-09-28T00:00:00Z
tospitimou.gr,ΕΥ ΖΗΝ,https://www.tospitimou.gr/akinito/20141631,Γέφυρα (Άγιος Αθανάσιος) Διαμέρισμα 75 τ.μ. προς ενοικίαση,rent,,400.0,75.0,,,,Γέφυρα (Άγιος Αθανάσιος),,,,2026-09-29,2026-09-29,,portal alert,2026-09-29T00:00:00Z
tospitimou.gr,ONASIS HOME REAL ESTATE IKE,https://www.tospitimou.gr/akinito/20160751,Σταυρός (Ρεντίνα) Διαμέρισμα 37 τ.μ. προς πώληση,sale,,92000.0,37.0,,,,Σταυρός (Ρεντίνα),,,,,2026-10-02,,portal alert,2026-10-02T00:00:00Z
tospitimou.gr,noikiaseto.gr,https://www.tospitimou.gr/akinito/20355978,Νέα Βρασνά (Άγιος Γεώργιος) Διαμέρισμα 45 τ.μ. προς ενοικίαση,rent,,400.0,45.0,,,,Νέα Βρασνά (Άγιος Γεώργιος),,,,2026-09-30,2026-09-30,,portal alert,2026-09-30T00:00:00Z
tospitimou.gr,ΜΕ ΤΟ ΔΕΞΙ,https://www.tospitimou.gr/akinito/20662467,Λαγυνά (Λαγκαδάς) Μονοκατοικία 60 τ.μ. προς πώληση,sale,,85000.0,60.0,,,,Λαγυνά (Λαγκαδάς),,,,2026-09-29,2026-09-29,,portal alert,2026-09-29T00:00:00Z
tospitimou.gr,ΛΑΓΚΑΔΑΣ REAL ESTATE,https://www.tospitimou.gr/akinito/20690537,Κέντρο (Λαγκαδάς) Διαμέρισμα 95 τ.μ. προς ενοικίαση,rent,,450.0,95.0,,,,Κέντρο (Λαγκαδάς),,,,,2026-10-02,,portal alert,2026-10-02T00:00:00Z
tospitimou.gr,PROTERRA properties,https://www.tospitimou.gr/akinito/20888375,Κάτω Τούμπα (Τούμπα) Διαμέρισμα 50 τ.μ. προς ενοικίαση,rent,,500.0,50.0,,,,Κάτω Τούμπα (Τούμπα),,,,2026-09-28,2026-09-28,,portal alert,2026-09-28T00:00:00Z
tospitimou.gr,ΑΝΥΗΟΜΕ,https://www.tospitimou.gr/akinito/20926508,Κέντρο (Άγιος Αθανάσιος) Διαμέρισμα 59 τ.μ. προς ενοικίαση,rent,,450.0,59.0,,,,Κέντρο (Άγιος Αθανάσιος),,,,,2026-10-02,,portal alert,2026-10-02T00:00:00Z
tospitimou.gr,DM REAL ESTATE,https://www.tospitimou.gr/akinito/20940677,Ξηροκρήνη (Ξηροκρήνη - Παναγία Φανερωμένη) Loft 90 τ.μ. προς πώληση,sale,,83000.0,90.0,,,,Ξηροκρήνη (Ξηροκρήνη - Παναγία Φανερωμένη),,,,2026-09-28,2026-09-28,,portal alert,2026-09-28T00:00:00Z
tospitimou.gr,ΒΟΥΡΤΗΣ REAL ESTATE,https://www.tospitimou.gr/akinito/20940689,Πλατεία Ναυαρίνου (Κέντρο Θεσσαλονίκης) Διαμέρισμα 70 τ.μ. προς πώληση,sale,,185000.0,70.0,,,,Πλατεία Ναυαρίνου (Κέντρο Θεσσαλονίκης),,,,2026-09-28,2026-09-28,,portal alert,2026-09-28T00:00:00Z
tospitimou.gr,ΜΕ ΤΟ ΔΕΞΙ,https://www.tospitimou.gr/akinito/20940699,Κρυονέρι (Συκιές) Διαμέρισμα 95 τ.μ. προς ενοικίαση,rent,,630.0,95.0,,,,Κρυονέρι (Συκιές),,,,2026-09-28,2026-09-28,,portal alert,2026-09-28T00:00:00Z
tospitimou.gr,ΜΕΣΙΤΙΚΟ ΓΡΑΦΕΙΟ ΝΕΟΣ ΚΟΣΜΟΣ,https://www.tospitimou.gr/akinito/20940700,Κέντρο (Ωραιόκαστρο) Μεζονέτα 135 τ.μ. προς ενοικίαση,rent,,700.0,135.0,,,,Κέντρο (Ωραιόκαστρο),,,,2026-09-28,2026-09-28,,portal alert,2026-09-28T00:00:00Z
tospitimou.gr,DM REAL ESTATE,https://www.tospitimou.gr/akinito/20940721,Άγιος Αθανάσιος (Εύοσμος) Studio/Γκαρσονιέρα 42 τ.μ. προς ενοικίαση,rent,,470.0,42.0,,,,Άγιος Αθανάσιος (Εύοσμος),,,,2026-09-28,2026-09-28,,portal alert,2026-09-28T00:00:00Z
tospitimou.gr,G Property,https://www.tospitimou.gr/akinito/20940750,Διοικητήριο (Κέντρο Θεσσαλονίκης) Διαμέρισμα 50 τ.μ. προς ενοικίαση,rent,,550.0,50.0,,,,Διοικητήριο (Κέντρο Θεσσαλονίκης),,,,2026-09-28,2026-09-28,,portal alert,2026-09-28T00:00:00Z
tospitimou.gr,G Property,https://www.tospitimou.gr/akinito/20940762,Διοικητήριο (Κέντρο Θεσσαλονίκης) Διαμέρισμα 50 τ.μ. προς πώληση,sale,,150000.0,50.0,,,,Διοικητήριο (Κέντρο Θεσσαλονίκης),,,,2026-09-28,2026-09-28,,portal alert,2026-09-28T00:00:00Z
tospitimou.gr,HORIZON ESTATE,https://www.tospitimou.gr/akinito/20940800,Βαρδάρης - Δικαστήρια (Βαρδάρης - Λαχανόκηποι) Διαμέρισμα 80 τ.μ. προς ενοικίαση,rent,,480.0,80.0,,,,Βαρδάρης - Δικαστήρια (Βαρδάρης - Λαχανόκηποι),,,,2026-09-28,2026-09-28,,portal alert,2026-09-28T00:00:00Z
tospitimou.gr,ThessMesiti.gr,https://www.tospitimou.gr/akinito/20940882,Φάληρο - Ιπποκράτειο (Θεσσαλονίκη - Δήμος) Διαμέρισμα 60 τ.μ. προς πώληση,sale,,76000.0,60.0,,,,Φάληρο - Ιπποκράτειο (Θεσσαλονίκη - Δήμος),,,,2026-09-28,2026-09-28,,portal alert,2026-09-28T00:00:00Z
tospitimou.gr,Concept House Real Estate,https://www.tospitimou.gr/akinito/20940907,Φάληρο - Ιπποκράτειο (Θεσσαλονίκη - Δήμος) Studio/Γκαρσονιέρα 40 τ.μ. προς ενοικίαση,rent,,300.0,40.0,,,,Φάληρο - Ιπποκράτειο (Θεσσαλονίκη - Δήμος),,,,2026-09-28,2026-09-28,,portal alert,2026-09-28T00:00:00Z
tospitimou.gr,Happy House Μεσιτικές Υπηρεσίες,https://www.tospitimou.gr/akinito/20940911,Ξηροκρήνη (Ξηροκρήνη - Παναγία Φανερωμένη) Studio/Γκαρσονιέρα 45 τ.μ. προς ενοικίαση,rent,,400.0,45.0,,,,Ξηροκρήνη (Ξηροκρήνη - Παναγία Φανερωμένη),,,,2026-09-28,2026-09-28,,portal alert,2026-09-28T00:00:00Z
tospitimou.gr,MK Real Home,https://www.tospitimou.gr/akinito/20940951,Περαία (Θερμαϊκός) Διαμέρισμα 34 τ.μ. προς ενοικίαση,rent,,350.0,34.0,,,,Περαία (Θερμαϊκός),,,,2026-09-28,2026-09-28,,portal alert,2026-09-28T00:00:00Z
tospitimou.gr,ΤΚ Properties,https://www.tospitimou.gr/akinito/20941010,Νέα Πολιτεία (Εύοσμος) Studio/Γκαρσονιέρα 42 τ.μ. προς ενοικίαση,rent,,470.0,42.0,,,,Νέα Πολιτεία (Εύοσμος),,,,2026-09-28,2026-09-28,,portal alert,2026-09-28T00:00:00Z
tospitimou.gr,ΠΑΠΑΔΟΠΟΥΛΟΣ ΓΕΩΡΓΙΟΣ,https://www.tospitimou.gr/akinito/20941012,Διοικητήριο (Κέντρο Θεσσαλονίκης) Διαμέρισμα 112 τ.μ. προς πώληση,sale,,185000.0,112.0,,,,Διοικητήριο (Κέντρο Θεσσαλονίκης),,,,2026-09-28,2026-09-28,,portal alert,2026-09-28T00:00:00Z
tospitimou.gr,ΜΕΣΙΤΙΚΗ-ΚΑΤΑΣΚΕΥΑΣΤΙΚΗ ΜΑΥΡΟΜΑΤΗΣ realestate4u,https://www.tospitimou.gr/akinito/20945604,Βαθύλακκος (Άγιος Αθανάσιος) Μονοκατοικία 60 τ.μ. προς πώληση,sale,,50000.0,60.0,,,,Βαθύλακκος (Άγιος Αθανάσιος),,,,2026-09-29,2026-09-29,,portal alert,2026-09-29T00:00:00Z
tospitimou.gr,The Brokers,https://www.tospitimou.gr/akinito/20947314,Καλαμωτό (Καλλίνδοια) Μονοκατοικία 82 τ.μ. προς πώληση,sale,,55000.0,82.0,,,,Καλαμωτό (Καλλίνδοια),,,,2026-09-29,2026-09-29,,portal alert,2026-09-29T00:00:00Z
tospitimou.gr,AVENUE REAL ESTATE,https://www.tospitimou.gr/akinito/20947968,Κωνσταντινουπολίτικα (Πυλαία) Διαμέρισμα 90 τ.μ. προς ενοικίαση,rent,,850.0,90.0,,,,Κωνσταντινουπολίτικα (Πυλαία),,,,2026-09-29,2026-09-29,,portal alert,2026-09-29T00:00:00Z
tospitimou.gr,HouseCenter Κουκουλής Αθανάσιος,https://www.tospitimou.gr/akinito/20947977,Σουρωτή (Βασιλικά) Μονοκατοικία 80 τ.μ. προς ενοικίαση,rent,,500.0,80.0,,,,Σουρωτή (Βασιλικά),,,,2026-09-29,2026-09-29,,portal alert,2026-09-29T00:00:00Z
tospitimou.gr,MProperties,https://www.tospitimou.gr/akinito/20947996,Κωνσταντινουπολίτικα (Πυλαία) Διαμέρισμα 90 τ.μ. προς ενοικίαση,rent,,850.0,90.0,,,,Κωνσταντινουπολίτικα (Πυλαία),,,,2026-09-29,2026-09-29,,portal alert,2026-09-29T00:00:00Z
tospitimou.gr,Neospiti Καλαϊτζόγλου Έλενα,https://www.tospitimou.gr/akinito/20948038,Ασβεστοχώρι (Χορτιάτης) Διαμέρισμα 50 τ.μ. προς ενοικίαση,rent,,450.0,50.0,,,,Ασβεστοχώρι (Χορτιάτης),,,,2026-09-29,2026-09-29,,portal alert,2026-09-29T00:00:00Z
tospitimou.gr,SHOPWAY,https://www.tospitimou.gr/akinito/20948072,Σκεπάρνη (Αμπελόκηποι) Διαμέρισμα 90 τ.μ. προς ενοικίαση,rent,,550.0,90.0,,,,Σκεπάρνη (Αμπελόκηποι),,,,2026-09-29,2026-09-29,,portal alert,2026-09-29T00:00:00Z
tospitimou.gr,SKOREAL,https://www.tospitimou.gr/akinito/20948399,Κωνσταντινουπολίτικα (Πυλαία) Διαμέρισμα 58 τ.μ. προς ενοικίαση,rent,,600.0,58.0,,,,Κωνσταντινουπολίτικα (Πυλαία),,,,2026-09-29,2026-09-29,,portal alert,2026-09-29T00:00:00Z
tospitimou.gr,Green & Grey,https://www.tospitimou.gr/akinito/20948465,Βότση (Καλαμαριά) Διαμέρισμα 60 τ.μ. προς ενοικίαση,rent,,700.0,60.0,,,,Βότση (Καλαμαριά),,,,2026-09-29,2026-09-29,,portal alert,2026-09-29T00:00:00Z
tospitimou.gr,COZY REAL ESTATE,https://www.tospitimou.gr/akinito/20948489,Κατιρλί (Καλαμαριά) Διαμέρισμα 70 τ.μ. προς ενοικίαση,rent,,700.0,70.0,,,,Κατιρλί (Καλαμαριά),,,,2026-09-29,2026-09-29,,portal alert,2026-09-29T00:00:00Z
tospitimou.gr,Home 24 Real Estate,https://www.tospitimou.gr/akinito/20948508,Αμπελόκηποι (Θεσσαλονίκη - Περιφ/κοί δήμοι) Διαμέρισμα 103 τ.μ. προς ενοικίαση,rent,,550.0,103.0,,,,Αμπελόκηποι (Θεσσαλονίκη - Περιφ/κοί δήμοι),,,,2026-09-29,2026-09-29,,portal alert,2026-09-29T00:00:00Z
tospitimou.gr,ΜΕΣΙΤΙΚΟ ΓΡΑΦΕΙΟ ΝΕΟΣ ΚΟΣΜΟΣ,https://www.tospitimou.gr/akinito/20948616,Κάτω Εύοσμος (Εύοσμος) Διαμέρισμα 80 τ.μ. προς ενοικίαση,rent,,550.0,80.0,,,,Κάτω Εύοσμος (Εύοσμος),,,,2026-09-29,2026-09-29,,portal alert,2026-09-29T00:00:00Z
tospitimou.gr,Καραουλανη,https://www.tospitimou.gr/akinito/20948829,Νέα Πολιτεία (Εύοσμος) Διαμέρισμα 58 τ.μ. προς ενοικίαση,rent,,550.0,58.0,,,,Νέα Πολιτεία (Εύοσμος),,,,2026-09-29,2026-09-29,,portal alert,2026-09-29T00:00:00Z
tospitimou.gr,ThessMesiti.gr,https://www.tospitimou.gr/akinito/20949419,Επανομή (Θεσσαλονίκη - Περιφ/κοί δήμοι) Διαμέρισμα 54 τ.μ. προς ενοικίαση,rent,,450.0,54.0,,,,Επανομή (Θεσσαλονίκη - Περιφ/κοί δήμοι),,,,2026-09-29,2026-09-29,,portal alert,2026-09-29T00:00:00Z
tospitimou.gr,ThessMesiti.gr,https://www.tospitimou.gr/akinito/20949512,Θέρμη (Θεσσαλονίκη - Περιφ/κοί δήμοι) Διαμέρισμα 70 τ.μ. προς ενοικίαση,rent,,780.0,70.0,,,,Θέρμη (Θεσσαλονίκη - Περιφ/κοί δήμοι),,,,2026-09-29,2026-09-29,,portal alert,2026-09-29T00:00:00Z
tospitimou.gr,ThessMesiti.gr,https://www.tospitimou.gr/akinito/20949518,Άγιος Παύλος (Θεσσαλονίκη - Περιφ/κοί δήμοι) Διαμέρισμα 47 τ.μ. προς ενοικίαση,rent,,450.0,47.0,,,,Άγιος Παύλος (Θεσσαλονίκη - Περιφ/κοί δήμοι),,,,2026-09-29,2026-09-29,,portal alert,2026-09-29T00:00:00Z
tospitimou.gr,ALPHACITY,https://www.tospitimou.gr/akinito/20949681,Περαία (Θερμαϊκός) Studio/Γκαρσονιέρα 50 τ.μ. προς ενοικίαση,rent,,400.0,50.0,,,,Περαία (Θερμαϊκός),,,,2026-09-29,2026-09-29,,portal alert,2026-09-29T00:00:00Z
tospitimou.gr,ΙΔΑΝΙΚΟ ΣΠΙΤΙ,https://www.tospitimou.gr/akinito/20949748,Νέα Κρήνη (Καλαμαριά) Διαμέρισμα 74 τ.μ. προς ενοικίαση,rent,,550.0,74.0,,,,Νέα Κρήνη (Καλαμαριά),,,,2026-09-29,2026-09-29,,portal alert,2026-09-29T00:00:00Z
tospitimou.gr,Monopoly Ηome,https://www.tospitimou.gr/akinito/20949934,Ανάληψη - Μπότσαρη - Νέα Παραλία (Θεσσαλονίκη - Δήμος) Studio/Γκαρσονιέρα 43 τ.μ. προς πώληση,sale,,165000.0,43.0,,,,Ανάληψη - Μπότσαρη - Νέα Παραλία (Θεσσαλονίκη - Δήμος),,,,2026-09-29,2026-09-29,,portal alert,2026-09-29T00:00:00Z
tospitimou.gr,COZY REAL ESTATE,https://www.tospitimou.gr/akinito/20949942,Άγιος Ιωάννης (Καλαμαριά) Μεζονέτα 185 τ.μ. προς ενοικίαση,rent,,1300.0,185.0,,,,Άγιος Ιωάννης (Καλαμαριά),,,,2026-09-29,2026-09-29,,portal alert,2026-09-29T00:00:00Z
tospitimou.gr,ANTONIOU HOME,https://www.tospitimou.gr/akinito/20950005,Παπάφη - Άγιος Φανούριος (Τούμπα) Studio/Γκαρσονιέρα 30 τ.μ. προς πώληση,sale,,85000.0,30.0,,,,Παπάφη - Άγιος Φανούριος (Τούμπα),,,,2026-09-29,2026-09-29,,portal alert,2026-09-29T00:00:00Z
tospitimou.gr,ANTONIOU HOME,https://www.tospitimou.gr/akinito/20950046,Ξηροκρήνη (Ξηροκρήνη - Παναγία Φανερωμένη) Διαμέρισμα 46 τ.μ. προς πώληση,sale,,75000.0,46.0,,,,Ξηροκρήνη (Ξηροκρήνη - Παναγία Φανερωμένη),,,,2026-09-29,2026-09-29,,portal alert,2026-09-29T00:00:00Z
tospitimou.gr,Seven Real Estate,https://www.tospitimou.gr/akinito/20950052,Τριανδρία (Τριανδρία - Δόξα - Κρυονέρι) Studio/Γκαρσονιέρα 45 τ.μ. προς πώληση,sale,,55000.0,45.0,,,,Τριανδρία (Τριανδρία - Δόξα - Κρυονέρι),,,,2026-09-29,2026-09-29,,portal alert,2026-09-29T00:00:00Z
tospitimou.gr,Monopoly Ηome,https://www.tospitimou.gr/akinito/20950063,Ανάληψη - Μπότσαρη - Νέα Παραλία (Θεσσαλονίκη - Δήμος) Studio/Γκαρσονιέρα 49 τ.μ. προς ενοικίαση,rent,,165000.0,49.0,,,,Ανάληψη - Μπότσαρη - Νέα Παραλία (Θεσσαλονίκη - Δήμος),,,,2026-09-29,2026-09-29,,portal alert,2026-09-29T00:00:00Z
tospitimou.gr,TERRA & HOMES,https://www.tospitimou.gr/akinito/20950077,Μαρτίου (Βούλγαρη - Ντεπώ - Μαρτίου) Διαμέρισμα 54 τ.μ. προς πώληση,sale,,93000.0,54.0,,,,Μαρτίου (Βούλγαρη - Ντεπώ - Μαρτίου),,,,2026-09-29,2026-09-29,,portal alert,2026-09-29T00:00:00Z
tospitimou.gr,REMAX Welcome,https://www.tospitimou.gr/akinito/20950125,Άνω Τούμπα (Τούμπα) Διαμέρισμα 65 τ.μ. προς πώληση,sale,,160000.0,65.0,,,,Άνω Τούμπα (Τούμπα),,,,2026-09-29,2026-09-29,,portal alert,2026-09-29T00:00:00Z
tospitimou.gr,NORTHLAND ESTATE,https://www.tospitimou.gr/akinito/20950166,Δελασάλ (Πεύκα) Διαμέρισμα 100 τ.μ. προς ενοικίαση,rent,,680.0,100.0,,,,Δελασάλ (Πεύκα),,,,2026-09-29,2026-09-29,,portal alert,2026-09-29T00:00:00Z
tospitimou.gr,Forumland Real Estate,https://www.tospitimou.gr/akinito/20950195,Άνω Τούμπα (Τούμπα) Μεζονέτα 135 τ.μ. προς πώληση,sale,,3000.0,135.0,,,,Άνω Τούμπα (Τούμπα),,,,2026-09-29,2026-09-29,,portal alert,2026-09-29T00:00:00Z
tospitimou.gr,ΕΠΕΝΔΥΤΙΚΗ ΑΙΓΑΙΟΥ,https://www.tospitimou.gr/akinito/20950225,Καμάρα - Ροτόντα (Κέντρο Θεσσαλονίκης) Διαμέρισμα 45 τ.μ. προς πώληση,sale,,142000.0,45.0,,,,Καμάρα - Ροτόντα (Κέντρο Θεσσαλονίκης),,,,2026-09-29,2026-09-29,,portal alert,2026-09-29T00:00:00Z
tospitimou.gr,ANTONIOU HOME,https://www.tospitimou.gr/akinito/20950227,Ξηροκρήνη (Ξηροκρήνη - Παναγία Φανερωμένη) Διαμέρισμα 74 τ.μ. προς πώληση,sale,,95000.0,74.0,,,,Ξηροκρήνη (Ξηροκρήνη - Παναγία Φανερωμένη),,,,2026-09-29,2026-09-29,,portal alert,2026-09-29T00:00:00Z
tospitimou.gr,ISTOS PROPERTIES - ISTOS ΑΚΙΝΗΤΑ,https://www.tospitimou.gr/akinito/20950248,Κέντρο Θεσσαλονίκης (Θεσσαλονίκη - Δήμος) Διαμέρισμα 48 τ.μ. προς ενοικίαση,rent,,550.0,48.0,,,,Κέντρο Θεσσαλονίκης (Θεσσαλονίκη - Δήμος),,,,2026-09-29,2026-09-29,,portal alert,2026-09-29T00:00:00Z
tospitimou.gr,AVENUE REAL ESTATE,https://www.tospitimou.gr/akinito/20950263,Άνω Τούμπα (Τούμπα) Διαμέρισμα 75 τ.μ. προς ενοικίαση,rent,,550.0,75.0,,,,Άνω Τούμπα (Τούμπα),,,,2026-09-29,2026-09-29,,portal alert,2026-09-29T00:00:00Z
tospitimou.gr,ΠΑΜΕ ΣΠΙΤΙ,https://www.tospitimou.gr/akinito/20950265,Ξηροκρήνη (Ξηροκρήνη - Παναγία Φανερωμένη) Studio/Γκαρσονιέρα 35 τ.μ. προς πώληση,sale,,95000.0,35.0,,,,Ξηροκρήνη (Ξηροκρήνη - Παναγία Φανερωμένη),,,,2026-09-29,2026-09-29,,portal alert,2026-09-29T00:00:00Z
tospitimou.gr,Monopoly Ηome,https://www.tospitimou.gr/akinito/20950276,Άνω Τούμπα (Τούμπα) Διαμέρισμα 78 τ.μ. προς ενοικίαση,rent,,550.0,78.0,,,,Άνω Τούμπα (Τούμπα),,,,2026-09-29,2026-09-29,,portal alert,2026-09-29T00:00:00Z
tospitimou.gr,Lampraki real estate,https://www.tospitimou.gr/akinito/20950290,Καμάρα - Ροτόντα (Κέντρο Θεσσαλονίκης) Διαμέρισμα 30 τ.μ. προς ενοικίαση,rent,,380.0,30.0,,,,Καμάρα - Ροτόντα (Κέντρο Θεσσαλονίκης),,,,2026-09-29,2026-09-29,,portal alert,2026-09-29T00:00:00Z
tospitimou.gr,ANTONIOU HOME,https://www.tospitimou.gr/akinito/20950320,Ξηροκρήνη (Ξηροκρήνη - Παναγία Φανερωμένη) Διαμέρισμα 74 τ.μ. προς ενοικίαση,rent,,550.0,74.0,,,,Ξηροκρήνη (Ξηροκρήνη - Παναγία Φανερωμένη),,,,2026-09-29,2026-09-29,,portal alert,2026-09-29T00:00:00Z
tospitimou.gr,Home4all Μεσιτικό Γραφείο,https://www.tospitimou.gr/akinito/20950324,Νέα Παραλία (Ανάληψη - Μπότσαρη - Νέα Παραλία) Studio/Γκαρσονιέρα 50 τ.μ. προς ενοικίαση,rent,,700.0,50.0,,,,Νέα Παραλία (Ανάληψη - Μπότσαρη - Νέα Παραλία),,,,2026-09-29,2026-09-29,,portal alert,2026-09-29T00:00:00Z
tospitimou.gr,Home4all Μεσιτικό Γραφείο,https://www.tospitimou.gr/akinito/20950328,Νέα Παραλία (Ανάληψη - Μπότσαρη - Νέα Παραλία) Studio/Γκαρσονιέρα 50 τ.μ. προς πώληση,sale,,190000.0,50.0,,,,Νέα Παραλία (Ανάληψη - Μπότσαρη - Νέα Παραλία),,,,2026-09-29,2026-09-29,,portal alert,2026-09-29T00:00:00Z
tospitimou.gr,Rewize,https://www.tospitimou.gr/akinito/20950330,Ανάληψη - Μπότσαρη (Ανάληψη - Μπότσαρη - Νέα Παραλία) Διαμέρισμα 85 τ.μ. προς ενοικίαση,rent,,930.0,85.0,,,,Ανάληψη - Μπότσαρη (Ανάληψη - Μπότσαρη - Νέα Παραλία),,,,2026-09-29,2026-09-29,,portal alert,2026-09-29T00:00:00Z
tospitimou.gr,ΑΡΧΗΚΤΗΜΑΤΙΚΗ,https://www.tospitimou.gr/akinito/20950334,Κέντρο (Χαριλάου) Studio/Γκαρσονιέρα 40 τ.μ. προς ενοικίαση,rent,,450.0,40.0,,,,Κέντρο (Χαριλάου),,,,2026-09-29,2026-09-29,,portal alert,2026-09-29T00:00:00Z
tospitimou.gr,ΚΤΗΜΑΤΟΜΕΣΙΤΙΚΗ ΛΙΟΥΡΤΑ,https://www.tospitimou.gr/akinito/20950336,Ρωμαϊκή Αγορά - Βενιζέλου - Ιστορικό Κέντρο (Κέντρο Θεσσαλονίκης) Διαμέρισμα 50 τ.μ. προς ενοικίαση,rent,,650.0,50.0,,,,Ρωμαϊκή Αγορά - Βενιζέλου - Ιστορικό Κέντρο (Κέντρο Θεσσαλονίκης),,,,2026-09-29,2026-09-29,,portal alert,2026-09-29T00:00:00Z
tospitimou.gr,abitazione,https://www.tospitimou.gr/akinito/20950337,Κέντρο Θεσσαλονίκης (Θεσσαλονίκη - Δήμος) Studio/Γκαρσονιέρα 24 τ.μ. προς ενοικίαση,rent,,280.0,24.0,,,,Κέντρο Θεσσαλονίκης (Θεσσαλονίκη - Δήμος),,,,2026-09-29,2026-09-29,,portal alert,2026-09-29T00:00:00Z
tospitimou.gr,ThessMesiti.gr,https://www.tospitimou.gr/akinito/20950343,Βαρδάρης - Λαχανόκηποι (Θεσσαλονίκη - Δήμος) Διαμέρισμα 30 τ.μ. προς ενοικίαση,rent,,450.0,30.0,,,,Βαρδάρης - Λαχανόκηποι (Θεσσαλονίκη - Δήμος),,,,2026-09-29,2026-09-29,,portal alert,2026-09-29T00:00:00Z
tospitimou.gr,Karoutas Properties,https://www.tospitimou.gr/akinito/20950347,Βυζάντιο (Καλαμαριά) Διαμέρισμα 68 τ.μ. προς ενοικίαση,rent,,620.0,68.0,,,,Βυζάντιο (Καλαμαριά),,,,2026-09-29,2026-09-29,,portal alert,2026-09-29T00:00:00Z
tospitimou.gr,ΚΤΗΜΑΤΟΜΕΣΙΤΙΚΗ ΛΙΟΥΡΤΑ,https://www.tospitimou.gr/akinito/20950400,Ανάληψη - Μπότσαρη (Ανάληψη - Μπότσαρη - Νέα Παραλία) Διαμέρισμα 47 τ.μ. προς πώληση,sale,,170000.0,47.0,,,,Ανάληψη - Μπότσαρη (Ανάληψη - Μπότσαρη - Νέα Παραλία),,,,2026-09-29,2026-09-29,,portal alert,2026-09-29T00:00:00Z
tospitimou.gr,Diamond Group,https://www.tospitimou.gr/akinito/20950402,Κάτω Τούμπα (Τούμπα) Διαμέρισμα 75 τ.μ. προς ενοικίαση,rent,,600.0,75.0,,,,Κάτω Τούμπα (Τούμπα),,,,2026-09-29,2026-09-29,,portal alert,2026-09-29T00:00:00Z
tospitimou.gr,Diamond Group,https://www.tospitimou.gr/akinito/20950406,Βυζάντιο (Καλαμαριά) Διαμέρισμα 68 τ.μ. προς ενοικίαση,rent,,620.0,68.0,,,,Βυζάντιο (Καλαμαριά),,,,2026-09-29,2026-09-29,,portal alert,2026-09-29T00:00:00Z
tospitimou.gr,Monopoly Ηome,https://www.tospitimou.gr/akinito/20950427,Τούμπα (Θεσσαλονίκη - Δήμος) Διαμέρισμα 68 τ.μ. προς ενοικίαση,rent,,620.0,68.0,,,,Τούμπα (Θεσσαλονίκη - Δήμος),,,,2026-09-29,2026-09-29,,portal alert,2026-09-29T00:00:00Z
tospitimou.gr,Diamond Group,https://www.tospitimou.gr/akinito/20950437,Ανάληψη - Μπότσαρη (Ανάληψη - Μπότσαρη - Νέα Παραλία) Διαμέρισμα 107 τ.μ. προς πώληση,sale,,250000.0,107.0,,,,Ανάληψη - Μπότσαρη (Ανάληψη - Μπότσαρη - Νέα Παραλία),,,,2026-09-29,2026-09-29,,portal alert,2026-09-29T00:00:00Z
tospitimou.gr,FINEHOME,https://www.tospitimou.gr/akinito/20950451,Τουρκικό Προξενείο (Κέντρο Θεσσαλονίκης) Studio/Γκαρσονιέρα 25 τ.μ. προς ενοικίαση,rent,,380.0,25.0,,,,Τουρκικό Προξενείο (Κέντρο Θεσσαλονίκης),,,,2026-09-29,2026-09-29,,portal alert,2026-09-29T00:00:00Z
tospitimou.gr,Diamond Group,https://www.tospitimou.gr/akinito/20950473,Ρωμαϊκή Αγορά - Βενιζέλου - Ιστορικό Κέντρο (Κέντρο Θεσσαλονίκης) Διαμέρισμα 88 τ.μ. προς ενοικίαση,rent,,1500.0,88.0,,,,Ρωμαϊκή Αγορά - Βενιζέλου - Ιστορικό Κέντρο (Κέντρο Θεσσαλονίκης),,,,2026-09-29,2026-09-29,,portal alert,2026-09-29T00:00:00Z
tospitimou.gr,ΛΑΜΠΡΟΠΟΥΛΟΣ ΣΤΑΜΑΤΗΣ,https://www.tospitimou.gr/akinito/20950476,Μαρτίου (Βούλγαρη - Ντεπώ - Μαρτίου) Διαμέρισμα 43 τ.μ. προς πώληση,sale,,69000.0,43.0,,,,Μαρτίου (Βούλγαρη - Ντεπώ - Μαρτίου),,,,2026-09-29,2026-09-29,,portal alert,2026-09-29T00:00:00Z
tospitimou.gr,Monopoly Ηome,https://www.tospitimou.gr/akinito/20950490,Διοικητήριο (Κέντρο Θεσσαλονίκης) Διαμέρισμα 100 τ.μ. προς ενοικίαση,rent,,900.0,100.0,,,,Διοικητήριο (Κέντρο Θεσσαλονίκης),,,,2026-09-29,2026-09-29,,portal alert,2026-09-29T00:00:00Z
tospitimou.gr,AA REAL ESTATE,https://www.tospitimou.gr/akinito/20950508,Βαρδάρης - Δικαστήρια (Βαρδάρης - Λαχανόκηποι) Διαμέρισμα 51 τ.μ. προς πώληση,sale,,168500.0,51.0,,,,Βαρδάρης - Δικαστήρια (Βαρδάρης - Λαχανόκηποι),,,,2026-09-29,2026-09-29,,portal alert,2026-09-29T00:00:00Z
tospitimou.gr,ΚΤΗΜΑΤΟΜΕΣΙΤΙΚΗ ΛΙΟΥΡΤΑ,https://www.tospitimou.gr/akinito/20950512,Αριστοτέλους - Ιστορικό Κέντρο (Κέντρο Θεσσαλονίκης) Studio/Γκαρσονιέρα 25 τ.μ. προς πώληση,sale,,220000.0,25.0,,,,Αριστοτέλους - Ιστορικό Κέντρο (Κέντρο Θεσσαλονίκης),,,,2026-09-29,2026-09-29,,portal alert,2026-09-29T00:00:00Z
tospitimou.gr,BLUESTONE REAL ESTATE,https://www.tospitimou.gr/akinito/20950518,Αγία Τριάδα (Φάληρο - Ιπποκράτειο) Διαμέρισμα 51 τ.μ. προς πώληση,sale,,205000.0,51.0,,,,Αγία Τριάδα (Φάληρο - Ιπποκράτειο),,,,2026-09-29,2026-09-29,,portal alert,2026-09-29T00:00:00Z
tospitimou.gr,ΒΟΥΡΤΗΣ REAL ESTATE,https://www.tospitimou.gr/akinito/20950540,Παναγία Φανερωμένη (Ξηροκρήνη - Παναγία Φανερωμένη) Διαμέρισμα 40 τ.μ. προς πώληση,sale,,65000.0,40.0,,,,Παναγία Φανερωμένη (Ξηροκρήνη - Παναγία Φανερωμένη),,,,2026-09-29,2026-09-29,,portal alert,2026-09-29T00:00:00Z
tospitimou.gr,ΛΑΜΠΡΟΠΟΥΛΟΣ ΣΤΑΜΑΤΗΣ,https://www.tospitimou.gr/akinito/20950550,Κάτω Τούμπα (Τούμπα) Διαμέρισμα 84 τ.μ. προς πώληση,sale,,167000.0,84.0,,,,Κάτω Τούμπα (Τούμπα),,,,2026-09-29,2026-09-29,,portal alert,2026-09-29T00:00:00Z
tospitimou.gr,Newhomes,https://www.tospitimou.gr/akinito/20950559,Ιπποκράτειο (Φάληρο - Ιπποκράτειο) Διαμέρισμα 60 τ.μ. προς ενοικίαση,rent,,430.0,60.0,,,,Ιπποκράτειο (Φάληρο - Ιπποκράτειο),,,,2026-09-29,2026-09-29,,portal alert,2026-09-29T00:00:00Z
tospitimou.gr,BLUESTONE REAL ESTATE,https://www.tospitimou.gr/akinito/20950604,Ανάληψη - Μπότσαρη (Ανάληψη - Μπότσαρη - Νέα Παραλία) Διαμέρισμα 50 τ.μ. προς πώληση,sale,,175000.0,50.0,,,,Ανάληψη - Μπότσαρη (Ανάληψη - Μπότσαρη - Νέα Παραλία),,,,2026-09-29,2026-09-29,,portal alert,2026-09-29T00:00:00Z
tospitimou.gr,Newhomes,https://www.tospitimou.gr/akinito/20950636,Κάτω Τούμπα (Τούμπα) Studio/Γκαρσονιέρα 48 τ.μ. προς ενοικίαση,rent,,400.0,48.0,,,,Κάτω Τούμπα (Τούμπα),,,,2026-09-29,2026-09-29,,portal alert,2026-09-29T00:00:00Z
tospitimou.gr,Newhomes,https://www.tospitimou.gr/akinito/20950684,Αγία Τριάδα (Φάληρο - Ιπποκράτειο) Διαμέρισμα 75 τ.μ. προς ενοικίαση,rent,,570.0,75.0,,,,Αγία Τριάδα (Φάληρο - Ιπποκράτειο),,,,2026-09-29,2026-09-29,,portal alert,2026-09-29T00:00:00Z
tospitimou.gr,ΛΑΓΚΑΔΑΣ REAL ESTATE,https://www.tospitimou.gr/akinito/20952726,Κέντρο (Λαγκαδάς) Διαμέρισμα 80 τ.μ. προς ενοικίαση,rent,,450.0,80.0,,,,Κέντρο (Λαγκαδάς),,,,2026-09-30,2026-09-30,,portal alert,2026-09-30T00:00:00Z
tospitimou.gr,ΑΝΥΗΟΜΕ,https://www.tospitimou.gr/akinito/20956425,Πετροκέρασα (Καλλίνδοια) Μονοκατοικία 73 τ.μ. προς πώληση,sale,,75000.0,73.0,,,,Πετροκέρασα (Καλλίνδοια),,,,2026-09-30,2026-09-30,,portal alert,2026-09-30T00:00:00Z
tospitimou.gr,Remax-Choice,https://www.tospitimou.gr/akinito/20957360,Νέα Βρασνά (Άγιος Γεώργιος) Μεζονέτα 89 τ.μ. προς πώληση,sale,,230000.0,89.0,,,,Νέα Βρασνά (Άγιος Γεώργιος),,,,2026-09-30,2026-09-30,,portal alert,2026-09-30T00:00:00Z
tospitimou.gr,MK real estate,https://www.tospitimou.gr/akinito/20958302,Σταυρός (Ρεντίνα) Μεζονέτα 52 τ.μ. προς πώληση,sale,,155000.0,52.0,,,,Σταυρός (Ρεντίνα),,,,2026-09-30,2026-09-30,,portal alert,2026-09-30T00:00:00Z
tospitimou.gr,MARIA REAL ESTATE,https://www.tospitimou.gr/akinito/20958920,Ασπροβάλτα (Άγιος Γεώργιος) Μονοκατοικία 127 τ.μ. προς πώληση,sale,,250000.0,127.0,,,,Ασπροβάλτα (Άγιος Γεώργιος),,,,2026-09-30,2026-09-30,,portal alert,2026-09-30T00:00:00Z
tospitimou.gr,ΑΝΥΗΟΜΕ,https://www.tospitimou.gr/akinito/20960082,Καλαμαριά (Θεσσαλονίκη - Περιφ/κοί δήμοι) Διαμέρισμα 68 τ.μ. προς ενοικίαση,rent,,620.0,68.0,,,,Καλαμαριά (Θεσσαλονίκη - Περιφ/κοί δήμοι),,,,2026-09-30,2026-09-30,,portal alert,2026-09-30T00:00:00Z
tospitimou.gr,ΑΝΥΗΟΜΕ,https://www.tospitimou.gr/akinito/20960103,Κέντρο (Χορτιάτης) Studio/Γκαρσονιέρα 45 τ.μ. προς ενοικίαση,rent,,350.0,45.0,,,,Κέντρο (Χορτιάτης),,,,2026-09-30,2026-09-30,,portal alert,2026-09-30T00:00:00Z
tospitimou.gr,ThessMesiti.gr,https://www.tospitimou.gr/akinito/20960190,Αμπελόκηποι (Θεσσαλονίκη - Περιφ/κοί δήμοι) Διαμέρισμα 70 τ.μ. προς ενοικίαση,rent,,480.0,70.0,,,,Αμπελόκηποι (Θεσσαλονίκη - Περιφ/κοί δήμοι),,,,2026-09-30,2026-09-30,,portal alert,2026-09-30T00:00:00Z
tospitimou.gr,Queen Real Estate,https://www.tospitimou.gr/akinito/20960215,Ασπροβάλτα (Άγιος Γεώργιος) Μεζονέτα 120 τ.μ. προς ενοικίαση,rent,,650.0,120.0,,,,Ασπροβάλτα (Άγιος Γεώργιος),,,,2026-09-30,2026-09-30,,portal alert,2026-09-30T00:00:00Z
tospitimou.gr,OLYMPUS real estate agency,https://www.tospitimou.gr/akinito/20960217,Άγιος Παύλος (Άγιος Παύλος) Studio/Γκαρσονιέρα 25 τ.μ. προς ενοικίαση,rent,,280.0,25.0,,,,Άγιος Παύλος (Άγιος Παύλος),,,,2026-09-30,2026-09-30,,portal alert,2026-09-30T00:00:00Z
tospitimou.gr,ΑΝΑΓΝΩΣΤΙΔΗΣ Τ. & Δ.,https://www.tospitimou.gr/akinito/20960538,Περαία (Θερμαϊκός) Διαμέρισμα 50 τ.μ. προς ενοικίαση,rent,,380.0,50.0,,,,Περαία (Θερμαϊκός),,,,2026-09-30,2026-09-30,,portal alert,2026-09-30T00:00:00Z
tospitimou.gr,ThessMesiti.gr,https://www.tospitimou.gr/akinito/20960576,Καλαμαριά (Θεσσαλονίκη - Περιφ/κοί δήμοι) Διαμέρισμα 62 τ.μ. προς ενοικίαση,rent,,700.0,62.0,,,,Καλαμαριά (Θεσσαλονίκη - Περιφ/κοί δήμοι),,,,2026-09-30,2026-09-30,,portal alert,2026-09-30T00:00:00Z
tospitimou.gr,Μεσιτικό Δήμου,https://www.tospitimou.gr/akinito/20960586,Αντιγονιδών (Κέντρο Θεσσαλονίκης) Διαμέρισμα 75 τ.μ. προς ενοικίαση,rent,,700.0,75.0,,,,Αντιγονιδών (Κέντρο Θεσσαλονίκης),,,,2026-09-30,2026-09-30,,portal alert,2026-09-30T00:00:00Z
tospitimou.gr,ΣΠΙΤΙ ΜΟΥ ΣΠΙΤΑΚΙ ΜΟΥ,https://www.tospitimou.gr/akinito/20960590,Διαβατά (Εχέδωρος) Διαμέρισμα 60 τ.μ. προς ενοικίαση,rent,,450.0,60.0,,,,Διαβατά (Εχέδωρος),,,,2026-09-30,2026-09-30,,portal alert,2026-09-30T00:00:00Z
tospitimou.gr,ΚΟΡΥΦΗ,https://www.tospitimou.gr/akinito/20960595,Ευαγγελίστρια (40 Εκκλησιές - Ευαγγελίστρια) Studio/Γκαρσονιέρα 32 τ.μ. προς ενοικίαση,rent,,300.0,32.0,,,,Ευαγγελίστρια (40 Εκκλησιές - Ευαγγελίστρια),,,,2026-09-30,2026-09-30,,portal alert,2026-09-30T00:00:00Z
tospitimou.gr,ΛΑΜΠΡΟΠΟΥΛΟΣ ΣΤΑΜΑΤΗΣ,https://www.tospitimou.gr/akinito/20960596,Διοικητήριο (Κέντρο Θεσσαλονίκης) Studio/Γκαρσονιέρα 59 τ.μ. προς ενοικίαση,rent,,750.0,59.0,,,,Διοικητήριο (Κέντρο Θεσσαλονίκης),,,,2026-09-30,2026-09-30,,portal alert,2026-09-30T00:00:00Z
tospitimou.gr,City House,https://www.tospitimou.gr/akinito/20960612,40 Εκκλησιές (40 Εκκλησιές - Ευαγγελίστρια) Studio/Γκαρσονιέρα 35 τ.μ. προς ενοικίαση,rent,,500.0,35.0,,,,40 Εκκλησιές (40 Εκκλησιές - Ευαγγελίστρια),,,,2026-09-30,2026-09-30,,portal alert,2026-09-30T00:00:00Z
tospitimou.gr,ikia realestate,https://www.tospitimou.gr/akinito/20960627,Μαλακοπή (Τούμπα) Διαμέρισμα 95 τ.μ. προς ενοικίαση,rent,,750.0,95.0,,,,Μαλακοπή (Τούμπα),,,,2026-09-30,2026-09-30,,portal alert,2026-09-30T00:00:00Z
tospitimou.gr,Forumland Real Estate,https://www.tospitimou.gr/akinito/20960645,Άγιος Παντελεήμων (Καλαμαριά) Studio/Γκαρσονιέρα 74 τ.μ. προς ενοικίαση,rent,,700.0,74.0,,,,Άγιος Παντελεήμων (Καλαμαριά),,,,2026-09-30,2026-09-30,,portal alert,2026-09-30T00:00:00Z
tospitimou.gr,SUN PROPERTIES,https://www.tospitimou.gr/akinito/20960681,Σφαγεία (Σφαγεία - Ιχθυόσκαλα) Διαμέρισμα 130 τ.μ. προς ενοικίαση,rent,,800.0,130.0,,,,Σφαγεία (Σφαγεία - Ιχθυόσκαλα),,,,2026-09-30,2026-09-30,,portal alert,2026-09-30T00:00:00Z
tospitimou.gr,BLUESTONE REAL ESTATE,https://www.tospitimou.gr/akinito/20960695,Αγία Τριάδα (Φάληρο - Ιπποκράτειο) Studio/Γκαρσονιέρα 37 τ.μ. προς πώληση,sale,,138000.0,37.0,,,,Αγία Τριάδα (Φάληρο - Ιπποκράτειο),,,,2026-09-30,2026-09-30,,portal alert,2026-09-30T00:00:00Z
tospitimou.gr,OIKIES REAL ESTATE,https://www.tospitimou.gr/akinito/20960704,Παπάφη - Άγιος Φανούριος (Τούμπα) Διαμέρισμα 67 τ.μ. προς πώληση,sale,,110000.0,67.0,,,,Παπάφη - Άγιος Φανούριος (Τούμπα),,,,2026-09-30,2026-09-30,,portal alert,2026-09-30T00:00:00Z
tospitimou.gr,CITYBUILD,https://www.tospitimou.gr/akinito/20960715,Παναγία Φανερωμένη (Ξηροκρήνη - Παναγία Φανερωμένη) Διαμέρισμα 45 τ.μ. προς ενοικίαση,rent,,400.0,45.0,,,,Παναγία Φανερωμένη (Ξηροκρήνη - Παναγία Φανερωμένη),,,,2026-09-30,2026-09-30,,portal alert,2026-09-30T00:00:00Z
tospitimou.gr,KW NORTH,https://www.tospitimou.gr/akinito/20960733,Ιπποκράτειο (Φάληρο - Ιπποκράτειο) Studio/Γκαρσονιέρα 44 τ.μ. προς πώληση,sale,,82000.0,44.0,,,,Ιπποκράτειο (Φάληρο - Ιπποκράτειο),,,,2026-09-30,2026-09-30,,portal alert,2026-09-30T00:00:00Z
tospitimou.gr,NewDeal Group,https://www.tospitimou.gr/akinito/20960769,Βαρδάρης - Δικαστήρια (Βαρδάρης - Λαχανόκηποι) Διαμέρισμα 56 τ.μ. προς πώληση,sale,,85000.0,56.0,,,,Βαρδάρης - Δικαστήρια (Βαρδάρης - Λαχανόκηποι),,,,2026-09-30,2026-09-30,,portal alert,2026-09-30T00:00:00Z
tospitimou.gr,Rewize,https://www.tospitimou.gr/akinito/20960773,Ζωοδόχου Πηγής (Αμπελόκηποι) Studio/Γκαρσονιέρα 27 τ.μ. προς ενοικίαση,rent,,330.0,27.0,,,,Ζωοδόχου Πηγής (Αμπελόκηποι),,,,2026-09-30,2026-09-30,,portal alert,2026-09-30T00:00:00Z
tospitimou.gr,ThessMesiti.gr,https://www.tospitimou.gr/akinito/20960790,Κέντρο Θεσσαλονίκης (Θεσσαλονίκη - Δήμος) Διαμέρισμα 95 τ.μ. προς πώληση,sale,,375000.0,95.0,,,,Κέντρο Θεσσαλονίκης (Θεσσαλονίκη - Δήμος),,,,2026-09-30,2026-09-30,,portal alert,2026-09-30T00:00:00Z
tospitimou.gr,Tospitimou,https://www.tospitimou.gr/akinito/20960805,Διοικητήριο (Κέντρο Θεσσαλονίκης) Studio/Γκαρσονιέρα 45 τ.μ. προς ενοικίαση,rent,,135000.0,45.0,,,,Διοικητήριο (Κέντρο Θεσσαλονίκης),,,,2026-09-30,2026-09-30,,portal alert,2026-09-30T00:00:00Z
tospitimou.gr,AA REAL ESTATE,https://www.tospitimou.gr/akinito/20960884,Αντιγονιδών (Κέντρο Θεσσαλονίκης) Διαμέρισμα 48 τ.μ. προς πώληση,sale,,160000.0,48.0,,,,Αντιγονιδών (Κέντρο Θεσσαλονίκης),,,,2026-09-30,2026-09-30,,portal alert,2026-09-30T00:00:00Z
tospitimou.gr,ThessMesiti.gr,https://www.tospitimou.gr/akinito/20960898,Βούλγαρη - Ντεπώ - Μαρτίου (Θεσσαλονίκη - Δήμος) Διαμέρισμα 45 τ.μ. προς πώληση,sale,,125000.0,45.0,,,,Βούλγαρη - Ντεπώ - Μαρτίου (Θεσσαλονίκη - Δήμος),,,,2026-09-30,2026-09-30,,portal alert,2026-09-30T00:00:00Z
tospitimou.gr,ThessMesiti.gr,https://www.tospitimou.gr/akinito/20960910,Ξηροκρήνη - Παναγία Φανερωμένη (Θεσσαλονίκη - Δήμος) Διαμέρισμα 90 τ.μ. προς πώληση,sale,,83000.0,90.0,,,,Ξηροκρήνη - Παναγία Φανερωμένη (Θεσσαλονίκη - Δήμος),,,,2026-09-30,2026-09-30,,portal alert,2026-09-30T00:00:00Z
tospitimou.gr,BLUESTONE REAL ESTATE,https://www.tospitimou.gr/akinito/20960928,Αγία Τριάδα (Φάληρο - Ιπποκράτειο) Διαμέρισμα 52 τ.μ. προς πώληση,sale,,165000.0,52.0,,,,Αγία Τριάδα (Φάληρο - Ιπποκράτειο),,,,2026-09-30,2026-09-30,,portal alert,2026-09-30T00:00:00Z
tospitimou.gr,Tospitimou,https://www.tospitimou.gr/akinito/20960930,Διοικητήριο (Κέντρο Θεσσαλονίκης) Studio/Γκαρσονιέρα 28 τ.μ. προς πώληση,sale,,95000.0,28.0,,,,Διοικητήριο (Κέντρο Θεσσαλονίκης),,,,2026-09-30,2026-09-30,,portal alert,2026-09-30T00:00:00Z
tospitimou.gr,REGALIA PROPERTIES,https://www.tospitimou.gr/akinito/20960934,Βυζάντιο (Καλαμαριά) Διαμέρισμα 132 τ.μ. προς ενοικίαση,rent,,950.0,132.0,,,,Βυζάντιο (Καλαμαριά),,,,2026-09-30,2026-09-30,,portal alert,2026-09-30T00:00:00Z
tospitimou.gr,ThessMesiti.gr,https://www.tospitimou.gr/akinito/20960954,Κέντρο Θεσσαλονίκης (Θεσσαλονίκη - Δήμος) Διαμέρισμα 58 τ.μ. προς ενοικίαση,rent,,550.0,58.0,,,,Κέντρο Θεσσαλονίκης (Θεσσαλονίκη - Δήμος),,,,2026-09-30,2026-09-30,,portal alert,2026-09-30T00:00:00Z
tospitimou.gr,ΕΙΔΙΚΟΣ ΚΤΗΜΑΤΟΜΕΣΙΤΗΣ,https://www.tospitimou.gr/akinito/20961034,Μαλακοπή (Τούμπα) Studio/Γκαρσονιέρα 42 τ.μ. προς ενοικίαση,rent,,500.0,42.0,,,,Μαλακοπή (Τούμπα),,,,2026-09-30,2026-09-30,,portal alert,2026-09-30T00:00:00Z
tospitimou.gr,ΛΑΜΠΡΟΠΟΥΛΟΣ ΣΤΑΜΑΤΗΣ,https://www.tospitimou.gr/akinito/20961038,Αντιγονιδών (Κέντρο Θεσσαλονίκης) Διαμέρισμα 85 τ.μ. προς ενοικίαση,rent,,620.0,85.0,,,,Αντιγονιδών (Κέντρο Θεσσαλονίκης),,,,2026-09-30,2026-09-30,,portal alert,2026-09-30T00:00:00Z
tospitimou.gr,ThessMesiti.gr,https://www.tospitimou.gr/akinito/20961043,Εύοσμος (Θεσσαλονίκη - Περιφ/κοί δήμοι) Διαμέρισμα 44 τ.μ. προς ενοικίαση,rent,,470.0,44.0,,,,Εύοσμος (Θεσσαλονίκη - Περιφ/κοί δήμοι),,,,2026-09-30,2026-09-30,,portal alert,2026-09-30T00:00:00Z
tospitimou.gr,DERXIS Σύμβουλοι Μηχανικοί - Εκτιμητές Ακινήτων,https://www.tospitimou.gr/akinito/20961067,Γαλήνη (Ωραιόκαστρο) Διαμέρισμα 120 τ.μ. προς ενοικίαση,rent,,700.0,120.0,,,,Γαλήνη (Ωραιόκαστρο),,,,2026-09-30,2026-09-30,,portal alert,2026-09-30T00:00:00Z
tospitimou.gr,ThessMesiti.gr,https://www.tospitimou.gr/akinito/20961069,Επανομή (Θεσσαλονίκη - Περιφ/κοί δήμοι) Διαμέρισμα 84 τ.μ. προς ενοικίαση,rent,,550.0,84.0,,,,Επανομή (Θεσσαλονίκη - Περιφ/κοί δήμοι),,,,2026-09-30,2026-09-30,,portal alert,2026-09-30T00:00:00Z
tospitimou.gr,BLUESTONE REAL ESTATE,https://www.tospitimou.gr/akinito/20961071,Ιπποκράτειο (Φάληρο - Ιπποκράτειο) Διαμέρισμα 66 τ.μ. προς πώληση,sale,,183000.0,66.0,,,,Ιπποκράτειο (Φάληρο - Ιπποκράτειο),,,,2026-09-30,2026-09-30,,portal alert,2026-09-30T00:00:00Z
tospitimou.gr,ThessMesiti.gr,https://www.tospitimou.gr/akinito/20961095,Πυλαία (Θεσσαλονίκη - Περιφ/κοί δήμοι) Μονοκατοικία 87 τ.μ. προς ενοικίαση,rent,,850.0,87.0,,,,Πυλαία (Θεσσαλονίκη - Περιφ/κοί δήμοι),,,,2026-09-30,2026-09-30,,portal alert,2026-09-30T00:00:00Z
tospitimou.gr,ThessMesiti.gr,https://www.tospitimou.gr/akinito/20961107,Πυλαία (Θεσσαλονίκη - Περιφ/κοί δήμοι) Διαμέρισμα 90 τ.μ. προς ενοικίαση,rent,,850.0,90.0,,,,Πυλαία (Θεσσαλονίκη - Περιφ/κοί δήμοι),,,,2026-09-30,2026-09-30,,portal alert,2026-09-30T00:00:00Z
tospitimou.gr,KAS ESTATE,https://www.tospitimou.gr/akinito/20961137,Δόξα (Τριανδρία - Δόξα - Κρυονέρι) Studio/Γκαρσονιέρα 50 τ.μ. προς πώληση,sale,,130000.0,50.0,,,,Δόξα (Τριανδρία - Δόξα - Κρυονέρι),,,,2026-09-30,2026-09-30,,portal alert,2026-09-30T00:00:00Z
tospitimou.gr,Home Managers,https://www.tospitimou.gr/akinito/20961169,Ανάληψη - Μπότσαρη (Ανάληψη - Μπότσαρη - Νέα Παραλία) Διαμέρισμα 62 τ.μ. προς ενοικίαση,rent,,500.0,62.0,,,,Ανάληψη - Μπότσαρη (Ανάληψη - Μπότσαρη - Νέα Παραλία),,,,2026-09-30,2026-09-30,,portal alert,2026-09-30T00:00:00Z
tospitimou.gr,Home Managers,https://www.tospitimou.gr/akinito/20961190,Αγία Τριάδα (Φάληρο - Ιπποκράτειο) Διαμέρισμα 75 τ.μ. προς ενοικίαση,rent,,570.0,75.0,,,,Αγία Τριάδα (Φάληρο - Ιπποκράτειο),,,,2026-09-30,2026-09-30,,portal alert,2026-09-30T00:00:00Z
tospitimou.gr,mega real estate,https://www.tospitimou.gr/akinito/20961194,Κατιρλί (Καλαμαριά) Διαμέρισμα 124 τ.μ. προς ενοικίαση,rent,,1500.0,124.0,,,,Κατιρλί (Καλαμαριά),,,,2026-09-30,2026-09-30,,portal alert,2026-09-30T00:00:00Z
tospitimou.gr,SKOREAL,https://www.tospitimou.gr/akinito/20961215,Ανάληψη - Μπότσαρη (Ανάληψη - Μπότσαρη - Νέα Παραλία) Studio/Γκαρσονιέρα 45 τ.μ. προς πώληση,sale,,135000.0,45.0,,,,Ανάληψη - Μπότσαρη (Ανάληψη - Μπότσαρη - Νέα Παραλία),,,,2026-09-30,2026-09-30,,portal alert,2026-09-30T00:00:00Z
tospitimou.gr,InFox Real Estate,https://www.tospitimou.gr/akinito/20961220,Κουλέ Καφέ (Άνω Πόλη) Studio/Γκαρσονιέρα 40 τ.μ. προς ενοικίαση,rent,,550.0,40.0,,,,Κουλέ Καφέ (Άνω Πόλη),,,,2026-09-30,2026-09-30,,portal alert,2026-09-30T00:00:00Z
tospitimou.gr,Home Managers,https://www.tospitimou.gr/akinito/20961224,Αγία Τριάδα (Φάληρο - Ιπποκράτειο) Διαμέρισμα 50 τ.μ. προς ενοικίαση,rent,,600.0,50.0,,,,Αγία Τριάδα (Φάληρο - Ιπποκράτειο),,,,2026-09-30,2026-09-30,,portal alert,2026-09-30T00:00:00Z
tospitimou.gr,Lampraki real estate,https://www.tospitimou.gr/akinito/20961233,Κάτω Τούμπα (Τούμπα) Διαμέρισμα 80 τ.μ. προς ενοικίαση,rent,,730.0,80.0,,,,Κάτω Τούμπα (Τούμπα),,,,2026-09-30,2026-09-30,,portal alert,2026-09-30T00:00:00Z
tospitimou.gr,REMAX Welcome,https://www.tospitimou.gr/akinito/20961234,Χαριλάου (Θεσσαλονίκη - Δήμος) Διαμέρισμα 74 τ.μ. προς ενοικίαση,rent,,800.0,74.0,,,,Χαριλάου (Θεσσαλονίκη - Δήμος),,,,2026-09-30,2026-09-30,,portal alert,2026-09-30T00:00:00Z
tospitimou.gr,REGALIA PROPERTIES,https://www.tospitimou.gr/akinito/20961237,Ανάληψη - Μπότσαρη - Νέα Παραλία (Θεσσαλονίκη - Δήμος) Διαμέρισμα 65 τ.μ. προς πώληση,sale,,180000.0,65.0,,,,Ανάληψη - Μπότσαρη - Νέα Παραλία (Θεσσαλονίκη - Δήμος),,,,2026-09-30,2026-09-30,,portal alert,2026-09-30T00:00:00Z
tospitimou.gr,HouseCenter Κουκουλής Αθανάσιος,https://www.tospitimou.gr/akinito/20961240,Εθνικής Αντίστασης (Συκιές) Διαμέρισμα 125 τ.μ. προς ενοικίαση,rent,,900.0,125.0,,,,Εθνικής Αντίστασης (Συκιές),,,,2026-09-30,2026-09-30,,portal alert,2026-09-30T00:00:00Z
tospitimou.gr,ΜΑΡΙΑ ΘΕΟΔΩΡΙΔΟΥ,https://www.tospitimou.gr/akinito/20961246,Νεόκτιστα (Σταυρούπολη) Διαμέρισμα 70 τ.μ. προς ενοικίαση,rent,,300.0,70.0,,,,Νεόκτιστα (Σταυρούπολη),,,,2026-09-30,2026-09-30,,portal alert,2026-09-30T00:00:00Z
tospitimou.gr,InFox Real Estate,https://www.tospitimou.gr/akinito/20961249,Κουλέ Καφέ (Άνω Πόλη) Studio/Γκαρσονιέρα 35 τ.μ. προς ενοικίαση,rent,,550.0,35.0,,,,Κουλέ Καφέ (Άνω Πόλη),,,,2026-09-30,2026-09-30,,portal alert,2026-09-30T00:00:00Z
tospitimou.gr,ΜΑΡΙΑ ΘΕΟΔΩΡΙΔΟΥ,https://www.tospitimou.gr/akinito/20961250,Κάτω Αναγέννηση (Νεάπολη) Διαμέρισμα 90 τ.μ. προς ενοικίαση,rent,,600.0,90.0,,,,Κάτω Αναγέννηση (Νεάπολη),,,,2026-09-30,2026-09-30,,portal alert,2026-09-30T00:00:00Z
tospitimou.gr,REGALIA PROPERTIES,https://www.tospitimou.gr/akinito/20961253,Ανάληψη - Μπότσαρη (Ανάληψη - Μπότσαρη - Νέα Παραλία) Διαμέρισμα 65 τ.μ. προς πώληση,sale,,180000.0,65.0,,,,Ανάληψη - Μπότσαρη (Ανάληψη - Μπότσαρη - Νέα Παραλία),,,,2026-09-30,2026-09-30,,portal alert,2026-09-30T00:00:00Z
tospitimou.gr,ΜΑΡΙΑ ΘΕΟΔΩΡΙΔΟΥ,https://www.tospitimou.gr/akinito/20961258,Κάτω Τούμπα (Τούμπα) Διαμέρισμα 120 τ.μ. προς πώληση,sale,,300000.0,120.0,,,,Κάτω Τούμπα (Τούμπα),,,,2026-09-30,2026-09-30,,portal alert,2026-09-30T00:00:00Z
tospitimou.gr,MK real estate,https://www.tospitimou.gr/akinito/20961263,Σταυρός (Ρεντίνα) Διαμέρισμα 56 τ.μ. προς πώληση,sale,,150000.0,56.0,,,,Σταυρός (Ρεντίνα),,,,2026-09-30,2026-09-30,,portal alert,2026-09-30T00:00:00Z
tospitimou.gr,MK real estate,https://www.tospitimou.gr/akinito/20961265,Σταυρός (Ρεντίνα) Μεζονέτα 56 τ.μ. προς πώληση,sale,,160000.0,56.0,,,,Σταυρός (Ρεντίνα),,,,2026-09-30,2026-09-30,,portal alert,2026-09-30T00:00:00Z
tospitimou.gr,BLUESTONE REAL ESTATE,https://www.tospitimou.gr/akinito/20961297,Τριανδρία (Τριανδρία - Δόξα - Κρυονέρι) Studio/Γκαρσονιέρα 42 τ.μ. προς πώληση,sale,,158000.0,42.0,,,,Τριανδρία (Τριανδρία - Δόξα - Κρυονέρι),,,,2026-09-30,2026-09-30,,portal alert,2026-09-30T00:00:00Z
tospitimou.gr,SKOREAL,https://www.tospitimou.gr/akinito/20961298,Διοικητήριο (Κέντρο Θεσσαλονίκης) Studio/Γκαρσονιέρα 47 τ.μ. προς πώληση,sale,,145000.0,47.0,,,,Διοικητήριο (Κέντρο Θεσσαλονίκης),,,,2026-09-30,2026-09-30,,portal alert,2026-09-30T00:00:00Z
tospitimou.gr,Οικία Θεςσαλονίκη,https://www.tospitimou.gr/akinito/20961301,Ιπποκράτειο (Φάληρο - Ιπποκράτειο) Studio/Γκαρσονιέρα 32 τ.μ. προς ενοικίαση,rent,,450.0,32.0,,,,Ιπποκράτειο (Φάληρο - Ιπποκράτειο),,,,2026-09-30,2026-09-30,,portal alert,2026-09-30T00:00:00Z
tospitimou.gr,ΑΝΥΗΟΜΕ,https://www.tospitimou.gr/akinito/20961319,Κέντρο (Καλαμαριά) Διαμέρισμα 67 τ.μ. προς ενοικίαση,rent,,800.0,67.0,,,,Κέντρο (Καλαμαριά),,,,2026-09-30,2026-09-30,,portal alert,2026-09-30T00:00:00Z
tospitimou.gr,SKOREAL,https://www.tospitimou.gr/akinito/20961325,Διοικητήριο (Κέντρο Θεσσαλονίκης) Studio/Γκαρσονιέρα 37 τ.μ. προς πώληση,sale,,115000.0,37.0,,,,Διοικητήριο (Κέντρο Θεσσαλονίκης),,,,2026-09-30,2026-09-30,,portal alert,2026-09-30T00:00:00Z
tospitimou.gr,ΜΕ ΤΟ ΔΕΞΙ,https://www.tospitimou.gr/akinito/20961390,Ρωμαϊκή Αγορά - Βενιζέλου - Ιστορικό Κέντρο (Κέντρο Θεσσαλονίκης) Διαμέρισμα 55 τ.μ. προς ενοικίαση,rent,,570.0,55.0,,,,Ρωμαϊκή Αγορά - Βενιζέλου - Ιστορικό Κέντρο (Κέντρο Θεσσαλονίκης),,,,2026-09-30,2026-09-30,,portal alert,2026-09-30T00:00:00Z
tospitimou.gr,K PROSPER,https://www.tospitimou.gr/akinito/20961395,Μαλακοπή (Τούμπα) Διαμέρισμα 97 τ.μ. προς πώληση,sale,,249000.0,97.0,,,,Μαλακοπή (Τούμπα),,,,2026-09-30,2026-09-30,,portal alert,2026-09-30T00:00:00Z
tospitimou.gr,ASPIS Real Estate Θεσσαλονίκη Κέντρο - Δυτική,https://www.tospitimou.gr/akinito/20965338,Ασπροβάλτα (Άγιος Γεώργιος) Διαμέρισμα 80 τ.μ. προς πώληση,sale,,98000.0,80.0,,,,Ασπροβάλτα (Άγιος Γεώργιος),,,,2026-10-01,2026-10-01,,portal alert,2026-10-01T00:00:00Z
tospitimou.gr,ΚΟΡΥΦΗ,https://www.tospitimou.gr/akinito/20965981,Κέντρο (Λαγκαδάς) Studio/Γκαρσονιέρα 50 τ.μ. προς ενοικίαση,rent,,280.0,50.0,,,,Κέντρο (Λαγκαδάς),,,,,2026-10-02,,portal alert,2026-10-02T00:00:00Z
tospitimou.gr,AVENUE REAL ESTATE,https://www.tospitimou.gr/akinito/20966895,Λαγκαδάς (Θεσσαλονίκη - Υπόλ. Νομού) Διαμέρισμα 82 τ.μ. προς πώληση,sale,,120000.0,82.0,,,,Λαγκαδάς (Θεσσαλονίκη - Υπόλ. Νομού),,,,2026-10-01,2026-10-01,,portal alert,2026-10-01T00:00:00Z
tospitimou.gr,MARIA REAL ESTATE,https://www.tospitimou.gr/akinito/20968460,Ασπροβάλτα (Άγιος Γεώργιος) Διαμέρισμα 35 τ.μ. προς πώληση,sale,,95000.0,35.0,,,,Ασπροβάλτα (Άγιος Γεώργιος),,,,2026-10-01,2026-10-01,,portal alert,2026-10-01T00:00:00Z
tospitimou.gr,ΑΝΥΗΟΜΕ,https://www.tospitimou.gr/akinito/20968506,Πεύκα (Θεσσαλονίκη - Περιφ/κοί δήμοι) Studio/Γκαρσονιέρα 70 τ.μ. προς ενοικίαση,rent,,450.0,70.0,,,,Πεύκα (Θεσσαλονίκη - Περιφ/κοί δήμοι),,,,2026-10-01,2026-10-01,,portal alert,2026-10-01T00:00:00Z
tospitimou.gr,MARIA REAL ESTATE,https://www.tospitimou.gr/akinito/20968519,Ασπροβάλτα (Άγιος Γεώργιος) Μεζονέτα 65 τ.μ. προς πώληση,sale,,135000.0,65.0,,,,Ασπροβάλτα (Άγιος Γεώργιος),,,,2026-10-01,2026-10-01,,portal alert,2026-10-01T00:00:00Z
tospitimou.gr,ThessMesiti.gr,https://www.tospitimou.gr/akinito/20968536,Καλαμαριά (Θεσσαλονίκη - Περιφ/κοί δήμοι) Διαμέρισμα 95 τ.μ. προς ενοικίαση,rent,,800.0,95.0,,,,Καλαμαριά (Θεσσαλονίκη - Περιφ/κοί δήμοι),,,,2026-10-01,2026-10-01,,portal alert,2026-10-01T00:00:00Z
tospitimou.gr,MARIA REAL ESTATE,https://www.tospitimou.gr/akinito/20968568,Ασπροβάλτα (Άγιος Γεώργιος) Μεζονέτα 70 τ.μ. προς πώληση,sale,,140000.0,70.0,,,,Ασπροβάλτα (Άγιος Γεώργιος),,,,2026-10-01,2026-10-01,,portal alert,2026-10-01T00:00:00Z
tospitimou.gr,REMAX Today,https://www.tospitimou.gr/akinito/20968621,Οικισμός Μακεδονία (Πανόραμα) Μεζονέτα 220 τ.μ. προς ενοικίαση,rent,,1200.0,220.0,,,,Οικισμός Μακεδονία (Πανόραμα),,,,2026-10-01,2026-10-01,,portal alert,2026-10-01T00:00:00Z
tospitimou.gr,Lampraki real estate,https://www.tospitimou.gr/akinito/20968824,Κωνσταντινουπολίτικα (Πυλαία) Διαμέρισμα 37 τ.μ. προς ενοικίαση,rent,,370.0,37.0,,,,Κωνσταντινουπολίτικα (Πυλαία),,,,2026-10-01,2026-10-01,,portal alert,2026-10-01T00:00:00Z
tospitimou.gr,Pervizos real estate,https://www.tospitimou.gr/akinito/20968847,Πλαγιάρι (Μίκρα) Διαμέρισμα 110 τ.μ. προς ενοικίαση,rent,,600.0,110.0,,,,Πλαγιάρι (Μίκρα),,,,2026-10-01,2026-10-01,,portal alert,2026-10-01T00:00:00Z
tospitimou.gr,ΜΑΚΕΔΟΝΙΚΑ ΑΚΙΝΗΤΑ,https://www.tospitimou.gr/akinito/20969054,Κάτω Ηλιούπολη (Εύοσμος) Μεζονέτα 122 τ.μ. προς ενοικίαση,rent,,1000.0,122.0,,,,Κάτω Ηλιούπολη (Εύοσμος),,,,2026-10-01,2026-10-01,,portal alert,2026-10-01T00:00:00Z
tospitimou.gr,Next House,https://www.tospitimou.gr/akinito/20969651,Κηφισιά (Καλαμαριά) Διαμέρισμα 59 τ.μ. προς ενοικίαση,rent,,799.0,59.0,,,,Κηφισιά (Καλαμαριά),,,,2026-10-01,2026-10-01,,portal alert,2026-10-01T00:00:00Z
tospitimou.gr,ELITE PROPERTIES,https://www.tospitimou.gr/akinito/20969708,Κάτω Τούμπα (Τούμπα) Διαμέρισμα 80 τ.μ. προς ενοικίαση,rent,,600.0,80.0,,,,Κάτω Τούμπα (Τούμπα),,,,2026-10-01,2026-10-01,,portal alert,2026-10-01T00:00:00Z
tospitimou.gr,BOX REAL ESTATE,https://www.tospitimou.gr/akinito/20969710,Καλαμαριά (Θεσσαλονίκη - Περιφ/κοί δήμοι) Διαμέρισμα 68 τ.μ. προς ενοικίαση,rent,,620.0,68.0,,,,Καλαμαριά (Θεσσαλονίκη - Περιφ/κοί δήμοι),,,,2026-10-01,2026-10-01,,portal alert,2026-10-01T00:00:00Z
tospitimou.gr,ThessMesiti.gr,https://www.tospitimou.gr/akinito/20969722,Ανάληψη - Μπότσαρη - Νέα Παραλία (Θεσσαλονίκη - Δήμος) Διαμέρισμα 90 τ.μ. προς ενοικίαση,rent,,630.0,90.0,,,,Ανάληψη - Μπότσαρη - Νέα Παραλία (Θεσσαλονίκη - Δήμος),,,,2026-10-01,2026-10-01,,portal alert,2026-10-01T00:00:00Z
tospitimou.gr,ΜΕΣΙΤΙΚΟ ΓΡΑΦΕΙΟ ΝΕΟΣ ΚΟΣΜΟΣ,https://www.tospitimou.gr/akinito/20969729,Νέα Πολιτεία (Εύοσμος) Διαμέρισμα 60 τ.μ. προς ενοικίαση,rent,,550.0,60.0,,,,Νέα Πολιτεία (Εύοσμος),,,,2026-10-01,2026-10-01,,portal alert,2026-10-01T00:00:00Z
tospitimou.gr,Like Home,https://www.tospitimou.gr/akinito/20969745,40 Εκκλησιές (40 Εκκλησιές - Ευαγγελίστρια) Studio/Γκαρσονιέρα 45 τ.μ. προς ενοικίαση,rent,,280.0,45.0,,,,40 Εκκλησιές (40 Εκκλησιές - Ευαγγελίστρια),,,,2026-10-01,2026-10-01,,portal alert,2026-10-01T00:00:00Z
tospitimou.gr,Next House,https://www.tospitimou.gr/akinito/20969755,Κηφισιά (Καλαμαριά) Διαμέρισμα 82 τ.μ. προς ενοικίαση,rent,,999.0,82.0,,,,Κηφισιά (Καλαμαριά),,,,2026-10-01,2026-10-01,,portal alert,2026-10-01T00:00:00Z
tospitimou.gr,GEORGIADOU REAL ESTATE GROUP,https://www.tospitimou.gr/akinito/20969828,Βάρνα (Συκιές) Διαμέρισμα 85 τ.μ. προς ενοικίαση,rent,,550.0,85.0,,,,Βάρνα (Συκιές),,,,2026-10-01,2026-10-01,,portal alert,2026-10-01T00:00:00Z
tospitimou.gr,AENAOS REAL ESTATE + DEVELOPMENT,https://www.tospitimou.gr/akinito/20969864,Κέντρο (Καλαμαριά) Διαμέρισμα 130 τ.μ. προς ενοικίαση,rent,,1200.0,130.0,,,,Κέντρο (Καλαμαριά),,,,2026-10-01,2026-10-01,,portal alert,2026-10-01T00:00:00Z
tospitimou.gr,Κεντρικόν - Λάζαρος Λινδαρής,https://www.tospitimou.gr/akinito/20969886,40 Εκκλησιές (40 Εκκλησιές - Ευαγγελίστρια) Διαμέρισμα 60 τ.μ. προς ενοικίαση,rent,,400.0,60.0,,,,40 Εκκλησιές (40 Εκκλησιές - Ευαγγελίστρια),,,,2026-10-01,2026-10-01,,portal alert,2026-10-01T00:00:00Z
tospitimou.gr,Tospitimou,https://www.tospitimou.gr/akinito/20969911,Αριστοτέλους - Ιστορικό Κέντρο (Κέντρο Θεσσαλονίκης) Διαμέρισμα 120 τ.μ. προς ενοικίαση,rent,,850.0,120.0,,,,Αριστοτέλους - Ιστορικό Κέντρο (Κέντρο Θεσσαλονίκης),,,,2026-10-01,2026-10-01,,portal alert,2026-10-01T00:00:00Z
tospitimou.gr,UNLOCK,https://www.tospitimou.gr/akinito/20969942,Νέα Παραλία (Ανάληψη - Μπότσαρη - Νέα Παραλία) Διαμέρισμα 110 τ.μ. προς ενοικίαση,rent,,800.0,110.0,,,,Νέα Παραλία (Ανάληψη - Μπότσαρη - Νέα Παραλία),,,,2026-10-01,2026-10-01,,portal alert,2026-10-01T00:00:00Z
tospitimou.gr,ΟΙΚΕΙΝ,https://www.tospitimou.gr/akinito/20969949,Ανάληψη - Μπότσαρη (Ανάληψη - Μπότσαρη - Νέα Παραλία) Studio/Γκαρσονιέρα 48 τ.μ. προς ενοικίαση,rent,,400.0,48.0,,,,Ανάληψη - Μπότσαρη (Ανάληψη - Μπότσαρη - Νέα Παραλία),,,,2026-10-01,2026-10-01,,portal alert,2026-10-01T00:00:00Z
tospitimou.gr,BOX REAL ESTATE,https://www.tospitimou.gr/akinito/20969958,Παπάφη - Άγιος Φανούριος (Τούμπα) Διαμέρισμα 90 τ.μ. προς ενοικίαση,rent,,700.0,90.0,,,,Παπάφη - Άγιος Φανούριος (Τούμπα),,,,2026-10-01,2026-10-01,,portal alert,2026-10-01T00:00:00Z
tospitimou.gr,ThessMesiti.gr,https://www.tospitimou.gr/akinito/20969971,Φάληρο - Ιπποκράτειο (Θεσσαλονίκη - Δήμος) Διαμέρισμα 100 τ.μ. προς ενοικίαση,rent,,820.0,100.0,,,,Φάληρο - Ιπποκράτειο (Θεσσαλονίκη - Δήμος),,,,2026-10-01,2026-10-01,,portal alert,2026-10-01T00:00:00Z
tospitimou.gr,Jordans rooms ike,https://www.tospitimou.gr/akinito/20969990,Βαρδάρης - Δικαστήρια (Βαρδάρης - Λαχανόκηποι) Studio/Γκαρσονιέρα 28 τ.μ. προς ενοικίαση,rent,,450.0,28.0,,,,Βαρδάρης - Δικαστήρια (Βαρδάρης - Λαχανόκηποι),,,,2026-10-01,2026-10-01,,portal alert,2026-10-01T00:00:00Z
tospitimou.gr,ΜΕΣΙΤΙΚΟ ΓΡΑΦΕΙΟ ΝΕΟΣ ΚΟΣΜΟΣ,https://www.tospitimou.gr/akinito/20970034,Φίλυρο (Χορτιάτης) Μεζονέτα 138 τ.μ. προς ενοικίαση,rent,,650.0,138.0,,,,Φίλυρο (Χορτιάτης),,,,2026-10-01,2026-10-01,,portal alert,2026-10-01T00:00:00Z
tospitimou.gr,INTERHOME,https://www.tospitimou.gr/akinito/20970039,Κολοκοτρώνη (Συκιές) Studio/Γκαρσονιέρα 55 τ.μ. προς ενοικίαση,rent,,370.0,55.0,,,,Κολοκοτρώνη (Συκιές),,,,2026-10-01,2026-10-01,,portal alert,2026-10-01T00:00:00Z
tospitimou.gr,ΑΝΥΗΟΜΕ,https://www.tospitimou.gr/akinito/20970055,Ωραιόκαστρο (Θεσσαλονίκη - Περιφ/κοί δήμοι) Μεζονέτα 120 τ.μ. προς ενοικίαση,rent,,690.0,120.0,,,,Ωραιόκαστρο (Θεσσαλονίκη - Περιφ/κοί δήμοι),,,,2026-10-01,2026-10-01,,portal alert,2026-10-01T00:00:00Z
tospitimou.gr,De Home,https://www.tospitimou.gr/akinito/20970070,Γεντί Κουλέ - Επταπύργιο (Άνω Πόλη) Διαμέρισμα 45 τ.μ. προς ενοικίαση,rent,,450.0,45.0,,,,Γεντί Κουλέ - Επταπύργιο (Άνω Πόλη),,,,2026-10-01,2026-10-01,,portal alert,2026-10-01T00:00:00Z
tospitimou.gr,CITYBUILD,https://www.tospitimou.gr/akinito/20970118,Λαδάδικα (Κέντρο Θεσσαλονίκης) Studio/Γκαρσονιέρα 35 τ.μ. προς ενοικίαση,rent,,700.0,35.0,,,,Λαδάδικα (Κέντρο Θεσσαλονίκης),,,,2026-10-01,2026-10-01,,portal alert,2026-10-01T00:00:00Z
tospitimou.gr,ΚΟΙΝΟΣΠΙΤΟ,https://www.tospitimou.gr/akinito/20970129,Πλατεία Ναυαρίνου (Κέντρο Θεσσαλονίκης) Διαμέρισμα 40 τ.μ. προς ενοικίαση,rent,,400.0,40.0,,,,Πλατεία Ναυαρίνου (Κέντρο Θεσσαλονίκης),,,,2026-10-01,2026-10-01,,portal alert,2026-10-01T00:00:00Z
tospitimou.gr,SKOREAL,https://www.tospitimou.gr/akinito/20970141,Τριανδρία (Τριανδρία - Δόξα - Κρυονέρι) Studio/Γκαρσονιέρα 42 τ.μ. προς πώληση,sale,,125000.0,42.0,,,,Τριανδρία (Τριανδρία - Δόξα - Κρυονέρι),,,,2026-10-01,2026-10-01,,portal alert,2026-10-01T00:00:00Z
tospitimou.gr,SKOREAL,https://www.tospitimou.gr/akinito/20970147,Τριανδρία (Τριανδρία - Δόξα - Κρυονέρι) Studio/Γκαρσονιέρα 23 τ.μ. προς πώληση,sale,,75000.0,23.0,,,,Τριανδρία (Τριανδρία - Δόξα - Κρυονέρι),,,,2026-10-01,2026-10-01,,portal alert,2026-10-01T00:00:00Z
tospitimou.gr,ΠΑΠΑΙΩΑΝΝΟΥ,https://www.tospitimou.gr/akinito/20970148,Βούλγαρη - Άγιος Ελευθέριος - Ντεπώ (Βούλγαρη - Ντεπώ - Μαρτίου) Studio/Γκαρσονιέρα 33 τ.μ. προς ενοικίαση,rent,,350.0,33.0,,,,Βούλγαρη - Άγιος Ελευθέριος - Ντεπώ (Βούλγαρη - Ντεπώ - Μαρτίου),,,,2026-10-01,2026-10-01,,portal alert,2026-10-01T00:00:00Z
tospitimou.gr,NORE REAL ESTATE,https://www.tospitimou.gr/akinito/20970155,Κρυονέρι (Τριανδρία - Δόξα - Κρυονέρι) Διαμέρισμα 103 τ.μ. προς πώληση,sale,,285000.0,103.0,,,,Κρυονέρι (Τριανδρία - Δόξα - Κρυονέρι),,,,2026-10-01,2026-10-01,,portal alert,2026-10-01T00:00:00Z
tospitimou.gr,abitazione,https://www.tospitimou.gr/akinito/20970211,Φάληρο - Ιπποκράτειο (Θεσσαλονίκη - Δήμος) Διαμέρισμα 50 τ.μ. προς ενοικίαση,rent,,550.0,50.0,,,,Φάληρο - Ιπποκράτειο (Θεσσαλονίκη - Δήμος),,,,2026-10-01,2026-10-01,,portal alert,2026-10-01T00:00:00Z
tospitimou.gr,Tzikas real estate,https://www.tospitimou.gr/akinito/20970224,Νέα Ελβετία (Χαριλάου) Studio/Γκαρσονιέρα 50 τ.μ. προς πώληση,sale,,220000.0,50.0,,,,Νέα Ελβετία (Χαριλάου),,,,2026-10-01,2026-10-01,,portal alert,2026-10-01T00:00:00Z
tospitimou.gr,Tzikas real estate,https://www.tospitimou.gr/akinito/20970247,Νέα Ελβετία (Χαριλάου) Studio/Γκαρσονιέρα 55 τ.μ. προς πώληση,sale,,220000.0,55.0,,,,Νέα Ελβετία (Χαριλάου),,,,2026-10-01,2026-10-01,,portal alert,2026-10-01T00:00:00Z
tospitimou.gr,Tzikas real estate,https://www.tospitimou.gr/akinito/20970260,Νέα Ελβετία (Χαριλάου) Studio/Γκαρσονιέρα 55 τ.μ. προς πώληση,sale,,230000.0,55.0,,,,Νέα Ελβετία (Χαριλάου),,,,2026-10-01,2026-10-01,,portal alert,2026-10-01T00:00:00Z
tospitimou.gr,Diamond Group,https://www.tospitimou.gr/akinito/20970261,Κάτω Τούμπα (Τούμπα) Studio/Γκαρσονιέρα 48 τ.μ. προς ενοικίαση,rent,,400.0,48.0,,,,Κάτω Τούμπα (Τούμπα),,,,2026-10-01,2026-10-01,,portal alert,2026-10-01T00:00:00Z
tospitimou.gr,KW NORTH,https://www.tospitimou.gr/akinito/20970262,Καλαμαριά (Θεσσαλονίκη - Περιφ/κοί δήμοι) Διαμέρισμα 115 τ.μ. προς ενοικίαση,rent,,1000.0,115.0,,,,Καλαμαριά (Θεσσαλονίκη - Περιφ/κοί δήμοι),,,,2026-10-01,2026-10-01,,portal alert,2026-10-01T00:00:00Z
tospitimou.gr,Diamond Group,https://www.tospitimou.gr/akinito/20970265,Βαρδάρης - Δικαστήρια (Βαρδάρης - Λαχανόκηποι) Loft 72 τ.μ. προς πώληση,sale,,135000.0,72.0,,,,Βαρδάρης - Δικαστήρια (Βαρδάρης - Λαχανόκηποι),,,,2026-10-01,2026-10-01,,portal alert,2026-10-01T00:00:00Z
tospitimou.gr,Tzikas real estate,https://www.tospitimou.gr/akinito/20970269,Νέα Ελβετία (Χαριλάου) Studio/Γκαρσονιέρα 50 τ.μ. προς πώληση,sale,,230000.0,50.0,,,,Νέα Ελβετία (Χαριλάου),,,,2026-10-01,2026-10-01,,portal alert,2026-10-01T00:00:00Z
tospitimou.gr,House Gallery,https://www.tospitimou.gr/akinito/20970279,Λευκός Πύργος (Κέντρο Θεσσαλονίκης) Διαμέρισμα 55 τ.μ. προς ενοικίαση,rent,,800.0,55.0,,,,Λευκός Πύργος (Κέντρο Θεσσαλονίκης),,,,2026-10-01,2026-10-01,,portal alert,2026-10-01T00:00:00Z
tospitimou.gr,Tzikas real estate,https://www.tospitimou.gr/akinito/20970280,Νέα Ελβετία (Χαριλάου) Studio/Γκαρσονιέρα 50 τ.μ. προς πώληση,sale,,230000.0,50.0,,,,Νέα Ελβετία (Χαριλάου),,,,2026-10-01,2026-10-01,,portal alert,2026-10-01T00:00:00Z
tospitimou.gr,Grekodom Development,https://www.tospitimou.gr/akinito/20970300,Νέα Παραλία (Ανάληψη - Μπότσαρη - Νέα Παραλία) Διαμέρισμα 60 τ.μ. προς ενοικίαση,rent,,600.0,60.0,,,,Νέα Παραλία (Ανάληψη - Μπότσαρη - Νέα Παραλία),,,,2026-10-01,2026-10-01,,portal alert,2026-10-01T00:00:00Z
tospitimou.gr,Diamond Group,https://www.tospitimou.gr/akinito/20970310,Αντιγονιδών (Κέντρο Θεσσαλονίκης) Διαμέρισμα 78 τ.μ. προς πώληση,sale,,150000.0,78.0,,,,Αντιγονιδών (Κέντρο Θεσσαλονίκης),,,,2026-10-01,2026-10-01,,portal alert,2026-10-01T00:00:00Z
tospitimou.gr,Tzikas real estate,https://www.tospitimou.gr/akinito/20970337,Νέα Ελβετία (Χαριλάου) Διαμέρισμα 117 τ.μ. προς πώληση,sale,,390000.0,117.0,,,,Νέα Ελβετία (Χαριλάου),,,,2026-10-01,2026-10-01,,portal alert,2026-10-01T00:00:00Z
tospitimou.gr,Diamond Group,https://www.tospitimou.gr/akinito/20970372,Κάτω Τούμπα (Τούμπα) Διαμέρισμα 80 τ.μ. προς ενοικίαση,rent,,580.0,80.0,,,,Κάτω Τούμπα (Τούμπα),,,,2026-10-01,2026-10-01,,portal alert,2026-10-01T00:00:00Z
tospitimou.gr,Homistas,https://www.tospitimou.gr/akinito/20970452,Διοικητήριο (Κέντρο Θεσσαλονίκης) Studio/Γκαρσονιέρα 38 τ.μ. προς ενοικίαση,rent,,450.0,38.0,,,,Διοικητήριο (Κέντρο Θεσσαλονίκης),,,,2026-10-01,2026-10-01,,portal alert,2026-10-01T00:00:00Z
tospitimou.gr,Invista.gr Real Estate,https://www.tospitimou.gr/akinito/20970462,Κέντρο (Καλαμαριά) Studio/Γκαρσονιέρα 50 τ.μ. προς ενοικίαση,rent,,600.0,50.0,,,,Κέντρο (Καλαμαριά),,,,2026-10-01,2026-10-01,,portal alert,2026-10-01T00:00:00Z
tospitimou.gr,ALL IN LUXURY REAL ESTATE,https://www.tospitimou.gr/akinito/20970473,Αγία Σοφία (Κέντρο Θεσσαλονίκης) Studio/Γκαρσονιέρα 40 τ.μ. προς πώληση,sale,,209000.0,40.0,,,,Αγία Σοφία (Κέντρο Θεσσαλονίκης),,,,2026-10-01,2026-10-01,,portal alert,2026-10-01T00:00:00Z
tospitimou.gr,NORE REAL ESTATE,https://www.tospitimou.gr/akinito/20970477,Ηλιούπολη Κέντρο (Σταυρούπολη) Διαμέρισμα 76 τ.μ. προς ενοικίαση,rent,,520.0,76.0,,,,Ηλιούπολη Κέντρο (Σταυρούπολη),,,,2026-10-01,2026-10-01,,portal alert,2026-10-01T00:00:00Z
tospitimou.gr,Μεσιτικό Γραφείο Θεςς,https://www.tospitimou.gr/akinito/20970481,Πλατεία Εμπορίου - Ανω Λαδάδικα - Ιστορικό Κέντρο (Κέντρο Θεσσαλονίκης) Διαμέρισμα 34 τ.μ. προς πώληση,sale,,95000.0,34.0,,,,Πλατεία Εμπορίου - Ανω Λαδάδικα - Ιστορικό Κέντρο (Κέντρο Θεσσαλονίκης),,,,2026-10-01,2026-10-01,,portal alert,2026-10-01T00:00:00Z
tospitimou.gr,Artemis Salsi,https://www.tospitimou.gr/akinito/20970494,Κάστρα (Συκιές) Διαμέρισμα 80 τ.μ. προς ενοικίαση,rent,,470.0,80.0,,,,Κάστρα (Συκιές),,,,2026-10-01,2026-10-01,,portal alert,2026-10-01T00:00:00Z
tospitimou.gr,BLUESTONE REAL ESTATE,https://www.tospitimou.gr/akinito/20970499,Αγία Σοφία (Κέντρο Θεσσαλονίκης) Studio/Γκαρσονιέρα 33 τ.μ. προς πώληση,sale,,165000.0,33.0,,,,Αγία Σοφία (Κέντρο Θεσσαλονίκης),,,,2026-10-01,2026-10-01,,portal alert,2026-10-01T00:00:00Z
tospitimou.gr,ΔΑΝΑΚΑΚΗΣ ΙΩΑΝΝΗΣ,https://www.tospitimou.gr/akinito/20970503,ΧΑΝΘ (Κέντρο Θεσσαλονίκης) Διαμέρισμα 55 τ.μ. προς πώληση,sale,,283000.0,55.0,,,,ΧΑΝΘ (Κέντρο Θεσσαλονίκης),,,,2026-10-01,2026-10-01,,portal alert,2026-10-01T00:00:00Z
tospitimou.gr,YourLocus,https://www.tospitimou.gr/akinito/20970507,Νέα Πολιτεία (Εύοσμος) Διαμέρισμα 58 τ.μ. προς ενοικίαση,rent,,550.0,58.0,,,,Νέα Πολιτεία (Εύοσμος),,,,2026-10-01,2026-10-01,,portal alert,2026-10-01T00:00:00Z
tospitimou.gr,ΔΑΝΑΚΑΚΗΣ ΙΩΑΝΝΗΣ,https://www.tospitimou.gr/akinito/20970513,ΧΑΝΘ (Κέντρο Θεσσαλονίκης) Studio/Γκαρσονιέρα 38 τ.μ. προς πώληση,sale,,159000.0,38.0,,,,ΧΑΝΘ (Κέντρο Θεσσαλονίκης),,,,2026-10-01,2026-10-01,,portal alert,2026-10-01T00:00:00Z
tospitimou.gr,BLUESTONE REAL ESTATE,https://www.tospitimou.gr/akinito/20970537,Αγία Σοφία (Κέντρο Θεσσαλονίκης) Studio/Γκαρσονιέρα 36 τ.μ. προς πώληση,sale,,178000.0,36.0,,,,Αγία Σοφία (Κέντρο Θεσσαλονίκης),,,,2026-10-01,2026-10-01,,portal alert,2026-10-01T00:00:00Z
tospitimou.gr,Bee One,https://www.tospitimou.gr/akinito/20970544,Κάτω Τούμπα (Τούμπα) Διαμέρισμα 72 τ.μ. προς πώληση,sale,,216000.0,72.0,,,,Κάτω Τούμπα (Τούμπα),,,,2026-10-01,2026-10-01,,portal alert,2026-10-01T00:00:00Z
tospitimou.gr,Bee One,https://www.tospitimou.gr/akinito/20970545,Κάτω Τούμπα (Τούμπα) Διαμέρισμα 70 τ.μ. προς πώληση,sale,,200000.0,70.0,,,,Κάτω Τούμπα (Τούμπα),,,,2026-10-01,2026-10-01,,portal alert,2026-10-01T00:00:00Z
tospitimou.gr,Bee One,https://www.tospitimou.gr/akinito/20970546,Κάτω Τούμπα (Τούμπα) Διαμέρισμα 49 τ.μ. προς πώληση,sale,,144000.0,49.0,,,,Κάτω Τούμπα (Τούμπα),,,,2026-10-01,2026-10-01,,portal alert,2026-10-01T00:00:00Z
tospitimou.gr,ΚΟΡΥΦΗ,https://www.tospitimou.gr/akinito/20973231,Κέντρο (Λαγκαδάς) Διαμέρισμα 80 τ.μ. προς ενοικίαση,rent,,500.0,80.0,,,,Κέντρο (Λαγκαδάς),,,,,2026-10-02,,portal alert,2026-10-02T00:00:00Z
tospitimou.gr,ΑΝΥΗΟΜΕ,https://www.tospitimou.gr/akinito/20974220,Ασπροβάλτα (Άγιος Γεώργιος) Μονοκατοικία 60 τ.μ. προς πώληση,sale,,100000.0,60.0,,,,Ασπροβάλτα (Άγιος Γεώργιος),,,,,2026-10-02,,portal alert,2026-10-02T00:00:00Z
tospitimou.gr,RE/MAX Gold,https://www.tospitimou.gr/akinito/20975681,Νέα Βρασνά (Άγιος Γεώργιος) Μονοκατοικία 55 τ.μ. προς πώληση,sale,,160000.0,55.0,,,,Νέα Βρασνά (Άγιος Γεώργιος),,,,,2026-10-02,,portal alert,2026-10-02T00:00:00Z
tospitimou.gr,Syrakis Group,https://www.tospitimou.gr/akinito/20976188,Ασπροβάλτα (Άγιος Γεώργιος) Διαμέρισμα 66 τ.μ. προς πώληση,sale,,150000.0,66.0,,,,Ασπροβάλτα (Άγιος Γεώργιος),,,,,2026-10-02,,portal alert,2026-10-02T00:00:00Z
tospitimou.gr,Syrakis Group,https://www.tospitimou.gr/akinito/20976290,Ασπροβάλτα (Άγιος Γεώργιος) Μονοκατοικία 120 τ.μ. προς πώληση,sale,,250000.0,120.0,,,,Ασπροβάλτα (Άγιος Γεώργιος),,,,,2026-10-02,,portal alert,2026-10-02T00:00:00Z
tospitimou.gr,Green & Grey,https://www.tospitimou.gr/akinito/20976916,Κέντρο (Καλαμαριά) Διαμέρισμα 68 τ.μ. προς ενοικίαση,rent,,800.0,68.0,,,,Κέντρο (Καλαμαριά),,,,,2026-10-02,,portal alert,2026-10-02T00:00:00Z
tospitimou.gr,ΜΕΣΙΤΙΚΟ ΓΡΑΦΕΙΟ ΝΕΟΣ ΚΟΣΜΟΣ,https://www.tospitimou.gr/akinito/20976948,Κέντρο (Ωραιόκαστρο) Διαμέρισμα 78 τ.μ. προς ενοικίαση,rent,,600.0,78.0,,,,Κέντρο (Ωραιόκαστρο),,,,,2026-10-02,,portal alert,2026-10-02T00:00:00Z
tospitimou.gr,ThessMesiti.gr,https://www.tospitimou.gr/akinito/20976953,Καλαμαριά (Θεσσαλονίκη - Περιφ/κοί δήμοι) Διαμέρισμα 65 τ.μ. προς ενοικίαση,rent,,620.0,65.0,,,,Καλαμαριά (Θεσσαλονίκη - Περιφ/κοί δήμοι),,,,,2026-10-02,,portal alert,2026-10-02T00:00:00Z
tospitimou.gr,Urban Nest,https://www.tospitimou.gr/akinito/20976962,Καλλιθέα - Άγιοι Θεόδωροι (Συκιές) Studio/Γκαρσονιέρα 45 τ.μ. προς ενοικίαση,rent,,270.0,45.0,,,,Καλλιθέα - Άγιοι Θεόδωροι (Συκιές),,,,,2026-10-02,,portal alert,2026-10-02T00:00:00Z
tospitimou.gr,House Finders,https://www.tospitimou.gr/akinito/20977007,Κέντρο (Καλαμαριά) Studio/Γκαρσονιέρα 42 τ.μ. προς ενοικίαση,rent,,540.0,42.0,,,,Κέντρο (Καλαμαριά),,,,,2026-10-02,,portal alert,2026-10-02T00:00:00Z
tospitimou.gr,Μεσιτικό ΚΕΡΑΜΙΔΙ,https://www.tospitimou.gr/akinito/20977008,Βυζάντιο (Καλαμαριά) Διαμέρισμα 68 τ.μ. προς ενοικίαση,rent,,620.0,68.0,,,,Βυζάντιο (Καλαμαριά),,,,,2026-10-02,,portal alert,2026-10-02T00:00:00Z
tospitimou.gr,ΜΕΣΙΤΙΚΟ ΓΡΑΦΕΙΟ ΝΕΟΣ ΚΟΣΜΟΣ,https://www.tospitimou.gr/akinito/20977027,Γαλήνη (Ωραιόκαστρο) Μεζονέτα 200 τ.μ. προς ενοικίαση,rent,,1200.0,200.0,,,,Γαλήνη (Ωραιόκαστρο),,,,,2026-10-02,,portal alert,2026-10-02T00:00:00Z
tospitimou.gr,HOUSE LAND,https://www.tospitimou.gr/akinito/20977225,Κέντρο Θεσσαλονίκης (Θεσσαλονίκη - Δήμος) Διαμέρισμα 55 τ.μ. προς ενοικίαση,rent,,550.0,55.0,,,,Κέντρο Θεσσαλονίκης (Θεσσαλονίκη - Δήμος),,,,,2026-10-02,,portal alert,2026-10-02T00:00:00Z
tospitimou.gr,BLUESTONE REAL ESTATE,https://www.tospitimou.gr/akinito/20977249,Δροσιά (Θέρμη) Studio/Γκαρσονιέρα 30 τ.μ. προς ενοικίαση,rent,,530.0,30.0,,,,Δροσιά (Θέρμη),,,,,2026-10-02,,portal alert,2026-10-02T00:00:00Z
tospitimou.gr,Liapatis Real Estate,https://www.tospitimou.gr/akinito/20977328,Ευζώνων - Πεδίον Άρεως (Φάληρο - Ιπποκράτειο) Studio/Γκαρσονιέρα 30 τ.μ. προς ενοικίαση,rent,,300.0,30.0,,,,Ευζώνων - Πεδίον Άρεως (Φάληρο - Ιπποκράτειο),,,,,2026-10-02,,portal alert,2026-10-02T00:00:00Z
tospitimou.gr,E-mesitis Real Estate,https://www.tospitimou.gr/akinito/20977342,Τουρκικό Προξενείο (Κέντρο Θεσσαλονίκης) Studio/Γκαρσονιέρα 35 τ.μ. προς ενοικίαση,rent,,430.0,35.0,,,,Τουρκικό Προξενείο (Κέντρο Θεσσαλονίκης),,,,,2026-10-02,,portal alert,2026-10-02T00:00:00Z
tospitimou.gr,AGA Real Estate,https://www.tospitimou.gr/akinito/20977366,Χαριλάου (Θεσσαλονίκη - Δήμος) Διαμέρισμα 68 τ.μ. προς ενοικίαση,rent,,600.0,68.0,,,,Χαριλάου (Θεσσαλονίκη - Δήμος),,,,,2026-10-02,,portal alert,2026-10-02T00:00:00Z
tospitimou.gr,Golden Home Real Estate,https://www.tospitimou.gr/akinito/20977379,Μεταγωγών (Αμπελόκηποι) Διαμέρισμα 27 τ.μ. προς ενοικίαση,rent,,480.0,27.0,,,,Μεταγωγών (Αμπελόκηποι),,,,,2026-10-02,,portal alert,2026-10-02T00:00:00Z
tospitimou.gr,ΑΝΤΩΝΗΣ ΛΑΖΟΣ & ΣΙΑ Ε.Ε,https://www.tospitimou.gr/akinito/20977460,Κέντρο (Μηχανιώνα) Διαμέρισμα 85 τ.μ. προς ενοικίαση,rent,,400.0,85.0,,,,Κέντρο (Μηχανιώνα),,,,,2026-10-02,,portal alert,2026-10-02T00:00:00Z
tospitimou.gr,OIKIES REAL ESTATE,https://www.tospitimou.gr/akinito/20977468,Βάρνα (Συκιές) Studio/Γκαρσονιέρα 33 τ.μ. προς ενοικίαση,rent,,530.0,33.0,,,,Βάρνα (Συκιές),,,,,2026-10-02,,portal alert,2026-10-02T00:00:00Z
tospitimou.gr,E-mesitis Real Estate,https://www.tospitimou.gr/akinito/20977470,Αντιγονιδών (Κέντρο Θεσσαλονίκης) Διαμέρισμα 89 τ.μ. προς ενοικίαση,rent,,900.0,89.0,,,,Αντιγονιδών (Κέντρο Θεσσαλονίκης),,,,,2026-10-02,,portal alert,2026-10-02T00:00:00Z
tospitimou.gr,REMAX Analogia,https://www.tospitimou.gr/akinito/20977562,Χαριλάου (Θεσσαλονίκη - Δήμος) Διαμέρισμα 73 τ.μ. προς πώληση,sale,,250000.0,73.0,,,,Χαριλάου (Θεσσαλονίκη - Δήμος),,,,,2026-10-02,,portal alert,2026-10-02T00:00:00Z
tospitimou.gr,Tree House Real Estate,https://www.tospitimou.gr/akinito/20977566,Πλατεία Ναυαρίνου (Κέντρο Θεσσαλονίκης) Διαμέρισμα 85 τ.μ. προς ενοικίαση,rent,,700.0,85.0,,,,Πλατεία Ναυαρίνου (Κέντρο Θεσσαλονίκης),,,,,2026-10-02,,portal alert,2026-10-02T00:00:00Z
tospitimou.gr,REMAX Analogia,https://www.tospitimou.gr/akinito/20977571,Πλατεία Εμπορίου - Ανω Λαδάδικα - Ιστορικό Κέντρο (Κέντρο Θεσσαλονίκης) Studio/Γκαρσονιέρα 30 τ.μ. προς πώληση,sale,,250000.0,30.0,,,,Πλατεία Εμπορίου - Ανω Λαδάδικα - Ιστορικό Κέντρο (Κέντρο Θεσσαλονίκης),,,,,2026-10-02,,portal alert,2026-10-02T00:00:00Z
tospitimou.gr,BITSIMIS REAL HOMES - Ιωάννης Μπιτσίμης Μεσιτικές υπηρεσίες,https://www.tospitimou.gr/akinito/20977576,ΧΑΝΘ (Κέντρο Θεσσαλονίκης) Studio/Γκαρσονιέρα 31 τ.μ. προς πώληση,sale,,159000.0,31.0,,,,ΧΑΝΘ (Κέντρο Θεσσαλονίκης),,,,,2026-10-02,,portal alert,2026-10-02T00:00:00Z
tospitimou.gr,τολοζης πασχαλης,https://www.tospitimou.gr/akinito/20977625,Πυροπαθών (Νεάπολη) Studio/Γκαρσονιέρα 55 τ.μ. προς ενοικίαση,rent,,400.0,55.0,,,,Πυροπαθών (Νεάπολη),,,,,2026-10-02,,portal alert,2026-10-02T00:00:00Z
tospitimou.gr,Trueland Real Estate,https://www.tospitimou.gr/akinito/20977632,Νέα Παραλία (Ανάληψη - Μπότσαρη - Νέα Παραλία) Διαμέρισμα 83 τ.μ. προς πώληση,sale,,120000.0,83.0,,,,Νέα Παραλία (Ανάληψη - Μπότσαρη - Νέα Παραλία),,,,,2026-10-02,,portal alert,2026-10-02T00:00:00Z
tospitimou.gr,REMAX Analogia,https://www.tospitimou.gr/akinito/20977722,Ανάληψη - Μπότσαρη (Ανάληψη - Μπότσαρη - Νέα Παραλία) Διαμέρισμα 120 τ.μ. προς πώληση,sale,,380000.0,120.0,,,,Ανάληψη - Μπότσαρη (Ανάληψη - Μπότσαρη - Νέα Παραλία),,,,,2026-10-02,,portal alert,2026-10-02T00:00:00Z
tospitimou.gr,E-mesitis Real Estate,https://www.tospitimou.gr/akinito/20977743,Ρωμαϊκή Αγορά - Βενιζέλου - Ιστορικό Κέντρο (Κέντρο Θεσσαλονίκης) Διαμέρισμα 115 τ.μ. προς ενοικίαση,rent,,1600.0,115.0,,,,Ρωμαϊκή Αγορά - Βενιζέλου - Ιστορικό Κέντρο (Κέντρο Θεσσαλονίκης),,,,,2026-10-02,,portal alert,2026-10-02T00:00:00Z
tospitimou.gr,CASA NOVA,https://www.tospitimou.gr/akinito/20977794,Παναγία Φανερωμένη (Ξηροκρήνη - Παναγία Φανερωμένη) Διαμέρισμα 66 τ.μ. προς ενοικίαση,rent,,550.0,66.0,,,,Παναγία Φανερωμένη (Ξηροκρήνη - Παναγία Φανερωμένη),,,,,2026-10-02,,portal alert,2026-10-02T00:00:00Z
tospitimou.gr,FOCUS κτηματομεσιτικές υπηρεσίες,https://www.tospitimou.gr/akinito/20977807,Μαρτίου (Βούλγαρη - Ντεπώ - Μαρτίου) Studio/Γκαρσονιέρα 48 τ.μ. προς πώληση,sale,,149000.0,48.0,,,,Μαρτίου (Βούλγαρη - Ντεπώ - Μαρτίου),,,,,2026-10-02,,portal alert,2026-10-02T00:00:00Z
tospitimou.gr,BITSIMIS REAL HOMES - Ιωάννης Μπιτσίμης Μεσιτικές υπηρεσίες,https://www.tospitimou.gr/akinito/20977818,ΧΑΝΘ (Κέντρο Θεσσαλονίκης) Διαμέρισμα 47 τ.μ. προς πώληση,sale,,263000.0,47.0,,,,ΧΑΝΘ (Κέντρο Θεσσαλονίκης),,,,,2026-10-02,,portal alert,2026-10-02T00:00:00Z
tospitimou.gr,ΠΥΡΓΙΔΟΥ ΓΙΟΥΛΗ,https://www.tospitimou.gr/akinito/20977829,Επέκταση (Πυλαία) Studio/Γκαρσονιέρα 50 τ.μ. προς ενοικίαση,rent,,500.0,50.0,,,,Επέκταση (Πυλαία),,,,,2026-10-02,,portal alert,2026-10-02T00:00:00Z
tospitimou.gr,ΔΥΝΑΜΙΚΗ ΑΚΙΝΗΤΩΝ,https://www.tospitimou.gr/akinito/20977840,Ευαγγελισμός - Νέος Κουκλουτζάς (Εύοσμος) Διαμέρισμα 85 τ.μ. προς ενοικίαση,rent,,400.0,85.0,,,,Ευαγγελισμός - Νέος Κουκλουτζάς (Εύοσμος),,,,,2026-10-02,,portal alert,2026-10-02T00:00:00Z
tospitimou.gr,E-mesitis Real Estate,https://www.tospitimou.gr/akinito/20977847,Πλατεία Ναυαρίνου (Κέντρο Θεσσαλονίκης) Studio/Γκαρσονιέρα 30 τ.μ. προς ενοικίαση,rent,,340.0,30.0,,,,Πλατεία Ναυαρίνου (Κέντρο Θεσσαλονίκης),,,,,2026-10-02,,portal alert,2026-10-02T00:00:00Z
tospitimou.gr,YourLocus,https://www.tospitimou.gr/akinito/20977870,Νέο Κορδελιό (Ελευθέριο-Κορδελιό) Διαμέρισμα 100 τ.μ. προς ενοικίαση,rent,,600.0,100.0,,,,Νέο Κορδελιό (Ελευθέριο-Κορδελιό),,,,,2026-10-02,,portal alert,2026-10-02T00:00:00Z
tospitimou.gr,ΜΕΣΙΤΙΚΗ ΑΚΙΝΗΤΩΝ,https://www.tospitimou.gr/akinito/20977911,ΔΕΘ (Κέντρο Θεσσαλονίκης) Διαμέρισμα 65 τ.μ. προς ενοικίαση,rent,,800.0,65.0,,,,ΔΕΘ (Κέντρο Θεσσαλονίκης),,,,,2026-10-02,,portal alert,2026-10-02T00:00:00Z
tospitimou.gr,ΝΑΝΤΙΑ ΑΓΓΕΛΟΓΛΟΥ,https://www.tospitimou.gr/akinito/20977966,Νέα Παραλία (Ανάληψη - Μπότσαρη - Νέα Παραλία) Διαμέρισμα 50 τ.μ. προς ενοικίαση,rent,,550.0,50.0,,,,Νέα Παραλία (Ανάληψη - Μπότσαρη - Νέα Παραλία),,,,,2026-10-02,,portal alert,2026-10-02T00:00:00Z
tospitimou.gr,Tospitimou,https://www.tospitimou.gr/akinito/20978023,Κάτω Τούμπα (Τούμπα) Διαμέρισμα 80 τ.μ. προς ενοικίαση,rent,,700.0,80.0,,,,Κάτω Τούμπα (Τούμπα),,,,,2026-10-02,,portal alert,2026-10-02T00:00:00Z
tospitimou.gr,ΜΕΣΙΤΙΚΗ ΑΚΙΝΗΤΩΝ,https://www.tospitimou.gr/akinito/20978035,Καμάρα - Ροτόντα (Κέντρο Θεσσαλονίκης) Studio/Γκαρσονιέρα 30 τ.μ. προς ενοικίαση,rent,,380.0,30.0,,,,Καμάρα - Ροτόντα (Κέντρο Θεσσαλονίκης),,,,,2026-10-02,,portal alert,2026-10-02T00:00:00Z
tospitimou.gr,ΑΝΥΗΟΜΕ,https://www.tospitimou.gr/akinito/20978045,Συκιές (Θεσσαλονίκη - Περιφ/κοί δήμοι) Διαμέρισμα 86 τ.μ. προς ενοικίαση,rent,,550.0,86.0,,,,Συκιές (Θεσσαλονίκη - Περιφ/κοί δήμοι),,,,,2026-10-02,,portal alert,2026-10-02T00:00:00Z
tospitimou.gr,ΑΝΥΗΟΜΕ,https://www.tospitimou.gr/akinito/20978047,Επανομή (Θεσσαλονίκη - Περιφ/κοί δήμοι) Studio/Γκαρσονιέρα 30 τ.μ. προς ενοικίαση,rent,,300.0,30.0,,,,Επανομή (Θεσσαλονίκη - Περιφ/κοί δήμοι),,,,,2026-10-02,,portal alert,2026-10-02T00:00:00Z
tospitimou.gr,mega real estate,https://www.tospitimou.gr/akinito/20978049,Δόξα (Τριανδρία - Δόξα - Κρυονέρι) Διαμέρισμα 100 τ.μ. προς ενοικίαση,rent,,1000.0,100.0,,,,Δόξα (Τριανδρία - Δόξα - Κρυονέρι),,,,,2026-10-02,,portal alert,2026-10-02T00:00:00Z
tospitimou.gr,ThessMesiti.gr,https://www.tospitimou.gr/akinito/20978066,Ανάληψη - Μπότσαρη - Νέα Παραλία (Θεσσαλονίκη - Δήμος) Διαμέρισμα 67 τ.μ. προς πώληση,sale,,220000.0,67.0,,,,Ανάληψη - Μπότσαρη - Νέα Παραλία (Θεσσαλονίκη - Δήμος),,,,,2026-10-02,,portal alert,2026-10-02T00:00:00Z
tospitimou.gr,Ακίνητα Λαζαρίδη,https://www.tospitimou.gr/akinito/20978083,Κάτω Τούμπα (Τούμπα) Διαμέρισμα 87 τ.μ. προς πώληση,sale,,190000.0,87.0,,,,Κάτω Τούμπα (Τούμπα),,,,,2026-10-02,,portal alert,2026-10-02T00:00:00Z
tospitimou.gr,Home Life Real Estate,https://www.tospitimou.gr/akinito/20978119,Κάτω Τούμπα (Τούμπα) Διαμέρισμα 87 τ.μ. προς πώληση,sale,,190000.0,87.0,,,,Κάτω Τούμπα (Τούμπα),,,,,2026-10-02,,portal alert,2026-10-02T00:00:00Z
tospitimou.gr,Home Life Real Estate,https://www.tospitimou.gr/akinito/20978120,Καλαμαριά (Θεσσαλονίκη - Περιφ/κοί δήμοι) Διαμέρισμα 82 τ.μ. προς ενοικίαση,rent,,620.0,82.0,,,,Καλαμαριά (Θεσσαλονίκη - Περιφ/κοί δήμοι),,,,,2026-10-02,,portal alert,2026-10-02T00:00:00Z
tospitimou.gr,Home Target,https://www.tospitimou.gr/akinito/20978142,Αντιγονιδών (Κέντρο Θεσσαλονίκης) Loft 53 τ.μ. προς ενοικίαση,rent,,500.0,53.0,,,,Αντιγονιδών (Κέντρο Θεσσαλονίκης),,,,,2026-10-02,,portal alert,2026-10-02T00:00:00Z
tospitimou.gr,keramidogatos real estate,https://www.tospitimou.gr/akinito/20978146,Αντιγονιδών (Κέντρο Θεσσαλονίκης) Studio/Γκαρσονιέρα 40 τ.μ. προς ενοικίαση,rent,,400.0,40.0,,,,Αντιγονιδών (Κέντρο Θεσσαλονίκης),,,,,2026-10-02,,portal alert,2026-10-02T00:00:00Z
tospitimou.gr,Hellas Property Management / Διαχείριση Ακινήτων,https://www.tospitimou.gr/akinito/20978149,Κάτω Τούμπα (Τούμπα) Studio/Γκαρσονιέρα 45 τ.μ. προς πώληση,sale,,143000.0,45.0,,,,Κάτω Τούμπα (Τούμπα),,,,,2026-10-02,,portal alert,2026-10-02T00:00:00Z
tospitimou.gr,KW NORTH,https://www.tospitimou.gr/akinito/20978153,Ευαγγελίστρια (40 Εκκλησιές - Ευαγγελίστρια) Studio/Γκαρσονιέρα 29 τ.μ. προς ενοικίαση,rent,,400.0,29.0,,,,Ευαγγελίστρια (40 Εκκλησιές - Ευαγγελίστρια),,,,,2026-10-02,,portal alert,2026-10-02T00:00:00Z
tospitimou.gr,Diamond Group,https://www.tospitimou.gr/akinito/20978245,Πλατεία Ναυαρίνου (Κέντρο Θεσσαλονίκης) Studio/Γκαρσονιέρα 28 τ.μ. προς πώληση,sale,,70000.0,28.0,,,,Πλατεία Ναυαρίνου (Κέντρο Θεσσαλονίκης),,,,,2026-10-02,,portal alert,2026-10-02T00:00:00Z
tospitimou.gr,Diamond Group,https://www.tospitimou.gr/akinito/20978291,Πλατεία Ναυαρίνου (Κέντρο Θεσσαλονίκης) Studio/Γκαρσονιέρα 28 τ.μ. προς πώληση,sale,,70000.0,28.0,,,,Πλατεία Ναυαρίνου (Κέντρο Θεσσαλονίκης),,,,,2026-10-02,,portal alert,2026-10-02T00:00:00Z
tospitimou.gr,ΜΕ ΤΟ ΔΕΞΙ,https://www.tospitimou.gr/akinito/20978308,Κολοκοτρώνη (Συκιές) Διαμέρισμα 65 τ.μ. προς ενοικίαση,rent,,300.0,65.0,,,,Κολοκοτρώνη (Συκιές),,,,,2026-10-02,,portal alert,2026-10-02T00:00:00Z
tospitimou.gr,BITSIMIS REAL HOMES - Ιωάννης Μπιτσίμης Μεσιτικές υπηρεσίες,https://www.tospitimou.gr/akinito/20978315,Καμάρα - Ροτόντα (Κέντρο Θεσσαλονίκης) Διαμέρισμα 115 τ.μ. προς ενοικίαση,rent,,650.0,115.0,,,,Καμάρα - Ροτόντα (Κέντρο Θεσσαλονίκης),,,,,2026-10-02,,portal alert,2026-10-02T00:00:00Z
tospitimou.gr,Halkidiki Realtor's,https://www.tospitimou.gr/akinito/20978392,Πλατεία Ναυαρίνου (Κέντρο Θεσσαλονίκης) Διαμέρισμα 65 τ.μ. προς πώληση,sale,,277000.0,65.0,,,,Πλατεία Ναυαρίνου (Κέντρο Θεσσαλονίκης),,,,,2026-10-02,,portal alert,2026-10-02T00:00:00Z
tospitimou.gr,SKOREAL,https://www.tospitimou.gr/akinito/20978417,Ανάληψη - Μπότσαρη (Ανάληψη - Μπότσαρη - Νέα Παραλία) Studio/Γκαρσονιέρα 47 τ.μ. προς πώληση,sale,,160000.0,47.0,,,,Ανάληψη - Μπότσαρη (Ανάληψη - Μπότσαρη - Νέα Παραλία),,,,,2026-10-02,,portal alert,2026-10-02T00:00:00Z
tospitimou.gr,Grekodom Development,https://www.tospitimou.gr/akinito/20978431,Αγία Αικατερίνη (Άνω Πόλη) Διαμέρισμα 36 τ.μ. προς πώληση,sale,,128000.0,36.0,,,,Αγία Αικατερίνη (Άνω Πόλη),,,,,2026-10-02,,portal alert,2026-10-02T00:00:00Z
tospitimou.gr,Grekodom Development,https://www.tospitimou.gr/akinito/20978432,Τσινάρι (Άνω Πόλη) Διαμέρισμα 45 τ.μ. προς πώληση,sale,,135000.0,45.0,,,,Τσινάρι (Άνω Πόλη),,,,,2026-10-02,,portal alert,2026-10-02T00:00:00Z
tospitimou.gr,BLUESTONE REAL ESTATE,https://www.tospitimou.gr/akinito/20978434,Αγία Σοφία (Κέντρο Θεσσαλονίκης) Studio/Γκαρσονιέρα 40 τ.μ. προς πώληση,sale,,192000.0,40.0,,,,Αγία Σοφία (Κέντρο Θεσσαλονίκης),,,,,2026-10-02,,portal alert,2026-10-02T00:00:00Z
tospitimou.gr,Diamond Group,https://www.tospitimou.gr/akinito/20978471,Βούλγαρη - Άγιος Ελευθέριος - Ντεπώ (Βούλγαρη - Ντεπώ - Μαρτίου) Studio/Γκαρσονιέρα 33 τ.μ. προς ενοικίαση,rent,,360.0,33.0,,,,Βούλγαρη - Άγιος Ελευθέριος - Ντεπώ (Βούλγαρη - Ντεπώ - Μαρτίου),,,,,2026-10-02,,portal alert,2026-10-02T00:00:00Z
tospitimou.gr,Οικία Θεςσαλονίκη,https://www.tospitimou.gr/akinito/20978473,Νέα Παραλία (Ανάληψη - Μπότσαρη - Νέα Παραλία) Διαμέρισμα 120 τ.μ. προς ενοικίαση,rent,,1700.0,120.0,,,,Νέα Παραλία (Ανάληψη - Μπότσαρη - Νέα Παραλία),,,,,2026-10-02,,portal alert,2026-10-02T00:00:00Z
tospitimou.gr,Homistas,https://www.tospitimou.gr/akinito/20978592,Ευαγγελισμός - Νέος Κουκλουτζάς (Εύοσμος) Διαμέρισμα 84 τ.μ. προς ενοικίαση,rent,,630.0,84.0,,,,Ευαγγελισμός - Νέος Κουκλουτζάς (Εύοσμος),,,,,2026-10-02,,portal alert,2026-10-02T00:00:00Z
tospitimou.gr,SKOREAL,https://www.tospitimou.gr/akinito/20978625,Διοικητήριο (Κέντρο Θεσσαλονίκης) Studio/Γκαρσονιέρα 40 τ.μ. προς πώληση,sale,,110000.0,40.0,,,,Διοικητήριο (Κέντρο Θεσσαλονίκης),,,,,2026-10-02,,portal alert,2026-10-02T00:00:00Z
tospitimou.gr,abitazione,https://www.tospitimou.gr/akinito/20978626,Πλατεία Ναυαρίνου (Κέντρο Θεσσαλονίκης) Studio/Γκαρσονιέρα 30 τ.μ. προς πώληση,sale,,49000.0,30.0,,,,Πλατεία Ναυαρίνου (Κέντρο Θεσσαλονίκης),,,,,2026-10-02,,portal alert,2026-10-02T00:00:00Z
xe.gr,XE,https://www.xe.gr/p/00ed2929-d376-4518-8b0b-65b84b60ab59,Διαμέρισμα 93.0 τ.μ. 160.000 € · Σταυρούπολη,sale,,160000.0,93.0,2,1,,Σταυρούπολη,,,,2026-09-28,2026-09-28,,portal alert,2026-09-28T00:00:00Z
xe.gr,XE,https://www.xe.gr/p/03864547-5fb6-4ca7-83ab-ae4d48ab5ed1,Διαμέρισμα 62.0 τ.μ. 170.000 € · Θέρμη,,,170000.0,62.0,1,1,,Θέρμη,,,,2026-09-28,2026-09-28,,portal alert,2026-09-28T00:00:00Z
xe.gr,XE,https://www.xe.gr/p/0470a55b-0c1f-4480-895b-67479861e1ca,Διαμέρισμα 100.0 τ.μ. 680 € · Θεσσαλονίκη (Ανω Τούμπα),,,680.0,100.0,3,1,,Θεσσαλονίκη (Ανω Τούμπα),,,,2026-09-28,2026-09-28,,portal alert,2026-09-28T00:00:00Z
xe.gr,XE,https://www.xe.gr/p/07c878ee-09d7-4a18-8961-0284b32c1a4a,Διαμέρισμα 130.0 τ.μ. 400.000 € · Σταυρούπολη,sale,,400000.0,130.0,3,4,,Σταυρούπολη,,,,2026-09-28,2026-09-28,,portal alert,2026-09-28T00:00:00Z
xe.gr,XE,https://www.xe.gr/p/0c06637a-9b64-4bd7-b448-76188d407e8d,Διαμέρισμα 36.0 τ.μ. 128.000 € · Θεσσαλονίκη (Ανω Πόλη),sale,,128000.0,36.0,1,2,,Θεσσαλονίκη (Ανω Πόλη),,,,2026-09-28,2026-09-28,,portal alert,2026-09-28T00:00:00Z
xe.gr,XE,https://www.xe.gr/p/0de757b5-3b01-4012-ad9f-b170ec174641,Μονοκατοικία 80.0 τ.μ. 600 € · Εύοσμος,,,600.0,80.0,2,,,Εύοσμος,,,,2026-09-28,2026-09-28,,portal alert,2026-09-28T00:00:00Z
xe.gr,XE,https://www.xe.gr/p/0f9330f6-3b95-4bb3-a77e-2267f3efef59,Διαμέρισμα 101.0 τ.μ. 180.000 € · Πυλαία (Πυλαία),sale,,180000.0,101.0,3,2,,Πυλαία (Πυλαία),,,,2026-09-28,2026-09-28,,portal alert,2026-09-28T00:00:00Z
xe.gr,XE,https://www.xe.gr/p/1176b774-e0f3-4ef2-8e23-34ae24123d04,Διαμέρισμα 48.0 τ.μ. 600 € · Σταυρούπολη,rent,,600.0,48.0,1,2,,Σταυρούπολη,,,,2026-09-28,2026-09-28,,portal alert,2026-09-28T00:00:00Z
xe.gr,XE,https://www.xe.gr/p/149076ce-d955-4c32-9a59-68107fc7b917,Μεζονέτα 120.0 τ.μ. 353.000 € · Θεσσαλονίκη (Πυλαία),,,353000.0,120.0,3,2,,Θεσσαλονίκη (Πυλαία),,,,2026-09-28,2026-09-28,,portal alert,2026-09-28T00:00:00Z
xe.gr,XE,https://www.xe.gr/p/163605a4-7ded-4ec3-8f11-cc30f43b850b,Μεζονέτα 300.0 τ.μ. 420.000 € · Θέρμη,,,420000.0,300.0,5,,,Θέρμη,,,,2026-09-28,2026-09-28,,portal alert,2026-09-28T00:00:00Z
xe.gr,XE,https://www.xe.gr/p/16bd8c43-df24-4d49-aa80-d29bbce08bc6,Διαμέρισμα 45.0 τ.μ. 120.000 € · Θεσσαλονίκη (Κέντρο),,,120000.0,45.0,2,υπόγειο,,Θεσσαλονίκη (Κέντρο),,,,2026-09-28,2026-09-28,,portal alert,2026-09-28T00:00:00Z
xe.gr,XE,https://www.xe.gr/p/175be6b0-1dbf-4405-90da-71e7df74f603,Διαμέρισμα 25.0 τ.μ. 330 € · Θεσσαλονίκη (Βαρδάρη),,,330.0,25.0,,2,,Θεσσαλονίκη (Βαρδάρη),,,,2026-09-28,2026-09-28,,portal alert,2026-09-28T00:00:00Z
xe.gr,XE,https://www.xe.gr/p/176560fc-e90a-4532-9333-3b4277a02de7,Διαμέρισμα 136.0 τ.μ. 620.000 € · Τούμπα (Πυλαία),sale,,620000.0,136.0,3,8,,Τούμπα (Πυλαία),,,,2026-09-28,2026-09-28,,portal alert,2026-09-28T00:00:00Z
xe.gr,XE,https://www.xe.gr/p/18bad7f7-7950-480e-b09f-7948331f908e,Διαμέρισμα 141.0 τ.μ. 660.000 € · Καλαμαριά (Καλαμαριά),sale,,660000.0,141.0,3,9,,Καλαμαριά (Καλαμαριά),,,,2026-09-28,2026-09-28,,portal alert,2026-09-28T00:00:00Z
xe.gr,XE,https://www.xe.gr/p/1be84dd6-5aad-4753-bbf1-bf0435bdbbdb,Διαμέρισμα 55.0 τ.μ. 430 € · Θεσσαλονίκη (Ανω Τούμπα),rent,,430.0,55.0,1,,,Θεσσαλονίκη (Ανω Τούμπα),,,,2026-09-28,2026-09-28,,portal alert,2026-09-28T00:00:00Z
xe.gr,XE,https://www.xe.gr/p/1edf8fed-4149-4ddf-a678-36252c028360,Διαμέρισμα 28.0 τ.μ. 95.000 € · Θεσσαλονίκη (Ανω Πόλη),,,95000.0,28.0,,2,,Θεσσαλονίκη (Ανω Πόλη),,,,2026-09-28,2026-09-28,,portal alert,2026-09-28T00:00:00Z
xe.gr,XE,https://www.xe.gr/p/22497506-669b-435e-bb49-6e8b3f9408bd,Διαμέρισμα 113.0 τ.μ. 395.000 € · Θεσσαλονίκη (Χαριλάου),,,395000.0,113.0,3,6,,Θεσσαλονίκη (Χαριλάου),,,,2026-09-28,2026-09-28,,portal alert,2026-09-28T00:00:00Z
xe.gr,XE,https://www.xe.gr/p/2405d5e5-254a-4062-b9b3-b496fc4388b6,Διαμέρισμα 29.0 τ.μ. 77.000 € · Θεσσαλονίκη (Παπάφειο),,,77000.0,29.0,,υπόγειο,,Θεσσαλονίκη (Παπάφειο),,,,2026-09-28,2026-09-28,,portal alert,2026-09-28T00:00:00Z
xe.gr,XE,https://www.xe.gr/p/25350c1c-a810-49ae-9521-3a2419211fce,Διαμέρισμα 40.0 τ.μ. 450 € · Τριανδρία (Τριανδρία),,,450.0,40.0,1,1,,Τριανδρία (Τριανδρία),,,,2026-09-28,2026-09-28,,portal alert,2026-09-28T00:00:00Z
xe.gr,XE,https://www.xe.gr/p/262b6f1a-ac8a-4209-854e-e1433ee71226,Διαμέρισμα 65.0 τ.μ. 620 € · Σταυρούπολη,rent,,620.0,65.0,2,2,,Σταυρούπολη,,,,2026-09-28,2026-09-28,,portal alert,2026-09-28T00:00:00Z
xe.gr,XE,https://www.xe.gr/p/292a8813-7d68-44cb-9bc6-17d3cf859c45,Διαμέρισμα 60.0 τ.μ. 167.000 € · Θεσσαλονίκη (Κάτω Τούμπα),sale,,167000.0,60.0,2,3,,Θεσσαλονίκη (Κάτω Τούμπα),,,,2026-09-28,2026-09-28,,portal alert,2026-09-28T00:00:00Z
xe.gr,XE,https://www.xe.gr/p/29a5b871-e7c5-4c6c-bcef-e7fdba248b80,Διαμέρισμα 122.0 τ.μ. 350.000 € · Θέρμη,,,350000.0,122.0,3,2,,Θέρμη,,,,2026-09-28,2026-09-28,,portal alert,2026-09-28T00:00:00Z
xe.gr,XE,https://www.xe.gr/p/32864f31-57cd-44df-be9c-2837543783aa,Διαμέρισμα 45.0 τ.μ. 350 € · Τριανδρία (Τριανδρία),,,350.0,45.0,1,,,Τριανδρία (Τριανδρία),,,,2026-09-28,2026-09-28,,portal alert,2026-09-28T00:00:00Z
xe.gr,XE,https://www.xe.gr/p/34a594c4-e8c1-4583-870e-5db545276b97,Διαμέρισμα 65.0 τ.μ. 600 € · Θεσσαλονίκη (Ανάληψη),,,600.0,65.0,2,6,,Θεσσαλονίκη (Ανάληψη),,,,2026-09-28,2026-09-28,,portal alert,2026-09-28T00:00:00Z
xe.gr,XE,https://www.xe.gr/p/3606253a-d3f0-4e38-82e7-832c845a52cf,Διαμέρισμα 90.0 τ.μ. 700 € · Θεσσαλονίκη (Παπάφειο),,,700.0,90.0,2,1,,Θεσσαλονίκη (Παπάφειο),,,,2026-09-28,2026-09-28,,portal alert,2026-09-28T00:00:00Z
xe.gr,XE,https://www.xe.gr/p/3868747f-7499-4716-9290-33c2ec437cd7,Μονοκατοικία 270.0 τ.μ. 550.000 € · Πυλαία (Πυλαία),sale,,550000.0,270.0,5,,,Πυλαία (Πυλαία),,,,2026-09-28,2026-09-28,,portal alert,2026-09-28T00:00:00Z
xe.gr,XE,https://www.xe.gr/p/3b7277c5-26dd-4801-baf6-58169b09278c,Διαμέρισμα 54.0 τ.μ. 175.000 € · Θεσσαλονίκη (Πυλαία),sale,,175000.0,54.0,1,5,,Θεσσαλονίκη (Πυλαία),,,,2026-09-28,2026-09-28,,portal alert,2026-09-28T00:00:00Z
xe.gr,XE,https://www.xe.gr/p/3df36049-86de-4d38-b5cf-27a7f918fe35,Διαμέρισμα 108.0 τ.μ. 185.000 € · Θεσσαλονίκη (Ανω Τούμπα),sale,,185000.0,108.0,3,1,,Θεσσαλονίκη (Ανω Τούμπα),,,,2026-09-28,2026-09-28,,portal alert,2026-09-28T00:00:00Z
xe.gr,XE,https://www.xe.gr/p/3fc97c5a-9a5b-4382-83d0-68b34033ed34,Διαμέρισμα 40.0 τ.μ. 500 € · Θεσσαλονίκη (Παπάφειο),rent,,500.0,40.0,1,2,,Θεσσαλονίκη (Παπάφειο),,,,2026-09-28,2026-09-28,,portal alert,2026-09-28T00:00:00Z
xe.gr,XE,https://www.xe.gr/p/40fda39d-623a-4957-b916-3274ca6de90d,Διαμέρισμα 80.0 τ.μ. 140.000 € · Θεσσαλονίκη (Φάληρο),,,140000.0,80.0,2,3,,Θεσσαλονίκη (Φάληρο),,,,2026-09-28,2026-09-28,,portal alert,2026-09-28T00:00:00Z
xe.gr,XE,https://www.xe.gr/p/4575bb9e-689d-4652-90f6-bd28921f4012,Διαμέρισμα 121.0 τ.μ. 430.000 € · Πυλαία (Πυλαία),sale,,430000.0,121.0,3,2,,Πυλαία (Πυλαία),,,,2026-09-28,2026-09-28,,portal alert,2026-09-28T00:00:00Z
xe.gr,XE,https://www.xe.gr/p/47300210-1430-46bd-a201-5ef5f72c037d,Διαμέρισμα 45.0 τ.μ. 55.000 € · Τριανδρία (Τριανδρία),sale,,55000.0,45.0,1,υπόγειο,,Τριανδρία (Τριανδρία),,,,2026-09-28,2026-09-28,,portal alert,2026-09-28T00:00:00Z
xe.gr,XE,https://www.xe.gr/p/48f79a56-6cd7-4e0b-aefc-62a92aa84617,Διαμέρισμα 116.0 τ.μ. 1.100 € · Θεσσαλονίκη (Ανω Τούμπα),rent,,1100.0,116.0,3,3,,Θεσσαλονίκη (Ανω Τούμπα),,,,2026-09-28,2026-09-28,,portal alert,2026-09-28T00:00:00Z
xe.gr,XE,https://www.xe.gr/p/4a472797-aec5-4f4f-b7d2-4a5135eda565,Διαμέρισμα 30.0 τ.μ. 100.000 € · Θεσσαλονίκη (Παπάφειο),sale,,100000.0,30.0,,,,Θεσσαλονίκη (Παπάφειο),,,,2026-09-28,2026-09-28,,portal alert,2026-09-28T00:00:00Z
xe.gr,XE,https://www.xe.gr/p/4b1397d9-154f-4344-a85c-76a7b2b36a4c,Διαμέρισμα 35.0 τ.μ. 400 € · Θεσσαλονίκη (Ανάληψη),,,400.0,35.0,,υπόγειο,,Θεσσαλονίκη (Ανάληψη),,,,2026-09-28,2026-09-28,,portal alert,2026-09-28T00:00:00Z
xe.gr,XE,https://www.xe.gr/p/4dd1b842-3c6c-40d6-9b19-585ab4c409fa,Διαμέρισμα 54.0 τ.μ. 170.000 € · Θεσσαλονίκη (Πυλαία),,,170000.0,54.0,1,4,,Θεσσαλονίκη (Πυλαία),,,,2026-09-28,2026-09-28,,portal alert,2026-09-28T00:00:00Z
xe.gr,XE,https://www.xe.gr/p/4f2dc0f5-9f77-4406-a834-b094042686e0,Διαμέρισμα 60.0 τ.μ. 195.000 € · Θεσσαλονίκη (Χαριλάου),,,195000.0,60.0,1,1,,Θεσσαλονίκη (Χαριλάου),,,,2026-09-28,2026-09-28,,portal alert,2026-09-28T00:00:00Z
xe.gr,XE,https://www.xe.gr/p/52a440df-b54a-40bd-ba9b-85289c4badf8,Διαμέρισμα 65.0 τ.μ. 550 € · Ασβεστοχώρι,rent,,550.0,65.0,2,,,Ασβεστοχώρι,,,,2026-09-28,2026-09-28,,portal alert,2026-09-28T00:00:00Z
xe.gr,XE,https://www.xe.gr/p/5ef2dac5-88ed-4376-9202-c9366b272188,Μονοκατοικία 250.0 τ.μ. 500.000 € · Πανόραμα,sale,,500000.0,250.0,5,,,Πανόραμα,,,,2026-09-28,2026-09-28,,portal alert,2026-09-28T00:00:00Z
xe.gr,XE,https://www.xe.gr/p/6536640c-817e-4826-ac94-e2e9148ea4bb,Διαμέρισμα 38.0 τ.μ. 186.000 € · Θεσσαλονίκη (Κέντρο),sale,,186000.0,38.0,1,2,,Θεσσαλονίκη (Κέντρο),,,,2026-09-28,2026-09-28,,portal alert,2026-09-28T00:00:00Z
xe.gr,XE,https://www.xe.gr/p/6810df38-3138-407f-9393-44aa1d3eab71,Διαμέρισμα 140.0 τ.μ. 375.000 € · Θέρμη,,,375000.0,140.0,3,2,,Θέρμη,,,,2026-09-28,2026-09-28,,portal alert,2026-09-28T00:00:00Z
xe.gr,XE,https://www.xe.gr/p/69f7a432-669e-489f-8d68-b385d6fcd8aa,Διαμέρισμα 114.0 τ.μ. 175.000 € · Καλαμαριά (Καλαμαριά),sale,,175000.0,114.0,3,2,,Καλαμαριά (Καλαμαριά),,,,2026-09-28,2026-09-28,,portal alert,2026-09-28T00:00:00Z
xe.gr,XE,https://www.xe.gr/p/70f79171-40a9-4ff5-ba27-5e3d959ff001,Διαμέρισμα 32.0 τ.μ. 400 € · Θεσσαλονίκη (Φάληρο),rent,,400.0,32.0,1,3,,Θεσσαλονίκη (Φάληρο),,,,2026-09-28,2026-09-28,,portal alert,2026-09-28T00:00:00Z
xe.gr,XE,https://www.xe.gr/p/7746e1d7-f7ee-4b82-92ea-8b59a3d277d4,Διαμέρισμα 54.0 τ.μ. 165.000 € · Θεσσαλονίκη (Πυλαία),,,165000.0,54.0,1,1,,Θεσσαλονίκη (Πυλαία),,,,2026-09-28,2026-09-28,,portal alert,2026-09-28T00:00:00Z
xe.gr,XE,https://www.xe.gr/p/77e20472-6887-455d-9f59-03a1b702c168,Διαμέρισμα 55.0 τ.μ. 470 € · Θεσσαλονίκη (Κέντρο),,,470.0,55.0,1,7,,Θεσσαλονίκη (Κέντρο),,,,2026-09-28,2026-09-28,,portal alert,2026-09-28T00:00:00Z
xe.gr,XE,https://www.xe.gr/p/7e758dbc-a218-44df-9fc3-2e2e63cc962d,Διαμέρισμα 94.0 τ.μ. 700 € · Εύοσμος,rent,,700.0,94.0,2,1,,Εύοσμος,,,,2026-09-28,2026-09-28,,portal alert,2026-09-28T00:00:00Z
xe.gr,XE,https://www.xe.gr/p/80ec705f-6253-4ec0-86f5-43de22350244,Διαμέρισμα 35.0 τ.μ. 104.000 € · Θεσσαλονίκη (Ανω Πόλη),sale,,104000.0,35.0,1,2,,Θεσσαλονίκη (Ανω Πόλη),,,,2026-09-28,2026-09-28,,portal alert,2026-09-28T00:00:00Z
xe.gr,XE,https://www.xe.gr/p/842a39ed-b7a5-41e2-8110-5704c27bfd96,Διαμέρισμα 33.0 τ.μ. 165.000 € · Θεσσαλονίκη (Κέντρο),sale,,165000.0,33.0,1,3,,Θεσσαλονίκη (Κέντρο),,,,2026-09-28,2026-09-28,,portal alert,2026-09-28T00:00:00Z
xe.gr,XE,https://www.xe.gr/p/85249b3a-6f54-4d08-a2aa-47501a8f85ca,Διαμέρισμα 52.0 τ.μ. 158.000 € · Θεσσαλονίκη (Βαρδάρη),,,158000.0,52.0,1,6,,Θεσσαλονίκη (Βαρδάρη),,,,2026-09-28,2026-09-28,,portal alert,2026-09-28T00:00:00Z
xe.gr,XE,https://www.xe.gr/p/8ab237ee-0354-47b9-8700-d014f4cd571b,Διαμέρισμα 25.0 τ.μ. 70.000 € · Θεσσαλονίκη (Ανω Τούμπα),,,70000.0,25.0,1,,,Θεσσαλονίκη (Ανω Τούμπα),,,,2026-09-28,2026-09-28,,portal alert,2026-09-28T00:00:00Z
xe.gr,XE,https://www.xe.gr/p/8c1ec5ac-29ff-4d0b-81e5-1416eac0b5fb,Διαμέρισμα 51.0 τ.μ. 165.000 € · Θεσσαλονίκη (Φάληρο),,,165000.0,51.0,1,3,,Θεσσαλονίκη (Φάληρο),,,,2026-09-28,2026-09-28,,portal alert,2026-09-28T00:00:00Z
xe.gr,XE,https://www.xe.gr/p/8d4b2231-2931-46d4-9b3a-20f4374c00be,Διαμέρισμα 55.0 τ.μ. 165.000 € · Πυλαία (Πυλαία),,,165000.0,55.0,1,1,,Πυλαία (Πυλαία),,,,2026-09-28,2026-09-28,,portal alert,2026-09-28T00:00:00Z
xe.gr,XE,https://www.xe.gr/p/8d8eabd7-8fd9-4dcb-a1cc-e2b573052cbd,Διαμέρισμα 35.0 τ.μ. 80.000 € · Θεσσαλονίκη (Κάτω Τούμπα),,,80000.0,35.0,1,,,Θεσσαλονίκη (Κάτω Τούμπα),,,,2026-09-28,2026-09-28,,portal alert,2026-09-28T00:00:00Z
xe.gr,XE,https://www.xe.gr/p/8faaa245-f479-420a-8242-98c55daadad0,Διαμέρισμα 35.0 τ.μ. 115.000 € · Θεσσαλονίκη (Φάληρο),sale,,115000.0,35.0,,5,,Θεσσαλονίκη (Φάληρο),,,,2026-09-28,2026-09-28,,portal alert,2026-09-28T00:00:00Z
xe.gr,XE,https://www.xe.gr/p/8fe0d322-3099-48cc-a57a-c6a47d07e711,Διαμέρισμα 85.0 τ.μ. 700 € · Θεσσαλονίκη (Κέντρο),rent,,700.0,85.0,2,6,,Θεσσαλονίκη (Κέντρο),,,,2026-09-28,2026-09-28,,portal alert,2026-09-28T00:00:00Z
xe.gr,XE,https://www.xe.gr/p/9234949b-3565-4737-b663-d47fe4cc680a,Διαμέρισμα 51.0 τ.μ. 170.000 € · Θεσσαλονίκη (Κάτω Τούμπα),,,170000.0,51.0,1,2,,Θεσσαλονίκη (Κάτω Τούμπα),,,,2026-09-28,2026-09-28,,portal alert,2026-09-28T00:00:00Z
xe.gr,XE,https://www.xe.gr/p/9424d9ea-c63f-48cb-a677-062a57f0ad5c,Διαμέρισμα 91.0 τ.μ. 250.000 € · Θεσσαλονίκη (Ανω Τούμπα),sale,,250000.0,91.0,3,2,,Θεσσαλονίκη (Ανω Τούμπα),,,,2026-09-28,2026-09-28,,portal alert,2026-09-28T00:00:00Z
xe.gr,XE,https://www.xe.gr/p/9653a417-6082-447a-bde6-b9d29f7e38f8,Διαμέρισμα 28.0 τ.μ. 113.500 € · Θεσσαλονίκη (Πυλαία),,,113500.0,28.0,,1,,Θεσσαλονίκη (Πυλαία),,,,2026-09-28,2026-09-28,,portal alert,2026-09-28T00:00:00Z
xe.gr,XE,https://www.xe.gr/p/986434cb-8144-4b3a-9b15-8367861807c9,Μονοκατοικία 450.0 τ.μ. 1.150.000 € · Θέρμη,sale,,1150000.0,450.0,4,,,Θέρμη,,,,2026-09-28,2026-09-28,,portal alert,2026-09-28T00:00:00Z
xe.gr,XE,https://www.xe.gr/p/9a31a156-639a-4398-9f75-3fac4f708c60,Διαμέρισμα 60.0 τ.μ. 650 € · Θεσσαλονίκη (Κάτω Τούμπα),rent,,650.0,60.0,2,,,Θεσσαλονίκη (Κάτω Τούμπα),,,,2026-09-28,2026-09-28,,portal alert,2026-09-28T00:00:00Z
xe.gr,XE,https://www.xe.gr/p/9e642fd8-b491-467f-a900-6eb46a18cb10,Διαμέρισμα 25.0 τ.μ. 95.000 € · Θεσσαλονίκη (Ανω Πόλη),,,95000.0,25.0,,2,,Θεσσαλονίκη (Ανω Πόλη),,,,2026-09-28,2026-09-28,,portal alert,2026-09-28T00:00:00Z
xe.gr,XE,https://www.xe.gr/p/9f88c7dc-18d2-4f6e-923e-961e560d43f1,Διαμέρισμα 50.0 τ.μ. 530 € · Θεσσαλονίκη (Ανω Τούμπα),rent,,530.0,50.0,1,1,,Θεσσαλονίκη (Ανω Τούμπα),,,,2026-09-28,2026-09-28,,portal alert,2026-09-28T00:00:00Z
xe.gr,XE,https://www.xe.gr/p/a0d8f5cc-2f66-4592-a42b-5b129be94ceb,Διαμέρισμα 100.0 τ.μ. 270.000 € · Θέρμη,,,270000.0,100.0,2,1,,Θέρμη,,,,2026-09-28,2026-09-28,,portal alert,2026-09-28T00:00:00Z
xe.gr,XE,https://www.xe.gr/p/a81f07f0-08c3-4bd2-b371-cd61c26044e2,Διαμέρισμα 75.0 τ.μ. 230.000 € · Θεσσαλονίκη (Ανω Τούμπα),,,230000.0,75.0,2,1,,Θεσσαλονίκη (Ανω Τούμπα),,,,2026-09-28,2026-09-28,,portal alert,2026-09-28T00:00:00Z
xe.gr,XE,https://www.xe.gr/p/ad5f50e2-478c-416a-a2de-00694fdc0ec7,Διαμέρισμα 50.0 τ.μ. 550 € · Καλαμαριά (Καλαμαριά),rent,,550.0,50.0,1,,,Καλαμαριά (Καλαμαριά),,,,2026-09-28,2026-09-28,,portal alert,2026-09-28T00:00:00Z
xe.gr,XE,https://www.xe.gr/p/ae5e17e6-4422-4c54-ac6f-3ddc33677f84,Μεζονέτα 116.0 τ.μ. 350.000 € · Πανόραμα,sale,,350000.0,116.0,3,,,Πανόραμα,,,,2026-09-28,2026-09-28,,portal alert,2026-09-28T00:00:00Z
xe.gr,XE,https://www.xe.gr/p/b5509d7c-4da7-4387-826f-5b1b97e37c3f,Διαμέρισμα 37.0 τ.μ. 138.000 € · Θεσσαλονίκη (Φάληρο),,,138000.0,37.0,1,3,,Θεσσαλονίκη (Φάληρο),,,,2026-09-28,2026-09-28,,portal alert,2026-09-28T00:00:00Z
xe.gr,XE,https://www.xe.gr/p/b9875f22-084a-4bee-a328-4e1a52372ed5,Διαμέρισμα 90.0 τ.μ. 720 € · Πυλαία (Πυλαία),rent,,720.0,90.0,2,5,,Πυλαία (Πυλαία),,,,2026-09-28,2026-09-28,,portal alert,2026-09-28T00:00:00Z
xe.gr,XE,https://www.xe.gr/p/bcd12329-b112-41c3-a939-b603f38d96eb,Διαμέρισμα 50.0 τ.μ. 430 € · Θεσσαλονίκη (Φάληρο),rent,,430.0,50.0,1,2,,Θεσσαλονίκη (Φάληρο),,,,2026-09-28,2026-09-28,,portal alert,2026-09-28T00:00:00Z
xe.gr,XE,https://www.xe.gr/p/c0e786a8-791a-4974-b6d1-6245a077c1d7,Διαμέρισμα 78.0 τ.μ. 180.000 € · Θεσσαλονίκη (Βαρδάρη),,,180000.0,78.0,2,2,,Θεσσαλονίκη (Βαρδάρη),,,,2026-09-28,2026-09-28,,portal alert,2026-09-28T00:00:00Z
xe.gr,XE,https://www.xe.gr/p/c12e59cf-b85a-4504-ab49-4a93a7c3af9e,Διαμέρισμα 55.0 τ.μ. 750 € · Πυλαία (Πυλαία),rent,,750.0,55.0,2,1,,Πυλαία (Πυλαία),,,,2026-09-28,2026-09-28,,portal alert,2026-09-28T00:00:00Z
xe.gr,XE,https://www.xe.gr/p/d05ba126-b370-4679-a9c2-a871b111a8dd,Διαμέρισμα 30.0 τ.μ. 380 € · Θεσσαλονίκη (Ανω Πόλη),rent,,380.0,30.0,1,1,,Θεσσαλονίκη (Ανω Πόλη),,,,2026-09-28,2026-09-28,,portal alert,2026-09-28T00:00:00Z
xe.gr,XE,https://www.xe.gr/p/d18a7b92-966a-44a9-91cb-08ec306a7385,Διαμέρισμα 56.0 τ.μ. 185.000 € · Θεσσαλονίκη (Κάτω Τούμπα),,,185000.0,56.0,1,2,,Θεσσαλονίκη (Κάτω Τούμπα),,,,2026-09-28,2026-09-28,,portal alert,2026-09-28T00:00:00Z
xe.gr,XE,https://www.xe.gr/p/d273212e-82c1-4ee6-8a8f-80a1731803a7,Διαμέρισμα 32.0 τ.μ. 115.000 € · Θεσσαλονίκη (Παπάφειο),sale,,115000.0,32.0,,2,,Θεσσαλονίκη (Παπάφειο),,,,2026-09-28,2026-09-28,,portal alert,2026-09-28T00:00:00Z
xe.gr,XE,https://www.xe.gr/p/d649dc42-bb8b-42c5-bb16-cca3caddc454,Διαμέρισμα 67.0 τ.μ. 230.000 € · Θεσσαλονίκη (Πυλαία),,,230000.0,67.0,1,6,,Θεσσαλονίκη (Πυλαία),,,,2026-09-28,2026-09-28,,portal alert,2026-09-28T00:00:00Z
xe.gr,XE,https://www.xe.gr/p/d712e2c9-5900-494e-b902-efbcd31d8f0f,Διαμέρισμα 54.0 τ.μ. 165.000 € · Θεσσαλονίκη (Πυλαία),sale,,165000.0,54.0,1,1,,Θεσσαλονίκη (Πυλαία),,,,2026-09-28,2026-09-28,,portal alert,2026-09-28T00:00:00Z
xe.gr,XE,https://www.xe.gr/p/d7316763-5cc0-4a03-9e46-323bb68185e3,Διαμέρισμα 85.0 τ.μ. 680 € · Θεσσαλονίκη (Ντεπώ),,,680.0,85.0,2,2,,Θεσσαλονίκη (Ντεπώ),,,,2026-09-28,2026-09-28,,portal alert,2026-09-28T00:00:00Z
xe.gr,XE,https://www.xe.gr/p/d9d63ad0-50e2-441f-9096-aadd4aaa51e1,Διαμέρισμα 27.0 τ.μ. 70.000 € · Θεσσαλονίκη (Παπάφειο),,,70000.0,27.0,,υπόγειο,,Θεσσαλονίκη (Παπάφειο),,,,2026-09-28,2026-09-28,,portal alert,2026-09-28T00:00:00Z
xe.gr,XE,https://www.xe.gr/p/da2d4cfb-21d7-4461-8994-188661bff0eb,Μεζονέτα 250.0 τ.μ. 600.000 € · Πυλαία (Πυλαία),sale,,600000.0,250.0,5,,,Πυλαία (Πυλαία),,,,2026-09-28,2026-09-28,,portal alert,2026-09-28T00:00:00Z
xe.gr,XE,https://www.xe.gr/p/daca7534-8469-4a00-8f54-dc60aeb821fb,Διαμέρισμα 30.0 τ.μ. 157.000 € · Θεσσαλονίκη (Φάληρο),sale,,157000.0,30.0,1,6,,Θεσσαλονίκη (Φάληρο),,,,2026-09-28,2026-09-28,,portal alert,2026-09-28T00:00:00Z
xe.gr,XE,https://www.xe.gr/p/db06cb4b-92f6-49fe-8891-373214159ecd,Διαμέρισμα 114.0 τ.μ. 250.000 € · Θεσσαλονίκη (Ανω Τούμπα),sale,,250000.0,114.0,3,1,,Θεσσαλονίκη (Ανω Τούμπα),,,,2026-09-28,2026-09-28,,portal alert,2026-09-28T00:00:00Z
xe.gr,XE,https://www.xe.gr/p/dda2f828-a308-41c7-a0b3-42162ccf70ea,Διαμέρισμα 122.0 τ.μ. 353.000 € · Θεσσαλονίκη (Πυλαία),,,353000.0,122.0,3,1,,Θεσσαλονίκη (Πυλαία),,,,2026-09-28,2026-09-28,,portal alert,2026-09-28T00:00:00Z
xe.gr,XE,https://www.xe.gr/p/df53a68e-ec5b-4569-ac31-b3f9dfdd0a50,Μεζονέτα 125.0 τ.μ. 245.000 € · Θέρμη,,,245000.0,125.0,2,2,,Θέρμη,,,,2026-09-28,2026-09-28,,portal alert,2026-09-28T00:00:00Z
xe.gr,XE,https://www.xe.gr/p/df55838a-50dc-478a-ba40-44d02e0d7ff3,Διαμέρισμα 50.0 τ.μ. 132.000 € · Θεσσαλονίκη (Κάτω Τούμπα),sale,,132000.0,50.0,1,3,,Θεσσαλονίκη (Κάτω Τούμπα),,,,2026-09-28,2026-09-28,,portal alert,2026-09-28T00:00:00Z
xe.gr,XE,https://www.xe.gr/p/df572578-401c-4b6b-a856-3a1adcfc2094,Διαμέρισμα 40.0 τ.μ. 115.000 € · Θεσσαλονίκη (Ανω Πόλη),sale,,115000.0,40.0,1,1,,Θεσσαλονίκη (Ανω Πόλη),,,,2026-09-28,2026-09-28,,portal alert,2026-09-28T00:00:00Z
xe.gr,XE,https://www.xe.gr/p/e022e86a-196a-47e6-85dd-64d6e1c29090,Διαμέρισμα 82.0 τ.μ. 160.000 € · Θεσσαλονίκη (Χαριλάου),,,160000.0,82.0,2,3,,Θεσσαλονίκη (Χαριλάου),,,,2026-09-28,2026-09-28,,portal alert,2026-09-28T00:00:00Z
xe.gr,XE,https://www.xe.gr/p/e15ff5e0-09e0-4078-bf26-716b9431e9eb,Διαμέρισμα 54.0 τ.μ. 550 € · Θεσσαλονίκη (Ανω Πόλη),rent,,550.0,54.0,2,1,,Θεσσαλονίκη (Ανω Πόλη),,,,2026-09-28,2026-09-28,,portal alert,2026-09-28T00:00:00Z
xe.gr,XE,https://www.xe.gr/p/e540113f-51c7-41d6-9b26-f1e02d23fb00,Διαμέρισμα 100.0 τ.μ. 2.850 € · Θεσσαλονίκη (Κάτω Τούμπα),,,2850.0,100.0,2,7,,Θεσσαλονίκη (Κάτω Τούμπα),,,,2026-09-28,2026-09-28,,portal alert,2026-09-28T00:00:00Z
xe.gr,XE,https://www.xe.gr/p/e6957411-78c1-47d4-85c1-dc48655b2642,Διαμέρισμα 45.0 τ.μ. 470 € · Θεσσαλονίκη (Ανάληψη),rent,,470.0,45.0,1,υπόγειο,,Θεσσαλονίκη (Ανάληψη),,,,2026-09-28,2026-09-28,,portal alert,2026-09-28T00:00:00Z
xe.gr,XE,https://www.xe.gr/p/e73d511f-8892-4b94-9982-ef972a0fa45c,Διαμέρισμα 54.0 τ.μ. 250.000 € · Τούμπα (Πυλαία),,,250000.0,54.0,1,8,,Τούμπα (Πυλαία),,,,2026-09-28,2026-09-28,,portal alert,2026-09-28T00:00:00Z
xe.gr,XE,https://www.xe.gr/p/eef7cb5b-c9c1-411d-9240-84c9f98ca0d6,Διαμέρισμα 35.0 τ.μ. 80.000 € · Θεσσαλονίκη (Κάτω Τούμπα),,,80000.0,35.0,1,,,Θεσσαλονίκη (Κάτω Τούμπα),,,,2026-09-28,2026-09-28,,portal alert,2026-09-28T00:00:00Z
xe.gr,XE,https://www.xe.gr/p/ef2ca6bc-ebe5-4331-a10e-056b1b5a5db9,Διαμέρισμα 20.0 τ.μ. 115.000 € · Θεσσαλονίκη (Φάληρο),sale,,115000.0,20.0,1,6,,Θεσσαλονίκη (Φάληρο),,,,2026-09-28,2026-09-28,,portal alert,2026-09-28T00:00:00Z
xe.gr,XE,https://www.xe.gr/p/ef320cb6-7211-42d9-8526-7a1b6a2ef760,Διαμέρισμα 70.0 τ.μ. 550 € · Θεσσαλονίκη (Ανω Τούμπα),rent,,550.0,70.0,2,,,Θεσσαλονίκη (Ανω Τούμπα),,,,2026-09-28,2026-09-28,,portal alert,2026-09-28T00:00:00Z
xe.gr,XE,https://www.xe.gr/p/f4834a02-fc25-489f-82dc-d3b919186dcd,Διαμέρισμα 42.0 τ.μ. 550 € · Πυλαία (Πυλαία),rent,,550.0,42.0,1,,,Πυλαία (Πυλαία),,,,2026-09-28,2026-09-28,,portal alert,2026-09-28T00:00:00Z
xe.gr,XE,https://www.xe.gr/p/f7a153ae-a268-4d48-a185-9346d443db91,Διαμέρισμα 77.0 τ.μ. 550 € · Σταυρούπολη,,,550.0,77.0,2,3,,Σταυρούπολη,,,,2026-09-28,2026-09-28,,portal alert,2026-09-28T00:00:00Z
xe.gr,XE,https://www.xe.gr/p/f9dc4c92-84c1-4509-96a3-bac00a25e8d6,Διαμέρισμα 141.0 τ.μ. 290.000 € · Εύοσμος,sale,,290000.0,141.0,3,4,,Εύοσμος,,,,2026-09-28,2026-09-28,,portal alert,2026-09-28T00:00:00Z
xe.gr,XE,https://www.xe.gr/p/fbf60554-b4c7-499d-87ea-509a331aa90a,Διαμέρισμα 68.0 τ.μ. 300 € · Θεσσαλονίκη (40 Εκκλησιές),rent,,300.0,68.0,2,,,Θεσσαλονίκη (40 Εκκλησιές),,,,2026-09-28,2026-09-28,,portal alert,2026-09-28T00:00:00Z
xe.gr,XE,https://www.xe.gr/p/ff9f175d-9dc4-4a9c-9d36-9b17ebe3b84e,Διαμέρισμα 55.0 τ.μ. 160.000 € · Θέρμη,,,160000.0,55.0,1,1,,Θέρμη,,,,2026-09-28,2026-09-28,,portal alert,2026-09-28T00:00:00Z
xe.gr,XE,https://www.xe.gr/property/d/poliseis-katoikion/6212e44e-4811-47e3-a88c-6c5e8bcb07a9/stayroypolh-65000-50?country=GR,Διαμέρισμα 50.0 τ.μ. 65.000 € · Σταυρούπολη,sale,,65000.0,50.0,1,,,Σταυρούπολη,,,,2026-09-28,2026-09-28,,portal alert,2026-09-28T00:00:00Z
xe.gr,XE,https://www.xe.gr/property/d/poliseis-katoikion/9ed2f86f-ebd9-476f-8e48-99fa48357899/sykies-72000-37?country=GR,Διαμέρισμα 37.0 τ.μ. 72.000 € · Συκιές,sale,,72000.0,37.0,1,,,Συκιές,,,,2026-09-27,2026-09-27,,portal alert,2026-09-27T00:00:00Z
