source_domain,agency,url,title,transaction,type,price_eur,area_m2,bedrooms,floor,year_built,location,lat,lon,image,date_published,date_updated,date_sitemap,date_source,scraped_at,xe_id,checked_at,seen_at
xe.gr,Alvanoudis Real Estate,https://www.xe.gr/property/d/enoikiaseis-epaggelmatikon-xoron/00dc7a34-4725-4e3f-81b9-2ab455f68d4e/thessalonikh-kentro-3500-48,Κατάστημα 48 τ.μ. · Θεσσαλονίκη (Κέντρο),rent,store,3500.0,48.0,,Ισόγ.,1949,Θεσσαλονίκη (Κέντρο),40.6360536,22.943108,,2026-01-29,,,xe.gr agency page,2026-10-01T17:56:46Z,00dc7a34-4725-4e3f-81b9-2ab455f68d4e,2026-10-01,2026-10-01
xe.gr,Papastefanou Real,https://www.xe.gr/property/d/enoikiaseis-epaggelmatikon-xoron/035f197a-53ee-4b70-a043-29740b27ccd2/eyosmos-7000-1610,Κατάστημα 1.610 τ.μ. · Εύοσμος,rent,store,7000.0,1.61,3,Ισόγ.,1980,Εύοσμος,,,,2026-09-24,,,xe.gr agency page,2026-10-01T17:56:46Z,035f197a-53ee-4b70-a043-29740b27ccd2,2026-10-01,2026-10-01
xe.gr,Anyhome,https://www.xe.gr/property/d/enoikiaseis-epaggelmatikon-xoron/05fb7ded-6138-4e89-a5ec-f0d439fd65f5/wraiokastro-17000-3700,Βιοτεχνικός χώρος 3.700 τ.μ. · Ωραιόκαστρο,rent,,17000.0,3.7,2,Ισόγ.,2008,Ωραιόκαστρο,,,,2026-10-01,,,xe.gr agency page,2026-10-01T17:56:46Z,05fb7ded-6138-4e89-a5ec-f0d439fd65f5,2026-10-01,2026-10-01
xe.gr,Ihouse,https://www.xe.gr/property/d/enoikiaseis-epaggelmatikon-xoron/07085db6-2361-44c2-bc7a-79c6dcd81403/thessalonikh-analhpsh-500-47,Κατάστημα 47 τ.μ. · Θεσσαλονίκη (Ανάληψη),rent,store,500.0,47.0,,Ισόγ.,1980,Θεσσαλονίκη (Ανάληψη),40.606524,22.9529871,,2025-12-25,,,xe.gr agency page,2026-10-01T17:56:46Z,07085db6-2361-44c2-bc7a-79c6dcd81403,2026-10-01,2026-10-01
xe.gr,Abitazione,https://www.xe.gr/property/d/enoikiaseis-epaggelmatikon-xoron/070e5f0b-f4ad-49f2-a3ef-bfc7f1446150/stayroypolh-3000-1500,Κατάστημα 1.500 τ.μ. · Σταυρούπολη,rent,store,3000.0,1.5,,Ισόγ.,1960,Σταυρούπολη,,,,2026-07-02,,,xe.gr agency page,2026-10-01T17:56:46Z,070e5f0b-f4ad-49f2-a3ef-bfc7f1446150,2026-10-01,2026-10-01
xe.gr,Anyhome,https://www.xe.gr/property/d/enoikiaseis-epaggelmatikon-xoron/0cca6af7-97a9-4a05-bb4a-c17c48005d8b/thessalonikh-xhrokrhnh-2200-636,Κατάστημα 636 τ.μ. · Θεσσαλονίκη (Ξηροκρήνη),rent,store,2200.0,636.0,3,Ισόγ.,1990,Θεσσαλονίκη (Ξηροκρήνη),,,,2026-09-30,,,xe.gr agency page,2026-10-01T17:56:46Z,0cca6af7-97a9-4a05-bb4a-c17c48005d8b,2026-10-01,2026-10-01
xe.gr,Aspis Real Estate Θεσσαλονίκη Κέντρο – Δυτική,https://www.xe.gr/property/d/enoikiaseis-epaggelmatikon-xoron/0d609a40-6e77-489b-b076-6c97610e8714/thessalonikh-xhrokrhnh-7000-900,Κτίριο επαγγελματικών χώρων 900 τ.μ. · Θεσσαλονίκη (Ξηροκρήνη),rent,,7000.0,900.0,,,,Θεσσαλονίκη (Ξηροκρήνη),,,,2026-09-17,,,xe.gr agency page,2026-10-01T17:56:46Z,0d609a40-6e77-489b-b076-6c97610e8714,2026-10-01,2026-10-01
xe.gr,ARCUS REAL ESTATE,https://www.xe.gr/property/d/enoikiaseis-epaggelmatikon-xoron/0e020e12-fb60-47a6-af39-3bbef29b9a09/moschato-lachanagora-800-140,Αίθουσα 140 τ.μ. · Μοσχάτο (Λαχαναγορά),rent,,800.0,140.0,,Ημιυπ.,2000,Μοσχάτο (Λαχαναγορά),,,,2026-09-17,,,xe.gr agency page,2026-10-01T17:56:46Z,0e020e12-fb60-47a6-af39-3bbef29b9a09,2026-10-01,2026-10-01
xe.gr,noikiaseto.gr,https://www.xe.gr/property/d/enoikiaseis-epaggelmatikon-xoron/0e8ee52b-a2e7-4472-828c-c26c623b0ad1/sykies-450-100,Γραφείο 100 τ.μ. · Συκιές,rent,office,450.0,100.0,2,Ημιώρ.,1980,Συκιές,,,,2026-09-10,,,xe.gr agency page,2026-10-01T17:56:46Z,0e8ee52b-a2e7-4472-828c-c26c623b0ad1,2026-10-01,2026-10-01
xe.gr,Papastefanou Real,https://www.xe.gr/property/d/enoikiaseis-epaggelmatikon-xoron/11f82048-6332-4bc7-9db3-593eb1b63f35/thessalonikh-ntepw-550-115,Γραφείο 115 τ.μ. · Θεσσαλονίκη (Ντεπώ),rent,office,550.0,115.0,,1ος,1980,Θεσσαλονίκη (Ντεπώ),,,,2026-06-25,,,xe.gr agency page,2026-10-01T17:56:46Z,11f82048-6332-4bc7-9db3-593eb1b63f35,2026-10-01,2026-10-01
xe.gr,Papastefanou Real,https://www.xe.gr/property/d/enoikiaseis-epaggelmatikon-xoron/139adc9a-41a4-43f7-9123-aa1d051e6e28/stayroypolh-300-35,Κατάστημα 35 τ.μ. · Σταυρούπολη,rent,store,300.0,35.0,1,Ισόγ.,1980,Σταυρούπολη,,,,2026-09-25,,,xe.gr agency page,2026-10-01T17:56:46Z,139adc9a-41a4-43f7-9123-aa1d051e6e28,2026-10-01,2026-10-01
xe.gr,Oikies Real Estate,https://www.xe.gr/property/d/enoikiaseis-epaggelmatikon-xoron/1567cf59-4e7c-4242-a522-5d1fe154ef1a/thessalonikh-dikasthria-1050-45,Γραφείο 45 τ.μ. · Θεσσαλονίκη (Δικαστήρια),rent,office,1050.0,45.0,,9ος,2004,Θεσσαλονίκη (Δικαστήρια),40.6399639,22.935217,,2026-09-24,,,xe.gr agency page,2026-10-01T17:56:46Z,1567cf59-4e7c-4242-a522-5d1fe154ef1a,2026-10-01,2026-10-01
xe.gr,Katerina Mandalianou Realty & Design,https://www.xe.gr/property/d/enoikiaseis-epaggelmatikon-xoron/179d4ce5-0468-4ebd-9eb3-0a7cbcfc91a4/eyosmos-5000-620,Κατάστημα 620 τ.μ. · Εύοσμος,rent,store,5000.0,620.0,2,Ισόγ.,2026,Εύοσμος,40.6769377,22.9145233,,2026-09-17,,,xe.gr agency page,2026-10-01T17:56:46Z,179d4ce5-0468-4ebd-9eb3-0a7cbcfc91a4,2026-10-01,2026-10-01
xe.gr,Alvanoudis Real Estate,https://www.xe.gr/property/d/enoikiaseis-epaggelmatikon-xoron/18770151-0835-4b30-998a-003ce924f0e5/thessalonikh-kentro-4000-84,Κατάστημα 84 τ.μ. · Θεσσαλονίκη (Κέντρο),rent,store,4000.0,84.0,,Ισόγ.,1960,Θεσσαλονίκη (Κέντρο),40.63126750000001,22.944193,,2026-01-08,,,xe.gr agency page,2026-10-01T17:56:46Z,18770151-0835-4b30-998a-003ce924f0e5,2026-10-01,2026-10-01
xe.gr,Πασχαλίδης Δημήτριος,https://www.xe.gr/property/d/enoikiaseis-epaggelmatikon-xoron/18fafb60-d820-4162-98e4-fd1c68f6c789/kalochwri-5000-1500,Βιομηχανικός χώρος 1.500 τ.μ. · Καλοχώρι,rent,warehouse,5000.0,1.5,,,2023,Καλοχώρι,,,,2026-07-02,,,xe.gr agency page,2026-10-01T17:56:46Z,18fafb60-d820-4162-98e4-fd1c68f6c789,2026-10-01,2026-10-01
xe.gr,Katerina Mandalianou Realty & Design,https://www.xe.gr/property/d/enoikiaseis-epaggelmatikon-xoron/1a23c6b6-345b-4329-97b5-1cc65697b288/eyosmos-700-100,Γραφείο 100 τ.μ. · Εύοσμος,rent,office,700.0,100.0,2,1ος,2000,Εύοσμος,40.67775169999999,22.9253155,,2026-03-26,,,xe.gr agency page,2026-10-01T17:56:46Z,1a23c6b6-345b-4329-97b5-1cc65697b288,2026-10-01,2026-10-01
xe.gr,Aspis Real Estate Θεσσαλονίκη Κέντρο – Δυτική,https://www.xe.gr/property/d/enoikiaseis-epaggelmatikon-xoron/1c9127b2-9132-4b13-a4ad-33e75b0082a9/thessalonikh-dikasthria-1500-200,Κατάστημα 200 τ.μ. · Θεσσαλονίκη (Δικαστήρια),rent,store,1500.0,200.0,,Ισόγ.,,Θεσσαλονίκη (Δικαστήρια),,,,2026-09-17,,,xe.gr agency page,2026-10-01T17:56:46Z,1c9127b2-9132-4b13-a4ad-33e75b0082a9,2026-10-01,2026-10-01
xe.gr,Ihouse,https://www.xe.gr/property/d/enoikiaseis-epaggelmatikon-xoron/1cd9fc69-7926-4bf9-94d1-8f4c9d36ba1f/thessalonikh-analhpsh-650-92,Κατάστημα 92 τ.μ. · Θεσσαλονίκη (Ανάληψη),rent,store,650.0,92.0,,Ισόγ.,1984,Θεσσαλονίκη (Ανάληψη),40.6060593,22.9621416,,2026-08-06,,,xe.gr agency page,2026-10-01T17:56:46Z,1cd9fc69-7926-4bf9-94d1-8f4c9d36ba1f,2026-10-01,2026-10-01
xe.gr,Βόρειος Ελλάς,https://www.xe.gr/property/d/enoikiaseis-epaggelmatikon-xoron/1d964c62-4fa9-4fdb-8c02-539929ddb837/thessalonikh-falhro-600-145,Κατάστημα 145 τ.μ. · Θεσσαλονίκη (Φάληρο),rent,store,600.0,145.0,4,Ισόγ.,1992,Θεσσαλονίκη (Φάληρο),,,,2026-09-10,,,xe.gr agency page,2026-10-01T17:56:46Z,1d964c62-4fa9-4fdb-8c02-539929ddb837,2026-10-01,2026-10-01
xe.gr,KEY PROPERTIES,https://www.xe.gr/property/d/enoikiaseis-epaggelmatikon-xoron/1f1224ae-4afd-483d-9992-0ee8e179d6e1/polichnh-thessalonikhs-320-40,Κατάστημα 40 τ.μ. · Πολίχνη Θεσσαλονίκης,rent,store,320.0,40.0,1,Ισόγ.,1993,Πολίχνη Θεσσαλονίκης,,,,2026-07-02,,,xe.gr agency page,2026-10-01T17:56:46Z,1f1224ae-4afd-483d-9992-0ee8e179d6e1,2026-10-01,2026-10-01
xe.gr,Anyhome,https://www.xe.gr/property/d/enoikiaseis-epaggelmatikon-xoron/252005a8-1e55-49e8-ac87-b4fc15e09bf1/thessalonikh-analhpsh-650-35,Κατάστημα 35 τ.μ. · Θεσσαλονίκη (Ανάληψη),rent,store,650.0,35.0,1,Ισόγ.,1970,Θεσσαλονίκη (Ανάληψη),,,,2026-09-24,,,xe.gr agency page,2026-10-01T17:56:46Z,252005a8-1e55-49e8-ac87-b4fc15e09bf1,2026-10-01,2026-10-01
xe.gr,Γαιοκτησίες,https://www.xe.gr/property/d/enoikiaseis-epaggelmatikon-xoron/25dc5674-6c56-4499-aeed-6a1a7a8e7110/thessalonikh-vardarh-1000-130,Κατάστημα 130 τ.μ. · Θεσσαλονίκη (Βαρδάρη),rent,store,1000.0,130.0,,Ισόγ.,1973,Θεσσαλονίκη (Βαρδάρη),40.64012640000001,22.9397687,,2026-09-17,,,xe.gr agency page,2026-10-01T17:56:46Z,25dc5674-6c56-4499-aeed-6a1a7a8e7110,2026-10-01,2026-10-01
xe.gr,Σαραφούδης Νικόλαος,https://www.xe.gr/property/d/enoikiaseis-epaggelmatikon-xoron/2d0a02fd-c4f5-4d4b-9e8f-e0fb88f6b590/kalochwri-3000-1385,Αποθήκη 1.385 τ.μ. · Καλοχώρι,rent,,3000.0,1.385,,Ισόγ.,2001,Καλοχώρι,40.6422904,22.8594589,,2026-08-27,,,xe.gr agency page,2026-10-01T17:56:46Z,2d0a02fd-c4f5-4d4b-9e8f-e0fb88f6b590,2026-10-01,2026-10-01
xe.gr,Νέα Πολιτεία,https://www.xe.gr/property/d/enoikiaseis-epaggelmatikon-xoron/2f6b1bab-5c62-4db2-bc85-488add1ff092/drama-320-50,Κατάστημα 50 τ.μ. · Δράμα,rent,store,320.0,50.0,,Ισόγ.,1995,Δράμα,41.14630510000001,24.1486928,,2026-07-02,,,xe.gr agency page,2026-10-01T17:56:46Z,2f6b1bab-5c62-4db2-bc85-488add1ff092,2026-10-01,2026-10-01
xe.gr,Passal Real Estate,https://www.xe.gr/property/d/enoikiaseis-epaggelmatikon-xoron/336179d6-b03d-4491-9800-082a2cbe4d4b/thessalonikh-falhro-550-82,Κατάστημα 82 τ.μ. · Θεσσαλονίκη (Φάληρο),rent,store,550.0,82.0,3,Ισόγ.,1975,Θεσσαλονίκη (Φάληρο),,,,2026-10-01,,,xe.gr agency page,2026-10-01T17:56:46Z,336179d6-b03d-4491-9800-082a2cbe4d4b,2026-10-01,2026-10-01
xe.gr,Anyhome,https://www.xe.gr/property/d/enoikiaseis-epaggelmatikon-xoron/33d92a68-e48e-48ce-b9a1-210f4d953e2e/kalochwri-750-241,Κατάστημα 241 τ.μ. · Καλοχώρι,rent,store,750.0,241.0,2,Ισόγ.,2000,Καλοχώρι,,,,2026-09-29,,,xe.gr agency page,2026-10-01T17:56:46Z,33d92a68-e48e-48ce-b9a1-210f4d953e2e,2026-10-01,2026-10-01
xe.gr,Infox Real Estate,https://www.xe.gr/property/d/enoikiaseis-epaggelmatikon-xoron/34f8b139-d0c4-4091-8c26-aeae3a76eef4/thessalonikh-ntepw-800-99,Γραφείο 99 τ.μ. · Θεσσαλονίκη (Ντεπώ),rent,office,800.0,99.0,2,2ος,1973,Θεσσαλονίκη (Ντεπώ),40.59974769999999,22.9580056,,2026-09-03,,,xe.gr agency page,2026-10-01T17:56:46Z,34f8b139-d0c4-4091-8c26-aeae3a76eef4,2026-10-01,2026-10-01
xe.gr,Cozy Real Estate,https://www.xe.gr/property/d/enoikiaseis-epaggelmatikon-xoron/3c3e345c-daa4-4bde-8292-2e986fd58f3c/thessalonikh-charilaoy-650-100,Κατάστημα 100 τ.μ. · Θεσσαλονίκη (Χαριλάου),rent,store,650.0,100.0,1,Ισόγ.,1972,Θεσσαλονίκη (Χαριλάου),,,,2026-02-05,,,xe.gr agency page,2026-10-01T17:56:46Z,3c3e345c-daa4-4bde-8292-2e986fd58f3c,2026-10-01,2026-10-01
xe.gr,Πασχαλίδης Δημήτριος,https://www.xe.gr/property/d/enoikiaseis-epaggelmatikon-xoron/3d235206-c37d-4f28-ac03-508dd33b25b6/kalochwri-2500-550,Βιομηχανικός χώρος 550 τ.μ. · Καλοχώρι,rent,warehouse,2500.0,550.0,,,2000,Καλοχώρι,,,,2026-07-02,,,xe.gr agency page,2026-10-01T17:56:46Z,3d235206-c37d-4f28-ac03-508dd33b25b6,2026-10-01,2026-10-01
xe.gr,noikiaseto.gr,https://www.xe.gr/property/d/enoikiaseis-epaggelmatikon-xoron/41017e77-b81e-4328-a6b9-1c7cdcbd6117/thessalonikh-dikasthria-1200-180,Γραφείο 180 τ.μ. · Θεσσαλονίκη (Δικαστήρια),rent,office,1200.0,180.0,4,1ος,1980,Θεσσαλονίκη (Δικαστήρια),,,,2026-06-25,,,xe.gr agency page,2026-10-01T17:56:46Z,41017e77-b81e-4328-a6b9-1c7cdcbd6117,2026-10-01,2026-10-01
xe.gr,Aspis Real Estate Θεσσαλονίκη Κέντρο – Δυτική,https://www.xe.gr/property/d/enoikiaseis-epaggelmatikon-xoron/4151c0aa-651c-4a06-85ae-b4f74122d985/thessalonikh-kentro-1350-113,Γραφείο 113 τ.μ. · Θεσσαλονίκη (Κέντρο),rent,office,1350.0,113.0,,3ος,1972,Θεσσαλονίκη (Κέντρο),,,,2026-09-24,,,xe.gr agency page,2026-10-01T17:56:46Z,4151c0aa-651c-4a06-85ae-b4f74122d985,2026-10-01,2026-10-01
xe.gr,Γαιοκτησίες,https://www.xe.gr/property/d/enoikiaseis-epaggelmatikon-xoron/436cef97-fb34-445b-b0a3-b1b33e088ff3/thessalonikh-kentro-650-70,Κτίριο επαγγελματικών χώρων 70 τ.μ. · Θεσσαλονίκη (Κέντρο),rent,,650.0,70.0,,,1972,Θεσσαλονίκη (Κέντρο),40.6327558,22.9482389,,2026-06-18,,,xe.gr agency page,2026-10-01T17:56:46Z,436cef97-fb34-445b-b0a3-b1b33e088ff3,2026-10-01,2026-10-01
xe.gr,Cozy Real Estate,https://www.xe.gr/property/d/enoikiaseis-epaggelmatikon-xoron/4384114a-464e-4265-acc3-b8be7030e27b/thessalonikh-kentro-1450-143,Γραφείο 143 τ.μ. · Θεσσαλονίκη (Κέντρο),rent,office,1450.0,143.0,1,7ος,1973,Θεσσαλονίκη (Κέντρο),,,,2026-01-29,,,xe.gr agency page,2026-10-01T17:56:46Z,4384114a-464e-4265-acc3-b8be7030e27b,2026-10-01,2026-10-01
xe.gr,Σαραφούδης Νικόλαος,https://www.xe.gr/property/d/enoikiaseis-epaggelmatikon-xoron/4a436937-8504-461e-85da-995bb11c4fc2/menemenh-limani-1500-485,Αποθήκη 485 τ.μ. · Μενεμένη (Λιμάνι),rent,,1500.0,485.0,,Ισόγ.,1970,Μενεμένη (Λιμάνι),40.6492848,22.904065,,2026-09-24,,,xe.gr agency page,2026-10-01T17:56:46Z,4a436937-8504-461e-85da-995bb11c4fc2,2026-10-01,2026-10-01
xe.gr,Aspis Real Estate Θεσσαλονίκη Κέντρο – Δυτική,https://www.xe.gr/property/d/enoikiaseis-epaggelmatikon-xoron/4c6cef3d-fa23-43b9-a2a4-f31bb87d5d5a/sindos-10-8348,Κτίριο επαγγελματικών χώρων 8.348 τ.μ. · Sindos,rent,,10.0,8.348,,,1984,Sindos,40.6596955,22.7991464,,2026-09-17,,,xe.gr agency page,2026-10-01T17:56:46Z,4c6cef3d-fa23-43b9-a2a4-f31bb87d5d5a,2026-10-01,2026-10-01
xe.gr,Νέα Πολιτεία,https://www.xe.gr/property/d/enoikiaseis-epaggelmatikon-xoron/4c99d5bd-be84-4464-8b59-19f7a7401ef5/drama-250-35,Κατάστημα 35 τ.μ. · Δράμα,rent,store,250.0,35.0,,Ισόγ.,1990,Δράμα,41.1493239,24.1487543,,2026-07-02,,,xe.gr agency page,2026-10-01T17:56:46Z,4c99d5bd-be84-4464-8b59-19f7a7401ef5,2026-10-01,2026-10-01
xe.gr,ARCUS REAL ESTATE,https://www.xe.gr/property/d/enoikiaseis-epaggelmatikon-xoron/4f75c5cf-cb5a-4096-9e08-039a2931ee50/thessalonikh-ntepw-690-85,Γραφείο 85 τ.μ. · Θεσσαλονίκη (Ντεπώ),rent,office,690.0,85.0,,Υπερυψ.,1974,Θεσσαλονίκη (Ντεπώ),,,,2026-09-24,,,xe.gr agency page,2026-10-01T17:56:46Z,4f75c5cf-cb5a-4096-9e08-039a2931ee50,2026-10-01,2026-10-01
xe.gr,Anyhome,https://www.xe.gr/property/d/enoikiaseis-epaggelmatikon-xoron/54be99ea-fef2-43c3-8874-0c7a88e148d1/thessalonikh-dikasthria-2200-340,Κατάστημα 340 τ.μ. · Θεσσαλονίκη (Δικαστήρια),rent,store,2200.0,340.0,,Ισόγ.,1970,Θεσσαλονίκη (Δικαστήρια),,,,2026-09-25,,,xe.gr agency page,2026-10-01T17:56:46Z,54be99ea-fef2-43c3-8874-0c7a88e148d1,2026-10-01,2026-10-01
xe.gr,Βόρειος Ελλάς,https://www.xe.gr/property/d/enoikiaseis-epaggelmatikon-xoron/55252c06-1d63-493a-a0ff-29d45191665d/thessalonikh-falhro-250-60,Αποθήκη 60 τ.μ. · Θεσσαλονίκη (Φάληρο),rent,,250.0,60.0,1,Υπόγ.,1993,Θεσσαλονίκη (Φάληρο),40.6215311,22.9587875,,2026-09-26,,,xe.gr agency page,2026-10-01T17:56:46Z,55252c06-1d63-493a-a0ff-29d45191665d,2026-10-01,2026-10-01
xe.gr,Oikies Real Estate,https://www.xe.gr/property/d/enoikiaseis-epaggelmatikon-xoron/58a202b9-8317-49fe-ae0b-e95f4578fcf1/thessalonikh-kentro-850-75,Γραφείο 75 τ.μ. · Θεσσαλονίκη (Κέντρο),rent,office,850.0,75.0,,2ος,,Θεσσαλονίκη (Κέντρο),40.6315398,22.9445777,,2026-07-16,,,xe.gr agency page,2026-10-01T17:56:46Z,58a202b9-8317-49fe-ae0b-e95f4578fcf1,2026-10-01,2026-10-01
xe.gr,Alvanoudis Real Estate,https://www.xe.gr/property/d/enoikiaseis-epaggelmatikon-xoron/59c7a5e6-87a8-4b42-baab-63b0082b7fca/thessalonikh-kentro-2500-31,Κατάστημα 31 τ.μ. · Θεσσαλονίκη (Κέντρο),rent,store,2500.0,31.0,,Ισόγ.,1998,Θεσσαλονίκη (Κέντρο),40.6317745,22.9431837,,2026-09-24,,,xe.gr agency page,2026-10-01T17:56:46Z,59c7a5e6-87a8-4b42-baab-63b0082b7fca,2026-10-01,2026-10-01
xe.gr,Βόρειος Ελλάς,https://www.xe.gr/property/d/enoikiaseis-epaggelmatikon-xoron/5a877e8d-598d-4d1f-a017-dd4055c570e5/thessalonikh-falhro-450-75,Κατάστημα 75 τ.μ. · Θεσσαλονίκη (Φάληρο),rent,store,450.0,75.0,1,Ισόγ.,1975,Θεσσαλονίκη (Φάληρο),,,,2026-09-10,,,xe.gr agency page,2026-10-01T17:56:46Z,5a877e8d-598d-4d1f-a017-dd4055c570e5,2026-10-01,2026-10-01
xe.gr,Πασχαλίδης Δημήτριος,https://www.xe.gr/property/d/enoikiaseis-epaggelmatikon-xoron/5b324a94-d7b8-437d-810c-992a99b2805b/echedwro-9300-1850,Βιομηχανικός χώρος 1.850 τ.μ. · Εχέδωρο,rent,warehouse,9300.0,1.85,,,2001,Εχέδωρο,,,,2026-07-02,,,xe.gr agency page,2026-10-01T17:56:46Z,5b324a94-d7b8-437d-810c-992a99b2805b,2026-10-01,2026-10-01
xe.gr,Πασχαλίδης Δημήτριος,https://www.xe.gr/property/d/enoikiaseis-epaggelmatikon-xoron/5edf72a9-5ad7-47d6-9c67-12ddf0f22aed/kalochwri-1500-600,Γραφείο 600 τ.μ. · Καλοχώρι,rent,office,1500.0,600.0,,,1995,Καλοχώρι,,,,2026-07-02,,,xe.gr agency page,2026-10-01T17:56:46Z,5edf72a9-5ad7-47d6-9c67-12ddf0f22aed,2026-10-01,2026-10-01
xe.gr,Papastefanou Real,https://www.xe.gr/property/d/enoikiaseis-epaggelmatikon-xoron/5ef100d1-48e0-4094-8d9c-206f8a7b6a3d/pylaia-3500-355,Γραφείο 355 τ.μ. · Πυλαία,rent,office,3500.0,355.0,10,1ος,1995,Πυλαία,,,,2026-03-19,,,xe.gr agency page,2026-10-01T17:56:46Z,5ef100d1-48e0-4094-8d9c-206f8a7b6a3d,2026-10-01,2026-10-01
xe.gr,Θεσμός,https://www.xe.gr/property/d/enoikiaseis-epaggelmatikon-xoron/61e25dca-b0a9-4af6-adc7-d465e7db68e4/thessalonikh-vardarh-1000-180,Κατάστημα 180 τ.μ. · Θεσσαλονίκη (Βαρδάρη),rent,store,1000.0,180.0,3,Ισόγ.,1965,Θεσσαλονίκη (Βαρδάρη),40.6404596,22.9375429,,2026-09-10,,,xe.gr agency page,2026-10-01T17:56:46Z,61e25dca-b0a9-4af6-adc7-d465e7db68e4,2026-10-01,2026-10-01
xe.gr,Infox Real Estate,https://www.xe.gr/property/d/enoikiaseis-epaggelmatikon-xoron/62cb8ec7-109c-4354-bf41-51297772b9c2/panorama-850-200,Αποθήκη 200 τ.μ. · Πανόραμα,rent,,850.0,200.0,2,Ισόγ.,1982,Πανόραμα,40.5844928,23.0257226,,2026-09-24,,,xe.gr agency page,2026-10-01T17:56:46Z,62cb8ec7-109c-4354-bf41-51297772b9c2,2026-10-01,2026-10-01
xe.gr,noikiaseto.gr,https://www.xe.gr/property/d/enoikiaseis-epaggelmatikon-xoron/67a8e90a-8823-4337-9445-6e7df9ffb517/thessalonikh-kentro-200-26,Γραφείο 26 τ.μ. · Θεσσαλονίκη (Κέντρο),rent,office,200.0,26.0,1,3ος,1988,Θεσσαλονίκη (Κέντρο),,,,2026-09-24,,,xe.gr agency page,2026-10-01T17:56:46Z,67a8e90a-8823-4337-9445-6e7df9ffb517,2026-10-01,2026-10-01
xe.gr,ΠΑΖΑΡΤΖΗΣ από το 1978!!,https://www.xe.gr/property/d/enoikiaseis-epaggelmatikon-xoron/69620090-c92a-43a1-a37b-233a3d9ece93/thessalonikh-kentro-750-91,Γραφείο 91 τ.μ. · Θεσσαλονίκη (Κέντρο),rent,office,750.0,91.0,3,3ος,1974,Θεσσαλονίκη (Κέντρο),,,,2026-09-30,,,xe.gr agency page,2026-10-01T17:56:46Z,69620090-c92a-43a1-a37b-233a3d9ece93,2026-10-01,2026-10-01
xe.gr,Aspis Real Estate Ανατολικής  Θεσσαλονίκης,https://www.xe.gr/property/d/enoikiaseis-epaggelmatikon-xoron/6abd4725-8bdb-44e0-8e43-6bf7401b3c21/patriarchika-pylaia-1300-140,Κατάστημα 140 τ.μ. · Πατριαρχικά (Πυλαία),rent,store,1300.0,140.0,,Υπόγ.,2010,Πατριαρχικά (Πυλαία),40.5534148,22.9915146,,2026-07-30,,,xe.gr agency page,2026-10-01T17:56:46Z,6abd4725-8bdb-44e0-8e43-6bf7401b3c21,2026-10-01,2026-10-01
xe.gr,Papastefanou Real,https://www.xe.gr/property/d/enoikiaseis-epaggelmatikon-xoron/6d1fbd76-6d72-43cd-853d-55af31687af6/kalamaria-ntepw-1400-160,Γραφείο 160 τ.μ. · Καλαμαριά (Ντεπώ),rent,office,1400.0,160.0,6,3ος,1995,Καλαμαριά (Ντεπώ),,,,2026-09-17,,,xe.gr agency page,2026-10-01T17:56:46Z,6d1fbd76-6d72-43cd-853d-55af31687af6,2026-10-01,2026-10-01
xe.gr,Alvanoudis Real Estate,https://www.xe.gr/property/d/enoikiaseis-epaggelmatikon-xoron/6d42e987-0742-41ce-819e-868867c9cf00/thessalonikh-kentro-11900-291,Κατάστημα 291 τ.μ. · Θεσσαλονίκη (Κέντρο),rent,store,11900.0,291.0,,Ισόγ.,1970,Θεσσαλονίκη (Κέντρο),40.6307278,22.9427896,,2026-08-27,,,xe.gr agency page,2026-10-01T17:56:46Z,6d42e987-0742-41ce-819e-868867c9cf00,2026-10-01,2026-10-01
xe.gr,Νέα Πολιτεία,https://www.xe.gr/property/d/enoikiaseis-epaggelmatikon-xoron/6df40095-e570-457b-b5d3-ba5fb9efedaa/thermh-300-60,Γραφείο 60 τ.μ. · Θέρμη,rent,office,300.0,60.0,,Ημιυπ.,2025,Θέρμη,,,,2026-09-24,,,xe.gr agency page,2026-10-01T17:56:46Z,6df40095-e570-457b-b5d3-ba5fb9efedaa,2026-10-01,2026-10-01
xe.gr,Anyhome,https://www.xe.gr/property/d/enoikiaseis-epaggelmatikon-xoron/6e19b013-f2a7-4a53-9347-c0003737d7ef/eleytherio-kordelio-500-60,Βιοτεχνικός χώρος 60 τ.μ. · Ελευθέριο Κορδελιό,rent,,500.0,60.0,1,Ισόγ.,1990,Ελευθέριο Κορδελιό,,,,2026-09-30,,,xe.gr agency page,2026-10-01T17:56:46Z,6e19b013-f2a7-4a53-9347-c0003737d7ef,2026-10-01,2026-10-01
xe.gr,Cozy Real Estate,https://www.xe.gr/property/d/enoikiaseis-epaggelmatikon-xoron/6e81b9b4-1b61-494c-a2e2-496f463b64ee/peyka-2000-140,Κατάστημα 140 τ.μ. · Πεύκα,rent,store,2000.0,140.0,,Ισόγ.,1996,Πεύκα,40.65811799999999,22.9832696,,2026-09-17,,,xe.gr agency page,2026-10-01T17:56:46Z,6e81b9b4-1b61-494c-a2e2-496f463b64ee,2026-10-01,2026-10-01
xe.gr,Oikies Real Estate,https://www.xe.gr/property/d/enoikiaseis-epaggelmatikon-xoron/7023bdc4-7a4f-480a-9df8-0d73e90570df/thessalonikh-kentro-1450-140,Γραφείο 140 τ.μ. · Θεσσαλονίκη (Κέντρο),rent,office,1450.0,140.0,,3ος,1975,Θεσσαλονίκη (Κέντρο),40.6318567,22.9446432,,2026-09-17,,,xe.gr agency page,2026-10-01T17:56:46Z,7023bdc4-7a4f-480a-9df8-0d73e90570df,2026-10-01,2026-10-01
xe.gr,Alvanoudis Real Estate,https://www.xe.gr/property/d/enoikiaseis-epaggelmatikon-xoron/7070f309-cf4c-442d-889f-902448ca565a/thessalonikh-kentro-6500-52,Κατάστημα 52 τ.μ. · Θεσσαλονίκη (Κέντρο),rent,store,6500.0,52.0,,Ισόγ.,1970,Θεσσαλονίκη (Κέντρο),40.6315398,22.9445777,,2026-09-24,,,xe.gr agency page,2026-10-01T17:56:46Z,7070f309-cf4c-442d-889f-902448ca565a,2026-10-01,2026-10-01
xe.gr,Aenaos Real Estate + Development,https://www.xe.gr/property/d/enoikiaseis-epaggelmatikon-xoron/707963b3-5c96-4ee9-a5f8-c2dc980b0e68/kalamaria-420-123,Κατάστημα 123 τ.μ. · Καλαμαριά,rent,store,420.0,123.0,1,Ισόγ.,1990,Καλαμαριά,,,,2026-07-02,,,xe.gr agency page,2026-10-01T17:56:46Z,707963b3-5c96-4ee9-a5f8-c2dc980b0e68,2026-10-01,2026-10-01
xe.gr,Σαραφούδης Νικόλαος,https://www.xe.gr/property/d/enoikiaseis-epaggelmatikon-xoron/70ebb265-1b6d-4a1e-99cf-99a1093f6a04/echedwro-1750-350,Βιοτεχνικός χώρος 350 τ.μ. · Εχέδωρο,rent,,1750.0,350.0,,Ισόγ.,1988,Εχέδωρο,,,,2026-09-17,,,xe.gr agency page,2026-10-01T17:56:46Z,70ebb265-1b6d-4a1e-99cf-99a1093f6a04,2026-10-01,2026-10-01
xe.gr,Ademis Real Estate,https://www.xe.gr/property/d/enoikiaseis-epaggelmatikon-xoron/7422ad6b-217c-44f2-8499-7b7c3fa9640a/thessalonikh-kentro-1350-75,Κατάστημα 75 τ.μ. · Θεσσαλονίκη (Κέντρο),rent,store,1350.0,75.0,4,Υπερυψ.,1959,Θεσσαλονίκη (Κέντρο),40.6304977,22.9509432,,2026-08-20,,,xe.gr agency page,2026-10-01T17:56:46Z,7422ad6b-217c-44f2-8499-7b7c3fa9640a,2026-10-01,2026-10-01
xe.gr,noikiaseto.gr,https://www.xe.gr/property/d/enoikiaseis-epaggelmatikon-xoron/74250a9c-bb37-4743-957d-97c541d4962b/thessalonikh-kentro-450-45,Κατάστημα 45 τ.μ. · Θεσσαλονίκη (Κέντρο),rent,store,450.0,45.0,,Ισόγ.,1988,Θεσσαλονίκη (Κέντρο),,,,2026-07-30,,,xe.gr agency page,2026-10-01T17:56:46Z,74250a9c-bb37-4743-957d-97c541d4962b,2026-10-01,2026-10-01
xe.gr,Abitazione,https://www.xe.gr/property/d/enoikiaseis-epaggelmatikon-xoron/75ea806d-3062-49dc-ac01-3f3c8db744b8/thessalonikh-limani-500-220,Αποθήκη 220 τ.μ. · Θεσσαλονίκη (Λιμάνι),rent,,500.0,220.0,,1ος,1960,Θεσσαλονίκη (Λιμάνι),,,,2026-07-02,,,xe.gr agency page,2026-10-01T17:56:46Z,75ea806d-3062-49dc-ac01-3f3c8db744b8,2026-10-01,2026-10-01
xe.gr,ARCUS REAL ESTATE,https://www.xe.gr/property/d/enoikiaseis-epaggelmatikon-xoron/761d7647-90da-4aa3-aed2-05df4112be9a/thessalonikh-charilaoy-1500-311,Κατάστημα 311 τ.μ. · Θεσσαλονίκη (Χαριλάου),rent,store,1500.0,311.0,,Ισόγ.,2005,Θεσσαλονίκη (Χαριλάου),,,,2026-09-10,,,xe.gr agency page,2026-10-01T17:56:46Z,761d7647-90da-4aa3-aed2-05df4112be9a,2026-10-01,2026-10-01
xe.gr,Cozy Real Estate,https://www.xe.gr/property/d/enoikiaseis-epaggelmatikon-xoron/78a94389-f442-48a6-9f5e-5ca9b88ee278/thessalonikh-kentro-2500-230,Κατάστημα 230 τ.μ. · Θεσσαλονίκη (Κέντρο),rent,store,2500.0,230.0,2,Ισόγ.,1981,Θεσσαλονίκη (Κέντρο),,,,2026-07-23,,,xe.gr agency page,2026-10-01T17:56:46Z,78a94389-f442-48a6-9f5e-5ca9b88ee278,2026-10-01,2026-10-01
xe.gr,Katerina Mandalianou Realty & Design,https://www.xe.gr/property/d/enoikiaseis-epaggelmatikon-xoron/7b0856d8-6fae-41f3-99d6-90434fc58289/eyosmos-1000-130,Γραφείο 130 τ.μ. · Εύοσμος,rent,office,1000.0,130.0,3,2ος,2000,Εύοσμος,40.6786912,22.9245658,,2026-03-26,,,xe.gr agency page,2026-10-01T17:56:46Z,7b0856d8-6fae-41f3-99d6-90434fc58289,2026-10-01,2026-10-01
xe.gr,ARCUS REAL ESTATE,https://www.xe.gr/property/d/enoikiaseis-epaggelmatikon-xoron/7bbd7d20-2bbc-4b22-8532-8bc4d44bf27f/peiraias-ose-1200-75,Βιοτεχνικός χώρος 75 τ.μ. · Πειραιάς (ΟΣΕ),rent,,1200.0,75.0,,Ισόγ.,1975,Πειραιάς (ΟΣΕ),,,,2026-09-17,,,xe.gr agency page,2026-10-01T17:56:46Z,7bbd7d20-2bbc-4b22-8532-8bc4d44bf27f,2026-10-01,2026-10-01
xe.gr,Infox Real Estate,https://www.xe.gr/property/d/enoikiaseis-epaggelmatikon-xoron/7bf242f2-3a15-4ee8-8c58-878ee778e9af/polygyros-1500-210,Κτίριο επαγγελματικών χώρων 210 τ.μ. · Πολύγυρος,rent,,1500.0,210.0,,3 όροφοι,2026,Πολύγυρος,40.2795938,23.4282398,,2026-09-03,,,xe.gr agency page,2026-10-01T17:56:46Z,7bf242f2-3a15-4ee8-8c58-878ee778e9af,2026-10-01,2026-10-01
xe.gr,Γαιοκτησίες,https://www.xe.gr/property/d/enoikiaseis-epaggelmatikon-xoron/7c1f8347-bb4c-402b-8e1e-fca2e3b28c47/thessalonikh-kentro-6000-230,Κατάστημα 230 τ.μ. · Θεσσαλονίκη (Κέντρο),rent,store,6000.0,230.0,,Ισόγ.,1980,Θεσσαλονίκη (Κέντρο),40.6334832,22.946543,,2026-06-18,,,xe.gr agency page,2026-10-01T17:56:46Z,7c1f8347-bb4c-402b-8e1e-fca2e3b28c47,2026-10-01,2026-10-01
xe.gr,Aspis Real Estate Ανατολικής  Θεσσαλονίκης,https://www.xe.gr/property/d/enoikiaseis-epaggelmatikon-xoron/7d07e16c-d05a-40d1-a3f0-2aa02d64fbd7/patriarchika-pylaia-3200-130,Κατάστημα 130 τ.μ. · Πατριαρχικά (Πυλαία),rent,store,3200.0,130.0,,Υπόγ.,2010,Πατριαρχικά (Πυλαία),40.5534148,22.9915146,,2026-07-30,,,xe.gr agency page,2026-10-01T17:56:46Z,7d07e16c-d05a-40d1-a3f0-2aa02d64fbd7,2026-10-01,2026-10-01
xe.gr,Infox Real Estate,https://www.xe.gr/property/d/enoikiaseis-epaggelmatikon-xoron/82d4dd27-92f3-4566-8077-48d4a6a59844/thessalonikh-kentro-480-50,Γραφείο 50 τ.μ. · Θεσσαλονίκη (Κέντρο),rent,office,480.0,50.0,3,2ος,1986,Θεσσαλονίκη (Κέντρο),40.6350255,22.9410263,,2026-09-26,,,xe.gr agency page,2026-10-01T17:56:46Z,82d4dd27-92f3-4566-8077-48d4a6a59844,2026-10-01,2026-10-01
xe.gr,Ihouse,https://www.xe.gr/property/d/enoikiaseis-epaggelmatikon-xoron/852cd62a-2b16-4900-bb3e-9dd1ed1e9ec7/kalamaria-300-20,Κατάστημα 20 τ.μ. · Καλαμαριά,rent,store,300.0,20.0,,Ισόγ.,2000,Καλαμαριά,40.5893694,22.9619464,,2026-07-23,,,xe.gr agency page,2026-10-01T17:56:46Z,852cd62a-2b16-4900-bb3e-9dd1ed1e9ec7,2026-10-01,2026-10-01
xe.gr,ARCUS REAL ESTATE,https://www.xe.gr/property/d/enoikiaseis-epaggelmatikon-xoron/87446fe2-a938-4c6b-b297-c148390e4fb6/thessalonikh-anw-toympa-300-25,Κατάστημα 25 τ.μ. · Θεσσαλονίκη (Ανω Τούμπα),rent,store,300.0,25.0,,Ημιώρ.,1986,Θεσσαλονίκη (Ανω Τούμπα),,,,2026-09-27,,,xe.gr agency page,2026-10-01T17:56:46Z,87446fe2-a938-4c6b-b297-c148390e4fb6,2026-10-01,2026-10-01
xe.gr,Βόρειος Ελλάς,https://www.xe.gr/property/d/enoikiaseis-epaggelmatikon-xoron/87771d76-8f8a-4b36-895c-269682894662/thessalonikh-anw-toympa-550-40,Κατάστημα 40 τ.μ. · Θεσσαλονίκη (Ανω Τούμπα),rent,store,550.0,40.0,1,Ισόγ.,1975,Θεσσαλονίκη (Ανω Τούμπα),,,,2026-09-10,,,xe.gr agency page,2026-10-01T17:56:46Z,87771d76-8f8a-4b36-895c-269682894662,2026-10-01,2026-10-01
xe.gr,Πασχαλίδης Δημήτριος,https://www.xe.gr/property/d/enoikiaseis-epaggelmatikon-xoron/8a5f250c-ead9-4941-a825-7a2141edb710/thessalonikh-8500-1950,Αποθήκη 1.950 τ.μ. · Θεσσαλονίκη,rent,,8500.0,1.95,,Ισόγ.,2003,Θεσσαλονίκη,,,,2026-07-02,,,xe.gr agency page,2026-10-01T17:56:46Z,8a5f250c-ead9-4941-a825-7a2141edb710,2026-10-01,2026-10-01
xe.gr,Βόρειος Ελλάς,https://www.xe.gr/property/d/enoikiaseis-epaggelmatikon-xoron/8b10b724-e441-43e9-8150-76ce87a12d1e/thessalonikh-falhro-230-27,Κατάστημα 27 τ.μ. · Θεσσαλονίκη (Φάληρο),rent,store,230.0,27.0,1,Ισόγ.,1970,Θεσσαλονίκη (Φάληρο),,,,2026-09-10,,,xe.gr agency page,2026-10-01T17:56:46Z,8b10b724-e441-43e9-8150-76ce87a12d1e,2026-10-01,2026-10-01
xe.gr,Σαραφούδης Νικόλαος,https://www.xe.gr/property/d/enoikiaseis-epaggelmatikon-xoron/8b8c3cae-df80-48ed-8b70-653e66123140/agios-athanasios-1800-667,Βιοτεχνικός χώρος 667 τ.μ. · Άγιος Αθανάσιος,rent,,1800.0,667.0,,Ισόγ.,2001,Άγιος Αθανάσιος,40.709646,22.763393,,2026-08-27,,,xe.gr agency page,2026-10-01T17:56:46Z,8b8c3cae-df80-48ed-8b70-653e66123140,2026-10-01,2026-10-01
xe.gr,Oikies Real Estate,https://www.xe.gr/property/d/enoikiaseis-epaggelmatikon-xoron/8c5fd3ff-8600-44d5-ad49-9486f1ce2acc/thessalonikh-kentro-1000-101,Γραφείο 101 τ.μ. · Θεσσαλονίκη (Κέντρο),rent,office,1000.0,101.0,,2ος,1965,Θεσσαλονίκη (Κέντρο),40.6369808,22.9422634,,2026-09-10,,,xe.gr agency page,2026-10-01T17:56:46Z,8c5fd3ff-8600-44d5-ad49-9486f1ce2acc,2026-10-01,2026-10-01
xe.gr,REVA,https://www.xe.gr/property/d/enoikiaseis-epaggelmatikon-xoron/8d89549c-13b2-44f4-9ed4-07ffb5c91f39/thermh-2500-320,Γραφείο 320 τ.μ. · Θέρμη,rent,office,2500.0,320.0,3,2ος,2009,Θέρμη,40.5485595,23.019419,,2026-06-11,,,xe.gr agency page,2026-10-01T17:56:46Z,8d89549c-13b2-44f4-9ed4-07ffb5c91f39,2026-10-01,2026-10-01
xe.gr,Aspis Real Estate Θεσσαλονίκη Κέντρο – Δυτική,https://www.xe.gr/property/d/enoikiaseis-epaggelmatikon-xoron/8e78c0b1-ffe0-4ac3-bc38-912e01ba5d7d/thessalonikh-kentro-700-50,Κατάστημα 50 τ.μ. · Θεσσαλονίκη (Κέντρο),rent,store,700.0,50.0,,Ισόγ.,1970,Θεσσαλονίκη (Κέντρο),40.6337699,22.9504401,,2026-09-17,,,xe.gr agency page,2026-10-01T17:56:46Z,8e78c0b1-ffe0-4ac3-bc38-912e01ba5d7d,2026-10-01,2026-10-01
xe.gr,Oikies Real Estate,https://www.xe.gr/property/d/enoikiaseis-epaggelmatikon-xoron/9049e247-81ab-4d0c-80c9-5d9d045341ed/thessalonikh-kentro-2800-55,Κατάστημα 55 τ.μ. · Θεσσαλονίκη (Κέντρο),rent,store,2800.0,55.0,,Ισόγ.,1959,Θεσσαλονίκη (Κέντρο),40.6292894,22.9498532,,2026-10-01,,,xe.gr agency page,2026-10-01T17:56:46Z,9049e247-81ab-4d0c-80c9-5d9d045341ed,2026-10-01,2026-10-01
xe.gr,Σαραφούδης Νικόλαος,https://www.xe.gr/property/d/enoikiaseis-epaggelmatikon-xoron/9308d453-6edb-493d-a0f7-cb3837a9a3d8/kalochwri-900-330,Βιομηχανικός χώρος 330 τ.μ. · Καλοχώρι,rent,warehouse,900.0,330.0,,,2000,Καλοχώρι,40.6422904,22.8594589,,2026-08-27,,,xe.gr agency page,2026-10-01T17:56:46Z,9308d453-6edb-493d-a0f7-cb3837a9a3d8,2026-10-01,2026-10-01
xe.gr,Oikies Real Estate,https://www.xe.gr/property/d/enoikiaseis-epaggelmatikon-xoron/93e1923e-8eab-493e-9e7c-580af7acd8e4/thessalonikh-analhpsh-580-123,Κατάστημα 123 τ.μ. · Θεσσαλονίκη (Ανάληψη),rent,store,580.0,123.0,,Ισόγ.,1977,Θεσσαλονίκη (Ανάληψη),40.606368,22.9528123,,2026-09-26,,,xe.gr agency page,2026-10-01T17:56:46Z,93e1923e-8eab-493e-9e7c-580af7acd8e4,2026-10-01,2026-10-01
xe.gr,Aspis Real Estate Ανατολικής  Θεσσαλονίκης,https://www.xe.gr/property/d/enoikiaseis-epaggelmatikon-xoron/93ffaf10-a44c-44a2-95ab-b02bebc869e5/loytraki-3750-500,Κτίριο επαγγελματικών χώρων 500 τ.μ. · Λουτράκι,rent,,3750.0,500.0,,,2006,Λουτράκι,40.971901,21.94622,,2026-07-30,,,xe.gr agency page,2026-10-01T17:56:46Z,93ffaf10-a44c-44a2-95ab-b02bebc869e5,2026-10-01,2026-10-01
xe.gr,Aspis Real Estate Ανατολικής  Θεσσαλονίκης,https://www.xe.gr/property/d/enoikiaseis-epaggelmatikon-xoron/9472dbf2-d819-4ee8-9a66-860610657f87/thessalonikh-falhro-250-22,Κατάστημα 22 τ.μ. · Θεσσαλονίκη (Φάληρο),rent,store,250.0,22.0,,Ισόγ.,1963,Θεσσαλονίκη (Φάληρο),40.613924,22.9578258,,2026-09-29,,,xe.gr agency page,2026-10-01T17:56:46Z,9472dbf2-d819-4ee8-9a66-860610657f87,2026-10-01,2026-10-01
xe.gr,Γαιοκτησίες,https://www.xe.gr/property/d/enoikiaseis-epaggelmatikon-xoron/9aeb1491-3366-4e9f-a917-1eb75c86f5f1/thessalonikh-anw-polh-450-55,Κατάστημα 55 τ.μ. · Θεσσαλονίκη (Ανω Πόλη),rent,store,450.0,55.0,,Ισόγ.,1970,Θεσσαλονίκη (Ανω Πόλη),40.6398552,22.9516564,,2026-06-25,,,xe.gr agency page,2026-10-01T17:56:46Z,9aeb1491-3366-4e9f-a917-1eb75c86f5f1,2026-10-01,2026-10-01
xe.gr,ARCUS REAL ESTATE,https://www.xe.gr/property/d/enoikiaseis-epaggelmatikon-xoron/9dd777ec-6341-41b1-9207-679119b922fd/athhna-doyrgoyti-830-87,Γραφείο 87 τ.μ. · Αθήνα (Δουργούτι),rent,office,830.0,87.0,,Ισόγ.,1970,Αθήνα (Δουργούτι),,,,2026-09-24,,,xe.gr agency page,2026-10-01T17:56:46Z,9dd777ec-6341-41b1-9207-679119b922fd,2026-10-01,2026-10-01
xe.gr,Oikies Real Estate,https://www.xe.gr/property/d/enoikiaseis-epaggelmatikon-xoron/9e4964b8-95f6-4753-84f3-cc2258fb7a60/thessalonikh-kentro-2500-98,Κατάστημα 98 τ.μ. · Θεσσαλονίκη (Κέντρο),rent,store,2500.0,98.0,,Ισόγ.,1970,Θεσσαλονίκη (Κέντρο),40.6333208,22.9397865,,2026-09-10,,,xe.gr agency page,2026-10-01T17:56:46Z,9e4964b8-95f6-4753-84f3-cc2258fb7a60,2026-10-01,2026-10-01
xe.gr,Abitazione,https://www.xe.gr/property/d/enoikiaseis-epaggelmatikon-xoron/9e8a2408-d0dc-481a-a2b7-a6dab5251789/thessalonikh-kentro-700-230,Κατάστημα 230 τ.μ. · Θεσσαλονίκη (Κέντρο),rent,store,700.0,230.0,3,Ισόγ.,1968,Θεσσαλονίκη (Κέντρο),40.6388685,22.9433802,,2026-07-02,,,xe.gr agency page,2026-10-01T17:56:46Z,9e8a2408-d0dc-481a-a2b7-a6dab5251789,2026-10-01,2026-10-01
xe.gr,Νέα Πολιτεία,https://www.xe.gr/property/d/enoikiaseis-epaggelmatikon-xoron/9edf70c3-ab69-4ff2-ae4c-47bb01a1a017/drama-380-50,Κατάστημα 50 τ.μ. · Δράμα,rent,store,380.0,50.0,,Ισόγ.,2000,Δράμα,41.1460935,24.1490954,,2026-07-02,,,xe.gr agency page,2026-10-01T17:56:46Z,9edf70c3-ab69-4ff2-ae4c-47bb01a1a017,2026-10-01,2026-10-01
xe.gr,Aenaos Real Estate + Development,https://www.xe.gr/property/d/enoikiaseis-epaggelmatikon-xoron/a0adf013-8911-4af6-adb6-c92c9dc47d46/thessalonikh-analhpsh-650-90,Κατάστημα 90 τ.μ. · Θεσσαλονίκη (Ανάληψη),rent,store,650.0,90.0,2,Ισόγ.,2000,Θεσσαλονίκη (Ανάληψη),,,,2026-07-02,,,xe.gr agency page,2026-10-01T17:56:46Z,a0adf013-8911-4af6-adb6-c92c9dc47d46,2026-10-01,2026-10-01
xe.gr,Cozy Real Estate,https://www.xe.gr/property/d/enoikiaseis-epaggelmatikon-xoron/a478217e-ad21-4128-b43e-698ed7db6e2f/thessalonikh-analhpsh-2600-70,Κατάστημα 70 τ.μ. · Θεσσαλονίκη (Ανάληψη),rent,store,2600.0,70.0,1,Ισόγ.,1970,Θεσσαλονίκη (Ανάληψη),40.6070441,22.9531219,,2026-09-25,,,xe.gr agency page,2026-10-01T17:56:46Z,a478217e-ad21-4128-b43e-698ed7db6e2f,2026-10-01,2026-10-01
xe.gr,Πασχαλίδης Δημήτριος,https://www.xe.gr/property/d/enoikiaseis-epaggelmatikon-xoron/a73b4396-6687-419f-8285-1001e681fa49/kalochwri-400-120,Κατάστημα 120 τ.μ. · Καλοχώρι,rent,store,400.0,120.0,,Ισόγ.,2005,Καλοχώρι,,,,2026-07-02,,,xe.gr agency page,2026-10-01T17:56:46Z,a73b4396-6687-419f-8285-1001e681fa49,2026-10-01,2026-10-01
xe.gr,Γαιοκτησίες,https://www.xe.gr/property/d/enoikiaseis-epaggelmatikon-xoron/ad019207-425f-4ac5-b0fb-b5f020b9cfb8/thessalonikh-kentro-880-90,Κτίριο επαγγελματικών χώρων 90 τ.μ. · Θεσσαλονίκη (Κέντρο),rent,,880.0,90.0,,,1952,Θεσσαλονίκη (Κέντρο),40.6340315,22.9461991,,2026-06-18,,,xe.gr agency page,2026-10-01T17:56:46Z,ad019207-425f-4ac5-b0fb-b5f020b9cfb8,2026-10-01,2026-10-01
xe.gr,ARCUS REAL ESTATE,https://www.xe.gr/property/d/enoikiaseis-epaggelmatikon-xoron/b0c4875a-d5ba-4baa-a539-361a399e551d/athhna-agios-swsths-4800-255,Γραφείο 255 τ.μ. · Αθήνα (Άγιος Σώστης),rent,office,4800.0,255.0,,3ος,1994,Αθήνα (Άγιος Σώστης),,,,2026-09-29,,,xe.gr agency page,2026-10-01T17:56:46Z,b0c4875a-d5ba-4baa-a539-361a399e551d,2026-10-01,2026-10-01
xe.gr,Σαραφούδης Νικόλαος,https://www.xe.gr/property/d/enoikiaseis-epaggelmatikon-xoron/b4ae03a0-4c9d-4fe9-a84e-8095517d89f9/echedwro-100-3500,Αποθήκη 3.500 τ.μ. · Εχέδωρο,rent,,100.0,3.5,,Υπερυψ.,2026,Εχέδωρο,,,,2026-08-27,,,xe.gr agency page,2026-10-01T17:56:46Z,b4ae03a0-4c9d-4fe9-a84e-8095517d89f9,2026-10-01,2026-10-01
xe.gr,Νέα Πολιτεία,https://www.xe.gr/property/d/enoikiaseis-epaggelmatikon-xoron/b8a5680c-72cc-4057-b67e-4249173fb214/menemenh-370-98,Κατάστημα 98 τ.μ. · Μενεμένη,rent,store,370.0,98.0,3,Ισόγ.,1977,Μενεμένη,,,,2026-07-02,,,xe.gr agency page,2026-10-01T17:56:46Z,b8a5680c-72cc-4057-b67e-4249173fb214,2026-10-01,2026-10-01
xe.gr,Aspis Real Estate Θεσσαλονίκη Κέντρο – Δυτική,https://www.xe.gr/property/d/enoikiaseis-epaggelmatikon-xoron/be71b5b2-8857-4c41-be26-c68adc2a1e51/echedwro-8300-1840,Βιομηχανικός χώρος 1.840 τ.μ. · Εχέδωρο,rent,warehouse,8300.0,1.84,,,,Εχέδωρο,,,,2026-09-17,,,xe.gr agency page,2026-10-01T17:56:46Z,be71b5b2-8857-4c41-be26-c68adc2a1e51,2026-10-01,2026-10-01
xe.gr,Ihouse,https://www.xe.gr/property/d/enoikiaseis-epaggelmatikon-xoron/c0465180-e7fc-47f8-b5bb-93494bb9e25e/pylaia-2000-150,Γραφείο 150 τ.μ. · Πυλαία,rent,office,2000.0,150.0,,2ος,2001,Πυλαία,40.60091860000001,22.9866863,,2026-09-24,,,xe.gr agency page,2026-10-01T17:56:46Z,c0465180-e7fc-47f8-b5bb-93494bb9e25e,2026-10-01,2026-10-01
xe.gr,Aenaos Real Estate + Development,https://www.xe.gr/property/d/enoikiaseis-epaggelmatikon-xoron/c114ba3f-b387-4f0e-9bc0-c146b48d9118/thessalonikh-analhpsh-550-120,Κατάστημα 120 τ.μ. · Θεσσαλονίκη (Ανάληψη),rent,store,550.0,120.0,2,Ισόγ.,1970,Θεσσαλονίκη (Ανάληψη),,,,2026-09-24,,,xe.gr agency page,2026-10-01T17:56:46Z,c114ba3f-b387-4f0e-9bc0-c146b48d9118,2026-10-01,2026-10-01
xe.gr,Γαιοκτησίες,https://www.xe.gr/property/d/enoikiaseis-epaggelmatikon-xoron/c171480d-2151-41c2-a761-c798bf63fdd2/thessalonikh-dikasthria-500-56,Κτίριο επαγγελματικών χώρων 56 τ.μ. · Θεσσαλονίκη (Δικαστήρια),rent,,500.0,56.0,,,1980,Θεσσαλονίκη (Δικαστήρια),40.6395393,22.9325093,,2026-06-18,,,xe.gr agency page,2026-10-01T17:56:46Z,c171480d-2151-41c2-a761-c798bf63fdd2,2026-10-01,2026-10-01
xe.gr,Aspis Real Estate Ανατολικής  Θεσσαλονίκης,https://www.xe.gr/property/d/enoikiaseis-epaggelmatikon-xoron/c19f3cd1-5abb-47da-835d-2b1261cb8c5f/patriarchika-pylaia-1600-136,Κατάστημα 136 τ.μ. · Πατριαρχικά (Πυλαία),rent,store,1600.0,136.0,,Υπόγ.,2010,Πατριαρχικά (Πυλαία),40.5534148,22.9915146,,2026-07-30,,,xe.gr agency page,2026-10-01T17:56:46Z,c19f3cd1-5abb-47da-835d-2b1261cb8c5f,2026-10-01,2026-10-01
xe.gr,Νέα Πολιτεία,https://www.xe.gr/property/d/enoikiaseis-epaggelmatikon-xoron/c220fd2d-b93a-4562-ae5d-2c15ce721495/polichnh-thessalonikhs-650-104,Κατάστημα 104 τ.μ. · Πολίχνη Θεσσαλονίκης,rent,store,650.0,104.0,2,Ημιώρ.,2005,Πολίχνη Θεσσαλονίκης,,,,2026-07-02,,,xe.gr agency page,2026-10-01T17:56:46Z,c220fd2d-b93a-4562-ae5d-2c15ce721495,2026-10-01,2026-10-01
xe.gr,Ihouse,https://www.xe.gr/property/d/enoikiaseis-epaggelmatikon-xoron/c28a641d-ad29-43be-a21d-daac641cddde/thessalonikh-xhrokrhnh-5500-552,Κατάστημα 552 τ.μ. · Θεσσαλονίκη (Ξηροκρήνη),rent,store,5500.0,552.0,,Ισόγ.,2001,Θεσσαλονίκη (Ξηροκρήνη),40.6431736,22.9271282,,2025-12-25,,,xe.gr agency page,2026-10-01T17:56:46Z,c28a641d-ad29-43be-a21d-daac641cddde,2026-10-01,2026-10-01
xe.gr,ΠΑΖΑΡΤΖΗΣ από το 1978!!,https://www.xe.gr/property/d/enoikiaseis-epaggelmatikon-xoron/c4f88ba0-73d2-4481-b1e0-a78a9f055e02/thessalonikh-xhrokrhnh-550-80,Κατάστημα 80 τ.μ. · Θεσσαλονίκη (Ξηροκρήνη),rent,store,550.0,80.0,3,Υπόγ.,1970,Θεσσαλονίκη (Ξηροκρήνη),40.6434402,22.9362494,,2026-09-30,,,xe.gr agency page,2026-10-01T17:56:46Z,c4f88ba0-73d2-4481-b1e0-a78a9f055e02,2026-10-01,2026-10-01
xe.gr,Νέα Πολιτεία,https://www.xe.gr/property/d/enoikiaseis-epaggelmatikon-xoron/c585b1c1-cb4e-4a14-b924-17308f25aec1/drama-300-40,Κατάστημα 40 τ.μ. · Δράμα,rent,store,300.0,40.0,,Ισόγ.,1984,Δράμα,41.1486155,24.1427144,,2026-07-02,,,xe.gr agency page,2026-10-01T17:56:46Z,c585b1c1-cb4e-4a14-b924-17308f25aec1,2026-10-01,2026-10-01
xe.gr,Cozy Real Estate,https://www.xe.gr/property/d/enoikiaseis-epaggelmatikon-xoron/c6b384fd-4e42-4073-8236-a17561468ee9/epanomh-900-205,Κατάστημα 205 τ.μ. · Επανομή,rent,store,900.0,205.0,,Ισόγ.,,Επανομή,,,,2026-09-29,,,xe.gr agency page,2026-10-01T17:56:46Z,c6b384fd-4e42-4073-8236-a17561468ee9,2026-10-01,2026-10-01
xe.gr,Aspis Real Estate Ανατολικής  Θεσσαλονίκης,https://www.xe.gr/property/d/enoikiaseis-epaggelmatikon-xoron/ca761c08-c9c1-4fa7-a9c9-3a7a2e2eb57b/thessalonikh-anw-toympa-500-80,Κατάστημα 80 τ.μ. · Θεσσαλονίκη (Ανω Τούμπα),rent,store,500.0,80.0,,Ισόγ.,1995,Θεσσαλονίκη (Ανω Τούμπα),40.6194999,22.9754609,,2026-07-16,,,xe.gr agency page,2026-10-01T17:56:46Z,ca761c08-c9c1-4fa7-a9c9-3a7a2e2eb57b,2026-10-01,2026-10-01
xe.gr,Alvanoudis Real Estate,https://www.xe.gr/property/d/enoikiaseis-epaggelmatikon-xoron/cd0d6ca5-720c-41fd-976c-c40513c85a7f/thessalonikh-kentro-2500-37,Κατάστημα 37 τ.μ. · Θεσσαλονίκη (Κέντρο),rent,store,2500.0,37.0,,Ισόγ.,1998,Θεσσαλονίκη (Κέντρο),40.6315714,22.9431231,,2026-09-24,,,xe.gr agency page,2026-10-01T17:56:46Z,cd0d6ca5-720c-41fd-976c-c40513c85a7f,2026-10-01,2026-10-01
xe.gr,Alvanoudis Real Estate,https://www.xe.gr/property/d/enoikiaseis-epaggelmatikon-xoron/cd3a1906-a4a0-4bbb-a442-d65408177481/thessalonikh-kentro-1800-136,Γραφείο 136 τ.μ. · Θεσσαλονίκη (Κέντρο),rent,office,1800.0,136.0,,5ος,1970,Θεσσαλονίκη (Κέντρο),40.6314289,22.9453069,,2026-09-03,,,xe.gr agency page,2026-10-01T17:56:46Z,cd3a1906-a4a0-4bbb-a442-d65408177481,2026-10-01,2026-10-01
xe.gr,REAL A,https://www.xe.gr/property/d/enoikiaseis-epaggelmatikon-xoron/d0bf99e9-e909-41bc-b419-9b20d3079491/thessalonikh-neapolh-150-40,Κτίριο επαγγελματικών χώρων 40 τ.μ. · Θεσσαλονίκη (Νεάπολη),rent,,150.0,40.0,,,1975,Θεσσαλονίκη (Νεάπολη),,,,2026-09-26,,,xe.gr agency page,2026-10-01T17:56:46Z,d0bf99e9-e909-41bc-b419-9b20d3079491,2026-10-01,2026-10-01
xe.gr,Πασχαλίδης Δημήτριος,https://www.xe.gr/property/d/enoikiaseis-epaggelmatikon-xoron/d178e3fa-96db-45a1-9b90-7ce9b667a281/kalochwri-2500-600,Γραφείο 600 τ.μ. · Καλοχώρι,rent,office,2500.0,600.0,,1ος,1995,Καλοχώρι,,,,2026-07-02,,,xe.gr agency page,2026-10-01T17:56:46Z,d178e3fa-96db-45a1-9b90-7ce9b667a281,2026-10-01,2026-10-01
xe.gr,REVA,https://www.xe.gr/property/d/enoikiaseis-epaggelmatikon-xoron/d2cc95ab-2ffe-47d4-acb9-6fcba71134a7/thermh-850-75,Γραφείο 75 τ.μ. · Θέρμη,rent,office,850.0,75.0,3,Ισόγ.,,Θέρμη,40.5486673,23.0235685,,2026-09-17,,,xe.gr agency page,2026-10-01T17:56:46Z,d2cc95ab-2ffe-47d4-acb9-6fcba71134a7,2026-10-01,2026-10-01
xe.gr,Infox Real Estate,https://www.xe.gr/property/d/enoikiaseis-epaggelmatikon-xoron/d3758720-041f-4e87-b788-016d3f1cea31/thessalonikh-kentro-650-60,Γραφείο 60 τ.μ. · Θεσσαλονίκη (Κέντρο),rent,office,650.0,60.0,3,2ος,1970,Θεσσαλονίκη (Κέντρο),40.6369808,22.9422634,,2026-09-03,,,xe.gr agency page,2026-10-01T17:56:46Z,d3758720-041f-4e87-b788-016d3f1cea31,2026-10-01,2026-10-01
xe.gr,Cozy Real Estate,https://www.xe.gr/property/d/enoikiaseis-epaggelmatikon-xoron/da0d7ff4-06b1-47d3-9497-b09bb85ab12d/wraiokastro-350-42,Κατάστημα 42 τ.μ. · Ωραιόκαστρο,rent,store,350.0,42.0,,Ισόγ.,2004,Ωραιόκαστρο,,,,2026-09-17,,,xe.gr agency page,2026-10-01T17:56:46Z,da0d7ff4-06b1-47d3-9497-b09bb85ab12d,2026-10-01,2026-10-01
xe.gr,Βόρειος Ελλάς,https://www.xe.gr/property/d/enoikiaseis-epaggelmatikon-xoron/dae4264f-320e-4ab5-9d35-226dcef4f9ac/thessalonikh-kentro-400-18,Κατάστημα 18 τ.μ. · Θεσσαλονίκη (Κέντρο),rent,store,400.0,18.0,1,Ισόγ.,1970,Θεσσαλονίκη (Κέντρο),,,,2026-09-10,,,xe.gr agency page,2026-10-01T17:56:46Z,dae4264f-320e-4ab5-9d35-226dcef4f9ac,2026-10-01,2026-10-01
xe.gr,Infox Real Estate,https://www.xe.gr/property/d/enoikiaseis-epaggelmatikon-xoron/dafd26f1-965f-4fa7-b648-e3666ea263de/kavala-680-33,Κατάστημα 33 τ.μ. · Καβάλα,rent,store,680.0,33.0,2,Ισόγ.,1967,Καβάλα,40.9364509,24.41073,,2026-09-25,,,xe.gr agency page,2026-10-01T17:56:46Z,dafd26f1-965f-4fa7-b648-e3666ea263de,2026-10-01,2026-10-01
xe.gr,Anyhome,https://www.xe.gr/property/d/enoikiaseis-epaggelmatikon-xoron/db110ef1-872b-4e22-a281-96eeea8897a6/kalochwri-5000-1250,Κτίριο επαγγελματικών χώρων 1.250 τ.μ. · Καλοχώρι,rent,,5000.0,1.25,,,1980,Καλοχώρι,,,,2026-09-24,,,xe.gr agency page,2026-10-01T17:56:46Z,db110ef1-872b-4e22-a281-96eeea8897a6,2026-10-01,2026-10-01
xe.gr,Aspis Real Estate Θεσσαλονίκη Κέντρο – Δυτική,https://www.xe.gr/property/d/enoikiaseis-epaggelmatikon-xoron/dba9bb5e-d0b6-4bce-a7d9-1a18e2d2846a/lagkadas-1200-200,Κατάστημα 200 τ.μ. · Λαγκαδάς,rent,store,1200.0,200.0,,Ισόγ.,1929,Λαγκαδάς,,,,2026-09-17,,,xe.gr agency page,2026-10-01T17:56:46Z,dba9bb5e-d0b6-4bce-a7d9-1a18e2d2846a,2026-10-01,2026-10-01
xe.gr,Papastefanou Real,https://www.xe.gr/property/d/enoikiaseis-epaggelmatikon-xoron/dbbc075c-1b41-44a9-bbbb-0ee569d9e902/pylaia-2800-257,Κτίριο επαγγελματικών χώρων 257 τ.μ. · Πυλαία,rent,,2800.0,257.0,,1 όροφοι,2019,Πυλαία,,,,2026-05-07,,,xe.gr agency page,2026-10-01T17:56:46Z,dbbc075c-1b41-44a9-bbbb-0ee569d9e902,2026-10-01,2026-10-01
xe.gr,Σαραφούδης Νικόλαος,https://www.xe.gr/property/d/enoikiaseis-epaggelmatikon-xoron/dc14cf7e-3855-4508-8ae2-5836fc9f31f9/kalochwri-1200-280,Βιοτεχνικός χώρος 280 τ.μ. · Καλοχώρι,rent,,1200.0,280.0,,Ισόγ.,2008,Καλοχώρι,,,,2026-09-17,,,xe.gr agency page,2026-10-01T17:56:46Z,dc14cf7e-3855-4508-8ae2-5836fc9f31f9,2026-10-01,2026-10-01
xe.gr,Stavros Ioannidis Real Estate,https://www.xe.gr/property/d/enoikiaseis-epaggelmatikon-xoron/dc44ef36-7c9c-4594-86bb-26ef71de5f01/thessalonikh-kentro-1000-141,Κατάστημα 141 τ.μ. · Θεσσαλονίκη (Κέντρο),rent,store,1000.0,141.0,3,Ισόγ.,1975,Θεσσαλονίκη (Κέντρο),,,,2025-12-25,,,xe.gr agency page,2026-10-01T17:56:46Z,dc44ef36-7c9c-4594-86bb-26ef71de5f01,2026-10-01,2026-10-01
xe.gr,Aspis Real Estate Ανατολικής  Θεσσαλονίκης,https://www.xe.gr/property/d/enoikiaseis-epaggelmatikon-xoron/e192f10a-f6a9-408b-b0fb-5218a571558c/pylaia-2000-200,Γραφείο 200 τ.μ. · Πυλαία,rent,office,2000.0,200.0,,Ημιώρ.,2005,Πυλαία,40.576421,22.981376,,2026-07-30,,,xe.gr agency page,2026-10-01T17:56:46Z,e192f10a-f6a9-408b-b0fb-5218a571558c,2026-10-01,2026-10-01
xe.gr,Papastefanou Real,https://www.xe.gr/property/d/enoikiaseis-epaggelmatikon-xoron/e39ec020-15bd-4b9a-ac91-5249688b2ef5/kalamaria-ntepw-1600-160,Γραφείο 160 τ.μ. · Καλαμαριά (Ντεπώ),rent,office,1600.0,160.0,4,4ος,1995,Καλαμαριά (Ντεπώ),,,,2026-09-17,,,xe.gr agency page,2026-10-01T17:56:46Z,e39ec020-15bd-4b9a-ac91-5249688b2ef5,2026-10-01,2026-10-01
xe.gr,Rooted Pillar Real Estate,https://www.xe.gr/property/d/enoikiaseis-epaggelmatikon-xoron/eaf55e9f-4c55-4efa-99d1-5b1883ab1f14/thessalonikh-ntepw-1500-375,Κατάστημα 375 τ.μ. · Θεσσαλονίκη (Ντεπώ),rent,store,1500.0,375.0,4,Ισόγ.,1982,Θεσσαλονίκη (Ντεπώ),,,,2026-06-11,,,xe.gr agency page,2026-10-01T17:56:46Z,eaf55e9f-4c55-4efa-99d1-5b1883ab1f14,2026-10-01,2026-10-01
xe.gr,Infox Real Estate,https://www.xe.gr/property/d/enoikiaseis-epaggelmatikon-xoron/f1ad5b13-2cf6-4a3c-b96f-485f576e6e67/thessalonikh-kentro-1500-237,Κατάστημα 237 τ.μ. · Θεσσαλονίκη (Κέντρο),rent,store,1500.0,237.0,3,Ισόγ.,1998,Θεσσαλονίκη (Κέντρο),40.6318052,22.9417304,,2026-09-24,,,xe.gr agency page,2026-10-01T17:56:46Z,f1ad5b13-2cf6-4a3c-b96f-485f576e6e67,2026-10-01,2026-10-01
xe.gr,Γαιοκτησίες,https://www.xe.gr/property/d/enoikiaseis-epaggelmatikon-xoron/f9936507-a3c6-4aee-b223-582861abf95e/thessalonikh-kentro-1500-165,Κτίριο επαγγελματικών χώρων 165 τ.μ. · Θεσσαλονίκη (Κέντρο),rent,,1500.0,165.0,,,1965,Θεσσαλονίκη (Κέντρο),40.6377365,22.9391756,,2026-06-18,,,xe.gr agency page,2026-10-01T17:56:46Z,f9936507-a3c6-4aee-b223-582861abf95e,2026-10-01,2026-10-01
xe.gr,Katerina Mandalianou Realty & Design,https://www.xe.gr/property/d/enoikiaseis-epaggelmatikon-xoron/fdfb81a8-3a16-4100-9c0e-fa44fef09bec/eyosmos-590-70,Γραφείο 70 τ.μ. · Εύοσμος,rent,office,590.0,70.0,3,1ος,1967,Εύοσμος,40.6698109,22.9075163,,2026-02-19,,,xe.gr agency page,2026-10-01T17:56:46Z,fdfb81a8-3a16-4100-9c0e-fa44fef09bec,2026-10-01,2026-10-01
xe.gr,Aspis Real Estate Ανατολικής  Θεσσαλονίκης,https://www.xe.gr/property/d/enoikiaseis-gis-oikopedon/0314ddd8-6e30-4968-a9fa-509dfd279413/pylaia-2000-2800,Αγροτεμάχιο 2.800 τ.μ. · Πυλαία,rent,land,2000.0,2.8,,,,Πυλαία,40.5865321,22.9854172,,2026-08-06,,,xe.gr agency page,2026-10-01T17:56:46Z,0314ddd8-6e30-4968-a9fa-509dfd279413,2026-10-01,2026-10-01
xe.gr,Rooted Pillar Real Estate,https://www.xe.gr/property/d/enoikiaseis-gis-oikopedon/0502b470-4d3e-4444-94c4-ed82fac26c53/athhna-akadhmia-platwnos-1600-190,Οικόπεδο 190 τ.μ. · Αθήνα (Ακαδημία Πλάτωνος),rent,land,1600.0,190.0,,,,Αθήνα (Ακαδημία Πλάτωνος),,,,2026-05-28,,,xe.gr agency page,2026-10-01T17:56:46Z,0502b470-4d3e-4444-94c4-ed82fac26c53,2026-10-01,2026-10-01
xe.gr,Aspis Real Estate Ανατολικής  Θεσσαλονίκης,https://www.xe.gr/property/d/enoikiaseis-gis-oikopedon/0b08c7af-9ff7-4eb8-9397-e3b529995a40/pylaia-1700-2700,Αγροτεμάχιο 2.700 τ.μ. · Πυλαία,rent,land,1700.0,2.7,,,,Πυλαία,40.5822911,22.9805035,,2026-07-30,,,xe.gr agency page,2026-10-01T17:56:46Z,0b08c7af-9ff7-4eb8-9397-e3b529995a40,2026-10-01,2026-10-01
xe.gr,Σαραφούδης Νικόλαος,https://www.xe.gr/property/d/enoikiaseis-gis-oikopedon/0fdac0a7-71bb-4f7b-8482-a4080676d9a2/kalochwri-180-1000,Αγροτεμάχιο 1.000 τ.μ. · Καλοχώρι,rent,land,180.0,1.0,,,,Καλοχώρι,40.6422904,22.8594589,,2026-08-27,,,xe.gr agency page,2026-10-01T17:56:46Z,0fdac0a7-71bb-4f7b-8482-a4080676d9a2,2026-10-01,2026-10-01
xe.gr,Νέα Πολιτεία,https://www.xe.gr/property/d/enoikiaseis-gis-oikopedon/1c764af3-872c-463e-8780-de1a85a4d619/nea-amisos-125-10000,Αγροτεμάχιο 10.000 τ.μ. · Νέα Αμισός,rent,land,125.0,10.0,,,,Νέα Αμισός,,,,2026-07-02,,,xe.gr agency page,2026-10-01T17:56:46Z,1c764af3-872c-463e-8780-de1a85a4d619,2026-10-01,2026-10-01
xe.gr,Aspis Real Estate Ανατολικής  Θεσσαλονίκης,https://www.xe.gr/property/d/enoikiaseis-gis-oikopedon/206f45d9-b834-401f-9cbe-051d97ebd3a1/tagarades-1000-10000,Αγροτεμάχιο 10.000 τ.μ. · Ταγαράδες,rent,land,1000.0,10.0,,,,Ταγαράδες,40.4898396,23.0238548,,2026-07-30,,,xe.gr agency page,2026-10-01T17:56:46Z,206f45d9-b834-401f-9cbe-051d97ebd3a1,2026-10-01,2026-10-01
xe.gr,Cozy Real Estate,https://www.xe.gr/property/d/enoikiaseis-gis-oikopedon/25c824f4-1746-4985-af86-68fc244d648c/eykarpia-200-575,Οικόπεδο 575 τ.μ. · Ευκαρπία,rent,land,200.0,575.0,,,,Ευκαρπία,,,,2026-08-27,,,xe.gr agency page,2026-10-01T17:56:46Z,25c824f4-1746-4985-af86-68fc244d648c,2026-10-01,2026-10-01
xe.gr,Anyhome,https://www.xe.gr/property/d/enoikiaseis-gis-oikopedon/2b1b845c-fe3e-4ba5-960b-b7bd9655cf05/thessalonikh-600-3150,Αγροτεμάχιο 3.150 τ.μ. · Θεσσαλονίκη,rent,land,600.0,3.15,,,,Θεσσαλονίκη,,,,2026-07-02,,,xe.gr agency page,2026-10-01T17:56:46Z,2b1b845c-fe3e-4ba5-960b-b7bd9655cf05,2026-10-01,2026-10-01
xe.gr,Σαραφούδης Νικόλαος,https://www.xe.gr/property/d/enoikiaseis-gis-oikopedon/2f8fd0aa-3433-4e58-a82c-6f89811e2986/wraiokastro-3500-16250,Αγροτεμάχιο 16.250 τ.μ. · Ωραιόκαστρο,rent,land,3500.0,16.25,,,,Ωραιόκαστρο,40.6963871,22.9257616,,2026-08-27,,,xe.gr agency page,2026-10-01T17:56:46Z,2f8fd0aa-3433-4e58-a82c-6f89811e2986,2026-10-01,2026-10-01
xe.gr,Oikies Real Estate,https://www.xe.gr/property/d/enoikiaseis-gis-oikopedon/314b557b-4f2e-4a69-a846-7f7a91b1308c/thermh-750-4150,Αγροτεμάχιο 4.150 τ.μ. · Θέρμη,rent,land,750.0,4.15,,,,Θέρμη,40.500277,23.01127,,2026-07-16,,,xe.gr agency page,2026-10-01T17:56:46Z,314b557b-4f2e-4a69-a846-7f7a91b1308c,2026-10-01,2026-10-01
xe.gr,Stavros Ioannidis Real Estate,https://www.xe.gr/property/d/enoikiaseis-gis-oikopedon/37dd80da-37f5-49ca-8291-f8c3c866864e/vasilika-6000-8469,Αγροτεμάχιο 8.469 τ.μ. · Βασιλικα,rent,land,6000.0,8.469,,,,Βασιλικα,,,,2026-09-24,,,xe.gr agency page,2026-10-01T17:56:46Z,37dd80da-37f5-49ca-8291-f8c3c866864e,2026-10-01,2026-10-01
xe.gr,Papastefanou Real,https://www.xe.gr/property/d/enoikiaseis-gis-oikopedon/43b73933-076f-4e63-a53e-87e7aa063320/pylaia-6000-12500,Αγροτεμάχιο 12.500 τ.μ. · Πυλαία,rent,land,6000.0,12.5,,,,Πυλαία,40.5530208,22.9879629,,2026-03-05,,,xe.gr agency page,2026-10-01T17:56:46Z,43b73933-076f-4e63-a53e-87e7aa063320,2026-10-01,2026-10-01
xe.gr,Aspis Real Estate Θεσσαλονίκη Κέντρο – Δυτική,https://www.xe.gr/property/d/enoikiaseis-gis-oikopedon/4aeab3d4-4a76-4c3d-a94c-fd99810bc340/echedwro-300-29450,Αγροτεμάχιο 29.450 τ.μ. · Εχέδωρο,rent,land,300.0,29.45,,,,Εχέδωρο,,,,2026-09-25,,,xe.gr agency page,2026-10-01T17:56:46Z,4aeab3d4-4a76-4c3d-a94c-fd99810bc340,2026-10-01,2026-10-01
xe.gr,Anyhome,https://www.xe.gr/property/d/enoikiaseis-gis-oikopedon/4bc8d316-97b4-401b-b702-d6c2d0ac43c7/nea-kallikrateia-417-20000,Αγροτεμάχιο 20.000 τ.μ. · Νέα Καλλικράτεια,rent,land,417.0,20.0,,,,Νέα Καλλικράτεια,,,,2026-06-25,,,xe.gr agency page,2026-10-01T17:56:46Z,4bc8d316-97b4-401b-b702-d6c2d0ac43c7,2026-10-01,2026-10-01
xe.gr,Aspis Real Estate Ανατολικής  Θεσσαλονίκης,https://www.xe.gr/property/d/enoikiaseis-gis-oikopedon/51985d34-2375-4aee-ba81-06fa4ecdf8e7/agia-paraskeyh-1500-10000,Αγροτεμάχιο 10.000 τ.μ. · Αγία Παρασκευή,rent,land,1500.0,10.0,,,,Αγία Παρασκευή,40.4825508,23.0485176,,2026-07-30,,,xe.gr agency page,2026-10-01T17:56:46Z,51985d34-2375-4aee-ba81-06fa4ecdf8e7,2026-10-01,2026-10-01
xe.gr,Anyhome,https://www.xe.gr/property/d/enoikiaseis-gis-oikopedon/588974fc-11d6-4763-9cdb-bfdce4f7f26d/agios-athanasios-1500-9200,Αγροτεμάχιο 9.200 τ.μ. · Άγιος Αθανάσιος,rent,land,1500.0,9.2,,,,Άγιος Αθανάσιος,,,,2026-06-25,,,xe.gr agency page,2026-10-01T17:56:46Z,588974fc-11d6-4763-9cdb-bfdce4f7f26d,2026-10-01,2026-10-01
xe.gr,Papastefanou Real,https://www.xe.gr/property/d/enoikiaseis-gis-oikopedon/590430f3-3691-48a3-b415-99017b2aa03f/nea-raidestos-1200-4440,Αγροτεμάχιο 4.440 τ.μ. · Νέα Ραιδεστός,rent,land,1200.0,4.44,,,,Νέα Ραιδεστός,,,,2026-03-05,,,xe.gr agency page,2026-10-01T17:56:46Z,590430f3-3691-48a3-b415-99017b2aa03f,2026-10-01,2026-10-01
xe.gr,Σαραφούδης Νικόλαος,https://www.xe.gr/property/d/enoikiaseis-gis-oikopedon/59d647ff-a2e1-4ae8-b600-7d997351720f/echedwro-3000-9450,Αγροτεμάχιο 9.450 τ.μ. · Εχέδωρο,rent,land,3000.0,9.45,,,,Εχέδωρο,40.7018131,22.8209412,,2026-08-27,,,xe.gr agency page,2026-10-01T17:56:46Z,59d647ff-a2e1-4ae8-b600-7d997351720f,2026-10-01,2026-10-01
xe.gr,Anyhome,https://www.xe.gr/property/d/enoikiaseis-gis-oikopedon/7ee80f37-a525-489f-8a3d-9b2ffed6780b/lagkadas-1000-3000,Οικόπεδο 3.000 τ.μ. · Λαγκαδάς,rent,land,1000.0,3.0,,,,Λαγκαδάς,,,,2026-06-25,,,xe.gr agency page,2026-10-01T17:56:46Z,7ee80f37-a525-489f-8a3d-9b2ffed6780b,2026-10-01,2026-10-01
xe.gr,Σαραφούδης Νικόλαος,https://www.xe.gr/property/d/enoikiaseis-gis-oikopedon/80618b2b-2492-4a21-9f3f-891596b8f8a8/kalochwri-200-2000,Αγροτεμάχιο 2.000 τ.μ. · Καλοχώρι,rent,land,200.0,2.0,,,,Καλοχώρι,40.6422904,22.8594589,,2026-08-27,,,xe.gr agency page,2026-10-01T17:56:46Z,80618b2b-2492-4a21-9f3f-891596b8f8a8,2026-10-01,2026-10-01
xe.gr,Aspis Real Estate Ανατολικής  Θεσσαλονίκης,https://www.xe.gr/property/d/enoikiaseis-gis-oikopedon/898115c2-b594-49f9-bef0-615f87e76637/soyrwth-1000-10000,Αγροτεμάχιο 10.000 τ.μ. · Σουρωτή,rent,land,1000.0,10.0,,,,Σουρωτή,40.4732455,23.0923882,,2026-07-30,,,xe.gr agency page,2026-10-01T17:56:46Z,898115c2-b594-49f9-bef0-615f87e76637,2026-10-01,2026-10-01
xe.gr,Aspis Real Estate Ανατολικής  Θεσσαλονίκης,https://www.xe.gr/property/d/enoikiaseis-gis-oikopedon/8dcbfd48-ef12-4b93-8bef-2cc267e63274/dhmos-mhchaniwnas-2000-10000,Αγροτεμάχιο 10.000 τ.μ. · Δήμος Μηχανιώνας,rent,land,2000.0,10.0,,,,Δήμος Μηχανιώνας,40.5310574,22.9944089,,2026-07-30,,,xe.gr agency page,2026-10-01T17:56:46Z,8dcbfd48-ef12-4b93-8bef-2cc267e63274,2026-10-01,2026-10-01
xe.gr,Anyhome,https://www.xe.gr/property/d/enoikiaseis-gis-oikopedon/9fc45dfc-23f0-44b3-842b-dd034b5d2a10/stayros-500-500,Αγροτεμάχιο 500 τ.μ. · Σταυρός,rent,land,500.0,500.0,,,,Σταυρός,,,,2026-06-25,,,xe.gr agency page,2026-10-01T17:56:46Z,9fc45dfc-23f0-44b3-842b-dd034b5d2a10,2026-10-01,2026-10-01
xe.gr,Πασχαλίδης Δημήτριος,https://www.xe.gr/property/d/enoikiaseis-gis-oikopedon/c31d6a31-f00a-4e04-95ff-4e241c274b13/kalochwri-1500-9000,Αγροτεμάχιο 9.000 τ.μ. · Καλοχώρι,rent,land,1500.0,9.0,,,,Καλοχώρι,,,,2026-07-02,,,xe.gr agency page,2026-10-01T17:56:46Z,c31d6a31-f00a-4e04-95ff-4e241c274b13,2026-10-01,2026-10-01
xe.gr,Σαραφούδης Νικόλαος,https://www.xe.gr/property/d/enoikiaseis-gis-oikopedon/c484b155-c3cd-4a84-99d3-db9c55b6ff04/kalochwri-250-2000,Αγροτεμάχιο 2.000 τ.μ. · Καλοχώρι,rent,land,250.0,2.0,,,,Καλοχώρι,40.6422904,22.8594589,,2026-08-27,,,xe.gr agency page,2026-10-01T17:56:46Z,c484b155-c3cd-4a84-99d3-db9c55b6ff04,2026-10-01,2026-10-01
xe.gr,Σαραφούδης Νικόλαος,https://www.xe.gr/property/d/enoikiaseis-gis-oikopedon/c6f18ae8-d62e-46b9-8af2-67df929bba8e/kalochwri-2000-11330,Αγροτεμάχιο 11.330 τ.μ. · Καλοχώρι,rent,land,2000.0,11.33,,,,Καλοχώρι,40.6424302,22.858934,,2026-08-27,,,xe.gr agency page,2026-10-01T17:56:46Z,c6f18ae8-d62e-46b9-8af2-67df929bba8e,2026-10-01,2026-10-01
xe.gr,Πασχαλίδης Δημήτριος,https://www.xe.gr/property/d/enoikiaseis-gis-oikopedon/c792e9e6-e2a6-4f8e-b1d9-016857bf7690/echedwro-2000-11300,Αγροτεμάχιο 11.300 τ.μ. · Εχέδωρο,rent,land,2000.0,11.3,,,,Εχέδωρο,40.6540464,22.8610699,,2026-07-02,,,xe.gr agency page,2026-10-01T17:56:46Z,c792e9e6-e2a6-4f8e-b1d9-016857bf7690,2026-10-01,2026-10-01
xe.gr,Oikies Real Estate,https://www.xe.gr/property/d/enoikiaseis-gis-oikopedon/dea6b3cb-8652-4131-9291-e50f5b15d5dc/pylaia-2000-2700,Οικόπεδο 2.700 τ.μ. · Πυλαία,rent,land,2000.0,2.7,,,,Πυλαία,40.6000113,22.9966794,,2026-08-13,,,xe.gr agency page,2026-10-01T17:56:46Z,dea6b3cb-8652-4131-9291-e50f5b15d5dc,2026-10-01,2026-10-01
xe.gr,Anyhome,https://www.xe.gr/property/d/enoikiaseis-gis-oikopedon/f5507b61-3755-46fd-ba78-aa708161b656/pentalofos-500-30000,Αγροτεμάχιο 30.000 τ.μ. · Πεντάλοφος,rent,land,500.0,30.0,,,,Πεντάλοφος,,,,2026-06-25,,,xe.gr agency page,2026-10-01T17:56:46Z,f5507b61-3755-46fd-ba78-aa708161b656,2026-10-01,2026-10-01
xe.gr,Anyhome,https://www.xe.gr/property/d/enoikiaseis-gis-oikopedon/f6d1b2f9-4bf0-4d0f-a62f-9da4d20ecde6/echedwro-450-3000,Αγροτεμάχιο 3.000 τ.μ. · Εχέδωρο,rent,land,450.0,3.0,,,,Εχέδωρο,,,,2026-06-25,,,xe.gr agency page,2026-10-01T17:56:46Z,f6d1b2f9-4bf0-4d0f-a62f-9da4d20ecde6,2026-10-01,2026-10-01
xe.gr,Aspis Real Estate Ανατολικής  Θεσσαλονίκης,https://www.xe.gr/property/d/enoikiaseis-gis-oikopedon/f7a50616-494f-433a-8789-c17af70d6e98/tagarades-700-8000,Αγροτεμάχιο 8.000 τ.μ. · Ταγαράδες,rent,land,700.0,8.0,,,,Ταγαράδες,40.4908303,23.0228997,,2026-07-30,,,xe.gr agency page,2026-10-01T17:56:46Z,f7a50616-494f-433a-8789-c17af70d6e98,2026-10-01,2026-10-01
xe.gr,Infox Real Estate,https://www.xe.gr/property/d/enoikiaseis-gis-oikopedon/fa4bc68c-d114-4f56-87d9-f10845c4c098/giannitsa-2500-9000,Αγροτεμάχιο 9.000 τ.μ. · Γιαννιτσά,rent,land,2500.0,9.0,,,,Γιαννιτσά,40.7834919,22.4094257,,2026-07-16,,,xe.gr agency page,2026-10-01T17:56:46Z,fa4bc68c-d114-4f56-87d9-f10845c4c098,2026-10-01,2026-10-01
xe.gr,Aspis Real Estate Ανατολικής  Θεσσαλονίκης,https://www.xe.gr/property/d/enoikiaseis-katoikion/0085ceee-3e2e-4218-979d-ef7a22537e7a/panorama-1650-215,Μεζονέτα 215 τ.μ. · Πανόραμα,rent,maisonette,1650.0,215.0,2,Ισόγ.,2000,Πανόραμα,,,,2026-07-30,,,xe.gr agency page,2026-10-01T17:56:46Z,0085ceee-3e2e-4218-979d-ef7a22537e7a,2026-10-01,2026-10-01
xe.gr,Anyhome,https://www.xe.gr/property/d/enoikiaseis-katoikion/01e47be6-45b3-4913-a721-2b8508f76090/thessalonikh-analhpsh-480-34,Διαμέρισμα 34 τ.μ. · Θεσσαλονίκη (Ανάληψη),rent,apartment,480.0,34.0,,Ισόγ.,1970,Θεσσαλονίκη (Ανάληψη),,,,2026-09-29,,,xe.gr agency page,2026-10-01T17:56:46Z,01e47be6-45b3-4913-a721-2b8508f76090,2026-10-01,2026-10-01
xe.gr,Νέα Πολιτεία,https://www.xe.gr/property/d/enoikiaseis-katoikion/02161e32-a0c6-4ee0-be68-520cae166416/thessaloniki-xhrokrhnh-300-25,Διαμέρισμα 25 τ.μ. · Thessaloniki (Ξηροκρήνη),rent,apartment,300.0,25.0,,6ος,2007,Thessaloniki (Ξηροκρήνη),,,,2026-10-01,,,xe.gr agency page,2026-10-01T17:56:46Z,02161e32-a0c6-4ee0-be68-520cae166416,2026-10-01,2026-10-01
xe.gr,noikiaseto.gr,https://www.xe.gr/property/d/enoikiaseis-katoikion/05b8fe04-0266-4c02-9beb-a74da9a4bc40/thessalonikh-falhro-800-84,Διαμέρισμα 84 τ.μ. · Θεσσαλονίκη (Φάληρο),rent,apartment,800.0,84.0,2,5ος,1985,Θεσσαλονίκη (Φάληρο),,,,2026-09-24,,,xe.gr agency page,2026-10-01T17:56:46Z,05b8fe04-0266-4c02-9beb-a74da9a4bc40,2026-10-01,2026-10-01
xe.gr,Papastefanou Real,https://www.xe.gr/property/d/enoikiaseis-katoikion/05ece391-7a35-4a40-bdc2-1cc72be322f6/thessalonikh-analhpsh-600-60,Διαμέρισμα 60 τ.μ. · Θεσσαλονίκη (Ανάληψη),rent,apartment,600.0,60.0,1,6ος,1980,Θεσσαλονίκη (Ανάληψη),,,,2026-09-24,,,xe.gr agency page,2026-10-01T17:56:46Z,05ece391-7a35-4a40-bdc2-1cc72be322f6,2026-10-01,2026-10-01
xe.gr,Passal Real Estate,https://www.xe.gr/property/d/enoikiaseis-katoikion/06dca2d2-c2e3-4719-9f10-fd3868c37256/stayroypolh-600-75,Διαμέρισμα 75 τ.μ. · Σταυρούπολη,rent,apartment,600.0,75.0,2,1ος,1975,Σταυρούπολη,,,,2026-09-24,,,xe.gr agency page,2026-10-01T17:56:46Z,06dca2d2-c2e3-4719-9f10-fd3868c37256,2026-10-01,2026-10-01
xe.gr,Aspis Real Estate Θεσσαλονίκη Κέντρο – Δυτική,https://www.xe.gr/property/d/enoikiaseis-katoikion/07293479-1e9e-4837-afa7-be26b2384a3d/thessalonikh-vardarh-1100-180,Συγκρότημα κατοικιών 180 τ.μ. · Θεσσαλονίκη (Βαρδάρη),rent,,1100.0,180.0,,,1970,Θεσσαλονίκη (Βαρδάρη),40.63993310000001,22.9387418,,2026-09-17,,,xe.gr agency page,2026-10-01T17:56:46Z,07293479-1e9e-4837-afa7-be26b2384a3d,2026-10-01,2026-10-01
xe.gr,Ihouse,https://www.xe.gr/property/d/enoikiaseis-katoikion/081aec28-c5f0-4314-9105-558d3f1aa805/thessalonikh-kentro-700-40,Διαμέρισμα 40 τ.μ. · Θεσσαλονίκη (Κέντρο),rent,apartment,700.0,40.0,1,1ος,1968,Θεσσαλονίκη (Κέντρο),40.6308722,22.9507758,,2026-04-23,,,xe.gr agency page,2026-10-01T17:56:46Z,081aec28-c5f0-4314-9105-558d3f1aa805,2026-10-01,2026-10-01
xe.gr,Katerina Mandalianou Realty & Design,https://www.xe.gr/property/d/enoikiaseis-katoikion/09895db6-501f-4a6b-8873-225322600690/thessalonikh-40-ekklhsies-650-110,Διαμέρισμα 110 τ.μ. · Θεσσαλονίκη (40 Εκκλησιές),rent,apartment,650.0,110.0,2,1ος,1988,Θεσσαλονίκη (40 Εκκλησιές),40.6320316,22.9673563,,2026-02-19,,,xe.gr agency page,2026-10-01T17:56:46Z,09895db6-501f-4a6b-8873-225322600690,2026-10-01,2026-10-01
xe.gr,Γαιοκτησίες,https://www.xe.gr/property/d/enoikiaseis-katoikion/0b5a62fe-f511-413d-87e2-4c2d1d151026/thessalonikh-analhpsh-1300-120,Διαμέρισμα 120 τ.μ. · Θεσσαλονίκη (Ανάληψη),rent,apartment,1300.0,120.0,2,3ος,1970,Θεσσαλονίκη (Ανάληψη),40.6120736,22.9533121,,2026-07-09,,,xe.gr agency page,2026-10-01T17:56:46Z,0b5a62fe-f511-413d-87e2-4c2d1d151026,2026-10-01,2026-10-01
xe.gr,Cozy Real Estate,https://www.xe.gr/property/d/enoikiaseis-katoikion/0cc5063b-9a4a-4ccb-9bd9-cf9b351700dc/thessalonikh-xhrokrhnh-630-25,Διαμέρισμα 25 τ.μ. · Θεσσαλονίκη (Ξηροκρήνη),rent,apartment,630.0,25.0,,2ος,,Θεσσαλονίκη (Ξηροκρήνη),40.6437095,22.9334615,,2026-09-24,,,xe.gr agency page,2026-10-01T17:56:46Z,0cc5063b-9a4a-4ccb-9bd9-cf9b351700dc,2026-10-01,2026-10-01
xe.gr,ΠΑΖΑΡΤΖΗΣ από το 1978!!,https://www.xe.gr/property/d/enoikiaseis-katoikion/0d1ed6e2-a79f-4e9a-bae4-e9250a1878e7/thessalonikh-analhpsh-600-68,Διαμέρισμα 68 τ.μ. · Θεσσαλονίκη (Ανάληψη),rent,apartment,600.0,68.0,2,1ος,1965,Θεσσαλονίκη (Ανάληψη),40.6052009,22.9545214,,2026-09-30,,,xe.gr agency page,2026-10-01T17:56:46Z,0d1ed6e2-a79f-4e9a-bae4-e9250a1878e7,2026-10-01,2026-10-01
xe.gr,Νέα Πολιτεία,https://www.xe.gr/property/d/enoikiaseis-katoikion/0d4e1a18-6fd3-404e-82ed-806d93cb507e/thessalonikh-kentro-580-45,Διαμέρισμα 45 τ.μ. · Θεσσαλονίκη (Κέντρο),rent,apartment,580.0,45.0,2,Ημιώρ.,1980,Θεσσαλονίκη (Κέντρο),,,,2026-09-29,,,xe.gr agency page,2026-10-01T17:56:46Z,0d4e1a18-6fd3-404e-82ed-806d93cb507e,2026-10-01,2026-10-01
xe.gr,Oikies Real Estate,https://www.xe.gr/property/d/enoikiaseis-katoikion/12cfe387-5358-4974-a118-796ad7579b5f/agios-paylos-anw-polh-600-115,Διαμέρισμα 115 τ.μ. · Άγιος Παύλος (Ανω Πόλη),rent,apartment,600.0,115.0,3,1ος,1988,Άγιος Παύλος (Ανω Πόλη),40.6414411,22.9597757,,2026-09-29,,,xe.gr agency page,2026-10-01T17:56:46Z,12cfe387-5358-4974-a118-796ad7579b5f,2026-10-01,2026-10-01
xe.gr,Ademis Real Estate,https://www.xe.gr/property/d/enoikiaseis-katoikion/1468c2a6-66a1-4614-9736-638ee1bdd54b/thessalonikh-falhro-500-40,Διαμέρισμα 40 τ.μ. · Θεσσαλονίκη (Φάληρο),rent,apartment,500.0,40.0,1,Ισόγ.,1970,Θεσσαλονίκη (Φάληρο),40.6163391,22.9564886,,2026-09-10,,,xe.gr agency page,2026-10-01T17:56:46Z,1468c2a6-66a1-4614-9736-638ee1bdd54b,2026-10-01,2026-10-01
xe.gr,Infox Real Estate,https://www.xe.gr/property/d/enoikiaseis-katoikion/160afe82-8422-430e-944b-ccf8687af87c/pylaia-850-90,Διαμέρισμα 90 τ.μ. · Πυλαία,rent,apartment,850.0,90.0,3,1ος,1990,Πυλαία,40.6100887,22.9943343,,2026-09-30,,,xe.gr agency page,2026-10-01T17:56:46Z,160afe82-8422-430e-944b-ccf8687af87c,2026-10-01,2026-10-01
xe.gr,Νέα Πολιτεία,https://www.xe.gr/property/d/enoikiaseis-katoikion/1a53d7fe-33d7-4c75-9274-5c0960f70491/thessalonikh-vardarh-650-75,Διαμέρισμα 75 τ.μ. · Θεσσαλονίκη (Βαρδάρη),rent,apartment,650.0,75.0,2,2ος,1975,Θεσσαλονίκη (Βαρδάρη),,,,2026-09-30,,,xe.gr agency page,2026-10-01T17:56:46Z,1a53d7fe-33d7-4c75-9274-5c0960f70491,2026-10-01,2026-10-01
xe.gr,Anyhome,https://www.xe.gr/property/d/enoikiaseis-katoikion/1b3f2e2a-bc22-4092-bff8-5361cf1120a0/thessalonikh-analhpsh-350-24,Διαμέρισμα 24 τ.μ. · Θεσσαλονίκη (Ανάληψη),rent,apartment,350.0,24.0,,1ος,1975,Θεσσαλονίκη (Ανάληψη),,,,2026-09-29,,,xe.gr agency page,2026-10-01T17:56:46Z,1b3f2e2a-bc22-4092-bff8-5361cf1120a0,2026-10-01,2026-10-01
xe.gr,ΓΚΟΥΤΖΑΜΑΝΗΣ REAL ESTATE,https://www.xe.gr/property/d/enoikiaseis-katoikion/1c6204e2-a8a1-492e-8391-81c83925b00c/thessalonikh-katw-toympa-500-70,Διαμέρισμα 70 τ.μ. · Θεσσαλονίκη (Κάτω Τούμπα),rent,apartment,500.0,70.0,2,2ος,1975,Θεσσαλονίκη (Κάτω Τούμπα),,,,2026-09-27,,,xe.gr agency page,2026-10-01T17:56:46Z,1c6204e2-a8a1-492e-8391-81c83925b00c,2026-10-01,2026-10-01
xe.gr,Oikies Real Estate,https://www.xe.gr/property/d/enoikiaseis-katoikion/1c937eff-be1d-419b-a432-27f6f5540d4c/pylaia-1350-135,Διαμέρισμα 135 τ.μ. · Πυλαία,rent,apartment,1350.0,135.0,3,1ος,2005,Πυλαία,,,,2026-09-25,,,xe.gr agency page,2026-10-01T17:56:46Z,1c937eff-be1d-419b-a432-27f6f5540d4c,2026-10-01,2026-10-01
xe.gr,noikiaseto.gr,https://www.xe.gr/property/d/enoikiaseis-katoikion/1e687c21-1537-46a6-94d7-3af6f160c331/thessalonikh-anw-polh-580-45,Διαμέρισμα 45 τ.μ. · Θεσσαλονίκη (Ανω Πόλη),rent,apartment,580.0,45.0,2,Ημιώρ.,1962,Θεσσαλονίκη (Ανω Πόλη),,,,2026-09-30,,,xe.gr agency page,2026-10-01T17:56:46Z,1e687c21-1537-46a6-94d7-3af6f160c331,2026-10-01,2026-10-01
xe.gr,noikiaseto.gr,https://www.xe.gr/property/d/enoikiaseis-katoikion/2305efc1-94fb-430a-8d6a-63391ac03294/agios-paylos-agios-paylos-450-50,Διαμέρισμα 50 τ.μ. · Άγιος Παύλος (Αγιος Παύλος),rent,apartment,450.0,50.0,1,2ος,2000,Άγιος Παύλος (Αγιος Παύλος),,,,2026-09-17,,,xe.gr agency page,2026-10-01T17:56:46Z,2305efc1-94fb-430a-8d6a-63391ac03294,2026-10-01,2026-10-01
xe.gr,Aenaos Real Estate + Development,https://www.xe.gr/property/d/enoikiaseis-katoikion/24659667-b17a-45a9-92b0-329768fb9c44/kalamaria-1200-130,Διαμέρισμα 130 τ.μ. · Καλαμαριά,rent,apartment,1200.0,130.0,3,5ος,1996,Καλαμαριά,,,,2026-10-01,,,xe.gr agency page,2026-10-01T17:56:46Z,24659667-b17a-45a9-92b0-329768fb9c44,2026-10-01,2026-10-01
xe.gr,Papastefanou Real,https://www.xe.gr/property/d/enoikiaseis-katoikion/2507c2f1-ee40-495b-9a69-c6a3150fdd0b/thessalonikh-kentro-450-45,Διαμέρισμα 45 τ.μ. · Θεσσαλονίκη (Κέντρο),rent,apartment,450.0,45.0,1,3ος,1972,Θεσσαλονίκη (Κέντρο),,,,2026-09-30,,,xe.gr agency page,2026-10-01T17:56:46Z,2507c2f1-ee40-495b-9a69-c6a3150fdd0b,2026-10-01,2026-10-01
xe.gr,Infox Real Estate,https://www.xe.gr/property/d/enoikiaseis-katoikion/25534812-62c5-47ed-aefd-b03a0a22fb86/kavala-380-45,Διαμέρισμα 45 τ.μ. · Καβάλα,rent,apartment,380.0,45.0,1,1ος,1980,Καβάλα,40.9379762,24.4133328,,2026-09-28,,,xe.gr agency page,2026-10-01T17:56:46Z,25534812-62c5-47ed-aefd-b03a0a22fb86,2026-10-01,2026-10-01
xe.gr,ΓΚΟΥΤΖΑΜΑΝΗΣ REAL ESTATE,https://www.xe.gr/property/d/enoikiaseis-katoikion/26ba6a98-bbf6-414a-b1cb-27a28b2fee54/thessalonikh-katw-toympa-360-40,Διαμέρισμα 40 τ.μ. · Θεσσαλονίκη (Κάτω Τούμπα),rent,apartment,360.0,40.0,1,1ος,1977,Θεσσαλονίκη (Κάτω Τούμπα),,,,2026-09-28,,,xe.gr agency page,2026-10-01T17:56:46Z,26ba6a98-bbf6-414a-b1cb-27a28b2fee54,2026-10-01,2026-10-01
xe.gr,Papastefanou Real,https://www.xe.gr/property/d/enoikiaseis-katoikion/26e4cd81-1bf6-424d-94b9-c18d7819f85b/thessalonikh-kentro-1250-79,Διαμέρισμα 79 τ.μ. · Θεσσαλονίκη (Κέντρο),rent,apartment,1250.0,79.0,3,2ος,1970,Θεσσαλονίκη (Κέντρο),,,,2026-07-09,,,xe.gr agency page,2026-10-01T17:56:46Z,26e4cd81-1bf6-424d-94b9-c18d7819f85b,2026-10-01,2026-10-01
xe.gr,Βόρειος Ελλάς,https://www.xe.gr/property/d/enoikiaseis-katoikion/2750ab69-de1c-4e12-840e-13601c77b484/thessalonikh-falhro-680-72,Διαμέρισμα 72 τ.μ. · Θεσσαλονίκη (Φάληρο),rent,apartment,680.0,72.0,2,3ος,1976,Θεσσαλονίκη (Φάληρο),,,,2026-10-01,,,xe.gr agency page,2026-10-01T17:56:46Z,2750ab69-de1c-4e12-840e-13601c77b484,2026-10-01,2026-10-01
xe.gr,ΠΑΖΑΡΤΖΗΣ από το 1978!!,https://www.xe.gr/property/d/enoikiaseis-katoikion/27e8e680-1e93-4460-bede-69c43cce2bb7/thessalonikh-anw-toympa-650-82,Διαμέρισμα 82 τ.μ. · Θεσσαλονίκη (Ανω Τούμπα),rent,apartment,650.0,82.0,2,2ος,1974,Θεσσαλονίκη (Ανω Τούμπα),40.6189721,22.9738118,,2026-09-30,,,xe.gr agency page,2026-10-01T17:56:46Z,27e8e680-1e93-4460-bede-69c43cce2bb7,2026-10-01,2026-10-01
xe.gr,REAL A,https://www.xe.gr/property/d/enoikiaseis-katoikion/2858062a-9801-4c73-a93e-957f99e8e7e7/thessalonikh-anw-polh-650-50,Διαμέρισμα 50 τ.μ. · Θεσσαλονίκη (Ανω Πόλη),rent,apartment,650.0,50.0,1,2ος,2026,Θεσσαλονίκη (Ανω Πόλη),,,,2026-08-13,,,xe.gr agency page,2026-10-01T17:56:46Z,2858062a-9801-4c73-a93e-957f99e8e7e7,2026-10-01,2026-10-01
xe.gr,Cozy Real Estate,https://www.xe.gr/property/d/enoikiaseis-katoikion/296a8957-bb29-4fae-a81c-7a6b7abed9c2/pylaia-800-90,Διαμέρισμα 90 τ.μ. · Πυλαία,rent,apartment,800.0,90.0,2,3ος,1979,Πυλαία,,,,2026-09-30,,,xe.gr agency page,2026-10-01T17:56:46Z,296a8957-bb29-4fae-a81c-7a6b7abed9c2,2026-10-01,2026-10-01
xe.gr,REAL A,https://www.xe.gr/property/d/enoikiaseis-katoikion/2bff8ace-fb2c-43d3-8e10-0df8b529e583/thessalonikh-analhpsh-560-70,Διαμέρισμα 70 τ.μ. · Θεσσαλονίκη (Ανάληψη),rent,apartment,560.0,70.0,2,4ος,1964,Θεσσαλονίκη (Ανάληψη),,,,2026-08-27,,,xe.gr agency page,2026-10-01T17:56:46Z,2bff8ace-fb2c-43d3-8e10-0df8b529e583,2026-10-01,2026-10-01
xe.gr,Oikies Real Estate,https://www.xe.gr/property/d/enoikiaseis-katoikion/2ccbcd43-3de1-437e-ba8e-67c6b911cacc/neo-rysio-1300-207,Μεζονέτα 207 τ.μ. · Νέο Ρύσιο,rent,maisonette,1300.0,207.0,4,Ισόγ.,2009,Νέο Ρύσιο,40.4973711,22.9861447,,2026-09-24,,,xe.gr agency page,2026-10-01T17:56:46Z,2ccbcd43-3de1-437e-ba8e-67c6b911cacc,2026-10-01,2026-10-01
xe.gr,Βόρειος Ελλάς,https://www.xe.gr/property/d/enoikiaseis-katoikion/2d0cb291-8e86-4fd0-ac3d-630a60196bb0/thessalonikh-falhro-450-30,Διαμέρισμα 30 τ.μ. · Θεσσαλονίκη (Φάληρο),rent,apartment,450.0,30.0,1,Ημιυπ.,1965,Θεσσαλονίκη (Φάληρο),,,,2026-10-01,,,xe.gr agency page,2026-10-01T17:56:46Z,2d0cb291-8e86-4fd0-ac3d-630a60196bb0,2026-10-01,2026-10-01
xe.gr,interakinita,https://www.xe.gr/property/d/enoikiaseis-katoikion/2e5f6d12-9442-4152-93a0-6e489947f296/thessalonikh-vardarh-250-40,Διαμέρισμα 40 τ.μ. · Θεσσαλονίκη (Βαρδάρη),rent,apartment,250.0,40.0,1,Υπερυψ.,1978,Θεσσαλονίκη (Βαρδάρη),,,,2026-10-01,,,xe.gr agency page,2026-10-01T17:56:46Z,2e5f6d12-9442-4152-93a0-6e489947f296,2026-10-01,2026-10-01
xe.gr,Katerina Mandalianou Realty & Design,https://www.xe.gr/property/d/enoikiaseis-katoikion/2eb1e6f0-0419-4e46-93fd-2b2fef7b64ee/thessalonikh-vardarh-780-100,Διαμέρισμα 100 τ.μ. · Θεσσαλονίκη (Βαρδάρη),rent,apartment,780.0,100.0,2,2ος,1965,Θεσσαλονίκη (Βαρδάρη),40.6400497,22.9430754,,2026-04-09,,,xe.gr agency page,2026-10-01T17:56:46Z,2eb1e6f0-0419-4e46-93fd-2b2fef7b64ee,2026-10-01,2026-10-01
xe.gr,interakinita,https://www.xe.gr/property/d/enoikiaseis-katoikion/2fda0597-6871-4f4f-8f7d-a84bc59b4c10/thessalonikh-anw-polh-550-67,Διαμέρισμα 67 τ.μ. · Θεσσαλονίκη (Ανω Πόλη),rent,apartment,550.0,67.0,2,1ος,2009,Θεσσαλονίκη (Ανω Πόλη),,,,2026-10-01,,,xe.gr agency page,2026-10-01T17:56:46Z,2fda0597-6871-4f4f-8f7d-a84bc59b4c10,2026-10-01,2026-10-01
xe.gr,Νέα Πολιτεία,https://www.xe.gr/property/d/enoikiaseis-katoikion/3606253a-d3f0-4e38-82e7-832c845a52cf/thessalonikh-papafeio-700-90,Διαμέρισμα 90 τ.μ. · Θεσσαλονίκη (Παπάφειο),rent,apartment,700.0,90.0,2,1ος,1969,Θεσσαλονίκη (Παπάφειο),,,,2026-09-28,,,xe.gr agency page,2026-10-01T17:56:46Z,3606253a-d3f0-4e38-82e7-832c845a52cf,2026-10-01,2026-10-01
xe.gr,Passal Real Estate,https://www.xe.gr/property/d/enoikiaseis-katoikion/375feb07-97c5-4df0-a340-613c26636f15/thessalonikh-ntepw-700-70,Διαμέρισμα 70 τ.μ. · Θεσσαλονίκη (Ντεπώ),rent,apartment,700.0,70.0,2,3ος,1980,Θεσσαλονίκη (Ντεπώ),,,,2026-09-03,,,xe.gr agency page,2026-10-01T17:56:46Z,375feb07-97c5-4df0-a340-613c26636f15,2026-10-01,2026-10-01
xe.gr,noikiaseto.gr,https://www.xe.gr/property/d/enoikiaseis-katoikion/390f7de5-2c88-459a-998c-e569582364ca/thessalonikh-xhrokrhnh-350-32,Διαμέρισμα 32 τ.μ. · Θεσσαλονίκη (Ξηροκρήνη),rent,apartment,350.0,32.0,1,Ισόγ.,1977,Θεσσαλονίκη (Ξηροκρήνη),,,,2026-09-24,,,xe.gr agency page,2026-10-01T17:56:46Z,390f7de5-2c88-459a-998c-e569582364ca,2026-10-01,2026-10-01
xe.gr,interakinita,https://www.xe.gr/property/d/enoikiaseis-katoikion/39738fd5-273f-4148-8877-572e71592b8e/thessalonikh-kentro-600-80,Διαμέρισμα 80 τ.μ. · Θεσσαλονίκη (Κέντρο),rent,apartment,600.0,80.0,2,3ος,1972,Θεσσαλονίκη (Κέντρο),,,,2026-10-01,,,xe.gr agency page,2026-10-01T17:56:46Z,39738fd5-273f-4148-8877-572e71592b8e,2026-10-01,2026-10-01
xe.gr,Aspis Real Estate Θεσσαλονίκη Κέντρο – Δυτική,https://www.xe.gr/property/d/enoikiaseis-katoikion/3c0d2782-a837-4134-a635-595652d4d6c1/thessalonikh-kentro-520-50,Διαμέρισμα 50 τ.μ. · Θεσσαλονίκη (Κέντρο),rent,apartment,520.0,50.0,2,1ος,,Θεσσαλονίκη (Κέντρο),,,,2026-09-17,,,xe.gr agency page,2026-10-01T17:56:46Z,3c0d2782-a837-4134-a635-595652d4d6c1,2026-10-01,2026-10-01
xe.gr,Abitazione,https://www.xe.gr/property/d/enoikiaseis-katoikion/3cafecf2-ac44-4ce4-a983-442c47b9d264/thessalonikh-kentro-450-70,Διαμέρισμα 70 τ.μ. · Θεσσαλονίκη (Κέντρο),rent,apartment,450.0,70.0,1,2ος,1970,Θεσσαλονίκη (Κέντρο),40.6349992,22.9537361,,2026-09-26,,,xe.gr agency page,2026-10-01T17:56:46Z,3cafecf2-ac44-4ce4-a983-442c47b9d264,2026-10-01,2026-10-01
xe.gr,ARCUS REAL ESTATE,https://www.xe.gr/property/d/enoikiaseis-katoikion/3e16e0b1-a6c7-43d0-81ca-61ef34e12a13/thessalonikh-kentro-1500-74,Διαμέρισμα 74 τ.μ. · Θεσσαλονίκη (Κέντρο),rent,apartment,1500.0,74.0,3,2ος,1970,Θεσσαλονίκη (Κέντρο),,,,2026-09-17,,,xe.gr agency page,2026-10-01T17:56:46Z,3e16e0b1-a6c7-43d0-81ca-61ef34e12a13,2026-10-01,2026-10-01
xe.gr,Infox Real Estate,https://www.xe.gr/property/d/enoikiaseis-katoikion/3fccf9df-dc3d-4e78-b751-09342d5412cb/peraia-750-154,Μονοκατοικία 154 τ.μ. · Περαία,rent,house,750.0,154.0,3,Ισόγ.,2003,Περαία,40.5010204,22.927268,,2026-09-25,,,xe.gr agency page,2026-10-01T17:56:46Z,3fccf9df-dc3d-4e78-b751-09342d5412cb,2026-10-01,2026-10-01
xe.gr,REVA,https://www.xe.gr/property/d/enoikiaseis-katoikion/3fd01955-5462-4660-b52e-8e77ef348b0c/thermh-1000-100,Διαμέρισμα 100 τ.μ. · Θέρμη,rent,apartment,1000.0,100.0,3,1ος,2026,Θέρμη,40.5538908,23.0219901,,2026-10-01,,,xe.gr agency page,2026-10-01T17:56:46Z,3fd01955-5462-4660-b52e-8e77ef348b0c,2026-10-01,2026-10-01
xe.gr,Oikies Real Estate,https://www.xe.gr/property/d/enoikiaseis-katoikion/44afae00-92b7-407d-9164-92fc0ec65a6b/thessalonikh-falhro-600-75,Διαμέρισμα 75 τ.μ. · Θεσσαλονίκη (Φάληρο),rent,apartment,600.0,75.0,2,3ος,1970,Θεσσαλονίκη (Φάληρο),40.6192889,22.9603001,,2026-09-29,,,xe.gr agency page,2026-10-01T17:56:46Z,44afae00-92b7-407d-9164-92fc0ec65a6b,2026-10-01,2026-10-01
xe.gr,ΠΑΖΑΡΤΖΗΣ από το 1978!!,https://www.xe.gr/property/d/enoikiaseis-katoikion/46580ac6-df6f-479f-a14a-077f9aca4bd6/pylaia-370-35,Διαμέρισμα 35 τ.μ. · Πυλαία,rent,apartment,370.0,35.0,1,2ος,2004,Πυλαία,40.6086908,22.993358,,2026-09-30,,,xe.gr agency page,2026-10-01T17:56:46Z,46580ac6-df6f-479f-a14a-077f9aca4bd6,2026-10-01,2026-10-01
xe.gr,CIVILHOME,https://www.xe.gr/property/d/enoikiaseis-katoikion/467f74e0-e847-4291-ba00-ccf36e529eae/thessalonikh-vardarh-420-35,Διαμέρισμα 35 τ.μ. · Θεσσαλονίκη (Βαρδάρη),rent,apartment,420.0,35.0,1,1ος,1970,Θεσσαλονίκη (Βαρδάρη),40.6396956,22.9414536,,2026-09-30,,,xe.gr agency page,2026-10-01T17:56:46Z,467f74e0-e847-4291-ba00-ccf36e529eae,2026-10-01,2026-10-01
xe.gr,Aspis Real Estate Ανατολικής  Θεσσαλονίκης,https://www.xe.gr/property/d/enoikiaseis-katoikion/4845d6c7-5457-452a-bd13-078d72d6b8bd/thermh-1500-200,Μεζονέτα 200 τ.μ. · Θέρμη,rent,maisonette,1500.0,200.0,3,1ος,2003,Θέρμη,40.4891259,23.0217199,,2026-07-30,,,xe.gr agency page,2026-10-01T17:56:46Z,4845d6c7-5457-452a-bd13-078d72d6b8bd,2026-10-01,2026-10-01
xe.gr,ΠΑΖΑΡΤΖΗΣ από το 1978!!,https://www.xe.gr/property/d/enoikiaseis-katoikion/48769230-9679-46ab-b7d1-7a98734f05f4/thessalonikh-falhro-600-40,Διαμέρισμα 40 τ.μ. · Θεσσαλονίκη (Φάληρο),rent,apartment,600.0,40.0,2,3ος,1958,Θεσσαλονίκη (Φάληρο),40.61937400000001,22.960777,,2026-09-30,,,xe.gr agency page,2026-10-01T17:56:46Z,48769230-9679-46ab-b7d1-7a98734f05f4,2026-10-01,2026-10-01
xe.gr,Abitazione,https://www.xe.gr/property/d/enoikiaseis-katoikion/4946c7fc-d73b-4fc6-a0aa-9bb863a74812/thessalonikh-panepisthmia-600-80,Διαμέρισμα 80 τ.μ. · Θεσσαλονίκη (Πανεπιστήμια),rent,apartment,600.0,80.0,2,6ος,1965,Θεσσαλονίκη (Πανεπιστήμια),40.6295515,22.9532029,,2026-09-17,,,xe.gr agency page,2026-10-01T17:56:46Z,4946c7fc-d73b-4fc6-a0aa-9bb863a74812,2026-10-01,2026-10-01
xe.gr,Ihouse,https://www.xe.gr/property/d/enoikiaseis-katoikion/494b2b24-bd9f-4d1d-adea-dc1449a52fdd/thessalonikh-analhpsh-850-95,Διαμέρισμα 95 τ.μ. · Θεσσαλονίκη (Ανάληψη),rent,apartment,850.0,95.0,3,2ος,1978,Θεσσαλονίκη (Ανάληψη),40.605179,22.9592663,,2026-07-23,,,xe.gr agency page,2026-10-01T17:56:46Z,494b2b24-bd9f-4d1d-adea-dc1449a52fdd,2026-10-01,2026-10-01
xe.gr,Θεσμός,https://www.xe.gr/property/d/enoikiaseis-katoikion/4aec4cd8-b892-4934-ab54-708eac700e31/thessalonikh-anw-polh-350-35,Διαμέρισμα 35 τ.μ. · Θεσσαλονίκη (Ανω Πόλη),rent,apartment,350.0,35.0,1,Ισόγ.,2005,Θεσσαλονίκη (Ανω Πόλη),40.6406109,22.9513586,,2026-09-25,,,xe.gr agency page,2026-10-01T17:56:46Z,4aec4cd8-b892-4934-ab54-708eac700e31,2026-10-01,2026-10-01
xe.gr,Ihouse,https://www.xe.gr/property/d/enoikiaseis-katoikion/4c79e9b3-5309-4e6f-a57e-2ea95f841ca2/thessalonikh-analhpsh-790-120,Διαμέρισμα 120 τ.μ. · Θεσσαλονίκη (Ανάληψη),rent,apartment,790.0,120.0,2,4ος,1972,Θεσσαλονίκη (Ανάληψη),40.6073329,22.9649498,,2026-07-16,,,xe.gr agency page,2026-10-01T17:56:46Z,4c79e9b3-5309-4e6f-a57e-2ea95f841ca2,2026-10-01,2026-10-01
xe.gr,Aspis Real Estate Θεσσαλονίκη Κέντρο – Δυτική,https://www.xe.gr/property/d/enoikiaseis-katoikion/4f34aead-e303-4ec2-8f89-0d39f9ae25f6/thessalonikh-xhrokrhnh-500-31,Διαμέρισμα 31 τ.μ. · Θεσσαλονίκη (Ξηροκρήνη),rent,apartment,500.0,31.0,1,2ος,1972,Θεσσαλονίκη (Ξηροκρήνη),,,,2026-09-24,,,xe.gr agency page,2026-10-01T17:56:46Z,4f34aead-e303-4ec2-8f89-0d39f9ae25f6,2026-10-01,2026-10-01
xe.gr,Stavros Ioannidis Real Estate,https://www.xe.gr/property/d/enoikiaseis-katoikion/4fa19d53-eac3-461f-a3a0-4093bbc88853/thessalonikh-xhrokrhnh-430-45,Διαμέρισμα 45 τ.μ. · Θεσσαλονίκη (Ξηροκρήνη),rent,apartment,430.0,45.0,1,1ος,2009,Θεσσαλονίκη (Ξηροκρήνη),,,,2026-08-20,,,xe.gr agency page,2026-10-01T17:56:46Z,4fa19d53-eac3-461f-a3a0-4093bbc88853,2026-10-01,2026-10-01
xe.gr,Aspis Real Estate Θεσσαλονίκη Κέντρο – Δυτική,https://www.xe.gr/property/d/enoikiaseis-katoikion/4fd36aa5-3856-4b98-9058-cd1def029039/thessalonikh-kentro-530-42,Διαμέρισμα 42 τ.μ. · Θεσσαλονίκη (Κέντρο),rent,apartment,530.0,42.0,1,1ος,,Θεσσαλονίκη (Κέντρο),,,,2026-09-17,,,xe.gr agency page,2026-10-01T17:56:46Z,4fd36aa5-3856-4b98-9058-cd1def029039,2026-10-01,2026-10-01
xe.gr,ARCUS REAL ESTATE,https://www.xe.gr/property/d/enoikiaseis-katoikion/52a440df-b54a-40bd-ba9b-85289c4badf8/asvestochwri-550-65,Διαμέρισμα 65 τ.μ. · Ασβεστοχώρι,rent,apartment,550.0,65.0,2,Ισόγ.,1985,Ασβεστοχώρι,,,,2026-09-28,,,xe.gr agency page,2026-10-01T17:56:46Z,52a440df-b54a-40bd-ba9b-85289c4badf8,2026-10-01,2026-10-01
xe.gr,Papastefanou Real,https://www.xe.gr/property/d/enoikiaseis-katoikion/52f783ba-84ec-4153-9379-725683c0e93b/trilofos-750-136,Διαμέρισμα 136 τ.μ. · Τρίλοφος,rent,apartment,750.0,136.0,3,2ος,2006,Τρίλοφος,,,,2026-09-24,,,xe.gr agency page,2026-10-01T17:56:46Z,52f783ba-84ec-4153-9379-725683c0e93b,2026-10-01,2026-10-01
xe.gr,Anyhome,https://www.xe.gr/property/d/enoikiaseis-katoikion/559d729f-be1f-4c8d-a81e-eb82c79ddfda/kalamaria-620-68,Διαμέρισμα 68 τ.μ. · Καλαμαριά,rent,apartment,620.0,68.0,2,3ος,1982,Καλαμαριά,,,,2026-09-29,,,xe.gr agency page,2026-10-01T17:56:46Z,559d729f-be1f-4c8d-a81e-eb82c79ddfda,2026-10-01,2026-10-01
xe.gr,Θεσμός,https://www.xe.gr/property/d/enoikiaseis-katoikion/55aee1b2-cd53-4bc5-ad0c-bcb4f6919c22/thessalonikh-kentro-450-60,Διαμέρισμα 60 τ.μ. · Θεσσαλονίκη (Κέντρο),rent,apartment,450.0,60.0,1,2ος,1968,Θεσσαλονίκη (Κέντρο),40.6387132,22.9500072,,2026-09-27,,,xe.gr agency page,2026-10-01T17:56:46Z,55aee1b2-cd53-4bc5-ad0c-bcb4f6919c22,2026-10-01,2026-10-01
xe.gr,Cozy Real Estate,https://www.xe.gr/property/d/enoikiaseis-katoikion/58765d95-198a-470f-94a8-3100e17681a2/hrakleio-agia-triada-1300-103,Διαμέρισμα 103 τ.μ. · Ηράκλειο (Αγία Τριάδα),rent,apartment,1300.0,103.0,3,Ισόγ.,1980,Ηράκλειο (Αγία Τριάδα),,,,2026-09-25,,,xe.gr agency page,2026-10-01T17:56:46Z,58765d95-198a-470f-94a8-3100e17681a2,2026-10-01,2026-10-01
xe.gr,ARCUS REAL ESTATE,https://www.xe.gr/property/d/enoikiaseis-katoikion/58fcb97c-0486-4c46-a13a-fa79b955eebf/thessalonikh-ntepw-690-85,Διαμέρισμα 85 τ.μ. · Θεσσαλονίκη (Ντεπώ),rent,apartment,690.0,85.0,3,Υπερυψ.,1974,Θεσσαλονίκη (Ντεπώ),,,,2026-09-24,,,xe.gr agency page,2026-10-01T17:56:46Z,58fcb97c-0486-4c46-a13a-fa79b955eebf,2026-10-01,2026-10-01
xe.gr,interakinita,https://www.xe.gr/property/d/enoikiaseis-katoikion/5a283385-a207-4076-adc0-7021eed0076c/thessalonikh-anw-polh-380-44,Διαμέρισμα 44 τ.μ. · Θεσσαλονίκη (Ανω Πόλη),rent,apartment,380.0,44.0,1,Ισόγ.,2010,Θεσσαλονίκη (Ανω Πόλη),,,,2026-10-01,,,xe.gr agency page,2026-10-01T17:56:46Z,5a283385-a207-4076-adc0-7021eed0076c,2026-10-01,2026-10-01
xe.gr,interakinita,https://www.xe.gr/property/d/enoikiaseis-katoikion/5a3a66a5-7159-4b18-a6a8-f21f2536cd2e/thessalonikh-kentro-700-80,Διαμέρισμα 80 τ.μ. · Θεσσαλονίκη (Κέντρο),rent,apartment,700.0,80.0,1,6ος,1970,Θεσσαλονίκη (Κέντρο),,,,2026-10-01,,,xe.gr agency page,2026-10-01T17:56:46Z,5a3a66a5-7159-4b18-a6a8-f21f2536cd2e,2026-10-01,2026-10-01
xe.gr,Infox Real Estate,https://www.xe.gr/property/d/enoikiaseis-katoikion/5b275c81-758f-4e22-9d94-c34b1699d7fe/thessalonikh-anw-polh-550-40,Διαμέρισμα 40 τ.μ. · Θεσσαλονίκη (Ανω Πόλη),rent,apartment,550.0,40.0,1,Ημιώρ.,2000,Θεσσαλονίκη (Ανω Πόλη),40.638766,22.9543651,,2026-09-30,,,xe.gr agency page,2026-10-01T17:56:46Z,5b275c81-758f-4e22-9d94-c34b1699d7fe,2026-10-01,2026-10-01
xe.gr,Infox Real Estate,https://www.xe.gr/property/d/enoikiaseis-katoikion/5d2b9537-10c1-4596-9041-08b5f77d3382/thessalonikh-anw-polh-550-35,Διαμέρισμα 35 τ.μ. · Θεσσαλονίκη (Ανω Πόλη),rent,apartment,550.0,35.0,1,Ημιώρ.,2000,Θεσσαλονίκη (Ανω Πόλη),40.638766,22.9543651,,2026-09-30,,,xe.gr agency page,2026-10-01T17:56:46Z,5d2b9537-10c1-4596-9041-08b5f77d3382,2026-10-01,2026-10-01
xe.gr,ΠΑΖΑΡΤΖΗΣ από το 1978!!,https://www.xe.gr/property/d/enoikiaseis-katoikion/5ee327af-2267-40cf-aa1d-52fc0af8530f/thessalonikh-falhro-700-130,Διαμέρισμα 130 τ.μ. · Θεσσαλονίκη (Φάληρο),rent,apartment,700.0,130.0,2,4ος,1970,Θεσσαλονίκη (Φάληρο),40.6127128,22.9581389,,2026-09-30,,,xe.gr agency page,2026-10-01T17:56:46Z,5ee327af-2267-40cf-aa1d-52fc0af8530f,2026-10-01,2026-10-01
xe.gr,interakinita,https://www.xe.gr/property/d/enoikiaseis-katoikion/60d35431-d479-4a99-8002-2ed04a8a80d0/thessalonikh-charilaoy-680-110,Μεζονέτα 110 τ.μ. · Θεσσαλονίκη (Χαριλάου),rent,maisonette,680.0,110.0,2,5ος,1990,Θεσσαλονίκη (Χαριλάου),,,,2026-10-01,,,xe.gr agency page,2026-10-01T17:56:46Z,60d35431-d479-4a99-8002-2ed04a8a80d0,2026-10-01,2026-10-01
xe.gr,Γαιοκτησίες,https://www.xe.gr/property/d/enoikiaseis-katoikion/610c170a-8a42-4c3c-9910-1eef6c462279/agios-paylos-agios-paylos-450-60,Διαμέρισμα 60 τ.μ. · Άγιος Παύλος (Αγιος Παύλος),rent,apartment,450.0,60.0,1,2ος,1970,Άγιος Παύλος (Αγιος Παύλος),40.6417237,22.9602288,,2026-09-10,,,xe.gr agency page,2026-10-01T17:56:46Z,610c170a-8a42-4c3c-9910-1eef6c462279,2026-10-01,2026-10-01
xe.gr,Cozy Real Estate,https://www.xe.gr/property/d/enoikiaseis-katoikion/6290cf60-dbf5-47a9-8b3c-cf5af3e344ab/thessalonikh-ntepw-700-70,Διαμέρισμα 70 τ.μ. · Θεσσαλονίκη (Ντεπώ),rent,apartment,700.0,70.0,1,1ος,1976,Θεσσαλονίκη (Ντεπώ),,,,2026-09-24,,,xe.gr agency page,2026-10-01T17:56:46Z,6290cf60-dbf5-47a9-8b3c-cf5af3e344ab,2026-10-01,2026-10-01
xe.gr,Stavros Ioannidis Real Estate,https://www.xe.gr/property/d/enoikiaseis-katoikion/6386e883-4626-4f69-8073-043f60c63086/thessalonikh-xhrokrhnh-500-67,Διαμέρισμα 67 τ.μ. · Θεσσαλονίκη (Ξηροκρήνη),rent,apartment,500.0,67.0,2,1ος,1975,Θεσσαλονίκη (Ξηροκρήνη),,,,2026-09-17,,,xe.gr agency page,2026-10-01T17:56:46Z,6386e883-4626-4f69-8073-043f60c63086,2026-10-01,2026-10-01
xe.gr,Γαιοκτησίες,https://www.xe.gr/property/d/enoikiaseis-katoikion/6d46682c-cc76-4737-b754-858a4f7d8520/thessalonikh-kentro-900-75,Διαμέρισμα 75 τ.μ. · Θεσσαλονίκη (Κέντρο),rent,apartment,900.0,75.0,2,5ος,1970,Θεσσαλονίκη (Κέντρο),40.6306762,22.9464597,,2026-09-27,,,xe.gr agency page,2026-10-01T17:56:46Z,6d46682c-cc76-4737-b754-858a4f7d8520,2026-10-01,2026-10-01
xe.gr,Passal Real Estate,https://www.xe.gr/property/d/enoikiaseis-katoikion/6db811d5-78df-4e4e-bdb8-cc2a724b4d8a/thermh-850-67,Διαμέρισμα 67 τ.μ. · Θέρμη,rent,apartment,850.0,67.0,1,1ος,2026,Θέρμη,,,,2026-09-24,,,xe.gr agency page,2026-10-01T17:56:46Z,6db811d5-78df-4e4e-bdb8-cc2a724b4d8a,2026-10-01,2026-10-01
xe.gr,Abitazione,https://www.xe.gr/property/d/enoikiaseis-katoikion/71289a31-d24b-4772-8cf3-5c03f9a2f577/thessalonikh-kentro-500-45,Διαμέρισμα 45 τ.μ. · Θεσσαλονίκη (Κέντρο),rent,apartment,500.0,45.0,1,2ος,1970,Θεσσαλονίκη (Κέντρο),40.6367962,22.9507631,,2026-09-24,,,xe.gr agency page,2026-10-01T17:56:46Z,71289a31-d24b-4772-8cf3-5c03f9a2f577,2026-10-01,2026-10-01
xe.gr,ARCUS REAL ESTATE,https://www.xe.gr/property/d/enoikiaseis-katoikion/712acffc-a626-4b48-972d-b417ea898f42/thessalonikh-analhpsh-900-79,Διαμέρισμα 79 τ.μ. · Θεσσαλονίκη (Ανάληψη),rent,apartment,900.0,79.0,2,5ος,1973,Θεσσαλονίκη (Ανάληψη),,,,2026-09-26,,,xe.gr agency page,2026-10-01T17:56:46Z,712acffc-a626-4b48-972d-b417ea898f42,2026-10-01,2026-10-01
xe.gr,Γαιοκτησίες,https://www.xe.gr/property/d/enoikiaseis-katoikion/758f6892-9856-41bb-8e56-0296a1bc6792/thessalonikh-kentro-450-36,Διαμέρισμα 36 τ.μ. · Θεσσαλονίκη (Κέντρο),rent,apartment,450.0,36.0,1,1ος,1956,Θεσσαλονίκη (Κέντρο),40.6327546,22.9481368,,2026-09-24,,,xe.gr agency page,2026-10-01T17:56:46Z,758f6892-9856-41bb-8e56-0296a1bc6792,2026-10-01,2026-10-01
xe.gr,noikiaseto.gr,https://www.xe.gr/property/d/enoikiaseis-katoikion/78644302-f04c-414c-8174-aaf81854603d/thessalonikh-kentro-700-78,Διαμέρισμα 78 τ.μ. · Θεσσαλονίκη (Κέντρο),rent,apartment,700.0,78.0,1,7ος,1970,Θεσσαλονίκη (Κέντρο),,,,2026-09-30,,,xe.gr agency page,2026-10-01T17:56:46Z,78644302-f04c-414c-8174-aaf81854603d,2026-10-01,2026-10-01
xe.gr,Cozy Real Estate,https://www.xe.gr/property/d/enoikiaseis-katoikion/7891d577-0fba-47ce-9d99-770e8b9c40d0/thessalonikh-anw-polh-1000-70,Διαμέρισμα 70 τ.μ. · Θεσσαλονίκη (Ανω Πόλη),rent,apartment,1000.0,70.0,2,3ος,1976,Θεσσαλονίκη (Ανω Πόλη),,,,2026-09-30,,,xe.gr agency page,2026-10-01T17:56:46Z,7891d577-0fba-47ce-9d99-770e8b9c40d0,2026-10-01,2026-10-01
xe.gr,Ihouse,https://www.xe.gr/property/d/enoikiaseis-katoikion/78af0992-47eb-4f39-8b7d-8c731fc128e8/thessalonikh-kentro-650-50,Διαμέρισμα 50 τ.μ. · Θεσσαλονίκη (Κέντρο),rent,apartment,650.0,50.0,1,6ος,1965,Θεσσαλονίκη (Κέντρο),40.6402115,22.9468956,,2026-10-01,,,xe.gr agency page,2026-10-01T17:56:46Z,78af0992-47eb-4f39-8b7d-8c731fc128e8,2026-10-01,2026-10-01
xe.gr,Νέα Πολιτεία,https://www.xe.gr/property/d/enoikiaseis-katoikion/79544460-5eda-428e-9d3e-871bde96ccf3/thessalonikh-kentro-680-70,Διαμέρισμα 70 τ.μ. · Θεσσαλονίκη (Κέντρο),rent,apartment,680.0,70.0,2,6ος,1965,Θεσσαλονίκη (Κέντρο),,,,2026-09-24,,,xe.gr agency page,2026-10-01T17:56:46Z,79544460-5eda-428e-9d3e-871bde96ccf3,2026-10-01,2026-10-01
xe.gr,Oikies Real Estate,https://www.xe.gr/property/d/enoikiaseis-katoikion/7bafb0a5-03b2-4a2d-b4c4-18cba534eb7e/thessalonikh-kentro-650-43,Διαμέρισμα 43 τ.μ. · Θεσσαλονίκη (Κέντρο),rent,apartment,650.0,43.0,1,3ος,1970,Θεσσαλονίκη (Κέντρο),40.636301,22.9377679,,2026-10-01,,,xe.gr agency page,2026-10-01T17:56:46Z,7bafb0a5-03b2-4a2d-b4c4-18cba534eb7e,2026-10-01,2026-10-01
xe.gr,Γαιοκτησίες,https://www.xe.gr/property/d/enoikiaseis-katoikion/7d307205-1517-412d-b864-4773a0346d6c/thessalonikh-analhpsh-950-100,Διαμέρισμα 100 τ.μ. · Θεσσαλονίκη (Ανάληψη),rent,apartment,950.0,100.0,2,5ος,1975,Θεσσαλονίκη (Ανάληψη),40.6094643,22.9527622,,2026-06-18,,,xe.gr agency page,2026-10-01T17:56:46Z,7d307205-1517-412d-b864-4773a0346d6c,2026-10-01,2026-10-01
xe.gr,Γαιοκτησίες,https://www.xe.gr/property/d/enoikiaseis-katoikion/8286e179-b8f5-49be-b439-9c4cab02fba9/thessalonikh-xhrokrhnh-690-48,Διαμέρισμα 48 τ.μ. · Θεσσαλονίκη (Ξηροκρήνη),rent,apartment,690.0,48.0,1,5ος,1980,Θεσσαλονίκη (Ξηροκρήνη),40.6490237,22.9251857,,2026-09-25,,,xe.gr agency page,2026-10-01T17:56:46Z,8286e179-b8f5-49be-b439-9c4cab02fba9,2026-10-01,2026-10-01
xe.gr,Passal Real Estate,https://www.xe.gr/property/d/enoikiaseis-katoikion/830393f0-f0d9-460d-8cbd-e07ed2c06125/thessalonikh-falhro-680-69,Διαμέρισμα 69 τ.μ. · Θεσσαλονίκη (Φάληρο),rent,apartment,680.0,69.0,2,3ος,1972,Θεσσαλονίκη (Φάληρο),,,,2026-09-24,,,xe.gr agency page,2026-10-01T17:56:46Z,830393f0-f0d9-460d-8cbd-e07ed2c06125,2026-10-01,2026-10-01
xe.gr,Ihouse,https://www.xe.gr/property/d/enoikiaseis-katoikion/88023376-a59f-440d-abfd-b50f9d38692b/thessalonikh-anw-polh-500-30,Διαμέρισμα 30 τ.μ. · Θεσσαλονίκη (Ανω Πόλη),rent,apartment,500.0,30.0,,3ος,2018,Θεσσαλονίκη (Ανω Πόλη),40.6384225,22.9530522,,2026-09-10,,,xe.gr agency page,2026-10-01T17:56:46Z,88023376-a59f-440d-abfd-b50f9d38692b,2026-10-01,2026-10-01
xe.gr,CIVILHOME,https://www.xe.gr/property/d/enoikiaseis-katoikion/881a3f22-9239-457f-8592-c7586bab7b51/thessalonikh-kentro-320-30,Διαμέρισμα 30 τ.μ. · Θεσσαλονίκη (Κέντρο),rent,apartment,320.0,30.0,1,3ος,,Θεσσαλονίκη (Κέντρο),40.6398929,22.9510567,,2026-09-30,,,xe.gr agency page,2026-10-01T17:56:46Z,881a3f22-9239-457f-8592-c7586bab7b51,2026-10-01,2026-10-01
xe.gr,Ihouse,https://www.xe.gr/property/d/enoikiaseis-katoikion/8e88ba40-9244-491f-9785-3bc126fb7eb7/thessalonikh-ntepw-800-100,Διαμέρισμα 100 τ.μ. · Θεσσαλονίκη (Ντεπώ),rent,apartment,800.0,100.0,2,3ος,2000,Θεσσαλονίκη (Ντεπώ),40.5979182,22.9540494,,2026-04-23,,,xe.gr agency page,2026-10-01T17:56:46Z,8e88ba40-9244-491f-9785-3bc126fb7eb7,2026-10-01,2026-10-01
xe.gr,Infox Real Estate,https://www.xe.gr/property/d/enoikiaseis-katoikion/8fa42de9-a274-482b-a1ba-61327cecbb2d/thessalonikh-anw-polh-750-70,Διαμέρισμα 70 τ.μ. · Θεσσαλονίκη (Ανω Πόλη),rent,apartment,750.0,70.0,1,2ος,2000,Θεσσαλονίκη (Ανω Πόλη),40.6385952,22.9554053,,2026-09-30,,,xe.gr agency page,2026-10-01T17:56:46Z,8fa42de9-a274-482b-a1ba-61327cecbb2d,2026-10-01,2026-10-01
xe.gr,Βόρειος Ελλάς,https://www.xe.gr/property/d/enoikiaseis-katoikion/911cd82a-5b94-4ea3-b702-fd74fe616d3f/thessalonikh-falhro-460-50,Διαμέρισμα 50 τ.μ. · Θεσσαλονίκη (Φάληρο),rent,apartment,460.0,50.0,1,Υπερυψ.,1975,Θεσσαλονίκη (Φάληρο),,,,2026-09-10,,,xe.gr agency page,2026-10-01T17:56:46Z,911cd82a-5b94-4ea3-b702-fd74fe616d3f,2026-10-01,2026-10-01
xe.gr,Abitazione,https://www.xe.gr/property/d/enoikiaseis-katoikion/91f592b9-b7ea-42bd-8510-7c597f68c0a1/thessalonikh-anw-polh-280-24,Διαμέρισμα 24 τ.μ. · Θεσσαλονίκη (Ανω Πόλη),rent,apartment,280.0,24.0,1,2ος,1975,Θεσσαλονίκη (Ανω Πόλη),,,,2026-09-29,,,xe.gr agency page,2026-10-01T17:56:46Z,91f592b9-b7ea-42bd-8510-7c597f68c0a1,2026-10-01,2026-10-01
xe.gr,Aspis Real Estate Θεσσαλονίκη Κέντρο – Δυτική,https://www.xe.gr/property/d/enoikiaseis-katoikion/923e09e9-1672-4701-b7df-c2cf948b3a72/sykies-400-60,Διαμέρισμα 60 τ.μ. · Συκιές,rent,apartment,400.0,60.0,2,Ισόγ.,1978,Συκιές,,,,2026-09-25,,,xe.gr agency page,2026-10-01T17:56:46Z,923e09e9-1672-4701-b7df-c2cf948b3a72,2026-10-01,2026-10-01
xe.gr,ΓΚΟΥΤΖΑΜΑΝΗΣ REAL ESTATE,https://www.xe.gr/property/d/enoikiaseis-katoikion/924f555f-6aca-4dc0-a201-18f7914ebafa/thessalonikh-katw-toympa-600-70,Διαμέρισμα 70 τ.μ. · Θεσσαλονίκη (Κάτω Τούμπα),rent,apartment,600.0,70.0,2,Ημιώρ.,1975,Θεσσαλονίκη (Κάτω Τούμπα),,,,2026-09-27,,,xe.gr agency page,2026-10-01T17:56:46Z,924f555f-6aca-4dc0-a201-18f7914ebafa,2026-10-01,2026-10-01
xe.gr,Rooted Pillar Real Estate,https://www.xe.gr/property/d/enoikiaseis-katoikion/94dac08e-5952-404e-beec-7bb4a762d1c5/athhna-akadhmia-platwnos-490-58,Διαμέρισμα 58 τ.μ. · Αθήνα (Ακαδημία Πλάτωνος),rent,apartment,490.0,58.0,1,1ος,1977,Αθήνα (Ακαδημία Πλάτωνος),,,,2026-09-17,,,xe.gr agency page,2026-10-01T17:56:46Z,94dac08e-5952-404e-beec-7bb4a762d1c5,2026-10-01,2026-10-01
xe.gr,Βόρειος Ελλάς,https://www.xe.gr/property/d/enoikiaseis-katoikion/967daa35-4d15-472d-bdd8-b9648dd5d1fb/thessalonikh-falhro-400-46,Διαμέρισμα 46 τ.μ. · Θεσσαλονίκη (Φάληρο),rent,apartment,400.0,46.0,1,Ημιώρ.,,Θεσσαλονίκη (Φάληρο),,,,2026-10-01,,,xe.gr agency page,2026-10-01T17:56:46Z,967daa35-4d15-472d-bdd8-b9648dd5d1fb,2026-10-01,2026-10-01
xe.gr,Aspis Real Estate Θεσσαλονίκη Κέντρο – Δυτική,https://www.xe.gr/property/d/enoikiaseis-katoikion/980f4f71-6188-4d18-b339-90acd4978f61/thessalonikh-anw-polh-460-32,Διαμέρισμα 32 τ.μ. · Θεσσαλονίκη (Ανω Πόλη),rent,apartment,460.0,32.0,1,Ισόγ.,,Θεσσαλονίκη (Ανω Πόλη),,,,2026-09-17,,,xe.gr agency page,2026-10-01T17:56:46Z,980f4f71-6188-4d18-b339-90acd4978f61,2026-10-01,2026-10-01
xe.gr,Papastefanou Real,https://www.xe.gr/property/d/enoikiaseis-katoikion/9812d587-bd94-496d-961e-e9ff54448ada/thessalonikh-katw-toympa-550-45,Διαμέρισμα 45 τ.μ. · Θεσσαλονίκη (Κάτω Τούμπα),rent,apartment,550.0,45.0,1,4ος,2012,Θεσσαλονίκη (Κάτω Τούμπα),,,,2026-09-25,,,xe.gr agency page,2026-10-01T17:56:46Z,9812d587-bd94-496d-961e-e9ff54448ada,2026-10-01,2026-10-01
xe.gr,ARCUS REAL ESTATE,https://www.xe.gr/property/d/enoikiaseis-katoikion/9a31a156-639a-4398-9f75-3fac4f708c60/thessalonikh-katw-toympa-650-60,Διαμέρισμα 60 τ.μ. · Θεσσαλονίκη (Κάτω Τούμπα),rent,apartment,650.0,60.0,2,Ισόγ.,1995,Θεσσαλονίκη (Κάτω Τούμπα),,,,2026-09-28,,,xe.gr agency page,2026-10-01T17:56:46Z,9a31a156-639a-4398-9f75-3fac4f708c60,2026-10-01,2026-10-01
xe.gr,Βόρειος Ελλάς,https://www.xe.gr/property/d/enoikiaseis-katoikion/a16472c0-ee7b-4c28-a593-7a550a2bcfbd/thessalonikh-falhro-450-55,Διαμέρισμα 55 τ.μ. · Θεσσαλονίκη (Φάληρο),rent,apartment,450.0,55.0,1,2ος,1981,Θεσσαλονίκη (Φάληρο),,,,2026-09-10,,,xe.gr agency page,2026-10-01T17:56:46Z,a16472c0-ee7b-4c28-a593-7a550a2bcfbd,2026-10-01,2026-10-01
xe.gr,Papastefanou Real,https://www.xe.gr/property/d/enoikiaseis-katoikion/a294bcc7-c12f-4e66-9ea8-a9bce74bc57c/thessalonikh-papafeio-750-116,Διαμέρισμα 116 τ.μ. · Θεσσαλονίκη (Παπάφειο),rent,apartment,750.0,116.0,3,3ος,1980,Θεσσαλονίκη (Παπάφειο),,,,2026-09-17,,,xe.gr agency page,2026-10-01T17:56:46Z,a294bcc7-c12f-4e66-9ea8-a9bce74bc57c,2026-10-01,2026-10-01
xe.gr,Γαιοκτησίες,https://www.xe.gr/property/d/enoikiaseis-katoikion/a996a2bd-1624-4df4-9a64-171d5cf2553f/thessalonikh-kentro-420-30,Διαμέρισμα 30 τ.μ. · Θεσσαλονίκη (Κέντρο),rent,apartment,420.0,30.0,1,5ος,1975,Θεσσαλονίκη (Κέντρο),40.6330815,22.952036,,2026-09-26,,,xe.gr agency page,2026-10-01T17:56:46Z,a996a2bd-1624-4df4-9a64-171d5cf2553f,2026-10-01,2026-10-01
xe.gr,REVA,https://www.xe.gr/property/d/enoikiaseis-katoikion/aca79c43-8824-4f1b-b33a-903088168dd3/aggelochwri-700-125,Μεζονέτα 125 τ.μ. · Αγγελοχώρι,rent,maisonette,700.0,125.0,3,,2000,Αγγελοχώρι,40.4972961,22.8365519,,2026-09-17,,,xe.gr agency page,2026-10-01T17:56:46Z,aca79c43-8824-4f1b-b33a-903088168dd3,2026-10-01,2026-10-01
xe.gr,CIVILHOME,https://www.xe.gr/property/d/enoikiaseis-katoikion/add7fd01-fbf4-48ae-b02e-edfa0582eb48/thessalonikh-xhrokrhnh-470-45,Διαμέρισμα 45 τ.μ. · Θεσσαλονίκη (Ξηροκρήνη),rent,apartment,470.0,45.0,1,1ος,2006,Θεσσαλονίκη (Ξηροκρήνη),40.6459116,22.9251175,,2026-09-30,,,xe.gr agency page,2026-10-01T17:56:46Z,add7fd01-fbf4-48ae-b02e-edfa0582eb48,2026-10-01,2026-10-01
xe.gr,ARCUS REAL ESTATE,https://www.xe.gr/property/d/enoikiaseis-katoikion/b0450ead-41c1-4719-89d2-16ebddea9e06/wraiokastro-750-136,Μεζονέτα 136 τ.μ. · Ωραιόκαστρο,rent,maisonette,750.0,136.0,2,Ισόγ.,1997,Ωραιόκαστρο,,,,2026-09-26,,,xe.gr agency page,2026-10-01T17:56:46Z,b0450ead-41c1-4719-89d2-16ebddea9e06,2026-10-01,2026-10-01
xe.gr,Rooted Pillar Real Estate,https://www.xe.gr/property/d/enoikiaseis-katoikion/b29ced87-8e88-44a9-b631-4e6010cfa65d/athhna-kallirrohs-690-73,Διαμέρισμα 73 τ.μ. · Αθήνα (Καλλιρρόης),rent,apartment,690.0,73.0,2,3ος,1970,Αθήνα (Καλλιρρόης),,,,2026-09-17,,,xe.gr agency page,2026-10-01T17:56:46Z,b29ced87-8e88-44a9-b631-4e6010cfa65d,2026-10-01,2026-10-01
xe.gr,Νέα Πολιτεία,https://www.xe.gr/property/d/enoikiaseis-katoikion/b37e7b0d-9126-4b6a-8cdb-aca76e5d1d88/thermh-1000-90,Διαμέρισμα 90 τ.μ. · Θέρμη,rent,apartment,1000.0,90.0,2,1ος,2025,Θέρμη,,,,2026-09-24,,,xe.gr agency page,2026-10-01T17:56:46Z,b37e7b0d-9126-4b6a-8cdb-aca76e5d1d88,2026-10-01,2026-10-01
xe.gr,Aspis Real Estate Ανατολικής  Θεσσαλονίκης,https://www.xe.gr/property/d/enoikiaseis-katoikion/b43f6db8-dce6-4103-8293-432704b5ac0e/triandria-450-36,Διαμέρισμα 36 τ.μ. · Τριανδρία,rent,apartment,450.0,36.0,1,Ημιυπ.,1979,Τριανδρία,40.6229888,22.9706087,,2026-07-30,,,xe.gr agency page,2026-10-01T17:56:46Z,b43f6db8-dce6-4103-8293-432704b5ac0e,2026-10-01,2026-10-01
xe.gr,REAL A,https://www.xe.gr/property/d/enoikiaseis-katoikion/b52d737f-cb0c-4af2-8e78-e87fb2e31da1/thessalonikh-kentro-1400-90,Διαμέρισμα 90 τ.μ. · Θεσσαλονίκη (Κέντρο),rent,apartment,1400.0,90.0,2,3ος,1960,Θεσσαλονίκη (Κέντρο),,,,2026-09-10,,,xe.gr agency page,2026-10-01T17:56:46Z,b52d737f-cb0c-4af2-8e78-e87fb2e31da1,2026-10-01,2026-10-01
xe.gr,ARCUS REAL ESTATE,https://www.xe.gr/property/d/enoikiaseis-katoikion/b68ba97c-ec12-4067-8a9e-cc80dd47acb4/athhna-metaxoyrgeio-800-118,Διαμέρισμα 118 τ.μ. · Αθήνα (Μεταξουργείο),rent,apartment,800.0,118.0,2,4ος,1969,Αθήνα (Μεταξουργείο),,,,2026-09-24,,,xe.gr agency page,2026-10-01T17:56:46Z,b68ba97c-ec12-4067-8a9e-cc80dd47acb4,2026-10-01,2026-10-01
xe.gr,Anyhome,https://www.xe.gr/property/d/enoikiaseis-katoikion/b7f33176-cae2-4ba9-81fc-d40a0a7f493e/wraiokastro-500-91,Διαμέρισμα 91 τ.μ. · Ωραιόκαστρο,rent,apartment,500.0,91.0,2,2ος,1980,Ωραιόκαστρο,,,,2026-09-29,,,xe.gr agency page,2026-10-01T17:56:46Z,b7f33176-cae2-4ba9-81fc-d40a0a7f493e,2026-10-01,2026-10-01
xe.gr,Θεσμός,https://www.xe.gr/property/d/enoikiaseis-katoikion/bcdcc045-69cc-4986-8558-2999b44058c9/thessalonikh-kentro-350-38,Διαμέρισμα 38 τ.μ. · Θεσσαλονίκη (Κέντρο),rent,apartment,350.0,38.0,1,1ος,1965,Θεσσαλονίκη (Κέντρο),40.6386711,22.9505157,,2026-07-30,,,xe.gr agency page,2026-10-01T17:56:46Z,bcdcc045-69cc-4986-8558-2999b44058c9,2026-10-01,2026-10-01
xe.gr,Ihouse,https://www.xe.gr/property/d/enoikiaseis-katoikion/bd9e0ef3-943e-45bf-840d-523b18b692e9/thessalonikh-ntepw-650-48,Διαμέρισμα 48 τ.μ. · Θεσσαλονίκη (Ντεπώ),rent,apartment,650.0,48.0,1,5ος,1970,Θεσσαλονίκη (Ντεπώ),40.60258590000001,22.9534944,,2026-09-03,,,xe.gr agency page,2026-10-01T17:56:46Z,bd9e0ef3-943e-45bf-840d-523b18b692e9,2026-10-01,2026-10-01
xe.gr,Passal Real Estate,https://www.xe.gr/property/d/enoikiaseis-katoikion/bec3bf54-ffc7-4854-8dce-ae542fb7e099/thessalonikh-falhro-580-60,Διαμέρισμα 60 τ.μ. · Θεσσαλονίκη (Φάληρο),rent,apartment,580.0,60.0,1,2ος,1978,Θεσσαλονίκη (Φάληρο),,,,2026-08-20,,,xe.gr agency page,2026-10-01T17:56:46Z,bec3bf54-ffc7-4854-8dce-ae542fb7e099,2026-10-01,2026-10-01
xe.gr,Papastefanou Real,https://www.xe.gr/property/d/enoikiaseis-katoikion/bf37282c-d0c8-4f5b-9fc7-6d3faba65407/kalamaria-800-70,Διαμέρισμα 70 τ.μ. · Καλαμαριά,rent,apartment,800.0,70.0,2,2ος,1980,Καλαμαριά,,,,2026-09-24,,,xe.gr agency page,2026-10-01T17:56:46Z,bf37282c-d0c8-4f5b-9fc7-6d3faba65407,2026-10-01,2026-10-01
xe.gr,Aenaos Real Estate + Development,https://www.xe.gr/property/d/enoikiaseis-katoikion/c267c5db-5b4e-43d6-9fc9-3a31d35b4009/panorama-900-130,Διαμέρισμα 130 τ.μ. · Πανόραμα,rent,apartment,900.0,130.0,2,Υπερυψ.,1992,Πανόραμα,,,,2026-09-03,,,xe.gr agency page,2026-10-01T17:56:46Z,c267c5db-5b4e-43d6-9fc9-3a31d35b4009,2026-10-01,2026-10-01
xe.gr,Abitazione,https://www.xe.gr/property/d/enoikiaseis-katoikion/c38c1c22-5ddb-4140-a3a9-7c9447287e00/thessalonikh-katw-toympa-600-64,Διαμέρισμα 64 τ.μ. · Θεσσαλονίκη (Κάτω Τούμπα),rent,apartment,600.0,64.0,2,5ος,2001,Θεσσαλονίκη (Κάτω Τούμπα),40.6114901,22.9685548,,2026-09-24,,,xe.gr agency page,2026-10-01T17:56:46Z,c38c1c22-5ddb-4140-a3a9-7c9447287e00,2026-10-01,2026-10-01
xe.gr,Anyhome,https://www.xe.gr/property/d/enoikiaseis-katoikion/c3bc9ce4-3823-4cd1-8d03-d1ac39c2e18b/peraia-750-154,Μεζονέτα 154 τ.μ. · Περαία,rent,maisonette,750.0,154.0,3,Ισόγ.,1993,Περαία,,,,2026-09-28,,,xe.gr agency page,2026-10-01T17:56:46Z,c3bc9ce4-3823-4cd1-8d03-d1ac39c2e18b,2026-10-01,2026-10-01
xe.gr,Katerina Mandalianou Realty & Design,https://www.xe.gr/property/d/enoikiaseis-katoikion/c767da73-6cc4-40c8-bef4-5621e35986c9/panorama-1700-116,Διαμέρισμα 116 τ.μ. · Πανόραμα,rent,apartment,1700.0,116.0,3,1ος,2025,Πανόραμα,,,,2026-02-19,,,xe.gr agency page,2026-10-01T17:56:46Z,c767da73-6cc4-40c8-bef4-5621e35986c9,2026-10-01,2026-10-01
xe.gr,Νέα Πολιτεία,https://www.xe.gr/property/d/enoikiaseis-katoikion/c9b05879-2a10-4f98-b2d7-87c5d0e57177/thessalonikh-falhro-575-75,Διαμέρισμα 75 τ.μ. · Θεσσαλονίκη (Φάληρο),rent,apartment,575.0,75.0,2,4ος,1980,Θεσσαλονίκη (Φάληρο),,,,2026-09-30,,,xe.gr agency page,2026-10-01T17:56:46Z,c9b05879-2a10-4f98-b2d7-87c5d0e57177,2026-10-01,2026-10-01
xe.gr,Βόρειος Ελλάς,https://www.xe.gr/property/d/enoikiaseis-katoikion/c9baf061-250a-4e41-a82d-5057bffc6c9b/thessalonikh-analhpsh-480-55,Διαμέρισμα 55 τ.μ. · Θεσσαλονίκη (Ανάληψη),rent,apartment,480.0,55.0,2,1ος,1970,Θεσσαλονίκη (Ανάληψη),,,,2026-09-10,,,xe.gr agency page,2026-10-01T17:56:46Z,c9baf061-250a-4e41-a82d-5057bffc6c9b,2026-10-01,2026-10-01
xe.gr,Aspis Real Estate Ανατολικής  Θεσσαλονίκης,https://www.xe.gr/property/d/enoikiaseis-katoikion/cf351f45-bb1a-4969-829e-be55dc6caf5a/pylaia-1350-135,Διαμέρισμα 135 τ.μ. · Πυλαία,rent,apartment,1350.0,135.0,3,2ος,2010,Πυλαία,40.5911816,22.9723221,,2026-07-30,,,xe.gr agency page,2026-10-01T17:56:46Z,cf351f45-bb1a-4969-829e-be55dc6caf5a,2026-10-01,2026-10-01
xe.gr,ΓΚΟΥΤΖΑΜΑΝΗΣ REAL ESTATE,https://www.xe.gr/property/d/enoikiaseis-katoikion/cfe11a11-d55a-449a-b83f-e0923e340217/pylaia-520-68,Διαμέρισμα 68 τ.μ. · Πυλαία,rent,apartment,520.0,68.0,1,1ος,1980,Πυλαία,,,,2026-09-27,,,xe.gr agency page,2026-10-01T17:56:46Z,cfe11a11-d55a-449a-b83f-e0923e340217,2026-10-01,2026-10-01
xe.gr,Aspis Real Estate Ανατολικής  Θεσσαλονίκης,https://www.xe.gr/property/d/enoikiaseis-katoikion/d08f7afd-b33f-4116-a247-1de00b2c0a3f/thessalonikh-ntepw-1300-106,Διαμέρισμα 106 τ.μ. · Θεσσαλονίκη (Ντεπώ),rent,apartment,1300.0,106.0,2,6ος,1985,Θεσσαλονίκη (Ντεπώ),40.6012152,22.9515397,,2026-07-09,,,xe.gr agency page,2026-10-01T17:56:46Z,d08f7afd-b33f-4116-a247-1de00b2c0a3f,2026-10-01,2026-10-01
xe.gr,noikiaseto.gr,https://www.xe.gr/property/d/enoikiaseis-katoikion/d18ee674-0d4e-41f3-b34e-0702b2c3c744/thessalonikh-papafeio-630-85,Διαμέρισμα 85 τ.μ. · Θεσσαλονίκη (Παπάφειο),rent,apartment,630.0,85.0,2,2ος,1985,Θεσσαλονίκη (Παπάφειο),,,,2026-10-01,,,xe.gr agency page,2026-10-01T17:56:46Z,d18ee674-0d4e-41f3-b34e-0702b2c3c744,2026-10-01,2026-10-01
xe.gr,Abitazione,https://www.xe.gr/property/d/enoikiaseis-katoikion/d546b533-8b44-49b4-827a-b5aeb2a168e3/thessalonikh-anw-polh-500-50,Διαμέρισμα 50 τ.μ. · Θεσσαλονίκη (Ανω Πόλη),rent,apartment,500.0,50.0,1,1ος,1976,Θεσσαλονίκη (Ανω Πόλη),40.6380097,22.9508358,,2026-09-24,,,xe.gr agency page,2026-10-01T17:56:46Z,d546b533-8b44-49b4-827a-b5aeb2a168e3,2026-10-01,2026-10-01
xe.gr,Cozy Real Estate,https://www.xe.gr/property/d/enoikiaseis-katoikion/d7d21e11-167b-4374-b81f-2075eb1f8a7c/thessalonikh-xhrokrhnh-440-35,Διαμέρισμα 35 τ.μ. · Θεσσαλονίκη (Ξηροκρήνη),rent,apartment,440.0,35.0,,Ισόγ.,2000,Θεσσαλονίκη (Ξηροκρήνη),40.642385,22.9280388,,2026-09-28,,,xe.gr agency page,2026-10-01T17:56:46Z,d7d21e11-167b-4374-b81f-2075eb1f8a7c,2026-10-01,2026-10-01
xe.gr,ΠΑΖΑΡΤΖΗΣ από το 1978!!,https://www.xe.gr/property/d/enoikiaseis-katoikion/da3cb6da-6400-4fb4-9e1e-ff1f6529869f/thessalonikh-analhpsh-880-100,Διαμέρισμα 100 τ.μ. · Θεσσαλονίκη (Ανάληψη),rent,apartment,880.0,100.0,2,2ος,1995,Θεσσαλονίκη (Ανάληψη),40.60482409999999,22.9557289,,2026-09-30,,,xe.gr agency page,2026-10-01T17:56:46Z,da3cb6da-6400-4fb4-9e1e-ff1f6529869f,2026-10-01,2026-10-01
xe.gr,REAL A,https://www.xe.gr/property/d/enoikiaseis-katoikion/dbb07461-3499-41f0-bd4b-1e25676eb3e3/thessalonikh-charilaoy-700-100,Διαμέρισμα 100 τ.μ. · Θεσσαλονίκη (Χαριλάου),rent,apartment,700.0,100.0,3,2ος,1975,Θεσσαλονίκη (Χαριλάου),,,,2026-07-30,,,xe.gr agency page,2026-10-01T17:56:46Z,dbb07461-3499-41f0-bd4b-1e25676eb3e3,2026-10-01,2026-10-01
xe.gr,Aspis Real Estate Θεσσαλονίκη Κέντρο – Δυτική,https://www.xe.gr/property/d/enoikiaseis-katoikion/dd9584e9-c8c3-4c33-94a1-aa1376a776bf/neapolh-380-58,Διαμέρισμα 58 τ.μ. · Νεάπολη,rent,apartment,380.0,58.0,1,1ος,,Νεάπολη,,,,2026-09-24,,,xe.gr agency page,2026-10-01T17:56:46Z,dd9584e9-c8c3-4c33-94a1-aa1376a776bf,2026-10-01,2026-10-01
xe.gr,Passal Real Estate,https://www.xe.gr/property/d/enoikiaseis-katoikion/e1bee9e8-4527-4833-aba1-be54de6d0176/thessalonikh-falhro-690-67,Διαμέρισμα 67 τ.μ. · Θεσσαλονίκη (Φάληρο),rent,apartment,690.0,67.0,2,3ος,1978,Θεσσαλονίκη (Φάληρο),,,,2026-09-29,,,xe.gr agency page,2026-10-01T17:56:46Z,e1bee9e8-4527-4833-aba1-be54de6d0176,2026-10-01,2026-10-01
xe.gr,Abitazione,https://www.xe.gr/property/d/enoikiaseis-katoikion/e58d2812-4cb1-44c7-b145-3ba270686888/thessalonikh-papafeio-350-25,Διαμέρισμα 25 τ.μ. · Θεσσαλονίκη (Παπάφειο),rent,apartment,350.0,25.0,1,2ος,1995,Θεσσαλονίκη (Παπάφειο),,,,2026-09-29,,,xe.gr agency page,2026-10-01T17:56:46Z,e58d2812-4cb1-44c7-b145-3ba270686888,2026-10-01,2026-10-01
xe.gr,Oikies Real Estate,https://www.xe.gr/property/d/enoikiaseis-katoikion/e8df7e1b-33c1-4b0d-aaab-f3e24f17ce4a/thessalonikh-charilaoy-650-53,Διαμέρισμα 53 τ.μ. · Θεσσαλονίκη (Χαριλάου),rent,apartment,650.0,53.0,1,1ος,1965,Θεσσαλονίκη (Χαριλάου),40.60321340000001,22.9644738,,2026-10-01,,,xe.gr agency page,2026-10-01T17:56:46Z,e8df7e1b-33c1-4b0d-aaab-f3e24f17ce4a,2026-10-01,2026-10-01
xe.gr,interakinita,https://www.xe.gr/property/d/enoikiaseis-katoikion/e901769c-1c01-42e5-b96a-2ea39b472fae/thessalonikh-anw-polh-400-45,Διαμέρισμα 45 τ.μ. · Θεσσαλονίκη (Ανω Πόλη),rent,apartment,400.0,45.0,1,Ισόγ.,1992,Θεσσαλονίκη (Ανω Πόλη),,,,2026-10-01,,,xe.gr agency page,2026-10-01T17:56:46Z,e901769c-1c01-42e5-b96a-2ea39b472fae,2026-10-01,2026-10-01
xe.gr,Θεσμός,https://www.xe.gr/property/d/enoikiaseis-katoikion/e93c4f0a-c49d-4def-92c9-97b35777aac3/thessalonikh-kentro-300-32,Διαμέρισμα 32 τ.μ. · Θεσσαλονίκη (Κέντρο),rent,apartment,300.0,32.0,1,Ισόγ.,1965,Θεσσαλονίκη (Κέντρο),40.6379045,22.9491858,,2026-07-02,,,xe.gr agency page,2026-10-01T17:56:46Z,e93c4f0a-c49d-4def-92c9-97b35777aac3,2026-10-01,2026-10-01
xe.gr,ΠΑΖΑΡΤΖΗΣ από το 1978!!,https://www.xe.gr/property/d/enoikiaseis-katoikion/e9fcaa02-bb7e-43d4-9807-68ce306b3775/thessalonikh-analhpsh-370-45,Διαμέρισμα 45 τ.μ. · Θεσσαλονίκη (Ανάληψη),rent,apartment,370.0,45.0,1,Ημιώρ.,1970,Θεσσαλονίκη (Ανάληψη),40.6079501,22.9556163,,2026-09-30,,,xe.gr agency page,2026-10-01T17:56:46Z,e9fcaa02-bb7e-43d4-9807-68ce306b3775,2026-10-01,2026-10-01
xe.gr,Anyhome,https://www.xe.gr/property/d/enoikiaseis-katoikion/ea318ac4-2020-4684-8a93-68765742ffba/thessalonikh-kentro-649-75,Διαμέρισμα 75 τ.μ. · Θεσσαλονίκη (Κέντρο),rent,apartment,649.0,75.0,3,1ος,1976,Θεσσαλονίκη (Κέντρο),,,,2026-09-30,,,xe.gr agency page,2026-10-01T17:56:46Z,ea318ac4-2020-4684-8a93-68765742ffba,2026-10-01,2026-10-01
xe.gr,REAL A,https://www.xe.gr/property/d/enoikiaseis-katoikion/ec773466-9a08-4c02-9cd7-b7a078c07fff/epanomh-500-183,Μονοκατοικία 183 τ.μ. · Επανομή,rent,house,500.0,183.0,4,Ισόγ.,1990,Επανομή,,,,2026-10-01,,,xe.gr agency page,2026-10-01T17:56:46Z,ec773466-9a08-4c02-9cd7-b7a078c07fff,2026-10-01,2026-10-01
xe.gr,REAL A,https://www.xe.gr/property/d/enoikiaseis-katoikion/ecf3590e-8269-40c0-998c-e2af911a8772/thessalonikh-anw-polh-400-40,Διαμέρισμα 40 τ.μ. · Θεσσαλονίκη (Ανω Πόλη),rent,apartment,400.0,40.0,1,Ισόγ.,2005,Θεσσαλονίκη (Ανω Πόλη),,,,2026-09-30,,,xe.gr agency page,2026-10-01T17:56:46Z,ecf3590e-8269-40c0-998c-e2af911a8772,2026-10-01,2026-10-01
xe.gr,Passal Real Estate,https://www.xe.gr/property/d/enoikiaseis-katoikion/f2579dad-e40e-4eb4-b57f-95cc0ddf415b/thessalonikh-falhro-600-38,Διαμέρισμα 38 τ.μ. · Θεσσαλονίκη (Φάληρο),rent,apartment,600.0,38.0,1,1ος,1974,Θεσσαλονίκη (Φάληρο),,,,2026-09-24,,,xe.gr agency page,2026-10-01T17:56:46Z,f2579dad-e40e-4eb4-b57f-95cc0ddf415b,2026-10-01,2026-10-01
xe.gr,Anyhome,https://www.xe.gr/property/d/enoikiaseis-katoikion/f2e222a4-483b-4a33-9fe3-197b42a8c1a1/thessalonikh-xhrokrhnh-480-37,Διαμέρισμα 37 τ.μ. · Θεσσαλονίκη (Ξηροκρήνη),rent,apartment,480.0,37.0,1,4ος,2021,Θεσσαλονίκη (Ξηροκρήνη),,,,2026-09-30,,,xe.gr agency page,2026-10-01T17:56:46Z,f2e222a4-483b-4a33-9fe3-197b42a8c1a1,2026-10-01,2026-10-01
xe.gr,noikiaseto.gr,https://www.xe.gr/property/d/enoikiaseis-katoikion/f32211f8-e9d0-4022-96a6-b015e0a9eac0/thessalonikh-vardarh-750-100,Διαμέρισμα 100 τ.μ. · Θεσσαλονίκη (Βαρδάρη),rent,apartment,750.0,100.0,3,5ος,1970,Θεσσαλονίκη (Βαρδάρη),,,,2026-09-24,,,xe.gr agency page,2026-10-01T17:56:46Z,f32211f8-e9d0-4022-96a6-b015e0a9eac0,2026-10-01,2026-10-01
xe.gr,Cozy Real Estate,https://www.xe.gr/property/d/enoikiaseis-katoikion/f54ca9f3-dbcf-4d75-8984-03dc9c8d9fc0/pylaia-650-50,Διαμέρισμα 50 τ.μ. · Πυλαία,rent,apartment,650.0,50.0,1,1ος,2026,Πυλαία,40.6086003,22.984816,,2026-09-24,,,xe.gr agency page,2026-10-01T17:56:46Z,f54ca9f3-dbcf-4d75-8984-03dc9c8d9fc0,2026-10-01,2026-10-01
xe.gr,REAL A,https://www.xe.gr/property/d/enoikiaseis-katoikion/f5fc2105-6e77-4a08-adc4-02c9c4ec57a0/trilofos-650-130,Διαμέρισμα 130 τ.μ. · Τρίλοφος,rent,apartment,650.0,130.0,3,1ος,2000,Τρίλοφος,,,,2026-07-30,,,xe.gr agency page,2026-10-01T17:56:46Z,f5fc2105-6e77-4a08-adc4-02c9c4ec57a0,2026-10-01,2026-10-01
xe.gr,Infox Real Estate,https://www.xe.gr/property/d/enoikiaseis-katoikion/fa3714de-0ed5-4bb5-a998-ac3534e20e93/kavala-440-55,Διαμέρισμα 55 τ.μ. · Καβάλα,rent,apartment,440.0,55.0,1,Ισόγ.,2010,Καβάλα,40.9265668,24.3848684,,2026-09-24,,,xe.gr agency page,2026-10-01T17:56:46Z,fa3714de-0ed5-4bb5-a998-ac3534e20e93,2026-10-01,2026-10-01
xe.gr,Βόρειος Ελλάς,https://www.xe.gr/property/d/enoikiaseis-katoikion/fa6e1e2a-1e08-4209-b948-99e214162b7f/thessalonikh-kentro-600-55,Διαμέρισμα 55 τ.μ. · Θεσσαλονίκη (Κέντρο),rent,apartment,600.0,55.0,1,2ος,1965,Θεσσαλονίκη (Κέντρο),,,,2026-09-30,,,xe.gr agency page,2026-10-01T17:56:46Z,fa6e1e2a-1e08-4209-b948-99e214162b7f,2026-10-01,2026-10-01
xe.gr,ANTHIMIADIS ESTATE,https://www.xe.gr/property/d/enoikiaseis-katoikion/fca5d981-8f46-4fda-b70d-1ff0477d9c86/wraiokastro-700-100,Διαμέρισμα 100 τ.μ. · Ωραιόκαστρο,rent,apartment,700.0,100.0,2,2ος,2006,Ωραιόκαστρο,40.7055471,22.9332222,,2026-07-23,,,xe.gr agency page,2026-10-01T17:56:46Z,fca5d981-8f46-4fda-b70d-1ff0477d9c86,2026-10-01,2026-10-01
xe.gr,Oikies Real Estate,https://www.xe.gr/property/d/enoikiaseis-katoikion/fcd6a0a0-d42c-47e8-aa62-55bea59ceb74/thessalonikh-anw-polh-480-40,Διαμέρισμα 40 τ.μ. · Θεσσαλονίκη (Ανω Πόλη),rent,apartment,480.0,40.0,1,1ος,2006,Θεσσαλονίκη (Ανω Πόλη),40.6433665,22.9500339,,2026-09-24,,,xe.gr agency page,2026-10-01T17:56:46Z,fcd6a0a0-d42c-47e8-aa62-55bea59ceb74,2026-10-01,2026-10-01
xe.gr,Aspis Real Estate Ανατολικής  Θεσσαλονίκης,https://www.xe.gr/property/d/enoikiaseis-katoikion/fe1ac228-b18a-4bab-9ed8-d680b3288c0a/panorama-2500-330,Μονοκατοικία 330 τ.μ. · Πανόραμα,rent,house,2500.0,330.0,5,Ισόγ.,2013,Πανόραμα,40.5853894,23.0312571,,2026-07-09,,,xe.gr agency page,2026-10-01T17:56:46Z,fe1ac228-b18a-4bab-9ed8-d680b3288c0a,2026-10-01,2026-10-01
xe.gr,KEY PROPERTIES,https://www.xe.gr/property/d/enoikiaseis-katoikion/ff0a65d4-fc9d-4eb4-930e-d259cc173c5f/polichnh-thessalonikhs-850-160,Μεζονέτα 160 τ.μ. · Πολίχνη Θεσσαλονίκης,rent,maisonette,850.0,160.0,4,1ος,2005,Πολίχνη Θεσσαλονίκης,,,,2026-09-17,,,xe.gr agency page,2026-10-01T17:56:46Z,ff0a65d4-fc9d-4eb4-930e-d259cc173c5f,2026-10-01,2026-10-01
xe.gr,Aspis Real Estate Ανατολικής  Θεσσαλονίκης,https://www.xe.gr/property/d/enoikiaseis-katoikion/ffd5a5c2-cc6b-4c1b-9a97-8639fd5db2af/panorama-400-60,Διαμέρισμα 60 τ.μ. · Πανόραμα,rent,apartment,400.0,60.0,1,Ισόγ.,1995,Πανόραμα,40.5772838,23.0144103,,2026-07-30,,,xe.gr agency page,2026-10-01T17:56:46Z,ffd5a5c2-cc6b-4c1b-9a97-8639fd5db2af,2026-10-01,2026-10-01
xe.gr,Βόρειος Ελλάς,https://www.xe.gr/property/d/poliseis-epaggelmatikon-xoron/03dd83e9-2f43-4341-b0dd-b02c05ecb1bb/hlioypolh-anw-hlioypolh-13000-95,Κατάστημα 95 τ.μ. · Ηλιούπολη (Άνω Ηλιούπολη),sale,store,13000.0,95.0,3,Ισόγ.,1975,Ηλιούπολη (Άνω Ηλιούπολη),,,,2026-09-10,,,xe.gr agency page,2026-10-01T17:56:46Z,03dd83e9-2f43-4341-b0dd-b02c05ecb1bb,2026-10-01,2026-10-01
xe.gr,Cozy Real Estate,https://www.xe.gr/property/d/poliseis-epaggelmatikon-xoron/051b2a4e-eb84-43e5-931d-056f8462693d/wraiokastro-60000-42,Κατάστημα 42 τ.μ. · Ωραιόκαστρο,sale,store,60000.0,42.0,,Ισόγ.,2004,Ωραιόκαστρο,,,,2026-09-17,,,xe.gr agency page,2026-10-01T17:56:46Z,051b2a4e-eb84-43e5-931d-056f8462693d,2026-10-01,2026-10-01
xe.gr,Oikies Real Estate,https://www.xe.gr/property/d/poliseis-epaggelmatikon-xoron/05da38c0-8bd1-4714-8b6a-15b03daa3e54/thessalonikh-kentro-295000-23,Κατάστημα 23 τ.μ. · Θεσσαλονίκη (Κέντρο),sale,store,295000.0,23.0,,Ισόγ.,1956,Θεσσαλονίκη (Κέντρο),40.62967949999999,22.9492357,,2026-09-17,,,xe.gr agency page,2026-10-01T17:56:46Z,05da38c0-8bd1-4714-8b6a-15b03daa3e54,2026-10-01,2026-10-01
xe.gr,ARCUS REAL ESTATE,https://www.xe.gr/property/d/poliseis-epaggelmatikon-xoron/07cdff79-3879-48e7-bb91-384fdff73991/athhna-kolwnaki-1005000-257,Κατάστημα 257 τ.μ. · Αθήνα (Κολωνάκι),sale,store,1005000.0,257.0,,Ημιώρ.,1982,Αθήνα (Κολωνάκι),,,,2026-09-30,,,xe.gr agency page,2026-10-01T17:56:46Z,07cdff79-3879-48e7-bb91-384fdff73991,2026-10-01,2026-10-01
xe.gr,REVA,https://www.xe.gr/property/d/poliseis-epaggelmatikon-xoron/0d598b63-5f1d-4dbc-94eb-6656ef9c0736/megalh-panagia-400000-370,Κτίριο επαγγελματικών χώρων 370 τ.μ. · Μεγάλη Παναγία,sale,,400000.0,370.0,,3 όροφοι,2002,Μεγάλη Παναγία,40.444817,23.681318,,2026-06-18,,,xe.gr agency page,2026-10-01T17:56:46Z,0d598b63-5f1d-4dbc-94eb-6656ef9c0736,2026-10-01,2026-10-01
xe.gr,ΠΑΖΑΡΤΖΗΣ από το 1978!!,https://www.xe.gr/property/d/poliseis-epaggelmatikon-xoron/0e9ddf4f-0cdc-4366-a253-3cabe86db707/thessalonikh-anw-polh-75000-55,Κατάστημα 55 τ.μ. · Θεσσαλονίκη (Ανω Πόλη),sale,store,75000.0,55.0,1,Ισόγ.,1929,Θεσσαλονίκη (Ανω Πόλη),40.6430388,22.9424701,,2026-09-30,,,xe.gr agency page,2026-10-01T17:56:46Z,0e9ddf4f-0cdc-4366-a253-3cabe86db707,2026-10-01,2026-10-01
xe.gr,Σαραφούδης Νικόλαος,https://www.xe.gr/property/d/poliseis-epaggelmatikon-xoron/0f7f059a-afc8-45b5-919e-a8fbddad7cad/agios-athanasios-80000-800,Βιομηχανικός χώρος 800 τ.μ. · Άγιος Αθανάσιος,sale,warehouse,80000.0,800.0,,,1975,Άγιος Αθανάσιος,40.71205399999999,22.7316507,,2026-08-27,,,xe.gr agency page,2026-10-01T17:56:46Z,0f7f059a-afc8-45b5-919e-a8fbddad7cad,2026-10-01,2026-10-01
xe.gr,Γαιοκτησίες,https://www.xe.gr/property/d/poliseis-epaggelmatikon-xoron/1077c18d-cc05-430a-b5c8-060d6e7b8c60/eleytherio-kordelio-190000-187,Κτίριο επαγγελματικών χώρων 187 τ.μ. · Ελευθέριο Κορδελιό,sale,,190000.0,187.0,,,1972,Ελευθέριο Κορδελιό,40.666834,22.8965979,,2026-09-26,,,xe.gr agency page,2026-10-01T17:56:46Z,1077c18d-cc05-430a-b5c8-060d6e7b8c60,2026-10-01,2026-10-01
xe.gr,Cozy Real Estate,https://www.xe.gr/property/d/poliseis-epaggelmatikon-xoron/109c074b-3435-4ef6-aa2d-43bda97a72a7/menemenh-9500-165,Αποθήκη 165 τ.μ. · Μενεμένη,sale,,9500.0,165.0,,Ημιυπ.,,Μενεμένη,,,,2026-09-29,,,xe.gr agency page,2026-10-01T17:56:46Z,109c074b-3435-4ef6-aa2d-43bda97a72a7,2026-10-01,2026-10-01
xe.gr,Σαραφούδης Νικόλαος,https://www.xe.gr/property/d/poliseis-epaggelmatikon-xoron/1154f662-50cd-4ff0-b41d-aed4f271ed9a/kallithea-600000-1050,Βιομηχανικός χώρος 1.050 τ.μ. · Καλλιθέα,sale,warehouse,600000.0,1.05,,,1995,Καλλιθέα,40.691442,22.807962,,2026-08-27,,,xe.gr agency page,2026-10-01T17:56:46Z,1154f662-50cd-4ff0-b41d-aed4f271ed9a,2026-10-01,2026-10-01
xe.gr,Aspis Real Estate Θεσσαλονίκη Κέντρο – Δυτική,https://www.xe.gr/property/d/poliseis-epaggelmatikon-xoron/12de8fa2-93e8-472f-a5c6-874bc1838a17/thessalonikh-xhrokrhnh-750000-500,Κτίριο επαγγελματικών χώρων 500 τ.μ. · Θεσσαλονίκη (Ξηροκρήνη),sale,,750000.0,500.0,,,1990,Θεσσαλονίκη (Ξηροκρήνη),40.6450567,22.9206116,,2026-09-17,,,xe.gr agency page,2026-10-01T17:56:46Z,12de8fa2-93e8-472f-a5c6-874bc1838a17,2026-10-01,2026-10-01
xe.gr,Oikies Real Estate,https://www.xe.gr/property/d/poliseis-epaggelmatikon-xoron/186f5f89-e53b-4d74-a853-f2bf47829f64/thessaloniki-pylaia-680000-180,Γραφείο 180 τ.μ. · Thessaloniki (Πυλαία),sale,office,680000.0,180.0,,2ος,2026,Thessaloniki (Πυλαία),40.6089104,22.9917293,,2026-09-10,,,xe.gr agency page,2026-10-01T17:56:46Z,186f5f89-e53b-4d74-a853-f2bf47829f64,2026-10-01,2026-10-01
xe.gr,Oikies Real Estate,https://www.xe.gr/property/d/poliseis-epaggelmatikon-xoron/19ae5104-f4cc-4bab-b476-0385b541033a/thermh-1000000-600,Κτίριο επαγγελματικών χώρων 600 τ.μ. · Θέρμη,sale,,1000000.0,600.0,,,1986,Θέρμη,40.508188,22.97759,,2026-09-10,,,xe.gr agency page,2026-10-01T17:56:46Z,19ae5104-f4cc-4bab-b476-0385b541033a,2026-10-01,2026-10-01
xe.gr,Papastefanou Real,https://www.xe.gr/property/d/poliseis-epaggelmatikon-xoron/1a1b7cc7-d610-45f6-a35f-53d1d8fc30d4/vasilika-550000-11200,Κτίριο επαγγελματικών χώρων 11.200 τ.μ. · Βασιλικα,sale,,550000.0,11.2,,1 όροφοι,1994,Βασιλικα,,,,2026-03-05,,,xe.gr agency page,2026-10-01T17:56:46Z,1a1b7cc7-d610-45f6-a35f-53d1d8fc30d4,2026-10-01,2026-10-01
xe.gr,Stavros Ioannidis Real Estate,https://www.xe.gr/property/d/poliseis-epaggelmatikon-xoron/1da47e01-1057-4623-b107-6c68c29175fe/thessalonikh-kentro-410000-157,Αίθουσα 157 τ.μ. · Θεσσαλονίκη (Κέντρο),sale,,410000.0,157.0,1,1ος,1935,Θεσσαλονίκη (Κέντρο),,,,2025-12-25,,,xe.gr agency page,2026-10-01T17:56:46Z,1da47e01-1057-4623-b107-6c68c29175fe,2026-10-01,2026-10-01
xe.gr,Σαραφούδης Νικόλαος,https://www.xe.gr/property/d/poliseis-epaggelmatikon-xoron/1e0e2d6a-d903-408f-99e8-6b77c0c9d572/kalochwri-350000-820,Αποθήκη 820 τ.μ. · Καλοχώρι,sale,,350000.0,820.0,,Ισόγ.,1992,Καλοχώρι,40.6424302,22.858934,,2026-08-27,,,xe.gr agency page,2026-10-01T17:56:46Z,1e0e2d6a-d903-408f-99e8-6b77c0c9d572,2026-10-01,2026-10-01
xe.gr,Infox Real Estate,https://www.xe.gr/property/d/poliseis-epaggelmatikon-xoron/2087dc9e-6361-411f-bb24-8c0482891f4a/palioyri-3000000-625,Κτίριο επαγγελματικών χώρων 625 τ.μ. · Παλιούρι,sale,,3000000.0,625.0,,3 όροφοι,2023,Παλιούρι,39.97566,23.640853,,2026-09-03,,,xe.gr agency page,2026-10-01T17:56:46Z,2087dc9e-6361-411f-bb24-8c0482891f4a,2026-10-01,2026-10-01
xe.gr,Stavros Ioannidis Real Estate,https://www.xe.gr/property/d/poliseis-epaggelmatikon-xoron/21ef2385-4d3d-4689-afa3-0c7113352122/megalh-vrysh-110000-752,Κτίριο επαγγελματικών χώρων 752 τ.μ. · Μεγάλη Βρύση,sale,,110000.0,752.0,,,1989,Μεγάλη Βρύση,,,,2025-12-25,,,xe.gr agency page,2026-10-01T17:56:46Z,21ef2385-4d3d-4689-afa3-0c7113352122,2026-10-01,2026-10-01
xe.gr,Infox Real Estate,https://www.xe.gr/property/d/poliseis-epaggelmatikon-xoron/22895c0d-bbd7-435b-ac4c-34d4e7e5a831/polygyros-500000-210,Κτίριο επαγγελματικών χώρων 210 τ.μ. · Πολύγυρος,sale,,500000.0,210.0,,3 όροφοι,2026,Πολύγυρος,40.2795938,23.4282398,,2026-09-03,,,xe.gr agency page,2026-10-01T17:56:46Z,22895c0d-bbd7-435b-ac4c-34d4e7e5a831,2026-10-01,2026-10-01
xe.gr,Papastefanou Real,https://www.xe.gr/property/d/poliseis-epaggelmatikon-xoron/25c26786-fdf9-47e4-a565-1fc924e8d5f4/athhna-plateia-kaniggos-1100000-180,Γραφείο 180 τ.μ. · Αθήνα (Πλατεία Κάνιγγος),sale,office,1100000.0,180.0,2,8ος,1958,Αθήνα (Πλατεία Κάνιγγος),,,,2026-03-05,,,xe.gr agency page,2026-10-01T17:56:46Z,25c26786-fdf9-47e4-a565-1fc924e8d5f4,2026-10-01,2026-10-01
xe.gr,REAL A,https://www.xe.gr/property/d/poliseis-epaggelmatikon-xoron/2b2e8275-4713-41a0-949a-f81ff613ceb5/thessalonikh-dikasthria-30000-20,Αίθουσα 20 τ.μ. · Θεσσαλονίκη (Δικαστήρια),sale,,30000.0,20.0,,Ημιώρ.,1975,Θεσσαλονίκη (Δικαστήρια),,,,2026-07-30,,,xe.gr agency page,2026-10-01T17:56:46Z,2b2e8275-4713-41a0-949a-f81ff613ceb5,2026-10-01,2026-10-01
xe.gr,ΠΑΖΑΡΤΖΗΣ από το 1978!!,https://www.xe.gr/property/d/poliseis-epaggelmatikon-xoron/2c0ab479-00d2-447a-8b95-391e7cf452f2/thessalonikh-papafeio-20000-150,Αποθήκη 150 τ.μ. · Θεσσαλονίκη (Παπάφειο),sale,,20000.0,150.0,1,Ημιυπ.,1968,Θεσσαλονίκη (Παπάφειο),40.6180877,22.9673072,,2026-09-30,,,xe.gr agency page,2026-10-01T17:56:46Z,2c0ab479-00d2-447a-8b95-391e7cf452f2,2026-10-01,2026-10-01
xe.gr,Aspis Real Estate Θεσσαλονίκη Κέντρο – Δυτική,https://www.xe.gr/property/d/poliseis-epaggelmatikon-xoron/2d50808c-fc47-479d-800d-d00f66132015/menemenh-450000-760,Βιοτεχνικός χώρος 760 τ.μ. · Μενεμένη,sale,,450000.0,760.0,,Ισόγ.,1993,Μενεμένη,40.655605,22.8732583,,2026-09-17,,,xe.gr agency page,2026-10-01T17:56:46Z,2d50808c-fc47-479d-800d-d00f66132015,2026-10-01,2026-10-01
xe.gr,Papastefanou Real,https://www.xe.gr/property/d/poliseis-epaggelmatikon-xoron/2ed92a9b-8a55-4c1f-ae59-551b4714587e/neoi-epivates-490000-100,Κατάστημα 100 τ.μ. · Νέοι Επιβάτες,sale,store,490000.0,100.0,1,Ισόγ.,1980,Νέοι Επιβάτες,,,,2026-08-27,,,xe.gr agency page,2026-10-01T17:56:46Z,2ed92a9b-8a55-4c1f-ae59-551b4714587e,2026-10-01,2026-10-01
xe.gr,Aspis Real Estate Ανατολικής  Θεσσαλονίκης,https://www.xe.gr/property/d/poliseis-epaggelmatikon-xoron/2f78b440-a4d4-4661-820d-970508120b21/thessalonikh-anw-toympa-50000-180,Αποθήκη 180 τ.μ. · Θεσσαλονίκη (Ανω Τούμπα),sale,,50000.0,180.0,,Υπόγ.,1977,Θεσσαλονίκη (Ανω Τούμπα),40.615144,22.975943,,2026-09-17,,,xe.gr agency page,2026-10-01T17:56:46Z,2f78b440-a4d4-4661-820d-970508120b21,2026-10-01,2026-10-01
xe.gr,Anyhome,https://www.xe.gr/property/d/poliseis-epaggelmatikon-xoron/309fa5d0-4f96-4f12-a819-146134eb5802/thessalonikh-140000-405,Κατάστημα 405 τ.μ. · Θεσσαλονίκη,sale,store,140000.0,405.0,2,Ισόγ.,2008,Θεσσαλονίκη,,,,2026-09-24,,,xe.gr agency page,2026-10-01T17:56:46Z,309fa5d0-4f96-4f12-a819-146134eb5802,2026-10-01,2026-10-01
xe.gr,Γαιοκτησίες,https://www.xe.gr/property/d/poliseis-epaggelmatikon-xoron/36c0cd45-8531-4285-a47d-d608ce6659d4/thessalonikh-kentro-200000-200,Κατάστημα 200 τ.μ. · Θεσσαλονίκη (Κέντρο),sale,store,200000.0,200.0,,Υπόγ.,1967,Θεσσαλονίκη (Κέντρο),40.6340144,22.9443498,,2026-06-11,,,xe.gr agency page,2026-10-01T17:56:46Z,36c0cd45-8531-4285-a47d-d608ce6659d4,2026-10-01,2026-10-01
xe.gr,Papastefanou Real,https://www.xe.gr/property/d/poliseis-epaggelmatikon-xoron/37e57859-9636-4445-990a-e6d2a568c81a/skala-foyrkas-3400000-2488,Κτίριο επαγγελματικών χώρων 2.488 τ.μ. · Σκάλα Φούρκας,sale,,3400000.0,2.488,,1 όροφοι,2005,Σκάλα Φούρκας,,,,2026-09-17,,,xe.gr agency page,2026-10-01T17:56:46Z,37e57859-9636-4445-990a-e6d2a568c81a,2026-10-01,2026-10-01
xe.gr,Γαιοκτησίες,https://www.xe.gr/property/d/poliseis-epaggelmatikon-xoron/384e970c-8684-4748-9e4e-02ab52575450/thessalonikh-kentro-150000-50,Κτίριο επαγγελματικών χώρων 50 τ.μ. · Θεσσαλονίκη (Κέντρο),sale,,150000.0,50.0,,,1932,Θεσσαλονίκη (Κέντρο),40.63418679999999,22.9462686,,2026-06-18,,,xe.gr agency page,2026-10-01T17:56:46Z,384e970c-8684-4748-9e4e-02ab52575450,2026-10-01,2026-10-01
xe.gr,CIVILHOME,https://www.xe.gr/property/d/poliseis-epaggelmatikon-xoron/385296c7-e266-4bad-9195-063255b32d3c/thessalonikh-xhrokrhnh-15000-15,Κατάστημα 15 τ.μ. · Θεσσαλονίκη (Ξηροκρήνη),sale,store,15000.0,15.0,1,Ισόγ.,,Θεσσαλονίκη (Ξηροκρήνη),40.6490523,22.9340706,,2026-09-30,,,xe.gr agency page,2026-10-01T17:56:46Z,385296c7-e266-4bad-9195-063255b32d3c,2026-10-01,2026-10-01
xe.gr,Alvanoudis Real Estate,https://www.xe.gr/property/d/poliseis-epaggelmatikon-xoron/3bf14708-1c2b-4858-b516-145b834e44a2/thessalonikh-kentro-8500000-4000,Κτίριο επαγγελματικών χώρων 4.000 τ.μ. · Θεσσαλονίκη (Κέντρο),sale,,8500000.0,4.0,,,1924,Θεσσαλονίκη (Κέντρο),40.6352033,22.9446101,,2026-06-18,,,xe.gr agency page,2026-10-01T17:56:46Z,3bf14708-1c2b-4858-b516-145b834e44a2,2026-10-01,2026-10-01
xe.gr,REVA,https://www.xe.gr/property/d/poliseis-epaggelmatikon-xoron/4377a409-8d5e-4e09-980e-b5cc64b949d3/thessalonikh-ntepw-360000-370,Κατάστημα 370 τ.μ. · Θεσσαλονίκη (Ντεπώ),sale,store,360000.0,370.0,6,Ισόγ.,1975,Θεσσαλονίκη (Ντεπώ),40.6001553,22.9564482,,2026-06-25,,,xe.gr agency page,2026-10-01T17:56:46Z,4377a409-8d5e-4e09-980e-b5cc64b949d3,2026-10-01,2026-10-01
xe.gr,Passal Real Estate,https://www.xe.gr/property/d/poliseis-epaggelmatikon-xoron/45e8f830-8c26-45a0-87d5-9ca1a09b50ab/kalamaria-270000-67,Κατάστημα 67 τ.μ. · Καλαμαριά,sale,store,270000.0,67.0,2,Ισόγ.,1990,Καλαμαριά,,,,2026-05-28,,,xe.gr agency page,2026-10-01T17:56:46Z,45e8f830-8c26-45a0-87d5-9ca1a09b50ab,2026-10-01,2026-10-01
xe.gr,Ademis Real Estate,https://www.xe.gr/property/d/poliseis-epaggelmatikon-xoron/47a98fad-647f-4942-b2f0-40eb6f8aa72f/thessalonikh-falhro-120000-85,Κατάστημα 85 τ.μ. · Θεσσαλονίκη (Φάληρο),sale,store,120000.0,85.0,3,Ισόγ.,1970,Θεσσαλονίκη (Φάληρο),40.6174244,22.9556353,,2026-08-20,,,xe.gr agency page,2026-10-01T17:56:46Z,47a98fad-647f-4942-b2f0-40eb6f8aa72f,2026-10-01,2026-10-01
xe.gr,KEY PROPERTIES,https://www.xe.gr/property/d/poliseis-epaggelmatikon-xoron/481c6216-10e8-44b1-807a-5ef2a07c4f79/vasilika-800000-780,Κατάστημα 780 τ.μ. · Βασιλικα,sale,store,800000.0,780.0,,Ισόγ.,1960,Βασιλικα,,,,2026-07-09,,,xe.gr agency page,2026-10-01T17:56:46Z,481c6216-10e8-44b1-807a-5ef2a07c4f79,2026-10-01,2026-10-01
xe.gr,Aspis Real Estate Ανατολικής  Θεσσαλονίκης,https://www.xe.gr/property/d/poliseis-epaggelmatikon-xoron/48ec724b-1ef1-4d71-a844-f6d0acec34ff/thessalonikh-katw-toympa-60000-500,Κατάστημα 500 τ.μ. · Θεσσαλονίκη (Κάτω Τούμπα),sale,store,60000.0,500.0,,Ημιυπ.,1970,Θεσσαλονίκη (Κάτω Τούμπα),40.6122741,22.9681271,,2026-09-03,,,xe.gr agency page,2026-10-01T17:56:46Z,48ec724b-1ef1-4d71-a844-f6d0acec34ff,2026-10-01,2026-10-01
xe.gr,KEY PROPERTIES,https://www.xe.gr/property/d/poliseis-epaggelmatikon-xoron/4976bbb9-1f97-4e38-88f0-e10b0ef60caf/anw-liosia-agios-nikolaos-280500-693,Κτίριο επαγγελματικών χώρων 693 τ.μ. · Άνω Λιόσια (Άγιος Νικόλαος),sale,,280500.0,693.0,,,2005,Άνω Λιόσια (Άγιος Νικόλαος),,,,2026-05-21,,,xe.gr agency page,2026-10-01T17:56:46Z,4976bbb9-1f97-4e38-88f0-e10b0ef60caf,2026-10-01,2026-10-01
xe.gr,Ihouse,https://www.xe.gr/property/d/poliseis-epaggelmatikon-xoron/499e34a8-5600-4f5a-9cf8-10ff5b337a86/kassandreia-3500000-5700,Κτίριο επαγγελματικών χώρων 5.700 τ.μ. · Κασσανδρεία,sale,,3500000.0,5.7,,1 όροφοι,1999,Κασσανδρεία,40.044503,23.357597,,2026-01-22,,,xe.gr agency page,2026-10-01T17:56:46Z,499e34a8-5600-4f5a-9cf8-10ff5b337a86,2026-10-01,2026-10-01
xe.gr,Papastefanou Real,https://www.xe.gr/property/d/poliseis-epaggelmatikon-xoron/4ca9d346-e52d-401e-998a-b001d16f949b/kalochwri-500000-980,Βιομηχανικός χώρος 980 τ.μ. · Καλοχώρι,sale,warehouse,500000.0,980.0,,,2001,Καλοχώρι,,,,2026-03-05,,,xe.gr agency page,2026-10-01T17:56:46Z,4ca9d346-e52d-401e-998a-b001d16f949b,2026-10-01,2026-10-01
xe.gr,Aspis Real Estate Θεσσαλονίκη Κέντρο – Δυτική,https://www.xe.gr/property/d/poliseis-epaggelmatikon-xoron/4e474ecc-cca4-4ca5-a6a5-d012d5f85aed/echedwro-5500000-8348,Κτίριο επαγγελματικών χώρων 8.348 τ.μ. · Εχέδωρο,sale,,5500000.0,8.348,,,1984,Εχέδωρο,40.651787,22.807386,,2026-09-17,,,xe.gr agency page,2026-10-01T17:56:46Z,4e474ecc-cca4-4ca5-a6a5-d012d5f85aed,2026-10-01,2026-10-01
xe.gr,CIVILHOME,https://www.xe.gr/property/d/poliseis-epaggelmatikon-xoron/507350eb-e7dd-4da4-b9b0-e141dc50a29c/thessalonikh-charilaoy-72000-60,Κατάστημα 60 τ.μ. · Θεσσαλονίκη (Χαριλάου),sale,store,72000.0,60.0,2,Ισόγ.,,Θεσσαλονίκη (Χαριλάου),40.6040595,22.9689509,,2026-09-30,,,xe.gr agency page,2026-10-01T17:56:46Z,507350eb-e7dd-4da4-b9b0-e141dc50a29c,2026-10-01,2026-10-01
xe.gr,Abitazione,https://www.xe.gr/property/d/poliseis-epaggelmatikon-xoron/51fe6cf9-f5ec-4bab-9e01-c3ad5652fdce/thessalonikh-kentro-200000-145,Κατάστημα 145 τ.μ. · Θεσσαλονίκη (Κέντρο),sale,store,200000.0,145.0,2,Ισόγ.,1960,Θεσσαλονίκη (Κέντρο),,,,2026-07-02,,,xe.gr agency page,2026-10-01T17:56:46Z,51fe6cf9-f5ec-4bab-9e01-c3ad5652fdce,2026-10-01,2026-10-01
xe.gr,Aspis Real Estate Ανατολικής  Θεσσαλονίκης,https://www.xe.gr/property/d/poliseis-epaggelmatikon-xoron/53041d68-f868-42bf-ae04-2545ef533240/thessalonikh-ntepw-285000-194,Κατάστημα 194 τ.μ. · Θεσσαλονίκη (Ντεπώ),sale,store,285000.0,194.0,,Ισόγ.,1965,Θεσσαλονίκη (Ντεπώ),40.6022904,22.9523903,,2026-07-30,,,xe.gr agency page,2026-10-01T17:56:46Z,53041d68-f868-42bf-ae04-2545ef533240,2026-10-01,2026-10-01
xe.gr,Σαραφούδης Νικόλαος,https://www.xe.gr/property/d/poliseis-epaggelmatikon-xoron/54b8377a-2d13-40c1-b8b2-2775bb14effc/echedwro-350000-500,Αποθήκη 500 τ.μ. · Εχέδωρο,sale,,350000.0,500.0,,Ισόγ.,2004,Εχέδωρο,40.6873362,22.8526097,,2026-08-27,,,xe.gr agency page,2026-10-01T17:56:46Z,54b8377a-2d13-40c1-b8b2-2775bb14effc,2026-10-01,2026-10-01
xe.gr,REVA,https://www.xe.gr/property/d/poliseis-epaggelmatikon-xoron/55c6e96f-aab2-497c-8a01-3e0c291a5776/thessalonikh-charilaoy-135000-90,Κατάστημα 90 τ.μ. · Θεσσαλονίκη (Χαριλάου),sale,store,135000.0,90.0,,Ισόγ.,1975,Θεσσαλονίκη (Χαριλάου),40.6002483,22.9704953,,2026-06-11,,,xe.gr agency page,2026-10-01T17:56:46Z,55c6e96f-aab2-497c-8a01-3e0c291a5776,2026-10-01,2026-10-01
xe.gr,Oikies Real Estate,https://www.xe.gr/property/d/poliseis-epaggelmatikon-xoron/56ce165f-ad9d-4601-86d3-78424dec28dd/chios-210000-265,Βιομηχανικός χώρος 265 τ.μ. · Χίος,sale,warehouse,210000.0,265.0,,,1900,Χίος,38.3767133,26.1365717,,2026-09-10,,,xe.gr agency page,2026-10-01T17:56:46Z,56ce165f-ad9d-4601-86d3-78424dec28dd,2026-10-01,2026-10-01
xe.gr,ARCUS REAL ESTATE,https://www.xe.gr/property/d/poliseis-epaggelmatikon-xoron/56d97c8e-3875-42de-9b2c-6cdb4a9714db/kallithea-ote-170000-96,Κτίριο επαγγελματικών χώρων 96 τ.μ. · Καλλιθέα (ΟΤΕ),sale,,170000.0,96.0,,,,Καλλιθέα (ΟΤΕ),,,,2026-04-16,,,xe.gr agency page,2026-10-01T17:56:46Z,56d97c8e-3875-42de-9b2c-6cdb4a9714db,2026-10-01,2026-10-01
xe.gr,Rooted Pillar Real Estate,https://www.xe.gr/property/d/poliseis-epaggelmatikon-xoron/599b6c61-1e4a-47ea-bdc6-f722b7163243/thessalonikh-anw-polh-250000-411,Κτίριο επαγγελματικών χώρων 411 τ.μ. · Θεσσαλονίκη (Ανω Πόλη),sale,,250000.0,411.0,,,1994,Θεσσαλονίκη (Ανω Πόλη),,,,2026-05-28,,,xe.gr agency page,2026-10-01T17:56:46Z,599b6c61-1e4a-47ea-bdc6-f722b7163243,2026-10-01,2026-10-01
xe.gr,Rooted Pillar Real Estate,https://www.xe.gr/property/d/poliseis-epaggelmatikon-xoron/59b96ef2-37b3-4d84-b95b-e60b51213c63/athhna-metaxoyrgeio-1800000-745,Κτίριο επαγγελματικών χώρων 745 τ.μ. · Αθήνα (Μεταξουργείο),sale,,1800000.0,745.0,,,2019,Αθήνα (Μεταξουργείο),,,,2026-05-28,,,xe.gr agency page,2026-10-01T17:56:46Z,59b96ef2-37b3-4d84-b95b-e60b51213c63,2026-10-01,2026-10-01
xe.gr,Νέα Πολιτεία,https://www.xe.gr/property/d/poliseis-epaggelmatikon-xoron/59f19f3b-d1ed-461c-a46c-1b71e7d201a4/galhnh-3000000-6600,Βιομηχανικός χώρος 6.600 τ.μ. · Γαλήνη,sale,warehouse,3000000.0,6.6,,,1983,Γαλήνη,40.7079076,22.9291096,,2026-07-02,,,xe.gr agency page,2026-10-01T17:56:46Z,59f19f3b-d1ed-461c-a46c-1b71e7d201a4,2026-10-01,2026-10-01
xe.gr,Βόρειος Ελλάς,https://www.xe.gr/property/d/poliseis-epaggelmatikon-xoron/5cb13ffc-2566-4df2-b7ef-1fc02eaafb30/thessalonikh-falhro-25000-212,Αποθήκη 212 τ.μ. · Θεσσαλονίκη (Φάληρο),sale,,25000.0,212.0,,Υπόγ.,,Θεσσαλονίκη (Φάληρο),,,,2026-09-10,,,xe.gr agency page,2026-10-01T17:56:46Z,5cb13ffc-2566-4df2-b7ef-1fc02eaafb30,2026-10-01,2026-10-01
xe.gr,Alvanoudis Real Estate,https://www.xe.gr/property/d/poliseis-epaggelmatikon-xoron/5cb276b5-8d1c-419c-b0c1-959ad81a60a9/thessalonikh-kentro-3500000-101,Κατάστημα 101 τ.μ. · Θεσσαλονίκη (Κέντρο),sale,store,3500000.0,101.0,,Ισόγ.,1972,Θεσσαλονίκη (Κέντρο),40.6327198,22.9425336,,2026-01-01,,,xe.gr agency page,2026-10-01T17:56:46Z,5cb276b5-8d1c-419c-b0c1-959ad81a60a9,2026-10-01,2026-10-01
xe.gr,Rooted Pillar Real Estate,https://www.xe.gr/property/d/poliseis-epaggelmatikon-xoron/5d60d1cd-0497-41f4-b00a-44e2e17d6ce7/lagyna-4300000-6350,Κτίριο επαγγελματικών χώρων 6.350 τ.μ. · Λαγυνά,sale,,4300000.0,6.35,,3 όροφοι,1980,Λαγυνά,,,,2026-05-28,,,xe.gr agency page,2026-10-01T17:56:46Z,5d60d1cd-0497-41f4-b00a-44e2e17d6ce7,2026-10-01,2026-10-01
xe.gr,KEY PROPERTIES,https://www.xe.gr/property/d/poliseis-epaggelmatikon-xoron/5ed8967f-f005-429f-969d-c089047c5f1b/hrakleio-158000-400,Κτίριο επαγγελματικών χώρων 400 τ.μ. · Ηράκλειο,sale,,158000.0,400.0,,,1989,Ηράκλειο,,,,2026-05-21,,,xe.gr agency page,2026-10-01T17:56:46Z,5ed8967f-f005-429f-969d-c089047c5f1b,2026-10-01,2026-10-01
xe.gr,Anyhome,https://www.xe.gr/property/d/poliseis-epaggelmatikon-xoron/612bc0d1-821f-4e64-ba22-fc2dc442e9c4/sindos-800000-750,Βιοτεχνικός χώρος 750 τ.μ. · Σίνδος,sale,,800000.0,750.0,2,Ισόγ.,2001,Σίνδος,,,,2026-09-26,,,xe.gr agency page,2026-10-01T17:56:46Z,612bc0d1-821f-4e64-ba22-fc2dc442e9c4,2026-10-01,2026-10-01
xe.gr,Aspis Real Estate Θεσσαλονίκη Κέντρο – Δυτική,https://www.xe.gr/property/d/poliseis-epaggelmatikon-xoron/6146fc3f-e034-4cb7-9a28-37d175160f35/sykies-100000-207,Κατάστημα 207 τ.μ. · Συκιές,sale,store,100000.0,207.0,,Ισόγ.,1998,Συκιές,40.6527194,22.95665,,2026-09-17,,,xe.gr agency page,2026-10-01T17:56:46Z,6146fc3f-e034-4cb7-9a28-37d175160f35,2026-10-01,2026-10-01
xe.gr,Πασχαλίδης Δημήτριος,https://www.xe.gr/property/d/poliseis-epaggelmatikon-xoron/617b3c92-398c-48b1-b57f-4dc69b059611/echedwro-2000000-1950,Αποθήκη 1.950 τ.μ. · Εχέδωρο,sale,,2000000.0,1.95,,Υπερυψ.,,Εχέδωρο,40.6480401,22.8515671,,2026-07-02,,,xe.gr agency page,2026-10-01T17:56:46Z,617b3c92-398c-48b1-b57f-4dc69b059611,2026-10-01,2026-10-01
xe.gr,Oikies Real Estate,https://www.xe.gr/property/d/poliseis-epaggelmatikon-xoron/6381195a-3ea7-408c-b1a2-b78a0f22d809/menemenh-400000-600,Βιοτεχνικός χώρος 600 τ.μ. · Μενεμένη,sale,,400000.0,600.0,,2ος,1987,Μενεμένη,40.6527428,22.911763,,2026-09-10,,,xe.gr agency page,2026-10-01T17:56:46Z,6381195a-3ea7-408c-b1a2-b78a0f22d809,2026-10-01,2026-10-01
xe.gr,Papastefanou Real,https://www.xe.gr/property/d/poliseis-epaggelmatikon-xoron/65ef38ca-db62-4a57-870c-78652e2e02c5/thessalonikh-falhro-1500000-442,Κατάστημα 442 τ.μ. · Θεσσαλονίκη (Φάληρο),sale,store,1500000.0,442.0,4,Ισόγ.,1978,Θεσσαλονίκη (Φάληρο),40.6153998,22.9596814,,2026-03-05,,,xe.gr agency page,2026-10-01T17:56:46Z,65ef38ca-db62-4a57-870c-78652e2e02c5,2026-10-01,2026-10-01
xe.gr,Σαραφούδης Νικόλαος,https://www.xe.gr/property/d/poliseis-epaggelmatikon-xoron/673a038b-ee1a-4699-8933-f4251808ff7c/kalochwri-630000-1514,Βιοτεχνικός χώρος 1.514 τ.μ. · Καλοχώρι,sale,,630000.0,1.514,,Ισόγ.,1982,Καλοχώρι,40.6422904,22.8594589,,2026-08-27,,,xe.gr agency page,2026-10-01T17:56:46Z,673a038b-ee1a-4699-8933-f4251808ff7c,2026-10-01,2026-10-01
xe.gr,Σαραφούδης Νικόλαος,https://www.xe.gr/property/d/poliseis-epaggelmatikon-xoron/6793bb49-d0ba-4c69-931d-f9f9d9b30687/lagkadas-145000-688,Βιοτεχνικός χώρος 688 τ.μ. · Λαγκαδάς,sale,,145000.0,688.0,,Υπερυψ.,2007,Λαγκαδάς,40.7475332,23.0617496,,2026-09-03,,,xe.gr agency page,2026-10-01T17:56:46Z,6793bb49-d0ba-4c69-931d-f9f9d9b30687,2026-10-01,2026-10-01
xe.gr,Νέα Πολιτεία,https://www.xe.gr/property/d/poliseis-epaggelmatikon-xoron/6acfe019-555e-410e-8cd1-64300694279f/adrianh-70000-110,Κατάστημα 110 τ.μ. · Αδριανή,sale,store,70000.0,110.0,1,Ισόγ.,2000,Αδριανή,,,,2026-07-02,,,xe.gr agency page,2026-10-01T17:56:46Z,6acfe019-555e-410e-8cd1-64300694279f,2026-10-01,2026-10-01
xe.gr,Γαιοκτησίες,https://www.xe.gr/property/d/poliseis-epaggelmatikon-xoron/6bbb3335-05cd-444f-9f59-594bda4ddb2d/menemenh-180000-200,Κατάστημα 200 τ.μ. · Μενεμένη,sale,store,180000.0,200.0,,Ισόγ.,2004,Μενεμένη,40.6593907,22.9085267,,2026-06-25,,,xe.gr agency page,2026-10-01T17:56:46Z,6bbb3335-05cd-444f-9f59-594bda4ddb2d,2026-10-01,2026-10-01
xe.gr,Real Estate Plus Construction,https://www.xe.gr/property/d/poliseis-epaggelmatikon-xoron/6c525eb3-b274-4bc6-bc54-1fa147575a15/thessalonikh-analhpsh-45000-31,Κατάστημα 31 τ.μ. · Θεσσαλονίκη (Ανάληψη),sale,store,45000.0,31.0,1,Ισόγ.,1970,Θεσσαλονίκη (Ανάληψη),,,,2026-03-12,,,xe.gr agency page,2026-10-01T17:56:46Z,6c525eb3-b274-4bc6-bc54-1fa147575a15,2026-10-01,2026-10-01
xe.gr,Real Estate Plus Construction,https://www.xe.gr/property/d/poliseis-epaggelmatikon-xoron/6ce4af61-b0e4-4274-897a-b04062e872d0/thessalonikh-analhpsh-260000-270,Κατάστημα 270 τ.μ. · Θεσσαλονίκη (Ανάληψη),sale,store,260000.0,270.0,,Ισόγ.,1985,Θεσσαλονίκη (Ανάληψη),,,,2026-03-12,,,xe.gr agency page,2026-10-01T17:56:46Z,6ce4af61-b0e4-4274-897a-b04062e872d0,2026-10-01,2026-10-01
xe.gr,Νέα Πολιτεία,https://www.xe.gr/property/d/poliseis-epaggelmatikon-xoron/6e08885e-f0b9-4abb-b763-04442c17e19a/arkadikos-130000-134,Κατάστημα 134 τ.μ. · Αρκαδικός,sale,store,130000.0,134.0,2,Ισόγ.,1990,Αρκαδικός,,,,2026-07-02,,,xe.gr agency page,2026-10-01T17:56:46Z,6e08885e-f0b9-4abb-b763-04442c17e19a,2026-10-01,2026-10-01
xe.gr,ΠΑΖΑΡΤΖΗΣ από το 1978!!,https://www.xe.gr/property/d/poliseis-epaggelmatikon-xoron/712d46a7-9740-43c2-a41a-12e667f94766/thessalonikh-analhpsh-95000-262,Αποθήκη 262 τ.μ. · Θεσσαλονίκη (Ανάληψη),sale,,95000.0,262.0,1,Ημιυπ.,1965,Θεσσαλονίκη (Ανάληψη),40.6078538,22.95662,,2026-09-30,,,xe.gr agency page,2026-10-01T17:56:46Z,712d46a7-9740-43c2-a41a-12e667f94766,2026-10-01,2026-10-01
xe.gr,Νέα Πολιτεία,https://www.xe.gr/property/d/poliseis-epaggelmatikon-xoron/71f5b132-6871-48c1-a1e0-8e95b34cfa91/ampelokhpoi-55000-50,Κατάστημα 50 τ.μ. · Αμπελόκηποι,sale,store,55000.0,50.0,,Ισόγ.,1975,Αμπελόκηποι,40.6510443,22.9281859,,2026-07-02,,,xe.gr agency page,2026-10-01T17:56:46Z,71f5b132-6871-48c1-a1e0-8e95b34cfa91,2026-10-01,2026-10-01
xe.gr,Γαιοκτησίες,https://www.xe.gr/property/d/poliseis-epaggelmatikon-xoron/74d1db3b-f64c-447f-954e-2d18f6ad856d/thessalonikh-kentro-150000-77,Κτίριο επαγγελματικών χώρων 77 τ.μ. · Θεσσαλονίκη (Κέντρο),sale,,150000.0,77.0,,,1975,Θεσσαλονίκη (Κέντρο),40.6314349,22.942293,,2026-09-03,,,xe.gr agency page,2026-10-01T17:56:46Z,74d1db3b-f64c-447f-954e-2d18f6ad856d,2026-10-01,2026-10-01
xe.gr,Aspis Real Estate Θεσσαλονίκη Κέντρο – Δυτική,https://www.xe.gr/property/d/poliseis-epaggelmatikon-xoron/767fc8ce-06c0-4814-832a-8ee1c45c32d2/eyosmos-130000-231,Κατάστημα 231 τ.μ. · Εύοσμος,sale,store,130000.0,231.0,,Υπόγ.,,Εύοσμος,,,,2026-09-17,,,xe.gr agency page,2026-10-01T17:56:46Z,767fc8ce-06c0-4814-832a-8ee1c45c32d2,2026-10-01,2026-10-01
xe.gr,Ihouse,https://www.xe.gr/property/d/poliseis-epaggelmatikon-xoron/7680f37f-787d-4b09-8f50-d1a2bc9f3af4/thessalonikh-analhpsh-165000-100,Κατάστημα 100 τ.μ. · Θεσσαλονίκη (Ανάληψη),sale,store,165000.0,100.0,,Ισόγ.,1988,Θεσσαλονίκη (Ανάληψη),40.6059602,22.9604759,,2026-06-18,,,xe.gr agency page,2026-10-01T17:56:46Z,7680f37f-787d-4b09-8f50-d1a2bc9f3af4,2026-10-01,2026-10-01
xe.gr,Stavros Ioannidis Real Estate,https://www.xe.gr/property/d/poliseis-epaggelmatikon-xoron/78d50786-147b-4cac-a17a-05242e6d59ee/eykarpia-2000000-4388,Κατάστημα 4.388 τ.μ. · Ευκαρπία,sale,store,2000000.0,4.388,4,Ισόγ.,1988,Ευκαρπία,,,,2026-04-23,,,xe.gr agency page,2026-10-01T17:56:46Z,78d50786-147b-4cac-a17a-05242e6d59ee,2026-10-01,2026-10-01
xe.gr,Anyhome,https://www.xe.gr/property/d/poliseis-epaggelmatikon-xoron/79330006-dfc4-4a22-a79c-e4798e24aec4/kalandra-1800000-650,Κτίριο επαγγελματικών χώρων 650 τ.μ. · Καλάνδρα,sale,,1800000.0,650.0,,,2004,Καλάνδρα,,,,2026-09-17,,,xe.gr agency page,2026-10-01T17:56:46Z,79330006-dfc4-4a22-a79c-e4798e24aec4,2026-10-01,2026-10-01
xe.gr,Oikies Real Estate,https://www.xe.gr/property/d/poliseis-epaggelmatikon-xoron/7a8a1074-6af3-4722-a3df-39022c8fb52c/thessalonikh-kentro-85000-54,Γραφείο 54 τ.μ. · Θεσσαλονίκη (Κέντρο),sale,office,85000.0,54.0,,6ος,1968,Θεσσαλονίκη (Κέντρο),40.6359149,22.9380568,,2026-09-24,,,xe.gr agency page,2026-10-01T17:56:46Z,7a8a1074-6af3-4722-a3df-39022c8fb52c,2026-10-01,2026-10-01
xe.gr,interakinita,https://www.xe.gr/property/d/poliseis-epaggelmatikon-xoron/7baf1395-ff1d-4c1d-ae14-a9fcd783dabf/thessalonikh-kentro-60000-34,Κατάστημα 34 τ.μ. · Θεσσαλονίκη (Κέντρο),sale,store,60000.0,34.0,2,Ισόγ.,1939,Θεσσαλονίκη (Κέντρο),,,,2026-10-01,,,xe.gr agency page,2026-10-01T17:56:46Z,7baf1395-ff1d-4c1d-ae14-a9fcd783dabf,2026-10-01,2026-10-01
xe.gr,Alvanoudis Real Estate,https://www.xe.gr/property/d/poliseis-epaggelmatikon-xoron/7dfc0eda-4aa0-40dc-be0b-7cfe8ca0c772/thessalonikh-kentro-600000-90,Κατάστημα 90 τ.μ. · Θεσσαλονίκη (Κέντρο),sale,store,600000.0,90.0,,Ισόγ.,1960,Θεσσαλονίκη (Κέντρο),40.6326821,22.9455077,,2026-01-01,,,xe.gr agency page,2026-10-01T17:56:46Z,7dfc0eda-4aa0-40dc-be0b-7cfe8ca0c772,2026-10-01,2026-10-01
xe.gr,Πασχαλίδης Δημήτριος,https://www.xe.gr/property/d/poliseis-epaggelmatikon-xoron/7fd3dd8e-8d40-46b6-9836-7b6b89855382/diavata-900000-1200,Βιομηχανικός χώρος 1.200 τ.μ. · Διαβατά,sale,warehouse,900000.0,1.2,,,1995,Διαβατά,,,,2026-07-02,,,xe.gr agency page,2026-10-01T17:56:46Z,7fd3dd8e-8d40-46b6-9836-7b6b89855382,2026-10-01,2026-10-01
xe.gr,Papastefanou Real,https://www.xe.gr/property/d/poliseis-epaggelmatikon-xoron/8133d9d4-61b9-4e79-8189-103456ea7471/fhra-1800000-500,Κτίριο επαγγελματικών χώρων 500 τ.μ. · Φηρά,sale,,1800000.0,500.0,,1 όροφοι,1996,Φηρά,,,,2026-03-05,,,xe.gr agency page,2026-10-01T17:56:46Z,8133d9d4-61b9-4e79-8189-103456ea7471,2026-10-01,2026-10-01
xe.gr,Νέα Πολιτεία,https://www.xe.gr/property/d/poliseis-epaggelmatikon-xoron/82fbcb22-1ec5-4ca2-b473-f585194fee63/thessalonikh-dikasthria-300000-212,Κατάστημα 212 τ.μ. · Θεσσαλονίκη (Δικαστήρια),sale,store,300000.0,212.0,,Ισόγ.,1978,Θεσσαλονίκη (Δικαστήρια),40.6388974,22.9362132,,2026-07-02,,,xe.gr agency page,2026-10-01T17:56:46Z,82fbcb22-1ec5-4ca2-b473-f585194fee63,2026-10-01,2026-10-01
xe.gr,Πολιτεία Ακινήτων - Politia Real Estate,https://www.xe.gr/property/d/poliseis-epaggelmatikon-xoron/849e602b-81e1-4614-944b-f73608334040/thessalonikh-falhro-20000-103,Αποθήκη 103 τ.μ. · Θεσσαλονίκη (Φάληρο),sale,,20000.0,103.0,2,Υπόγ.,1980,Θεσσαλονίκη (Φάληρο),,,,2026-07-02,,,xe.gr agency page,2026-10-01T17:56:46Z,849e602b-81e1-4614-944b-f73608334040,2026-10-01,2026-10-01
xe.gr,Aspis Real Estate Ανατολικής  Θεσσαλονίκης,https://www.xe.gr/property/d/poliseis-epaggelmatikon-xoron/853a16be-b0d7-477c-bc32-f0720152ac36/thessalonikh-ntepw-75000-60,Κατάστημα 60 τ.μ. · Θεσσαλονίκη (Ντεπώ),sale,store,75000.0,60.0,,Ισόγ.,1964,Θεσσαλονίκη (Ντεπώ),40.5987681,22.9601416,,2026-09-24,,,xe.gr agency page,2026-10-01T17:56:46Z,853a16be-b0d7-477c-bc32-f0720152ac36,2026-10-01,2026-10-01
xe.gr,Ihouse,https://www.xe.gr/property/d/poliseis-epaggelmatikon-xoron/882e3576-60fd-4608-b2d9-8b32051fdada/thessalonikh-xhrokrhnh-4200000-4200,Κτίριο επαγγελματικών χώρων 4.200 τ.μ. · Θεσσαλονίκη (Ξηροκρήνη),sale,,4200000.0,4.2,,4 όροφοι,1974,Θεσσαλονίκη (Ξηροκρήνη),40.647154,22.9185144,,2026-02-26,,,xe.gr agency page,2026-10-01T17:56:46Z,882e3576-60fd-4608-b2d9-8b32051fdada,2026-10-01,2026-10-01
xe.gr,noikiaseto.gr,https://www.xe.gr/property/d/poliseis-epaggelmatikon-xoron/88c99d06-47dc-4ea9-8c0d-7d6da3ab14d2/neapolh-39000-25,Κατάστημα 25 τ.μ. · Νεάπολη,sale,store,39000.0,25.0,2,Ισόγ.,1980,Νεάπολη,,,,2026-06-25,,,xe.gr agency page,2026-10-01T17:56:46Z,88c99d06-47dc-4ea9-8c0d-7d6da3ab14d2,2026-10-01,2026-10-01
xe.gr,ARCUS REAL ESTATE,https://www.xe.gr/property/d/poliseis-epaggelmatikon-xoron/8b054d29-821b-4c32-b846-21ee8e01ba6f/athhna-kentro-400000-70,Γραφείο 70 τ.μ. · Αθήνα (Κέντρο),sale,office,400000.0,70.0,,5ος,1971,Αθήνα (Κέντρο),,,,2026-04-09,,,xe.gr agency page,2026-10-01T17:56:46Z,8b054d29-821b-4c32-b846-21ee8e01ba6f,2026-10-01,2026-10-01
xe.gr,Anyhome,https://www.xe.gr/property/d/poliseis-epaggelmatikon-xoron/8c0d1ca8-7ca1-4d41-8512-25d44beb130d/thessalonikh-vardarh-119999-90,Κατάστημα 90 τ.μ. · Θεσσαλονίκη (Βαρδάρη),sale,store,119999.0,90.0,1,Υπόγ.,1960,Θεσσαλονίκη (Βαρδάρη),,,,2026-09-24,,,xe.gr agency page,2026-10-01T17:56:46Z,8c0d1ca8-7ca1-4d41-8512-25d44beb130d,2026-10-01,2026-10-01
xe.gr,Aspis Real Estate Ανατολικής  Θεσσαλονίκης,https://www.xe.gr/property/d/poliseis-epaggelmatikon-xoron/8d93edc3-7fe0-46a3-bf3f-6e6042102d06/kalamaria-33000-50,Αποθήκη 50 τ.μ. · Καλαμαριά,sale,,33000.0,50.0,,Ημιυπ.,2002,Καλαμαριά,40.5883017,22.9478281,,2026-09-10,,,xe.gr agency page,2026-10-01T17:56:46Z,8d93edc3-7fe0-46a3-bf3f-6e6042102d06,2026-10-01,2026-10-01
xe.gr,Ademis Real Estate,https://www.xe.gr/property/d/poliseis-epaggelmatikon-xoron/8df9d9f4-fbb7-4a2e-b0de-d12969725fdc/thessalonikh-dikasthria-110000-65,Γραφείο 65 τ.μ. · Θεσσαλονίκη (Δικαστήρια),sale,office,110000.0,65.0,3,7ος,2001,Θεσσαλονίκη (Δικαστήρια),40.6395393,22.9325093,,2026-08-20,,,xe.gr agency page,2026-10-01T17:56:46Z,8df9d9f4-fbb7-4a2e-b0de-d12969725fdc,2026-10-01,2026-10-01
xe.gr,Katerina Mandalianou Realty & Design,https://www.xe.gr/property/d/poliseis-epaggelmatikon-xoron/93882aac-05a5-4cbf-9e71-36c4f4b3c562/kalamaria-360000-194,Κατάστημα 194 τ.μ. · Καλαμαριά,sale,store,360000.0,194.0,3,Ισόγ.,2025,Καλαμαριά,,,,2026-02-19,,,xe.gr agency page,2026-10-01T17:56:46Z,93882aac-05a5-4cbf-9e71-36c4f4b3c562,2026-10-01,2026-10-01
xe.gr,Stavros Ioannidis Real Estate,https://www.xe.gr/property/d/poliseis-epaggelmatikon-xoron/95568337-84f1-432c-aa8f-2eb690b89874/kallithea-495000-1203,Αποθήκη 1.203 τ.μ. · Καλλιθέα,sale,,495000.0,1.203,,Ισόγ.,2002,Καλλιθέα,,,,2026-02-12,,,xe.gr agency page,2026-10-01T17:56:46Z,95568337-84f1-432c-aa8f-2eb690b89874,2026-10-01,2026-10-01
xe.gr,Σαραφούδης Νικόλαος,https://www.xe.gr/property/d/poliseis-epaggelmatikon-xoron/9b86a5b4-33f9-4212-a74b-1cfd69f11fcd/kalochwri-160000-107,Κατάστημα 107 τ.μ. · Καλοχώρι,sale,store,160000.0,107.0,,Ισόγ.,2003,Καλοχώρι,40.6422904,22.8594589,,2026-08-27,,,xe.gr agency page,2026-10-01T17:56:46Z,9b86a5b4-33f9-4212-a74b-1cfd69f11fcd,2026-10-01,2026-10-01
xe.gr,Cozy Real Estate,https://www.xe.gr/property/d/poliseis-epaggelmatikon-xoron/9c97e66f-7e8a-4c40-a7d5-3852f79ca5b4/eyosmos-290000-195,Κατάστημα 195 τ.μ. · Εύοσμος,sale,store,290000.0,195.0,,Ισόγ.,2018,Εύοσμος,40.6716869,22.9086728,,2026-09-25,,,xe.gr agency page,2026-10-01T17:56:46Z,9c97e66f-7e8a-4c40-a7d5-3852f79ca5b4,2026-10-01,2026-10-01
xe.gr,Ademis Real Estate,https://www.xe.gr/property/d/poliseis-epaggelmatikon-xoron/9cada357-edb8-4743-af15-b21dd54f522f/thessalonikh-dikasthria-10000-63,Αποθήκη 63 τ.μ. · Θεσσαλονίκη (Δικαστήρια),sale,,10000.0,63.0,1,Υπόγ.,1960,Θεσσαλονίκη (Δικαστήρια),40.63902789999999,22.9357658,,2026-08-20,,,xe.gr agency page,2026-10-01T17:56:46Z,9cada357-edb8-4743-af15-b21dd54f522f,2026-10-01,2026-10-01
xe.gr,Cozy Real Estate,https://www.xe.gr/property/d/poliseis-epaggelmatikon-xoron/9cb9b148-dc80-42ac-9bd4-b8fae0b9d00e/hrakleio-agia-triada-260000-152,Κατάστημα 152 τ.μ. · Ηράκλειο (Αγία Τριάδα),sale,store,260000.0,152.0,2,Ισόγ.,1980,Ηράκλειο (Αγία Τριάδα),,,,2026-08-06,,,xe.gr agency page,2026-10-01T17:56:46Z,9cb9b148-dc80-42ac-9bd4-b8fae0b9d00e,2026-10-01,2026-10-01
xe.gr,ANTHIMIADIS ESTATE,https://www.xe.gr/property/d/poliseis-epaggelmatikon-xoron/a07a88bf-7226-4793-82f4-3c0ccf656e6e/stayroypolh-65000-118,Κατάστημα 118 τ.μ. · Σταυρούπολη,sale,store,65000.0,118.0,,Ημιυπ.,1974,Σταυρούπολη,40.6698608,22.9275449,,2026-07-16,,,xe.gr agency page,2026-10-01T17:56:46Z,a07a88bf-7226-4793-82f4-3c0ccf656e6e,2026-10-01,2026-10-01
xe.gr,Πασχαλίδης Δημήτριος,https://www.xe.gr/property/d/poliseis-epaggelmatikon-xoron/a1aa7100-32dd-49d2-82d1-7f43dc055a00/kalochwri-450000-900,Αποθήκη 900 τ.μ. · Καλοχώρι,sale,,450000.0,900.0,,Ισόγ.,1980,Καλοχώρι,,,,2026-07-02,,,xe.gr agency page,2026-10-01T17:56:46Z,a1aa7100-32dd-49d2-82d1-7f43dc055a00,2026-10-01,2026-10-01
xe.gr,Ihouse,https://www.xe.gr/property/d/poliseis-epaggelmatikon-xoron/a38b65bb-4be5-4ed0-a4b6-c3cdd4c17069/thessalonikh-analhpsh-155000-112,Κατάστημα 112 τ.μ. · Θεσσαλονίκη (Ανάληψη),sale,store,155000.0,112.0,,Ισόγ.,1973,Θεσσαλονίκη (Ανάληψη),40.6088627,22.9580854,,2026-05-21,,,xe.gr agency page,2026-10-01T17:56:46Z,a38b65bb-4be5-4ed0-a4b6-c3cdd4c17069,2026-10-01,2026-10-01
xe.gr,Ihouse,https://www.xe.gr/property/d/poliseis-epaggelmatikon-xoron/a55c8a03-2483-42b2-8a41-0193b1a272d7/peristeri-agios-iwannhs-theologos-2550000-3000,Κτίριο επαγγελματικών χώρων 3.000 τ.μ. · Περιστέρι (Άγιος Ιωάννης Θεολόγος),sale,,2550000.0,3.0,,3 όροφοι,1984,Περιστέρι (Άγιος Ιωάννης Θεολόγος),38.0104697,23.7147437,,2026-04-23,,,xe.gr agency page,2026-10-01T17:56:46Z,a55c8a03-2483-42b2-8a41-0193b1a272d7,2026-10-01,2026-10-01
xe.gr,ARCUS REAL ESTATE,https://www.xe.gr/property/d/poliseis-epaggelmatikon-xoron/a65a5064-ce8c-4710-a678-a8e5baf70dc1/thessalonikh-vardarh-135000-90,Κατάστημα 90 τ.μ. · Θεσσαλονίκη (Βαρδάρη),sale,store,135000.0,90.0,,Ισόγ.,1970,Θεσσαλονίκη (Βαρδάρη),,,,2026-08-27,,,xe.gr agency page,2026-10-01T17:56:46Z,a65a5064-ce8c-4710-a678-a8e5baf70dc1,2026-10-01,2026-10-01
xe.gr,Alvanoudis Real Estate,https://www.xe.gr/property/d/poliseis-epaggelmatikon-xoron/a6ee32ef-a3a3-43ef-af33-73141760cc59/thessalonikh-kentro-1100000-54,Κατάστημα 54 τ.μ. · Θεσσαλονίκη (Κέντρο),sale,store,1100000.0,54.0,,Ισόγ.,1929,Θεσσαλονίκη (Κέντρο),40.63485319999999,22.9400268,,2026-01-01,,,xe.gr agency page,2026-10-01T17:56:46Z,a6ee32ef-a3a3-43ef-af33-73141760cc59,2026-10-01,2026-10-01
xe.gr,ANTHIMIADIS ESTATE,https://www.xe.gr/property/d/poliseis-epaggelmatikon-xoron/a70a3b84-ca05-470a-aace-b4053a255787/loytra-650000-360,Κτίριο επαγγελματικών χώρων 360 τ.μ. · Λουτρά,sale,,650000.0,360.0,,3 όροφοι,1989,Λουτρά,39.9265073,23.5888808,,2026-05-28,,,xe.gr agency page,2026-10-01T17:56:46Z,a70a3b84-ca05-470a-aace-b4053a255787,2026-10-01,2026-10-01
xe.gr,ARCUS REAL ESTATE,https://www.xe.gr/property/d/poliseis-epaggelmatikon-xoron/a8901d40-cf60-4546-bcd6-a4134bbd79e6/neoi-epivates-260000-315,Κτίριο επαγγελματικών χώρων 315 τ.μ. · Νέοι Επιβάτες,sale,,260000.0,315.0,,,,Νέοι Επιβάτες,,,,2026-05-14,,,xe.gr agency page,2026-10-01T17:56:46Z,a8901d40-cf60-4546-bcd6-a4134bbd79e6,2026-10-01,2026-10-01
xe.gr,Ihouse,https://www.xe.gr/property/d/poliseis-epaggelmatikon-xoron/a8f40be1-02ad-4e31-af5e-16e5e7b027ee/thessalonikh-falhro-720000-1150,Κτίριο επαγγελματικών χώρων 1.150 τ.μ. · Θεσσαλονίκη (Φάληρο),sale,,720000.0,1.15,,1 όροφοι,1970,Θεσσαλονίκη (Φάληρο),40.6132396,22.9584511,,2026-04-23,,,xe.gr agency page,2026-10-01T17:56:46Z,a8f40be1-02ad-4e31-af5e-16e5e7b027ee,2026-10-01,2026-10-01
xe.gr,Βόρειος Ελλάς,https://www.xe.gr/property/d/poliseis-epaggelmatikon-xoron/a92ea83f-dc4b-4352-9dfc-48f745c049a1/thessalonikh-falhro-38000-66,Αποθήκη 66 τ.μ. · Θεσσαλονίκη (Φάληρο),sale,,38000.0,66.0,,Υπόγ.,1990,Θεσσαλονίκη (Φάληρο),,,,2026-09-10,,,xe.gr agency page,2026-10-01T17:56:46Z,a92ea83f-dc4b-4352-9dfc-48f745c049a1,2026-10-01,2026-10-01
xe.gr,Rooted Pillar Real Estate,https://www.xe.gr/property/d/poliseis-epaggelmatikon-xoron/aa0af4bd-44ad-407c-9252-36db753f490e/thessalonikh-kentro-410000-410,Κατάστημα 410 τ.μ. · Θεσσαλονίκη (Κέντρο),sale,store,410000.0,410.0,10,Ημιυπ.,1973,Θεσσαλονίκη (Κέντρο),,,,2026-05-28,,,xe.gr agency page,2026-10-01T17:56:46Z,aa0af4bd-44ad-407c-9252-36db753f490e,2026-10-01,2026-10-01
xe.gr,Alvanoudis Real Estate,https://www.xe.gr/property/d/poliseis-epaggelmatikon-xoron/aa77141f-deee-4897-8491-c589fd910b73/thessalonikh-kentro-450000-94,Κατάστημα 94 τ.μ. · Θεσσαλονίκη (Κέντρο),sale,store,450000.0,94.0,,Ισόγ.,1968,Θεσσαλονίκη (Κέντρο),40.6330105,22.944023,,2026-01-01,,,xe.gr agency page,2026-10-01T17:56:46Z,aa77141f-deee-4897-8491-c589fd910b73,2026-10-01,2026-10-01
xe.gr,Aspis Real Estate Ανατολικής  Θεσσαλονίκης,https://www.xe.gr/property/d/poliseis-epaggelmatikon-xoron/b0c3d3cc-c3df-432d-b327-63c12e5a787b/thessalonikh-anw-toympa-35000-90,Αποθήκη 90 τ.μ. · Θεσσαλονίκη (Ανω Τούμπα),sale,,35000.0,90.0,,Υπόγ.,1966,Θεσσαλονίκη (Ανω Τούμπα),40.6147604,22.9771213,,2026-09-17,,,xe.gr agency page,2026-10-01T17:56:46Z,b0c3d3cc-c3df-432d-b327-63c12e5a787b,2026-10-01,2026-10-01
xe.gr,Cozy Real Estate,https://www.xe.gr/property/d/poliseis-epaggelmatikon-xoron/b30f6b26-06b6-46a1-b890-41471ceb569a/thessalonikh-anw-toympa-69000-90,Αποθήκη 90 τ.μ. · Θεσσαλονίκη (Ανω Τούμπα),sale,,69000.0,90.0,,Ημιυπ.,1990,Θεσσαλονίκη (Ανω Τούμπα),,,,2026-08-27,,,xe.gr agency page,2026-10-01T17:56:46Z,b30f6b26-06b6-46a1-b890-41471ceb569a,2026-10-01,2026-10-01
xe.gr,Πασχαλίδης Δημήτριος,https://www.xe.gr/property/d/poliseis-epaggelmatikon-xoron/b3348494-68a1-4001-9749-f6a92e0745af/kalochwri-1500000-2600,Βιοτεχνικός χώρος 2.600 τ.μ. · Καλοχώρι,sale,,1500000.0,2.6,3,,1995,Καλοχώρι,,,,2026-07-02,,,xe.gr agency page,2026-10-01T17:56:46Z,b3348494-68a1-4001-9749-f6a92e0745af,2026-10-01,2026-10-01
xe.gr,Νέα Πολιτεία,https://www.xe.gr/property/d/poliseis-epaggelmatikon-xoron/b7aa4858-0b7c-48b3-bdfb-a959f613f038/pedino-150000-798,Βιομηχανικός χώρος 798 τ.μ. · Πεδινό,sale,warehouse,150000.0,798.0,,,1985,Πεδινό,,,,2026-07-02,,,xe.gr agency page,2026-10-01T17:56:46Z,b7aa4858-0b7c-48b3-bdfb-a959f613f038,2026-10-01,2026-10-01
xe.gr,Πασχαλίδης Δημήτριος,https://www.xe.gr/property/d/poliseis-epaggelmatikon-xoron/bbb790c3-fa7c-4f2a-a2d1-2d64fe1d4e36/agios-athanasios-2400000-3650,Αποθήκη 3.650 τ.μ. · Άγιος Αθανάσιος,sale,,2400000.0,3.65,,Υπερυψ.,2008,Άγιος Αθανάσιος,,,,2026-07-02,,,xe.gr agency page,2026-10-01T17:56:46Z,bbb790c3-fa7c-4f2a-a2d1-2d64fe1d4e36,2026-10-01,2026-10-01
xe.gr,KEY PROPERTIES,https://www.xe.gr/property/d/poliseis-epaggelmatikon-xoron/bbf7e8f0-daaf-4f8c-a442-ec42aa8d34d3/agios-pantelehmwn-595000-1959,Κτίριο επαγγελματικών χώρων 1.959 τ.μ. · Άγιος Παντελεήμων,sale,,595000.0,1.959,,,2006,Άγιος Παντελεήμων,,,,2026-05-21,,,xe.gr agency page,2026-10-01T17:56:46Z,bbf7e8f0-daaf-4f8c-a442-ec42aa8d34d3,2026-10-01,2026-10-01
xe.gr,KEY PROPERTIES,https://www.xe.gr/property/d/poliseis-epaggelmatikon-xoron/bcfbed1d-75b9-4ad1-b258-4796f52fb86b/palaiokastro-80000-81,Κατάστημα 81 τ.μ. · Παλαιόκαστρο,sale,store,80000.0,81.0,,Ισόγ.,2007,Παλαιόκαστρο,,,,2026-05-21,,,xe.gr agency page,2026-10-01T17:56:46Z,bcfbed1d-75b9-4ad1-b258-4796f52fb86b,2026-10-01,2026-10-01
xe.gr,Alvanoudis Real Estate,https://www.xe.gr/property/d/poliseis-epaggelmatikon-xoron/bdbdfa18-0124-4f3a-b5af-05afb0b45619/thessalonikh-vardarh-2600000-1769,Κτίριο επαγγελματικών χώρων 1.769 τ.μ. · Θεσσαλονίκη (Βαρδάρη),sale,,2600000.0,1.769,,,1938,Θεσσαλονίκη (Βαρδάρη),40.637838,22.9407483,,2026-02-05,,,xe.gr agency page,2026-10-01T17:56:46Z,bdbdfa18-0124-4f3a-b5af-05afb0b45619,2026-10-01,2026-10-01
xe.gr,ΠΑΖΑΡΤΖΗΣ από το 1978!!,https://www.xe.gr/property/d/poliseis-epaggelmatikon-xoron/bdfc0a00-8deb-4f1f-833b-446cc6cb9613/thessalonikh-anw-toympa-110000-84,Κατάστημα 84 τ.μ. · Θεσσαλονίκη (Ανω Τούμπα),sale,store,110000.0,84.0,1,Ισόγ.,1971,Θεσσαλονίκη (Ανω Τούμπα),40.6154278,22.9707913,,2026-09-30,,,xe.gr agency page,2026-10-01T17:56:46Z,bdfc0a00-8deb-4f1f-833b-446cc6cb9613,2026-10-01,2026-10-01
xe.gr,Νέα Πολιτεία,https://www.xe.gr/property/d/poliseis-epaggelmatikon-xoron/bfcfdc63-ead4-494b-9dee-5af7fbad13c3/menemenh-89000-98,Κατάστημα 98 τ.μ. · Μενεμένη,sale,store,89000.0,98.0,,Ισόγ.,1977,Μενεμένη,40.65747650000001,22.9121405,,2026-07-02,,,xe.gr agency page,2026-10-01T17:56:46Z,bfcfdc63-ead4-494b-9dee-5af7fbad13c3,2026-10-01,2026-10-01
xe.gr,ARCUS REAL ESTATE,https://www.xe.gr/property/d/poliseis-epaggelmatikon-xoron/c2857665-da91-42e5-b4aa-2d3170ca19fb/athina-agios-swsths-350000-110,Γραφείο 110 τ.μ. · Athina (Άγιος Σώστης),sale,office,350000.0,110.0,,1ος,1974,Athina (Άγιος Σώστης),,,,2026-04-16,,,xe.gr agency page,2026-10-01T17:56:46Z,c2857665-da91-42e5-b4aa-2d3170ca19fb,2026-10-01,2026-10-01
xe.gr,Rooted Pillar Real Estate,https://www.xe.gr/property/d/poliseis-epaggelmatikon-xoron/c51f2dfe-ea91-47cc-ac00-e471c8e39096/pikoylatika-600000-200,Κτίριο επαγγελματικών χώρων 200 τ.μ. · Πικουλάτικα,sale,,600000.0,200.0,,,2000,Πικουλάτικα,,,,2026-05-28,,,xe.gr agency page,2026-10-01T17:56:46Z,c51f2dfe-ea91-47cc-ac00-e471c8e39096,2026-10-01,2026-10-01
xe.gr,Rooted Pillar Real Estate,https://www.xe.gr/property/d/poliseis-epaggelmatikon-xoron/c67999e3-8076-4cae-9905-7a6654e9bcee/thessalonikh-ntepw-250000-200,Κατάστημα 200 τ.μ. · Θεσσαλονίκη (Ντεπώ),sale,store,250000.0,200.0,2,Ισόγ.,1982,Θεσσαλονίκη (Ντεπώ),,,,2026-05-28,,,xe.gr agency page,2026-10-01T17:56:46Z,c67999e3-8076-4cae-9905-7a6654e9bcee,2026-10-01,2026-10-01
xe.gr,Γαιοκτησίες,https://www.xe.gr/property/d/poliseis-epaggelmatikon-xoron/c8f924f5-bf29-4a99-a4da-2a05b941b815/thessalonikh-xhrokrhnh-6500000-21000,Κτίριο επαγγελματικών χώρων 21.000 τ.μ. · Θεσσαλονίκη (Ξηροκρήνη),sale,,6500000.0,21.0,,,1963,Θεσσαλονίκη (Ξηροκρήνη),40.6476872,22.9169537,,2026-06-18,,,xe.gr agency page,2026-10-01T17:56:46Z,c8f924f5-bf29-4a99-a4da-2a05b941b815,2026-10-01,2026-10-01
xe.gr,KEY PROPERTIES,https://www.xe.gr/property/d/poliseis-epaggelmatikon-xoron/cb4a334b-abbc-4e34-8dd1-bd018777d0ec/chalkida-175100-170,Κτίριο επαγγελματικών χώρων 170 τ.μ. · Χαλκίδα,sale,,175100.0,170.0,,,1993,Χαλκίδα,,,,2026-05-21,,,xe.gr agency page,2026-10-01T17:56:46Z,cb4a334b-abbc-4e34-8dd1-bd018777d0ec,2026-10-01,2026-10-01
xe.gr,Stavros Ioannidis Real Estate,https://www.xe.gr/property/d/poliseis-epaggelmatikon-xoron/cd400ecd-1a40-4c6e-9990-299c12663938/kozanh-1050000-3027,Κατάστημα 3.027 τ.μ. · Κοζάνη,sale,store,1050000.0,3.027,,Ισόγ.,2011,Κοζάνη,,,,2026-04-30,,,xe.gr agency page,2026-10-01T17:56:46Z,cd400ecd-1a40-4c6e-9990-299c12663938,2026-10-01,2026-10-01
xe.gr,Πασχαλίδης Δημήτριος,https://www.xe.gr/property/d/poliseis-epaggelmatikon-xoron/ce14a923-3bc4-4a66-8e91-8f8ac6744aa2/kalochwri-125000-150,Βιοτεχνικός χώρος 150 τ.μ. · Καλοχώρι,sale,,125000.0,150.0,,Ισόγ.,1999,Καλοχώρι,,,,2026-07-02,,,xe.gr agency page,2026-10-01T17:56:46Z,ce14a923-3bc4-4a66-8e91-8f8ac6744aa2,2026-10-01,2026-10-01
xe.gr,Anyhome,https://www.xe.gr/property/d/poliseis-epaggelmatikon-xoron/ce7894eb-0b90-495d-978d-a97cc8e010f6/thessalonikh-vardarh-174999-168,Κατάστημα 168 τ.μ. · Θεσσαλονίκη (Βαρδάρη),sale,store,174999.0,168.0,1,Ισόγ.,1995,Θεσσαλονίκη (Βαρδάρη),,,,2026-09-24,,,xe.gr agency page,2026-10-01T17:56:46Z,ce7894eb-0b90-495d-978d-a97cc8e010f6,2026-10-01,2026-10-01
xe.gr,Infox Real Estate,https://www.xe.gr/property/d/poliseis-epaggelmatikon-xoron/cea955bd-c9b5-4efd-bbdc-e6287163829b/thessalonikh-195000-90,Γραφείο 90 τ.μ. · Θεσσαλονίκη,sale,office,195000.0,90.0,2,4ος,1990,Θεσσαλονίκη,40.6649913,22.9361031,,2026-09-03,,,xe.gr agency page,2026-10-01T17:56:46Z,cea955bd-c9b5-4efd-bbdc-e6287163829b,2026-10-01,2026-10-01
xe.gr,Stavros Ioannidis Real Estate,https://www.xe.gr/property/d/poliseis-epaggelmatikon-xoron/cf137a6d-a7f7-409f-a333-22afaebb8885/wraiokastro-1500000-6099,Κτίριο επαγγελματικών χώρων 6.099 τ.μ. · Ωραιόκαστρο,sale,,1500000.0,6.099,,,2001,Ωραιόκαστρο,,,,2026-04-23,,,xe.gr agency page,2026-10-01T17:56:46Z,cf137a6d-a7f7-409f-a333-22afaebb8885,2026-10-01,2026-10-01
xe.gr,KEY PROPERTIES,https://www.xe.gr/property/d/poliseis-epaggelmatikon-xoron/d0449768-e26c-4e3c-9ebc-145ebe197561/askio-2000000-1350,Κτίριο επαγγελματικών χώρων 1.350 τ.μ. · Άσκιο,sale,,2000000.0,1.35,,2 όροφοι,2007,Άσκιο,,,,2026-09-17,,,xe.gr agency page,2026-10-01T17:56:46Z,d0449768-e26c-4e3c-9ebc-145ebe197561,2026-10-01,2026-10-01
xe.gr,Γαιοκτησίες,https://www.xe.gr/property/d/poliseis-epaggelmatikon-xoron/d19133a0-b4f0-4981-b38c-2ae2f568bd42/elanh-4000000-5700,Κτίριο επαγγελματικών χώρων 5.700 τ.μ. · Ελάνη,sale,,4000000.0,5.7,,,1989,Ελάνη,40.050347,23.348536,,2026-06-18,,,xe.gr agency page,2026-10-01T17:56:46Z,d19133a0-b4f0-4981-b38c-2ae2f568bd42,2026-10-01,2026-10-01
xe.gr,ANTHIMIADIS ESTATE,https://www.xe.gr/property/d/poliseis-epaggelmatikon-xoron/d4df6e5b-7d14-4a85-8480-b5f98b5d1f32/agios-nikolaos-500000-240,Κτίριο επαγγελματικών χώρων 240 τ.μ. · Άγιος Νικόλαος,sale,,500000.0,240.0,,3 όροφοι,1985,Άγιος Νικόλαος,40.248864,23.6959462,,2026-05-28,,,xe.gr agency page,2026-10-01T17:56:46Z,d4df6e5b-7d14-4a85-8480-b5f98b5d1f32,2026-10-01,2026-10-01
xe.gr,Aspis Real Estate Θεσσαλονίκη Κέντρο – Δυτική,https://www.xe.gr/property/d/poliseis-epaggelmatikon-xoron/d73fcd0d-a95d-4fe1-b354-818eddee5010/echedwro-260000-949,Βιομηχανικός χώρος 949 τ.μ. · Εχέδωρο,sale,warehouse,260000.0,949.0,,,2004,Εχέδωρο,,,,2026-09-17,,,xe.gr agency page,2026-10-01T17:56:46Z,d73fcd0d-a95d-4fe1-b354-818eddee5010,2026-10-01,2026-10-01
xe.gr,Infox Real Estate,https://www.xe.gr/property/d/poliseis-epaggelmatikon-xoron/d8ebc5c6-bbe7-4cee-ac0a-0972c464db68/stayroypolh-175000-70,Γραφείο 70 τ.μ. · Σταυρούπολη,sale,office,175000.0,70.0,2,3ος,2007,Σταυρούπολη,40.6701041,22.933149,,2026-09-03,,,xe.gr agency page,2026-10-01T17:56:46Z,d8ebc5c6-bbe7-4cee-ac0a-0972c464db68,2026-10-01,2026-10-01
xe.gr,Infox Real Estate,https://www.xe.gr/property/d/poliseis-epaggelmatikon-xoron/da04bcc5-a9c0-40dc-b453-1a7a4622437f/thessalonikh-xhrokrhnh-750000-320,Κτίριο επαγγελματικών χώρων 320 τ.μ. · Θεσσαλονίκη (Ξηροκρήνη),sale,,750000.0,320.0,,1 όροφοι,1993,Θεσσαλονίκη (Ξηροκρήνη),40.6406719,22.935822,,2026-09-03,,,xe.gr agency page,2026-10-01T17:56:46Z,da04bcc5-a9c0-40dc-b453-1a7a4622437f,2026-10-01,2026-10-01
xe.gr,Ihouse,https://www.xe.gr/property/d/poliseis-epaggelmatikon-xoron/da8ff77d-5e71-4051-a501-ea522481e4dc/thessalonikh-kentro-670000-170,Κατάστημα 170 τ.μ. · Θεσσαλονίκη (Κέντρο),sale,store,670000.0,170.0,,Ισόγ.,1972,Θεσσαλονίκη (Κέντρο),40.6313712,22.9424792,,2026-02-12,,,xe.gr agency page,2026-10-01T17:56:46Z,da8ff77d-5e71-4051-a501-ea522481e4dc,2026-10-01,2026-10-01
xe.gr,Passal Real Estate,https://www.xe.gr/property/d/poliseis-epaggelmatikon-xoron/daddaaff-26c5-493a-8b2c-4e848c1c5679/thessaloniki-kentro-10-100,Κατάστημα 100 τ.μ. · Thessaloniki (Κέντρο),sale,store,10.0,100.0,1,Ισόγ.,1967,Thessaloniki (Κέντρο),,,,2026-09-24,,,xe.gr agency page,2026-10-01T17:56:46Z,daddaaff-26c5-493a-8b2c-4e848c1c5679,2026-10-01,2026-10-01
xe.gr,Rooted Pillar Real Estate,https://www.xe.gr/property/d/poliseis-epaggelmatikon-xoron/db80afe8-bead-41a6-9db5-c684a52b7424/kapandriti-1000000-500,Κτίριο επαγγελματικών χώρων 500 τ.μ. · Καπανδρίτι,sale,,1000000.0,500.0,,,2016,Καπανδρίτι,,,,2026-06-11,,,xe.gr agency page,2026-10-01T17:56:46Z,db80afe8-bead-41a6-9db5-c684a52b7424,2026-10-01,2026-10-01
xe.gr,Ademis Real Estate,https://www.xe.gr/property/d/poliseis-epaggelmatikon-xoron/defbdc50-6150-45ba-b972-62be424b7862/thessalonikh-kentro-250000-50,Κατάστημα 50 τ.μ. · Θεσσαλονίκη (Κέντρο),sale,store,250000.0,50.0,2,7ος,1972,Θεσσαλονίκη (Κέντρο),40.6371441,22.9370711,,2026-08-20,,,xe.gr agency page,2026-10-01T17:56:46Z,defbdc50-6150-45ba-b972-62be424b7862,2026-10-01,2026-10-01
xe.gr,Βόρειος Ελλάς,https://www.xe.gr/property/d/poliseis-epaggelmatikon-xoron/df2bbbb7-4767-461f-94b2-4884e8563e13/thessalonikh-falhro-12000-22,Κατάστημα 22 τ.μ. · Θεσσαλονίκη (Φάληρο),sale,store,12000.0,22.0,3,Ισόγ.,1970,Θεσσαλονίκη (Φάληρο),40.6211201,22.957396,,2026-09-25,,,xe.gr agency page,2026-10-01T17:56:46Z,df2bbbb7-4767-461f-94b2-4884e8563e13,2026-10-01,2026-10-01
xe.gr,Cozy Real Estate,https://www.xe.gr/property/d/poliseis-epaggelmatikon-xoron/e15368dd-5d67-4260-9452-a5b39c904c7b/polichnh-thessalonikhs-65000-100,Κατάστημα 100 τ.μ. · Πολίχνη Θεσσαλονίκης,sale,store,65000.0,100.0,,Ισόγ.,,Πολίχνη Θεσσαλονίκης,,,,2026-09-10,,,xe.gr agency page,2026-10-01T17:56:46Z,e15368dd-5d67-4260-9452-a5b39c904c7b,2026-10-01,2026-10-01
xe.gr,Abitazione,https://www.xe.gr/property/d/poliseis-epaggelmatikon-xoron/e15950fb-5639-4f5f-bd35-51e8e73ef926/neapolh-59000-81,Κατάστημα 81 τ.μ. · Νεάπολη,sale,store,59000.0,81.0,2,Ισόγ.,1976,Νεάπολη,40.6540853,22.9490645,,2026-09-24,,,xe.gr agency page,2026-10-01T17:56:46Z,e15950fb-5639-4f5f-bd35-51e8e73ef926,2026-10-01,2026-10-01
xe.gr,Katerina Mandalianou Realty & Design,https://www.xe.gr/property/d/poliseis-epaggelmatikon-xoron/e258f144-fdf0-4790-8570-f15e9b256434/eyosmos-420000-139,Κατάστημα 139 τ.μ. · Εύοσμος,sale,store,420000.0,139.0,2,Ισόγ.,1975,Εύοσμος,,,,2026-02-19,,,xe.gr agency page,2026-10-01T17:56:46Z,e258f144-fdf0-4790-8570-f15e9b256434,2026-10-01,2026-10-01
xe.gr,Aspis Real Estate Ανατολικής  Θεσσαλονίκης,https://www.xe.gr/property/d/poliseis-epaggelmatikon-xoron/e2add50e-9d68-465a-b4b8-a92a130df2a6/thermh-148000-97,Κατάστημα 97 τ.μ. · Θέρμη,sale,store,148000.0,97.0,,Ισόγ.,2012,Θέρμη,40.5575678,23.0120839,,2026-07-30,,,xe.gr agency page,2026-10-01T17:56:46Z,e2add50e-9d68-465a-b4b8-a92a130df2a6,2026-10-01,2026-10-01
xe.gr,Alvanoudis Real Estate,https://www.xe.gr/property/d/poliseis-epaggelmatikon-xoron/e35e2683-1316-4780-8416-04258deedad4/thessalonikh-kentro-235000-32,Κατάστημα 32 τ.μ. · Θεσσαλονίκη (Κέντρο),sale,store,235000.0,32.0,,Ισόγ.,1970,Θεσσαλονίκη (Κέντρο),40.6300397,22.9456652,,2026-01-01,,,xe.gr agency page,2026-10-01T17:56:46Z,e35e2683-1316-4780-8416-04258deedad4,2026-10-01,2026-10-01
xe.gr,Anyhome,https://www.xe.gr/property/d/poliseis-epaggelmatikon-xoron/ed3a2450-11c2-4527-8608-c98ffe1df0f1/floghta-1350000-300,Κτίριο επαγγελματικών χώρων 300 τ.μ. · Φλογητά,sale,,1350000.0,300.0,,,2008,Φλογητά,,,,2026-09-24,,,xe.gr agency page,2026-10-01T17:56:46Z,ed3a2450-11c2-4527-8608-c98ffe1df0f1,2026-10-01,2026-10-01
xe.gr,Oikies Real Estate,https://www.xe.gr/property/d/poliseis-epaggelmatikon-xoron/f04284cc-37bd-4ce7-ad62-17c4e4911267/thessalonikh-kentro-800000-212,Κατάστημα 212 τ.μ. · Θεσσαλονίκη (Κέντρο),sale,store,800000.0,212.0,,Ισόγ.,1990,Θεσσαλονίκη (Κέντρο),40.6362702,22.9429224,,2026-09-24,,,xe.gr agency page,2026-10-01T17:56:46Z,f04284cc-37bd-4ce7-ad62-17c4e4911267,2026-10-01,2026-10-01
xe.gr,REVA,https://www.xe.gr/property/d/poliseis-epaggelmatikon-xoron/f0a1a654-8d17-4911-804f-5d94c9546b5f/sithwnia-500000-360,Κτίριο επαγγελματικών χώρων 360 τ.μ. · Σιθωνία,sale,,500000.0,360.0,,,1990,Σιθωνία,40.29170879999999,23.6939471,,2026-06-18,,,xe.gr agency page,2026-10-01T17:56:46Z,f0a1a654-8d17-4911-804f-5d94c9546b5f,2026-10-01,2026-10-01
xe.gr,noikiaseto.gr,https://www.xe.gr/property/d/poliseis-epaggelmatikon-xoron/f11f0960-6e15-4e96-9c79-7cbc299a1b01/neapolh-30000-150,Αποθήκη 150 τ.μ. · Νεάπολη,sale,,30000.0,150.0,2,Ημιυπ.,1972,Νεάπολη,,,,2026-06-25,,,xe.gr agency page,2026-10-01T17:56:46Z,f11f0960-6e15-4e96-9c79-7cbc299a1b01,2026-10-01,2026-10-01
xe.gr,Aspis Real Estate Θεσσαλονίκη Κέντρο – Δυτική,https://www.xe.gr/property/d/poliseis-epaggelmatikon-xoron/f32aca97-c5cc-464a-9aa0-b7dc6ffd3140/thessalonikh-xhrokrhnh-535000-616,Βιοτεχνικός χώρος 616 τ.μ. · Θεσσαλονίκη (Ξηροκρήνη),sale,,535000.0,616.0,,1ος,,Θεσσαλονίκη (Ξηροκρήνη),40.6449488,22.9179011,,2026-09-17,,,xe.gr agency page,2026-10-01T17:56:46Z,f32aca97-c5cc-464a-9aa0-b7dc6ffd3140,2026-10-01,2026-10-01
xe.gr,Anyhome,https://www.xe.gr/property/d/poliseis-epaggelmatikon-xoron/f53aaa5d-1238-4ac8-be0b-657bb920b2bc/thessalonikh-xhrokrhnh-50000-75,Κατάστημα 75 τ.μ. · Θεσσαλονίκη (Ξηροκρήνη),sale,store,50000.0,75.0,1,Ισόγ.,1965,Θεσσαλονίκη (Ξηροκρήνη),,,,2026-09-24,,,xe.gr agency page,2026-10-01T17:56:46Z,f53aaa5d-1238-4ac8-be0b-657bb920b2bc,2026-10-01,2026-10-01
xe.gr,Πασχαλίδης Δημήτριος,https://www.xe.gr/property/d/poliseis-epaggelmatikon-xoron/f71bb527-c8e7-4fd7-8977-7969d9d75cc1/kalochwri-630000-1650,Βιοτεχνικός χώρος 1.650 τ.μ. · Καλοχώρι,sale,,630000.0,1.65,,Ισόγ.,1985,Καλοχώρι,,,,2026-07-02,,,xe.gr agency page,2026-10-01T17:56:46Z,f71bb527-c8e7-4fd7-8977-7969d9d75cc1,2026-10-01,2026-10-01
xe.gr,Infox Real Estate,https://www.xe.gr/property/d/poliseis-epaggelmatikon-xoron/f7df98bb-ed69-4ed3-aa42-447add5c1098/eyosmos-390000-395,Κτίριο επαγγελματικών χώρων 395 τ.μ. · Εύοσμος,sale,,390000.0,395.0,,4 όροφοι,1993,Εύοσμος,40.665824,22.9071025,,2026-09-03,,,xe.gr agency page,2026-10-01T17:56:46Z,f7df98bb-ed69-4ed3-aa42-447add5c1098,2026-10-01,2026-10-01
xe.gr,Βόρειος Ελλάς,https://www.xe.gr/property/d/poliseis-epaggelmatikon-xoron/f7f7cf4a-19fe-4654-a2a8-a386468aa79b/thessalonikh-falhro-190000-200,Κατάστημα 200 τ.μ. · Θεσσαλονίκη (Φάληρο),sale,store,190000.0,200.0,,Ισόγ.,1980,Θεσσαλονίκη (Φάληρο),,,,2026-09-10,,,xe.gr agency page,2026-10-01T17:56:46Z,f7f7cf4a-19fe-4654-a2a8-a386468aa79b,2026-10-01,2026-10-01
xe.gr,Stavros Ioannidis Real Estate,https://www.xe.gr/property/d/poliseis-epaggelmatikon-xoron/fa505d40-6b41-4b2d-9c65-6864153b8449/paramythia-680000-2301,Βιομηχανικός χώρος 2.301 τ.μ. · Παραμυθιά,sale,warehouse,680000.0,2.301,,,2012,Παραμυθιά,,,,2026-04-23,,,xe.gr agency page,2026-10-01T17:56:46Z,fa505d40-6b41-4b2d-9c65-6864153b8449,2026-10-01,2026-10-01
xe.gr,Infox Real Estate,https://www.xe.gr/property/d/poliseis-epaggelmatikon-xoron/faa1103c-d201-4ed7-82b5-3ae22b1fbb3d/kavala-45000-125,Κτίριο επαγγελματικών χώρων 125 τ.μ. · Καβάλα,sale,,45000.0,125.0,,1 όροφοι,1998,Καβάλα,40.9361683,24.4090789,,2026-08-27,,,xe.gr agency page,2026-10-01T17:56:46Z,faa1103c-d201-4ed7-82b5-3ae22b1fbb3d,2026-10-01,2026-10-01
xe.gr,ARCUS REAL ESTATE,https://www.xe.gr/property/d/poliseis-epaggelmatikon-xoron/fb5c0bfb-e15f-49ca-aa9c-1e28111b2d54/nikaia-agios-gewrgios-250000-155,Αίθουσα 155 τ.μ. · Νίκαια (Άγιος Γεώργιος),sale,,250000.0,155.0,,Ισόγ.,1968,Νίκαια (Άγιος Γεώργιος),,,,2026-04-16,,,xe.gr agency page,2026-10-01T17:56:46Z,fb5c0bfb-e15f-49ca-aa9c-1e28111b2d54,2026-10-01,2026-10-01
xe.gr,Cozy Real Estate,https://www.xe.gr/property/d/poliseis-epaggelmatikon-xoron/fed2e888-24fd-4042-a157-23b3efd4c992/kanali-700000-500,Κτίριο επαγγελματικών χώρων 500 τ.μ. · Κανάλι,sale,,700000.0,500.0,,3 όροφοι,1989,Κανάλι,,,,2026-09-28,,,xe.gr agency page,2026-10-01T17:56:46Z,fed2e888-24fd-4042-a157-23b3efd4c992,2026-10-01,2026-10-01
xe.gr,Νέα Πολιτεία,https://www.xe.gr/property/d/poliseis-gis-oikopedon/018b0ec7-c065-4b0c-8020-14f013de7724/riviera-30000-400,Οικόπεδο 400 τ.μ. · Ριβιέρα,sale,land,30000.0,400.0,,,,Ριβιέρα,,,,2026-07-02,,,xe.gr agency page,2026-10-01T17:56:46Z,018b0ec7-c065-4b0c-8020-14f013de7724,2026-10-01,2026-10-01
xe.gr,noikiaseto.gr,https://www.xe.gr/property/d/poliseis-gis-oikopedon/02f67c3b-64f7-43bf-92c6-efd58d4c4043/epanomh-70000-10000,Αγροτεμάχιο 10.000 τ.μ. · Επανομή,sale,land,70000.0,10.0,,,,Επανομή,,,,2026-06-25,,,xe.gr agency page,2026-10-01T17:56:46Z,02f67c3b-64f7-43bf-92c6-efd58d4c4043,2026-10-01,2026-10-01
xe.gr,Katerina Mandalianou Realty & Design,https://www.xe.gr/property/d/poliseis-gis-oikopedon/0540abcb-ef08-4934-8732-d245d90e5810/gerakinh-130000-8000,Αγροτεμάχιο 8.000 τ.μ. · Γερακινή,sale,land,130000.0,8.0,,,,Γερακινή,40.267625,23.463355,,2026-03-19,,,xe.gr agency page,2026-10-01T17:56:46Z,0540abcb-ef08-4934-8732-d245d90e5810,2026-10-01,2026-10-01
xe.gr,Aspis Real Estate Θεσσαλονίκη Κέντρο – Δυτική,https://www.xe.gr/property/d/poliseis-gis-oikopedon/0d461640-8de1-4907-aaa6-6ba19316bfa5/katw-lechwnia-320000-4281,Οικόπεδο 4.281 τ.μ. · Κάτω Λεχώνια,sale,land,320000.0,4.281,,,,Κάτω Λεχώνια,,,,2026-09-17,,,xe.gr agency page,2026-10-01T17:56:46Z,0d461640-8de1-4907-aaa6-6ba19316bfa5,2026-10-01,2026-10-01
xe.gr,ARCUS REAL ESTATE,https://www.xe.gr/property/d/poliseis-gis-oikopedon/0e5aaec5-93e5-45ac-a046-803da0947882/eleytherio-kordelio-1300000-9315,Αγροτεμάχιο 9.315 τ.μ. · Ελευθέριο Κορδελιό,sale,land,1300000.0,9.315,,,,Ελευθέριο Κορδελιό,,,,2026-04-16,,,xe.gr agency page,2026-10-01T17:56:46Z,0e5aaec5-93e5-45ac-a046-803da0947882,2026-10-01,2026-10-01
xe.gr,Πασχαλίδης Δημήτριος,https://www.xe.gr/property/d/poliseis-gis-oikopedon/0f1c6d5e-d5b3-4475-9d4c-405a36a453dc/kalochwri-90000-880,Οικόπεδο 880 τ.μ. · Καλοχώρι,sale,land,90000.0,880.0,,,,Καλοχώρι,,,,2026-07-02,,,xe.gr agency page,2026-10-01T17:56:46Z,0f1c6d5e-d5b3-4475-9d4c-405a36a453dc,2026-10-01,2026-10-01
xe.gr,Ademis Real Estate,https://www.xe.gr/property/d/poliseis-gis-oikopedon/0f42dae9-5998-4ad3-9231-794d4bec31fa/polygyros-1000-700,Αγροτεμάχιο 700 τ.μ. · Πολύγυρος,sale,land,1000.0,700.0,,,,Πολύγυρος,40.374654,23.453341,,2026-08-20,,,xe.gr agency page,2026-10-01T17:56:46Z,0f42dae9-5998-4ad3-9231-794d4bec31fa,2026-10-01,2026-10-01
xe.gr,Ihouse,https://www.xe.gr/property/d/poliseis-gis-oikopedon/0f8ac860-fb93-4ad9-8113-4d15a1faafd3/makrygialos-42000-550,Οικόπεδο 550 τ.μ. · Μακρύγιαλος,sale,land,42000.0,550.0,,,,Μακρύγιαλος,40.417474,22.603995,,2025-12-25,,,xe.gr agency page,2026-10-01T17:56:46Z,0f8ac860-fb93-4ad9-8113-4d15a1faafd3,2026-10-01,2026-10-01
xe.gr,Γαιοκτησίες,https://www.xe.gr/property/d/poliseis-gis-oikopedon/113fbfaf-70ab-479f-b2ce-3319935c6db4/thermh-800000-600,Οικόπεδο 600 τ.μ. · Θέρμη,sale,land,800000.0,600.0,,,,Θέρμη,40.5474292,23.025899,,2026-06-18,,,xe.gr agency page,2026-10-01T17:56:46Z,113fbfaf-70ab-479f-b2ce-3319935c6db4,2026-10-01,2026-10-01
xe.gr,Aspis Real Estate Θεσσαλονίκη Κέντρο – Δυτική,https://www.xe.gr/property/d/poliseis-gis-oikopedon/14041d66-d960-485c-95dd-5626647580df/dhmos-pallhnhs-chalkidikhs-150000-4000,Αγροτεμάχιο 4.000 τ.μ. · Δήμος Παλλήνης Χαλκιδικής,sale,land,150000.0,4.0,,,,Δήμος Παλλήνης Χαλκιδικής,,,,2026-09-17,,,xe.gr agency page,2026-10-01T17:56:46Z,14041d66-d960-485c-95dd-5626647580df,2026-10-01,2026-10-01
xe.gr,Aspis Real Estate Ανατολικής  Θεσσαλονίκης,https://www.xe.gr/property/d/poliseis-gis-oikopedon/1433e0b5-eb89-46f3-be7d-ea689bd299ed/paralia-sykias-65000-501,Οικόπεδο 501 τ.μ. · Παραλία Συκιάς,sale,land,65000.0,501.0,,,,Παραλία Συκιάς,40.025712,24.016886,,2026-09-17,,,xe.gr agency page,2026-10-01T17:56:46Z,1433e0b5-eb89-46f3-be7d-ea689bd299ed,2026-10-01,2026-10-01
xe.gr,Infox Real Estate,https://www.xe.gr/property/d/poliseis-gis-oikopedon/146eb384-c5a9-4434-8ec2-1f108c87b486/kavallari-40000-6500,Αγροτεμάχιο 6.500 τ.μ. · Καβαλλάρι,sale,land,40000.0,6.5,,,,Καβαλλάρι,40.717778,23.045304,,2026-08-27,,,xe.gr agency page,2026-10-01T17:56:46Z,146eb384-c5a9-4434-8ec2-1f108c87b486,2026-10-01,2026-10-01
xe.gr,Σαραφούδης Νικόλαος,https://www.xe.gr/property/d/poliseis-gis-oikopedon/14bb98a9-c9c9-4bd6-9475-654876025b92/echedwro-150000-5000,Αγροτεμάχιο 5.000 τ.μ. · Εχέδωρο,sale,land,150000.0,5.0,,,,Εχέδωρο,40.6643724,22.8526658,,2026-08-27,,,xe.gr agency page,2026-10-01T17:56:46Z,14bb98a9-c9c9-4bd6-9475-654876025b92,2026-10-01,2026-10-01
xe.gr,Passal Real Estate,https://www.xe.gr/property/d/poliseis-gis-oikopedon/14ef2d49-86c8-45b4-9083-e7ed43377656/nea-raidestos-800000-23700,Αγροτεμάχιο 23.700 τ.μ. · Νέα Ραιδεστός,sale,land,800000.0,23.7,,,,Νέα Ραιδεστός,,,,2026-10-01,,,xe.gr agency page,2026-10-01T17:56:46Z,14ef2d49-86c8-45b4-9083-e7ed43377656,2026-10-01,2026-10-01
xe.gr,ARCUS REAL ESTATE,https://www.xe.gr/property/d/poliseis-gis-oikopedon/15c937db-9103-42b2-852c-40dfe8e42805/sarwnida-420000-790,Οικόπεδο 790 τ.μ. · Σαρωνίδα,sale,land,420000.0,790.0,,,,Σαρωνίδα,,,,2026-09-17,,,xe.gr agency page,2026-10-01T17:56:46Z,15c937db-9103-42b2-852c-40dfe8e42805,2026-10-01,2026-10-01
xe.gr,Passal Real Estate,https://www.xe.gr/property/d/poliseis-gis-oikopedon/16419800-2be5-4eca-8a0a-56fdb73d1c7f/dhmos-pallhnhs-chalkidikhs-370000-5500,Αγροτεμάχιο 5.500 τ.μ. · Δήμος Παλλήνης Χαλκιδικής,sale,land,370000.0,5.5,,,,Δήμος Παλλήνης Χαλκιδικής,,,,2026-08-06,,,xe.gr agency page,2026-10-01T17:56:46Z,16419800-2be5-4eca-8a0a-56fdb73d1c7f,2026-10-01,2026-10-01
xe.gr,REVA,https://www.xe.gr/property/d/poliseis-gis-oikopedon/184ff118-13b9-4b36-9673-806bf52c5689/eyosmos-1000000-1900,Οικόπεδο 1.900 τ.μ. · Εύοσμος,sale,land,1000000.0,1.9,,,,Εύοσμος,,,,2026-09-17,,,xe.gr agency page,2026-10-01T17:56:46Z,184ff118-13b9-4b36-9673-806bf52c5689,2026-10-01,2026-10-01
xe.gr,Papastefanou Real,https://www.xe.gr/property/d/poliseis-gis-oikopedon/19d7fcef-9e64-4d5e-b4b4-eef041a37c56/paralia-sykias-120000-500,Οικόπεδο 500 τ.μ. · Παραλία Συκιάς,sale,land,120000.0,500.0,,,,Παραλία Συκιάς,,,,2026-09-29,,,xe.gr agency page,2026-10-01T17:56:46Z,19d7fcef-9e64-4d5e-b4b4-eef041a37c56,2026-10-01,2026-10-01
xe.gr,Anyhome,https://www.xe.gr/property/d/poliseis-gis-oikopedon/1e088ea6-9d57-4208-ac8c-a9c9e9a4325e/kassandreia-280000-9500,Αγροτεμάχιο 9.500 τ.μ. · Κασσανδρεία,sale,land,280000.0,9.5,,,,Κασσανδρεία,,,,2026-09-10,,,xe.gr agency page,2026-10-01T17:56:46Z,1e088ea6-9d57-4208-ac8c-a9c9e9a4325e,2026-10-01,2026-10-01
xe.gr,Stavros Ioannidis Real Estate,https://www.xe.gr/property/d/poliseis-gis-oikopedon/1ee68014-949d-4ece-869b-f7f50ef5c353/wraiokastro-420000-11895,Αγροτεμάχιο 11.895 τ.μ. · Ωραιόκαστρο,sale,land,420000.0,11.895,,,,Ωραιόκαστρο,,,,2025-12-25,,,xe.gr agency page,2026-10-01T17:56:46Z,1ee68014-949d-4ece-869b-f7f50ef5c353,2026-10-01,2026-10-01
xe.gr,Rooted Pillar Real Estate,https://www.xe.gr/property/d/poliseis-gis-oikopedon/1fcc5fd3-2517-4968-8679-b05556c88194/trilofos-6900000-103000,Αγροτεμάχιο 103.000 τ.μ. · Τρίλοφος,sale,land,6900000.0,103.0,,,,Τρίλοφος,,,,2026-07-02,,,xe.gr agency page,2026-10-01T17:56:46Z,1fcc5fd3-2517-4968-8679-b05556c88194,2026-10-01,2026-10-01
xe.gr,Real Estate Plus Construction,https://www.xe.gr/property/d/poliseis-gis-oikopedon/201f5b23-7d5a-4dd8-a320-ac121aa9bb98/ayia-trias-agia-triada-930000-1157,Οικόπεδο 1.157 τ.μ. · Ayía Triás (Αγία Τριάδα),sale,land,930000.0,1.157,,,,Ayía Triás (Αγία Τριάδα),,,,2026-03-12,,,xe.gr agency page,2026-10-01T17:56:46Z,201f5b23-7d5a-4dd8-a320-ac121aa9bb98,2026-10-01,2026-10-01
xe.gr,Ihouse,https://www.xe.gr/property/d/poliseis-gis-oikopedon/21145dc6-dba9-4f4b-921f-a80628b628ea/torwnh-1000000-8500,Οικόπεδο 8.500 τ.μ. · Τορώνη,sale,land,1000000.0,8.5,,,,Τορώνη,39.9860693,23.9058533,,2026-09-17,,,xe.gr agency page,2026-10-01T17:56:46Z,21145dc6-dba9-4f4b-921f-a80628b628ea,2026-10-01,2026-10-01
xe.gr,Tatogio Home,https://www.xe.gr/property/d/poliseis-gis-oikopedon/217329c4-08dd-4437-b2d6-3a2305cc7bb8/kokkinhs-55000-512,Οικόπεδο 512 τ.μ. · Κόκκινης,sale,land,55000.0,512.0,,,,Κόκκινης,38.0608706,24.3176014,,2026-09-17,,,xe.gr agency page,2026-10-01T17:56:46Z,217329c4-08dd-4437-b2d6-3a2305cc7bb8,2026-10-01,2026-10-01
xe.gr,ANTHIMIADIS ESTATE,https://www.xe.gr/property/d/poliseis-gis-oikopedon/22d6b7f2-4d01-40ec-b294-3790631593ca/lhth-17500-188,Οικόπεδο 188 τ.μ. · Λητή,sale,land,17500.0,188.0,,,,Λητή,40.745672,22.9777436,,2026-07-16,,,xe.gr agency page,2026-10-01T17:56:46Z,22d6b7f2-4d01-40ec-b294-3790631593ca,2026-10-01,2026-10-01
xe.gr,Papastefanou Real,https://www.xe.gr/property/d/poliseis-gis-oikopedon/260a2890-6849-4d30-b8e3-6614e08ef9e6/epanomh-60000-4006,Αγροτεμάχιο 4.006 τ.μ. · Επανομή,sale,land,60000.0,4.006,,,,Επανομή,,,,2026-03-05,,,xe.gr agency page,2026-10-01T17:56:46Z,260a2890-6849-4d30-b8e3-6614e08ef9e6,2026-10-01,2026-10-01
xe.gr,Anyhome,https://www.xe.gr/property/d/poliseis-gis-oikopedon/267cbb05-c731-4dd1-a382-a9ea6747053e/wraiokastro-350000-10500,Αγροτεμάχιο 10.500 τ.μ. · Ωραιόκαστρο,sale,land,350000.0,10.5,,,,Ωραιόκαστρο,,,,2026-09-24,,,xe.gr agency page,2026-10-01T17:56:46Z,267cbb05-c731-4dd1-a382-a9ea6747053e,2026-10-01,2026-10-01
xe.gr,KEY PROPERTIES,https://www.xe.gr/property/d/poliseis-gis-oikopedon/2696d702-420b-4645-9e70-76678f31b7be/asprovalta-350000-600,Οικόπεδο 600 τ.μ. · Ασπροβάλτα,sale,land,350000.0,600.0,,,,Ασπροβάλτα,,,,2026-05-21,,,xe.gr agency page,2026-10-01T17:56:46Z,2696d702-420b-4645-9e70-76678f31b7be,2026-10-01,2026-10-01
xe.gr,Ihouse,https://www.xe.gr/property/d/poliseis-gis-oikopedon/27125cd7-367c-4ff0-830e-672a9988a609/kallikrateia-120000-1100,Οικόπεδο 1.100 τ.μ. · Καλλικράτεια,sale,land,120000.0,1.1,,,,Καλλικράτεια,40.3150712,23.0760661,,2026-01-22,,,xe.gr agency page,2026-10-01T17:56:46Z,27125cd7-367c-4ff0-830e-672a9988a609,2026-10-01,2026-10-01
xe.gr,Real Estate Plus Construction,https://www.xe.gr/property/d/poliseis-gis-oikopedon/2b1af223-2d80-4850-a1db-0fdb5d613d07/pylaia-120000-1000,Αγροτεμάχιο 1.000 τ.μ. · Πυλαία,sale,land,120000.0,1.0,,,,Πυλαία,,,,2026-09-17,,,xe.gr agency page,2026-10-01T17:56:46Z,2b1af223-2d80-4850-a1db-0fdb5d613d07,2026-10-01,2026-10-01
xe.gr,REVA,https://www.xe.gr/property/d/poliseis-gis-oikopedon/2e8e9bb1-7cd1-4a29-a8a6-80671f254f74/epanomh-160000-11000,Αγροτεμάχιο 11.000 τ.μ. · Επανομή,sale,land,160000.0,11.0,,,,Επανομή,40.423097,22.914131,,2026-05-07,,,xe.gr agency page,2026-10-01T17:56:46Z,2e8e9bb1-7cd1-4a29-a8a6-80671f254f74,2026-10-01,2026-10-01
xe.gr,Oikies Real Estate,https://www.xe.gr/property/d/poliseis-gis-oikopedon/2f857445-3608-4a86-a3d9-36f6f07b3c6a/kissos-120000-2024,Οικόπεδο 2.024 τ.μ. · Κισσός,sale,land,120000.0,2.024,,,,Κισσός,39.40600999999999,23.132294,,2026-09-24,,,xe.gr agency page,2026-10-01T17:56:46Z,2f857445-3608-4a86-a3d9-36f6f07b3c6a,2026-10-01,2026-10-01
xe.gr,Oikies Real Estate,https://www.xe.gr/property/d/poliseis-gis-oikopedon/2fea48de-f479-44e6-9fc1-cdb44f4773eb/echedwro-2500000-40394,Αγροτεμάχιο 40.394 τ.μ. · Εχέδωρο,sale,land,2500000.0,40.394,,,,Εχέδωρο,40.659427,22.779714,,2026-09-10,,,xe.gr agency page,2026-10-01T17:56:46Z,2fea48de-f479-44e6-9fc1-cdb44f4773eb,2026-10-01,2026-10-01
xe.gr,Infox Real Estate,https://www.xe.gr/property/d/poliseis-gis-oikopedon/320a3852-8f71-4710-8af8-86d12d4234a1/roussa-ekklisia-22000-596,Αγροτεμάχιο 596 τ.μ. · Roussa Ekklisia,sale,land,22000.0,596.0,,,,Roussa Ekklisia,35.181165,26.145793,,2026-09-03,,,xe.gr agency page,2026-10-01T17:56:46Z,320a3852-8f71-4710-8af8-86d12d4234a1,2026-10-01,2026-10-01
xe.gr,Rooted Pillar Real Estate,https://www.xe.gr/property/d/poliseis-gis-oikopedon/325501de-8bd0-4476-8926-2b74b35faa7b/anavyssos-265000-611,Οικόπεδο 611 τ.μ. · Ανάβυσσος,sale,land,265000.0,611.0,,,,Ανάβυσσος,,,,2026-05-28,,,xe.gr agency page,2026-10-01T17:56:46Z,325501de-8bd0-4476-8926-2b74b35faa7b,2026-10-01,2026-10-01
xe.gr,Σαραφούδης Νικόλαος,https://www.xe.gr/property/d/poliseis-gis-oikopedon/32cf6a74-9598-4538-94d1-64cb27d506c6/sindos-110000-4100,Αγροτεμάχιο 4.100 τ.μ. · Σίνδος,sale,land,110000.0,4.1,,,,Σίνδος,40.67555309999999,22.8007013,,2026-08-27,,,xe.gr agency page,2026-10-01T17:56:46Z,32cf6a74-9598-4538-94d1-64cb27d506c6,2026-10-01,2026-10-01
xe.gr,Aspis Real Estate Θεσσαλονίκη Κέντρο – Δυτική,https://www.xe.gr/property/d/poliseis-gis-oikopedon/32e31132-49bd-4338-9102-36908e649e8a/agios-athanasios-95000-969,Οικόπεδο 969 τ.μ. · Άγιος Αθανάσιος,sale,land,95000.0,969.0,,,,Άγιος Αθανάσιος,,,,2026-09-17,,,xe.gr agency page,2026-10-01T17:56:46Z,32e31132-49bd-4338-9102-36908e649e8a,2026-10-01,2026-10-01
xe.gr,Katerina Mandalianou Realty & Design,https://www.xe.gr/property/d/poliseis-gis-oikopedon/337719e3-4294-4611-bb8a-9c8ea3e1c7d6/polygyros-250000-2550,Αγροτεμάχιο 2.550 τ.μ. · Πολύγυρος,sale,land,250000.0,2.55,,,,Πολύγυρος,40.3851598,23.4411839,,2026-03-19,,,xe.gr agency page,2026-10-01T17:56:46Z,337719e3-4294-4611-bb8a-9c8ea3e1c7d6,2026-10-01,2026-10-01
xe.gr,noikiaseto.gr,https://www.xe.gr/property/d/poliseis-gis-oikopedon/362cbf56-2a28-4132-9a75-c34e52e8dad1/thermh-nea-raidestos-68000-3018,Αγροτεμάχιο 3.018 τ.μ. · Θέρμη (Νέα Ραιδεστός),sale,land,68000.0,3.018,,,,Θέρμη (Νέα Ραιδεστός),,,,2026-06-25,,,xe.gr agency page,2026-10-01T17:56:46Z,362cbf56-2a28-4132-9a75-c34e52e8dad1,2026-10-01,2026-10-01
xe.gr,Σαραφούδης Νικόλαος,https://www.xe.gr/property/d/poliseis-gis-oikopedon/387d7037-6903-4ae7-815a-8b69347c1c32/echedwro-109000-6500,Αγροτεμάχιο 6.500 τ.μ. · Εχέδωρο,sale,land,109000.0,6.5,,,,Εχέδωρο,40.705303,22.821614,,2026-08-27,,,xe.gr agency page,2026-10-01T17:56:46Z,387d7037-6903-4ae7-815a-8b69347c1c32,2026-10-01,2026-10-01
xe.gr,Νέα Πολιτεία,https://www.xe.gr/property/d/poliseis-gis-oikopedon/3b6a522f-4cad-49c1-8f8f-a34b1f1490c5/makrygialos-100000-1000,Οικόπεδο 1.000 τ.μ. · Μακρύγιαλος,sale,land,100000.0,1.0,,,,Μακρύγιαλος,40.4202192,22.6088538,,2026-07-02,,,xe.gr agency page,2026-10-01T17:56:46Z,3b6a522f-4cad-49c1-8f8f-a34b1f1490c5,2026-10-01,2026-10-01
xe.gr,Aspis Real Estate Ανατολικής  Θεσσαλονίκης,https://www.xe.gr/property/d/poliseis-gis-oikopedon/40bbd088-5c7c-4291-b48e-b89e3a61e475/epanomh-70000-10000,Αγροτεμάχιο 10.000 τ.μ. · Επανομή,sale,land,70000.0,10.0,,,,Επανομή,40.464239,22.901271,,2026-07-30,,,xe.gr agency page,2026-10-01T17:56:46Z,40bbd088-5c7c-4291-b48e-b89e3a61e475,2026-10-01,2026-10-01
xe.gr,Βόρειος Ελλάς,https://www.xe.gr/property/d/poliseis-gis-oikopedon/42a8f4c2-3003-4cd4-9442-c95e39f76082/paralia-sykias-55000-500,Οικόπεδο 500 τ.μ. · Παραλία Συκιάς,sale,land,55000.0,500.0,,,,Παραλία Συκιάς,,,,2026-09-10,,,xe.gr agency page,2026-10-01T17:56:46Z,42a8f4c2-3003-4cd4-9442-c95e39f76082,2026-10-01,2026-10-01
xe.gr,Aspis Real Estate Θεσσαλονίκη Κέντρο – Δυτική,https://www.xe.gr/property/d/poliseis-gis-oikopedon/442ffd74-a37c-49a1-b956-7ef6516b3efc/thessalonikh-anw-polh-130000-66,Οικόπεδο 66 τ.μ. · Θεσσαλονίκη (Ανω Πόλη),sale,land,130000.0,66.0,,,,Θεσσαλονίκη (Ανω Πόλη),40.6400469,22.9585405,,2026-09-30,,,xe.gr agency page,2026-10-01T17:56:46Z,442ffd74-a37c-49a1-b956-7ef6516b3efc,2026-10-01,2026-10-01
xe.gr,Anyhome,https://www.xe.gr/property/d/poliseis-gis-oikopedon/461e17bb-38cb-48b2-b603-2d76c0f984de/stageira-akanthos-499999-10500,Αγροτεμάχιο 10.500 τ.μ. · Στάγειρα Άκανθος,sale,land,499999.0,10.5,,,,Στάγειρα Άκανθος,,,,2026-09-24,,,xe.gr agency page,2026-10-01T17:56:46Z,461e17bb-38cb-48b2-b603-2d76c0f984de,2026-10-01,2026-10-01
xe.gr,Rooted Pillar Real Estate,https://www.xe.gr/property/d/poliseis-gis-oikopedon/479878f3-9229-4568-9109-74e44e696373/eyosmos-950000-1389,Οικόπεδο 1.389 τ.μ. · Εύοσμος,sale,land,950000.0,1.389,,,,Εύοσμος,,,,2026-05-28,,,xe.gr agency page,2026-10-01T17:56:46Z,479878f3-9229-4568-9109-74e44e696373,2026-10-01,2026-10-01
xe.gr,Ihouse,https://www.xe.gr/property/d/poliseis-gis-oikopedon/504ca047-961f-4267-9f0d-8dbfb1a95457/dikastika-2000000-30000,Αγροτεμάχιο 30.000 τ.μ. · Δικαστικά,sale,land,2000000.0,30.0,,,,Δικαστικά,38.16094229999999,24.0632378,,2025-12-25,,,xe.gr agency page,2026-10-01T17:56:46Z,504ca047-961f-4267-9f0d-8dbfb1a95457,2026-10-01,2026-10-01
xe.gr,Katerina Mandalianou Realty & Design,https://www.xe.gr/property/d/poliseis-gis-oikopedon/512349b6-8429-4f07-a258-f8b6cfad9adc/polygyros-180000-6019,Αγροτεμάχιο 6.019 τ.μ. · Πολύγυρος,sale,land,180000.0,6.019,,,,Πολύγυρος,40.43984,23.516032,,2026-03-19,,,xe.gr agency page,2026-10-01T17:56:46Z,512349b6-8429-4f07-a258-f8b6cfad9adc,2026-10-01,2026-10-01
xe.gr,KEY PROPERTIES,https://www.xe.gr/property/d/poliseis-gis-oikopedon/51543833-25c0-4c95-bcc6-74fdd9b680e2/chamolia-370000-1236,Οικόπεδο 1.236 τ.μ. · Χαμολιά,sale,land,370000.0,1.236,,,,Χαμολιά,,,,2026-05-21,,,xe.gr agency page,2026-10-01T17:56:46Z,51543833-25c0-4c95-bcc6-74fdd9b680e2,2026-10-01,2026-10-01
xe.gr,Πασχαλίδης Δημήτριος,https://www.xe.gr/property/d/poliseis-gis-oikopedon/51da775f-6048-4f43-a345-31002a589e85/kalochwri-980000-6350,Αγροτεμάχιο 6.350 τ.μ. · Καλοχώρι,sale,land,980000.0,6.35,,,,Καλοχώρι,,,,2026-07-02,,,xe.gr agency page,2026-10-01T17:56:46Z,51da775f-6048-4f43-a345-31002a589e85,2026-10-01,2026-10-01
xe.gr,Ihouse,https://www.xe.gr/property/d/poliseis-gis-oikopedon/52af37e7-53ba-43b0-9ddc-656ef60eb026/nea-kallikrateia-105000-560,Οικόπεδο 560 τ.μ. · Νέα Καλλικράτεια,sale,land,105000.0,560.0,,,,Νέα Καλλικράτεια,40.31868310000001,23.0442815,,2026-01-29,,,xe.gr agency page,2026-10-01T17:56:46Z,52af37e7-53ba-43b0-9ddc-656ef60eb026,2026-10-01,2026-10-01
xe.gr,Oikies Real Estate,https://www.xe.gr/property/d/poliseis-gis-oikopedon/53c29242-716c-4db1-a70d-669aaf5ee47f/chios-200000-1101,Οικόπεδο 1.101 τ.μ. · Χίος,sale,land,200000.0,1.101,,,,Χίος,38.3769009,26.1366855,,2026-09-10,,,xe.gr agency page,2026-10-01T17:56:46Z,53c29242-716c-4db1-a70d-669aaf5ee47f,2026-10-01,2026-10-01
xe.gr,Ademis Real Estate,https://www.xe.gr/property/d/poliseis-gis-oikopedon/53ef3c1b-76ed-4031-8189-4f539eb757f3/wraiokastro-270000-5200,Αγροτεμάχιο 5.200 τ.μ. · Ωραιόκαστρο,sale,land,270000.0,5.2,,,,Ωραιόκαστρο,,,,2026-08-20,,,xe.gr agency page,2026-10-01T17:56:46Z,53ef3c1b-76ed-4031-8189-4f539eb757f3,2026-10-01,2026-10-01
xe.gr,Cozy Real Estate,https://www.xe.gr/property/d/poliseis-gis-oikopedon/59658b37-97fa-4265-b685-40ff1f39f521/palioyri-1200000-4013,Αγροτεμάχιο 4.013 τ.μ. · Παλιούρι,sale,land,1200000.0,4.013,,,,Παλιούρι,,,,2026-04-09,,,xe.gr agency page,2026-10-01T17:56:46Z,59658b37-97fa-4265-b685-40ff1f39f521,2026-10-01,2026-10-01
xe.gr,noikiaseto.gr,https://www.xe.gr/property/d/poliseis-gis-oikopedon/5a4efa2f-45cb-4ae7-a908-bbc76538fcc1/sykies-190000-200,Οικόπεδο 200 τ.μ. · Συκιές,sale,land,190000.0,200.0,,,,Συκιές,,,,2026-06-25,,,xe.gr agency page,2026-10-01T17:56:46Z,5a4efa2f-45cb-4ae7-a908-bbc76538fcc1,2026-10-01,2026-10-01
xe.gr,Oikies Real Estate,https://www.xe.gr/property/d/poliseis-gis-oikopedon/5a829216-0ed4-48c1-b88b-3ac8ac987ff7/plagiari-15000-3800,Αγροτεμάχιο 3.800 τ.μ. · Πλαγιάρι,sale,land,15000.0,3.8,,,,Πλαγιάρι,40.4750915,22.9588032,,2026-09-24,,,xe.gr agency page,2026-10-01T17:56:46Z,5a829216-0ed4-48c1-b88b-3ac8ac987ff7,2026-10-01,2026-10-01
xe.gr,Γαιοκτησίες,https://www.xe.gr/property/d/poliseis-gis-oikopedon/5ab79e19-b6c9-4166-ab69-92a49446e815/mygdonia-230000-20473,Αγροτεμάχιο 20.473 τ.μ. · Μυγδονία,sale,land,230000.0,20.473,,,,Μυγδονία,40.770191,22.951568,,2026-06-18,,,xe.gr agency page,2026-10-01T17:56:46Z,5ab79e19-b6c9-4166-ab69-92a49446e815,2026-10-01,2026-10-01
xe.gr,Stavros Ioannidis Real Estate,https://www.xe.gr/property/d/poliseis-gis-oikopedon/5abcdc5a-ca6f-4f96-81a0-ddcd94e632a7/echedwro-39000-1000,Αγροτεμάχιο 1.000 τ.μ. · Εχέδωρο,sale,land,39000.0,1.0,,,,Εχέδωρο,,,,2025-12-25,,,xe.gr agency page,2026-10-01T17:56:46Z,5abcdc5a-ca6f-4f96-81a0-ddcd94e632a7,2026-10-01,2026-10-01
xe.gr,Real Estate Plus Construction,https://www.xe.gr/property/d/poliseis-gis-oikopedon/5ce241a0-fbac-4599-b3bc-c798569a4bc5/thermh-1000000-3380,Οικόπεδο 3.380 τ.μ. · Θέρμη,sale,land,1000000.0,3.38,,,,Θέρμη,,,,2026-03-12,,,xe.gr agency page,2026-10-01T17:56:46Z,5ce241a0-fbac-4599-b3bc-c798569a4bc5,2026-10-01,2026-10-01
xe.gr,Anyhome,https://www.xe.gr/property/d/poliseis-gis-oikopedon/5d86a834-52b5-4842-9569-726acc713a1c/dhmos-pallhnhs-chalkidikhs-175000-2500,Αγροτεμάχιο 2.500 τ.μ. · Δήμος Παλλήνης Χαλκιδικής,sale,land,175000.0,2.5,,,,Δήμος Παλλήνης Χαλκιδικής,,,,2026-09-24,,,xe.gr agency page,2026-10-01T17:56:46Z,5d86a834-52b5-4842-9569-726acc713a1c,2026-10-01,2026-10-01
xe.gr,Aenaos Real Estate + Development,https://www.xe.gr/property/d/poliseis-gis-oikopedon/5f1f51c1-18fc-4679-afa8-35b065605685/agios-nikolaos-78000-425,Οικόπεδο 425 τ.μ. · Άγιος Νικόλαος,sale,land,78000.0,425.0,,,,Άγιος Νικόλαος,,,,2026-08-20,,,xe.gr agency page,2026-10-01T17:56:46Z,5f1f51c1-18fc-4679-afa8-35b065605685,2026-10-01,2026-10-01
xe.gr,Πασχαλίδης Δημήτριος,https://www.xe.gr/property/d/poliseis-gis-oikopedon/604c2185-2e6f-4205-a8d1-06b97318a986/echedwro-800000-5125,Αγροτεμάχιο 5.125 τ.μ. · Εχέδωρο,sale,land,800000.0,5.125,,,,Εχέδωρο,40.6632861,22.8571771,,2026-07-02,,,xe.gr agency page,2026-10-01T17:56:46Z,604c2185-2e6f-4205-a8d1-06b97318a986,2026-10-01,2026-10-01
xe.gr,Ademis Real Estate,https://www.xe.gr/property/d/poliseis-gis-oikopedon/61ee7bd1-0366-4f77-990f-a43fb71ceecb/eyosmos-600000-2084,Οικόπεδο 2.084 τ.μ. · Εύοσμος,sale,land,600000.0,2.084,,,,Εύοσμος,,,,2026-08-20,,,xe.gr agency page,2026-10-01T17:56:46Z,61ee7bd1-0366-4f77-990f-a43fb71ceecb,2026-10-01,2026-10-01
xe.gr,Γαιοκτησίες,https://www.xe.gr/property/d/poliseis-gis-oikopedon/6627f644-7e9d-45f4-a766-022ab6f26169/thermh-2000000-20000,Αγροτεμάχιο 20.000 τ.μ. · Θέρμη,sale,land,2000000.0,20.0,,,,Θέρμη,40.5514942,23.0293474,,2026-09-26,,,xe.gr agency page,2026-10-01T17:56:46Z,6627f644-7e9d-45f4-a766-022ab6f26169,2026-10-01,2026-10-01
xe.gr,Tatogio Home,https://www.xe.gr/property/d/poliseis-gis-oikopedon/67581b59-d6c1-4aa7-8700-0173618814ef/kalyvia-73000-900,Οικόπεδο 900 τ.μ. · Καλύβια,sale,land,73000.0,900.0,,,,Καλύβια,38.035844,24.4108103,,2026-09-10,,,xe.gr agency page,2026-10-01T17:56:46Z,67581b59-d6c1-4aa7-8700-0173618814ef,2026-10-01,2026-10-01
xe.gr,Papastefanou Real,https://www.xe.gr/property/d/poliseis-gis-oikopedon/67741743-0117-4ea0-bbec-c5f895ecd233/alinda-500000-8000,Οικόπεδο 8.000 τ.μ. · Άλινδα,sale,land,500000.0,8.0,,,,Άλινδα,,,,2026-03-05,,,xe.gr agency page,2026-10-01T17:56:46Z,67741743-0117-4ea0-bbec-c5f895ecd233,2026-10-01,2026-10-01
xe.gr,noikiaseto.gr,https://www.xe.gr/property/d/poliseis-gis-oikopedon/68f4f8d4-3d46-49be-8892-3e6269d4160f/chavriata-100000-4100,Αγροτεμάχιο 4.100 τ.μ. · Χαβριάτα,sale,land,100000.0,4.1,,,,Χαβριάτα,,,,2026-06-25,,,xe.gr agency page,2026-10-01T17:56:46Z,68f4f8d4-3d46-49be-8892-3e6269d4160f,2026-10-01,2026-10-01
xe.gr,Aspis Real Estate Ανατολικής  Θεσσαλονίκης,https://www.xe.gr/property/d/poliseis-gis-oikopedon/6955bedb-decb-4d4c-bda0-52db7832b45e/paralia-sykias-120000-500,Οικόπεδο 500 τ.μ. · Παραλία Συκιάς,sale,land,120000.0,500.0,,,,Παραλία Συκιάς,40.037669,23.987145,,2026-07-30,,,xe.gr agency page,2026-10-01T17:56:46Z,6955bedb-decb-4d4c-bda0-52db7832b45e,2026-10-01,2026-10-01
xe.gr,Abitazione,https://www.xe.gr/property/d/poliseis-gis-oikopedon/69fc393a-e988-4065-a413-0fecadced75a/epanomh-75000-5830,Αγροτεμάχιο 5.830 τ.μ. · Επανομή,sale,land,75000.0,5.83,,,,Επανομή,40.403273,22.994644,,2026-07-30,,,xe.gr agency page,2026-10-01T17:56:46Z,69fc393a-e988-4065-a413-0fecadced75a,2026-10-01,2026-10-01
xe.gr,KEY PROPERTIES,https://www.xe.gr/property/d/poliseis-gis-oikopedon/6d2d8a22-1814-4f4f-84ce-05c40e5ded50/plakias-400000-2311,Οικόπεδο 2.311 τ.μ. · Πλακιάς,sale,land,400000.0,2.311,,,,Πλακιάς,,,,2026-05-21,,,xe.gr agency page,2026-10-01T17:56:46Z,6d2d8a22-1814-4f4f-84ce-05c40e5ded50,2026-10-01,2026-10-01
xe.gr,Πασχαλίδης Δημήτριος,https://www.xe.gr/property/d/poliseis-gis-oikopedon/6d42a710-c009-4217-a8f7-1c1142d6596a/kalochwri-850000-27000,Αγροτεμάχιο 27.000 τ.μ. · Καλοχώρι,sale,land,850000.0,27.0,,,,Καλοχώρι,,,,2026-07-02,,,xe.gr agency page,2026-10-01T17:56:46Z,6d42a710-c009-4217-a8f7-1c1142d6596a,2026-10-01,2026-10-01
xe.gr,Cozy Real Estate,https://www.xe.gr/property/d/poliseis-gis-oikopedon/6f3ffd88-5fd3-4023-aa58-4242172460f3/poseidi-190000-4250,Αγροτεμάχιο 4.250 τ.μ. · Ποσείδι,sale,land,190000.0,4.25,,,,Ποσείδι,,,,2025-11-27,,,xe.gr agency page,2026-10-01T17:56:46Z,6f3ffd88-5fd3-4023-aa58-4242172460f3,2026-10-01,2026-10-01
xe.gr,REVA,https://www.xe.gr/property/d/poliseis-gis-oikopedon/6fc57993-0873-411e-8e75-40ec6dea4cb8/vasilika-230000-4300,Αγροτεμάχιο 4.300 τ.μ. · Βασιλικα,sale,land,230000.0,4.3,,,,Βασιλικα,40.476251,23.105356,,2026-05-28,,,xe.gr agency page,2026-10-01T17:56:46Z,6fc57993-0873-411e-8e75-40ec6dea4cb8,2026-10-01,2026-10-01
xe.gr,Papastefanou Real,https://www.xe.gr/property/d/poliseis-gis-oikopedon/7121f5af-6d3e-4bc5-91a2-b09fd6815e1b/ierissos-3000000-25000,Αγροτεμάχιο 25.000 τ.μ. · Ιερισσός,sale,land,3000000.0,25.0,,,,Ιερισσός,40.3994174,23.8788748,,2026-03-05,,,xe.gr agency page,2026-10-01T17:56:46Z,7121f5af-6d3e-4bc5-91a2-b09fd6815e1b,2026-10-01,2026-10-01
xe.gr,Γαιοκτησίες,https://www.xe.gr/property/d/poliseis-gis-oikopedon/7124e27d-59fb-4cda-abe1-0f32ad081565/sithwnia-5000000-32673,Αγροτεμάχιο 32.673 τ.μ. · Σιθωνία,sale,land,5000000.0,32.673,,,,Σιθωνία,40.3042198,23.6942144,,2026-06-18,,,xe.gr agency page,2026-10-01T17:56:46Z,7124e27d-59fb-4cda-abe1-0f32ad081565,2026-10-01,2026-10-01
xe.gr,REVA,https://www.xe.gr/property/d/poliseis-gis-oikopedon/72f85e5f-a71e-4ea6-9113-6e60b574e06c/stageira-akanthos-1500000-10000,Αγροτεμάχιο 10.000 τ.μ. · Στάγειρα Άκανθος,sale,land,1500000.0,10.0,,,,Στάγειρα Άκανθος,40.3332655,23.9190974,,2026-06-11,,,xe.gr agency page,2026-10-01T17:56:46Z,72f85e5f-a71e-4ea6-9113-6e60b574e06c,2026-10-01,2026-10-01
xe.gr,Anyhome,https://www.xe.gr/property/d/poliseis-gis-oikopedon/74795b59-a736-47c3-9495-58ad5a0f070e/echedwro-44999-30000,Αγροτεμάχιο 30.000 τ.μ. · Εχέδωρο,sale,land,44999.0,30.0,,,,Εχέδωρο,,,,2026-09-17,,,xe.gr agency page,2026-10-01T17:56:46Z,74795b59-a736-47c3-9495-58ad5a0f070e,2026-10-01,2026-10-01
xe.gr,Tatogio Home,https://www.xe.gr/property/d/poliseis-gis-oikopedon/76177d1f-d6eb-438f-90ef-40b094666cf5/paradeisi-63000-2646,Οικόπεδο 2.646 τ.μ. · Παραδείσι,sale,land,63000.0,2.646,,,,Παραδείσι,,,,2026-09-10,,,xe.gr agency page,2026-10-01T17:56:46Z,76177d1f-d6eb-438f-90ef-40b094666cf5,2026-10-01,2026-10-01
xe.gr,Infox Real Estate,https://www.xe.gr/property/d/poliseis-gis-oikopedon/7b5f1852-8af4-4d9a-850d-2d17edd89239/eleytherio-kordelio-100000-605,Οικόπεδο 605 τ.μ. · Ελευθέριο Κορδελιό,sale,land,100000.0,605.0,,,,Ελευθέριο Κορδελιό,40.6763799,22.8949963,,2026-09-03,,,xe.gr agency page,2026-10-01T17:56:46Z,7b5f1852-8af4-4d9a-850d-2d17edd89239,2026-10-01,2026-10-01
xe.gr,Aspis Real Estate Ανατολικής  Θεσσαλονίκης,https://www.xe.gr/property/d/poliseis-gis-oikopedon/7ce0c050-3e66-4b73-b642-1c2c4cd80905/kallithea-800000-1006,Οικόπεδο 1.006 τ.μ. · Καλλιθέα,sale,land,800000.0,1.006,,,,Καλλιθέα,40.0752352,23.4468501,,2026-09-03,,,xe.gr agency page,2026-10-01T17:56:46Z,7ce0c050-3e66-4b73-b642-1c2c4cd80905,2026-10-01,2026-10-01
xe.gr,ARCUS REAL ESTATE,https://www.xe.gr/property/d/poliseis-gis-oikopedon/7df240d9-adef-4dbc-98a7-057f87b81bc2/nea-pentelh-320000-404,Οικόπεδο 404 τ.μ. · Νέα Πεντέλη,sale,land,320000.0,404.0,,,,Νέα Πεντέλη,,,,2026-04-09,,,xe.gr agency page,2026-10-01T17:56:46Z,7df240d9-adef-4dbc-98a7-057f87b81bc2,2026-10-01,2026-10-01
xe.gr,Aspis Real Estate Ανατολικής  Θεσσαλονίκης,https://www.xe.gr/property/d/poliseis-gis-oikopedon/8086b6ae-c8a8-49ec-926b-dc886dc07828/panorama-400000-2050,Αγροτεμάχιο 2.050 τ.μ. · Πανόραμα,sale,land,400000.0,2.05,,,,Πανόραμα,40.5899711,23.0403117,,2026-09-17,,,xe.gr agency page,2026-10-01T17:56:46Z,8086b6ae-c8a8-49ec-926b-dc886dc07828,2026-10-01,2026-10-01
xe.gr,Tatogio Home,https://www.xe.gr/property/d/poliseis-gis-oikopedon/8372d916-f277-49e1-996c-4601f6710523/kokkinhs-40000-520,Οικόπεδο 520 τ.μ. · Κόκκινης,sale,land,40000.0,520.0,,,,Κόκκινης,38.0608706,24.3176014,,2026-09-24,,,xe.gr agency page,2026-10-01T17:56:46Z,8372d916-f277-49e1-996c-4601f6710523,2026-10-01,2026-10-01
xe.gr,Πασχαλίδης Δημήτριος,https://www.xe.gr/property/d/poliseis-gis-oikopedon/8727d6e7-52b7-4079-9038-322addb04276/kalochori-200000-4650,Αγροτεμάχιο 4.650 τ.μ. · Kalochori,sale,land,200000.0,4.65,,,,Kalochori,,,,2026-07-02,,,xe.gr agency page,2026-10-01T17:56:46Z,8727d6e7-52b7-4079-9038-322addb04276,2026-10-01,2026-10-01
xe.gr,Σαραφούδης Νικόλαος,https://www.xe.gr/property/d/poliseis-gis-oikopedon/8af4c601-b921-414d-b2fa-514c9ed312c0/echedwro-320000-10000,Αγροτεμάχιο 10.000 τ.μ. · Εχέδωρο,sale,land,320000.0,10.0,,,,Εχέδωρο,40.7018131,22.8209412,,2026-08-27,,,xe.gr agency page,2026-10-01T17:56:46Z,8af4c601-b921-414d-b2fa-514c9ed312c0,2026-10-01,2026-10-01
xe.gr,ARCUS REAL ESTATE,https://www.xe.gr/property/d/poliseis-gis-oikopedon/8c12bcd3-639d-4a00-b418-1ef6385423b4/lagkadas-7000-627,Αγροτεμάχιο 627 τ.μ. · Λαγκαδάς,sale,land,7000.0,627.0,,,,Λαγκαδάς,,,,2026-09-25,,,xe.gr agency page,2026-10-01T17:56:46Z,8c12bcd3-639d-4a00-b418-1ef6385423b4,2026-10-01,2026-10-01
xe.gr,Γαιοκτησίες,https://www.xe.gr/property/d/poliseis-gis-oikopedon/8fd7de49-e5bc-4f23-a886-648061b6cdd3/ormylia-800000-18748,Αγροτεμάχιο 18.748 τ.μ. · Ορμύλια,sale,land,800000.0,18.748,,,,Ορμύλια,40.226732,23.5885,,2026-06-25,,,xe.gr agency page,2026-10-01T17:56:46Z,8fd7de49-e5bc-4f23-a886-648061b6cdd3,2026-10-01,2026-10-01
xe.gr,ARCUS REAL ESTATE,https://www.xe.gr/property/d/poliseis-gis-oikopedon/908693f5-d5ce-487b-ae5d-6e50623e4dbe/perama-kentro-50000-110,Οικόπεδο 110 τ.μ. · Πέραμα (Κέντρο),sale,land,50000.0,110.0,,,,Πέραμα (Κέντρο),,,,2026-04-16,,,xe.gr agency page,2026-10-01T17:56:46Z,908693f5-d5ce-487b-ae5d-6e50623e4dbe,2026-10-01,2026-10-01
xe.gr,KEY PROPERTIES,https://www.xe.gr/property/d/poliseis-gis-oikopedon/91369ed8-aa40-484d-a473-684e0ac78b29/chortiaths-25000-234,Αγροτεμάχιο 234 τ.μ. · Χορτιάτης,sale,land,25000.0,234.0,,,,Χορτιάτης,,,,2026-09-10,,,xe.gr agency page,2026-10-01T17:56:46Z,91369ed8-aa40-484d-a473-684e0ac78b29,2026-10-01,2026-10-01
xe.gr,Γαιοκτησίες,https://www.xe.gr/property/d/poliseis-gis-oikopedon/91f4cfb2-14ee-4562-a6d4-6026f3c9305c/eyosmos-1200000-3092,Οικόπεδο 3.092 τ.μ. · Εύοσμος,sale,land,1200000.0,3.092,,,,Εύοσμος,40.6783588,22.9119808,,2026-06-18,,,xe.gr agency page,2026-10-01T17:56:46Z,91f4cfb2-14ee-4562-a6d4-6026f3c9305c,2026-10-01,2026-10-01
xe.gr,Aspis Real Estate Ανατολικής  Θεσσαλονίκης,https://www.xe.gr/property/d/poliseis-gis-oikopedon/92a6adac-1753-4557-b302-e83c7afdbc40/kardia-300000-6745,Αγροτεμάχιο 6.745 τ.μ. · Καρδία,sale,land,300000.0,6.745,,,,Καρδία,40.4683516,22.9933146,,2026-07-30,,,xe.gr agency page,2026-10-01T17:56:46Z,92a6adac-1753-4557-b302-e83c7afdbc40,2026-10-01,2026-10-01
xe.gr,REVA,https://www.xe.gr/property/d/poliseis-gis-oikopedon/975704f8-c99c-4552-9b82-438780b323b8/poseidi-6000000-24000,Αγροτεμάχιο 24.000 τ.μ. · Ποσείδι,sale,land,6000000.0,24.0,,,,Ποσείδι,39.9639827,23.380145,,2026-06-11,,,xe.gr agency page,2026-10-01T17:56:46Z,975704f8-c99c-4552-9b82-438780b323b8,2026-10-01,2026-10-01
xe.gr,Anyhome,https://www.xe.gr/property/d/poliseis-gis-oikopedon/98738fee-e811-4fe8-be01-2c1fd8d939b9/pylaia-1000000-4463,Αγροτεμάχιο 4.463 τ.μ. · Πυλαία,sale,land,1000000.0,4.463,,,,Πυλαία,,,,2026-09-24,,,xe.gr agency page,2026-10-01T17:56:46Z,98738fee-e811-4fe8-be01-2c1fd8d939b9,2026-10-01,2026-10-01
xe.gr,REVA,https://www.xe.gr/property/d/poliseis-gis-oikopedon/9975ad6e-020a-4d97-9173-9acacdefa45d/ammoylianh-350000-11000,Αγροτεμάχιο 11.000 τ.μ. · Αμμουλιανή,sale,land,350000.0,11.0,,,,Αμμουλιανή,40.3311085,23.9220715,,2026-06-11,,,xe.gr agency page,2026-10-01T17:56:46Z,9975ad6e-020a-4d97-9173-9acacdefa45d,2026-10-01,2026-10-01
xe.gr,Infox Real Estate,https://www.xe.gr/property/d/poliseis-gis-oikopedon/9bc36fe4-a575-430a-a1e6-24c3f7db7ed5/vrysh-1200000-11000,Οικόπεδο 11.000 τ.μ. · Βρύση,sale,land,1200000.0,11.0,,,,Βρύση,40.7312395,24.0043622,,2026-01-08,,,xe.gr agency page,2026-10-01T17:56:46Z,9bc36fe4-a575-430a-a1e6-24c3f7db7ed5,2026-10-01,2026-10-01
xe.gr,Oikies Real Estate,https://www.xe.gr/property/d/poliseis-gis-oikopedon/9c5db1ce-c842-4ece-b35f-f25fbd48390d/vrasna-100000-638,Οικόπεδο 638 τ.μ. · Βρασνά,sale,land,100000.0,638.0,,,,Βρασνά,40.7024341,23.6539616,,2026-09-10,,,xe.gr agency page,2026-10-01T17:56:46Z,9c5db1ce-c842-4ece-b35f-f25fbd48390d,2026-10-01,2026-10-01
xe.gr,Rooted Pillar Real Estate,https://www.xe.gr/property/d/poliseis-gis-oikopedon/9d55b785-1dbd-4e01-9a10-909a7afe85ce/ermoypolh-220000-291000,Οικόπεδο 291.000 τ.μ. · Ερμούπολη,sale,land,220000.0,291.0,,,,Ερμούπολη,,,,2026-05-28,,,xe.gr agency page,2026-10-01T17:56:46Z,9d55b785-1dbd-4e01-9a10-909a7afe85ce,2026-10-01,2026-10-01
xe.gr,Cozy Real Estate,https://www.xe.gr/property/d/poliseis-gis-oikopedon/9e0bef81-67bc-4f21-a6ba-f5b710ac683b/kalamaria-240000-243,Οικόπεδο 243 τ.μ. · Καλαμαριά,sale,land,240000.0,243.0,,,,Καλαμαριά,,,,2026-09-03,,,xe.gr agency page,2026-10-01T17:56:46Z,9e0bef81-67bc-4f21-a6ba-f5b710ac683b,2026-10-01,2026-10-01
xe.gr,Σαραφούδης Νικόλαος,https://www.xe.gr/property/d/poliseis-gis-oikopedon/9ef99860-a1e9-44de-a798-5ba3b6fe5848/kallithea-250000-5250,Αγροτεμάχιο 5.250 τ.μ. · Καλλιθέα,sale,land,250000.0,5.25,,,,Καλλιθέα,40.70257,22.852584,,2026-08-27,,,xe.gr agency page,2026-10-01T17:56:46Z,9ef99860-a1e9-44de-a798-5ba3b6fe5848,2026-10-01,2026-10-01
xe.gr,Tatogio Home,https://www.xe.gr/property/d/poliseis-gis-oikopedon/a049e7e2-b9fa-4329-8243-3ceb5375c7c4/kokkinhs-25000-515,Οικόπεδο 515 τ.μ. · Κόκκινης,sale,land,25000.0,515.0,,,,Κόκκινης,38.060996,24.313614,,2026-09-17,,,xe.gr agency page,2026-10-01T17:56:46Z,a049e7e2-b9fa-4329-8243-3ceb5375c7c4,2026-10-01,2026-10-01
xe.gr,Νέα Πολιτεία,https://www.xe.gr/property/d/poliseis-gis-oikopedon/a3d7cecd-2503-4560-ac10-78f782e93c1e/asprovalta-50000-150,Οικόπεδο 150 τ.μ. · Ασπροβάλτα,sale,land,50000.0,150.0,,,,Ασπροβάλτα,40.7014208,23.6982242,,2026-07-02,,,xe.gr agency page,2026-10-01T17:56:46Z,a3d7cecd-2503-4560-ac10-78f782e93c1e,2026-10-01,2026-10-01
xe.gr,Stavros Ioannidis Real Estate,https://www.xe.gr/property/d/poliseis-gis-oikopedon/a3fad3f9-e196-40a1-a52e-20ac694a39e7/patriarchika-pylaia-1000000-10980,Αγροτεμάχιο 10.980 τ.μ. · Πατριαρχικά (Πυλαία),sale,land,1000000.0,10.98,,,,Πατριαρχικά (Πυλαία),,,,2025-12-25,,,xe.gr agency page,2026-10-01T17:56:46Z,a3fad3f9-e196-40a1-a52e-20ac694a39e7,2026-10-01,2026-10-01
xe.gr,Νέα Πολιτεία,https://www.xe.gr/property/d/poliseis-gis-oikopedon/a5a91a3b-32dc-43c9-ad95-280e2b5626d7/vasilika-70000-404,Οικόπεδο 404 τ.μ. · Βασιλικα,sale,land,70000.0,404.0,,,,Βασιλικα,40.485997,23.140573,,2026-07-02,,,xe.gr agency page,2026-10-01T17:56:46Z,a5a91a3b-32dc-43c9-ad95-280e2b5626d7,2026-10-01,2026-10-01
xe.gr,Cozy Real Estate,https://www.xe.gr/property/d/poliseis-gis-oikopedon/a69381fc-aaf4-4036-bcb5-a95ec919db2d/eykarpia-200-575,Αγροτεμάχιο 575 τ.μ. · Ευκαρπία,sale,land,200.0,575.0,,,,Ευκαρπία,,,,2026-09-03,,,xe.gr agency page,2026-10-01T17:56:46Z,a69381fc-aaf4-4036-bcb5-a95ec919db2d,2026-10-01,2026-10-01
xe.gr,Infox Real Estate,https://www.xe.gr/property/d/poliseis-gis-oikopedon/aa77b0de-5fe0-4cb4-af22-264f92be49d8/thasos-28000-1705,Αγροτεμάχιο 1.705 τ.μ. · Θάσος,sale,land,28000.0,1.705,,,,Θάσος,40.753369,24.584489,,2026-09-03,,,xe.gr agency page,2026-10-01T17:56:46Z,aa77b0de-5fe0-4cb4-af22-264f92be49d8,2026-10-01,2026-10-01
xe.gr,Rooted Pillar Real Estate,https://www.xe.gr/property/d/poliseis-gis-oikopedon/aaf30d50-11bf-4f9d-a2c5-e4a4e3ef37e2/afytos-1380000-13400,Αγροτεμάχιο 13.400 τ.μ. · Άφυτος,sale,land,1380000.0,13.4,,,,Άφυτος,,,,2026-05-28,,,xe.gr agency page,2026-10-01T17:56:46Z,aaf30d50-11bf-4f9d-a2c5-e4a4e3ef37e2,2026-10-01,2026-10-01
xe.gr,Aspis Real Estate Θεσσαλονίκη Κέντρο – Δυτική,https://www.xe.gr/property/d/poliseis-gis-oikopedon/b1f8b6ca-11a3-4d54-986b-30a83f70c365/wraiokastro-276000-8724,Αγροτεμάχιο 8.724 τ.μ. · Ωραιόκαστρο,sale,land,276000.0,8.724,,,,Ωραιόκαστρο,,,,2026-09-17,,,xe.gr agency page,2026-10-01T17:56:46Z,b1f8b6ca-11a3-4d54-986b-30a83f70c365,2026-10-01,2026-10-01
xe.gr,Νέα Πολιτεία,https://www.xe.gr/property/d/poliseis-gis-oikopedon/b2216bd7-51d5-458d-9222-da46a9171138/amfipolh-700000-8100,Οικόπεδο 8.100 τ.μ. · Αμφίπολη,sale,land,700000.0,8.1,,,,Αμφίπολη,,,,2026-07-02,,,xe.gr agency page,2026-10-01T17:56:46Z,b2216bd7-51d5-458d-9222-da46a9171138,2026-10-01,2026-10-01
xe.gr,Πασχαλίδης Δημήτριος,https://www.xe.gr/property/d/poliseis-gis-oikopedon/b7742f2e-9110-47f4-b32a-a0559665328b/kalochwri-360000-12500,Αγροτεμάχιο 12.500 τ.μ. · Καλοχώρι,sale,land,360000.0,12.5,,,,Καλοχώρι,,,,2026-07-02,,,xe.gr agency page,2026-10-01T17:56:46Z,b7742f2e-9110-47f4-b32a-a0559665328b,2026-10-01,2026-10-01
xe.gr,Tatogio Home,https://www.xe.gr/property/d/poliseis-gis-oikopedon/b8476886-f19c-4fb8-8f95-0421a2938fba/marmari-35000-515,Οικόπεδο 515 τ.μ. · Μαρμάρι,sale,land,35000.0,515.0,,,,Μαρμάρι,,,,2026-09-17,,,xe.gr agency page,2026-10-01T17:56:46Z,b8476886-f19c-4fb8-8f95-0421a2938fba,2026-10-01,2026-10-01
xe.gr,Σαραφούδης Νικόλαος,https://www.xe.gr/property/d/poliseis-gis-oikopedon/bbffa7b3-fd3c-4b45-9bdc-088362a8c0d8/wraiokastro-285000-10500,Αγροτεμάχιο 10.500 τ.μ. · Ωραιόκαστρο,sale,land,285000.0,10.5,,,,Ωραιόκαστρο,40.7037802,22.8837459,,2026-08-27,,,xe.gr agency page,2026-10-01T17:56:46Z,bbffa7b3-fd3c-4b45-9bdc-088362a8c0d8,2026-10-01,2026-10-01
xe.gr,REAL A,https://www.xe.gr/property/d/poliseis-gis-oikopedon/bd314289-782e-45c9-acc2-ca8f85041915/stageira-akanthos-200000-8000,Αγροτεμάχιο 8.000 τ.μ. · Στάγειρα Άκανθος,sale,land,200000.0,8.0,,,,Στάγειρα Άκανθος,,,,2026-09-17,,,xe.gr agency page,2026-10-01T17:56:46Z,bd314289-782e-45c9-acc2-ca8f85041915,2026-10-01,2026-10-01
xe.gr,Rooted Pillar Real Estate,https://www.xe.gr/property/d/poliseis-gis-oikopedon/bda534fd-40c8-492d-aa96-00579aae4316/kardia-760000-19000,Αγροτεμάχιο 19.000 τ.μ. · Καρδία,sale,land,760000.0,19.0,,,,Καρδία,,,,2026-05-28,,,xe.gr agency page,2026-10-01T17:56:46Z,bda534fd-40c8-492d-aa96-00579aae4316,2026-10-01,2026-10-01
xe.gr,Aspis Real Estate Θεσσαλονίκη Κέντρο – Δυτική,https://www.xe.gr/property/d/poliseis-gis-oikopedon/c1069f44-2022-481a-9e92-a92cfd1c0dec/koiliwmenos-130000-6350,Οικόπεδο 6.350 τ.μ. · Κοιλιωμένος,sale,land,130000.0,6.35,,,,Κοιλιωμένος,,,,2026-09-17,,,xe.gr agency page,2026-10-01T17:56:46Z,c1069f44-2022-481a-9e92-a92cfd1c0dec,2026-10-01,2026-10-01
xe.gr,Oikies Real Estate,https://www.xe.gr/property/d/poliseis-gis-oikopedon/c4677a0b-43e8-43cd-8829-e82a1045ea39/panorama-440000-2062,Αγροτεμάχιο 2.062 τ.μ. · Πανόραμα,sale,land,440000.0,2.062,,,,Πανόραμα,40.5729748,23.0147558,,2026-09-17,,,xe.gr agency page,2026-10-01T17:56:46Z,c4677a0b-43e8-43cd-8829-e82a1045ea39,2026-10-01,2026-10-01
xe.gr,noikiaseto.gr,https://www.xe.gr/property/d/poliseis-gis-oikopedon/c6539e2a-0b93-4ee2-95b6-6925ed4daca9/nea-raidestos-129000-7000,Αγροτεμάχιο 7.000 τ.μ. · Νέα Ραιδεστός,sale,land,129000.0,7.0,,,,Νέα Ραιδεστός,,,,2026-06-25,,,xe.gr agency page,2026-10-01T17:56:46Z,c6539e2a-0b93-4ee2-95b6-6925ed4daca9,2026-10-01,2026-10-01
xe.gr,Infox Real Estate,https://www.xe.gr/property/d/poliseis-gis-oikopedon/c79b547b-752e-4680-8d80-9e7bdf3913ce/vrachati-180000-500,Οικόπεδο 500 τ.μ. · Βραχάτι,sale,land,180000.0,500.0,,,,Βραχάτι,37.9558249,22.8167946,,2026-09-24,,,xe.gr agency page,2026-10-01T17:56:46Z,c79b547b-752e-4680-8d80-9e7bdf3913ce,2026-10-01,2026-10-01
xe.gr,Papastefanou Real,https://www.xe.gr/property/d/poliseis-gis-oikopedon/c853a96a-da7a-44a9-a616-21156386b6ce/neos-marmaras-4000000-11000,Αγροτεμάχιο 11.000 τ.μ. · Νέος Μαρμαράς,sale,land,4000000.0,11.0,,,,Νέος Μαρμαράς,40.07985900000001,23.791904,,2026-03-05,,,xe.gr agency page,2026-10-01T17:56:46Z,c853a96a-da7a-44a9-a616-21156386b6ce,2026-10-01,2026-10-01
xe.gr,Tatogio Home,https://www.xe.gr/property/d/poliseis-gis-oikopedon/c8c875e2-d1fc-4e1d-913e-7621fdf37599/marmari-60000-510,Οικόπεδο 510 τ.μ. · Μαρμάρι,sale,land,60000.0,510.0,,,,Μαρμάρι,38.0633032,24.3213059,,2026-09-29,,,xe.gr agency page,2026-10-01T17:56:46Z,c8c875e2-d1fc-4e1d-913e-7621fdf37599,2026-10-01,2026-10-01
xe.gr,Stavros Ioannidis Real Estate,https://www.xe.gr/property/d/poliseis-gis-oikopedon/ca316554-3864-42ba-a287-4a76fde57f56/wraiokastro-1200000-3875,Οικόπεδο 3.875 τ.μ. · Ωραιόκαστρο,sale,land,1200000.0,3.875,,,,Ωραιόκαστρο,,,,2025-12-25,,,xe.gr agency page,2026-10-01T17:56:46Z,ca316554-3864-42ba-a287-4a76fde57f56,2026-10-01,2026-10-01
xe.gr,Anyhome,https://www.xe.gr/property/d/poliseis-gis-oikopedon/ca5e186b-ad64-4007-8415-7766c2c404f1/kallithea-190000-8000,Αγροτεμάχιο 8.000 τ.μ. · Καλλιθέα,sale,land,190000.0,8.0,,,,Καλλιθέα,,,,2026-09-27,,,xe.gr agency page,2026-10-01T17:56:46Z,ca5e186b-ad64-4007-8415-7766c2c404f1,2026-10-01,2026-10-01
xe.gr,Γαιοκτησίες,https://www.xe.gr/property/d/poliseis-gis-oikopedon/ca83e83b-db7a-4f8e-bed5-e891307d379d/kassandreia-1380000-13400,Αγροτεμάχιο 13.400 τ.μ. · Κασσανδρεία,sale,land,1380000.0,13.4,,,,Κασσανδρεία,40.1083647,23.429856,,2026-06-18,,,xe.gr agency page,2026-10-01T17:56:46Z,ca83e83b-db7a-4f8e-bed5-e891307d379d,2026-10-01,2026-10-01
xe.gr,Cozy Real Estate,https://www.xe.gr/property/d/poliseis-gis-oikopedon/cc095722-4aa0-45ac-94b7-30128550f4a4/lygia-330000-1200,Οικόπεδο 1.200 τ.μ. · Λυγιά,sale,land,330000.0,1.2,,,,Λυγιά,,,,2026-08-06,,,xe.gr agency page,2026-10-01T17:56:46Z,cc095722-4aa0-45ac-94b7-30128550f4a4,2026-10-01,2026-10-01
xe.gr,KEY PROPERTIES,https://www.xe.gr/property/d/poliseis-gis-oikopedon/cefaa0f3-5131-4555-8f22-36afcce95457/ladochwrion-60000-416,Οικόπεδο 416 τ.μ. · Λαδοχώριον,sale,land,60000.0,416.0,,,,Λαδοχώριον,,,,2026-05-21,,,xe.gr agency page,2026-10-01T17:56:46Z,cefaa0f3-5131-4555-8f22-36afcce95457,2026-10-01,2026-10-01
xe.gr,Oikies Real Estate,https://www.xe.gr/property/d/poliseis-gis-oikopedon/d0900e5f-6eae-49bb-8a34-ad8c54df07dc/galatista-110000-900,Αγροτεμάχιο 900 τ.μ. · Γαλάτιστα,sale,land,110000.0,900.0,,,,Γαλάτιστα,40.4683212,23.2751777,,2026-09-24,,,xe.gr agency page,2026-10-01T17:56:46Z,d0900e5f-6eae-49bb-8a34-ad8c54df07dc,2026-10-01,2026-10-01
xe.gr,Stavros Ioannidis Real Estate,https://www.xe.gr/property/d/poliseis-gis-oikopedon/d24f629c-530c-471f-9e2d-215cf32c3854/sidari-530000-9037,Αγροτεμάχιο 9.037 τ.μ. · Σιδάρι,sale,land,530000.0,9.037,,,,Σιδάρι,,,,2026-09-24,,,xe.gr agency page,2026-10-01T17:56:46Z,d24f629c-530c-471f-9e2d-215cf32c3854,2026-10-01,2026-10-01
xe.gr,Aenaos Real Estate + Development,https://www.xe.gr/property/d/poliseis-gis-oikopedon/d527ef18-5a19-446d-97ea-d17fa36f7be4/nikhth-170000-2300,Αγροτεμάχιο 2.300 τ.μ. · Νικήτη,sale,land,170000.0,2.3,,,,Νικήτη,,,,2026-07-02,,,xe.gr agency page,2026-10-01T17:56:46Z,d527ef18-5a19-446d-97ea-d17fa36f7be4,2026-10-01,2026-10-01
xe.gr,Infox Real Estate,https://www.xe.gr/property/d/poliseis-gis-oikopedon/d596707d-abd9-4fc1-911f-bef28ed7c97b/royssa-ekklhsia-150000-1071,Οικόπεδο 1.071 τ.μ. · Ρούσσα Εκκλησία,sale,land,150000.0,1.071,,,,Ρούσσα Εκκλησία,35.180054,26.145732,,2026-09-03,,,xe.gr agency page,2026-10-01T17:56:46Z,d596707d-abd9-4fc1-911f-bef28ed7c97b,2026-10-01,2026-10-01
xe.gr,Real Estate Plus Construction,https://www.xe.gr/property/d/poliseis-gis-oikopedon/d7a68b39-a7ec-4c1c-8213-56f024ba7e4e/sanh-2000000-14500,Αγροτεμάχιο 14.500 τ.μ. · Σάνη,sale,land,2000000.0,14.5,,,,Σάνη,,,,2026-03-12,,,xe.gr agency page,2026-10-01T17:56:46Z,d7a68b39-a7ec-4c1c-8213-56f024ba7e4e,2026-10-01,2026-10-01
xe.gr,Cozy Real Estate,https://www.xe.gr/property/d/poliseis-gis-oikopedon/dccd333d-ebfd-4688-978a-0401e49e9478/sivhrh-470000-4000,Αγροτεμάχιο 4.000 τ.μ. · Σίβηρη,sale,land,470000.0,4.0,,,,Σίβηρη,,,,2026-05-28,,,xe.gr agency page,2026-10-01T17:56:46Z,dccd333d-ebfd-4688-978a-0401e49e9478,2026-10-01,2026-10-01
xe.gr,Ihouse,https://www.xe.gr/property/d/poliseis-gis-oikopedon/dd91dc73-f28e-427b-8411-bd7777497be4/paralia-sykias-40000-500,Οικόπεδο 500 τ.μ. · Παραλία Συκιάς,sale,land,40000.0,500.0,,,,Παραλία Συκιάς,40.020779,23.999542,,2026-04-09,,,xe.gr agency page,2026-10-01T17:56:46Z,dd91dc73-f28e-427b-8411-bd7777497be4,2026-10-01,2026-10-01
xe.gr,noikiaseto.gr,https://www.xe.gr/property/d/poliseis-gis-oikopedon/e01afe33-f803-426a-b97e-9fd8b576e454/chortiaths-10000-1450,Αγροτεμάχιο 1.450 τ.μ. · Χορτιάτης,sale,land,10000.0,1.45,,,,Χορτιάτης,,,,2026-06-25,,,xe.gr agency page,2026-10-01T17:56:46Z,e01afe33-f803-426a-b97e-9fd8b576e454,2026-10-01,2026-10-01
xe.gr,Ihouse,https://www.xe.gr/property/d/poliseis-gis-oikopedon/e1c8cf3a-3408-495e-a3a0-1e6b22db8db6/thessalonikh-neapolh-190000-261,Οικόπεδο 261 τ.μ. · Θεσσαλονίκη (Νεάπολη),sale,land,190000.0,261.0,,,,Θεσσαλονίκη (Νεάπολη),40.64852279999999,22.9384449,,2025-12-25,,,xe.gr agency page,2026-10-01T17:56:46Z,e1c8cf3a-3408-495e-a3a0-1e6b22db8db6,2026-10-01,2026-10-01
xe.gr,Cozy Real Estate,https://www.xe.gr/property/d/poliseis-gis-oikopedon/e45874b3-2229-4ce0-8cb5-026c0be462f8/eyosmos-680000-15000,Αγροτεμάχιο 15.000 τ.μ. · Εύοσμος,sale,land,680000.0,15.0,,,,Εύοσμος,,,,2026-09-25,,,xe.gr agency page,2026-10-01T17:56:46Z,e45874b3-2229-4ce0-8cb5-026c0be462f8,2026-10-01,2026-10-01
xe.gr,ARCUS REAL ESTATE,https://www.xe.gr/property/d/poliseis-gis-oikopedon/e84af9f4-99bc-4344-b92f-0b0deedff3be/thermh-680000-3872,Αγροτεμάχιο 3.872 τ.μ. · Θέρμη,sale,land,680000.0,3.872,,,,Θέρμη,,,,2026-08-27,,,xe.gr agency page,2026-10-01T17:56:46Z,e84af9f4-99bc-4344-b92f-0b0deedff3be,2026-10-01,2026-10-01
xe.gr,Papastefanou Real,https://www.xe.gr/property/d/poliseis-gis-oikopedon/e8e03672-60e1-4a58-8587-51b4b3031e6a/thhra-900000-6500,Οικόπεδο 6.500 τ.μ. · Θήρα,sale,land,900000.0,6.5,,,,Θήρα,,,,2026-03-05,,,xe.gr agency page,2026-10-01T17:56:46Z,e8e03672-60e1-4a58-8587-51b4b3031e6a,2026-10-01,2026-10-01
xe.gr,Papastefanou Real,https://www.xe.gr/property/d/poliseis-gis-oikopedon/e8e5183c-fcdd-41a1-8389-b74475851f4e/vathy-65000-480,Οικόπεδο 480 τ.μ. · Βαθύ,sale,land,65000.0,480.0,,,,Βαθύ,,,,2026-09-24,,,xe.gr agency page,2026-10-01T17:56:46Z,e8e5183c-fcdd-41a1-8389-b74475851f4e,2026-10-01,2026-10-01
xe.gr,Aspis Real Estate Θεσσαλονίκη Κέντρο – Δυτική,https://www.xe.gr/property/d/poliseis-gis-oikopedon/eb98dd0c-45df-4206-a3bb-13de2004812f/polykarpi-10000-400,Οικόπεδο 400 τ.μ. · Πολυκάρπι,sale,land,10000.0,400.0,,,,Πολυκάρπι,,,,2026-09-17,,,xe.gr agency page,2026-10-01T17:56:46Z,eb98dd0c-45df-4206-a3bb-13de2004812f,2026-10-01,2026-10-01
xe.gr,KEY PROPERTIES,https://www.xe.gr/property/d/poliseis-gis-oikopedon/ecbf90ab-6588-4faa-a4e9-b120c10a9c4d/dhmos-agioy-gewrgioy-thessalonikhs-50000-140,Οικόπεδο 140 τ.μ. · Δήμος Αγίου Γεωργίου Θεσσαλονίκης,sale,land,50000.0,140.0,,,,Δήμος Αγίου Γεωργίου Θεσσαλονίκης,,,,2026-05-21,,,xe.gr agency page,2026-10-01T17:56:46Z,ecbf90ab-6588-4faa-a4e9-b120c10a9c4d,2026-10-01,2026-10-01
xe.gr,KEY PROPERTIES,https://www.xe.gr/property/d/poliseis-gis-oikopedon/ef0cc2ab-097c-423b-ad42-696ae252aea7/nea-moydania-400000-6450,Αγροτεμάχιο 6.450 τ.μ. · Νέα Μουδανιά,sale,land,400000.0,6.45,,,,Νέα Μουδανιά,,,,2026-05-21,,,xe.gr agency page,2026-10-01T17:56:46Z,ef0cc2ab-097c-423b-ad42-696ae252aea7,2026-10-01,2026-10-01
xe.gr,Stavros Ioannidis Real Estate,https://www.xe.gr/property/d/poliseis-gis-oikopedon/f056c8f8-b54c-40a1-b991-146866369fc3/wraiokastro-800000-2385,Οικόπεδο 2.385 τ.μ. · Ωραιόκαστρο,sale,land,800000.0,2.385,,,,Ωραιόκαστρο,,,,2025-12-25,,,xe.gr agency page,2026-10-01T17:56:46Z,f056c8f8-b54c-40a1-b991-146866369fc3,2026-10-01,2026-10-01
xe.gr,Stavros Ioannidis Real Estate,https://www.xe.gr/property/d/poliseis-gis-oikopedon/f274f3dc-fa24-4eb4-a31b-f8e88b832960/pylaia-1500000-24003,Αγροτεμάχιο 24.003 τ.μ. · Πυλαία,sale,land,1500000.0,24.003,,,,Πυλαία,,,,2025-12-25,,,xe.gr agency page,2026-10-01T17:56:46Z,f274f3dc-fa24-4eb4-a31b-f8e88b832960,2026-10-01,2026-10-01
xe.gr,noikiaseto.gr,https://www.xe.gr/property/d/poliseis-gis-oikopedon/f3581249-6280-4199-a77b-2e12fb71978d/nea-potidea-30000-500,Αγροτεμάχιο 500 τ.μ. · Nea Potidea,sale,land,30000.0,500.0,,,,Nea Potidea,40.148685,23.3190202,,2026-06-25,,,xe.gr agency page,2026-10-01T17:56:46Z,f3581249-6280-4199-a77b-2e12fb71978d,2026-10-01,2026-10-01
xe.gr,Aspis Real Estate Ανατολικής  Θεσσαλονίκης,https://www.xe.gr/property/d/poliseis-gis-oikopedon/f5332fb1-1c99-4527-8225-422676f682b3/peraia-170000-6000,Αγροτεμάχιο 6.000 τ.μ. · Περαία,sale,land,170000.0,6.0,,,,Περαία,40.49735889999999,22.9232279,,2026-07-30,,,xe.gr agency page,2026-10-01T17:56:46Z,f5332fb1-1c99-4527-8225-422676f682b3,2026-10-01,2026-10-01
xe.gr,ANTHIMIADIS ESTATE,https://www.xe.gr/property/d/poliseis-gis-oikopedon/f8cda3b0-78eb-4d9f-921e-111d25ff04da/diavata-670000-36071,Αγροτεμάχιο 36.071 τ.μ. · Διαβατά,sale,land,670000.0,36.071,,,,Διαβατά,40.69681,22.883876,,2026-06-18,,,xe.gr agency page,2026-10-01T17:56:46Z,f8cda3b0-78eb-4d9f-921e-111d25ff04da,2026-10-01,2026-10-01
xe.gr,ANTHIMIADIS ESTATE,https://www.xe.gr/property/d/poliseis-gis-oikopedon/f9d651c3-30ff-4e50-badc-6e202832e6c8/nea-kallikrateia-39000-600,Αγροτεμάχιο 600 τ.μ. · Νέα Καλλικράτεια,sale,land,39000.0,600.0,,,,Νέα Καλλικράτεια,40.321642,23.045251,,2026-05-28,,,xe.gr agency page,2026-10-01T17:56:46Z,f9d651c3-30ff-4e50-badc-6e202832e6c8,2026-10-01,2026-10-01
xe.gr,Σαραφούδης Νικόλαος,https://www.xe.gr/property/d/poliseis-gis-oikopedon/f9e78b5b-d843-4d60-bc66-f0bfd5348a06/kalochwri-90000-2000,Αγροτεμάχιο 2.000 τ.μ. · Καλοχώρι,sale,land,90000.0,2.0,,,,Καλοχώρι,40.6477238,22.8717986,,2026-08-27,,,xe.gr agency page,2026-10-01T17:56:46Z,f9e78b5b-d843-4d60-bc66-f0bfd5348a06,2026-10-01,2026-10-01
xe.gr,REVA,https://www.xe.gr/property/d/poliseis-gis-oikopedon/f9eeda09-c910-44e1-9160-8af8918daca0/nikhth-800000-16000,Αγροτεμάχιο 16.000 τ.μ. · Νικήτη,sale,land,800000.0,16.0,,,,Νικήτη,40.186026,23.7050135,,2026-05-07,,,xe.gr agency page,2026-10-01T17:56:46Z,f9eeda09-c910-44e1-9160-8af8918daca0,2026-10-01,2026-10-01
xe.gr,Πασχαλίδης Δημήτριος,https://www.xe.gr/property/d/poliseis-gis-oikopedon/fbdf6eb8-e791-4571-bd97-3eee9ef3ceb1/kalochwri-1300000-35000,Αγροτεμάχιο 35.000 τ.μ. · Καλοχώρι,sale,land,1300000.0,35.0,,,,Καλοχώρι,,,,2026-07-02,,,xe.gr agency page,2026-10-01T17:56:46Z,fbdf6eb8-e791-4571-bd97-3eee9ef3ceb1,2026-10-01,2026-10-01
xe.gr,Katerina Mandalianou Realty & Design,https://www.xe.gr/property/d/poliseis-gis-oikopedon/fc6b271b-2bf0-4ddd-909d-ae2e5a2c9901/nea-fwkaia-210000-4284,Αγροτεμάχιο 4.284 τ.μ. · Νέα Φώκαια,sale,land,210000.0,4.284,,,,Νέα Φώκαια,40.1194367,23.3560963,,2026-07-30,,,xe.gr agency page,2026-10-01T17:56:46Z,fc6b271b-2bf0-4ddd-909d-ae2e5a2c9901,2026-10-01,2026-10-01
xe.gr,Katerina Mandalianou Realty & Design,https://www.xe.gr/property/d/poliseis-gis-oikopedon/fd6ed67a-ce84-4faf-9a02-33b23ee869a2/palioyri-340000-4218,Αγροτεμάχιο 4.218 τ.μ. · Παλιούρι,sale,land,340000.0,4.218,,,,Παλιούρι,39.974027,23.667072,,2026-04-16,,,xe.gr agency page,2026-10-01T17:56:46Z,fd6ed67a-ce84-4faf-9a02-33b23ee869a2,2026-10-01,2026-10-01
xe.gr,ARCUS REAL ESTATE,https://www.xe.gr/property/d/poliseis-gis-oikopedon/fdbff390-b5a4-48f5-9752-a73d7721b96b/peiraias-kentrikos-limenas-1200000-233,Οικόπεδο 233 τ.μ. · Πειραιάς (Κεντρικός Λιμένας),sale,land,1200000.0,233.0,,,,Πειραιάς (Κεντρικός Λιμένας),,,,2026-04-16,,,xe.gr agency page,2026-10-01T17:56:46Z,fdbff390-b5a4-48f5-9752-a73d7721b96b,2026-10-01,2026-10-01
xe.gr,Νέα Πολιτεία,https://www.xe.gr/property/d/poliseis-gis-oikopedon/fe6957bc-2685-474e-8781-86c4bbedee39/anw-stayros-90000-700,Οικόπεδο 700 τ.μ. · Άνω Σταυρός,sale,land,90000.0,700.0,,,,Άνω Σταυρός,40.656951,23.700714,,2026-07-02,,,xe.gr agency page,2026-10-01T17:56:46Z,fe6957bc-2685-474e-8781-86c4bbedee39,2026-10-01,2026-10-01
xe.gr,Νέα Πολιτεία,https://www.xe.gr/property/d/poliseis-gis-oikopedon/ffcfa47a-97ec-4194-b13e-a24f65d1b42d/stageira-akanthos-150000-1500,Οικόπεδο 1.500 τ.μ. · Στάγειρα Άκανθος,sale,land,150000.0,1.5,,,,Στάγειρα Άκανθος,40.404082,23.870847,,2026-07-02,,,xe.gr agency page,2026-10-01T17:56:46Z,ffcfa47a-97ec-4194-b13e-a24f65d1b42d,2026-10-01,2026-10-01
xe.gr,CIVILHOME,https://www.xe.gr/property/d/poliseis-katoikion/005f9e09-8a8a-448a-bbbf-591d053a3120/thessalonikh-kentro-270000-95,Διαμέρισμα 95 τ.μ. · Θεσσαλονίκη (Κέντρο),sale,apartment,270000.0,95.0,3,1ος,1966,Θεσσαλονίκη (Κέντρο),40.6344982,22.946449,,2026-09-30,,,xe.gr agency page,2026-10-01T17:56:46Z,005f9e09-8a8a-448a-bbbf-591d053a3120,2026-10-01,2026-10-01
xe.gr,Papastefanou Real,https://www.xe.gr/property/d/poliseis-katoikion/0062f300-d1fd-40dd-abe2-29042056d32a/thessalonikh-falhro-160000-52,Διαμέρισμα 52 τ.μ. · Θεσσαλονίκη (Φάληρο),sale,apartment,160000.0,52.0,1,1ος,1968,Θεσσαλονίκη (Φάληρο),,,,2026-09-25,,,xe.gr agency page,2026-10-01T17:56:46Z,0062f300-d1fd-40dd-abe2-29042056d32a,2026-10-01,2026-10-01
xe.gr,Abitazione,https://www.xe.gr/property/d/poliseis-katoikion/0547b589-204f-4078-8143-b0ca6cd2f48a/thessalonikh-analhpsh-140000-72,Διαμέρισμα 72 τ.μ. · Θεσσαλονίκη (Ανάληψη),sale,apartment,140000.0,72.0,1,1ος,1970,Θεσσαλονίκη (Ανάληψη),40.6031655,22.9613141,,2026-09-17,,,xe.gr agency page,2026-10-01T17:56:46Z,0547b589-204f-4078-8143-b0ca6cd2f48a,2026-10-01,2026-10-01
xe.gr,Θεσμός,https://www.xe.gr/property/d/poliseis-katoikion/0616610d-e177-47dc-9a10-7d3591035a29/thessalonikh-anw-polh-169000-85,Μεζονέτα 85 τ.μ. · Θεσσαλονίκη (Ανω Πόλη),sale,maisonette,169000.0,85.0,2,1ος,1996,Θεσσαλονίκη (Ανω Πόλη),40.6436977,22.9521214,,2026-09-10,,,xe.gr agency page,2026-10-01T17:56:46Z,0616610d-e177-47dc-9a10-7d3591035a29,2026-10-01,2026-10-01
xe.gr,noikiaseto.gr,https://www.xe.gr/property/d/poliseis-katoikion/063fe0fe-e8ff-4afe-bec1-dfe2bea30eed/thessalonikh-xhrokrhnh-230000-100,Διαμέρισμα 100 τ.μ. · Θεσσαλονίκη (Ξηροκρήνη),sale,apartment,230000.0,100.0,1,Ισόγ.,1980,Θεσσαλονίκη (Ξηροκρήνη),,,,2026-09-24,,,xe.gr agency page,2026-10-01T17:56:46Z,063fe0fe-e8ff-4afe-bec1-dfe2bea30eed,2026-10-01,2026-10-01
xe.gr,ΠΑΖΑΡΤΖΗΣ από το 1978!!,https://www.xe.gr/property/d/poliseis-katoikion/079cc498-2d5e-4e71-9cba-ae0a6ba540cb/thessalonikh-anw-polh-160000-55,Διαμέρισμα 55 τ.μ. · Θεσσαλονίκη (Ανω Πόλη),sale,apartment,160000.0,55.0,1,4ος,1963,Θεσσαλονίκη (Ανω Πόλη),,,,2026-09-30,,,xe.gr agency page,2026-10-01T17:56:46Z,079cc498-2d5e-4e71-9cba-ae0a6ba540cb,2026-10-01,2026-10-01
xe.gr,Infox Real Estate,https://www.xe.gr/property/d/poliseis-katoikion/095ad04d-6c11-4162-8997-d679aa1286b6/kalamaria-200000-63,Διαμέρισμα 63 τ.μ. · Καλαμαριά,sale,apartment,200000.0,63.0,2,1ος,1971,Καλαμαριά,40.5866657,22.9637104,,2026-09-29,,,xe.gr agency page,2026-10-01T17:56:46Z,095ad04d-6c11-4162-8997-d679aa1286b6,2026-10-01,2026-10-01
xe.gr,Anyhome,https://www.xe.gr/property/d/poliseis-katoikion/0a6eaa56-7d8c-4b01-a524-b617d8397281/eleytherio-kordelio-159000-88,Διαμέρισμα 88 τ.μ. · Ελευθέριο Κορδελιό,sale,apartment,159000.0,88.0,2,2ος,2002,Ελευθέριο Κορδελιό,,,,2026-09-17,,,xe.gr agency page,2026-10-01T17:56:46Z,0a6eaa56-7d8c-4b01-a524-b617d8397281,2026-10-01,2026-10-01
xe.gr,Rooted Pillar Real Estate,https://www.xe.gr/property/d/poliseis-katoikion/0ae01101-7880-4b71-81a3-867f4538dbd0/thessalonikh-analhpsh-174000-91,Διαμέρισμα 91 τ.μ. · Θεσσαλονίκη (Ανάληψη),sale,apartment,174000.0,91.0,2,2ος,1978,Θεσσαλονίκη (Ανάληψη),,,,2026-05-28,,,xe.gr agency page,2026-10-01T17:56:46Z,0ae01101-7880-4b71-81a3-867f4538dbd0,2026-10-01,2026-10-01
xe.gr,Cozy Real Estate,https://www.xe.gr/property/d/poliseis-katoikion/0b01a435-f242-4c2b-880c-36a8f882e81e/thessalonikh-95000-45,Διαμέρισμα 45 τ.μ. · Θεσσαλονίκη,sale,apartment,95000.0,45.0,1,3ος,,Θεσσαλονίκη,40.6514206,22.9140946,,2026-09-24,,,xe.gr agency page,2026-10-01T17:56:46Z,0b01a435-f242-4c2b-880c-36a8f882e81e,2026-10-01,2026-10-01
xe.gr,Ihouse,https://www.xe.gr/property/d/poliseis-katoikion/0d937682-ae1c-4c65-bfc3-bc0d1a5ba83b/thessalonikh-analhpsh-170000-49,Διαμέρισμα 49 τ.μ. · Θεσσαλονίκη (Ανάληψη),sale,apartment,170000.0,49.0,2,1ος,1962,Θεσσαλονίκη (Ανάληψη),40.6086752,22.955738,,2026-08-20,,,xe.gr agency page,2026-10-01T17:56:46Z,0d937682-ae1c-4c65-bfc3-bc0d1a5ba83b,2026-10-01,2026-10-01
xe.gr,Rooted Pillar Real Estate,https://www.xe.gr/property/d/poliseis-katoikion/0dc32f72-f3d4-4a44-92d5-9206baa2f817/kassandreia-480000-120,Μεζονέτα 120 τ.μ. · Κασσανδρεία,sale,maisonette,480000.0,120.0,3,Ισόγ.,2000,Κασσανδρεία,,,,2026-05-28,,,xe.gr agency page,2026-10-01T17:56:46Z,0dc32f72-f3d4-4a44-92d5-9206baa2f817,2026-10-01,2026-10-01
xe.gr,Katerina Mandalianou Realty & Design,https://www.xe.gr/property/d/poliseis-katoikion/0e49eb71-d2f3-4dfd-8e3b-851801baf394/sykies-160000-72,Διαμέρισμα 72 τ.μ. · Συκιές,sale,apartment,160000.0,72.0,2,2ος,2006,Συκιές,40.6462406,22.9548439,,2026-09-25,,,xe.gr agency page,2026-10-01T17:56:46Z,0e49eb71-d2f3-4dfd-8e3b-851801baf394,2026-10-01,2026-10-01
xe.gr,Aenaos Real Estate + Development,https://www.xe.gr/property/d/poliseis-katoikion/129cb3d9-b305-45d3-a389-a1235e1a9d55/trilofos-150000-106,Μεζονέτα 106 τ.μ. · Τρίλοφος,sale,maisonette,150000.0,106.0,3,Ισόγ.,2006,Τρίλοφος,,,,2026-09-10,,,xe.gr agency page,2026-10-01T17:56:46Z,129cb3d9-b305-45d3-a389-a1235e1a9d55,2026-10-01,2026-10-01
xe.gr,Abitazione,https://www.xe.gr/property/d/poliseis-katoikion/13016e86-3d18-4d4e-b589-4737a4f8290b/thessalonikh-vardarh-119000-50,Διαμέρισμα 50 τ.μ. · Θεσσαλονίκη (Βαρδάρη),sale,apartment,119000.0,50.0,2,1ος,1968,Θεσσαλονίκη (Βαρδάρη),40.6447271,22.9421656,,2026-07-02,,,xe.gr agency page,2026-10-01T17:56:46Z,13016e86-3d18-4d4e-b589-4737a4f8290b,2026-10-01,2026-10-01
xe.gr,interakinita,https://www.xe.gr/property/d/poliseis-katoikion/1434934d-0f5e-460f-a543-1a9c5fb7309e/thessalonikh-vardarh-110000-50,Διαμέρισμα 50 τ.μ. · Θεσσαλονίκη (Βαρδάρη),sale,apartment,110000.0,50.0,2,1ος,1969,Θεσσαλονίκη (Βαρδάρη),,,,2026-10-01,,,xe.gr agency page,2026-10-01T17:56:46Z,1434934d-0f5e-460f-a543-1a9c5fb7309e,2026-10-01,2026-10-01
xe.gr,ARCUS REAL ESTATE,https://www.xe.gr/property/d/poliseis-katoikion/14a85568-0d58-44da-a206-0b8a526639af/thessalonikh-analhpsh-295000-130,Διαμέρισμα 130 τ.μ. · Θεσσαλονίκη (Ανάληψη),sale,apartment,295000.0,130.0,3,5ος,1969,Θεσσαλονίκη (Ανάληψη),,,,2026-09-24,,,xe.gr agency page,2026-10-01T17:56:46Z,14a85568-0d58-44da-a206-0b8a526639af,2026-10-01,2026-10-01
xe.gr,Alvanoudis Real Estate,https://www.xe.gr/property/d/poliseis-katoikion/15660365-f8a6-4d2b-8a74-0a381fcc85a0/thessalonikh-xhrokrhnh-210000-81,Διαμέρισμα 81 τ.μ. · Θεσσαλονίκη (Ξηροκρήνη),sale,apartment,210000.0,81.0,2,3ος,1970,Θεσσαλονίκη (Ξηροκρήνη),40.6404822,22.9302388,,2026-03-12,,,xe.gr agency page,2026-10-01T17:56:46Z,15660365-f8a6-4d2b-8a74-0a381fcc85a0,2026-10-01,2026-10-01
xe.gr,CIVILHOME,https://www.xe.gr/property/d/poliseis-katoikion/159fa3f5-1fd3-4c48-aa5a-abe2b24cc1fe/kalamaria-175000-115,Διαμέρισμα 115 τ.μ. · Καλαμαριά,sale,apartment,175000.0,115.0,3,3ος,1977,Καλαμαριά,40.57682459999999,22.9516012,,2026-09-30,,,xe.gr agency page,2026-10-01T17:56:46Z,159fa3f5-1fd3-4c48-aa5a-abe2b24cc1fe,2026-10-01,2026-10-01
xe.gr,Cozy Real Estate,https://www.xe.gr/property/d/poliseis-katoikion/174cde2e-f544-4782-aa2f-970c136a5018/thessalonikh-falhro-750000-136,Διαμέρισμα 136 τ.μ. · Θεσσαλονίκη (Φάληρο),sale,apartment,750000.0,136.0,3,9ος,2023,Θεσσαλονίκη (Φάληρο),40.6210999,22.9545255,,2026-09-28,,,xe.gr agency page,2026-10-01T17:56:46Z,174cde2e-f544-4782-aa2f-970c136a5018,2026-10-01,2026-10-01
xe.gr,Katerina Mandalianou Realty & Design,https://www.xe.gr/property/d/poliseis-katoikion/18a1c4ca-6755-4b17-849c-b9c634e2f8d8/thermh-120366-45,Διαμέρισμα 45 τ.μ. · Θέρμη,sale,apartment,120366.0,45.0,1,Ισόγ.,2026,Θέρμη,40.5514942,23.0293474,,2026-09-30,,,xe.gr agency page,2026-10-01T17:56:46Z,18a1c4ca-6755-4b17-849c-b9c634e2f8d8,2026-10-01,2026-10-01
xe.gr,Ademis Real Estate,https://www.xe.gr/property/d/poliseis-katoikion/18b8a7dc-6e4e-42da-b527-08edc29c4471/nea-mhchaniwna-240000-155,Διαμέρισμα 155 τ.μ. · Νέα Μηχανιώνα,sale,apartment,240000.0,155.0,4,Ισόγ.,2014,Νέα Μηχανιώνα,,,,2026-08-20,,,xe.gr agency page,2026-10-01T17:56:46Z,18b8a7dc-6e4e-42da-b527-08edc29c4471,2026-10-01,2026-10-01
xe.gr,Astra Property Real Estate,https://www.xe.gr/property/d/poliseis-katoikion/191a995e-2884-493d-8353-fd161e7c3f4b/sykies-vardarh-105000-55,Διαμέρισμα 55 τ.μ. · Συκιές (Βαρδάρη),sale,apartment,105000.0,55.0,1,2ος,1965,Συκιές (Βαρδάρη),,,,2026-09-24,,,xe.gr agency page,2026-10-01T17:56:46Z,191a995e-2884-493d-8353-fd161e7c3f4b,2026-10-01,2026-10-01
xe.gr,ΠΑΖΑΡΤΖΗΣ από το 1978!!,https://www.xe.gr/property/d/poliseis-katoikion/194672e5-510d-49d6-ad59-eb8c3ca35658/kalamaria-690000-142,Διαμέρισμα 142 τ.μ. · Καλαμαριά,sale,apartment,690000.0,142.0,3,2ος,1989,Καλαμαριά,40.5891762,22.9446946,,2026-09-30,,,xe.gr agency page,2026-10-01T17:56:46Z,194672e5-510d-49d6-ad59-eb8c3ca35658,2026-10-01,2026-10-01
xe.gr,Ademis Real Estate,https://www.xe.gr/property/d/poliseis-katoikion/198c4ce9-cd3c-4d42-a6c3-fa6239216275/menemenh-75000-81,Διαμέρισμα 81 τ.μ. · Μενεμένη,sale,apartment,75000.0,81.0,3,3ος,1980,Μενεμένη,40.6556165,22.9137331,,2026-08-20,,,xe.gr agency page,2026-10-01T17:56:46Z,198c4ce9-cd3c-4d42-a6c3-fa6239216275,2026-10-01,2026-10-01
xe.gr,ViEstate,https://www.xe.gr/property/d/poliseis-katoikion/1c3f41ea-12e6-4fc2-99af-6b570ea4a608/kalamaria-165000-67,Διαμέρισμα 67 τ.μ. · Καλαμαριά,sale,apartment,165000.0,67.0,2,3ος,1985,Καλαμαριά,,,,2026-09-27,,,xe.gr agency page,2026-10-01T17:56:46Z,1c3f41ea-12e6-4fc2-99af-6b570ea4a608,2026-10-01,2026-10-01
xe.gr,Abitazione,https://www.xe.gr/property/d/poliseis-katoikion/1e0e520a-cee7-43dc-ad67-12b6a9d41e8f/athhna-chilton-490000-97,Διαμέρισμα 97 τ.μ. · Αθήνα (Χίλτον),sale,apartment,490000.0,97.0,3,3ος,1960,Αθήνα (Χίλτον),37.9774104,23.7533835,,2026-09-10,,,xe.gr agency page,2026-10-01T17:56:46Z,1e0e520a-cee7-43dc-ad67-12b6a9d41e8f,2026-10-01,2026-10-01
xe.gr,Ihouse,https://www.xe.gr/property/d/poliseis-katoikion/1ebf5e1e-3085-471f-b252-a028c1995682/thessalonikh-diavata-380000-400,Διαμέρισμα 400 τ.μ. · Θεσσαλονίκη (Διαβατά),sale,apartment,380000.0,400.0,6,1ος,1992,Θεσσαλονίκη (Διαβατά),40.6885602,22.8569276,,2026-09-17,,,xe.gr agency page,2026-10-01T17:56:46Z,1ebf5e1e-3085-471f-b252-a028c1995682,2026-10-01,2026-10-01
xe.gr,ARCUS REAL ESTATE,https://www.xe.gr/property/d/poliseis-katoikion/2044320c-1cfc-43a7-ae63-3977bde7d178/thessalonikh-vardarh-235000-82,Διαμέρισμα 82 τ.μ. · Θεσσαλονίκη (Βαρδάρη),sale,apartment,235000.0,82.0,3,4ος,1960,Θεσσαλονίκη (Βαρδάρη),,,,2026-09-29,,,xe.gr agency page,2026-10-01T17:56:46Z,2044320c-1cfc-43a7-ae63-3977bde7d178,2026-10-01,2026-10-01
xe.gr,Aspis Real Estate Θεσσαλονίκη Κέντρο – Δυτική,https://www.xe.gr/property/d/poliseis-katoikion/21221a9b-85dd-4b44-b3e1-9d1b6f849b71/thessalonikh-vardarh-72000-43,Διαμέρισμα 43 τ.μ. · Θεσσαλονίκη (Βαρδάρη),sale,apartment,72000.0,43.0,1,5ος,1958,Θεσσαλονίκη (Βαρδάρη),40.64307340000001,22.9407659,,2026-09-17,,,xe.gr agency page,2026-10-01T17:56:46Z,21221a9b-85dd-4b44-b3e1-9d1b6f849b71,2026-10-01,2026-10-01
xe.gr,ARCUS REAL ESTATE,https://www.xe.gr/property/d/poliseis-katoikion/23c04ba1-d2f2-4e49-a64f-2fda7e39577a/thessalonikh-anw-toympa-170000-54,Διαμέρισμα 54 τ.μ. · Θεσσαλονίκη (Ανω Τούμπα),sale,apartment,170000.0,54.0,1,1ος,2026,Θεσσαλονίκη (Ανω Τούμπα),,,,2026-10-01,,,xe.gr agency page,2026-10-01T17:56:46Z,23c04ba1-d2f2-4e49-a64f-2fda7e39577a,2026-10-01,2026-10-01
xe.gr,Βόρειος Ελλάς,https://www.xe.gr/property/d/poliseis-katoikion/244089d7-18a1-4791-a394-511b4c8a14ee/thessalonikh-falhro-126000-70,Διαμέρισμα 70 τ.μ. · Θεσσαλονίκη (Φάληρο),sale,apartment,126000.0,70.0,2,2ος,1968,Θεσσαλονίκη (Φάληρο),,,,2026-09-17,,,xe.gr agency page,2026-10-01T17:56:46Z,244089d7-18a1-4791-a394-511b4c8a14ee,2026-10-01,2026-10-01
xe.gr,Ademis Real Estate,https://www.xe.gr/property/d/poliseis-katoikion/254eb9da-dac7-409a-8154-6b659c9deee5/thessalonikh-analhpsh-149000-48,Διαμέρισμα 48 τ.μ. · Θεσσαλονίκη (Ανάληψη),sale,apartment,149000.0,48.0,1,1ος,1974,Θεσσαλονίκη (Ανάληψη),40.6057867,22.9616622,,2026-08-20,,,xe.gr agency page,2026-10-01T17:56:46Z,254eb9da-dac7-409a-8154-6b659c9deee5,2026-10-01,2026-10-01
xe.gr,Aenaos Real Estate + Development,https://www.xe.gr/property/d/poliseis-katoikion/26bbe881-dbea-4650-8859-de5098781b0e/pylaia-268000-95,Διαμέρισμα 95 τ.μ. · Πυλαία,sale,apartment,268000.0,95.0,2,1ος,2010,Πυλαία,,,,2026-09-10,,,xe.gr agency page,2026-10-01T17:56:46Z,26bbe881-dbea-4650-8859-de5098781b0e,2026-10-01,2026-10-01
xe.gr,Astra Property Real Estate,https://www.xe.gr/property/d/poliseis-katoikion/28a83681-f437-4c2e-9abb-f7a6f11b6d84/thessalonikh-130000-70,Διαμέρισμα 70 τ.μ. · Θεσσαλονίκη,sale,apartment,130000.0,70.0,2,6ος,2002,Θεσσαλονίκη,40.6563549,22.9064621,,2026-09-27,,,xe.gr agency page,2026-10-01T17:56:46Z,28a83681-f437-4c2e-9abb-f7a6f11b6d84,2026-10-01,2026-10-01
xe.gr,Passal Real Estate,https://www.xe.gr/property/d/poliseis-katoikion/28e9edf3-b585-4567-a167-b3973b87a448/kalamaria-235000-77,Διαμέρισμα 77 τ.μ. · Καλαμαριά,sale,apartment,235000.0,77.0,2,3ος,1981,Καλαμαριά,,,,2026-09-03,,,xe.gr agency page,2026-10-01T17:56:46Z,28e9edf3-b585-4567-a167-b3973b87a448,2026-10-01,2026-10-01
xe.gr,ΠΑΖΑΡΤΖΗΣ από το 1978!!,https://www.xe.gr/property/d/poliseis-katoikion/2921d6ae-fa4d-4587-bb97-fe80210e4d53/thessalonikh-anw-toympa-210000-115,Διαμέρισμα 115 τ.μ. · Θεσσαλονίκη (Ανω Τούμπα),sale,apartment,210000.0,115.0,4,2ος,1974,Θεσσαλονίκη (Ανω Τούμπα),40.61872460000001,22.9803896,,2026-09-30,,,xe.gr agency page,2026-10-01T17:56:46Z,2921d6ae-fa4d-4587-bb97-fe80210e4d53,2026-10-01,2026-10-01
xe.gr,Ihouse,https://www.xe.gr/property/d/poliseis-katoikion/2c34d577-5b9e-4198-8332-8151e46c0a5d/thessalonikh-limani-130000-85,Διαμέρισμα 85 τ.μ. · Θεσσαλονίκη (Λιμάνι),sale,apartment,130000.0,85.0,2,1ος,1972,Θεσσαλονίκη (Λιμάνι),40.64050719999999,22.9209278,,2026-09-17,,,xe.gr agency page,2026-10-01T17:56:46Z,2c34d577-5b9e-4198-8332-8151e46c0a5d,2026-10-01,2026-10-01
xe.gr,Tatogio Home,https://www.xe.gr/property/d/poliseis-katoikion/2e6b81d6-b690-4209-abb3-3322f1486b9a/stoyppaioi-145000-150,Μονοκατοικία 150 τ.μ. · Στουππαίοι,sale,house,145000.0,150.0,3,2ος,,Στουππαίοι,,,,2026-09-10,,,xe.gr agency page,2026-10-01T17:56:46Z,2e6b81d6-b690-4209-abb3-3322f1486b9a,2026-10-01,2026-10-01
xe.gr,Aenaos Real Estate + Development,https://www.xe.gr/property/d/poliseis-katoikion/33d2e022-acf3-403e-87d6-93441df9b0fa/thessalonikh-falhro-215000-80,Διαμέρισμα 80 τ.μ. · Θεσσαλονίκη (Φάληρο),sale,apartment,215000.0,80.0,2,2ος,1975,Θεσσαλονίκη (Φάληρο),40.6211201,22.957396,,2026-09-24,,,xe.gr agency page,2026-10-01T17:56:46Z,33d2e022-acf3-403e-87d6-93441df9b0fa,2026-10-01,2026-10-01
xe.gr,Ademis Real Estate,https://www.xe.gr/property/d/poliseis-katoikion/36018dab-2e20-48ec-b5f2-62e85468a31e/thessalonikh-falhro-170000-80,Διαμέρισμα 80 τ.μ. · Θεσσαλονίκη (Φάληρο),sale,apartment,170000.0,80.0,2,3ος,1970,Θεσσαλονίκη (Φάληρο),40.6192937,22.9589772,,2026-08-20,,,xe.gr agency page,2026-10-01T17:56:46Z,36018dab-2e20-48ec-b5f2-62e85468a31e,2026-10-01,2026-10-01
xe.gr,Alvanoudis Real Estate,https://www.xe.gr/property/d/poliseis-katoikion/362f6cfb-c76f-4c0c-ae82-b3691460609c/echedwro-1500000-1305,Πολυκατοικία 1.305 τ.μ. · Εχέδωρο,sale,,1500000.0,1.305,,,2008,Εχέδωρο,40.6571866,22.8101322,,2026-08-27,,,xe.gr agency page,2026-10-01T17:56:46Z,362f6cfb-c76f-4c0c-ae82-b3691460609c,2026-10-01,2026-10-01
xe.gr,Aspis Real Estate Θεσσαλονίκη Κέντρο – Δυτική,https://www.xe.gr/property/d/poliseis-katoikion/36496116-a172-4607-9925-79609a5cc019/thessalonikh-kentro-187000-90,Διαμέρισμα 90 τ.μ. · Θεσσαλονίκη (Κέντρο),sale,apartment,187000.0,90.0,2,Υπόγ.,,Θεσσαλονίκη (Κέντρο),,,,2026-09-17,,,xe.gr agency page,2026-10-01T17:56:46Z,36496116-a172-4607-9925-79609a5cc019,2026-10-01,2026-10-01
xe.gr,Oikies Real Estate,https://www.xe.gr/property/d/poliseis-katoikion/36c64e81-2b70-48eb-9afd-f8b89125c704/thessalonikh-kentro-145000-49,Διαμέρισμα 49 τ.μ. · Θεσσαλονίκη (Κέντρο),sale,apartment,145000.0,49.0,1,6ος,1968,Θεσσαλονίκη (Κέντρο),40.6401575,22.9448185,,2026-09-30,,,xe.gr agency page,2026-10-01T17:56:46Z,36c64e81-2b70-48eb-9afd-f8b89125c704,2026-10-01,2026-10-01
xe.gr,REVA,https://www.xe.gr/property/d/poliseis-katoikion/36ee39ea-c71c-4367-8f06-315d2b7e8889/thermh-350000-120,Μεζονέτα 120 τ.μ. · Θέρμη,sale,maisonette,350000.0,120.0,,Ισόγ.,2009,Θέρμη,40.5482999,23.0194888,,2026-06-11,,,xe.gr agency page,2026-10-01T17:56:46Z,36ee39ea-c71c-4367-8f06-315d2b7e8889,2026-10-01,2026-10-01
xe.gr,Ihouse,https://www.xe.gr/property/d/poliseis-katoikion/372b0c66-0123-4fb3-be38-3792927d0ab7/thessalonikh-analhpsh-169000-55,Διαμέρισμα 55 τ.μ. · Θεσσαλονίκη (Ανάληψη),sale,apartment,169000.0,55.0,2,1ος,1969,Θεσσαλονίκη (Ανάληψη),40.6102573,22.9626731,,2026-09-24,,,xe.gr agency page,2026-10-01T17:56:46Z,372b0c66-0123-4fb3-be38-3792927d0ab7,2026-10-01,2026-10-01
xe.gr,Γαιοκτησίες,https://www.xe.gr/property/d/poliseis-katoikion/38c7b93e-efe8-4903-83d0-2cbe6d9e97a8/thessalonikh-vardarh-90000-73,Διαμέρισμα 73 τ.μ. · Θεσσαλονίκη (Βαρδάρη),sale,apartment,90000.0,73.0,2,3ος,1975,Θεσσαλονίκη (Βαρδάρη),40.6443595,22.9429744,,2026-09-30,,,xe.gr agency page,2026-10-01T17:56:46Z,38c7b93e-efe8-4903-83d0-2cbe6d9e97a8,2026-10-01,2026-10-01
xe.gr,REAL A,https://www.xe.gr/property/d/poliseis-katoikion/38e6e1ae-9aff-419b-9cb8-c6021e42ef19/nea-mhchaniwna-145000-80,Διαμέρισμα 80 τ.μ. · Νέα Μηχανιώνα,sale,apartment,145000.0,80.0,2,3ος,2005,Νέα Μηχανιώνα,,,,2026-09-10,,,xe.gr agency page,2026-10-01T17:56:46Z,38e6e1ae-9aff-419b-9cb8-c6021e42ef19,2026-10-01,2026-10-01
xe.gr,Ihouse,https://www.xe.gr/property/d/poliseis-katoikion/3a66184d-3e81-4700-bfd4-2e03dbf69b9e/thessalonikh-kentro-145000-40,Διαμέρισμα 40 τ.μ. · Θεσσαλονίκη (Κέντρο),sale,apartment,145000.0,40.0,1,Ισόγ.,1978,Θεσσαλονίκη (Κέντρο),40.6292195,22.9458394,,2026-09-25,,,xe.gr agency page,2026-10-01T17:56:46Z,3a66184d-3e81-4700-bfd4-2e03dbf69b9e,2026-10-01,2026-10-01
xe.gr,Rooted Pillar Real Estate,https://www.xe.gr/property/d/poliseis-katoikion/3bdf082f-e837-42cf-b3ef-22769089e4cf/sykies-vardarh-180000-96,Διαμέρισμα 96 τ.μ. · Συκιές (Βαρδάρη),sale,apartment,180000.0,96.0,3,3ος,1980,Συκιές (Βαρδάρη),,,,2026-09-17,,,xe.gr agency page,2026-10-01T17:56:46Z,3bdf082f-e837-42cf-b3ef-22769089e4cf,2026-10-01,2026-10-01
xe.gr,Θεσμός,https://www.xe.gr/property/d/poliseis-katoikion/3d5ab5fc-8060-41c2-b4e0-5c47460a5833/thessalonikh-kentro-135000-42,Διαμέρισμα 42 τ.μ. · Θεσσαλονίκη (Κέντρο),sale,apartment,135000.0,42.0,1,5ος,1970,Θεσσαλονίκη (Κέντρο),40.6361678,22.9483524,,2026-09-25,,,xe.gr agency page,2026-10-01T17:56:46Z,3d5ab5fc-8060-41c2-b4e0-5c47460a5833,2026-10-01,2026-10-01
xe.gr,Νέα Πολιτεία,https://www.xe.gr/property/d/poliseis-katoikion/3e4f7742-e4b6-4f15-8c26-84337eb1a477/drama-68000-97,Διαμέρισμα 97 τ.μ. · Δράμα,sale,apartment,68000.0,97.0,3,1ος,1975,Δράμα,,,,2026-09-24,,,xe.gr agency page,2026-10-01T17:56:46Z,3e4f7742-e4b6-4f15-8c26-84337eb1a477,2026-10-01,2026-10-01
xe.gr,Katerina Mandalianou Realty & Design,https://www.xe.gr/property/d/poliseis-katoikion/3fcf981a-bf41-4083-b262-a62e431618c6/drepano-175000-110,Μονοκατοικία 110 τ.μ. · Δρέπανο,sale,house,175000.0,110.0,3,Ισόγ.,2010,Δρέπανο,40.351836,21.836836,,2026-09-26,,,xe.gr agency page,2026-10-01T17:56:46Z,3fcf981a-bf41-4083-b262-a62e431618c6,2026-10-01,2026-10-01
xe.gr,Θεσμός,https://www.xe.gr/property/d/poliseis-katoikion/40af7867-cfc4-4662-9bd6-0502f5c3efc6/nea-hrakleia-90000-55,Μεζονέτα 55 τ.μ. · Νέα Ηράκλεια,sale,maisonette,90000.0,55.0,2,1ος,1977,Νέα Ηράκλεια,,,,2026-07-02,,,xe.gr agency page,2026-10-01T17:56:46Z,40af7867-cfc4-4662-9bd6-0502f5c3efc6,2026-10-01,2026-10-01
xe.gr,Oikies Real Estate,https://www.xe.gr/property/d/poliseis-katoikion/42cbeca2-7922-4d0d-8b6e-2869e42baa26/thessalonikh-falhro-160000-52,Διαμέρισμα 52 τ.μ. · Θεσσαλονίκη (Φάληρο),sale,apartment,160000.0,52.0,1,1ος,1968,Θεσσαλονίκη (Φάληρο),40.61500789999999,22.95569,,2026-10-01,,,xe.gr agency page,2026-10-01T17:56:46Z,42cbeca2-7922-4d0d-8b6e-2869e42baa26,2026-10-01,2026-10-01
xe.gr,Infox Real Estate,https://www.xe.gr/property/d/poliseis-katoikion/43f99380-ab1b-44d8-a1b2-1c852511e1b4/thessalonikh-charilaoy-220000-59,Διαμέρισμα 59 τ.μ. · Θεσσαλονίκη (Χαριλάου),sale,apartment,220000.0,59.0,2,3ος,1984,Θεσσαλονίκη (Χαριλάου),40.6018251,22.9645947,,2026-09-29,,,xe.gr agency page,2026-10-01T17:56:46Z,43f99380-ab1b-44d8-a1b2-1c852511e1b4,2026-10-01,2026-10-01
xe.gr,Νέα Πολιτεία,https://www.xe.gr/property/d/poliseis-katoikion/46e1c813-96e1-4cd5-9341-b5e176937603/thessalonikh-falhro-180000-70,Διαμέρισμα 70 τ.μ. · Θεσσαλονίκη (Φάληρο),sale,apartment,180000.0,70.0,2,1ος,1970,Θεσσαλονίκη (Φάληρο),40.6222266,22.9619108,,2026-07-02,,,xe.gr agency page,2026-10-01T17:56:46Z,46e1c813-96e1-4cd5-9341-b5e176937603,2026-10-01,2026-10-01
xe.gr,Aspis Real Estate Θεσσαλονίκη Κέντρο – Δυτική,https://www.xe.gr/property/d/poliseis-katoikion/47759459-6a55-4c83-aa46-bce39a086b0f/thessalonikh-xhrokrhnh-105000-31,Διαμέρισμα 31 τ.μ. · Θεσσαλονίκη (Ξηροκρήνη),sale,apartment,105000.0,31.0,1,2ος,1972,Θεσσαλονίκη (Ξηροκρήνη),,,,2026-09-24,,,xe.gr agency page,2026-10-01T17:56:46Z,47759459-6a55-4c83-aa46-bce39a086b0f,2026-10-01,2026-10-01
xe.gr,Γαιοκτησίες,https://www.xe.gr/property/d/poliseis-katoikion/4b0d0817-e932-4e76-a781-9fa6020d336f/thessalonikh-dikasthria-220000-73,Διαμέρισμα 73 τ.μ. · Θεσσαλονίκη (Δικαστήρια),sale,apartment,220000.0,73.0,2,1ος,1965,Θεσσαλονίκη (Δικαστήρια),40.6394887,22.9365211,,2026-09-30,,,xe.gr agency page,2026-10-01T17:56:46Z,4b0d0817-e932-4e76-a781-9fa6020d336f,2026-10-01,2026-10-01
xe.gr,Papastefanou Real,https://www.xe.gr/property/d/poliseis-katoikion/4b12b551-6b11-4156-9097-a972ea94e87d/stayroypolh-310000-123,Διαμέρισμα 123 τ.μ. · Σταυρούπολη,sale,apartment,310000.0,123.0,3,4ος,2026,Σταυρούπολη,,,,2026-09-24,,,xe.gr agency page,2026-10-01T17:56:46Z,4b12b551-6b11-4156-9097-a972ea94e87d,2026-10-01,2026-10-01
xe.gr,CIVILHOME,https://www.xe.gr/property/d/poliseis-katoikion/4b1dfcc5-c341-491a-9b08-1014647ab559/thessalonikh-analhpsh-170000-60,Διαμέρισμα 60 τ.μ. · Θεσσαλονίκη (Ανάληψη),sale,apartment,170000.0,60.0,2,1ος,1967,Θεσσαλονίκη (Ανάληψη),40.6034162,22.9531832,,2026-09-30,,,xe.gr agency page,2026-10-01T17:56:46Z,4b1dfcc5-c341-491a-9b08-1014647ab559,2026-10-01,2026-10-01
xe.gr,Aenaos Real Estate + Development,https://www.xe.gr/property/d/poliseis-katoikion/4b38e193-9029-41bb-b13a-6cb785b76ea4/trilofos-280000-240,Μεζονέτα 240 τ.μ. · Τρίλοφος,sale,maisonette,280000.0,240.0,4,Ισόγ.,2008,Τρίλοφος,,,,2026-07-02,,,xe.gr agency page,2026-10-01T17:56:46Z,4b38e193-9029-41bb-b13a-6cb785b76ea4,2026-10-01,2026-10-01
xe.gr,Aspis Real Estate Ανατολικής  Θεσσαλονίκης,https://www.xe.gr/property/d/poliseis-katoikion/4c81d3f6-03e6-4c5a-9e18-a3cfaf58d8a0/chortiaths-230000-113,Μεζονέτα 113 τ.μ. · Χορτιάτης,sale,maisonette,230000.0,113.0,3,1ος,2012,Χορτιάτης,40.6064771,23.101195,,2026-09-10,,,xe.gr agency page,2026-10-01T17:56:46Z,4c81d3f6-03e6-4c5a-9e18-a3cfaf58d8a0,2026-10-01,2026-10-01
xe.gr,Tatogio Home,https://www.xe.gr/property/d/poliseis-katoikion/4cb1bfcd-3c0d-4caf-be10-dbdb25b2ab85/marmari-340000-100,Μεζονέτα 100 τ.μ. · Μαρμάρι,sale,maisonette,340000.0,100.0,3,1ος,,Μαρμάρι,,,,2026-09-10,,,xe.gr agency page,2026-10-01T17:56:46Z,4cb1bfcd-3c0d-4caf-be10-dbdb25b2ab85,2026-10-01,2026-10-01
xe.gr,Cozy Real Estate,https://www.xe.gr/property/d/poliseis-katoikion/515665c9-f8a7-4d38-964d-7c03a87df687/eyosmos-235000-128,Διαμέρισμα 128 τ.μ. · Εύοσμος,sale,apartment,235000.0,128.0,3,1ος,2026,Εύοσμος,40.6651376,22.9110428,,2026-09-28,,,xe.gr agency page,2026-10-01T17:56:46Z,515665c9-f8a7-4d38-964d-7c03a87df687,2026-10-01,2026-10-01
xe.gr,Aenaos Real Estate + Development,https://www.xe.gr/property/d/poliseis-katoikion/518e9df6-cd33-414a-b915-11c8cdbbf28f/kalamaria-600000-180,Μεζονέτα 180 τ.μ. · Καλαμαριά,sale,maisonette,600000.0,180.0,3,5ος,2024,Καλαμαριά,,,,2026-07-02,,,xe.gr agency page,2026-10-01T17:56:46Z,518e9df6-cd33-414a-b915-11c8cdbbf28f,2026-10-01,2026-10-01
xe.gr,Ademis Real Estate,https://www.xe.gr/property/d/poliseis-katoikion/55fd3035-d801-4c9b-b99a-b0c34f797906/thessalonikh-anw-polh-115000-50,Διαμέρισμα 50 τ.μ. · Θεσσαλονίκη (Ανω Πόλη),sale,apartment,115000.0,50.0,2,Ημιυπ.,1980,Θεσσαλονίκη (Ανω Πόλη),40.6354703,22.9559678,,2026-08-20,,,xe.gr agency page,2026-10-01T17:56:46Z,55fd3035-d801-4c9b-b99a-b0c34f797906,2026-10-01,2026-10-01
xe.gr,Katerina Mandalianou Realty & Design,https://www.xe.gr/property/d/poliseis-katoikion/5600846a-7a6d-4b6c-96b5-47c84c934da7/thessalonikh-katw-toympa-115000-43,Διαμέρισμα 43 τ.μ. · Θεσσαλονίκη (Κάτω Τούμπα),sale,apartment,115000.0,43.0,1,Υπερυψ.,1970,Θεσσαλονίκη (Κάτω Τούμπα),40.6106828,22.9746987,,2026-09-03,,,xe.gr agency page,2026-10-01T17:56:46Z,5600846a-7a6d-4b6c-96b5-47c84c934da7,2026-10-01,2026-10-01
xe.gr,Infox Real Estate,https://www.xe.gr/property/d/poliseis-katoikion/569ef14d-d6fd-4ad1-8609-0c78740e36ee/kalamaria-148000-46,Διαμέρισμα 46 τ.μ. · Καλαμαριά,sale,apartment,148000.0,46.0,1,1ος,1971,Καλαμαριά,40.5867348,22.9637646,,2026-09-29,,,xe.gr agency page,2026-10-01T17:56:46Z,569ef14d-d6fd-4ad1-8609-0c78740e36ee,2026-10-01,2026-10-01
xe.gr,Passal Real Estate,https://www.xe.gr/property/d/poliseis-katoikion/57d6986d-2fde-47a8-a4a7-2fcb1d337c2c/thessalonikh-falhro-93000-38,Διαμέρισμα 38 τ.μ. · Θεσσαλονίκη (Φάληρο),sale,apartment,93000.0,38.0,1,Ισόγ.,1967,Θεσσαλονίκη (Φάληρο),,,,2026-09-24,,,xe.gr agency page,2026-10-01T17:56:46Z,57d6986d-2fde-47a8-a4a7-2fcb1d337c2c,2026-10-01,2026-10-01
xe.gr,ANTHIMIADIS ESTATE,https://www.xe.gr/property/d/poliseis-katoikion/583f7733-080d-4f3f-a0b1-197fd995b7aa/wraiokastro-243000-83,Μεζονέτα 83 τ.μ. · Ωραιόκαστρο,sale,maisonette,243000.0,83.0,2,1ος,,Ωραιόκαστρο,40.7304883,22.9228116,,2026-09-26,,,xe.gr agency page,2026-10-01T17:56:46Z,583f7733-080d-4f3f-a0b1-197fd995b7aa,2026-10-01,2026-10-01
xe.gr,Rooted Pillar Real Estate,https://www.xe.gr/property/d/poliseis-katoikion/58445e30-3326-4f78-82a7-bb2ba1a2dd35/thessalonikh-ntepw-150000-103,Διαμέρισμα 103 τ.μ. · Θεσσαλονίκη (Ντεπώ),sale,apartment,150000.0,103.0,2,Ημιώρ.,1973,Θεσσαλονίκη (Ντεπώ),,,,2026-05-28,,,xe.gr agency page,2026-10-01T17:56:46Z,58445e30-3326-4f78-82a7-bb2ba1a2dd35,2026-10-01,2026-10-01
xe.gr,Abitazione,https://www.xe.gr/property/d/poliseis-katoikion/5a9efe87-8263-4384-8141-8f634838c198/thessalonikh-kentro-140000-75,Διαμέρισμα 75 τ.μ. · Θεσσαλονίκη (Κέντρο),sale,apartment,140000.0,75.0,2,3ος,1960,Θεσσαλονίκη (Κέντρο),40.6390361,22.9461639,,2026-08-13,,,xe.gr agency page,2026-10-01T17:56:46Z,5a9efe87-8263-4384-8141-8f634838c198,2026-10-01,2026-10-01
xe.gr,Passal Real Estate,https://www.xe.gr/property/d/poliseis-katoikion/5d0dea89-39b5-4cdd-a39b-edc75e57896d/eyosmos-195000-75,Διαμέρισμα 75 τ.μ. · Εύοσμος,sale,apartment,195000.0,75.0,2,3ος,2025,Εύοσμος,,,,2026-08-27,,,xe.gr agency page,2026-10-01T17:56:46Z,5d0dea89-39b5-4cdd-a39b-edc75e57896d,2026-10-01,2026-10-01
xe.gr,Σαραφούδης Νικόλαος,https://www.xe.gr/property/d/poliseis-katoikion/5d85f1d0-ee0f-4bde-b707-221f5ad37788/sykies-213000-91,Διαμέρισμα 91 τ.μ. · Συκιές,sale,apartment,213000.0,91.0,2,2ος,2026,Συκιές,,,,2026-08-27,,,xe.gr agency page,2026-10-01T17:56:46Z,5d85f1d0-ee0f-4bde-b707-221f5ad37788,2026-10-01,2026-10-01
xe.gr,Aspis Real Estate Θεσσαλονίκη Κέντρο – Δυτική,https://www.xe.gr/property/d/poliseis-katoikion/5e3ab7d3-c23f-4488-83fc-6300f5dc3d0a/melissochwri-135000-176,Μεζονέτα 176 τ.μ. · Μελισσοχώρι,sale,maisonette,135000.0,176.0,4,Ισόγ.,2005,Μελισσοχώρι,40.7708297,22.9345282,,2026-09-17,,,xe.gr agency page,2026-10-01T17:56:46Z,5e3ab7d3-c23f-4488-83fc-6300f5dc3d0a,2026-10-01,2026-10-01
xe.gr,Aspis Real Estate Ανατολικής  Θεσσαλονίκης,https://www.xe.gr/property/d/poliseis-katoikion/60645d61-efe2-46f1-bc39-c387537db77d/kalamaria-nea-elvetia-218000-82,Διαμέρισμα 82 τ.μ. · Καλαμαριά (Νέα Ελβετία),sale,apartment,218000.0,82.0,2,2ος,1990,Καλαμαριά (Νέα Ελβετία),40.589209,22.9653349,,2026-09-29,,,xe.gr agency page,2026-10-01T17:56:46Z,60645d61-efe2-46f1-bc39-c387537db77d,2026-10-01,2026-10-01
xe.gr,noikiaseto.gr,https://www.xe.gr/property/d/poliseis-katoikion/61d049e2-5792-4c12-bfee-b14e96e7e245/thessalonikh-xhrokrhnh-52000-27,Διαμέρισμα 27 τ.μ. · Θεσσαλονίκη (Ξηροκρήνη),sale,apartment,52000.0,27.0,1,Ισόγ.,1977,Θεσσαλονίκη (Ξηροκρήνη),,,,2026-09-24,,,xe.gr agency page,2026-10-01T17:56:46Z,61d049e2-5792-4c12-bfee-b14e96e7e245,2026-10-01,2026-10-01
xe.gr,Aspis Real Estate Ανατολικής  Θεσσαλονίκης,https://www.xe.gr/property/d/poliseis-katoikion/622f215f-a27e-46c7-8c51-989e244ccded/thessalonikh-papafeio-85000-30,Διαμέρισμα 30 τ.μ. · Θεσσαλονίκη (Παπάφειο),sale,apartment,85000.0,30.0,1,Ισόγ.,1970,Θεσσαλονίκη (Παπάφειο),40.6145969,22.9643415,,2026-09-25,,,xe.gr agency page,2026-10-01T17:56:46Z,622f215f-a27e-46c7-8c51-989e244ccded,2026-10-01,2026-10-01
xe.gr,Γαιοκτησίες,https://www.xe.gr/property/d/poliseis-katoikion/6536640c-817e-4826-ac94-e2e9148ea4bb/thessalonikh-kentro-186000-38,Διαμέρισμα 38 τ.μ. · Θεσσαλονίκη (Κέντρο),sale,apartment,186000.0,38.0,1,2ος,1964,Θεσσαλονίκη (Κέντρο),40.6323161,22.9476009,,2026-09-28,,,xe.gr agency page,2026-10-01T17:56:46Z,6536640c-817e-4826-ac94-e2e9148ea4bb,2026-10-01,2026-10-01
xe.gr,Aenaos Real Estate + Development,https://www.xe.gr/property/d/poliseis-katoikion/66286245-7ffc-4689-92e0-d0c34794a7fa/nea-triglia-400000-240,Μεζονέτα 240 τ.μ. · Νέα Τρίγλια,sale,maisonette,400000.0,240.0,3,Ισόγ.,2012,Νέα Τρίγλια,,,,2026-08-27,,,xe.gr agency page,2026-10-01T17:56:46Z,66286245-7ffc-4689-92e0-d0c34794a7fa,2026-10-01,2026-10-01
xe.gr,Aspis Real Estate Ανατολικής  Θεσσαλονίκης,https://www.xe.gr/property/d/poliseis-katoikion/67c8bac3-aa03-4b88-bd23-20a4b5b898b2/chortiaths-175000-143,Διαμέρισμα 143 τ.μ. · Χορτιάτης,sale,apartment,175000.0,143.0,4,Ημιώρ.,1996,Χορτιάτης,40.609663,23.1009039,,2026-10-01,,,xe.gr agency page,2026-10-01T17:56:46Z,67c8bac3-aa03-4b88-bd23-20a4b5b898b2,2026-10-01,2026-10-01
xe.gr,Ademis Real Estate,https://www.xe.gr/property/d/poliseis-katoikion/698fedbd-c342-4a1c-972e-53a96a56d337/thermh-980000-356,Μονοκατοικία 356 τ.μ. · Θέρμη,sale,house,980000.0,356.0,5,Ισόγ.,2008,Θέρμη,40.4946359,23.0095192,,2026-08-20,,,xe.gr agency page,2026-10-01T17:56:46Z,698fedbd-c342-4a1c-972e-53a96a56d337,2026-10-01,2026-10-01
xe.gr,Βόρειος Ελλάς,https://www.xe.gr/property/d/poliseis-katoikion/6bba36b4-114b-4ff5-ab1b-7e056d947691/neapolh-125000-80,Διαμέρισμα 80 τ.μ. · Νεάπολη,sale,apartment,125000.0,80.0,2,3ος,1980,Νεάπολη,,,,2026-09-10,,,xe.gr agency page,2026-10-01T17:56:46Z,6bba36b4-114b-4ff5-ab1b-7e056d947691,2026-10-01,2026-10-01
xe.gr,Oikies Real Estate,https://www.xe.gr/property/d/poliseis-katoikion/6c934d34-a242-48c6-a55b-b9e8286eb442/thessalonikh-papafeio-110000-67,Διαμέρισμα 67 τ.μ. · Θεσσαλονίκη (Παπάφειο),sale,apartment,110000.0,67.0,2,2ος,1954,Θεσσαλονίκη (Παπάφειο),40.6187831,22.9639824,,2026-09-30,,,xe.gr agency page,2026-10-01T17:56:46Z,6c934d34-a242-48c6-a55b-b9e8286eb442,2026-10-01,2026-10-01
xe.gr,noikiaseto.gr,https://www.xe.gr/property/d/poliseis-katoikion/6d46c6e0-a8ab-403d-962e-e7c72240d751/thessalonikh-vardarh-145000-45,Διαμέρισμα 45 τ.μ. · Θεσσαλονίκη (Βαρδάρη),sale,apartment,145000.0,45.0,1,1ος,2016,Θεσσαλονίκη (Βαρδάρη),,,,2026-06-25,,,xe.gr agency page,2026-10-01T17:56:46Z,6d46c6e0-a8ab-403d-962e-e7c72240d751,2026-10-01,2026-10-01
xe.gr,Νέα Πολιτεία,https://www.xe.gr/property/d/poliseis-katoikion/70aa1ff8-5d41-4150-927b-470e39989b51/nea-zichni-75000-80,Μεζονέτα 80 τ.μ. · Nea Zichni,sale,maisonette,75000.0,80.0,2,Ισόγ.,1968,Nea Zichni,,,,2026-09-24,,,xe.gr agency page,2026-10-01T17:56:46Z,70aa1ff8-5d41-4150-927b-470e39989b51,2026-10-01,2026-10-01
xe.gr,Passal Real Estate,https://www.xe.gr/property/d/poliseis-katoikion/70d75fa2-8eac-4087-9b89-239b73b5754c/thessalonikh-analhpsh-198000-100,Διαμέρισμα 100 τ.μ. · Θεσσαλονίκη (Ανάληψη),sale,apartment,198000.0,100.0,3,3ος,1971,Θεσσαλονίκη (Ανάληψη),,,,2026-09-17,,,xe.gr agency page,2026-10-01T17:56:46Z,70d75fa2-8eac-4087-9b89-239b73b5754c,2026-10-01,2026-10-01
xe.gr,interakinita,https://www.xe.gr/property/d/poliseis-katoikion/73988e05-a74d-4777-8a73-4fa52bb8ac0e/neapolh-155000-73,Διαμέρισμα 73 τ.μ. · Νεάπολη,sale,apartment,155000.0,73.0,2,3ος,2008,Νεάπολη,,,,2026-10-01,,,xe.gr agency page,2026-10-01T17:56:46Z,73988e05-a74d-4777-8a73-4fa52bb8ac0e,2026-10-01,2026-10-01
xe.gr,REAL A,https://www.xe.gr/property/d/poliseis-katoikion/743ec300-04fd-4112-a25b-4fbe116929c5/sykies-120000-79,Διαμέρισμα 79 τ.μ. · Συκιές,sale,apartment,120000.0,79.0,2,Ημιώρ.,1979,Συκιές,,,,2026-09-10,,,xe.gr agency page,2026-10-01T17:56:46Z,743ec300-04fd-4112-a25b-4fbe116929c5,2026-10-01,2026-10-01
xe.gr,Katerina Mandalianou Realty & Design,https://www.xe.gr/property/d/poliseis-katoikion/74d80443-07f7-4eec-849b-e7a3783678c4/palioyri-1200000-200,Βίλα 200 τ.μ. · Παλιούρι,sale,house,1200000.0,200.0,6,Ισόγ.,2025,Παλιούρι,39.9849066,23.6213711,,2026-09-17,,,xe.gr agency page,2026-10-01T17:56:46Z,74d80443-07f7-4eec-849b-e7a3783678c4,2026-10-01,2026-10-01
xe.gr,ARCUS REAL ESTATE,https://www.xe.gr/property/d/poliseis-katoikion/76ecb162-33dd-4220-af53-6314407a5083/thessalonikh-falhro-135000-40,Διαμέρισμα 40 τ.μ. · Θεσσαλονίκη (Φάληρο),sale,apartment,135000.0,40.0,1,5ος,1963,Θεσσαλονίκη (Φάληρο),,,,2026-09-25,,,xe.gr agency page,2026-10-01T17:56:46Z,76ecb162-33dd-4220-af53-6314407a5083,2026-10-01,2026-10-01
xe.gr,Papastefanou Real,https://www.xe.gr/property/d/poliseis-katoikion/79e6e4dc-59e4-4f06-a745-f859cb7e4d34/taxiarchhs-750000-700,Βίλα 700 τ.μ. · Ταξιάρχης,sale,house,750000.0,700.0,4,Ισόγ.,2007,Ταξιάρχης,,,,2026-09-24,,,xe.gr agency page,2026-10-01T17:56:46Z,79e6e4dc-59e4-4f06-a745-f859cb7e4d34,2026-10-01,2026-10-01
xe.gr,Abitazione,https://www.xe.gr/property/d/poliseis-katoikion/7b60954c-0ab4-493e-ae78-52cb231273c9/leptokarya-150000-60,Διαμέρισμα 60 τ.μ. · Λεπτοκαρυά,sale,apartment,150000.0,60.0,1,1ος,2010,Λεπτοκαρυά,40.0617845,22.5628887,,2026-07-16,,,xe.gr agency page,2026-10-01T17:56:46Z,7b60954c-0ab4-493e-ae78-52cb231273c9,2026-10-01,2026-10-01
xe.gr,CIVILHOME,https://www.xe.gr/property/d/poliseis-katoikion/7b82cbaf-c284-4145-ba75-25624d8911c5/larisa-145000-70,Διαμέρισμα 70 τ.μ. · Λάρισα,sale,apartment,145000.0,70.0,2,2ος,1976,Λάρισα,39.63514989999999,22.4173895,,2026-09-30,,,xe.gr agency page,2026-10-01T17:56:46Z,7b82cbaf-c284-4145-ba75-25624d8911c5,2026-10-01,2026-10-01
xe.gr,Tatogio Home,https://www.xe.gr/property/d/poliseis-katoikion/7cb29358-2c53-454d-a2c2-800dd7e07518/karystos-240000-141,Διαμέρισμα 141 τ.μ. · Κάρυστος,sale,apartment,240000.0,141.0,2,2ος,1974,Κάρυστος,,,,2026-09-17,,,xe.gr agency page,2026-10-01T17:56:46Z,7cb29358-2c53-454d-a2c2-800dd7e07518,2026-10-01,2026-10-01
xe.gr,Βόρειος Ελλάς,https://www.xe.gr/property/d/poliseis-katoikion/806ad658-a8ed-4b93-9b17-8b72378fc8bb/panorama-1250000-600,Διαμέρισμα 600 τ.μ. · Πανόραμα,sale,apartment,1250000.0,600.0,6,1ος,,Πανόραμα,,,,2026-09-10,,,xe.gr agency page,2026-10-01T17:56:46Z,806ad658-a8ed-4b93-9b17-8b72378fc8bb,2026-10-01,2026-10-01
xe.gr,ANTHIMIADIS ESTATE,https://www.xe.gr/property/d/poliseis-katoikion/80993cdf-1ef1-4216-8d8a-1c9b484c2924/skala-foyrkas-450000-150,Βίλα 150 τ.μ. · Σκάλα Φούρκας,sale,house,450000.0,150.0,4,Ισόγ.,2025,Σκάλα Φούρκας,,,,2026-09-29,,,xe.gr agency page,2026-10-01T17:56:46Z,80993cdf-1ef1-4216-8d8a-1c9b484c2924,2026-10-01,2026-10-01
xe.gr,Cozy Real Estate,https://www.xe.gr/property/d/poliseis-katoikion/82bfa7ac-2b48-47b6-84aa-a744e9d5d0c0/eyosmos-245000-119,Διαμέρισμα 119 τ.μ. · Εύοσμος,sale,apartment,245000.0,119.0,3,1ος,2024,Εύοσμος,,,,2026-09-28,,,xe.gr agency page,2026-10-01T17:56:46Z,82bfa7ac-2b48-47b6-84aa-a744e9d5d0c0,2026-10-01,2026-10-01
xe.gr,Γαιοκτησίες,https://www.xe.gr/property/d/poliseis-katoikion/842a39ed-b7a5-41e2-8110-5704c27bfd96/thessalonikh-kentro-165000-33,Διαμέρισμα 33 τ.μ. · Θεσσαλονίκη (Κέντρο),sale,apartment,165000.0,33.0,1,3ος,1964,Θεσσαλονίκη (Κέντρο),40.6323161,22.9476009,,2026-09-28,,,xe.gr agency page,2026-10-01T17:56:46Z,842a39ed-b7a5-41e2-8110-5704c27bfd96,2026-10-01,2026-10-01
xe.gr,ΓΚΟΥΤΖΑΜΑΝΗΣ REAL ESTATE,https://www.xe.gr/property/d/poliseis-katoikion/876e718f-ddf4-4553-a2b0-1757d6899da5/thessalonikh-anw-toympa-105000-43,Διαμέρισμα 43 τ.μ. · Θεσσαλονίκη (Ανω Τούμπα),sale,apartment,105000.0,43.0,1,2ος,1968,Θεσσαλονίκη (Ανω Τούμπα),,,,2026-09-28,,,xe.gr agency page,2026-10-01T17:56:46Z,876e718f-ddf4-4553-a2b0-1757d6899da5,2026-10-01,2026-10-01
xe.gr,noikiaseto.gr,https://www.xe.gr/property/d/poliseis-katoikion/876fd17c-900e-447a-abc8-4c98ec90ee5b/thessalonikh-xhrokrhnh-83000-30,Διαμέρισμα 30 τ.μ. · Θεσσαλονίκη (Ξηροκρήνη),sale,apartment,83000.0,30.0,1,3ος,1978,Θεσσαλονίκη (Ξηροκρήνη),,,,2026-09-17,,,xe.gr agency page,2026-10-01T17:56:46Z,876fd17c-900e-447a-abc8-4c98ec90ee5b,2026-10-01,2026-10-01
xe.gr,Alvanoudis Real Estate,https://www.xe.gr/property/d/poliseis-katoikion/888a5a62-d587-48d6-bff4-8360821e13a5/thessalonikh-kentro-1800000-232,Διαμέρισμα 232 τ.μ. · Θεσσαλονίκη (Κέντρο),sale,apartment,1800000.0,232.0,4,1ος,1971,Θεσσαλονίκη (Κέντρο),40.6286777,22.9458445,,2026-01-01,,,xe.gr agency page,2026-10-01T17:56:46Z,888a5a62-d587-48d6-bff4-8360821e13a5,2026-10-01,2026-10-01
xe.gr,Aspis Real Estate Θεσσαλονίκη Κέντρο – Δυτική,https://www.xe.gr/property/d/poliseis-katoikion/8997234e-7027-4a14-a6ad-ded5c3008a7f/eykarpia-290000-154,Μεζονέτα 154 τ.μ. · Ευκαρπία,sale,maisonette,290000.0,154.0,4,1ος,2025,Ευκαρπία,40.6815671,22.9468908,,2026-09-17,,,xe.gr agency page,2026-10-01T17:56:46Z,8997234e-7027-4a14-a6ad-ded5c3008a7f,2026-10-01,2026-10-01
xe.gr,Papastefanou Real,https://www.xe.gr/property/d/poliseis-katoikion/89ca2f1e-e012-47a6-a385-45d6663053fd/palaio-falhro-amfithea-180000-54,Διαμέρισμα 54 τ.μ. · Παλαιό Φάληρο (Αμφιθέα),sale,apartment,180000.0,54.0,1,3ος,1981,Παλαιό Φάληρο (Αμφιθέα),,,,2026-06-11,,,xe.gr agency page,2026-10-01T17:56:46Z,89ca2f1e-e012-47a6-a385-45d6663053fd,2026-10-01,2026-10-01
xe.gr,Γαιοκτησίες,https://www.xe.gr/property/d/poliseis-katoikion/8c1ec5ac-29ff-4d0b-81e5-1416eac0b5fb/thessalonikh-falhro-165000-51,Διαμέρισμα 51 τ.μ. · Θεσσαλονίκη (Φάληρο),sale,apartment,165000.0,51.0,1,3ος,1963,Θεσσαλονίκη (Φάληρο),40.6183416,22.9582811,,2026-09-28,,,xe.gr agency page,2026-10-01T17:56:46Z,8c1ec5ac-29ff-4d0b-81e5-1416eac0b5fb,2026-10-01,2026-10-01
xe.gr,Aenaos Real Estate + Development,https://www.xe.gr/property/d/poliseis-katoikion/8e2f2d3d-52b8-4c4b-865e-e1c2a3a045dd/thessalonikh-panepisthmia-110000-25,Διαμέρισμα 25 τ.μ. · Θεσσαλονίκη (Πανεπιστήμια),sale,apartment,110000.0,25.0,1,8ος,1960,Θεσσαλονίκη (Πανεπιστήμια),,,,2026-09-24,,,xe.gr agency page,2026-10-01T17:56:46Z,8e2f2d3d-52b8-4c4b-865e-e1c2a3a045dd,2026-10-01,2026-10-01
xe.gr,KEY PROPERTIES,https://www.xe.gr/property/d/poliseis-katoikion/8f2e3938-e9d4-4f57-a36f-4c965601b58a/polichnh-thessalonikhs-80000-55,Διαμέρισμα 55 τ.μ. · Πολίχνη Θεσσαλονίκης,sale,apartment,80000.0,55.0,1,Ημιυπ.,2024,Πολίχνη Θεσσαλονίκης,,,,2026-09-30,,,xe.gr agency page,2026-10-01T17:56:46Z,8f2e3938-e9d4-4f57-a36f-4c965601b58a,2026-10-01,2026-10-01
xe.gr,REVA,https://www.xe.gr/property/d/poliseis-katoikion/91102c0a-7ed0-499e-a3e0-d10434fef2dd/triandria-183000-65,Διαμέρισμα 65 τ.μ. · Τριανδρία,sale,apartment,183000.0,65.0,2,1ος,1973,Τριανδρία,40.6228776,22.972431,,2026-07-02,,,xe.gr agency page,2026-10-01T17:56:46Z,91102c0a-7ed0-499e-a3e0-d10434fef2dd,2026-10-01,2026-10-01
xe.gr,Infox Real Estate,https://www.xe.gr/property/d/poliseis-katoikion/91a4d121-8023-49bf-bfb7-d1373c8557cc/theologos-95000-89,Διαμέρισμα 89 τ.μ. · Θεολόγος,sale,apartment,95000.0,89.0,2,1ος,1973,Θεολόγος,40.6617063,24.6955648,,2026-10-01,,,xe.gr agency page,2026-10-01T17:56:46Z,91a4d121-8023-49bf-bfb7-d1373c8557cc,2026-10-01,2026-10-01
xe.gr,Oikies Real Estate,https://www.xe.gr/property/d/poliseis-katoikion/92dd8216-e741-4ae6-ad36-99ff8e4556ca/thessalonikh-dikasthria-138000-46,Διαμέρισμα 46 τ.μ. · Θεσσαλονίκη (Δικαστήρια),sale,apartment,138000.0,46.0,1,1ος,1961,Θεσσαλονίκη (Δικαστήρια),40.6397967,22.9362122,,2026-09-29,,,xe.gr agency page,2026-10-01T17:56:46Z,92dd8216-e741-4ae6-ad36-99ff8e4556ca,2026-10-01,2026-10-01
xe.gr,Real Estate Plus Construction,https://www.xe.gr/property/d/poliseis-katoikion/9bc0d979-6ebc-4a81-bb88-05c64347206b/thessalonikh-katw-toympa-74000-70,Διαμέρισμα 70 τ.μ. · Θεσσαλονίκη (Κάτω Τούμπα),sale,apartment,74000.0,70.0,2,Ημιυπ.,1975,Θεσσαλονίκη (Κάτω Τούμπα),,,,2026-08-27,,,xe.gr agency page,2026-10-01T17:56:46Z,9bc0d979-6ebc-4a81-bb88-05c64347206b,2026-10-01,2026-10-01
xe.gr,KEY PROPERTIES,https://www.xe.gr/property/d/poliseis-katoikion/9c4952f0-3b92-4807-a2ea-c056e88e226c/ptolema-da-88000-104,Διαμέρισμα 104 τ.μ. · Πτολεμαΐδα,sale,apartment,88000.0,104.0,3,4ος,2001,Πτολεμαΐδα,,,,2026-09-17,,,xe.gr agency page,2026-10-01T17:56:46Z,9c4952f0-3b92-4807-a2ea-c056e88e226c,2026-10-01,2026-10-01
xe.gr,Cozy Real Estate,https://www.xe.gr/property/d/poliseis-katoikion/9cbbd3a9-9242-4967-98aa-1f8bf06568a5/eyosmos-195000-75,Διαμέρισμα 75 τ.μ. · Εύοσμος,sale,apartment,195000.0,75.0,2,3ος,2026,Εύοσμος,40.6731269,22.9150263,,2026-09-24,,,xe.gr agency page,2026-10-01T17:56:46Z,9cbbd3a9-9242-4967-98aa-1f8bf06568a5,2026-10-01,2026-10-01
xe.gr,ANTHIMIADIS ESTATE,https://www.xe.gr/property/d/poliseis-katoikion/9dd1b64a-8ffb-4f38-b2b3-098b718a9534/kallithea-350000-85,Μονοκατοικία 85 τ.μ. · Καλλιθέα,sale,house,350000.0,85.0,2,Ισόγ.,2025,Καλλιθέα,,,,2026-09-30,,,xe.gr agency page,2026-10-01T17:56:46Z,9dd1b64a-8ffb-4f38-b2b3-098b718a9534,2026-10-01,2026-10-01
xe.gr,Papastefanou Real,https://www.xe.gr/property/d/poliseis-katoikion/9f0b3d02-fe19-4d9f-9eeb-eef60f161223/myrties-1500000-400,Βίλα 400 τ.μ. · Μυρτιές,sale,house,1500000.0,400.0,6,Ισόγ.,2005,Μυρτιές,,,,2026-09-26,,,xe.gr agency page,2026-10-01T17:56:46Z,9f0b3d02-fe19-4d9f-9eeb-eef60f161223,2026-10-01,2026-10-01
xe.gr,Tatogio Home,https://www.xe.gr/property/d/poliseis-katoikion/9f626a98-6bd3-45c4-9af4-2c03e1af97be/marmari-120000-40,Μονοκατοικία 40 τ.μ. · Μαρμάρι,sale,house,120000.0,40.0,1,Ισόγ.,,Μαρμάρι,38.073019,24.30746,,2026-09-29,,,xe.gr agency page,2026-10-01T17:56:46Z,9f626a98-6bd3-45c4-9af4-2c03e1af97be,2026-10-01,2026-10-01
xe.gr,REAL A,https://www.xe.gr/property/d/poliseis-katoikion/9fae918f-a90f-43ab-b9ae-8a60c2739ef2/thessalonikh-falhro-160000-68,Διαμέρισμα 68 τ.μ. · Θεσσαλονίκη (Φάληρο),sale,apartment,160000.0,68.0,2,5ος,1962,Θεσσαλονίκη (Φάληρο),,,,2026-09-17,,,xe.gr agency page,2026-10-01T17:56:46Z,9fae918f-a90f-43ab-b9ae-8a60c2739ef2,2026-10-01,2026-10-01
xe.gr,Νέα Πολιτεία,https://www.xe.gr/property/d/poliseis-katoikion/9ff02d19-a131-4d5a-a306-f4e5db62428c/thessalonikh-158000-70,Διαμέρισμα 70 τ.μ. · Θεσσαλονίκη,sale,apartment,158000.0,70.0,2,2ος,2005,Θεσσαλονίκη,,,,2026-07-02,,,xe.gr agency page,2026-10-01T17:56:46Z,9ff02d19-a131-4d5a-a306-f4e5db62428c,2026-10-01,2026-10-01
xe.gr,Passal Real Estate,https://www.xe.gr/property/d/poliseis-katoikion/a08cf4d8-03fe-482f-acc0-8d80fee6bbf3/thessalonikh-falhro-230000-91,Διαμέρισμα 91 τ.μ. · Θεσσαλονίκη (Φάληρο),sale,apartment,230000.0,91.0,3,1ος,1986,Θεσσαλονίκη (Φάληρο),,,,2026-09-27,,,xe.gr agency page,2026-10-01T17:56:46Z,a08cf4d8-03fe-482f-acc0-8d80fee6bbf3,2026-10-01,2026-10-01
xe.gr,Anyhome,https://www.xe.gr/property/d/poliseis-katoikion/a105063d-02db-4406-a027-a8a9f0690eb9/koyfalia-105000-130,Μονοκατοικία 130 τ.μ. · Κουφάλια,sale,house,105000.0,130.0,5,Ισόγ.,1980,Κουφάλια,,,,2026-09-24,,,xe.gr agency page,2026-10-01T17:56:46Z,a105063d-02db-4406-a027-a8a9f0690eb9,2026-10-01,2026-10-01
xe.gr,interakinita,https://www.xe.gr/property/d/poliseis-katoikion/a1d487e8-4e44-4a59-8210-0c2d27846e7d/thessalonikh-40-ekklhsies-74000-40,Διαμέρισμα 40 τ.μ. · Θεσσαλονίκη (40 Εκκλησιές),sale,apartment,74000.0,40.0,1,Ισόγ.,1965,Θεσσαλονίκη (40 Εκκλησιές),,,,2026-10-01,,,xe.gr agency page,2026-10-01T17:56:46Z,a1d487e8-4e44-4a59-8210-0c2d27846e7d,2026-10-01,2026-10-01
xe.gr,REVA,https://www.xe.gr/property/d/poliseis-katoikion/a257a914-629d-4d82-a34a-908038570d3f/stayroypolh-25000-50,Μονοκατοικία 50 τ.μ. · Σταυρούπολη,sale,house,25000.0,50.0,2,Ισόγ.,1950,Σταυρούπολη,,,,2026-10-01,,,xe.gr agency page,2026-10-01T17:56:46Z,a257a914-629d-4d82-a34a-908038570d3f,2026-10-01,2026-10-01
xe.gr,KEY PROPERTIES,https://www.xe.gr/property/d/poliseis-katoikion/a265a911-5cd2-4fdf-b5f1-cecb50726772/xanthh-91000-62,Διαμέρισμα 62 τ.μ. · Ξάνθη,sale,apartment,91000.0,62.0,2,1ος,2006,Ξάνθη,,,,2026-09-17,,,xe.gr agency page,2026-10-01T17:56:46Z,a265a911-5cd2-4fdf-b5f1-cecb50726772,2026-10-01,2026-10-01
xe.gr,Stavros Ioannidis Real Estate,https://www.xe.gr/property/d/poliseis-katoikion/a2b2fa4d-07f8-4cf1-a995-b80f0bc8f805/kalamaria-245000-104,Διαμέρισμα 104 τ.μ. · Καλαμαριά,sale,apartment,245000.0,104.0,3,3ος,1982,Καλαμαριά,,,,2026-02-26,,,xe.gr agency page,2026-10-01T17:56:46Z,a2b2fa4d-07f8-4cf1-a995-b80f0bc8f805,2026-10-01,2026-10-01
xe.gr,KEY PROPERTIES,https://www.xe.gr/property/d/poliseis-katoikion/a41da437-ab8e-4c3d-9605-36c22be8ad10/sykies-117000-105,Διαμέρισμα 105 τ.μ. · Συκιές,sale,apartment,117000.0,105.0,2,Ισόγ.,2005,Συκιές,,,,2026-09-25,,,xe.gr agency page,2026-10-01T17:56:46Z,a41da437-ab8e-4c3d-9605-36c22be8ad10,2026-10-01,2026-10-01
xe.gr,Anyhome,https://www.xe.gr/property/d/poliseis-katoikion/a52d8c53-f13b-4c62-a7f3-a81f57e8b90a/thessalonikh-vardarh-86000-40,Διαμέρισμα 40 τ.μ. · Θεσσαλονίκη (Βαρδάρη),sale,apartment,86000.0,40.0,1,Ισόγ.,1979,Θεσσαλονίκη (Βαρδάρη),,,,2026-09-17,,,xe.gr agency page,2026-10-01T17:56:46Z,a52d8c53-f13b-4c62-a7f3-a81f57e8b90a,2026-10-01,2026-10-01
xe.gr,noikiaseto.gr,https://www.xe.gr/property/d/poliseis-katoikion/a53cff34-bbe1-40f4-b92d-f673844f53d2/thessalonikh-xhrokrhnh-150000-70,Διαμέρισμα 70 τ.μ. · Θεσσαλονίκη (Ξηροκρήνη),sale,apartment,150000.0,70.0,3,3ος,1959,Θεσσαλονίκη (Ξηροκρήνη),,,,2026-06-25,,,xe.gr agency page,2026-10-01T17:56:46Z,a53cff34-bbe1-40f4-b92d-f673844f53d2,2026-10-01,2026-10-01
xe.gr,Oikies Real Estate,https://www.xe.gr/property/d/poliseis-katoikion/a5c34d06-0155-495b-a490-cc55fbaa2397/thessalonikh-analhpsh-115000-39,Διαμέρισμα 39 τ.μ. · Θεσσαλονίκη (Ανάληψη),sale,apartment,115000.0,39.0,1,Ημιώρ.,1970,Θεσσαλονίκη (Ανάληψη),40.6103888,22.9581243,,2026-09-24,,,xe.gr agency page,2026-10-01T17:56:46Z,a5c34d06-0155-495b-a490-cc55fbaa2397,2026-10-01,2026-10-01
xe.gr,noikiaseto.gr,https://www.xe.gr/property/d/poliseis-katoikion/a85ab8cf-386d-4379-8317-e7c96336941e/thessalonikh-analhpsh-129000-40,Διαμέρισμα 40 τ.μ. · Θεσσαλονίκη (Ανάληψη),sale,apartment,129000.0,40.0,1,3ος,1970,Θεσσαλονίκη (Ανάληψη),,,,2026-09-30,,,xe.gr agency page,2026-10-01T17:56:46Z,a85ab8cf-386d-4379-8317-e7c96336941e,2026-10-01,2026-10-01
xe.gr,Aspis Real Estate Θεσσαλονίκη Κέντρο – Δυτική,https://www.xe.gr/property/d/poliseis-katoikion/a8817b5a-ce97-4247-9a5b-a21a18ea2247/nea-plagia-157000-85,Διαμέρισμα 85 τ.μ. · νεα πλαγια,sale,apartment,157000.0,85.0,3,2ος,2003,νεα πλαγια,,,,2026-10-01,,,xe.gr agency page,2026-10-01T17:56:46Z,a8817b5a-ce97-4247-9a5b-a21a18ea2247,2026-10-01,2026-10-01
xe.gr,ΠΑΖΑΡΤΖΗΣ από το 1978!!,https://www.xe.gr/property/d/poliseis-katoikion/a9482069-34d8-46af-9232-4756a517bfa4/thessalonikh-vardarh-150000-54,Διαμέρισμα 54 τ.μ. · Θεσσαλονίκη (Βαρδάρη),sale,apartment,150000.0,54.0,2,1ος,1958,Θεσσαλονίκη (Βαρδάρη),40.6448353,22.9405948,,2026-09-30,,,xe.gr agency page,2026-10-01T17:56:46Z,a9482069-34d8-46af-9232-4756a517bfa4,2026-10-01,2026-10-01
xe.gr,Passal Real Estate,https://www.xe.gr/property/d/poliseis-katoikion/aa2d0f59-b054-47e1-a103-e4a55675dc3b/thessalonikh-papafeio-180000-53,Διαμέρισμα 53 τ.μ. · Θεσσαλονίκη (Παπάφειο),sale,apartment,180000.0,53.0,1,2ος,2007,Θεσσαλονίκη (Παπάφειο),,,,2026-09-24,,,xe.gr agency page,2026-10-01T17:56:46Z,aa2d0f59-b054-47e1-a103-e4a55675dc3b,2026-10-01,2026-10-01
xe.gr,Papastefanou Real,https://www.xe.gr/property/d/poliseis-katoikion/aa68fec4-b120-404e-be5d-23c580ba5f0e/nea-iwnia-neapolh-360000-110,Διαμέρισμα 110 τ.μ. · Νέα Ιωνία (Νεάπολη),sale,apartment,360000.0,110.0,3,4ος,2004,Νέα Ιωνία (Νεάπολη),,,,2026-09-30,,,xe.gr agency page,2026-10-01T17:56:46Z,aa68fec4-b120-404e-be5d-23c580ba5f0e,2026-10-01,2026-10-01
xe.gr,Σαραφούδης Νικόλαος,https://www.xe.gr/property/d/poliseis-katoikion/aa6ccc8e-803d-422c-8494-52e9007709ca/sykies-170000-64,Διαμέρισμα 64 τ.μ. · Συκιές,sale,apartment,170000.0,64.0,1,4ος,2026,Συκιές,40.647471,22.9545881,,2026-08-27,,,xe.gr agency page,2026-10-01T17:56:46Z,aa6ccc8e-803d-422c-8494-52e9007709ca,2026-10-01,2026-10-01
xe.gr,ARCUS REAL ESTATE,https://www.xe.gr/property/d/poliseis-katoikion/ac67c7a7-e43b-47d6-b5ed-40d31e46f92c/eleytheres-270000-90,Διαμέρισμα 90 τ.μ. · Ελευθέρες,sale,apartment,270000.0,90.0,1,Ισόγ.,2010,Ελευθέρες,,,,2026-09-25,,,xe.gr agency page,2026-10-01T17:56:46Z,ac67c7a7-e43b-47d6-b5ed-40d31e46f92c,2026-10-01,2026-10-01
xe.gr,REVA,https://www.xe.gr/property/d/poliseis-katoikion/acf1ee4a-3335-4008-ab94-a62add8698e1/palioyri-650000-142,Μεζονέτα 142 τ.μ. · Παλιούρι,sale,maisonette,650000.0,142.0,4,,2025,Παλιούρι,39.941886,23.663453,,2026-06-11,,,xe.gr agency page,2026-10-01T17:56:46Z,acf1ee4a-3335-4008-ab94-a62add8698e1,2026-10-01,2026-10-01
xe.gr,Cozy Real Estate,https://www.xe.gr/property/d/poliseis-katoikion/ae5e17e6-4422-4c54-ac6f-3ddc33677f84/panorama-350000-116,Μεζονέτα 116 τ.μ. · Πανόραμα,sale,maisonette,350000.0,116.0,3,Ισόγ.,2012,Πανόραμα,,,,2026-09-28,,,xe.gr agency page,2026-10-01T17:56:46Z,ae5e17e6-4422-4c54-ac6f-3ddc33677f84,2026-10-01,2026-10-01
xe.gr,Stavros Ioannidis Real Estate,https://www.xe.gr/property/d/poliseis-katoikion/af8e086d-2b76-439c-9c7a-7590a7654f4c/mayroneri-200000-513,Μονοκατοικία 513 τ.μ. · Μαυρονέρι,sale,house,200000.0,513.0,4,Ισόγ.,2000,Μαυρονέρι,,,,2026-04-02,,,xe.gr agency page,2026-10-01T17:56:46Z,af8e086d-2b76-439c-9c7a-7590a7654f4c,2026-10-01,2026-10-01
xe.gr,ΠΑΖΑΡΤΖΗΣ από το 1978!!,https://www.xe.gr/property/d/poliseis-katoikion/b3c601bc-4149-4432-9748-4e51c2ed53db/thessalonikh-analhpsh-420000-118,Διαμέρισμα 118 τ.μ. · Θεσσαλονίκη (Ανάληψη),sale,apartment,420000.0,118.0,2,5ος,1975,Θεσσαλονίκη (Ανάληψη),40.606237,22.9550488,,2026-09-30,,,xe.gr agency page,2026-10-01T17:56:46Z,b3c601bc-4149-4432-9748-4e51c2ed53db,2026-10-01,2026-10-01
xe.gr,Γαιοκτησίες,https://www.xe.gr/property/d/poliseis-katoikion/b5509d7c-4da7-4387-826f-5b1b97e37c3f/thessalonikh-falhro-138000-37,Διαμέρισμα 37 τ.μ. · Θεσσαλονίκη (Φάληρο),sale,apartment,138000.0,37.0,1,3ος,1963,Θεσσαλονίκη (Φάληρο),40.618275,22.9583337,,2026-09-28,,,xe.gr agency page,2026-10-01T17:56:46Z,b5509d7c-4da7-4387-826f-5b1b97e37c3f,2026-10-01,2026-10-01
xe.gr,Aspis Real Estate Ανατολικής  Θεσσαλονίκης,https://www.xe.gr/property/d/poliseis-katoikion/b686636c-c715-4595-a73d-0b86d6be583c/thermh-245000-125,Μεζονέτα 125 τ.μ. · Θέρμη,sale,maisonette,245000.0,125.0,2,2ος,2008,Θέρμη,40.5623374,23.0146255,,2026-09-10,,,xe.gr agency page,2026-10-01T17:56:46Z,b686636c-c715-4595-a73d-0b86d6be583c,2026-10-01,2026-10-01
xe.gr,Abitazione,https://www.xe.gr/property/d/poliseis-katoikion/b6d74b67-818c-4a28-b3a1-397aa5ae714b/mikrh-volvh-130000-130,Μονοκατοικία 130 τ.μ. · Μικρή Βόλβη,sale,house,130000.0,130.0,4,1ος,1977,Μικρή Βόλβη,,,,2026-07-02,,,xe.gr agency page,2026-10-01T17:56:46Z,b6d74b67-818c-4a28-b3a1-397aa5ae714b,2026-10-01,2026-10-01
xe.gr,Ihouse,https://www.xe.gr/property/d/poliseis-katoikion/b78c877d-e196-42bd-9d43-1f459fd1030e/thessalonikh-kentro-130000-30,Διαμέρισμα 30 τ.μ. · Θεσσαλονίκη (Κέντρο),sale,apartment,130000.0,30.0,,Ισόγ.,1978,Θεσσαλονίκη (Κέντρο),40.6292195,22.9458394,,2026-09-26,,,xe.gr agency page,2026-10-01T17:56:46Z,b78c877d-e196-42bd-9d43-1f459fd1030e,2026-10-01,2026-10-01
xe.gr,Γαιοκτησίες,https://www.xe.gr/property/d/poliseis-katoikion/b7bde8c0-24db-4e29-b914-a239f6bc21f7/thessalonikh-kentro-190000-50,Διαμέρισμα 50 τ.μ. · Θεσσαλονίκη (Κέντρο),sale,apartment,190000.0,50.0,1,1ος,1956,Θεσσαλονίκη (Κέντρο),40.63538150000001,22.944169,,2026-09-24,,,xe.gr agency page,2026-10-01T17:56:46Z,b7bde8c0-24db-4e29-b914-a239f6bc21f7,2026-10-01,2026-10-01
xe.gr,CIVILHOME,https://www.xe.gr/property/d/poliseis-katoikion/b83a69f4-10b5-471f-8ecb-638fefcd8999/thessalonikh-xhrokrhnh-83000-76,Διαμέρισμα 76 τ.μ. · Θεσσαλονίκη (Ξηροκρήνη),sale,apartment,83000.0,76.0,2,2ος,1970,Θεσσαλονίκη (Ξηροκρήνη),40.6486568,22.9340502,,2026-09-30,,,xe.gr agency page,2026-10-01T17:56:46Z,b83a69f4-10b5-471f-8ecb-638fefcd8999,2026-10-01,2026-10-01
xe.gr,Anyhome,https://www.xe.gr/property/d/poliseis-katoikion/b86bf8fd-8b0a-438a-8fa6-79397c8cdb39/peraia-270000-90,Διαμέρισμα 90 τ.μ. · Περαία,sale,apartment,270000.0,90.0,2,2ος,1990,Περαία,,,,2026-09-24,,,xe.gr agency page,2026-10-01T17:56:46Z,b86bf8fd-8b0a-438a-8fa6-79397c8cdb39,2026-10-01,2026-10-01
xe.gr,KEY PROPERTIES,https://www.xe.gr/property/d/poliseis-katoikion/b95b6c1e-34df-44b9-8c0c-d2496d955d42/sykies-135000-60,Διαμέρισμα 60 τ.μ. · Συκιές,sale,apartment,135000.0,60.0,2,1ος,1983,Συκιές,,,,2026-09-29,,,xe.gr agency page,2026-10-01T17:56:46Z,b95b6c1e-34df-44b9-8c0c-d2496d955d42,2026-10-01,2026-10-01
xe.gr,ARCUS REAL ESTATE,https://www.xe.gr/property/d/poliseis-katoikion/ba081a28-4c08-4144-977f-ff9e27d69312/athhna-metaxoyrgeio-260000-118,Διαμέρισμα 118 τ.μ. · Αθήνα (Μεταξουργείο),sale,apartment,260000.0,118.0,2,4ος,1969,Αθήνα (Μεταξουργείο),,,,2026-09-24,,,xe.gr agency page,2026-10-01T17:56:46Z,ba081a28-4c08-4144-977f-ff9e27d69312,2026-10-01,2026-10-01
xe.gr,REAL A,https://www.xe.gr/property/d/poliseis-katoikion/ba315643-6941-49e0-a99a-75c006688d2c/thessalonikh-ntepw-580000-136,Διαμέρισμα 136 τ.μ. · Θεσσαλονίκη (Ντεπώ),sale,apartment,580000.0,136.0,3,4ος,1989,Θεσσαλονίκη (Ντεπώ),,,,2026-08-27,,,xe.gr agency page,2026-10-01T17:56:46Z,ba315643-6941-49e0-a99a-75c006688d2c,2026-10-01,2026-10-01
xe.gr,REVA,https://www.xe.gr/property/d/poliseis-katoikion/bac4abf7-68be-4162-a032-09e3422ae835/thessalonikh-kentro-117000-29,Διαμέρισμα 29 τ.μ. · Θεσσαλονίκη (Κέντρο),sale,apartment,117000.0,29.0,1,5ος,1962,Θεσσαλονίκη (Κέντρο),40.6388637,22.949488,,2026-07-02,,,xe.gr agency page,2026-10-01T17:56:46Z,bac4abf7-68be-4162-a032-09e3422ae835,2026-10-01,2026-10-01
xe.gr,Oikies Real Estate,https://www.xe.gr/property/d/poliseis-katoikion/bd67223e-3d43-47b9-8f7c-44d8010e2f62/thessalonikh-kentro-168000-38,Διαμέρισμα 38 τ.μ. · Θεσσαλονίκη (Κέντρο),sale,apartment,168000.0,38.0,1,4ος,1971,Θεσσαλονίκη (Κέντρο),40.6391704,22.9432607,,2026-09-30,,,xe.gr agency page,2026-10-01T17:56:46Z,bd67223e-3d43-47b9-8f7c-44d8010e2f62,2026-10-01,2026-10-01
xe.gr,Βόρειος Ελλάς,https://www.xe.gr/property/d/poliseis-katoikion/bf48bf8d-6d65-4404-9048-67a3fedd9f30/triandria-70000-100,Διαμέρισμα 100 τ.μ. · Τριανδρία,sale,apartment,70000.0,100.0,,Ημιυπ.,1972,Τριανδρία,,,,2026-09-10,,,xe.gr agency page,2026-10-01T17:56:46Z,bf48bf8d-6d65-4404-9048-67a3fedd9f30,2026-10-01,2026-10-01
xe.gr,Aspis Real Estate Θεσσαλονίκη Κέντρο – Δυτική,https://www.xe.gr/property/d/poliseis-katoikion/bfb381ef-5d2b-4dcc-9237-7502e8c09573/thessalonikh-kentro-590000-165,Διαμέρισμα 165 τ.μ. · Θεσσαλονίκη (Κέντρο),sale,apartment,590000.0,165.0,4,1ος,1980,Θεσσαλονίκη (Κέντρο),40.6311324,22.9496198,,2026-09-17,,,xe.gr agency page,2026-10-01T17:56:46Z,bfb381ef-5d2b-4dcc-9237-7502e8c09573,2026-10-01,2026-10-01
xe.gr,REAL A,https://www.xe.gr/property/d/poliseis-katoikion/c13b59b9-c5ec-4332-babb-4abb8ff007f4/neapolh-140000-110,Διαμέρισμα 110 τ.μ. · Νεάπολη,sale,apartment,140000.0,110.0,3,2ος,1970,Νεάπολη,,,,2026-09-26,,,xe.gr agency page,2026-10-01T17:56:46Z,c13b59b9-c5ec-4332-babb-4abb8ff007f4,2026-10-01,2026-10-01
xe.gr,Βόρειος Ελλάς,https://www.xe.gr/property/d/poliseis-katoikion/c28c0d11-4465-47ee-9872-1121ad392593/neapolh-125000-60,Διαμέρισμα 60 τ.μ. · Νεάπολη,sale,apartment,125000.0,60.0,2,Υπερυψ.,1965,Νεάπολη,,,,2026-09-10,,,xe.gr agency page,2026-10-01T17:56:46Z,c28c0d11-4465-47ee-9872-1121ad392593,2026-10-01,2026-10-01
xe.gr,Passal Real Estate,https://www.xe.gr/property/d/poliseis-katoikion/c30d7629-259c-4437-915b-b4ffc233005e/thessalonikh-falhro-130000-79,Διαμέρισμα 79 τ.μ. · Θεσσαλονίκη (Φάληρο),sale,apartment,130000.0,79.0,2,Ημιώρ.,1978,Θεσσαλονίκη (Φάληρο),,,,2026-09-10,,,xe.gr agency page,2026-10-01T17:56:46Z,c30d7629-259c-4437-915b-b4ffc233005e,2026-10-01,2026-10-01
xe.gr,Rooted Pillar Real Estate,https://www.xe.gr/property/d/poliseis-katoikion/c3ba90bd-126c-4e5e-9810-fa8ae6b37bac/sykies-350000-130,Διαμέρισμα 130 τ.μ. · Συκιές,sale,apartment,350000.0,130.0,3,5ος,1995,Συκιές,,,,2026-05-28,,,xe.gr agency page,2026-10-01T17:56:46Z,c3ba90bd-126c-4e5e-9810-fa8ae6b37bac,2026-10-01,2026-10-01
xe.gr,Oikies Real Estate,https://www.xe.gr/property/d/poliseis-katoikion/c65f24c1-a910-4e43-bd51-274a80a83d83/athhna-pagkrati-1700000-525,Πολυκατοικία 525 τ.μ. · Αθήνα (Παγκράτι),sale,,1700000.0,525.0,,,1988,Αθήνα (Παγκράτι),37.9694305,23.7516181,,2026-09-29,,,xe.gr agency page,2026-10-01T17:56:46Z,c65f24c1-a910-4e43-bd51-274a80a83d83,2026-10-01,2026-10-01
xe.gr,REAL A,https://www.xe.gr/property/d/poliseis-katoikion/c6c307b3-03c0-4a07-89b6-b957902e83f6/eyosmos-135000-65,Διαμέρισμα 65 τ.μ. · Εύοσμος,sale,apartment,135000.0,65.0,2,5ος,2005,Εύοσμος,,,,2026-09-30,,,xe.gr agency page,2026-10-01T17:56:46Z,c6c307b3-03c0-4a07-89b6-b957902e83f6,2026-10-01,2026-10-01
xe.gr,Rooted Pillar Real Estate,https://www.xe.gr/property/d/poliseis-katoikion/c6f10695-ccf5-40f8-843f-a542ceb2059d/anoixh-kentro-800000-500,Μονοκατοικία 500 τ.μ. · Άνοιξη (Κέντρο),sale,house,800000.0,500.0,6,Ισόγ.,1991,Άνοιξη (Κέντρο),,,,2026-07-16,,,xe.gr agency page,2026-10-01T17:56:46Z,c6f10695-ccf5-40f8-843f-a542ceb2059d,2026-10-01,2026-10-01
xe.gr,Θεσμός,https://www.xe.gr/property/d/poliseis-katoikion/c6fe9d9d-04a7-4092-81c7-e3e9c7ef5f23/thessalonikh-papafeio-140000-45,Διαμέρισμα 45 τ.μ. · Θεσσαλονίκη (Παπάφειο),sale,apartment,140000.0,45.0,1,Ημιώρ.,1980,Θεσσαλονίκη (Παπάφειο),40.6139354,22.9644548,,2026-09-24,,,xe.gr agency page,2026-10-01T17:56:46Z,c6fe9d9d-04a7-4092-81c7-e3e9c7ef5f23,2026-10-01,2026-10-01
xe.gr,Βόρειος Ελλάς,https://www.xe.gr/property/d/poliseis-katoikion/cc14cd08-42c7-4541-a519-4849039efac5/thessalonikh-falhro-200000-78,Διαμέρισμα 78 τ.μ. · Θεσσαλονίκη (Φάληρο),sale,apartment,200000.0,78.0,2,7ος,1970,Θεσσαλονίκη (Φάληρο),,,,2026-09-10,,,xe.gr agency page,2026-10-01T17:56:46Z,cc14cd08-42c7-4541-a519-4849039efac5,2026-10-01,2026-10-01
xe.gr,KEY PROPERTIES,https://www.xe.gr/property/d/poliseis-katoikion/cc7b3dd7-7d70-4c13-a9bf-4e641aa32818/agios-dhmhtrios-attikhs-nekrotafeio-510000-523,Πολυκατοικία 523 τ.μ. · Άγιος Δημήτριος Αττικής (Νεκροταφείο),sale,,510000.0,523.0,,2 όροφοι,1977,Άγιος Δημήτριος Αττικής (Νεκροταφείο),,,,2026-09-29,,,xe.gr agency page,2026-10-01T17:56:46Z,cc7b3dd7-7d70-4c13-a9bf-4e641aa32818,2026-10-01,2026-10-01
xe.gr,Cozy Real Estate,https://www.xe.gr/property/d/poliseis-katoikion/ccadc720-eeb6-49f2-8986-aaa7bb190289/exochh-380000-145,Μεζονέτα 145 τ.μ. · Εξοχή,sale,maisonette,380000.0,145.0,3,Ισόγ.,2021,Εξοχή,40.6277835,23.0522505,,2026-09-24,,,xe.gr agency page,2026-10-01T17:56:46Z,ccadc720-eeb6-49f2-8986-aaa7bb190289,2026-10-01,2026-10-01
xe.gr,REVA,https://www.xe.gr/property/d/poliseis-katoikion/cd782a61-866f-4e34-8bac-c768d0eaf9f0/triadi-480000-180,Μεζονέτα 180 τ.μ. · Τριάδι,sale,maisonette,480000.0,180.0,5,Ισόγ.,2026,Τριάδι,40.5488357,23.048786,,2026-06-11,,,xe.gr agency page,2026-10-01T17:56:46Z,cd782a61-866f-4e34-8bac-c768d0eaf9f0,2026-10-01,2026-10-01
xe.gr,ANTHIMIADIS ESTATE,https://www.xe.gr/property/d/poliseis-katoikion/cdf87bdd-7896-4c87-adf9-d9f823292e99/wraiokastro-200000-100,Μεζονέτα 100 τ.μ. · Ωραιόκαστρο,sale,maisonette,200000.0,100.0,2,Ισόγ.,2011,Ωραιόκαστρο,40.72463310000001,22.9225858,,2026-10-01,,,xe.gr agency page,2026-10-01T17:56:46Z,cdf87bdd-7896-4c87-adf9-d9f823292e99,2026-10-01,2026-10-01
xe.gr,REAL A,https://www.xe.gr/property/d/poliseis-katoikion/cfa11792-e075-47a6-9bd5-07fa0ed25917/kryophgh-150000-120,Μεζονέτα 120 τ.μ. · Κρυοπηγή,sale,maisonette,150000.0,120.0,4,Ισόγ.,1998,Κρυοπηγή,,,,2026-08-27,,,xe.gr agency page,2026-10-01T17:56:46Z,cfa11792-e075-47a6-9bd5-07fa0ed25917,2026-10-01,2026-10-01
xe.gr,REVA,https://www.xe.gr/property/d/poliseis-katoikion/d1804eff-9c8f-4ff8-97ec-15613242e299/panagia-320000-120,Μονοκατοικία 120 τ.μ. · Παναγία,sale,house,320000.0,120.0,,Ισόγ.,1970,Παναγία,40.351287,23.729328,,2026-10-01,,,xe.gr agency page,2026-10-01T17:56:46Z,d1804eff-9c8f-4ff8-97ec-15613242e299,2026-10-01,2026-10-01
xe.gr,Ihouse,https://www.xe.gr/property/d/poliseis-katoikion/d3e262a9-5f58-4017-bb19-0e1ca0f28c24/thessalonikh-kentro-185000-50,Διαμέρισμα 50 τ.μ. · Θεσσαλονίκη (Κέντρο),sale,apartment,185000.0,50.0,1,6ος,1960,Θεσσαλονίκη (Κέντρο),40.6294306,22.9500274,,2026-09-17,,,xe.gr agency page,2026-10-01T17:56:46Z,d3e262a9-5f58-4017-bb19-0e1ca0f28c24,2026-10-01,2026-10-01
xe.gr,Alvanoudis Real Estate,https://www.xe.gr/property/d/poliseis-katoikion/d5108586-7ff8-4164-9302-8e8e08244213/thessalonikh-xhrokrhnh-195000-102,Διαμέρισμα 102 τ.μ. · Θεσσαλονίκη (Ξηροκρήνη),sale,apartment,195000.0,102.0,2,3ος,1970,Θεσσαλονίκη (Ξηροκρήνη),40.6404822,22.9302388,,2026-03-12,,,xe.gr agency page,2026-10-01T17:56:46Z,d5108586-7ff8-4164-9302-8e8e08244213,2026-10-01,2026-10-01
xe.gr,ANTHIMIADIS ESTATE,https://www.xe.gr/property/d/poliseis-katoikion/d5a2469f-1aec-46ba-a9f3-a75978de48db/wraiokastro-250000-120,Μεζονέτα 120 τ.μ. · Ωραιόκαστρο,sale,maisonette,250000.0,120.0,2,Ισόγ.,2011,Ωραιόκαστρο,40.7246185,22.9230068,,2026-10-01,,,xe.gr agency page,2026-10-01T17:56:46Z,d5a2469f-1aec-46ba-a9f3-a75978de48db,2026-10-01,2026-10-01
xe.gr,Νέα Πολιτεία,https://www.xe.gr/property/d/poliseis-katoikion/d6c9c8a4-4e06-4868-970c-a504e3a8d506/thessalonikh-dikasthria-200000-57,Διαμέρισμα 57 τ.μ. · Θεσσαλονίκη (Δικαστήρια),sale,apartment,200000.0,57.0,1,5ος,2009,Θεσσαλονίκη (Δικαστήρια),,,,2026-07-02,,,xe.gr agency page,2026-10-01T17:56:46Z,d6c9c8a4-4e06-4868-970c-a504e3a8d506,2026-10-01,2026-10-01
xe.gr,Infox Real Estate,https://www.xe.gr/property/d/poliseis-katoikion/d6e2312f-9b6a-4c3e-99d8-ec28e73de511/thessalonikh-falhro-215000-41,Διαμέρισμα 41 τ.μ. · Θεσσαλονίκη (Φάληρο),sale,apartment,215000.0,41.0,1,1ος,1980,Θεσσαλονίκη (Φάληρο),40.618657,22.9546533,,2026-09-29,,,xe.gr agency page,2026-10-01T17:56:46Z,d6e2312f-9b6a-4c3e-99d8-ec28e73de511,2026-10-01,2026-10-01
xe.gr,Rooted Pillar Real Estate,https://www.xe.gr/property/d/poliseis-katoikion/d79ae9e6-4759-48b5-9299-8e9c2e5fe09e/athhna-plateia-vathhs-120000-88,Διαμέρισμα 88 τ.μ. · Αθήνα (Πλατεία Βάθης),sale,apartment,120000.0,88.0,2,2ος,,Αθήνα (Πλατεία Βάθης),,,,2026-09-17,,,xe.gr agency page,2026-10-01T17:56:46Z,d79ae9e6-4759-48b5-9299-8e9c2e5fe09e,2026-10-01,2026-10-01
xe.gr,ΠΑΖΑΡΤΖΗΣ από το 1978!!,https://www.xe.gr/property/d/poliseis-katoikion/de2e6ffb-0406-4b8f-882a-628d8476b9be/thessalonikh-analhpsh-290000-104,Διαμέρισμα 104 τ.μ. · Θεσσαλονίκη (Ανάληψη),sale,apartment,290000.0,104.0,2,7ος,1964,Θεσσαλονίκη (Ανάληψη),40.6084931,22.9544802,,2026-09-30,,,xe.gr agency page,2026-10-01T17:56:46Z,de2e6ffb-0406-4b8f-882a-628d8476b9be,2026-10-01,2026-10-01
xe.gr,Infox Real Estate,https://www.xe.gr/property/d/poliseis-katoikion/df55838a-50dc-478a-ba40-44d02e0d7ff3/thessalonikh-katw-toympa-132000-50,Διαμέρισμα 50 τ.μ. · Θεσσαλονίκη (Κάτω Τούμπα),sale,apartment,132000.0,50.0,1,3ος,1977,Θεσσαλονίκη (Κάτω Τούμπα),40.6116709,22.9756609,,2026-09-28,,,xe.gr agency page,2026-10-01T17:56:46Z,df55838a-50dc-478a-ba40-44d02e0d7ff3,2026-10-01,2026-10-01
xe.gr,Tatogio Home,https://www.xe.gr/property/d/poliseis-katoikion/dfedb662-3dc6-4dbe-8696-766b5e702b11/marmari-50000-75,Μονοκατοικία 75 τ.μ. · Μαρμάρι,sale,house,50000.0,75.0,2,Ισόγ.,1930,Μαρμάρι,,,,2026-09-10,,,xe.gr agency page,2026-10-01T17:56:46Z,dfedb662-3dc6-4dbe-8696-766b5e702b11,2026-10-01,2026-10-01
xe.gr,Σαραφούδης Νικόλαος,https://www.xe.gr/property/d/poliseis-katoikion/e0a22a86-b2be-4e43-9ac4-d0cf69246fbe/kalochwri-130000-254,Μονοκατοικία 254 τ.μ. · Καλοχώρι,sale,house,130000.0,254.0,4,1ος,1979,Καλοχώρι,,,,2026-08-27,,,xe.gr agency page,2026-10-01T17:56:46Z,e0a22a86-b2be-4e43-9ac4-d0cf69246fbe,2026-10-01,2026-10-01
xe.gr,ΠΑΖΑΡΤΖΗΣ από το 1978!!,https://www.xe.gr/property/d/poliseis-katoikion/e3a56701-fe31-4528-a236-a10551cf34b8/thessalonikh-xhrokrhnh-175000-72,Διαμέρισμα 72 τ.μ. · Θεσσαλονίκη (Ξηροκρήνη),sale,apartment,175000.0,72.0,3,2ος,1967,Θεσσαλονίκη (Ξηροκρήνη),40.6428374,22.9339295,,2026-09-30,,,xe.gr agency page,2026-10-01T17:56:46Z,e3a56701-fe31-4528-a236-a10551cf34b8,2026-10-01,2026-10-01
xe.gr,Tatogio Home,https://www.xe.gr/property/d/poliseis-katoikion/e46b68e6-1a44-41f6-9376-16d91b424d7a/marmari-220000-68,Διαμέρισμα 68 τ.μ. · Μαρμάρι,sale,apartment,220000.0,68.0,2,1ος,2018,Μαρμάρι,,,,2026-09-10,,,xe.gr agency page,2026-10-01T17:56:46Z,e46b68e6-1a44-41f6-9376-16d91b424d7a,2026-10-01,2026-10-01
xe.gr,Katerina Mandalianou Realty & Design,https://www.xe.gr/property/d/poliseis-katoikion/e4729288-3503-4d83-99fe-54cb7c536f8a/thessalonikh-katw-toympa-125000-43,Διαμέρισμα 43 τ.μ. · Θεσσαλονίκη (Κάτω Τούμπα),sale,apartment,125000.0,43.0,1,Υπερυψ.,1970,Θεσσαλονίκη (Κάτω Τούμπα),40.6106158,22.9707555,,2026-09-03,,,xe.gr agency page,2026-10-01T17:56:46Z,e4729288-3503-4d83-99fe-54cb7c536f8a,2026-10-01,2026-10-01
xe.gr,ANTHIMIADIS ESTATE,https://www.xe.gr/property/d/poliseis-katoikion/e641719d-4c96-423f-9ca4-e22484c679e1/afytos-110000-53,Διαμέρισμα 53 τ.μ. · Άφυτος,sale,apartment,110000.0,53.0,1,Ημιυπ.,1990,Άφυτος,40.098366,23.436373,,2026-09-30,,,xe.gr agency page,2026-10-01T17:56:46Z,e641719d-4c96-423f-9ca4-e22484c679e1,2026-10-01,2026-10-01
xe.gr,KEY PROPERTIES,https://www.xe.gr/property/d/poliseis-katoikion/e8b62b02-5a0f-406c-b964-16500165fbe1/eleytherio-kordelio-140000-70,Διαμέρισμα 70 τ.μ. · Ελευθέριο Κορδελιό,sale,apartment,140000.0,70.0,2,2ος,2015,Ελευθέριο Κορδελιό,,,,2026-09-29,,,xe.gr agency page,2026-10-01T17:56:46Z,e8b62b02-5a0f-406c-b964-16500165fbe1,2026-10-01,2026-10-01
xe.gr,Νέα Πολιτεία,https://www.xe.gr/property/d/poliseis-katoikion/e8ba8064-18f5-4f87-92e9-f5bf70ac0dd9/eleytherio-kordelio-169900-74,Διαμέρισμα 74 τ.μ. · Ελευθέριο Κορδελιό,sale,apartment,169900.0,74.0,2,5ος,2005,Ελευθέριο Κορδελιό,40.66677120000001,22.8926748,,2026-07-02,,,xe.gr agency page,2026-10-01T17:56:46Z,e8ba8064-18f5-4f87-92e9-f5bf70ac0dd9,2026-10-01,2026-10-01
xe.gr,ANTHIMIADIS ESTATE,https://www.xe.gr/property/d/poliseis-katoikion/e9100e92-0081-4bcc-9a71-5bd54835996d/stayroypolh-149000-80,Διαμέρισμα 80 τ.μ. · Σταυρούπολη,sale,apartment,149000.0,80.0,2,Ισόγ.,2026,Σταυρούπολη,40.6788933,22.9347088,,2026-09-30,,,xe.gr agency page,2026-10-01T17:56:46Z,e9100e92-0081-4bcc-9a71-5bd54835996d,2026-10-01,2026-10-01
xe.gr,Σαραφούδης Νικόλαος,https://www.xe.gr/property/d/poliseis-katoikion/eb166038-f0cf-41e8-be23-dadeac3ac193/sykies-230000-92,Διαμέρισμα 92 τ.μ. · Συκιές,sale,apartment,230000.0,92.0,2,3ος,2026,Συκιές,,,,2026-08-27,,,xe.gr agency page,2026-10-01T17:56:46Z,eb166038-f0cf-41e8-be23-dadeac3ac193,2026-10-01,2026-10-01
xe.gr,interakinita,https://www.xe.gr/property/d/poliseis-katoikion/eb3ebbdc-7c52-412b-9bd7-2b4e4d7e5c54/thessalonikh-anw-polh-120000-50,Μεζονέτα 50 τ.μ. · Θεσσαλονίκη (Ανω Πόλη),sale,maisonette,120000.0,50.0,1,1ος,2010,Θεσσαλονίκη (Ανω Πόλη),,,,2026-10-01,,,xe.gr agency page,2026-10-01T17:56:46Z,eb3ebbdc-7c52-412b-9bd7-2b4e4d7e5c54,2026-10-01,2026-10-01
xe.gr,Aspis Real Estate Ανατολικής  Θεσσαλονίκης,https://www.xe.gr/property/d/poliseis-katoikion/ee249049-618c-494c-8235-888e988e6f22/kalamaria-130000-71,Διαμέρισμα 71 τ.μ. · Καλαμαριά,sale,apartment,130000.0,71.0,2,3ος,1988,Καλαμαριά,40.5815268,22.9528149,,2026-09-30,,,xe.gr agency page,2026-10-01T17:56:46Z,ee249049-618c-494c-8235-888e988e6f22,2026-10-01,2026-10-01
xe.gr,CIVILHOME,https://www.xe.gr/property/d/poliseis-katoikion/eead7140-4b2f-4026-b627-1d950171c7bb/sanh-1800000-350,Βίλα 350 τ.μ. · Σάνη,sale,house,1800000.0,350.0,6,Ισόγ.,2004,Σάνη,40.088517,23.314334,,2026-09-30,,,xe.gr agency page,2026-10-01T17:56:46Z,eead7140-4b2f-4026-b627-1d950171c7bb,2026-10-01,2026-10-01
xe.gr,Infox Real Estate,https://www.xe.gr/property/d/poliseis-katoikion/f0a5654b-baef-4779-afbb-1c891f9a864d/eleytheres-260000-54,Διαμέρισμα 54 τ.μ. · Ελευθέρες,sale,apartment,260000.0,54.0,1,Ισόγ.,2025,Ελευθέρες,40.87874679999999,24.3139477,,2026-09-17,,,xe.gr agency page,2026-10-01T17:56:46Z,f0a5654b-baef-4779-afbb-1c891f9a864d,2026-10-01,2026-10-01
xe.gr,noikiaseto.gr,https://www.xe.gr/property/d/poliseis-katoikion/f0a950e2-f305-48b0-be61-b5dcf97d5a00/thessalonikh-xhrokrhnh-53000-25,Διαμέρισμα 25 τ.μ. · Θεσσαλονίκη (Ξηροκρήνη),sale,apartment,53000.0,25.0,1,Ισόγ.,1970,Θεσσαλονίκη (Ξηροκρήνη),,,,2026-08-20,,,xe.gr agency page,2026-10-01T17:56:46Z,f0a950e2-f305-48b0-be61-b5dcf97d5a00,2026-10-01,2026-10-01
xe.gr,Νέα Πολιτεία,https://www.xe.gr/property/d/poliseis-katoikion/f15ead5a-3462-4964-9a5c-e6f8457dec90/eleytherio-kordelio-178000-80,Διαμέρισμα 80 τ.μ. · Ελευθέριο Κορδελιό,sale,apartment,178000.0,80.0,3,4ος,2008,Ελευθέριο Κορδελιό,,,,2026-07-02,,,xe.gr agency page,2026-10-01T17:56:46Z,f15ead5a-3462-4964-9a5c-e6f8457dec90,2026-10-01,2026-10-01
xe.gr,Stavros Ioannidis Real Estate,https://www.xe.gr/property/d/poliseis-katoikion/f1a7d6d2-883f-4b2d-b392-3edf95031713/iwnia-thessalonikhs-390000-300,Μονοκατοικία 300 τ.μ. · Ιωνία Θεσσαλονίκης,sale,house,390000.0,300.0,5,Ισόγ.,2006,Ιωνία Θεσσαλονίκης,,,,2025-12-25,,,xe.gr agency page,2026-10-01T17:56:46Z,f1a7d6d2-883f-4b2d-b392-3edf95031713,2026-10-01,2026-10-01
xe.gr,CIVILHOME,https://www.xe.gr/property/d/poliseis-katoikion/f29613f4-9a96-472d-ae00-87f5d80cf840/thessalonikh-vardarh-76000-25,Διαμέρισμα 25 τ.μ. · Θεσσαλονίκη (Βαρδάρη),sale,apartment,76000.0,25.0,1,7ος,1978,Θεσσαλονίκη (Βαρδάρη),40.6411734,22.9405944,,2026-09-30,,,xe.gr agency page,2026-10-01T17:56:46Z,f29613f4-9a96-472d-ae00-87f5d80cf840,2026-10-01,2026-10-01
xe.gr,Papastefanou Real,https://www.xe.gr/property/d/poliseis-katoikion/f2a5601d-e0e1-41be-a9b3-60a3ecb733ae/thessalonikh-anw-polh-650-100,Διαμέρισμα 100 τ.μ. · Θεσσαλονίκη (Ανω Πόλη),sale,apartment,650.0,100.0,2,6ος,1980,Θεσσαλονίκη (Ανω Πόλη),,,,2026-09-25,,,xe.gr agency page,2026-10-01T17:56:46Z,f2a5601d-e0e1-41be-a9b3-60a3ecb733ae,2026-10-01,2026-10-01
xe.gr,Anyhome,https://www.xe.gr/property/d/poliseis-katoikion/f3f11abc-8459-495c-a324-1b5d3f8ba1f0/thessalonikh-kentro-300000-63,Διαμέρισμα 63 τ.μ. · Θεσσαλονίκη (Κέντρο),sale,apartment,300000.0,63.0,2,5ος,1962,Θεσσαλονίκη (Κέντρο),,,,2026-09-24,,,xe.gr agency page,2026-10-01T17:56:46Z,f3f11abc-8459-495c-a324-1b5d3f8ba1f0,2026-10-01,2026-10-01
xe.gr,Real Estate Plus Construction,https://www.xe.gr/property/d/poliseis-katoikion/f495e770-cd93-49e2-b985-573899e12df0/thessalonikh-analhpsh-182000-40,Διαμέρισμα 40 τ.μ. · Θεσσαλονίκη (Ανάληψη),sale,apartment,182000.0,40.0,1,3ος,2025,Θεσσαλονίκη (Ανάληψη),,,,2026-07-30,,,xe.gr agency page,2026-10-01T17:56:46Z,f495e770-cd93-49e2-b985-573899e12df0,2026-10-01,2026-10-01
xe.gr,Abitazione,https://www.xe.gr/property/d/poliseis-katoikion/f51b2535-84e2-43a7-af22-19f2c5b1d99a/thessalonikh-kentro-130000-58,Διαμέρισμα 58 τ.μ. · Θεσσαλονίκη (Κέντρο),sale,apartment,130000.0,58.0,2,Ισόγ.,1960,Θεσσαλονίκη (Κέντρο),40.6366823,22.9489742,,2026-09-17,,,xe.gr agency page,2026-10-01T17:56:46Z,f51b2535-84e2-43a7-af22-19f2c5b1d99a,2026-10-01,2026-10-01
xe.gr,Katerina Mandalianou Realty & Design,https://www.xe.gr/property/d/poliseis-katoikion/f584e883-8dbb-4a9a-b69f-9ec15ece9275/thessalonikh-kentro-178000-40,Διαμέρισμα 40 τ.μ. · Θεσσαλονίκη (Κέντρο),sale,apartment,178000.0,40.0,1,2ος,1958,Θεσσαλονίκη (Κέντρο),40.63361,22.9480115,,2026-09-10,,,xe.gr agency page,2026-10-01T17:56:46Z,f584e883-8dbb-4a9a-b69f-9ec15ece9275,2026-10-01,2026-10-01
xe.gr,Anyhome,https://www.xe.gr/property/d/poliseis-katoikion/f5ba3c5e-aff8-494c-979f-8174748f4a75/thessalonikh-anw-polh-115000-60,Διαμέρισμα 60 τ.μ. · Θεσσαλονίκη (Ανω Πόλη),sale,apartment,115000.0,60.0,2,3ος,1965,Θεσσαλονίκη (Ανω Πόλη),,,,2026-09-24,,,xe.gr agency page,2026-10-01T17:56:46Z,f5ba3c5e-aff8-494c-979f-8174748f4a75,2026-10-01,2026-10-01
xe.gr,Real Estate Plus Construction,https://www.xe.gr/property/d/poliseis-katoikion/f5ce57be-cb9d-4aec-bc62-e4b6b7fdf167/epanomh-450000-240,Μονοκατοικία 240 τ.μ. · Επανομή,sale,house,450000.0,240.0,3,Ημιώρ.,2008,Επανομή,,,,2026-03-12,,,xe.gr agency page,2026-10-01T17:56:46Z,f5ce57be-cb9d-4aec-bc62-e4b6b7fdf167,2026-10-01,2026-10-01
xe.gr,Βόρειος Ελλάς,https://www.xe.gr/property/d/poliseis-katoikion/f5fb50da-1673-4c97-88b8-d1eb00c45ccf/thessalonikh-falhro-80000-22,Διαμέρισμα 22 τ.μ. · Θεσσαλονίκη (Φάληρο),sale,apartment,80000.0,22.0,1,Ισόγ.,1975,Θεσσαλονίκη (Φάληρο),,,,2026-09-10,,,xe.gr agency page,2026-10-01T17:56:46Z,f5fb50da-1673-4c97-88b8-d1eb00c45ccf,2026-10-01,2026-10-01
xe.gr,Ademis Real Estate,https://www.xe.gr/property/d/poliseis-katoikion/f6b0ca83-a683-40b2-a141-227fd5d80801/peraia-390000-205,Μονοκατοικία 205 τ.μ. · Περαία,sale,house,390000.0,205.0,3,Ισόγ.,1985,Περαία,40.4984838,22.9223134,,2026-08-20,,,xe.gr agency page,2026-10-01T17:56:46Z,f6b0ca83-a683-40b2-a141-227fd5d80801,2026-10-01,2026-10-01
xe.gr,ARCUS REAL ESTATE,https://www.xe.gr/property/d/poliseis-katoikion/f900efe6-89d6-4342-bd57-26c29a311fc5/thessalonikh-anw-toympa-187000-86,Διαμέρισμα 86 τ.μ. · Θεσσαλονίκη (Ανω Τούμπα),sale,apartment,187000.0,86.0,2,2ος,1983,Θεσσαλονίκη (Ανω Τούμπα),,,,2026-09-25,,,xe.gr agency page,2026-10-01T17:56:46Z,f900efe6-89d6-4342-bd57-26c29a311fc5,2026-10-01,2026-10-01
xe.gr,Anyhome,https://www.xe.gr/property/d/poliseis-katoikion/f96459e5-63d3-43b4-8cf8-245cf97423cf/thessalonikh-anw-polh-356999-200,Πολυκατοικία 200 τ.μ. · Θεσσαλονίκη (Ανω Πόλη),sale,,356999.0,200.0,,,1996,Θεσσαλονίκη (Ανω Πόλη),,,,2026-09-17,,,xe.gr agency page,2026-10-01T17:56:46Z,f96459e5-63d3-43b4-8cf8-245cf97423cf,2026-10-01,2026-10-01
xe.gr,Σαραφούδης Νικόλαος,https://www.xe.gr/property/d/poliseis-katoikion/fc3a4dc2-11c5-48bc-a226-09d3e0294ebb/kalochwri-80000-127,Διαμέρισμα 127 τ.μ. · Καλοχώρι,sale,apartment,80000.0,127.0,3,1ος,1979,Καλοχώρι,,,,2026-08-27,,,xe.gr agency page,2026-10-01T17:56:46Z,fc3a4dc2-11c5-48bc-a226-09d3e0294ebb,2026-10-01,2026-10-01
xe.gr,Σαραφούδης Νικόλαος,https://www.xe.gr/property/d/poliseis-katoikion/fdbcb336-280c-4870-8a34-64f6c1bfd00d/sykies-130000-45,Διαμέρισμα 45 τ.μ. · Συκιές,sale,apartment,130000.0,45.0,1,2ος,2026,Συκιές,,,,2026-08-27,,,xe.gr agency page,2026-10-01T17:56:46Z,fdbcb336-280c-4870-8a34-64f6c1bfd00d,2026-10-01,2026-10-01
xe.gr,Aspis Real Estate Ανατολικής  Θεσσαλονίκης,https://www.xe.gr/property/d/poliseis-katoikion/ff026079-1973-4849-991d-e7de5ea788a7/panorama-440000-200,Μεζονέτα 200 τ.μ. · Πανόραμα,sale,maisonette,440000.0,200.0,4,Ισόγ.,2000,Πανόραμα,40.5789981,23.0140846,,2026-09-10,,,xe.gr agency page,2026-10-01T17:56:46Z,ff026079-1973-4849-991d-e7de5ea788a7,2026-10-01,2026-10-01
xe.gr,Tatogio Home,https://www.xe.gr/property/d/poliseis-katoikion/ff526b9a-f5ef-4ac3-af62-71d902053a6c/marmari-90000-30,Διαμέρισμα 30 τ.μ. · Μαρμάρι,sale,apartment,90000.0,30.0,1,3ος,2022,Μαρμάρι,,,,2026-09-10,,,xe.gr agency page,2026-10-01T17:56:46Z,ff526b9a-f5ef-4ac3-af62-71d902053a6c,2026-10-01,2026-10-01
xe.gr,Real Estate Plus Construction,https://www.xe.gr/property/d/poliseis-katoikion/ff6213c7-1ab5-42b6-8f67-27b5108850ba/panorama-490000-332,Μονοκατοικία 332 τ.μ. · Πανόραμα,sale,house,490000.0,332.0,5,Ισόγ.,2003,Πανόραμα,,,,2026-03-12,,,xe.gr agency page,2026-10-01T17:56:46Z,ff6213c7-1ab5-42b6-8f67-27b5108850ba,2026-10-01,2026-10-01
