source_domain,agency,url,title,transaction,type,price_eur,area_m2,bedrooms,floor,year_built,location,lat,lon,image,date_published,date_updated,date_sitemap,date_source,scraped_at,lastmod,checked_at
ktimatoemporiki.gr,Ktimatoemporiki,https://ktimatoemporiki.gr/property/apartment-building-for-sale-in-thessaloniki-id-thb-1464,Apartment Building for sale in Thessaloniki,sale,,1600000,222,7,,,"Kamara, Thessaloniki",,,https://ktimato.b-cdn.net/OLDSITE/wp-content/uploads/2024/10/ThB-1464_Apartment-Building-for-sale-in-Thessaloniki-2.webp?width=1200&format=webp&quality=82,2026-09-01,,2026-09-01,json-ld datePosted; sitemap lastmod,2026-10-05T13:55:44Z,2026-09-01,2026-10-05
ktimatoemporiki.gr,Ktimatoemporiki,https://ktimatoemporiki.gr/property/apartment-for-rent-in-thessaloniki-id-th01-1261,Apartment for rent in Thessaloniki,rent,,2500,110,3,,,"Center Thessaloniki, Thessaloniki",,,https://ktimato.b-cdn.net/OLDSITE/wp-content/uploads/2024/11/Th01-1261_Apartment-for-rent-in-Thessaloniki-22.webp?width=1200&format=webp&quality=82,2026-09-01,,2026-09-01,json-ld datePosted; sitemap lastmod,2026-10-05T13:55:44Z,2026-09-01,2026-10-05
ktimatoemporiki.gr,Ktimatoemporiki,https://ktimatoemporiki.gr/property/apartment-for-sale-in-ano-poli-thessaloniki-id-th4-12817,Apartment for sale in Ano Poli Thessaloniki,sale,,70000,32,1,,,"Ano Poli Thessaloniki, Thessaloniki",,,https://ktimato.b-cdn.net/OLDSITE/wp-content/uploads/2026/05/Th4-12817_Apartment-for-sale-in-Ano-Poli-Thessaloniki-3.webp?width=1200&format=webp&quality=82,2026-09-01,,2026-09-01,json-ld datePosted; sitemap lastmod,2026-10-05T13:55:44Z,2026-09-01,2026-10-05
ktimatoemporiki.gr,Ktimatoemporiki,https://ktimatoemporiki.gr/property/apartment-for-sale-in-ano-toumba-thessaloniki-id-th4-12686,Apartment for sale in Ano Toumba Thessaloniki,sale,,248000,78,1,,,"Toumpa, Thessaloniki",,,https://ktimato.b-cdn.net/OLDSITE/wp-content/uploads/2026/03/Th4-12686_Apartment-for-sale-in-Ano-Toumba-Thessaloniki-9.webp?width=1200&format=webp&quality=82,2026-09-01,,2026-09-01,json-ld datePosted; sitemap lastmod,2026-10-05T13:55:44Z,2026-09-01,2026-10-05
ktimatoemporiki.gr,Ktimatoemporiki,https://ktimatoemporiki.gr/property/apartment-for-sale-in-ano-toumpa-thessaloniki-id-th4-3138,Apartment for sale in Ano Toumpa Thessaloniki,sale,,210000,90,2,,,"Ano Toumpa, Thessaloniki",,,https://ktimato.b-cdn.net/OLDSITE/wp-content/uploads/2022/02/Th4-3138_Apartment-for-sale-in-Ano-Toumpa-Thessaloniki-2.jpg?width=1200&format=webp&quality=82,2026-09-01,,2026-09-01,json-ld datePosted; sitemap lastmod,2026-10-05T13:55:44Z,2026-09-01,2026-10-05
ktimatoemporiki.gr,Ktimatoemporiki,https://ktimatoemporiki.gr/property/apartment-for-sale-in-ano-toumpa-thessaloniki-id-th4-3636,Apartment for sale in Ano Toumpa Thessaloniki,sale,,150000,69,1,,,"Ano Toumpa, Thessaloniki",,,https://ktimato.b-cdn.net/OLDSITE/wp-content/uploads/2022/04/Th4-3636_Apartment-for-sale-in-Ano-Toumpa-Thessaloniki-1-scaled.jpg?width=1200&format=webp&quality=82,2026-09-01,,2026-09-01,json-ld datePosted; sitemap lastmod,2026-10-05T13:55:44Z,2026-09-01,2026-10-05
ktimatoemporiki.gr,Ktimatoemporiki,https://ktimatoemporiki.gr/property/apartment-for-sale-in-center-thessaloniki-id-th4-3854,Apartment for sale in center Thessaloniki,sale,,135000,85,2,,,"Center Thessaloniki, Thessaloniki",,,https://ktimato.b-cdn.net/OLDSITE/wp-content/uploads/2022/06/Th4-3854_Apartment-for-sale-in-center-Thessaloniki-8.jpeg?width=1200&format=webp&quality=82,2026-09-01,,2026-09-01,json-ld datePosted; sitemap lastmod,2026-10-05T13:55:44Z,2026-09-01,2026-10-05
ktimatoemporiki.gr,Ktimatoemporiki,https://ktimatoemporiki.gr/property/apartment-for-sale-in-center-thessaloniki-id-th4-9180,Apartment for sale in Center Thessaloniki,sale,,133000,48,1,,,"Center Thessaloniki, Thessaloniki",,,https://ktimato.b-cdn.net/OLDSITE/wp-content/uploads/2024/12/Th4-9180_Apartment-for-sale-in-Center-Thessaloniki-3.jpg?width=1200&format=webp&quality=82,2026-09-01,,2026-09-01,json-ld datePosted; sitemap lastmod,2026-10-05T13:55:44Z,2026-09-01,2026-10-05
ktimatoemporiki.gr,Ktimatoemporiki,https://ktimatoemporiki.gr/property/apartment-for-sale-in-center-thessaloniki-id-th4-9440,Apartment for sale in Center Thessaloniki,sale,,170000,60,2,,,"Center Thessaloniki, Thessaloniki",,,https://ktimato.b-cdn.net/OLDSITE/wp-content/uploads/2025/01/Th4-9440_Apartment-for-sale-in-Center-Thessaloniki-1.webp?width=1200&format=webp&quality=82,2026-09-01,,2026-09-01,json-ld datePosted; sitemap lastmod,2026-10-05T13:55:44Z,2026-09-01,2026-10-05
ktimatoemporiki.gr,Ktimatoemporiki,https://ktimatoemporiki.gr/property/apartment-for-sale-in-halkidiki-id-h4-8883,Apartment for sale in Halkidiki,sale,,149000,42,1,,,"Nikiti Halkidikis, Halkidiki",,,https://ktimato.b-cdn.net/OLDSITE/wp-content/uploads/2024/11/H4-8883_Apartment-for-sale-in-Halkidiki-9.jpg?width=1200&format=webp&quality=82,2026-09-01,,2026-09-01,json-ld datePosted; sitemap lastmod,2026-10-05T13:55:44Z,2026-09-01,2026-10-05
ktimatoemporiki.gr,Ktimatoemporiki,https://ktimatoemporiki.gr/property/apartment-for-sale-in-ippokrateio-thessaloniki-id-th4-12666,Apartment for sale in Ippokrateio Thessaloniki,sale,,120000,42,1,,,"Ippokratio Thessaloniki, Thessaloniki",,,https://ktimato.b-cdn.net/OLDSITE/wp-content/uploads/2026/03/Th4-12666_Apartment-for-sale-in-Ippokrateio-Thessaloniki-9.webp?width=1200&format=webp&quality=82,2026-09-01,,2026-09-01,json-ld datePosted; sitemap lastmod,2026-10-05T13:55:44Z,2026-09-01,2026-10-05
ktimatoemporiki.gr,Ktimatoemporiki,https://ktimatoemporiki.gr/property/apartment-for-sale-in-kalamaria-thessaloniki-id-th4-2929,Apartment for sale in Kalamaria Thessaloniki,sale,,500000,143,3,,,"Kalamaria, Thessaloniki",,,https://ktimato.b-cdn.net/OLDSITE/wp-content/uploads/2021/11/Th4-2929_Apartment-for-sale-in-Kalamaria-Thessaloniki-18.jpg?width=1200&format=webp&quality=82,2026-09-01,,2026-09-01,json-ld datePosted; sitemap lastmod,2026-10-05T13:55:44Z,2026-09-01,2026-10-05
ktimatoemporiki.gr,Ktimatoemporiki,https://ktimatoemporiki.gr/property/apartment-for-sale-in-kalamaria-thessaloniki-id-th4-8630,Apartment for sale in Kalamaria Thessaloniki,sale,,560000,141,3,,,"Kalamaria, Thessaloniki",,,https://ktimato.b-cdn.net/OLDSITE/wp-content/uploads/2024/11/Th4-8630_Apartment-for-sale-in-Kalamaria-Thessaloniki-1.webp?width=1200&format=webp&quality=82,2026-09-01,,2026-09-01,json-ld datePosted; sitemap lastmod,2026-10-05T13:55:44Z,2026-09-01,2026-10-05
ktimatoemporiki.gr,Ktimatoemporiki,https://ktimatoemporiki.gr/property/apartment-for-sale-in-kalamaria-thessaloniki-id-th4-9277,Apartment for sale in Kalamaria Thessaloniki,sale,,430000,117,3,,,"Kalamaria, Thessaloniki",,,https://ktimato.b-cdn.net/OLDSITE/wp-content/uploads/2024/12/Th4-9277_Apartment-for-sale-in-Kalamaria-Thessaloniki-22.webp?width=1200&format=webp&quality=82,2026-09-01,,2026-09-01,json-ld datePosted; sitemap lastmod,2026-10-05T13:55:44Z,2026-09-01,2026-10-05
ktimatoemporiki.gr,Ktimatoemporiki,https://ktimatoemporiki.gr/property/apartment-for-sale-in-kamara-rotonda-thessaloniki-id-th4-8533,Apartment for sale in Kamara-Rotonda Thessaloniki,sale,,300000,80,2,,,"Center Thessaloniki, Thessaloniki",,,https://ktimato.b-cdn.net/OLDSITE/wp-content/uploads/2024/10/Th4-8533_Apartment-for-sale-in-Kamara-Rotonda-Thessaloniki-20.jpg?width=1200&format=webp&quality=82,2026-09-01,,2026-09-01,json-ld datePosted; sitemap lastmod,2026-10-05T13:55:44Z,2026-09-01,2026-10-05
ktimatoemporiki.gr,Ktimatoemporiki,https://ktimatoemporiki.gr/property/apartment-for-sale-in-lagkadas-thessaloniki-id-th4-9265,Apartment for sale in Lagkadas Thessaloniki,sale,,120000,86,2,,,"Lagkadas, Thessaloniki",,,https://ktimato.b-cdn.net/OLDSITE/wp-content/uploads/2024/12/Th4-9265_Apartment-for-sale-in-Lagkadas-Thessaloniki-13.webp?width=1200&format=webp&quality=82,2026-09-01,,2026-09-01,json-ld datePosted; sitemap lastmod,2026-10-05T13:55:44Z,2026-09-01,2026-10-05
ktimatoemporiki.gr,Ktimatoemporiki,https://ktimatoemporiki.gr/property/apartment-for-sale-in-oreokastro-thessaloniki-id-th4-3023,Apartment for sale in Oreokastro Thessaloniki,sale,,138000,168,3,,,"Oreokastro-Migdonia, Thessaloniki",,,https://ktimato.b-cdn.net/OLDSITE/wp-content/uploads/2022/01/Th4-3023_Apartment-for-sale-in-Oreokastro-Thessaloniki-11.jpg?width=1200&format=webp&quality=82,2026-09-01,,2026-09-01,json-ld datePosted; sitemap lastmod,2026-10-05T13:55:44Z,2026-09-01,2026-10-05
ktimatoemporiki.gr,Ktimatoemporiki,https://ktimatoemporiki.gr/property/apartment-for-sale-in-oreokastro-thessaloniki-id-th4-9451,Apartment for sale in Oreokastro Thessaloniki,sale,,135000,75,2,,,"Oreokastro Thessaloniki, Thessaloniki",,,https://ktimato.b-cdn.net/OLDSITE/wp-content/uploads/2025/01/Th4-9451_Apartment-for-sale-in-Oreokastro-Thessaloniki-3.webp?width=1200&format=webp&quality=82,2026-09-01,,2026-09-01,json-ld datePosted; sitemap lastmod,2026-10-05T13:55:44Z,2026-09-01,2026-10-05
ktimatoemporiki.gr,Ktimatoemporiki,https://ktimatoemporiki.gr/property/apartment-for-sale-in-pylaia-thessaloniki-id-th4-9418,Apartment for sale in Pylaia Thessaloniki,sale,,390000,145,4,,,"Pylaia - Chortiatis, Thessaloniki",,,https://ktimato.b-cdn.net/OLDSITE/wp-content/uploads/2025/01/Th4-9418_Apartment-for-sale-in-Pylaia-Thessaloniki-3.webp?width=1200&format=webp&quality=82,2026-09-01,,2026-09-01,json-ld datePosted; sitemap lastmod,2026-10-05T13:55:44Z,2026-09-01,2026-10-05
ktimatoemporiki.gr,Ktimatoemporiki,https://ktimatoemporiki.gr/property/apartment-for-sale-in-saranta-ekklisies-thessaloniki-id-th4-12816,"Apartment for sale in Saranta Ekklisies, Thessaloniki",sale,,155000,75,2,,,"Saranta Ekklisies Thessaloniki, Thessaloniki",,,https://ktimato.b-cdn.net/OLDSITE/wp-content/uploads/2026/05/Th4-12816_Apartment-for-sale-in-Saranta-Ekklisies-Thessaloniki-1.webp?width=1200&format=webp&quality=82,2026-09-01,,2026-09-01,json-ld datePosted; sitemap lastmod,2026-10-05T13:55:44Z,2026-09-01,2026-10-05
ktimatoemporiki.gr,Ktimatoemporiki,https://ktimatoemporiki.gr/property/apartment-for-sale-in-thermi-thessaloniki-id-th4-3058,Apartment for sale in Thermi Thessaloniki,sale,,170000,90,2,,,"Thermi Thessaloniki, Thessaloniki",,,https://ktimato.b-cdn.net/OLDSITE/wp-content/uploads/2022/01/Th4-3058_Apartment-for-sale-in-Thermi-Thessaloniki-1.jpg?width=1200&format=webp&quality=82,2026-09-01,,2026-09-01,json-ld datePosted; sitemap lastmod,2026-10-05T13:55:44Z,2026-09-01,2026-10-05
ktimatoemporiki.gr,Ktimatoemporiki,https://ktimatoemporiki.gr/property/apartment-for-sale-in-thermi-thessaloniki-id-th4-9067,Apartment for sale in Thermi Thessaloniki,sale,,114000,36,1,,,"Thermi Thessaloniki, Thessaloniki",,,https://ktimato.b-cdn.net/OLDSITE/wp-content/uploads/2024/12/Th4-9067_Apartment-for-sale-in-Thermi-Thessaloniki-5.jpg?width=1200&format=webp&quality=82,2026-09-01,,2026-09-01,json-ld datePosted; sitemap lastmod,2026-10-05T13:55:44Z,2026-09-01,2026-10-05
ktimatoemporiki.gr,Ktimatoemporiki,https://ktimatoemporiki.gr/property/apartment-for-sale-in-thermi-thessaloniki-id-th4-9075,Apartment for sale in Thermi Thessaloniki,sale,,320000,100,3,,,"Thermi Thessaloniki, Thessaloniki",,,https://ktimato.b-cdn.net/OLDSITE/wp-content/uploads/2024/12/Th4-9075_Apartment-for-sale-in-Thermi-Thessaloniki-5.jpg?width=1200&format=webp&quality=82,2026-09-01,,2026-09-01,json-ld datePosted; sitemap lastmod,2026-10-05T13:55:44Z,2026-09-01,2026-10-05
ktimatoemporiki.gr,Ktimatoemporiki,https://ktimatoemporiki.gr/property/apartment-for-sale-in-thermi-thessaloniki-id-th4-9083,Apartment for sale in Thermi Thessaloniki,sale,,385000,114,3,,,"Thermi Thessaloniki, Thessaloniki",,,https://ktimato.b-cdn.net/OLDSITE/wp-content/uploads/2024/12/Th4-9083_Apartment-for-sale-in-Thermi-Thessaloniki-5.jpg?width=1200&format=webp&quality=82,2026-09-01,,2026-09-01,json-ld datePosted; sitemap lastmod,2026-10-05T13:55:44Z,2026-09-01,2026-10-05
ktimatoemporiki.gr,Ktimatoemporiki,https://ktimatoemporiki.gr/property/apartment-for-sale-in-thessaloniki-ano-toumpa-id-th4-3139,Apartment for sale in Thessaloniki,sale,,215000,90,2,,,"Ano Toumpa, Thessaloniki",,,https://ktimato.b-cdn.net/OLDSITE/wp-content/uploads/2022/02/Th4-3139_Apartment-for-sale-in-Thessaloniki-Ano-Toumpa-1.jpg?width=1200&format=webp&quality=82,2026-09-01,,2026-09-01,json-ld datePosted; sitemap lastmod,2026-10-05T13:55:44Z,2026-09-01,2026-10-05
ktimatoemporiki.gr,Ktimatoemporiki,https://ktimatoemporiki.gr/property/apartment-for-sale-in-thessaloniki-center-id-th4-12832,Apartment for Sale in Thessaloniki Center,sale,,185000,70,2,,,"Center Thessaloniki, Thessaloniki",,,https://ktimato.b-cdn.net/OLDSITE/wp-content/uploads/2026/06/Th4-12832_Apartment-for-Sale-in-Thessaloniki-Center-2.png?width=1200&format=webp&quality=82,2026-09-01,,2026-09-01,json-ld datePosted; sitemap lastmod,2026-10-05T13:55:44Z,2026-09-01,2026-10-05
ktimatoemporiki.gr,Ktimatoemporiki,https://ktimatoemporiki.gr/property/apartment-for-sale-in-thessaloniki-center-id-th4-8496,Apartment for sale in Thessaloniki Center,sale,,205000,72,2,,,"Center Thessaloniki, Thessaloniki",,,https://ktimato.b-cdn.net/OLDSITE/wp-content/uploads/2024/10/Th4-8496_Apartment-for-sale-in-Thessaloniki-Center-13.jpg?width=1200&format=webp&quality=82,2026-09-01,,2026-09-01,json-ld datePosted; sitemap lastmod,2026-10-05T13:55:44Z,2026-09-01,2026-10-05
ktimatoemporiki.gr,Ktimatoemporiki,https://ktimatoemporiki.gr/property/apartment-for-sale-in-thessaloniki-center-id-th4-8505,Apartment for sale in Thessaloniki Center,sale,,1500000,140,3,,,"Center Thessaloniki, Thessaloniki",,,https://ktimato.b-cdn.net/OLDSITE/wp-content/uploads/2024/10/Th4-8505_Apartment-for-sale-in-Thessaloniki-Center-12-1.webp?width=1200&format=webp&quality=82,2026-09-01,,2026-09-01,json-ld datePosted; sitemap lastmod,2026-10-05T13:55:44Z,2026-09-01,2026-10-05
ktimatoemporiki.gr,Ktimatoemporiki,https://ktimatoemporiki.gr/property/apartment-for-sale-in-thessaloniki-center-id-th4-8601,Apartment for sale in Thessaloniki Center,sale,,250000,105,,,,"Center Thessaloniki, Thessaloniki",,,https://ktimato.b-cdn.net/OLDSITE/wp-content/uploads/2024/11/Th4-8601_Apartment-for-sale-in-Thessaloniki-Center-1.jpg?width=1200&format=webp&quality=82,2026-09-01,,2026-09-01,json-ld datePosted; sitemap lastmod,2026-10-05T13:55:44Z,2026-09-01,2026-10-05
ktimatoemporiki.gr,Ktimatoemporiki,https://ktimatoemporiki.gr/property/apartment-for-sale-in-thessaloniki-center-id-th4-8951,Apartment for sale in Thessaloniki Center,sale,,178000,112,1,,,"Faliro - Ippokratio, Thessaloniki",,,https://ktimato.b-cdn.net/OLDSITE/wp-content/uploads/2024/11/Th4-8951_Apartment-for-sale-in-Thessaloniki-Center-21.webp?width=1200&format=webp&quality=82,2026-09-01,,2026-09-01,json-ld datePosted; sitemap lastmod,2026-10-05T13:55:44Z,2026-09-01,2026-10-05
ktimatoemporiki.gr,Ktimatoemporiki,https://ktimatoemporiki.gr/property/apartment-for-sale-in-thessaloniki-center-id-th4-8986,Apartment for sale in Thessaloniki Center,sale,,120000,40,1,,,"Center Thessaloniki, Thessaloniki",,,https://ktimato.b-cdn.net/OLDSITE/wp-content/uploads/2024/11/Th4-8986_Apartment-for-sale-in-Thessaloniki-Center-8.webp?width=1200&format=webp&quality=82,2026-09-01,,2026-09-01,json-ld datePosted; sitemap lastmod,2026-10-05T13:55:44Z,2026-09-01,2026-10-05
ktimatoemporiki.gr,Ktimatoemporiki,https://ktimatoemporiki.gr/property/apartment-for-sale-in-thessaloniki-center-id-th4-9171,Apartment for sale in Thessaloniki Center,sale,,125500,48,1,,,"Center Thessaloniki, Thessaloniki",,,https://ktimato.b-cdn.net/OLDSITE/wp-content/uploads/2024/12/Th4-9171_Apartment-for-sale-in-Thessaloniki-Center-1.jpg?width=1200&format=webp&quality=82,2026-09-01,,2026-09-01,json-ld datePosted; sitemap lastmod,2026-10-05T13:55:44Z,2026-09-01,2026-10-05
ktimatoemporiki.gr,Ktimatoemporiki,https://ktimatoemporiki.gr/property/apartment-for-sale-in-thessaloniki-center-id-th4-9183,Apartment for sale in Thessaloniki Center,sale,,107000,34,1,,,"Center Thessaloniki, Thessaloniki",,,https://ktimato.b-cdn.net/OLDSITE/wp-content/uploads/2024/12/Th4-9183_Apartment-for-sale-in-Thessaloniki-Center-2.jpg?width=1200&format=webp&quality=82,2026-09-01,,2026-09-01,json-ld datePosted; sitemap lastmod,2026-10-05T13:55:44Z,2026-09-01,2026-10-05
ktimatoemporiki.gr,Ktimatoemporiki,https://ktimatoemporiki.gr/property/apartment-for-sale-in-thessaloniki-center-id-th4-9420,Apartment for sale in Thessaloniki Center,sale,,170000,45,1,,,"Center Thessaloniki, Thessaloniki",,,https://ktimato.b-cdn.net/OLDSITE/wp-content/uploads/2025/01/Th4-9420_Apartment-for-sale-in-Thessaloniki-Center-19.webp?width=1200&format=webp&quality=82,2026-09-01,,2026-09-01,json-ld datePosted; sitemap lastmod,2026-10-05T13:55:44Z,2026-09-01,2026-10-05
ktimatoemporiki.gr,Ktimatoemporiki,https://ktimatoemporiki.gr/property/apartment-for-sale-in-thessaloniki-city-center-id-th4-10135,Apartment for sale in Thessaloniki City Center,sale,,239000,89,2,,,"Center Thessaloniki, Thessaloniki",,,https://ktimato.b-cdn.net/OLDSITE/wp-content/uploads/2025/04/Th4-10135_Apartment-for-sale-in-Thessaloniki-City-Center-1.webp?width=1200&format=webp&quality=82,2026-09-01,,2026-09-01,json-ld datePosted; sitemap lastmod,2026-10-05T13:55:44Z,2026-09-01,2026-10-05
ktimatoemporiki.gr,Ktimatoemporiki,https://ktimatoemporiki.gr/property/apartment-for-sale-in-thessaloniki-id-th4-13044,Apartment for Sale in Thessaloniki,sale,,157000,41,1,,,"Thessaloniki, Thessaloniki",,,https://ktimato.b-cdn.net/OLDSITE/wp-content/uploads/2026/06/Th4-13044_Apartment-for-Sale-in-Thessaloniki-4.webp?width=1200&format=webp&quality=82,2026-09-01,,2026-09-01,json-ld datePosted; sitemap lastmod,2026-10-05T13:55:44Z,2026-09-01,2026-10-05
ktimatoemporiki.gr,Ktimatoemporiki,https://ktimatoemporiki.gr/property/apartment-for-sale-in-thessaloniki-id-th4-2916,Apartment for sale in Thessaloniki,sale,,280000,162,3,,,"Thermi Thessaloniki, Thessaloniki",,,https://ktimato.b-cdn.net/OLDSITE/wp-content/uploads/2021/11/TH4-2916_Apartment-for-sale-in-Thessaloniki-1.jpg?width=1200&format=webp&quality=82,2026-09-01,,2026-09-01,json-ld datePosted; sitemap lastmod,2026-10-05T13:55:44Z,2026-09-01,2026-10-05
ktimatoemporiki.gr,Ktimatoemporiki,https://ktimatoemporiki.gr/property/apartment-for-sale-in-thessaloniki-id-th4-2918,Residential apartment for sale in Thessaloniki,sale,,270000,135,3,,,"Thermi Thessaloniki, Thessaloniki",,,https://ktimato.b-cdn.net/OLDSITE/wp-content/uploads/2021/11/TH4-2918_Apartment-for-sale-in-Thessaloniki-1.jpeg?width=1200&format=webp&quality=82,2026-09-01,,2026-09-01,json-ld datePosted; sitemap lastmod,2026-10-05T13:55:44Z,2026-09-01,2026-10-05
ktimatoemporiki.gr,Ktimatoemporiki,https://ktimatoemporiki.gr/property/apartment-for-sale-in-thessaloniki-id-th4-3002,Apartment for sale in Thessaloniki,sale,,450000,125,3,,,"Center Thessaloniki, Thessaloniki",,,https://ktimato.b-cdn.net/OLDSITE/wp-content/uploads/2022/01/Th4-3002_Apartment-for-sale-in-Thessaloniki-2.jpg?width=1200&format=webp&quality=82,2026-09-01,,2026-09-01,json-ld datePosted; sitemap lastmod,2026-10-05T13:55:44Z,2026-09-01,2026-10-05
ktimatoemporiki.gr,Ktimatoemporiki,https://ktimatoemporiki.gr/property/apartment-for-sale-in-thessaloniki-id-th4-3762,Apartment for sale in Thessaloniki,sale,,165000,100,3,,,"Center Thessaloniki, Thessaloniki",,,https://ktimato.b-cdn.net/OLDSITE/wp-content/uploads/2022/05/Th4-3762_Apartment-for-sale-in-Thessaloniki-1.jpg?width=1200&format=webp&quality=82,2026-09-01,,2026-09-01,json-ld datePosted; sitemap lastmod,2026-10-05T13:55:44Z,2026-09-01,2026-10-05
ktimatoemporiki.gr,Ktimatoemporiki,https://ktimatoemporiki.gr/property/apartment-for-sale-in-thessaloniki-id-th4-3786,Apartment for sale in Thessaloniki,sale,,158000,115,3,,,"Center Thessaloniki, Thessaloniki",,,https://ktimato.b-cdn.net/OLDSITE/wp-content/uploads/2022/05/Th4-3786_Apartment-for-sale-in-Thessaloniki-3.jpg?width=1200&format=webp&quality=82,2026-09-01,,2026-09-01,json-ld datePosted; sitemap lastmod,2026-10-05T13:55:44Z,2026-09-01,2026-10-05
ktimatoemporiki.gr,Ktimatoemporiki,https://ktimatoemporiki.gr/property/apartment-for-sale-in-thessaloniki-id-th4-3839,Apartment for sale in Thessaloniki,sale,,330000,116,3,,,"Center Thessaloniki, Thessaloniki",,,https://ktimato.b-cdn.net/OLDSITE/wp-content/uploads/2022/06/Th4-3839_Apartment-for-sale-in-Thessaloniki-1.jpg?width=1200&format=webp&quality=82,2026-09-01,,2026-09-01,json-ld datePosted; sitemap lastmod,2026-10-05T13:55:44Z,2026-09-01,2026-10-05
ktimatoemporiki.gr,Ktimatoemporiki,https://ktimatoemporiki.gr/property/apartment-for-sale-in-thessaloniki-id-th4-3841,Apartment for sale in Thessaloniki,sale,,335000,116,3,,,"Center Thessaloniki, Thessaloniki",,,https://ktimato.b-cdn.net/OLDSITE/wp-content/uploads/2022/06/Th4-3841_Apartment-for-sale-in-Thessaloniki-1.jpg?width=1200&format=webp&quality=82,2026-09-01,,2026-09-01,json-ld datePosted; sitemap lastmod,2026-10-05T13:55:44Z,2026-09-01,2026-10-05
ktimatoemporiki.gr,Ktimatoemporiki,https://ktimatoemporiki.gr/property/apartment-for-sale-in-thessaloniki-id-th4-3856,Apartment for sale in Thessaloniki,sale,,138000,35,1,,,"Center Thessaloniki, Thessaloniki",,,https://ktimato.b-cdn.net/OLDSITE/wp-content/uploads/2022/06/Th4-3856_Apartment-for-sale-in-Thessaloniki-1.jpeg?width=1200&format=webp&quality=82,2026-09-01,,2026-09-01,json-ld datePosted; sitemap lastmod,2026-10-05T13:55:44Z,2026-09-01,2026-10-05
ktimatoemporiki.gr,Ktimatoemporiki,https://ktimatoemporiki.gr/property/apartment-for-sale-in-thessaloniki-id-th4-8492,Apartment for sale in Thessaloniki,sale,,139000,63,2,,,"Kato Toumpa, Thessaloniki",,,https://ktimato.b-cdn.net/OLDSITE/wp-content/uploads/2024/10/Th4-8492_Apartment-for-sale-in-Thessloniki-8.jpg?width=1200&format=webp&quality=82,2026-09-01,,2026-09-01,json-ld datePosted; sitemap lastmod,2026-10-05T13:55:44Z,2026-09-01,2026-10-05
ktimatoemporiki.gr,Ktimatoemporiki,https://ktimatoemporiki.gr/property/apartment-for-sale-in-thessaloniki-id-th4-8588,Apartment for sale in Thessaloniki,sale,,340000,90,2,,,"Voulgari - Ntepo - Martiou, Thessaloniki",,,https://ktimato.b-cdn.net/OLDSITE/wp-content/uploads/2024/10/Th4-8588_Apartment-for-sale-in-Thessaloniki-18.webp?width=1200&format=webp&quality=82,2026-09-01,,2026-09-01,json-ld datePosted; sitemap lastmod,2026-10-05T13:55:44Z,2026-09-01,2026-10-05
ktimatoemporiki.gr,Ktimatoemporiki,https://ktimatoemporiki.gr/property/apartment-for-sale-in-thessaloniki-id-th4-9268,Apartment for sale in Thessaloniki,sale,,95000,88,2,,,"Neapoli Thessaloniki, Thessaloniki",,,https://ktimato.b-cdn.net/OLDSITE/wp-content/uploads/2024/12/Th4-9268_Apartment-for-sale-in-Thessaloniki-8.webp?width=1200&format=webp&quality=82,2026-09-01,,2026-09-01,json-ld datePosted; sitemap lastmod,2026-10-05T13:55:44Z,2026-09-01,2026-10-05
ktimatoemporiki.gr,Ktimatoemporiki,https://ktimatoemporiki.gr/property/apartment-for-sale-in-thessaloniki-id-th4-9302,Apartment for sale in Thessaloniki,sale,,150000,85,2,,,"Sikies, Thessaloniki",,,https://ktimato.b-cdn.net/OLDSITE/wp-content/uploads/2024/12/Th4-9302_Apartment-for-sale-in-Thessaloniki-2.webp?width=1200&format=webp&quality=82,2026-09-01,,2026-09-01,json-ld datePosted; sitemap lastmod,2026-10-05T13:55:44Z,2026-09-01,2026-10-05
ktimatoemporiki.gr,Ktimatoemporiki,https://ktimatoemporiki.gr/property/apartment-for-sale-in-thessaloniki-id-th4-9306,Apartment for sale in Thessaloniki,sale,,135000,77,2,,,"Michaniona, Thessaloniki",,,https://ktimato.b-cdn.net/OLDSITE/wp-content/uploads/2024/12/Th4-9306_Apartment-for-sale-in-Thessaloniki-2.jpg?width=1200&format=webp&quality=82,2026-09-01,,2026-09-01,json-ld datePosted; sitemap lastmod,2026-10-05T13:55:44Z,2026-09-01,2026-10-05
ktimatoemporiki.gr,Ktimatoemporiki,https://ktimatoemporiki.gr/property/apartment-for-sale-in-thessaloniki-id-th4-9442,Apartment for sale in Thessaloniki,sale,,160000,60,1,,,"Faliro - Ippokratio, Thessaloniki",,,https://ktimato.b-cdn.net/OLDSITE/wp-content/uploads/2025/01/Th4-9442_Apartment-for-sale-in-Thessaloniki-2.jpg?width=1200&format=webp&quality=82,2026-09-01,,2026-09-01,json-ld datePosted; sitemap lastmod,2026-10-05T13:55:44Z,2026-09-01,2026-10-05
ktimatoemporiki.gr,Ktimatoemporiki,https://ktimatoemporiki.gr/property/apartment-for-sale-in-thessaloniki-id-th4-9518,Apartment for sale in Thessaloniki,sale,,179000,75,2,,,"Faliro - Ippokratio, Thessaloniki",,,https://ktimato.b-cdn.net/OLDSITE/wp-content/uploads/2025/01/Th4-9518_Apartment-for-sale-in-Thessaloniki-16.webp?width=1200&format=webp&quality=82,2026-09-01,,2026-09-01,json-ld datePosted; sitemap lastmod,2026-10-05T13:55:44Z,2026-09-01,2026-10-05
ktimatoemporiki.gr,Ktimatoemporiki,https://ktimatoemporiki.gr/property/apartment-for-sale-in-thessaloniki-id-th4-9556,Apartment for Sale in Thessaloniki,sale,,68000,55,1,,,"Menemeni, Thessaloniki",,,https://ktimato.b-cdn.net/OLDSITE/wp-content/uploads/2025/02/Th4-9556_Apartment-for-Sale-in-Thessaloniki-3.webp?width=1200&format=webp&quality=82,2026-09-01,,2026-09-01,json-ld datePosted; sitemap lastmod,2026-10-05T13:55:44Z,2026-09-01,2026-10-05
ktimatoemporiki.gr,Ktimatoemporiki,https://ktimatoemporiki.gr/property/apartment-for-sale-in-thessaloniki-id-th4-9557,Apartment for sale in Thessaloniki,sale,,192000,76,2,,,"Thermi Thessaloniki, Thessaloniki",,,https://ktimato.b-cdn.net/OLDSITE/wp-content/uploads/2025/02/Th4-9557_Apartment-for-sale-in-Thermi-Thessaloniki.webp?width=1200&format=webp&quality=82,2026-09-01,,2026-09-01,json-ld datePosted; sitemap lastmod,2026-10-05T13:55:44Z,2026-09-01,2026-10-05
ktimatoemporiki.gr,Ktimatoemporiki,https://ktimatoemporiki.gr/property/apartment-for-sale-in-thessaloniki-id-th4-9559,Apartment for sale in Thessaloniki,sale,,199000,76,2,,,"Thermi Thessaloniki, Thessaloniki",,,https://ktimato.b-cdn.net/OLDSITE/wp-content/uploads/2025/02/Th4-9559_Apartment-for-sale-in-Thessaloniki.webp?width=1200&format=webp&quality=82,2026-09-01,,2026-09-01,json-ld datePosted; sitemap lastmod,2026-10-05T13:55:44Z,2026-09-01,2026-10-05
ktimatoemporiki.gr,Ktimatoemporiki,https://ktimatoemporiki.gr/property/apartment-for-sale-in-thessaloniki-id-th4-9661,Apartment for sale in Thessaloniki,sale,,140000,58,2,,,"Analipsi - Mpotsari - Nea Paralia, Thessaloniki",,,https://ktimato.b-cdn.net/OLDSITE/wp-content/uploads/2025/02/Th4-9661_Apartment-for-sale-in-Thessaloniki-10.webp?width=1200&format=webp&quality=82,2026-09-01,,2026-09-01,json-ld datePosted; sitemap lastmod,2026-10-05T13:55:44Z,2026-09-01,2026-10-05
ktimatoemporiki.gr,Ktimatoemporiki,https://ktimatoemporiki.gr/property/apartment-for-sale-in-thessaloniki-id-th4-9663,Apartment for sale in Thessaloniki,sale,,239000,95,3,,,"Analipsi - Mpotsari - Nea Paralia, Thessaloniki",,,https://ktimato.b-cdn.net/OLDSITE/wp-content/uploads/2025/02/Th4-9663_Apartment-for-sale-in-Thessaloniki-12.webp?width=1200&format=webp&quality=82,2026-09-01,,2026-09-01,json-ld datePosted; sitemap lastmod,2026-10-05T13:55:44Z,2026-09-01,2026-10-05
ktimatoemporiki.gr,Ktimatoemporiki,https://ktimatoemporiki.gr/property/apartment-for-sale-in-thessaloniki-konstantinopolitika-id-th4-2871,Apartment for sale in Thessaloniki Konstantinopolitika,sale,,230000,67,2,,,"Ano Toumpa, Thessaloniki",,,https://ktimato.b-cdn.net/OLDSITE/wp-content/uploads/2021/11/Th4-2871_Apartment-for-sale-in-Thessaloniki-Konstantinopoli.jpg?width=1200&format=webp&quality=82,2026-09-01,,2026-09-01,json-ld datePosted; sitemap lastmod,2026-10-05T13:55:44Z,2026-09-01,2026-10-05
ktimatoemporiki.gr,Ktimatoemporiki,https://ktimatoemporiki.gr/property/apartment-for-sale-in-thessaloniki-thermi-id-th4-9072,Apartment for sale in Thessaloniki Thermi,sale,,260000,78,2,,,"Thermi Thessaloniki, Thessaloniki",,,https://ktimato.b-cdn.net/OLDSITE/wp-content/uploads/2024/12/Th4-9072_Apartment-for-sale-in-Thessaloniki-Thermi-2.jpg?width=1200&format=webp&quality=82,2026-09-01,,2026-09-01,json-ld datePosted; sitemap lastmod,2026-10-05T13:55:44Z,2026-09-01,2026-10-05
ktimatoemporiki.gr,Ktimatoemporiki,https://ktimatoemporiki.gr/property/apartment-for-sale-in-thessaloniki-thermi-id-th4-9080,Apartment for sale in Thessaloniki Thermi,sale,,337000,106,3,,,"Thermi Thessaloniki, Thessaloniki",,,https://ktimato.b-cdn.net/OLDSITE/wp-content/uploads/2024/12/Th4-9080_Apartment-for-sale-in-Thessaloniki-Thermi-2.jpg?width=1200&format=webp&quality=82,2026-09-01,,2026-09-01,json-ld datePosted; sitemap lastmod,2026-10-05T13:55:44Z,2026-09-01,2026-10-05
ktimatoemporiki.gr,Ktimatoemporiki,https://ktimatoemporiki.gr/property/apartment-for-sale-in-thessaloniki-thermi-id-th4-9558,Apartment for sale in Thessaloniki Thermi,sale,,296000,109,3,,,"Thermi Thessaloniki, Thessaloniki",,,https://ktimato.b-cdn.net/OLDSITE/wp-content/uploads/2025/02/Th4-9558_Apartment-for-sale-in-Thessaloniki-Thermi.jpg?width=1200&format=webp&quality=82,2026-09-01,,2026-09-01,json-ld datePosted; sitemap lastmod,2026-10-05T13:55:44Z,2026-09-01,2026-10-05
ktimatoemporiki.gr,Ktimatoemporiki,https://ktimatoemporiki.gr/property/apartment-for-sale-in-thessaloniki-toumpa-id-th4-2827,Apartment for sale in Thessaloniki Toumpa,sale,,125000,79,2,,,"Kato Toumpa, Thessaloniki",,,https://ktimato.b-cdn.net/OLDSITE/wp-content/uploads/2021/11/Th4-2827_Apartment-for-sale-in-Thessaloniki-Toumpa-33.jpg?width=1200&format=webp&quality=82,2026-09-01,,2026-09-01,json-ld datePosted; sitemap lastmod,2026-10-05T13:55:44Z,2026-09-01,2026-10-05
ktimatoemporiki.gr,Ktimatoemporiki,https://ktimatoemporiki.gr/property/apartment-for-sale-in-toumpa-thessaloniki-id-th4-12838,Apartment for Sale in Toumpa Thessaloniki,sale,,170000,55,1,,,"Toumpa, Thessaloniki",,,https://ktimato.b-cdn.net/OLDSITE/wp-content/uploads/2026/06/Th4-12838_Apartment-for-Sale-in-Toumpa-Thessaloniki-1.webp?width=1200&format=webp&quality=82,2026-09-01,,2026-09-01,json-ld datePosted; sitemap lastmod,2026-10-05T13:55:44Z,2026-09-01,2026-10-05
ktimatoemporiki.gr,Ktimatoemporiki,https://ktimatoemporiki.gr/property/apartment-for-sale-in-toumpa-thessaloniki-id-th4-8948,Apartment for sale in Toumpa Thessaloniki,sale,,305000,130,3,,,"Kato Toumpa, Thessaloniki",,,https://ktimato.b-cdn.net/OLDSITE/wp-content/uploads/2024/11/Th4-8948_Apartment-for-sale-in-Toumpa-Thessaloniki-22.webp?width=1200&format=webp&quality=82,2026-09-01,,2026-09-01,json-ld datePosted; sitemap lastmod,2026-10-05T13:55:44Z,2026-09-01,2026-10-05
ktimatoemporiki.gr,Ktimatoemporiki,https://ktimatoemporiki.gr/property/apartment-for-sale-in-triandria-thessaloniki-id-th4-12667,Apartment for sale in Triandria Thessaloniki,sale,,120000,60,1,,,"Triandria Thessaloniki, Thessaloniki",,,https://ktimato.b-cdn.net/OLDSITE/wp-content/uploads/2026/03/Th4-12667_Apartment-for-sale-in-Triandria-Thessaloniki-1.webp?width=1200&format=webp&quality=82,2026-09-01,,2026-09-01,json-ld datePosted; sitemap lastmod,2026-10-05T13:55:44Z,2026-09-01,2026-10-05
ktimatoemporiki.gr,Ktimatoemporiki,https://ktimatoemporiki.gr/property/apartment-for-sale-in-triandria-thessaloniki-id-th4-12818,"Apartment for sale in Triandria, Thessaloniki",sale,,170000,80,2,,,"Triandria Thessaloniki, Thessaloniki",,,https://ktimato.b-cdn.net/OLDSITE/wp-content/uploads/2026/05/Th4-12818_Apartment-for-sale-in-Triandria-Thessaloniki-1.webp?width=1200&format=webp&quality=82,2026-09-01,,2026-09-01,json-ld datePosted; sitemap lastmod,2026-10-05T13:55:44Z,2026-09-01,2026-10-05
ktimatoemporiki.gr,Ktimatoemporiki,https://ktimatoemporiki.gr/property/apartment-for-sale-in-xirokrini-thessaloniki-id-th4-12837,Apartment for Sale in Xirokrini Thessaloniki,sale,,135000,70,3,,,"Xirokrini - Panagia Faneromeni, Thessaloniki",,,https://ktimato.b-cdn.net/OLDSITE/wp-content/uploads/2026/06/Th4-12837_Apartment-for-Sale-in-Xirokrini-Thessaloniki-14.webp?width=1200&format=webp&quality=82,2026-09-01,,2026-09-01,json-ld datePosted; sitemap lastmod,2026-10-05T13:55:44Z,2026-09-01,2026-10-05
ktimatoemporiki.gr,Ktimatoemporiki,https://ktimatoemporiki.gr/property/apartment-in-center-thessaloniki-for-sale-id-th4-9181,Apartment in Center Thessaloniki for sale,sale,,146000,50,1,,,"Center Thessaloniki, Thessaloniki",,,https://ktimato.b-cdn.net/OLDSITE/wp-content/uploads/2024/12/Th4-9181_Apartment-in-Center-Thessaloniki-for-sale-2.jpg?width=1200&format=webp&quality=82,2026-09-01,,2026-09-01,json-ld datePosted; sitemap lastmod,2026-10-05T13:55:44Z,2026-09-01,2026-10-05
ktimatoemporiki.gr,Ktimatoemporiki,https://ktimatoemporiki.gr/property/apartment-in-halkidiki-for-sale-id-h4-8875,Apartment in Halkidiki for sale,sale,,145000,42,1,,,"Nikiti Halkidikis, Halkidiki",,,https://ktimato.b-cdn.net/OLDSITE/wp-content/uploads/2024/11/H4-8875_Apartment-in-Halkidiki-for-sale-8.jpg?width=1200&format=webp&quality=82,2026-09-01,,2026-09-01,json-ld datePosted; sitemap lastmod,2026-10-05T13:55:44Z,2026-09-01,2026-10-05
ktimatoemporiki.gr,Ktimatoemporiki,https://ktimatoemporiki.gr/property/apartment-in-halkidiki-neos-marmaras-for-sale-id-h4-7640,Apartment in Halkidiki Neos Marmaras for sale,sale,,220000,70,2,,,"Halkidiki, Halkidiki",,,https://ktimato.b-cdn.net/OLDSITE/wp-content/uploads/2024/07/H4-7640_Apartment-in-Halkidiki-Neos-Marmaras-for-sale-1.webp?width=1200&format=webp&quality=82,2026-09-01,,2026-09-01,json-ld datePosted; sitemap lastmod,2026-10-05T13:55:44Z,2026-09-01,2026-10-05
ktimatoemporiki.gr,Ktimatoemporiki,https://ktimatoemporiki.gr/property/apartment-in-thermi-for-sale-thessaloniki-id-th4-3059,Apartment in Thermi for sale Thessaloniki,sale,,180000,87,2,,,"Thermi Thessaloniki, Thessaloniki",,,https://ktimato.b-cdn.net/OLDSITE/wp-content/uploads/2022/01/Th4-3059_Apartment-in-Thermi-for-sale-Thessaloniki-1.jpg?width=1200&format=webp&quality=82,2026-09-01,,2026-09-01,json-ld datePosted; sitemap lastmod,2026-10-05T13:55:44Z,2026-09-01,2026-10-05
ktimatoemporiki.gr,Ktimatoemporiki,https://ktimatoemporiki.gr/property/apartment-in-thermi-thessaloniki-for-sale-id-th4-3061,Apartment in Thermi Thessaloniki for sale,sale,,165000,87,2,,,"Thermi Thessaloniki, Thessaloniki",,,https://ktimato.b-cdn.net/OLDSITE/wp-content/uploads/2022/01/Th4-3061_Apartment-in-Thermi-Thessaloniki-for-sale-4.jpg?width=1200&format=webp&quality=82,2026-09-01,,2026-09-01,json-ld datePosted; sitemap lastmod,2026-10-05T13:55:44Z,2026-09-01,2026-10-05
ktimatoemporiki.gr,Ktimatoemporiki,https://ktimatoemporiki.gr/property/apartment-in-thermi-thessaloniki-for-sale-id-th4-9068,Apartment in Thermi Thessaloniki for sale,sale,,250000,78,2,,,"Thermi Thessaloniki, Thessaloniki",,,https://ktimato.b-cdn.net/OLDSITE/wp-content/uploads/2024/12/Th4-9068_Apartment-in-Thermi-Thessaloniki-for-sale-2.jpg?width=1200&format=webp&quality=82,2026-09-01,,2026-09-01,json-ld datePosted; sitemap lastmod,2026-10-05T13:55:44Z,2026-09-01,2026-10-05
ktimatoemporiki.gr,Ktimatoemporiki,https://ktimatoemporiki.gr/property/apartment-in-thermi-thessaloniki-for-sale-id-th4-9076,Apartment in Thermi Thessaloniki for sale,sale,,334000,100,3,,,"Thermi Thessaloniki, Thessaloniki",,,https://ktimato.b-cdn.net/OLDSITE/wp-content/uploads/2024/12/Th4-9076_Apartment-in-Thermi-Thessaloniki-for-sale-2.jpg?width=1200&format=webp&quality=82,2026-09-01,,2026-09-01,json-ld datePosted; sitemap lastmod,2026-10-05T13:55:44Z,2026-09-01,2026-10-05
ktimatoemporiki.gr,Ktimatoemporiki,https://ktimatoemporiki.gr/property/apartment-in-thermi-thessaloniki-for-sale-id-th4-9356,Apartment in Thermi Thessaloniki for sale,sale,,330000,117,3,,,"Thermi Thessaloniki, Thessaloniki",,,https://ktimato.b-cdn.net/OLDSITE/wp-content/uploads/2025/01/Th4-9356_Apartment-in-Thermi-Thessaloniki-for-sale-1.webp?width=1200&format=webp&quality=82,2026-09-01,,2026-09-01,json-ld datePosted; sitemap lastmod,2026-10-05T13:55:44Z,2026-09-01,2026-10-05
ktimatoemporiki.gr,Ktimatoemporiki,https://ktimatoemporiki.gr/property/apartment-in-thessaloniki-center-for-sale-id-04-3891,Apartment in Thessaloniki Center for sale,sale,,156000,93,2,,,"Center Thessaloniki, Thessaloniki",,,https://ktimato.b-cdn.net/OLDSITE/wp-content/uploads/2022/06/04-3891_Apartment-in-Thessaloniki-Center-for-sale-1.jpg?width=1200&format=webp&quality=82,2026-09-01,,2026-09-01,json-ld datePosted; sitemap lastmod,2026-10-05T13:55:44Z,2026-09-01,2026-10-05
ktimatoemporiki.gr,Ktimatoemporiki,https://ktimatoemporiki.gr/property/apartment-in-thessaloniki-center-for-sale-id-th4-3857,Apartment in Thessaloniki Center for sale,sale,,156000,94,2,,,"Center Thessaloniki, Thessaloniki",,,https://ktimato.b-cdn.net/OLDSITE/wp-content/uploads/2022/06/Th4-3857_Apartment-in-Thessaloniki-Center-for-sale-11.jpg?width=1200&format=webp&quality=82,2026-09-01,,2026-09-01,json-ld datePosted; sitemap lastmod,2026-10-05T13:55:44Z,2026-09-01,2026-10-05
ktimatoemporiki.gr,Ktimatoemporiki,https://ktimatoemporiki.gr/property/apartment-in-thessaloniki-center-for-sale-id-th4-8499,Apartment in Thessaloniki Center for sale,sale,,173000,70,2,,,"Kamara, Thessaloniki",,,https://ktimato.b-cdn.net/OLDSITE/wp-content/uploads/2024/10/Th4-8499_Apartment-in-Thessaloniki-Center-for-sale-18.webp?width=1200&format=webp&quality=82,2026-09-01,,2026-09-01,json-ld datePosted; sitemap lastmod,2026-10-05T13:55:44Z,2026-09-01,2026-10-05
ktimatoemporiki.gr,Ktimatoemporiki,https://ktimatoemporiki.gr/property/apartment-in-thessaloniki-center-for-sale-id-th4-8531,Apartment in Thessaloniki Center for sale,sale,,275000,92,3,,,"Center Thessaloniki, Thessaloniki",,,https://ktimato.b-cdn.net/OLDSITE/wp-content/uploads/2024/10/Th4-8531_Apartment-in-Thessaloniki-Center-for-sale-6.webp?width=1200&format=webp&quality=82,2026-09-01,,2026-09-01,json-ld datePosted; sitemap lastmod,2026-10-05T13:55:44Z,2026-09-01,2026-10-05
ktimatoemporiki.gr,Ktimatoemporiki,https://ktimatoemporiki.gr/property/apartment-in-thessaloniki-center-for-sale-id-th4-9172,Apartment in Thessaloniki Center for sale,sale,,122500,45,1,,,"Center Thessaloniki, Thessaloniki",,,https://ktimato.b-cdn.net/OLDSITE/wp-content/uploads/2024/12/Th4-9172_Apartment-in-Thessaloniki-Center-for-sale-2.jpg?width=1200&format=webp&quality=82,2026-09-01,,2026-09-01,json-ld datePosted; sitemap lastmod,2026-10-05T13:55:44Z,2026-09-01,2026-10-05
ktimatoemporiki.gr,Ktimatoemporiki,https://ktimatoemporiki.gr/property/apartment-in-thessaloniki-center-for-sale-id-th4-9184,Apartment in Thessaloniki Center for sale,sale,,133000,42,1,,,"Center Thessaloniki, Thessaloniki",,,https://ktimato.b-cdn.net/OLDSITE/wp-content/uploads/2024/12/Th4-9184_Apartment-in-Thessaloniki-Center-for-sale-2.jpg?width=1200&format=webp&quality=82,2026-09-01,,2026-09-01,json-ld datePosted; sitemap lastmod,2026-10-05T13:55:44Z,2026-09-01,2026-10-05
ktimatoemporiki.gr,Ktimatoemporiki,https://ktimatoemporiki.gr/property/apartment-in-thessaloniki-city-center-for-sale-id-th4-9733,Apartment in Thessaloniki City Center for sale,sale,,395000,115,3,,,"Center Thessaloniki, Thessaloniki",,,https://ktimato.b-cdn.net/OLDSITE/wp-content/uploads/2025/02/Th4-9733_Apartment-in-Thessaloniki-City-Center-for-sale-13.webp?width=1200&format=webp&quality=82,2026-09-01,,2026-09-01,json-ld datePosted; sitemap lastmod,2026-09-28T19:37:43Z,2026-09-01,
ktimatoemporiki.gr,Ktimatoemporiki,https://ktimatoemporiki.gr/property/apartment-in-thessaloniki-for-sale-id-th4-9269,Apartment in Thessaloniki for sale,sale,,110000,95,3,,,"Neapoli Thessaloniki, Thessaloniki",,,https://ktimato.b-cdn.net/OLDSITE/wp-content/uploads/2024/12/Th4-9269_Apartment-in-Thessaloniki-for-sale-2.webp?width=1200&format=webp&quality=82,2026-09-01,,2026-09-01,json-ld datePosted; sitemap lastmod,2026-09-28T19:37:43Z,2026-09-01,
ktimatoemporiki.gr,Ktimatoemporiki,https://ktimatoemporiki.gr/property/apartment-in-thessaloniki-for-sale-id-th4-9279,Apartment in Thessaloniki for sale,sale,,222000,94,2,,,"Polichni, Thessaloniki",,,https://ktimato.b-cdn.net/OLDSITE/wp-content/uploads/2024/12/Th4-9279_Apartment-in-Thessaloniki-for-sale-1.jpg?width=1200&format=webp&quality=82,2026-09-01,,2026-09-01,json-ld datePosted; sitemap lastmod,2026-09-28T19:37:43Z,2026-09-01,
ktimatoemporiki.gr,Ktimatoemporiki,https://ktimatoemporiki.gr/property/apartment-in-thessaloniki-for-sale-id-th4-9304,Apartment in Thessaloniki for sale,sale,,270500,117,2,,,"Sikies, Thessaloniki",,,https://ktimato.b-cdn.net/OLDSITE/wp-content/uploads/2024/12/Th4-9304_Apartment-in-Thessaloniki-for-sale-3.webp?width=1200&format=webp&quality=82,2026-09-01,,2026-09-01,json-ld datePosted; sitemap lastmod,2026-09-28T19:37:43Z,2026-09-01,
ktimatoemporiki.gr,Ktimatoemporiki,https://ktimatoemporiki.gr/property/apartment-in-thessaloniki-for-sale-id-th4-9665,Apartment in Thessaloniki for sale,sale,,110000,39,1,,,"Faliro - Ippokratio, Thessaloniki",,,https://ktimato.b-cdn.net/OLDSITE/wp-content/uploads/2025/02/Th4-9665_Apartment-in-Thessaloniki-for-sale-3.webp?width=1200&format=webp&quality=82,2026-09-01,,2026-09-01,json-ld datePosted; sitemap lastmod,2026-09-28T19:37:43Z,2026-09-01,
ktimatoemporiki.gr,Ktimatoemporiki,https://ktimatoemporiki.gr/property/apartment-in-thessaloniki-for-sale-in-greece-id-th4-2996,Apartment in Thessaloniki for sale in Greece,sale,,450000,127,5,,,"Center Thessaloniki, Thessaloniki",,,https://ktimato.b-cdn.net/OLDSITE/wp-content/uploads/2022/01/Th4-2996_Apartment-in-Thessaloniki-for-sale-in-Greece-5.jpg?width=1200&format=webp&quality=82,2026-09-01,,2026-09-01,json-ld datePosted; sitemap lastmod,2026-09-28T19:37:43Z,2026-09-01,
ktimatoemporiki.gr,Ktimatoemporiki,https://ktimatoemporiki.gr/property/apartment-in-thessaloniki-for-sale-in-thermi-id-th4-3076,Apartment in Thessaloniki for sale in Thermi,sale,,214000,109,2,,,"Thermi Thessaloniki, Thessaloniki",,,https://ktimato.b-cdn.net/OLDSITE/wp-content/uploads/2022/01/Th4-3076_Apartment-in-Thessaloniki-for-sale-in-Thermi-1.jpg?width=1200&format=webp&quality=82,2026-09-01,,2026-09-01,json-ld datePosted; sitemap lastmod,2026-09-28T19:37:43Z,2026-09-01,
ktimatoemporiki.gr,Ktimatoemporiki,https://ktimatoemporiki.gr/property/apartment-in-thessaloniki-for-sale-in-toumpa-id-th4-2868,Apartment in Thessaloniki for sale in Toumpa,sale,,295000,87,3,,,"Kato Toumpa, Thessaloniki",,,https://ktimato.b-cdn.net/OLDSITE/wp-content/uploads/2021/11/Th4-2868_Apartment-in-Thessaloniki-for-sale-in-Toumpa-1.jpeg?width=1200&format=webp&quality=82,2026-09-01,,2026-09-01,json-ld datePosted; sitemap lastmod,2026-09-28T19:37:43Z,2026-09-01,
ktimatoemporiki.gr,Ktimatoemporiki,https://ktimatoemporiki.gr/property/apartment-in-thessaloniki-thermi-for-sale-id-th4-3064,Apartment in Thessaloniki Thermi for sale,sale,,195000,112,3,,,"Thermi Thessaloniki, Thessaloniki",,,https://ktimato.b-cdn.net/OLDSITE/wp-content/uploads/2022/01/Th4-3064_Apartment-in-Thessaloniki-Thermi-for-sale-1.jpg?width=1200&format=webp&quality=82,2026-09-01,,2026-09-01,json-ld datePosted; sitemap lastmod,2026-09-28T19:37:43Z,2026-09-01,
ktimatoemporiki.gr,Ktimatoemporiki,https://ktimatoemporiki.gr/property/apartment-in-thessaloniki-thermi-for-sale-id-th4-9073,Apartment in Thessaloniki Thermi for sale,sale,,180000,55,1,,,"Thermi Thessaloniki, Thessaloniki",,,https://ktimato.b-cdn.net/OLDSITE/wp-content/uploads/2024/12/Th4-9073_Apartment-in-Thessaloniki-Thermi-for-sale-3.jpg?width=1200&format=webp&quality=82,2026-09-01,,2026-09-01,json-ld datePosted; sitemap lastmod,2026-09-28T19:37:43Z,2026-09-01,
ktimatoemporiki.gr,Ktimatoemporiki,https://ktimatoemporiki.gr/property/apartment-in-thessaloniki-thermi-for-sale-id-th4-9081,Apartment in Thessaloniki Thermi for sale,sale,,310000,92,3,,,"Thermi Thessaloniki, Thessaloniki",,,https://ktimato.b-cdn.net/OLDSITE/wp-content/uploads/2024/12/Th4-9081_Apartment-in-Thessaloniki-Thermi-for-sale-9.jpg?width=1200&format=webp&quality=82,2026-09-01,,2026-09-01,json-ld datePosted; sitemap lastmod,2026-09-28T19:37:43Z,2026-09-01,
ktimatoemporiki.gr,Ktimatoemporiki,https://ktimatoemporiki.gr/property/apartment-in-thessaloniki-thermi-for-sale-id-th4-9561,Apartment in Thessaloniki Thermi for sale,sale,,191000,76,2,,,"Thermi Thessaloniki, Thessaloniki",,,https://ktimato.b-cdn.net/OLDSITE/wp-content/uploads/2025/02/Th4-9561_Apartment-in-Thessaloniki-Thermi-for-sale.webp?width=1200&format=webp&quality=82,2026-09-01,,2026-09-01,json-ld datePosted; sitemap lastmod,2026-09-28T19:37:43Z,2026-09-01,
ktimatoemporiki.gr,Ktimatoemporiki,https://ktimatoemporiki.gr/property/apartment-with-attic-for-sale-in-thessaloniki-id-th4-2923,Apartment with attic for sale in Thessaloniki,sale,,300000,157,3,,,"Thermi Thessaloniki, Thessaloniki",,,https://ktimato.b-cdn.net/OLDSITE/wp-content/uploads/2021/12/TH4-2923_Apartment-with-attic-for-sale-in-Thessaloniki-1.jpg?width=1200&format=webp&quality=82,2026-09-01,,2026-09-01,json-ld datePosted; sitemap lastmod,2026-09-28T19:37:43Z,2026-09-01,
ktimatoemporiki.gr,Ktimatoemporiki,https://ktimatoemporiki.gr/property/apartment-with-attic-for-sale-in-thessaloniki-id-th4-2924,Apartment with attic for sale in Thessaloniki,sale,,290000,145,3,,,"Thermi Thessaloniki, Thessaloniki",,,https://ktimato.b-cdn.net/OLDSITE/wp-content/uploads/2021/12/TH4-2924_Apartment-with-attic-for-sale-in-Thessaloniki-1.jpeg?width=1200&format=webp&quality=82,2026-09-01,,2026-09-01,json-ld datePosted; sitemap lastmod,2026-09-28T19:37:43Z,2026-09-01,
ktimatoemporiki.gr,Ktimatoemporiki,https://ktimatoemporiki.gr/property/apartment-with-loft-for-sale-in-thessaloniki-id-th4-2913,Apartment with loft for sale in Thessaloniki,sale,,260000,146,3,,,"Thermi Thessaloniki, Thessaloniki",,,https://ktimato.b-cdn.net/OLDSITE/wp-content/uploads/2021/11/TH4-2913_Apartment-with-loft-for-sale-in-Thessaloniki-1.jpg?width=1200&format=webp&quality=82,2026-09-01,,2026-09-01,json-ld datePosted; sitemap lastmod,2026-09-28T19:37:43Z,2026-09-01,
ktimatoemporiki.gr,Ktimatoemporiki,https://ktimatoemporiki.gr/property/apartments-hotel-for-sale-in-halkidiki-id-ch2-486,Apartments Hotel for sale in Halkidiki,sale,,1650000,625,24,,,"Halkidiki, Halkidiki",,,https://ktimato.b-cdn.net/OLDSITE/wp-content/uploads/2021/11/CH2-486_Apartments-Hotel-for-sale-in-Halkidiki-1.jpg?width=1200&format=webp&quality=82,2026-09-01,,2026-09-01,json-ld datePosted; sitemap lastmod,2026-09-28T19:37:43Z,2026-09-01,
ktimatoemporiki.gr,Ktimatoemporiki,https://ktimatoemporiki.gr/property/boutique-apartment-hotel-for-sale-in-halkidiki-id-h2-781,Boutique Apartment Hotel for Sale in Halkidiki,sale,,1600000,485,12,,,"Halkidiki, Halkidiki",,,https://ktimato.b-cdn.net/OLDSITE/wp-content/uploads/2026/07/H2-781_Boutique-Apartment-Hotel-for-Sale-in-Halkidiki-1.webp?width=1200&format=webp&quality=82,2026-09-01,,2026-09-01,json-ld datePosted; sitemap lastmod,2026-09-28T19:37:43Z,2026-09-01,
ktimatoemporiki.gr,Ktimatoemporiki,https://ktimatoemporiki.gr/property/boutique-hotel-for-sale-in-kalives-kassandra-chalkidiki-id-th2-773,Boutique Hotel for Sale in Kalives Kassandra Chalkidiki,sale,,1000000,350,7,,,"Kassandra, Halkidiki",,,https://ktimato.b-cdn.net/OLDSITE/wp-content/uploads/2026/03/Th2-773_Boutique-Hotel-for-Sale-in-Kalives-Kassandra-Chalkidiki-16.jpg?width=1200&format=webp&quality=82,2026-09-01,,2026-09-01,json-ld datePosted; sitemap lastmod,2026-09-28T19:37:43Z,2026-09-01,
ktimatoemporiki.gr,Ktimatoemporiki,https://ktimatoemporiki.gr/property/boutique-suites-for-sale-in-thessaloniki-id-thb-1630,Boutique Suites for sale in Thessaloniki,sale,,1200000,180,3,,,"Center Thessaloniki, Thessaloniki",,,https://ktimato.b-cdn.net/OLDSITE/wp-content/uploads/2025/11/ThB-1630-Boutique-Suites-for-sale-in-Thessaloniki-1.webp?width=1200&format=webp&quality=82,2026-09-01,,2026-09-01,json-ld datePosted; sitemap lastmod,2026-09-28T19:37:43Z,2026-09-01,
ktimatoemporiki.gr,Ktimatoemporiki,https://ktimatoemporiki.gr/property/building-for-sale-in-oreokastro-thessaloniki-id-thb-1476,Building for sale in Oreokastro Thessaloniki,sale,,5000000,16200,,,,"Oreokastro Thessaloniki, Thessaloniki",,,https://ktimato.b-cdn.net/OLDSITE/wp-content/uploads/2024/11/ThB-1476_Building-for-sale-in-Oreokastro-Thessaloniki-2.jpg?width=1200&format=webp&quality=82,2026-09-01,,2026-09-01,json-ld datePosted; sitemap lastmod,2026-09-28T19:37:43Z,2026-09-01,
ktimatoemporiki.gr,Ktimatoemporiki,https://ktimatoemporiki.gr/property/building-for-sale-in-thessaloniki-id-thb-1279,Building for sale in Thessaloniki,sale,,2500000,700,,,,"Center Thessaloniki, Thessaloniki",,,https://ktimato.b-cdn.net/OLDSITE/wp-content/uploads/2023/11/Thb-1279_Building-for-sale-in-Thessaloniki-1.jpg?width=1200&format=webp&quality=82,2026-09-01,,2026-09-01,json-ld datePosted; sitemap lastmod,2026-09-28T19:37:43Z,2026-09-01,
ktimatoemporiki.gr,Ktimatoemporiki,https://ktimatoemporiki.gr/property/building-for-sale-in-thessaloniki-id-thb-1478,Building for sale in Thessaloniki,sale,,1900000,1700,,,,"Oreokastro-Migdonia, Thessaloniki",,,https://ktimato.b-cdn.net/OLDSITE/wp-content/uploads/2024/11/ThB-1478_Building-for-sale-in-Thessaloniki-1.jpg?width=1200&format=webp&quality=82,2026-09-01,,2026-09-01,json-ld datePosted; sitemap lastmod,2026-09-28T19:37:43Z,2026-09-01,
ktimatoemporiki.gr,Ktimatoemporiki,https://ktimatoemporiki.gr/property/building-for-sale-in-thessaloniki-id-thb-1493,Building for sale in Thessaloniki,sale,,1000000,1280,,,,"Echedoros, Thessaloniki",,,https://ktimato.b-cdn.net/OLDSITE/wp-content/uploads/2024/11/ThB-1493_Building-for-sale-in-Thessaloniki-1.webp?width=1200&format=webp&quality=82,2026-09-01,,2026-09-01,json-ld datePosted; sitemap lastmod,2026-09-28T19:37:43Z,2026-09-01,
ktimatoemporiki.gr,Ktimatoemporiki,https://ktimatoemporiki.gr/property/building-in-oreokastro-thessaloniki-for-sale-id-thb-1477,Building in Oreokastro Thessaloniki for sale,sale,,2390000,4000,,,,"Oreokastro Thessaloniki, Thessaloniki",,,https://ktimato.b-cdn.net/OLDSITE/wp-content/uploads/2024/11/ThB-1477_Building-in-Oreokastro-Thessaloniki-for-sale-1.jpg?width=1200&format=webp&quality=82,2026-09-01,,2026-09-01,json-ld datePosted; sitemap lastmod,2026-09-28T19:37:43Z,2026-09-01,
ktimatoemporiki.gr,Ktimatoemporiki,https://ktimatoemporiki.gr/property/building-in-thessaloniki-for-sale-id-thb-1479,Building in Thessaloniki for sale,sale,,1800000,2650,,,,"Thermi, Thessaloniki",,,https://ktimato.b-cdn.net/OLDSITE/wp-content/uploads/2024/11/ThB-1479_Building-in-Thessaloniki-for-sale-1.webp?width=1200&format=webp&quality=82,2026-09-01,,2026-09-01,json-ld datePosted; sitemap lastmod,2026-09-28T19:37:43Z,2026-09-01,
ktimatoemporiki.gr,Ktimatoemporiki,https://ktimatoemporiki.gr/property/center-thessaloniki-apartment-for-sale-id-th4-9182,Center Thessaloniki Apartment for sale,sale,,143000,50,1,,,"Center Thessaloniki, Thessaloniki",,,https://ktimato.b-cdn.net/OLDSITE/wp-content/uploads/2024/12/Th4-9182_Center-Thessaloniki-Apartment-for-sale-1.jpg?width=1200&format=webp&quality=82,2026-09-01,,2026-09-01,json-ld datePosted; sitemap lastmod,2026-09-28T19:37:43Z,2026-09-01,
ktimatoemporiki.gr,Ktimatoemporiki,https://ktimatoemporiki.gr/property/commercial-building-for-sale-in-oreokastro-thessaloniki-id-thb-1492,Commercial Building for sale in Oreokastro Thessaloniki,sale,,1450000,3600,,,,"Oreokastro Thessaloniki, Thessaloniki",,,https://ktimato.b-cdn.net/OLDSITE/wp-content/uploads/2024/11/ThB-1492_Commercial-Building-for-sale-in-Oreokastro-Thessaloniki-2.webp?width=1200&format=webp&quality=82,2026-09-01,,2026-09-01,json-ld datePosted; sitemap lastmod,2026-09-28T19:37:43Z,2026-09-01,
ktimatoemporiki.gr,Ktimatoemporiki,https://ktimatoemporiki.gr/property/commercial-building-for-sale-in-thessaloniki-id-thb-1013,Commercial Building for sale in Thessaloniki,sale,,350000,93,,,,"Center Thessaloniki, Thessaloniki",,,https://ktimato.b-cdn.net/OLDSITE/wp-content/uploads/2022/04/ThB-1013_Commercial-Building-for-sale-in-Thessaloniki.jpg?width=1200&format=webp&quality=82,2026-09-01,,2026-09-01,json-ld datePosted; sitemap lastmod,2026-09-28T19:37:43Z,2026-09-01,
ktimatoemporiki.gr,Ktimatoemporiki,https://ktimatoemporiki.gr/property/commercial-building-for-sale-in-thessaloniki-id-thb-1480,Commercial Building for sale in Thessaloniki,sale,,1800000,4000,,,,"Efkarpia, Thessaloniki",,,https://ktimato.b-cdn.net/OLDSITE/wp-content/uploads/2024/11/ThB-1480_Commercial-Building-for-sale-in-Thessaloniki-1.webp?width=1200&format=webp&quality=82,2026-09-01,,2026-09-01,json-ld datePosted; sitemap lastmod,2026-09-28T19:37:43Z,2026-09-01,
ktimatoemporiki.gr,Ktimatoemporiki,https://ktimatoemporiki.gr/property/commercial-building-for-sale-in-thessaloniki-id-thb-1489,Commercial building for sale in Thessaloniki,sale,,1690000,4760,,,,"Echedoros, Thessaloniki",,,https://ktimato.b-cdn.net/OLDSITE/wp-content/uploads/2024/11/ThB-1489_Commercial-building-for-sale-in-Thessaloniki-1.jpg?width=1200&format=webp&quality=82,2026-09-01,,2026-09-01,json-ld datePosted; sitemap lastmod,2026-09-28T19:37:43Z,2026-09-01,
ktimatoemporiki.gr,Ktimatoemporiki,https://ktimatoemporiki.gr/property/commercial-building-for-sale-in-thessaloniki-id-thb-1521,Commercial Building for sale in Thessaloniki,sale,,3500000,7500,,,,"Thessaloniki - Rest of Prefecture, Thessaloniki",,,https://ktimato.b-cdn.net/OLDSITE/wp-content/uploads/2024/12/ThB-1521_Commercial-Building-for-sale-in-Thessaloniki-5.webp?width=1200&format=webp&quality=82,2026-09-01,,2026-09-01,json-ld datePosted; sitemap lastmod,2026-09-28T19:37:43Z,2026-09-01,
ktimatoemporiki.gr,Ktimatoemporiki,https://ktimatoemporiki.gr/property/commercial-building-in-thessaloniki-for-sale-id-thb-1491,Commercial Building in Thessaloniki for sale,sale,,1700000,4000,,,,"Evosmos Thessaloniki, Thessaloniki",,,https://ktimato.b-cdn.net/OLDSITE/wp-content/uploads/2024/11/ThB-1491_Commercial-Building-in-Thessaloniki-for-sale.jpg?width=1200&format=webp&quality=82,2026-09-01,,2026-09-01,json-ld datePosted; sitemap lastmod,2026-09-28T19:37:43Z,2026-09-01,
ktimatoemporiki.gr,Ktimatoemporiki,https://ktimatoemporiki.gr/property/commercial-property-for-sale-in-neos-marmaras-halkidiki-id-hb-1330,Commercial Property for sale in Neos Marmaras Halkidiki,sale,,300000,520,,,,"Halkidiki, Halkidiki",,,https://ktimato.b-cdn.net/OLDSITE/wp-content/uploads/2024/03/HB-1330_Ktimatoemporiki-Commercial-Property-for-sale-in-Neos-Marmaras-Halkidiki-4.jpg?width=1200&format=webp&quality=82,2026-09-01,,2026-09-01,json-ld datePosted; sitemap lastmod,2026-09-28T19:37:43Z,2026-09-01,
ktimatoemporiki.gr,Ktimatoemporiki,https://ktimatoemporiki.gr/property/commercial-space-for-rent-in-thessaloniki-center-id-th01-1242,Commercial space for rent in Thessaloniki Center,rent,,2800,80,,,,"Center Thessaloniki, Thessaloniki",,,https://ktimato.b-cdn.net/OLDSITE/wp-content/uploads/2024/11/Th01-1242_Commercial-space-for-rent-in-Thessaloniki-Center.jpg?width=1200&format=webp&quality=82,2026-09-01,,2026-09-01,json-ld datePosted; sitemap lastmod,2026-09-28T19:37:43Z,2026-09-01,
ktimatoemporiki.gr,Ktimatoemporiki,https://ktimatoemporiki.gr/property/commercial-space-for-rent-in-thessaloniki-center-id-th6-532,Commercial space for rent in Thessaloniki Center,rent,,2000,160,,,,"Center Thessaloniki, Thessaloniki",,,https://ktimato.b-cdn.net/OLDSITE/wp-content/uploads/2024/10/Th6-532_Commercial-space-for-rent-in-Thessaloniki-Center.jpg?width=1200&format=webp&quality=82,2026-09-01,,2026-09-01,json-ld datePosted; sitemap lastmod,2026-09-28T19:37:43Z,2026-09-01,
ktimatoemporiki.gr,Ktimatoemporiki,https://ktimatoemporiki.gr/property/commercial-space-for-sale-in-kalamaria-id-th6-537,Commercial space for sale in Kalamaria,sale,,3600000,844,,,,"Kalamaria, Thessaloniki",,,https://ktimato.b-cdn.net/OLDSITE/wp-content/uploads/2024/11/Th6-537_Commercial-space-for-sale-in-Kalamaria-1.webp?width=1200&format=webp&quality=82,2026-09-01,,2026-09-01,json-ld datePosted; sitemap lastmod,2026-09-28T19:37:43Z,2026-09-01,
ktimatoemporiki.gr,Ktimatoemporiki,https://ktimatoemporiki.gr/property/commercial-space-for-sale-in-thessaloniki-id-ch6-350,Commercial Space for sale in Thessaloniki,sale,,850000,179,,,,"Center Thessaloniki, Thessaloniki",,,https://ktimato.b-cdn.net/OLDSITE/wp-content/uploads/2022/07/Ch6-350_Commercial-Space-for-sale-in-T-1.jpg?width=1200&format=webp&quality=82,2026-09-01,,2026-09-01,json-ld datePosted; sitemap lastmod,2026-09-28T19:37:43Z,2026-09-01,
ktimatoemporiki.gr,Ktimatoemporiki,https://ktimatoemporiki.gr/property/commercial-space-for-sale-in-thessaloniki-id-ch6-352,Commercial Space for sale in Thessaloniki,sale,,200000,165,,,,"Center Thessaloniki, Thessaloniki",,,https://ktimato.b-cdn.net/OLDSITE/wp-content/uploads/2022/07/Ch6-352_Two-Shops-in-Thessaloniki-for-sale-2.jpg?width=1200&format=webp&quality=82,2026-09-01,,2026-09-01,json-ld datePosted; sitemap lastmod,2026-09-28T19:37:43Z,2026-09-01,
ktimatoemporiki.gr,Ktimatoemporiki,https://ktimatoemporiki.gr/property/commercial-space-for-sale-in-thessaloniki-id-th6-298,Commercial space for sale in Thessaloniki,sale,,450000,160,,,,"Center Thessaloniki, Thessaloniki",,,https://ktimato.b-cdn.net/OLDSITE/wp-content/uploads/2021/11/TH6-298_Commercial-space-for-sale-in-Thessaloniki-2.jpg?width=1200&format=webp&quality=82,2026-09-01,,2026-09-01,json-ld datePosted; sitemap lastmod,2026-09-28T19:37:43Z,2026-09-01,
ktimatoemporiki.gr,Ktimatoemporiki,https://ktimatoemporiki.gr/property/commercial-space-for-sale-in-thessaloniki-id-thc-191,Commercial Space for Sale in Thessaloniki,sale,,1500000,442,,,,"Center of Thessaloniki, Thessaloniki",,,https://ktimato.b-cdn.net/OLDSITE/wp-content/uploads/2026/03/ThC-191_Commercial-Space-for-Sale-in-Thessaloniki-1.webp?width=1200&format=webp&quality=82,2026-09-01,,2026-09-01,json-ld datePosted; sitemap lastmod,2026-09-28T19:37:43Z,2026-09-01,
ktimatoemporiki.gr,Ktimatoemporiki,https://ktimatoemporiki.gr/property/commercial-space-for-sale-in-thessaloniki-kalamaria-id-th6-467,Commercial Space for sale in Thessaloniki Kalamaria,sale,,750000,396,,,,"Kalamaria, Thessaloniki",,,https://ktimato.b-cdn.net/OLDSITE/wp-content/uploads/2024/07/Th6-467_Commercial-Space-for-sale-in-Thessaloniki-Kalamaria-1.jpg?width=1200&format=webp&quality=82,2026-09-01,,2026-09-01,json-ld datePosted; sitemap lastmod,2026-09-28T19:37:43Z,2026-09-01,
ktimatoemporiki.gr,Ktimatoemporiki,https://ktimatoemporiki.gr/property/commercial-space-in-thessaloniki-center-for-rent-id-th-01-1243,Commercial space in Thessaloniki Center for rent,rent,,2500,100,,,,"Center Thessaloniki, Thessaloniki",,,https://ktimato.b-cdn.net/OLDSITE/wp-content/uploads/2024/11/Th-01-1243_Commercial-space-in-Thessaloniki-Center-for-rent.jpg?width=1200&format=webp&quality=82,2026-09-01,,2026-09-01,json-ld datePosted; sitemap lastmod,2026-09-28T19:37:43Z,2026-09-01,
ktimatoemporiki.gr,Ktimatoemporiki,https://ktimatoemporiki.gr/property/commercial-space-in-thessaloniki-for-sale-id-ch6-353,Commercial Space in Thessaloniki for sale,sale,,200000,114,,,,"Center Thessaloniki, Thessaloniki",,,https://ktimato.b-cdn.net/OLDSITE/wp-content/uploads/2022/07/Ch6-353_Commercial-Space-in-Thessaloni-1.jpg?width=1200&format=webp&quality=82,2026-09-01,,2026-09-01,json-ld datePosted; sitemap lastmod,2026-09-28T19:37:43Z,2026-09-01,
ktimatoemporiki.gr,Ktimatoemporiki,https://ktimatoemporiki.gr/property/detached-house-for-sale-in-halkidiki-id-h4-9290,Detached House for sale in Halkidiki,sale,,350000,200,5,,,"Kassandra, Halkidiki",,,https://ktimato.b-cdn.net/OLDSITE/wp-content/uploads/2024/12/H4-9290_Detached-House-for-sale-in-Halkidiki-1.webp?width=1200&format=webp&quality=82,2026-09-01,,2026-09-01,json-ld datePosted; sitemap lastmod,2026-09-28T19:37:43Z,2026-09-01,
ktimatoemporiki.gr,Ktimatoemporiki,https://ktimatoemporiki.gr/property/detached-house-for-sale-in-peraia-thessaloniki-id-th4-8626,Detached House for sale in Peraia Thessaloniki,sale,,580000,280,5,,,"Peraia Thessaloniki, Thessaloniki",,,https://ktimato.b-cdn.net/OLDSITE/wp-content/uploads/2024/11/Th4-8626_House-for-sale-in-Peraia-Thessaloniki-4.webp?width=1200&format=webp&quality=82,2026-09-01,,2026-09-01,json-ld datePosted; sitemap lastmod,2026-09-28T19:37:43Z,2026-09-01,
ktimatoemporiki.gr,Ktimatoemporiki,https://ktimatoemporiki.gr/property/detached-house-for-sale-in-thessaloniki-id-th4-9519,Detached House for sale in Thessaloniki,sale,,300000,360,4,,,"Oreokastro-Migdonia, Thessaloniki",,,https://ktimato.b-cdn.net/OLDSITE/wp-content/uploads/2025/01/Th4-9519_Detached-House-for-sale-in-Thessaloniki-10.webp?width=1200&format=webp&quality=82,2026-09-01,,2026-09-01,json-ld datePosted; sitemap lastmod,2026-09-28T19:37:43Z,2026-09-01,
ktimatoemporiki.gr,Ktimatoemporiki,https://ktimatoemporiki.gr/property/duplex-apartment-for-sale-in-ano-toumpa-thessaloniki-id-th4-3140,Duplex Apartment for sale in Ano Toumpa Thessaloniki,sale,,350000,150,3,,,"Ano Toumpa, Thessaloniki",,,https://ktimato.b-cdn.net/OLDSITE/wp-content/uploads/2022/02/Th4-3140_Duplex-Apartment-for-sale-in-Ano-Toumpa-Thessaloniki-1.jpg?width=1200&format=webp&quality=82,2026-09-01,,2026-09-01,json-ld datePosted; sitemap lastmod,2026-09-28T19:37:43Z,2026-09-01,
ktimatoemporiki.gr,Ktimatoemporiki,https://ktimatoemporiki.gr/property/duplex-apartment-for-sale-in-kalamaria-id-th4-12682,Duplex Apartment for sale in Kalamaria,sale,,580000,220,4,,,"Kalamaria, Thessaloniki",,,https://ktimato.b-cdn.net/OLDSITE/wp-content/uploads/2026/03/Th4-12682_Duplex-Apartment-for-sale-in-Kalamaria-1.webp?width=1200&format=webp&quality=82,2026-09-01,,2026-09-01,json-ld datePosted; sitemap lastmod,2026-09-28T19:37:43Z,2026-09-01,
ktimatoemporiki.gr,Ktimatoemporiki,https://ktimatoemporiki.gr/property/duplex-apartment-for-sale-in-thermi-thessaloniki-id-th4-3063,Duplex Apartment for sale in Thermi Thessaloniki,sale,,235000,123,3,,,"Thermi Thessaloniki, Thessaloniki",,,https://ktimato.b-cdn.net/OLDSITE/wp-content/uploads/2022/01/Th4-3063_Duplex-Apartment-for-sale-in-Thermi-Thessaloniki-1.jpg?width=1200&format=webp&quality=82,2026-09-01,,2026-09-01,json-ld datePosted; sitemap lastmod,2026-09-28T19:37:43Z,2026-09-01,
ktimatoemporiki.gr,Ktimatoemporiki,https://ktimatoemporiki.gr/property/duplex-apartment-in-thermi-thessaloniki-for-sale-id-th4-3077,Duplex Apartment in Thermi Thessaloniki for sale,sale,,259000,137,4,,,"Thermi Thessaloniki, Thessaloniki",,,https://ktimato.b-cdn.net/OLDSITE/wp-content/uploads/2022/01/Th4-3077_Duplex-Apartment-in-Thermi-Thessaloniki-for-sale-1.jpg?width=1200&format=webp&quality=82,2026-09-01,,2026-09-01,json-ld datePosted; sitemap lastmod,2026-09-28T19:37:43Z,2026-09-01,
ktimatoemporiki.gr,Ktimatoemporiki,https://ktimatoemporiki.gr/property/duplex-maisonette-for-sale-in-evosmos-thessaloniki-id-th4-13523,"Duplex Maisonette for Sale in Evosmos, Thessaloniki",sale,,382000,121,3,,,"Evosmos Thessaloniki, Thessaloniki",,,https://ktimato.b-cdn.net/OLDSITE/wp-content/uploads/2026/09/Th4-13523_Duplex-Maisonette-for-Sale-in-Evosmos-Thessaloniki.webp?width=1200&format=webp&quality=82,2026-09-24,,2026-09-24,json-ld datePosted; sitemap lastmod,2026-09-28T19:37:18Z,2026-09-24,
ktimatoemporiki.gr,Ktimatoemporiki,https://ktimatoemporiki.gr/property/eight-apartments-for-sale-in-halkidiki-id-h4-9084,Eight Apartments for sale in Halkidiki,sale,,1965000,652,14,,,"Kassandra, Halkidiki",,,https://ktimato.b-cdn.net/OLDSITE/wp-content/uploads/2024/12/H4-9084_Eight-Apartments-for-sale-in-Halkidiki-1.png?width=1200&format=webp&quality=82,2026-09-01,,2026-09-01,json-ld datePosted; sitemap lastmod,2026-09-28T19:37:43Z,2026-09-01,
ktimatoemporiki.gr,Ktimatoemporiki,https://ktimatoemporiki.gr/property/eight-studios-for-sale-in-thessaloniki-center-id-th4-9113,Eight Studios for sale in Thessaloniki Center,sale,,860000,320,8,,,"Center Thessaloniki, Thessaloniki",,,https://ktimato.b-cdn.net/OLDSITE/wp-content/uploads/2024/12/Th4-9113_Eight-Studios-for-sale-in-Thessaloniki-Center-2.jpg?width=1200&format=webp&quality=82,2026-09-01,,2026-09-01,json-ld datePosted; sitemap lastmod,2026-09-28T19:37:43Z,2026-09-01,
ktimatoemporiki.gr,Ktimatoemporiki,https://ktimatoemporiki.gr/property/for-sale-apartment-in-ano-toumpa-thessaloniki-id-th4-2821,For sale apartment in Ano Toumpa Thessaloniki,sale,,295000,113,3,,,"Ano Toumpa, Thessaloniki",,,https://ktimato.b-cdn.net/OLDSITE/wp-content/uploads/2021/11/Th4-2821_For-sale-apartment-in-Ano-Toumpa-Thessaloniki-1.jpg?width=1200&format=webp&quality=82,2026-09-01,,2026-09-01,json-ld datePosted; sitemap lastmod,2026-09-28T19:37:43Z,2026-09-01,
ktimatoemporiki.gr,Ktimatoemporiki,https://ktimatoemporiki.gr/property/for-sale-apartment-in-thermi-thessaloniki-id-th4-2919,For sale apartment in Thermi Thessaloniki,sale,,220000,102,2,,,"Thermi Thessaloniki, Thessaloniki",,,https://ktimato.b-cdn.net/OLDSITE/wp-content/uploads/2021/12/TH4-2919_For-sale-apartment-in-Thermi-Thessaloniki-1.jpg?width=1200&format=webp&quality=82,2026-09-01,,2026-09-01,json-ld datePosted; sitemap lastmod,2026-09-28T19:37:43Z,2026-09-01,
ktimatoemporiki.gr,Ktimatoemporiki,https://ktimatoemporiki.gr/property/for-sale-apartment-in-thessaloniki-id-th4-3191,For sale apartment in Thessaloniki,sale,,240000,145,3,,,"Pylaia - Chortiatis, Thessaloniki",,,https://ktimato.b-cdn.net/OLDSITE/wp-content/uploads/2022/02/Th4-3191_For-sale-apartment-in-Thessaloniki-1.jpg?width=1200&format=webp&quality=82,2026-09-01,,2026-09-01,json-ld datePosted; sitemap lastmod,2026-09-28T19:37:43Z,2026-09-01,
ktimatoemporiki.gr,Ktimatoemporiki,https://ktimatoemporiki.gr/property/for-sale-apartment-in-thessaloniki-id-th4-3763,For sale apartment in Thessaloniki,sale,,110000,60,3,,,"Center Thessaloniki, Thessaloniki",,,https://ktimato.b-cdn.net/OLDSITE/wp-content/uploads/2022/05/Th4-3763_For-sale-apartment-in-Thessaloniki-5.jpg?width=1200&format=webp&quality=82,2026-09-01,,2026-09-01,json-ld datePosted; sitemap lastmod,2026-09-28T19:37:43Z,2026-09-01,
ktimatoemporiki.gr,Ktimatoemporiki,https://ktimatoemporiki.gr/property/for-sale-apartment-in-thessaloniki-id-th4-9666,For sale Apartment in Thessaloniki,sale,,137000,44,1,,,"Analipsi - Mpotsari - Nea Paralia, Thessaloniki",,,https://ktimato.b-cdn.net/OLDSITE/wp-content/uploads/2025/02/Th4-9666_For-sale-Apartment-in-Thessaloniki-1.webp?width=1200&format=webp&quality=82,2026-09-01,,2026-09-01,json-ld datePosted; sitemap lastmod,2026-09-28T19:37:43Z,2026-09-01,
ktimatoemporiki.gr,Ktimatoemporiki,https://ktimatoemporiki.gr/property/for-sale-in-thermi-thessaloniki-apartment-id-th4-2920,For sale in Thermi Thessaloniki apartment,sale,,210000,101,2,,,"Thermi Thessaloniki, Thessaloniki",,,https://ktimato.b-cdn.net/OLDSITE/wp-content/uploads/2021/12/TH4-2920_For-sale-in-Thermi-Thessaloniki-apartment-1.jpg?width=1200&format=webp&quality=82,2026-09-01,,2026-09-01,json-ld datePosted; sitemap lastmod,2026-09-28T19:37:43Z,2026-09-01,
ktimatoemporiki.gr,Ktimatoemporiki,https://ktimatoemporiki.gr/property/for-sale-in-thessaloniki-apartment-id-th4-2917,For sale in Thessaloniki apartment,sale,,260000,131,3,,,"Thermi Thessaloniki, Thessaloniki",,,https://ktimato.b-cdn.net/OLDSITE/wp-content/uploads/2021/11/TH4-2917_For-sale-in-Thessaloniki-apartment-1.jpeg?width=1200&format=webp&quality=82,2026-09-01,,2026-09-01,json-ld datePosted; sitemap lastmod,2026-09-28T19:37:43Z,2026-09-01,
ktimatoemporiki.gr,Ktimatoemporiki,https://ktimatoemporiki.gr/property/for-sale-maisonette-in-thermi-thessaloniki-id-th4-3878,For sale Maisonette in Thermi Thessaloniki,sale,,260000,200,3,,,"Thermi Thessaloniki, Thessaloniki",,,https://ktimato.b-cdn.net/OLDSITE/wp-content/uploads/2022/06/Th4-3878_For-sale-Maisonette-in-Thessaloniki-Thermi-1.jpg?width=1200&format=webp&quality=82,2026-09-01,,2026-09-01,json-ld datePosted; sitemap lastmod,2026-09-28T19:37:43Z,2026-09-01,
ktimatoemporiki.gr,Ktimatoemporiki,https://ktimatoemporiki.gr/property/for-sale-thessaloniki-apartment-id-th4-9667,For sale Thessaloniki Apartment,sale,,120000,39,1,,,"Analipsi - Mpotsari - Nea Paralia, Thessaloniki",,,https://ktimato.b-cdn.net/OLDSITE/wp-content/uploads/2025/02/Th4-9667_For-sale-Thessaloniki-Apartment-3.webp?width=1200&format=webp&quality=82,2026-09-01,,2026-09-01,json-ld datePosted; sitemap lastmod,2026-09-28T19:37:43Z,2026-09-01,
ktimatoemporiki.gr,Ktimatoemporiki,https://ktimatoemporiki.gr/property/four-bedroom-house-for-sale-in-thessaloniki-id-th4-12580,Four Bedroom House for Sale in Thessaloniki,sale,,430000,275,4,,,"Pilea Thessaloniki, Thessaloniki",,,https://ktimato.b-cdn.net/OLDSITE/wp-content/uploads/2026/02/Th4-12580_Four-Bedroom-House-for-Sale-in-Thessaloniki-1.webp?width=1200&format=webp&quality=82,2026-09-01,,2026-09-01,json-ld datePosted; sitemap lastmod,2026-09-28T19:37:43Z,2026-09-01,
ktimatoemporiki.gr,Ktimatoemporiki,https://ktimatoemporiki.gr/property/four-bedroom-maisonette-in-panorama-for-sale-id-thv4-12577,Four Bedroom Maisonette in Panorama For Sale,sale,,420000,178,4,,,"Panorama, Thessaloniki",,,https://ktimato.b-cdn.net/OLDSITE/wp-content/uploads/2026/02/Thv4-12577_Four-Bedroom-Maisonette-in-Panorama-For-Sale-1.webp?width=1200&format=webp&quality=82,2026-09-01,,2026-09-01,json-ld datePosted; sitemap lastmod,2026-09-28T19:37:43Z,2026-09-01,
ktimatoemporiki.gr,Ktimatoemporiki,https://ktimatoemporiki.gr/property/four-seaside-maisonettes-for-sale-in-halkidiki-id-h4-9292,Four Seaside Maisonettes for Sale in Halkidiki,sale,,1800000,480,12,,,"Kassandra, Halkidiki",,,https://ktimato.b-cdn.net/OLDSITE/wp-content/uploads/2024/12/H4-9292_Four-Seaside-Maisonettes-for-Sale-in-Halkidiki-7.jpg?width=1200&format=webp&quality=82,2026-09-01,,2026-09-01,json-ld datePosted; sitemap lastmod,2026-09-28T19:37:43Z,2026-09-01,
ktimatoemporiki.gr,Ktimatoemporiki,https://ktimatoemporiki.gr/property/furnished-maisonette-for-sale-in-skala-fourkas-halkidiki-id-hv-1741,"Furnished Maisonette for Sale in Skala Fourkas, Halkidiki",sale,,565000,120,3,,,"Fourkas Halkidiki, Halkidiki",,,https://ktimato.b-cdn.net/OLDSITE/wp-content/uploads/2026/09/Hv-1741_Furnished-Maisonette-for-Sale-in-Skala-Fourkas-Halkidiki-1.webp?width=1200&format=webp&quality=82,2026-09-24,,2026-09-24,json-ld datePosted; sitemap lastmod,2026-09-28T19:37:18Z,2026-09-24,
ktimatoemporiki.gr,Ktimatoemporiki,https://ktimatoemporiki.gr/property/golden-visa-apartment-for-sale-in-the-center-of-thessaloniki-id-th4-12594,Golden Visa Apartment for Sale in the Center of Thessaloniki,sale,,250000,42,1,,,"Center Thessaloniki, Thessaloniki",,,https://ktimato.b-cdn.net/OLDSITE/wp-content/uploads/2026/03/Th4-12594_Golden-Visa-Apartment-for-Sale-in-the-Center-of-Thessalonik-22.webp?width=1200&format=webp&quality=82,2026-10-02,,2026-10-02,json-ld datePosted; sitemap lastmod,2026-10-02T16:56:38Z,2026-10-02,2026-10-02
ktimatoemporiki.gr,Ktimatoemporiki,https://ktimatoemporiki.gr/property/golden-visa-apartment-for-sale-in-thessaloniki-id-th4-12595,Golden Visa Apartment for Sale in Thessaloniki,sale,,,40,1,,,"Center Thessaloniki, Thessaloniki",,,https://ktimato.b-cdn.net/OLDSITE/wp-content/uploads/2026/03/Th4-12595_Golden-Visa-Apartment-for-Sale-in-Thessaloniki-21.webp?width=1200&format=webp&quality=82,2026-10-02,,2026-10-02,json-ld datePosted; sitemap lastmod,2026-10-02T16:56:38Z,2026-10-02,2026-10-02
ktimatoemporiki.gr,Ktimatoemporiki,https://ktimatoemporiki.gr/property/golden-visa-studio-apartment-for-sale-in-thessaloniki-id-th4-12712,Golden Visa Studio Apartment for Sale in Thessaloniki,sale,,250000,44,1,,,"Thessaloniki, Thessaloniki",,,https://ktimato.b-cdn.net/OLDSITE/wp-content/uploads/2026/04/Th4-12712_Golden-Visa-Studio-Apartment-for-Sale-in-Thessaloniki-5.webp?width=1200&format=webp&quality=82,2026-10-02,,2026-10-02,json-ld datePosted; sitemap lastmod,2026-10-02T16:56:38Z,2026-10-02,2026-10-02
ktimatoemporiki.gr,Ktimatoemporiki,https://ktimatoemporiki.gr/property/golden-visa-villa-for-sale-in-thermi-thessaloniki-id-thv-1592,Golden Visa Villa for Sale in Thermi Thessaloniki,sale,,801000,,4,,,"Thermi, Thessaloniki",,,https://ktimato.b-cdn.net/OLDSITE/wp-content/uploads/2026/03/Thv-1592_Golden-Visa-Villa-for-Sale-in-Thermi-Thessaloniki-7.webp?width=1200&format=webp&quality=82,2026-10-02,,2026-10-02,json-ld datePosted; sitemap lastmod,2026-10-02T16:56:38Z,2026-10-02,2026-10-02
ktimatoemporiki.gr,Ktimatoemporiki,https://ktimatoemporiki.gr/property/greece-hotel-for-sale-in-halkidiki-id-ch2-488,Greece Hotel for sale in Halkidiki,sale,,5000000,,40,,,"Halkidiki, Halkidiki",,,https://ktimato.b-cdn.net/OLDSITE/wp-content/uploads/2021/12/CH2-488_Greece-Hotel-for-sale-in-Halkidiki-1.jpg?width=1200&format=webp&quality=82,2026-09-01,,2026-09-01,json-ld datePosted; sitemap lastmod,2026-09-28T19:37:43Z,2026-09-01,
ktimatoemporiki.gr,Ktimatoemporiki,https://ktimatoemporiki.gr/property/greece-hotel-for-sale-in-halkidiki-id-ch2-498,Greece Hotel for sale in Halkidiki,sale,,2500000,,48,,,"Halkidiki, Halkidiki",,,https://ktimato.b-cdn.net/OLDSITE/wp-content/uploads/2021/12/Ch2-498_Greece-Hotel-for-sale-in-Halkidiki-6.jpg?width=1200&format=webp&quality=82,2026-09-01,,2026-09-01,json-ld datePosted; sitemap lastmod,2026-09-28T19:37:43Z,2026-09-01,
ktimatoemporiki.gr,Ktimatoemporiki,https://ktimatoemporiki.gr/property/greece-luxury-villa-for-sale-in-halkidiki-id-chv-604,Greece Luxury Villa for sale in Halkidiki,sale,,3000000,330,6,,,"Halkidiki, Halkidiki",,,https://ktimato.b-cdn.net/OLDSITE/wp-content/uploads/2021/12/CHv-604_Greece-Luxury-Villa-for-sale-in-Halkidiki-61.jpg?width=1200&format=webp&quality=82,2026-09-01,,2026-09-01,json-ld datePosted; sitemap lastmod,2026-09-28T19:37:43Z,2026-09-01,
ktimatoemporiki.gr,Ktimatoemporiki,https://ktimatoemporiki.gr/property/halkidiki-hotel-for-sale-greece-id-ch2-491,Halkidiki Hotel for sale Greece,sale,,4000000,,14,,,"Halkidiki, Halkidiki",,,https://ktimato.b-cdn.net/OLDSITE/wp-content/uploads/2021/12/Ch2-491_Halkidiki-Hotel-for-sale-Greece-64.jpg?width=1200&format=webp&quality=82,2026-09-01,,2026-09-01,json-ld datePosted; sitemap lastmod,2026-09-28T19:37:43Z,2026-09-01,
ktimatoemporiki.gr,Ktimatoemporiki,https://ktimatoemporiki.gr/property/halkidiki-luxury-seaview-villa-for-sale-id-hv-1193,Halkidiki Luxury Seaview Villa for sale,sale,,800000,175,4,,,"Kassandra, Halkidiki",,,https://ktimato.b-cdn.net/OLDSITE/wp-content/uploads/2024/11/HV-1193_Halkidiki-Luxury-Seaview-Villa-for-sale-3.jpg?width=1200&format=webp&quality=82,2026-09-01,,2026-09-01,json-ld datePosted; sitemap lastmod,2026-09-28T19:37:43Z,2026-09-01,
ktimatoemporiki.gr,Ktimatoemporiki,https://ktimatoemporiki.gr/property/halkidiki-seaside-apartment-for-sale-id-h4-8786,Halkidiki Seaside Apartment for sale,sale,,210000,71,2,,,"Kassandra, Halkidiki",,,https://ktimato.b-cdn.net/OLDSITE/wp-content/uploads/2024/11/H4-8786_Halkidiki-Seaside-Apartment-for-sale-3.png?width=1200&format=webp&quality=82,2026-09-01,,2026-09-01,json-ld datePosted; sitemap lastmod,2026-09-28T19:37:43Z,2026-09-01,
ktimatoemporiki.gr,Ktimatoemporiki,https://ktimatoemporiki.gr/property/halkidiki-seaside-apartment-for-sale-id-h4-8795,Halkidiki Seaside Apartment for sale,sale,,210000,68,2,,,"Kassandra, Halkidiki",,,https://ktimato.b-cdn.net/OLDSITE/wp-content/uploads/2024/11/H4-8795_Halkidiki-Seaside-Apartment-for-sale-2.png?width=1200&format=webp&quality=82,2026-09-01,,2026-09-01,json-ld datePosted; sitemap lastmod,2026-09-28T19:37:43Z,2026-09-01,
ktimatoemporiki.gr,Ktimatoemporiki,https://ktimatoemporiki.gr/property/halkidiki-seaside-apartment-for-sale-id-h4-8800,Halkidiki Seaside Apartment for sale,sale,,290000,89,3,,,"Kassandra, Halkidiki",,,https://ktimato.b-cdn.net/OLDSITE/wp-content/uploads/2024/11/H4-8800_Halkidiki-Seaside-Apartment-for-sale-1.jpg?width=1200&format=webp&quality=82,2026-09-01,,2026-09-01,json-ld datePosted; sitemap lastmod,2026-09-28T19:37:43Z,2026-09-01,
ktimatoemporiki.gr,Ktimatoemporiki,https://ktimatoemporiki.gr/property/halkidiki-seaside-apartment-for-sale-id-h4-8804,Halkidiki Seaside Apartment for sale,sale,,195000,68,2,,,"Kassandra, Halkidiki",,,https://ktimato.b-cdn.net/OLDSITE/wp-content/uploads/2024/11/H4-8804_Halkidiki-Seaside-Apartment-for-sale-1.png?width=1200&format=webp&quality=82,2026-09-01,,2026-09-01,json-ld datePosted; sitemap lastmod,2026-09-28T19:37:43Z,2026-09-01,
ktimatoemporiki.gr,Ktimatoemporiki,https://ktimatoemporiki.gr/property/halkidiki-seaside-apartment-for-sale-id-h4-8813,Halkidiki Seaside Apartment for sale,sale,,280000,88,3,,,"Kassandra, Halkidiki",,,https://ktimato.b-cdn.net/OLDSITE/wp-content/uploads/2024/11/H4-8813_Halkidiki-Seaside-Apartment-for-sale-1.png?width=1200&format=webp&quality=82,2026-09-01,,2026-09-01,json-ld datePosted; sitemap lastmod,2026-09-28T19:37:43Z,2026-09-01,
ktimatoemporiki.gr,Ktimatoemporiki,https://ktimatoemporiki.gr/property/halkidiki-seaside-one-bedroom-apartment-for-sale-id-h4-8787,Halkidiki Seaside One Bedroom Apartment for sale,sale,,157000,49,1,,,"Kassandra, Halkidiki",,,https://ktimato.b-cdn.net/OLDSITE/wp-content/uploads/2024/11/H4-8787_Halkidiki-Seaside-One-Bedroom-Apartment-for-sale-1.jpg?width=1200&format=webp&quality=82,2026-09-01,,2026-09-01,json-ld datePosted; sitemap lastmod,2026-09-28T19:37:43Z,2026-09-01,
ktimatoemporiki.gr,Ktimatoemporiki,https://ktimatoemporiki.gr/property/halkidiki-seaside-three-bedroom-apartment-for-sale-id-h4-8799,Halkidiki Seaside Three Bedroom Apartment for sale,sale,,290000,87,3,,,"Kassandra, Halkidiki",,,https://ktimato.b-cdn.net/OLDSITE/wp-content/uploads/2024/11/H4-8799_Halkidiki-Seaside-Three-Bedroom-Apartment-for-sale-2.png?width=1200&format=webp&quality=82,2026-09-01,,2026-09-01,json-ld datePosted; sitemap lastmod,2026-09-28T19:37:43Z,2026-09-01,
ktimatoemporiki.gr,Ktimatoemporiki,https://ktimatoemporiki.gr/property/halkidiki-seaside-two-bedroom-apartment-for-sale-id-h4-8797,Halkidiki Seaside Two Bedroom Apartment for sale,sale,,210000,66,2,,,"Kassandra, Halkidiki",,,https://ktimato.b-cdn.net/OLDSITE/wp-content/uploads/2024/11/H4-8797_Halkidiki-Seaside-Two-Bedroom-Apartment-for-sale-1.jpg?width=1200&format=webp&quality=82,2026-09-01,,2026-09-01,json-ld datePosted; sitemap lastmod,2026-09-28T19:37:43Z,2026-09-01,
ktimatoemporiki.gr,Ktimatoemporiki,https://ktimatoemporiki.gr/property/halkidiki-seaside-two-bedroom-apartment-for-sale-id-h4-8816,Halkidiki Seaside Two Bedroom Apartment for sale,sale,,205000,67,2,,,"Kassandra, Halkidiki",,,https://ktimato.b-cdn.net/OLDSITE/wp-content/uploads/2024/11/H4-8816_Halkidiki-Seaside-Two-Bedroom-Apartment-for-sale-2.png?width=1200&format=webp&quality=82,2026-09-01,,2026-09-01,json-ld datePosted; sitemap lastmod,2026-09-28T19:37:43Z,2026-09-01,
ktimatoemporiki.gr,Ktimatoemporiki,https://ktimatoemporiki.gr/property/historical-hotel-for-sale-thessaloniki-id-th2-499,Historical Hotel for sale Thessaloniki,sale,,2000000,2520,29,,,"Thessaloniki, Thessaloniki",,,https://ktimato.b-cdn.net/OLDSITE/wp-content/uploads/2021/12/Th2-499_Historical-Hotel-for-sale-Thessaloniki-7.png?width=1200&format=webp&quality=82,2026-09-01,,2026-09-01,json-ld datePosted; sitemap lastmod,2026-09-28T19:37:43Z,2026-09-01,
ktimatoemporiki.gr,Ktimatoemporiki,https://ktimatoemporiki.gr/property/hotel-20m-from-the-sea-for-sale-in-halkidiki-id-ch2-568,Hotel 20m from the sea for sale in Halkidiki,sale,,5000000,4000,56,,,"Halkidiki, Halkidiki",,,https://ktimato.b-cdn.net/OLDSITE/wp-content/uploads/2022/09/Ch2-568_Hotel-20m-from-the-sea-for-sale-in-Halkidiki-1.jpg?width=1200&format=webp&quality=82,2026-09-01,,2026-09-01,json-ld datePosted; sitemap lastmod,2026-09-28T19:37:43Z,2026-09-01,
ktimatoemporiki.gr,Ktimatoemporiki,https://ktimatoemporiki.gr/property/hotel-for-sale-40-room-250-m-from-the-beach-in-kassandra-halkidiki-id-h2-792,"Hotel For Sale 40 Room , 250 m. from the Beach in Kassandra, Halkidiki",sale,,1700000,1080,40,,,"Kassandra, Halkidiki",,,https://ktimato.b-cdn.net/OLDSITE/wp-content/uploads/2026/09/H2-792_40-Room-Hotel-for-Sale-Just-250-m-from-the-Beach-in-Kassandra-Halkidiki.webp?width=1200&format=webp&quality=82,2026-09-12,,2026-09-12,json-ld datePosted; sitemap lastmod,2026-09-28T19:37:43Z,2026-09-12,
ktimatoemporiki.gr,Ktimatoemporiki,https://ktimatoemporiki.gr/property/hotel-for-sale-in-chalkidiki-id-ch2-472,Hotel for sale in Halkidiki,sale,,3250000,1154,36,,,"Halkidiki, Halkidiki",,,https://ktimato.b-cdn.net/OLDSITE/wp-content/uploads/2021/09/CH2-472_Hotel-for-sale-in-Chalkidiki-1.jpg?width=1200&format=webp&quality=82,2026-09-01,,2026-09-01,json-ld datePosted; sitemap lastmod,2026-09-28T19:37:43Z,2026-09-01,
ktimatoemporiki.gr,Ktimatoemporiki,https://ktimatoemporiki.gr/property/hotel-for-sale-in-halkidiki-greece-id-ch2-487,Hotel for sale in Halkidiki Greece,sale,,900000,,14,,,"Halkidiki, Halkidiki",,,https://ktimato.b-cdn.net/OLDSITE/wp-content/uploads/2021/12/CH2-487_Hotel-for-sale-in-Halkidiki-Greece-4.jpg?width=1200&format=webp&quality=82,2026-09-01,,2026-09-01,json-ld datePosted; sitemap lastmod,2026-09-28T19:37:43Z,2026-09-01,
ktimatoemporiki.gr,Ktimatoemporiki,https://ktimatoemporiki.gr/property/hotel-for-sale-in-neos-marmaras-halkidiki-id-th2-771,Hotel for Sale in Neos Marmaras Halkidiki,sale,,750000,350,14,,,"Sithonia Halkidiki, Halkidiki",,,https://ktimato.b-cdn.net/OLDSITE/wp-content/uploads/2026/03/Th2-771_Hotel-for-Sale-in-Neos-Marmaras-Halkidiki-1.webp?width=1200&format=webp&quality=82,2026-09-01,,2026-09-01,json-ld datePosted; sitemap lastmod,2026-09-28T19:37:43Z,2026-09-01,
ktimatoemporiki.gr,Ktimatoemporiki,https://ktimatoemporiki.gr/property/hotel-for-sale-in-neos-marmaras-sithonia-chalkidiki-id-th2-772,Hotel for Sale in Neos Marmaras Sithonia Chalkidiki,sale,,1000000,450,20,,,"Sithonia Halkidiki, Halkidiki",,,https://ktimato.b-cdn.net/OLDSITE/wp-content/uploads/2026/03/Th2-772_Hotel-for-Sale-in-Neos-Marmaras-Sithonia-Chalkidiki-8.webp?width=1200&format=webp&quality=82,2026-09-01,,2026-09-01,json-ld datePosted; sitemap lastmod,2026-09-28T19:37:43Z,2026-09-01,
ktimatoemporiki.gr,Ktimatoemporiki,https://ktimatoemporiki.gr/property/hotel-for-sale-in-pallini-chalkidiki-id-th2-774,Hotel for Sale in Pallini Chalkidiki,sale,,870000,231,7,,,"Pallini Halkidiki, Halkidiki",,,https://ktimato.b-cdn.net/OLDSITE/wp-content/uploads/2026/03/Th2-774_Hotel-for-Sale-in-Pallini-Chalkidiki-1.png?width=1200&format=webp&quality=82,2026-09-01,,2026-09-01,json-ld datePosted; sitemap lastmod,2026-09-28T19:37:43Z,2026-09-01,
ktimatoemporiki.gr,Ktimatoemporiki,https://ktimatoemporiki.gr/property/hotel-for-sale-in-sithonia-halkidiki-id-h2-791,"Hotel for Sale in Sithonia, Halkidiki",sale,,2000000,900,19,,,"Sithonia Halkidiki, Halkidiki",,,https://ktimato.b-cdn.net/OLDSITE/wp-content/uploads/2026/09/H2-791_Hotel-for-Sale-in-Sithonia-Halkidiki.webp?width=1200&format=webp&quality=82,2026-09-12,,2026-09-12,json-ld datePosted; sitemap lastmod,2026-09-28T19:37:43Z,2026-09-12,
ktimatoemporiki.gr,Ktimatoemporiki,https://ktimatoemporiki.gr/property/hotel-for-sale-in-thessaloniki-id-th2-717,Hotel for sale in Thessaloniki,sale,,1200000,800,,,,"Thermi Thessaloniki, Thessaloniki",,,https://ktimato.b-cdn.net/OLDSITE/wp-content/uploads/2024/11/Th2-717_Hotel-for-sale-in-Thessaloniki-1.jpg?width=1200&format=webp&quality=82,2026-09-01,,2026-09-01,json-ld datePosted; sitemap lastmod,2026-09-28T19:37:43Z,2026-09-01,
ktimatoemporiki.gr,Ktimatoemporiki,https://ktimatoemporiki.gr/property/hotel-for-sale-in-toroni-chalkidiki-id-th2-770,Hotel for Sale in Toroni Chalkidiki,sale,,900000,240,,,,"Toroni Halkidiki, Halkidiki",,,https://ktimato.b-cdn.net/OLDSITE/wp-content/uploads/2026/03/Th2-770_Hotel-for-Sale-in-Toroni-Chalkidiki-1.webp?width=1200&format=webp&quality=82,2026-09-01,,2026-09-01,json-ld datePosted; sitemap lastmod,2026-09-28T19:37:43Z,2026-09-01,
ktimatoemporiki.gr,Ktimatoemporiki,https://ktimatoemporiki.gr/property/hotel-in-halkidiki-for-sale-greece-id-ch2-494,Hotel in Halkidiki for sale Greece,sale,,1000000,316,11,,,"Halkidiki, Halkidiki",,,https://ktimato.b-cdn.net/OLDSITE/wp-content/uploads/2021/12/Ch2-494_Hotel-in-Halkidiki-for-sale-Greece-68.jpg?width=1200&format=webp&quality=82,2026-09-01,,2026-09-01,json-ld datePosted; sitemap lastmod,2026-09-28T19:37:43Z,2026-09-01,
ktimatoemporiki.gr,Ktimatoemporiki,https://ktimatoemporiki.gr/property/hotel-in-halkidiki-for-sale-id-ch2-490,Hotel in Halkidiki for sale,sale,,1500000,700,16,,,"Halkidiki, Halkidiki",,,https://ktimato.b-cdn.net/OLDSITE/wp-content/uploads/2021/12/CH2-490_Hotel-in-Halkidiki-for-sale-1.jpg?width=1200&format=webp&quality=82,2026-09-01,,2026-09-01,json-ld datePosted; sitemap lastmod,2026-09-28T19:37:43Z,2026-09-01,
ktimatoemporiki.gr,Ktimatoemporiki,https://ktimatoemporiki.gr/property/hotel-with-13-units-for-sale-in-halkidiki-near-the-beach-id-ch2-661,Hotel with 13 Units for sale in Halkidiki near the Beach,sale,,1500000,500,13,,,"Halkidiki, Halkidiki",,,https://ktimato.b-cdn.net/OLDSITE/wp-content/uploads/2023/12/Ch2-661_Hotel-with-13-Units-for-sale-in-Halkidiki-near-the-Beach-20.webp?width=1200&format=webp&quality=82,2026-09-01,,2026-09-01,json-ld datePosted; sitemap lastmod,2026-09-28T19:37:43Z,2026-09-01,
ktimatoemporiki.gr,Ktimatoemporiki,https://ktimatoemporiki.gr/property/hotel-with-four-villas-for-sale-in-chalkidiki-greece-id-ch2-452,Hotel with Four Villas for sale in Halkidiki Greece,sale,,2000000,352,10,,,"Halkidiki, Halkidiki",,,https://ktimato.b-cdn.net/OLDSITE/wp-content/uploads/2021/09/Ch2-452_Hotel-with-Four-Villas-for-sale-in-Chalkidiki-Greec-34.jpg?width=1200&format=webp&quality=82,2026-09-01,,2026-09-01,json-ld datePosted; sitemap lastmod,2026-09-28T19:37:43Z,2026-09-01,
ktimatoemporiki.gr,Ktimatoemporiki,https://ktimatoemporiki.gr/property/house-for-rent-in-panorama-thessaloniki-id-th01-1237,House for rent in Panorama Thessaloniki,rent,,1350,236,3,,,"Panorama, Thessaloniki",,,https://ktimato.b-cdn.net/OLDSITE/wp-content/uploads/2024/11/Th01-1237_House-for-rent-in-Panorama-Thessaloniki-2.webp?width=1200&format=webp&quality=82,2026-09-01,,2026-09-01,json-ld datePosted; sitemap lastmod,2026-09-28T19:37:43Z,2026-09-01,
ktimatoemporiki.gr,Ktimatoemporiki,https://ktimatoemporiki.gr/property/house-for-rent-in-thermi-thessaloniki-id-th01-1260,House for rent in Thermi Thessaloniki,rent,,2500,267,3,,,"Thermi Thessaloniki, Thessaloniki",,,https://ktimato.b-cdn.net/OLDSITE/wp-content/uploads/2024/11/Th01-1260_House-for-rent-in-Thermi-Thessaloniki-1.webp?width=1200&format=webp&quality=82,2026-09-01,,2026-09-01,json-ld datePosted; sitemap lastmod,2026-09-28T19:37:43Z,2026-09-01,
ktimatoemporiki.gr,Ktimatoemporiki,https://ktimatoemporiki.gr/property/house-for-rent-in-thessaloniki-id-th01-1250,House for Rent in Thessaloniki,rent,,3000,420,6,,,"Mygdonia, Thessaloniki",,,https://ktimato.b-cdn.net/OLDSITE/wp-content/uploads/2024/11/Th01-1250_House-for-Rent-in-Thessaloniki-1.webp?width=1200&format=webp&quality=82,2026-09-01,,2026-09-01,json-ld datePosted; sitemap lastmod,2026-09-28T19:37:43Z,2026-09-01,
ktimatoemporiki.gr,Ktimatoemporiki,https://ktimatoemporiki.gr/property/house-for-sale-in-chalkidiki-id-ch4-1860,House for sale in Halkidiki,sale,,1300000,163,4,,,"Halkidiki, Halkidiki",,,https://ktimato.b-cdn.net/OLDSITE/wp-content/uploads/2020/12/Ch4-1860_ktimatoemporiki-House-for-sale-in-Chalkidiki-8.jpg?width=1200&format=webp&quality=82,2026-09-01,,2026-09-01,json-ld datePosted; sitemap lastmod,2026-09-28T19:37:43Z,2026-09-01,
ktimatoemporiki.gr,Ktimatoemporiki,https://ktimatoemporiki.gr/property/house-for-sale-in-halkidiki-id-h4-8984,House for sale in Halkidiki,sale,,395000,168,4,,,"Kassandra, Halkidiki",,,https://ktimato.b-cdn.net/OLDSITE/wp-content/uploads/2024/11/H4-8984_House-for-sale-in-Halkidiki-14.webp?width=1200&format=webp&quality=82,2026-09-01,,2026-09-01,json-ld datePosted; sitemap lastmod,2026-09-28T19:37:43Z,2026-09-01,
ktimatoemporiki.gr,Ktimatoemporiki,https://ktimatoemporiki.gr/property/house-for-sale-in-halkidiki-near-the-sea-id-h4-7603,House for sale in Halkidiki near the sea,sale,,220000,75,2,,,"Agios Mamas, Halkidiki",,,https://ktimato.b-cdn.net/OLDSITE/wp-content/uploads/2024/07/H4-7603_House-for-sale-in-Halkidiki-near-the-sea-6.jpg?width=1200&format=webp&quality=82,2026-09-01,,2026-09-01,json-ld datePosted; sitemap lastmod,2026-09-28T19:37:43Z,2026-09-01,
ktimatoemporiki.gr,Ktimatoemporiki,https://ktimatoemporiki.gr/property/house-for-sale-in-nea-iraklia-halkidiki-id-h4-8587,House for sale in Nea Iraklia Halkidiki,sale,,630000,205,6,,,"Nea Iraklia, Halkidiki",,,https://ktimato.b-cdn.net/OLDSITE/wp-content/uploads/2024/10/H4-8587_House-for-sale-in-Nea-Iraklia-Halkidiki-17.webp?width=1200&format=webp&quality=82,2026-09-01,,2026-09-01,json-ld datePosted; sitemap lastmod,2026-09-28T19:37:43Z,2026-09-01,
ktimatoemporiki.gr,Ktimatoemporiki,https://ktimatoemporiki.gr/property/house-for-sale-in-panorama-thessaloniki-id-th4-8604,House for sale in Panorama Thessaloniki,sale,,690000,236,3,,,"Panorama, Thessaloniki",,,https://ktimato.b-cdn.net/OLDSITE/wp-content/uploads/2024/11/Th4-8604_House-for-sale-in-Panorama-Thessaloniki-1.jpg?width=1200&format=webp&quality=82,2026-09-01,,2026-09-01,json-ld datePosted; sitemap lastmod,2026-09-28T19:37:43Z,2026-09-01,
ktimatoemporiki.gr,Ktimatoemporiki,https://ktimatoemporiki.gr/property/house-for-sale-in-thermi-id-th4-8598,House for sale in Thermi,sale,,800000,300,5,,,"Thermi Thessaloniki, Thessaloniki",,,https://ktimato.b-cdn.net/OLDSITE/wp-content/uploads/2024/10/Th4-8598_House-for-sale-in-Thermi-2.webp?width=1200&format=webp&quality=82,2026-09-01,,2026-09-01,json-ld datePosted; sitemap lastmod,2026-09-28T19:37:43Z,2026-09-01,
ktimatoemporiki.gr,Ktimatoemporiki,https://ktimatoemporiki.gr/property/house-for-sale-in-thermi-thessaloniki-id-th4-8596,House for sale in Thermi Thessaloniki,sale,,800000,530,6,,,"Thermi, Thessaloniki",,,https://ktimato.b-cdn.net/OLDSITE/wp-content/uploads/2024/10/Th4-8596_House-for-sale-in-Thermi-Thessaloniki-1.webp?width=1200&format=webp&quality=82,2026-09-01,,2026-09-01,json-ld datePosted; sitemap lastmod,2026-09-28T19:37:43Z,2026-09-01,
ktimatoemporiki.gr,Ktimatoemporiki,https://ktimatoemporiki.gr/property/house-for-sale-in-thessaloniki-id-th4-8600,House for sale in Thessaloniki,sale,,650000,420,,,,"Mygdonia, Thessaloniki",,,https://ktimato.b-cdn.net/OLDSITE/wp-content/uploads/2024/10/Th4-8600_House-for-sale-in-Thessaloniki-1.webp?width=1200&format=webp&quality=82,2026-09-01,,2026-09-01,json-ld datePosted; sitemap lastmod,2026-09-28T19:37:43Z,2026-09-01,
ktimatoemporiki.gr,Ktimatoemporiki,https://ktimatoemporiki.gr/property/house-in-halkidiki-for-sale-id-ch4-3952,House in Halkidiki for sale,sale,,185000,111,2,,,"Halkidiki, Halkidiki",,,https://ktimato.b-cdn.net/OLDSITE/wp-content/uploads/2022/07/Ch4-3952_House-in-Halkidiki-for-sale-1.jpg?width=1200&format=webp&quality=82,2026-09-01,,2026-09-01,json-ld datePosted; sitemap lastmod,2026-09-28T19:37:43Z,2026-09-01,
ktimatoemporiki.gr,Ktimatoemporiki,https://ktimatoemporiki.gr/property/house-in-halkidiki-for-sale-id-h4-9291,House in Halkidiki for Sale,sale,,65000,20,1,,,"Kassandra, Halkidiki",,,https://ktimato.b-cdn.net/OLDSITE/wp-content/uploads/2024/12/H4-9291_House-in-Halkidiki-for-Sale-1.png?width=1200&format=webp&quality=82,2026-09-01,,2026-09-01,json-ld datePosted; sitemap lastmod,2026-09-28T19:37:43Z,2026-09-01,
ktimatoemporiki.gr,Ktimatoemporiki,https://ktimatoemporiki.gr/property/investment-land-for-sale-in-ammouliani-halkidiki-id-h3-3061,Investment Land for sale in Ammouliani Halkidiki,sale,,865000,8160,,,,"Ammouliani, Halkidiki",,,https://ktimato.b-cdn.net/OLDSITE/wp-content/uploads/2024/07/H3-3061_Investment-Land-for-sale-in-Ammouliani-Halkidiki-1-1.jpg?width=1200&format=webp&quality=82,2026-09-01,,2026-09-01,json-ld datePosted; sitemap lastmod,2026-09-28T19:37:43Z,2026-09-01,
ktimatoemporiki.gr,Ktimatoemporiki,https://ktimatoemporiki.gr/property/investment-land-for-sale-in-halkidiki-id-ch3-2885,Investment Land for sale in Halkidiki,sale,,10000000,,,,,"Halkidiki, Halkidiki",,,https://ktimato.b-cdn.net/OLDSITE/wp-content/uploads/2024/01/Ch3-2885_Investment-Land-for-sale-in-Halkidiki-2.jpg?width=1200&format=webp&quality=82,2026-09-01,,2026-09-01,json-ld datePosted; sitemap lastmod,2026-09-28T19:37:43Z,2026-09-01,
ktimatoemporiki.gr,Ktimatoemporiki,https://ktimatoemporiki.gr/property/investment-land-for-sale-in-thessaloniki-city-center-id-th3-2089,Investment Land for sale in Thessaloniki city center,sale,,9000000,,,,,"Center Thessaloniki, Thessaloniki",,,https://ktimato.b-cdn.net/OLDSITE/wp-content/uploads/2021/06/Th3-2089_Investment-Land-for-sale-in-Thessaloniki-city-center-1.jpg?width=1200&format=webp&quality=82,2026-09-01,,2026-09-01,json-ld datePosted; sitemap lastmod,2026-09-28T19:37:43Z,2026-09-01,
ktimatoemporiki.gr,Ktimatoemporiki,https://ktimatoemporiki.gr/property/investment-land-for-sale-thessaloniki-id-th3-2606,Investment Land for sale Thessaloniki,sale,,3000000,,,,,"Thermi Thessaloniki, Thessaloniki",,,https://ktimato.b-cdn.net/OLDSITE/wp-content/uploads/2023/05/Th3-2606_Ktimatoemporiki-Investment-Land-for-sale-Thessaloniki-1.jpg?width=1200&format=webp&quality=82,2026-09-01,,2026-09-01,json-ld datePosted; sitemap lastmod,2026-09-28T19:37:43Z,2026-09-01,
ktimatoemporiki.gr,Ktimatoemporiki,https://ktimatoemporiki.gr/property/investment-property-for-sale-in-vasilika-thessaloniki-id-th6-326,Investment Property for sale in Vasilika Thessaloniki,sale,,580000,110,1,,,"Vasilika, Thessaloniki",,,https://ktimato.b-cdn.net/OLDSITE/wp-content/uploads/2022/02/Th6-326_Investment-Property-for-sale-in-Vasilika-Thessaloniki-2.jpg?width=1200&format=webp&quality=82,2026-09-01,,2026-09-01,json-ld datePosted; sitemap lastmod,2026-09-28T19:37:43Z,2026-09-01,
ktimatoemporiki.gr,Ktimatoemporiki,https://ktimatoemporiki.gr/property/land-for-sale-in-halkidiki-id-ch3-2285,Land for sale in Halkidiki,sale,,450000,,,,,"Halkidiki, Halkidiki",,,https://ktimato.b-cdn.net/OLDSITE/wp-content/uploads/2022/03/Ch3-2285_Land-for-sale-in-Halkidiki-2.jpg?width=1200&format=webp&quality=82,2026-09-01,,2026-09-01,json-ld datePosted; sitemap lastmod,2026-09-28T19:37:43Z,2026-09-01,
ktimatoemporiki.gr,Ktimatoemporiki,https://ktimatoemporiki.gr/property/land-for-sale-in-ouranoupoli-id-h3-3062,Land for sale in Ouranoupoli,sale,,2000000,12750,,,,"Ouranoupoli, Halkidiki",,,https://ktimato.b-cdn.net/OLDSITE/wp-content/uploads/2024/07/H3-3061_Investment-Land-for-sale-in-Ammouliani-Halkidiki-1.jpg?width=1200&format=webp&quality=82,2026-09-01,,2026-09-01,json-ld datePosted; sitemap lastmod,2026-09-28T19:37:43Z,2026-09-01,
ktimatoemporiki.gr,Ktimatoemporiki,https://ktimatoemporiki.gr/property/luxury-apartment-for-sale-in-ano-toumpa-thessaloniki-id-th4-3637,Luxury Apartment for sale in Ano Toumpa Thessaloniki,sale,,160000,69,1,,,"Ano Toumpa, Thessaloniki",,,https://ktimato.b-cdn.net/OLDSITE/wp-content/uploads/2022/04/Th4-3637_Luxury-Apartment-for-sale-in-Ano-Toumpa-Thessaloniki-1.jpg?width=1200&format=webp&quality=82,2026-09-01,,2026-09-01,json-ld datePosted; sitemap lastmod,2026-09-28T19:37:43Z,2026-09-01,
ktimatoemporiki.gr,Ktimatoemporiki,https://ktimatoemporiki.gr/property/luxury-apartment-with-seaview-for-sale-in-thessaloniki-id-th4-8993,Luxury Apartment with Seaview for sale in Thessaloniki,sale,,450000,114,3,,,"Charilaou, Thessaloniki",,,https://ktimato.b-cdn.net/OLDSITE/wp-content/uploads/2024/11/Th4-8993_Luxury-Apartment-with-Seaview-for-sale-in-Thessaloniki-4.jpg?width=1200&format=webp&quality=82,2026-09-01,,2026-09-01,json-ld datePosted; sitemap lastmod,2026-09-28T19:37:43Z,2026-09-01,
ktimatoemporiki.gr,Ktimatoemporiki,https://ktimatoemporiki.gr/property/luxury-beachfront-villa-for-sale-in-halkidiki-id-hv-1160,Luxury Beachfront Villa for sale in Halkidiki,sale,,4000000,350,5,,,"Chaniotis Halkidikis, Halkidiki",,,https://ktimato.b-cdn.net/OLDSITE/wp-content/uploads/2024/10/Hv-1160_Luxury-Beachfront-Villa-for-sale-in-Hanlkidiki-4.jpg?width=1200&format=webp&quality=82,2026-09-01,,2026-09-01,json-ld datePosted; sitemap lastmod,2026-09-28T19:37:43Z,2026-09-01,
ktimatoemporiki.gr,Ktimatoemporiki,https://ktimatoemporiki.gr/property/luxury-bechfront-villa-for-sale-in-halkidiki-id-hv-1293,Luxury Beachfront Villa for sale in Halkidiki,sale,,1000000,150,3,,,"Kassandra, Halkidiki",,,https://ktimato.b-cdn.net/OLDSITE/wp-content/uploads/2025/02/Hv-1293_Luxury-Bechfront-Villa-for-sale-in-Halkidiki-12.jpg?width=1200&format=webp&quality=82,2026-09-01,,2026-09-01,json-ld datePosted; sitemap lastmod,2026-09-28T19:37:43Z,2026-09-01,
ktimatoemporiki.gr,Ktimatoemporiki,https://ktimatoemporiki.gr/property/luxury-four-star-hotel-for-sale-in-halkidiki-id-ch2-485,Luxury Four Star Hotel for sale in Halkidiki,sale,,5500000,,85,,,"Halkidiki, Halkidiki",,,https://ktimato.b-cdn.net/OLDSITE/wp-content/uploads/2021/11/CH2-485_Luxury-Four-Star-Hotel-for-sale-in-Halkidiki-1.jpg?width=1200&format=webp&quality=82,2026-09-01,,2026-09-01,json-ld datePosted; sitemap lastmod,2026-09-28T19:37:43Z,2026-09-01,
ktimatoemporiki.gr,Ktimatoemporiki,https://ktimatoemporiki.gr/property/luxury-halkidiki-seaview-villa-for-sale-id-hv-1253,Luxury Halkidiki Seaview Villa for Sale,sale,,720000,165,3,,,"Kassandra, Halkidiki",,,https://ktimato.b-cdn.net/OLDSITE/wp-content/uploads/2024/12/Hv-1253_Halkidiki-Seaview-Villa-for-Sale-2.jpg?width=1200&format=webp&quality=82,2026-09-01,,2026-09-01,json-ld datePosted; sitemap lastmod,2026-09-28T19:37:43Z,2026-09-01,
ktimatoemporiki.gr,Ktimatoemporiki,https://ktimatoemporiki.gr/property/luxury-house-for-sale-in-halkidiki-id-ch4-3025,Luxury House for sale in Halkidiki,sale,,499000,150,2,,,"Halkidiki, Halkidiki",,,https://ktimato.b-cdn.net/OLDSITE/wp-content/uploads/2022/01/Ch4-3025_Luxury-House-for-sale-in-Halkidiki-1.jpg?width=1200&format=webp&quality=82,2026-09-01,,2026-09-01,json-ld datePosted; sitemap lastmod,2026-09-28T19:37:43Z,2026-09-01,
ktimatoemporiki.gr,Ktimatoemporiki,https://ktimatoemporiki.gr/property/luxury-house-for-sale-in-thermi-id-th4-8628,Luxury House for sale in Thermi,sale,,560000,220,4,,,"Thermi Thessaloniki, Thessaloniki",,,https://ktimato.b-cdn.net/OLDSITE/wp-content/uploads/2024/11/Th4-8628_Luxury-House-for-sale-in-Thermi-12.webp?width=1200&format=webp&quality=82,2026-09-01,,2026-09-01,json-ld datePosted; sitemap lastmod,2026-09-28T19:37:43Z,2026-09-01,
ktimatoemporiki.gr,Ktimatoemporiki,https://ktimatoemporiki.gr/property/luxury-house-for-sale-in-thermi-thessaloniki-id-th4-3024,Luxury House for sale in Thermi Thessaloniki,sale,,237000,158,3,,,"Thermi Thessaloniki, Thessaloniki",,,https://ktimato.b-cdn.net/OLDSITE/wp-content/uploads/2022/01/Th4-3024_Luxury-House-for-sale-in-Thermi-Thessaloniki-5.jpg?width=1200&format=webp&quality=82,2026-09-01,,2026-09-01,json-ld datePosted; sitemap lastmod,2026-09-28T19:37:43Z,2026-09-01,
ktimatoemporiki.gr,Ktimatoemporiki,https://ktimatoemporiki.gr/property/luxury-house-for-sale-in-thermi-thessaloniki-id-th4-8595,Luxury House for sale in Thermi Thessaloniki,sale,,1300000,480,6,,,"Thermi Thessaloniki, Thessaloniki",,,https://ktimato.b-cdn.net/OLDSITE/wp-content/uploads/2024/10/Th4-8595_Luxury-House-for-sale-in-Thermi-Thessaloniki-3.webp?width=1200&format=webp&quality=82,2026-09-01,,2026-09-01,json-ld datePosted; sitemap lastmod,2026-09-28T19:37:43Z,2026-09-01,
ktimatoemporiki.gr,Ktimatoemporiki,https://ktimatoemporiki.gr/property/luxury-maisonette-for-sale-in-evosmos-thessaloniki-id-th4-8562,Luxury Maisonette for sale in Evosmos Thessaloniki,sale,,330000,99,2,,,"Evosmos Thessaloniki, Thessaloniki",,,https://ktimato.b-cdn.net/OLDSITE/wp-content/uploads/2024/10/Th4-8562_Luxury-Maisonette-for-sale-in-Evosmos-Thessaloniki-1.png?width=1200&format=webp&quality=82,2026-09-01,,2026-09-01,json-ld datePosted; sitemap lastmod,2026-09-28T19:37:43Z,2026-09-01,
ktimatoemporiki.gr,Ktimatoemporiki,https://ktimatoemporiki.gr/property/luxury-maisonette-for-sale-in-halkidiki-id-h4-8985,Luxury Maisonette for sale in Halkidiki,sale,,476000,1369,2,,,"Nikiti Halkidikis, Halkidiki",,,https://ktimato.b-cdn.net/OLDSITE/wp-content/uploads/2024/11/H4-8985_Luxury-Maisonette-for-sale-in-Nikiti-Halkidiki-2.webp?width=1200&format=webp&quality=82,2026-09-01,,2026-09-01,json-ld datePosted; sitemap lastmod,2026-09-28T19:37:43Z,2026-09-01,
ktimatoemporiki.gr,Ktimatoemporiki,https://ktimatoemporiki.gr/property/luxury-maisonette-for-sale-in-panorama-id-th4-12579,Luxury Maisonette for Sale in Panorama,sale,,800000,290,2,,,"Panorama Thessaloniki, Thessaloniki",,,https://ktimato.b-cdn.net/OLDSITE/wp-content/uploads/2026/02/Th4-12579_Luxury-Maisonette-for-Sale-in-Panorama-17.webp?width=1200&format=webp&quality=82,2026-09-01,,2026-09-01,json-ld datePosted; sitemap lastmod,2026-09-28T19:37:43Z,2026-09-01,
ktimatoemporiki.gr,Ktimatoemporiki,https://ktimatoemporiki.gr/property/luxury-maisonette-for-sale-in-panorama-thessaloniki-id-th4-3026,Luxury Maisonette for sale in Panorama Thessaloniki,sale,,284000,142,2,,,"Panorama Thessaloniki, Thessaloniki",,,https://ktimato.b-cdn.net/OLDSITE/wp-content/uploads/2022/01/Th4-3026_Luxury-Maisonette-for-sale-in-Panorama-Thessaloniki-3.jpg?width=1200&format=webp&quality=82,2026-09-01,,2026-09-01,json-ld datePosted; sitemap lastmod,2026-09-28T19:37:43Z,2026-09-01,
ktimatoemporiki.gr,Ktimatoemporiki,https://ktimatoemporiki.gr/property/luxury-maisonette-for-sale-in-panorama-thessaloniki-id-th4-8503,Luxury Maisonette for sale in Panorama Thessaloniki,sale,,525000,290,3,,,"Panorama Thessaloniki, Thessaloniki",,,https://ktimato.b-cdn.net/OLDSITE/wp-content/uploads/2024/10/Th4-8503_Luxury-Maisonette-for-sale-in-Panorama-Thessaloniki-4.webp?width=1200&format=webp&quality=82,2026-09-01,,2026-09-01,json-ld datePosted; sitemap lastmod,2026-09-28T19:37:43Z,2026-09-01,
ktimatoemporiki.gr,Ktimatoemporiki,https://ktimatoemporiki.gr/property/luxury-maisonette-for-sale-in-thermi-id-th4-8627,Luxury Maisonette for sale in Thermi,sale,,570000,230,4,,,"Thermi Thessaloniki, Thessaloniki",,,https://ktimato.b-cdn.net/OLDSITE/wp-content/uploads/2024/11/Th4-8627_Luxury-Maisonette-for-sale-in-Thermi-2.webp?width=1200&format=webp&quality=82,2026-09-01,,2026-09-01,json-ld datePosted; sitemap lastmod,2026-09-28T19:37:43Z,2026-09-01,
ktimatoemporiki.gr,Ktimatoemporiki,https://ktimatoemporiki.gr/property/luxury-maisonette-for-sale-in-thessaloniki-id-th4-8564,Luxury Maisonette for sale in Thessaloniki,sale,,370000,119,3,,,"Evosmos Thessaloniki, Thessaloniki",,,https://ktimato.b-cdn.net/OLDSITE/wp-content/uploads/2024/10/Th4-8564_Luxury-Maisonette-for-sale-in-Thessaloniki-1.png?width=1200&format=webp&quality=82,2026-09-01,,2026-09-01,json-ld datePosted; sitemap lastmod,2026-09-28T19:37:43Z,2026-09-01,
ktimatoemporiki.gr,Ktimatoemporiki,https://ktimatoemporiki.gr/property/luxury-maisonette-for-sale-in-thessaloniki-id-th4-8572,Luxury Maisonette for sale in Thessaloniki,sale,,360000,95,3,,,"Evosmos Thessaloniki, Thessaloniki",,,https://ktimato.b-cdn.net/OLDSITE/wp-content/uploads/2024/10/Th4-8572_Luxury-Maisonette-for-sale-in-Thessaloniki-1.png?width=1200&format=webp&quality=82,2026-09-01,,2026-09-01,json-ld datePosted; sitemap lastmod,2026-09-28T19:37:43Z,2026-09-01,
ktimatoemporiki.gr,Ktimatoemporiki,https://ktimatoemporiki.gr/property/luxury-maisonette-in-evosmos-thessaloniki-for-sale-id-th4-8563,Luxury Maisonette in Evosmos Thessaloniki for sale,sale,,350000,111,3,,,"Evosmos Thessaloniki, Thessaloniki",,,https://ktimato.b-cdn.net/OLDSITE/wp-content/uploads/2024/10/Th4-8563_Luxury-Maisonette-in-Evosmos-Thessaloniki-for-sale-1.jpg?width=1200&format=webp&quality=82,2026-09-01,,2026-09-01,json-ld datePosted; sitemap lastmod,2026-09-28T19:37:43Z,2026-09-01,
ktimatoemporiki.gr,Ktimatoemporiki,https://ktimatoemporiki.gr/property/luxury-maisonette-in-thessaloniki-for-sale-id-th4-8565,Luxury Maisonette in Thessaloniki for sale,sale,,440000,128,3,,,"Evosmos Thessaloniki, Thessaloniki",,,https://ktimato.b-cdn.net/OLDSITE/wp-content/uploads/2024/10/Th4-8565_Luxury-Maisonette-in-Thessaloniki-for-sale-2.jpg?width=1200&format=webp&quality=82,2026-09-01,,2026-09-01,json-ld datePosted; sitemap lastmod,2026-09-28T19:37:43Z,2026-09-01,
ktimatoemporiki.gr,Ktimatoemporiki,https://ktimatoemporiki.gr/property/luxury-maisonette-in-thessaloniki-for-sale-id-th4-8573,Luxury Maisonette in Thessaloniki for sale,sale,,385000,102,3,,,"Evosmos Thessaloniki, Thessaloniki",,,https://ktimato.b-cdn.net/OLDSITE/wp-content/uploads/2024/10/Th4-8573_Luxury-Maisonette-in-Thessaloniki-for-sale-2.jpg?width=1200&format=webp&quality=82,2026-09-01,,2026-09-01,json-ld datePosted; sitemap lastmod,2026-09-28T19:37:43Z,2026-09-01,
ktimatoemporiki.gr,Ktimatoemporiki,https://ktimatoemporiki.gr/property/luxury-one-bedroom-maisonette-for-sale-in-thessaloniki-id-th4-8571,Luxury One Bedroom Maisonette for sale in Thessaloniki,sale,,315000,89,1,,,"Evosmos Thessaloniki, Thessaloniki",,,https://ktimato.b-cdn.net/OLDSITE/wp-content/uploads/2024/10/Th4-8571_Luxury-One-Bedroom-Maisonette-for-sale-in-Thessaloniki-1.jpg?width=1200&format=webp&quality=82,2026-09-01,,2026-09-01,json-ld datePosted; sitemap lastmod,2026-09-28T19:37:43Z,2026-09-01,
ktimatoemporiki.gr,Ktimatoemporiki,https://ktimatoemporiki.gr/property/luxury-seafront-villa-in-halkidiki-for-sale-id-hv-1069,Luxury Seafront Villa in Halkidiki for sale,sale,,1250000,140,4,,,"Halkidiki, Halkidiki",,,https://ktimato.b-cdn.net/OLDSITE/wp-content/uploads/2024/06/Hv-1069_Luxury-Seafront-Villa-in-Halkidiki-for-sale-1.png?width=1200&format=webp&quality=82,2026-09-01,,2026-09-01,json-ld datePosted; sitemap lastmod,2026-09-28T19:37:43Z,2026-09-01,
ktimatoemporiki.gr,Ktimatoemporiki,https://ktimatoemporiki.gr/property/luxury-seaview-apartment-for-sale-in-thessaloniki-id-th4-8988,Luxury Seaview apartment for sale in Thessaloniki,sale,,450000,118,3,,,"Charilaou, Thessaloniki",,,https://ktimato.b-cdn.net/OLDSITE/wp-content/uploads/2024/11/Th4-8988_Luxury-Seaview-apartment-for-sale-in-Thessaloniki-1.jpg?width=1200&format=webp&quality=82,2026-09-01,,2026-09-01,json-ld datePosted; sitemap lastmod,2026-09-28T19:37:43Z,2026-09-01,
ktimatoemporiki.gr,Ktimatoemporiki,https://ktimatoemporiki.gr/property/luxury-seaview-apartment-in-thessaloniki-for-sale-id-th4-8989,Luxury Seaview Apartment in Thessaloniki for sale,sale,,470000,118,3,,,"Charilaou, Thessaloniki",,,https://ktimato.b-cdn.net/OLDSITE/wp-content/uploads/2024/11/Th4-8989_Luxury-Seaview-Apartment-in-Thessaloniki-for-sale-4.jpg?width=1200&format=webp&quality=82,2026-09-01,,2026-09-01,json-ld datePosted; sitemap lastmod,2026-09-28T19:37:43Z,2026-09-01,
ktimatoemporiki.gr,Ktimatoemporiki,https://ktimatoemporiki.gr/property/luxury-seaview-penthouse-for-sale-in-thessaloniki-id-th4-8990,Luxury Seaview Penthouse for sale in Thessaloniki,sale,,1000000,334,3,,,"Charilaou, Thessaloniki",,,https://ktimato.b-cdn.net/OLDSITE/wp-content/uploads/2024/11/Th4-8990_Luxury-Seaview-Penthouse-for-sale-in-Thessaloniki-5.jpg?width=1200&format=webp&quality=82,2026-09-01,,2026-09-01,json-ld datePosted; sitemap lastmod,2026-09-28T19:37:43Z,2026-09-01,
ktimatoemporiki.gr,Ktimatoemporiki,https://ktimatoemporiki.gr/property/luxury-seaview-penthouse-in-thessaloniki-for-sale-id-th4-8992,Luxury Penthouse for Sale in Thessaloniki with Private Roof Garden & Pool,sale,,1000000,329,3,,,"Charilaou, Thessaloniki",,,https://ktimato.b-cdn.net/OLDSITE/wp-content/uploads/2024/11/Th4-8992_Luxury-Seaview-Penthouse-in-Thessaloniki-for-sale-5.jpg?width=1200&format=webp&quality=82,2026-09-01,,2026-09-01,json-ld datePosted; sitemap lastmod,2026-09-28T19:37:43Z,2026-09-01,
ktimatoemporiki.gr,Ktimatoemporiki,https://ktimatoemporiki.gr/property/luxury-seaview-villa-for-sale-in-halkidiki-id-hv-1191,Luxury Seaview Villa for sale in Halkidiki,sale,,850000,175,4,,,"Kassandra, Halkidiki",,,https://ktimato.b-cdn.net/OLDSITE/wp-content/uploads/2024/11/HV-1191_Luxury-Seaview-Villa-for-sale-in-Halkidiki-2.jpg?width=1200&format=webp&quality=82,2026-09-01,,2026-09-01,json-ld datePosted; sitemap lastmod,2026-09-28T19:37:43Z,2026-09-01,
ktimatoemporiki.gr,Ktimatoemporiki,https://ktimatoemporiki.gr/property/luxury-seaview-villa-for-sale-in-halkidiki-id-hv-1213,Luxury Seaview Villa for sale in Halkidiki,sale,,790000,288,4,,,"Kassandra, Halkidiki",,,https://ktimato.b-cdn.net/OLDSITE/wp-content/uploads/2024/11/Hv-1213_Luxury-Seaview-Villa-for-sale-in-Halkidik-1.webp?width=1200&format=webp&quality=82,2026-09-01,,2026-09-01,json-ld datePosted; sitemap lastmod,2026-09-28T19:37:43Z,2026-09-01,
ktimatoemporiki.gr,Ktimatoemporiki,https://ktimatoemporiki.gr/property/luxury-seaview-villa-in-halkidiki-for-sale-id-hv-1192,Luxury Seaview Villa in Halkidiki for sale,sale,,825000,175,4,,,"Kassandra, Halkidiki",,,https://ktimato.b-cdn.net/OLDSITE/wp-content/uploads/2024/11/HV-1192_Luxury-Seaview-Villa-in-Halkidiki-for-sale-2.jpg?width=1200&format=webp&quality=82,2026-09-01,,2026-09-01,json-ld datePosted; sitemap lastmod,2026-09-28T19:37:43Z,2026-09-01,
ktimatoemporiki.gr,Ktimatoemporiki,https://ktimatoemporiki.gr/property/luxury-three-bedroom-maisonette-for-sale-in-thessaloniki-id-th4-8567,Luxury Three Bedroom Maisonette for sale in Thessaloniki,sale,,370000,112,3,,,"Evosmos Thessaloniki, Thessaloniki",,,https://ktimato.b-cdn.net/OLDSITE/wp-content/uploads/2024/10/Th4-8567_Luxury-Three-Bedroom-Maisonette-for-sale-in-Thessaloniki-1.jpg?width=1200&format=webp&quality=82,2026-09-01,,2026-09-01,json-ld datePosted; sitemap lastmod,2026-09-28T19:37:43Z,2026-09-01,
ktimatoemporiki.gr,Ktimatoemporiki,https://ktimatoemporiki.gr/property/luxury-three-berdoom-maisonette-in-thessaloniki-for-sale-id-th4-8569,Luxury Three Berdoom Maisonette in Thessaloniki for sale,sale,,395000,119,3,,,"Evosmos Thessaloniki, Thessaloniki",,,https://ktimato.b-cdn.net/OLDSITE/wp-content/uploads/2024/10/Th4-8569_Luxury-Three-Berdoom-Maisonette-in-Thessaloniki-for-sale-2.jpg?width=1200&format=webp&quality=82,2026-09-01,,2026-09-01,json-ld datePosted; sitemap lastmod,2026-09-28T19:37:43Z,2026-09-01,
ktimatoemporiki.gr,Ktimatoemporiki,https://ktimatoemporiki.gr/property/luxury-two-bedroom-maisonette-for-sale-in-thessaloniki-id-th4-8568,Luxury Two Bedroom Maisonette for sale in Thessaloniki,sale,,350000,97,2,,,"Evosmos Thessaloniki, Thessaloniki",,,https://ktimato.b-cdn.net/OLDSITE/wp-content/uploads/2024/10/Th4-8568_Luxury-Two-Bedroom-Maisonette-for-sale-in-Thessaloniki-1.png?width=1200&format=webp&quality=82,2026-09-01,,2026-09-01,json-ld datePosted; sitemap lastmod,2026-09-28T19:37:43Z,2026-09-01,
ktimatoemporiki.gr,Ktimatoemporiki,https://ktimatoemporiki.gr/property/luxury-villa-for-sale-in-nea-michaniona-thessaloniki-id-thv-1580,Luxury Villa for Sale in Nea Michaniona Thessaloniki,sale,,1450000,515,6,,,"Nea Michaniona Thessaloniki, Thessaloniki",,,https://ktimato.b-cdn.net/OLDSITE/wp-content/uploads/2026/02/Thv-1580_Luxury-Villa-for-Sale-in-Nea-Michaniona-Thessaloniki-3.webp?width=1200&format=webp&quality=82,2026-09-01,,2026-09-01,json-ld datePosted; sitemap lastmod,2026-09-28T19:37:43Z,2026-09-01,
ktimatoemporiki.gr,Ktimatoemporiki,https://ktimatoemporiki.gr/property/luxury-villa-for-sale-in-panorama-thessaloniki-id-thv-613,Luxury Villa for sale in Panorama Thessaloniki,sale,,1450000,800,3,,,"Panorama Thessaloniki, Thessaloniki",,,https://ktimato.b-cdn.net/OLDSITE/wp-content/uploads/2021/12/Thv-613_Luxury-Villa-for-sale-in-Panorama-Thessaloniki-1.png?width=1200&format=webp&quality=82,2026-09-01,,2026-09-01,json-ld datePosted; sitemap lastmod,2026-09-28T19:37:43Z,2026-09-01,
ktimatoemporiki.gr,Ktimatoemporiki,https://ktimatoemporiki.gr/property/luxury-villa-for-sale-in-peraia-thessaloniki-id-thv-1582,Luxury villa for Sale in Peraia Thessaloniki,sale,,1400000,450,5,,,"Peraia Thessaloniki, Thessaloniki",,,https://ktimato.b-cdn.net/OLDSITE/wp-content/uploads/2026/02/Thv-1582_Luxury-villa-for-Sale-in-Peraia-Thessaloniki-22_780x1040.webp?width=1200&format=webp&quality=82,2026-09-01,,2026-09-01,json-ld datePosted; sitemap lastmod,2026-09-28T19:37:43Z,2026-09-01,
ktimatoemporiki.gr,Ktimatoemporiki,https://ktimatoemporiki.gr/property/luxury-villa-for-sale-in-thessaloniki-id-thv-1158,Luxury Villa for sale in Thessaloniki,sale,,1200000,280,3,,,"Pylaia - Chortiatis, Thessaloniki",,,https://ktimato.b-cdn.net/OLDSITE/wp-content/uploads/2024/10/Thv-1158_Luxury-Villa-for-sale-in-Thessaloniki-1.webp?width=1200&format=webp&quality=82,2026-09-01,,2026-09-01,json-ld datePosted; sitemap lastmod,2026-09-28T19:37:43Z,2026-09-01,
ktimatoemporiki.gr,Ktimatoemporiki,https://ktimatoemporiki.gr/property/luxury-villa-for-sale-in-thessaloniki-id-thv-1165,Luxury Villa for sale in Thessaloniki,sale,,2800000,600,10,,,"Thermi Thessaloniki, Thessaloniki",,,https://ktimato.b-cdn.net/OLDSITE/wp-content/uploads/2024/10/Thv-1165_Luxury-Villa-for-sale-in-Thessaloniki-1.webp?width=1200&format=webp&quality=82,2026-09-01,,2026-09-01,json-ld datePosted; sitemap lastmod,2026-09-28T19:37:43Z,2026-09-01,
ktimatoemporiki.gr,Ktimatoemporiki,https://ktimatoemporiki.gr/property/luxury-villa-in-halkidiki-for-sale-id-hv-1233,Luxury Villa in Halkidiki for sale,sale,,1800000,250,3,,,"Kassandra, Halkidiki",,,https://ktimato.b-cdn.net/OLDSITE/wp-content/uploads/2024/12/Hv-1233_Luxury-Villa-in-Halkidiki-for-sale-6.webp?width=1200&format=webp&quality=82,2026-09-01,,2026-09-01,json-ld datePosted; sitemap lastmod,2026-09-28T19:37:43Z,2026-09-01,
ktimatoemporiki.gr,Ktimatoemporiki,https://ktimatoemporiki.gr/property/luxury-villa-in-halkidiki-for-sale-id-hv-998,Luxury villa in Halkidiki for sale,sale,,900000,350,5,,,"Halkidiki, Halkidiki",,,https://ktimato.b-cdn.net/OLDSITE/wp-content/uploads/2024/03/Hv-998_Ktimatoemporiki-Luxury-villa-in-Halkidiki-for-sale-2.jpg?width=1200&format=webp&quality=82,2026-09-01,,2026-09-01,json-ld datePosted; sitemap lastmod,2026-09-28T19:37:43Z,2026-09-01,
ktimatoemporiki.gr,Ktimatoemporiki,https://ktimatoemporiki.gr/property/luxury-villa-in-pilea-thessaloniki-id-thv-1583,Luxury Villa in Pilea Thessaloniki,sale,,1350000,350,4,,,"Pilea Thessaloniki, Thessaloniki",,,https://ktimato.b-cdn.net/OLDSITE/wp-content/uploads/2026/02/Thv-1583_Luxury-Villa-in-Pilea-Thessaloniki-12.webp?width=1200&format=webp&quality=82,2026-09-01,,2026-09-01,json-ld datePosted; sitemap lastmod,2026-09-28T19:37:43Z,2026-09-01,
ktimatoemporiki.gr,Ktimatoemporiki,https://ktimatoemporiki.gr/property/luxury-villa-in-thessaloniki-for-sale-id-thv-1584,Luxury Villa in Thessaloniki for sale,sale,,850000,350,5,,,"Trilofos Thessaloniki, Thessaloniki",,,https://ktimato.b-cdn.net/OLDSITE/wp-content/uploads/2026/02/Thv-1584_Luxury-Villa-in-Thessaloniki-for-sale-9.webp?width=1200&format=webp&quality=82,2026-09-01,,2026-09-01,json-ld datePosted; sitemap lastmod,2026-09-28T19:37:43Z,2026-09-01,
ktimatoemporiki.gr,Ktimatoemporiki,https://ktimatoemporiki.gr/property/luxury-villas-thessaloniki-greece-id-grmacnp-107,Luxury Villas Thessaloniki Greece,sale,,3000000,700,3,,,"Thessaloniki, Thessaloniki",,,https://ktimato.b-cdn.net/OLDSITE/wp-content/uploads/2020/01/GrMaCNP-107_ktimatoemporiki_house_thessaloniki-26.jpg?width=1200&format=webp&quality=82,2026-09-01,,2026-09-01,json-ld datePosted; sitemap lastmod,2026-09-28T19:37:43Z,2026-09-01,
ktimatoemporiki.gr,Ktimatoemporiki,https://ktimatoemporiki.gr/property/maisonette-for-rent-in-panorama-thessaloniki-id-th01-1251,Maisonette for Rent in Panorama Thessaloniki,rent,,2000,241,4,,,"Panorama Thessaloniki, Thessaloniki",,,https://ktimato.b-cdn.net/OLDSITE/wp-content/uploads/2024/11/Th01-1251_Maisonette-for-Rent-in-Panorama-Thessaloniki-1.webp?width=1200&format=webp&quality=82,2026-09-01,,2026-09-01,json-ld datePosted; sitemap lastmod,2026-09-28T19:37:43Z,2026-09-01,
ktimatoemporiki.gr,Ktimatoemporiki,https://ktimatoemporiki.gr/property/maisonette-for-rent-pylaia-thessaloniki-id-th01-1255,Maisonette for rent Pylaia Thessaloniki,rent,,1500,160,3,,,"Pylaia - Chortiatis, Thessaloniki",,,https://ktimato.b-cdn.net/OLDSITE/wp-content/uploads/2024/11/Th01-1255_Maisonette-for-rent-Pylaia-Thessaloniki-7.webp?width=1200&format=webp&quality=82,2026-09-01,,2026-09-01,json-ld datePosted; sitemap lastmod,2026-09-28T19:37:43Z,2026-09-01,
ktimatoemporiki.gr,Ktimatoemporiki,https://ktimatoemporiki.gr/property/maisonette-for-sale-in-evosmos-thessaloniki-id-th4-13524,"Maisonette for Sale in Evosmos, Thessaloniki",sale,,411000,129,3,,,"Evosmos Thessaloniki, Thessaloniki",,,https://ktimato.b-cdn.net/OLDSITE/wp-content/uploads/2026/09/Th4-13524_Maisonette-for-Sale-in-Evosmos-Thessaloniki.webp?width=1200&format=webp&quality=82,2026-09-24,,2026-09-24,json-ld datePosted; sitemap lastmod,2026-09-28T19:37:18Z,2026-09-24,
ktimatoemporiki.gr,Ktimatoemporiki,https://ktimatoemporiki.gr/property/maisonette-for-sale-in-halkidiki-id-h4-8884,Maisonette for sale in Halkidiki,sale,,273000,79,2,,,"Nikiti Halkidikis, Halkidiki",,,https://ktimato.b-cdn.net/OLDSITE/wp-content/uploads/2024/11/H4-8884_Maisonette-for-sale-in-Halkidiki-5.jpg?width=1200&format=webp&quality=82,2026-09-01,,2026-09-01,json-ld datePosted; sitemap lastmod,2026-09-28T19:37:43Z,2026-09-01,
ktimatoemporiki.gr,Ktimatoemporiki,https://ktimatoemporiki.gr/property/maisonette-for-sale-in-kalamaria-thessaloniki-id-th4-8636,Maisonette for sale in Kalamaria Thessaloniki,sale,,550000,170,4,,,"Kalamaria, Thessaloniki",,,https://ktimato.b-cdn.net/OLDSITE/wp-content/uploads/2024/11/Th4-8636_Maisonette-for-sale-in-Kalamaria-Thessaloniki-1.webp?width=1200&format=webp&quality=82,2026-09-01,,2026-09-01,json-ld datePosted; sitemap lastmod,2026-09-28T19:37:43Z,2026-09-01,
ktimatoemporiki.gr,Ktimatoemporiki,https://ktimatoemporiki.gr/property/maisonette-for-sale-in-konstantinopolitika-thessaloniki-id-th4-2826,Maisonette for sale in Konstantinopolitika Thessaloniki,sale,,440000,115,3,,,"Ano Toumpa, Thessaloniki",,,https://ktimato.b-cdn.net/OLDSITE/wp-content/uploads/2021/11/Th4-2826_Maisonette-for-sale-in-Konstantinopolitika-Thessaloniki-1.jpg?width=1200&format=webp&quality=82,2026-09-01,,2026-09-01,json-ld datePosted; sitemap lastmod,2026-09-28T19:37:43Z,2026-09-01,
ktimatoemporiki.gr,Ktimatoemporiki,https://ktimatoemporiki.gr/property/maisonette-for-sale-in-oreokastro-thessaloniki-id-th4-3193,Maisonette for sale in Oreokastro Thessaloniki,sale,,195000,135,3,,,"Oreokastro-Migdonia, Thessaloniki",,,https://ktimato.b-cdn.net/OLDSITE/wp-content/uploads/2022/02/Th-3193_Maisonette-for-sale-in-Oreokastro-Thessaloniki-1.jpg?width=1200&format=webp&quality=82,2026-09-01,,2026-09-01,json-ld datePosted; sitemap lastmod,2026-09-28T19:37:43Z,2026-09-01,
ktimatoemporiki.gr,Ktimatoemporiki,https://ktimatoemporiki.gr/property/maisonette-for-sale-in-panorama-thessaloniki-id-th4-12576,Maisonette for Sale in Panorama Thessaloniki,sale,,459000,185,4,,,"Panorama Thessaloniki, Thessaloniki",,,https://ktimato.b-cdn.net/OLDSITE/wp-content/uploads/2026/02/Th4-12576_Maisonette-for-Sale-in-Panorama-Thessaloniki-1.webp?width=1200&format=webp&quality=82,2026-09-01,,2026-09-01,json-ld datePosted; sitemap lastmod,2026-09-28T19:37:43Z,2026-09-01,
ktimatoemporiki.gr,Ktimatoemporiki,https://ktimatoemporiki.gr/property/maisonette-for-sale-in-panorama-thessaloniki-id-th4-12639,Maisonette for sale in Panorama Thessaloniki,sale,,350000,106,3,,,"Panorama Thessaloniki, Thessaloniki",,,https://ktimato.b-cdn.net/OLDSITE/wp-content/uploads/2026/03/Th4-12639_Maisonette-for-sale-in-Panorama-Thessaloniki-16.webp?width=1200&format=webp&quality=82,2026-09-01,,2026-09-01,json-ld datePosted; sitemap lastmod,2026-09-28T19:37:43Z,2026-09-01,
ktimatoemporiki.gr,Ktimatoemporiki,https://ktimatoemporiki.gr/property/maisonette-for-sale-in-panorama-thessaloniki-id-th4-9275,Maisonette for sale in Panorama Thessaloniki,sale,,590000,250,5,,,"Panorama Thessaloniki, Thessaloniki",,,https://ktimato.b-cdn.net/OLDSITE/wp-content/uploads/2024/12/Th4-9275_Maisonette-for-sale-in-Panorama-Thessaloniki-2.webp?width=1200&format=webp&quality=82,2026-09-01,,2026-09-01,json-ld datePosted; sitemap lastmod,2026-09-28T19:37:43Z,2026-09-01,
ktimatoemporiki.gr,Ktimatoemporiki,https://ktimatoemporiki.gr/property/maisonette-for-sale-in-pefka-thessalonikis-id-th4-2956,Maisonette for sale in Pefka Thessalonikis,sale,,625000,225,3,,,"Pefka Thessalonikis, Thessaloniki",,,https://ktimato.b-cdn.net/OLDSITE/wp-content/uploads/2021/12/Th4-2956_Maisonette-for-sale-in-Pefka-Thessalonikis-28.jpg?width=1200&format=webp&quality=82,2026-09-01,,2026-09-01,json-ld datePosted; sitemap lastmod,2026-09-28T19:37:43Z,2026-09-01,
ktimatoemporiki.gr,Ktimatoemporiki,https://ktimatoemporiki.gr/property/maisonette-for-sale-in-thermi-id-th4-8632,Maisonette for sale in Thermi,sale,,470000,212,4,,,"Thermi Thessaloniki, Thessaloniki",,,https://ktimato.b-cdn.net/OLDSITE/wp-content/uploads/2024/11/Th4-8632_Maisonette-for-sale-in-Thermi-22.webp?width=1200&format=webp&quality=82,2026-09-01,,2026-09-01,json-ld datePosted; sitemap lastmod,2026-09-28T19:37:43Z,2026-09-01,
ktimatoemporiki.gr,Ktimatoemporiki,https://ktimatoemporiki.gr/property/maisonette-for-sale-in-thessaloniki-exochi-id-th4-3174,Maisonette for sale in Thessaloniki Exochi,sale,,225000,135,3,,,"Pylaia - Chortiatis, Thessaloniki",,,https://ktimato.b-cdn.net/OLDSITE/wp-content/uploads/2022/02/Th4-3174_Maisonette-for-sale-in-Thessaloniki-Exochi-20.jpg?width=1200&format=webp&quality=82,2026-09-01,,2026-09-01,json-ld datePosted; sitemap lastmod,2026-09-28T19:37:43Z,2026-09-01,
ktimatoemporiki.gr,Ktimatoemporiki,https://ktimatoemporiki.gr/property/maisonette-for-sale-in-thessaloniki-id-th4-3874,Maisonette for sale in Thessaloniki,sale,,235000,,3,,,"Pefka Thessalonikis, Thessaloniki",,,https://ktimato.b-cdn.net/OLDSITE/wp-content/uploads/2022/06/Th4-3874_Maisonette-for-sale-in-Thessaloniki-8.jpeg?width=1200&format=webp&quality=82,2026-09-01,,2026-09-01,json-ld datePosted; sitemap lastmod,2026-09-28T19:37:43Z,2026-09-01,
ktimatoemporiki.gr,Ktimatoemporiki,https://ktimatoemporiki.gr/property/maisonette-for-sale-in-thessaloniki-id-th4-8488,Maisonette for sale in Thessaloniki,sale,,380000,197,3,,,"Thermi Thessaloniki, Thessaloniki",,,https://ktimato.b-cdn.net/OLDSITE/wp-content/uploads/2024/10/Th4-8488_Maisonette-for-sale-in-Thessaloniki-1.jpg?width=1200&format=webp&quality=82,2026-09-01,,2026-09-01,json-ld datePosted; sitemap lastmod,2026-09-28T19:37:43Z,2026-09-01,
ktimatoemporiki.gr,Ktimatoemporiki,https://ktimatoemporiki.gr/property/maisonette-for-sale-in-thessaloniki-id-th4-8594,Maisonette for sale in Thessaloniki,sale,,1250000,507,6,,,"Agios Pavlos Thessaloniki, Thessaloniki",,,https://ktimato.b-cdn.net/OLDSITE/wp-content/uploads/2024/10/Th4-8594_Maisonette-for-sale-in-Thessaloniki-2.jpg?width=1200&format=webp&quality=82,2026-09-01,,2026-09-01,json-ld datePosted; sitemap lastmod,2026-09-28T19:37:43Z,2026-09-01,
ktimatoemporiki.gr,Ktimatoemporiki,https://ktimatoemporiki.gr/property/maisonette-for-sale-in-thessaloniki-id-th4-8950,Maisonette for sale in Thessaloniki,sale,,2800000,128,1,,,"Analipsi - Mpotsari - Nea Paralia, Thessaloniki",,,https://ktimato.b-cdn.net/OLDSITE/wp-content/uploads/2024/11/Th4-8950_Maisonette-for-sale-in-Thessaloniki-11.jpg?width=1200&format=webp&quality=82,2026-09-01,,2026-09-01,json-ld datePosted; sitemap lastmod,2026-09-28T19:37:43Z,2026-09-01,
ktimatoemporiki.gr,Ktimatoemporiki,https://ktimatoemporiki.gr/property/maisonette-for-sale-in-thessaloniki-id-th4-9278,Maisonette for sale in Thessaloniki,sale,,329000,153,3,,,"Polichni, Thessaloniki",,,https://ktimato.b-cdn.net/OLDSITE/wp-content/uploads/2024/12/Th4-9278_Maisonette-for-sale-in-Thessaloniki-7.webp?width=1200&format=webp&quality=82,2026-09-01,,2026-09-01,json-ld datePosted; sitemap lastmod,2026-09-28T19:37:43Z,2026-09-01,
ktimatoemporiki.gr,Ktimatoemporiki,https://ktimatoemporiki.gr/property/maisonette-for-sale-in-thessaloniki-id-th4-9305,Maisonette for sale in Thessaloniki,sale,,255000,144,3,,,"Pylaia - Chortiatis, Thessaloniki",,,https://ktimato.b-cdn.net/OLDSITE/wp-content/uploads/2024/12/Th4-9305_Maisonette-for-sale-in-Thessaloniki-1.webp?width=1200&format=webp&quality=82,2026-09-01,,2026-09-01,json-ld datePosted; sitemap lastmod,2026-09-28T19:37:43Z,2026-09-01,
ktimatoemporiki.gr,Ktimatoemporiki,https://ktimatoemporiki.gr/property/maisonette-for-sale-in-thessaloniki-id-th4-9520,Maisonette for sale in Thessaloniki,sale,,260000,148,3,,,"Sikies, Thessaloniki",,,https://ktimato.b-cdn.net/OLDSITE/wp-content/uploads/2025/02/Th4-9520_Maisonette-for-sale-in-Thessaloniki-23.webp?width=1200&format=webp&quality=82,2026-09-01,,2026-09-01,json-ld datePosted; sitemap lastmod,2026-09-28T19:37:43Z,2026-09-01,
ktimatoemporiki.gr,Ktimatoemporiki,https://ktimatoemporiki.gr/property/maisonette-for-sale-in-thessaloniki-kalamaria-id-th4-2128,Maisonette for sale in Thessaloniki Kalamaria,sale,,420000,197,3,,,"Thermi Thessaloniki, Thessaloniki",,,https://ktimato.b-cdn.net/OLDSITE/wp-content/uploads/2022/02/Th4-2128_Maisonette-for-sale-in-Thessaloniki-Kalamaria-1.jpg?width=1200&format=webp&quality=82,2026-09-01,,2026-09-01,json-ld datePosted; sitemap lastmod,2026-09-28T19:37:43Z,2026-09-01,
ktimatoemporiki.gr,Ktimatoemporiki,https://ktimatoemporiki.gr/property/maisonette-for-sale-in-toumpa-thessaloniki-id-th4-8949,Maisonette for sale in Toumpa Thessaloniki,sale,,286800,134,3,,,"Kato Toumpa, Thessaloniki",,,https://ktimato.b-cdn.net/OLDSITE/wp-content/uploads/2024/11/Th4-8949_Maisonette-for-sale-in-Toumpa-Thessaloniki-2.webp?width=1200&format=webp&quality=82,2026-09-01,,2026-09-01,json-ld datePosted; sitemap lastmod,2026-09-28T19:37:43Z,2026-09-01,
ktimatoemporiki.gr,Ktimatoemporiki,https://ktimatoemporiki.gr/property/maisonette-in-exochi-thessaloniki-for-sale-id-th4-3183,Maisonette in Exochi Thessaloniki for sale,sale,,265000,150,3,,,"Pylaia - Chortiatis, Thessaloniki",,,https://ktimato.b-cdn.net/OLDSITE/wp-content/uploads/2022/02/Th4-3183-Maisonette-in-Exochi-Thessaloniki-for-sale-21.jpg?width=1200&format=webp&quality=82,2026-09-01,,2026-09-01,json-ld datePosted; sitemap lastmod,2026-09-28T19:37:43Z,2026-09-01,
ktimatoemporiki.gr,Ktimatoemporiki,https://ktimatoemporiki.gr/property/maisonette-in-halkidiki-for-sale-id-h4-8877,Maisonette in Halkidiki for sale,sale,,267000,79,2,,,"Nikiti Halkidikis, Halkidiki",,,https://ktimato.b-cdn.net/OLDSITE/wp-content/uploads/2024/11/H4-8877_Maisonette-in-Halkidiki-for-sale-3.jpg?width=1200&format=webp&quality=82,2026-09-01,,2026-09-01,json-ld datePosted; sitemap lastmod,2026-09-28T19:37:43Z,2026-09-01,
ktimatoemporiki.gr,Ktimatoemporiki,https://ktimatoemporiki.gr/property/maisonette-in-panorama-thessaloniki-for-sale-id-th4-8504,Maisonette in Panorama Thessaloniki for sale,sale,,659000,250,4,,,"Panorama Thessaloniki, Thessaloniki",,,https://ktimato.b-cdn.net/OLDSITE/wp-content/uploads/2024/10/Th4-8504_Maisonette-in-Panorama-Thessaloniki-for-sale-18.webp?width=1200&format=webp&quality=82,2026-09-01,,2026-09-01,json-ld datePosted; sitemap lastmod,2026-09-28T19:37:43Z,2026-09-01,
ktimatoemporiki.gr,Ktimatoemporiki,https://ktimatoemporiki.gr/property/maisonette-in-panorama-thessaloniki-for-sale-id-th4-8597,Maisonette in Panorama Thessaloniki for sale,sale,,800000,278,5,,,"Panorama Thessaloniki, Thessaloniki",,,https://ktimato.b-cdn.net/OLDSITE/wp-content/uploads/2024/10/Th4-8597_Maisonette-in-Panorama-Thessaloniki-for-sale-9.webp?width=1200&format=webp&quality=82,2026-09-01,,2026-09-01,json-ld datePosted; sitemap lastmod,2026-09-28T19:37:43Z,2026-09-01,
ktimatoemporiki.gr,Ktimatoemporiki,https://ktimatoemporiki.gr/property/maisonette-in-panorama-thessaloniki-for-sale-id-th4-9276,Maisonette in Panorama Thessaloniki for sale,sale,,570000,250,5,,,"Panorama Thessaloniki, Thessaloniki",,,https://ktimato.b-cdn.net/OLDSITE/wp-content/uploads/2024/12/Th4-9276_Maisonette-in-Panorama-Thessaloniki-for-sale-4.jpg?width=1200&format=webp&quality=82,2026-09-01,,2026-09-01,json-ld datePosted; sitemap lastmod,2026-09-28T19:37:43Z,2026-09-01,
ktimatoemporiki.gr,Ktimatoemporiki,https://ktimatoemporiki.gr/property/maisonette-in-thermi-for-sale-id-th4-8631,Maisonette in Thermi for sale,sale,,450000,170,4,,,"Thermi Thessaloniki, Thessaloniki",,,https://ktimato.b-cdn.net/OLDSITE/wp-content/uploads/2024/11/Th4-8631_Maisonette-in-Thermi-for-sale-6.webp?width=1200&format=webp&quality=82,2026-09-01,,2026-09-01,json-ld datePosted; sitemap lastmod,2026-09-28T19:37:43Z,2026-09-01,
ktimatoemporiki.gr,Ktimatoemporiki,https://ktimatoemporiki.gr/property/maisonette-in-thessaliniki-for-sale-id-th4-9555,Maisonette in Thessaloniki for sale,sale,,180000,124,2,,,"Efkarpia Thessaloniki, Thessaloniki",,,https://ktimato.b-cdn.net/OLDSITE/wp-content/uploads/2025/02/Th4-9555_Maisonette-in-Thessaliniki-for-sale-22.jpg?width=1200&format=webp&quality=82,2026-09-01,,2026-09-01,json-ld datePosted; sitemap lastmod,2026-09-28T19:37:43Z,2026-09-01,
ktimatoemporiki.gr,Ktimatoemporiki,https://ktimatoemporiki.gr/property/maisonette-in-thessaloniki-for-sale-id-th4-8532,Maisonette in Thessaloniki for sale,sale,,600000,220,4,,,"Voulgari - Ntepo - Martiou, Thessaloniki",,,https://ktimato.b-cdn.net/OLDSITE/wp-content/uploads/2024/10/Th4-8532_Maisonette-in-Thessaloniki-for-sale-9.webp?width=1200&format=webp&quality=82,2026-09-01,,2026-09-01,json-ld datePosted; sitemap lastmod,2026-09-28T19:37:43Z,2026-09-01,
ktimatoemporiki.gr,Ktimatoemporiki,https://ktimatoemporiki.gr/property/maisonette-in-thessaloniki-for-sale-id-th4-8629,Maisonette in Thessaloniki for sale,sale,,550000,200,4,,,"Agios Pavlos Thessaloniki, Thessaloniki",,,https://ktimato.b-cdn.net/OLDSITE/wp-content/uploads/2024/11/Th4-8629_Maisonette-in-Thessaloniki-for-sale.webp?width=1200&format=webp&quality=82,2026-09-01,,2026-09-01,json-ld datePosted; sitemap lastmod,2026-09-28T19:37:43Z,2026-09-01,
ktimatoemporiki.gr,Ktimatoemporiki,https://ktimatoemporiki.gr/property/maisonette-in-thessaloniki-for-sale-id-th4-9280,Maisonette in Thessaloniki for sale,sale,,337000,142,3,,,"Polichni, Thessaloniki",,,https://ktimato.b-cdn.net/OLDSITE/wp-content/uploads/2024/12/Th4-9280_Maisonette-in-Thessaloniki-for-sale-7.webp?width=1200&format=webp&quality=82,2026-09-01,,2026-09-01,json-ld datePosted; sitemap lastmod,2026-09-28T19:37:43Z,2026-09-01,
ktimatoemporiki.gr,Ktimatoemporiki,https://ktimatoemporiki.gr/property/maisonette-in-thessaloniki-for-sale-id-th4-9659,Maisonette in Thessaloniki for sale,sale,,130000,82,2,,,"Neapoli Thessaloniki, Thessaloniki",,,https://ktimato.b-cdn.net/OLDSITE/wp-content/uploads/2025/02/Th4-9659_Maisonette-in-Thessaloniki-for-sale-3.webp?width=1200&format=webp&quality=82,2026-09-01,,2026-09-01,json-ld datePosted; sitemap lastmod,2026-09-28T19:37:43Z,2026-09-01,
ktimatoemporiki.gr,Ktimatoemporiki,https://ktimatoemporiki.gr/property/maisonette-in-thessaloniki-for-sale-in-kalamaria-id-th4-2130,Maisonette in Thessaloniki for sale in Kalamaria,sale,,380000,188,3,,,"Thermi Thessaloniki, Thessaloniki",,,https://ktimato.b-cdn.net/OLDSITE/wp-content/uploads/2022/02/Th4-2130_Maisonette-in-Thessaloniki-for-sale-in-Kalamaria-3.jpg?width=1200&format=webp&quality=82,2026-09-01,,2026-09-01,json-ld datePosted; sitemap lastmod,2026-09-28T19:37:43Z,2026-09-01,
ktimatoemporiki.gr,Ktimatoemporiki,https://ktimatoemporiki.gr/property/neoclassical-building-for-sale-in-thessaloniki-id-thb-1461,Neoclassical Building for sale in Thessaloniki,sale,,1000000,640,15,,,"Voulgari - Ntepo - Martiou, Thessaloniki",,,https://ktimato.b-cdn.net/OLDSITE/wp-content/uploads/2024/10/ThB-1461_Neoclassical-Building-for-sale-in-Thessaloniki.png?width=1200&format=webp&quality=82,2026-09-01,,2026-09-01,json-ld datePosted; sitemap lastmod,2026-09-28T19:37:43Z,2026-09-01,
ktimatoemporiki.gr,Ktimatoemporiki,https://ktimatoemporiki.gr/property/neoclassical-building-for-sale-in-thessaloniki-id-thb-1472,Neoclassical Building for sale in Thessaloniki,sale,,900000,925,,,,"Center Thessaloniki, Thessaloniki",,,https://ktimato.b-cdn.net/OLDSITE/wp-content/uploads/2024/11/ThB-1472_Neoclassical-Building-for-sale-in-Thessaloniki.jpg?width=1200&format=webp&quality=82,2026-09-01,,2026-09-01,json-ld datePosted; sitemap lastmod,2026-09-28T19:37:43Z,2026-09-01,
ktimatoemporiki.gr,Ktimatoemporiki,https://ktimatoemporiki.gr/property/off-plan-prefabricated-bungalows-for-sale-in-thessaloniki-id-th4-8872,Off-plan Prefabricated Bungalows for sale in Thessaloniki,sale,,48000,40,1,,,"Thessaloniki, Thessaloniki",,,https://ktimato.b-cdn.net/OLDSITE/wp-content/uploads/2024/11/Th4-8872_Off-plan-Prefabricated-Bungalows-for-sale-in-Thessaloniki-4.jpg?width=1200&format=webp&quality=82,2026-09-01,,2026-09-01,json-ld datePosted; sitemap lastmod,2026-09-28T19:37:43Z,2026-09-01,
ktimatoemporiki.gr,Ktimatoemporiki,https://ktimatoemporiki.gr/property/off-plan-prefabricated-house-for-sale-in-thessaloniki-id-th4-8865,Off-plan Prefabricated House for sale in Thessaloniki,sale,,98000,60,2,,,"Thessaloniki, Thessaloniki",,,https://ktimato.b-cdn.net/OLDSITE/wp-content/uploads/2024/11/Th4-8865_Off-plan-Prefabricated-House-for-sale-in-Thessaloniki-1.jpg?width=1200&format=webp&quality=82,2026-09-01,,2026-09-01,json-ld datePosted; sitemap lastmod,2026-09-28T19:37:43Z,2026-09-01,
ktimatoemporiki.gr,Ktimatoemporiki,https://ktimatoemporiki.gr/property/off-plan-prefabricated-house-for-sale-in-thessaloniki-id-th4-8871,Off-plan Prefabricated House for sale in Thessaloniki,sale,,100000,63,2,,,"Thessaloniki, Thessaloniki",,,https://ktimato.b-cdn.net/OLDSITE/wp-content/uploads/2024/11/Th4-8871_Off-plan-Prefabricated-House-for-sale-in-Thessaloniki-2.jpg?width=1200&format=webp&quality=82,2026-09-01,,2026-09-01,json-ld datePosted; sitemap lastmod,2026-09-28T19:37:43Z,2026-09-01,
ktimatoemporiki.gr,Ktimatoemporiki,https://ktimatoemporiki.gr/property/off-plan-prefabricated-house-in-thessaloniki-for-sale-id-th4-8866,Off-plan Prefabricated House in Thessaloniki for sale,sale,,103500,73,3,,,"Thessaloniki, Thessaloniki",,,https://ktimato.b-cdn.net/OLDSITE/wp-content/uploads/2024/11/Th4-8866_Off-plan-Prefabricated-House-in-Thessaloniki-for-sale-2.jpg?width=1200&format=webp&quality=82,2026-09-01,,2026-09-01,json-ld datePosted; sitemap lastmod,2026-09-28T19:37:43Z,2026-09-01,
ktimatoemporiki.gr,Ktimatoemporiki,https://ktimatoemporiki.gr/property/off-plan-prefabricated-villa-for-sale-in-thessaloniki-id-thv-1203,Off-plan Prefabricated Villa for sale in Thessaloniki,sale,,270000,159,3,,,"Thessaloniki, Thessaloniki",,,https://ktimato.b-cdn.net/OLDSITE/wp-content/uploads/2024/11/Thv-1203_Off-plan-Prefabricated-Villa-for-sale-in-Thessaloniki-2.jpg?width=1200&format=webp&quality=82,2026-09-01,,2026-09-01,json-ld datePosted; sitemap lastmod,2026-09-28T19:37:43Z,2026-09-01,
ktimatoemporiki.gr,Ktimatoemporiki,https://ktimatoemporiki.gr/property/off-plan-prefabricated-villa-in-thessaloniki-for-sale-id-thv-1204,Off-plan Prefabricated Villa in Thessaloniki for sale,sale,,225000,156,3,,,"Thessaloniki, Thessaloniki",,,https://ktimato.b-cdn.net/OLDSITE/wp-content/uploads/2024/11/Thv-1204_Off-plan-Prefabricated-Villa-in-Thessaloniki-for-sale-2.jpg?width=1200&format=webp&quality=82,2026-09-01,,2026-09-01,json-ld datePosted; sitemap lastmod,2026-09-28T19:37:43Z,2026-09-01,
ktimatoemporiki.gr,Ktimatoemporiki,https://ktimatoemporiki.gr/property/one-bedroom-apartment-for-sale-in-thessaloniki-center-id-th4-9186,One Bedroom Apartment for sale in Thessaloniki Center,sale,,107000,45,1,,,"Center Thessaloniki, Thessaloniki",,,https://ktimato.b-cdn.net/OLDSITE/wp-content/uploads/2024/12/Th4-9186_One-Bedroom-Apartment-for-sale-in-Thessaloniki-Center-3.jpg?width=1200&format=webp&quality=82,2026-09-01,,2026-09-01,json-ld datePosted; sitemap lastmod,2026-09-28T19:37:43Z,2026-09-01,
ktimatoemporiki.gr,Ktimatoemporiki,https://ktimatoemporiki.gr/property/one-bedroom-apartment-for-sale-in-thessaloniki-id-th4-12638,One Bedroom Apartment for Sale in Thessaloniki,sale,,125000,50,1,,,"Center of Thessaloniki, Thessaloniki",,,https://ktimato.b-cdn.net/OLDSITE/wp-content/uploads/2026/03/TH4-12638_One-Bedroom-Apartment-for-Sale-in-Thessaloniki-1.webp?width=1200&format=webp&quality=82,2026-09-01,,2026-09-01,json-ld datePosted; sitemap lastmod,2026-09-28T19:37:43Z,2026-09-01,
ktimatoemporiki.gr,Ktimatoemporiki,https://ktimatoemporiki.gr/property/one-bedroom-apartment-for-sale-in-thessaloniki-id-th4-12687,One Bedroom Apartment for sale in Thessaloniki,sale,,,52,1,,,"Thessaloniki, Thessaloniki",,,https://ktimato.b-cdn.net/OLDSITE/wp-content/uploads/2026/03/Th4-12687_One-Bedroom-Apartment-for-sale-in-Thessaloniki-2.webp?width=1200&format=webp&quality=82,2026-09-01,,2026-09-01,json-ld datePosted; sitemap lastmod,2026-09-28T19:37:43Z,2026-09-01,
ktimatoemporiki.gr,Ktimatoemporiki,https://ktimatoemporiki.gr/property/one-bedroom-apartment-for-sale-in-thessaloniki-id-th4-8493,One Bedroom Apartment for sale in Thessaloniki,sale,,69000,45,1,,,"Kato Toumpa, Thessaloniki",,,https://ktimato.b-cdn.net/OLDSITE/wp-content/uploads/2024/10/Th4-8493_Studio-Apartment-for-sale-in-Thessaloniki-3.jpg?width=1200&format=webp&quality=82,2026-09-01,,2026-09-01,json-ld datePosted; sitemap lastmod,2026-09-28T19:37:43Z,2026-09-01,
ktimatoemporiki.gr,Ktimatoemporiki,https://ktimatoemporiki.gr/property/one-bedroom-apartment-for-sale-in-thessaloniki-id-th4-9310,One Bedroom Apartment for sale in Thessaloniki,sale,,110000,47,1,,,"Evosmos Thessaloniki, Thessaloniki",,,https://ktimato.b-cdn.net/OLDSITE/wp-content/uploads/2024/12/Th4-9310_One-Bedroom-Apartment-for-sale-in-Thessaloniki.jpg?width=1200&format=webp&quality=82,2026-09-01,,2026-09-01,json-ld datePosted; sitemap lastmod,2026-09-28T19:37:43Z,2026-09-01,
ktimatoemporiki.gr,Ktimatoemporiki,https://ktimatoemporiki.gr/property/one-bedroom-apartment-in-thessaloniki-center-for-sale-id-th4-9187,One Bedroom Apartment in Thessaloniki Center for sale,sale,,115000,45,1,,,"Center Thessaloniki, Thessaloniki",,,https://ktimato.b-cdn.net/OLDSITE/wp-content/uploads/2024/12/Th4-9187_One-Bedroom-Apartment-in-Thessaloniki-Center-for-sale-2.jpg?width=1200&format=webp&quality=82,2026-09-01,,2026-09-01,json-ld datePosted; sitemap lastmod,2026-09-28T19:37:43Z,2026-09-01,
ktimatoemporiki.gr,Ktimatoemporiki,https://ktimatoemporiki.gr/property/one-bedroom-seaside-apartment-for-sale-in-halkidiki-id-h4-8806,One Bedroom Seaside Apartment for sale in Halkidiki,sale,,160000,52,1,,,"Kassandra, Halkidiki",,,https://ktimato.b-cdn.net/OLDSITE/wp-content/uploads/2024/11/H4-8806_One-Bedroom-Seaside-Apartment-for-sale-in-Halkidiki-1.jpg?width=1200&format=webp&quality=82,2026-09-01,,2026-09-01,json-ld datePosted; sitemap lastmod,2026-09-28T19:37:43Z,2026-09-01,
ktimatoemporiki.gr,Ktimatoemporiki,https://ktimatoemporiki.gr/property/penthouse-apartment-for-sale-in-center-of-thessaloniki-id-th4-12575,Penthouse Apartment for Sale in Center of Thessaloniki,sale,,250000,55,2,,,"Center Thessaloniki, Thessaloniki",,,https://ktimato.b-cdn.net/OLDSITE/wp-content/uploads/2026/02/Th4-12575_Penthouse-Apartment-for-Sale-in-Center-of-Thessaloniki-1.webp?width=1200&format=webp&quality=82,2026-09-01,,2026-09-01,json-ld datePosted; sitemap lastmod,2026-09-28T19:37:43Z,2026-09-01,
ktimatoemporiki.gr,Ktimatoemporiki,https://ktimatoemporiki.gr/property/penthouse-apartment-for-sale-in-center-of-thessaloniki-id-th4-12578,Penthouse Apartment for Sale in Center of Thessaloniki,sale,,520000,120,2,,,"Center Thessaloniki, Thessaloniki",,,https://ktimato.b-cdn.net/OLDSITE/wp-content/uploads/2026/02/Th4-12578_Penthouse-Apartment-for-Sale-in-Center-of-Thessaloniki-16.png?width=1200&format=webp&quality=82,2026-09-01,,2026-09-01,json-ld datePosted; sitemap lastmod,2026-09-28T19:37:43Z,2026-09-01,
ktimatoemporiki.gr,Ktimatoemporiki,https://ktimatoemporiki.gr/property/penthouse-apartment-for-sale-in-kalamaria-thessaloniki-id-th4-12593,Penthouse Apartment for Sale in Kalamaria Thessaloniki,sale,,420000,160,3,,,"Kalamaria, Thessaloniki",,,https://ktimato.b-cdn.net/OLDSITE/wp-content/uploads/2026/03/Th4-12593_Penthouse-Apartment-for-Sale-in-Kalamaria-Thessaloniki-1.webp?width=1200&format=webp&quality=82,2026-09-01,,2026-09-01,json-ld datePosted; sitemap lastmod,2026-09-28T19:37:43Z,2026-09-01,
ktimatoemporiki.gr,Ktimatoemporiki,https://ktimatoemporiki.gr/property/penthouse-apartment-for-sale-in-kamara-thessaloniki-id-th4-12574,Penthouse Apartment for Sale in Kamara Thessaloniki,sale,,139000,50,2,,,"Kamara Thessaloniki, Thessaloniki",,,https://ktimato.b-cdn.net/OLDSITE/wp-content/uploads/2026/02/Th4-12574_Penthouse-Apartment-for-Sale-in-Kamara-Thessaloniki-5.webp?width=1200&format=webp&quality=82,2026-09-01,,2026-09-01,json-ld datePosted; sitemap lastmod,2026-09-28T19:37:43Z,2026-09-01,
ktimatoemporiki.gr,Ktimatoemporiki,https://ktimatoemporiki.gr/property/penthouse-apartment-for-sale-in-kamara-thessaloniki-id-th4-12685,Penthouse Apartment for sale in Kamara Thessaloniki,sale,,230000,80,2,,,"Kamara - Rotonta, Thessaloniki",,,https://ktimato.b-cdn.net/OLDSITE/wp-content/uploads/2026/03/Th4-12685_Penthouse-Apartment-for-sale-in-Kamara-Thessaloniki-8.webp?width=1200&format=webp&quality=82,2026-09-01,,2026-09-01,json-ld datePosted; sitemap lastmod,2026-09-28T19:37:43Z,2026-09-01,
ktimatoemporiki.gr,Ktimatoemporiki,https://ktimatoemporiki.gr/property/penthouse-apartment-for-sale-in-perea-thessaloniki-id-a4-12592,Penthouse Apartment for Sale in Perea Thessaloniki,sale,,175000,76,2,,,"Peraia Thessaloniki, Thessaloniki",,,https://ktimato.b-cdn.net/OLDSITE/wp-content/uploads/2026/03/A4-12592_Penthouse-Apartment-for-Sale-in-Perea-Thessaloniki-12.webp?width=1200&format=webp&quality=82,2026-09-01,,2026-09-01,json-ld datePosted; sitemap lastmod,2026-09-28T19:37:43Z,2026-09-01,
ktimatoemporiki.gr,Ktimatoemporiki,https://ktimatoemporiki.gr/property/penthouse-apartment-for-sale-in-the-center-of-thessaloniki-id-th4-12598,Penthouse Apartment for Sale in the center of Thessaloniki,sale,,420000,95,3,,,"Center Thessaloniki, Thessaloniki",,,https://ktimato.b-cdn.net/OLDSITE/wp-content/uploads/2026/03/Th4-12598_Penthouse-Apartment-for-Sale-in-the-center-of-Thessaloniki-9.webp?width=1200&format=webp&quality=82,2026-09-01,,2026-09-01,json-ld datePosted; sitemap lastmod,2026-09-28T19:37:43Z,2026-09-01,
ktimatoemporiki.gr,Ktimatoemporiki,https://ktimatoemporiki.gr/property/penthouse-apartment-for-sale-in-thessaloniki-center-id-th4-12668,Penthouse Apartment for sale in Thessaloniki Center,sale,,250000,80,2,,,"Center Thessaloniki, Thessaloniki",,,https://ktimato.b-cdn.net/OLDSITE/wp-content/uploads/2026/03/Th4-12668_Penthouse-Apartment-for-sale-in-Thessaloniki-Center-15.webp?width=1200&format=webp&quality=82,2026-09-01,,2026-09-01,json-ld datePosted; sitemap lastmod,2026-09-28T19:37:43Z,2026-09-01,
ktimatoemporiki.gr,Ktimatoemporiki,https://ktimatoemporiki.gr/property/penthouse-apartment-for-sale-near-ippokratio-thessaloniki-id-th4-12591,Penthouse Apartment for Sale near Ippokratio Thessaloniki,sale,,400000,125,3,,,"Ippokratio Thessaloniki, Thessaloniki",,,https://ktimato.b-cdn.net/OLDSITE/wp-content/uploads/2026/03/Th4-12591_Penthouse-Apartment-for-Sale-near-Hippokratio-Thessaloniki-9.webp?width=1200&format=webp&quality=82,2026-09-01,,2026-09-01,json-ld datePosted; sitemap lastmod,2026-09-28T19:37:43Z,2026-09-01,
ktimatoemporiki.gr,Ktimatoemporiki,https://ktimatoemporiki.gr/property/penthouse-for-rent-in-kalamaria-thessaloniki-id-th01-1252,Penthouse for Rent in Kalamaria Thessaloniki,rent,,1800,160,3,,,"Kalamaria, Thessaloniki",,,https://ktimato.b-cdn.net/OLDSITE/wp-content/uploads/2024/11/Th01-1252_Penthouse-for-Rent-in-Kalamaria-Thessaloniki-1.webp?width=1200&format=webp&quality=82,2026-09-01,,2026-09-01,json-ld datePosted; sitemap lastmod,2026-09-28T19:37:43Z,2026-09-01,
ktimatoemporiki.gr,Ktimatoemporiki,https://ktimatoemporiki.gr/property/penthouse-for-sale-in-thessaloniki-center-id-th4-8508,Penthouse for sale in Thessaloniki Center,sale,,520000,65,1,,,"Kamara, Thessaloniki",,,https://ktimato.b-cdn.net/OLDSITE/wp-content/uploads/2024/10/Th4-8508_Penthouse-for-sale-in-Thessaloniki-Center-3.webp?width=1200&format=webp&quality=82,2026-09-01,,2026-09-01,json-ld datePosted; sitemap lastmod,2026-09-28T19:37:43Z,2026-09-01,
ktimatoemporiki.gr,Ktimatoemporiki,https://ktimatoemporiki.gr/property/penthouse-for-sale-in-thessaloniki-id-th4-10124,Penthouse for sale in Thessaloniki,sale,,193000,74,2,,,"Charilaou, Thessaloniki",,,https://ktimato.b-cdn.net/OLDSITE/wp-content/uploads/2025/04/Th4-10124_Penthouse-for-sale-in-Thessaloniki-8.webp?width=1200&format=webp&quality=82,2026-09-01,,2026-09-01,json-ld datePosted; sitemap lastmod,2026-09-28T19:37:43Z,2026-09-01,
ktimatoemporiki.gr,Ktimatoemporiki,https://ktimatoemporiki.gr/property/penthouse-for-sale-in-thessaloniki-id-th4-8578,Penthouse for sale in Thessaloniki,sale,,850000,180,3,,,"Voulgari - Ntepo - Martiou, Thessaloniki",,,https://ktimato.b-cdn.net/OLDSITE/wp-content/uploads/2024/10/Th4-8578_Penthouse-for-sale-in-Thessaloniki-2.jpg?width=1200&format=webp&quality=82,2026-09-01,,2026-09-01,json-ld datePosted; sitemap lastmod,2026-09-28T19:37:43Z,2026-09-01,
ktimatoemporiki.gr,Ktimatoemporiki,https://ktimatoemporiki.gr/property/penthouse-for-sale-in-thessaloniki-id-th4-9517,Penthouse for Sale in Thessaloniki,sale,,280000,97,2,,,"Analipsi - Mpotsari - Nea Paralia, Thessaloniki",,,https://ktimato.b-cdn.net/OLDSITE/wp-content/uploads/2025/01/Th4-9517_Penthouse-for-Sale-in-Thessaloniki-10.webp?width=1200&format=webp&quality=82,2026-09-01,,2026-09-01,json-ld datePosted; sitemap lastmod,2026-09-28T19:37:43Z,2026-09-01,
ktimatoemporiki.gr,Ktimatoemporiki,https://ktimatoemporiki.gr/property/penthouse-for-sale-in-thessaloniki-id-th4-9658,Penthouse for sale in Thessaloniki,sale,,237000,125,3,,,"Neapoli Thessaloniki, Thessaloniki",,,https://ktimato.b-cdn.net/OLDSITE/wp-content/uploads/2025/02/Th4-9658_Penthouse-for-sale-in-Thessaloniki-4.webp?width=1200&format=webp&quality=82,2026-09-01,,2026-09-01,json-ld datePosted; sitemap lastmod,2026-09-28T19:37:43Z,2026-09-01,
ktimatoemporiki.gr,Ktimatoemporiki,https://ktimatoemporiki.gr/property/penthouse-in-faliro-thessaloniki-for-sale-id-th4-2970,Penthouse in Faliro Thessaloniki for sale,sale,,170000,92,3,,,"Faliro Thessaloniki, Thessaloniki",,,https://ktimato.b-cdn.net/OLDSITE/wp-content/uploads/2021/12/Th4-2970_Penthouse-in-Faliro-Thessaloniki-for-sale-1.jpg?width=1200&format=webp&quality=82,2026-09-01,,2026-09-01,json-ld datePosted; sitemap lastmod,2026-09-28T19:37:43Z,2026-09-01,
ktimatoemporiki.gr,Ktimatoemporiki,https://ktimatoemporiki.gr/property/penthouse-in-thessaloniki-center-for-rent-id-th01-1254,Penthouse in Thessaloniki Center for Rent,rent,,1800,80,2,,,"Center Thessaloniki, Thessaloniki",,,https://ktimato.b-cdn.net/OLDSITE/wp-content/uploads/2024/11/Th01-1254_Penthouse-in-Thessaloniki-Center-for-Rent-16.webp?width=1200&format=webp&quality=82,2026-09-04,,2026-09-04,json-ld datePosted; sitemap lastmod,2026-09-28T19:37:43Z,2026-09-04,
ktimatoemporiki.gr,Ktimatoemporiki,https://ktimatoemporiki.gr/property/penthouse-in-thessaloniki-for-sale-id-th4-3004,Penthouse in Thessaloniki for sale,sale,,288000,105,3,,,"Center Thessaloniki, Thessaloniki",,,https://ktimato.b-cdn.net/OLDSITE/wp-content/uploads/2022/01/Th4-3004_Penthouse-in-Thessaloniki-for-sale-4.jpg?width=1200&format=webp&quality=82,2026-09-01,,2026-09-01,json-ld datePosted; sitemap lastmod,2026-09-28T19:37:43Z,2026-09-01,
ktimatoemporiki.gr,Ktimatoemporiki,https://ktimatoemporiki.gr/property/penthouse-in-thessaloniki-for-sale-id-th4-9307,Penthouse in Thessaloniki for sale,sale,,338000,165,4,,,"Evosmos Thessaloniki, Thessaloniki",,,https://ktimato.b-cdn.net/OLDSITE/wp-content/uploads/2024/12/Th4-9307_Penthouse-in-Thessaloniki-for-sale.jpg?width=1200&format=webp&quality=82,2026-09-01,,2026-09-01,json-ld datePosted; sitemap lastmod,2026-09-28T19:37:43Z,2026-09-01,
ktimatoemporiki.gr,Ktimatoemporiki,https://ktimatoemporiki.gr/property/penthouse-in-thessaloniki-for-sale-in-ano-toumpa-id-th4-2870,Penthouse in Thessaloniki for sale in Ano Toumpa,sale,,365000,110,3,,,"Ano Toumpa, Thessaloniki",,,https://ktimato.b-cdn.net/OLDSITE/wp-content/uploads/2021/11/Th4-2870_Penthouse-in-Thessaloniki-for-sale-in-Konstantinoupolitika-1.jpg?width=1200&format=webp&quality=82,2026-09-01,,2026-09-01,json-ld datePosted; sitemap lastmod,2026-09-28T19:37:43Z,2026-09-01,
ktimatoemporiki.gr,Ktimatoemporiki,https://ktimatoemporiki.gr/property/penthouse-maisonett-for-sale-in-kalamaria-id-th4-12567,Penthouse Maisonett for Sale in Kalamaria,sale,,580000,160,4,,,"Kalamaria, Thessaloniki",,,https://ktimato.b-cdn.net/OLDSITE/wp-content/uploads/2026/02/Th4-12567_Penthouse-Maisonett-for-Sale-in-Kalamaria-15.webp?width=1200&format=webp&quality=82,2026-09-01,,2026-09-01,json-ld datePosted; sitemap lastmod,2026-09-28T19:37:43Z,2026-09-01,
ktimatoemporiki.gr,Ktimatoemporiki,https://ktimatoemporiki.gr/property/penthouse-maisonette-for-sale-in-panorama-id-th4-12569,Penthouse Maisonette for sale in Panorama,sale,,470000,366,6,,,"Panorama, Thessaloniki",,,https://ktimato.b-cdn.net/OLDSITE/wp-content/uploads/2026/02/Th4-12569_Penthouse-Maisonette-for-sale-in-Panorama-3.webp?width=1200&format=webp&quality=82,2026-09-01,,2026-09-01,json-ld datePosted; sitemap lastmod,2026-09-28T19:37:43Z,2026-09-01,
ktimatoemporiki.gr,Ktimatoemporiki,https://ktimatoemporiki.gr/property/penthouse-two-bedroom-apartment-for-sale-in-thessaloniki-id-th4-12596,Penthouse Two Bedroom Apartment for Sale in Thessaloniki,sale,,189000,76,2,,,"Center Thessaloniki, Thessaloniki",,,https://ktimato.b-cdn.net/OLDSITE/wp-content/uploads/2026/03/Th4-12596_Penthouse-Two-Bedroom-Apartment-for-Sale-in-Thessaloniki-10.webp?width=1200&format=webp&quality=82,2026-09-01,,2026-09-01,json-ld datePosted; sitemap lastmod,2026-09-28T19:37:43Z,2026-09-01,
ktimatoemporiki.gr,Ktimatoemporiki,https://ktimatoemporiki.gr/property/prefabricated-off-plan-house-for-sale-in-thessaloniki-id-th4-8868,Prefabricated Off-plan House for sale in Thessaloniki,sale,,57000,38,1,,,"Thessaloniki, Thessaloniki",,,https://ktimato.b-cdn.net/OLDSITE/wp-content/uploads/2024/11/Th4-8868_Prefabricated-Off-plan-House-for-sale-in-Thessaloniki-3.jpg?width=1200&format=webp&quality=82,2026-09-01,,2026-09-01,json-ld datePosted; sitemap lastmod,2026-09-28T19:37:43Z,2026-09-01,
ktimatoemporiki.gr,Ktimatoemporiki,https://ktimatoemporiki.gr/property/prefabricated-off-plan-house-in-thessaloniki-for-sale-id-th4-8869,Prefabricated Off-plan House in Thessaloniki for sale,sale,,86000,56,2,,,"Thessaloniki, Thessaloniki",,,https://ktimato.b-cdn.net/OLDSITE/wp-content/uploads/2024/11/Th4-8869_Prefabricated-Off-plan-House-in-Thessaloniki-for-sale-2.jpg?width=1200&format=webp&quality=82,2026-09-01,,2026-09-01,json-ld datePosted; sitemap lastmod,2026-09-28T19:37:43Z,2026-09-01,
ktimatoemporiki.gr,Ktimatoemporiki,https://ktimatoemporiki.gr/property/prefabricated-off-plan-villa-for-sale-in-thessaloniki-id-thv-1205,Prefabricated Off-plan Villa for sale in Thessaloniki,sale,,227000,152,3,,,"Thessaloniki, Thessaloniki",,,https://ktimato.b-cdn.net/OLDSITE/wp-content/uploads/2024/11/Thv-1205_Prefabricated-Off-plan-Villa-for-sale-in-Thessaloniki-1.jpg?width=1200&format=webp&quality=82,2026-09-01,,2026-09-01,json-ld datePosted; sitemap lastmod,2026-09-28T19:37:43Z,2026-09-01,
ktimatoemporiki.gr,Ktimatoemporiki,https://ktimatoemporiki.gr/property/prefabricated-off-plan-villa-in-thessaloniki-for-sale-id-thv-1206,Prefabricated Off-plan Villa in Thessaloniki for sale,sale,,230000,161,3,,,"Thessaloniki, Thessaloniki",,,https://ktimato.b-cdn.net/OLDSITE/wp-content/uploads/2024/11/Thv-1206_Prefabricated-Off-plan-Villa-in-Thessaloniki-for-sale-1.jpg?width=1200&format=webp&quality=82,2026-09-01,,2026-09-01,json-ld datePosted; sitemap lastmod,2026-09-28T19:37:43Z,2026-09-01,
ktimatoemporiki.gr,Ktimatoemporiki,https://ktimatoemporiki.gr/property/renovated-apartment-for-sale-in-toumba-thessaloniki-id-th4-13157,"Renovated Apartment for Sale in Toumba, Thessaloniki",sale,,165000,55,1,,,"Toumba Thessaloniki, Thessaloniki",,,https://ktimato.b-cdn.net/OLDSITE/wp-content/uploads/2026/07/Th4-13157_Renovated-Apartment-for-Sale-in-Toumba-Thessaloniki-10.webp?width=1200&format=webp&quality=82,2026-09-01,,2026-09-01,json-ld datePosted; sitemap lastmod,2026-09-28T19:37:43Z,2026-09-01,
ktimatoemporiki.gr,Ktimatoemporiki,https://ktimatoemporiki.gr/property/sea-view-house-for-sale-in-pefkochori-halkidiki-id-h4-13100,"Sea View House for Sale in Pefkochori, Halkidiki",sale,,325000,115,3,,,"Pefkochori Pallini, Halkidiki",,,https://ktimato.b-cdn.net/OLDSITE/wp-content/uploads/2026/07/H4-13100_Sea-View-House-for-Sale-in-Pefkochori-Halkidiki-5.webp?width=1200&format=webp&quality=82,2026-09-01,,2026-09-01,json-ld datePosted; sitemap lastmod,2026-09-28T19:37:43Z,2026-09-01,
ktimatoemporiki.gr,Ktimatoemporiki,https://ktimatoemporiki.gr/property/seafront-apartment-for-sale-in-thessaloniki-id-th4-8509,Seafront Apartment for sale in Thessaloniki,sale,,1100000,195,4,,,"Analipsi - Mpotsari - Nea Paralia, Thessaloniki",,,https://ktimato.b-cdn.net/OLDSITE/wp-content/uploads/2024/10/Th4-8509_Seafront-Apartment-for-sale-in-Thessaloniki.jpg?width=1200&format=webp&quality=82,2026-09-01,,2026-09-01,json-ld datePosted; sitemap lastmod,2026-09-28T19:37:43Z,2026-09-01,
ktimatoemporiki.gr,Ktimatoemporiki,https://ktimatoemporiki.gr/property/seafront-hotel-for-sale-in-halkidiki-id-h2-693,Seafront Hotel for sale in Halkidiki,sale,,3900000,2500,48,,,"Kassandra, Halkidiki",,,https://ktimato.b-cdn.net/OLDSITE/wp-content/uploads/2024/08/H2-693_Seafront-Hotel-for-sale-in-Halkidiki-3.jpg?width=1200&format=webp&quality=82,2026-09-01,,2026-09-01,json-ld datePosted; sitemap lastmod,2026-09-28T19:37:43Z,2026-09-01,
ktimatoemporiki.gr,Ktimatoemporiki,https://ktimatoemporiki.gr/property/seafront-land-for-sale-in-kassandra-halkidiki-id-ch3-2184,Seafront land for sale in Kassandra Halkidiki,sale,,1600000,,,,,"Kassandra, Halkidiki",,,https://ktimato.b-cdn.net/OLDSITE/wp-content/uploads/2021/11/CH3-2184_Land-for-sale-in-Cassandra-Chalkidiki-1.jpeg?width=1200&format=webp&quality=82,2026-09-01,,2026-09-01,json-ld datePosted; sitemap lastmod,2026-09-28T19:37:43Z,2026-09-01,
ktimatoemporiki.gr,Ktimatoemporiki,https://ktimatoemporiki.gr/property/seafront-villa-for-sale-in-sithonia-chalkidiki-greece-id-chv-478,Seafront Villa for sale in Sithonia Halkidiki Greece,sale,,1500000,280,6,,,"Sithonia, Halkidiki",,,https://ktimato.b-cdn.net/OLDSITE/wp-content/uploads/2021/01/Chv-478_ktimatoemporiki-Seafront-Villa-for-sale-in-Sithonia-Chalkidiki-Greece-17.jpg?width=1200&format=webp&quality=82,2026-09-01,,2026-09-01,json-ld datePosted; sitemap lastmod,2026-09-28T19:37:43Z,2026-09-01,
ktimatoemporiki.gr,Ktimatoemporiki,https://ktimatoemporiki.gr/property/seaside-apartment-for-sale-in-halkidiki-id-h4-8784,Seaside Apartment for sale in Halkidiki,sale,,165000,52,1,,,"Kassandra, Halkidiki",,,https://ktimato.b-cdn.net/OLDSITE/wp-content/uploads/2024/11/H4-8784_Seaside-Apartment-for-sale-in-Halkidiki-1.jpg?width=1200&format=webp&quality=82,2026-09-01,,2026-09-01,json-ld datePosted; sitemap lastmod,2026-09-28T19:37:43Z,2026-09-01,
ktimatoemporiki.gr,Ktimatoemporiki,https://ktimatoemporiki.gr/property/seaside-apartment-for-sale-in-halkidiki-id-h4-8802,Seaside Apartment for sale in Halkidiki,sale,,210000,65,2,,,"Kassandra, Halkidiki",,,https://ktimato.b-cdn.net/OLDSITE/wp-content/uploads/2024/11/H4-8802_Seaside-Apartment-for-sale-in-Halkidiki-2.png?width=1200&format=webp&quality=82,2026-09-01,,2026-09-01,json-ld datePosted; sitemap lastmod,2026-09-28T19:37:43Z,2026-09-01,
ktimatoemporiki.gr,Ktimatoemporiki,https://ktimatoemporiki.gr/property/seaside-apartment-for-sale-in-halkidiki-id-h4-8807,Seaside Apartment for sale in Halkidiki,sale,,210000,74,2,,,"Kassandra, Halkidiki",,,https://ktimato.b-cdn.net/OLDSITE/wp-content/uploads/2024/11/H4-8807_Seaside-Apartment-for-sale-in-Halkidiki-1.png?width=1200&format=webp&quality=82,2026-09-01,,2026-09-01,json-ld datePosted; sitemap lastmod,2026-09-28T19:37:43Z,2026-09-01,
ktimatoemporiki.gr,Ktimatoemporiki,https://ktimatoemporiki.gr/property/seaside-apartment-for-sale-in-halkidiki-id-h4-8811,Seaside Apartment for sale in Halkidiki,sale,,275000,93,3,,,"Kassandra, Halkidiki",,,https://ktimato.b-cdn.net/OLDSITE/wp-content/uploads/2024/11/H4-8811_Seaside-Apartment-for-sale-in-Halkidiki-2.png?width=1200&format=webp&quality=82,2026-09-01,,2026-09-01,json-ld datePosted; sitemap lastmod,2026-09-28T19:37:43Z,2026-09-01,
ktimatoemporiki.gr,Ktimatoemporiki,https://ktimatoemporiki.gr/property/seaside-apartment-for-sale-in-halkidiki-id-h4-8817,Seaside Apartment for sale in Halkidiki,sale,,285000,90,3,,,"Kassandra, Halkidiki",,,https://ktimato.b-cdn.net/OLDSITE/wp-content/uploads/2024/11/H4-8817_Seaside-Apartment-for-sale-in-Halkidiki-2.png?width=1200&format=webp&quality=82,2026-09-01,,2026-09-01,json-ld datePosted; sitemap lastmod,2026-09-28T19:37:43Z,2026-09-01,
ktimatoemporiki.gr,Ktimatoemporiki,https://ktimatoemporiki.gr/property/seaside-apartment-for-sale-in-thessaloniki-id-th4-9261,Seaside Apartment for sale in Thessaloniki,sale,,115000,52,2,,,"Peraia Thessaloniki, Thessaloniki",,,https://ktimato.b-cdn.net/OLDSITE/wp-content/uploads/2024/12/Th4-9261_Seaside-Apartment-for-sale-in-Thessaloniki-6.jpg?width=1200&format=webp&quality=82,2026-09-01,,2026-09-01,json-ld datePosted; sitemap lastmod,2026-09-28T19:37:43Z,2026-09-01,
ktimatoemporiki.gr,Ktimatoemporiki,https://ktimatoemporiki.gr/property/seaside-apartment-in-halkidiki-for-sale-id-h4-8785,Seaside Apartment in Halkidiki for sale,sale,,225000,78,2,,,"Kassandra, Halkidiki",,,https://ktimato.b-cdn.net/OLDSITE/wp-content/uploads/2024/11/H4-8785_Seaside-Apartment-in-Halkidiki-for-sale-1.png?width=1200&format=webp&quality=82,2026-09-01,,2026-09-01,json-ld datePosted; sitemap lastmod,2026-09-28T19:37:43Z,2026-09-01,
ktimatoemporiki.gr,Ktimatoemporiki,https://ktimatoemporiki.gr/property/seaside-apartment-in-halkidiki-for-sale-id-h4-8793,Seaside Apartment in Halkidiki for sale,sale,,225000,71,2,,,"Kassandra, Halkidiki",,,https://ktimato.b-cdn.net/OLDSITE/wp-content/uploads/2024/11/H4-8793_Seaside-Apartment-in-Halkidiki-for-sale-1.jpg?width=1200&format=webp&quality=82,2026-09-01,,2026-09-01,json-ld datePosted; sitemap lastmod,2026-09-28T19:37:43Z,2026-09-01,
ktimatoemporiki.gr,Ktimatoemporiki,https://ktimatoemporiki.gr/property/seaside-apartment-in-halkidiki-for-sale-id-h4-8803,Seaside Apartment in Halkidiki for sale,sale,,275000,86,3,,,"Kassandra, Halkidiki",,,https://ktimato.b-cdn.net/OLDSITE/wp-content/uploads/2024/11/H4-8803_Seaside-Apartment-in-Halkidiki-for-sale-1.jpg?width=1200&format=webp&quality=82,2026-09-01,,2026-09-01,json-ld datePosted; sitemap lastmod,2026-09-28T19:37:43Z,2026-09-01,
ktimatoemporiki.gr,Ktimatoemporiki,https://ktimatoemporiki.gr/property/seaside-apartment-in-halkidiki-for-sale-id-h4-8812,Seaside Apartment in Halkidiki for sale,sale,,205000,65,2,,,"Kassandra, Halkidiki",,,https://ktimato.b-cdn.net/OLDSITE/wp-content/uploads/2024/11/H4-8812_Seaside-Apartment-in-Halkidiki-for-sale-1.jpg?width=1200&format=webp&quality=82,2026-09-01,,2026-09-01,json-ld datePosted; sitemap lastmod,2026-09-28T19:37:43Z,2026-09-01,
ktimatoemporiki.gr,Ktimatoemporiki,https://ktimatoemporiki.gr/property/seaside-apartment-in-thessaloniki-for-sale-id-th4-9515,Seaside Apartment in Thessaloniki for sale,sale,,125000,55,1,,,"Peraia Thessaloniki, Thessaloniki",,,https://ktimato.b-cdn.net/OLDSITE/wp-content/uploads/2025/01/Th4-9515_Seaside-Apartment-in-Thessaloniki-for-sale-3.webp?width=1200&format=webp&quality=82,2026-09-01,,2026-09-01,json-ld datePosted; sitemap lastmod,2026-09-28T19:37:43Z,2026-09-01,
ktimatoemporiki.gr,Ktimatoemporiki,https://ktimatoemporiki.gr/property/seaside-hotel-for-sale-in-halkidiki-id-h2-727,Seaside Hotel for sale in Halkidiki,sale,,8000000,1485,,,,"Kassandra, Halkidiki",,,https://ktimato.b-cdn.net/OLDSITE/wp-content/uploads/2024/12/H2-727_Seaside-Hotel-for-sale-in-Halkidiki-12.jpg?width=1200&format=webp&quality=82,2026-09-01,,2026-09-01,json-ld datePosted; sitemap lastmod,2026-09-28T19:37:43Z,2026-09-01,
ktimatoemporiki.gr,Ktimatoemporiki,https://ktimatoemporiki.gr/property/seaside-maisonette-for-sale-in-halkidiki-id-h4-9293,Seaside Maisonette for sale in Halkidiki,sale,,450000,120,3,,,"Kassandra, Halkidiki",,,https://ktimato.b-cdn.net/OLDSITE/wp-content/uploads/2024/12/H4-9293_Seaside-Maisonette-for-sale-in-Halkidiki-8.jpg?width=1200&format=webp&quality=82,2026-09-01,,2026-09-01,json-ld datePosted; sitemap lastmod,2026-09-28T19:37:43Z,2026-09-01,
ktimatoemporiki.gr,Ktimatoemporiki,https://ktimatoemporiki.gr/property/seaside-one-bedroom-apartment-in-halkidiki-for-sale-id-h4-8789,Seaside One Bedroom Apartment in Halkidiki for sale,sale,,160000,49,1,,,"Kassandra, Halkidiki",,,https://ktimato.b-cdn.net/OLDSITE/wp-content/uploads/2024/11/H4-8789_Seaside-One-Bedroom-Apartment-in-Halkidiki-for-sale-2.png?width=1200&format=webp&quality=82,2026-09-01,,2026-09-01,json-ld datePosted; sitemap lastmod,2026-09-28T19:37:43Z,2026-09-01,
ktimatoemporiki.gr,Ktimatoemporiki,https://ktimatoemporiki.gr/property/seaside-thessaloniki-apartment-for-sale-id-th4-9516,Seaside Thessaloniki Apartment for sale,sale,,130000,60,1,,,"Peraia Thessaloniki, Thessaloniki",,,https://ktimato.b-cdn.net/OLDSITE/wp-content/uploads/2025/01/Th4-9516_Seaside-Thessaloniki-Apartment-for-sale-4.webp?width=1200&format=webp&quality=82,2026-09-01,,2026-09-01,json-ld datePosted; sitemap lastmod,2026-09-28T19:37:43Z,2026-09-01,
ktimatoemporiki.gr,Ktimatoemporiki,https://ktimatoemporiki.gr/property/seaside-three-bedroom-apartment-for-sale-in-halkidiki-id-h4-8796,Seaside Three Bedroom Apartment for sale in Halkidiki,sale,,280000,92,3,,,"Kassandra, Halkidiki",,,https://ktimato.b-cdn.net/OLDSITE/wp-content/uploads/2024/11/H4-8796_Seaside-Three-Bedroom-Apartment-for-sale-in-Halkidiki-2.png?width=1200&format=webp&quality=82,2026-09-01,,2026-09-01,json-ld datePosted; sitemap lastmod,2026-09-28T19:37:43Z,2026-09-01,
ktimatoemporiki.gr,Ktimatoemporiki,https://ktimatoemporiki.gr/property/seaside-three-bedroom-apartment-in-halkidiki-for-sale-id-h4-8798,Seaside Three Bedroom Apartment in Halkidiki for sale,sale,,280000,89,3,,,"Kassandra, Halkidiki",,,https://ktimato.b-cdn.net/OLDSITE/wp-content/uploads/2024/11/H4-8798_Seaside-Three-Bedroom-Apartment-in-Halkidiki-for-sale-1.png?width=1200&format=webp&quality=82,2026-09-01,,2026-09-01,json-ld datePosted; sitemap lastmod,2026-09-28T19:37:43Z,2026-09-01,
ktimatoemporiki.gr,Ktimatoemporiki,https://ktimatoemporiki.gr/property/seaside-three-bedroom-apartment-in-halkidiki-for-sale-id-h4-8805,Seaside Three Bedroom Apartment in Halkidiki for sale,sale,,275000,91,3,,,"Kassandra, Halkidiki",,,https://ktimato.b-cdn.net/OLDSITE/wp-content/uploads/2024/11/H4-8805_Seaside-Three-Bedroom-Apartment-in-Halkidiki-for-sale-2.png?width=1200&format=webp&quality=82,2026-09-01,,2026-09-01,json-ld datePosted; sitemap lastmod,2026-09-28T19:37:43Z,2026-09-01,
ktimatoemporiki.gr,Ktimatoemporiki,https://ktimatoemporiki.gr/property/seaside-two-bedroom-apartment-for-sale-in-halkidiki-id-h4-8792,Seaside Two Bedroom Apartment for sale in Halkidiki,sale,,215000,71,2,,,"Kassandra, Halkidiki",,,https://ktimato.b-cdn.net/OLDSITE/wp-content/uploads/2024/11/H4-8792_Seaside-Two-Bedroom-Apartment-for-sale-in-Halkidiki-2.png?width=1200&format=webp&quality=82,2026-09-01,,2026-09-01,json-ld datePosted; sitemap lastmod,2026-09-28T19:37:43Z,2026-09-01,
ktimatoemporiki.gr,Ktimatoemporiki,https://ktimatoemporiki.gr/property/seaside-two-bedroom-apartment-in-halkidiki-for-sale-id-h4-8815,Seaside Two Bedroom Apartment in Halkidiki for sale,sale,,202000,67,2,,,"Kassandra, Halkidiki",,,https://ktimato.b-cdn.net/OLDSITE/wp-content/uploads/2024/11/H4-8815_Seaside-Two-Bedroom-Apartment-in-Halkidiki-for-sale-1.jpg?width=1200&format=webp&quality=82,2026-09-01,,2026-09-01,json-ld datePosted; sitemap lastmod,2026-09-28T19:37:43Z,2026-09-01,
ktimatoemporiki.gr,Ktimatoemporiki,https://ktimatoemporiki.gr/property/seaside-villa-for-sale-in-halkidiki-id-hv-1243,Seaside Villa for sale in Halkidiki,sale,,600000,245,4,,,"Kassandra, Halkidiki",,,https://ktimato.b-cdn.net/OLDSITE/wp-content/uploads/2024/12/Hv-1243_Seaside-Villa-for-sale-in-Halkidiki-33.jpg?width=1200&format=webp&quality=82,2026-09-01,,2026-09-01,json-ld datePosted; sitemap lastmod,2026-09-28T19:37:43Z,2026-09-01,
ktimatoemporiki.gr,Ktimatoemporiki,https://ktimatoemporiki.gr/property/seaview-aparment-for-sale-in-thessaloniki-id-th4-8952,Seaview Aparment for sale in Thessaloniki,sale,,125000,35,1,,,"Ano Poli-Kastra, Thessaloniki",,,https://ktimato.b-cdn.net/OLDSITE/wp-content/uploads/2024/11/Th4-8952_Seaview-Aparment-for-sale-in-Thessaloniki-9.webp?width=1200&format=webp&quality=82,2026-09-01,,2026-09-01,json-ld datePosted; sitemap lastmod,2026-09-28T19:37:43Z,2026-09-01,
ktimatoemporiki.gr,Ktimatoemporiki,https://ktimatoemporiki.gr/property/seaview-apartment-for-rent-in-halkidiki-id-h01-1273,Seaview Apartment for rent in Halkidiki,rent,,650,70,2,,,"Kassandra, Halkidiki",,,https://ktimato.b-cdn.net/OLDSITE/wp-content/uploads/2024/12/H01-1273_Seaview-Apartment-for-rent-in-Halkidiki-12.webp?width=1200&format=webp&quality=82,2026-09-01,,2026-09-01,json-ld datePosted; sitemap lastmod,2026-09-28T19:37:43Z,2026-09-01,
ktimatoemporiki.gr,Ktimatoemporiki,https://ktimatoemporiki.gr/property/seaview-apartment-for-rent-in-thessaloniki-id-th4-9266,Seaview Apartment for Rent in Thessaloniki,rent,,550,65,1,,,"Peraia Thessaloniki, Thessaloniki",,,https://ktimato.b-cdn.net/OLDSITE/wp-content/uploads/2024/12/Th4-9266_Seaview-Apartment-for-Rent-in-Thessaloniki-4.webp?width=1200&format=webp&quality=82,2026-09-01,,2026-09-01,json-ld datePosted; sitemap lastmod,2026-09-28T19:37:43Z,2026-09-01,
ktimatoemporiki.gr,Ktimatoemporiki,https://ktimatoemporiki.gr/property/seaview-apartment-for-sale-in-nea-paralia-thessaloniki-id-th4-12566,Seaview Apartment for sale in Nea Paralia Thessaloniki,sale,,670000,135,3,,,"Nea Paralia Thessaloniki, Thessaloniki",,,https://ktimato.b-cdn.net/OLDSITE/wp-content/uploads/2026/02/Th4-12566_Seaview-Apartment-for-sale-in-Nea-Paralia-Thessaloniki-1.webp?width=1200&format=webp&quality=82,2026-09-01,,2026-09-01,json-ld datePosted; sitemap lastmod,2026-09-28T19:37:43Z,2026-09-01,
ktimatoemporiki.gr,Ktimatoemporiki,https://ktimatoemporiki.gr/property/seaview-apartment-for-sale-in-thessaloniki-id-th4-8575,Seaview Apartment for sale in Thessaloniki,sale,,450000,166,3,,,"Voulgari - Ntepo - Martiou, Thessaloniki",,,https://ktimato.b-cdn.net/OLDSITE/wp-content/uploads/2024/10/Th4-8575_Seaview-Apartment-for-sale-in-Thessaloniki-15.webp?width=1200&format=webp&quality=82,2026-09-01,,2026-09-01,json-ld datePosted; sitemap lastmod,2026-09-28T19:37:43Z,2026-09-01,
ktimatoemporiki.gr,Ktimatoemporiki,https://ktimatoemporiki.gr/property/seaview-apartment-in-thessaloniki-for-sale-id-th4-8591,Seaview Apartment in Thessaloniki for sale,sale,,370000,115,2,,,"Faliro - Ippokratio, Thessaloniki",,,https://ktimato.b-cdn.net/OLDSITE/wp-content/uploads/2024/10/Th4-8591_Seaview-Apartment-in-Thessaloniki-for-sale-18.webp?width=1200&format=webp&quality=82,2026-09-01,,2026-09-01,json-ld datePosted; sitemap lastmod,2026-09-28T19:37:43Z,2026-09-01,
ktimatoemporiki.gr,Ktimatoemporiki,https://ktimatoemporiki.gr/property/seaview-apartment-in-thessaloniki-for-sale-id-th4-9657,Seaview Apartment in Thessaloniki for sale,sale,,210000,82,3,,,"Menemeni, Thessaloniki",,,https://ktimato.b-cdn.net/OLDSITE/wp-content/uploads/2025/02/Th4-9657_Seaview-Apartment-in-Thessaloniki-for-sale-2.png?width=1200&format=webp&quality=82,2026-09-01,,2026-09-01,json-ld datePosted; sitemap lastmod,2026-09-28T19:37:43Z,2026-09-01,
ktimatoemporiki.gr,Ktimatoemporiki,https://ktimatoemporiki.gr/property/seaview-hotel-for-sale-in-kassandra-halkidiki-id-th2-630,Seaview Hotel for sale in Kassandra Halkidiki,sale,,3500000,1515,20,,,"Halkidiki, Halkidiki",,,https://ktimato.b-cdn.net/OLDSITE/wp-content/uploads/2023/06/Th2-630_Seaview-Hotel-for-sale-in-Kassandra-Halkidiki-14.jpg?width=1200&format=webp&quality=82,2026-09-01,,2026-09-01,json-ld datePosted; sitemap lastmod,2026-09-28T19:37:43Z,2026-09-01,
ktimatoemporiki.gr,Ktimatoemporiki,https://ktimatoemporiki.gr/property/seaview-house-for-sale-in-halkidiki-id-h4-7370,Seaview House for sale in Halkidiki,sale,,800000,420,3,,,"Halkidiki, Halkidiki",,,https://ktimato.b-cdn.net/OLDSITE/wp-content/uploads/2024/05/H4-7370_Seaview-House-for-sale-in-Halkidiki-13.jpg?width=1200&format=webp&quality=82,2026-09-01,,2026-09-01,json-ld datePosted; sitemap lastmod,2026-09-28T19:37:43Z,2026-09-01,
ktimatoemporiki.gr,Ktimatoemporiki,https://ktimatoemporiki.gr/property/seaview-house-in-thessaloniki-for-sale-id-th4-8599,Seaview House in Thessaloniki for sale,sale,,690000,540,87,,,"Mikra, Thessaloniki",,,https://ktimato.b-cdn.net/OLDSITE/wp-content/uploads/2024/10/Th4-8599_Seaview-House-in-Thessaloniki-for-sale-5.webp?width=1200&format=webp&quality=82,2026-09-01,,2026-09-01,json-ld datePosted; sitemap lastmod,2026-09-28T19:37:43Z,2026-09-01,
ktimatoemporiki.gr,Ktimatoemporiki,https://ktimatoemporiki.gr/property/seaview-luxury-villa-for-sale-in-halkidiki-id-hv-1332,Seaview Luxury Villa for sale in Halkidiki,sale,,730000,125,4,,,"Chaniotis Halkidikis, Halkidiki",,,https://ktimato.b-cdn.net/OLDSITE/wp-content/uploads/2025/04/Hv-1332_Seaview-Luxury-Villa-for-sale-in-Halkidiki-7.webp?width=1200&format=webp&quality=82,2026-09-01,,2026-09-01,json-ld datePosted; sitemap lastmod,2026-09-28T19:37:43Z,2026-09-01,
ktimatoemporiki.gr,Ktimatoemporiki,https://ktimatoemporiki.gr/property/seaview-maisonette-for-sale-in-halkidiki-id-ch4-3953,Seaview Maisonette for sale in Halkidiki,sale,,190000,111,2,,,"Halkidiki, Halkidiki",,,https://ktimato.b-cdn.net/OLDSITE/wp-content/uploads/2022/07/Ch4-3953_Seaview-Maisonette-for-sale-in-Halkidiki-2.webp?width=1200&format=webp&quality=82,2026-09-01,,2026-09-01,json-ld datePosted; sitemap lastmod,2026-09-28T19:37:43Z,2026-09-01,
ktimatoemporiki.gr,Ktimatoemporiki,https://ktimatoemporiki.gr/property/seaview-maisonette-for-sale-in-halkidiki-id-h4-9260,Seaview Maisonette for sale in Halkidiki,sale,,320000,110,3,,,"Kassandra, Halkidiki",,,https://ktimato.b-cdn.net/OLDSITE/wp-content/uploads/2024/12/H4-9260_Seaview-Maisonette-for-sale-in-Halkidiki-4.webp?width=1200&format=webp&quality=82,2026-09-01,,2026-09-01,json-ld datePosted; sitemap lastmod,2026-09-28T19:37:43Z,2026-09-01,
ktimatoemporiki.gr,Ktimatoemporiki,https://ktimatoemporiki.gr/property/seaview-maisonette-for-sale-in-halkidiki-id-h4-9289,Seaview Maisonette for sale in Halkidiki,sale,,330000,80,2,,,"Kassandra, Halkidiki",,,https://ktimato.b-cdn.net/OLDSITE/wp-content/uploads/2024/12/H4-9289_Seaview-Maisonette-for-sale-in-Halkidiki-2.webp?width=1200&format=webp&quality=82,2026-09-01,,2026-09-01,json-ld datePosted; sitemap lastmod,2026-09-28T19:37:43Z,2026-09-01,
ktimatoemporiki.gr,Ktimatoemporiki,https://ktimatoemporiki.gr/property/seaview-penthouse-for-sale-in-thessaloniki-id-th4-2955,Seaview Penthouse for sale in Thessaloniki,sale,,258000,92,2,,,"Center Thessaloniki, Thessaloniki",,,https://ktimato.b-cdn.net/OLDSITE/wp-content/uploads/2021/12/Th4-2955_Seaview-Penthouse-for-sale-in-Thessaloniki-1.jpg?width=1200&format=webp&quality=82,2026-09-01,,2026-09-01,json-ld datePosted; sitemap lastmod,2026-09-28T19:37:43Z,2026-09-01,
ktimatoemporiki.gr,Ktimatoemporiki,https://ktimatoemporiki.gr/property/seaview-villa-for-sale-in-nea-irakleia-thessaloniki-id-thv-1586,Seaview Villa for sale in Nea Irakleia Thessaloniki,sale,,620000,205,6,,,"Epanomi Thessaloniki, Thessaloniki",,,https://ktimato.b-cdn.net/OLDSITE/wp-content/uploads/2026/02/Thv-1586_Seaview-Villa-for-sale-in-Nea-Irakleia-Thessaloniki-22.webp?width=1200&format=webp&quality=82,2026-09-01,,2026-09-01,json-ld datePosted; sitemap lastmod,2026-09-28T19:37:43Z,2026-09-01,
ktimatoemporiki.gr,Ktimatoemporiki,https://ktimatoemporiki.gr/property/seaview-villa-for-sale-in-sithonia-chalkidiki-id-chv-479,Seaview Villa for sale in Sithonia Halkidiki,sale,,250000,136,3,,,"Sithonia, Halkidiki",,,https://ktimato.b-cdn.net/OLDSITE/wp-content/uploads/2021/01/Chv-479_ktimatoemporiki-Seaview-Villa-for-sale-in-Sithonia-Chalkidiki-9.jpg?width=1200&format=webp&quality=82,2026-09-01,,2026-09-01,json-ld datePosted; sitemap lastmod,2026-09-28T19:37:43Z,2026-09-01,
ktimatoemporiki.gr,Ktimatoemporiki,https://ktimatoemporiki.gr/property/seview-maisonette-for-sale-in-panorama-thessaloniki-id-th4-9363,Seaview Maisonette for sale in Panorama Thessaloniki,sale,,575000,230,3,,,"Panorama Thessaloniki, Thessaloniki",,,https://ktimato.b-cdn.net/OLDSITE/wp-content/uploads/2025/01/Th4-9363_Seview-Maisonette-for-sale-in-Panorama-Thessaloniki-1.webp?width=1200&format=webp&quality=82,2026-09-01,,2026-09-01,json-ld datePosted; sitemap lastmod,2026-09-28T19:37:43Z,2026-09-01,
ktimatoemporiki.gr,Ktimatoemporiki,https://ktimatoemporiki.gr/property/studio-apartment-for-sale-in-kamara-thessaloniki-id-th4-12831,Studio Apartment for sale in Kamara Thessaloniki,sale,,120000,30,1,,,"Kamara Thessaloniki, Thessaloniki",,,https://ktimato.b-cdn.net/OLDSITE/wp-content/uploads/2026/06/Th4-12831_Studio-Apartment-for-sale-in-Kamara-Thessaloniki-1.webp?width=1200&format=webp&quality=82,2026-09-01,,2026-09-01,json-ld datePosted; sitemap lastmod,2026-09-28T19:37:43Z,2026-09-01,
ktimatoemporiki.gr,Ktimatoemporiki,https://ktimatoemporiki.gr/property/studio-apartment-for-sale-in-thessaloniki-id-th4-12819,Studio Apartment for sale in Thessaloniki,sale,,70000,25,1,,,"Thessaloniki, Thessaloniki",,,https://ktimato.b-cdn.net/OLDSITE/wp-content/uploads/2026/05/Th4-12819_Studio-Apartment-for-sale-in-Thessaloniki-1.webp?width=1200&format=webp&quality=82,2026-09-01,,2026-09-01,json-ld datePosted; sitemap lastmod,2026-09-28T19:37:43Z,2026-09-01,
ktimatoemporiki.gr,Ktimatoemporiki,https://ktimatoemporiki.gr/property/studio-apartment-for-sale-in-thessaloniki-id-th4-13043,Studio Apartment for Sale in Thessaloniki,sale,,120000,25,1,,,"Thessaloniki, Thessaloniki",,,https://ktimato.b-cdn.net/OLDSITE/wp-content/uploads/2026/06/Th4-13043_Studio-Apartment-for-Sale-in-Thessaloniki-1.webp?width=1200&format=webp&quality=82,2026-09-01,,2026-09-01,json-ld datePosted; sitemap lastmod,2026-09-28T19:37:43Z,2026-09-01,
ktimatoemporiki.gr,Ktimatoemporiki,https://ktimatoemporiki.gr/property/studio-apartment-for-sale-in-triandria-thessaloniki-id-th4-12820,Studio Apartment for sale in Triandria Thessaloniki,sale,,65000,35,1,,,"Triandria Thessaloniki, Thessaloniki",,,https://ktimato.b-cdn.net/OLDSITE/wp-content/uploads/2026/05/Th4-12820_Studio-Apartment-for-sale-in-Triandria-Thessaloniki-4.webp?width=1200&format=webp&quality=82,2026-09-01,,2026-09-01,json-ld datePosted; sitemap lastmod,2026-09-28T19:37:43Z,2026-09-01,
ktimatoemporiki.gr,Ktimatoemporiki,https://ktimatoemporiki.gr/property/studio-for-sale-in-center-thessaloniki-id-th4-9179,Studio for sale in Center Thessaloniki,sale,,93000,30,1,,,"Center Thessaloniki, Thessaloniki",,,https://ktimato.b-cdn.net/OLDSITE/wp-content/uploads/2024/12/Th4-9179_Studio-for-sale-in-Center-Thessaloniki-1.jpg?width=1200&format=webp&quality=82,2026-09-01,,2026-09-01,json-ld datePosted; sitemap lastmod,2026-09-28T19:37:43Z,2026-09-01,
ktimatoemporiki.gr,Ktimatoemporiki,https://ktimatoemporiki.gr/property/studio-for-sale-in-thessaloniki-center-id-th4-8529,Studio for sale in Thessaloniki Center,sale,,90000,15,1,,,"Center Thessaloniki, Thessaloniki",,,https://ktimato.b-cdn.net/OLDSITE/wp-content/uploads/2024/10/Th4-8529_Studio-for-sale-in-Thessaloniki-Center-2.webp?width=1200&format=webp&quality=82,2026-09-01,,2026-09-01,json-ld datePosted; sitemap lastmod,2026-09-28T19:37:43Z,2026-09-01,
ktimatoemporiki.gr,Ktimatoemporiki,https://ktimatoemporiki.gr/property/studio-for-sale-in-thessaloniki-center-id-th4-9170,Studio for sale in Thessaloniki Center,sale,,130000,60,1,,,"Center Thessaloniki, Thessaloniki",,,https://ktimato.b-cdn.net/OLDSITE/wp-content/uploads/2024/12/Th4-9170_Studio-for-sale-in-Thessaloniki-Center-3.jpg?width=1200&format=webp&quality=82,2026-09-01,,2026-09-01,json-ld datePosted; sitemap lastmod,2026-09-28T19:37:43Z,2026-09-01,
ktimatoemporiki.gr,Ktimatoemporiki,https://ktimatoemporiki.gr/property/studio-for-sale-in-triandria-thessaloniki-id-th4-12821,Studio for sale in Triandria Thessaloniki,sale,,55000,19,1,,,"Triandria Thessaloniki, Thessaloniki",,,https://ktimato.b-cdn.net/OLDSITE/wp-content/uploads/2026/05/Th4-12821_Studio-for-sale-in-Triandria-Thessaloniki-5.webp?width=1200&format=webp&quality=82,2026-09-01,,2026-09-01,json-ld datePosted; sitemap lastmod,2026-09-28T19:37:43Z,2026-09-01,
ktimatoemporiki.gr,Ktimatoemporiki,https://ktimatoemporiki.gr/property/studio-in-thermi-thessaloniki-for-sale-id-th4-9560,Studio in Thermi Thessaloniki for sale,sale,,73000,28,1,,,"Thermi Thessaloniki, Thessaloniki",,,https://ktimato.b-cdn.net/OLDSITE/wp-content/uploads/2025/02/Th4-9560_Studio-in-Thermi-Thessaloniki-for-sale.jpg?width=1200&format=webp&quality=82,2026-09-01,,2026-09-01,json-ld datePosted; sitemap lastmod,2026-09-28T19:37:43Z,2026-09-01,
ktimatoemporiki.gr,Ktimatoemporiki,https://ktimatoemporiki.gr/property/studio-in-thessaloniki-center-for-sale-id-th4-9173,Studio in Thessaloniki Center for sale,sale,,92000,35,1,,,"Center Thessaloniki, Thessaloniki",,,https://ktimato.b-cdn.net/OLDSITE/wp-content/uploads/2024/12/Th4-9173_Studio-in-Thessaloniki-Center-for-sale-3.jpg?width=1200&format=webp&quality=82,2026-09-01,,2026-09-01,json-ld datePosted; sitemap lastmod,2026-09-28T19:37:43Z,2026-09-01,
ktimatoemporiki.gr,Ktimatoemporiki,https://ktimatoemporiki.gr/property/studio-in-thessaloniki-center-for-sale-id-th4-9263,Studio in Thessaloniki Center for sale,sale,,90000,29,1,,,"Vardaris - Lahanokipi, Thessaloniki",,,https://ktimato.b-cdn.net/OLDSITE/wp-content/uploads/2024/12/Th4-9263_Studio-in-Thessaloniki-Center-for-sale-3.webp?width=1200&format=webp&quality=82,2026-09-01,,2026-09-01,json-ld datePosted; sitemap lastmod,2026-09-28T19:37:43Z,2026-09-01,
ktimatoemporiki.gr,Ktimatoemporiki,https://ktimatoemporiki.gr/property/studio-in-thessaloniki-for-sale-id-th4-8530,Studio in Thessaloniki for sale,sale,,185000,60,1,,,"Faliro - Ippokratio, Thessaloniki",,,https://ktimato.b-cdn.net/OLDSITE/wp-content/uploads/2024/10/Th4-8530_Studio-in-Thessaloniki-for-sale-1.webp?width=1200&format=webp&quality=82,2026-09-01,,2026-09-01,json-ld datePosted; sitemap lastmod,2026-09-28T19:37:43Z,2026-09-01,
ktimatoemporiki.gr,Ktimatoemporiki,https://ktimatoemporiki.gr/property/ten-apartments-for-sale-in-thessaloniki-id-th4-9732,Ten Apartments for sale in Thessaloniki,sale,,1700000,470,10,,,"Charilaou, Thessaloniki",,,https://ktimato.b-cdn.net/OLDSITE/wp-content/uploads/2025/02/Th4-9732_Ten-Apartments-for-sale-in-Thessaloniki-1.webp?width=1200&format=webp&quality=82,2026-09-01,,2026-09-01,json-ld datePosted; sitemap lastmod,2026-09-28T19:37:43Z,2026-09-01,
ktimatoemporiki.gr,Ktimatoemporiki,https://ktimatoemporiki.gr/property/thermi-maisonette-for-sale-id-th4-8633,Thermi Maisonette for sale,sale,,480000,188,4,,,"Thermi Thessaloniki, Thessaloniki",,,https://ktimato.b-cdn.net/OLDSITE/wp-content/uploads/2024/11/Th4-8633_Thermi-Maisonette-for-sale-22.webp?width=1200&format=webp&quality=82,2026-09-01,,2026-09-01,json-ld datePosted; sitemap lastmod,2026-09-28T19:37:43Z,2026-09-01,
ktimatoemporiki.gr,Ktimatoemporiki,https://ktimatoemporiki.gr/property/thermi-thessaloniki-apartment-for-sale-id-th4-2921,Thermi Thessaloniki apartment for sale,sale,,180000,83,2,,,"Thermi Thessaloniki, Thessaloniki",,,https://ktimato.b-cdn.net/OLDSITE/wp-content/uploads/2021/12/TH4-2921_Thermi-Thessaloniki-apartment-for-sale-3.jpg?width=1200&format=webp&quality=82,2026-09-01,,2026-09-01,json-ld datePosted; sitemap lastmod,2026-09-28T19:37:43Z,2026-09-01,
ktimatoemporiki.gr,Ktimatoemporiki,https://ktimatoemporiki.gr/property/thermi-thessaloniki-apartment-for-sale-id-th4-9069,Thermi Thessaloniki Apartment for sale,sale,,160000,50,1,,,"Thermi Thessaloniki, Thessaloniki",,,https://ktimato.b-cdn.net/OLDSITE/wp-content/uploads/2024/12/Th4-9069_Thermi-Thessaloniki-Apartment-for-sale-3.jpg?width=1200&format=webp&quality=82,2026-09-01,,2026-09-01,json-ld datePosted; sitemap lastmod,2026-09-28T19:37:43Z,2026-09-01,
ktimatoemporiki.gr,Ktimatoemporiki,https://ktimatoemporiki.gr/property/thermi-thessaloniki-apartment-for-sale-id-th4-9077,Thermi Thessaloniki Apartment for sale,sale,,323000,106,3,,,"Thermi Thessaloniki, Thessaloniki",,,https://ktimato.b-cdn.net/OLDSITE/wp-content/uploads/2024/12/Th4-9077_Thermi-Thessaloniki-Apartment-for-sale-3.jpg?width=1200&format=webp&quality=82,2026-09-01,,2026-09-01,json-ld datePosted; sitemap lastmod,2026-09-28T19:37:43Z,2026-09-01,
ktimatoemporiki.gr,Ktimatoemporiki,https://ktimatoemporiki.gr/property/thermi-thessaloniki-apartment-for-sale-id-th4-9082,Thermi Thessaloniki Apartment for sale,sale,,370000,114,3,,,"Thermi Thessaloniki, Thessaloniki",,,https://ktimato.b-cdn.net/OLDSITE/wp-content/uploads/2024/12/Th4-9082_Thermi-Thessaloniki-Apartment-for-sale-7.jpg?width=1200&format=webp&quality=82,2026-09-01,,2026-09-01,json-ld datePosted; sitemap lastmod,2026-09-28T19:37:43Z,2026-09-01,
ktimatoemporiki.gr,Ktimatoemporiki,https://ktimatoemporiki.gr/property/thermi-thessaloniki-apartment-for-sale-id-th4-9381,Thermi Thessaloniki Apartment for sale,sale,,476000,170,3,,,"Thermi Thessaloniki, Thessaloniki",,,https://ktimato.b-cdn.net/OLDSITE/wp-content/uploads/2025/01/Th4-9381_Thermi-Thessaloniki-Apartment-for-sale-3.jpg?width=1200&format=webp&quality=82,2026-09-01,,2026-09-01,json-ld datePosted; sitemap lastmod,2026-09-28T19:37:43Z,2026-09-01,
ktimatoemporiki.gr,Ktimatoemporiki,https://ktimatoemporiki.gr/property/thermi-thessaloniki-for-sale-apartment-id-th4-2922,Thermi Thessaloniki for sale apartment,sale,,210000,106,2,,,"Thermi Thessaloniki, Thessaloniki",,,https://ktimato.b-cdn.net/OLDSITE/wp-content/uploads/2021/12/TH4-2922_Thermi-Thessaloniki-for-sale-apartment-1.jpg?width=1200&format=webp&quality=82,2026-09-01,,2026-09-01,json-ld datePosted; sitemap lastmod,2026-09-28T19:37:43Z,2026-09-01,
ktimatoemporiki.gr,Ktimatoemporiki,https://ktimatoemporiki.gr/property/thessaloniki-apartment-for-sale-id-th4-13045,Thessaloniki Apartment for Sale,sale,,147000,42,1,,,"Thessaloniki, Thessaloniki",,,https://ktimato.b-cdn.net/OLDSITE/wp-content/uploads/2026/06/Th4-13045_Thessaloniki-Apartment-for-Sale-7.webp?width=1200&format=webp&quality=82,2026-09-01,,2026-09-01,json-ld datePosted; sitemap lastmod,2026-09-28T19:37:43Z,2026-09-01,
ktimatoemporiki.gr,Ktimatoemporiki,https://ktimatoemporiki.gr/property/thessaloniki-apartment-for-sale-id-th4-2915,Thessaloniki apartment for sale,sale,,260000,145,3,,,"Thessaloniki, Thessaloniki",,,https://ktimato.b-cdn.net/OLDSITE/wp-content/uploads/2021/11/TH4-2915_Thessaloniki-apartment-for-sale-1.jpg?width=1200&format=webp&quality=82,2026-09-01,,2026-09-01,json-ld datePosted; sitemap lastmod,2026-09-28T19:37:43Z,2026-09-01,
ktimatoemporiki.gr,Ktimatoemporiki,https://ktimatoemporiki.gr/property/thessaloniki-apartment-for-sale-id-th4-9267,Thessaloniki Apartment for sale,sale,,110000,120,3,,,"Stavroupoli Thessaloniki, Thessaloniki",,,https://ktimato.b-cdn.net/OLDSITE/wp-content/uploads/2024/12/Th4-9267_Thessaloniki-Apartment-for-sale-1.jpg?width=1200&format=webp&quality=82,2026-09-01,,2026-09-01,json-ld datePosted; sitemap lastmod,2026-09-28T19:37:43Z,2026-09-01,
ktimatoemporiki.gr,Ktimatoemporiki,https://ktimatoemporiki.gr/property/thessaloniki-apartment-for-sale-id-th4-9303,Thessaloniki Apartment for sale,sale,,205000,90,2,,,"Evosmos Thessaloniki, Thessaloniki",,,https://ktimato.b-cdn.net/OLDSITE/wp-content/uploads/2024/12/Th4-9303_Thessaloniki-Apartment-for-sale-4.webp?width=1200&format=webp&quality=82,2026-09-01,,2026-09-01,json-ld datePosted; sitemap lastmod,2026-09-28T19:37:43Z,2026-09-01,
ktimatoemporiki.gr,Ktimatoemporiki,https://ktimatoemporiki.gr/property/thessaloniki-apartment-for-sale-id-th4-9308,Thessaloniki Apartment for sale,sale,,178000,89,2,,,"Evosmos Thessaloniki, Thessaloniki",,,https://ktimato.b-cdn.net/OLDSITE/wp-content/uploads/2024/12/Th4-9308_Thessaloniki-Apartment-for-sale.jpg?width=1200&format=webp&quality=82,2026-09-01,,2026-09-01,json-ld datePosted; sitemap lastmod,2026-09-28T19:37:43Z,2026-09-01,
ktimatoemporiki.gr,Ktimatoemporiki,https://ktimatoemporiki.gr/property/thessaloniki-apartment-for-sale-id-th4-9367,Thessaloniki Apartment for sale,sale,,98500,65,2,,,"Neapoli Thessaloniki, Thessaloniki",,,https://ktimato.b-cdn.net/OLDSITE/wp-content/uploads/2025/01/Th4-9367_Thessaloniki-Apartment-for-sale-11.webp?width=1200&format=webp&quality=82,2026-09-01,,2026-09-01,json-ld datePosted; sitemap lastmod,2026-09-28T19:37:43Z,2026-09-01,
ktimatoemporiki.gr,Ktimatoemporiki,https://ktimatoemporiki.gr/property/thessaloniki-apartment-for-sale-id-th4-9660,Thessaloniki Apartment for sale,sale,,150000,100,2,,,"Stavroupoli Thessaloniki, Thessaloniki",,,https://ktimato.b-cdn.net/OLDSITE/wp-content/uploads/2025/02/Th4-9660_Thessaloniki-Apartment-for-sale-11.jpg?width=1200&format=webp&quality=82,2026-09-01,,2026-09-01,json-ld datePosted; sitemap lastmod,2026-09-28T19:37:43Z,2026-09-01,
ktimatoemporiki.gr,Ktimatoemporiki,https://ktimatoemporiki.gr/property/thessaloniki-apartment-for-sale-id-th4-9662,Thessaloniki Apartment for sale,sale,,300000,130,3,,,"Charilaou, Thessaloniki",,,https://ktimato.b-cdn.net/OLDSITE/wp-content/uploads/2025/02/Th4-9662_Thessaloniki-Apartment-for-sale-2.webp?width=1200&format=webp&quality=82,2026-09-01,,2026-09-01,json-ld datePosted; sitemap lastmod,2026-09-28T19:37:43Z,2026-09-01,
ktimatoemporiki.gr,Ktimatoemporiki,https://ktimatoemporiki.gr/property/thessaloniki-apartment-for-sale-in-center-id-th4-3623,Thessaloniki Apartment for sale in Center,sale,,125000,70,2,,,"Center Thessaloniki, Thessaloniki",,,https://ktimato.b-cdn.net/OLDSITE/wp-content/uploads/2022/04/Th4-3623_Thessaloniki-Apartment-for-sale-in-Center-1.jpg?width=1200&format=webp&quality=82,2026-09-01,,2026-09-01,json-ld datePosted; sitemap lastmod,2026-09-28T19:37:43Z,2026-09-01,
ktimatoemporiki.gr,Ktimatoemporiki,https://ktimatoemporiki.gr/property/thessaloniki-apartment-for-sale-in-center-id-th4-3855,Thessaloniki Apartment for sale in center,sale,,118000,65,2,,,"Center Thessaloniki, Thessaloniki",,,https://ktimato.b-cdn.net/OLDSITE/wp-content/uploads/2022/06/Th4-3855_Thessaloniki-Apartment-for-sale-in-center-6.jpeg?width=1200&format=webp&quality=82,2026-09-01,,2026-09-01,json-ld datePosted; sitemap lastmod,2026-09-28T19:37:43Z,2026-09-01,
ktimatoemporiki.gr,Ktimatoemporiki,https://ktimatoemporiki.gr/property/thessaloniki-apartment-for-sale-in-greece-id-th4-2995,Thessaloniki Apartment for sale in Greece,sale,,270000,76,3,,,"Center Thessaloniki, Thessaloniki",,,https://ktimato.b-cdn.net/OLDSITE/wp-content/uploads/2022/01/Th4-2995_Thessaloniki-Apartment-for-sale-in-Greece-4.jpg?width=1200&format=webp&quality=82,2026-09-01,,2026-09-01,json-ld datePosted; sitemap lastmod,2026-09-28T19:37:43Z,2026-09-01,
ktimatoemporiki.gr,Ktimatoemporiki,https://ktimatoemporiki.gr/property/thessaloniki-apartment-for-sale-in-thermi-id-th4-3060,Thessaloniki Apartment for sale in Thermi,sale,,200000,114,3,,,"Thermi Thessaloniki, Thessaloniki",,,https://ktimato.b-cdn.net/OLDSITE/wp-content/uploads/2022/01/Th4-3060_Thessaloniki-Apartment-for-sale-in-Thermi-1.jpg?width=1200&format=webp&quality=82,2026-09-01,,2026-09-01,json-ld datePosted; sitemap lastmod,2026-09-28T19:37:43Z,2026-09-01,
ktimatoemporiki.gr,Ktimatoemporiki,https://ktimatoemporiki.gr/property/thessaloniki-apartment-for-sale-in-thermi-id-th4-9070,Thessaloniki Apartment for sale in Thermi,sale,,127000,38,1,,,"Thermi Thessaloniki, Thessaloniki",,,https://ktimato.b-cdn.net/OLDSITE/wp-content/uploads/2024/12/Th4-9070_Thessaloniki-Apartment-for-sale-in-Thermi-7.jpg?width=1200&format=webp&quality=82,2026-09-01,,2026-09-01,json-ld datePosted; sitemap lastmod,2026-09-28T19:37:43Z,2026-09-01,
ktimatoemporiki.gr,Ktimatoemporiki,https://ktimatoemporiki.gr/property/thessaloniki-apartment-for-sale-in-thermi-id-th4-9357,Thessaloniki Apartment for sale in Thermi,sale,,390000,140,3,,,"Thermi Thessaloniki, Thessaloniki",,,https://ktimato.b-cdn.net/OLDSITE/wp-content/uploads/2025/01/Th4-9357_Thessaloniki-Apartment-for-sale-in-Thermi-1.webp?width=1200&format=webp&quality=82,2026-09-01,,2026-09-01,json-ld datePosted; sitemap lastmod,2026-09-28T19:37:43Z,2026-09-01,
ktimatoemporiki.gr,Ktimatoemporiki,https://ktimatoemporiki.gr/property/thessaloniki-apartment-in-thermi-for-sale-id-th4-3062,Thessaloniki Apartment in Thermi for sale,sale,,218000,114,3,,,"Thermi Thessaloniki, Thessaloniki",,,https://ktimato.b-cdn.net/OLDSITE/wp-content/uploads/2022/01/Th4-3062_Thessaloniki-Apartment-in-Thermi-for-sale-1.jpg?width=1200&format=webp&quality=82,2026-09-01,,2026-09-01,json-ld datePosted; sitemap lastmod,2026-09-28T19:37:43Z,2026-09-01,
ktimatoemporiki.gr,Ktimatoemporiki,https://ktimatoemporiki.gr/property/thessaloniki-apartment-in-thermi-for-sale-id-th4-9071,Thessaloniki Apartment in Thermi for sale,sale,,250000,75,2,,,"Thermi Thessaloniki, Thessaloniki",,,https://ktimato.b-cdn.net/OLDSITE/wp-content/uploads/2024/12/Th4-9071_Thessaloniki-Apartment-in-Thermi-for-sale-5.jpg?width=1200&format=webp&quality=82,2026-09-01,,2026-09-01,json-ld datePosted; sitemap lastmod,2026-09-28T19:37:43Z,2026-09-01,
ktimatoemporiki.gr,Ktimatoemporiki,https://ktimatoemporiki.gr/property/thessaloniki-apartment-in-thermi-for-sale-id-th4-9079,Thessaloniki Apartment in Thermi for sale,sale,,337000,134,3,,,"Thermi Thessaloniki, Thessaloniki",,,https://ktimato.b-cdn.net/OLDSITE/wp-content/uploads/2024/12/Th4-9079_Thessaloniki-Apartment-for-sale-in-Thermi-5.jpg?width=1200&format=webp&quality=82,2026-09-01,,2026-09-01,json-ld datePosted; sitemap lastmod,2026-09-28T19:37:43Z,2026-09-01,
ktimatoemporiki.gr,Ktimatoemporiki,https://ktimatoemporiki.gr/property/thessaloniki-apartment-with-loft-for-sale-id-th4-2914,Thessaloniki apartment with loft for sale,sale,,290000,164,3,,,"Thermi Thessaloniki, Thessaloniki",,,https://ktimato.b-cdn.net/OLDSITE/wp-content/uploads/2021/11/TH4-2914_Thessaloniki-apartment-with-loft-for-sale-4.jpg?width=1200&format=webp&quality=82,2026-09-01,,2026-09-01,json-ld datePosted; sitemap lastmod,2026-09-28T19:37:43Z,2026-09-01,
ktimatoemporiki.gr,Ktimatoemporiki,https://ktimatoemporiki.gr/property/thessaloniki-center-apartment-for-sale-id-th4-9174,Thessaloniki Center Apartment for sale,sale,,127500,50,1,,,"Center Thessaloniki, Thessaloniki",,,https://ktimato.b-cdn.net/OLDSITE/wp-content/uploads/2024/12/Th4-9174_Thessaloniki-Center-Apartment-for-sale-1.jpg?width=1200&format=webp&quality=82,2026-09-01,,2026-09-01,json-ld datePosted; sitemap lastmod,2026-09-28T19:37:43Z,2026-09-01,
ktimatoemporiki.gr,Ktimatoemporiki,https://ktimatoemporiki.gr/property/thessaloniki-center-apartment-for-sale-id-th4-9185,Thessaloniki Center Apartment for sale,sale,,133000,60,1,,,"Center Thessaloniki, Thessaloniki",,,https://ktimato.b-cdn.net/OLDSITE/wp-content/uploads/2024/12/Th4-9185_Thessaloniki-Center-Apartment-for-sale-3.jpg?width=1200&format=webp&quality=82,2026-09-01,,2026-09-01,json-ld datePosted; sitemap lastmod,2026-09-28T19:37:43Z,2026-09-01,
ktimatoemporiki.gr,Ktimatoemporiki,https://ktimatoemporiki.gr/property/thessaloniki-center-one-bedroom-apartment-for-sale-id-th4-9178,Thessaloniki Center One Bedroom Apartment for sale,sale,,122500,43,1,,,"Center Thessaloniki, Thessaloniki",,,https://ktimato.b-cdn.net/OLDSITE/wp-content/uploads/2024/12/Th4-9178_Thessaloniki-Center-One-Bedroom-Apartment-for-sale-1.jpg?width=1200&format=webp&quality=82,2026-09-01,,2026-09-01,json-ld datePosted; sitemap lastmod,2026-09-28T19:37:43Z,2026-09-01,
ktimatoemporiki.gr,Ktimatoemporiki,https://ktimatoemporiki.gr/property/thessaloniki-city-center-apartment-for-sale-id-th4-9441,Thessaloniki City Center Apartment for sale,sale,,130000,50,1,,,"Center Thessaloniki, Thessaloniki",,,https://ktimato.b-cdn.net/OLDSITE/wp-content/uploads/2025/01/Th4-9441_Thessaloniki-City-Center-Apartment-for-sale-1.jpg?width=1200&format=webp&quality=82,2026-09-01,,2026-09-01,json-ld datePosted; sitemap lastmod,2026-09-28T19:37:43Z,2026-09-01,
ktimatoemporiki.gr,Ktimatoemporiki,https://ktimatoemporiki.gr/property/thessaloniki-city-center-apartment-for-sale-id-th4-9664,Thessaloniki City Center Apartment for sale,sale,,180000,52,1,,,"Center Thessaloniki, Thessaloniki",,,https://ktimato.b-cdn.net/OLDSITE/wp-content/uploads/2025/02/Th4-9664_Thessaloniki-City-Center-Apartment-for-sale-9.webp?width=1200&format=webp&quality=82,2026-09-01,,2026-09-01,json-ld datePosted; sitemap lastmod,2026-09-28T19:37:43Z,2026-09-01,
ktimatoemporiki.gr,Ktimatoemporiki,https://ktimatoemporiki.gr/property/thessaloniki-commercial-space-for-sale-id-ch6-351,Thessaloniki Commercial Space for sale,sale,,700000,371,,,,"Center Thessaloniki, Thessaloniki",,,https://ktimato.b-cdn.net/OLDSITE/wp-content/uploads/2022/07/Ch6-351_Thessaloniki-Commercial-Space-for-1.jpg?width=1200&format=webp&quality=82,2026-09-01,,2026-09-01,json-ld datePosted; sitemap lastmod,2026-09-28T19:37:43Z,2026-09-01,
ktimatoemporiki.gr,Ktimatoemporiki,https://ktimatoemporiki.gr/property/thessaloniki-duplex-apartment-for-sale-in-ano-toumpa-id-th4-3638,Thessaloniki Duplex Apartment for sale in Ano Toumpa,sale,,240000,97,2,,,"Ano Toumpa, Thessaloniki",,,https://ktimato.b-cdn.net/OLDSITE/wp-content/uploads/2022/04/Th4-3638_Thessaloniki-Duplex-Apartment-for-sale-in-Ano-Toumpa-1.jpg?width=1200&format=webp&quality=82,2026-09-01,,2026-09-01,json-ld datePosted; sitemap lastmod,2026-09-28T19:37:43Z,2026-09-01,
ktimatoemporiki.gr,Ktimatoemporiki,https://ktimatoemporiki.gr/property/thessaloniki-konstantinopolitika-apartment-for-sale-id-th4-3045,Thessaloniki Konstantinopolitika Apartment for sale,sale,,360000,96,3,,,"Ano Toumpa, Thessaloniki",,,https://ktimato.b-cdn.net/OLDSITE/wp-content/uploads/2022/01/Th4-3045_Thessaloniki-Konstantinopolitika-Apartment-for-sale-1.jpg?width=1200&format=webp&quality=82,2026-09-01,,2026-09-01,json-ld datePosted; sitemap lastmod,2026-09-28T19:37:43Z,2026-09-01,
ktimatoemporiki.gr,Ktimatoemporiki,https://ktimatoemporiki.gr/property/thessaloniki-luxury-apartment-for-sale-id-th4-8576,Thessaloniki Luxury Apartment for sale,sale,,420000,110,3,,,"Voulgari - Ntepo - Martiou, Thessaloniki",,,https://ktimato.b-cdn.net/OLDSITE/wp-content/uploads/2024/10/Th4-8576_Thessaloniki-Luxury-Apartment-for-sale-3.webp?width=1200&format=webp&quality=82,2026-09-01,,2026-09-01,json-ld datePosted; sitemap lastmod,2026-09-28T19:37:43Z,2026-09-01,
ktimatoemporiki.gr,Ktimatoemporiki,https://ktimatoemporiki.gr/property/thessaloniki-luxury-apartment-for-sale-in-ano-toumpa-id-th4-3635,Thessaloniki Luxury Apartment for sale in Ano Toumpa,sale,,140000,63,1,,,"Ano Toumpa, Thessaloniki",,,https://ktimato.b-cdn.net/OLDSITE/wp-content/uploads/2022/04/Th4-3635_Thessaloniki-Luxury-Apartment-for-sale-in-Ano-Toumpa.jpg?width=1200&format=webp&quality=82,2026-09-01,,2026-09-01,json-ld datePosted; sitemap lastmod,2026-09-28T19:37:43Z,2026-09-01,
ktimatoemporiki.gr,Ktimatoemporiki,https://ktimatoemporiki.gr/property/thessaloniki-luxury-maisonette-for-sale-id-th4-8566,Thessaloniki Luxury Maisonette for sale,sale,,385000,115,3,,,"Evosmos Thessaloniki, Thessaloniki",,,https://ktimato.b-cdn.net/OLDSITE/wp-content/uploads/2024/10/Th4-8566_Thessaloniki-Luxury-Maisonette-for-sale-1.png?width=1200&format=webp&quality=82,2026-09-01,,2026-09-01,json-ld datePosted; sitemap lastmod,2026-09-28T19:37:43Z,2026-09-01,
ktimatoemporiki.gr,Ktimatoemporiki,https://ktimatoemporiki.gr/property/thessaloniki-luxury-seaview-apartment-for-sale-id-th4-8991,Thessaloniki Luxury Seaview Apartment for sale,sale,,470000,114,3,,,"Charilaou, Thessaloniki",,,https://ktimato.b-cdn.net/OLDSITE/wp-content/uploads/2024/11/Th4-8991_Thessaloniki-Luxury-Seaview-Apartment-for-sale-2.jpg?width=1200&format=webp&quality=82,2026-09-01,,2026-09-01,json-ld datePosted; sitemap lastmod,2026-09-28T19:37:43Z,2026-09-01,
ktimatoemporiki.gr,Ktimatoemporiki,https://ktimatoemporiki.gr/property/thessaloniki-luxury-villa-for-sale-in-panorama-id-thv-612,Thessaloniki Luxury Villa for sale in Panorama,sale,,1750000,800,3,,,"Panorama Thessaloniki, Thessaloniki",,,https://ktimato.b-cdn.net/OLDSITE/wp-content/uploads/2021/12/Thv-612_Thessaloniki-Luxury-Villa-for-sale-in-Panorama-4.jpg?width=1200&format=webp&quality=82,2026-09-01,,2026-09-01,json-ld datePosted; sitemap lastmod,2026-09-28T19:37:43Z,2026-09-01,
ktimatoemporiki.gr,Ktimatoemporiki,https://ktimatoemporiki.gr/property/thessaloniki-off-plan-prefabricated-house-for-sale-id-th4-8867,Thessaloniki Off-plan Prefabricated House for sale,sale,,114000,69,2,,,"Thessaloniki, Thessaloniki",,,https://ktimato.b-cdn.net/OLDSITE/wp-content/uploads/2024/11/Th4-8867_Thessaloniki-Off-plan-Prefabricated-House-for-sale-1.jpg?width=1200&format=webp&quality=82,2026-09-01,,2026-09-01,json-ld datePosted; sitemap lastmod,2026-09-28T19:37:43Z,2026-09-01,
ktimatoemporiki.gr,Ktimatoemporiki,https://ktimatoemporiki.gr/property/thessaloniki-penthouse-in-center-for-sale-id-th4-3611,Thessaloniki penthouse in Center for sale,sale,,178000,60,1,,,"Center Thessaloniki, Thessaloniki",,,https://ktimato.b-cdn.net/OLDSITE/wp-content/uploads/2022/04/Th4-3611_Thessaloniki-penthouse-in-Center-for-sale-5.jpg?width=1200&format=webp&quality=82,2026-09-01,,2026-09-01,json-ld datePosted; sitemap lastmod,2026-09-28T19:37:43Z,2026-09-01,
ktimatoemporiki.gr,Ktimatoemporiki,https://ktimatoemporiki.gr/property/thessaloniki-prefabricated-off-plan-house-for-sale-id-th4-8870,Thessaloniki Prefabricated Off-plan House for sale,sale,,71000,46,1,,,"Thessaloniki, Thessaloniki",,,https://ktimato.b-cdn.net/OLDSITE/wp-content/uploads/2024/11/Th4-8870_Thessaloniki-Prefabricated-Off-plan-House-for-sale-2.jpg?width=1200&format=webp&quality=82,2026-09-01,,2026-09-01,json-ld datePosted; sitemap lastmod,2026-09-28T19:37:43Z,2026-09-01,
ktimatoemporiki.gr,Ktimatoemporiki,https://ktimatoemporiki.gr/property/thessaloniki-seaview-apartment-for-sale-id-th4-8755,Thessaloniki Seaview Apartment for sale,sale,,600000,140,3,,,"Analipsi - Mpotsari - Nea Paralia, Thessaloniki",,,https://ktimato.b-cdn.net/OLDSITE/wp-content/uploads/2024/11/Th4-8755_Thessaloniki-Seaview-Apartment-for-sale-18.webp?width=1200&format=webp&quality=82,2026-09-01,,2026-09-01,json-ld datePosted; sitemap lastmod,2026-09-28T19:37:43Z,2026-09-01,
ktimatoemporiki.gr,Ktimatoemporiki,https://ktimatoemporiki.gr/property/thessaloniki-studo-apartment-for-sale-id-th4-13046,Thessaloniki Studo Apartment for Sale,sale,,110000,27,1,,,"Thessaloniki, Thessaloniki",,,https://ktimato.b-cdn.net/OLDSITE/wp-content/uploads/2026/06/Th4-13046_Thessaliniki-Studio-Apartment-for-Sale-4.webp?width=1200&format=webp&quality=82,2026-09-01,,2026-09-01,json-ld datePosted; sitemap lastmod,2026-09-28T19:37:43Z,2026-09-01,
ktimatoemporiki.gr,Ktimatoemporiki,https://ktimatoemporiki.gr/property/thessaloniki-thermi-apartment-for-sale-id-th4-9074,Thessaloniki Thermi Apartment for sale,sale,,275000,86,2,,,"Thermi Thessaloniki, Thessaloniki",,,https://ktimato.b-cdn.net/OLDSITE/wp-content/uploads/2024/12/Th4-9074_Thessaloniki-Thermi-Apartment-for-sale-7.jpg?width=1200&format=webp&quality=82,2026-09-01,,2026-09-01,json-ld datePosted; sitemap lastmod,2026-09-28T19:37:43Z,2026-09-01,
ktimatoemporiki.gr,Ktimatoemporiki,https://ktimatoemporiki.gr/property/thessaloniki-three-bedroom-luxury-maisonette-for-sale-id-th4-8570,Thessaloniki Three Bedroom Luxury Maisonette for sale,sale,,410000,120,3,,,"Evosmos Thessaloniki, Thessaloniki",,,https://ktimato.b-cdn.net/OLDSITE/wp-content/uploads/2024/10/Th4-8570_Thessaloniki-Three-Bedroom-Luxury-Maisonette-for-sale-1.png?width=1200&format=webp&quality=82,2026-09-01,,2026-09-01,json-ld datePosted; sitemap lastmod,2026-09-28T19:37:43Z,2026-09-01,
ktimatoemporiki.gr,Ktimatoemporiki,https://ktimatoemporiki.gr/property/thessaloniki-villa-for-sale-id-thv-1176,Thessaloniki Villa for sale,sale,,890000,260,3,,,"Mikra, Thessaloniki",,,https://ktimato.b-cdn.net/OLDSITE/wp-content/uploads/2024/10/ThV-1176_Thessaloniki-Villa-for-sale-2.jpg?width=1200&format=webp&quality=82,2026-09-01,,2026-09-01,json-ld datePosted; sitemap lastmod,2026-09-28T19:37:43Z,2026-09-01,
ktimatoemporiki.gr,Ktimatoemporiki,https://ktimatoemporiki.gr/property/three-bedroom-apartment-for-sale-in-the-center-of-thessaloniki-id-th4-12597,Three Bedroom Apartment for Sale in the center of Thessaloniki,sale,,210000,100,3,,,"Center Thessaloniki, Thessaloniki",,,https://ktimato.b-cdn.net/OLDSITE/wp-content/uploads/2026/03/Th4-12597_Three-Bedroom-Apartment-for-Sale-in-the-center-of-Thessaloniki-19.png?width=1200&format=webp&quality=82,2026-09-01,,2026-09-01,json-ld datePosted; sitemap lastmod,2026-09-28T19:37:43Z,2026-09-01,
ktimatoemporiki.gr,Ktimatoemporiki,https://ktimatoemporiki.gr/property/three-bedroom-apartment-for-sale-in-thessaloniki-id-th4-8534,Three Bedroom Apartment for sale in Thessaloniki,sale,,550000,168,3,,,"Analipsi - Mpotsari - Nea Paralia, Thessaloniki",,,https://ktimato.b-cdn.net/OLDSITE/wp-content/uploads/2024/10/Th4-8534_Three-Bedroom-Apartment-for-sale-in-Thessaloniki-20.webp?width=1200&format=webp&quality=82,2026-09-01,,2026-09-01,json-ld datePosted; sitemap lastmod,2026-09-28T19:37:43Z,2026-09-01,
ktimatoemporiki.gr,Ktimatoemporiki,https://ktimatoemporiki.gr/property/three-bedroom-apartment-for-sale-in-thessaloniki-id-th4-9309,Three Bedroom Apartment for sale in Thessaloniki,sale,,231000,105,3,,,"Evosmos Thessaloniki, Thessaloniki",,,https://ktimato.b-cdn.net/OLDSITE/wp-content/uploads/2024/12/Th4-9309_Three-Bedroom-Apartment-for-sale-in-Thessaloniki.jpg?width=1200&format=webp&quality=82,2026-09-01,,2026-09-01,json-ld datePosted; sitemap lastmod,2026-09-28T19:37:43Z,2026-09-01,
ktimatoemporiki.gr,Ktimatoemporiki,https://ktimatoemporiki.gr/property/three-bedroom-apartment-in-thessaloniki-for-sale-id-th4-8551,Three Bedroom Apartment in Thessaloniki for sale,sale,,185000,92,3,,,"Voulgari - Ntepo - Martiou, Thessaloniki",,,https://ktimato.b-cdn.net/OLDSITE/wp-content/uploads/2024/10/Th4-8551_Three-Bedroom-Apartment-in-Thessaloniki-for-sale-5.jpg?width=1200&format=webp&quality=82,2026-09-01,,2026-09-01,json-ld datePosted; sitemap lastmod,2026-09-28T19:37:43Z,2026-09-01,
ktimatoemporiki.gr,Ktimatoemporiki,https://ktimatoemporiki.gr/property/traditional-hotel-with-6-rooms-for-sale-in-sithonia-halkidiki-id-ch2-662,Traditional Hotel with 6 Rooms for sale in Sithonia Halkidiki,sale,,700000,250,6,,,"Sithonia Halkidiki, Halkidiki",,,https://ktimato.b-cdn.net/OLDSITE/wp-content/uploads/2023/12/Ch2-662_Traditional-Hotel-with-6-Rooms-for-sale-in-Sithonia-Halkidiki-9.jpg?width=1200&format=webp&quality=82,2026-09-01,,2026-09-01,json-ld datePosted; sitemap lastmod,2026-09-28T19:37:43Z,2026-09-01,
ktimatoemporiki.gr,Ktimatoemporiki,https://ktimatoemporiki.gr/property/two-apartments-for-golden-visa-in-thessaloniki-for-sale-id-th4-11403,Two Apartments for Golden Visa in Thessaloniki for sale,sale,,250000,92,2,,,"Center Thessaloniki, Thessaloniki",,,https://ktimato.b-cdn.net/OLDSITE/wp-content/uploads/2025/09/Th4-11403_Two-Apartments-for-Golden-Visa-in-Thessaloniki-for-sale-15.jpg?width=1200&format=webp&quality=82,2026-10-02,,2026-10-02,json-ld datePosted; sitemap lastmod,2026-10-02T16:56:38Z,2026-10-02,2026-10-02
ktimatoemporiki.gr,Ktimatoemporiki,https://ktimatoemporiki.gr/property/two-apartments-for-sale-in-thessaloniki-center-id-th4-9419,Two Apartments for sale in Thessaloniki Center,sale,,285000,95,2,,,"Center Thessaloniki, Thessaloniki",,,https://ktimato.b-cdn.net/OLDSITE/wp-content/uploads/2025/01/Th4-9419_Two-Apartments-for-sale-in-Thessaloniki-Center-1.webp?width=1200&format=webp&quality=82,2026-09-01,,2026-09-01,json-ld datePosted; sitemap lastmod,2026-09-28T19:37:43Z,2026-09-01,
ktimatoemporiki.gr,Ktimatoemporiki,https://ktimatoemporiki.gr/property/two-apartments-for-sale-in-thessaloniki-id-th4-12556,Two Apartments for Sale in Thessaloniki,sale,,196000,86,2,,,"Center of Thessaloniki, Thessaloniki",,,https://ktimato.b-cdn.net/OLDSITE/wp-content/uploads/2026/02/Th4-12556_Two-Apartments-for-Sale-in-Thessaloniki-6.jpeg?width=1200&format=webp&quality=82,2026-09-01,,2026-09-01,json-ld datePosted; sitemap lastmod,2026-09-28T19:37:43Z,2026-09-01,
ktimatoemporiki.gr,Ktimatoemporiki,https://ktimatoemporiki.gr/property/two-bedroom-apartment-for-sale-in-kalamaria-id-th4-12681,Two Bedroom Apartment for sale in Kalamaria,sale,,230000,73,2,,,"Kalamaria, Thessaloniki",,,https://ktimato.b-cdn.net/OLDSITE/wp-content/uploads/2026/03/Th4-12681_Two-Bedroom-Apartment-for-sale-in-Kalamaria-24.webp?width=1200&format=webp&quality=82,2026-09-01,,2026-09-01,json-ld datePosted; sitemap lastmod,2026-09-28T19:37:43Z,2026-09-01,
ktimatoemporiki.gr,Ktimatoemporiki,https://ktimatoemporiki.gr/property/two-bedroom-apartment-for-sale-in-nea-paralia-thessaloniki-id-th4-12599,Two Bedroom Apartment for Sale in Nea Paralia Thessaloniki,sale,,200000,80,2,,,"Nea Paralia Thessaloniki, Thessaloniki",,,https://ktimato.b-cdn.net/OLDSITE/wp-content/uploads/2026/03/Th4-12599_Two-Bedroom-Apartment-for-Sale-in-Nea-Paralia-Thessaloniki-1.webp?width=1200&format=webp&quality=82,2026-09-01,,2026-09-01,json-ld datePosted; sitemap lastmod,2026-09-28T19:37:43Z,2026-09-01,
ktimatoemporiki.gr,Ktimatoemporiki,https://ktimatoemporiki.gr/property/two-bedroom-apartment-for-sale-in-thessaloniki-id-th4-12684,Two Bedroom Apartment for sale in Thessaloniki,sale,,195000,86,2,,,"Center Thessaloniki, Thessaloniki",,,https://ktimato.b-cdn.net/OLDSITE/wp-content/uploads/2026/03/Th4-12684_Two-Bedroom-Apartment-for-sale-in-Thessaloniki-25.webp?width=1200&format=webp&quality=82,2026-09-01,,2026-09-01,json-ld datePosted; sitemap lastmod,2026-09-28T19:37:43Z,2026-09-01,
ktimatoemporiki.gr,Ktimatoemporiki,https://ktimatoemporiki.gr/property/two-bedroom-apartment-for-sale-in-thessaloniki-id-th4-8592,Two Bedroom Apartment for sale in Thessaloniki,sale,,345000,100,2,,,"Voulgari - Ntepo - Martiou, Thessaloniki",,,https://ktimato.b-cdn.net/OLDSITE/wp-content/uploads/2024/10/Th4-8592_Two-Bedroom-Apartment-for-sale-in-Thessaloniki-1.webp?width=1200&format=webp&quality=82,2026-09-01,,2026-09-01,json-ld datePosted; sitemap lastmod,2026-09-28T19:37:43Z,2026-09-01,
ktimatoemporiki.gr,Ktimatoemporiki,https://ktimatoemporiki.gr/property/two-bedroom-seaside-apartment-for-sale-in-halkidiki-id-h4-8810,Two Bedroom Seaside Apartment for sale in Halkidiki,sale,,205000,68,2,,,"Kassandra, Halkidiki",,,https://ktimato.b-cdn.net/OLDSITE/wp-content/uploads/2024/11/H4-8810_Two-Bedroom-Seaside-Apartment-for-sale-in-Halkidiki-2.png?width=1200&format=webp&quality=82,2026-09-01,,2026-09-01,json-ld datePosted; sitemap lastmod,2026-09-28T19:37:43Z,2026-09-01,
ktimatoemporiki.gr,Ktimatoemporiki,https://ktimatoemporiki.gr/property/two-bedroom-seaside-apartment-in-halkidiki-for-sale-id-h4-8814,Two Bedroom Seaside Apartment in Halkidiki for sale,sale,,202000,65,2,,,"Kassandra, Halkidiki",,,https://ktimato.b-cdn.net/OLDSITE/wp-content/uploads/2024/11/H4-8814_Two-Bedroom-Seaside-Apartment-in-Halkidiki-for-sale-3.png?width=1200&format=webp&quality=82,2026-09-01,,2026-09-01,json-ld datePosted; sitemap lastmod,2026-09-28T19:37:43Z,2026-09-01,
ktimatoemporiki.gr,Ktimatoemporiki,https://ktimatoemporiki.gr/property/two-houses-for-sale-near-thessaloniki-id-th4-3919,Two houses for sale near Thessaloniki,sale,,195000,206,4,,,"Oreokastro-Migdonia, Thessaloniki",,,https://ktimato.b-cdn.net/OLDSITE/wp-content/uploads/2022/07/Th4-3919_Two-houses-for-sale-near-Thessaloniki-2.jpg?width=1200&format=webp&quality=82,2026-09-01,,2026-09-01,json-ld datePosted; sitemap lastmod,2026-09-28T19:37:43Z,2026-09-01,
ktimatoemporiki.gr,Ktimatoemporiki,https://ktimatoemporiki.gr/property/two-luxury-villas-for-sale-in-halkidiki-id-hv-1232,Two Luxury Villas for sale in Halkidiki,sale,,1600000,390,6,,,"Kassandra, Halkidiki",,,https://ktimato.b-cdn.net/OLDSITE/wp-content/uploads/2024/12/Hv-1232_Two-Luxury-Villas-for-sale-in-Halkidiki-5.webp?width=1200&format=webp&quality=82,2026-09-01,,2026-09-01,json-ld datePosted; sitemap lastmod,2026-09-28T19:37:43Z,2026-09-01,
ktimatoemporiki.gr,Ktimatoemporiki,https://ktimatoemporiki.gr/property/two-luxury-villas-for-sale-in-oreokastro-thessaloniki-id-thv-1251,Two Luxury Villas for sale in Oreokastro Thessaloniki,sale,,4200000,1200,16,,,"Oreokastro-Migdonia, Thessaloniki",,,https://ktimato.b-cdn.net/OLDSITE/wp-content/uploads/2024/12/Thv-1251_Two-Luxury-Villas-for-sale-in-Oreokastro-Thessaloniki-2.webp?width=1200&format=webp&quality=82,2026-09-01,,2026-09-01,json-ld datePosted; sitemap lastmod,2026-09-28T19:37:43Z,2026-09-01,
ktimatoemporiki.gr,Ktimatoemporiki,https://ktimatoemporiki.gr/property/two-maisonettes-for-sale-in-pylaia-thessaloniki-id-th4-9354,Two Maisonettes for sale in Pylaia Thessaloniki,sale,,570000,360,6,,,"Pylaia - Chortiatis, Thessaloniki",,,https://ktimato.b-cdn.net/OLDSITE/wp-content/uploads/2025/01/Th4-9354_Two-Maisonettes-for-sale-in-Pylaia-Thessaloniki.jpg?width=1200&format=webp&quality=82,2026-09-01,,2026-09-01,json-ld datePosted; sitemap lastmod,2026-09-28T19:37:43Z,2026-09-01,
ktimatoemporiki.gr,Ktimatoemporiki,https://ktimatoemporiki.gr/property/villa-for-sale-in-afytos-halkidiki-id-hv-1649,"Villa for Sale in Afytos, Halkidiki",sale,,345000,120,2,,,"Kassandra, Halkidiki",,,https://ktimato.b-cdn.net/OLDSITE/wp-content/uploads/2026/07/Hv-1649_Villa-for-Sale-in-Afytos-Halkidiki-6.webp?width=1200&format=webp&quality=82,2026-09-01,,2026-09-01,json-ld datePosted; sitemap lastmod,2026-09-28T19:37:43Z,2026-09-01,
ktimatoemporiki.gr,Ktimatoemporiki,https://ktimatoemporiki.gr/property/villa-for-sale-in-epanomi-thessaloniki-id-th4-8593,Villa for sale in Epanomi Thessaloniki,sale,,1500000,500,6,,,"Epanomi, Thessaloniki",,,https://ktimato.b-cdn.net/OLDSITE/wp-content/uploads/2024/10/Th4-8593_Villa-for-sale-in-Epanomi-Thessaloniki-11.webp?width=1200&format=webp&quality=82,2026-09-01,,2026-09-01,json-ld datePosted; sitemap lastmod,2026-09-28T19:37:43Z,2026-09-01,
ktimatoemporiki.gr,Ktimatoemporiki,https://ktimatoemporiki.gr/property/villa-for-sale-in-halkidiki-id-hv-1214,Villa for sale in Halkidiki,sale,,1150000,175,4,,,"Toroni Halkidiki, Halkidiki",,,https://ktimato.b-cdn.net/OLDSITE/wp-content/uploads/2024/11/Hv-1214_Villa-for-sale-in-Halkidiki-9.webp?width=1200&format=webp&quality=82,2026-09-01,,2026-09-01,json-ld datePosted; sitemap lastmod,2026-09-28T19:37:43Z,2026-09-01,
ktimatoemporiki.gr,Ktimatoemporiki,https://ktimatoemporiki.gr/property/villa-for-sale-in-halkidiki-id-hv-999,Villa for sale in Halkidiki,sale,,750000,205,4,,,"Halkidiki, Halkidiki",,,https://ktimato.b-cdn.net/OLDSITE/wp-content/uploads/2024/03/Hv-999_Ktimatoemporiki-Villa-for-sale-in-Halkidiki-19.jpg?width=1200&format=webp&quality=82,2026-09-01,,2026-09-01,json-ld datePosted; sitemap lastmod,2026-09-28T19:37:43Z,2026-09-01,
ktimatoemporiki.gr,Ktimatoemporiki,https://ktimatoemporiki.gr/property/villa-for-sale-in-kassandra-halkidiki-id-chv-580,Villa for sale in Kassandra Halkidiki,sale,,800000,170,4,,,"Kassandra, Halkidiki",,,https://ktimato.b-cdn.net/OLDSITE/wp-content/uploads/2021/11/Chv-580_Villa-for-sale-in-Kassandra-Halkidiki-6.jpg?width=1200&format=webp&quality=82,2026-09-01,,2026-09-01,json-ld datePosted; sitemap lastmod,2026-09-28T19:37:43Z,2026-09-01,
ktimatoemporiki.gr,Ktimatoemporiki,https://ktimatoemporiki.gr/property/villa-for-sale-in-panorama-thessaloniki-id-th4-8590,Villa for sale in Panorama Thessaloniki,sale,,665000,150,4,,,"Panorama Thessaloniki, Thessaloniki",,,https://ktimato.b-cdn.net/OLDSITE/wp-content/uploads/2024/10/Th4-8590_Villa-for-sale-in-Panorama-Thessaloniki-12.webp?width=1200&format=webp&quality=82,2026-09-01,,2026-09-01,json-ld datePosted; sitemap lastmod,2026-09-28T19:37:43Z,2026-09-01,
ktimatoemporiki.gr,Ktimatoemporiki,https://ktimatoemporiki.gr/property/villa-for-sale-in-panorama-thessaloniki-id-thv-1164,Villa for sale in Panorama Thessaloniki,sale,,1500000,470,5,,,"Panorama, Thessaloniki",,,https://ktimato.b-cdn.net/OLDSITE/wp-content/uploads/2024/10/ThV-1164_Villa-for-sale-in-Panorama-Thessaloniki-6.jpg?width=1200&format=webp&quality=82,2026-09-01,,2026-09-01,json-ld datePosted; sitemap lastmod,2026-09-28T19:37:43Z,2026-09-01,
ktimatoemporiki.gr,Ktimatoemporiki,https://ktimatoemporiki.gr/property/villa-for-sale-in-peraia-thessaloniki-id-thv-1588,Villa for Sale in Peraia Thessaloniki,sale,,650000,290,5,,,"Peraia Thessaloniki, Thessaloniki",,,https://ktimato.b-cdn.net/OLDSITE/wp-content/uploads/2026/02/Thv-1588_Villa-for-Sale-in-Peraia-Thessaloniki-26.jpg?width=1200&format=webp&quality=82,2026-09-01,,2026-09-01,json-ld datePosted; sitemap lastmod,2026-09-28T19:37:43Z,2026-09-01,
ktimatoemporiki.gr,Ktimatoemporiki,https://ktimatoemporiki.gr/property/villa-for-sale-in-thessaloniki-id-thv-1177,Villa for sale in Thessaloniki,sale,,850000,550,5,,,"Mikra, Thessaloniki",,,https://ktimato.b-cdn.net/OLDSITE/wp-content/uploads/2024/10/ThV-1177_Villa-for-sale-in-Thessaloniki-1.jpg?width=1200&format=webp&quality=82,2026-09-01,,2026-09-01,json-ld datePosted; sitemap lastmod,2026-09-28T19:37:43Z,2026-09-01,
ktimatoemporiki.gr,Ktimatoemporiki,https://ktimatoemporiki.gr/property/villa-for-sale-in-thessaloniki-id-thv-1587,Villa for Sale in Thessaloniki,sale,,450000,235,6,,,"Choriatis Thessaloniki, Thessaloniki",,,https://ktimato.b-cdn.net/OLDSITE/wp-content/uploads/2026/02/Thv-1587_Villa-for-Sale-in-Thessaloniki-1.webp?width=1200&format=webp&quality=82,2026-09-01,,2026-09-01,json-ld datePosted; sitemap lastmod,2026-09-28T19:37:43Z,2026-09-01,
ktimatoemporiki.gr,Ktimatoemporiki,https://ktimatoemporiki.gr/property/villa-for-sale-in-trilofos-thessaloniki-id-thv-1585,Villa for Sale in Trilofos Thessaloniki,sale,,550000,250,4,,,"Trilofos Thessaloniki, Thessaloniki",,,https://ktimato.b-cdn.net/OLDSITE/wp-content/uploads/2026/02/Thv-1585_Villa-for-Sale-in-Trilofos-Thessaloniki-12.webp?width=1200&format=webp&quality=82,2026-09-01,,2026-09-01,json-ld datePosted; sitemap lastmod,2026-09-28T19:37:43Z,2026-09-01,
ktimatoemporiki.gr,Ktimatoemporiki,https://ktimatoemporiki.gr/property/villa-in-chalkidiki-for-sale-id-hv-997,Villa in Chalkidiki for sale,sale,,3300000,480,7,,,"Halkidiki, Halkidiki",,,https://ktimato.b-cdn.net/OLDSITE/wp-content/uploads/2024/02/Hv-997_Villa-in-Chalkidiki-for-sale-1.jpg?width=1200&format=webp&quality=82,2026-09-01,,2026-09-01,json-ld datePosted; sitemap lastmod,2026-09-28T19:37:43Z,2026-09-01,
ktimatoemporiki.gr,Ktimatoemporiki,https://ktimatoemporiki.gr/property/villa-in-thessaloniki-for-sale-id-thv-1175,Villa in Thessaloniki for sale,sale,,1000000,500,5,,,"Mygdonia, Thessaloniki",,,https://ktimato.b-cdn.net/OLDSITE/wp-content/uploads/2024/10/ThV-1175_Luxury-Villa-in-Thessaloniki-for-sale-19.jpg?width=1200&format=webp&quality=82,2026-09-01,,2026-09-01,json-ld datePosted; sitemap lastmod,2026-09-28T19:37:43Z,2026-09-01,
