source_domain,agency,url,title,transaction,type,price_eur,area_m2,price_per_m2,bedrooms,floor,year_built,region,area,location_raw,lat,lon,image,listing_date,listing_date_kind,first_seen,scraped_at
anastasiouproperties.gr,Anastasiou Properties,https://anastasiouproperties.gr/property/1265047-grafeio-pros-polisi-kentro-thessalonikis-63-t-m-e140-000/,"1265047 – Γραφείο Προς Πώληση, Κέντρο Θεσσαλονίκης, 63 τ.μ., €140.000 - Anastasiou Properties",sale,office,140000,63.0,2222,2,4,,thessaloniki,Θεσσαλονίκη-Κέντρο,Θεσσαλονίκης,,,https://anastasiouproperties.gr/wp-content/uploads/2025/03/1396de8573fe4c20832fbe8a36b541ec.jpg,,,2026-09-27,2026-09-27T12:55:34Z
anastasiouproperties.gr,Anastasiou Properties,https://anastasiouproperties.gr/property/2133983-diamerisma-pros-polisi-thermi-46-t-m-e130-000/,"2133983 – Διαμέρισμα Προς Πώληση, Θέρμη, 46 τ.μ., €130.000 - Anastasiou Properties",sale,apartment,130000,46.0,2826,1,1,,thessaloniki,Θέρμη,Θέρμη,,,https://anastasiouproperties.gr/wp-content/uploads/2026/01/a13e9bd115884ed18bcaff84910fef6c.jpeg,,,2026-09-27,2026-09-27T12:55:37Z
anastasiouproperties.gr,Anastasiou Properties,https://anastasiouproperties.gr/property/2112543-diamerisma-pros-polisi-thermi-88-t-m-e250-000/,"2112543 – Διαμέρισμα Προς Πώληση, Θέρμη, 88 τ.μ., €250.000 - Anastasiou Properties",sale,apartment,250000,88.0,2841,2,1,,thessaloniki,Θέρμη,Θέρμη,,,https://anastasiouproperties.gr/wp-content/uploads/2026/01/faf9b1d7b9054bc782a47c00997037b0.jpeg,,,2026-09-27,2026-09-27T12:55:40Z
anastasiouproperties.gr,Anastasiou Properties,https://anastasiouproperties.gr/property/2112537-diamerisma-pros-polisi-thermi-64-t-m-e180-000/,"2112537 – Διαμέρισμα Προς Πώληση, Θέρμη, 64 τ.μ., €180.000 - Anastasiou Properties",sale,apartment,180000,64.0,2812,1,1,,thessaloniki,Θέρμη,Θέρμη,,,https://anastasiouproperties.gr/wp-content/uploads/2026/01/70f4374c09d345ff977e380e54a1f30b.jpeg,,,2026-09-27,2026-09-27T12:55:43Z
anastasiouproperties.gr,Anastasiou Properties,https://anastasiouproperties.gr/property/2112480-diamerisma-pros-polisi-thermi-41-t-m-e110-000/,"2112480 – Διαμέρισμα Προς Πώληση, Θέρμη, 41 τ.μ., €110.000 - Anastasiou Properties",sale,apartment,110000,41.0,2683,1,1,,thessaloniki,Θέρμη,Θέρμη,,,https://anastasiouproperties.gr/wp-content/uploads/2026/01/2f2470684b9f4251ba5442ad128ed620.jpg,,,2026-09-27,2026-09-27T12:55:46Z
anastasiouproperties.gr,Anastasiou Properties,https://anastasiouproperties.gr/property/2136361-studio-gkarsoniera-pros-polisi-thermi-50-t-m-e170-000/,"2136361 – Studio/Γκαρσονιέρα Προς Πώληση, Θέρμη, 50 τ.μ., €170.000 - Anastasiou Properties",sale,studio,170000,50.0,3400,1,2,,thessaloniki,Θέρμη,Θέρμη,,,https://anastasiouproperties.gr/wp-content/uploads/2026/01/3736f20f34904de18123c522187a04f6.png,,,2026-09-27,2026-09-27T12:55:49Z
anastasiouproperties.gr,Anastasiou Properties,https://anastasiouproperties.gr/property/1426427-viomichanikos-choros-pros-enoikiasi-efkarpia-3-500-t-m-e9-500/,"1426427 – Βιομηχανικός χώρος Προς Ενοικίαση, Ευκαρπία, 3.500 τ.μ., €9.500 - Anastasiou Properties",rent,warehouse,9500,500.0,19,10,ισόγειο,,thessaloniki,Παύλος Μελάς,Θεσσαλονίκης,,,https://anastasiouproperties.gr/wp-content/uploads/2025/03/47d451a72d7b4d0ebe1a416155c4cb07-4.jpeg,,,2026-09-27,2026-09-27T12:55:52Z
anastasiouproperties.gr,Anastasiou Properties,https://anastasiouproperties.gr/property/2577591-diamerisma-pros-enoikiasi-touba-120-t-m-e700/,"2577591 – Διαμέρισμα Προς Ενοικίαση, Τούμπα, 120 τ.μ., €700 - Anastasiou Properties",rent,apartment,700,120.0,6,3,2,,thessaloniki,Θεσσαλονίκη-Ανατολικά,Τούμπα,,,https://anastasiouproperties.gr/wp-content/uploads/2026/09/e94965f8c06e40c2a9fc15e33541e6ae.jpg,,,2026-09-27,2026-09-27T12:55:55Z
anastasiouproperties.gr,Anastasiou Properties,https://anastasiouproperties.gr/property/2507303-studio-gkarsoniera-pros-enoikiasi-michaniona-50-t-m-e500/,"2507303 – Studio/Γκαρσονιέρα Προς Ενοικίαση, Μηχανιώνα, 50 τ.μ., €500 - Anastasiou Properties",rent,studio,500,50.0,10,1,1,,thessaloniki,Θερμαϊκός,Θεσσαλονίκης,,,https://anastasiouproperties.gr/wp-content/uploads/2026/07/518e4aa568ad4deb832ea74ca90fe865.jpg,,,2026-09-27,2026-09-27T12:55:58Z
forhomerealestate.gr,For Home Real Estate,https://www.forhomerealestate.gr/el-GR/id/24930/__pros-polisi-katikia-diamerisma-thessaloniki-kentro-thessaloniki/estate.html,(Προς Πώληση) Κατοικία Διαμέρισμα || Θεσσαλονίκη Κέντρο/Θεσσαλονίκ...,sale,apartment,220000,55.0,4000,2,6,1958,thessaloniki,Θεσσαλονίκη,Θεσσαλονίκη Κέντρο/Θεσσαλονίκ...  (Προς Πώληση) Κατ,,,http://www.forhomerealestate.gr/appFol/appDetails/EstatePhotos/fol24930/img_2.jpg,,,2026-09-27,2026-09-27T12:56:00Z
forhomerealestate.gr,For Home Real Estate,https://www.forhomerealestate.gr/el-GR/id/24976/__pros-polisi-katikia-diamerisma-thessaloniki-kentro-thessaloniki/estate.html,(Προς Πώληση) Κατοικία Διαμέρισμα || Θεσσαλονίκη Κέντρο/Θεσσαλονίκ...,sale,apartment,285000,102.0,2794,3,3,1985,thessaloniki,Θεσσαλονίκη,Θεσσαλονίκη Κέντρο/Θεσσαλονίκ...  (Προς Πώληση) Κατ,,,http://www.forhomerealestate.gr/appFol/appDetails/EstatePhotos/fol24976/img_2.jpg,,,2026-09-27,2026-09-27T12:56:03Z
forhomerealestate.gr,For Home Real Estate,https://www.forhomerealestate.gr/el-GR/id/24972/__pros-polisi-katikia-gkarsoniera-thessaloniki-kentro-thessaloniki/estate.html,(Προς Πώληση) Κατοικία Γκαρσονιέρα || Θεσσαλονίκη Κέντρο/Θεσσαλονί...,sale,studio,148000,37.0,4000,1,5,1962,thessaloniki,Θεσσαλονίκη,Θεσσαλονίκη Κέντρο/Θεσσαλονί...  (Προς Πώληση) Κατο,,,http://www.forhomerealestate.gr/appFol/appDetails/EstatePhotos/fol24972/img_2.jpg,,,2026-09-27,2026-09-27T12:56:06Z
forhomerealestate.gr,For Home Real Estate,https://www.forhomerealestate.gr/el-GR/id/24969/__pros-polisi-katikia-diamerisma-thessaloniki-kentro-thessaloniki/estate.html,(Προς Πώληση) Κατοικία Διαμέρισμα || Θεσσαλονίκη Κέντρο/Θεσσαλονίκ...,sale,apartment,189000,65.0,2908,2,4,1972,thessaloniki,Θεσσαλονίκη,Θεσσαλονίκη Κέντρο/Θεσσαλονίκ...  (Προς Πώληση) Κατ,,,http://www.forhomerealestate.gr/appFol/appDetails/EstatePhotos/fol24969/img_2.jpg,,,2026-09-27,2026-09-27T12:56:10Z
forhomerealestate.gr,For Home Real Estate,https://www.forhomerealestate.gr/el-GR/id/25017/__pros-polisi-katikia-diamerisma-thessaloniki-kentro-thessaloniki/estate.html,(Προς Πώληση) Κατοικία Διαμέρισμα || Θεσσαλονίκη Κέντρο/Θεσσαλονίκ...,sale,apartment,165000,82.0,2012,2,2,1968,thessaloniki,Θεσσαλονίκη,Θεσσαλονίκη Κέντρο/Θεσσαλονίκ...  (Προς Πώληση) Κατ,,,http://www.forhomerealestate.gr/appFol/appDetails/EstatePhotos/fol25017/img_2.jpg,,,2026-09-27,2026-09-27T12:56:12Z
forhomerealestate.gr,For Home Real Estate,https://www.forhomerealestate.gr/el-GR/id/25016/__pros-polisi-katikia-gkarsoniera-thessaloniki-kentro-thessaloniki/estate.html,(Προς Πώληση) Κατοικία Γκαρσονιέρα || Θεσσαλονίκη Κέντρο/Θεσσαλονί...,sale,studio,159000,47.0,3383,1,5,1963,thessaloniki,Θεσσαλονίκη,Θεσσαλονίκη Κέντρο/Θεσσαλονί...  (Προς Πώληση) Κατο,,,http://www.forhomerealestate.gr/appFol/appDetails/EstatePhotos/fol25016/img_2.jpg,,,2026-09-27,2026-09-27T12:56:15Z
forhomerealestate.gr,For Home Real Estate,https://www.forhomerealestate.gr/el-GR/id/25015/__pros-polisi-katikia-gkarsoniera-thessaloniki-kentro-thessaloniki/estate.html,(Προς Πώληση) Κατοικία Γκαρσονιέρα || Θεσσαλονίκη Κέντρο/Θεσσαλονί...,sale,studio,127000,38.0,3342,1,5,1963,thessaloniki,Θεσσαλονίκη,Θεσσαλονίκη Κέντρο/Θεσσαλονί...  (Προς Πώληση) Κατο,,,http://www.forhomerealestate.gr/appFol/appDetails/EstatePhotos/fol25015/img_2.jpg,,,2026-09-27,2026-09-27T12:56:18Z
civilhome.gr,CIVIL HOME,https://civilhome.gr/akinito/diamerisma-103-t-m-toyrkiko-proxeneio/,Διαμέρισμα 103 τ.μ. Τουρκικό Προξενείο | Civil Home,sale,apartment,235000,103.0,2282,2,4,1974,unknown,,,,,https://civilhome.gr/wp-content/uploads/2025/04/CH2275.logo-1.jpg,,,2026-09-27,2026-09-27T12:55:39Z
civilhome.gr,CIVIL HOME,https://civilhome.gr/akinito/diamerisma-101-t-m-papafi/,Γκαρσονιέρα 50 τ.μ. Φάληρο | Civil Home,sale,studio,154000,50.0,3080,1,2,1970,thessaloniki,Θεσσαλονίκη-Ανατολικά,,,,https://civilhome.gr/wp-content/uploads/2025/04/ACH2419.logos-1.jpg,,,2026-09-27,2026-09-27T12:55:44Z
civilhome.gr,CIVIL HOME,https://civilhome.gr/akinito/diamerisma-115-t-m-kalamaria/,Διαμέρισμα 115 τ.μ. Καλαμαριά | Civil Home,sale,apartment,195000,115.0,1696,3,3,1977,thessaloniki,Καλαμαριά,Καλαμαριά,,,https://civilhome.gr/wp-content/uploads/2026/06/CH2496.logo-1.jpg,,,2026-09-27,2026-09-27T12:55:46Z
civilhome.gr,CIVIL HOME,https://civilhome.gr/akinito/monokatoikia-100-t-m-ano-milia-pierias/,Μονοκατοικία 100 τ.μ. Άνω Μηλιά Πιερίας | Civil Home,sale,house,120000,100.0,1200,2,,2017,other,,,,,https://civilhome.gr/wp-content/uploads/2025/04/ano_milia-1-922x768-1.jpg,,,2026-09-27,2026-09-27T12:55:48Z
civilhome.gr,CIVIL HOME,https://civilhome.gr/akinito/orofodiamerisma-140-t-m-karampoyrnaki/,Οροφοδιαμέρισμα 142 τ.μ. Καραμπουρνάκι | Civil Home,sale,apartment,700000,142.0,4930,3,2,1987,thessaloniki,Καλαμαριά,,,,https://civilhome.gr/wp-content/uploads/2026/04/CH2485-1.jpg,,,2026-09-27,2026-09-27T12:55:51Z
civilhome.gr,CIVIL HOME,https://civilhome.gr/akinito/monokatoikia-120-t-m-nea-kallikrateia/,Μονοκατοικία 120 τ.μ. Νέα Καλλικράτεια | Civil Home,sale,house,425000,120.0,3542,3,ισόγειο,,unknown,,,,,https://civilhome.gr/wp-content/uploads/2026/02/CH2476-1.jpeg,,,2026-09-27,2026-09-27T12:55:55Z
civilhome.gr,CIVIL HOME,https://civilhome.gr/akinito/diamerisma-132-t-m-kalamaria/,Διαμέρισμα 132 τ.μ. Καλαμαριά | Civil Home,sale,apartment,270000,132.0,2045,3,2,1985,thessaloniki,Καλαμαριά,Καλαμαριά,,,https://civilhome.gr/wp-content/uploads/2025/06/ACH2439-logo1.jpg,,,2026-09-27,2026-09-27T12:55:58Z
civilhome.gr,CIVIL HOME,https://civilhome.gr/akinito/katastima-246-t-m-ladadika/,Κατάστημα 246 τ.μ. Λαδάδικα | Civil Home,rent,store,2000,246.0,8,,ισόγειο,,thessaloniki,Θεσσαλονίκη-Κέντρο,Θεσσαλονίκη - Κέντρο Ενεργειακή Κλάση Ε,,,https://civilhome.gr/wp-content/uploads/2025/06/CH2438-logo1.jpg,,,2026-09-27,2026-09-27T12:56:00Z
civilhome.gr,CIVIL HOME,https://civilhome.gr/akinito/vila-350-t-m-sani/,Βίλα 350 τ.μ. Σάνη | Civil Home,sale,house,1800000,350.0,5143,6,ισόγειο,2004,other,,,,,https://civilhome.gr/wp-content/uploads/2025/06/CH1854-1.jpg,,,2026-09-27,2026-09-27T12:56:04Z
civilhome.gr,CIVIL HOME,https://civilhome.gr/akinito/katastima-320-t-m-kalamaria/,Κατάστημα 320 τ.μ. Καλαμαριά | Civil Home,sale,store,100000,320.0,312,4,ημιυπόγειο,1980,thessaloniki,Καλαμαριά,Καλαμαριά,,,https://civilhome.gr/wp-content/uploads/2025/04/BCH2192-2-960x721-1.jpg,,,2026-09-27,2026-09-27T12:56:07Z
civilhome.gr,CIVIL HOME,https://civilhome.gr/akinito/oikopedo-760-t-m-kato-scholari/,Οικόπεδο 760 τ.μ. Κάτω Σχολάρι | Civil Home,sale,land,90000,760.0,118,,,,thessaloniki,Θεσσαλονίκη,Θεσσαλονίκης - Υπόλοιπο CivilHome Με πολυετή εμπειρ,,,https://civilhome.gr/wp-content/uploads/2025/04/CH2342-2-960x1278-1.jpg,,,2026-09-27,2026-09-27T12:56:09Z
civilhome.gr,CIVIL HOME,https://civilhome.gr/akinito/katastima-700-t-m-kato-toympa/,Κατάστημα 700 τ.μ. Κάτω Τούμπα | Civil Home,sale,store,600000,700.0,857,,ισόγειο,1980,thessaloniki,Θεσσαλονίκη-Ανατολικά,Τούμπα,,,https://civilhome.gr/wp-content/uploads/2025/04/CH2421-1-960x720-1.jpg,,,2026-09-27,2026-09-27T12:56:13Z
civilhome.gr,CIVIL HOME,https://civilhome.gr/akinito/mezoneta-150-t-m-neo-rysio/,Μεζονέτα 150 τ.μ. Νέο Ρύσιο | Civil Home,sale,maisonette,250000,150.0,1667,3,,2000,thessaloniki,Θέρμη,,,,https://civilhome.gr/wp-content/uploads/2025/04/CH2413-1-768x1022-1.jpg,,,2026-09-27,2026-09-27T12:56:16Z
civilhome.gr,CIVIL HOME,https://civilhome.gr/adeies-domisis-nomimopoiiseis-nomothetikes-allages-to-2025-kai-simeia-prosochis/,Άδειες Δόμησης & Νομιμοποιήσεις: Νομοθετικές Αλλαγές το 2025 και Σημεία Προσοχής | Civil Home,rent,,1500,,,,,,thessaloniki,Θεσσαλονίκη,Θεσσαλονίκη,,,https://civilhome.gr/wp-content/uploads/2025/03/Άδειες-Δόμησης-Νομιμοποιήσεις.jpg,,,2026-09-27,2026-09-27T12:56:21Z
agnrealestate.gr,AGN REAL ESTATE,https://www.agnrealestate.gr/440-2/,- AGN Real Estate,sale,,220000,98.0,2245,,2,,unknown,,,,,,,,2026-09-27,2026-09-27T12:55:56Z
agnrealestate.gr,AGN REAL ESTATE,https://www.agnrealestate.gr/property/diamerisma-pd0003/,"Διαμέρισμα, 55τ.μ. - AGN Real Estate",sale,apartment,127000,55.0,2309,,1,,thessaloniki,Θεσσαλονίκη,Θεσσαλονίκη 127,,,,,,2026-09-27,2026-09-27T12:55:59Z
agnrealestate.gr,AGN REAL ESTATE,https://www.agnrealestate.gr/property/diamerisma-ed-0001/,"Διαμέρισμα, 75τ.μ. - AGN Real Estate",,apartment,,75.0,,,,,thessaloniki,Θεσσαλονίκη,Θεσσαλονίκη 400€ Κωδικός Ακινήτου ΕΔ-0001 Όροφος Ημ,,,https://www.agnrealestate.gr/wp-content/uploads/2023/11/363382906_3487376848203622_4857825053022072388_n.jpg,,,2026-09-27,2026-09-27T12:56:02Z
agnrealestate.gr,AGN REAL ESTATE,https://www.agnrealestate.gr/property/diamerisma-pd-0005/,"Διαμέρισμα, 120τ.μ. - AGN Real Estate",sale,apartment,150000,120.0,1250,,2,1990,thessaloniki,Κορδελιό-Εύοσμος,Εύοσμος,,,https://www.agnrealestate.gr/wp-content/uploads/2023/11/392884511_3536508553290451_4671004153077341831_n.jpg,,,2026-09-27,2026-09-27T12:56:05Z
agnrealestate.gr,AGN REAL ESTATE,https://www.agnrealestate.gr/property/diamerisma-pd-0012/,"Διαμέρισμα, 110τ.μ. - AGN Real Estate",sale,apartment,370000,110.0,3364,,1,,thessaloniki,Θεσσαλονίκη,Θεσσαλονίκη 370,,,https://www.agnrealestate.gr/wp-content/uploads/2024/01/viber_image_2024-01-11_20-15-59-654.jpg,,,2026-09-27,2026-09-27T12:56:08Z
agnrealestate.gr,AGN REAL ESTATE,https://www.agnrealestate.gr/property/diamerisma-pd-0011/,"Διαμέρισμα, 120τ.μ. - AGN Real Estate",sale,apartment,160000,120.0,1333,,3,,thessaloniki,Θεσσαλονίκη,Θεσσαλονίκη 160,,,https://www.agnrealestate.gr/wp-content/uploads/2024/01/viber_image_2024-01-11_20-04-08-595.jpg,,,2026-09-27,2026-09-27T12:56:11Z
agnrealestate.gr,AGN REAL ESTATE,https://www.agnrealestate.gr/property/diamerisma-pd-0007/,"Διαμέρισμα, 67τ.μ. - AGN Real Estate",sale,apartment,125000,67.0,1866,,2,,thessaloniki,Θεσσαλονίκη,Θεσσαλονίκη 125,,,https://www.agnrealestate.gr/wp-content/uploads/2023/12/412860221_899025325295516_1758691255434412545_n.jpg,,,2026-09-27,2026-09-27T12:56:13Z
agnrealestate.gr,AGN REAL ESTATE,https://www.agnrealestate.gr/property/gkarsoniera-pd0001/,"Γκαρσονιέρα ,41τ.μ. - AGN Real Estate",sale,studio,110000,41.0,2683,1,1,,thessaloniki,Θεσσαλονίκη,Θεσσαλονίκη 110,,,https://www.agnrealestate.gr/wp-content/uploads/2017/08/Depositphotos_36853527_l-2015.jpg,,,2026-09-27,2026-09-27T12:56:17Z
agnrealestate.gr,AGN REAL ESTATE,https://www.agnrealestate.gr/property/mezoneta-250t-m/,"Μεζονέτα, 250τ.μ. - AGN Real Estate",sale,maisonette,570000,250.0,2280,,,1990,thessaloniki,Πανόραμα,Πανόραμα,,,https://www.agnrealestate.gr/wp-content/uploads/2023/11/0-02-05-0a7960446d5888f16a7ec7400c4e3126d6443a2481b5e77dff8118191ec3e2a8_4a628a08e51e64d0.jpg,,,2026-09-27,2026-09-27T12:56:21Z
agnrealestate.gr,AGN REAL ESTATE,https://www.agnrealestate.gr/property/diamerisma-pd-0015/,"Διαμέρισμα, 98τ.μ. - AGN Real Estate",sale,apartment,220000,98.0,2245,,2,,thessaloniki,Θεσσαλονίκη,Θεσσαλονίκη 220,,,https://www.agnrealestate.gr/wp-content/uploads/2024/01/421345678_122136714278059674_8271429192896666287_n.jpg,,,2026-09-27,2026-09-27T12:56:23Z
agnrealestate.gr,AGN REAL ESTATE,https://www.agnrealestate.gr/property/diamerisma-pd-006/,"Διαμέρισμα, 81,50τ.μ. - AGN Real Estate",sale,apartment,215000,81.5,2638,,5,,unknown,,,,,https://www.agnrealestate.gr/wp-content/uploads/2023/12/DSCN6136.jpg,,,2026-09-27,2026-09-27T12:56:27Z
agnrealestate.gr,AGN REAL ESTATE,https://www.agnrealestate.gr/property/diamerisma-pd-0004/,"Διαμέρισμα, 78τ.μ. - AGN Real Estate",sale,apartment,110000,78.0,1410,,3,2006,unknown,,,,,https://www.agnrealestate.gr/wp-content/uploads/2023/11/355890005_3459979060943401_8905443397697349609_n.jpg,,,2026-09-27,2026-09-27T12:56:30Z
agnrealestate.gr,AGN REAL ESTATE,https://www.agnrealestate.gr/property/katastima-pk-0001/,"Κατάστημα, 90τ.μ. - AGN Real Estate",sale,store,370000,90.0,4111,,ισόγειο,,thessaloniki,Θεσσαλονίκη,Θεσσαλονίκη 370,,,,,,2026-09-27,2026-09-27T12:56:45Z
arcusrealestate.gr,ARCUS REAL ESTATE - ARCUS ΟΕ,https://arcusrealestate.gr/el/properties/123074,"Διαμέρισμα, 74τ.μ. · Προς Ενοικίαση · ΔΕΘ - Πανεπιστήμια, Κέντρο Θεσσαλονίκης, Θεσσαλονίκη - Δήμος · Κωδ. 123074 | Arcus Real Estate",rent,apartment,1500,74.0,20,3,2,1970,thessaloniki,Θεσσαλονίκη-Κέντρο,"Θεσσαλονίκη, Θεσσαλονίκη",40.630195146365004,22.950605656308657,https://firebasestorage.googleapis.com/v0/b/arcus-crm.appspot.com/o/uploads%2Fproperties%2F1788768398418_3%CE%B1%CF%81%CE%B9.jpg?alt=media&token=ec0652b4-3416-4ed3-895a-839e2a661f7c,,,2026-09-27,2026-09-27T12:55:23Z
arcusrealestate.gr,ARCUS REAL ESTATE - ARCUS ΟΕ,https://arcusrealestate.gr/el/properties/123072,"Γκαρσονιέρα, 74τ.μ. · Προς Ενοικίαση · ΔΕΘ - Πανεπιστήμια, Κέντρο Θεσσαλονίκης, Θεσσαλονίκη - Δήμος · Κωδ. 123072 | Arcus Real Estate",rent,studio,1250,74.0,17,2,1,1970,thessaloniki,Θεσσαλονίκη-Κέντρο,"Θεσσαλονίκη, Θεσσαλονίκη",40.62887458510226,22.951460387420983,https://firebasestorage.googleapis.com/v0/b/arcus-crm.appspot.com/o/uploads%2Fproperties%2F1788767246605_002.jpg?alt=media&token=b36d5961-73db-4e9d-9819-24fa9e877f8d,,,2026-09-27,2026-09-27T12:55:25Z
arcusrealestate.gr,ARCUS REAL ESTATE - ARCUS ΟΕ,https://arcusrealestate.gr/el/properties/123070,"Διαμέρισμα, 150τ.μ. · Προς Ενοικίαση · ΔΕΘ - Πανεπιστήμια, Κέντρο Θεσσαλονίκης, Θεσσαλονίκη - Δήμος · Κωδ. 123070 | Arcus Real Estate",rent,apartment,1700,150.0,11,4,3,1970,thessaloniki,Θεσσαλονίκη-Κέντρο,"Θεσσαλονίκη, Θεσσαλονίκη",40.628120479706816,22.953454146710367,https://firebasestorage.googleapis.com/v0/b/arcus-crm.appspot.com/o/uploads%2Fproperties%2F1788764898542_por19.jpg?alt=media&token=20a6e9bb-03c9-49ae-93e3-fc523591af06,,,2026-09-27,2026-09-27T12:55:28Z
arcusrealestate.gr,ARCUS REAL ESTATE - ARCUS ΟΕ,https://arcusrealestate.gr/el/properties/123069,"Διαμέρισμα, 102τ.μ. · Προς Ενοικίαση · Κέντρο, Πολίχνη, Θεσσαλονίκη - Περιφ/κοί δήμοι · Κωδ. 123069 | Arcus Real Estate",rent,apartment,800,102.0,8,2,1,1996,thessaloniki,Παύλος Μελάς,"Πολίχνη Θεσσαλονίκης, Θεσσαλονίκη",40.66703331700768,22.946179212152643,https://firebasestorage.googleapis.com/v0/b/arcus-crm.appspot.com/o/uploads%2Fproperties%2F1788763310859_%CE%B5%CE%B9%CE%BA%CF%8C%CE%BD%CE%B1_Viber_2026-09-01_11-21-57-000.jpg?alt=media&token=0840b303-cd89-4e90-b6ad-4879ad70dfe7,,,2026-09-27,2026-09-27T12:55:31Z
arcusrealestate.gr,ARCUS REAL ESTATE - ARCUS ΟΕ,https://arcusrealestate.gr/el/properties/123068,"Διαμέρισμα, 130τ.μ. · Προς Ενοικίαση · Αγία Σοφία, Κέντρο Θεσσαλονίκης, Θεσσαλονίκη - Δήμος · Κωδ. 123068 | Arcus Real Estate",rent,apartment,1700,130.0,13,3,3,1960,thessaloniki,Θεσσαλονίκη-Κέντρο,"Θεσσαλονίκη, Θεσσαλονίκη",40.635826223729836,22.946438809430916,https://firebasestorage.googleapis.com/v0/b/arcus-crm.appspot.com/o/uploads%2Fproperties%2F1788699919507_platonos_00091.jpg?alt=media&token=bd66c280-7b55-4579-96e8-9baee7c6ad00,,,2026-09-27,2026-09-27T12:55:34Z
arcusrealestate.gr,ARCUS REAL ESTATE - ARCUS ΟΕ,https://arcusrealestate.gr/el/properties/123067,"Στούντιο, 30τ.μ. · Προς Ενοικίαση · Κάτω Τούμπα, Τούμπα, Θεσσαλονίκη - Δήμος · Κωδ. 123067 | Arcus Real Estate",rent,studio,700,30.0,23,0,3,2000,thessaloniki,Θεσσαλονίκη-Ανατολικά,"Θεσσαλονίκη, Θεσσαλονίκη",40.61090352993942,22.973459850739427,https://firebasestorage.googleapis.com/v0/b/arcus-crm.appspot.com/o/uploads%2Fproperties%2F1788698540613_art_3629.jpg?alt=media&token=2056ff33-ff1d-4c50-bb20-f788e0fb2b49,,,2026-09-27,2026-09-27T12:55:38Z
arcusrealestate.gr,ARCUS REAL ESTATE - ARCUS ΟΕ,https://arcusrealestate.gr/el/properties/123064,"Διαμέρισμα, 115τ.μ. · Προς Πώληση · Καλαμάκι, Άλιμος, Αθήνα - Νότια Προάστια · Κωδ. 123064 | Arcus Real Estate",sale,apartment,500000,115.0,4348,3,2,1987,other,,"Άλιμος, Νότιος Τομέας Αθηνών",37.91763365222583,23.712211536635753,https://firebasestorage.googleapis.com/v0/b/arcus-crm.appspot.com/o/uploads%2Fproperties%2F1788632195067_%CE%B5%CE%B9%CE%BA%CF%8C%CE%BD%CE%B1_Viber_2026-09-01_13-56-07-665.jpg?alt=media&token=fa007f58-d694-4f33-91c1-527e505c510b,,,2026-09-27,2026-09-27T12:55:46Z
arcusrealestate.gr,ARCUS REAL ESTATE - ARCUS ΟΕ,https://arcusrealestate.gr/el/properties/123063,"Κατάστημα, 56τ.μ. · Προς Ενοικίαση · Μικρολίμανο, Καστέλλα - Πασαλιμάνι, Πειραιάς · Κωδ. 123063 | Arcus Real Estate",rent,store,400,56.0,7,,ισόγειο,1998,other,,"Πειραιάς, Περιφερειακή Ενότητα Πειραιώς",37.94343678762918,23.661546938696304,https://firebasestorage.googleapis.com/v0/b/arcus-crm.appspot.com/o/uploads%2Fproperties%2F1788629953448_%CE%B5%CE%B9%CE%BA%CF%8C%CE%BD%CE%B1_Viber_2026-09-05_20-37-11-772.jpg?alt=media&token=f483b242-5c78-4643-8bcb-b824f855166b,,,2026-09-27,2026-09-27T12:55:49Z
arcusrealestate.gr,ARCUS REAL ESTATE - ARCUS ΟΕ,https://arcusrealestate.gr/el/properties/123060,"Στούντιο, 37τ.μ. · Προς Ενοικίαση · Ιστορικό Κέντρο, Κέντρο Θεσσαλονίκης, Θεσσαλονίκη - Δήμος · Κωδ. 123060 | Arcus Real Estate",rent,studio,400,37.0,11,0,5,1967,thessaloniki,Θεσσαλονίκη-Κέντρο,"Θεσσαλονίκη, Θεσσαλονίκη",40.630803689760775,22.947192181059158,https://firebasestorage.googleapis.com/v0/b/arcus-crm.appspot.com/o/uploads%2Fproperties%2F1788517434988_1000029237.jpg?alt=media&token=a0b03d99-580b-4cfa-8ecb-c5b6dce1d622,,,2026-09-27,2026-09-27T12:55:52Z
arcusrealestate.gr,ARCUS REAL ESTATE - ARCUS ΟΕ,https://arcusrealestate.gr/el/properties/123059,"Διαμέρισμα, 80τ.μ. · Προς Πώληση · Βρυσάκι, Χαριλάου, Θεσσαλονίκη - Δήμος · Κωδ. 123059 | Arcus Real Estate",sale,apartment,150000,80.0,1875,2,1,1969,thessaloniki,Θεσσαλονίκη-Ανατολικά,"Θεσσαλονίκη, Θεσσαλονίκη",40.59956560493055,22.97459284744357,https://firebasestorage.googleapis.com/v0/b/arcus-crm.appspot.com/o/uploads%2Fproperties%2F1788532681305_IMG_20260904_113230.jpg?alt=media&token=bfb410c4-9181-4335-9bf9-9b87a292aa7e,,,2026-09-27,2026-09-27T12:55:55Z
arcusrealestate.gr,ARCUS REAL ESTATE - ARCUS ΟΕ,https://arcusrealestate.gr/el/properties/123057,"Μονοκατοικία, 59τ.μ. · Προς Πώληση · Κέντρο, Επανομή, Θεσσαλονίκη - Περιφ/κοί δήμοι · Κωδ. 123057 | Arcus Real Estate",sale,house,140000,59.0,2373,1,ισόγειο,1995,thessaloniki,Θερμαϊκός,"Επανομή, Θεσσαλονίκη",40.43683861420782,22.937561511222064,https://firebasestorage.googleapis.com/v0/b/arcus-crm.appspot.com/o/uploads%2Fproperties%2F1788457758371_Screenshot%202026-09-03%20192522.png?alt=media&token=cd670139-c521-460a-a8c1-7763eeef1918,,,2026-09-27,2026-09-27T12:56:01Z
arcusrealestate.gr,ARCUS REAL ESTATE - ARCUS ΟΕ,https://arcusrealestate.gr/el/properties/123046,"Στούντιο, 30τ.μ. · Προς Πώληση · Ξηροκρήνη, Ξηροκρήνη - Παναγία Φανερωμένη, Θεσσαλονίκη - Δήμος · Κωδ. 123046 | Arcus Real Estate",sale,studio,105000,30.0,3500,0,2,1970,thessaloniki,Θεσσαλονίκη-Κέντρο,"Θεσσαλονίκη, Θεσσαλονίκη",40.64684498225804,22.93002725987078,https://firebasestorage.googleapis.com/v0/b/arcus-crm.appspot.com/o/uploads%2Fproperties%2F1788421730223_IMG_4780%20%E2%80%93%20%CE%BC%CE%B5%CE%B3%CE%AC%CE%BB%CE%B7.jpeg?alt=media&token=201e71cc-0021-4339-ae40-056fdad3fbaf,,,2026-09-27,2026-09-27T12:56:10Z
arcusrealestate.gr,ARCUS REAL ESTATE - ARCUS ΟΕ,https://arcusrealestate.gr/el/properties/123045,"Γκαρσονιέρα, 33τ.μ. · Προς Πώληση · Ξηροκρήνη, Ξηροκρήνη - Παναγία Φανερωμένη, Θεσσαλονίκη - Δήμος · Κωδ. 123045 | Arcus Real Estate",sale,studio,115000,33.0,3485,1,2,1970,thessaloniki,Θεσσαλονίκη-Κέντρο,"Θεσσαλονίκη, Θεσσαλονίκη",40.647033445371406,22.930130667404434,https://firebasestorage.googleapis.com/v0/b/arcus-crm.appspot.com/o/uploads%2Fproperties%2F1788421503597_IMG_4801%20%E2%80%93%20%CE%BC%CE%B5%CE%B3%CE%AC%CE%BB%CE%B7.jpeg?alt=media&token=9d0560cb-3731-4e73-85e7-05985073fcd1,,,2026-09-27,2026-09-27T12:56:13Z
arcusrealestate.gr,ARCUS REAL ESTATE - ARCUS ΟΕ,https://arcusrealestate.gr/el/properties/123043,"Διαμέρισμα, 89τ.μ. · Προς Ενοικίαση · Αντιγονιδών, Κέντρο Θεσσαλονίκης, Θεσσαλονίκη - Δήμος · Κωδ. 123043 | Arcus Real Estate",rent,apartment,1000,89.0,11,3,3,1970,thessaloniki,Θεσσαλονίκη-Κέντρο,"Θεσσαλονίκη, Θεσσαλονίκη",40.63914275167775,22.94216899869227,https://firebasestorage.googleapis.com/v0/b/arcus-crm.appspot.com/o/uploads%2Fproperties%2F1788359313424_361151774_1600x1200%20%E2%80%93%20%CE%BC%CE%B5%CE%B3%CE%AC%CE%BB%CE%B7.jpg?alt=media&token=dbfbbf82-dfa4-4efd-bf9d-40041c0fba61,,,2026-09-27,2026-09-27T12:56:16Z
arcusrealestate.gr,ARCUS REAL ESTATE - ARCUS ΟΕ,https://arcusrealestate.gr/el/properties/123041,"Γκαρσονιέρα, 55τ.μ. · Προς Πώληση · Κέντρο, Θέρμη, Θεσσαλονίκη - Περιφ/κοί δήμοι · Κωδ. 123041 | Arcus Real Estate",sale,studio,145000,55.0,2636,1,1,2027,thessaloniki,Θέρμη,"Θέρμη, Θεσσαλονίκη",40.54838042648849,23.009089926605824,https://firebasestorage.googleapis.com/v0/b/arcus-crm.appspot.com/o/uploads%2Fproperties%2F1788353928625_3.jpg?alt=media&token=662b31b2-ecb8-4707-8343-a91a4c7f176b,,,2026-09-27,2026-09-27T12:56:19Z
arcusrealestate.gr,ARCUS REAL ESTATE - ARCUS ΟΕ,https://arcusrealestate.gr/el/properties/123040,"Γκαρσονιέρα, 47τ.μ. · Προς Ενοικίαση · Σταθμός ΟΣΕ, Βαρδάρης - Λαχανόκηποι, Θεσσαλονίκη - Δήμος · Κωδ. 123040 | Arcus Real Estate",rent,studio,430,47.0,9,1,1,2003,thessaloniki,Θεσσαλονίκη-Κέντρο,"Θεσσαλονίκη, Θεσσαλονίκη",40.645738651434804,22.92517542680067,https://firebasestorage.googleapis.com/v0/b/arcus-crm.appspot.com/o/uploads%2Fproperties%2F1788364942874_1.jpg?alt=media&token=907db320-4142-4be2-a7bf-775ea341ad1c,,,2026-09-27,2026-09-27T12:56:22Z
arcusrealestate.gr,ARCUS REAL ESTATE - ARCUS ΟΕ,https://arcusrealestate.gr/el/properties/123037,"Γκαρσονιέρα, 57τ.μ. · Προς Ενοικίαση · Άνω Τούμπα, Τούμπα, Θεσσαλονίκη - Δήμος · Κωδ. 123037 | Arcus Real Estate",rent,studio,430,57.0,8,1,1,1965,thessaloniki,Θεσσαλονίκη-Ανατολικά,"Θεσσαλονίκη, Θεσσαλονίκη",40.61516556341476,22.977494767712727,https://firebasestorage.googleapis.com/v0/b/arcus-crm.appspot.com/o/uploads%2Fproperties%2F1788263054855_IMG_6860.jpeg?alt=media&token=7aa215ae-f483-481d-8f19-4e52fc272345,,,2026-09-27,2026-09-27T12:56:25Z
arcusrealestate.gr,ARCUS REAL ESTATE - ARCUS ΟΕ,https://arcusrealestate.gr/el/properties/123012,"Διαμέρισμα, 83τ.μ. · Προς Πώληση · Μαρτίου, Βούλγαρη - Ντεπώ - Μαρτίου, Θεσσαλονίκη - Δήμος · Κωδ. 123012 | Arcus Real Estate",sale,apartment,180000,83.0,2169,2,3,1968,thessaloniki,Θεσσαλονίκη-Ανατολικά,"Θεσσαλονίκη, Θεσσαλονίκη",40.60119521400791,22.962069499312452,https://firebasestorage.googleapis.com/v0/b/arcus-crm.appspot.com/o/uploads%2Fproperties%2F1788257673679_IMG_0087.jpeg?alt=media&token=1fe89075-f283-4590-b6dc-8a0115120cb3,,,2026-09-27,2026-09-27T12:56:34Z
arcusrealestate.gr,ARCUS REAL ESTATE - ARCUS ΟΕ,https://arcusrealestate.gr/el/properties/123010,"Γραφείο, 27τ.μ. · Προς Ενοικίαση · Νεάπολη Εξαρχείων, Εξάρχεια - Νεάπολη, Αθήνα - Κέντρο · Κωδ. 123010 | Arcus Real Estate",rent,office,350,27.0,13,,1,1970,other,,"Αθήνα, Κεντρικός Τομέας Αθηνών",37.98324093729434,23.733052975032283,https://firebasestorage.googleapis.com/v0/b/arcus-crm.appspot.com/o/uploads%2Fproperties%2F1788338842299_%CE%B5%CE%B9%CE%BA%CF%8C%CE%BD%CE%B1_Viber_2026-09-02_11-39-51-235.jpg?alt=media&token=cab9f5e2-c620-49a3-917f-647b084fbe7a,,,2026-09-27,2026-09-27T12:56:40Z
arcusrealestate.gr,ARCUS REAL ESTATE - ARCUS ΟΕ,https://arcusrealestate.gr/el/properties/123009,"Γραφείο, 27τ.μ. · Προς Πώληση · Νεάπολη Εξαρχείων, Εξάρχεια - Νεάπολη, Αθήνα - Κέντρο · Κωδ. 123009 | Arcus Real Estate",sale,office,55000,27.0,2037,,1,1972,other,,"Αθήνα, Κεντρικός Τομέας Αθηνών",37.9848134301822,23.733145773136208,https://firebasestorage.googleapis.com/v0/b/arcus-crm.appspot.com/o/uploads%2Fproperties%2F1788339083051_%CE%B5%CE%B9%CE%BA%CF%8C%CE%BD%CE%B1_Viber_2026-09-02_11-39-51-235.jpg?alt=media&token=260f15e1-e5a8-4544-b62e-596d471f70eb,,,2026-09-27,2026-09-27T12:56:43Z
alphaermis.com,Alpha Ermis Real Estate,https://alphaermis.com/property/ne%cf%8cdmete-mezon%ce%adta-143-t-m-me-anemp%cf%8cdiste-th%ce%ada-sto-palai%cf%8ckastro-thessalon%ce%afkes/,Νεόδμητη Μεζονέτα 143 τ.μ. με Ανεμπόδιστη Θέα στο Παλαιόκαστρο Θεσσαλονίκης - alphaermis,sale,maisonette,330000,143.0,2308,3.0,2,,thessaloniki,Ωραιόκαστρο,Θεσσαλονίκη,25.7617,80.1918,https://alphaermis.com/wp-content/uploads/2026/05/img_3371.jpg,,,2026-09-27,2026-09-27T12:56:05Z
alphaermis.com,Alpha Ermis Real Estate,https://alphaermis.com/property/idanik%cf%8c-gia-golden-visa-ependutik%cf%8c-ak%ce%afneto-300-t-m-ep%ce%af-tes-e-o-thessalon%ce%afkes-bero%ce%afas-khalked%cf%8cna/,Ιδανικό για GOLDEN VISA – Επενδυτικό Ακίνητο 300 τ.μ. επί της Ε.Ο. Θεσσαλονίκης – Βεροίας (Χαλκηδόνα) - alphaermis,sale,,250000,250.0,1000,2.0,19,1982,other,,Χαλκηδόνα,40.734593661408,22.587894278094,https://alphaermis.com/wp-content/uploads/2026/04/3-1.png,,,2026-09-27,2026-09-27T12:56:10Z
alphaermis.com,Alpha Ermis Real Estate,https://alphaermis.com/property/exairetik%ce%ae-eukair%ce%afa-epaggelmatik%cf%8cs-kh%cf%8eros-170-t-m-sto-k%ce%adntro-tes-thessalon%ce%afkes/,Εξαιρετική Ευκαιρία: Επαγγελματικός Χώρος 170 τ.μ. στο Κέντρο της Θεσσαλονίκης - alphaermis,sale,store,125000,170.0,735,2.0,,1970,thessaloniki,Θεσσαλονίκη,Θεσσαλονίκη,40.6372257,22.9429189,https://alphaermis.com/wp-content/uploads/2026/03/387765303_815569667241522_178784230379573163_n.jpg,,,2026-09-27,2026-09-27T12:56:14Z
alphaermis.com,Alpha Ermis Real Estate,https://alphaermis.com/property/pole%ce%aftai-exairetik%cf%8c-retir%ce%ad-100t-m-sten-ag%ce%afa-tri%ce%acda/,Πωλείται εξαιρετικό ρετιρέ 100τ.μ. στην Αγία Τριάδα - alphaermis,sale,apartment,155000,100.0,1550,1.0,19,1968,thessaloniki,Θερμαϊκός,Θεσσαλονίκη,25.7617,80.1918,https://alphaermis.com/wp-content/uploads/2026/03/14edd082-1d65-4c47-ae68-89f0e834ed29.jpg,,,2026-09-27,2026-09-27T12:56:18Z
alphaermis.com,Alpha Ermis Real Estate,https://alphaermis.com/property/goniak%cf%8c-kat%ce%acstema-258-t-m-%e2%80%93-periokh%ce%ae-ippokrate%ce%afou-ples%ce%afon-metr%cf%8c-phl%ce%admingk/,Γωνιακό Κατάστημα 258 τ.μ. – Περιοχή Ιπποκρατείου (Πλησίον Μετρό Φλέμινγκ) - alphaermis,sale,store,260000,258.0,1008,,19,1978,thessaloniki,Θεσσαλονίκη-Ανατολικά,Θεσσαλονίκη,40.6123799,22.9587103,https://alphaermis.com/wp-content/uploads/2026/06/anώnumo-skhέdio-15-2.png,,,2026-09-27,2026-09-27T12:56:22Z
alphaermis.com,Alpha Ermis Real Estate,https://alphaermis.com/property/thessalon%ce%afke-k%ce%acto-to%cf%8dmpa-photein%cf%8cs-epaggelmatik%cf%8cs-kh%cf%8eros-140-t-m/,"Θεσσαλονίκη, Κάτω Τούμπα – Φωτεινός Επαγγελματικός Χώρος 140 τ.μ. - alphaermis",sale,store,75000,140.0,536,,ημιυπόγειο,,thessaloniki,Θεσσαλονίκη-Ανατολικά,Θεσσαλονίκη,40.6128848,22.9686668,https://alphaermis.com/wp-content/uploads/2026/06/anώnumo-skhέdio-7-5.png,,,2026-09-27,2026-09-27T12:56:26Z
alphaermis.com,Alpha Ermis Real Estate,https://alphaermis.com/property/enoiki%ce%aczetai-epaggelmatik%cf%8cs-kh%cf%8eros-300-t-m-periokh%ce%ae-n%ce%adou-siderodromiko%cf%8d/,Ενοικιάζεται Επαγγελματικός Χώρος 300 τ.μ. – Περιοχή Νέου Σιδηροδρομικού - alphaermis,rent,store,1200,300.0,4,,,,thessaloniki,Θεσσαλονίκη,Θεσσαλονίκη,40.6423696,22.9310201,https://alphaermis.com/wp-content/uploads/2026/06/anώnumo-skhέdio-5-1.png,,,2026-09-27,2026-09-27T12:56:31Z
alphaermis.com,Alpha Ermis Real Estate,https://alphaermis.com/property/pronomiak%cf%8c-diamper%ce%ads-kat%ce%acstema-106-t-m-sto-k%ce%adntro-tes-thessalon%ce%afkes-st%ce%acse-metr%cf%8c-beniz%ce%adlou/,Προνομιακό & Διαμπερές Κατάστημα 106 τ.μ. στο Κέντρο της Θεσσαλονίκης (Στάση Μετρό Βενιζέλου) - alphaermis,rent,store,800,106.0,8,1.0,,,thessaloniki,Θεσσαλονίκη,Θεσσαλονίκη,40.6372258,22.9429189,https://alphaermis.com/wp-content/uploads/2026/05/img_3461.jpg,,,2026-09-27,2026-09-27T12:56:37Z
alphaermis.com,Alpha Ermis Real Estate,https://alphaermis.com/property/epaggelmatik%cf%8cs-kh%cf%8eros-110-t-m-25es-mart%ce%afou-meg%ce%acle-ependutik%ce%ae-eukair%ce%afa-2-2/,Επαγγελματικός Χώρος 110 τ.μ. – 25ης Μαρτίου (Μεγάλη Επενδυτική Ευκαιρία) - alphaermis,sale,store,180000,110.0,1636,2.0,19,1975,thessaloniki,Θεσσαλονίκη-Ανατολικά,Θεσσαλονίκη,40.6010113,22.9530608,https://alphaermis.com/wp-content/uploads/2026/05/img_3233.jpg,,,2026-09-27,2026-09-27T12:56:41Z
domestia.gr,Domestia,https://www.domestia.gr/marathonas-monokatoikia-pros%2Dpolisi_126.html,Αττική - Μονοκατοικία προς Πώληση - 93  τ.μ.,sale,house,130000,93.0,1398,70,,,other,,,,,https://www.domestia.gr/u_photos/D-352562609.jpg,,,2026-09-27,2026-09-27T12:56:05Z
domestia.gr,Domestia,https://www.domestia.gr/ano%2Dtoympa-diamerisma-pros%2Dpolisi_125.html,Θεσσαλονίκη Ανατολικά - Διαμέρισμα προς Πώληση - 52  τ.μ.,sale,apartment,85000,52.0,1635,77,,,thessaloniki,Θεσσαλονίκη,Θεσσαλονίκη Ανατολικά - Διαμέρισμα προς Πώληση - 52,,,https://www.domestia.gr/u_photos/D-1235154653.jpg,,,2026-09-27,2026-09-27T12:56:08Z
domestia.gr,Domestia,https://www.domestia.gr/sykies-diamerisma-pros%2Denoikiasi_124.html,Θεσσαλονίκη Δυτικά - Διαμέρισμα προς Ενοικίαση - 52  τ.μ.,rent,apartment,,52.0,,1,,,thessaloniki,Νεάπολη-Συκιές,Θεσσαλονίκη Δυτικά - Διαμέρισμα προς Ενοικίαση - 52,,,https://www.domestia.gr/u_photos/D-1128795969.jpg,,,2026-09-27,2026-09-27T12:56:11Z
domestia.gr,Domestia,https://www.domestia.gr/kato%2Dtoympa-diamerisma-pros%2Dpolisi_123.html,Θεσσαλονίκη Ανατολικά - Διαμέρισμα προς Πώληση - 65  τ.μ.,sale,apartment,70000,65.0,1077,77,ημιυπόγειο,,thessaloniki,Θεσσαλονίκη,Θεσσαλονίκη Ανατολικά - Διαμέρισμα προς Πώληση - 65,,,https://www.domestia.gr/u_photos/D--1286190994.jpg,,,2026-09-27,2026-09-27T12:56:14Z
domestia.gr,Domestia,https://www.domestia.gr/kypseli-diamerisma-pros%2Dpolisi_121.html,Αθήνα Κέντρο - Διαμέρισμα προς Πώληση - 84  τ.μ.,sale,apartment,170000,84.0,2024,70,4,,other,,,,,https://www.domestia.gr/u_photos/D--1736466041.jpg,,,2026-09-27,2026-09-27T12:56:29Z
domestia.gr,Domestia,https://www.domestia.gr/nikopoli-agrotemaxio-pros%2Dpolisi_119.html,Θεσσαλονίκη Δυτικά - Αγροτεμάχιο προς Πώληση - 250  τ.μ.,sale,land,55000,250.0,220,,,,thessaloniki,Θεσσαλονίκη,Θεσσαλονίκη Δυτικά - Αγροτεμάχιο προς Πώληση - 250,,,https://www.domestia.gr/u_photos/D--1183392051.jpg,,,2026-09-27,2026-09-27T12:56:33Z
domestia.gr,Domestia,https://www.domestia.gr/kypseli-diamerisma-pros%2Dpolisi_118.html,Αθήνα Κέντρο - Διαμέρισμα προς Πώληση - 102  τ.μ.,sale,apartment,315000,102.0,3088,2,3,,other,,,,,https://www.domestia.gr/u_photos/D-1141081533.jpg,,,2026-09-27,2026-09-27T12:56:35Z
domestia.gr,Domestia,https://www.domestia.gr/stayroypoli-diamerisma-pros%2Denoikiasi_116.html,Θεσσαλονίκη Δυτικά - Διαμέρισμα προς Ενοικίαση - 60  τ.μ.,rent,apartment,,60.0,,78,ημιυπόγειο,,thessaloniki,Θεσσαλονίκη,Θεσσαλονίκη Δυτικά - Διαμέρισμα προς Ενοικίαση - 60,,,https://www.domestia.gr/u_photos/D--391187876.jpg,,,2026-09-27,2026-09-27T12:56:49Z
domestia.gr,Domestia,https://www.domestia.gr/stayroypoli-diamerisma-pros%2Dpolisi_114.html,Θεσσαλονίκη Δυτικά - Διαμέρισμα προς Πώληση - 75  τ.μ.,sale,apartment,120000,75.0,1600,78,3,,thessaloniki,Θεσσαλονίκη,Θεσσαλονίκη Δυτικά - Διαμέρισμα προς Πώληση - 75  τ,,,https://www.domestia.gr/u_photos/D-1791695666.jpg,,,2026-09-27,2026-09-27T12:56:52Z
domestia.gr,Domestia,https://www.domestia.gr/sani-mezoneta-pros%2Denoikiasi_111.html,"(Κασσάνδρα, Χαλκιδική) - Μεζονέτα προς Ενοικίαση - 100  τ.μ.",rent,maisonette,,100.0,,85,,,other,,,,,https://www.domestia.gr/u_photos/D-984494025.jpg,,,2026-09-27,2026-09-27T12:56:55Z
domestia.gr,Domestia,https://www.domestia.gr/panorama-bila-pros%2Dpolisi_102.html,Θεσσαλονίκη Ανατολικά - Βίλα προς Πώληση - 1.040  τ.μ.,sale,house,2950000,40.0,73750,1,,,thessaloniki,Πανόραμα,Θεσσαλονίκη Ανατολικά - Βίλα προς Πώληση - 1.040  τ,,,https://www.domestia.gr/u_photos/D-1012021219.jpg,,,2026-09-27,2026-09-27T12:56:58Z
aarealestate.gr,AA Real Estate,https://aarealestate.gr/en/property/23333-2/,AA Real Estate Μεσιτικό Γραφείο στη Θεσσαλονίκη,sale,office,128000,45.0,2844,1,,2008,thessaloniki,Θεσσαλονίκη,Θεσσαλονίκη  AA Real Estate Μεσιτικό Γραφείο στη Θε,,,https://aarealestate.gr/wp-content/uploads/2024/02/εικόνα_Viber_2024-02-07_17-48-49-643.jpg,,,2026-09-27,2026-09-27T12:55:36Z
aarealestate.gr,AA Real Estate,https://aarealestate.gr/property/24427-2/,Εξαιρετική Μεζονέτα στο Ν.751,sale,maisonette,465000,260.0,1788,5,ground,2004,thessaloniki,Θεσσαλονίκη,Θεσσαλονίκη Αρχική Ακίνητα Ανάθεση Ακινήτου Σχετικά,,,https://aarealestate.gr/wp-content/uploads/2024/03/εικόνα_Viber_2024-03-20_17-03-55-437.jpg,,,2026-09-27,2026-09-27T12:55:39Z
aarealestate.gr,AA Real Estate,https://aarealestate.gr/en/property/25025-2/,Maisonette in Perea,sale,maisonette,275000,110.0,2500,3,,2024,thessaloniki,Θεσσαλονίκη,Θεσσαλονίκη Home Properties Property Assignment Abo,,,https://aarealestate.gr/wp-content/uploads/2024/04/εικόνα_Viber_2024-04-05_13-26-53-138.jpg,,,2026-09-27,2026-09-27T12:55:50Z
aarealestate.gr,AA Real Estate,https://aarealestate.gr/en/property/26077-2/,excellent apartment for rent,rent,apartment,1000,88.0,11,2,,1977,thessaloniki,Θεσσαλονίκη,Θεσσαλονίκη Home Properties Property Assignment Abo,,,https://aarealestate.gr/wp-content/uploads/2024/05/εικόνα_Viber_2024-05-08_14-03-00-404.jpg,,,2026-09-27,2026-09-27T12:55:56Z
aarealestate.gr,AA Real Estate,https://aarealestate.gr/property/26033-2/,Εξαιρετικό διαμέρισμα στο Ντεπώ,sale,apartment,180000,64.0,2812,2,1,1978,thessaloniki,Θεσσαλονίκη-Ανατολικά,Θεσσαλονίκη Αρχική Ακίνητα Ανάθεση Ακινήτου Σχετικά,,,https://aarealestate.gr/wp-content/uploads/2024/05/εικόνα_Viber_2024-05-09_15-09-02-260.jpg,,,2026-09-27,2026-09-27T12:55:59Z
aarealestate.gr,AA Real Estate,https://aarealestate.gr/property/27856-2/,Εξαιρετική γκαρσονιέρα Κ.Τούμπα,sale,studio,135000,51.0,2647,1,,1980,thessaloniki,Θεσσαλονίκη-Ανατολικά,Τούμπα,,,https://aarealestate.gr/wp-content/uploads/2024/06/εικόνα_Viber_2024-06-07_17-04-02-161.jpg,,,2026-09-27,2026-09-27T12:56:08Z
aarealestate.gr,AA Real Estate,https://aarealestate.gr/en/property/exceptional-plot-400-sqm-asprovalta/,Exceptional plot 400 sqm Asprovalta,sale,land,50000,400.0,125,,,,thessaloniki,Θεσσαλονίκη,Θεσσαλονίκη Home Properties Property Assignment Abo,,,https://aarealestate.gr/wp-content/uploads/2024/07/asprovalta-beach-1.jpg,,,2026-09-27,2026-09-27T12:56:23Z
aarealestate.gr,AA Real Estate,https://aarealestate.gr/property/29914-2/,Μοναδικο επενδυτικό οικόπεδο στα Ν.Φλογητά,sale,land,280000,440.0,636,,,,thessaloniki,Θεσσαλονίκη,Θεσσαλονίκη Αρχική Ακίνητα Ανάθεση Ακινήτου Σχετικά,,,https://aarealestate.gr/wp-content/uploads/2024/07/port_img1.jpg,,,2026-09-27,2026-09-27T12:56:26Z
aarealestate.gr,AA Real Estate,https://aarealestate.gr/property/30910-2/,Μοναδικό διαμέρισμα στην Μονή Λαζαριστών,sale,apartment,225000,105.0,2143,3,1,2005,thessaloniki,Θεσσαλονίκη,Θεσσαλονίκη Αρχική Ακίνητα Ανάθεση Ακινήτου Σχετικά,,,https://aarealestate.gr/wp-content/uploads/2024/08/εικόνα_Viber_2024-07-29_14-46-05-485.jpg,,,2026-09-27,2026-09-27T12:56:35Z
aarealestate.gr,AA Real Estate,https://aarealestate.gr/property/32379-2/,Εξαιρετικό ανακαινισμένο διαμέρισμα στο κέντρο της πόλης,sale,apartment,175000,51.0,3431,2,2,1972,thessaloniki,Θεσσαλονίκη,Θεσσαλονίκη Αρχική Ακίνητα Ανάθεση Ακινήτου Σχετικά,,,https://aarealestate.gr/wp-content/uploads/2024/09/εικόνα_Viber_2024-09-21_17-54-13-740.jpg,,,2026-09-27,2026-09-27T12:56:41Z
aarealestate.gr,AA Real Estate,https://aarealestate.gr/property/32650-2/,Επενδυτικό στούντιο στο κέντρο της Θεσσαλονίκης,sale,studio,140000,34.0,4118,1,1,2012,thessaloniki,Θεσσαλονίκη,Θεσσαλονίκης  Επενδυτικό στούντιο στο κέντρο της Θε,,,https://aarealestate.gr/wp-content/uploads/2024/10/εικόνα_Viber_2024-07-24_08-59-23-026.jpg,,,2026-09-27,2026-09-27T12:56:47Z
aarealestate.gr,AA Real Estate,https://aarealestate.gr/en/property/32835-2/,excellent apartment in Kavala,sale,apartment,60000,58.0,1034,1,,,other,,Θεσσαλονίκη Home Properties Property Assignment Abo,,,https://aarealestate.gr/wp-content/uploads/2024/10/εικόνα_Viber_2024-10-04_07-56-29-680.jpg,,,2026-09-27,2026-09-27T12:56:53Z
aarealestate.gr,AA Real Estate,https://aarealestate.gr/property/32893-2/,Εξαιρετικό παραθαλάσσιο αγροτεμάχιο Πύδνα Πιερίας,sale,land,350000,6400.0,55,,,,other,,Θεσσαλονίκη Αρχική Ακίνητα Ανάθεση Ακινήτου Σχετικά,,,https://aarealestate.gr/wp-content/uploads/2024/10/pydna_beach_makrygialos_greece_1_2.jpg,,,2026-09-27,2026-09-27T12:56:56Z
basirealestate.gr,BASI Real Estate,https://basirealestate.gr/el/akinito/18160937,"2579428 - Οικιστικό συγκρότημα Προς Πώληση, Πολύγυρος, 464 τ.μ., €900.000",sale,building,900000,464.0,1940,,1,2023,thessaloniki,Καλαμαριά,Καλαμαριά (Θεσσαλονίκη - Περιφ/κοί δήμοι),,,http://m2.spitogatos.gr/368901883_900x675.jpg?v=20130730,,,2026-09-27,2026-09-27T12:55:35Z
basirealestate.gr,BASI Real Estate,https://basirealestate.gr/el/akinito/18467790,"2579494 - Studio/Γκαρσονιέρα Προς Πώληση, Καλαμαριά, 54 τ.μ., €165.000",sale,studio,165000,54.0,3056,,1,2025,thessaloniki,Καλαμαριά,Καλαμαριά (Θεσσαλονίκη - Περιφ/κοί δήμοι),,,http://m3.spitogatos.gr/368902958_900x675.jpg?v=20130730,,,2026-09-27,2026-09-27T12:55:38Z
basirealestate.gr,BASI Real Estate,https://basirealestate.gr/el/akinito/19415110,"2579657 - Διαμέρισμα Προς Πώληση, Τούμπα, 70 τ.μ., €145.000",sale,apartment,145000,70.0,2071,2,1,1990,thessaloniki,Θεσσαλονίκη-Ανατολικά,Καλαμαριά (Θεσσαλονίκη - Περιφ/κοί δήμοι),,,http://m1.spitogatos.gr/368888115_900x675.jpg?v=20130730,,,2026-09-27,2026-09-27T12:55:40Z
basirealestate.gr,BASI Real Estate,https://basirealestate.gr/el/akinito/19802431,"2579705 - Μεζονέτα Προς Πώληση, Πυλαία, 175 τ.μ., €345.000",sale,maisonette,345000,175.0,1971,,1,2005,thessaloniki,Πυλαία,Καλαμαριά (Θεσσαλονίκη - Περιφ/κοί δήμοι),,,http://m2.spitogatos.gr/368887447_900x675.jpg?v=20130730,,,2026-09-27,2026-09-27T12:55:44Z
basirealestate.gr,BASI Real Estate,https://basirealestate.gr/el/akinito/19919799,"2579714 - Διαμέρισμα Προς Πώληση, Ανάληψη - Μπότσαρη - Νέα Παραλία, 60 τ.μ., €105.000",sale,apartment,105000,60.0,1750,,1,1965,thessaloniki,Θεσσαλονίκη-Ανατολικά,Καλαμαριά (Θεσσαλονίκη - Περιφ/κοί δήμοι),,,http://m2.spitogatos.gr/368887234_900x675.jpg?v=20130730,,,2026-09-27,2026-09-27T12:55:47Z
basirealestate.gr,BASI Real Estate,https://basirealestate.gr/el/akinito/20874396,"2582683 - Studio/Γκαρσονιέρα Προς Ενοικίαση, Άγιος Παύλος, 35 τ.μ., €350",rent,studio,350,35.0,10,1,1,1995,thessaloniki,Καλαμαριά,Καλαμαριά (Θεσσαλονίκη - Περιφ/κοί δήμοι),,,http://m3.spitogatos.gr/369274220_900x675.jpg?v=20130730,,,2026-09-27,2026-09-27T12:55:49Z
basirealestate.gr,BASI Real Estate,https://basirealestate.gr/el/akinito/20142764,"2579733 - Διαμέρισμα Προς Πώληση, Καλαμαριά, 100 τ.μ., €280.000",sale,apartment,280000,100.0,2800,,1,1981,thessaloniki,Καλαμαριά,Καλαμαριά (Θεσσαλονίκη - Περιφ/κοί δήμοι),,,http://m3.spitogatos.gr/368886824_900x675.jpg?v=20130730,,,2026-09-27,2026-09-27T12:55:53Z
basirealestate.gr,BASI Real Estate,https://basirealestate.gr/el/akinito/20874402,"2584062 - Διαμέρισμα Προς Ενοικίαση, Καλαμαριά, 85 τ.μ., €630",rent,apartment,630,85.0,7,2,1,1980,thessaloniki,Καλαμαριά,Καλαμαριά (Θεσσαλονίκη - Περιφ/κοί δήμοι),,,http://m2.spitogatos.gr/369274261_900x675.jpg?v=20130730,,,2026-09-27,2026-09-27T12:55:56Z
basirealestate.gr,BASI Real Estate,https://basirealestate.gr/el/akinito/20132115,"2579732 - Κατάστημα Προς Ενοικίαση, Καλαμαριά, 55 τ.μ., €1.200",rent,store,1200,55.0,22,,1,1988,thessaloniki,Καλαμαριά,Καλαμαριά (Θεσσαλονίκη - Περιφ/κοί δήμοι),,,,,,2026-09-27,2026-09-27T12:55:59Z
basirealestate.gr,BASI Real Estate,https://basirealestate.gr/el/akinito/20926419,"2593186 - Διαμέρισμα Προς Ενοικίαση, Πολίχνη, 50 τ.μ., €450",rent,apartment,450,50.0,9,1,1,1999,thessaloniki,Παύλος Μελάς,Καλαμαριά (Θεσσαλονίκη - Περιφ/κοί δήμοι),,,http://m1.spitogatos.gr/370076643_900x675.jpg?v=20130730,,,2026-09-27,2026-09-27T12:56:01Z
basirealestate.gr,BASI Real Estate,https://basirealestate.gr/el/akinito/18120988,"2579414 - Μεζονέτα Προς Πώληση, Παλλήνη, 154 τ.μ., €649.000",sale,maisonette,649000,154.0,4214,3,1,2024,thessaloniki,Καλαμαριά,Καλαμαριά (Θεσσαλονίκη - Περιφ/κοί δήμοι),,,http://m3.spitogatos.gr/368902583_900x675.jpg?v=20130730,,,2026-09-27,2026-09-27T12:56:04Z
basirealestate.gr,BASI Real Estate,https://basirealestate.gr/el/akinito/18120737,"2579385 - Κατάστημα Προς Πώληση, Καλαμαριά, 42 τ.μ., €160.000",sale,store,160000,42.0,3810,,1,1990,thessaloniki,Καλαμαριά,Καλαμαριά (Θεσσαλονίκη - Περιφ/κοί δήμοι),,,http://m3.spitogatos.gr/368902859_900x675.jpg?v=20130730,,,2026-09-27,2026-09-27T12:56:07Z
basirealestate.gr,BASI Real Estate,https://basirealestate.gr/el/akinito/18131864,"2579420 - Κατάστημα Προς Πώληση, Ξηροκρήνη - Παναγία Φανερωμένη, 55 τ.μ., €90.000",sale,store,90000,55.0,1636,,1,2008,thessaloniki,Θεσσαλονίκη-Κέντρο,Καλαμαριά (Θεσσαλονίκη - Περιφ/κοί δήμοι),,,http://m2.spitogatos.gr/368902513_900x675.jpg?v=20130730,,,2026-09-27,2026-09-27T12:56:10Z
basirealestate.gr,BASI Real Estate,https://basirealestate.gr/el/akinito/18132931,"2579421 - Βίλα Προς Πώληση, Θερμαϊκός, 330 τ.μ., €1.200.000",sale,house,1200000,330.0,3636,,1,1997,thessaloniki,Θερμαϊκός,Καλαμαριά (Θεσσαλονίκη - Περιφ/κοί δήμοι),,,http://m1.spitogatos.gr/368902245_900x675.jpg?v=20130730,,,2026-09-27,2026-09-27T12:56:13Z
basirealestate.gr,BASI Real Estate,https://basirealestate.gr/el/akinito/18317979,"2579459 - Αγροτεμάχιο Προς Πώληση, Χέρσο, 45.000 τ.μ., €350.000",sale,land,350000,,,,1,,thessaloniki,Καλαμαριά,Καλαμαριά (Θεσσαλονίκη - Περιφ/κοί δήμοι),,,http://m2.spitogatos.gr/368905717_900x675.jpg?v=20130730,,,2026-09-27,2026-09-27T12:56:17Z
basirealestate.gr,BASI Real Estate,https://basirealestate.gr/el/akinito/18741878,"2579560 - Διαμέρισμα Προς Πώληση, Καλαμαριά, 90 τ.μ., €1.000",sale,apartment,,90.0,,,1,2025,thessaloniki,Καλαμαριά,Καλαμαριά (Θεσσαλονίκη - Περιφ/κοί δήμοι),,,http://m3.spitogatos.gr/368902154_900x675.jpg?v=20130730,,,2026-09-27,2026-09-27T12:56:19Z
basirealestate.gr,BASI Real Estate,https://basirealestate.gr/el/akinito/18971212,"2579579 - Διαμέρισμα Προς Πώληση, Κέντρο Θεσσαλονίκης, 50 τ.μ., €238.000",sale,apartment,238000,50.0,4760,,1,1954,thessaloniki,Θεσσαλονίκη-Κέντρο,Καλαμαριά (Θεσσαλονίκη - Περιφ/κοί δήμοι),,,http://m1.spitogatos.gr/368890347_900x675.jpg?v=20130730,,,2026-09-27,2026-09-27T12:56:22Z
basirealestate.gr,BASI Real Estate,https://basirealestate.gr/el/akinito/19021278,"2579596 - Studio/Γκαρσονιέρα Προς Πώληση, Καλαμαριά, 65 τ.μ., €182.000",sale,studio,182000,65.0,2800,1,1,2024,thessaloniki,Καλαμαριά,Καλαμαριά (Θεσσαλονίκη - Περιφ/κοί δήμοι),,,http://m2.spitogatos.gr/368889610_900x675.jpg?v=20130730,,,2026-09-27,2026-09-27T12:56:26Z
basirealestate.gr,BASI Real Estate,https://basirealestate.gr/el/akinito/20910304,"2590056 - Διαμέρισμα Προς Πώληση, Βούλγαρη - Ντεπώ - Μαρτίου, 97 τ.μ., €220.000",sale,apartment,220000,97.0,2268,3,1,1974,thessaloniki,Θεσσαλονίκη-Ανατολικά,Καλαμαριά (Θεσσαλονίκη - Περιφ/κοί δήμοι),,,http://m2.spitogatos.gr/369827317_900x675.jpg?v=20130730,,,2026-09-27,2026-09-27T12:56:29Z
basirealestate.gr,BASI Real Estate,https://basirealestate.gr/el/akinito/20890599,"2586057 - Διαμέρισμα Προς Πώληση, Καλαμαριά, 117 τ.μ., €230.000",sale,apartment,230000,117.0,1966,3,1,1972,thessaloniki,Καλαμαριά,Καλαμαριά (Θεσσαλονίκη - Περιφ/κοί δήμοι),,,http://m1.spitogatos.gr/369518247_900x675.jpg?v=20130730,,,2026-09-27,2026-09-27T12:56:31Z
basirealestate.gr,BASI Real Estate,https://basirealestate.gr/el/akinito/18318702,"2579460 - Οικόπεδο Προς Πώληση, Μηχανιώνα, 589 τ.μ., €750.000",sale,land,750000,589.0,1273,,1,,thessaloniki,Θερμαϊκός,Καλαμαριά (Θεσσαλονίκη - Περιφ/κοί δήμοι),,,http://m1.spitogatos.gr/368905707_900x675.jpg?v=20130730,,,2026-09-27,2026-09-27T12:56:34Z
basirealestate.gr,BASI Real Estate,https://basirealestate.gr/el/akinito/18324993,"2579461 - Μονοκατοικία Προς Πώληση, Ρεντίνα, 80 τ.μ., €150.000",sale,house,150000,80.0,1875,,1,1980,thessaloniki,Καλαμαριά,Καλαμαριά (Θεσσαλονίκη - Περιφ/κοί δήμοι),,,http://m2.spitogatos.gr/368905606_900x675.jpg?v=20130730,,,2026-09-27,2026-09-27T12:56:37Z
basirealestate.gr,BASI Real Estate,https://basirealestate.gr/el/akinito/18325002,"2579467 - Κατάστημα Προς Ενοικίαση, Καλαμαριά, 196 τ.μ., €1.800",rent,store,1800,196.0,9,,1,1973,thessaloniki,Καλαμαριά,Καλαμαριά (Θεσσαλονίκη - Περιφ/κοί δήμοι),,,http://m1.spitogatos.gr/368905584_900x675.jpg?v=20130730,,,2026-09-27,2026-09-27T12:56:40Z
basirealestate.gr,BASI Real Estate,https://basirealestate.gr/el/akinito/18341337,"2579469 - Οικόπεδο Προς Πώληση, Άγιος Αθανάσιος, 843 τ.μ., €160.000",sale,land,160000,843.0,190,,1,,thessaloniki,Καλαμαριά,Καλαμαριά (Θεσσαλονίκη - Περιφ/κοί δήμοι),,,http://m1.spitogatos.gr/368905521_900x675.jpg?v=20130730,,,2026-09-27,2026-09-27T12:56:43Z
basirealestate.gr,BASI Real Estate,https://basirealestate.gr/el/akinito/18407013,"2579486 - Μεζονέτα Προς Πώληση, Μίκρα, 216 τ.μ., €375.000",sale,maisonette,375000,216.0,1736,,1,2004,thessaloniki,Καλαμαριά,Καλαμαριά (Θεσσαλονίκη - Περιφ/κοί δήμοι),,,http://m3.spitogatos.gr/368905265_900x675.jpg?v=20130730,,,2026-09-27,2026-09-27T12:56:49Z
basirealestate.gr,BASI Real Estate,https://basirealestate.gr/el/akinito/18488655,"2579503 - Οικόπεδο Προς Πώληση, Τορώνη, 500 τ.μ., €190.000",sale,land,190000,500.0,380,,1,,thessaloniki,Καλαμαριά,Καλαμαριά (Θεσσαλονίκη - Περιφ/κοί δήμοι),,,http://m3.spitogatos.gr/368905166_900x675.jpg?v=20130730,,,2026-09-27,2026-09-27T12:56:52Z
basirealestate.gr,BASI Real Estate,https://basirealestate.gr/el/akinito/18578808,"2579509 - Οικόπεδο Προς Πώληση, Θέρμη, 4.000 τ.μ., €160.000",sale,land,160000,,,,1,,thessaloniki,Θέρμη,Καλαμαριά (Θεσσαλονίκη - Περιφ/κοί δήμοι),,,http://m1.spitogatos.gr/368905158_900x675.jpg?v=20130730,,,2026-09-27,2026-09-27T12:56:55Z
basirealestate.gr,BASI Real Estate,https://basirealestate.gr/el/akinito/18632058,"2579514 - Οικόπεδο Προς Πώληση, Βασιλικά, 770 τ.μ., €28.000",sale,land,28000,770.0,36,,1,,thessaloniki,Θέρμη,Καλαμαριά (Θεσσαλονίκη - Περιφ/κοί δήμοι),,,,,,2026-09-27,2026-09-27T12:56:58Z
basirealestate.gr,BASI Real Estate,https://basirealestate.gr/el/akinito/18467794,"2579496 - Studio/Γκαρσονιέρα Προς Πώληση, Καλαμαριά, 54 τ.μ., €170.000",sale,studio,170000,54.0,3148,,1,2025,thessaloniki,Καλαμαριά,Καλαμαριά (Θεσσαλονίκη - Περιφ/κοί δήμοι),,,http://m2.spitogatos.gr/368903410_900x675.jpg?v=20130730,,,2026-09-27,2026-09-27T12:57:01Z
dovile.gr,Dovile Realty,https://dovile.gr/el/property/46953,"Dovile - Ξενοδοχείο, 4.000τ.μ., €14.000.000 - Σαντορίνη - Θήρα",sale,hotel,14000000,,,,ισόγειο,2017,thessaloniki,Θεσσαλονίκη,Θεσσαλονίκη,,,https://abroker-app.s3.eu-central-1.amazonaws.com/61/properties/46953/watermark/bF54ZsnJBA.jpg,,,2026-09-27,2026-09-27T12:55:35Z
dovile.gr,Dovile Realty,https://dovile.gr/el/property/46068,"Dovile - Άλλου είδους επαγγελματικό, 40.000τ.μ., €1.200.000 - Θέρμη - Νέα Ραιδεστός",sale,,1200000,,,,ισόγειο,1975,thessaloniki,Θέρμη,Θέρμη,,,https://abroker-app.s3.eu-central-1.amazonaws.com/61/properties/46068/watermark/F7IfjAtnAU.jpg,,,2026-09-27,2026-09-27T12:55:38Z
dovile.gr,Dovile Realty,https://dovile.gr/el/property/43497,"Dovile - Βιοτεχνικός χώρος, 435τ.μ., €300.000 - Αμπελόκηποι - Ζωοδόχου Πηγής",sale,warehouse,300000,435.0,690,,1,1992,thessaloniki,Αμπελόκηποι-Μενεμένη,Αμπελόκηποι,,,https://abroker-app.s3.eu-central-1.amazonaws.com/61/properties/43497/watermark/nkyGwnR5am.jpg,,,2026-09-27,2026-09-27T12:55:41Z
dovile.gr,Dovile Realty,https://dovile.gr/el/property/42565,"Dovile - Βιομηχανικός χώρος, 2.200τ.μ., €1.500.000 - Εύοσμος - Άνωθεν Περιφερειακού",sale,warehouse,1500000,200.0,7500,,ισόγειο,1980,thessaloniki,Κορδελιό-Εύοσμος,Εύοσμος,,,,,,2026-09-27,2026-09-27T12:55:44Z
dovile.gr,Dovile Realty,https://dovile.gr/el/property/33533,"Dovile - Επαγγελματικό κτίριο, 6.000τ.μ., €5.500.000 - Βαρδάρης - Λαχανόκηποι - Σταθμός ΟΣΕ",sale,building,5500000,,,,ισόγειο,1962,thessaloniki,Θεσσαλονίκη-Κέντρο,Θεσσαλονίκη 546 27,,,,,,2026-09-27,2026-09-27T12:55:47Z
dovile.gr,Dovile Realty,https://dovile.gr/el/property/33027,"Dovile - Ξενοδοχείο, 850τ.μ., €2.400.000 - Θέρμη - Περιοχή Αεροδρομίου",sale,hotel,2400000,850.0,2824,,ισόγειο,2008,thessaloniki,Θέρμη,Θέρμη,,,,,,2026-09-27,2026-09-27T12:55:50Z
dovile.gr,Dovile Realty,https://dovile.gr/el/property/30483,"Dovile - Κατάστημα, 3.650τ.μ., €1.800.000 - Σταυρούπολη - Κέντρο",sale,store,1800000,650.0,2769,,ισόγειο,1985,thessaloniki,Παύλος Μελάς,Σταυρούπολη,,,https://abroker-app.s3.eu-central-1.amazonaws.com/61/properties/30483/watermark/qtYqOJ4yWc.jpg,,,2026-09-27,2026-09-27T12:55:53Z
dovile.gr,Dovile Realty,https://dovile.gr/el/property/30461,"Dovile - Μεζονέτα, 130τ.μ., €350.000 - Σιθωνία - Νικήτη",sale,maisonette,350000,130.0,2692,3,ισόγειο,2021,other,,Θεσσαλονίκη,,,https://abroker-app.s3.eu-central-1.amazonaws.com/61/properties/30461/watermark/aG0tYEK611.jpg,,,2026-09-27,2026-09-27T12:55:56Z
dovile.gr,Dovile Realty,https://dovile.gr/el/property/98284,"Dovile - Κατάστημα, 127τ.μ., €600 - Μπότσαρη",rent,store,600,127.0,5,,ισόγειο,1980,thessaloniki,Θεσσαλονίκη-Ανατολικά,Θεσσαλονίκη 546 44,,,https://abroker-app.s3.eu-central-1.amazonaws.com/61/properties/98284/watermark/UXUdor12LY.jpg,,,2026-09-27,2026-09-27T12:55:58Z
dovile.gr,Dovile Realty,https://dovile.gr/el/property/98162,"Dovile - Στούντιο/Γκαρσονιέρα, 55τ.μ., €170.000 - Βούλγαρη - Ντεπώ - Μαρτίου - Βούλγαρη - Άγιος Ελευθέριος",sale,studio,170000,55.0,3091,1,5,1981,thessaloniki,Κορδελιό-Εύοσμος,Θεσσαλονίκη 546 46,,,https://abroker-app.s3.eu-central-1.amazonaws.com/61/properties/98162/watermark/M8R56C2fzJ.jpg,,,2026-09-27,2026-09-27T12:56:02Z
dovile.gr,Dovile Realty,https://dovile.gr/el/property/64684,"Dovile - Κατάστημα, 300τ.μ., €3.400 - Χαριλάου - Οσία Ξένη",rent,store,3400,300.0,11,,ισόγειο,1988,thessaloniki,Θεσσαλονίκη-Ανατολικά,Χαριλάου,,,,,,2026-09-27,2026-09-27T12:56:05Z
dovile.gr,Dovile Realty,https://dovile.gr/el/property/95549,"Dovile - Διαμέρισμα, 200τ.μ., €730.000 - Νέα Παραλία",sale,apartment,730000,200.0,3650,3,3,1995,thessaloniki,Θεσσαλονίκη-Ανατολικά,Θεσσαλονίκη 546 43,,,https://abroker-app.s3.eu-central-1.amazonaws.com/61/properties/95549/watermark/26whLAgQz1.jpg,,,2026-09-27,2026-09-27T12:56:08Z
dovile.gr,Dovile Realty,https://dovile.gr/el/property/93824,"Dovile - Μεζονέτα, 95τ.μ., €150.000 - Κάσος - Φρυ",sale,maisonette,150000,95.0,1579,2,ισόγειο,1971,thessaloniki,Θεσσαλονίκη,Θεσσαλονίκη,,,https://abroker-app.s3.eu-central-1.amazonaws.com/61/properties/93824/watermark/A94aIbccWr.jpg,,,2026-09-27,2026-09-27T12:56:11Z
dovile.gr,Dovile Realty,https://dovile.gr/el/property/97119,"Dovile - Διαμέρισμα, 112τ.μ., €245.000 - Ανάληψη",sale,apartment,245000,112.0,2188,3,1,1976,thessaloniki,Θεσσαλονίκη-Ανατολικά,Θεσσαλονίκη 546 44,,,https://abroker-app.s3.eu-central-1.amazonaws.com/61/properties/97119/watermark/jSam2JjZ9k.jpg,,,2026-09-27,2026-09-27T12:56:14Z
dovile.gr,Dovile Realty,https://dovile.gr/el/property/94914,"Dovile - Διαμέρισμα, 58τ.μ., €500 - Μαρτίου",rent,apartment,500,58.0,9,1,1,1978,thessaloniki,Θεσσαλονίκη-Ανατολικά,Θεσσαλονίκη 542 48,,,https://abroker-app.s3.eu-central-1.amazonaws.com/61/properties/94914/watermark/TioD5NySuo.jpg,,,2026-09-27,2026-09-27T12:56:17Z
dovile.gr,Dovile Realty,https://dovile.gr/el/property/97365,"Dovile - Διαμέρισμα, 100τ.μ., €900 - Ιπποκράτειο",rent,apartment,900,100.0,9,2,5,1982,thessaloniki,Θεσσαλονίκη-Ανατολικά,Θεσσαλονίκη 546 41,,,https://abroker-app.s3.eu-central-1.amazonaws.com/61/properties/97365/watermark/RLIzKJZnQg.jpg,,,2026-09-27,2026-09-27T12:56:20Z
dovile.gr,Dovile Realty,https://dovile.gr/el/property/47205,"Dovile - Στούντιο/Γκαρσονιέρα, 38τ.μ., €500 - Καλαμαριά - Καραμπουρνακι",rent,studio,500,38.0,13,1,1,1983,thessaloniki,Καλαμαριά,Καλαμαριά,,,https://abroker-app.s3.eu-central-1.amazonaws.com/61/properties/47205/watermark/N0SjOHcRif.jpg,,,2026-09-27,2026-09-27T12:56:23Z
dovile.gr,Dovile Realty,https://dovile.gr/el/property/61312,"Dovile - Μονοκατοικία, 400τ.μ., €590.000 - Θερμαϊκός - Περαία",sale,house,590000,400.0,1475,6,ισόγειο,2001,thessaloniki,Θερμαϊκός,Περαία,,,https://abroker-app.s3.eu-central-1.amazonaws.com/61/properties/61312/watermark/62AU08c1ZP.jpg,,,2026-09-27,2026-09-27T12:56:26Z
dovile.gr,Dovile Realty,https://dovile.gr/el/property/48244,"Dovile - Αγροτεμάχιο, 800τ.μ., €800 - Θέρμη - Κέντρο",rent,land,800,800.0,1,,,,thessaloniki,Θέρμη,Θέρμη,,,https://abroker-app.s3.eu-central-1.amazonaws.com/61/properties/48244/watermark/VbgXXicVSa.jpg,,,2026-09-27,2026-09-27T12:56:29Z
dovile.gr,Dovile Realty,https://dovile.gr/el/property/95381,"Dovile - Διαμέρισμα, 100τ.μ., €1.000 - Τούμπα - Κάτω Τούμπα",rent,apartment,1000,100.0,10,3,5,2010,thessaloniki,Θεσσαλονίκη-Ανατολικά,Τούμπα,,,https://abroker-app.s3.eu-central-1.amazonaws.com/61/properties/95381/watermark/xBt6UzO2kL.jpg,,,2026-09-27,2026-09-27T12:56:32Z
dovile.gr,Dovile Realty,https://dovile.gr/el/property/93645,"Dovile - Διαμέρισμα, 60τ.μ., €180.000 - Παλλήνη - Πολύχρονο",sale,apartment,180000,60.0,3000,1,ισόγειο,2002,other,,Θεσσαλονίκη,,,https://abroker-app.s3.eu-central-1.amazonaws.com/61/properties/93645/watermark/IKotJc7LAC.jpg,,,2026-09-27,2026-09-27T12:56:35Z
dovile.gr,Dovile Realty,https://dovile.gr/el/property/87984,"Dovile - Μεζονέτα, 160τ.μ., €900 - Μαρτίου",rent,maisonette,900,160.0,6,3,5,1998,thessaloniki,Θεσσαλονίκη-Ανατολικά,Θεσσαλονίκη 546 46,,,https://abroker-app.s3.eu-central-1.amazonaws.com/61/properties/87984/watermark/EuQ20f9qGg.jpg,,,2026-09-27,2026-09-27T12:56:38Z
dovile.gr,Dovile Realty,https://dovile.gr/el/property/89855,"Dovile - Διαμέρισμα, 124τ.μ., €280.000 - Καλαμαριά - Κέντρο",sale,apartment,280000,124.0,2258,3,5,1997,thessaloniki,Καλαμαριά,Καλαμαριά,,,https://abroker-app.s3.eu-central-1.amazonaws.com/61/properties/89855/watermark/Ay7ihW8V8v.jpg,,,2026-09-27,2026-09-27T12:56:41Z
dovile.gr,Dovile Realty,https://dovile.gr/el/property/49738,"Dovile - Βιοτεχνικός χώρος, 380τ.μ., €27.000 - Θεσσαλονίκη - Δήμος - Χαριλάου",,warehouse,27000,380.0,71,,ημιυπόγειο,1972,thessaloniki,Θεσσαλονίκη-Ανατολικά,Θεσσαλονίκη - Δήμος - Χαριλάου  Dovile - Βιοτεχνικό,,,https://abroker-app.s3.eu-central-1.amazonaws.com/61/properties/49738/watermark/bUJZvnqG61.jpg,,,2026-09-27,2026-09-27T12:56:43Z
dovile.gr,Dovile Realty,https://dovile.gr/el/property/95260,"Dovile - Μονοκατοικία, 150τ.μ., €310.000 - Μίκρα - Καρδιά",sale,house,310000,150.0,2067,4,1,2004,thessaloniki,Θεσσαλονίκη,Θεσσαλονίκη,,,https://abroker-app.s3.eu-central-1.amazonaws.com/61/properties/95260/watermark/8EYgdWjLK0.jpg,,,2026-09-27,2026-09-27T12:56:47Z
dovile.gr,Dovile Realty,https://dovile.gr/el/property/95578,"Dovile - Διαμέρισμα, 42τ.μ., €140.000 - Κασσάνδρα - Καλλιθέα",sale,apartment,140000,42.0,3333,1,ισόγειο,2002,other,,Θεσσαλονίκη,,,https://abroker-app.s3.eu-central-1.amazonaws.com/61/properties/95578/watermark/MDrtLk8GmQ.jpg,,,2026-09-27,2026-09-27T12:56:50Z
dovile.gr,Dovile Realty,https://dovile.gr/el/property/42046,"Dovile - Διαμέρισμα, 135τ.μ., €300.000 - Τούμπα - Κάτω Τούμπα",sale,apartment,300000,135.0,2222,3,1,1998,thessaloniki,Θεσσαλονίκη-Ανατολικά,Τούμπα,,,https://abroker-app.s3.eu-central-1.amazonaws.com/61/properties/42046/watermark/J0d3WmOzg1.jpg,,,2026-09-27,2026-09-27T12:56:53Z
dovile.gr,Dovile Realty,https://dovile.gr/el/property/95259,"Dovile - Στούντιο/Γκαρσονιέρα, 27τ.μ., €59.000 - Μπότσαρη",sale,studio,59000,27.0,2185,,5,1984,thessaloniki,Θεσσαλονίκη-Ανατολικά,Θεσσαλονίκη 546 44,,,https://abroker-app.s3.eu-central-1.amazonaws.com/61/properties/95259/watermark/MBLgYRk6VD.jpg,,,2026-09-27,2026-09-27T12:56:56Z
dovile.gr,Dovile Realty,https://dovile.gr/en/property/46068,"Dovile - Other commercial, 40.000sq.m., €1.200.000 - Thermi - Nea Raidestos",sale,store,1200000,,,,ground,1975,thessaloniki,Θέρμη,Θέρμη,,,https://abroker-app.s3.eu-central-1.amazonaws.com/61/properties/46068/watermark/F7IfjAtnAU.jpg,,,2026-09-27,2026-09-27T12:56:59Z
casanova.com.gr,CASA NOVA (Αναστασιάδης Βασίλειος Α.),https://casanova.com.gr/el/property/545054,"Casa Nova - Real Estate Agents United - Στούντιο/Γκαρσονιέρα, 50τ.μ., €450 - Τούμπα - Κάτω Τούμπα",rent,studio,450,50.0,9,1,3,1967,thessaloniki,Θεσσαλονίκη-Ανατολικά,Τούμπα,,,https://abroker-app.s3.eu-central-1.amazonaws.com/4/properties/98332/original/um2f1nv411.jpg,,,2026-09-27,2026-09-27T12:55:38Z
casanova.com.gr,CASA NOVA (Αναστασιάδης Βασίλειος Α.),https://casanova.com.gr/el/property/545050,"Casa Nova - Real Estate Agents United - Διαμέρισμα, 76τ.μ., €170.000 - Εύοσμος - Νέα Πολιτεία",sale,apartment,170000,76.0,2237,2,2,2007,thessaloniki,Κορδελιό-Εύοσμος,Εύοσμος,,,https://abroker-app.s3.eu-central-1.amazonaws.com/4/properties/98312/original/n0x3NTPydl.jpg,,,2026-09-27,2026-09-27T12:55:41Z
casanova.com.gr,CASA NOVA (Αναστασιάδης Βασίλειος Α.),https://casanova.com.gr/el/property/545047,"Casa Nova - Real Estate Agents United - Κατάστημα, 260τ.μ., €4.300 - Τούμπα - Άνω Τούμπα",rent,store,4300,260.0,17,,ισόγειο,1986,thessaloniki,Θεσσαλονίκη-Ανατολικά,Τούμπα,,,https://abroker-app.s3.eu-central-1.amazonaws.com/4/properties/98273/original/wJBK6ITlVJ.jpg,,,2026-09-27,2026-09-27T12:55:44Z
casanova.com.gr,CASA NOVA (Αναστασιάδης Βασίλειος Α.),https://casanova.com.gr/el/property/545042,"Casa Nova - Real Estate Agents United - Στούντιο/Γκαρσονιέρα, 50τ.μ., €430 - Φάληρο - Ιπποκράτειο - Αγία Τριάδα",rent,studio,430,50.0,9,1,2,1975,thessaloniki,Θερμαϊκός,Θεσσαλονίκη,,,https://abroker-app.s3.eu-central-1.amazonaws.com/4/properties/98168/original/IJgPYsShke.jpg,,,2026-09-27,2026-09-27T12:55:47Z
casanova.com.gr,CASA NOVA (Αναστασιάδης Βασίλειος Α.),https://casanova.com.gr/el/property/545039,"Casa Nova - Real Estate Agents United - Αποθήκη, 80τ.μ., €25.000 - Φάληρο - Ιπποκράτειο - Αγία Τριάδα",,warehouse,25000,80.0,312,,ημιυπόγειο,1971,thessaloniki,Θερμαϊκός,Θεσσαλονίκη,,,https://abroker-app.s3.eu-central-1.amazonaws.com/4/properties/98120/original/3M8Zr7KY6P.jpg,,,2026-09-27,2026-09-27T12:55:50Z
casanova.com.gr,CASA NOVA (Αναστασιάδης Βασίλειος Α.),https://casanova.com.gr/el/property/545038,"Casa Nova - Real Estate Agents United - Διαμέρισμα, 125τ.μ., €820 - Κέντρο Θεσσαλονίκης - Άγιος Δημήτριος",rent,apartment,820,125.0,7,3,6,1970,thessaloniki,Θεσσαλονίκη-Κέντρο,Θεσσαλονίκης - Άγιος Δημήτριος  Casa Nova - Real Es,,,https://abroker-app.s3.eu-central-1.amazonaws.com/4/properties/98085/original/hFaQvaFuIJ.jpg,,,2026-09-27,2026-09-27T12:55:53Z
casanova.com.gr,CASA NOVA (Αναστασιάδης Βασίλειος Α.),https://casanova.com.gr/el/property/545034,"Casa Nova - Real Estate Agents United - Διαμέρισμα, 74τ.μ., €128.000 - Τούμπα - Κάτω Τούμπα",sale,apartment,128000,74.0,1730,2,2,1969,thessaloniki,Θεσσαλονίκη-Ανατολικά,Τούμπα,,,,,,2026-09-27,2026-09-27T12:55:56Z
casanova.com.gr,CASA NOVA (Αναστασιάδης Βασίλειος Α.),https://casanova.com.gr/el/property/545024,"Casa Nova - Real Estate Agents United - Διαμέρισμα, 95τ.μ., €900 - Καλαμαριά - Κέντρο",rent,apartment,900,95.0,9,2,3,2010,thessaloniki,Καλαμαριά,Καλαμαριά,,,https://abroker-app.s3.eu-central-1.amazonaws.com/4/properties/97872/original/lqxHrYZ0Ry.jpg,,,2026-09-27,2026-09-27T12:55:58Z
casanova.com.gr,CASA NOVA (Αναστασιάδης Βασίλειος Α.),https://casanova.com.gr/el/property/545041,"Casa Nova - Real Estate Agents United - Διαμέρισμα, 125τ.μ., €350.000 - Συκιές - Δροσιά",sale,apartment,350000,125.0,2800,3,4,2010,thessaloniki,Νεάπολη-Συκιές,Συκιές,,,https://abroker-app.s3.eu-central-1.amazonaws.com/4/properties/98147/original/bigd6TFVpY.jpg,,,2026-09-27,2026-09-27T12:56:02Z
casanova.com.gr,CASA NOVA (Αναστασιάδης Βασίλειος Α.),https://casanova.com.gr/el/property/545056,"Casa Nova - Real Estate Agents United - Στούντιο/Γκαρσονιέρα, 33τ.μ., €580 - Κέντρο Θεσσαλονίκης - Ιστορικό Κέντρο",rent,studio,580,33.0,18,1,1,1975,thessaloniki,Θεσσαλονίκη-Κέντρο,Θεσσαλονίκης - Ιστορικό Κέντρο  Casa Nova - Real Es,,,https://abroker-app.s3.eu-central-1.amazonaws.com/4/properties/98373/original/AGtCUOW7Ah.jpg,,,2026-09-27,2026-09-27T12:56:05Z
casanova.com.gr,CASA NOVA (Αναστασιάδης Βασίλειος Α.),https://casanova.com.gr/el/property/544934,"Casa Nova - Real Estate Agents United - Διαμέρισμα, 45τ.μ., €69.000 - Μπότσαρη",sale,apartment,69000,45.0,1533,1,ημιυπόγειο,1969,thessaloniki,Θεσσαλονίκη-Ανατολικά,Θεσσαλονίκη 546 39,,,https://abroker-app.s3.eu-central-1.amazonaws.com/4/properties/96627/original/mSVYYY2Ggk.jpg,,,2026-09-27,2026-09-27T12:56:08Z
casanova.com.gr,CASA NOVA (Αναστασιάδης Βασίλειος Α.),https://casanova.com.gr/el/property/545053,"Casa Nova - Real Estate Agents United - Διαμέρισμα, 133τ.μ., €1.250 - Νέα Παραλία",rent,apartment,1250,133.0,9,2,2,1972,thessaloniki,Θεσσαλονίκη-Ανατολικά,Θεσσαλονίκη,,,https://abroker-app.s3.eu-central-1.amazonaws.com/4/properties/98331/original/EVIUK18GCM.jpg,,,2026-09-27,2026-09-27T12:56:14Z
casanova.com.gr,CASA NOVA (Αναστασιάδης Βασίλειος Α.),https://casanova.com.gr/el/property/545052,"Casa Nova - Real Estate Agents United - Στούντιο/Γκαρσονιέρα, 50τ.μ., €370 - Συκιές - Κέντρο",rent,studio,370,50.0,7,1,,1970,thessaloniki,Νεάπολη-Συκιές,Συκιές,,,https://abroker-app.s3.eu-central-1.amazonaws.com/4/properties/98330/original/K5E8HwPt4l.jpg,,,2026-09-27,2026-09-27T12:56:17Z
casanova.com.gr,CASA NOVA (Αναστασιάδης Βασίλειος Α.),https://casanova.com.gr/el/property/545051,"Casa Nova - Real Estate Agents United - Διαμέρισμα, 85τ.μ., €750 - Ανάληψη",rent,apartment,750,85.0,9,2,6,1975,thessaloniki,Θεσσαλονίκη-Ανατολικά,Θεσσαλονίκη 546 39,,,https://abroker-app.s3.eu-central-1.amazonaws.com/4/properties/98324/original/lBkQKLwR43.jpg,,,2026-09-27,2026-09-27T12:56:20Z
casanova.com.gr,CASA NOVA (Αναστασιάδης Βασίλειος Α.),https://casanova.com.gr/el/property/545046,"Casa Nova - Real Estate Agents United - Στούντιο/Γκαρσονιέρα, 25τ.μ., €430 - Κέντρο Θεσσαλονίκης - Ιστορικό Κέντρο",rent,studio,430,25.0,17,1,ισόγειο,1975,thessaloniki,Θεσσαλονίκη-Κέντρο,Θεσσαλονίκης - Ιστορικό Κέντρο  Casa Nova - Real Es,,,https://abroker-app.s3.eu-central-1.amazonaws.com/4/properties/98256/original/Lz4RtT1ado.jpg,,,2026-09-27,2026-09-27T12:56:22Z
casanova.com.gr,CASA NOVA (Αναστασιάδης Βασίλειος Α.),https://casanova.com.gr/el/property/545049,"Casa Nova - Real Estate Agents United - Διαμέρισμα, 55τ.μ., €169.000 - Ιπποκράτειο",sale,apartment,169000,55.0,3073,2,1,1963,thessaloniki,Θεσσαλονίκη-Ανατολικά,Θεσσαλονίκη 546 39,,,https://abroker-app.s3.eu-central-1.amazonaws.com/4/properties/98298/original/k5uZyjCjyn.jpg,,,2026-09-27,2026-09-27T12:56:29Z
casanova.com.gr,CASA NOVA (Αναστασιάδης Βασίλειος Α.),https://casanova.com.gr/el/property/545018,"Casa Nova - Real Estate Agents United - Διαμέρισμα, 76τ.μ., €144.000 - Φάληρο - Ιπποκράτειο - Αγία Τριάδα",sale,apartment,144000,76.0,1895,2,1,1968,thessaloniki,Θερμαϊκός,Θεσσαλονίκη 546 39,,,https://abroker-app.s3.eu-central-1.amazonaws.com/4/properties/97775/original/vLs9ugNs2x.jpg,,,2026-09-27,2026-09-27T12:56:32Z
casanova.com.gr,CASA NOVA (Αναστασιάδης Βασίλειος Α.),https://casanova.com.gr/el/property/545001,"Casa Nova - Real Estate Agents United - Στούντιο/Γκαρσονιέρα, 31τ.μ., €70.000 - Κέντρο Θεσσαλονίκης - ΔΕΘ - Πανεπιστήμια",sale,studio,70000,31.0,2258,,1,1987,thessaloniki,Θεσσαλονίκη-Κέντρο,Θεσσαλονίκης - ΔΕΘ - Πανεπιστήμια  Casa Nova - Real,,,https://abroker-app.s3.eu-central-1.amazonaws.com/4/properties/97388/original/uTrJ02V3YB.jpg,,,2026-09-27,2026-09-27T12:56:35Z
casanova.com.gr,CASA NOVA (Αναστασιάδης Βασίλειος Α.),https://casanova.com.gr/el/property/544707,"Casa Nova - Real Estate Agents United - Στούντιο/Γκαρσονιέρα, 42τ.μ., €550 - Τούμπα - Κάτω Τούμπα",rent,studio,550,42.0,13,1,1,1973,thessaloniki,Θεσσαλονίκη-Ανατολικά,Τούμπα,,,https://abroker-app.s3.eu-central-1.amazonaws.com/4/properties/93679/original/H752C4tYD3.jpg,,,2026-09-27,2026-09-27T12:56:38Z
casanova.com.gr,CASA NOVA (Αναστασιάδης Βασίλειος Α.),https://casanova.com.gr/el/property/545045,"Casa Nova - Real Estate Agents United - Στούντιο/Γκαρσονιέρα, 38τ.μ., €480 - Κέντρο Θεσσαλονίκης - Ιστορικό Κέντρο",rent,studio,480,38.0,13,1,1,2004,thessaloniki,Θεσσαλονίκη-Κέντρο,Θεσσαλονίκης - Ιστορικό Κέντρο  Casa Nova - Real Es,,,https://abroker-app.s3.eu-central-1.amazonaws.com/4/properties/98254/original/LW1UPQJpOL.jpg,,,2026-09-27,2026-09-27T12:56:40Z
casanova.com.gr,CASA NOVA (Αναστασιάδης Βασίλειος Α.),https://casanova.com.gr/el/property/545044,"Casa Nova - Real Estate Agents United - Στούντιο/Γκαρσονιέρα, 63τ.μ., €550 - Ιπποκράτειο",rent,studio,550,63.0,9,1,1,1975,thessaloniki,Θεσσαλονίκη-Ανατολικά,Θεσσαλονίκη 546 39,,,https://abroker-app.s3.eu-central-1.amazonaws.com/4/properties/98249/original/iwZBiq02Ew.jpg,,,2026-09-27,2026-09-27T12:56:44Z
casanova.com.gr,CASA NOVA (Αναστασιάδης Βασίλειος Α.),https://casanova.com.gr/el/property/545043,"Casa Nova - Real Estate Agents United - Διαμέρισμα, 75τ.μ., €750 - Κέντρο Θεσσαλονίκης - Διοικητήριο",rent,apartment,750,75.0,10,2,4,1977,thessaloniki,Θεσσαλονίκη-Κέντρο,Θεσσαλονίκης - Διοικητήριο  Casa Nova - Real Estate,,,https://abroker-app.s3.eu-central-1.amazonaws.com/4/properties/98205/original/09RweFjtpT.jpg,,,2026-09-27,2026-09-27T12:56:46Z
casanova.com.gr,CASA NOVA (Αναστασιάδης Βασίλειος Α.),https://casanova.com.gr/el/property/545040,"Casa Nova - Real Estate Agents United - Στούντιο/Γκαρσονιέρα, 55τ.μ., €58.000 - Δόξα",sale,studio,58000,55.0,1055,1,ισόγειο,1996,thessaloniki,Θεσσαλονίκη,Θεσσαλονίκη,,,https://abroker-app.s3.eu-central-1.amazonaws.com/4/properties/98144/original/HjR3Ak3qKM.jpg,,,2026-09-27,2026-09-27T12:56:50Z
casanova.com.gr,CASA NOVA (Αναστασιάδης Βασίλειος Α.),https://casanova.com.gr/el/property/545031,"Casa Nova - Real Estate Agents United - Στούντιο/Γκαρσονιέρα, 45τ.μ., €430 - Κέντρο Θεσσαλονίκης - Διοικητήριο",rent,studio,430,45.0,10,1,2,1972,thessaloniki,Θεσσαλονίκη-Κέντρο,Θεσσαλονίκης - Διοικητήριο  Casa Nova - Real Estate,,,https://abroker-app.s3.eu-central-1.amazonaws.com/4/properties/98009/original/wIzUks7hvR.jpg,,,2026-09-27,2026-09-27T12:56:53Z
casanova.com.gr,CASA NOVA (Αναστασιάδης Βασίλειος Α.),https://casanova.com.gr/el/property/544528,"Casa Nova - Real Estate Agents United - Στούντιο/Γκαρσονιέρα, 25τ.μ., €72.000 - Φάληρο - Ιπποκράτειο - Αγία Τριάδα",sale,studio,72000,25.0,2880,,ισόγειο,1968,thessaloniki,Θερμαϊκός,Θεσσαλονίκη 546 39,,,https://abroker-app.s3.eu-central-1.amazonaws.com/4/properties/90954/original/N8j1c2zeAN.jpg,,,2026-09-27,2026-09-27T12:56:56Z
casanova.com.gr,CASA NOVA (Αναστασιάδης Βασίλειος Α.),https://casanova.com.gr/el/property/544529,"Casa Nova - Real Estate Agents United - Στούντιο/Γκαρσονιέρα, 28τ.μ., €72.000 - Φάληρο - Ιπποκράτειο - Αγία Τριάδα",sale,studio,72000,28.0,2571,,ισόγειο,1968,thessaloniki,Θερμαϊκός,Θεσσαλονίκη 546 39,,,https://abroker-app.s3.eu-central-1.amazonaws.com/4/properties/90956/original/iTVZiE6sHw.jpg,,,2026-09-27,2026-09-27T12:56:59Z
casanova.com.gr,CASA NOVA (Αναστασιάδης Βασίλειος Α.),https://casanova.com.gr/el/property/544992,"Casa Nova - Real Estate Agents United - Στούντιο/Γκαρσονιέρα, 40τ.μ., €82.900 - Χαριλάου - Βρυσάκι",sale,studio,82900,40.0,2072,1,ισόγειο,1977,thessaloniki,Θεσσαλονίκη-Ανατολικά,Χαριλάου,,,https://abroker-app.s3.eu-central-1.amazonaws.com/4/properties/97271/original/v0aLRQiZge.jpg,,,2026-09-27,2026-09-27T12:57:02Z
casanova.com.gr,CASA NOVA (Αναστασιάδης Βασίλειος Α.),https://casanova.com.gr/el/property/544993,"Casa Nova - Real Estate Agents United - Στούντιο/Γκαρσονιέρα, 40τ.μ., €83.900 - Χαριλάου - Βρυσάκι",sale,studio,83900,40.0,2098,1,ισόγειο,1977,thessaloniki,Θεσσαλονίκη-Ανατολικά,Χαριλάου,,,https://abroker-app.s3.eu-central-1.amazonaws.com/4/properties/97273/original/DtpBs5Pc9y.jpg,,,2026-09-27,2026-09-27T12:57:04Z
eliteps.gr,ELITE PROPERTIES,https://eliteps.gr/el/property/12717,"Elite Properties - Κατάστημα, 96τ.μ., €580 - Θεσσαλονίκη - Δήμος - Χαριλάου",rent,store,580,96.0,6,,ισόγειο,1978,thessaloniki,Θεσσαλονίκη-Ανατολικά,Θεσσαλονίκη - Δήμος - Χαριλάου  Elite Properties -,,,https://abroker-app.s3.eu-central-1.amazonaws.com/2/properties/97180/watermark/vUAsDtqcqz.jpg,,,2026-09-27,2026-09-27T12:55:38Z
eliteps.gr,ELITE PROPERTIES,https://eliteps.gr/el/property/12639,"Elite Properties - Διαμέρισμα, 84τ.μ., €280.000 - Τούμπα - Άνω Τούμπα",sale,apartment,280000,84.0,3333,2,5,,thessaloniki,Θεσσαλονίκη-Ανατολικά,Τούμπα,,,https://abroker-app.s3.eu-central-1.amazonaws.com/2/properties/96550/watermark/HIeqTb7ywt.jpg,,,2026-09-27,2026-09-27T12:55:41Z
eliteps.gr,ELITE PROPERTIES,https://eliteps.gr/el/property/12638,"Elite Properties - Διαμέρισμα, 84τ.μ., €275.000 - Τούμπα - Άνω Τούμπα",sale,apartment,275000,84.0,3274,2,4,,thessaloniki,Θεσσαλονίκη-Ανατολικά,Τούμπα,,,https://abroker-app.s3.eu-central-1.amazonaws.com/2/properties/96549/watermark/o5eMHt0Ycq.jpg,,,2026-09-27,2026-09-27T12:55:44Z
eliteps.gr,ELITE PROPERTIES,https://eliteps.gr/el/property/12637,"Elite Properties - Διαμέρισμα, 83τ.μ., €265.000 - Τούμπα - Άνω Τούμπα",sale,apartment,265000,83.0,3193,2,3,,thessaloniki,Θεσσαλονίκη-Ανατολικά,Τούμπα,,,https://abroker-app.s3.eu-central-1.amazonaws.com/2/properties/96548/watermark/tcy7DnDxWI.jpg,,,2026-09-27,2026-09-27T12:55:47Z
eliteps.gr,ELITE PROPERTIES,https://eliteps.gr/el/property/12621,"Elite Properties - Στούντιο/Γκαρσονιέρα, 45τ.μ., €178.000 - Κέντρο Θεσσαλονίκης - Ιστορικό Κέντρο",sale,studio,178000,45.0,3956,1,3,2004,thessaloniki,Θεσσαλονίκη-Κέντρο,Θεσσαλονίκης - Ιστορικό Κέντρο  Elite Properties -,,,https://abroker-app.s3.eu-central-1.amazonaws.com/2/properties/96458/watermark/GDYBQoFIJs.jpg,,,2026-09-27,2026-09-27T12:55:50Z
eliteps.gr,ELITE PROPERTIES,https://eliteps.gr/el/property/12569,"Elite Properties - Διαμέρισμα, 47τ.μ., €88.000 - Μπότσαρη",sale,apartment,88000,47.0,1872,1,,1972,thessaloniki,Θεσσαλονίκη-Ανατολικά,Θεσσαλονίκη,,,https://abroker-app.s3.eu-central-1.amazonaws.com/2/properties/95972/watermark/RTRiXd4rxv.jpg,,,2026-09-27,2026-09-27T12:55:53Z
eliteps.gr,ELITE PROPERTIES,https://eliteps.gr/el/property/12491,"Elite Properties - Κατάστημα, 54τ.μ., €55.000 - Τούμπα - Κάτω Τούμπα",sale,store,55000,54.0,1019,,ισόγειο,1975,thessaloniki,Θεσσαλονίκη-Ανατολικά,Τούμπα,,,,,,2026-09-27,2026-09-27T12:55:56Z
eliteps.gr,ELITE PROPERTIES,https://eliteps.gr/el/property/12479,"Elite Properties - Αγροτεμάχιο, 500τ.μ., €25.000 - Μουδανιά - Νέα Ποτίδαια",,land,25000,500.0,50,,,,other,,Θεσσαλονίκη,,,https://abroker-app.s3.eu-central-1.amazonaws.com/2/properties/95371/watermark/QB3Kdq0IJk.jpg,,,2026-09-27,2026-09-27T12:55:59Z
eliteps.gr,ELITE PROPERTIES,https://eliteps.gr/el/property/12781,"Elite Properties - Διαμέρισμα, 75τ.μ., €550 - Εύοσμος - Κέντρο",rent,apartment,550,75.0,7,2,2,1997,thessaloniki,Κορδελιό-Εύοσμος,Εύοσμος,,,https://abroker-app.s3.eu-central-1.amazonaws.com/2/properties/97963/watermark/i0exI7AqGB.jpg,,,2026-09-27,2026-09-27T12:56:02Z
eliteps.gr,ELITE PROPERTIES,https://eliteps.gr/el/property/11061,"Elite Properties - Διαμέρισμα, 104τ.μ., €650 - Κέντρο Θεσσαλονίκης - Άγιος Δημήτριος",rent,apartment,650,104.0,6,3,6,1967,thessaloniki,Θεσσαλονίκη-Κέντρο,Θεσσαλονίκης - Άγιος Δημήτριος  Elite Properties -,,,https://abroker-app.s3.eu-central-1.amazonaws.com/2/properties/77449/watermark/RtudyGUjAL.jpg,,,2026-09-27,2026-09-27T12:56:05Z
eliteps.gr,ELITE PROPERTIES,https://eliteps.gr/el/property/12803,"Elite Properties - Διαμέρισμα, 48τ.μ., €480 - Κέντρο Θεσσαλονίκης - Ιστορικό Κέντρο",rent,apartment,480,48.0,10,1,4,1973,thessaloniki,Θεσσαλονίκη-Κέντρο,Θεσσαλονίκης - Ιστορικό Κέντρο  Elite Properties -,,,https://abroker-app.s3.eu-central-1.amazonaws.com/2/properties/98291/watermark/RWrJlP6Glh.jpg,,,2026-09-27,2026-09-27T12:56:08Z
eliteps.gr,ELITE PROPERTIES,https://eliteps.gr/el/property/11143,"Elite Properties - Διαμέρισμα, 112τ.μ., €230.000 - Τούμπα - Κάτω Τούμπα",sale,apartment,230000,112.0,2054,3,2,1977,thessaloniki,Θεσσαλονίκη-Ανατολικά,Τούμπα,,,https://abroker-app.s3.eu-central-1.amazonaws.com/2/properties/80118/watermark/0D4bHyMIsH.jpg,,,2026-09-27,2026-09-27T12:56:11Z
eliteps.gr,ELITE PROPERTIES,https://eliteps.gr/el/property/12805,"Elite Properties - Διαμέρισμα, 55τ.μ., €190.000 - Παλλήνη - Πευκοχώρι",sale,apartment,190000,55.0,3455,1,1,1975,other,,Θεσσαλονίκη,,,https://abroker-app.s3.eu-central-1.amazonaws.com/2/properties/98335/watermark/FAngvtwIpZ.jpg,,,2026-09-27,2026-09-27T12:56:14Z
eliteps.gr,ELITE PROPERTIES,https://eliteps.gr/el/property/11979,"Elite Properties - Μεζονέτα, 118τ.μ., €410.000 - Τούμπα - Κάτω Τούμπα",sale,maisonette,410000,118.0,3475,2,6,2026,thessaloniki,Θεσσαλονίκη-Ανατολικά,Τούμπα,,,https://abroker-app.s3.eu-central-1.amazonaws.com/2/properties/89093/watermark/kjILP5T7lR.jpg,,,2026-09-27,2026-09-27T12:56:17Z
eliteps.gr,ELITE PROPERTIES,https://eliteps.gr/el/property/12170,"Elite Properties - Διαμέρισμα, 133τ.μ., €380.000 - Μαρτίου",sale,apartment,380000,133.0,2857,3,1,1976,thessaloniki,Θεσσαλονίκη-Ανατολικά,Θεσσαλονίκη,,,https://abroker-app.s3.eu-central-1.amazonaws.com/2/properties/91490/watermark/oX92kWWydd.jpg,,,2026-09-27,2026-09-27T12:56:20Z
eliteps.gr,ELITE PROPERTIES,https://eliteps.gr/el/property/12195,"Elite Properties - Στούντιο/Γκαρσονιέρα, 30τ.μ., €107.000 - Κέντρο Θεσσαλονίκης - Ιστορικό Κέντρο",sale,studio,107000,30.0,3567,1,,1970,thessaloniki,Θεσσαλονίκη-Κέντρο,Θεσσαλονίκης - Ιστορικό Κέντρο  Elite Properties -,,,https://abroker-app.s3.eu-central-1.amazonaws.com/2/properties/91822/watermark/d111Tx3Vqt.jpg,,,2026-09-27,2026-09-27T12:56:23Z
eliteps.gr,ELITE PROPERTIES,https://eliteps.gr/el/property/12499,"Elite Properties - Διαμέρισμα, 102τ.μ., €285.000 - Τούμπα - Άνω Τούμπα",sale,apartment,285000,102.0,2794,3,3,1984,thessaloniki,Θεσσαλονίκη-Ανατολικά,Τούμπα,,,https://abroker-app.s3.eu-central-1.amazonaws.com/2/properties/95478/watermark/CLd4cTRzoT.jpg,,,2026-09-27,2026-09-27T12:56:26Z
eliteps.gr,ELITE PROPERTIES,https://eliteps.gr/el/property/9114,"Elite Properties - Στούντιο/Γκαρσονιέρα, 25τ.μ., €400 - Δόξα",rent,studio,400,25.0,16,1,3,1978,thessaloniki,Θεσσαλονίκη-Ανατολικά,Τριανδρία,,,https://abroker-app.s3.eu-central-1.amazonaws.com/2/properties/49805/watermark/EeBCAsNAAe.jpg,,,2026-09-27,2026-09-27T12:56:29Z
eliteps.gr,ELITE PROPERTIES,https://eliteps.gr/el/property/12768,"Elite Properties - Μεζονέτα, 127τ.μ., €1.000 - Πυλαία - Κωνσταντινοπολίτικα",rent,maisonette,1000,127.0,8,2,1,1992,thessaloniki,Πυλαία,Πυλαία,,,https://abroker-app.s3.eu-central-1.amazonaws.com/2/properties/97705/watermark/S35ufjBodu.jpg,,,2026-09-27,2026-09-27T12:56:35Z
eliteps.gr,ELITE PROPERTIES,https://eliteps.gr/el/property/12711,"Elite Properties - Διαμέρισμα, 50τ.μ., €480 - Τούμπα - Άνω Τούμπα",rent,apartment,480,50.0,10,1,,1975,thessaloniki,Θεσσαλονίκη-Ανατολικά,Τούμπα,,,https://abroker-app.s3.eu-central-1.amazonaws.com/2/properties/97157/watermark/yICMTqBzbr.jpg,,,2026-09-27,2026-09-27T12:56:38Z
eliteps.gr,ELITE PROPERTIES,https://eliteps.gr/el/property/12690,"Elite Properties - Διαμέρισμα, 90τ.μ., €560 - Τούμπα - Κάτω Τούμπα",rent,apartment,560,90.0,6,3,,1978,thessaloniki,Θεσσαλονίκη-Ανατολικά,Τούμπα,,,https://abroker-app.s3.eu-central-1.amazonaws.com/2/properties/97013/watermark/YhYDFP6fsI.jpg,,,2026-09-27,2026-09-27T12:56:41Z
eliteps.gr,ELITE PROPERTIES,https://eliteps.gr/el/property/12804,"Elite Properties - Κατάστημα, 144τ.μ., €950 - Χαριλάου - Αγία Κυριακή",rent,store,950,144.0,7,,ισόγειο,1992,thessaloniki,Θεσσαλονίκη-Ανατολικά,Χαριλάου,,,https://abroker-app.s3.eu-central-1.amazonaws.com/2/properties/98321/watermark/kEBfgdhtjR.jpg,,,2026-09-27,2026-09-27T12:56:44Z
eliteps.gr,ELITE PROPERTIES,https://eliteps.gr/el/property/12802,"Elite Properties - Κατάστημα, 172τ.μ., €400 - Πολίχνη - Μετέωρα",rent,store,400,172.0,2,,ημιυπόγειο,1987,thessaloniki,Παύλος Μελάς,Πολίχνη,,,https://abroker-app.s3.eu-central-1.amazonaws.com/2/properties/98290/watermark/eTn7sRlGuj.jpg,,,2026-09-27,2026-09-27T12:56:47Z
eliteps.gr,ELITE PROPERTIES,https://eliteps.gr/el/property/12571,"Elite Properties - Loft, 40τ.μ., €93.000 - Τριανδρία",sale,,93000,40.0,2325,1,ισόγειο,1976,thessaloniki,Θεσσαλονίκη-Ανατολικά,Τριανδρία,,,https://abroker-app.s3.eu-central-1.amazonaws.com/2/properties/96002/watermark/w8T7BMrjy2.jpg,,,2026-09-27,2026-09-27T12:56:50Z
eliteps.gr,ELITE PROPERTIES,https://eliteps.gr/el/property/10787,"Elite Properties - Διαμέρισμα, 72τ.μ., €620 - Φάληρο - Ιπποκράτειο - Αγία Τριάδα",rent,apartment,620,72.0,9,2,1,1977,thessaloniki,Θερμαϊκός,Θεσσαλονίκη,,,https://abroker-app.s3.eu-central-1.amazonaws.com/2/properties/73294/watermark/IqHgBvcXaZ.jpg,,,2026-09-27,2026-09-27T12:56:53Z
eliteps.gr,ELITE PROPERTIES,https://eliteps.gr/el/property/11186,"Elite Properties - Αποθήκη, 172τ.μ., €400 - Πολίχνη - Μετέωρα",rent,warehouse,400,172.0,2,,ημιυπόγειο,1987,thessaloniki,Παύλος Μελάς,Πολίχνη,,,https://abroker-app.s3.eu-central-1.amazonaws.com/2/properties/80604/watermark/8cdHWqv4yS.jpg,,,2026-09-27,2026-09-27T12:56:56Z
eliteps.gr,ELITE PROPERTIES,https://eliteps.gr/el/property/10317,"Elite Properties - Διαμέρισμα, 73τ.μ., €500 - Τούμπα - Κάτω Τούμπα",rent,apartment,500,73.0,7,2,,1978,thessaloniki,Θεσσαλονίκη-Ανατολικά,Τούμπα,,,https://abroker-app.s3.eu-central-1.amazonaws.com/2/properties/68619/watermark/S1R7QjIZ3h.jpg,,,2026-09-27,2026-09-27T12:56:59Z
eliteps.gr,ELITE PROPERTIES,https://eliteps.gr/el/property/12718,"Elite Properties - Διαμέρισμα, 42τ.μ., €420 - Μπότσαρη",rent,apartment,420,42.0,10,1,1,1977,thessaloniki,Θεσσαλονίκη-Ανατολικά,Θεσσαλονίκη,,,https://abroker-app.s3.eu-central-1.amazonaws.com/2/properties/97198/watermark/URfwdotKzM.jpg,,,2026-09-27,2026-09-27T12:57:02Z
eliteps.gr,ELITE PROPERTIES,https://eliteps.gr/el/property/12698,"Elite Properties - Διαμέρισμα, 47τ.μ., €650 - Ανάληψη",rent,apartment,650,47.0,14,1,1,1963,thessaloniki,Θεσσαλονίκη-Ανατολικά,Θεσσαλονίκη,,,https://abroker-app.s3.eu-central-1.amazonaws.com/2/properties/97112/watermark/ci7g0BCZBO.jpg,,,2026-09-27,2026-09-27T12:57:05Z
best-house.gr,BEST HOUSE (Σταμπουλή Ζωή Μ.),https://www.best-house.gr/akinito/499-epixeirisi-k7576,"Επιχείρηση, Κ7576",sale,house,50000,,,,,,thessaloniki,Θεσσαλονίκη,Θεσσαλονίκη Δυτικά) Δυτική Θεσσαλονίκη πωλείται πολ,,,https://www.best-house.gr/images/1%20K7576.jpg,,,2026-09-27,2026-09-27T12:55:41Z
best-house.gr,BEST HOUSE (Σταμπουλή Ζωή Μ.),https://www.best-house.gr/akinito/498-periptero-5tm-k7575,"Περίπτερο, 5τμ, Κ7575",rent,house,300,5.0,60,1,,,thessaloniki,Αμπελόκηποι-Μενεμένη,Μενεμένη,,,https://www.best-house.gr/images/7%20K7575.jpg,,,2026-09-27,2026-09-27T12:55:43Z
best-house.gr,BEST HOUSE (Σταμπουλή Ζωή Μ.),https://www.best-house.gr/akinito/497-oikopedo-1485tm-x7574,"Οικόπεδο, 1485τμ, Χ7574",sale,land,75000,1485.0,51,,,,thessaloniki,Θεσσαλονίκη,Θεσσαλονίκη. Βασικά Χαρακτηριστικά: Εμβαδόν: 1.485,,,https://www.best-house.gr/images/1%20CH7174_Renamed_by_IWS.jpg,,,2026-09-27,2026-09-27T12:55:46Z
best-house.gr,BEST HOUSE (Σταμπουλή Ζωή Μ.),https://www.best-house.gr/akinito/495-diamerisma-72tm-z7572,"Διαμέρισμα, 72τμ, Ζ7572",rent,apartment,550,72.0,8,2,3,,thessaloniki,Θεσσαλονίκη,Θεσσαλονίκη Δυτικά)   72 τ.μ. 1992 3ος όροφος 2 Υπν,,,https://www.best-house.gr/images/1%20Z7572.jpg,,,2026-09-27,2026-09-27T12:55:49Z
best-house.gr,BEST HOUSE (Σταμπουλή Ζωή Μ.),https://www.best-house.gr/akinito/494-garsoniera-37tm-z7571,"Γκαρσονιέρα, 37τμ, Ζ7571",rent,studio,460,37.0,12,1,1,,thessaloniki,Αμπελόκηποι-Μενεμένη,Αμπελόκηποι,,,https://www.best-house.gr/images/1%20Z7571.jpg,,,2026-09-27,2026-09-27T12:55:53Z
best-house.gr,BEST HOUSE (Σταμπουλή Ζωή Μ.),https://www.best-house.gr/akinito/493-diamerisma-65tm-z7570,"Διαμέρισμα, 65τμ, Ζ7570",rent,apartment,450,65.0,7,2,,,thessaloniki,Θεσσαλονίκη,Θεσσαλονίκη Δυτικά)   65 τ.μ. 1966 Ισόγειο 2 Υπνοδω,,,https://www.best-house.gr/images/1%20Z7570.jpg,,,2026-09-27,2026-09-27T12:55:56Z
best-house.gr,BEST HOUSE (Σταμπουλή Ζωή Μ.),https://www.best-house.gr/akinito/492-katastima-57tm-z7569,"Κατάστημα, 57τμ, Ζ7569",rent,store,600,57.0,11,2,,,thessaloniki,Αμπελόκηποι-Μενεμένη,Αμπελόκηποι,,,https://www.best-house.gr/images/1%20Z7569.jpg,,,2026-09-27,2026-09-27T12:55:58Z
best-house.gr,BEST HOUSE (Σταμπουλή Ζωή Μ.),https://www.best-house.gr/akinito/491-garsoniera-45tm-z7568,"Γκαρσονιέρα, 45τμ, Ζ7568",sale,studio,58000,45.0,1289,1,1,,thessaloniki,Αμπελόκηποι-Μενεμένη,Αμπελόκηποι,,,https://www.best-house.gr/images/3%20Z7568.jpg,,,2026-09-27,2026-09-27T12:56:01Z
best-house.gr,BEST HOUSE (Σταμπουλή Ζωή Μ.),https://www.best-house.gr/akinito/489-garsoniera-45tm-k6959,"Γκαρσονιέρα, 45τμ, Κ6959",rent,studio,380,45.0,8,1,1,,thessaloniki,Αμπελόκηποι-Μενεμένη,Αμπελόκηποι,,,https://www.best-house.gr/images/3%20K6959.jpg,,,2026-09-27,2026-09-27T12:56:07Z
best-house.gr,BEST HOUSE (Σταμπουλή Ζωή Μ.),https://www.best-house.gr/akinito/488-garsoniera-62tm-l7566,"Γκαρσονιέρα, 62τμ, Λ7566",sale,studio,89000,62.0,1435,1,2,,thessaloniki,Παύλος Μελάς,Σταυρούπολη,,,https://www.best-house.gr/images/1%20L7566.jpg,,,2026-09-27,2026-09-27T12:56:10Z
best-house.gr,BEST HOUSE (Σταμπουλή Ζωή Μ.),https://www.best-house.gr/akinito/486-garsoniera-44tm-l7564,"Γκαρσονιέρα, 44τμ, Λ7564",sale,studio,90000,44.0,2045,1,2,,thessaloniki,Αμπελόκηποι-Μενεμένη,Αμπελόκηποι,,,https://www.best-house.gr/,,,2026-09-27,2026-09-27T12:56:13Z
best-house.gr,BEST HOUSE (Σταμπουλή Ζωή Μ.),https://www.best-house.gr/akinito/485-diamerisma-60tm-a7563,"Διαμέρισμα,60τμ,Α7563",sale,apartment,52000,60.0,867,2,,,thessaloniki,Νεάπολη-Συκιές,Νεάπολη,,,https://www.best-house.gr/,,,2026-09-27,2026-09-27T12:56:16Z
best-house.gr,BEST HOUSE (Σταμπουλή Ζωή Μ.),https://www.best-house.gr/akinito/484-gkarsoniera-55tm-a7562,"Γκαρσονιέρα, 55τμ, Α7562",sale,studio,58000,55.0,1055,1,,,thessaloniki,Νεάπολη-Συκιές,Νεάπολη,,,https://www.best-house.gr/,,,2026-09-27,2026-09-27T12:56:19Z
best-house.gr,BEST HOUSE (Σταμπουλή Ζωή Μ.),https://www.best-house.gr/akinito/483-diamerisma-103tm-z7561,"Διαμέρισμα, 103τμ, Ζ7561",rent,apartment,600,103.0,6,3,4,,thessaloniki,Αμπελόκηποι-Μενεμένη,Μενεμένη,,,https://www.best-house.gr/,,,2026-09-27,2026-09-27T12:56:23Z
best-house.gr,BEST HOUSE (Σταμπουλή Ζωή Μ.),https://www.best-house.gr/akinito/443-grafeio-26tm-k7522,"Γραφείο, 26τμ, Κ7522",sale,office,49500,26.0,1904,1,2,,thessaloniki,Θεσσαλονίκη,Θεσσαλονίκη  (Θεσσαλονίκη Κέντρο)   26 τ.μ. 1969 2ο,,,https://www.best-house.gr/images/1%20K7522.jpg,,,2026-09-27,2026-09-27T12:56:29Z
best-house.gr,BEST HOUSE (Σταμπουλή Ζωή Μ.),https://www.best-house.gr/akinito/436-katastima-38tm-k7515,"Κατάστημα, 38τμ, Κ7515",sale,store,49000,38.0,1289,1,,,thessaloniki,Αμπελόκηποι-Μενεμένη,Αμπελόκηποι,,,https://www.best-house.gr/images/1%20K7515.jpg,,,2026-09-27,2026-09-27T12:56:31Z
best-house.gr,BEST HOUSE (Σταμπουλή Ζωή Μ.),https://www.best-house.gr/akinito/406-garsoniera-31tm-k7486,"Γκαρσονιέρα, 31τμ, Κ7486",sale,studio,75000,31.0,2419,1,2,,thessaloniki,Κορδελιό-Εύοσμος,Εύοσμος,,,https://www.best-house.gr/images/1%20K7486.jpg,,,2026-09-27,2026-09-27T12:56:37Z
best-house.gr,BEST HOUSE (Σταμπουλή Ζωή Μ.),https://www.best-house.gr/akinito/386-katastima-22tm-k7468,"Κατάστημα, 22τμ, Κ7468",,store,29000,22.0,1318,1,,,thessaloniki,Αμπελόκηποι-Μενεμένη,Αμπελόκηποι,,,https://www.best-house.gr/images/1%20K7468.jpg,,,2026-09-27,2026-09-27T12:56:40Z
best-house.gr,BEST HOUSE (Σταμπουλή Ζωή Μ.),https://www.best-house.gr/akinito/356-ep-xoros-200tm-z7442,"Επ. Χώρος, 200τμ, Ζ7442",sale,house,65000,200.0,325,,,,thessaloniki,Αμπελόκηποι-Μενεμένη,Αμπελόκηποι,,,https://www.best-house.gr/images/Z%2017442.jpg,,,2026-09-27,2026-09-27T12:56:43Z
best-house.gr,BEST HOUSE (Σταμπουλή Ζωή Μ.),https://www.best-house.gr/akinito/327-katastima-44tm-37tm-z7415,"Κατάστημα 44τμ + 37τμ, Ζ7415",sale,store,69000,44.0,1568,2,,,thessaloniki,Αμπελόκηποι-Μενεμένη,Αμπελόκηποι,,,https://www.best-house.gr/images/1%20Z7415.jpg,,,2026-09-27,2026-09-27T12:56:46Z
best-house.gr,BEST HOUSE (Σταμπουλή Ζωή Μ.),https://www.best-house.gr/akinito/79-epixeirisi-30tm-z7164,"Επιχείρηση, 30τμ, Ζ7164",,house,13000,30.0,433,1,,,thessaloniki,Αμπελόκηποι-Μενεμένη,Αμπελόκηποι,,,https://www.best-house.gr/,,,2026-09-27,2026-09-27T12:56:50Z
best-house.gr,BEST HOUSE (Σταμπουλή Ζωή Μ.),https://www.best-house.gr/akinito/473-katastima-38tm-k7550,"Κατάστημα,38τμ,Κ7550",rent,store,280,38.0,7,,,,thessaloniki,Αμπελόκηποι-Μενεμένη,Αμπελόκηποι,,,https://www.best-house.gr/,,,2026-09-27,2026-09-27T12:56:52Z
best-house.gr,BEST HOUSE (Σταμπουλή Ζωή Μ.),https://www.best-house.gr/akinito/471-katastima-32tm-k7549,"Κατάστημα, 32τμ, Κ7549",rent,store,250,32.0,8,,,,thessaloniki,Αμπελόκηποι-Μενεμένη,Αμπελόκηποι,,,https://www.best-house.gr/images/1%20K7549.jpg,,,2026-09-27,2026-09-27T12:56:55Z
best-house.gr,BEST HOUSE (Σταμπουλή Ζωή Μ.),https://www.best-house.gr/akinito/231-katastima-45tm-kathara-l7320,"Κατάστημα, 45τμ καθαρά, Λ7320",rent,store,480,45.0,11,1,1,,thessaloniki,Αμπελόκηποι-Μενεμένη,Αμπελόκηποι,,,https://www.best-house.gr/images/10%20L7320.jpg,,,2026-09-27,2026-09-27T12:56:58Z
best-house.gr,BEST HOUSE (Σταμπουλή Ζωή Μ.),https://www.best-house.gr/akinito/180-katastima-174-92tm-z7009,"Κατάστημα, 174,92τμ, Ζ7009",rent,store,750,174.9,4,,,,thessaloniki,Παύλος Μελάς,Σταυρούπολη,,,https://www.best-house.gr/images/0-02-05-a7a95b4f2f524257deb7cb0f006acd44ab977735bf44d11d43ed09a2a72a3384_b8a80513a1ce1e83.jpg,,,2026-09-27,2026-09-27T12:57:01Z
best-house.gr,BEST HOUSE (Σταμπουλή Ζωή Μ.),https://www.best-house.gr/akinito/482-diamerisma-73tm-z7560,"Διαμέρισμα, 73τμ, Ζ7560",sale,apartment,105000,73.0,1438,2,,,thessaloniki,Αμπελόκηποι-Μενεμένη,Αμπελόκηποι,,,https://www.best-house.gr/images/1%20Z7560.jpg,,,2026-09-27,2026-09-27T12:57:04Z
diamondgroup5.com,Diamond Group Real Estate,https://diamondgroup5.com/el/property-details/30262,"(Προς Πώληση) Κατοικία Διαμέρισμα || Κέντρο Θεσσαλονίκης /  - 450τ.μ, 9Υ/Δ, 1100000&euro; - 1,100,000€",sale,apartment,1100000,450.0,2444,9,2,1977,thessaloniki,Θεσσαλονίκη-Κέντρο,Θεσσαλονίκης /  - 450τ.μ,,,https://diamondgroup.ihomecrm.gr/storage/properties/3338/2024_02231303_1888439655304.jpg,,,2026-09-27,2026-09-27T12:55:42Z
diamondgroup5.com,Diamond Group Real Estate,https://diamondgroup5.com/el/property-details/30264,"(Προς Πώληση) Κατοικία Κτίριο || Κέντρο Θεσσαλονίκης / Λαδάδικα - 450τ.μ, 9Υ/Δ, 1100000&euro; - 1,100,000€",sale,house,1100000,450.0,2444,9,1,1977,thessaloniki,Θεσσαλονίκη-Κέντρο,Θεσσαλονίκης / Λαδάδικα - 450τ.μ,,,https://diamondgroup.ihomecrm.gr/storage/properties/3408/2024_02231756_99150800705.jpg,,,2026-09-27,2026-09-27T12:55:44Z
diamondgroup5.com,Diamond Group Real Estate,https://diamondgroup5.com/el/property-details/30265,"(προς πώληση) Επαγγελματικό Βιομηχανικός Χώρος || Θεσσαλονίκη - Περιφ/κοί δήμοι / Ωραιόκαστρο - 450.0τ.μ., 530.000€ - 530,000€",sale,warehouse,530000,450.0,1178,,,2008,thessaloniki,Ωραιόκαστρο,Θεσσαλονίκη - Περιφ/κοί δήμοι / Ωραιόκαστρο - 450.0,,,https://diamondgroup.ihomecrm.gr/storage/properties/3409/2024_02232015_006891012192.jpg,,,2026-09-27,2026-09-27T12:55:47Z
diamondgroup5.com,Diamond Group Real Estate,https://diamondgroup5.com/el/property-details/30268,"(Προς Πώληση) Επαγγελματικός Χώρος Βιομηχανικός Χώρος || Ωραιόκαστρο / ΒΙ.ΠΑ. - 450τ.μ, 450000&euro; - 450,000€",sale,store,450000,450.0,1000,,,2008,thessaloniki,Ωραιόκαστρο,Ωραιόκαστρο,,,https://diamondgroup.ihomecrm.gr/storage/properties/3427/2024_02271457_352838039398.jpg,,,2026-09-27,2026-09-27T12:55:50Z
diamondgroup5.com,Diamond Group Real Estate,https://diamondgroup5.com/el/property-details/30279,"(Προς Πώληση) Κατοικία Μεζονέτα || Κασσάνδρα / Σανή - 120τ.μ, 3Υ/Δ, 450000&euro; - 450,000€",sale,maisonette,450000,120.0,3750,3,,2005,other,,Θεσσαλονίκη - Κέντρο - Κέντρο Θεσσαλονίκης - Λευκός,,,https://diamondgroup.ihomecrm.gr/storage/properties/3639/2024_03111529_24356007576.jpg,,,2026-09-27,2026-09-27T12:55:53Z
diamondgroup5.com,Diamond Group Real Estate,https://diamondgroup5.com/el/property-details/30309,"(προς πώληση) Αξιοποιήσιμη Γη Οικόπεδο || Θεσσαλονίκη - Κέντρο / Κέντρο Θεσσαλονίκης - 100.0τ.μ., 370.000€ - 370,000€",sale,land,370000,100.0,3700,,,,thessaloniki,Θεσσαλονίκη-Κέντρο,Θεσσαλονίκη - Κέντρο / Κέντρο Θεσσαλονίκης - 100.0τ,,,https://diamondgroup.ihomecrm.gr/storage/properties/3974/2024_03291343_228594064713.jpg,,,2026-09-27,2026-09-27T12:55:56Z
diamondgroup5.com,Diamond Group Real Estate,https://diamondgroup5.com/el/property-details/30348,"(προς πώληση) Κατοικία Ρετιρέ || Θεσσαλονίκη - Κέντρο / Κέντρο Θεσσαλονίκης - 65.0τ.μ., 1 Δ/Υ,420.000€ - 420,000€",sale,apartment,,65.0,,1,6,1990,thessaloniki,Θεσσαλονίκη-Κέντρο,Θεσσαλονίκη - Κέντρο / Κέντρο Θεσσαλονίκης - 65.0τ.,,,https://diamondgroup.ihomecrm.gr/storage/properties/4521/2024_05131438_75678396225.jpg,,,2026-09-27,2026-09-27T12:55:59Z
diamondgroup5.com,Diamond Group Real Estate,https://diamondgroup5.com/el/property-details/30365,"(Προς Πώληση) Επαγγελματικός Χώρος Βιοτεχνικός Χώρος || Βαρδάρης - Λαχανόκηποι / Σταθμός ΟΣΕ - 610τ.μ, 650000&euro; - 650,000€",sale,store,650000,610.0,1066,,3,1970,thessaloniki,Θεσσαλονίκη-Κέντρο,Θεσσαλονίκη - Κέντρο - Βαρδάρης - Λαχανόκηποι - Στα,,,https://diamondgroup.ihomecrm.gr/storage/properties/4705/2024_05191802_177170038223.jpg,,,2026-09-27,2026-09-27T12:56:02Z
diamondgroup5.com,Diamond Group Real Estate,https://diamondgroup5.com/el/property-details/30415,"(Προς Πώληση) Αξιοποιήσιμη Γη Οικόπεδο || Κουφάλια /  - 303τ.μ, 25000&euro; - 25,000€",sale,land,25000,303.0,83,,,,thessaloniki,Θεσσαλονίκη,Θεσσαλονίκη - Υπόλ. Νομού - Κουφάλια Κουφάλια € 25.,,,https://diamondgroup.ihomecrm.gr/storage/properties/5436/30415_2024_01151407_084285020828.jpg,,,2026-09-27,2026-09-27T12:56:05Z
diamondgroup5.com,Diamond Group Real Estate,https://diamondgroup5.com/el/property-details/30476,"(προς πώληση) Κατοικία Βίλα || Θεσσαλονίκη - Περιφ/κοί δήμοι / Πανόραμα - 470.0τ.μ., 5 Δ/Υ,1.200.000€ - 1,200,000€",sale,house,,470.0,,5,3,2000,thessaloniki,Πανόραμα,Θεσσαλονίκη - Περιφ/κοί δήμοι / Πανόραμα - 470.0τ.μ,,,https://diamondgroup.ihomecrm.gr/storage/properties/6379/2024_09051712_348875999451.jpg,,,2026-09-27,2026-09-27T12:56:08Z
diamondgroup5.com,Diamond Group Real Estate,https://diamondgroup5.com/el/property-details/31569,"(προς πώληση) Κατοικία Μεζονέτα || Θεσσαλονίκη - Περιφ/κοί δήμοι / Θέρμη - 310.0τ.μ., 5 Δ/Υ,270.000€ - 270,000€",sale,maisonette,,310.0,,5,,2013,thessaloniki,Θέρμη,Θεσσαλονίκη - Περιφ/κοί δήμοι / Θέρμη - 310.0τ.μ.,,,https://diamondgroup.ihomecrm.gr/storage/properties/31652/i04tpx-2fi1u9.jpg,,,2026-09-27,2026-09-27T12:56:11Z
diamondgroup5.com,Diamond Group Real Estate,https://diamondgroup5.com/el/property-details/31560,"(προς ενοικίαση) Κατοικία Διαμέρισμα || Θεσσαλονίκη - Κέντρο / Κέντρο Θεσσαλονίκης - 45.0τ.μ., 2 Δ/Υ,580€ - 580€",rent,apartment,580,45.0,13,2,,1962,thessaloniki,Θεσσαλονίκη-Κέντρο,Θεσσαλονίκη - Κέντρο / Κέντρο Θεσσαλονίκης - 45.0τ.,,,https://diamondgroup.ihomecrm.gr/storage/properties/31396/vl5clt-ex7dcp.jpg,,,2026-09-27,2026-09-27T12:56:14Z
diamondgroup5.com,Diamond Group Real Estate,https://diamondgroup5.com/el/property-details/31557,"(προς ενοικίαση) Κατοικία Γκαρσονιέρα || Θεσσαλονίκη - Κέντρο / Τριανδρία - Δόξα - 30.0τ.μ., 1 Δ/Υ,390€ - 390€",rent,studio,390,30.0,13,1,1,1976,thessaloniki,Θεσσαλονίκη-Ανατολικά,Θεσσαλονίκη - Κέντρο / Τριανδρία - Δόξα - 30.0τ.μ.,,,https://diamondgroup.ihomecrm.gr/storage/properties/31321/o5mc7z-aghndh.jpg,,,2026-09-27,2026-09-27T12:56:17Z
diamondgroup5.com,Diamond Group Real Estate,https://diamondgroup5.com/el/property-details/31391,"(προς πώληση) Επαγγελματικό Κατάστημα || Θεσσαλονίκη - Κέντρο / Βούλγαρη - Ντεπώ - Μαρτίου - 182.0τ.μ., 158.000€ - 158,000€",sale,store,158000,182.0,868,,,1970,thessaloniki,Θεσσαλονίκη-Ανατολικά,Θεσσαλονίκη - Κέντρο / Βούλγαρη - Ντεπώ - Μαρτίου -,,,https://diamondgroup.ihomecrm.gr/storage/properties/26493/6cczrw-10a9f0.jpg,,,2026-09-27,2026-09-27T12:56:20Z
diamondgroup5.com,Diamond Group Real Estate,https://diamondgroup5.com/el/property-details/31386,"(προς πώληση) Επαγγελματικό Γραφείο || Θεσσαλονίκη - Κέντρο / Βαρδάρης - Λαχανόκηποι - 136.0τ.μ., 380.000€ - 380,000€",sale,office,380000,136.0,2794,,5,2000,thessaloniki,Θεσσαλονίκη-Κέντρο,Θεσσαλονίκη - Κέντρο / Βαρδάρης - Λαχανόκηποι - 136,,,https://diamondgroup.ihomecrm.gr/storage/properties/26710/w7gopc-ytmj1a.jpg,,,2026-09-27,2026-09-27T12:56:23Z
diamondgroup5.com,Diamond Group Real Estate,https://diamondgroup5.com/el/property-details/31385,"(προς πώληση) Επαγγελματικό Κατάστημα || Θεσσαλονίκη - Κέντρο / Βαρδάρης - Λαχανόκηποι - 33.0τ.μ., 60.000€ - 60,000€",sale,store,60000,33.0,1818,,,1975,thessaloniki,Θεσσαλονίκη-Κέντρο,Θεσσαλονίκη - Κέντρο / Βαρδάρης - Λαχανόκηποι - 33.,,,https://diamondgroup.ihomecrm.gr/storage/properties/26432/sjdg8m-585ul8.jpg,,,2026-09-27,2026-09-27T12:56:26Z
diamondgroup5.com,Diamond Group Real Estate,https://diamondgroup5.com/el/property-details/31378,"(προς πώληση) Επαγγελματικό Κατάστημα || Θεσσαλονίκη - Κέντρο / Βαρδάρης - Λαχανόκηποι - 67.0τ.μ., 127.000€ - 127,000€",sale,store,127000,67.0,1896,,,1975,thessaloniki,Θεσσαλονίκη-Κέντρο,Θεσσαλονίκη - Κέντρο / Βαρδάρης - Λαχανόκηποι - 67.,,,https://diamondgroup.ihomecrm.gr/storage/properties/26258/vteo4b-jrlmti.jpg,,,2026-09-27,2026-09-27T12:56:29Z
diamondgroup5.com,Diamond Group Real Estate,https://diamondgroup5.com/el/property-details/31377,"(προς πώληση) Επαγγελματικό Κατάστημα || Θεσσαλονίκη - Κέντρο / Βαρδάρης - Λαχανόκηποι - 96.0τ.μ., 182.000€ - 182,000€",sale,store,182000,96.0,1896,,,1985,thessaloniki,Θεσσαλονίκη-Κέντρο,Θεσσαλονίκη - Κέντρο / Βαρδάρης - Λαχανόκηποι - 96.,,,https://diamondgroup.ihomecrm.gr/storage/properties/26247/whziyl-nkbi98.jpg,,,2026-09-27,2026-09-27T12:56:32Z
diamondgroup5.com,Diamond Group Real Estate,https://diamondgroup5.com/el/property-details/31297,"(προς πώληση) Επαγγελματικό Κατάστημα || Θεσσαλονίκη - Περιφ/κοί δήμοι / Νεάπολη - 140.0τ.μ., 160.000€ - 160,000€",sale,store,160000,140.0,1143,,,1970,thessaloniki,Νεάπολη-Συκιές,Θεσσαλονίκη - Περιφ/κοί δήμοι / Νεάπολη - 140.0τ.μ.,,,https://diamondgroup.ihomecrm.gr/storage/properties/24037/8tedsr-jxfvhk.jpg,,,2026-09-27,2026-09-27T12:56:35Z
diamondgroup5.com,Diamond Group Real Estate,https://diamondgroup5.com/el/property-details/31289,"(προς πώληση) Επαγγελματικό Αποθήκη || Θεσσαλονίκη - Περιφ/κοί δήμοι / Πυλαία - 90.0τ.μ., 100.000€ - 100,000€",sale,warehouse,100000,90.0,1111,,,2007,thessaloniki,Πυλαία,Θεσσαλονίκη - Περιφ/κοί δήμοι / Πυλαία - 90.0τ.μ.,,,https://diamondgroup.ihomecrm.gr/storage/properties/23794/n7dmtt-8bhpcx.jpg,,,2026-09-27,2026-09-27T12:56:38Z
diamondgroup5.com,Diamond Group Real Estate,https://diamondgroup5.com/el/property-details/31201,"(προς πώληση) Επαγγελματικό Επαγγελματικός Χώρος || Ν. Χαλκιδικής / Παλλήνη - 2650.0τ.μ., 2.800.000€ - 2,800,000€",sale,store,2800000,2650.0,1057,,1,2008,other,,Θεσσαλονίκη,,,https://diamondgroup.ihomecrm.gr/storage/properties/22179/6jqk0s-krge86.jpg,,,2026-09-27,2026-09-27T12:56:41Z
diamondgroup5.com,Diamond Group Real Estate,https://diamondgroup5.com/el/property-details/31194,"(προς πώληση) Επαγγελματικό Κτίριο || Ν. Χαλκιδικής / Σιθωνία - 635.0τ.μ., 2.400.000€ - 2,400,000€",sale,building,2400000,635.0,3780,,1,2019,other,,Θεσσαλονίκη,,,https://diamondgroup.ihomecrm.gr/storage/properties/21005/1flkmk-bn2ulh.jpg,,,2026-09-27,2026-09-27T12:56:44Z
diamondgroup5.com,Diamond Group Real Estate,https://diamondgroup5.com/el/property-details/31193,"(προς πώληση) Επαγγελματικό Κτίριο || Ν. Χαλκιδικής / Σιθωνία - 386.0τ.μ., 880.000€ - 880,000€",sale,building,880000,386.0,2280,,1,1986,other,,Θεσσαλονίκη,,,https://diamondgroup.ihomecrm.gr/storage/properties/20993/mczcei-t1h8oe.jpg,,,2026-09-27,2026-09-27T12:56:47Z
diamondgroup5.com,Diamond Group Real Estate,https://diamondgroup5.com/el/property-details/31516,"(προς ενοικίαση) Επαγγελματικό Γραφείο || Θεσσαλονίκη - Κέντρο / Κέντρο Θεσσαλονίκης - 20.0τ.μ., 270€ - 270€",rent,office,270,20.0,14,,2,1990,thessaloniki,Θεσσαλονίκη-Κέντρο,Θεσσαλονίκη - Κέντρο / Κέντρο Θεσσαλονίκης - 20.0τ.,,,https://diamondgroup.ihomecrm.gr/storage/properties/30201/zx1f8f-27yoal.jpg,,,2026-09-27,2026-09-27T12:56:50Z
diamondgroup5.com,Diamond Group Real Estate,https://diamondgroup5.com/el/property-details/31066,"(προς ενοικίαση) Επαγγελματικό Γραφείο || Θεσσαλονίκη - Κέντρο / Κέντρο Θεσσαλονίκης - 103.0τ.μ., 1.100€ - 1,100€",rent,office,1100,103.0,11,,5,1995,thessaloniki,Θεσσαλονίκη-Κέντρο,Θεσσαλονίκη - Κέντρο / Κέντρο Θεσσαλονίκης - 103.0τ,,,https://diamondgroup.ihomecrm.gr/storage/properties/16710/n8us0x-03qqxv.jpg,,,2026-09-27,2026-09-27T12:56:53Z
diamondgroup5.com,Diamond Group Real Estate,https://diamondgroup5.com/el/property-details/31132,"(προς πώληση) Επαγγελματικό Κατάστημα || Θεσσαλονίκη - Κέντρο / Βούλγαρη - Ντεπώ - Μαρτίου - 120.0τ.μ., 140.000€ - 140,000€",sale,store,140000,120.0,1167,,,1971,thessaloniki,Θεσσαλονίκη-Ανατολικά,Θεσσαλονίκη - Κέντρο / Βούλγαρη - Ντεπώ - Μαρτίου -,,,https://diamondgroup.ihomecrm.gr/storage/properties/18912/a55rel-3jvck3.jpg,,,2026-09-27,2026-09-27T12:56:56Z
diamondgroup5.com,Diamond Group Real Estate,https://diamondgroup5.com/el/property-details/31080,"(προς πώληση) Επαγγελματικό Γραφείο || Θεσσαλονίκη - Κέντρο / Ξηροκρήνη - Παναγία Φανερωμένη - 35.0τ.μ., 120.000€ - 120,000€",sale,office,120000,35.0,3429,,4,1990,thessaloniki,Θεσσαλονίκη-Κέντρο,Θεσσαλονίκη - Κέντρο / Ξηροκρήνη - Παναγία Φανερωμέ,,,https://diamondgroup.ihomecrm.gr/storage/properties/17078/m1awse-oymf2v.jpg,,,2026-09-27,2026-09-27T12:56:59Z
diamondgroup5.com,Diamond Group Real Estate,https://diamondgroup5.com/el/property-details/30933,"(Προς Πώληση) Επαγγελματικός Χώρος Βιοτεχνικός Χώρος || Βαρδάρης - Λαχανόκηποι / Βαρδάρης - 222τ.μ, 350000&euro; - 350,000€",sale,store,350000,222.0,1577,,3,1980,thessaloniki,Θεσσαλονίκη-Κέντρο,Θεσσαλονίκη - Κέντρο - Βαρδάρης - Λαχανόκηποι - Βαρ,,,https://diamondgroup.ihomecrm.gr/storage/properties/13640/2025_10061428_608889102936.jpg,,,2026-09-27,2026-09-27T12:57:02Z
diamondgroup5.com,Diamond Group Real Estate,https://diamondgroup5.com/el/property-details/30918,"(προς πώληση) Επαγγελματικό Γραφείο || Θεσσαλονίκη - Κέντρο / Κέντρο Θεσσαλονίκης - 29.0τ.μ., 46.000€ - 46,000€",sale,office,46000,29.0,1586,,4,1974,thessaloniki,Θεσσαλονίκη-Κέντρο,Θεσσαλονίκη - Κέντρο / Κέντρο Θεσσαλονίκης - 29.0τ.,,,https://diamondgroup.ihomecrm.gr/storage/properties/13283/2025_10011933_764938116074.jpg,,,2026-09-27,2026-09-27T12:57:05Z
diamondgroup5.com,Diamond Group Real Estate,https://diamondgroup5.com/el/property-details/30555,"(προς πώληση) Επαγγελματικό Βιοτεχνικός Χώρος || Θεσσαλονίκη - Περιφ/κοί δήμοι / Ευκαρπία - 500.0τ.μ., 270.000€ - 270,000€",sale,warehouse,270000,500.0,540,,,2004,thessaloniki,Παύλος Μελάς,Θεσσαλονίκη - Περιφ/κοί δήμοι / Ευκαρπία - 500.0τ.μ,,,https://diamondgroup.ihomecrm.gr/storage/properties/7597/2025_01201301_250432014465.jpg,,,2026-09-27,2026-09-27T12:57:08Z
ellasestate.com,Ellas Estate,https://www.ellasestate.com/rs/major-e-204-6m-thessaloniki-fair-redevelopment-tender-tender-rok-produzen-do-oktobra-12/,Major € 204.6M Thessaloniki Fair Redevelopment: Tender Tender Rok produžen do oktobra 12 - Ellas Estate - Real Estate In Greece,rent,,204,,,,,,thessaloniki,Θεσσαλονίκη,,,,https://www.ellasestate.com/wp-content/uploads/2026/09/εικόνα-84.jpeg,,,2026-09-27,2026-09-27T12:55:39Z
ellasestate.com,Ellas Estate,https://www.ellasestate.com/major-e204-6m-thessaloniki-fair-redevelopment-tender-bid-deadline-extended-to-october-12/,Major €204.6M Thessaloniki Fair Redevelopment: Tender Bid Deadline Extended to October 12 - Ellas Estate - Real Estate In Greece,rent,,204,,,,,2019,thessaloniki,Θεσσαλονίκη,,,,https://www.ellasestate.com/wp-content/uploads/2026/09/εικόνα-84.jpeg,,,2026-09-27,2026-09-27T12:55:42Z
ellasestate.com,Ellas Estate,https://www.ellasestate.com/my-home-3-new-terms-of-greeces-home-purchase-programme-in-2027/,“My Home 3”: New Terms of Greece’s Home Purchase Programme in 2027 - Ellas Estate - Real Estate In Greece,,,25000,,,,,,unknown,,,,,https://www.ellasestate.com/wp-content/uploads/2026/09/εικόνα-27.jpeg,,,2026-09-27,2026-09-27T12:55:49Z
ellasestate.com,Ellas Estate,https://www.ellasestate.com/rs/moj-dom-3-novi-uslovi-grckog-programa-kupovine-kuca-u-2027-godini/,"""Moj dom 3"": Novi uslovi grčkog programa kupovine kuća u 2027. godini - Ellas Estate - Real Estate In Greece",,,25000,,,,,,unknown,,,,,https://www.ellasestate.com/wp-content/uploads/2026/09/εικόνα-27.jpeg,,,2026-09-27,2026-09-27T12:55:55Z
ellasestate.com,Ellas Estate,https://www.ellasestate.com/greeces-short-term-rental-market-outpaces-european-averages-average-daily-rate-surpasses-e200/,Greece’s Short-Term Rental Market Outpaces European Averages: Average Daily Rate Surpasses €200 - Ellas Estate - Real Estate In Greece,rent,,200,54.0,4,,,2025,unknown,,,,,https://www.ellasestate.com/wp-content/uploads/2026/08/εικόνα-212.jpeg,,,2026-09-27,2026-09-27T12:55:57Z
ellasestate.com,Ellas Estate,https://www.ellasestate.com/rs/grcko-trziste-kratkorocnog-iznajmljivanja-nadmasuje-evropske-proseke-prosecna-dnevna-stopa-premasuje-200-e/,Grčko tržište kratkoročnog iznajmljivanja nadmašuje evropske proseke: Prosečna dnevna stopa premašuje 200 € - Ellas Estate - Real Estate In Greece,rent,,200,,,,,,unknown,,,,,https://www.ellasestate.com/wp-content/uploads/2026/08/εικόνα-212.jpeg,,,2026-09-27,2026-09-27T12:56:01Z
ellasestate.com,Ellas Estate,https://www.ellasestate.com/el/%cf%86%ce%bf%ce%b9%cf%84%ce%b7%cf%84%ce%b9%ce%ba%ce%ae-%ce%ba%ce%b1%cf%84%ce%bf%ce%b9%ce%ba%ce%af%ce%b1-%cf%83%cf%84%ce%b7%ce%bd-%ce%b5%ce%bb%ce%bb%ce%ac%ce%b4%ce%b1-2026-%ce%b3%ce%b9%ce%b1%cf%84/,"Φοιτητική Στέγη 2026: Γιατί η Θεσσαλονίκη αναδεικνύεται στον κορυφαίο επενδυτικό προορισμό του καλοκαιριού - EllasEstate.com - Ellas Estate, Properties in Greece / Realties in Greece 2025",,land,,55.0,,,,,thessaloniki,Θεσσαλονίκη,Θεσσαλονίκη αναδεικνύεται στον κορυφαίο επενδυτικό,,,https://www.ellasestate.com/wp-content/uploads/2026/07/εικόνα-126.jpeg,,,2026-09-27,2026-09-27T12:56:10Z
ellasestate.com,Ellas Estate,https://www.ellasestate.com/rs/studentski-stanovanje-u-grckoj-2026-zasto-solun-je-top-leto-investiciona-lokacija/,Studentski Stanovanje u Grčkoj (2026): Zašto Solun je Top Leto Investiciona lokacija - Ellas Estate - Real Estate In Greece,sale,,165000,55.0,3000,,,,unknown,,,,,https://www.ellasestate.com/wp-content/uploads/2026/07/εικόνα-126.jpeg,,,2026-09-27,2026-09-27T12:56:14Z
ellasestate.com,Ellas Estate,https://www.ellasestate.com/state-subsidy-program-anakainizo-noikiazo-2026-a-comprehensive-guide-to-property-modernization-in-greece/,"State Subsidy Program ""Anakainizo-Noikiazo 2026"": A Comprehensive Guide to Property Modernization in Greece - Ellas Estate - Real Estate In Greece",sale,,36000,120.0,300,,,,unknown,,,,,https://www.ellasestate.com/wp-content/uploads/2026/06/εικόνα-516.jpeg,,,2026-09-27,2026-09-27T12:56:22Z
ellasestate.com,Ellas Estate,https://www.ellasestate.com/rs/halkidiki-nekretnine-u-2026-godini-zasto-su-tajming-i-strategija-novi-kljucevi-uspeha/,Halkidiki nekretnine u 2026. godini: Zašto su tajming i strategija novi ključevi uspeha - Ellas Estate - Real Estate In Greece,sale,,375000,,,,,,other,,,,,https://www.ellasestate.com/wp-content/uploads/2026/04/WhatsApp-Image-2026-04-23-at-12.55.51-PM.jpeg,,,2026-09-27,2026-09-27T12:57:05Z
anthimiadisestate.gr,ANTHIMIADIS ESTATE,https://anthimiadisestate.gr/en/property/sale-detached-house-afitos-kassandra-chalkidiki-id1096/,"FOR SALE – Apartment In Afitos With Sea View, ID1097",sale,apartment,350000,120.0,2917,3,ground,,other,,,,,https://anthimiadisestate.gr/wp-content/uploads/classified-listing/2023/06/01-1.jpg,,,2026-09-27,2026-09-27T12:55:36Z
anthimiadisestate.gr,ANTHIMIADIS ESTATE,https://anthimiadisestate.gr/property/sale-apartment-afitos-kassandra-chalkidiki-id1096/,"ΠΩΛΕΙΤΑΙ – Διαμέρισμα Στην Άφυτο Με Θέα Στη Θάλασσα, ID1096",sale,apartment,125000,45.0,2778,1,1,2023,other,,Θεσσαλονίκη Κεντρική Θεσσαλονίκη Ανατολική Θεσσαλον,,,https://anthimiadisestate.gr/wp-content/uploads/classified-listing/2023/06/01.jpg,,,2026-09-27,2026-09-27T12:55:41Z
anthimiadisestate.gr,ANTHIMIADIS ESTATE,https://anthimiadisestate.gr/property/sale-townhouse-chanioti-pallini-chalkidiki-id1038/,"ΠΩΛΟΥΝΤΑΙ – Μεζονέτες Στη Χανιώτη Με θέα Στη Θάλασσα, ID1038",sale,maisonette,270000,100.0,2700,,ισόγειο,2011,other,,Θεσσαλονίκη Κεντρική Θεσσαλονίκη Ανατολική Θεσσαλον,,,https://anthimiadisestate.gr/wp-content/uploads/classified-listing/2023/05/01-41.jpg,,,2026-09-27,2026-09-27T12:56:02Z
anthimiadisestate.gr,ANTHIMIADIS ESTATE,https://anthimiadisestate.gr/en/property/sale-villa-pefkochori-pallini-chalkidiki-id1044/,"ΠΩΛΕΙΤΑΙ – Βίλα Στο Πευκοχώρι Με Θέα Στη Θάλασσα, ID1044",sale,house,950000,250.0,3800,50,ground,,other,,,,,https://anthimiadisestate.gr/wp-content/uploads/classified-listing/2023/05/01-47.jpg,,,2026-09-27,2026-09-27T12:56:17Z
anthimiadisestate.gr,ANTHIMIADIS ESTATE,https://anthimiadisestate.gr/en/property/sale-detached-house-kassandra-simandro-sani-chalkidiki-id1054/,"ΠΩΛΕΙΤΑΙ – Μονοκατοικίες Κοντά Στο Σήμαντρο (Σάνη), ID1054",sale,house,140000,75.0,1867,70,ground,,other,,,,,https://anthimiadisestate.gr/wp-content/uploads/classified-listing/2023/05/01-53.jpg,,,2026-09-27,2026-09-27T12:56:32Z
anthimiadisestate.gr,ANTHIMIADIS ESTATE,https://anthimiadisestate.gr/property/sale-villa-agia-anastasia-anthemountas-chalkidiki-id1058/,"ΠΩΛΕΙΤΑΙ – Βίλα Στην Αγία Αναστασία Ανθεμούντας Χαλκιδικής, ID1058",sale,house,600000,360.0,1667,,ισόγειο,2002,other,,Θεσσαλονίκη Κεντρική Θεσσαλονίκη Ανατολική Θεσσαλον,,,https://anthimiadisestate.gr/wp-content/uploads/classified-listing/2023/05/01-57.jpg,,,2026-09-27,2026-09-27T12:56:38Z
anthimiadisestate.gr,ANTHIMIADIS ESTATE,https://anthimiadisestate.gr/property/sale-villa-chaniotis-pallini-chalkidiki-id1064/,"ΠΩΛΕΙΤΑΙ – Βίλα Στη Χανιώτη Με Θέα Στη Θάλασσα, ID1064",sale,house,760000,170.0,4471,4,ισόγειο,2023,other,,Θεσσαλονίκη Κεντρική Θεσσαλονίκη Ανατολική Θεσσαλον,,,https://anthimiadisestate.gr/wp-content/uploads/classified-listing/2023/05/01-62.jpg,,,2026-09-27,2026-09-27T12:56:47Z
anthimiadisestate.gr,ANTHIMIADIS ESTATE,https://anthimiadisestate.gr/property/sale-villa-chaniotis-pallini-chalkidiki-id1065/,"ΠΩΛΕΙΤΑΙ – Βίλα Στη Χανιώτη Με Θέα Στη Θάλασσα, ID1065",sale,house,780000,170.0,4588,4,ισόγειο,2023,other,,Θεσσαλονίκη Κεντρική Θεσσαλονίκη Ανατολική Θεσσαλον,,,https://anthimiadisestate.gr/wp-content/uploads/classified-listing/2023/05/01-63.jpg,,,2026-09-27,2026-09-27T12:56:56Z
anthimiadisestate.gr,ANTHIMIADIS ESTATE,https://anthimiadisestate.gr/property/sale-villa-chaniotis-pallini-chalkidiki-id1066/,"ΠΩΛΕΙΤΑΙ – Βίλα Στη Χανιώτη Με Θέα Στη Θάλασσα, ID1066",sale,house,850000,170.0,5000,4,ισόγειο,2023,other,,Θεσσαλονίκη Κεντρική Θεσσαλονίκη Ανατολική Θεσσαλον,,,https://anthimiadisestate.gr/wp-content/uploads/classified-listing/2023/05/01-64.jpg,,,2026-09-27,2026-09-27T12:57:05Z
dora.estate,Dora Estate,https://dora.estate/property/%ce%b1%ce%b3%cf%81%ce%bf%cf%84%ce%b5%ce%bc%ce%ac%cf%87%ce%b9%ce%bf-2339-%cf%84-%ce%bc-%cf%83%cf%84%ce%bf%ce%bd-%cf%83%ce%ba%ce%bf%cf%81%cf%80%ce%b9%cf%8c/,Αγροτεμάχιο 2339 τ.μ. στον Σκορπιό,sale,land,80000,2339.0,34,,,,other,,"Αλεξανδρούπολη, Έβρος",40.8677986,25.6766369,https://dora.estate/wp-content/uploads/2022/07/0031-1.jpg,,,2026-09-27,2026-09-27T12:55:36Z
dora.estate,Dora Estate,https://dora.estate/property/%ce%bf%ce%b9%ce%ba%cf%8c%cf%80%ce%b5%ce%b4%ce%bf-262-%cf%84-%ce%bc-%cf%83%cf%84%ce%b7%ce%bd-%ce%b1%ce%b3%cf%87%ce%b9%ce%ac%ce%bb%ce%bf%cf%85/,Οικόπεδο 262 τ.μ. στην Αγχιάλου,sale,land,110000,262.0,420,,,,other,,"Αλεξανδρούπολη, Έβρος",40.8613993,25.8714864,https://dora.estate/wp-content/uploads/2022/07/002-1.jpg,,,2026-09-27,2026-09-27T12:55:40Z
dora.estate,Dora Estate,https://dora.estate/property/%ce%bf%ce%b9%ce%ba%cf%8c%cf%80%ce%b5%ce%b4%ce%bf-354-%cf%84-%ce%bc-%cf%83%cf%84%ce%b7-%ce%bc%ce%ac%ce%ba%cf%81%ce%b7/,Οικόπεδο 354 τ.μ στη Μάκρη,sale,land,50000,354.0,141,,,,other,,"Αλεξανδρούπολη, Περιφερειακή Ενότητα Έβρου",40.8544018,25.7449324,https://dora.estate/wp-content/uploads/2022/08/IMG-6cba6ccda1fa420118aff66099db811e-V.jpg,,,2026-09-27,2026-09-27T12:55:43Z
dora.estate,Dora Estate,https://dora.estate/property/%ce%b1%ce%b3%cf%81%ce%bf%cf%84%ce%b5%ce%bc%ce%ac%cf%87%ce%b9%ce%bf-663258-%cf%84-%ce%bc-%cf%83%cf%84%ce%b7%ce%bd-%ce%ba%ce%b1%ce%bc%ce%b1%cf%81%ce%b9%cf%8e%cf%84%ce%b9%cf%83%cf%83%ce%b1-%cf%83%ce%b1/,"Αγροτεμάχιο 6632,58 τ.μ στην Καμαριώτισσα Σαμοθράκης",sale,land,45000,6632.6,7,,,,unknown,,"Σαμοθράκη, Περιφερειακή Ενότητα Έβρου",40.4752931,25.4735497,https://dora.estate/wp-content/uploads/2022/09/IMG-9779.jpg,,,2026-09-27,2026-09-27T12:55:46Z
dora.estate,Dora Estate,https://dora.estate/property/%ce%b1%ce%b3%cf%81%ce%bf%cf%84%ce%b5%ce%bc%ce%ac%cf%87%ce%b9%ce%bf-2000-%cf%84-%ce%bc-%cf%83%cf%84%ce%b7%ce%bd-%ce%bc%ce%b1%ce%90%cf%83%cf%84%cf%81%ce%bf/,Αγροτεμάχιο 2000 τ.μ στην Μαΐστρο,sale,land,140000,2000.0,70,,,,other,,"Αλεξανδρούπολη, Περιφερειακή Ενότητα Έβρου",40.8497872474124,25.90147143235997,https://dora.estate/wp-content/uploads/2022/09/green-blade-grass-24828711.jpg,,,2026-09-27,2026-09-27T12:55:50Z
dora.estate,Dora Estate,https://dora.estate/property/%ce%bf%ce%b9%ce%ba%cf%8c%cf%80%ce%b5%ce%b4%ce%bf-218231-%cf%84-%ce%bc-%cf%83%cf%84%ce%b7%ce%bd-%ce%bc%ce%ac%ce%ba%cf%81%ce%b7-%ce%b1%ce%bb%ce%b5%ce%be%ce%b1%ce%bd%ce%b4%cf%81%ce%bf%cf%8d%cf%80%ce%bf/,"Οικόπεδο 2182,31 τ.μ στην Μάκρη Αλεξανδρούπολης",sale,land,149000,2182.3,68,,,,other,,Περιφερειακή Ενότητα Έβρου,40.8542928,25.745377,https://dora.estate/wp-content/uploads/2022/09/60435.jpg,,,2026-09-27,2026-09-27T12:55:53Z
dora.estate,Dora Estate,https://dora.estate/property/%ce%bf%ce%b9%ce%ba%cf%8c%cf%80%ce%b5%ce%b4%ce%bf-280-%cf%84-%ce%bc-%cf%83%cf%84%ce%b7%ce%bd-%ce%b1%ce%bb%ce%b5%ce%be%ce%b1%ce%bd%ce%b4%cf%81%ce%bf%cf%8d%cf%80%ce%bf%ce%bb%ce%b7/,Οικόπεδο 280 τ.μ στην Αλεξανδρούπολη,sale,land,100000,280.0,357,,,,other,,"Αλεξανδρούπολη, Έβρος",40.85838920489797,25.87971332446677,https://dora.estate/wp-content/uploads/2022/09/IMG-0206.jpg,,,2026-09-27,2026-09-27T12:55:56Z
dora.estate,Dora Estate,https://dora.estate/property/%ce%b1%ce%b3%cf%81%ce%bf%cf%84%ce%b5%ce%bc%ce%ac%cf%87%ce%b9%ce%bf-4359-%cf%84-%ce%bc-%cf%83%cf%84%ce%b7%ce%bd-%ce%bd%ce%ad%ce%b1-%cf%87%ce%b9%ce%bb%ce%ae-%ce%b1%ce%bb%ce%b5%ce%be%ce%b1%ce%bd%ce%b4/,Αγροτεμάχιο 4359 τ.μ στην Νέα Χηλή Αλεξανδρούπολης,sale,land,100000,4359.0,23,,,,other,,"Αλεξανδρούπολη, Περιφερειακή Ενότητα Έβρου",40.85228679922918,25.828299522399906,https://dora.estate/wp-content/uploads/2022/10/5AE0C0CF-91AF-42A0-BAD3-E39FA54B725C.jpeg,,,2026-09-27,2026-09-27T12:55:59Z
dora.estate,Dora Estate,https://dora.estate/property/%ce%b1%ce%b3%cf%81%ce%bf%cf%84%ce%b5%ce%bc%ce%ac%cf%87%ce%b9%ce%bf-6-375-%cf%84-%ce%bc-%cf%83%cf%84%ce%b1-%ce%b4%ce%af%ce%ba%ce%b5%ce%bb%ce%bb%ce%b1-%ce%b1%ce%bb%ce%b5%ce%be%ce%b1%ce%bd%ce%b4%cf%81/,Αγροτεμάχιο 6.375 τ.μ στα Δίκελλα Αλεξανδρούπολης,sale,land,98000,375.0,261,,,,other,,"Αλεξανδρούπολη, Περιφερειακή Ενότητα Έβρου",40.8652812,25.6968414,https://dora.estate/wp-content/uploads/2022/10/IMG-0893.jpg,,,2026-09-27,2026-09-27T12:56:03Z
dora.estate,Dora Estate,https://dora.estate/property/%ce%bf%ce%b9%ce%ba%cf%8c%cf%80%ce%b5%ce%b4%ce%bf-174528-%cf%84%ce%bc-%cf%83%cf%84%ce%b1-%ce%b1%ce%bb%cf%8e%ce%bd%ce%b9%ce%b1-%cf%83%ce%b1%ce%bc%ce%bf%ce%b8%cf%81%ce%ac%ce%ba%ce%b7%cf%82/,"Οικόπεδο 1745,28 τ,μ στα Αλώνια Σαμοθράκης",sale,land,35000,1745.3,20,,,,unknown,,"Σαμοθράκη, Περιφερειακή Ενότητα Έβρου",40.4625214,25.5125828,https://dora.estate/wp-content/uploads/2022/10/IMG-0955.jpg,,,2026-09-27,2026-09-27T12:56:06Z
dora.estate,Dora Estate,https://dora.estate/property/%ce%b2%ce%af%ce%bb%ce%b1-363-%cf%84-%ce%bc/,Βίλα 363 τ.μ.,sale,house,1000000,363.0,2755,7.0,,2004,other,,"Αλεξανδρούπολη, Έβρος",40.85403967541997,25.828299522399906,https://dora.estate/wp-content/uploads/2022/10/3.2022-10-26_12-57-48-370-1.jpg,,,2026-09-27,2026-09-27T12:56:09Z
dora.estate,Dora Estate,https://dora.estate/property/%ce%bf%ce%b9%ce%ba%cf%8c%cf%80%ce%b5%ce%b4%ce%bf-400-%cf%84-%ce%bc-%cf%83%cf%84%ce%bf%ce%bd-%ce%ac%ce%b3%ce%b9%ce%bf-%ce%b2%ce%b1%cf%83%ce%af%ce%bb%ce%b5%ce%b9%ce%bf-%ce%b1%ce%bb%ce%b5%ce%be%ce%b1/,Οικόπεδο 400 τ.μ. στον Άγιο Βασίλειο Αλεξανδρούπολης,sale,land,250000,400.0,625,,,,other,,"Αλεξανδρούπολη, Έβρος",40.84865105632428,25.85911273956299,https://dora.estate/wp-content/uploads/2023/03/BEF975C2-E7F9-4A5B-980E-EAE817501FEF.jpeg,,,2026-09-27,2026-09-27T12:56:12Z
dora.estate,Dora Estate,https://dora.estate/property/%ce%bf%ce%b9%ce%ba%cf%8c%cf%80%ce%b5%ce%b4%ce%bf-256943-%cf%84-%ce%bc-%cf%83%cf%84%ce%b7%ce%bd-%ce%b1%ce%bb%ce%b5%ce%be%ce%b1%ce%bd%ce%b4%cf%81%ce%bf%cf%8d%cf%80%ce%bf%ce%bb%ce%b7/,"Οικόπεδο 2569,43 τ.μ. στην Αλεξανδρούπολη",sale,land,32000,2569.4,12,,,,other,,"Αλεξανδρούπολη, Έβρος",40.84641107968837,25.878252983093265,https://dora.estate/wp-content/uploads/2023/03/987986F0-7E7D-4B26-A841-8F4A9AACE6A0.jpeg,,,2026-09-27,2026-09-27T12:56:16Z
dora.estate,Dora Estate,https://dora.estate/property/%ce%bf%ce%b9%ce%ba%cf%8c%cf%80%ce%b5%ce%b4%ce%bf-24393-%cf%84-%ce%bc-%cf%83%cf%84%ce%b7%ce%bd-%ce%ba%ce%b1%ce%bc%ce%b1%cf%81%ce%b9%cf%8e%cf%84%ce%b9%cf%83%cf%83%ce%b1-%cf%83%ce%b1%ce%bc%ce%bf%ce%b8/,"Οικόπεδο 243,93 τ.μ. στην Καμαριώτισσα Σαμοθράκης",sale,land,350000,243.9,1435,,,,unknown,,"Σαμοθράκη, Περιφερειακή Ενότητα Έβρου",40.4752931,25.4735497,https://dora.estate/wp-content/uploads/2023/06/IMG_7584.jpeg,,,2026-09-27,2026-09-27T12:56:19Z
dora.estate,Dora Estate,https://dora.estate/property/%ce%ba%ce%b1%cf%84%ce%ac%cf%83%cf%84%ce%b7%ce%bc%ce%b1-100-%cf%84-%ce%bc-%cf%83%cf%84%ce%bf-%ce%bb%ce%ac%ce%ba%ce%ba%cf%89%ce%bc%ce%b1-%cf%83%ce%b1%ce%bc%ce%bf%ce%b8%cf%81%ce%ac%ce%ba%ce%b7%cf%82/,Κατάστημα 100 τ.μ. στο Λάκκωμα Σαμοθράκης,rent,store,350,100.0,4,1.0,,,unknown,,"Σαμοθράκη, Περιφερειακή Ενότητα Έβρου",40.4294582,25.5310238,https://dora.estate/wp-content/uploads/2023/06/IMG_9073.jpeg,,,2026-09-27,2026-09-27T12:56:23Z
dora.estate,Dora Estate,https://dora.estate/property/%ce%bf%ce%b9%ce%ba%cf%8c%cf%80%ce%b5%ce%b4%ce%bf-800-%cf%84-%ce%bc-%cf%83%cf%84%ce%bf%ce%bd-%ce%ac%ce%b2%ce%b1%ce%bd%cf%84%ce%b1-%ce%b1%ce%bb%ce%b5%ce%be%ce%b1%ce%bd%ce%b4%cf%81%ce%bf%cf%8d%cf%80/,Οικόπεδο 800 τ.μ. στον Άβαντα Αλεξανδρούπολης,sale,land,50000,800.0,62,,,,other,,Περιφερειακή Ενότητα Έβρου,40.9327542,25.9160072,https://dora.estate/wp-content/uploads/2023/07/IMG_9338.jpeg,,,2026-09-27,2026-09-27T12:56:27Z
dora.estate,Dora Estate,https://dora.estate/property/%ce%bc%ce%bf%ce%bd%ce%bf%ce%ba%ce%b1%cf%84%ce%bf%ce%b9%ce%ba%ce%af%ce%b1-117-%cf%84-%ce%bc-%cf%83%cf%84%ce%b7%ce%bd-%ce%b1%ce%bb%ce%b5%ce%be%ce%b1%ce%bd%ce%b4%cf%81%ce%bf%cf%8d%cf%80%ce%bf%ce%bb/,Μονοκατοικία 117 τ.μ. στην Αλεξανδρούπολη,sale,house,145000,117.0,1239,3.0,,1960,other,,"Αλεξανδρούπολη, Έβρος",40.8487591,25.8909581,https://dora.estate/wp-content/uploads/2023/09/IMG_5766.jpeg,,,2026-09-27,2026-09-27T12:56:30Z
dora.estate,Dora Estate,https://dora.estate/property/%ce%b1%ce%b3%cf%81%ce%bf%cf%84%ce%b5%ce%bc%ce%ac%cf%87%ce%b9%ce%bf-7-500-%cf%84-%ce%bc-%cf%83%cf%84%ce%b7%ce%bd-%ce%bd%ce%ad%ce%b1-%cf%87%ce%b9%ce%bb%ce%ae-%ce%b1%ce%bb%ce%b5%ce%be%ce%b1%ce%bd%ce%b4/,Αγροτεμάχιο 7.500 τ.μ. στην Νέα Χιλή Αλεξανδρούπολης,sale,land,100000,500.0,200,,,,other,,"Αλεξανδρούπολη, Έβρος",40.8522749,25.8281098,https://dora.estate/wp-content/uploads/2023/11/εικόνα_Viber_2023-11-04_17-06-07-979.jpg,,,2026-09-27,2026-09-27T12:56:33Z
dora.estate,Dora Estate,https://dora.estate/property/%ce%ba%ce%b1%cf%84%ce%ac%cf%83%cf%84%ce%b7%ce%bc%ce%b1-6732-%cf%84-%ce%bc-%cf%83%cf%84%ce%b9%cf%82-%cf%86%ce%ad%cf%81%ce%b5%cf%82/,"Κατάστημα 67,32 τ.μ. στις Φέρες",,store,28000,67.3,416,1.0,,,unknown,,"Φέρες, Περιφερειακή Ενότητα Έβρου",40.8941905,26.1740708,https://dora.estate/wp-content/uploads/2024/01/IMG_4098.jpeg,,,2026-09-27,2026-09-27T12:56:36Z
dora.estate,Dora Estate,https://dora.estate/property/%ce%bc%ce%bf%ce%bd%ce%bf%ce%ba%ce%b1%cf%84%ce%bf%ce%b9%ce%ba%ce%af%ce%b1-%ce%b5%ce%bd%cf%84%cf%8c%cf%82-%ce%bf%ce%b9%ce%ba%ce%bf%cf%80%ce%ad%ce%b4%ce%bf%cf%85-485-%cf%84-%ce%bc-%cf%83%cf%84%ce%b7/,Μονοκατοικία εντός Οικοπέδου 485 τ.μ. στην Αλεξανδρούπολη,sale,house,168000,60.0,2800,2.0,,1970,other,,"Αλεξανδρούπολη, Έβρος",40.8502789,25.8852607,https://dora.estate/wp-content/uploads/2024/01/εικόνα_Viber_2024-01-20_16-44-50-809.jpg,,,2026-09-27,2026-09-27T12:56:39Z
dora.estate,Dora Estate,https://dora.estate/property/%ce%bc%ce%bf%ce%bd%ce%bf%ce%ba%ce%b1%cf%84%ce%bf%ce%b9%ce%ba%ce%af%ce%b1-6272-%cf%84-%ce%bc-%cf%83%cf%84%ce%b7%ce%bd-%ce%b1%ce%b9%cf%83%cf%8d%ce%bc%ce%b7/,"Μονοκατοικία 62,72 τ.μ. στην Αισύμη",sale,house,90000,62.7,1435,2.0,,2003,unknown,,Περιφερειακή Ενότητα Έβρου,41.0176762,25.9550791,https://dora.estate/wp-content/uploads/2024/01/εικόνα_Viber_2024-01-24_17-00-22-200.jpg,,,2026-09-27,2026-09-27T12:56:42Z
dora.estate,Dora Estate,https://dora.estate/property/%ce%bf%ce%b9%ce%ba%cf%8c%cf%80%ce%b5%ce%b4%ce%bf-1000-%cf%84-%ce%bc-%cf%83%cf%84%ce%b7%ce%bd-%ce%ac%ce%bd%ce%b8%ce%b5%ce%b9%ce%b1-%ce%b1%ce%bb%ce%b5%ce%be%ce%b1%ce%bd%ce%b4%cf%81%ce%bf%cf%8d%cf%80/,Οικόπεδο 1000 τ.μ. στην Άνθεια Αλεξανδρούπολης,sale,land,35000,1000.0,35,,,,other,,"Αλεξανδρούπολη, Περιφερειακή Ενότητα Έβρου",40.8715519,25.9912042,https://dora.estate/wp-content/uploads/2024/03/εικόνα_Viber_2024-03-12_11-25-22-980.jpg,,,2026-09-27,2026-09-27T12:56:46Z
dora.estate,Dora Estate,https://dora.estate/property/%ce%bf%ce%b9%ce%ba%cf%8c%cf%80%ce%b5%ce%b4%ce%bf-400-%cf%84-%ce%bc-%cf%83%cf%84%ce%b7-%ce%bc%ce%b1%ce%b9%cf%83%cf%84%cf%81%ce%bf-%ce%b1%ce%bb%ce%b5%ce%be%ce%b1%ce%bd%ce%b4%cf%81%ce%bf%cf%8d%cf%80/,Οικόπεδο 400 τ.μ. στη Μαιστρο Αλεξανδρούπολης,sale,land,75000,400.0,188,,,,other,,"Αλεξανδρούπολη, Έβρος",40.8571658,25.9059803,https://dora.estate/wp-content/uploads/2024/05/IMG_2086.jpeg,,,2026-09-27,2026-09-27T12:56:49Z
dora.estate,Dora Estate,https://dora.estate/property/%ce%b1%ce%b3%cf%81%ce%bf%cf%84%ce%b5%ce%bc%ce%ac%cf%87%ce%b9%ce%bf-335034-%cf%84-%ce%bc-%cf%83%cf%84%ce%bf%ce%bd-%ce%ba%ce%b1%cf%84%cf%83%ce%b1%ce%bc%cf%80%ce%ac-%cf%83%ce%b1%ce%bc%ce%bf%ce%b8%cf%81/,"Αγροτεμάχιο 3350,34 τ.μ. στον Κατσαμπά Σαμοθράκης",sale,land,80000,3350.3,24,,,,unknown,,"Σαμοθράκη, Περιφερειακή Ενότητα Έβρου",40.49058325,25.519313709361818,https://dora.estate/wp-content/uploads/2024/07/εικόνα_Viber_2024-07-09_10-11-06-152.jpg,,,2026-09-27,2026-09-27T12:56:52Z
dora.estate,Dora Estate,https://dora.estate/property/%ce%b1%ce%b3%cf%81%ce%bf%cf%84%ce%b5%ce%bc%ce%ac%cf%87%ce%b9%ce%bf-6200-%cf%84-%ce%bc-%cf%83%cf%84%ce%bf%ce%bd-%ce%ba%ce%b1%cf%84%cf%83%ce%b1%ce%bc%cf%80%ce%ac-%ce%b1%ce%bb%ce%b5%ce%be%ce%b1%ce%bd/,Αγροτεμάχιο 6200 τ.μ. στον Κατσαμπά Σαμοθράκης,sale,land,55000,6200.0,9,,,,unknown,,"Σαμοθράκη, Περιφερειακή Ενότητα Έβρου",40.499079,25.5154914,https://dora.estate/wp-content/uploads/2024/07/εικόνα_Viber_2024-07-09_10-18-28-508.jpg,,,2026-09-27,2026-09-27T12:56:55Z
dora.estate,Dora Estate,https://dora.estate/property/%ce%bc%ce%b5%ce%b6%ce%bf%ce%bd%ce%ad%cf%84%ce%b1-19344-%cf%84-%ce%bc-%cf%83%cf%84%ce%b7%ce%bd-%ce%bc%ce%ac%ce%ba%cf%81%ce%b7-%ce%b1%ce%bb%ce%b5%ce%be%ce%b1%ce%bd%ce%b4%cf%81%ce%bf%cf%8d%cf%80%ce%bf/,"Μεζονέτα 193,44 τ.μ. στην Μάκρη Αλεξανδρούπολης",sale,maisonette,390000,193.4,2016,2.0,,,other,,Έβρος,40.8550015,25.7450976,https://dora.estate/wp-content/uploads/2024/07/IMG_0762.jpeg,,,2026-09-27,2026-09-27T12:56:58Z
dora.estate,Dora Estate,https://dora.estate/property/%ce%bc%ce%bf%ce%bd%ce%bf%ce%ba%ce%b1%cf%84%ce%bf%ce%b9%ce%ba%ce%af%ce%b1-100-%cf%84-%ce%bc-%cf%83%cf%84%ce%b7%ce%bd-%cf%80%ce%b1%ce%bb%ce%b1%ce%b3%ce%af%ce%b1-%ce%b1%ce%bb%ce%b5%ce%be%ce%b1%ce%bd/,Μονοκατοικία 100 τ.μ. στην Παλαγία Αλεξανδρούπολης,sale,house,250000,100.0,2500,3.0,,2012,other,,"Αλεξανδρούπολη, Έβρος",40.8857191,25.8720689,https://dora.estate/wp-content/uploads/2024/08/IMG_0509.jpeg,,,2026-09-27,2026-09-27T12:57:01Z
dora.estate,Dora Estate,https://dora.estate/property/2-%ce%bf%ce%b9%ce%ba%ce%b5%ce%af%ce%b5%cf%82-%ce%b1%cf%80%cf%8c-8084-%cf%84-%ce%bc-%ce%b5%ce%bd%cf%84%cf%8c%cf%82-%ce%bf%ce%b9%ce%ba%ce%bf%cf%80%ce%ad%ce%b4%ce%bf%cf%85-1-309-%cf%84-%ce%bc-%cf%83/,"2 οικείες από 80,84 τ.μ. εντός οικοπέδου 1.309 τ.μ. στην Παλαιόπολη Σαμοθράκης",sale,land,300000,80.8,3711,,,,unknown,,"Σαμοθράκη, Έβρος",40.5023772,25.5263416,https://dora.estate/wp-content/uploads/2024/08/IMG_0990.jpeg,,,2026-09-27,2026-09-27T12:57:04Z
dora.estate,Dora Estate,https://dora.estate/property/%ce%b1%ce%b3%cf%81%ce%bf%cf%84%ce%b5%ce%bc%ce%ac%cf%87%ce%b9%ce%bf-4-200-%cf%84-%ce%bc-%cf%83%cf%84%ce%b7%ce%bd-%ce%bc%ce%ac%ce%ba%cf%81%ce%b7-%ce%b1%ce%bb%ce%b5%ce%be%ce%b1%ce%bd%ce%b4%cf%81%ce%bf/,Αγροτεμάχιο 4.500 τ.μ. στην Μαΐστρο Αλεξανδρούπολης,sale,land,200000,4500.0,44,,,,other,,Evros Regional Unit,40.8571658,25.9059803,https://dora.estate/wp-content/uploads/2024/11/IMG_2497.jpeg,,,2026-09-27,2026-09-27T12:57:08Z
dora.estate,Dora Estate,https://dora.estate/property/%ce%b1%ce%b3%cf%81%ce%bf%cf%84%ce%b5%ce%bc%ce%ac%cf%87%ce%b9%ce%bf-5-000-%cf%84-%ce%bc-%cf%83%cf%84%ce%b7%ce%bd-%ce%bd%ce%ad%ce%b1-%cf%87%ce%b9%ce%bb%ce%ae-%ce%b1%ce%bb%ce%b5%ce%be%ce%b1%ce%bd%ce%b4/,Αγροτεμάχιο 5.000 τ.μ. στην Νέα Χιλή Αλεξανδρούπολης,sale,land,150000,,,,,,other,,"Αλεξανδρούπολη, Έβρος",40.8522749,25.8281098,https://dora.estate/wp-content/uploads/2024/11/IMG_2527.jpeg,,,2026-09-27,2026-09-27T12:57:11Z
cityzenrealestate.gr,CITYZEN REAL ESTATE,https://cityzenrealestate.gr/property/%ce%bc%ce%bf%ce%bd%ce%bf%ce%ba%ce%b1%cf%84%ce%bf%ce%b9%ce%ba%ce%af%ce%b1-106%cf%84-%ce%bc/,"Μονοκατοικία, 106τ.μ.",sale,house,120000,106.0,1132,3.0,,1988,unknown,,"Δήμος Ωλενίας, Αχαΐα",38.097023,21.60727,https://i0.wp.com/cityzenrealestate.gr/wp-content/uploads/2026/09/367089478_1600x1200.webp?resize=584%2C438&ssl=1,,,2026-09-27,2026-09-27T12:56:16Z
cityzenrealestate.gr,CITYZEN REAL ESTATE,https://cityzenrealestate.gr/property/%ce%bc%ce%bf%ce%bd%ce%bf%ce%ba%ce%b1%cf%84%ce%bf%ce%b9%ce%ba%ce%af%ce%b1-312%cf%84-%ce%bc/,"Μονοκατοικία, 312τ.μ.",sale,house,480000,312.0,1538,5.0,1,1978,unknown,,,38.301506,21.794015,https://i0.wp.com/cityzenrealestate.gr/wp-content/uploads/2026/08/365794938_1600x1200.webp?resize=584%2C438&ssl=1,,,2026-09-27,2026-09-27T12:56:20Z
cityzenrealestate.gr,CITYZEN REAL ESTATE,https://cityzenrealestate.gr/property/%ce%bc%ce%bf%ce%bd%ce%bf%ce%ba%ce%b1%cf%84%ce%bf%ce%b9%ce%ba%ce%af%ce%b1-150%cf%84-%ce%bc/,"Μονοκατοικία, 150τ.μ.",rent,house,1500,150.0,10,3.0,,,unknown,,"Πάτρα, Αχαΐα",38.24583,21.735666,https://i0.wp.com/cityzenrealestate.gr/wp-content/uploads/2026/08/365678349_1600x1200.webp?resize=584%2C438&ssl=1,,,2026-09-27,2026-09-27T12:56:24Z
cityzenrealestate.gr,CITYZEN REAL ESTATE,https://cityzenrealestate.gr/property/%ce%bf%ce%b9%ce%ba%cf%8c%cf%80%ce%b5%ce%b4%ce%bf-1166%cf%84-%ce%bc/,"Οικόπεδο, 1166τ.μ.",sale,land,252000,1166.0,216,,,,unknown,,Αχαΐα,38.208197,21.767542,https://i0.wp.com/cityzenrealestate.gr/wp-content/uploads/2026/07/350557781_1600x1200.webp?resize=584%2C438&ssl=1,,,2026-09-27,2026-09-27T12:56:27Z
cityzenrealestate.gr,CITYZEN REAL ESTATE,https://cityzenrealestate.gr/property/%ce%b1%ce%b3%cf%81%ce%bf%cf%84%ce%b5%ce%bc%ce%ac%cf%87%ce%b9%ce%bf-16240%cf%84-%ce%bc/,"Αγροτεμάχιο, 16240τ.μ.",sale,land,79000,16240.0,5,,,,unknown,,,39.153178,20.736389,https://i0.wp.com/cityzenrealestate.gr/wp-content/uploads/2026/07/358291819_1600x1200.webp?resize=584%2C438&ssl=1,,,2026-09-27,2026-09-27T12:56:31Z
cityzenrealestate.gr,CITYZEN REAL ESTATE,https://cityzenrealestate.gr/property/%ce%bc%ce%bf%ce%bd%ce%bf%ce%ba%ce%b1%cf%84%ce%bf%ce%b9%ce%ba%ce%af%ce%b1-162%cf%84-%ce%bc/,"Μονοκατοικία, 162τ.μ.",sale,house,290000,162.0,1790,4.0,,2010,unknown,,Αχαΐα,38.313004,21.817007,https://i0.wp.com/cityzenrealestate.gr/wp-content/uploads/2026/07/360150376_1600x1200.webp?resize=584%2C438&ssl=1,,,2026-09-27,2026-09-27T12:56:35Z
cityzenrealestate.gr,CITYZEN REAL ESTATE,https://cityzenrealestate.gr/property/%ce%b3%cf%81%ce%b1%cf%86%ce%b5%ce%af%ce%bf-110%cf%84-%ce%bc/,"Γραφείο, 110τ.μ.",rent,office,1000,110.0,9,,,1978,unknown,,"Πάτρα, Αχαΐα",38.245833,21.735666,https://i0.wp.com/cityzenrealestate.gr/wp-content/uploads/2026/07/355542522_1600x1200.webp?resize=584%2C438&ssl=1,,,2026-09-27,2026-09-27T12:56:38Z
cityzenrealestate.gr,CITYZEN REAL ESTATE,https://cityzenrealestate.gr/property/%ce%bc%ce%bf%ce%bd%ce%bf%ce%ba%ce%b1%cf%84%ce%bf%ce%b9%ce%ba%ce%af%ce%b1-181%cf%84-%ce%bc-%ce%b1%ce%ba%cf%84%ce%b1%ce%af%ce%bf-%cf%81%ce%af%ce%bf-%ce%b1%cf%87%ce%b1%ce%90%ce%b1/,"Μονοκατοικία, 119τ.μ.",rent,house,1250,119.0,11,3.0,1,2012,unknown,,Αχαΐα,39.0742,21.8243,https://i0.wp.com/cityzenrealestate.gr/wp-content/uploads/2026/06/359681614_1600x1200.webp?resize=584%2C438&ssl=1,,,2026-09-27,2026-09-27T12:56:41Z
cityzenrealestate.gr,CITYZEN REAL ESTATE,https://cityzenrealestate.gr/property/%ce%b4%ce%b9%ce%b1%ce%bc%ce%ad%cf%81%ce%b9%cf%83%ce%bc%ce%b1-131%cf%84-%ce%bc/,"Διαμέρισμα, 131τ.μ.",sale,apartment,177000,131.0,1351,2.0,,2005,unknown,,Αχαΐα,38.209308,21.777158,https://i0.wp.com/cityzenrealestate.gr/wp-content/uploads/2026/07/348905338_1600x1200.webp?resize=584%2C438&ssl=1,,,2026-09-27,2026-09-27T12:56:45Z
cityzenrealestate.gr,CITYZEN REAL ESTATE,https://cityzenrealestate.gr/property/%ce%b4%ce%b9%ce%b1%ce%bc%ce%ad%cf%81%ce%b9%cf%83%ce%bc%ce%b1-145%cf%84-%ce%bc/,"Διαμέρισμα, 145τ.μ.",sale,apartment,238000,145.0,1641,3.0,,1994,unknown,,Αχαΐα,38.243555,21.756362,https://i0.wp.com/cityzenrealestate.gr/wp-content/uploads/2026/07/349308761_1600x1200.webp?resize=584%2C438&ssl=1,,,2026-09-27,2026-09-27T12:56:48Z
cityzenrealestate.gr,CITYZEN REAL ESTATE,https://cityzenrealestate.gr/property/%ce%b4%ce%b9%ce%b1%ce%bc%ce%ad%cf%81%ce%b9%cf%83%ce%bc%ce%b1-115%cf%84-%ce%bc/,"Διαμέρισμα, 115τ.μ.",sale,apartment,237000,115.0,2061,3.0,3,2006,unknown,,Αχαΐα,38.243555,21.756362,https://i0.wp.com/cityzenrealestate.gr/wp-content/uploads/2026/07/350202699_1600x1200.webp?resize=584%2C438&ssl=1,,,2026-09-27,2026-09-27T12:56:51Z
cityzenrealestate.gr,CITYZEN REAL ESTATE,https://cityzenrealestate.gr/property/%ce%bc%ce%b5%ce%b6%ce%bf%ce%bd%ce%ad%cf%84%ce%b1-177%cf%84-%ce%bc/,"Μεζονέτα, 177τ.μ.",sale,maisonette,280000,177.0,1582,4.0,,2010,unknown,,"Πάτρα, Αχαΐα",38.235086,21.726232,https://i0.wp.com/cityzenrealestate.gr/wp-content/uploads/2026/07/354212405_1600x1200.webp?resize=584%2C438&ssl=1,,,2026-09-27,2026-09-27T12:56:54Z
cityzenrealestate.gr,CITYZEN REAL ESTATE,https://cityzenrealestate.gr/property/%ce%bc%ce%bf%ce%bd%ce%bf%ce%ba%ce%b1%cf%84%ce%bf%ce%b9%ce%ba%ce%af%ce%b1-360%cf%84-%ce%bc/,"Μονοκατοικία, 360τ.μ.",sale,house,395000,360.0,1097,5.0,,2007,unknown,,"Πάτρα, Αχαΐα",38.313004,21.817007,https://i0.wp.com/cityzenrealestate.gr/wp-content/uploads/2026/07/357650320_1600x1200.webp?resize=584%2C438&ssl=1,,,2026-09-27,2026-09-27T12:56:58Z
cityzenrealestate.gr,CITYZEN REAL ESTATE,https://cityzenrealestate.gr/property/%ce%b4%ce%b9%ce%b1%ce%bc%ce%ad%cf%81%ce%b9%cf%83%ce%bc%ce%b1-118%cf%84-%ce%bc/,"Διαμέρισμα, 118τ.μ.",sale,apartment,250000,118.0,2119,3.0,1,2007,unknown,,"Πάτρα, Αχαΐα",38.313004,21.817007,https://i0.wp.com/cityzenrealestate.gr/wp-content/uploads/2026/07/357989059_1600x1200.webp?resize=584%2C438&ssl=1,,,2026-09-27,2026-09-27T12:57:01Z
cityzenrealestate.gr,CITYZEN REAL ESTATE,https://cityzenrealestate.gr/property/%ce%bc%ce%bf%ce%bd%ce%bf%ce%ba%ce%b1%cf%84%ce%bf%ce%b9%ce%ba%ce%af%ce%b1-187%cf%84-%ce%bc-%ce%ba%ce%ad%ce%bd%cf%84%cf%81%ce%bf-%ce%b5%cf%85%cf%81%cf%89%cf%83%cf%84%ce%af%ce%bd%ce%b7-%ce%ba%ce%bf/,"Μονοκατοικία, 187τ.μ.",sale,house,450000,187.0,2406,4.0,,2000,unknown,,"Ευρωστίνη, Κορινθία",39.0742,21.8243,https://i0.wp.com/cityzenrealestate.gr/wp-content/uploads/2026/06/358290307_1600x1200.webp?resize=584%2C438&ssl=1,,,2026-09-27,2026-09-27T12:57:04Z
cityzenrealestate.gr,CITYZEN REAL ESTATE,https://cityzenrealestate.gr/property/%ce%bc%ce%bf%ce%bd%ce%bf%ce%ba%ce%b1%cf%84%ce%bf%ce%b9%ce%ba%ce%af%ce%b1-349%cf%84-%ce%bc/,"Μονοκατοικία, 349τ.μ.",rent,house,1000,349.0,3,5.0,1,2014,unknown,,Αχαΐα,38.163388,21.72918,https://i0.wp.com/cityzenrealestate.gr/wp-content/uploads/2026/06/352626577_900x675.webp?resize=584%2C438&ssl=1,,,2026-09-27,2026-09-27T12:57:07Z
cityzenrealestate.gr,CITYZEN REAL ESTATE,https://cityzenrealestate.gr/property/%ce%bc%ce%bf%ce%bd%ce%bf%ce%ba%ce%b1%cf%84%ce%bf%ce%b9%ce%ba%ce%af%ce%b1-100%cf%84-%ce%bc/,"Μονοκατοικία, 100τ.μ.",rent,house,650,100.0,6,3.0,,1970,unknown,,Αχαΐα,39.0742,21.8243,https://i0.wp.com/cityzenrealestate.gr/wp-content/uploads/2026/06/356852489_900x675.webp?resize=584%2C438&ssl=1,,,2026-09-27,2026-09-27T12:57:10Z
cityzenrealestate.gr,CITYZEN REAL ESTATE,https://cityzenrealestate.gr/property/%ce%bc%ce%bf%ce%bd%ce%bf%ce%ba%ce%b1%cf%84%ce%bf%ce%b9%ce%ba%ce%af%ce%b1-112%cf%84-%ce%bc/,"Μονοκατοικία, 112τ.μ.",rent,house,750,112.0,7,2.0,,2000,unknown,,"Πάτρα, Αχαΐα",38.246229,21.745216,https://i0.wp.com/cityzenrealestate.gr/wp-content/uploads/2026/06/357488614_900x675.webp?resize=584%2C438&ssl=1,,,2026-09-27,2026-09-27T12:57:14Z
four-walls.gr,Four Walls,https://four-walls.gr/properties/2400032,"Διαμέρισμα 80 τ.μ., Κέντρο Θεσσαλονίκης",,apartment,,80.0,,2.0,,,thessaloniki,Θεσσαλονίκη-Κέντρο,"Κέντρο Θεσσαλονίκης, Θεσσαλονίκη - Δήμος",40.6297863,22.9508705,https://files.estateprime.gr/7bcc1546206c307c/listings/161/6ab2229c082431790059164.jpg,,,2026-09-27,2026-09-27T12:55:56Z
four-walls.gr,Four Walls,https://four-walls.gr/en/properties/2400032,"Apartment 80 m², Center of Thessaloniki",,apartment,,80.0,,2.0,,,thessaloniki,Θεσσαλονίκη-Κέντρο,"Center of Thessaloniki, Thessaloniki - Municipality",40.6297863,22.9508705,https://files.estateprime.gr/7bcc1546206c307c/listings/161/6ab2229c082431790059164.jpg,,,2026-09-27,2026-09-27T12:55:59Z
four-walls.gr,Four Walls,https://four-walls.gr/properties/2400030,"Διαμέρισμα 90 τ.μ., Ωραιόκαστρο",,apartment,,90.0,,3.0,,,thessaloniki,Ωραιόκαστρο,"Ωραιόκαστρο, Θεσσαλονίκη - Περιφ/κοί δήμοι",40.7196435,22.9050069,https://files.estateprime.gr/7bcc1546206c307c/listings/158/6aae3a893732e1789803145.jpg,,,2026-09-27,2026-09-27T12:56:03Z
four-walls.gr,Four Walls,https://four-walls.gr/en/properties/2400030,"Apartment 90 m², Oreokastro",,apartment,,90.0,,3.0,,,thessaloniki,Ωραιόκαστρο,"Oreokastro, Thessaloniki - Suburbs",40.7196435,22.9050069,https://files.estateprime.gr/7bcc1546206c307c/listings/158/6aae3a893732e1789803145.jpg,,,2026-09-27,2026-09-27T12:56:05Z
four-walls.gr,Four Walls,https://four-walls.gr/properties/2400029,"Διαμέρισμα 105 τ.μ., Ανάληψη - Μπότσαρη - Νέα Παραλία",,apartment,,105.0,,3.0,,,thessaloniki,Θεσσαλονίκη-Ανατολικά,"Ανάληψη - Μπότσαρη - Νέα Παραλία, Θεσσαλονίκη - Δήμος",40.6091172,22.9545673,https://files.estateprime.gr/7bcc1546206c307c/listings/157/6aabbb314de0c1789639473.jpg,,,2026-09-27,2026-09-27T12:56:08Z
four-walls.gr,Four Walls,https://four-walls.gr/en/properties/2400029,"Apartment 105 m², Analipsi - Mpotsari - Nea Paralia",,apartment,,105.0,,3.0,,,thessaloniki,Θεσσαλονίκη-Ανατολικά,"Analipsi - Mpotsari - Nea Paralia, Thessaloniki - Municipality",40.6091172,22.9545673,https://files.estateprime.gr/7bcc1546206c307c/listings/157/6aabbb314de0c1789639473.jpg,,,2026-09-27,2026-09-27T12:56:11Z
four-walls.gr,Four Walls,https://four-walls.gr/properties/2400028,"Loft 102 τ.μ., Βούλγαρη - Ντεπώ - Μαρτίου",,,,102.0,,3.0,,,thessaloniki,Θεσσαλονίκη-Ανατολικά,"Βούλγαρη - Ντεπώ - Μαρτίου, Θεσσαλονίκη - Δήμος",40.5983493,22.9570809,https://files.estateprime.gr/7bcc1546206c307c/listings/156/6aaa6cde711401789553886.jpg,,,2026-09-27,2026-09-27T12:56:14Z
four-walls.gr,Four Walls,https://four-walls.gr/en/properties/2400028,"Loft 102 m², Voulgari - Ntepo - Martiou",,,,102.0,,3.0,,,thessaloniki,Θεσσαλονίκη-Ανατολικά,"Voulgari - Ntepo - Martiou, Thessaloniki - Municipality",40.5983493,22.9570809,https://files.estateprime.gr/7bcc1546206c307c/listings/156/6aaa6cde711401789553886.jpg,,,2026-09-27,2026-09-27T12:56:17Z
four-walls.gr,Four Walls,https://four-walls.gr/properties/2400027,"Γραφείο 105 τ.μ., Βούλγαρη - Ντεπώ - Μαρτίου",,office,,105.0,,,,,thessaloniki,Θεσσαλονίκη-Ανατολικά,"Βούλγαρη - Ντεπώ - Μαρτίου, Θεσσαλονίκη - Δήμος",40.5982632,22.9528595,https://files.estateprime.gr/7bcc1546206c307c/listings/155/6aaa5ab92d2591789549241.jpg,,,2026-09-27,2026-09-27T12:56:20Z
four-walls.gr,Four Walls,https://four-walls.gr/en/properties/2400027,"Office 105 m², Voulgari - Ntepo - Martiou",,office,,105.0,,,,,thessaloniki,Θεσσαλονίκη-Ανατολικά,"Voulgari - Ntepo - Martiou, Thessaloniki - Municipality",40.5982632,22.9528595,https://files.estateprime.gr/7bcc1546206c307c/listings/155/6aaa5ab92d2591789549241.jpg,,,2026-09-27,2026-09-27T12:56:23Z
four-walls.gr,Four Walls,https://four-walls.gr/properties/2400026,"Διαμέρισμα 50 τ.μ., Βούλγαρη - Ντεπώ - Μαρτίου",,apartment,,50.0,,1.0,,,thessaloniki,Θεσσαλονίκη-Ανατολικά,"Βούλγαρη - Ντεπώ - Μαρτίου, Θεσσαλονίκη - Δήμος",40.6007095,22.9579216,https://files.estateprime.gr/7bcc1546206c307c/listings/154/6aa7b3b9855481789375417.jpg,,,2026-09-27,2026-09-27T12:56:26Z
four-walls.gr,Four Walls,https://four-walls.gr/en/properties/2400026,"Apartment 50 m², Voulgari - Ntepo - Martiou",,apartment,,50.0,,1.0,,,thessaloniki,Θεσσαλονίκη-Ανατολικά,"Voulgari - Ntepo - Martiou, Thessaloniki - Municipality",40.6007095,22.9579216,https://files.estateprime.gr/7bcc1546206c307c/listings/154/6aa7b3b9855481789375417.jpg,,,2026-09-27,2026-09-27T12:56:29Z
four-walls.gr,Four Walls,https://four-walls.gr/properties/2400025,"Κατάστημα 40 τ.μ., Κέντρο Θεσσαλονίκης",,store,,40.0,,,,,thessaloniki,Θεσσαλονίκη-Κέντρο,"Κέντρο Θεσσαλονίκης, Θεσσαλονίκη - Δήμος",40.6357677,22.9417683,https://files.estateprime.gr/7bcc1546206c307c/listings/153/6a9fb543b9f401788851523.jpg,,,2026-09-27,2026-09-27T12:56:32Z
four-walls.gr,Four Walls,https://four-walls.gr/en/properties/2400025,"Retail space 40 m², Center of Thessaloniki",,,,40.0,,,,,thessaloniki,Θεσσαλονίκη-Κέντρο,"Center of Thessaloniki, Thessaloniki - Municipality",40.6357677,22.9417683,https://files.estateprime.gr/7bcc1546206c307c/listings/153/6a9fb543b9f401788851523.jpg,,,2026-09-27,2026-09-27T12:56:35Z
four-walls.gr,Four Walls,https://four-walls.gr/properties/2400022,"Κατάστημα 104 τ.μ., Κέντρο Θεσσαλονίκης",,store,,104.0,,,,,thessaloniki,Θεσσαλονίκη-Κέντρο,"Κέντρο Θεσσαλονίκης, Θεσσαλονίκη - Δήμος",40.6375426,22.9399825,https://files.estateprime.gr/7bcc1546206c307c/listings/149/6a9eb7a4aa2691788786596.jpg,,,2026-09-27,2026-09-27T12:56:38Z
four-walls.gr,Four Walls,https://four-walls.gr/en/properties/2400022,"Retail space 104 m², Center of Thessaloniki",,,,104.0,,,,,thessaloniki,Θεσσαλονίκη-Κέντρο,"Center of Thessaloniki, Thessaloniki - Municipality",40.6375426,22.9399825,https://files.estateprime.gr/7bcc1546206c307c/listings/149/6a9eb7a4aa2691788786596.jpg,,,2026-09-27,2026-09-27T12:56:41Z
four-walls.gr,Four Walls,https://four-walls.gr/properties/2400021,"Διαμέρισμα 37 τ.μ., 40 Εκκλησιές - Ευαγγελίστρια",,apartment,,37.0,,1.0,,,thessaloniki,Θεσσαλονίκη-Κέντρο,"40 Εκκλησιές - Ευαγγελίστρια, Θεσσαλονίκη - Δήμος",40.6343185,22.9593903,https://files.estateprime.gr/7bcc1546206c307c/listings/147/6a97f2af71cc81788342959.jpg,,,2026-09-27,2026-09-27T12:56:44Z
four-walls.gr,Four Walls,https://four-walls.gr/en/properties/2400021,"Apartment 37 m², 40 Ekklisies - Evaggelistria",,apartment,,37.0,,1.0,,,thessaloniki,Θεσσαλονίκη,"40 Ekklisies - Evaggelistria, Thessaloniki - Municipality",40.6343185,22.9593903,https://files.estateprime.gr/7bcc1546206c307c/listings/147/6a97f2af71cc81788342959.jpg,,,2026-09-27,2026-09-27T12:56:47Z
four-walls.gr,Four Walls,https://four-walls.gr/properties/2400020,"Διαμέρισμα 101 τ.μ., Ανάληψη - Μπότσαρη - Νέα Παραλία",,apartment,,101.0,,3.0,,,thessaloniki,Θεσσαλονίκη-Ανατολικά,"Ανάληψη - Μπότσαρη - Νέα Παραλία, Θεσσαλονίκη - Δήμος",40.607005,22.9610408,https://files.estateprime.gr/7bcc1546206c307c/listings/145/6a9fd9b86e02a1788860856.jpg,,,2026-09-27,2026-09-27T12:56:50Z
four-walls.gr,Four Walls,https://four-walls.gr/en/properties/2400020,"Apartment 101 m², Analipsi - Mpotsari - Nea Paralia",,apartment,,101.0,,3.0,,,thessaloniki,Θεσσαλονίκη-Ανατολικά,"Analipsi - Mpotsari - Nea Paralia, Thessaloniki - Municipality",40.607005,22.9610408,https://files.estateprime.gr/7bcc1546206c307c/listings/145/6a9fd9b86e02a1788860856.jpg,,,2026-09-27,2026-09-27T12:56:53Z
four-walls.gr,Four Walls,https://four-walls.gr/properties/2400019,"Κατάστημα 33 τ.μ., Κέντρο Θεσσαλονίκης",,store,,33.0,,,,,thessaloniki,Θεσσαλονίκη-Κέντρο,"Κέντρο Θεσσαλονίκης, Θεσσαλονίκη - Δήμος",40.635951,22.9415021,https://files.estateprime.gr/7bcc1546206c307c/listings/144/6aa295b96118a1789040057.jpg,,,2026-09-27,2026-09-27T12:56:56Z
four-walls.gr,Four Walls,https://four-walls.gr/en/properties/2400019,"Retail space 33 m², Center of Thessaloniki",,,,33.0,,,,,thessaloniki,Θεσσαλονίκη-Κέντρο,"Center of Thessaloniki, Thessaloniki - Municipality",40.635951,22.9415021,https://files.estateprime.gr/7bcc1546206c307c/listings/144/6aa295b96118a1789040057.jpg,,,2026-09-27,2026-09-27T12:56:59Z
four-walls.gr,Four Walls,https://four-walls.gr/properties/2400018,"Διαμέρισμα 28 τ.μ., Ανάληψη - Μπότσαρη - Νέα Παραλία",,apartment,,28.0,,1.0,,,thessaloniki,Θεσσαλονίκη-Ανατολικά,"Ανάληψη - Μπότσαρη - Νέα Παραλία, Θεσσαλονίκη - Δήμος",40.6050766,22.9588805,https://files.estateprime.gr/7bcc1546206c307c/listings/143/6a902c59e25281787833433.jpg,,,2026-09-27,2026-09-27T12:57:02Z
four-walls.gr,Four Walls,https://four-walls.gr/en/properties/2400018,"Apartment 28 m², Analipsi - Mpotsari - Nea Paralia",,apartment,,28.0,,1.0,,,thessaloniki,Θεσσαλονίκη-Ανατολικά,"Analipsi - Mpotsari - Nea Paralia, Thessaloniki - Municipality",40.6050766,22.9588805,https://files.estateprime.gr/7bcc1546206c307c/listings/143/6a902c59e25281787833433.jpg,,,2026-09-27,2026-09-27T12:57:05Z
four-walls.gr,Four Walls,https://four-walls.gr/properties/2400017,"Διαμέρισμα 72 τ.μ., Βούλγαρη - Ντεπώ - Μαρτίου",,apartment,,72.0,,1.0,,,thessaloniki,Θεσσαλονίκη-Ανατολικά,"Βούλγαρη - Ντεπώ - Μαρτίου, Θεσσαλονίκη - Δήμος",40.5979357,22.9569236,https://files.estateprime.gr/7bcc1546206c307c/listings/142/6a8fe87ac26651787816058.jpg,,,2026-09-27,2026-09-27T12:57:08Z
four-walls.gr,Four Walls,https://four-walls.gr/en/properties/2400017,"Apartment 72 m², Voulgari - Ntepo - Martiou",,apartment,,72.0,,1.0,,,thessaloniki,Θεσσαλονίκη-Ανατολικά,"Voulgari - Ntepo - Martiou, Thessaloniki - Municipality",40.5979357,22.9569236,https://files.estateprime.gr/7bcc1546206c307c/listings/142/6a8fe87ac26651787816058.jpg,,,2026-09-27,2026-09-27T12:57:11Z
four-walls.gr,Four Walls,https://four-walls.gr/properties/2400014,"Διαμέρισμα 25 τ.μ., Βαρδάρης - Λαχανόκηποι",,apartment,,25.0,,,,,thessaloniki,Θεσσαλονίκη-Κέντρο,"Βαρδάρης - Λαχανόκηποι, Θεσσαλονίκη - Δήμος",40.6422887,22.9311371,https://files.estateprime.gr/7bcc1546206c307c/listings/139/6a8c44d59cf511787577557.jpg,,,2026-09-27,2026-09-27T12:57:14Z
four-walls.gr,Four Walls,https://four-walls.gr/en/properties/2400014,"Apartment 25 m², Vardaris - Lahanokipi",,apartment,,25.0,,,,,thessaloniki,Θεσσαλονίκη-Κέντρο,"Vardaris - Lahanokipi, Thessaloniki - Municipality",40.6422887,22.9311371,https://files.estateprime.gr/7bcc1546206c307c/listings/139/6a8c44d59cf511787577557.jpg,,,2026-09-27,2026-09-27T12:57:17Z
four-walls.gr,Four Walls,https://four-walls.gr/properties/2400013,"Διαμέρισμα 30 τ.μ., Βαρδάρης - Λαχανόκηποι",,apartment,,30.0,,1.0,,,thessaloniki,Θεσσαλονίκη-Κέντρο,"Βαρδάρης - Λαχανόκηποι, Θεσσαλονίκη - Δήμος",40.6422887,22.9311371,https://files.estateprime.gr/7bcc1546206c307c/listings/138/6a8c322fb179a1787572783.jpg,,,2026-09-27,2026-09-27T12:57:21Z
four-walls.gr,Four Walls,https://four-walls.gr/en/properties/2400013,"Apartment 30 m², Vardaris - Lahanokipi",,apartment,,30.0,,1.0,,,thessaloniki,Θεσσαλονίκη-Κέντρο,"Vardaris - Lahanokipi, Thessaloniki - Municipality",40.6422887,22.9311371,https://files.estateprime.gr/7bcc1546206c307c/listings/138/6a8c322fb179a1787572783.jpg,,,2026-09-27,2026-09-27T12:57:23Z
forumland.gr,FORUMLAND (Ντίνος Σπυρίδων Α.),https://www.forumland.gr/kalamaria-karampoyrnaki-monokatoikia-pros-polisi_F-10083.html,Θεσ/νίκη Ανατολική - Μονοκατοικία προς Πώληση - 500  τ.μ.,sale,house,2800000,500.0,5600,8,,,thessaloniki,Καλαμαριά,Καλαμαριά,,,https://www.forumland.gr/u_photos/F--1255133172.jpg,,,2026-09-27,2026-09-27T12:55:37Z
forumland.gr,FORUMLAND (Ντίνος Σπυρίδων Α.),https://www.forumland.gr/kalamaria-karampoyrnaki-monokatoikia-pros-polisi_F-10136.html,Θεσ/νίκη Ανατολική - Μονοκατοικία προς Πώληση - 435  τ.μ.,sale,house,1800000,435.0,4138,5,,,thessaloniki,Καλαμαριά,Καλαμαριά,,,https://www.forumland.gr/u_photos/F-8776.jpg,,,2026-09-27,2026-09-27T12:55:39Z
forumland.gr,FORUMLAND (Ντίνος Σπυρίδων Α.),https://www.forumland.gr/panorama-elaiones-agrotemaxio-pros-polisi_F-10328.html,Θεσ/νίκη Ανατολική - Αγροτεμάχιο προς Πώληση - 7.866  τ.μ.,sale,land,650000,866.0,751,,,,thessaloniki,Πανόραμα,Πανόραμα,,,https://www.forumland.gr/u_photos/F--1624647650.jpg,,,2026-09-27,2026-09-27T12:55:42Z
forumland.gr,FORUMLAND (Ντίνος Σπυρίδων Α.),https://www.forumland.gr/sithonia-neos-marmaras-oikopedo-pros-polisi_F-10346.html,Χαλκιδική - Οικόπεδο προς Πώληση - 300  τ.μ.,sale,land,100000,300.0,333,,,,other,,Θεσσαλονίκη,,,https://www.forumland.gr/u_photos/F-1999070487.jpg,,,2026-09-27,2026-09-27T12:55:45Z
forumland.gr,FORUMLAND (Ντίνος Σπυρίδων Α.),https://www.forumland.gr/panorama-makedonia-oikopedo-pros-polisi_F-12249.html,Θεσ/νίκη Ανατολική - Οικόπεδο προς Πώληση - 725  τ.μ.,sale,land,350000,725.0,483,,,,thessaloniki,Πανόραμα,Πανόραμα,,,https://www.forumland.gr/u_photos/F--1491226623.jpg,,,2026-09-27,2026-09-27T12:55:49Z
forumland.gr,FORUMLAND (Ντίνος Σπυρίδων Α.),https://www.forumland.gr/filyro-monokatoikia-pros-polisi_F-10474.html,θεσ/νίκη Βόρεια προάστια - Μονοκατοικία προς Πώληση - 450  τ.μ.,sale,house,500000,450.0,1111,8,,,thessaloniki,Θεσσαλονίκη,Θεσσαλονίκη,,,https://www.forumland.gr/u_photos/F--1177806124.jpg,,,2026-09-27,2026-09-27T12:55:52Z
forumland.gr,FORUMLAND (Ντίνος Σπυρίδων Α.),https://www.forumland.gr/panorama-dromos-thermis-agrotemaxio-pros-polisi_F-10483.html,Θεσ/νίκη Ανατολική - Αγροτεμάχιο προς Πώληση - 8.000  τ.μ.,sale,land,1800000,,,,,,thessaloniki,Πανόραμα,Πανόραμα,,,https://www.forumland.gr/u_photos/F-1469370833.jpg,,,2026-09-27,2026-09-27T12:55:54Z
forumland.gr,FORUMLAND (Ντίνος Σπυρίδων Α.),https://www.forumland.gr/eksoxi-mezoneta-pros-polisi_F-10867.html,θεσ/νίκη Βόρεια προάστια - Μεζονέτα προς Πώληση - 150  τ.μ.,sale,maisonette,260000,150.0,1733,3,,,thessaloniki,Θεσσαλονίκη,Θεσσαλονίκη,,,https://www.forumland.gr/u_photos/F--1647947016.jpg,,,2026-09-27,2026-09-27T12:55:58Z
forumland.gr,FORUMLAND (Ντίνος Σπυρίδων Α.),https://www.forumland.gr/panorama-makedonia-oikopedo-pros-polisi_F-1087.html,Θεσ/νίκη Ανατολική - Οικόπεδο προς Πώληση - 760  τ.μ.,sale,land,600000,760.0,789,,,,thessaloniki,Πανόραμα,Πανόραμα,,,https://www.forumland.gr/u_photos/F-1086188703.jpg,,,2026-09-27,2026-09-27T12:56:01Z
forumland.gr,FORUMLAND (Ντίνος Σπυρίδων Α.),https://www.forumland.gr/kato-sxolari-ktirio-pros-polisi_F-10876.html,Θεσ/νίκη Ανατολικά προάστια - Κτίριο προς Πώληση - 2.900  τ.μ.,sale,building,1300000,900.0,1444,,,,thessaloniki,Θεσσαλονίκη,Θεσσαλονίκη,,,https://www.forumland.gr/u_photos/F-1281863454.jpg,,,2026-09-27,2026-09-27T12:56:03Z
forumland.gr,FORUMLAND (Ντίνος Σπυρίδων Α.),https://www.forumland.gr/pallini-palioyri-agrotemaxio-pros-polisi_F-10894.html,Χαλκιδική - Αγροτεμάχιο προς Πώληση - 9.750  τ.μ.,sale,land,1350000,750.0,1800,,,,other,,Θεσσαλονίκη,,,https://www.forumland.gr/u_photos/F--1794640242.jpg,,,2026-09-27,2026-09-27T12:56:20Z
forumland.gr,FORUMLAND (Ντίνος Σπυρίδων Α.),https://www.forumland.gr/kalamaria-kentro-katastima-pros-enoikiasi_F-10966.html,Θεσ/νίκη Ανατολική - Κατάστημα προς Ενοικίαση - 320  τ.μ.,rent,store,3800,320.0,12,,,,thessaloniki,Καλαμαριά,Καλαμαριά,,,https://www.forumland.gr/u_photos/F--72580086.jpg,,,2026-09-27,2026-09-27T12:56:23Z
forumland.gr,FORUMLAND (Ντίνος Σπυρίδων Α.),https://www.forumland.gr/lakkoma-oikopedo-pros-polisi_F-11105.html,Θεσ/νίκη Ανατολικά προάστια - Οικόπεδο προς Πώληση - 564  τ.μ.,sale,land,50000,564.0,89,,,,thessaloniki,Θεσσαλονίκη,Θεσσαλονίκη,,,https://www.forumland.gr/u_photos/F--608396688.jpg,,,2026-09-27,2026-09-27T12:56:26Z
forumland.gr,FORUMLAND (Ντίνος Σπυρίδων Α.),https://www.forumland.gr/sithonia-paradeisos-mezoneta-pros-polisi_F-11152.html,Χαλκιδική - Μεζονέτα προς Πώληση - 80  τ.μ.,sale,maisonette,190000,80.0,2375,2,,,other,,Θεσσαλονίκη,,,https://www.forumland.gr/u_photos/F-1301658483.jpg,,,2026-09-27,2026-09-27T12:56:30Z
forumland.gr,FORUMLAND (Ντίνος Σπυρίδων Α.),https://www.forumland.gr/xaniotis-pallini-monokatoikia-pros-polisi_F-11223.html,Χαλκιδική - Μονοκατοικία προς Πώληση - 350  τ.μ.,sale,house,4000000,350.0,11429,5,,,other,,Θεσσαλονίκη,,,https://www.forumland.gr/u_photos/F--1525415630.jpg,,,2026-09-27,2026-09-27T12:56:32Z
forumland.gr,FORUMLAND (Ντίνος Σπυρίδων Α.),https://www.forumland.gr/pylaia-cosmos-agrotemaxio-pros-polisi_F-11379.html,Θεσ/νίκη Ανατολική - Αγροτεμάχιο προς Πώληση - 24.000  τ.μ.,sale,land,2200000,,,,,,thessaloniki,Πυλαία,Πυλαία,,,https://www.forumland.gr/u_photos/F-532345690.jpg,,,2026-09-27,2026-09-27T12:56:35Z
forumland.gr,FORUMLAND (Ντίνος Σπυρίδων Α.),https://www.forumland.gr/lakkoma-monokatoikia-pros-polisi_F-11490.html,Θεσ/νίκη Ανατολικά προάστια - Μονοκατοικία προς Πώληση - 280  τ.μ.,sale,house,400000,280.0,1429,5,1,,thessaloniki,Θεσσαλονίκη,Θεσσαλονίκη,,,https://www.forumland.gr/u_photos/F--1018980443.jpg,,,2026-09-27,2026-09-27T12:56:38Z
forumland.gr,FORUMLAND (Ντίνος Σπυρίδων Α.),https://www.forumland.gr/eyosmos-oikopedo-pros-polisi_F-1158.html,θεσ/νίκη Δυτική - Οικόπεδο προς Πώληση - 3.320  τ.μ.,sale,land,2000000,320.0,6250,,,,thessaloniki,Κορδελιό-Εύοσμος,Εύοσμος,,,https://www.forumland.gr/u_photos/F--2050868479.jpg,,,2026-09-27,2026-09-27T12:56:52Z
forumland.gr,FORUMLAND (Ντίνος Σπυρίδων Α.),https://www.forumland.gr/pylaia-cosmos-agrotemaxio-pros-polisi_F-11659.html,Θεσ/νίκη Ανατολική - Αγροτεμάχιο προς Πώληση - 8.000  τ.μ.,sale,land,2200000,,,,,,thessaloniki,Πυλαία,Πυλαία,,,https://www.forumland.gr/u_photos/F-2094366446.jpg,,,2026-09-27,2026-09-27T12:56:55Z
forumland.gr,FORUMLAND (Ντίνος Σπυρίδων Α.),https://www.forumland.gr/kalamaria-agios-ioannis-grafeio-pros-polisi_F-11737.html,Θεσ/νίκη Ανατολική - Γραφείο προς Πώληση - 275  τ.μ.,sale,office,260000,275.0,945,,,,thessaloniki,Καλαμαριά,Καλαμαριά,,,https://www.forumland.gr/u_photos/F--740851547.jpg,,,2026-09-27,2026-09-27T12:57:09Z
forumland.gr,FORUMLAND (Ντίνος Σπυρίδων Α.),https://www.forumland.gr/monastirioy-menemeni-oikopedo-pros-polisi_F-11840.html,θεσ/νίκη Δυτική - Οικόπεδο προς Πώληση - 1.460  τ.μ.,sale,land,1550000,460.0,3370,,,,thessaloniki,Αμπελόκηποι-Μενεμένη,Μενεμένη,,,https://www.forumland.gr/u_photos/F--1994931886.jpg,,,2026-09-27,2026-09-27T12:57:23Z
forumland.gr,FORUMLAND (Ντίνος Σπυρίδων Α.),https://www.forumland.gr/kallikrateia-sozopoli-mezoneta-pros-polisi_F-11875.html,Χαλκιδική - Μεζονέτα προς Πώληση - 67  τ.μ.,sale,maisonette,220000,67.0,3284,2,,,other,,Θεσσαλονίκη,,,https://www.forumland.gr/u_photos/F-1806751034.jpg,,,2026-09-27,2026-09-27T12:57:39Z
forumland.gr,FORUMLAND (Ντίνος Σπυρίδων Α.),https://www.forumland.gr/pylaia-cosmos-ktirio-pros-polisi_F-12138.html,Θεσ/νίκη Ανατολική - Κτίριο προς Πώληση - 3.564  τ.μ.,sale,building,4000000,564.0,7092,,,,thessaloniki,Πυλαία,Πυλαία,,,https://www.forumland.gr/u_photos/F-435772393.jpg,,,2026-09-27,2026-09-27T12:57:42Z
forumland.gr,FORUMLAND (Ντίνος Σπυρίδων Α.),https://www.forumland.gr/panorama-n751-monokatoikia-pros-polisi_F-12235.html,Θεσ/νίκη Ανατολική - Μονοκατοικία προς Πώληση - 540  τ.μ.,sale,house,1250000,540.0,2315,5,,,thessaloniki,Πανόραμα,Πανόραμα,,,https://www.forumland.gr/u_photos/F--1362609197.jpg,,,2026-09-27,2026-09-27T12:57:45Z
forumland.gr,FORUMLAND (Ντίνος Σπυρίδων Α.),https://www.forumland.gr/kassandra-sani-agrotemaxio-pros-polisi_F-12344.html,Χαλκιδική - Αγροτεμάχιο προς Πώληση - 4.840  τ.μ.,sale,land,400000,840.0,476,,,,other,,Θεσσαλονίκη,,,https://www.forumland.gr/u_photos/F-1501093075.jpg,,,2026-09-27,2026-09-27T12:57:47Z
home365gr.gr,HOME 365 GR,https://www.home365gr.gr/el/properties/1090652,"1090652 - Μονοκατοικία Προς Πώληση, Αλεξάνδρεια, 106 τ.μ., €90.000",sale,house,90000,106.0,849,3,,1982,unknown,,,,,https://ilist-cdn.e-agents.cloud/appFol/appDetails/estatePhotos/fol1090652/img_f8d1229a-e919-437c-ab85-46ec0609b6fb.jpeg,,,2026-09-27,2026-09-27T12:57:23Z
home365gr.gr,HOME 365 GR,https://www.home365gr.gr/el/properties/2386418,"2386418-ΣΠΑΝΙΟ ΠΑΡΑΘΑΛΑΣΣΙΟ ΟΙΚΟΠΕΔΟ ΠΡΩΤΗΣ ΓΡΑΜΜΗΣ ΣΤΟ ΠΟΡΤΟ ΚΟΥΦΟ ΧΑΛΚΙΔΙΚΗΣ , Τορώνη, 2.748 τ.μ., €5.000.000",sale,land,5000000,748.0,6684,,,,other,,,,,https://ilist-cdn.e-agents.cloud/appFol/appDetails/estatePhotos/fol2386418/0921e808ebe24bcc98a4269a6f806cf1.jpg,,,2026-09-27,2026-09-27T12:57:27Z
home365gr.gr,HOME 365 GR,https://www.home365gr.gr/el/properties/1090733,"1090733 - Διαμέρισμα Προς Πώληση, Φάληρο - Ιπποκράτειο, 34 τ.μ., €127.000",sale,apartment,127000,34.0,3735,1,1,1965,thessaloniki,Θεσσαλονίκη-Ανατολικά,,,,https://ilist-cdn.e-agents.cloud/appFol/appDetails/estatePhotos/fol1090733/ce3de452871245518267a2ba833bbd68.jpg,,,2026-09-27,2026-09-27T12:57:30Z
home365gr.gr,HOME 365 GR,https://www.home365gr.gr/el/properties/1709672,"1709672 - Διαμέρισμα Προς Πώληση, Τούμπα, 95 τ.μ., €245.000",sale,apartment,245000,95.0,2579,2,4,1993,thessaloniki,Θεσσαλονίκη-Ανατολικά,Τούμπα,,,https://ilist-cdn.e-agents.cloud/appFol/appDetails/estatePhotos/fol1709672/6bfefaf1e6ab48df91da7c64ac2fe4df.jpg,,,2026-09-27,2026-09-27T12:57:33Z
home365gr.gr,HOME 365 GR,https://www.home365gr.gr/el/properties/2105534,"2105534 - Μονοκατοικία Προς Πώληση, Νέα Ερυθραία, 118 τ.μ., €380.000",sale,house,380000,118.0,3220,3,υπόγειο,1980,thessaloniki,Θεσσαλονίκη,Θεσσαλονίκη 54639 +30 2310 841010 thess@home365gr.g,,,https://ilist-cdn.e-agents.cloud/appFol/appDetails/estatePhotos/fol2105534/ba6845f95250499ba2e045ebc11a5fa0.jpg,,,2026-09-27,2026-09-27T12:57:35Z
home365gr.gr,HOME 365 GR,https://www.home365gr.gr/el/properties/1714623,"1714623 - Προς Πώληση, Κολωνάκι - Λυκαβηττός, 200 τ.μ., €650000",sale,,650000,200.0,3250,3,ισόγειο,1960,thessaloniki,Θεσσαλονίκη,Θεσσαλονίκη Καραμανλή 32,,,https://ilist-cdn.e-agents.cloud/appFol/appDetails/estatePhotos/fol1714623/86a339ea59154e59982a223cc3f2a040.jpg,,,2026-09-27,2026-09-27T12:57:38Z
home365gr.gr,HOME 365 GR,https://www.home365gr.gr/el/properties/1090663,"1090663 - Κατάστημα Προς Πώληση, Φάληρο - Ιπποκράτειο, 75 τ.μ., €75.000",sale,store,75000,75.0,1000,,ισόγειο,1978,thessaloniki,Θεσσαλονίκη-Ανατολικά,Θεσσαλονίκη 54639 +30 2310 841010 thess@home365gr.g,,,https://ilist-cdn.e-agents.cloud/appFol/appDetails/estatePhotos/fol1090663/img_b9e898fb-c6ad-436e-8de3-961c240c279c.jpeg,,,2026-09-27,2026-09-27T12:57:42Z
home365gr.gr,HOME 365 GR,https://www.home365gr.gr/el/properties/1090742,"1090742 - Οικόπεδο Προς Πώληση, Καμένα Βούρλα, 560 τ.μ., €80.000",sale,land,80000,560.0,143,,,,thessaloniki,Θεσσαλονίκη,Θεσσαλονίκη 54639 +30 2310 841010 thess@home365gr.g,,,https://ilist-cdn.e-agents.cloud/appFol/appDetails/estatePhotos/fol1090742/img_3f7a2bf7-01f9-4fae-bdea-cc055b3b258c.jpeg,,,2026-09-27,2026-09-27T12:57:44Z
home365gr.gr,HOME 365 GR,https://www.home365gr.gr/el/properties/1708574,"1708574 - Διαμέρισμα Προς Πώληση, Ανάληψη - Μπότσαρη - Νέα Παραλία, 62 τ.μ., €80.000",sale,apartment,80000,62.0,1290,2,ημιυπόγειο,,thessaloniki,Θεσσαλονίκη-Ανατολικά,Θεσσαλονίκη 54639 +30 2310 841010 thess@home365gr.g,,,https://ilist-cdn.e-agents.cloud/appFol/appDetails/estatePhotos/fol1708574/3b986ac6502d47a5b0c35140cf18ac38.jpg,,,2026-09-27,2026-09-27T12:57:47Z
impereal.estate,Impereal Estate,https://www.impereal.estate/el/properties/1218694,"1218694 - Κατάστημα Προς Πώληση, Κέντρο Θεσσαλονίκης, 18 τ.μ., €69.000",sale,store,69000,18.0,3833,,ισόγειο,1963,thessaloniki,Θεσσαλονίκη-Κέντρο,Θεσσαλονίκης,,,https://www.impereal.estate/images/logo.png,,,2026-09-27,2026-09-27T12:57:33Z
impereal.estate,Impereal Estate,https://www.impereal.estate/el/properties/2396300,"2396300 - Κατάστημα Προς Ενοικίαση, Κέντρο Θεσσαλονίκης, 18 τ.μ., €450",rent,store,450,18.0,25,,ισόγειο,1963,thessaloniki,Θεσσαλονίκη-Κέντρο,Θεσσαλονίκης,,,https://www.impereal.estate/images/logo.png,,,2026-09-27,2026-09-27T12:57:37Z
impereal.estate,Impereal Estate,https://www.impereal.estate/el/properties/1427905,"1427905 - Διαμέρισμα Προς Πώληση, Βούλγαρη - Ντεπώ - Μαρτίου, 40 τ.μ., €136.000",sale,apartment,136000,40.0,3400,05,3,1969,thessaloniki,Θεσσαλονίκη-Ανατολικά,Θεσσαλονίκη (+30) 231 176 8268 (+30) 697 373 6037 h,,,https://www.impereal.estate/images/logo.png,,,2026-09-27,2026-09-27T12:57:39Z
impereal.estate,Impereal Estate,https://www.impereal.estate/el/properties/1572220,"1572220 - Διαμέρισμα Προς Πώληση, Βούλγαρη - Ντεπώ - Μαρτίου, 55 τ.μ., €125.000",sale,apartment,125000,55.0,2273,20,4,,thessaloniki,Θεσσαλονίκη-Ανατολικά,Θεσσαλονίκη (+30) 231 176 8268 (+30) 697 373 6037 h,,,https://www.impereal.estate/images/logo.png,,,2026-09-27,2026-09-27T12:57:42Z
impereal.estate,Impereal Estate,https://www.impereal.estate/el/properties/1524056,"1524056 - Διαμέρισμα Προς Πώληση, Κέντρο Θεσσαλονίκης, 52 τ.μ., €172.000",sale,apartment,172000,52.0,3308,56,5,1975,thessaloniki,Θεσσαλονίκη-Κέντρο,Θεσσαλονίκης,,,https://www.impereal.estate/images/logo.png,,,2026-09-27,2026-09-27T12:57:45Z
impereal.estate,Impereal Estate,https://www.impereal.estate/el/properties/1568893,"1568893 - Διαμέρισμα Προς Πώληση, Κέντρο Θεσσαλονίκης, 67 τ.μ., €185.000",sale,apartment,185000,67.0,2761,93,5,1975,thessaloniki,Θεσσαλονίκη-Κέντρο,Θεσσαλονίκης,,,https://www.impereal.estate/images/logo.png,,,2026-09-27,2026-09-27T12:57:48Z
finderhome.gr,Finderhome,https://finderhome.gr/2020/04/,April 2020 – Finder Home,sale,,372000,147.0,2531,3,,,thessaloniki,Θεσσαλονίκη,Θεσσαλονίκη Αρχική Ενοικιάσεις Κατοικίες Επαγγελματ,,,,,,2026-09-27,2026-09-27T12:56:56Z
finderhome.gr,Finderhome,https://finderhome.gr/2020/02/,February 2020 – Finder Home,rent,,1600,147.0,11,3,,,thessaloniki,Θεσσαλονίκη,Θεσσαλονίκη Αρχική Ενοικιάσεις Κατοικίες Επαγγελματ,,,,,,2026-09-27,2026-09-27T12:57:02Z
hmrealestate.gr,H AND M - ΗΛΙΑΔΟΥ Μ ΜΟΥΡΑΤΙΔΗΣ Ι ΟΕ,https://hmrealestate.gr/el/property/%CE%A0525,"H&M Real Estate - Μονοκατοικία, 575τ.μ., €480.000 - Θεσσαλονίκη - Περιφ/κοί δήμοι - Θέρμη",sale,house,480000,575.0,835,5,ισόγειο,2007,thessaloniki,Θέρμη,Θεσσαλονίκη - Περιφ/κοί δήμοι - Θέρμη  H&M Real Est,,,https://abroker-app.s3.eu-central-1.amazonaws.com/7/properties/82824/watermark/KCKP5uJCcF.jpg,,,2026-09-27,2026-09-27T12:57:26Z
hmrealestate.gr,H AND M - ΗΛΙΑΔΟΥ Μ ΜΟΥΡΑΤΙΔΗΣ Ι ΟΕ,https://hmrealestate.gr/el/property/%CE%A0299,"H&M Real Estate - Στούντιο/Γκαρσονιέρα, 30τ.μ., €65.000 - Κέντρο Θεσσαλονίκης - Ροτόντα",sale,studio,65000,30.0,2167,1,υπόγειο,1965,thessaloniki,Θεσσαλονίκη-Κέντρο,Θεσσαλονίκης - Ροτόντα  H&M Real Estate - Στούντιο/,,,https://abroker-app.s3.eu-central-1.amazonaws.com/7/properties/46502/watermark/J6KBKennHt.jpg,,,2026-09-27,2026-09-27T12:57:29Z
hmrealestate.gr,H AND M - ΗΛΙΑΔΟΥ Μ ΜΟΥΡΑΤΙΔΗΣ Ι ΟΕ,https://hmrealestate.gr/el/property/%CE%95525,"H&M Real Estate - Διαμέρισμα, 75τ.μ., €800 - Κέντρο Θεσσαλονίκης - Ροτόντα",rent,apartment,800,75.0,11,2,5,1965,thessaloniki,Θεσσαλονίκη-Κέντρο,Θεσσαλονίκης - Ροτόντα  H&M Real Estate - Διαμέρισμ,,,https://abroker-app.s3.eu-central-1.amazonaws.com/7/properties/97796/watermark/C59mb3DUhC.jpg,,,2026-09-27,2026-09-27T12:57:32Z
hmrealestate.gr,H AND M - ΗΛΙΑΔΟΥ Μ ΜΟΥΡΑΤΙΔΗΣ Ι ΟΕ,https://hmrealestate.gr/el/property/%CE%A0533,"H&M Real Estate - Στούντιο/Γκαρσονιέρα, 44τ.μ., €82.000 - Θεσσαλονίκη - Περιφ/κοί δήμοι - Αμπελόκηποι",sale,studio,82000,44.0,1864,1,ισόγειο,1976,thessaloniki,Αμπελόκηποι-Μενεμένη,Θεσσαλονίκη - Περιφ/κοί δήμοι - Αμπελόκηποι  H&M Re,,,https://abroker-app.s3.eu-central-1.amazonaws.com/7/properties/95355/watermark/ETzMmRLDdI.jpg,,,2026-09-27,2026-09-27T12:57:35Z
hmrealestate.gr,H AND M - ΗΛΙΑΔΟΥ Μ ΜΟΥΡΑΤΙΔΗΣ Ι ΟΕ,https://hmrealestate.gr/el/property/%CE%A0534,"H&M Real Estate - Στούντιο/Γκαρσονιέρα, 40τ.μ., €82.000 - Θεσσαλονίκη - Περιφ/κοί δήμοι - Αμπελόκηποι",sale,studio,82000,40.0,2050,1,ισόγειο,1976,thessaloniki,Αμπελόκηποι-Μενεμένη,Θεσσαλονίκη - Περιφ/κοί δήμοι - Αμπελόκηποι  H&M Re,,,https://abroker-app.s3.eu-central-1.amazonaws.com/7/properties/95354/watermark/CWDahtFX6f.jpg,,,2026-09-27,2026-09-27T12:57:38Z
hmrealestate.gr,H AND M - ΗΛΙΑΔΟΥ Μ ΜΟΥΡΑΤΙΔΗΣ Ι ΟΕ,https://hmrealestate.gr/el/property/%CE%95%CE%A0025,"H&M Real Estate - Βιοτεχνικός χώρος, 280τ.μ., €280.000 - Βαρδάρης",sale,warehouse,280000,280.0,1000,,ισόγειο,1976,thessaloniki,Θεσσαλονίκη-Κέντρο,Θεσσαλονίκη,,,https://abroker-app.s3.eu-central-1.amazonaws.com/7/properties/90479/watermark/8YzUkxtLUi.jpg,,,2026-09-27,2026-09-27T12:57:41Z
hmrealestate.gr,H AND M - ΗΛΙΑΔΟΥ Μ ΜΟΥΡΑΤΙΔΗΣ Ι ΟΕ,https://hmrealestate.gr/el/property/%CE%A0532,"H&M Real Estate - Στούντιο/Γκαρσονιέρα, 45τ.μ., €110.000 - Κέντρο Θεσσαλονίκης - Διοικητήριο",sale,studio,110000,45.0,2444,1,3,1965,thessaloniki,Θεσσαλονίκη-Κέντρο,Θεσσαλονίκης - Διοικητήριο  H&M Real Estate - Στούν,,,https://abroker-app.s3.eu-central-1.amazonaws.com/7/properties/90483/watermark/7fqvkNukmb.jpg,,,2026-09-27,2026-09-27T12:57:44Z
hmrealestate.gr,H AND M - ΗΛΙΑΔΟΥ Μ ΜΟΥΡΑΤΙΔΗΣ Ι ΟΕ,https://hmrealestate.gr/el/property/%CE%A0531,"H&M Real Estate - Διαμέρισμα, 110τ.μ., €135.000 - Νεάπολη - Άγιος Γιώργιος - Τρώαδα",sale,apartment,135000,110.0,1227,3,,1979,thessaloniki,Νεάπολη-Συκιές,Νεάπολη,,,https://abroker-app.s3.eu-central-1.amazonaws.com/7/properties/89071/watermark/0CWCkBFu0p.jpg,,,2026-09-27,2026-09-27T12:57:47Z
hmrealestate.gr,H AND M - ΗΛΙΑΔΟΥ Μ ΜΟΥΡΑΤΙΔΗΣ Ι ΟΕ,https://hmrealestate.gr/el/property/%CE%A0530,"H&M Real Estate - Οικόπεδο, 1.042τ.μ., €280.000 - Σιθωνία - Νικήτη",sale,land,280000,42.0,6667,,,,other,,Θεσσαλονίκη,,,https://abroker-app.s3.eu-central-1.amazonaws.com/7/properties/85948/watermark/GHKcVRHnEv.jpg,,,2026-09-27,2026-09-27T12:57:50Z
hmrealestate.gr,H AND M - ΗΛΙΑΔΟΥ Μ ΜΟΥΡΑΤΙΔΗΣ Ι ΟΕ,https://hmrealestate.gr/el/property/%CE%A0526,"H&M Real Estate - Διαμέρισμα, 110τ.μ., €270.000 - Ιπποκράτειο",sale,apartment,270000,110.0,2455,3,1,1978,thessaloniki,Θεσσαλονίκη-Ανατολικά,Θεσσαλονίκη,,,https://abroker-app.s3.eu-central-1.amazonaws.com/7/properties/82825/watermark/cz7yKLYZ7k.jpg,,,2026-09-27,2026-09-27T12:57:53Z
hmrealestate.gr,H AND M - ΗΛΙΑΔΟΥ Μ ΜΟΥΡΑΤΙΔΗΣ Ι ΟΕ,https://hmrealestate.gr/el/property/%CE%A0523,"H&M Real Estate - Διαμέρισμα, 90τ.μ., €280.000 - Κέντρο Θεσσαλονίκης - Καμάρα",sale,apartment,280000,90.0,3111,3,2,1968,thessaloniki,Θεσσαλονίκη-Κέντρο,Θεσσαλονίκης - Καμάρα  H&M Real Estate - Διαμέρισμα,,,https://abroker-app.s3.eu-central-1.amazonaws.com/7/properties/77752/watermark/sVOWbRkO8e.jpg,,,2026-09-27,2026-09-27T12:57:56Z
daveti.gr,DAVETI HOME BROKERS (Δαβέτη Στέλλα Β.),https://www.daveti.gr/Property-in-Panorama-Thessaloniki-Town-Center-Palios-Oikismos-N751-Makedonia-Topografon-Suburbs-Greece,Property Search Search results - Daveti Home Brokers - Real estate office in Panorama of Thessaloniki Greece,rent,office,1250,,,,1,,thessaloniki,Πανόραμα,,,,,,,2026-09-27,2026-09-27T12:55:44Z
daveti.gr,DAVETI HOME BROKERS (Δαβέτη Στέλλα Β.),https://www.daveti.gr/Residential-For-Sale-in-Panorama-Thessaloniki-Town-Center-Palios-Oikismos-N751-Makedonia-Topografon-Suburbs-Greece,Residential for Sale Search results - Daveti Home Brokers - Real estate office in Panorama of Thessaloniki Greece,sale,office,340000,,,,1,,thessaloniki,Πανόραμα,,,,,,,2026-09-27,2026-09-27T12:55:48Z
daveti.gr,DAVETI HOME BROKERS (Δαβέτη Στέλλα Β.),https://www.daveti.gr/Land-For-Sale-in-Panorama-Thessaloniki-Town-Center-Palios-Oikismos-N751-Makedonia-Topografon-Suburbs-Greece,Land for Sale Search results - Daveti Home Brokers - Real estate office in Panorama of Thessaloniki Greece,sale,land,890000,,,,1,,thessaloniki,Πανόραμα,,,,,,,2026-09-27,2026-09-27T12:55:53Z
daveti.gr,DAVETI HOME BROKERS (Δαβέτη Στέλλα Β.),https://www.daveti.gr/Residential-For-Rent-in-Panorama-Thessaloniki-Town-Center-Palios-Oikismos-N751-Makedonia-Topografon-Suburbs-Greece,Residential for Rent Search results - Daveti Home Brokers - Real estate office in Panorama of Thessaloniki Greece,rent,office,1250,,,,1,,thessaloniki,Πανόραμα,,,,,,,2026-09-27,2026-09-27T12:55:56Z
daveti.gr,DAVETI HOME BROKERS (Δαβέτη Στέλλα Β.),https://www.daveti.gr/Commercial-Property-For-Rent-in-Panorama-Thessaloniki-Town-Center-Palios-Oikismos-N751-Makedonia-Topografon-Suburbs-Greece,Commercial for Rent Search results - Daveti Home Brokers - Real estate office in Panorama of Thessaloniki Greece,rent,store,1200,,,,1,,thessaloniki,Πανόραμα,,,,,,,2026-09-27,2026-09-27T12:55:59Z
daveti.gr,DAVETI HOME BROKERS (Δαβέτη Στέλλα Β.),https://www.daveti.gr/%CE%A0%CE%B1%CE%BD%CF%8C%CF%81%CE%B1%CE%BC%CE%B1%2D%CE%9A%CE%AD%CE%BD%CF%84%CF%81%CE%BF-%CE%94%CE%B9%CE%B1%CE%BC%CE%AD%CF%81%CE%B9%CF%83%CE%BC%CE%B1-%CF%80%CF%81%CE%BF%CF%82%2D%CE%95%CE%BD%CE%BF%CE%B9%CE%BA%CE%AF%CE%B1%CF%83%CE%B7_%CE%94%2D11546.html,Πανόραμα - Διαμέρισμα προς Ενοικίαση - 130  τ.μ.,rent,apartment,,130.0,,2,2,,thessaloniki,Πανόραμα,Πανόραμα,,,https://www.daveti.gr/u_photos/D--1389827348.jpg,,,2026-09-27,2026-09-27T12:56:25Z
daveti.gr,DAVETI HOME BROKERS (Δαβέτη Στέλλα Β.),https://www.daveti.gr/%CE%A0%CE%B1%CE%BD%CF%8C%CF%81%CE%B1%CE%BC%CE%B1%2D%CE%9A%CE%AD%CE%BD%CF%84%CF%81%CE%BF-%CE%94%CE%B9%CE%B1%CE%BC%CE%AD%CF%81%CE%B9%CF%83%CE%BC%CE%B1-%CF%80%CF%81%CE%BF%CF%82%2D%CE%95%CE%BD%CE%BF%CE%B9%CE%BA%CE%AF%CE%B1%CF%83%CE%B7_%CE%94%2D11547.html,Πανόραμα - Διαμέρισμα προς Ενοικίαση - 96  τ.μ.,rent,apartment,,96.0,,2,,,thessaloniki,Πανόραμα,Πανόραμα,,,https://www.daveti.gr/u_photos/D-1293205799.jpg,,,2026-09-27,2026-09-27T12:56:28Z
daveti.gr,DAVETI HOME BROKERS (Δαβέτη Στέλλα Β.),https://www.daveti.gr/%CE%A0%CE%B1%CE%BD%CF%8C%CF%81%CE%B1%CE%BC%CE%B1%2D%CE%A0%CE%B1%CE%BB%CE%B9%CF%8C%CF%82%2D%CE%9F%CE%B9%CE%BA%CE%B9%CF%83%CE%BC%CF%8C%CF%82-%CE%9C%CE%B5%CE%B6%CE%BF%CE%BD%CE%AD%CF%84%CE%B1-%CF%80%CF%81%CE%BF%CF%82%2D%CE%95%CE%BD%CE%BF%CE%B9%CE%BA%CE%AF%CE%B1%CF%83%CE%B7_%CE%94%2D11548.html,Πανόραμα - Μεζονέτα προς Ενοικίαση - 200  τ.μ.,rent,maisonette,1300,200.0,6,3,,,thessaloniki,Πανόραμα,Πανόραμα,,,https://www.daveti.gr/u_photos/D-443184581.jpg,,,2026-09-27,2026-09-27T12:56:31Z
daveti.gr,DAVETI HOME BROKERS (Δαβέτη Στέλλα Β.),https://www.daveti.gr/%CE%A0%CE%B1%CE%BD%CF%8C%CF%81%CE%B1%CE%BC%CE%B1%2D%CE%9F%CE%B9%CE%BA%CE%B9%CF%83%CE%BC%CF%8C%CF%82%2D%CE%9D%2E%C2%A0751-Studio%2D%2D%CE%93%CE%BA%CE%B1%CF%81%CF%83%CE%BF%CE%BD%CE%B9%CE%AD%CF%81%CE%B1-%CF%80%CF%81%CE%BF%CF%82%2D%CE%95%CE%BD%CE%BF%CE%B9%CE%BA%CE%AF%CE%B1%CF%83%CE%B7_%CE%94%2D11560.html,Πανόραμα - Studio / Γκαρσονιέρα προς Ενοικίαση - 38  τ.μ.,rent,studio,,38.0,,,,,thessaloniki,Πανόραμα,Πανόραμα,,,https://www.daveti.gr/u_photos/D--230891102.jpg,,,2026-09-27,2026-09-27T12:56:57Z
daveti.gr,DAVETI HOME BROKERS (Δαβέτη Στέλλα Β.),https://www.daveti.gr/%CE%A0%CE%B1%CE%BD%CF%8C%CF%81%CE%B1%CE%BC%CE%B1%2D%CE%9F%CE%B9%CE%BA%CE%B9%CF%83%CE%BC%CF%8C%CF%82%2D%CE%9C%CE%B1%CE%BA%CE%B5%CE%B4%CE%BF%CE%BD%CE%AF%CE%B1-%CE%9C%CE%B5%CE%B6%CE%BF%CE%BD%CE%AD%CF%84%CE%B1-%CF%80%CF%81%CE%BF%CF%82%2D%CE%95%CE%BD%CE%BF%CE%B9%CE%BA%CE%AF%CE%B1%CF%83%CE%B7_%CE%94%2D11567.html,Πανόραμα - Μεζονέτα προς Ενοικίαση - 160  τ.μ.,rent,maisonette,1500,160.0,9,3,,,thessaloniki,Πανόραμα,Πανόραμα,,,https://www.daveti.gr/u_photos/D-1338111160.jpg,,,2026-09-27,2026-09-27T12:57:34Z
daveti.gr,DAVETI HOME BROKERS (Δαβέτη Στέλλα Β.),https://www.daveti.gr/%CE%A0%CE%B1%CE%BD%CF%8C%CF%81%CE%B1%CE%BC%CE%B1%2D%CE%9A%CE%AD%CE%BD%CF%84%CF%81%CE%BF-%CE%9C%CE%B5%CE%B6%CE%BF%CE%BD%CE%AD%CF%84%CE%B1-%CF%80%CF%81%CE%BF%CF%82%2D%CE%95%CE%BD%CE%BF%CE%B9%CE%BA%CE%AF%CE%B1%CF%83%CE%B7_%CE%94%2D11568.html,Πανόραμα - Μεζονέτα προς Ενοικίαση - 145  τ.μ.,rent,maisonette,1250,145.0,9,3,1,,thessaloniki,Πανόραμα,Πανόραμα,,,https://www.daveti.gr/u_photos/D--460809884.jpg,,,2026-09-27,2026-09-27T12:57:37Z
daveti.gr,DAVETI HOME BROKERS (Δαβέτη Στέλλα Β.),https://www.daveti.gr/%CE%A0%CE%B1%CE%BD%CF%8C%CF%81%CE%B1%CE%BC%CE%B1%2D%CE%9F%CE%B9%CE%BA%CE%B9%CF%83%CE%BC%CF%8C%CF%82%2D%CE%9D%2E%C2%A0751-%CE%94%CE%B9%CE%B1%CE%BC%CE%AD%CF%81%CE%B9%CF%83%CE%BC%CE%B1-%CF%80%CF%81%CE%BF%CF%82%2D%CE%95%CE%BD%CE%BF%CE%B9%CE%BA%CE%AF%CE%B1%CF%83%CE%B7_%CE%94%2D11569.html,Πανόραμα - Διαμέρισμα προς Ενοικίαση - 130  τ.μ.,rent,apartment,2500,130.0,19,2,2,,thessaloniki,Πανόραμα,Πανόραμα,,,https://www.daveti.gr/u_photos/D--1300466522.jpg,,,2026-09-27,2026-09-27T12:57:40Z
daveti.gr,DAVETI HOME BROKERS (Δαβέτη Στέλλα Β.),https://www.daveti.gr/%CE%A0%CE%B1%CE%BD%CF%8C%CF%81%CE%B1%CE%BC%CE%B1%2D%CE%9A%CE%AD%CE%BD%CF%84%CF%81%CE%BF-%CE%94%CE%B9%CE%B1%CE%BC%CE%AD%CF%81%CE%B9%CF%83%CE%BC%CE%B1-%CF%80%CF%81%CE%BF%CF%82%2D%CE%95%CE%BD%CE%BF%CE%B9%CE%BA%CE%AF%CE%B1%CF%83%CE%B7_%CE%94%2D11419.html,Πανόραμα - Διαμέρισμα προς Ενοικίαση - 120  τ.μ.,rent,apartment,,120.0,,3,1,,thessaloniki,Πανόραμα,Πανόραμα,,,https://www.daveti.gr/u_photos/D-1778831907.jpg,,,2026-09-27,2026-09-27T12:57:43Z
daveti.gr,DAVETI HOME BROKERS (Δαβέτη Στέλλα Β.),https://www.daveti.gr/%CE%A0%CE%B1%CE%BD%CF%8C%CF%81%CE%B1%CE%BC%CE%B1%2D%CE%9F%CE%B9%CE%BA%CE%B9%CF%83%CE%BC%CF%8C%CF%82%2D%CE%9C%CE%B1%CE%BA%CE%B5%CE%B4%CE%BF%CE%BD%CE%AF%CE%B1-%CE%9C%CE%B5%CE%B6%CE%BF%CE%BD%CE%AD%CF%84%CE%B1-%CF%80%CF%81%CE%BF%CF%82%2D%CE%A0%CF%8E%CE%BB%CE%B7%CF%83%CE%B7_%CE%94%2D11421.html,Πανόραμα - Μεζονέτα προς Πώληση - 187  τ.μ.,sale,maisonette,600000,187.0,3209,3,2,,thessaloniki,Πανόραμα,Πανόραμα,,,https://www.daveti.gr/u_photos/D-1816768687.jpg,,,2026-09-27,2026-09-27T12:57:46Z
gproperty.gr,G PROPERTY,https://gproperty.gr/property/diamerisma-100tm-nea-paralia/,Εξαιρετικό ανακαινισμένο διαμέρισμα 100τμ Νέα Παραλία | G Property,,apartment,,100.0,,3,1,1970,thessaloniki,Θεσσαλονίκη-Ανατολικά,Θεσσαλονίκης,,,https://gproperty.gr/wp-content/uploads/2026/09/IMG_1479.jpeg,,,2026-09-27,2026-09-27T12:56:39Z
gproperty.gr,G PROPERTY,https://gproperty.gr/property/diamerisma-103tm-analipsi/,Ενοικιάζεται διαμπερές διαμέρισμα 103τμ Ανάληψη | G Property,rent,apartment,,103.0,,2,3,1970,thessaloniki,Θεσσαλονίκη-Ανατολικά,Θεσσαλονίκης,,,https://gproperty.gr/wp-content/uploads/2026/09/WhatsApp-Image-2026-09-02-at-18.22.07.jpeg,,,2026-09-27,2026-09-27T12:56:41Z
gproperty.gr,G PROPERTY,https://gproperty.gr/property/oikopedo-140tm-ano-poli/,Πωλείται Εξαιρετικό Οικόπεδο 140τμ με θέα θάλασσα Άνω Πόλη | G Property,sale,land,180000,140.0,1286,,,,thessaloniki,Θεσσαλονίκη-Κέντρο,Θεσσαλονίκης,,,https://gproperty.gr/wp-content/uploads/2026/08/WhatsApp-Image-2026-03-08-at-15.11.41-1-1.jpeg,,,2026-09-27,2026-09-27T12:56:44Z
gproperty.gr,G PROPERTY,https://gproperty.gr/property/grafeio-155tm-voulgari/,Ενοικιάζεται Επαγγελματικός Χώρος – Γραφείο 155τμ Βούλγαρη | G Property,rent,store,1500,155.0,10,,4,2000,thessaloniki,Θεσσαλονίκη-Ανατολικά,Θεσσαλονίκης,,,https://gproperty.gr/wp-content/uploads/2026/07/WhatsApp-Image-2026-07-23-at-16.49.29-1.jpeg,,,2026-09-27,2026-09-27T12:56:51Z
gproperty.gr,G PROPERTY,https://gproperty.gr/property/diamerisma-120tm-martiou/,Ενοικιάζεται εξαιρετικό ρετιρέ διαμέρισμα 102τμ Μαρτίου | G Property,rent,apartment,,102.0,,2,4,1984,thessaloniki,Θεσσαλονίκη-Ανατολικά,Θεσσαλονίκης,,,https://gproperty.gr/wp-content/uploads/2026/08/IMG_0386.jpeg,,,2026-09-27,2026-09-27T12:56:54Z
gproperty.gr,G PROPERTY,https://gproperty.gr/en/property/for-sale-floor-apartment-126sqm-with-parking-kalamaria/,For Sale Floor Apartment 126sqm with Parking Kalamaria - G Property,sale,apartment,300000,126.0,2381,3,4,1992,thessaloniki,Καλαμαριά,,,,https://gproperty.gr/wp-content/uploads/2026/08/WhatsApp-Image-2026-08-05-at-19.18.51.jpeg,,,2026-09-27,2026-09-27T12:56:57Z
gproperty.gr,G PROPERTY,https://gproperty.gr/en/property/for-sale-commercial-property-244sqm-voulgari/,For Sale Commercial Property 244sqm Voulgari - G Property,sale,store,800000,244.0,3279,,16,2000,unknown,,,,,https://gproperty.gr/wp-content/uploads/2026/07/WhatsApp-Image-2026-07-23-at-16.48.39-1-1.jpeg,,,2026-09-27,2026-09-27T12:57:02Z
gproperty.gr,G PROPERTY,https://gproperty.gr/en/property/for-sale-bright-through-apartment-100sqm-sykies/,For Sale Bright Through-Apartment 100sqm Sykies - G Property,sale,apartment,100000,100.0,1000,2,,1970,thessaloniki,Νεάπολη-Συκιές,,,,https://gproperty.gr/wp-content/uploads/2026/07/WhatsApp-Image-2026-07-25-at-11.40.25.jpeg,,,2026-09-27,2026-09-27T12:57:08Z
gproperty.gr,G PROPERTY,https://gproperty.gr/property/katastima-244tm-voulgari/,Ενοικιάζεται Εξαιρετικό Κατάστημα 244τμ Βούλγαρη | G Property,rent,store,3000,244.0,12,,0,2000,thessaloniki,Θεσσαλονίκη-Ανατολικά,Θεσσαλονίκης,,,https://gproperty.gr/wp-content/uploads/2026/07/WhatsApp-Image-2026-07-23-at-16.48.37.jpeg,,,2026-09-27,2026-09-27T12:57:14Z
gproperty.gr,G PROPERTY,https://gproperty.gr/en/property/for-sale-bright-through-apartment-104sqm-kamara/,For Sale Bright Through Apartment 104sqm Kamara - G Property,sale,apartment,205000,104.0,1971,3,,1968,thessaloniki,Θεσσαλονίκη-Κέντρο,,,,https://gproperty.gr/wp-content/uploads/2026/07/WhatsApp-Image-2026-07-22-at-20.18.41-3.jpeg,,,2026-09-27,2026-09-27T12:57:17Z
gproperty.gr,G PROPERTY,https://gproperty.gr/en/property/for-sale-fully-renovated-apartment-117sqm-sykies/,For Sale fully Renovated Apartment 117sqm Sykies - G Property,sale,apartment,240000,117.0,2051,2,,1990,thessaloniki,Νεάπολη-Συκιές,,,,https://gproperty.gr/wp-content/uploads/2025/12/WhatsApp-Image-2025-12-09-at-20.57.49.jpeg,,,2026-09-27,2026-09-27T12:57:23Z
gproperty.gr,G PROPERTY,https://gproperty.gr/property/katastima-144tm-kentro/,Ενοικιάζεται Κατάστημα 144τμ Κάτω από την Εγνατία | G Property,rent,store,4000,144.0,28,,0,1980,thessaloniki,Θεσσαλονίκη,Θεσσαλονίκης,,,https://gproperty.gr/wp-content/uploads/2026/07/WhatsApp-Image-2026-07-15-at-18.29.45-4.jpeg,,,2026-09-27,2026-09-27T12:57:30Z
gproperty.gr,G PROPERTY,https://gproperty.gr/en/property/for-sale-plot-133sqm-with-detached-house-sykies/,For Sale Two-Storey Detached House 145sqm Sykies - G Property,sale,house,135000,145.0,931,4,,1953,thessaloniki,Νεάπολη-Συκιές,,,,https://gproperty.gr/wp-content/uploads/2026/07/IMG_9697.jpeg,,,2026-09-27,2026-09-27T12:57:32Z
gproperty.gr,G PROPERTY,https://gproperty.gr/en/property/for-sale-plot-133sqm-with-detached-house-sykies-2/,For Sale Plot 133sqm with Detached House Sykies - G Property,sale,house,135000,133.0,1015,,,,thessaloniki,Νεάπολη-Συκιές,,,,https://gproperty.gr/wp-content/uploads/2026/07/IMG_9672-1.jpeg,,,2026-09-27,2026-09-27T12:57:35Z
gproperty.gr,G PROPERTY,https://gproperty.gr/en/property/apartment-for-sale-108sqm-under-egnatia-street/,Apartment for Sale 108sqm Under Egnatia Street - G Property,sale,apartment,500000,108.0,4630,2,3,1978,unknown,,,,,https://gproperty.gr/wp-content/uploads/2025/09/WhatsApp-Image-2026-06-10-at-13.57.13-1.jpeg,,,2026-09-27,2026-09-27T12:57:44Z
gproperty.gr,G PROPERTY,https://gproperty.gr/property/oikopedo-2200tm-moudania/,Πωλείται Επενδυτικό Οικόπεδο 2.200τμ Νέα Μουδανιά Χαλκιδική | G Property,sale,land,400000,200.0,2000,,,,other,,,,,https://gproperty.gr/wp-content/uploads/2025/09/IMG_5477.jpg,,,2026-09-27,2026-09-27T12:57:51Z
gproperty.gr,G PROPERTY,https://gproperty.gr/en/property/agricultural-land-8-500sqm-pentalofos-oreokastro-municipality/,Agricultural Land 8.500sqm Pentalofos Oreokastro Municipality - G Property,sale,land,78000,500.0,156,,,,thessaloniki,Ωραιόκαστρο,,,,https://gproperty.gr/wp-content/uploads/2026/05/IMG_1002-rotated.jpg,,,2026-09-27,2026-09-27T12:57:56Z
gproperty.gr,G PROPERTY,https://gproperty.gr/property/monadiki-goniaki-mezoneta-180tm-halkidiki/,Mοναδική γωνιακή μεζονέτα 180τμ Χαλκιδική | G Property,sale,maisonette,500000,180.0,2778,4,1,2005,other,,,,,https://gproperty.gr/wp-content/uploads/2025/08/IMG_5330.jpg,,,2026-09-27,2026-09-27T12:58:02Z
gproperty.gr,G PROPERTY,https://gproperty.gr/property/%cf%80%cf%89%ce%bb%ce%b5%ce%af%cf%84%ce%b1%ce%b9-%ce%b5%ce%be%ce%b1%ce%b9%cf%81%ce%b5%cf%84%ce%b9%ce%ba%cf%8c-%ce%b1%ce%b3%cf%81%ce%bf%cf%84%ce%b5%ce%bc%ce%ac%cf%87%ce%b9%ce%bf-6-000%cf%84%ce%bc/,Πωλείται Εξαιρετικό Αγροτεμάχιο 6.000τμ Χαλκιδική | G Property,sale,land,420000,,,,,,other,,,,,https://gproperty.gr/wp-content/uploads/2026/05/WhatsApp-Image-2026-05-14-at-16.45.21-1.jpeg,,,2026-09-27,2026-09-27T12:58:05Z
ikima.gr,IKIMA REAL ESTATE,https://www.ikima.gr/el/properties/2038356,"ΙΚΙΜΑ Real Estate | Κωδικός: Μονοκατοικία Προς Πώληση, Καρδία, 380 τ.μ. | ΙΚΙΜΑ Real Estate",sale,house,450000,380.0,1184,,ισόγειο,1987,thessaloniki,Θέρμη,Θέρμη,,,https://ilist-cdn.e-agents.cloud/appFol/appDetails/estatePhotos/fol2038356/268c1a61d8bb42f8946e455cb9a4ee21.jpg,,,2026-09-27,2026-09-27T12:57:38Z
ikima.gr,IKIMA REAL ESTATE,https://www.ikima.gr/el/properties/2516012,"ΙΚΙΜΑ Real Estate | Κωδικός: Οικόπεδο Προς Πώληση, Τριάδι, 1.600 τ.μ. | ΙΚΙΜΑ Real Estate",sale,land,590000,600.0,983,,,,thessaloniki,Θέρμη,Θέρμη,,,https://ilist-cdn.e-agents.cloud/appFol/appDetails/estatePhotos/fol2516012/b853267e5b564462b018924cef45a3b9.png,,,2026-09-27,2026-09-27T12:57:41Z
ikima.gr,IKIMA REAL ESTATE,https://www.ikima.gr/el/properties/1333460,"ΙΚΙΜΑ Real Estate | Κωδικός: Επενδυτικό Διαμέρισμα Προς Πώληση, Νεάπολη, 57 τ.μ. | ΙΚΙΜΑ Real Estate",sale,apartment,109000,57.0,1912,,1,1974,thessaloniki,Νεάπολη-Συκιές,Νεάπολη,,,https://ilist-cdn.e-agents.cloud/appFol/appDetails/estatePhotos/fol1333460/7a4f47c3e72c463193a34298d22afd06.jpg,,,2026-09-27,2026-09-27T12:57:44Z
ikima.gr,IKIMA REAL ESTATE,https://www.ikima.gr/el/properties/2547322,"ΙΚΙΜΑ Real Estate | Κωδικός: Διαμέρισμα Προς Ενοικίαση, Μέγαρο Μουσικής, 100 τ.μ. | ΙΚΙΜΑ Real Estate",rent,apartment,1040,100.0,10,,2,1986,thessaloniki,Θεσσαλονίκη,Θεσσαλονίκης,,,https://ilist-cdn.e-agents.cloud/appFol/appDetails/estatePhotos/fol2547322/0a559a7380a146f991c8161952f4fa60.png,,,2026-09-27,2026-09-27T12:57:47Z
ikima.gr,IKIMA REAL ESTATE,https://www.ikima.gr/el/properties/2383503,"ΙΚΙΜΑ Real Estate | Κωδικός: Eξαιρετική Μεζονέτα με Θέα, Μηχανιώνα, 210 τ.μ. | ΙΚΙΜΑ Real Estate",sale,maisonette,210000,210.0,1000,,ισόγειο,2013,thessaloniki,Θερμαϊκός,,,,https://ilist-cdn.e-agents.cloud/appFol/appDetails/estatePhotos/fol2383503/5a5168d3db0f42178fd8213150942ac3.png,,,2026-09-27,2026-09-27T12:57:50Z
ikima.gr,IKIMA REAL ESTATE,https://www.ikima.gr/el/properties/2473045,"ΙΚΙΜΑ Real Estate | Κωδικός: Μεζονέτα Προς Πώληση, Σουρωτή | ΙΚΙΜΑ Real Estate",sale,maisonette,129000,248.0,520,,2,2008,thessaloniki,Θέρμη,,,,https://ilist-cdn.e-agents.cloud/appFol/appDetails/estatePhotos/fol2473045/c84d60e9f2d84463a95bc037564faf68.jpg,,,2026-09-27,2026-09-27T12:57:53Z
ikima.gr,IKIMA REAL ESTATE,https://www.ikima.gr/el/properties/1335980,ΙΚΙΜΑ Real Estate | Κωδικός: Μεζονέτα προς Πώληση στον Άγιο Γεώργιο | ΙΚΙΜΑ Real Estate,sale,maisonette,145000,85.0,1706,,ισόγειο,2015,unknown,,,,,https://ilist-cdn.e-agents.cloud/appFol/appDetails/estatePhotos/fol1335980/img_c70ae7ef-45bb-4b7f-b2b3-81cf85636fd6.jpeg,,,2026-09-27,2026-09-27T12:57:56Z
ikima.gr,IKIMA REAL ESTATE,https://www.ikima.gr/el/properties/1880665,ΙΚΙΜΑ Real Estate | Κωδικός: Πολυτελής Βίλα στη Ζάκυνθο | ΙΚΙΜΑ Real Estate,sale,house,1650000,300.0,5500,,ισόγειο,1995,unknown,,,,,https://ilist-cdn.e-agents.cloud/appFol/appDetails/estatePhotos/fol1880665/839f0fce4bfd4dadac6ab78517d50174.jpg,,,2026-09-27,2026-09-27T12:57:59Z
ikima.gr,IKIMA REAL ESTATE,https://www.ikima.gr/el/properties/2237086,"ΙΚΙΜΑ Real Estate | Κωδικός: Εξαιρετικό Διαμέρισμα, Κέντρο Θεσσαλονίκης, 148 τ.μ. | ΙΚΙΜΑ Real Estate",sale,apartment,490000,148.0,3311,,6,1956,thessaloniki,Θεσσαλονίκη-Κέντρο,Θεσσαλονίκης,,,https://ilist-cdn.e-agents.cloud/appFol/appDetails/estatePhotos/fol2237086/75f1ad253d63468ea18b12ec7fd8316c.jpg,,,2026-09-27,2026-09-27T12:58:02Z
ikima.gr,IKIMA REAL ESTATE,https://www.ikima.gr/el/properties/2585556,"ΙΚΙΜΑ Real Estate | Κωδικός: Μεζονέτα με θέα θάλασσα, Προς Ενοικίαση, Πανόραμα | ΙΚΙΜΑ Real Estate",rent,maisonette,1500,160.0,9,,1,1997,thessaloniki,Πανόραμα,Πανόραμα,,,https://ilist-cdn.e-agents.cloud/appFol/appDetails/estatePhotos/fol2585556/59d7f95844c74c4b8d61aced2fa283d7.jpg,,,2026-09-27,2026-09-27T12:58:05Z
ikima.gr,IKIMA REAL ESTATE,https://www.ikima.gr/el/properties/2405348,"ΙΚΙΜΑ Real Estate | Κωδικός: 3όροφη Mεζονέτα, Προς πώληση, Πολύχρονο, Παλλήνη, 230.000€ | ΙΚΙΜΑ Real Estate",sale,,230000,113.0,2035,3,ισόγειο,1987,other,,Θεσσαλονίκη,,,https://ilist-cdn.e-agents.cloud/appFol/appDetails/estatePhotos/fol2405348/73af37a9fe5c4922ac72329a798e44d9.jpeg,,,2026-09-27,2026-09-27T12:58:08Z
ikima.gr,IKIMA REAL ESTATE,https://www.ikima.gr/el/properties/2594630,"ΙΚΙΜΑ Real Estate | Κωδικός: Διαμέρισμα Προς Ενοικίαση, Βυζάντιο, Καλαμαριά, 68 τ.μ. | ΙΚΙΜΑ Real Estate",rent,apartment,,68.0,,,3,1982,thessaloniki,Καλαμαριά,Καλαμαριά,,,https://ilist-cdn.e-agents.cloud/appFol/appDetails/estatePhotos/fol2594630/895c2dcda2e442d5b48e110ad38dda8f.png,,,2026-09-27,2026-09-27T12:58:11Z
ikima.gr,IKIMA REAL ESTATE,https://www.ikima.gr/el/properties/2577371,"ΙΚΙΜΑ Real Estate | Κωδικός: Eξαιρετικό Στούντιο Προς Ενοικίαση, Νεάπολη, 27 τ.μ. | ΙΚΙΜΑ Real Estate",rent,studio,,27.0,,,ισόγειο,2024,thessaloniki,Νεάπολη-Συκιές,Νεάπολη,,,https://ilist-cdn.e-agents.cloud/appFol/appDetails/estatePhotos/fol2577371/76a599381e5a4b50856b0848a213ea8b.jpeg,,,2026-09-27,2026-09-27T12:58:14Z
ikima.gr,IKIMA REAL ESTATE,https://www.ikima.gr/el/properties/2359249,"ΙΚΙΜΑ Real Estate | Κωδικός: Διαμέρισμα Προς Πώληση, Ιστορικό Κέντρο | ΙΚΙΜΑ Real Estate",sale,apartment,350000,125.0,2800,,6,1963,thessaloniki,Θεσσαλονίκη,Θεσσαλονίκης,,,https://ilist-cdn.e-agents.cloud/appFol/appDetails/estatePhotos/fol2359249/6b160730e3b1497a90f526be1d98df28.jpg,,,2026-09-27,2026-09-27T12:58:17Z
ikima.gr,IKIMA REAL ESTATE,https://www.ikima.gr/el/properties/2577364,"ΙΚΙΜΑ Real Estate | Κωδικός: Eξαιρετικό Στούντιο - Loft Προς Ενοικίαση, Νεάπολη | ΙΚΙΜΑ Real Estate",rent,studio,,26.0,,,ισόγειο,2024,thessaloniki,Νεάπολη-Συκιές,Νεάπολη,,,https://ilist-cdn.e-agents.cloud/appFol/appDetails/estatePhotos/fol2577364/c209657ed8894bfb93c99d4db60ec0f1.jpg,,,2026-09-27,2026-09-27T12:58:20Z
ikima.gr,IKIMA REAL ESTATE,https://www.ikima.gr/el/properties/2577366,"ΙΚΙΜΑ Real Estate | Κωδικός: Eξαιρετικό Στούντιο Προς Ενοικίαση, Νεάπολη, 21 τ.μ. | ΙΚΙΜΑ Real Estate",rent,studio,,21.0,,,ισόγειο,2024,thessaloniki,Νεάπολη-Συκιές,Νεάπολη,,,https://ilist-cdn.e-agents.cloud/appFol/appDetails/estatePhotos/fol2577366/8720469233e84cec83d50b13d59f2a1b.jpeg,,,2026-09-27,2026-09-27T12:58:23Z
gmakproperties.gr,G Mak properties,https://www.gmakproperties.gr/property/474,Ισόγειο loft 30 τ.μ. στην περιοχή Φάληρο. - GMak Properties,sale,,85000,30.0,2833,,ισόγειο,1974,thessaloniki,Θεσσαλονίκη-Ανατολικά,Θεσσαλονίκης,,,https://www.gmakproperties.gr/images/properties/2-4748439.jpg,,,2026-09-27,2026-09-27T12:57:33Z
gmakproperties.gr,G Mak properties,https://www.gmakproperties.gr/property/467,"Μονοκατοικία 99 τ.μ., με πανοραμική θέα θάλασσα στους Νέους Επιβάτες - GMak Properties",rent,house,1000,99.0,10,,,1984,thessaloniki,Θεσσαλονίκη,Θεσσαλονίκη Περιφ/κοί δήμοι,,,https://www.gmakproperties.gr/images/properties/1-4041418.jpg,,,2026-09-27,2026-09-27T12:57:37Z
gmakproperties.gr,G Mak properties,https://www.gmakproperties.gr/property/404,"Μονοκατοικία 231 τ.μ., με πανοραμική θέα θάλασσα στους Νέους Επιβάτες - GMak Properties",rent,house,1300,231.0,6,,,1984,thessaloniki,Θεσσαλονίκη,Θεσσαλονίκη Περιφ/κοί δήμοι,,,https://www.gmakproperties.gr/images/properties/1-4041418.jpg,,,2026-09-27,2026-09-27T12:57:40Z
gmakproperties.gr,G Mak properties,https://www.gmakproperties.gr/property/444,Ανακαινισμένο studio 33 τ.μ. 1ου ορόφου στην περιοχή Φάληρο. - GMak Properties,sale,studio,93000,33.0,2818,,1,1965,thessaloniki,Θεσσαλονίκη-Ανατολικά,Θεσσαλονίκης,,,https://www.gmakproperties.gr/images/properties/1-4442683.jpg,,,2026-09-27,2026-09-27T12:57:42Z
gmakproperties.gr,G Mak properties,https://www.gmakproperties.gr/property/437,Ανακαινισμένο (2025) διαμέρισμα 62 τ.μ. στο κέντρο της Θεσσαλονίκης. - GMak Properties,sale,apartment,235000,62.0,3790,,5,1969,thessaloniki,Θεσσαλονίκη,Θεσσαλονίκης. - GMak Properties  Ανακαινισμένο (202,,,https://www.gmakproperties.gr/images/properties/2-4374222.jpg,,,2026-09-27,2026-09-27T12:57:46Z
gmakproperties.gr,G Mak properties,https://www.gmakproperties.gr/property/433,Διαμέρισμα 91 τ.μ. 3ου ορόφου στην Ανάληψη. - GMak Properties,sale,apartment,245000,91.0,2692,,3,1972,thessaloniki,Θεσσαλονίκη-Ανατολικά,Θεσσαλονίκης,,,https://www.gmakproperties.gr/images/properties/1-4331793.jpg,,,2026-09-27,2026-09-27T12:57:48Z
gmakproperties.gr,G Mak properties,https://www.gmakproperties.gr/property/426,"Ανακαινισμένη 2025 γκαρσονιέρα 41 τ.μ., 3ου ορόφου στην Κ. Τούμπα. - GMak Properties",sale,studio,140000,41.0,3415,,3,1977,thessaloniki,Θεσσαλονίκη-Ανατολικά,Τούμπα,,,https://www.gmakproperties.gr/images/properties/1-4263464.jpg,,,2026-09-27,2026-09-27T12:57:51Z
gmakproperties.gr,G Mak properties,https://www.gmakproperties.gr/property/264,Φωτεινή ανακαινισμένη(2024) γκαρσονιέρα 38 τ.μ. 6ου ορόφου με ασανσέρ. - GMak Properties,sale,studio,168000,38.0,4421,,6,1959,thessaloniki,Θεσσαλονίκη,Θεσσαλονίκης,,,https://www.gmakproperties.gr/images/properties/1-2647427.jpg,,,2026-09-27,2026-09-27T12:57:58Z
gmakproperties.gr,G Mak properties,https://www.gmakproperties.gr/property/354,Μεζονέτα ισογείου - α΄ ορόφου 68 τ.μ. στην Περαία. - GMak Properties,sale,maisonette,125000,68.0,1838,,υπόγειο,2003,thessaloniki,Θερμαϊκός,Περαία,,,https://www.gmakproperties.gr/images/properties/1-3547558.jpg,,,2026-09-27,2026-09-27T12:58:00Z
gmakproperties.gr,G Mak properties,https://www.gmakproperties.gr/property/478,Γκαρσονιέρα ημιορόφου  40 τ.μ. στην Ανάληψη. - GMak Properties,,studio,,40.0,,,,1969,thessaloniki,Θεσσαλονίκη-Ανατολικά,Θεσσαλονίκης,,,https://www.gmakproperties.gr/images/properties/1-4781297.jpg,,,2026-09-27,2026-09-27T12:58:03Z
gmakproperties.gr,G Mak properties,https://www.gmakproperties.gr/property/402,Φωτεινό studio ημιωρόφου  28 τ.μ. στην περιοχή Μπότσαρη. - GMak Properties,,studio,,28.0,,,,1977,thessaloniki,Θεσσαλονίκη-Ανατολικά,Θεσσαλονίκης,,,https://www.gmakproperties.gr/images/properties/1-4028307.jpg,,,2026-09-27,2026-09-27T12:58:18Z
gmakproperties.gr,G Mak properties,https://www.gmakproperties.gr/property/475,Ισόγειο φωτεινό κατάστημα 25 τ.μ. στην περιοχή Ανάληψη. - GMak Properties,,store,,25.0,,,ισόγειο,1974,thessaloniki,Θεσσαλονίκη-Ανατολικά,Θεσσαλονίκης,,,https://www.gmakproperties.gr/images/properties/2-4755087.jpg,,,2026-09-27,2026-09-27T12:58:21Z
gmakproperties.gr,G Mak properties,https://www.gmakproperties.gr/property/471,Υπόγειες αποθήκες στην περιοχή της Ανάληψης - GMak Properties,,warehouse,,8.5,,,υπόγειο,1974,thessaloniki,Θεσσαλονίκη-Ανατολικά,Θεσσαλονίκης,,,https://www.gmakproperties.gr/images/properties/1-4716906.jpg,,,2026-09-27,2026-09-27T12:58:24Z
istosproperties.com,Istos Properties- Istos ακίνητα,https://www.istosproperties.com/el/properties/2569278,"Istos Properties - Κωδικός: 2569278 - Διαμέρισμα Προς Ενοικίαση, Φάληρο - Ιπποκράτειο, 45 τ.μ., €550",rent,apartment,550,45.0,12,1,6,,thessaloniki,Θεσσαλονίκη-Ανατολικά,Θεσσαλονίκη τηλέφωνο επικοινωνίας: 2310212800,,,https://ilist-cdn.e-agents.cloud/appFol/appDetails/estatePhotos/fol2569278/0b21ca3086b34a499e004edd6078b642.jpg,,,2026-09-27,2026-09-27T12:57:51Z
istosproperties.com,Istos Properties- Istos ακίνητα,https://www.istosproperties.com/el/properties/2593514,Istos Properties - Κωδικός: 2593514 - Επενδυτικό – Αγροτεμάχιο - Επαγγελματικό / Βιοτεχνικό Ακίνητο 12.000 τ.μ. | Νέα Μαγνησία Θεσσαλονίκης,sale,land,500000,,,,,,thessaloniki,Θεσσαλονίκη,Θεσσαλονίκης  Istos Properties - Κωδικός: 2593514 -,,,https://ilist-cdn.e-agents.cloud/appFol/appDetails/estatePhotos/fol2593514/e2157f7f0b4943919b9295f15ab9d92f.png,,,2026-09-27,2026-09-27T12:57:54Z
istosproperties.com,Istos Properties- Istos ακίνητα,https://www.istosproperties.com/el/properties/2592465,"Istos Properties - Κωδικός: 2592465 - Διαμέρισμα Προς Ενοικίαση, Φάληρο - Ιπποκράτειο, 80 τ.μ., €1.350",rent,apartment,1350,80.0,17,3,2,,thessaloniki,Θεσσαλονίκη-Ανατολικά,Θεσσαλονίκη Ακολουθείστε μας Όροι Χρήσης,,,https://ilist-cdn.e-agents.cloud/appFol/appDetails/estatePhotos/fol2592465/e6010f4143b748bca2b923bf83833c1b.jpg,,,2026-09-27,2026-09-27T12:57:57Z
istosproperties.com,Istos Properties- Istos ακίνητα,https://www.istosproperties.com/el/properties/2586232,"Istos Properties - Κωδικός: 2586232 - Διαμέρισμα Προς Ενοικίαση, Άνω Πόλη, 85 τ.μ., €570",rent,apartment,570,85.0,7,3,3,,thessaloniki,Θεσσαλονίκη-Κέντρο,Θεσσαλονίκη Ακολουθείστε μας Όροι Χρήσης & Πολιτική,,,https://ilist-cdn.e-agents.cloud/appFol/appDetails/estatePhotos/fol2586232/cc94a4c6963e4449ac7df8823421c73f.jpg,,,2026-09-27,2026-09-27T12:58:00Z
istosproperties.com,Istos Properties- Istos ακίνητα,https://www.istosproperties.com/el/properties/2537736,"Istos Properties - Κωδικός: 2537736 - Διαμέρισμα Προς Πώληση, Άνω Πόλη, 45 τ.μ., €70.000",sale,apartment,70000,45.0,1556,1,ημιυπόγειο,,thessaloniki,Θεσσαλονίκη-Κέντρο,Θεσσαλονίκη τηλέφωνο επικοινωνίας: 2310212800,,,https://ilist-cdn.e-agents.cloud/appFol/appDetails/estatePhotos/fol2537736/61fa62b7e5a2458fa729238c15858320.jpg,,,2026-09-27,2026-09-27T12:58:03Z
istosproperties.com,Istos Properties- Istos ακίνητα,https://www.istosproperties.com/el/properties/2363489,"Istos Properties - Κωδικός: 21100: Studio/Γκαρσονιέρα Προς Ενοικίαση, 40 Εκκλησιές - Ευαγγελίστρια, 35 τ.μ., €400",rent,studio,400,35.0,11,1,,,thessaloniki,Θεσσαλονίκη-Κέντρο,Θεσσαλονίκη τηλέφωνο επικοινωνίας: 2310212800,,,https://ilist-cdn.e-agents.cloud/appFol/appDetails/estatePhotos/fol2363489/6de17693e54f468bb833b82595a9ab51.jpg,,,2026-09-27,2026-09-27T12:58:06Z
istosproperties.com,Istos Properties- Istos ακίνητα,https://www.istosproperties.com/el/properties/2585476,"Istos Properties - Κωδικός: 2585476 - Διαμέρισμα Προς Ενοικίαση, Κέντρο Θεσσαλονίκης, 30 τ.μ., €590",rent,apartment,590,30.0,20,1,ισόγειο,,thessaloniki,Θεσσαλονίκη-Κέντρο,Θεσσαλονίκης,,,https://ilist-cdn.e-agents.cloud/appFol/appDetails/estatePhotos/fol2585476/94dcdfa182a3413a87552841c226d491.jpg,,,2026-09-27,2026-09-27T12:58:09Z
istosproperties.com,Istos Properties- Istos ακίνητα,https://www.istosproperties.com/el/properties/2582606,"Istos Properties - Κωδικός: 2582606 - Διαμέρισμα Προς Ενοικίαση, Κέντρο Θεσσαλονίκης, 45 τ.μ., €590",rent,apartment,590,45.0,13,1,1,,thessaloniki,Θεσσαλονίκη-Κέντρο,Θεσσαλονίκης,,,https://ilist-cdn.e-agents.cloud/appFol/appDetails/estatePhotos/fol2582606/e9565d4f957e46f1aa55f755cbb2edde.jpg,,,2026-09-27,2026-09-27T12:58:12Z
istosproperties.com,Istos Properties- Istos ακίνητα,https://www.istosproperties.com/el/properties/2581840,"Istos Properties - Κωδικός: 2581840 - Διαμέρισμα Προς Ενοικίαση, Άνω Πόλη, 70 τ.μ., €920",rent,apartment,920,70.0,13,2,1,,thessaloniki,Θεσσαλονίκη-Κέντρο,Θεσσαλονίκη Ακολουθείστε μας Όροι Χρήσης & Πολιτική,,,https://ilist-cdn.e-agents.cloud/appFol/appDetails/estatePhotos/fol2581840/15afd06a64974bdfb145f869260f7d9f.jpg,,,2026-09-27,2026-09-27T12:58:15Z
istosproperties.com,Istos Properties- Istos ακίνητα,https://www.istosproperties.com/el/properties/2571636,"Istos Properties - Κωδικός: 2571636 - Διαμέρισμα Προς Ενοικίαση, Κέντρο Θεσσαλονίκης, 120 τ.μ., €1.400",rent,apartment,1400,120.0,12,3,5,,thessaloniki,Θεσσαλονίκη-Κέντρο,Θεσσαλονίκης,,,https://ilist-cdn.e-agents.cloud/appFol/appDetails/estatePhotos/fol2571636/df42d6171b644c54837cb39fa625499d.jpg,,,2026-09-27,2026-09-27T12:58:18Z
istosproperties.com,Istos Properties- Istos ακίνητα,https://www.istosproperties.com/el/properties/2551444,"Istos Properties - Κωδικός: 2551444 - Διαμέρισμα Προς Ενοικίαση, Κέντρο Θεσσαλονίκης, 55 τ.μ., €790",rent,apartment,790,55.0,14,2,,,thessaloniki,Θεσσαλονίκη-Κέντρο,Θεσσαλονίκης,,,https://ilist-cdn.e-agents.cloud/appFol/appDetails/estatePhotos/fol2551444/fdb9e291bf864873a143abbbc92340fa.jpg,,,2026-09-27,2026-09-27T12:58:21Z
istosproperties.com,Istos Properties- Istos ακίνητα,https://www.istosproperties.com/el/properties/2378621,"Istos Properties - Κωδικός: 2378621 - Διαμέρισμα Προς Ενοικίαση, Κέντρο Θεσσαλονίκης, 50 τ.μ., €720",rent,apartment,720,50.0,14,2,5,,thessaloniki,Θεσσαλονίκη-Κέντρο,Θεσσαλονίκης,,,https://ilist-cdn.e-agents.cloud/appFol/appDetails/estatePhotos/fol2378621/963e188864d0425584245252d00827ed.jpg,,,2026-09-27,2026-09-27T12:58:24Z
istosproperties.com,Istos Properties- Istos ακίνητα,https://www.istosproperties.com/el/properties/2330469,"Istos Properties - Κωδικός: City Center- 2 bedrooms, 1 living room, 1 kitchen and the bathroom- fully furnished and equipped",,,,65.0,,2,6,,thessaloniki,Θεσσαλονίκη,Θεσσαλονίκης Print Share 900 € Κωδικός: 2330469 20,,,https://ilist-cdn.e-agents.cloud/appFol/appDetails/estatePhotos/fol2330469/c736d198de02418bb13809636c48a637.jpg,,,2026-09-27,2026-09-27T12:58:27Z
istosproperties.com,Istos Properties- Istos ακίνητα,https://www.istosproperties.com/el/properties/2531122,"Istos Properties - Κωδικός: 2531122 - Studio/Γκαρσονιέρα Προς Ενοικίαση, Κέντρο Θεσσαλονίκης, 35 τ.μ., €570",rent,studio,570,35.0,16,1,5,,thessaloniki,Θεσσαλονίκη-Κέντρο,Θεσσαλονίκης,,,https://ilist-cdn.e-agents.cloud/appFol/appDetails/estatePhotos/fol2531122/79d0eeb8abc2459fb5f9a744d08bb4b4.jpg,,,2026-09-27,2026-09-27T12:58:30Z
keramidogatosrealestate.gr,KERAMIDOGATOS REAL ESTATE,https://www.keramidogatosrealestate.gr/el/properties/2285458,"Keramidogatos Real Estate - Κωδικός: 2285458 - Αποθήκη Προς Πώληση, Φάληρο - Ιπποκράτειο, 300 τ.μ., €98.000",sale,warehouse,98000,300.0,327,,ισόγειο,1967,thessaloniki,Θεσσαλονίκη-Ανατολικά,Θεσσαλονίκη,,,https://ilist-cdn.e-agents.cloud/appFol/appDetails/estatePhotos/fol2285458/d8f9be6cdddc4c64ada20f45d1fb412a.jpg,,,2026-09-27,2026-09-27T12:58:15Z
keramidogatosrealestate.gr,KERAMIDOGATOS REAL ESTATE,https://www.keramidogatosrealestate.gr/el/properties/2282785,"Keramidogatos Real Estate - Κωδικός: 2282785 - Studio/Γκαρσονιέρα Προς Πώληση, Κέντρο Θεσσαλονίκης, 17 τ.μ., €55.000",sale,studio,55000,17.0,3235,85,4,1974,thessaloniki,Θεσσαλονίκη-Κέντρο,Θεσσαλονίκης,,,https://ilist-cdn.e-agents.cloud/appFol/appDetails/estatePhotos/fol2282785/8fde7e8928364415bed4f4dcb0662d03.jpg,,,2026-09-27,2026-09-27T12:58:19Z
keramidogatosrealestate.gr,KERAMIDOGATOS REAL ESTATE,https://www.keramidogatosrealestate.gr/el/properties/2594644,"Keramidogatos Real Estate - Κωδικός: 2594644 - Studio/Γκαρσονιέρα Προς Ενοικίαση, Κέντρο Θεσσαλονίκης, 35 τ.μ., €550",rent,studio,550,35.0,16,44,5,1965,thessaloniki,Θεσσαλονίκη-Κέντρο,Θεσσαλονίκης,,,https://ilist-cdn.e-agents.cloud/appFol/appDetails/estatePhotos/fol2594644/cd699ac033e846dfaa98d377c433b4e7.jpg,,,2026-09-27,2026-09-27T12:58:21Z
keramidogatosrealestate.gr,KERAMIDOGATOS REAL ESTATE,https://www.keramidogatosrealestate.gr/el/properties/2366444,"Keramidogatos Real Estate - Κωδικός: 2366444 - Studio/Γκαρσονιέρα Προς Πώληση, Κέντρο Θεσσαλονίκης, 40 τ.μ., €150.000",sale,studio,150000,40.0,3750,44,6,1968,thessaloniki,Θεσσαλονίκη-Κέντρο,Θεσσαλονίκης,,,https://ilist-cdn.e-agents.cloud/appFol/appDetails/estatePhotos/fol2366444/a1a34bbb25544122a0967482eab4d55c.jpg,,,2026-09-27,2026-09-27T12:58:25Z
keramidogatosrealestate.gr,KERAMIDOGATOS REAL ESTATE,https://www.keramidogatosrealestate.gr/el/properties/2321772,"Keramidogatos Real Estate - Κωδικός: 2321772 - Studio/Γκαρσονιέρα Προς Πώληση, Κέντρο Θεσσαλονίκης, 50 τ.μ., €190.000",sale,studio,190000,50.0,3800,72,7,1960,thessaloniki,Θεσσαλονίκη-Κέντρο,Θεσσαλονίκης,,,https://ilist-cdn.e-agents.cloud/appFol/appDetails/estatePhotos/fol2321772/827f5f96d65848b3b447d8366df0a3af.png,,,2026-09-27,2026-09-27T12:58:28Z
keramidogatosrealestate.gr,KERAMIDOGATOS REAL ESTATE,https://www.keramidogatosrealestate.gr/el/properties/2586739,"Keramidogatos Real Estate - Κωδικός: 2586739 - Διαμέρισμα Προς Πώληση, Πολίχνη, 90 τ.μ., €130.000",sale,apartment,130000,90.0,1444,39,2,1990,thessaloniki,Παύλος Μελάς,Πολίχνη,,,https://ilist-cdn.e-agents.cloud/appFol/appDetails/estatePhotos/fol2586739/26eabfb9ffc34721895fbf1d02f31443.jpg,,,2026-09-27,2026-09-27T12:58:31Z
gaiarealty.gr,GAIA REALTY,https://gaiarealty.gr/property/store-175m%c2%b2/,"Gaia Realty - Store, 175m²",rent,store,1800,175.0,10,,,1995,unknown,,,40.5818279,22.9532623,https://gaiarealty.gr/wp-content/uploads/2025/09/kalamaria_katastima_-GAIA_REALTY-20_result.webp,,,2026-09-27,2026-09-27T12:57:01Z
gaiarealty.gr,GAIA REALTY,https://gaiarealty.gr/property/maisonette-207m%c2%b2/,"Gaia Realty - Maisonette, 207m²",sale,maisonette,680000,207.0,3285,3.0,,,unknown,,,40.5818279,22.9532623,https://gaiarealty.gr/wp-content/uploads/2025/06/Εναλία_Αργυρουπόλεως_-GAIA_REALTY-6_result-1.webp,,,2026-09-27,2026-09-27T12:57:09Z
gaiarealty.gr,GAIA REALTY,https://gaiarealty.gr/property/apartment-118m%c2%b2/,"Gaia Realty - Apartment, 118m²",sale,apartment,300000,118.0,2542,3.0,,1982,unknown,,,40.58368129999999,22.9645749,https://gaiarealty.gr/wp-content/uploads/2025/09/καλαμαρια_-GAIA_REALTY-21_result.webp,,,2026-09-27,2026-09-27T12:57:13Z
gaiarealty.gr,GAIA REALTY,https://gaiarealty.gr/property/apartment-109m%c2%b2/,"Gaia Realty - Apartment, 109m²",sale,apartment,220000,109.0,2018,3.0,,1971,unknown,,,40.6096231,22.9645148,https://gaiarealty.gr/wp-content/uploads/2025/07/9ddd7f3b-ec59-4294-b5cd-b274fde0f1d7_result.webp,,,2026-09-27,2026-09-27T12:57:20Z
gaiarealty.gr,GAIA REALTY,https://gaiarealty.gr/property/apartment-146m%c2%b2/,"Gaia Realty - Apartment, 146m²",sale,apartment,330000,146.0,2260,3.0,,,unknown,,,,,https://gaiarealty.gr/wp-content/uploads/2025/06/ΚΑΤΟΙΚΙΑ-1_BOOKLET_-GAIA_REALTY-2_result-1024x724.webp,,,2026-09-27,2026-09-27T12:57:27Z
gaiarealty.gr,GAIA REALTY,https://gaiarealty.gr/property/maisonette-143m%c2%b2/,"Gaia Realty - Maisonette, 143m²",sale,maisonette,360000,143.0,2517,3.0,-1,,unknown,,,,,https://gaiarealty.gr/wp-content/uploads/2025/06/ΚΑΤΟΙΚΙΑ-1_BOOKLET_-GAIA_REALTY-1_result_result-1024x724.webp,,,2026-09-27,2026-09-27T12:57:31Z
gaiarealty.gr,GAIA REALTY,https://gaiarealty.gr/el/property/%ce%b4%ce%b9%ce%b1%ce%bc%ce%ad%cf%81%ce%b9%cf%83%ce%bc%ce%b1-132%cf%84-%ce%bc/,"Gaia Realty - Διαμέρισμα, 132τ.μ.",sale,apartment,330000,132.0,2500,3.0,2,2024,thessaloniki,Θέρμη,Θέρμη,,,https://gaiarealty.gr/wp-content/uploads/2025/06/ΚΑΤΟΙΚΙΑ-1_BOOKLET_-GAIA_REALTY-3_result-1024x724.webp,,,2026-09-27,2026-09-27T12:57:40Z
gaiarealty.gr,GAIA REALTY,https://gaiarealty.gr/el/property/%ce%bc%ce%b5%ce%b6%ce%bf%ce%bd%ce%ad%cf%84%ce%b1-124%cf%84-%ce%bc/,"Gaia Realty - Μεζονέτα, 124τ.μ.",sale,maisonette,360000,124.0,2903,3.0,2,,thessaloniki,Θέρμη,Θέρμη,,,https://gaiarealty.gr/wp-content/uploads/2025/06/ΚΑΤΟΙΚΙΑ-1_BOOKLET_-GAIA_REALTY-2_result-1024x724.webp,,,2026-09-27,2026-09-27T12:57:47Z
gaiarealty.gr,GAIA REALTY,https://gaiarealty.gr/property/store-158m%c2%b2/,"Gaia Realty - Store, 158m²",rent,store,1700,158.0,11,,63,,unknown,,,,,https://gaiarealty.gr/wp-content/uploads/2025/05/EΡΜΟΥ-ΚΑΤΑΣΤΗΜΑ-ΝΕW_GAIA_REALTY-1_result.webp,,,2026-09-27,2026-09-27T12:57:57Z
gaiarealty.gr,GAIA REALTY,https://gaiarealty.gr/property/office-105m%c2%b2/,"Gaia Realty - Office, 105m²",,office,,105.0,,1.0,2,1965,unknown,,,,,https://gaiarealty.gr/wp-content/uploads/2025/05/ΓΡΑΦΕΙΟ-105ΤΜ-900Ε-ΕΡΜΟΥ_GAIA-8968_result-1024x768.webp,,,2026-09-27,2026-09-27T12:58:03Z
gaiarealty.gr,GAIA REALTY,https://gaiarealty.gr/el/property/%ce%b3%cf%81%ce%b1%cf%86%ce%b5%ce%af%ce%bf-105%cf%84-%ce%bc/,"Gaia Realty - Γραφείο, 105τ.μ.",,office,,105.0,,1.0,1,1965,thessaloniki,Θεσσαλονίκη,Θεσσαλονίκης (Θεσσαλονίκη - Δήμος) Ερμού,,,https://gaiarealty.gr/wp-content/uploads/2025/05/ΓΡΑΦΕΙΟ-105ΤΜ-900Ε-ΕΡΜΟΥ_GAIA-8968_result-1024x768.webp,,,2026-09-27,2026-09-27T12:58:06Z
gaiarealty.gr,GAIA REALTY,https://gaiarealty.gr/property/apartment-145m%c2%b2/,"Gaia Realty - Apartment, 145m²",sale,apartment,226000,145.0,1559,3.0,,,unknown,,,,,https://gaiarealty.gr/wp-content/uploads/2025/05/ΜΟΥΣΩΝ-226Κ_GAIA-1_result.webp,,,2026-09-27,2026-09-27T12:58:09Z
gaiarealty.gr,GAIA REALTY,https://gaiarealty.gr/property/maisonette-129m%c2%b2/,"Gaia Realty - Maisonette, 129m²",sale,maisonette,400000,129.0,3101,3.0,,2025,unknown,,,,,https://gaiarealty.gr/wp-content/uploads/2025/05/Στιγμιότυπο-οθόνης-2025-05-08-141643_result.webp,,,2026-09-27,2026-09-27T12:58:16Z
gaiarealty.gr,GAIA REALTY,https://gaiarealty.gr/el/property/1131/,"Gaia Realty - Γκαρσονιέρα, 38 τ.μ.",sale,studio,125000,38.0,3289,1.0,2,1965,thessaloniki,Θεσσαλονίκη,Θεσσαλονίκη Γαμβέττα 50,40.6125262,22.9590388,https://gaiarealty.gr/wp-content/uploads/2025/04/11111_result.webp,,,2026-09-27,2026-09-27T12:58:23Z
gaiarealty.gr,GAIA REALTY,https://gaiarealty.gr/property/1118/,"Gaia Realty - Apartment, 38m²",sale,apartment,125000,38.0,3289,1.0,,1965,unknown,,,40.6125262,22.9590388,https://gaiarealty.gr/wp-content/uploads/2025/04/11111_result.webp,,,2026-09-27,2026-09-27T12:58:26Z
gaiarealty.gr,GAIA REALTY,https://gaiarealty.gr/property/store-200-sq-m/,"Gaia Realty - Store, 200 sq.m.",sale,store,380000,200.0,1900,,70,1980,unknown,,,40.6347817,22.9412689,https://gaiarealty.gr/wp-content/uploads/2025/04/IMG_7329.webp,,,2026-09-27,2026-09-27T12:58:29Z
gaiarealty.gr,GAIA REALTY,https://gaiarealty.gr/property/industrial-space-828-sq-m/,"Gaia Realty - Industrial Space, 828 sq.m.",rent,warehouse,1998,828.0,2,,,1970,unknown,,,40.6897403,22.9541166,,,,2026-09-27,2026-09-27T12:58:34Z
halkidikiproperties.com,HALKIDIKI PROPERTIES REAL ESTATE - Γ ΤΣΙΓΑΡΑΣ Χ ΚΥΡΛΙΔΗΣ ΟΕ,https://www.halkidikiproperties.com/en/property/535,#ID 535 Halkidiki Hotel Kassandra,sale,hotel,7500000,1240.0,6048,,,,other,,,,,https://media.onsea.gr/img/ums_535/hotel-pergola-halkidiki-2974351467_800w.jpg,,,2026-09-27,2026-09-27T12:57:12Z
halkidikiproperties.com,HALKIDIKI PROPERTIES REAL ESTATE - Γ ΤΣΙΓΑΡΑΣ Χ ΚΥΡΛΙΔΗΣ ΟΕ,https://www.halkidikiproperties.com/en/property/709,#ID 709 Halkidiki Detached house Kassandra,,house,,220.0,,,,,other,,,,,https://media.onsea.gr/img/ums_709/detached-house-garden-halkidiki-2974768122_800w.jpg,,,2026-09-27,2026-09-27T12:57:22Z
halkidikiproperties.com,HALKIDIKI PROPERTIES REAL ESTATE - Γ ΤΣΙΓΑΡΑΣ Χ ΚΥΡΛΙΔΗΣ ΟΕ,https://www.halkidikiproperties.com/en/property/1358,#ID 1358 Halkidiki Field Sithonia,,,,22000.0,,,,,other,,,,,https://media.onsea.gr/img/ums_1358/land-beach-view-halkidiki-2974835764_800w.jpg,,,2026-09-27,2026-09-27T12:58:09Z
halkidikiproperties.com,HALKIDIKI PROPERTIES REAL ESTATE - Γ ΤΣΙΓΑΡΑΣ Χ ΚΥΡΛΙΔΗΣ ΟΕ,https://www.halkidikiproperties.com/en/property/1389,#ID 1389 Halkidiki Detached house Kassandra,,house,,400.0,,,,,other,,,,,https://media.onsea.gr/img/ums_1389/detached-house-open-plan-halkidiki-kassandra-2979748523_800w.jpg,,,2026-09-27,2026-09-27T12:58:15Z
halkidikiproperties.com,HALKIDIKI PROPERTIES REAL ESTATE - Γ ΤΣΙΓΑΡΑΣ Χ ΚΥΡΛΙΔΗΣ ΟΕ,https://www.halkidikiproperties.com/en/property/1488,#ID 1488 Halkidiki Detached house Kassandra,,house,,400.0,,,,,other,,,,,https://media.onsea.gr/img/ums_1488/detached-house-beach-view-halkidiki-kassandra-2979759081_800w.jpg,,,2026-09-27,2026-09-27T12:58:27Z
greishome.com,Greis Home,https://greishome.com/property/synikismos-nomou-751-villa-480-sq-m/,Panorama – Villa 480 sq.m.,sale,house,1800000,480.0,3750,8.0,,2005,thessaloniki,Πανόραμα,"Panorama, Thessaloniki",40.574434,23.02235,https://greishome.com/wp-content/uploads/2026/05/540190_928ef0d3ae7c6f4cbee07b9dd87ae365-35-584x405.jpg,,,2026-09-27,2026-09-27T12:57:18Z
greishome.com,Greis Home,https://greishome.com/property/vaykeri-villa-130-sq-m/,Ellomenos – Villa 130 sq.m.,sale,house,1350000,130.0,10385,3.0,3,2015,unknown,,"Ellomenos, Lefkada",38.676231,20.709116,https://greishome.com/wp-content/uploads/2026/05/540205_55045ce23c2ef47ca979eba53a644770-33-584x438.jpg,,,2026-09-27,2026-09-27T12:57:24Z
greishome.com,Greis Home,https://greishome.com/property/ellomenos-villa-120-sq-m/,Ellomenos – Villa 120 sq.m.,sale,house,350000,120.0,2917,3.0,1,2009,unknown,,"Ellomenos, Lefkada",38.75289,20.717542,https://greishome.com/wp-content/uploads/2026/05/540211_a69f0b16de66c0310da36b4ef63d40dd-33-584x438.jpg,,,2026-09-27,2026-09-27T12:57:27Z
greishome.com,Greis Home,https://greishome.com/property/vaykeri-apartment-complex-670-sq-m/,Ellomenos – Apartment complex 670 sq.m.,sale,apartment,2000000,670.0,2985,22.0,,1995,unknown,,"Ellomenos, Lefkada",38.697502,20.711993,https://greishome.com/wp-content/uploads/2026/05/540213_c0d23aea84392d7464812ea151454dc2-29-584x438.jpg,,,2026-09-27,2026-09-27T12:57:30Z
greishome.com,Greis Home,https://greishome.com/property/agios-nikitas-villa-150-sq-m/,Agios Nikitas – Villa 150 sq.m.,sale,house,257000,150.0,1713,3.0,,2010,unknown,,"Agios Nikitas, Lefkada",38.769378,20.607652,https://greishome.com/wp-content/uploads/2026/05/540218_66df64e6d875da1bb86f84b19c14799c-29-584x438.jpg,,,2026-09-27,2026-09-27T12:57:36Z
greishome.com,Greis Home,https://greishome.com/property/vaykeri-hotel-170-sq-m/,Ellomenos – Hotel 170 sq.m.,sale,hotel,800000,170.0,4706,3.0,2,1995,unknown,,"Ellomenos, Lefkada",38.686981,20.712339,https://greishome.com/wp-content/uploads/2026/05/540230_3a2c217cc93c6d16dd1ba14e4302d807-29-584x438.jpg,,,2026-09-27,2026-09-27T12:57:42Z
greishome.com,Greis Home,https://greishome.com/property/kariotes-villa-210-sq-m/,Kariotes – Villa 210 sq.m.,sale,house,750000,210.0,3571,4.0,,2008,unknown,,"Kariotes, Lefkada",38.787217,20.71286,https://greishome.com/wp-content/uploads/2026/05/540241_031d517e6bfc5c4f407fde872a9aac29-19.jpeg,,,2026-09-27,2026-09-27T12:57:45Z
greishome.com,Greis Home,https://greishome.com/property/ellomenos-parcel-66000-sq-m/,Ellomenos – Parcel 66000 sq.m.,sale,,2300000,66000.0,35,0,,1901,unknown,,"Ellomenos, Lefkada",38.691725,20.715593,https://greishome.com/wp-content/uploads/2026/05/540268_0ebf01c79565a7d4e5d4cf283be626db-13-584x438.jpg,,,2026-09-27,2026-09-27T12:57:48Z
greishome.com,Greis Home,https://greishome.com/property/nea-kallikratia-plot-2000-sq-m/,Kallikratia – Plot 2000 sq.m.,sale,land,320000,2000.0,160,0,,1901,other,,"Kallikratia, Chalkidiki",40.318184,23.062329,https://greishome.com/wp-content/uploads/2026/05/540270_20b89719bdf3f4b9014cffd7e8febbaf-13-584x438.jpg,,,2026-09-27,2026-09-27T12:57:51Z
greishome.com,Greis Home,https://greishome.com/property/vlycho-hotel-300-sq-m/,Ellomenos – Hotel 300 sq.m.,sale,hotel,1000000,300.0,3333,6.0,4,2023,unknown,,"Ellomenos, Lefkada",38.674348,20.69593,https://greishome.com/wp-content/uploads/2026/05/540276_cda387a03022a06e87077b0e8e7eec69-13-584x438.jpg,,,2026-09-27,2026-09-27T12:57:54Z
greishome.com,Greis Home,https://greishome.com/property/ippokratio-apartment-110-sq-m/,Thessaloniki – Apartment 110 sq.m.,sale,apartment,325000,110.0,2955,3.0,,1964,thessaloniki,Θεσσαλονίκη,"Thessaloniki, Thessaloniki",40.612436,22.954633,https://greishome.com/wp-content/uploads/2026/05/540284_3b90c8ef42f40843a21200811ff94be0-13-584x438.jpg,,,2026-09-27,2026-09-27T12:57:57Z
greishome.com,Greis Home,https://greishome.com/property/agios-ioannis-maisonette-150-sq-m/,Kalamaria – Maisonette 150 sq.m.,sale,maisonette,540000,150.0,3600,3.0,,2025,thessaloniki,Καλαμαριά,"Kalamaria, Thessaloniki",40.572007,22.965106,https://greishome.com/wp-content/uploads/2026/05/540287_bb95a7ca2ee70dd784f70c8e0988e75c-13-584x438.jpg,,,2026-09-27,2026-09-27T12:58:00Z
greishome.com,Greis Home,https://greishome.com/property/agia-sofia-apartment-115-sq-m/,Thessaloniki – Apartment 115 sq.m.,sale,apartment,490000,115.0,4261,3.0,3,1966,thessaloniki,Θεσσαλονίκη,"Thessaloniki, Thessaloniki",40.633881,22.947321,https://greishome.com/wp-content/uploads/2026/05/540289_81940627d3506c8bf566f7ecf957a398-13-584x438.jpg,,,2026-09-27,2026-09-27T12:58:04Z
greishome.com,Greis Home,https://greishome.com/property/agios-ioannis-maisonette-145-sq-m/,Kalamaria – Maisonette 145 sq.m.,sale,maisonette,465000,145.0,3207,2.0,,2025,thessaloniki,Καλαμαριά,"Kalamaria, Thessaloniki",40.572405,22.964805,https://greishome.com/wp-content/uploads/2026/05/540291_e57156f0cc6a5614dd7616b4318d3e08-13-584x438.jpg,,,2026-09-27,2026-09-27T12:58:06Z
greishome.com,Greis Home,https://greishome.com/property/nea-kallikratia-business-building-1305-sq-m/,Kallikratia – Business building 1305 sq.m.,sale,building,1300000,1305.0,996,0,,1901,other,,"Kallikratia, Chalkidiki",40.315177,23.063436,https://greishome.com/wp-content/uploads/2026/05/540301_a49b61ce28583ee012f25514b1010f76-13-584x438.jpg,,,2026-09-27,2026-09-27T12:58:12Z
greishome.com,Greis Home,https://greishome.com/property/nea-moudania-maisonette-130-sq-m/,Moudania – Maisonette 130 sq.m.,sale,maisonette,368000,130.0,2831,2.0,,2024,other,,"Moudania, Chalkidiki",40.255379,23.2433,https://greishome.com/wp-content/uploads/2026/05/540306_d25dcf7feef35c4b3f792815cd6936c1-13-584x438.jpg,,,2026-09-27,2026-09-27T12:58:16Z
greishome.com,Greis Home,https://greishome.com/property/ellomenos-parcel-10350-sq-m/,Ellomenos – Parcel 10350 sq.m.,sale,,1200000,10350.0,116,0,,1901,unknown,,"Ellomenos, Lefkada",38.773839,20.717714,https://greishome.com/wp-content/uploads/2026/05/540310_e66a4879477611d3b0e2f10b277f4ad1-13-584x438.jpg,,,2026-09-27,2026-09-27T12:58:21Z
greishome.com,Greis Home,https://greishome.com/property/pefkochori-loft-111-sq-m/,Pallini (Chalkidiki) – Loft 111 sq.m.,sale,,320000,111.0,2883,2.0,,2024,other,,"Pallini (Chalkidiki), Chalkidiki",39.986511,23.617363,https://greishome.com/wp-content/uploads/2026/05/540329_812a6878d0dc858498b12a8e592f1bb3-13-584x438.jpg,,,2026-09-27,2026-09-27T12:58:27Z
greishome.com,Greis Home,https://greishome.com/property/pefkochori-villa-190-sq-m/,Pallini (Chalkidiki) – Villa 190 sq.m.,sale,house,1150000,190.0,6053,4.0,,2025,other,,"Pallini (Chalkidiki), Chalkidiki",39.9871,23.612926,https://greishome.com/wp-content/uploads/2026/05/540333_7780e4a8f43bf57d9cfbd798e415ca1e-10-584x438.jpg,,,2026-09-27,2026-09-27T12:58:33Z
greishome.com,Greis Home,https://greishome.com/property/thermi-apartment-115-sq-m/,Thermi – Apartment 115 sq.m.,sale,apartment,295000,115.0,2565,2.0,,2026,thessaloniki,Θέρμη,"Thermi, Thessaloniki",40.54734,23.020528,https://greishome.com/wp-content/uploads/2026/05/540340_f8b060995858d71644b7b0d15911f4e9-13-584x438.jpg,,,2026-09-27,2026-09-27T12:58:42Z
greishome.com,Greis Home,https://greishome.com/property/thermi-apartment-154-sq-m/,Thermi – Apartment 154 sq.m.,sale,apartment,385000,154.0,2500,3.0,,2026,thessaloniki,Θέρμη,"Thermi, Thessaloniki",40.547935,23.019131,https://greishome.com/wp-content/uploads/2026/05/540342_f8b060995858d71644b7b0d15911f4e9-13-584x438.jpg,,,2026-09-27,2026-09-27T12:58:45Z
hometarget.gr,HOMETARGET,https://hometarget.gr/el/property/4169,# 4169 - Πώληση Studio / Γκαρσονιέρα - 28 τ.μ. - 65.000 €,sale,studio,65000,28.0,2321,1,3,1982,thessaloniki,Θεσσαλονίκη,Θεσσαλονίκη - Κέντρο Πώληση Studio / Γκαρσονιέρα -,,,/storage/users/1/properties/photos/3861/watermark/1ea1f001011df05faec3e6921a398f29_1745487056.jpg,,,2026-09-27,2026-09-27T12:57:24Z
hometarget.gr,HOMETARGET,https://hometarget.gr/el/property/4168,# 4168 - Πώληση Κατάστημα - 31 τ.μ. - 32.000 €,sale,store,32000,31.0,1032,,ισόγειο,,thessaloniki,Θεσσαλονίκη,Θεσσαλονίκη - Κέντρο Πώληση Κατάστημα - 31 τ.μ. Κάτ,,,/storage/users/1/properties/photos/3860/watermark/2108a1f42734970170f29afe49b16c0f_1589452888.JPG,,,2026-09-27,2026-09-27T12:57:27Z
hometarget.gr,HOMETARGET,https://hometarget.gr/el/property/4167,# 4167 - Ενοικίαση Διαμέρισμα - 105 τ.μ. - 700 €,rent,apartment,700,105.0,7,3,2,1985,thessaloniki,Θεσσαλονίκη,Θεσσαλονίκη - Κέντρο Ενοικίαση Διαμέρισμα - 105 τ.μ,,,/storage/users/1/properties/photos/3859/watermark/8e7f174fde033d64824a6c080ca85b21_1789474422.jpeg,,,2026-09-27,2026-09-27T12:57:30Z
hometarget.gr,HOMETARGET,https://hometarget.gr/el/property/4166,# 4166 - Ενοικίαση Διαμέρισμα - 80 τ.μ. - 550 €,rent,apartment,550,80.0,7,2,2,,thessaloniki,Θεσσαλονίκη,Θεσσαλονίκη - Κέντρο Ενοικίαση Διαμέρισμα - 80 τ.μ.,,,/storage/users/1/properties/photos/3858/watermark/6d041d3013f34ff463a45c3263b31ecf_1789467151.jpeg,,,2026-09-27,2026-09-27T12:57:33Z
hometarget.gr,HOMETARGET,https://hometarget.gr/el/property/4165,# 4165 - Ενοικίαση Studio / Γκαρσονιέρα - 40 τ.μ. - 370 €,rent,studio,370,40.0,9,1,,1993,thessaloniki,Θεσσαλονίκη,Θεσσαλονίκη - Κέντρο Ενοικίαση Studio / Γκαρσονιέρα,,,/storage/users/1/properties/photos/3857/watermark/e7b1d980e09e2f183f6eceb6c719193e_1789379829.jpg,,,2026-09-27,2026-09-27T12:57:36Z
hometarget.gr,HOMETARGET,https://hometarget.gr/el/property/4164,# 4164 - Πώληση Διαμέρισμα - 45 τ.μ. - 150.000 €,sale,apartment,150000,45.0,3333,0,,1997,thessaloniki,Θεσσαλονίκη,Θεσσαλονίκη - Κέντρο Πώληση Διαμέρισμα - 45 τ.μ. Κά,,,/storage/users/1/properties/photos/3856/watermark/68adb6859585d8a92a619bd9a2f347c3_1788541146.jpeg,,,2026-09-27,2026-09-27T12:57:39Z
hometarget.gr,HOMETARGET,https://hometarget.gr/el/property/4159,# 4159 - Ενοικίαση Διαμέρισμα - 90 τ.μ. - 800 €,rent,apartment,800,90.0,9,2,3,,thessaloniki,Θεσσαλονίκη,Θεσσαλονίκη - Περιφ/κοί δήμοι Ενοικίαση Διαμέρισμα,,,/storage/users/1/properties/photos/3851/watermark/e3bfc96d67e048371ce695bdd7c27ce9_1785406007.jpeg,,,2026-09-27,2026-09-27T12:57:42Z
hometarget.gr,HOMETARGET,https://hometarget.gr/el/property/4158,# 4158 - Ενοικίαση Studio / Γκαρσονιέρα - 35 τ.μ. - 500 €,rent,studio,500,35.0,14,1,2,,thessaloniki,Θεσσαλονίκη,Θεσσαλονίκη - Κέντρο Ενοικίαση Studio / Γκαρσονιέρα,,,/storage/users/1/properties/photos/3850/watermark/7a774deffc5f71a6350652ce3f50e826_1790325627.jpeg,,,2026-09-27,2026-09-27T12:57:45Z
hometarget.gr,HOMETARGET,https://hometarget.gr/el/property/4157,# 4157 - Πώληση Διαμέρισμα - 80 τ.μ. - 165.000 €,sale,apartment,165000,80.0,2062,2,3,1975,thessaloniki,Θεσσαλονίκη,Θεσσαλονίκη - Κέντρο Πώληση Διαμέρισμα - 80 τ.μ. Τρ,,,/storage/users/1/properties/photos/3849/watermark/050c6ab7a07b48895dcfb15f67fb54b8_1785255428.jpeg,,,2026-09-27,2026-09-27T12:57:48Z
hometarget.gr,HOMETARGET,https://hometarget.gr/el/property/4156,# 4156 - Πώληση Studio / Γκαρσονιέρα - 33 τ.μ. - 48.000 €,sale,studio,48000,33.0,1455,0,ημιυπόγειο,1981,thessaloniki,Θεσσαλονίκη,Θεσσαλονίκη - Κέντρο Πώληση Studio / Γκαρσονιέρα -,,,/storage/users/1/properties/photos/3848/watermark/00fcc0466dad044e9a90a2e8d7fa19e5_1687446528.jpg,,,2026-09-27,2026-09-27T12:57:51Z
hometarget.gr,HOMETARGET,https://hometarget.gr/el/property/4138,# 4138 - Πώληση Μονοκατοικία - 70 τ.μ. - 200.000 €,sale,house,200000,70.0,2857,2,ισόγειο,2005,unknown,,,,,/storage/users/1/properties/photos/3830/watermark/51b9fa893ba795d27ba721f088a7a7e3_1782380938.jpg,,,2026-09-27,2026-09-27T12:57:54Z
hometarget.gr,HOMETARGET,https://hometarget.gr/el/property/4135,# 4135 - Πώληση Βίλλα - 300 τ.μ. - 1.100.000 €,sale,,1100000,300.0,3667,6,ισόγειο,2000,thessaloniki,Θεσσαλονίκη,Θεσσαλονίκη - Περιφ/κοί δήμοι Πώληση Βίλλα - 300 τ.,,,/storage/users/1/properties/photos/3827/watermark/0e96bcdc293821ca3223acdd02d771a4_1782293833.jpeg,,,2026-09-27,2026-09-27T12:57:57Z
hometarget.gr,HOMETARGET,https://hometarget.gr/el/property/4128,# 4128 - Πώληση Διαμέρισμα - 85 τ.μ. - 160.000 €,sale,apartment,160000,85.0,1882,2,3,1972,thessaloniki,Θεσσαλονίκη,Θεσσαλονίκη - Κέντρο Πώληση Διαμέρισμα - 85 τ.μ. Κά,,,/storage/users/1/properties/photos/3820/watermark/8ccf5620b0f124eb0732c27d9bec400e_1740220568.jpg,,,2026-09-27,2026-09-27T12:58:00Z
hometarget.gr,HOMETARGET,https://hometarget.gr/el/property/4126,# 4126 - Πώληση Διαμέρισμα - 91 τ.μ. - 200.000 €,sale,apartment,200000,91.0,2198,2,3,1987,thessaloniki,Θεσσαλονίκη,Θεσσαλονίκη - Κέντρο Πώληση Διαμέρισμα - 91 τ.μ. Ιπ,,,/storage/users/1/properties/photos/3818/watermark/fcd9deef8bd85099d2e9035585ff79ea_1781176824.jpg,,,2026-09-27,2026-09-27T12:58:03Z
hometarget.gr,HOMETARGET,https://hometarget.gr/el/property/4121,# 4121 - Πώληση Διαμέρισμα - 47 τ.μ. - 140.000 €,sale,apartment,140000,47.0,2979,1,1,1997,unknown,,,,,/storage/users/1/properties/photos/3813/watermark/1456556a50051c8dc6a041c21a3423a0_1780830748.jpeg,,,2026-09-27,2026-09-27T12:58:06Z
hometarget.gr,HOMETARGET,https://hometarget.gr/el/property/4119,# 4119 - Πώληση Κτίριο - 862 τ.μ. - 2.200.000 €,sale,building,2200000,862.0,2552,22,5,1991,thessaloniki,Θεσσαλονίκη,Θεσσαλονίκη - Κέντρο Πώληση Κτίριο - 862 τ.μ. Διοικ,,,/storage/users/1/properties/photos/3811/watermark/c2f4d201727a8a5cfa2cc9e5244fe02d_1780484307.jpeg,,,2026-09-27,2026-09-27T12:58:09Z
hometarget.gr,HOMETARGET,https://hometarget.gr/el/property/4118,# 4118 - Πώληση Διαμέρισμα - 70 τ.μ. - 230.000 €,sale,apartment,230000,70.0,3286,2,1,1980,unknown,,,,,/storage/users/1/properties/photos/3810/watermark/389ba1592f5516e5ec35c3c3b95d22bd_1780078345.jpeg,,,2026-09-27,2026-09-27T12:58:12Z
hometarget.gr,HOMETARGET,https://hometarget.gr/el/property/4113,# 4113 - Πώληση Studio / Γκαρσονιέρα - 40 τ.μ. - 90.000 €,sale,studio,90000,40.0,2250,0,1,1968,thessaloniki,Θεσσαλονίκη,Θεσσαλονίκη - Κέντρο Πώληση Studio / Γκαρσονιέρα -,,,/storage/users/1/properties/photos/3805/watermark/fac85b88ae6bea91abe85dc0bbb8e3e9_1779471699.jpg,,,2026-09-27,2026-09-27T12:58:15Z
hometarget.gr,HOMETARGET,https://hometarget.gr/el/property/4106,# 4106 - Πώληση Studio / Γκαρσονιέρα - 35 τ.μ. - 87.000 €,sale,studio,87000,35.0,2486,0,3,1973,thessaloniki,Θεσσαλονίκη,Θεσσαλονίκη - Κέντρο Πώληση Studio / Γκαρσονιέρα -,,,/storage/users/1/properties/photos/3796/watermark/711f414973f17fa0275c4a6de987a3db_1779104181.jpg,,,2026-09-27,2026-09-27T12:58:21Z
hometarget.gr,HOMETARGET,https://hometarget.gr/el/property/4105,# 4105 - Πώληση Studio / Γκαρσονιέρα - 35 τ.μ. - 88.000 €,sale,studio,88000,35.0,2514,0,2,1973,thessaloniki,Θεσσαλονίκη,Θεσσαλονίκη - Κέντρο Πώληση Studio / Γκαρσονιέρα -,,,/storage/users/1/properties/photos/3795/watermark/b0ece587a1576065c3ea95ddc05d0373_1779103799.jpg,,,2026-09-27,2026-09-27T12:58:24Z
hometarget.gr,HOMETARGET,https://hometarget.gr/el/property/4104,# 4104 - Πώληση Studio / Γκαρσονιέρα - 40 τ.μ. - 87.000 €,sale,studio,87000,40.0,2175,1,6,1965,thessaloniki,Θεσσαλονίκη,Θεσσαλονίκη - Κέντρο Πώληση Studio / Γκαρσονιέρα -,,,/storage/users/1/properties/photos/3794/watermark/0aad1adaaefa311d0069d6e07b4fae8d_1779103552.jpg,,,2026-09-27,2026-09-27T12:58:27Z
hometarget.gr,HOMETARGET,https://hometarget.gr/el/property/4103,# 4103 - Πώληση Studio / Γκαρσονιέρα - 32 τ.μ. - 97.000 €,sale,studio,97000,32.0,3031,0,2,1965,thessaloniki,Θεσσαλονίκη,Θεσσαλονίκη - Κέντρο Πώληση Studio / Γκαρσονιέρα -,,,/storage/users/1/properties/photos/3793/watermark/9e42e258c2170cfc808c3af805240c76_1779103365.jpg,,,2026-09-27,2026-09-27T12:58:30Z
hometarget.gr,HOMETARGET,https://hometarget.gr/el/property/4102,# 4102 - Πώληση Studio / Γκαρσονιέρα - 37 τ.μ. - 88.000 €,sale,studio,88000,37.0,2378,0,1,1969,thessaloniki,Θεσσαλονίκη,Θεσσαλονίκη - Κέντρο Πώληση Studio / Γκαρσονιέρα -,,,/storage/users/1/properties/photos/3792/watermark/e034864120b6a2028447a01a0dac1509_1779103119.jpg,,,2026-09-27,2026-09-27T12:58:33Z
hometarget.gr,HOMETARGET,https://hometarget.gr/el/property/4101,# 4101 - Πώληση Studio / Γκαρσονιέρα - 54 τ.μ. - 90.000 €,sale,studio,90000,54.0,1667,1,1,1970,thessaloniki,Θεσσαλονίκη,Θεσσαλονίκη - Κέντρο Πώληση Studio / Γκαρσονιέρα -,,,/storage/users/1/properties/photos/3791/watermark/5ebba7cd76c74e694690d1a9b1926b17_1779102828.jpg,,,2026-09-27,2026-09-27T12:58:36Z
hometarget.gr,HOMETARGET,https://hometarget.gr/el/property/4100,# 4100 - Πώληση Studio / Γκαρσονιέρα - 50 τ.μ. - 83.000 €,sale,studio,83000,50.0,1660,1,1,1970,thessaloniki,Θεσσαλονίκη,Θεσσαλονίκη - Κέντρο Πώληση Studio / Γκαρσονιέρα -,,,/storage/users/1/properties/photos/3790/watermark/57f931d7061d7c6f5d501655fc408428_1779102477.jpg,,,2026-09-27,2026-09-27T12:58:39Z
hometarget.gr,HOMETARGET,https://hometarget.gr/el/property/4099,# 4099 - Πώληση Studio / Γκαρσονιέρα - 46 τ.μ. - 92.000 €,sale,studio,92000,46.0,2000,1,1,1970,thessaloniki,Θεσσαλονίκη,Θεσσαλονίκη - Κέντρο Πώληση Studio / Γκαρσονιέρα -,,,/storage/users/1/properties/photos/3789/watermark/4b5c1f70877e0466fd3bb52395b9d5fc_1779102169.jpg,,,2026-09-27,2026-09-27T12:58:42Z
hometarget.gr,HOMETARGET,https://hometarget.gr/el/property/4098,# 4098 - Πώληση Studio / Γκαρσονιέρα - 39 τ.μ. - 97.000 €,sale,studio,97000,39.0,2487,1,3,1963,thessaloniki,Θεσσαλονίκη,Θεσσαλονίκη - Κέντρο Πώληση Studio / Γκαρσονιέρα -,,,/storage/users/1/properties/photos/3788/watermark/b71473909a61a50debb8f2522ae1ea3f_1779101581.jpg,,,2026-09-27,2026-09-27T12:58:45Z
hometarget.gr,HOMETARGET,https://hometarget.gr/el/property/4097,# 4097 - Πώληση Studio / Γκαρσονιέρα - 30 τ.μ. - 78.000 €,sale,studio,78000,30.0,2600,0,3,1963,thessaloniki,Θεσσαλονίκη,Θεσσαλονίκη - Κέντρο Πώληση Studio / Γκαρσονιέρα -,,,/storage/users/1/properties/photos/3787/watermark/395827d276e6ed05e92e0be3a2923736_1779100701.jpg,,,2026-09-27,2026-09-27T12:58:48Z
hometarget.gr,HOMETARGET,https://hometarget.gr/el/property/4096,# 4096 - Πώληση Studio / Γκαρσονιέρα - 61 τ.μ. - 93.000 €,sale,studio,93000,61.0,1525,0,3,1971,thessaloniki,Θεσσαλονίκη,Θεσσαλονίκη - Κέντρο Πώληση Studio / Γκαρσονιέρα -,,,/storage/users/1/properties/photos/3786/watermark/ab15c2edaaea7ec0aa75d7f7363b3d9c_1779100021.jpg,,,2026-09-27,2026-09-27T12:58:51Z
realestate.hellaspm.gr,Hellas Property Management,https://realestate.hellaspm.gr/el/property-details/200052,"(Προς Ενοικίαση) Επαγγελματικός Χώρος Λοιπές κατηγορίες || Πυλαία / Φοινίκας - 300τ.μ, 3000&euro; - 3,000€",rent,store,3000,300.0,10,,1,2012,thessaloniki,Πυλαία,Πυλαία,,,https://hellaspm.ihomecrm.gr/storage/properties/769/2022_04281243_862307071686.JPG,,,2026-09-27,2026-09-27T12:57:32Z
realestate.hellaspm.gr,Hellas Property Management,https://realestate.hellaspm.gr/el/property-details/200059,"(Προς Πώληση) Επαγγελματικός Χώρος Βιομηχανικός Χώρος || Μίκρα / Κάτω Σχολάρι - 1035τ.μ, 360000€ - 360,000€",sale,store,360000,1035.0,348,,,1984,thessaloniki,Θεσσαλονίκη,Θεσσαλονίκη - Περιφ/κοί δήμοι - Μίκρα - Κάτω Σχολάρ,,,https://hellaspm.ihomecrm.gr/storage/properties/902/902__realestate_1.jpg,,,2026-09-27,2026-09-27T12:57:35Z
realestate.hellaspm.gr,Hellas Property Management,https://realestate.hellaspm.gr/el/property-details/200063,"(Προς Ενοικίαση) Επαγγελματικός Χώρος Κτίριο Parkings || Καλαμαριά / Κηφισιά - 255τ.μ, 2000&euro; - 2,000€",rent,store,2000,255.0,8,,,1992,thessaloniki,Καλαμαριά,Καλαμαριά,,,https://hellaspm.ihomecrm.gr/storage/properties/1005/2022_06092050_269078016281.jpg,,,2026-09-27,2026-09-27T12:57:38Z
realestate.hellaspm.gr,Hellas Property Management,https://realestate.hellaspm.gr/el/property-details/200075,"(προς πώληση) Αξιοποιήσιμη Γη Αγροτεμάχιο || Ν. Χαλκιδικής / Μουδανιά - 3001.0τ.μ., 90.000€ - 90,000€",sale,land,90000,3001.0,30,,,,other,,Θεσσαλονίκη,,,https://hellaspm.ihomecrm.gr/storage/properties/1143/1159__realestate_1.jpg,,,2026-09-27,2026-09-27T12:57:41Z
realestate.hellaspm.gr,Hellas Property Management,https://realestate.hellaspm.gr/el/property-details/200103,"(Προς Πώληση) Αξιοποιήσιμη Γη Οικόπεδο || Πανόραμα / Συνοικισμός Νόμου 751 - 758τ.μ, 380000&euro; - 380,000€",sale,land,380000,758.0,501,,,,thessaloniki,Πανόραμα,Πανόραμα,,,https://hellaspm.ihomecrm.gr/storage/properties/1731/1759__realestate_1.jpg,,,2026-09-27,2026-09-27T12:57:44Z
realestate.hellaspm.gr,Hellas Property Management,https://realestate.hellaspm.gr/el/property-details/200139,"(Προς Πώληση) Αξιοποιήσιμη Γη Οικόπεδο || Θέρμη /  - 1068τ.μ, 300000€ - 300,000€",sale,land,300000,1068.0,281,,,,thessaloniki,Θέρμη,Θέρμη,,,https://hellaspm.ihomecrm.gr/storage/properties/2509/2518__realestate_1.jpg,,,2026-09-27,2026-09-27T12:57:47Z
realestate.hellaspm.gr,Hellas Property Management,https://realestate.hellaspm.gr/el/property-details/200146,"(Προς Πώληση) Αξιοποιήσιμη Γη Οικόπεδο || Καλαμαριά / Άγιος Ιωάνης - 240τ.μ, 185000€ - 185,000€",sale,land,185000,240.0,771,,,,thessaloniki,Καλαμαριά,Καλαμαριά,,,https://hellaspm.ihomecrm.gr/storage/properties/2631/2644__realestate_1.jpg,,,2026-09-27,2026-09-27T12:57:50Z
realestate.hellaspm.gr,Hellas Property Management,https://realestate.hellaspm.gr/el/property-details/200152,"(Προς Πώληση) Κατοικία Διαμέρισμα || Καλαμαριά / Κέντρο - 112τ.μ, 3Υ/Δ, 310000€ - 310,000€",sale,apartment,310000,112.0,2768,3,,2019,thessaloniki,Καλαμαριά,Καλαμαριά,,,https://hellaspm.ihomecrm.gr/storage/properties/2694/2707__realestate_1.jpg,,,2026-09-27,2026-09-27T12:57:53Z
realestate.hellaspm.gr,Hellas Property Management,https://realestate.hellaspm.gr/el/property-details/200165,"(Προς Ενοικίαση) Επαγγελματικός Χώρος Κατάστημα || Καλαμαριά / Αρετσού - 45τ.μ, 400€ - 400€",rent,store,400,45.0,9,,,1980,thessaloniki,Καλαμαριά,Καλαμαριά,,,https://hellaspm.ihomecrm.gr/storage/properties/2806/2821__realestate_12.jpg,,,2026-09-27,2026-09-27T12:57:56Z
realestate.hellaspm.gr,Hellas Property Management,https://realestate.hellaspm.gr/el/property-details/200189,"(Προς Πώληση) Κατοικία Διαμέρισμα || Καλαμαριά / Κέντρο - 112τ.μ, 3Υ/Δ, 235000&euro; - 235,000€",sale,apartment,235000,112.0,2098,3,5,2021,thessaloniki,Καλαμαριά,Καλαμαριά,,,https://hellaspm.ihomecrm.gr/storage/properties/3199/3218__realestate_1.jpg,,,2026-09-27,2026-09-27T12:58:00Z
realestate.hellaspm.gr,Hellas Property Management,https://realestate.hellaspm.gr/el/property-details/208930,"Ε€ΤΟΙΜΟΠΑΡΑΔΟΤΗ μεζονέτα! Πυλαία-Κωνσταντινοπολίτικα 3ΥΔ, ΣΚ, λουτρό, wc, αποθήκη, πάρκινγκ. Τιμή 525.000 - 525,000€",sale,maisonette,525000,156.7,3350,,,2025,thessaloniki,Πυλαία,Πυλαία,,,https://hellaspm.ihomecrm.gr/storage/properties/145217/kyojug-3o3cpv.jpg,,,2026-09-27,2026-09-27T12:58:03Z
realestate.hellaspm.gr,Hellas Property Management,https://realestate.hellaspm.gr/el/property-details/208928,"(προς πώληση) Κατοικία Διαμέρισμα || Θεσσαλονίκη - Περιφ/κοί δήμοι / Καλαμαριά - 117.0τ.μ., 3 Δ/Υ,465.000€ - 465,000€",sale,apartment,,117.0,,3,3,2026,thessaloniki,Καλαμαριά,Θεσσαλονίκη - Περιφ/κοί δήμοι / Καλαμαριά - 117.0τ.,,,https://hellaspm.ihomecrm.gr/storage/properties/145180/g4tqb0-p9jslh.jpeg,,,2026-09-27,2026-09-27T12:58:05Z
realestate.hellaspm.gr,Hellas Property Management,https://realestate.hellaspm.gr/el/property-details/208927,"(προς πώληση) Κατοικία Διαμέρισμα || Θεσσαλονίκη - Περιφ/κοί δήμοι / Καλαμαριά - 96.0τ.μ., 2 Δ/Υ,380.000€ - 380,000€",sale,apartment,,96.0,,2,2,2026,thessaloniki,Καλαμαριά,Θεσσαλονίκη - Περιφ/κοί δήμοι / Καλαμαριά - 96.0τ.μ,,,https://hellaspm.ihomecrm.gr/storage/properties/145152/mcluf6-jenyqf.jpeg,,,2026-09-27,2026-09-27T12:58:08Z
realestate.hellaspm.gr,Hellas Property Management,https://realestate.hellaspm.gr/el/property-details/208743,"Προς πώληση Ν. Μηχανιώνα κέντρο εμπορικό ισόγειο κατάστημα νεόδμητο 45,33τμ. Τιμή 90.000€ - 90,000€",sale,store,90000,45.3,1985,,,2008,thessaloniki,Θερμαϊκός,Θεσσαλονίκη - Περιφ/κοί δήμοι - Μηχανιώνα - Νέα Μηχ,,,https://hellaspm.ihomecrm.gr/storage/properties/140742/ix2vr9-2yrvje.jpg,,,2026-09-27,2026-09-27T12:58:11Z
realestate.hellaspm.gr,Hellas Property Management,https://realestate.hellaspm.gr/el/property-details/208629,"(προς πώληση) Επαγγελματικό Γραφείο || Θεσσαλονίκη - Κέντρο / Κέντρο Θεσσαλονίκης - 81.0τ.μ., 275000 € - 250,000€",sale,office,275000,81.0,3395,,,1964,thessaloniki,Θεσσαλονίκη-Κέντρο,Θεσσαλονίκη - Κέντρο / Κέντρο Θεσσαλονίκης - 81.0τ.,,,https://hellaspm.ihomecrm.gr/storage/properties/138140/dczvv6-ok6xr1.jpg,,,2026-09-27,2026-09-27T12:58:14Z
realestate.hellaspm.gr,Hellas Property Management,https://realestate.hellaspm.gr/el/property-details/208613,"(προς πώληση) Επαγγελματικό Αποθήκη || Θεσσαλονίκη - Περιφ/κοί δήμοι / Πυλαία - 50.0τ.μ., 35.000€ - 35,000€",sale,warehouse,35000,50.0,700,,,1990,thessaloniki,Πυλαία,Θεσσαλονίκη - Περιφ/κοί δήμοι / Πυλαία - 50.0τ.μ.,,,https://hellaspm.ihomecrm.gr/storage/properties/137750/m2b1q5-3wvm7i.jpg,,,2026-09-27,2026-09-27T12:58:17Z
realestate.hellaspm.gr,Hellas Property Management,https://realestate.hellaspm.gr/el/property-details/208388,"(προς πώληση) Επαγγελματικό Λοιπές κατηγορίες || Θεσσαλονίκη - Περιφ/κοί δήμοι / Ελευθέριο-Κορδελιό - 120.0τ.μ., 39.000€ - 39,000€",sale,,39000,120.0,325,,,1985,thessaloniki,Κορδελιό-Εύοσμος,Θεσσαλονίκη - Περιφ/κοί δήμοι / Ελευθέριο-Κορδελιό,,,https://hellaspm.ihomecrm.gr/storage/properties/132461/iq1c5z-zrtdlg.jpg,,,2026-09-27,2026-09-27T12:58:20Z
realestate.hellaspm.gr,Hellas Property Management,https://realestate.hellaspm.gr/el/property-details/208308,"Κατάστημα 170 τ.μ. για πώληση - 190,000€",sale,store,190000,170.0,1118,,,2007,thessaloniki,Θεσσαλονίκη-Κέντρο,Θεσσαλονίκη - Κέντρο - Κέντρο Θεσσαλονίκης - Διοικη,,,https://hellaspm.ihomecrm.gr/storage/properties/130437/bkj2v6-gberqb.jpg,,,2026-09-27,2026-09-27T12:58:23Z
realestate.hellaspm.gr,Hellas Property Management,https://realestate.hellaspm.gr/el/property-details/208199,"Επαγγελματικός Χώρος - Κατάστημα || Τούμπα / Άνω Τούμπα  - 80τ.μ, 85.000€ - 85,000€",sale,store,85000,80.0,1062,,,1985,thessaloniki,Θεσσαλονίκη-Ανατολικά,Τούμπα,,,https://hellaspm.ihomecrm.gr/storage/properties/127626/ljpuk2-hyi02d.JPG,,,2026-09-27,2026-09-27T12:58:26Z
realestate.hellaspm.gr,Hellas Property Management,https://realestate.hellaspm.gr/el/property-details/208159,"Προς πώληση Χαριλάου ισόγειο κατάστημα 87τμ. Τιμή πώλησης: 195.000€ - 195,000€",sale,store,195000,87.0,2241,,,2025,thessaloniki,Θεσσαλονίκη-Ανατολικά,Χαριλάου,,,https://hellaspm.ihomecrm.gr/storage/properties/138051/gcpkax-euxv63.jpg,,,2026-09-27,2026-09-27T12:58:29Z
realestate.hellaspm.gr,Hellas Property Management,https://realestate.hellaspm.gr/el/property-details/207964,"Επαγγελματικός Χώρος-Γραφειακός χώρος - Κατάστημα || Θεσσαλονίκη / Ντεπώ - 143τ.μ, 175000€ - 175,000€",sale,store,175000,143.0,1224,,,1989,thessaloniki,Θεσσαλονίκη-Ανατολικά,Θεσσαλονίκη / Ντεπώ - 143τ.μ,,,https://hellaspm.ihomecrm.gr/storage/properties/123011/evs0km-5fg1bk.JPG,,,2026-09-27,2026-09-27T12:58:32Z
realestate.hellaspm.gr,Hellas Property Management,https://realestate.hellaspm.gr/el/property-details/207844,"(προς πώληση) Επαγγελματικό Αίθουσα || Θεσσαλονίκη - Κέντρο / Βούλγαρη - Ντεπώ - Μαρτίου - 540.0τ.μ., 125.000€ - 125,000€",sale,,125000,540.0,231,,,1990,thessaloniki,Θεσσαλονίκη-Ανατολικά,Θεσσαλονίκη - Κέντρο / Βούλγαρη - Ντεπώ - Μαρτίου -,,,https://hellaspm.ihomecrm.gr/storage/properties/120475/2025_1121319_000372886658.jpg,,,2026-09-27,2026-09-27T12:58:35Z
realestate.hellaspm.gr,Hellas Property Management,https://realestate.hellaspm.gr/el/property-details/207831,"(προς πώληση) Επαγγελματικό Αποθήκη || Θεσσαλονίκη - Κέντρο / Κέντρο Θεσσαλονίκης - 225.0τ.μ., 200.000€ - 200,000€",sale,warehouse,200000,225.0,889,,,1975,thessaloniki,Θεσσαλονίκη-Κέντρο,Θεσσαλονίκη - Κέντρο / Κέντρο Θεσσαλονίκης - 225.0τ,,,https://hellaspm.ihomecrm.gr/storage/properties/120205/2025_11181507_897833108902.jpg,,,2026-09-27,2026-09-27T12:58:38Z
realestate.hellaspm.gr,Hellas Property Management,https://realestate.hellaspm.gr/el/property-details/208923,"Επαγγελματικός Χώρος Γραφείο || COSMOS / 2ος - 115τ.μ, 1100€ - 1,000€",rent,store,1100,115.0,10,,2,2000,thessaloniki,Πυλαία,Θεσσαλονίκη - Περιφ/κοί δήμοι - Πυλαία - Mediterran,,,https://hellaspm.ihomecrm.gr/storage/properties/145075/bj062w-56736d.JPG,,,2026-09-27,2026-09-27T12:58:41Z
realestate.hellaspm.gr,Hellas Property Management,https://realestate.hellaspm.gr/el/property-details/208920,Κατάστημα 39 τ.μ. στο κέντρο - 350€,rent,store,350,39.0,9,,,1968,thessaloniki,Θεσσαλονίκη-Κέντρο,Θεσσαλονίκη - Κέντρο - Κέντρο Θεσσαλονίκης - Καμάρα,,,https://hellaspm.ihomecrm.gr/storage/properties/144961/dino1o-m8apd8.jpg,,,2026-09-27,2026-09-27T12:58:44Z
realestate.hellaspm.gr,Hellas Property Management,https://realestate.hellaspm.gr/el/property-details/208919,"Επαγγελματικός Χώρος- Γραφείο || Πυλαία - 100τ.μ, 1000€ - 1,000€",rent,store,1000,100.0,10,,,1990,thessaloniki,Πυλαία,Πυλαία,,,https://hellaspm.ihomecrm.gr/storage/properties/144954/wtr8tg-ok48w5.JPG,,,2026-09-27,2026-09-27T12:58:47Z
realestate.hellaspm.gr,Hellas Property Management,https://realestate.hellaspm.gr/el/property-details/208912,"(Προς Ενοικίαση) Επαγγελματικός Χώρος Κατάστημα || Ξηροκρήνη / Κεντρικός Δρόμος – 636τ.μ., 3 Επίπεδα – 2.200€ - 2,200€",rent,store,2200,636.0,3,,,1990,thessaloniki,Θεσσαλονίκη-Κέντρο,Θεσσαλονίκη - Κέντρο - Ξηροκρήνη - Παναγία Φανερωμέ,,,https://hellaspm.ihomecrm.gr/storage/properties/144864/zq2szb-0v1dgu.png,,,2026-09-27,2026-09-27T12:58:50Z
realestate.hellaspm.gr,Hellas Property Management,https://realestate.hellaspm.gr/el/property-details/208911,"Ενοικιάζεται επαγγελματικός χώρος ενός επιπέδου στον 2ο όροφο συνολικής επιφάνειας 945τμ - 3,000€",rent,store,3000,945.0,3,,2,1980,thessaloniki,Καλαμαριά,Θεσσαλονίκη - Περιφ/κοί δήμοι - Καλαμαριά - Άγιος Ι,,,https://hellaspm.ihomecrm.gr/storage/properties/144826/xkexxh-6qsp7c.JPG,,,2026-09-27,2026-09-27T12:58:53Z
realestate.hellaspm.gr,Hellas Property Management,https://realestate.hellaspm.gr/el/property-details/208910,"Αποθηκευτικός χώρος || Καλαμαριά / Νέα Κρήνη - 145τ.μ, 590€ - 590€",rent,warehouse,590,145.0,4,,,1980,thessaloniki,Καλαμαριά,Καλαμαριά,,,https://hellaspm.ihomecrm.gr/storage/properties/144773/7juzvh-8035yg.JPG,,,2026-09-27,2026-09-27T12:58:56Z
realestate.hellaspm.gr,Hellas Property Management,https://realestate.hellaspm.gr/el/property-details/208898,"ΙΣΤΟΡΙΚΟ ΚΕΝΤΡΟ
ΚΑΤΑΣΤΗΜΑ 230 τ.μ. - 2,500€",rent,store,2500,230.0,11,,,1969,thessaloniki,Θεσσαλονίκη-Κέντρο,Θεσσαλονίκη - Κέντρο - Κέντρο Θεσσαλονίκης - Ιστορι,,,https://hellaspm.ihomecrm.gr/storage/properties/144455/lvjijt-h2smcv.jpg,,,2026-09-27,2026-09-27T12:58:59Z
interakinita.gr,INTERAKINHTA GR,https://interakinita.gr/el/property/2993,"Interakinita - Κατάστημα, 34τ.μ., €60.000 - Κέντρο Θεσσαλονίκης - Άγιος Δημήτριος",sale,store,60000,34.0,1765,,ισόγειο,1939,thessaloniki,Θεσσαλονίκη-Κέντρο,Θεσσαλονίκης - Άγιος Δημήτριος  Interakinita - Κατά,,,https://abroker-app.s3.eu-central-1.amazonaws.com/21/properties/93029/watermark/2EzcB3t4nN.jpg,,,2026-09-27,2026-09-27T12:57:36Z
interakinita.gr,INTERAKINHTA GR,https://interakinita.gr/el/property/2958,"Interakinita - Οικόπεδο, 283τ.μ., €135.000 - Θεσσαλονίκη - Περιφ/κοί δήμοι - Πολίχνη",sale,land,135000,283.0,477,,,,thessaloniki,Παύλος Μελάς,Θεσσαλονίκη - Περιφ/κοί δήμοι - Πολίχνη  Interakini,,,,,,2026-09-27,2026-09-27T12:57:39Z
interakinita.gr,INTERAKINHTA GR,https://interakinita.gr/el/property/2946,"Interakinita - Οικόπεδο, 173τ.μ., €200.000 - Θεσσαλονίκη - Δήμος - Άνω Πόλη",sale,land,200000,173.0,1156,,,,thessaloniki,Θεσσαλονίκη-Κέντρο,Θεσσαλονίκη - Δήμος - Άνω Πόλη  Interakinita - Οικό,,,https://abroker-app.s3.eu-central-1.amazonaws.com/21/properties/85080/original/EPC3oZE5hE.jpg,,,2026-09-27,2026-09-27T12:57:42Z
interakinita.gr,INTERAKINHTA GR,https://interakinita.gr/el/property/2938,"Interakinita - Οικόπεδο, 64τ.μ., €75.000 - Θεσσαλονίκη - Δήμος - Άνω Πόλη",sale,land,75000,64.0,1172,,,,thessaloniki,Θεσσαλονίκη-Κέντρο,Θεσσαλονίκη - Δήμος - Άνω Πόλη  Interakinita - Οικό,,,https://abroker-app.s3.eu-central-1.amazonaws.com/21/properties/83716/original/cn1mXL6aeS.jpg,,,2026-09-27,2026-09-27T12:57:45Z
interakinita.gr,INTERAKINHTA GR,https://interakinita.gr/el/property/2933,"Interakinita - Οικόπεδο, 101τ.μ., €105.000 - Άνω Πόλη - Κάστρα",sale,land,105000,101.0,1040,,,,thessaloniki,Θεσσαλονίκη-Κέντρο,Θεσσαλονίκη 546 34,,,https://abroker-app.s3.eu-central-1.amazonaws.com/21/properties/80963/original/FexVtuG0ch.jpg,,,2026-09-27,2026-09-27T12:57:48Z
interakinita.gr,INTERAKINHTA GR,https://interakinita.gr/el/property/2931,"Interakinita - Αγροτεμάχιο, 4.560τ.μ., €350.000 - Θεσσαλονίκη - Περιφ/κοί δήμοι - Μενεμένη",sale,land,350000,560.0,625,,,,thessaloniki,Αμπελόκηποι-Μενεμένη,Θεσσαλονίκη - Περιφ/κοί δήμοι - Μενεμένη  Interakin,,,https://abroker-app.s3.eu-central-1.amazonaws.com/21/properties/80626/original/W41GDEcBy3.jpg,,,2026-09-27,2026-09-27T12:57:51Z
interakinita.gr,INTERAKINHTA GR,https://interakinita.gr/el/property/2913%CE%BB,"Interakinita - Οικόπεδο, 125τ.μ., €150.000 - Άνω Πόλη - Κάστρα",sale,land,150000,125.0,1200,,,,thessaloniki,Θεσσαλονίκη-Κέντρο,Θεσσαλονίκη 546 34,,,https://abroker-app.s3.eu-central-1.amazonaws.com/21/properties/66924/original/3TdbKnjfsR.jpg,,,2026-09-27,2026-09-27T12:57:54Z
interakinita.gr,INTERAKINHTA GR,https://interakinita.gr/el/property/02676,"Interakinita - Μονοκατοικία, 100τ.μ., €350.000 - Θεσσαλονίκη - Δήμος - Άνω Πόλη",sale,house,350000,100.0,3500,2,ισόγειο,1970,thessaloniki,Θεσσαλονίκη-Κέντρο,Θεσσαλονίκη - Δήμος - Άνω Πόλη  Interakinita - Μονο,,,https://abroker-app.s3.eu-central-1.amazonaws.com/21/properties/61981/original/fLw1BJy440.jpg,,,2026-09-27,2026-09-27T12:57:57Z
interakinita.gr,INTERAKINHTA GR,https://interakinita.gr/el/property/3038,"Interakinita - Μεζονέτα, 110τ.μ., €680 - Θεσσαλονίκη - Δήμος - Χαριλάου",rent,maisonette,680,110.0,6,2,3,1994,thessaloniki,Θεσσαλονίκη-Ανατολικά,Θεσσαλονίκη - Δήμος - Χαριλάου  Interakinita - Μεζο,,,https://abroker-app.s3.eu-central-1.amazonaws.com/21/properties/97971/watermark/NB8OHMNeAj.jpg,,,2026-09-27,2026-09-27T12:58:00Z
interakinita.gr,INTERAKINHTA GR,https://interakinita.gr/el/property/1656,"Interakinita - Διαμέρισμα, 55τ.μ., €350 - Θεσσαλονίκη - Δήμος - Άνω Πόλη",rent,apartment,350,55.0,6,1,,1995,thessaloniki,Θεσσαλονίκη-Κέντρο,Θεσσαλονίκη - Δήμος - Άνω Πόλη  Interakinita - Διαμ,,,https://abroker-app.s3.eu-central-1.amazonaws.com/21/properties/55031/watermark/odsPJk7Vqu.jpg,,,2026-09-27,2026-09-27T12:58:03Z
interakinita.gr,INTERAKINHTA GR,https://interakinita.gr/el/property/3013,"Interakinita - Διαμέρισμα, 50τ.μ., €110.000 - Κέντρο Θεσσαλονίκης - Διοικητήριο",sale,apartment,110000,50.0,2200,2,1,1969,thessaloniki,Θεσσαλονίκη-Κέντρο,Θεσσαλονίκης - Διοικητήριο  Interakinita - Διαμέρισ,,,https://abroker-app.s3.eu-central-1.amazonaws.com/21/properties/96014/watermark/tDSpRsRvG0.jpg,,,2026-09-27,2026-09-27T12:58:06Z
interakinita.gr,INTERAKINHTA GR,https://interakinita.gr/el/property/3042,"Interakinita - Διαμέρισμα, 80τ.μ., €700 - Θεσσαλονίκη - Δήμος - Κέντρο Θεσσαλονίκης",rent,apartment,700,80.0,9,1,6,1970,thessaloniki,Θεσσαλονίκη-Κέντρο,Θεσσαλονίκη - Δήμος - Κέντρο Θεσσαλονίκης  Interaki,,,https://abroker-app.s3.eu-central-1.amazonaws.com/21/properties/98301/watermark/lc5NVvFGPM.jpg,,,2026-09-27,2026-09-27T12:58:09Z
interakinita.gr,INTERAKINHTA GR,https://interakinita.gr/el/property/2934,"Interakinita - Κτίριο, 260τ.μ., €170.000 - Εύοσμο",sale,building,170000,260.0,654,6,1,1975,thessaloniki,Κορδελιό-Εύοσμος,Εύοσμος,,,https://abroker-app.s3.eu-central-1.amazonaws.com/21/properties/81944/original/xomyLq2RPA.jpg,,,2026-09-27,2026-09-27T12:58:12Z
interakinita.gr,INTERAKINHTA GR,https://interakinita.gr/el/property/2533,"Interakinita - Μεζονέτα, 50τ.μ., €120.000 - Άνω Πόλη - Τσινάρι",sale,maisonette,120000,50.0,2400,1,1,2010,thessaloniki,Θεσσαλονίκη-Κέντρο,Θεσσαλονίκη Τοποθεσία Τοποθεσία: Άνω Πόλη - Τσινάρι,,,https://abroker-app.s3.eu-central-1.amazonaws.com/21/properties/92144/original/Y1MGDZmWAO.jpg,,,2026-09-27,2026-09-27T12:58:15Z
interakinita.gr,INTERAKINHTA GR,https://interakinita.gr/el/property/3031,"Interakinita - Διαμέρισμα, 80τ.μ., €600 - Κέντρο Θεσσαλονίκης - Ροτόντα",rent,apartment,600,80.0,8,2,3,1972,thessaloniki,Θεσσαλονίκη-Κέντρο,Θεσσαλονίκης - Ροτόντα  Interakinita - Διαμέρισμα,,,https://abroker-app.s3.eu-central-1.amazonaws.com/21/properties/97135/watermark/dcgHauAPKy.jpg,,,2026-09-27,2026-09-27T12:58:18Z
interakinita.gr,INTERAKINHTA GR,https://interakinita.gr/el/property/3010,"Interakinita - Στούντιο/Γκαρσονιέρα, 30τ.μ., €380 - Άνω Πόλη - Τσινάρι",rent,studio,380,30.0,13,1,1,2005,thessaloniki,Θεσσαλονίκη-Κέντρο,Θεσσαλονίκη ΛΑΜΠΡΙΝΗ ΒΑΛΕΡΗ Τοποθεσία Τοποθεσία: Άν,,,https://abroker-app.s3.eu-central-1.amazonaws.com/21/properties/95690/watermark/5QCBLvuHzd.jpg,,,2026-09-27,2026-09-27T12:58:21Z
interakinita.gr,INTERAKINHTA GR,https://interakinita.gr/el/property/3027,"Interakinita - Στούντιο/Γκαρσονιέρα, 30τ.μ., €350 - Θεσσαλονίκη - Δήμος - Άνω Πόλη",rent,studio,350,30.0,12,1,1,2008,thessaloniki,Θεσσαλονίκη-Κέντρο,Θεσσαλονίκη - Δήμος - Άνω Πόλη  Interakinita - Στού,,,https://abroker-app.s3.eu-central-1.amazonaws.com/21/properties/97070/watermark/lL7377UmVK.jpg,,,2026-09-27,2026-09-27T12:58:24Z
interakinita.gr,INTERAKINHTA GR,https://interakinita.gr/el/property/2791,"Interakinita - Διαμέρισμα, 44τ.μ., €380 - Θεσσαλονίκη - Δήμος - Άνω Πόλη",rent,apartment,380,44.0,9,1,ισόγειο,2010,thessaloniki,Θεσσαλονίκη-Κέντρο,Θεσσαλονίκη - Δήμος - Άνω Πόλη  Interakinita - Διαμ,,,https://abroker-app.s3.eu-central-1.amazonaws.com/21/properties/55159/watermark/y8PXDEKkB4.jpg,,,2026-09-27,2026-09-27T12:58:27Z
interakinita.gr,INTERAKINHTA GR,https://interakinita.gr/el/property/3032,"Interakinita - Διαμέρισμα, 45τ.μ., €400 - Θεσσαλονίκη - Δήμος - Άνω Πόλη",rent,apartment,400,45.0,9,1,ισόγειο,1992,thessaloniki,Θεσσαλονίκη-Κέντρο,Θεσσαλονίκη - Δήμος - Άνω Πόλη  Interakinita - Διαμ,,,https://abroker-app.s3.eu-central-1.amazonaws.com/21/properties/97170/watermark/lzT5bQKXR4.jpg,,,2026-09-27,2026-09-27T12:58:30Z
interakinita.gr,INTERAKINHTA GR,https://interakinita.gr/el/property/3035,"Interakinita - Στούντιο/Γκαρσονιέρα, 35τ.μ., €380 - Κέντρο Θεσσαλονίκης - Καμάρα",rent,studio,380,35.0,11,1,1,1979,thessaloniki,Θεσσαλονίκη-Κέντρο,Θεσσαλονίκης - Καμάρα  Interakinita - Στούντιο/Γκαρ,,,https://abroker-app.s3.eu-central-1.amazonaws.com/21/properties/97924/watermark/oJ8RJv285z.jpg,,,2026-09-27,2026-09-27T12:58:33Z
interakinita.gr,INTERAKINHTA GR,https://interakinita.gr/el/property/3025,"Interakinita - Διαμέρισμα, 55τ.μ., €500 - Κέντρο Θεσσαλονίκης - Ροτόντα",rent,apartment,500,55.0,9,1,2,1971,thessaloniki,Θεσσαλονίκη-Κέντρο,Θεσσαλονίκης - Ροτόντα  Interakinita - Διαμέρισμα,,,https://abroker-app.s3.eu-central-1.amazonaws.com/21/properties/97066/watermark/4EVO9D5ada.jpg,,,2026-09-27,2026-09-27T12:58:36Z
interakinita.gr,INTERAKINHTA GR,https://interakinita.gr/el/property/1534,"Interakinita - Διαμέρισμα, 40τ.μ., €250 - Συκιές - Καλλιθέα",rent,apartment,250,40.0,6,1,,1978,thessaloniki,Νεάπολη-Συκιές,Συκιές,,,https://abroker-app.s3.eu-central-1.amazonaws.com/21/properties/53661/watermark/ERYutQcYvH.jpg,,,2026-09-27,2026-09-27T12:58:39Z
interakinita.gr,INTERAKINHTA GR,https://interakinita.gr/el/property/2876,"Interakinita - Διαμέρισμα, 67τ.μ., €550 - Θεσσαλονίκη - Δήμος - Άνω Πόλη",rent,apartment,550,67.0,8,2,1,2009,thessaloniki,Θεσσαλονίκη-Κέντρο,Θεσσαλονίκη - Δήμος - Άνω Πόλη  Interakinita - Διαμ,,,https://abroker-app.s3.eu-central-1.amazonaws.com/21/properties/55274/watermark/KXRyJQNvqj.jpg,,,2026-09-27,2026-09-27T12:58:42Z
interakinita.gr,INTERAKINHTA GR,https://interakinita.gr/el/property/2989,"Interakinita - Μεζονέτα, 74τ.μ., €148.000 - Κέντρο Θεσσαλονίκης - Διοικητήριο",sale,maisonette,148000,74.0,2000,1,1,1975,thessaloniki,Θεσσαλονίκη-Κέντρο,Θεσσαλονίκης - Διοικητήριο  Interakinita - Μεζονέτα,,,https://abroker-app.s3.eu-central-1.amazonaws.com/21/properties/92710/original/uxto9tPzob.jpg,,,2026-09-27,2026-09-27T12:58:45Z
interakinita.gr,INTERAKINHTA GR,https://interakinita.gr/el/property/2893,"Interakinita - Αποθήκη, 274τ.μ., €200.000 - Ευκαρπία - Κέντρο",sale,warehouse,200000,274.0,730,,ισόγειο,2021,thessaloniki,Παύλος Μελάς,,,,https://abroker-app.s3.eu-central-1.amazonaws.com/21/properties/55296/watermark/cJp3Lf4cA0.jpg,,,2026-09-27,2026-09-27T12:58:48Z
interakinita.gr,INTERAKINHTA GR,https://interakinita.gr/el/property/2999,"Interakinita - Διαμέρισμα, 73τ.μ., €155.000 - Θεσσαλονίκη - Περιφ/κοί δήμοι - Νεάπολη",sale,apartment,155000,73.0,2123,2,3,2008,thessaloniki,Νεάπολη-Συκιές,Θεσσαλονίκη - Περιφ/κοί δήμοι - Νεάπολη  Interakini,,,https://abroker-app.s3.eu-central-1.amazonaws.com/21/properties/93664/watermark/iOTpfliHLL.jpg,,,2026-09-27,2026-09-27T12:58:51Z
interakinita.gr,INTERAKINHTA GR,https://interakinita.gr/el/property/3041,"Interakinita - Διαμέρισμα, 40τ.μ., €74.000 - 40 Εκκλησιές",sale,apartment,74000,40.0,1850,1,ισόγειο,1965,thessaloniki,Θεσσαλονίκη,Θεσσαλονίκη ΛΑΜΠΡΙΝΗ ΒΑΛΕΡΗ Τοποθεσία Τοποθεσία: 40,,,https://abroker-app.s3.eu-central-1.amazonaws.com/21/properties/98289/watermark/BvKqBdfSSt.jpg,,,2026-09-27,2026-09-27T12:58:54Z
interakinita.gr,INTERAKINHTA GR,https://interakinita.gr/el/property/3040,"Interakinita - Διαμέρισμα, 75τ.μ., €600 - Κέντρο Θεσσαλονίκης - Ιστορικό Κέντρο",rent,apartment,600,75.0,8,2,1,1975,thessaloniki,Θεσσαλονίκη-Κέντρο,Θεσσαλονίκης - Ιστορικό Κέντρο  Interakinita - Διαμ,,,https://abroker-app.s3.eu-central-1.amazonaws.com/21/properties/98248/watermark/neLczbQuMJ.jpg,,,2026-09-27,2026-09-27T12:58:57Z
interakinita.gr,INTERAKINHTA GR,https://interakinita.gr/el/property/3022,"Interakinita - Στούντιο/Γκαρσονιέρα, 35τ.μ., €330 - Θεσσαλονίκη - Δήμος - Άνω Πόλη",rent,studio,330,35.0,9,1,2,1999,thessaloniki,Θεσσαλονίκη-Κέντρο,Θεσσαλονίκη - Δήμος - Άνω Πόλη  Interakinita - Στού,,,https://abroker-app.s3.eu-central-1.amazonaws.com/21/properties/97004/watermark/GsXMsTPq0V.jpg,,,2026-09-27,2026-09-27T12:59:00Z
interakinita.gr,INTERAKINHTA GR,https://interakinita.gr/el/property/2913,"Interakinita - Μονοκατοικία, 170τ.μ., €150.000 - Άνω Πόλη - Κάστρα",sale,house,150000,170.0,882,4,1,1960,thessaloniki,Θεσσαλονίκη-Κέντρο,Θεσσαλονίκη 546 34,,,https://abroker-app.s3.eu-central-1.amazonaws.com/21/properties/66918/original/b2Aod9861Z.jpg,,,2026-09-27,2026-09-27T12:59:03Z
kmpproperty.gr,KMP PROPERTY,https://kmpproperty.gr/anakainisi-katoikion-2026-epidotisi/,Ανακαίνιση κατοικιών 2026: επιδότηση 60% έως 13.500 ευρώ,,,13500,100.0,135,,,,unknown,,,,,https://kmpproperty.gr/wp-admin/admin-ajax.php?action=rank_math_overlay_thumb&id=2111&type=play&hash=6b22a8df7f819c4d952888ba15149677,,,2026-09-27,2026-09-27T12:58:33Z
kmpproperty.gr,KMP PROPERTY,https://kmpproperty.gr/anakainizo-noikiazo-mechri-13-550e-epidotisi-gia-idioktites-pou-anakainizoun-kai-ekmisthonoun-akinita/,«Ανακαινίζω - Νοικιάζω»: Μέχρι 13.550€ επιδότηση για ιδιοκτήτες που ανακαινίζουν και εκμισθώνουν ακίνητα - KMP Property,,,13550,100.0,136,,,,unknown,,,,,https://kmpproperty.gr/wp-content/uploads/2025/03/property-3_2.jpeg,,,2026-09-27,2026-09-27T12:58:36Z
kmpproperty.gr,KMP PROPERTY,https://kmpproperty.gr/pd-oikismoi-kato-ton-2000-xiliadon-katoikon/,Στασινός (ΤΕΕ): Δεν αλλάζει το καθεστώς δόμησης στους μικρούς οικισμούς – Αναγκαία μια ενδιάμεση λύση για τις Ζώνες Γ - KMP Property,,,13550,,,,,,unknown,,,,,https://kmpproperty.gr/wp-content/uploads/2025/03/363406290.jpeg,,,2026-09-27,2026-09-27T12:58:51Z
kmpproperty.gr,KMP PROPERTY,https://kmpproperty.gr/erchetai-to-2025-o-elegchos-ton-afthaireton-kai-i-diastavrosi-ktimatologiou-kai-e9-gia-ta-akinita/,Έρχεται το 2025 ο έλεγχος των αυθαιρέτων και η διασταύρωση Κτηματολογίου και Ε9 για τα ακίνητα - KMP Property,,,13550,,,,,,unknown,,,,,https://kmpproperty.gr/wp-content/uploads/2025/03/an-architects-designed-architecture-model-with-sho-2024-12-05-12-14-15-utc1-768x512.jpg,,,2026-09-27,2026-09-27T12:58:54Z
kmpproperty.gr,KMP PROPERTY,https://kmpproperty.gr/agrotemaxio/2100/,Γαρέφι | αγροτεμάχιο - KMP Property,rent,land,1580,956.0,2,,,,unknown,,,,,https://kmpproperty.gr/wp-content/uploads/2025/07/Γαρέφι-1.png,,,2026-09-27,2026-09-27T12:59:09Z
oikies.net,OIKIES REAL ESTATE - Γ ΚΟΥΣΗΣ Φ ΠΡΟΓΙΟΠΟΥΛΟΣ ΟΕ,https://www.oikies.net/en/properties/2465844,"| Code: 2465844 - Apartment For rent, Faliro - Ippokratio, 33 sq.m., €420",rent,apartment,420,33.0,13,1,3,1982,thessaloniki,Θεσσαλονίκη-Ανατολικά,,,,https://ilist-cdn.e-agents.cloud/appFol/appDetails/estatePhotos/fol2465844/391d708b3b1d4a6caef2648551b2c2c1.jpg,,,2026-09-27,2026-09-27T12:58:57Z
oikies.net,OIKIES REAL ESTATE - Γ ΚΟΥΣΗΣ Φ ΠΡΟΓΙΟΠΟΥΛΟΣ ΟΕ,https://www.oikies.net/en/properties/695623,"| Code: 695623 - Studio For rent, Charilaou, 25 sq.m., €300",rent,studio,300,25.0,12,1,3,1975,thessaloniki,Θεσσαλονίκη-Ανατολικά,,,,https://ilist-cdn.e-agents.cloud/appFol/appDetails/estatePhotos/fol695623/img_87daad26-7268-4b09-b0eb-13bd6ba8e179.jpeg,,,2026-09-27,2026-09-27T12:59:00Z
oikies.net,OIKIES REAL ESTATE - Γ ΚΟΥΣΗΣ Φ ΠΡΟΓΙΟΠΟΥΛΟΣ ΟΕ,https://www.oikies.net/en/properties/443155,"| Code: 443155 - Studio For rent, Pylea, 40 sq.m., €400",rent,studio,400,40.0,10,1,1,2011,thessaloniki,Πυλαία,,,,https://ilist-cdn.e-agents.cloud/appFol/appDetails/estatePhotos/fol443155/img_30f8399f-3c18-4fa5-9096-a6240b260e06.jpeg,,,2026-09-27,2026-09-27T12:59:06Z
oikies.net,OIKIES REAL ESTATE - Γ ΚΟΥΣΗΣ Φ ΠΡΟΓΙΟΠΟΥΛΟΣ ΟΕ,https://www.oikies.net/en/properties/2572964,"| Code: 2572964 - Apartment For sale, Toumpa, 52 sq.m., €92.000",sale,apartment,92000,52.0,1769,1,3,1985,thessaloniki,Θεσσαλονίκη-Ανατολικά,,,,https://ilist-cdn.e-agents.cloud/appFol/appDetails/estatePhotos/fol2572964/a382957a36d1487a8b8b04a7eea31d88.jpg,,,2026-09-27,2026-09-27T12:59:12Z
oikies.net,OIKIES REAL ESTATE - Γ ΚΟΥΣΗΣ Φ ΠΡΟΓΙΟΠΟΥΛΟΣ ΟΕ,https://www.oikies.net/en/properties/2591406,"| Code: 2591406 - Shop For rent, Analipsi - Mpotsari - Nea Paralia, 123 sq.m., €580",rent,store,580,123.0,5,,ground,1977,thessaloniki,Θεσσαλονίκη-Ανατολικά,,,,https://ilist-cdn.e-agents.cloud/appFol/appDetails/estatePhotos/fol2591406/ce7fc7eb0d0940bb8a65a94b1ac6fe13.jpg,,,2026-09-27,2026-09-27T12:59:15Z
oikies.net,OIKIES REAL ESTATE - Γ ΚΟΥΣΗΣ Φ ΠΡΟΓΙΟΠΟΥΛΟΣ ΟΕ,https://www.oikies.net/en/properties/1810089,"| Code: 1810089 - Studio For sale, Center of Thessaloniki, 43,73 sq.m., €1.000",sale,studio,,43.7,,1,1,2025,thessaloniki,Θεσσαλονίκη-Κέντρο,,,,https://ilist-cdn.e-agents.cloud/appFol/appDetails/estatePhotos/fol1810089/f2d7cd6f14bb459da660ab50ab3ffb10.jpg,,,2026-09-27,2026-09-27T12:59:17Z
oikies.net,OIKIES REAL ESTATE - Γ ΚΟΥΣΗΣ Φ ΠΡΟΓΙΟΠΟΥΛΟΣ ΟΕ,https://www.oikies.net/en/properties/1226676,"| Code: 1226676 - Detached house For sale, Ampelokipoi, 300 sq.m., €400.000",sale,house,400000,300.0,1333,76,ground,1972,thessaloniki,Αμπελόκηποι-Μενεμένη,,,,https://ilist-cdn.e-agents.cloud/appFol/appDetails/estatePhotos/fol1226676/f830d958b7094b27840e9b8bce7a19f0.jpg,,,2026-09-27,2026-09-27T12:59:21Z
oikodromio.com,OIKODROMIO PROPERTIES,https://www.oikodromio.com/el/properties/2592484,"OIKODROMIO PROPERTIES - Κωδικός: 2592484 - Studio/Γκαρσονιέρα Προς Πώληση, Καλαμαριά, 42 τ.μ., €168.000",sale,studio,168000,42.0,4000,1,1,1985,thessaloniki,Καλαμαριά,Καλαμαριά,,,https://ilist-cdn.e-agents.cloud/appFol/appDetails/estatePhotos/fol2592484/5f13667e47684bf7ab9bb62bae8094c6.png,,,2026-09-27,2026-09-27T12:59:07Z
oikodromio.com,OIKODROMIO PROPERTIES,https://www.oikodromio.com/el/properties/2592439,"OIKODROMIO PROPERTIES - Κωδικός: 2592439 - Studio/Γκαρσονιέρα Προς Πώληση, Καλαμαριά, 38 τ.μ., €149.000",sale,studio,149000,38.0,3921,1,1,1985,thessaloniki,Καλαμαριά,Καλαμαριά,,,https://ilist-cdn.e-agents.cloud/appFol/appDetails/estatePhotos/fol2592439/ae6bb131b7234176b18a6fc50c227fa0.png,,,2026-09-27,2026-09-27T12:59:10Z
oikodromio.com,OIKODROMIO PROPERTIES,https://www.oikodromio.com/el/properties/2451724,"OIKODROMIO PROPERTIES - Κωδικός: 2451724 - Διαμέρισμα Προς Ενοικίαση, Κέντρο Θεσσαλονίκης, 100 τ.μ., €850",rent,apartment,850,100.0,8,24,2,,thessaloniki,Θεσσαλονίκη-Κέντρο,Θεσσαλονίκης,,,https://ilist-cdn.e-agents.cloud/appFol/appDetails/estatePhotos/fol2451724/262337318d7e47fab84825046bad3bc8.jpg,,,2026-09-27,2026-09-27T12:59:13Z
oikodromio.com,OIKODROMIO PROPERTIES,https://www.oikodromio.com/el/properties/1726897,"OIKODROMIO PROPERTIES - Κωδικός: 1726897 - Αγροτεμάχιο Προς Πώληση, Βασιλικά, 17.000 τ.μ., €350.000",sale,land,350000,,,,,,thessaloniki,Θέρμη,Θεσσαλονίκη 546 24 Όροι Χρήσης & Πολιτική Απορρήτου,,,https://ilist-cdn.e-agents.cloud/appFol/appDetails/estatePhotos/fol1726897/a139ce80ff134af7851ad958a29a378e.jpg,,,2026-09-27,2026-09-27T12:59:16Z
oikodromio.com,OIKODROMIO PROPERTIES,https://www.oikodromio.com/el/properties/1679848,"OIKODROMIO PROPERTIES - Κωδικός: 1679848 - Οικόπεδο Προς Πώληση, Καλλικράτεια, 1.950 τ.μ., €250.000",sale,land,250000,950.0,263,,,,thessaloniki,Θεσσαλονίκη,Θεσσαλονίκη 546 24 Όροι Χρήσης & Πολιτική Απορρήτου,,,https://ilist-cdn.e-agents.cloud/appFol/appDetails/estatePhotos/fol1679848/33b74de0d6164b9f8166cf911ab7ef20.jpg,,,2026-09-27,2026-09-27T12:59:19Z
oikodromio.com,OIKODROMIO PROPERTIES,https://www.oikodromio.com/el/properties/1654127,"OIKODROMIO PROPERTIES - Κωδικός: 1654127 - Αγροτεμάχιο Προς Πώληση, Παλλήνη, 15.000 τ.μ., €450.000",sale,land,450000,,,,,,thessaloniki,Θεσσαλονίκη,Θεσσαλονίκη 546 24 Όροι Χρήσης & Πολιτική Απορρήτου,,,https://ilist-cdn.e-agents.cloud/appFol/appDetails/estatePhotos/fol1654127/c652e250d07e4906819b14ce5cf5b795.jpg,,,2026-09-27,2026-09-27T12:59:22Z
pkrealtysolutions.com,PK Realty Solutions,https://www.pkrealtysolutions.com/el/properties/1512364,"PK Realty Solutions & Development | Κωδικός: 1512364 - Μονοκατοικία Προς Πώληση, Θέρμη, 185 τ.μ., €550.000",sale,house,550000,185.0,2973,5,ισόγειο,2025,thessaloniki,Θέρμη,Θέρμη,,,https://ilist-cdn.e-agents.cloud/appFol/appDetails/estatePhotos/fol1512364/443065de5de64f7eb1af4c151373919b.jpg,,,2026-09-27,2026-09-27T12:59:13Z
pkrealtysolutions.com,PK Realty Solutions,https://www.pkrealtysolutions.com/el/properties/1548676,"PK Realty Solutions & Development | Κωδικός: 1548676 - Διαμέρισμα Προς Πώληση, Θέρμη, 183 τ.μ., €450.000",sale,apartment,450000,183.0,2459,3,2,2025,thessaloniki,Θέρμη,Θέρμη,,,https://ilist-cdn.e-agents.cloud/appFol/appDetails/estatePhotos/fol1548676/1baeef5a73d94314a5962a0ac5cd098e.jpg,,,2026-09-27,2026-09-27T12:59:16Z
pkrealtysolutions.com,PK Realty Solutions,https://www.pkrealtysolutions.com/el/properties/1852185,"PK Realty Solutions & Development | Κωδικός: 1852185 - Διαμέρισμα Προς Πώληση, Πυλαία, 150 τ.μ., €450.000",sale,apartment,450000,150.0,3000,3,ισόγειο,2025,thessaloniki,Πυλαία,Πυλαία,,,https://ilist-cdn.e-agents.cloud/appFol/appDetails/estatePhotos/fol1852185/b8f405ed3fe6471fafd59f549ffb1e55.jpeg,,,2026-09-27,2026-09-27T12:59:19Z
pkrealtysolutions.com,PK Realty Solutions,https://www.pkrealtysolutions.com/el/properties/1558868,"PK Realty Solutions & Development | Κωδικός: 1558868 - Διαμέρισμα Προς Πώληση, Πυλαία, 150 τ.μ., €480.000",sale,apartment,480000,150.0,3200,3,,2025,thessaloniki,Πυλαία,Πυλαία,,,https://ilist-cdn.e-agents.cloud/appFol/appDetails/estatePhotos/fol1558868/c6f2f5666fba49f0bd8dc183a7528da7.jpg,,,2026-09-27,2026-09-27T12:59:22Z
pkrealtysolutions.com,PK Realty Solutions,https://www.pkrealtysolutions.com/el/properties/2169642,"PK Realty Solutions & Development | Κωδικός: 2169642 - Μεζονέτα Προς Πώληση, Καλαμαριά, 160 τ.μ., €475.000",sale,maisonette,475000,160.0,2969,4,2,2025,thessaloniki,Καλαμαριά,Καλαμαριά,,,https://ilist-cdn.e-agents.cloud/appFol/appDetails/estatePhotos/fol2169642/c075788f017f43c98b61dc3606cb37e1.jpg,,,2026-09-27,2026-09-27T12:59:25Z
pkrealtysolutions.com,PK Realty Solutions,https://www.pkrealtysolutions.com/el/properties/2286704,"PK Realty Solutions & Development | Κωδικός: 2286704 - Μονοκατοικία Προς Πώληση, Θέρμη, 300 τ.μ., €570.000",sale,house,570000,300.0,1900,3,υπόγειο,2026,thessaloniki,Θέρμη,Θέρμη,,,https://ilist-cdn.e-agents.cloud/appFol/appDetails/estatePhotos/fol2286704/46476a3d6f5648febcb143726fe60c08.jpg,,,2026-09-27,2026-09-27T12:59:28Z
mynext-home.gr,MYNEXTHOME REAL ESTATE IKE,https://mynext-home.gr/city/14441/,14441 – myNextHome Real Estate,sale,,90000,,,,,,thessaloniki,Αμπελόκηποι-Μενεμένη,Αμπελόκηποι,,,,,,2026-09-27,2026-09-27T12:59:09Z
mynext-home.gr,MYNEXTHOME REAL ESTATE IKE,https://mynext-home.gr/area/3160/,3160 – myNextHome Real Estate,sale,,90000,,,,,,thessaloniki,Αμπελόκηποι-Μενεμένη,Αμπελόκηποι,,,,,,2026-09-27,2026-09-27T12:59:13Z
mynext-home.gr,MYNEXTHOME REAL ESTATE IKE,https://mynext-home.gr/city/473/,473 – myNextHome Real Estate,sale,,90000,,,,,,thessaloniki,Αμπελόκηποι-Μενεμένη,Αμπελόκηποι,,,,,,2026-09-27,2026-09-27T12:59:16Z
mynext-home.gr,MYNEXTHOME REAL ESTATE IKE,https://mynext-home.gr/area/4116/,4116 – myNextHome Real Estate,sale,,90000,,,,,,thessaloniki,Αμπελόκηποι-Μενεμένη,Αμπελόκηποι,,,,,,2026-09-27,2026-09-27T12:59:20Z
mynext-home.gr,MYNEXTHOME REAL ESTATE IKE,https://mynext-home.gr/city/4116/,4116 – myNextHome Real Estate,sale,,90000,,,,,,thessaloniki,Αμπελόκηποι-Μενεμένη,Αμπελόκηποι,,,,,,2026-09-27,2026-09-27T12:59:22Z
mynext-home.gr,MYNEXTHOME REAL ESTATE IKE,https://mynext-home.gr/area/2892/,2892 – myNextHome Real Estate,sale,,90000,,,,,,thessaloniki,Αμπελόκηποι-Μενεμένη,Αμπελόκηποι,,,,,,2026-09-27,2026-09-27T12:59:25Z
mynext-home.gr,MYNEXTHOME REAL ESTATE IKE,https://mynext-home.gr/city/2892/,2892 – myNextHome Real Estate,sale,,90000,,,,,,thessaloniki,Αμπελόκηποι-Μενεμένη,Αμπελόκηποι,,,,,,2026-09-27,2026-09-27T12:59:28Z
mynext-home.gr,MYNEXTHOME REAL ESTATE IKE,https://mynext-home.gr/area/3030/,3030 – myNextHome Real Estate,sale,,90000,,,,,,thessaloniki,Αμπελόκηποι-Μενεμένη,Αμπελόκηποι,,,,,,2026-09-27,2026-09-27T12:59:31Z
mynext-home.gr,MYNEXTHOME REAL ESTATE IKE,https://mynext-home.gr/city/3030/,3030 – myNextHome Real Estate,sale,,90000,,,,,,thessaloniki,Αμπελόκηποι-Μενεμένη,Αμπελόκηποι,,,,,,2026-09-27,2026-09-27T12:59:34Z
mynext-home.gr,MYNEXTHOME REAL ESTATE IKE,https://mynext-home.gr/area/2956/,2956 – myNextHome Real Estate,sale,,90000,,,,,,thessaloniki,Αμπελόκηποι-Μενεμένη,Αμπελόκηποι,,,,,,2026-09-27,2026-09-27T12:59:37Z
mynext-home.gr,MYNEXTHOME REAL ESTATE IKE,https://mynext-home.gr/city/2956/,2956 – myNextHome Real Estate,sale,,90000,,,,,,thessaloniki,Αμπελόκηποι-Μενεμένη,Αμπελόκηποι,,,,,,2026-09-27,2026-09-27T12:59:40Z
mynext-home.gr,MYNEXTHOME REAL ESTATE IKE,https://mynext-home.gr/area/14539/,14539 – myNextHome Real Estate,sale,,90000,,,,,,thessaloniki,Αμπελόκηποι-Μενεμένη,Αμπελόκηποι,,,,,,2026-09-27,2026-09-27T12:59:42Z
mynext-home.gr,MYNEXTHOME REAL ESTATE IKE,https://mynext-home.gr/city/14539/,14539 – myNextHome Real Estate,sale,,90000,,,,,,thessaloniki,Αμπελόκηποι-Μενεμένη,Αμπελόκηποι,,,,,,2026-09-27,2026-09-27T12:59:46Z
g-mas.gr,G-MAS Real Estate,https://www.g-mas.gr/en/properties/thessaloniki-apartment-1284/,"Apartment for sale, Thermi | G-MAS Real Estate 2026",sale,apartment,210000,72.0,2917,2.0,1,,thessaloniki,Θέρμη,Liogerma,40.63622668863192,22.936287126143764,https://www.g-mas.gr/wp-content/uploads/2026/07/diamerisma-prosopsi-2-1-1024x768.jpg,,,2026-09-27,2026-09-27T12:56:53Z
g-mas.gr,G-MAS Real Estate,https://www.g-mas.gr/el/akinita/thessaloniki-diamerisma-mezoneta-943/,"Διαμέρισμα - Μεζονέτα προς πώληση, Θέρμη | G-MAS Real Estate 2026",sale,maisonette,300000,120.0,2500,2.0,3,2025,thessaloniki,Θέρμη,"Λαδάδικα, Θεσσαλονίκη",40.63622668863192,22.936287126143764,https://www.g-mas.gr/wp-content/uploads/2026/03/diamerisma-mezoneta-roof-garden-2-1.png,,,2026-09-27,2026-09-27T12:57:02Z
g-mas.gr,G-MAS Real Estate,https://www.g-mas.gr/en/properties/thessaloniki-apartment-1283/,"Apartment for sale, Thermi | G-MAS Real Estate 2026",sale,apartment,355000,127.0,2795,3.0,2,,thessaloniki,Θέρμη,Drosia,40.63622668863192,22.936287126143764,https://www.g-mas.gr/wp-content/uploads/2026/07/diamerisma-prosopsi-4.jpg,,,2026-09-27,2026-09-27T12:57:10Z
g-mas.gr,G-MAS Real Estate,https://www.g-mas.gr/en/properties/thessaloniki-apartment-1282/,"Apartment for sale, Thermi | G-MAS Real Estate 2026",sale,apartment,315000,112.0,2812,2.0,2,,thessaloniki,Θέρμη,Drosia,40.63622668863192,22.936287126143764,https://www.g-mas.gr/wp-content/uploads/2026/07/diamerisma-prosopsi-4-1.jpg,,,2026-09-27,2026-09-27T12:57:28Z
g-mas.gr,G-MAS Real Estate,https://www.g-mas.gr/en/properties/thessaloniki-apartment-1281/,"Apartment for sale, Thermi | G-MAS Real Estate 2026",sale,apartment,345000,127.0,2717,3,1,,thessaloniki,Θέρμη,,,,https://www.g-mas.gr/wp-content/uploads/2026/07/diamerisma-prosopsi-6-3.jpg,,,2026-09-27,2026-09-27T12:57:41Z
g-mas.gr,G-MAS Real Estate,https://www.g-mas.gr/en/properties/thessaloniki-apartment-1280/,"Apartment for sale, Thermi | G-MAS Real Estate 2026",sale,apartment,305000,112.0,2723,2.0,1,,thessaloniki,Θέρμη,Drosia,40.63622668863192,22.936287126143764,https://www.g-mas.gr/wp-content/uploads/2026/07/diamerisma-prosopsi-3-5.jpg,,,2026-09-27,2026-09-27T12:57:55Z
g-mas.gr,G-MAS Real Estate,https://www.g-mas.gr/en/properties/thessaloniki-maisonette-1279/,"Autonomous Maisonette for sale, Thermi | G-MAS Real Estate 2026",sale,maisonette,560000,255.0,2196,4.0,,,thessaloniki,Θέρμη,Drosia,40.63622668863192,22.936287126143764,https://www.g-mas.gr/wp-content/uploads/2026/07/aytonomh-mezoneta-pros-polisi.png,,,2026-09-27,2026-09-27T12:58:13Z
g-mas.gr,G-MAS Real Estate,https://www.g-mas.gr/en/properties/thessaloniki-apartment-maisonette-994/,"Apartment Maisonette for sale, Thermi | G-MAS Real Estate 2026",sale,maisonette,415000,159.0,2610,3.0,ground,,thessaloniki,Θέρμη,Dionusos - Agios Trifonas,40.63622668863192,22.936287126143764,https://www.g-mas.gr/wp-content/uploads/2026/06/diamerisma-mezoneta-pros-polisi-3.png,,,2026-09-27,2026-09-27T12:58:26Z
g-mas.gr,G-MAS Real Estate,https://www.g-mas.gr/en/properties/thessaloniki-apartment-maisonette-1277/,"Apartment - Maisonette for sale, Thermi | G-MAS Real Estate 2026",sale,maisonette,530000,155.0,3419,4.0,3,,thessaloniki,Θέρμη,Dionusos - Agios Trifonas,40.63622668863192,22.936287126143764,https://www.g-mas.gr/wp-content/uploads/2026/07/diamerisma-mezoneta-pros-polisi.png,,,2026-09-27,2026-09-27T12:58:45Z
g-mas.gr,G-MAS Real Estate,https://www.g-mas.gr/en/properties/thessaloniki-apartment-maisonette-1260/,"Apartment Maisonette for sale, Thermi | G-MAS Real Estate 2026",sale,maisonette,263000,101.0,2604,2.0,2,,thessaloniki,Θέρμη,Drosia,40.63622668863192,22.936287126143764,https://www.g-mas.gr/wp-content/uploads/2026/06/diamerisma-mezoneta-prosopsi-3-4.jpg,,,2026-09-27,2026-09-27T12:59:00Z
g-mas.gr,G-MAS Real Estate,https://www.g-mas.gr/en/properties/thessaloniki-apartment-maisonette-1259/,"Apartment - Maisonette for sale, Thermi | G-MAS Real Estate 2026",sale,maisonette,258000,99.0,2606,2.0,2,,thessaloniki,Θέρμη,Drosia,40.63622668863192,22.936287126143764,https://www.g-mas.gr/wp-content/uploads/2026/06/diamerisma-mezoneta-esoteriko-18.jpg,,,2026-09-27,2026-09-27T12:59:13Z
g-mas.gr,G-MAS Real Estate,https://www.g-mas.gr/en/properties/thessaloniki-apartment-maisonette-1258/,"Apartment Maisonette for sale, Thermi | G-MAS Real Estate 2026",sale,maisonette,250000,89.0,2809,2.0,2,,thessaloniki,Θέρμη,Drosia,40.63622668863192,22.936287126143764,https://www.g-mas.gr/wp-content/uploads/2026/06/diamerisma-mezoneta-esoteriko-4-3.jpg,,,2026-09-27,2026-09-27T12:59:26Z
g-mas.gr,G-MAS Real Estate,https://www.g-mas.gr/el/akinita/thessaloniki-diamerisma-mezoneta-1256/,"Διαμέρισμα Μεζονέτα προς πώληση, Θέρμη | G-MAS Real Estate 2026",sale,maisonette,295000,114.0,2588,3.0,3,,thessaloniki,Θέρμη,"Λαδάδικα, Θεσσαλονίκη",40.63622668863192,22.936287126143764,https://www.g-mas.gr/wp-content/uploads/2026/06/diamerisma-mezoneta-esoteriko-3-1.jpg,,,2026-09-27,2026-09-27T12:59:40Z
g-mas.gr,G-MAS Real Estate,https://www.g-mas.gr/en/properties/thessaloniki-apartment-maisonette-1257/,"Apartment Maisonette for sale, Thermi | G-MAS Real Estate 2026",sale,maisonette,248000,88.0,2818,2.0,2,,thessaloniki,Θέρμη,Drosia,40.63622668863192,22.936287126143764,https://www.g-mas.gr/wp-content/uploads/2026/06/diamerisma-mezoneta-esoteriko-3-2.jpg,,,2026-09-27,2026-09-27T12:59:47Z
simaestate.gr,SIMA Real Estate,https://www.simaestate.gr/el/properties/2594959,2594959 - Προς Πώληση: SMART HOME Ισόγεια Κατοικία 80 τ.μ. ιδιωτικό  Κήπο | Σταυρούπολη - Νικόπολη,sale,house,149000,80.0,1862,2,ισόγειο,,thessaloniki,Παύλος Μελάς,Σταυρούπολη,,,https://ilist-cdn.e-agents.cloud/appFol/appDetails/estatePhotos/fol2594959/00f4b24ee35b4d0c8f46b947263e2e2e.jpg,,,2026-09-27,2026-09-27T12:59:41Z
simaestate.gr,SIMA Real Estate,https://www.simaestate.gr/el/properties/2594610,2594610 - Προς Πώληση: Πολυτελής Μονοκατοικία - Μεζονέτα 170τμ.+80τμ σοφίτα σε Οικόπεδο 1.500 τ.μ. με ανεμπόδιστη θέα θάλασσα,sale,maisonette,370000,170.0,2176,1,1,2009,unknown,,,,,https://ilist-cdn.e-agents.cloud/appFol/appDetails/estatePhotos/fol2594610/7f83325ad9d44a668e1499fce093bd69.jpg,,,2026-09-27,2026-09-27T12:59:44Z
simaestate.gr,SIMA Real Estate,https://www.simaestate.gr/el/properties/2585925,2585925 -Αυτοτελές Ισόγειο Κατάστημα 90 τ.μ. σε Οικόπεδο 137 τ.μ. – Ιδανικό για Επένδυση ή Ανέγερση,sale,land,150000,90.0,1667,,ισόγειο,1981,thessaloniki,Παύλος Μελάς,Πολίχνη,,,https://ilist-cdn.e-agents.cloud/appFol/appDetails/estatePhotos/fol2585925/521a3f87dbb34f03a12389f83a4d1087.jpg,,,2026-09-27,2026-09-27T12:59:47Z
simaestate.gr,SIMA Real Estate,https://www.simaestate.gr/el/properties/2585753,2585753 -Αυτοτελές Κατάστημα 189 τ.μ. με Πατάρι & Αποθήκη — Δυνατότητα Μετατροπής σε 2 Lofts — Κέντρο Θεσσαλονίκης,sale,store,145000,189.0,767,,ισόγειο,1985,thessaloniki,Θεσσαλονίκη-Κέντρο,Θεσσαλονίκης  2585753 -Αυτοτελές Κατάστημα 189 τ.μ.,,,https://ilist-cdn.e-agents.cloud/appFol/appDetails/estatePhotos/fol2585753/c6e8c7d731344b7fa86e24ae6a0bbabe.jpg,,,2026-09-27,2026-09-27T12:59:50Z
simaestate.gr,SIMA Real Estate,https://www.simaestate.gr/el/properties/2585390,2544809 - Πλήρως Επιπλωμένο Studio 33 τ.μ. στους Αμπελοκήπους (Μεταγωγών) – Ιδανικό για Φοιτητές,,studio,,33.0,,1,1,1983,thessaloniki,Αμπελόκηποι-Μενεμένη,Αμπελόκηποι,,,https://ilist-cdn.e-agents.cloud/appFol/appDetails/estatePhotos/fol2585390/edd42e8c02424a57a9d9de3aa7803783.jpeg,,,2026-09-27,2026-09-27T12:59:53Z
simaestate.gr,SIMA Real Estate,https://www.simaestate.gr/el/properties/2584830,2584830 - Πολυτελής Γωνιακή Μεζονέτα 280 τ.μ. στην Πολίχνη – 3 Επιπέδων με Κήπο & Πάρκινγκ!,sale,maisonette,350000,280.0,1250,4,1,2004,thessaloniki,Παύλος Μελάς,Πολίχνη,,,https://ilist-cdn.e-agents.cloud/appFol/appDetails/estatePhotos/fol2584830/29e0e3345ec347eb8d545f8c40ecb419.jpg,,,2026-09-27,2026-09-27T12:59:56Z
makler.gr,MAKLER,https://makler.gr/property/diamerisma-pros-polisi-115-t-m-2/,"Διαμέρισμα, προς πώληση 115 τ.μ. - Makler - Μεσιτικό Γραφείο Θεσσαλονίκη | Χαλκιδική",sale,apartment,290000,115.0,2522,3.0,,,other,,Θεσσαλονίκη,25.68654,-80.431345,https://makler.gr/wp-content/uploads/2026/06/Παρουσίαση10-4.jpg,,,2026-09-27,2026-09-27T12:58:17Z
makler.gr,MAKLER,https://makler.gr/en/property/agrotemachio-pros-polisi-4-500-t-m/,"Αγροτεμάχιο, προς πώληση 4.500 τ.μ.  - Makler - Μεσιτικό Γραφείο Θεσσαλονίκη | Χαλκιδική",sale,land,17000,4500.0,4,,,,other,,Thessaloniki,25.68654,-80.431345,https://makler.gr/wp-content/uploads/2026/05/Παρουσίαση2-23.jpg,,,2026-09-27,2026-09-27T12:58:31Z
makler.gr,MAKLER,https://makler.gr/property/diamerisma-pros-polisi-102-t-m/,"Διαμέρισμα, προς πώληση 102 τ.μ. - Makler - Μεσιτικό Γραφείο Θεσσαλονίκη | Χαλκιδική",sale,apartment,95000,102.0,931,3.0,,,other,,Θεσσαλονίκη,25.68654,-80.431345,https://makler.gr/wp-content/uploads/2026/01/Παρουσίαση9.jpg,,,2026-09-27,2026-09-27T12:58:39Z
makler.gr,MAKLER,https://makler.gr/property/diamerisma-pros-polisi-105-t-m-5/,"Διαμέρισμα, προς πώληση 105 τ.μ.  - Makler - Μεσιτικό Γραφείο Θεσσαλονίκη | Χαλκιδική",sale,apartment,128000,105.0,1219,3.0,,,other,,Θεσσαλονίκη,25.68654,-80.431345,https://makler.gr/wp-content/uploads/2026/05/Παρουσίαση1-21.jpg,,,2026-09-27,2026-09-27T12:58:47Z
makler.gr,MAKLER,https://makler.gr/en/property/diamerisma-pros-polisi-130-t-m-3/,"Διαμέρισμα, προς πώληση 130 τ.μ.  - Makler - Μεσιτικό Γραφείο Θεσσαλονίκη | Χαλκιδική",sale,apartment,148000,130.0,1138,2.0,,,other,,Thessaloniki,25.68654,-80.431345,https://makler.gr/wp-content/uploads/2026/05/Παρουσίαση2-15.jpg,,,2026-09-27,2026-09-27T12:58:54Z
makler.gr,MAKLER,https://makler.gr/property/oikopedo-pros-polisi-350-t-m/,"Οικόπεδο, προς πώληση 350 τ.μ. - Makler - Μεσιτικό Γραφείο Θεσσαλονίκη | Χαλκιδική",sale,land,,350.0,,,,,other,,Θεσσαλονίκη,25.68654,-80.431345,https://makler.gr/wp-content/uploads/2026/05/εικόνα_Viber_2026-05-07_15-52-21-595.jpg,,,2026-09-27,2026-09-27T12:59:01Z
makler.gr,MAKLER,https://makler.gr/en/property/oikopedo-pros-polisi-350-t-m/,"Οικόπεδο, προς πώληση 350 τ.μ. - Makler - Μεσιτικό Γραφείο Θεσσαλονίκη | Χαλκιδική",sale,land,,350.0,,,,,other,,Thessaloniki,25.68654,-80.431345,https://makler.gr/wp-content/uploads/2026/05/εικόνα_Viber_2026-05-07_15-52-21-595.jpg,,,2026-09-27,2026-09-27T12:59:05Z
makler.gr,MAKLER,https://makler.gr/property/diamerisma-pros-polisi-120-t-m-2/,"Διαμέρισμα, προς πώληση 120 τ.μ. - Makler - Μεσιτικό Γραφείο Θεσσαλονίκη | Χαλκιδική",sale,apartment,139000,120.0,1158,3.0,,,other,,Θεσσαλονίκη,25.68654,-80.431345,https://makler.gr/wp-content/uploads/2026/04/Παρουσίαση1-10.jpg,,,2026-09-27,2026-09-27T12:59:09Z
makler.gr,MAKLER,https://makler.gr/en/property/monokatoikia-pros-polisi-230-t-m/,"Detached house, for sale 230 sq.m.  - Makler - Μεσιτικό Γραφείο Θεσσαλονίκη | Χαλκιδική",sale,house,350000,230.0,1522,5.0,,,other,,Thessaloniki,25.68654,-80.431345,https://makler.gr/wp-content/uploads/2025/12/εικόνα_Viber_2025-12-12_13-59-04-177.jpg,,,2026-09-27,2026-09-27T12:59:40Z
makler.gr,MAKLER,https://makler.gr/en/property/mezoneta-pros-enoikiasi-230-t-m/,"Maisonette, for rent 230 sq.m. - Makler - Μεσιτικό Γραφείο Θεσσαλονίκη | Χαλκιδική",rent,maisonette,750,230.0,3,3.0,,,other,,Thessaloniki,25.68654,-80.431345,https://makler.gr/wp-content/uploads/2026/03/Παρουσίαση20.jpg,,,2026-09-27,2026-09-27T12:59:47Z
makler.gr,MAKLER,https://makler.gr/en/property/diamerisma-pros-polisi-105t-m/,"Apartment, for sale 105 sq.m. - Makler - Μεσιτικό Γραφείο Θεσσαλονίκη | Χαλκιδική",sale,apartment,135000,105.0,1286,3.0,,,other,,Thessaloniki,25.68654,-80.431345,https://makler.gr/wp-content/uploads/2025/11/Παρουσίαση2-11.jpg,,,2026-09-27,2026-09-27T12:59:50Z
makler.gr,MAKLER,https://makler.gr/en/property/mezoneta-pros-polisi-122-t-m/,"Maisonette, for sale 122 sq.m. - Makler - Μεσιτικό Γραφείο Θεσσαλονίκη | Χαλκιδική",sale,maisonette,290000,122.0,2377,3.0,,,other,,Thessaloniki,25.68654,-80.431345,https://makler.gr/wp-content/uploads/2026/02/Παρουσίαση9-8.jpg,,,2026-09-27,2026-09-27T12:59:57Z
mkrealhome.com,MK Real Estate,https://www.mkrealhome.com/properties/2208epanomi,#2208 Επανομή,sale,,48000,910.0,53,,,,thessaloniki,Θερμαϊκός,Επανομή,,,"https://static.wixstatic.com/media/a705eb_7935e71d414e4fb6957157de077f801d~mv2.jpg/v1/fill/w_1600,h_757,al_c,q_85/1.jpg",,,2026-09-27,2026-09-27T12:58:33Z
mkrealhome.com,MK Real Estate,https://www.mkrealhome.com/properties/2204neakallikrateia,#2204 Νέα Καλλικράτεια,sale,,75000,35.0,2143,1,,2020,unknown,,,,,"https://static.wixstatic.com/media/a705eb_78a89b9085564e688bb5f6121febf219~mv2.jpg/v1/fill/w_1200,h_1600,al_c,q_85/1.jpg",,,2026-09-27,2026-09-27T12:58:37Z
mkrealhome.com,MK Real Estate,https://www.mkrealhome.com/properties/2201epanomi,#2201 Επανομή,,,24000,400.0,60,,,,thessaloniki,Θερμαϊκός,Επανομή,,,"https://static.wixstatic.com/media/a705eb_506d5d2d91284bc4913e93947f7323b0~mv2.jpg/v1/fill/w_1600,h_758,al_c,q_85/1.jpg",,,2026-09-27,2026-09-27T12:58:40Z
mkrealhome.com,MK Real Estate,https://www.mkrealhome.com/properties/2198thessaloniki,#2198 Θεσσαλονίκη,sale,,190000,75.0,2533,2,,1991,thessaloniki,Θεσσαλονίκη,Θεσσαλονίκη  --> #2198 Θεσσαλονίκη top of page Αρχι,,,"https://static.wixstatic.com/media/a705eb_927b235e85a440c2aab7ed493922fb53~mv2.jpg/v1/fill/w_1600,h_1200,al_c,q_85/1.jpg",,,2026-09-27,2026-09-27T12:58:43Z
mkrealhome.com,MK Real Estate,https://www.mkrealhome.com/properties/2197epanomi,#2197 Επανομή,sale,,85000,100.0,850,,,,thessaloniki,Θερμαϊκός,Επανομή,,,"https://static.wixstatic.com/media/a705eb_34418652724f457386aa61509cf8c6b2~mv2.jpg/v1/fill/w_1600,h_757,al_c,q_85/1.jpg",,,2026-09-27,2026-09-27T12:58:46Z
mkrealhome.com,MK Real Estate,https://www.mkrealhome.com/properties/2196peraia,#2196 Περαία,sale,,195000,55.0,3545,2,,1970,thessaloniki,Θερμαϊκός,Περαία,,,"https://static.wixstatic.com/media/a705eb_b3af290360a047878a53738ed1b94187~mv2.jpg/v1/fill/w_1600,h_1200,al_c,q_85/1.jpg",,,2026-09-27,2026-09-27T12:58:50Z
mkrealhome.com,MK Real Estate,https://www.mkrealhome.com/properties/2195epanomi,#2195 Επανομή,sale,,140000,700.0,200,,,,thessaloniki,Θερμαϊκός,Επανομή,,,"https://static.wixstatic.com/media/a705eb_a611bd93ef484753be818f79f0b985ae~mv2.jpg/v1/fill/w_1600,h_758,al_c,q_85/1.jpg",,,2026-09-27,2026-09-27T12:58:52Z
mkrealhome.com,MK Real Estate,https://www.mkrealhome.com/properties/2194epanomi,#2194 Επανομή,sale,,80000,200.0,400,,,,thessaloniki,Θερμαϊκός,Επανομή,,,"https://static.wixstatic.com/media/a705eb_8be6f4a558414f40842f142c5abd0cc3~mv2.jpg/v1/fill/w_1600,h_758,al_c,q_85/1.jpg",,,2026-09-27,2026-09-27T12:58:55Z
mkrealhome.com,MK Real Estate,https://www.mkrealhome.com/properties/2193epanomi,#2193 Επανομή,sale,,300000,370.0,811,,,2009,thessaloniki,Θερμαϊκός,Επανομή,,,"https://static.wixstatic.com/media/a705eb_147a12c055574dfda75b20cc5fab45ea~mv2.jpg/v1/fill/w_1600,h_1200,al_c,q_85/1.jpg",,,2026-09-27,2026-09-27T12:58:58Z
mkrealhome.com,MK Real Estate,https://www.mkrealhome.com/properties/2192epanomi,#2192 Επανομή,sale,,600000,480.0,1250,,,2001,thessaloniki,Θερμαϊκός,Επανομή,,,"https://static.wixstatic.com/media/a705eb_e07e17b8f868423e8a7ee4cea9c2e343~mv2.jpg/v1/fill/w_1600,h_758,al_c,q_85/1.jpg",,,2026-09-27,2026-09-27T12:59:01Z
mkrealhome.com,MK Real Estate,https://www.mkrealhome.com/properties/2191epanomi,#2191 Επανομή,sale,,120000,120.0,1000,3,1,1978,thessaloniki,Θερμαϊκός,Επανομή,,,"https://static.wixstatic.com/media/a705eb_e1bb8f1cb5fc4a1cbcfcbd34fa82bdce~mv2.jpg/v1/fill/w_1600,h_1200,al_c,q_85/1.jpg",,,2026-09-27,2026-09-27T12:59:04Z
mkrealhome.com,MK Real Estate,https://www.mkrealhome.com/properties/2190epanomi,#2190 Επανομή,sale,,100000,55.0,1818,2,,1978,thessaloniki,Θερμαϊκός,Επανομή,,,"https://static.wixstatic.com/media/a705eb_3d3a5a99b7794edc8b14b16d2981fd96~mv2.jpg/v1/fill/w_1600,h_1200,al_c,q_85/1.jpg",,,2026-09-27,2026-09-27T12:59:07Z
mkrealhome.com,MK Real Estate,https://www.mkrealhome.com/properties/2189thessaloniki,#2189 Θεσσαλονίκη,sale,,155000,65.0,2385,2,,1970,thessaloniki,Θεσσαλονίκη,Θεσσαλονίκη  --> #2189 Θεσσαλονίκη top of page Αρχι,,,"https://static.wixstatic.com/media/a705eb_510efb3d59584f8c867fe4add8c81702~mv2.jpg/v1/fill/w_1600,h_758,al_c,q_85/1.jpg",,,2026-09-27,2026-09-27T12:59:10Z
mkrealhome.com,MK Real Estate,https://www.mkrealhome.com/properties/2187neakallikrateia,#2187 Νέα Καλλικράτεια,sale,,124000,51.0,2431,1,2,1994,unknown,,,,,"https://static.wixstatic.com/media/a705eb_ef563b9a29bc4a0aae91dec739cde3e2~mv2.jpg/v1/fill/w_1024,h_1536,al_c,q_85/1.jpg",,,2026-09-27,2026-09-27T12:59:13Z
mkrealhome.com,MK Real Estate,https://www.mkrealhome.com/properties/2186neamoudania,#2186 Νέα Μουδανιά,sale,,110000,37.0,2973,1,,2001,other,,,,,"https://static.wixstatic.com/media/a705eb_bc999ab26ac34a75b7421728fb3694f9~mv2.jpg/v1/fill/w_1600,h_1200,al_c,q_85/1.jpg",,,2026-09-27,2026-09-27T12:59:16Z
mkrealhome.com,MK Real Estate,https://www.mkrealhome.com/properties/2104neakallikrateia,#2104 Νέα Καλλικράτεια,sale,,118000,40.0,2950,1,3,1977,unknown,,,,,"https://static.wixstatic.com/media/a705eb_259f03de96c14549965a7ee799eb9918~mv2.jpg/v1/fill/w_1600,h_738,al_c,q_85/1.jpg",,,2026-09-27,2026-09-27T12:59:19Z
mkrealhome.com,MK Real Estate,https://www.mkrealhome.com/properties/2184peraia,#2184 Περαία,sale,,130000,54.0,2407,3,2,1969,thessaloniki,Θερμαϊκός,Περαία,,,"https://static.wixstatic.com/media/a705eb_54b09155335442ac83fae750c5b1dabb~mv2.jpg/v1/fill/w_1600,h_1200,al_c,q_85/1.jpg",,,2026-09-27,2026-09-27T12:59:22Z
mkrealhome.com,MK Real Estate,https://www.mkrealhome.com/properties/2183epanomi,#2183 Επανομή,,,17000,300.0,57,,,,thessaloniki,Θερμαϊκός,Επανομή,,,"https://static.wixstatic.com/media/a705eb_636e75be23644230a1a965c48f4761f4~mv2.jpg/v1/fill/w_1600,h_757,al_c,q_85/1.jpg",,,2026-09-27,2026-09-27T12:59:25Z
mkrealhome.com,MK Real Estate,https://www.mkrealhome.com/properties/2182epanomi,#2182 Επανομή,sale,,95000,200.0,475,,,,thessaloniki,Θερμαϊκός,Επανομή,,,"https://static.wixstatic.com/media/a705eb_91cd4707e1b74841876d48923cd03062~mv2.jpg/v1/fill/w_1600,h_758,al_c,q_85/1.jpg",,,2026-09-27,2026-09-27T12:59:28Z
mkrealhome.com,MK Real Estate,https://www.mkrealhome.com/properties/2181epanomi,#2181 Επανομή,sale,,115000,500.0,230,,,,thessaloniki,Θερμαϊκός,Επανομή,,,"https://static.wixstatic.com/media/a705eb_7ad0f0ca3e6f425794dda89e0effb135~mv2.jpg/v1/fill/w_1600,h_757,al_c,q_85/1.jpg",,,2026-09-27,2026-09-27T12:59:32Z
mkrealhome.com,MK Real Estate,https://www.mkrealhome.com/properties/2179neoiepivates,#2179 Νέοι Επιβάτες,sale,,60000,40.0,1500,1,,1983,thessaloniki,Θερμαϊκός,,,,"https://static.wixstatic.com/media/a705eb_0532d4428d714442b232fc146db5e8e7~mv2.jpg/v1/fill/w_1600,h_1200,al_c,q_85/1.jpg",,,2026-09-27,2026-09-27T12:59:34Z
mkrealhome.com,MK Real Estate,https://www.mkrealhome.com/properties/2178potidaia,#2178 Ποτίδαια,sale,,320000,127.0,2520,4,,1992,other,,,,,"https://static.wixstatic.com/media/a705eb_adc96ed35c4842f299f515fabe567640~mv2.jpg/v1/fill/w_1600,h_758,al_c,q_85/1.jpg",,,2026-09-27,2026-09-27T12:59:37Z
mkrealhome.com,MK Real Estate,https://www.mkrealhome.com/properties/2177neamichaniona,#2177 Νέα Μηχανιώνα,sale,,120000,46.0,2609,2,,2026,thessaloniki,Θερμαϊκός,Θεσσαλονίκης,,,"https://static.wixstatic.com/media/a705eb_d8b31330a6a648d9919cad1113789b56~mv2.jpg/v1/fill/w_1080,h_760,al_c,q_85/1.jpg",,,2026-09-27,2026-09-27T12:59:40Z
mkrealhome.com,MK Real Estate,https://www.mkrealhome.com/properties/2176epanomi,#2176 Επανομή,sale,,130000,80.0,1625,3,,1989,thessaloniki,Θερμαϊκός,Επανομή,,,"https://static.wixstatic.com/media/a705eb_38c6eedbd286498ba062ab73bc2d55fb~mv2.jpg/v1/fill/w_1600,h_758,al_c,q_85/1.jpg",,,2026-09-27,2026-09-27T12:59:43Z
mkrealhome.com,MK Real Estate,https://www.mkrealhome.com/properties/2175epanomi,#2175 Επανομή,sale,,135000,100.0,1350,3,,1989,thessaloniki,Θερμαϊκός,Επανομή,,,"https://static.wixstatic.com/media/a705eb_239b146a6e6744e39f98dfdd3621e540~mv2.jpg/v1/fill/w_1600,h_758,al_c,q_85/cover.jpg",,,2026-09-27,2026-09-27T12:59:46Z
mkrealhome.com,MK Real Estate,https://www.mkrealhome.com/properties/2172neakallikrateia,#2172 Νέα Καλλικράτεια,sale,,169000,60.0,2817,2,3,1973,unknown,,,,,"https://static.wixstatic.com/media/a705eb_cbaa1444a12041b0a4dc1e73c140b84a~mv2.jpg/v1/fill/w_1600,h_758,al_c,q_85/1.jpg",,,2026-09-27,2026-09-27T12:59:49Z
mkrealhome.com,MK Real Estate,https://www.mkrealhome.com/properties/2171epanomi,#2171 Επανομή,sale,,230000,,,,,2010,thessaloniki,Θερμαϊκός,Επανομή,,,"https://static.wixstatic.com/media/a705eb_f58c8b6c7dd24de58f02e2272d841ccd~mv2.jpg/v1/fill/w_1600,h_757,al_c,q_85/1.jpg",,,2026-09-27,2026-09-27T12:59:52Z
mkrealhome.com,MK Real Estate,https://www.mkrealhome.com/properties/2170nikiti,#2170 Νικήτη,sale,,270000,113.0,2389,3,,2008,unknown,,,,,"https://static.wixstatic.com/media/a705eb_8314e0772acd400f9c35cf7ad1d85d35~mv2.jpg/v1/fill/w_1600,h_1200,al_c,q_85/1.jpg",,,2026-09-27,2026-09-27T12:59:56Z
mkrealhome.com,MK Real Estate,https://www.mkrealhome.com/properties/2169epanomi,#2169 Επανομή,sale,,35000,100.0,350,,,,thessaloniki,Θερμαϊκός,Επανομή,,,"https://static.wixstatic.com/media/a705eb_c455f14fbaa74d628f3345b5e6936bae~mv2.jpg/v1/fill/w_1600,h_758,al_c,q_85/1.jpg",,,2026-09-27,2026-09-27T12:59:58Z
mkrealhome.com,MK Real Estate,https://www.mkrealhome.com/properties/2168epanomi,#2168 Επανομή,sale,,170000,260.0,654,,,,thessaloniki,Θερμαϊκός,Επανομή,,,"https://static.wixstatic.com/media/a705eb_b99fc7a010314c6689edea5d0f7f3c3a~mv2.jpg/v1/fill/w_1600,h_757,al_c,q_85/1.jpg",,,2026-09-27,2026-09-27T13:00:02Z
greekexclusiveproperties.com,Greek Exclusive Properties,https://www.greekexclusiveproperties.com/property/house-for-sale-in-paros-500-meters-from-the-beach,"House for Sale in Paros, 500 meters from the beach",sale,house,345000,,,,,,unknown,,PAROS,37.8656989,23.7484406,https://www.greekexclusiveproperties.com/wp-content/uploads/2022/01/House-for-Sale-in-Paros-Paros-Properties-Greece-2.jpg,,,2026-09-27,2026-09-27T12:57:58Z
greekexclusiveproperties.com,Greek Exclusive Properties,https://www.greekexclusiveproperties.com/property/2-new-villas-in-paros-in-10-000sqm-land-plot/,"2 New villas in Paros in 10.000 sqm land plot, Paros Greece Properties",sale,house,1500000,,,,,,unknown,,PAROS,37.8656989,23.7484406,https://www.greekexclusiveproperties.com/wp-content/uploads/2021/11/New-villas-in-Paros-Paros-Greece-Properties-for-Sale-17.jpeg,,,2026-09-27,2026-09-27T12:58:06Z
greekexclusiveproperties.com,Greek Exclusive Properties,https://www.greekexclusiveproperties.com/property/240-sqm-house-in-a-4-000-sqm-land-plot-in-mykonos/,240 sqm House in a 4.000 sqm Land plot in Mykonos,sale,house,850000,240.0,3542,,,,unknown,,MYKONOS,37.8656989,23.7484406,https://www.greekexclusiveproperties.com/wp-content/uploads/2022/04/240-sqm-House-in-a-4.000-sqm-Land-plot-in-Mykonos-19.jpg,,,2026-09-27,2026-09-27T12:58:12Z
greekexclusiveproperties.com,Greek Exclusive Properties,https://www.greekexclusiveproperties.com/property/74sqm-renovated-in-2023-airy-apartment-on-the-2nd-floor/,74sqm / Renovated in 2023 / Airy Apartment on the 2nd floor,sale,apartment,270000,74.0,3649,,74,,other,,ATHENS,37.8656989,23.7484406,https://www.greekexclusiveproperties.com/wp-content/uploads/2023/04/20230319_105522-1-scaled.jpg,,,2026-09-27,2026-09-27T12:58:17Z
greekexclusiveproperties.com,Greek Exclusive Properties,https://www.greekexclusiveproperties.com/property/new-exclusive-9-cave-suites-caldera-santorini-total-500-sq-m-ideal-property/,NEW Exclusive: 9 Cave Suites at Caldera Santorini FOR SALE,sale,,6300000,,,,,,unknown,,SANTORINI,37.8656989,23.7484406,https://www.greekexclusiveproperties.com/wp-content/uploads/2019/01/Cave-Suites-for-sale-at-Caldera-Santorini5.jpg,,,2026-09-27,2026-09-27T12:58:23Z
greekexclusiveproperties.com,Greek Exclusive Properties,https://www.greekexclusiveproperties.com/property/building-in-very-big-land-plot-200-000sqm-near-thessaloniki/,Building in very big land plot (200.000sqm) near Thessaloniki,sale,land,9000000,,,,,,thessaloniki,Θεσσαλονίκη,THESSALONIKI,37.8656989,23.7484406,https://www.greekexclusiveproperties.com/wp-content/uploads/2021/09/near-Thessaloniki.-Investment-by-the-sea-at-Thessaloniki-.jpeg,,,2026-09-27,2026-09-27T12:58:30Z
greekexclusiveproperties.com,Greek Exclusive Properties,https://www.greekexclusiveproperties.com/property/hotel-for-sale-caldera-santorini-with-21-rooms-can-be-sold-either-25-49-100-of-the-hotel/,Hotel for Sale Caldera Santorini with 21 Rooms - Can be sold either 25% - 49%- 100% of the Hotel,sale,hotel,3000000,,,,,,unknown,,SANTORINI,37.8656989,23.7484406,https://www.greekexclusiveproperties.com/wp-content/uploads/2020/06/Hotels-for-sale-Santorni-Greece-Hotel-Sales-Santorini-1.jpg,,,2026-09-27,2026-09-27T12:58:35Z
greekexclusiveproperties.com,Greek Exclusive Properties,https://www.greekexclusiveproperties.com/property/hotel-for-sale-perissa-santorini-with-16-rooms-1400-sqm/,Hotel for Sale Perissa Santorini with 16 rooms - 1400 sqm,sale,hotel,2500000,1400.0,1786,,,,unknown,,SANTORINI,37.8656989,23.7484406,https://www.greekexclusiveproperties.com/wp-content/uploads/2020/06/Hotel-for-Sale-Perissa-Santorini-Hotel-sales-Santorini-6.jpg,,,2026-09-27,2026-09-27T12:58:41Z
greekexclusiveproperties.com,Greek Exclusive Properties,https://www.greekexclusiveproperties.com/property/hotel-in-elounda-greece-with-139-rooms-100-more-can-be-built/,Hotel in Elounda Greece with 139 rooms - 100 more can be built,sale,hotel,16000000,,,,,,other,,CRETE,37.8656989,23.7484406,https://www.greekexclusiveproperties.com/wp-content/uploads/2019/04/Hotel-in-Elounda-Greece-with-139-rooms-.jpg,,,2026-09-27,2026-09-27T12:58:47Z
greekexclusiveproperties.com,Greek Exclusive Properties,https://www.greekexclusiveproperties.com/property/hotel-near-sea-naxos-25-rooms-%e2%80%8b%e2%80%8b2-850-sq-m,Hotel Near the sea at Naxos - 25 rooms - ​​2.850 sq.m - NAXOS GREECE,sale,hotel,2500000,850.0,2941,,,,unknown,,NAXOS,37.8656989,23.7484406,https://www.greekexclusiveproperties.com/wp-content/uploads/2016/11/Hotel-Naxos-Greece-Gor-Sale-.jpg,,,2026-09-27,2026-09-27T12:58:48Z
greekexclusiveproperties.com,Greek Exclusive Properties,https://www.greekexclusiveproperties.com/property/land-plot-caldera-hotel-40-000-sq-m/,Investment in Caldera Santorini at Akrotiri - LAND FOR SALE SANTORINI,sale,land,10500000,,,,,,unknown,,SANTORINI,37.8656989,23.7484406,https://www.greekexclusiveproperties.com/wp-content/uploads/2016/01/Investment-in-Caldera-Santorini-10.jpg,,,2026-09-27,2026-09-27T12:58:56Z
greekexclusiveproperties.com,Greek Exclusive Properties,https://www.greekexclusiveproperties.com/property/luxury-villa-in-mykonos-with-10000-sqm-land/,"Luxury villa in Mykonos with 10,000 sqm land FOR SALE EXCLUSIVE",sale,house,4150000,,,,,,unknown,,MYKONOS,37.8656989,23.7484406,https://www.greekexclusiveproperties.com/wp-content/uploads/2019/08/Luxury-villa-in-Mykonos-with-10000-sqm-land.-Mykonos-Villas-Luxury-Villa-for-Sale-in-Mykonos-Mykonos-Luxury-Villas-Real-Estate-Mykonos-Agrari-33.jpeg,,,2026-09-27,2026-09-27T12:59:02Z
greekexclusiveproperties.com,Greek Exclusive Properties,https://www.greekexclusiveproperties.com/property/magnificent-villa-sea-views-corfu-630-sq-m/,"Magnificent Villa with Sea Views at Corfu, Kontokali - Corfu Luxury Property",sale,house,2600000,,,,,,unknown,,CORFU,37.8656989,23.7484406,https://www.greekexclusiveproperties.com/wp-content/uploads/2017/12/Villa-with-Sea-Views-at-Corfu-Kontokali-29.jpg,,,2026-09-27,2026-09-27T12:59:08Z
greekexclusiveproperties.com,Greek Exclusive Properties,https://www.greekexclusiveproperties.com/property/newly-constructed-villas-chania-crete-your-modern-oasis-with-180-views/,Newly Constructed Villas Chania Crete - Your Modern Oasis with 180° Views!,sale,house,1000000,,,,,,other,,CRETE,37.8656989,23.7484406,https://www.greekexclusiveproperties.com/wp-content/uploads/2023/11/Newly-Constructed-Villas-Chania-Crete-8.webp,,,2026-09-27,2026-09-27T12:59:14Z
greekexclusiveproperties.com,Greek Exclusive Properties,https://www.greekexclusiveproperties.com/property/property-with-very-big-land-plot-corfu-greece-125-000sqm/,"Property with very Big Land Plot Corfu Greece, 125.000sqm",sale,land,1950000,,,,,,unknown,,CORFU,37.8656989,23.7484406,https://www.greekexclusiveproperties.com/wp-content/uploads/2020/11/Property-with-very-Big-Land-Plot-Corfu-Greece.-Corfu-Homes-10.jpg,,,2026-09-27,2026-09-27T12:59:20Z
greekexclusiveproperties.com,Greek Exclusive Properties,https://www.greekexclusiveproperties.com/property/sea-view-hotel-mykonos-for-sale-600m-beach,"Sea View Hotel at Mykonos For Sale, Greece EXCLUSIVE",sale,hotel,3200000,,,,,,unknown,,MYKONOS,37.8656989,23.7484406,https://www.greekexclusiveproperties.com/wp-content/uploads/2016/03/MYKONOS-GREECE-HOTEL-INVESTMENT-.jpg,,,2026-09-27,2026-09-27T12:59:21Z
greekexclusiveproperties.com,Greek Exclusive Properties,https://www.greekexclusiveproperties.com/property/sea-view-property-mykonos-125-sq-m-near-sea,Sea View Property in Mykonos - 125 Sq.m - VILLAS FOR SALE,sale,house,675000,125.0,5400,,,,unknown,,MYKONOS,37.8656989,23.7484406,https://www.greekexclusiveproperties.com/wp-content/uploads/2016/11/Villa-Mykonos-Greece-06.jpeg,,,2026-09-27,2026-09-27T12:59:24Z
greekexclusiveproperties.com,Greek Exclusive Properties,https://www.greekexclusiveproperties.com/property/sea-view-villa-mykonos-island-155-sq-m-ftelia-beach/,Sea view Villa Mykonos Island - 155 sq.m - VILLAS FOR SALE,sale,house,830000,155.0,5355,,,,unknown,,MYKONOS,37.8656989,23.7484406,https://www.greekexclusiveproperties.com/wp-content/uploads/2016/11/Sea-View-Villa-Mykonos-For-Sale-24-1.jpeg,,,2026-09-27,2026-09-27T12:59:32Z
greekexclusiveproperties.com,Greek Exclusive Properties,https://www.greekexclusiveproperties.com/property/sea-view-villa-mykonos-near-sea-150-sq-m-ftelia-beach/,Sea View Villa Mykonos near the sea - 150 sq.m -VILLAS FOR SALE,sale,house,750000,150.0,5000,,,,unknown,,MYKONOS,37.8656989,23.7484406,https://www.greekexclusiveproperties.com/wp-content/uploads/2016/11/Sea-View-Villa-Mykonos-For-Sale-26.jpeg,,,2026-09-27,2026-09-27T12:59:38Z
greekexclusiveproperties.com,Greek Exclusive Properties,https://www.greekexclusiveproperties.com/property/seafront-hotel-160-rooms-sale-east-athens-attica-rafina/,"Seafront Hotel with 160 Rooms for Sale in east Athens, Attica Rafina",sale,hotel,16500000,,,,,,other,,ATHENS,37.8656989,23.7484406,https://www.greekexclusiveproperties.com/wp-content/uploads/2017/12/Seafront-Hotel-East-Athens-.gif,,,2026-09-27,2026-09-27T12:59:43Z
greekexclusiveproperties.com,Greek Exclusive Properties,https://www.greekexclusiveproperties.com/property/villa-sale-panorama-thessaloniki-settlement-n751/,Villa for Sale at Panorama Thessaloniki EXCLUSIVE,sale,house,850000,,,,,,thessaloniki,Πανόραμα,THESSALONIKI,37.8656989,23.7484406,https://www.greekexclusiveproperties.com/wp-content/uploads/2017/11/Villa-at-Panorama-Thessaloniki-1.jpg,,,2026-09-27,2026-09-27T12:59:48Z
greekexclusiveproperties.com,Greek Exclusive Properties,https://www.greekexclusiveproperties.com/property/villa-with-pool-sea-view-mykonos-160-sq-m/,Villa with Pool and Sea View in Mykonos VILLAS FOR SALE,sale,house,1100000,,,,,,unknown,,MYKONOS,37.8656989,23.7484406,https://www.greekexclusiveproperties.com/wp-content/uploads/2016/11/Villa-Mykonos-Greece-Sales-24.jpeg,,,2026-09-27,2026-09-27T12:59:54Z
greekexclusiveproperties.com,Greek Exclusive Properties,https://www.greekexclusiveproperties.com/property/seafront-land-in-paros-greece-to-built-10-000-sqm-in-tsoukalia-area/,"Seafront Land in Paros Greece to built, 10.000 sqm Tsoukalia",sale,land,1250000,,,,,,unknown,,PAROS,37.8656989,23.7484406,https://www.greekexclusiveproperties.com/wp-content/uploads/2021/01/Seafront-Land-in-Paros-Greece-to-built-Land-for-Sale-Cyclades-Greece4.jpg,,,2026-09-27,2026-09-27T13:00:01Z
greekexclusiveproperties.com,Greek Exclusive Properties,https://www.greekexclusiveproperties.com/property/340-sq-m-villa-for-sale-peloponnese-greece-pylos/,340 Sq.M Villa For Sale Peloponnese Greece Pylos,sale,house,2150000,340.0,6324,,,,unknown,,PELOPONNESE,37.8656989,23.7484406,https://www.greekexclusiveproperties.com/wp-content/uploads/2024/05/340-Sq.M-Villa-For-Sale-Peloponnese-Greece-Pylos-25.webp,,,2026-09-27,2026-09-27T13:00:06Z
monopoly.com.gr,MONOPOLY (Χατζηγεωργιάδης Χαράλαμπος Γ.),https://monopoly.com.gr/el/property/92914,"Monopoly 031 - Διαμέρισμα, 115τ.μ., €230.000 - Μαρτίου",sale,apartment,230000,115.0,2000,3,2,1972,thessaloniki,Θεσσαλονίκη-Ανατολικά,Θεσσαλονίκης από τον σιδηροδρομικό σταθμό έως και τ,,,https://abroker-app.s3.eu-central-1.amazonaws.com/23/properties/92914/watermark/3hYfvFoJqP.jpg,,,2026-09-27,2026-09-27T12:58:46Z
monopoly.com.gr,MONOPOLY (Χατζηγεωργιάδης Χαράλαμπος Γ.),https://monopoly.com.gr/el/property/91653,"Monopoly 031 - Διαμέρισμα, 90τ.μ., €230.000 - Θεσσαλονίκη - Δήμος - Ανάληψη - Μπότσαρη - Νέα Παραλία",sale,apartment,230000,90.0,2556,2,4,1968,thessaloniki,Θεσσαλονίκη-Ανατολικά,Θεσσαλονίκη - Δήμος - Ανάληψη - Μπότσαρη - Νέα Παρα,,,https://abroker-app.s3.eu-central-1.amazonaws.com/23/properties/91653/watermark/LIgHvnBsY2.jpg,,,2026-09-27,2026-09-27T12:58:49Z
monopoly.com.gr,MONOPOLY (Χατζηγεωργιάδης Χαράλαμπος Γ.),https://monopoly.com.gr/el/property/83485,"Monopoly 031 - Διαμέρισμα, 50τ.μ., €120.000 - Καλλικράτεια - Νέα Καλλικράτεια",sale,apartment,120000,50.0,2400,2,,2005,thessaloniki,Θεσσαλονίκη,Θεσσαλονίκης από τον σιδηροδρομικό σταθμό έως και τ,,,https://abroker-app.s3.eu-central-1.amazonaws.com/23/properties/83485/watermark/GA0QnvNLHQ.jpg,,,2026-09-27,2026-09-27T12:58:52Z
monopoly.com.gr,MONOPOLY (Χατζηγεωργιάδης Χαράλαμπος Γ.),https://monopoly.com.gr/el/property/71897,"Monopoly 031 - Διαμέρισμα, 50τ.μ., €360.000 - Θεσσαλονίκη - Δήμος - Κέντρο Θεσσαλονίκης",sale,apartment,360000,50.0,7200,1,9,1978,thessaloniki,Θεσσαλονίκη-Κέντρο,Θεσσαλονίκη - Δήμος - Κέντρο Θεσσαλονίκης  Monopoly,,,https://abroker-app.s3.eu-central-1.amazonaws.com/23/properties/71897/watermark/djIDCmmDCi.jpg,,,2026-09-27,2026-09-27T12:58:56Z
monopoly.com.gr,MONOPOLY (Χατζηγεωργιάδης Χαράλαμπος Γ.),https://monopoly.com.gr/el/property/71173,"Monopoly 031 - Διαμέρισμα, 79τ.μ., €1.100 - Θεσσαλονίκη - Δήμος - Κέντρο Θεσσαλονίκης",sale,apartment,,79.0,,3,4,1966,thessaloniki,Θεσσαλονίκη-Κέντρο,Θεσσαλονίκη - Δήμος - Κέντρο Θεσσαλονίκης  Monopoly,,,https://abroker-app.s3.eu-central-1.amazonaws.com/23/properties/71173/watermark/BWjFKSBIhq.jpg,,,2026-09-27,2026-09-27T12:58:58Z
monopoly.com.gr,MONOPOLY (Χατζηγεωργιάδης Χαράλαμπος Γ.),https://monopoly.com.gr/el/property/15633,"Monopoly 031 - Αγροτεμάχιο, 5.577τ.μ., €140.000 - Βραχάσι - Σίσι",sale,land,140000,577.0,243,,,,thessaloniki,Θεσσαλονίκη,Θεσσαλονίκης από τον σιδηροδρομικό σταθμό έως και τ,,,https://abroker-app.s3.eu-central-1.amazonaws.com/23/properties/15633/watermark/efFOmNtvz2.jpg,,,2026-09-27,2026-09-27T12:59:01Z
monopoly.com.gr,MONOPOLY (Χατζηγεωργιάδης Χαράλαμπος Γ.),https://monopoly.com.gr/el/property/98360,"Monopoly 031 - Στούντιο/Γκαρσονιέρα, 35τ.μ., €430 - Ιπποκράτειο",sale,studio,,35.0,,1,1,1977,thessaloniki,Θεσσαλονίκη-Ανατολικά,Θεσσαλονίκη,,,https://abroker-app.s3.eu-central-1.amazonaws.com/23/properties/98360/watermark/fHIw4rCxvO.jpg,,,2026-09-27,2026-09-27T12:59:05Z
monopoly.com.gr,MONOPOLY (Χατζηγεωργιάδης Χαράλαμπος Γ.),https://monopoly.com.gr/el/property/97612,"Monopoly 031 - Διαμέρισμα, 80τ.μ., €235.000 - Βούλγαρη - Ντεπώ - Μαρτίου - Βούλγαρη - Άγιος Ελευθέριος",sale,apartment,235000,80.0,2938,2,2,1992,thessaloniki,Κορδελιό-Εύοσμος,Θεσσαλονίκη,,,https://abroker-app.s3.eu-central-1.amazonaws.com/23/properties/97612/watermark/xjBUICH6Zy.jpg,,,2026-09-27,2026-09-27T12:59:08Z
monopoly.com.gr,MONOPOLY (Χατζηγεωργιάδης Χαράλαμπος Γ.),https://monopoly.com.gr/el/property/94951,"Monopoly 031 - Κατάστημα, 205τ.μ., €600 - Μπότσαρη",sale,store,,205.0,,,ισόγειο,1975,thessaloniki,Θεσσαλονίκη-Ανατολικά,Θεσσαλονίκης από τον σιδηροδρομικό σταθμό έως και τ,,,https://abroker-app.s3.eu-central-1.amazonaws.com/23/properties/94951/watermark/6VAOW5qDH8.jpg,,,2026-09-27,2026-09-27T12:59:11Z
monopoly.com.gr,MONOPOLY (Χατζηγεωργιάδης Χαράλαμπος Γ.),https://monopoly.com.gr/el/property/98370,"Monopoly 031 - Διαμέρισμα, 145τ.μ., €279.998 - Μηχανιώνα - Αγγελοχώρι",sale,apartment,279998,145.0,1931,3,1,1986,thessaloniki,Θερμαϊκός,Θεσσαλονίκης από τον σιδηροδρομικό σταθμό έως και τ,,,https://abroker-app.s3.eu-central-1.amazonaws.com/23/properties/98370/watermark/MoNZId9GLQ.jpg,,,2026-09-27,2026-09-27T12:59:14Z
monopoly.com.gr,MONOPOLY (Χατζηγεωργιάδης Χαράλαμπος Γ.),https://monopoly.com.gr/el/property/98365,"Monopoly 031 - Διαμέρισμα, 114τ.μ., €285.000 - Πανόραμα - Κέντρο",sale,apartment,285000,114.0,2500,3,1,2007,thessaloniki,Πανόραμα,Πανόραμα,,,https://abroker-app.s3.eu-central-1.amazonaws.com/23/properties/98365/watermark/pYIeBsviEJ.jpg,,,2026-09-27,2026-09-27T12:59:16Z
monopoly.com.gr,MONOPOLY (Χατζηγεωργιάδης Χαράλαμπος Γ.),https://monopoly.com.gr/el/property/98250,"Monopoly 031 - Διαμέρισμα, 85τ.μ., €680 - Ντεπώ",sale,apartment,,85.0,,2,2,1980,thessaloniki,Θεσσαλονίκη-Ανατολικά,Θεσσαλονίκη,,,https://abroker-app.s3.eu-central-1.amazonaws.com/23/properties/98250/watermark/jZjX22A4wp.jpg,,,2026-09-27,2026-09-27T12:59:19Z
monopoly.com.gr,MONOPOLY (Χατζηγεωργιάδης Χαράλαμπος Γ.),https://monopoly.com.gr/el/property/98323,"Monopoly 031 - Διαμέρισμα, 50τ.μ., €430 - Μαρτίου",sale,apartment,,50.0,,1,1,1971,thessaloniki,Θεσσαλονίκη-Ανατολικά,Θεσσαλονίκη,,,https://abroker-app.s3.eu-central-1.amazonaws.com/23/properties/98323/watermark/PHhoIvM2e1.jpg,,,2026-09-27,2026-09-27T12:59:22Z
monopoly.com.gr,MONOPOLY (Χατζηγεωργιάδης Χαράλαμπος Γ.),https://monopoly.com.gr/el/property/94588,"Monopoly 031 - Διαμέρισμα, 120τ.μ., €800 - Ντεπώ",sale,apartment,,120.0,,2,1,1974,thessaloniki,Θεσσαλονίκη-Ανατολικά,Θεσσαλονίκη,,,https://abroker-app.s3.eu-central-1.amazonaws.com/23/properties/94588/watermark/4wADDgz4O0.jpg,,,2026-09-27,2026-09-27T12:59:25Z
monopoly.com.gr,MONOPOLY (Χατζηγεωργιάδης Χαράλαμπος Γ.),https://monopoly.com.gr/el/property/98338,"Monopoly 031 - Διαμέρισμα, 75τ.μ., €650 - Κέντρο Θεσσαλονίκης - ΔΕΘ - Πανεπιστήμια",sale,apartment,,75.0,,2,1,1965,thessaloniki,Θεσσαλονίκη-Κέντρο,Θεσσαλονίκης - ΔΕΘ - Πανεπιστήμια  Monopoly 031 - Δ,,,https://abroker-app.s3.eu-central-1.amazonaws.com/23/properties/98338/watermark/eOJDG4yBkK.jpg,,,2026-09-27,2026-09-27T12:59:29Z
monopoly.com.gr,MONOPOLY (Χατζηγεωργιάδης Χαράλαμπος Γ.),https://monopoly.com.gr/el/property/98297,"Monopoly 031 - Διαμέρισμα, 57τ.μ., €99.000 - Φάληρο - Ιπποκράτειο - Αγία Τριάδα",sale,apartment,99000,57.0,1737,1,,1975,thessaloniki,Θερμαϊκός,Θεσσαλονίκης,,,https://abroker-app.s3.eu-central-1.amazonaws.com/23/properties/98297/watermark/nkZk13Yzd3.jpg,,,2026-09-27,2026-09-27T12:59:31Z
monopoly.com.gr,MONOPOLY (Χατζηγεωργιάδης Χαράλαμπος Γ.),https://monopoly.com.gr/el/property/98329,"Monopoly 031 - Στούντιο/Γκαρσονιέρα, 30τ.μ., €430 - Ιπποκράτειο",sale,studio,,30.0,,1,6,1998,thessaloniki,Θεσσαλονίκη-Ανατολικά,Θεσσαλονίκη,,,https://abroker-app.s3.eu-central-1.amazonaws.com/23/properties/98329/watermark/eSltgONtbc.jpg,,,2026-09-27,2026-09-27T12:59:34Z
monopoly.com.gr,MONOPOLY (Χατζηγεωργιάδης Χαράλαμπος Γ.),https://monopoly.com.gr/el/property/98327,"Monopoly 031 - Διαμέρισμα, 90τ.μ., €390.000 - Θεσσαλονίκη - Δήμος - Κέντρο Θεσσαλονίκης",sale,apartment,390000,90.0,4333,2,5,1970,thessaloniki,Θεσσαλονίκη-Κέντρο,Θεσσαλονίκη - Δήμος - Κέντρο Θεσσαλονίκης  Monopoly,,,https://abroker-app.s3.eu-central-1.amazonaws.com/23/properties/98327/watermark/DMzk1Lxb1F.jpg,,,2026-09-27,2026-09-27T12:59:37Z
monopoly.com.gr,MONOPOLY (Χατζηγεωργιάδης Χαράλαμπος Γ.),https://monopoly.com.gr/el/property/97604,"Monopoly 031 - Διαμέρισμα, 68τ.μ., €160.000 - Φάληρο - Ιπποκράτειο - Αγία Τριάδα",sale,apartment,160000,68.0,2353,2,5,1965,thessaloniki,Θερμαϊκός,Θεσσαλονίκη,,,https://abroker-app.s3.eu-central-1.amazonaws.com/23/properties/97604/watermark/EmX45z3yFt.jpg,,,2026-09-27,2026-09-27T12:59:41Z
monopoly.com.gr,MONOPOLY (Χατζηγεωργιάδης Χαράλαμπος Γ.),https://monopoly.com.gr/el/property/98283,"Monopoly 031 - Στούντιο/Γκαρσονιέρα, 40τ.μ., €95.000 - Μπότσαρη",sale,studio,95000,40.0,2375,1,ισόγειο,1977,thessaloniki,Θεσσαλονίκη-Ανατολικά,Θεσσαλονίκη,,,https://abroker-app.s3.eu-central-1.amazonaws.com/23/properties/98283/watermark/vmT7NGOTgA.jpg,,,2026-09-27,2026-09-27T12:59:43Z
monopoly.com.gr,MONOPOLY (Χατζηγεωργιάδης Χαράλαμπος Γ.),https://monopoly.com.gr/el/property/98282,"Monopoly 031 - Διαμέρισμα, 32τ.μ., €129.000 - Κέντρο Θεσσαλονίκης - Ιστορικό Κέντρο",sale,apartment,129000,32.0,4031,1,1,1975,thessaloniki,Θεσσαλονίκη-Κέντρο,Θεσσαλονίκης - Ιστορικό Κέντρο  Monopoly 031 - Διαμ,,,https://abroker-app.s3.eu-central-1.amazonaws.com/23/properties/98282/watermark/5XgAFIbgGd.jpg,,,2026-09-27,2026-09-27T12:59:46Z
monopoly.com.gr,MONOPOLY (Χατζηγεωργιάδης Χαράλαμπος Γ.),https://monopoly.com.gr/el/property/93423,"Monopoly 031 - Στούντιο/Γκαρσονιέρα, 31τ.μ., €165.000 - Θεσσαλονίκη - Δήμος - Κέντρο Θεσσαλονίκης",sale,studio,165000,31.0,5323,1,5,1978,thessaloniki,Θεσσαλονίκη-Κέντρο,Θεσσαλονίκη - Δήμος - Κέντρο Θεσσαλονίκης  Monopoly,,,https://abroker-app.s3.eu-central-1.amazonaws.com/23/properties/93423/watermark/KlUxsuglx9.jpg,,,2026-09-27,2026-09-27T12:59:49Z
monopoly.com.gr,MONOPOLY (Χατζηγεωργιάδης Χαράλαμπος Γ.),https://monopoly.com.gr/el/property/98223,"Monopoly 031 - Στούντιο/Γκαρσονιέρα, 30τ.μ., €500 - Κέντρο Θεσσαλονίκης - Ιστορικό Κέντρο",sale,studio,,30.0,,,ισόγειο,1964,thessaloniki,Θεσσαλονίκη-Κέντρο,Θεσσαλονίκης - Ιστορικό Κέντρο  Monopoly 031 - Στού,,,https://abroker-app.s3.eu-central-1.amazonaws.com/23/properties/98223/watermark/z8Jb0l7cMv.jpg,,,2026-09-27,2026-09-27T12:59:52Z
monopoly.com.gr,MONOPOLY (Χατζηγεωργιάδης Χαράλαμπος Γ.),https://monopoly.com.gr/el/property/98253,"Monopoly 031 - Διαμέρισμα, 90τ.μ., €170.000 - Μπότσαρη",sale,apartment,170000,90.0,1889,2,2,1964,thessaloniki,Θεσσαλονίκη-Ανατολικά,Θεσσαλονίκης. Ιδανικό για: Επενδυτές: Εξασφαλίζει υ,,,https://abroker-app.s3.eu-central-1.amazonaws.com/23/properties/98253/watermark/r4mkdfgrMp.jpg,,,2026-09-27,2026-09-27T12:59:56Z
monopoly.com.gr,MONOPOLY (Χατζηγεωργιάδης Χαράλαμπος Γ.),https://monopoly.com.gr/el/property/98224,"Monopoly 031 - Διαμέρισμα, 40τ.μ., €600 - Φάληρο - Ιπποκράτειο - Αγία Τριάδα",sale,apartment,,40.0,,1,,1972,thessaloniki,Θερμαϊκός,Θεσσαλονίκη,,,https://abroker-app.s3.eu-central-1.amazonaws.com/23/properties/98224/watermark/HjT5KtjmwH.jpg,,,2026-09-27,2026-09-27T13:00:01Z
monopoly.com.gr,MONOPOLY (Χατζηγεωργιάδης Χαράλαμπος Γ.),https://monopoly.com.gr/el/property/83768,"Monopoly 031 - Μεζονέτα, 250τ.μ., €1.500 - Πανόραμα - Συνοικισμός Νόμου 751",sale,maisonette,,250.0,,3,ισόγειο,2004,thessaloniki,Πανόραμα,Πανόραμα,,,https://abroker-app.s3.eu-central-1.amazonaws.com/23/properties/83768/watermark/yzyo96ZyQv.jpg,,,2026-09-27,2026-09-27T13:00:04Z
monopoly.com.gr,MONOPOLY (Χατζηγεωργιάδης Χαράλαμπος Γ.),https://monopoly.com.gr/el/property/98184,"Monopoly 031 - Στούντιο/Γκαρσονιέρα, 27τ.μ., €115.000 - Θεσσαλονίκη - Δήμος - Κέντρο Θεσσαλονίκης",sale,studio,115000,27.0,4259,,4,1960,thessaloniki,Θεσσαλονίκη-Κέντρο,Θεσσαλονίκη - Δήμος - Κέντρο Θεσσαλονίκης  Monopoly,,,https://abroker-app.s3.eu-central-1.amazonaws.com/23/properties/98184/watermark/iEhfQGpvYf.jpg,,,2026-09-27,2026-09-27T13:00:07Z
monopoly.com.gr,MONOPOLY (Χατζηγεωργιάδης Χαράλαμπος Γ.),https://monopoly.com.gr/el/property/98183,"Monopoly 031 - Διαμέρισμα, 45τ.μ., €135.000 - Θεσσαλονίκη - Δήμος - Κέντρο Θεσσαλονίκης",sale,apartment,135000,45.0,3000,1,4,1960,thessaloniki,Θεσσαλονίκη-Κέντρο,Θεσσαλονίκη - Δήμος - Κέντρο Θεσσαλονίκης  Monopoly,,,https://abroker-app.s3.eu-central-1.amazonaws.com/23/properties/98183/watermark/mN66M9EZJP.jpg,,,2026-09-27,2026-09-27T13:00:10Z
monopoly.com.gr,MONOPOLY (Χατζηγεωργιάδης Χαράλαμπος Γ.),https://monopoly.com.gr/el/property/98171,"Monopoly 031 - Διαμέρισμα, 50τ.μ., €550 - Κέντρο Θεσσαλονίκης - Ιστορικό Κέντρο",sale,apartment,,50.0,,1,,1965,thessaloniki,Θεσσαλονίκη-Κέντρο,Θεσσαλονίκης - Ιστορικό Κέντρο  Monopoly 031 - Διαμ,,,https://abroker-app.s3.eu-central-1.amazonaws.com/23/properties/98171/watermark/bWTzInyceu.jpg,,,2026-09-27,2026-09-27T13:00:13Z
kosmopolishouse.gr,KOSMOPOLIS HOUSE (Αλεξιάδου Παρασκευή Π.),https://kosmopolishouse.gr/akinita/diamerisma-085/,Διαμέρισμα - 085 | Μεσιτικά Γραφεία Θεσσαλονίκη,sale,apartment,65000,72.0,903,2,2,1970,thessaloniki,Θεσσαλονίκη,Θεσσαλονίκη  Διαμέρισμα - 085,,,https://kosmopolishouse.gr/wp-content/uploads/2024/10/1500-x-1000-11.jpg,,,2026-09-27,2026-09-27T12:58:23Z
kosmopolishouse.gr,KOSMOPOLIS HOUSE (Αλεξιάδου Παρασκευή Π.),https://kosmopolishouse.gr/akinita/stoyntio-094,Στούντιο - 094 | Μεσιτικά Γραφεία Θεσσαλονίκη,sale,studio,79000,37.0,2135,1,1,1970,thessaloniki,Θεσσαλονίκη,Θεσσαλονίκη  Στούντιο - 094,,,https://kosmopolishouse.gr/wp-content/uploads/2026/09/1500-x-1000-4.jpg,,,2026-09-27,2026-09-27T12:58:24Z
kosmopolishouse.gr,KOSMOPOLIS HOUSE (Αλεξιάδου Παρασκευή Π.),https://kosmopolishouse.gr/akinita/stoyntio-095,Στούντιο - 095 | Μεσιτικά Γραφεία Θεσσαλονίκη,sale,studio,79000,34.0,2324,1,1,1970,thessaloniki,Θεσσαλονίκη,Θεσσαλονίκη  Στούντιο - 095,,,https://kosmopolishouse.gr/wp-content/uploads/2026/09/1500-x-1000-3.jpg,,,2026-09-27,2026-09-27T12:58:27Z
kosmopolishouse.gr,KOSMOPOLIS HOUSE (Αλεξιάδου Παρασκευή Π.),https://kosmopolishouse.gr/akinita/gkarsoniera-017/,Διαμέρισμα - 017 | Μεσιτικά Γραφεία Θεσσαλονίκη,sale,apartment,120000,53.0,2264,1,1,1965,thessaloniki,Θεσσαλονίκη,Θεσσαλονίκη  Διαμέρισμα - 017,,,https://kosmopolishouse.gr/wp-content/uploads/2026/09/1500-x-1000.jpg,,,2026-09-27,2026-09-27T12:58:33Z
kosmopolishouse.gr,KOSMOPOLIS HOUSE (Αλεξιάδου Παρασκευή Π.),https://kosmopolishouse.gr/akinita/anakainismeni-gkarsoniera-194/,Ανακαινισμένη Γκαρσονιέρα - 194 | Μεσιτικά Γραφεία Θεσσαλονίκη,sale,studio,138000,,,3,3,1971,thessaloniki,Θεσσαλονίκη,Θεσσαλονίκη  Ανακαινισμένη Γκαρσονιέρα - 194,,,,,,2026-09-27,2026-09-27T12:58:37Z
kosmopolishouse.gr,KOSMOPOLIS HOUSE (Αλεξιάδου Παρασκευή Π.),https://kosmopolishouse.gr/akinita/anakainismeni-gkarsoniera-193/,Ανακαινισμένη Γκαρσονιέρα - 193 | Μεσιτικά Γραφεία Θεσσαλονίκη,sale,studio,155000,,,3,3,1971,thessaloniki,Θεσσαλονίκη,Θεσσαλονίκη  Ανακαινισμένη Γκαρσονιέρα - 193,,,https://kosmopolishouse.gr/wp-content/uploads/2026/07/1500-x-1000-1024x683.png,,,2026-09-27,2026-09-27T12:58:41Z
kosmopolishouse.gr,KOSMOPOLIS HOUSE (Αλεξιάδου Παρασκευή Π.),https://kosmopolishouse.gr/akinita/anakainismeni-gkarsoniera-069/,Ανακαινισμένη Γκαρσονιέρα - 069 | Μεσιτικά Γραφεία Θεσσαλονίκη,sale,studio,145000,,,4,4,1966,thessaloniki,Θεσσαλονίκη,Θεσσαλονίκη  Ανακαινισμένη Γκαρσονιέρα - 069,,,https://kosmopolishouse.gr/wp-content/uploads/2026/07/1500-x-1000-6.jpg,,,2026-09-27,2026-09-27T12:58:44Z
kosmopolishouse.gr,KOSMOPOLIS HOUSE (Αλεξιάδου Παρασκευή Π.),https://kosmopolishouse.gr/akinita/anakainismeni-gkarsoniera-070/,Ανακαινισμένη Γκαρσονιέρα - 070 | Μεσιτικά Γραφεία Θεσσαλονίκη,sale,studio,155000,,,4,4,1966,thessaloniki,Θεσσαλονίκη,Θεσσαλονίκη  Ανακαινισμένη Γκαρσονιέρα - 070,,,https://kosmopolishouse.gr/wp-content/uploads/2026/07/1500-x-1000-5.jpg,,,2026-09-27,2026-09-27T12:58:48Z
kosmopolishouse.gr,KOSMOPOLIS HOUSE (Αλεξιάδου Παρασκευή Π.),https://kosmopolishouse.gr/akinita/mezoneta-097/,Μεζονέτα - 097 | Μεσιτικά Γραφεία Θεσσαλονίκη,sale,maisonette,265000,165.0,1606,2,1,1994,thessaloniki,Θεσσαλονίκη,Θεσσαλονίκη  Μεζονέτα - 097,,,https://kosmopolishouse.gr/wp-content/uploads/2026/07/1500-x-1000.jpg,,,2026-09-27,2026-09-27T12:58:52Z
kosmopolishouse.gr,KOSMOPOLIS HOUSE (Αλεξιάδου Παρασκευή Π.),https://kosmopolishouse.gr/akinita/katastima-077/,Κατάστημα - 077 | Μεσιτικά Γραφεία Θεσσαλονίκη,sale,store,600000,400.0,1500,,,,thessaloniki,Θεσσαλονίκη,Θεσσαλονίκη  Κατάστημα - 077,,,https://kosmopolishouse.gr/wp-content/uploads/2026/06/1500-x-1000-1.jpg,,,2026-09-27,2026-09-27T12:58:56Z
kosmopolishouse.gr,KOSMOPOLIS HOUSE (Αλεξιάδου Παρασκευή Π.),https://kosmopolishouse.gr/akinita/katastima-135/,Κατάστημα - 135 | Μεσιτικά Γραφεία Θεσσαλονίκη,sale,store,250000,17.0,14706,,,,thessaloniki,Θεσσαλονίκη,Θεσσαλονίκη  Κατάστημα - 135,,,,,,2026-09-27,2026-09-27T12:59:03Z
kosmopolishouse.gr,KOSMOPOLIS HOUSE (Αλεξιάδου Παρασκευή Π.),https://kosmopolishouse.gr/akinita/katastima-e204/,Κατάστημα - 004 | Μεσιτικά Γραφεία Θεσσαλονίκη,sale,store,55000,36.0,1528,,,,thessaloniki,Θεσσαλονίκη,Θεσσαλονίκη  Κατάστημα - 004,,,https://kosmopolishouse.gr/wp-content/uploads/2022/04/1500-17.jpg,,,2026-09-27,2026-09-27T12:59:07Z
kosmopolishouse.gr,KOSMOPOLIS HOUSE (Αλεξιάδου Παρασκευή Π.),https://kosmopolishouse.gr/akinita/katastima-e202/,Κατάστημα - 001 | Μεσιτικά Γραφεία Θεσσαλονίκη,sale,store,35000,49.0,714,,,,thessaloniki,Θεσσαλονίκη,Θεσσαλονίκη  Κατάστημα - 001,,,https://kosmopolishouse.gr/wp-content/uploads/2020/10/1500-5.jpg,,,2026-09-27,2026-09-27T12:59:11Z
kosmopolishouse.gr,KOSMOPOLIS HOUSE (Αλεξιάδου Παρασκευή Π.),https://kosmopolishouse.gr/akinita/oikopedo-050/,Αγροτεμάχιο - 050 | Μεσιτικά Γραφεία Θεσσαλονίκη,sale,land,28000,1024.0,27,,,,thessaloniki,Θεσσαλονίκη,Θεσσαλονίκη  Αγροτεμάχιο - 050,,,https://kosmopolishouse.gr/wp-content/uploads/2020/10/gh.jpg,,,2026-09-27,2026-09-27T12:59:15Z
kosmopolishouse.gr,KOSMOPOLIS HOUSE (Αλεξιάδου Παρασκευή Π.),https://kosmopolishouse.gr/akinita/oikopedo-102/,Αντιπαροχή - 102 | Μεσιτικά Γραφεία Θεσσαλονίκη,sale,house,28000,1977.0,14,,,,thessaloniki,Θεσσαλονίκη,Θεσσαλονίκη  Αντιπαροχή - 102,,,https://kosmopolishouse.gr/wp-content/uploads/2020/10/gh.jpg,,,2026-09-27,2026-09-27T12:59:19Z
kosmopolishouse.gr,KOSMOPOLIS HOUSE (Αλεξιάδου Παρασκευή Π.),https://kosmopolishouse.gr/akinita/oikopedo-054/,Οικόπεδο - 054 | Μεσιτικά Γραφεία Θεσσαλονίκη,sale,land,65000,165.0,394,,,,thessaloniki,Θεσσαλονίκη,Θεσσαλονίκη  Οικόπεδο - 054,,,https://kosmopolishouse.gr/wp-content/uploads/2020/10/gh.jpg,,,2026-09-27,2026-09-27T12:59:22Z
kosmopolishouse.gr,KOSMOPOLIS HOUSE (Αλεξιάδου Παρασκευή Π.),https://kosmopolishouse.gr/akinita/24251-2/,Οικόπεδο - 153 | Μεσιτικά Γραφεία Θεσσαλονίκη,sale,land,650000,153.0,4248,,,,thessaloniki,Θεσσαλονίκη,Θεσσαλονίκη  Οικόπεδο - 153,,,https://kosmopolishouse.gr/wp-content/uploads/2020/10/gh.jpg,,,2026-09-27,2026-09-27T12:59:26Z
kosmopolishouse.gr,KOSMOPOLIS HOUSE (Αλεξιάδου Παρασκευή Π.),https://kosmopolishouse.gr/akinita/oikopedo-074,Οικόπεδο - 074 | Μεσιτικά Γραφεία Θεσσαλονίκη,sale,land,125000,2500.0,50,,,,thessaloniki,Θεσσαλονίκη,Θεσσαλονίκη  Οικόπεδο - 074,,,https://kosmopolishouse.gr/wp-content/uploads/2020/10/gh.jpg,,,2026-09-27,2026-09-27T12:59:27Z
kosmopolishouse.gr,KOSMOPOLIS HOUSE (Αλεξιάδου Παρασκευή Π.),https://kosmopolishouse.gr/akinita/oikopedo-003/,Οικόπεδο - 003 | Μεσιτικά Γραφεία Θεσσαλονίκη,sale,land,1600000,3800.0,421,,,,thessaloniki,Θεσσαλονίκη,Θεσσαλονίκη  Οικόπεδο - 003,,,https://kosmopolishouse.gr/wp-content/uploads/2020/10/gh.jpg,,,2026-09-27,2026-09-27T12:59:32Z
kosmopolishouse.gr,KOSMOPOLIS HOUSE (Αλεξιάδου Παρασκευή Π.),https://kosmopolishouse.gr/akinita/anakainismeni-gkarsoniera-006/,Ανακαινισμένη Γκαρσονιέρα - 006 | Μεσιτικά Γραφεία Θεσσαλονίκη,sale,studio,,45.0,,3,3,,thessaloniki,Θεσσαλονίκη,Θεσσαλονίκη  Ανακαινισμένη Γκαρσονιέρα - 006,,,,,,2026-09-27,2026-09-27T12:59:36Z
kosmopolishouse.gr,KOSMOPOLIS HOUSE (Αλεξιάδου Παρασκευή Π.),https://kosmopolishouse.gr/akinita/diamerisma-108/,Διαμέρισμα - 108 | Μεσιτικά Γραφεία Θεσσαλονίκη,sale,apartment,,80.0,,1,1,,thessaloniki,Θεσσαλονίκη,Θεσσαλονίκη  Διαμέρισμα - 108,,,https://kosmopolishouse.gr/wp-content/uploads/2026/09/1500-x-1000-2.jpg,,,2026-09-27,2026-09-27T12:59:43Z
kosmopolishouse.gr,KOSMOPOLIS HOUSE (Αλεξιάδου Παρασκευή Π.),https://kosmopolishouse.gr/akinita/gkarsoniera-089/,Γκαρσονιέρα - 089 | Μεσιτικά Γραφεία Θεσσαλονίκη,sale,studio,,55.0,,5,5,,thessaloniki,Θεσσαλονίκη,Θεσσαλονίκη  Γκαρσονιέρα - 089,,,https://kosmopolishouse.gr/wp-content/uploads/2026/08/1500-x-1000-2.jpg,,,2026-09-27,2026-09-27T12:59:47Z
kosmopolishouse.gr,KOSMOPOLIS HOUSE (Αλεξιάδου Παρασκευή Π.),https://kosmopolishouse.gr/akinita/gkarsoniera-023/,Γκαρσονιέρα - 023 | Μεσιτικά Γραφεία Θεσσαλονίκη,sale,studio,,48.0,,3,3,,thessaloniki,Θεσσαλονίκη,Θεσσαλονίκη  Γκαρσονιέρα - 023,,,,,,2026-09-27,2026-09-27T12:59:50Z
kosmopolishouse.gr,KOSMOPOLIS HOUSE (Αλεξιάδου Παρασκευή Π.),https://kosmopolishouse.gr/akinita/gkarsoniera-063,Γκαρσονιέρα - 063 | Μεσιτικά Γραφεία Θεσσαλονίκη,sale,studio,,48.0,,1,3,,thessaloniki,Θεσσαλονίκη,Θεσσαλονίκη  Γκαρσονιέρα - 063,,,https://kosmopolishouse.gr/wp-content/uploads/2026/08/1500-x-1000.jpg,,,2026-09-27,2026-09-27T12:59:51Z
kosmopolishouse.gr,KOSMOPOLIS HOUSE (Αλεξιάδου Παρασκευή Π.),https://kosmopolishouse.gr/akinita/diamerisma-059/,Διαμέρισμα - 059 | Μεσιτικά Γραφεία Θεσσαλονίκη,sale,apartment,,107.0,,1,1,1994,thessaloniki,Θεσσαλονίκη,Θεσσαλονίκη  Διαμέρισμα - 059,,,https://kosmopolishouse.gr/wp-content/uploads/2026/07/1500-x-1000-10-scaled.jpg,,,2026-09-27,2026-09-27T12:59:57Z
kosmopolishouse.gr,KOSMOPOLIS HOUSE (Αλεξιάδου Παρασκευή Π.),https://kosmopolishouse.gr/akinita/diamerisma-130/,Διαμέρισμα - 130 | Μεσιτικά Γραφεία Θεσσαλονίκη,sale,apartment,,95.0,,2,2,,thessaloniki,Θεσσαλονίκη,Θεσσαλονίκη  Διαμέρισμα - 130,,,https://kosmopolishouse.gr/wp-content/uploads/2026/07/1500-x-1000-13.jpg,,,2026-09-27,2026-09-27T13:00:02Z
kosmopolishouse.gr,KOSMOPOLIS HOUSE (Αλεξιάδου Παρασκευή Π.),https://kosmopolishouse.gr/akinita/diamerisma-092/,Διαμέρισμα - 092 | Μεσιτικά Γραφεία Θεσσαλονίκη,sale,apartment,,75.0,,5,5,,thessaloniki,Θεσσαλονίκη,Θεσσαλονίκη  Διαμέρισμα - 092,,,,,,2026-09-27,2026-09-27T13:00:06Z
kosmopolishouse.gr,KOSMOPOLIS HOUSE (Αλεξιάδου Παρασκευή Π.),https://kosmopolishouse.gr/akinita/katastima-191/,Κατάστημα - 191 | Μεσιτικά Γραφεία Θεσσαλονίκη,sale,store,,220.0,,,-1,,thessaloniki,Θεσσαλονίκη,Θεσσαλονίκη  Κατάστημα - 191,,,https://kosmopolishouse.gr/wp-content/uploads/2026/07/1500-x-1000.webp,,,2026-09-27,2026-09-27T13:00:09Z
kosmopolishouse.gr,KOSMOPOLIS HOUSE (Αλεξιάδου Παρασκευή Π.),https://kosmopolishouse.gr/akinita/katastima-009/,Κατάστημα - 009 | Μεσιτικά Γραφεία Θεσσαλονίκη,sale,store,,10.0,,,-1,,thessaloniki,Θεσσαλονίκη,Θεσσαλονίκη  Κατάστημα - 009,,,https://kosmopolishouse.gr/wp-content/uploads/2026/06/1500-x-1000-2.jpg,,,2026-09-27,2026-09-27T13:00:14Z
kosmopolishouse.gr,KOSMOPOLIS HOUSE (Αλεξιάδου Παρασκευή Π.),https://kosmopolishouse.gr/akinita/grafeio-033/,Γραφείο - 033 | Μεσιτικά Γραφεία Θεσσαλονίκη,sale,office,,55.0,,,7,,thessaloniki,Θεσσαλονίκη,Θεσσαλονίκη  Γραφείο - 033,,,https://kosmopolishouse.gr/wp-content/uploads/2026/04/1500-x-1000-1.jpg,,,2026-09-27,2026-09-27T13:00:17Z
theprosperty.com,PROSPERTY ΜΟΝΟΠΡΟΣΩΠΗ ΙΚΕ,https://theprosperty.com/listings/20243/,"Διαμέρισμα, 50 τ.μ., Παλαιό Φάληρο",,apartment,,50.0,,1.0,,1970,thessaloniki,Θεσσαλονίκη-Ανατολικά,,37.921224,23.7004643,https://d1klmnstaodrbh.cloudfront.net/eyJidWNrZXQiOiJ0aGVwcm9zcGVydHktcHJvZC1jbXJjMjAyMjExMTExNzIzMTQzODkxMDAwMDAwMDIiLCJrZXkiOiJsaXN0aW5nc1wvMjAyNDNcL2ltYWdlc1wvNzg1NzMxXC84ZDBhM2M3OC04Mzc1LTQ1YWItODk5MC02MDk3NTc0ZmY3MjguanBnIiwiZWRpdHMiOnsibmFtZSI6InNtIiwicmVzaXplIjp7IndpZHRoIjo1MDAsImZpdCI6ImNvbnRhaW4iLCJiYWNrZ3JvdW5kIjoiI0Y3RjlGQSJ9LCJ0b0Zvcm1hdCI6ImpwZyJ9fQ==,,,2026-09-27,2026-09-27T12:59:31Z
theprosperty.com,PROSPERTY ΜΟΝΟΠΡΟΣΩΠΗ ΙΚΕ,https://theprosperty.com/listings/20228/,"Οροφοδιαμέρισμα, 95 τ.μ., Νέα Ιωνία",,apartment,,95.0,,3.0,6,2006,unknown,,,38.0367208,23.7720347,https://d1klmnstaodrbh.cloudfront.net/eyJidWNrZXQiOiJ0aGVwcm9zcGVydHktcHJvZC1jbXJjMjAyMjExMTExNzIzMTQzODkxMDAwMDAwMDIiLCJrZXkiOiJsaXN0aW5nc1wvMjAyMjhcL2ltYWdlc1wvNzg1Mjk3XC83Zjc4ZDcwOS1kNTViLTQwMGItOWJkMC02ZTIxMDIyMDBjMTQuanBnIiwiZWRpdHMiOnsibmFtZSI6InNtIiwicmVzaXplIjp7IndpZHRoIjo1MDAsImZpdCI6ImNvbnRhaW4iLCJiYWNrZ3JvdW5kIjoiI0Y3RjlGQSJ9LCJ0b0Zvcm1hdCI6ImpwZyJ9fQ==,,,2026-09-27,2026-09-27T12:59:34Z
theprosperty.com,PROSPERTY ΜΟΝΟΠΡΟΣΩΠΗ ΙΚΕ,https://theprosperty.com/listings/20152/,"Διαμέρισμα, 134 τ.μ., Νάξος - Δρυμαλία",,apartment,,134.0,,3.0,1,1991,unknown,,,37.047268,25.495224,https://d1klmnstaodrbh.cloudfront.net/eyJidWNrZXQiOiJ0aGVwcm9zcGVydHktcHJvZC1jbXJjMjAyMjExMTExNzIzMTQzODkxMDAwMDAwMDIiLCJrZXkiOiJsaXN0aW5nc1wvMjAxNTJcL2ltYWdlc1wvNzgxMjA3XC8zZjY3ZjgxYi03MzczLTQzNmMtOWNkNi1hMjllY2Y2MzE3ZjUuanBnIiwiZWRpdHMiOnsibmFtZSI6InNtIiwicmVzaXplIjp7IndpZHRoIjo1MDAsImZpdCI6ImNvbnRhaW4iLCJiYWNrZ3JvdW5kIjoiI0Y3RjlGQSJ9LCJ0b0Zvcm1hdCI6ImpwZyJ9fQ==,,,2026-09-27,2026-09-27T12:59:37Z
theprosperty.com,PROSPERTY ΜΟΝΟΠΡΟΣΩΠΗ ΙΚΕ,https://theprosperty.com/listings/20109/,"Οροφοδιαμέρισμα, 91 τ.μ., Παλαιό Φάληρο",,apartment,,91.0,,2.0,5,1980,thessaloniki,Θεσσαλονίκη-Ανατολικά,,37.9312449,23.6946631,https://d1klmnstaodrbh.cloudfront.net/eyJidWNrZXQiOiJ0aGVwcm9zcGVydHktcHJvZC1jbXJjMjAyMjExMTExNzIzMTQzODkxMDAwMDAwMDIiLCJrZXkiOiJsaXN0aW5nc1wvMjAxMDlcL2ltYWdlc1wvNzc5MzY1XC81OTgyYzU1NS01ZDQ1LTQ5OTQtOTRiOC0xZTY2MDc1YTA5ZDAuanBnIiwiZWRpdHMiOnsibmFtZSI6InNtIiwicmVzaXplIjp7IndpZHRoIjo1MDAsImZpdCI6ImNvbnRhaW4iLCJiYWNrZ3JvdW5kIjoiI0Y3RjlGQSJ9LCJ0b0Zvcm1hdCI6ImpwZyJ9fQ==,,,2026-09-27,2026-09-27T12:59:40Z
theprosperty.com,PROSPERTY ΜΟΝΟΠΡΟΣΩΠΗ ΙΚΕ,https://theprosperty.com/listings/20099/,"Πολυκατοικία, 1650 τ.μ., Πύργος",,house,,1650.0,,36.0,6,1980,unknown,,,37.6750374,21.4347529,https://d1klmnstaodrbh.cloudfront.net/eyJidWNrZXQiOiJ0aGVwcm9zcGVydHktcHJvZC1jbXJjMjAyMjExMTExNzIzMTQzODkxMDAwMDAwMDIiLCJrZXkiOiJsaXN0aW5nc1wvMjAwOTlcL2ltYWdlc1wvNzc3ODUwXC9kODVhNTYyYi1iMzg3LTRkMjMtYjRlZC05NTU4ZjY0MmE2N2YuanBnIiwiZWRpdHMiOnsibmFtZSI6InNtIiwicmVzaXplIjp7IndpZHRoIjo1MDAsImZpdCI6ImNvbnRhaW4iLCJiYWNrZ3JvdW5kIjoiI0Y3RjlGQSJ9LCJ0b0Zvcm1hdCI6ImpwZyJ9fQ==,,,2026-09-27,2026-09-27T12:59:43Z
theprosperty.com,PROSPERTY ΜΟΝΟΠΡΟΣΩΠΗ ΙΚΕ,https://theprosperty.com/listings/20088/,"Διαμέρισμα, 56 τ.μ., Παγκράτι",sale,apartment,280000,56.0,5000,2.0,,1970,unknown,,,37.9678969,23.7468654,https://d1klmnstaodrbh.cloudfront.net/eyJidWNrZXQiOiJ0aGVwcm9zcGVydHktcHJvZC1jbXJjMjAyMjExMTExNzIzMTQzODkxMDAwMDAwMDIiLCJrZXkiOiJsaXN0aW5nc1wvMjAwODhcL2ltYWdlc1wvNzc3MTEyXC9lNDkyNTE1ZC0zNzIxLTQ5NDItYmVjNy0wMzMxYjY1ZTgxM2IuanBnIiwiZWRpdHMiOnsibmFtZSI6InNtIiwicmVzaXplIjp7IndpZHRoIjo1MDAsImZpdCI6ImNvbnRhaW4iLCJiYWNrZ3JvdW5kIjoiI0Y3RjlGQSJ9LCJ0b0Zvcm1hdCI6ImpwZyJ9fQ==,,,2026-09-27,2026-09-27T12:59:46Z
theprosperty.com,PROSPERTY ΜΟΝΟΠΡΟΣΩΠΗ ΙΚΕ,https://theprosperty.com/listings/18537/,"Συγκροτήματα, 720 τ.μ., Αχαρνές",,building,,720.0,,7.0,,2020,other,,,38.1392988,23.7492288,https://d1klmnstaodrbh.cloudfront.net/eyJidWNrZXQiOiJ0aGVwcm9zcGVydHktcHJvZC1jbXJjMjAyMjExMTExNzIzMTQzODkxMDAwMDAwMDIiLCJrZXkiOiJsaXN0aW5nc1wvMTg1MzdcL2ltYWdlc1wvNzE3ODY4XC8zM2FiNWZkMS1hYWRiLTQ1ZGEtODFhZC05NGJiNTAyMDgyNzEuanBnIiwiZWRpdHMiOnsibmFtZSI6InNtIiwicmVzaXplIjp7IndpZHRoIjo1MDAsImZpdCI6ImNvbnRhaW4iLCJiYWNrZ3JvdW5kIjoiI0Y3RjlGQSJ9LCJ0b0Zvcm1hdCI6ImpwZyJ9fQ==,,,2026-09-27,2026-09-27T12:59:49Z
theprosperty.com,PROSPERTY ΜΟΝΟΠΡΟΣΩΠΗ ΙΚΕ,https://theprosperty.com/listings/18439/,"Μονοκατοικία, 360 τ.μ., Αχαρνές",,house,,360.0,,4.0,,2020,other,,,38.1392481,23.7492824,https://d1klmnstaodrbh.cloudfront.net/eyJidWNrZXQiOiJ0aGVwcm9zcGVydHktcHJvZC1jbXJjMjAyMjExMTExNzIzMTQzODkxMDAwMDAwMDIiLCJrZXkiOiJsaXN0aW5nc1wvMTg0MzlcL2ltYWdlc1wvNzEzNDQxXC83ZjUxYzgxZC1lNGEwLTQxN2UtYmZmNC0yZDFkNTk4ZTI5YjQuanBnIiwiZWRpdHMiOnsibmFtZSI6InNtIiwicmVzaXplIjp7IndpZHRoIjo1MDAsImZpdCI6ImNvbnRhaW4iLCJiYWNrZ3JvdW5kIjoiI0Y3RjlGQSJ9LCJ0b0Zvcm1hdCI6ImpwZyJ9fQ==,,,2026-09-27,2026-09-27T12:59:52Z
theprosperty.com,PROSPERTY ΜΟΝΟΠΡΟΣΩΠΗ ΙΚΕ,https://theprosperty.com/listings/18376/,"Μονοκατοικία, 360 τ.μ., Αχαρνές",,house,,360.0,,3.0,,2020,other,,,38.1392481,23.7492824,https://d1klmnstaodrbh.cloudfront.net/eyJidWNrZXQiOiJ0aGVwcm9zcGVydHktcHJvZC1jbXJjMjAyMjExMTExNzIzMTQzODkxMDAwMDAwMDIiLCJrZXkiOiJsaXN0aW5nc1wvMTgzNzZcL2ltYWdlc1wvNzE0MTc1XC9iMDJmYzc1My1kMDg3LTQzNWQtOWExNi03MmIwZmZlODhhYmMuanBnIiwiZWRpdHMiOnsibmFtZSI6InNtIiwicmVzaXplIjp7IndpZHRoIjo1MDAsImZpdCI6ImNvbnRhaW4iLCJiYWNrZ3JvdW5kIjoiI0Y3RjlGQSJ9LCJ0b0Zvcm1hdCI6ImpwZyJ9fQ==,,,2026-09-27,2026-09-27T12:59:55Z
theprosperty.com,PROSPERTY ΜΟΝΟΠΡΟΣΩΠΗ ΙΚΕ,https://theprosperty.com/listings/17779/,"Βίλα, 360 τ.μ., Κουβαράς",,house,,360.0,,6.0,,2013,unknown,,,37.822033,23.991148,https://d1klmnstaodrbh.cloudfront.net/eyJidWNrZXQiOiJ0aGVwcm9zcGVydHktcHJvZC1jbXJjMjAyMjExMTExNzIzMTQzODkxMDAwMDAwMDIiLCJrZXkiOiJsaXN0aW5nc1wvMTc3NzlcL2ltYWdlc1wvNzU3NDQ1XC9mMGY4NjU5Ni0zNmQzLTQxNTgtOWYzNi1mOTgzN2RmM2MwZjQuanBnIiwiZWRpdHMiOnsibmFtZSI6InNtIiwicmVzaXplIjp7IndpZHRoIjo1MDAsImZpdCI6ImNvbnRhaW4iLCJiYWNrZ3JvdW5kIjoiI0Y3RjlGQSJ9LCJ0b0Zvcm1hdCI6ImpwZyJ9fQ==,,,2026-09-27,2026-09-27T12:59:58Z
theprosperty.com,PROSPERTY ΜΟΝΟΠΡΟΣΩΠΗ ΙΚΕ,https://theprosperty.com/listings/17607/,"Βίλα, 303 τ.μ., Παλαιά Φώκαια",,house,,303.0,,6.0,,2004,unknown,,,37.6790209,23.9439823,https://d1klmnstaodrbh.cloudfront.net/eyJidWNrZXQiOiJ0aGVwcm9zcGVydHktcHJvZC1jbXJjMjAyMjExMTExNzIzMTQzODkxMDAwMDAwMDIiLCJrZXkiOiJsaXN0aW5nc1wvMTc2MDdcL2ltYWdlc1wvNjc2NzY1XC8xNjQ2NDIxOS0xMTRmLTRkYjEtYTliZC0yN2EyYWUxMmVhZDcuanBnIiwiZWRpdHMiOnsibmFtZSI6InNtIiwicmVzaXplIjp7IndpZHRoIjo1MDAsImZpdCI6ImNvbnRhaW4iLCJiYWNrZ3JvdW5kIjoiI0Y3RjlGQSJ9LCJ0b0Zvcm1hdCI6ImpwZyJ9fQ==,,,2026-09-27,2026-09-27T13:00:01Z
theprosperty.com,PROSPERTY ΜΟΝΟΠΡΟΣΩΠΗ ΙΚΕ,https://theprosperty.com/listings/17199/,"Διαμέρισμα, 120 τ.μ., Λεωφ. Πατησίων - Λεωφ. Αχαρνών",,apartment,,120.0,,2.0,2,1980,unknown,,,37.9975922,23.7313061,https://d1klmnstaodrbh.cloudfront.net/eyJidWNrZXQiOiJ0aGVwcm9zcGVydHktcHJvZC1jbXJjMjAyMjExMTExNzIzMTQzODkxMDAwMDAwMDIiLCJrZXkiOiJsaXN0aW5nc1wvMTcxOTlcL2ltYWdlc1wvNzc1ODY4XC8xZmYxZWE0MS05ZDg5LTRmNWQtYWI4Yy02YzBlNDBjNzdkMjUuanBnIiwiZWRpdHMiOnsibmFtZSI6InNtIiwicmVzaXplIjp7IndpZHRoIjo1MDAsImZpdCI6ImNvbnRhaW4iLCJiYWNrZ3JvdW5kIjoiI0Y3RjlGQSJ9LCJ0b0Zvcm1hdCI6ImpwZyJ9fQ==,,,2026-09-27,2026-09-27T13:00:04Z
theprosperty.com,PROSPERTY ΜΟΝΟΠΡΟΣΩΠΗ ΙΚΕ,https://theprosperty.com/listings/20087/,"Διαμέρισμα, 60 τ.μ., Παγκράτι",,apartment,,60.0,,2.0,,1970,unknown,,,37.9677912,23.7469351,https://d1klmnstaodrbh.cloudfront.net/eyJidWNrZXQiOiJ0aGVwcm9zcGVydHktcHJvZC1jbXJjMjAyMjExMTExNzIzMTQzODkxMDAwMDAwMDIiLCJrZXkiOiJsaXN0aW5nc1wvMjAwODdcL2ltYWdlc1wvNzc3MDk4XC9lYzRkYjhhMC03NjUxLTQyZTAtOGRmNC04MDJmM2VlNGZmZDMuanBnIiwiZWRpdHMiOnsibmFtZSI6InNtIiwicmVzaXplIjp7IndpZHRoIjo1MDAsImZpdCI6ImNvbnRhaW4iLCJiYWNrZ3JvdW5kIjoiI0Y3RjlGQSJ9LCJ0b0Zvcm1hdCI6ImpwZyJ9fQ==,,,2026-09-27,2026-09-27T13:00:07Z
theprosperty.com,PROSPERTY ΜΟΝΟΠΡΟΣΩΠΗ ΙΚΕ,https://theprosperty.com/listings/20085/,"Διαμέρισμα, 97 τ.μ., Αττική",,apartment,,97.0,,2.0,5,1979,other,,,38.0033877,23.7236451,https://d1klmnstaodrbh.cloudfront.net/eyJidWNrZXQiOiJ0aGVwcm9zcGVydHktcHJvZC1jbXJjMjAyMjExMTExNzIzMTQzODkxMDAwMDAwMDIiLCJrZXkiOiJsaXN0aW5nc1wvMjAwODVcL2ltYWdlc1wvNzc3MDUwXC9kOWQxNzUzNC1hZDk0LTRiMGUtODgwZC05NWVmNjQ5MDgwZTAuanBnIiwiZWRpdHMiOnsibmFtZSI6InNtIiwicmVzaXplIjp7IndpZHRoIjo1MDAsImZpdCI6ImNvbnRhaW4iLCJiYWNrZ3JvdW5kIjoiI0Y3RjlGQSJ9LCJ0b0Zvcm1hdCI6ImpwZyJ9fQ==,,,2026-09-27,2026-09-27T13:00:10Z
theprosperty.com,PROSPERTY ΜΟΝΟΠΡΟΣΩΠΗ ΙΚΕ,https://theprosperty.com/listings/19907/,"Διαμέρισμα, 75 τ.μ., Πατήσια",sale,apartment,90000,75.0,1200,2.0,2,1970,unknown,,,38.0132888,23.732263,https://d1klmnstaodrbh.cloudfront.net/eyJidWNrZXQiOiJ0aGVwcm9zcGVydHktcHJvZC1jbXJjMjAyMjExMTExNzIzMTQzODkxMDAwMDAwMDIiLCJrZXkiOiJsaXN0aW5nc1wvMTk5MDdcL2ltYWdlc1wvNzY5MDMwXC9kYTNiOWI2MC1kMzljLTQxYzUtOTNmMC0wMGQxZDEyMDRkNjcuanBnIiwiZWRpdHMiOnsibmFtZSI6InNtIiwicmVzaXplIjp7IndpZHRoIjo1MDAsImZpdCI6ImNvbnRhaW4iLCJiYWNrZ3JvdW5kIjoiI0Y3RjlGQSJ9LCJ0b0Zvcm1hdCI6ImpwZyJ9fQ==,,,2026-09-27,2026-09-27T13:00:13Z
theprosperty.com,PROSPERTY ΜΟΝΟΠΡΟΣΩΠΗ ΙΚΕ,https://theprosperty.com/pwliseis-katoikiwn/pollaples-periohes-14449-14502-14635/,"Πωλήσεις Κατοικιών Θεσσαλονίκη - Δήμος, Θεσσαλονίκη - Υπόλ. Νομού, Θεσσαλονίκη - Περιφ/κοί δήμοι",sale,,140000,151.0,927,3,4,,thessaloniki,Θεσσαλονίκη,Θεσσαλονίκη - Δήμος,,,https://theprosperty-prod-cmrc-feed20240110090145413100000001.s3.eu-west-1.amazonaws.com/691657/phpq1csksv48c7s6LMbBGN.jpeg,,,2026-09-27,2026-09-27T13:00:16Z
theprosperty.com,PROSPERTY ΜΟΝΟΠΡΟΣΩΠΗ ΙΚΕ,https://theprosperty.com/pwliseis-katoikiwn/pollaples-periohes-3552-6762-10756-13378/,"Πωλήσεις Κατοικιών Ν. Χανίων, Ν. Ηρακλείου, Ν. Λασιθίου, Ν. Ρεθύμνου",sale,,420000,184.0,2283,15,2,,unknown,,,,,https://theprosperty-prod-cmrc-feed20240110090145413100000001.s3.eu-west-1.amazonaws.com/691657/phpq1csksv48c7s6LMbBGN.jpeg,,,2026-09-27,2026-09-27T13:00:19Z
mesitiki.net,Mesitiki.net,https://mesitiki.net/el/property/3063,"mesitiki.net I.K.E. - Κατάστημα, 50τ.μ., €125.000 - Καμίνια",sale,store,125000,50.0,2500,,ισόγειο,2003,thessaloniki,Θεσσαλονίκη,Θεσσαλονίκη,,,https://abroker-app.s3.eu-central-1.amazonaws.com/11/properties/98113/watermark/T64pRVq5cF.jpg,,,2026-09-27,2026-09-27T12:58:55Z
mesitiki.net,Mesitiki.net,https://mesitiki.net/el/property/3062,"mesitiki.net I.K.E. - Διαμέρισμα, 53τ.μ., €104.000 - Καλλιθέα - Τζιτζιφιές",sale,apartment,104000,53.0,1962,1,5,1972,thessaloniki,Θεσσαλονίκη,Θεσσαλονίκη,,,https://abroker-app.s3.eu-central-1.amazonaws.com/11/properties/97769/watermark/oWsRVnPXWL.jpg,,,2026-09-27,2026-09-27T12:58:58Z
mesitiki.net,Mesitiki.net,https://mesitiki.net/el/property/3061,"mesitiki.net I.K.E. - Γραφείο, 70τ.μ., €350 - Συκιές - Επταπύργιο",rent,office,350,70.0,5,,ισόγειο,1990,thessaloniki,Νεάπολη-Συκιές,Συκιές,,,https://abroker-app.s3.eu-central-1.amazonaws.com/11/properties/97702/watermark/u7MFuJZFLH.jpg,,,2026-09-27,2026-09-27T12:59:01Z
mesitiki.net,Mesitiki.net,https://mesitiki.net/el/property/3058,"mesitiki.net I.K.E. - Διαμέρισμα, 135τ.μ., €2.500 - Κολωνάκι",rent,apartment,2500,135.0,19,3,1,1975,thessaloniki,Θεσσαλονίκη,Θεσσαλονίκη,,,https://abroker-app.s3.eu-central-1.amazonaws.com/11/properties/97106/watermark/bfv06o3FZM.jpg,,,2026-09-27,2026-09-27T12:59:04Z
mesitiki.net,Mesitiki.net,https://mesitiki.net/el/property/3055,"mesitiki.net I.K.E. - Διαμέρισμα, 98τ.μ., €285.000 - Καλαμαριά - Νέα Κρήνη",sale,apartment,285000,98.0,2908,3,4,1999,thessaloniki,Καλαμαριά,Καλαμαριά,,,https://abroker-app.s3.eu-central-1.amazonaws.com/11/properties/96843/watermark/qZzmLDX8K1.jpg,,,2026-09-27,2026-09-27T12:59:07Z
mesitiki.net,Mesitiki.net,https://mesitiki.net/el/property/3050,"mesitiki.net I.K.E. - Οικόπεδο, 1.968τ.μ., €870.000 - Άνδρος - Γαύριο",sale,land,870000,968.0,899,,,,thessaloniki,Θεσσαλονίκη,Θεσσαλονίκη,,,https://abroker-app.s3.eu-central-1.amazonaws.com/11/properties/96307/watermark/a888dDWhAn.jpg,,,2026-09-27,2026-09-27T12:59:10Z
mesitiki.net,Mesitiki.net,https://mesitiki.net/el/property/3049,"mesitiki.net I.K.E. - Οικόπεδο, 549τ.μ., €330.000 - Άνδρος - Γαύριο",sale,land,330000,549.0,601,,,,thessaloniki,Θεσσαλονίκη,Θεσσαλονίκη,,,https://abroker-app.s3.eu-central-1.amazonaws.com/11/properties/96305/watermark/HgDz7AYamG.jpg,,,2026-09-27,2026-09-27T12:59:13Z
mesitiki.net,Mesitiki.net,https://mesitiki.net/el/property/3048,"mesitiki.net I.K.E. - Αγροτεμάχιο, 3.250τ.μ., €97.500 - Βασιλικά - Λουτρά Θέρμης",sale,land,97500,250.0,390,,,,thessaloniki,Θέρμη,Θέρμη,,,https://abroker-app.s3.eu-central-1.amazonaws.com/11/properties/95997/watermark/ph7Q23eTVA.jpg,,,2026-09-27,2026-09-27T12:59:16Z
mesitiki.net,Mesitiki.net,https://mesitiki.net/el/property/3065,"mesitiki.net I.K.E. - Διαμέρισμα, 135τ.μ., €2.800 - Αθήνα - Νότια Προάστια - Βούλα",rent,apartment,2800,135.0,21,2,1,2003,other,,Θεσσαλονίκη,,,https://abroker-app.s3.eu-central-1.amazonaws.com/11/properties/98266/watermark/o2mHK4OFGU.jpg,,,2026-09-27,2026-09-27T12:59:19Z
mesitiki.net,Mesitiki.net,https://mesitiki.net/el/property/3040,"mesitiki.net I.K.E. - Διαμέρισμα, 72τ.μ., €108.000 - Βούλγαρη - Ντεπώ - Μαρτίου - Βούλγαρη - Άγιος Ελευθέριος",sale,apartment,108000,72.0,1500,2,3,1965,thessaloniki,Κορδελιό-Εύοσμος,Θεσσαλονίκη,,,https://abroker-app.s3.eu-central-1.amazonaws.com/11/properties/95363/watermark/ZyyJtwpdc2.jpg,,,2026-09-27,2026-09-27T12:59:22Z
mesitiki.net,Mesitiki.net,https://mesitiki.net/el/property/3053,"mesitiki.net I.K.E. - Loft, 30τ.μ., €79.000 - Βούλγαρη - Ντεπώ - Μαρτίου - Βούλγαρη - Άγιος Ελευθέριος",sale,,79000,30.0,2633,1,ισόγειο,1986,thessaloniki,Κορδελιό-Εύοσμος,Θεσσαλονίκη,,,https://abroker-app.s3.eu-central-1.amazonaws.com/11/properties/96554/watermark/M0NL2fFw7Y.jpg,,,2026-09-27,2026-09-27T12:59:25Z
mesitiki.net,Mesitiki.net,https://mesitiki.net/el/property/2991,"mesitiki.net I.K.E. - Μεζονέτα, 130τ.μ., €205.000 - Θερμαϊκός - Περαία",sale,maisonette,205000,130.0,1577,3,ισόγειο,1997,thessaloniki,Θερμαϊκός,Περαία,,,https://abroker-app.s3.eu-central-1.amazonaws.com/11/properties/91502/watermark/ilhKS12ejz.jpg,,,2026-09-27,2026-09-27T12:59:28Z
mesitiki.net,Mesitiki.net,https://mesitiki.net/el/property/3052,"mesitiki.net I.K.E. - Κατάστημα, 35τ.μ., €750 - Τούμπα - Άνω Τούμπα",rent,store,750,35.0,21,,ισόγειο,1980,thessaloniki,Θεσσαλονίκη-Ανατολικά,Τούμπα,,,https://abroker-app.s3.eu-central-1.amazonaws.com/11/properties/96449/watermark/B1OC4kwRqH.jpg,,,2026-09-27,2026-09-27T12:59:31Z
mesitiki.net,Mesitiki.net,https://mesitiki.net/el/property/2833,"mesitiki.net I.K.E. - Κατάστημα, 68τ.μ., €460 - Καμίνια",rent,store,460,68.0,7,,ισόγειο,1983,thessaloniki,Θεσσαλονίκη,Θεσσαλονίκη,,,https://abroker-app.s3.eu-central-1.amazonaws.com/11/properties/75524/watermark/FmXMf31hpB.jpg,,,2026-09-27,2026-09-27T12:59:34Z
mesitiki.net,Mesitiki.net,https://mesitiki.net/el/property/2442,"mesitiki.net I.K.E. - Διαμέρισμα, 150τ.μ., €430.000 - Καλαμαριά - Αρετσού",sale,apartment,430000,150.0,2867,3,3,1990,thessaloniki,Καλαμαριά,Καλαμαριά,,,https://abroker-app.s3.eu-central-1.amazonaws.com/11/properties/30137/watermark/aTDHkqvbf7.jpg,,,2026-09-27,2026-09-27T12:59:37Z
mesitiki.net,Mesitiki.net,https://mesitiki.net/el/property/3012,"mesitiki.net I.K.E. - Οικόπεδο, 3.387τ.μ., €1.400.000 - Άνδρος - Γαύριο",sale,land,1400000,387.0,3618,,,,thessaloniki,Θεσσαλονίκη,Θεσσαλονίκη,,,https://abroker-app.s3.eu-central-1.amazonaws.com/11/properties/92968/watermark/WwWFybOaTj.jpg,,,2026-09-27,2026-09-27T12:59:40Z
mesitiki.net,Mesitiki.net,https://mesitiki.net/el/property/2162,"mesitiki.net I.K.E. - Στούντιο/Γκαρσονιέρα, 42τ.μ., €500 - Θερμαϊκός - Νέοι Επιβάτες",rent,studio,500,42.0,12,1,3,1996,thessaloniki,Θερμαϊκός,Θεσσαλονίκη,,,https://abroker-app.s3.eu-central-1.amazonaws.com/11/properties/29853/watermark/sQcoSMrB8a.jpg,,,2026-09-27,2026-09-27T12:59:43Z
mesitiki.net,Mesitiki.net,https://mesitiki.net/el/property/2973,"mesitiki.net I.K.E. - Μονοκατοικία, 70τ.μ., €138.000 - Κασσάνδρα - Νέα Φώκαια",sale,house,138000,70.0,1971,2,ισόγειο,1981,other,,Θεσσαλονίκη,,,https://abroker-app.s3.eu-central-1.amazonaws.com/11/properties/90844/watermark/Vc2eHE0pfM.jpg,,,2026-09-27,2026-09-27T12:59:46Z
mesitiki.net,Mesitiki.net,https://mesitiki.net/el/property/2873,"mesitiki.net I.K.E. - Στούντιο/Γκαρσονιέρα, 40τ.μ., €400 - Μπότσαρη",rent,studio,400,40.0,10,,,1973,thessaloniki,Θεσσαλονίκη-Ανατολικά,Θεσσαλονίκη,,,https://abroker-app.s3.eu-central-1.amazonaws.com/11/properties/81425/watermark/7wee8arxCJ.jpg,,,2026-09-27,2026-09-27T12:59:49Z
mesitiki.net,Mesitiki.net,https://mesitiki.net/el/property/2570,"mesitiki.net I.K.E. - Κατάστημα, 49τ.μ., €450 - Μαρτίου",rent,store,450,49.0,9,,ισόγειο,1980,thessaloniki,Θεσσαλονίκη-Ανατολικά,Θεσσαλονίκη,,,https://abroker-app.s3.eu-central-1.amazonaws.com/11/properties/41328/watermark/yIvAXnQSRw.jpg,,,2026-09-27,2026-09-27T12:59:52Z
mesitiki.net,Mesitiki.net,https://mesitiki.net/el/property/2588,"mesitiki.net I.K.E. - Μονοκατοικία, 190τ.μ., €150.000 - Επανομή - Λεύκες",sale,house,150000,190.0,789,4,ισόγειο,2016,thessaloniki,Θερμαϊκός,Επανομή,,,https://abroker-app.s3.eu-central-1.amazonaws.com/11/properties/42265/watermark/sZTcylUKhc.jpg,,,2026-09-27,2026-09-27T12:59:55Z
mesitiki.net,Mesitiki.net,https://mesitiki.net/el/property/2867,"mesitiki.net I.K.E. - Μεζονέτα, 114τ.μ., €200.000 - Πεύκα - Στροφή Φιλύρου",sale,maisonette,200000,114.0,1754,3,ισόγειο,2006,thessaloniki,Χορτιάτης,Θεσσαλονίκη,,,https://abroker-app.s3.eu-central-1.amazonaws.com/11/properties/80934/watermark/tjfCPW1kKb.jpg,,,2026-09-27,2026-09-27T12:59:58Z
mesitiki.net,Mesitiki.net,https://mesitiki.net/el/property/3038,"mesitiki.net I.K.E. - Γραφείο, 109τ.μ., €1.800 - Ιλίσια - Hilton",rent,office,1800,109.0,17,,2,1958,thessaloniki,Θεσσαλονίκη,Θεσσαλονίκη,,,https://abroker-app.s3.eu-central-1.amazonaws.com/11/properties/95302/watermark/jshrG8AdK5.jpg,,,2026-09-27,2026-09-27T13:00:01Z
mesitiki.net,Mesitiki.net,https://mesitiki.net/el/property/3042,"mesitiki.net I.K.E. - Οικόπεδο, 160τ.μ., €230.000 - Πειραιάς - Ταμπούρια – Αγία Σοφία",sale,land,230000,160.0,1438,,,,other,,Θεσσαλονίκη,,,https://abroker-app.s3.eu-central-1.amazonaws.com/11/properties/95524/watermark/MOGGP46TmV.jpg,,,2026-09-27,2026-09-27T13:00:04Z
mesitiki.net,Mesitiki.net,https://mesitiki.net/el/property/3044,"mesitiki.net I.K.E. - Οικόπεδο, 1.500τ.μ., €3.000.000 - Αγία Σοφία",sale,land,3000000,500.0,6000,,,,thessaloniki,Θεσσαλονίκη-Κέντρο,Θεσσαλονίκη,,,https://abroker-app.s3.eu-central-1.amazonaws.com/11/properties/95814/watermark/DZQifAN9dr.jpg,,,2026-09-27,2026-09-27T13:00:07Z
mesitiki.net,Mesitiki.net,https://mesitiki.net/el/property/2727,"mesitiki.net I.K.E. - Αποθήκη, 350τ.μ., €90.000 - Μαρτίου",sale,warehouse,90000,350.0,257,,ημιυπόγειο,1973,thessaloniki,Θεσσαλονίκη-Ανατολικά,Θεσσαλονίκη,,,https://abroker-app.s3.eu-central-1.amazonaws.com/11/properties/59847/watermark/TKqzJliSJr.jpg,,,2026-09-27,2026-09-27T13:00:10Z
mesitiki.net,Mesitiki.net,https://mesitiki.net/el/property/3060,"mesitiki.net I.K.E. - Στούντιο/Γκαρσονιέρα, 23τ.μ., €380 - Βαρδάρης",rent,studio,380,23.0,17,,2,1990,thessaloniki,Θεσσαλονίκη-Κέντρο,Θεσσαλονίκη,,,https://abroker-app.s3.eu-central-1.amazonaws.com/11/properties/97648/watermark/Id1y4PUOjr.jpg,,,2026-09-27,2026-09-27T13:00:13Z
mesitiki.net,Mesitiki.net,https://mesitiki.net/el/property/3001,"mesitiki.net I.K.E. - Οικόπεδο, 585τ.μ., €130.000 - Κασσάνδρα - Νέα Φώκαια",sale,land,130000,585.0,222,,,,other,,Θεσσαλονίκη,,,https://abroker-app.s3.eu-central-1.amazonaws.com/11/properties/92118/watermark/gWmuTOB4ol.jpg,,,2026-09-27,2026-09-27T13:00:16Z
mesitiki.net,Mesitiki.net,https://mesitiki.net/el/property/3025,"mesitiki.net I.K.E. - Μονοκατοικία, 255τ.μ., €420.000 - Χορτιάτης - Φίλυρο",sale,house,420000,255.0,1647,4,ισόγειο,2004,thessaloniki,Χορτιάτης,Θεσσαλονίκη,,,https://abroker-app.s3.eu-central-1.amazonaws.com/11/properties/94096/watermark/NVW2zsKAm8.jpg,,,2026-09-27,2026-09-27T13:00:19Z
mesitiki.net,Mesitiki.net,https://mesitiki.net/el/property/2983,"mesitiki.net I.K.E. - Διαμέρισμα, 45τ.μ., €170.000 - Πειραιάς - Ταμπούρια – Αγία Σοφία",sale,apartment,170000,45.0,3778,1,4,1980,other,,Θεσσαλονίκη,,,https://abroker-app.s3.eu-central-1.amazonaws.com/11/properties/91361/watermark/o2mjhBuDum.jpg,,,2026-09-27,2026-09-27T13:00:22Z
lamprakirealestate.gr,LAMPRAKI REAL ESTATE (Τάσσου Δημήτριος Γ.),https://lamprakirealestate.gr/property/12608/Katastima-Ypoloipo%20kentrou%20Thessalonikis,Κατάστημα 320 τ.μ. - Μεσιτικό Γραφείο Lampraki Real Estate,sale,store,700000,320.0,2188,,ισόγειο,1975,thessaloniki,Θεσσαλονίκη,Θεσσαλονίκης,,,https://lamprakirealestate.gr/images/properties/126087654.jpg,,,2026-09-27,2026-09-27T13:00:09Z
lamprakirealestate.gr,LAMPRAKI REAL ESTATE (Τάσσου Δημήτριος Γ.),https://lamprakirealestate.gr/property/12549/Apothiki-Ano%20Toumpa,Αποθήκη 150 τ.μ. - Μεσιτικό Γραφείο Lampraki Real Estate,,warehouse,20000,150.0,133,,υπόγειο,1978,thessaloniki,Θεσσαλονίκη-Ανατολικά,Θεσσαλονίκης,,,https://lamprakirealestate.gr/images/properties/125492731.jpg,,,2026-09-27,2026-09-27T13:00:27Z
lamprakirealestate.gr,LAMPRAKI REAL ESTATE (Τάσσου Δημήτριος Γ.),https://lamprakirealestate.gr/property/12472/Katastima-Mpotsari,"(Προς Πώληση) Επαγγελματικός Χώρος Κατάστημα || Θεσσαλονίκη Κέντρο/Θεσσαλονίκη - 70 τ.μ, 155.000€ - Μεσιτικό Γραφείο Lampraki Real Estate",sale,store,155000,70.0,2214,,ισόγειο,1965,thessaloniki,Θεσσαλονίκη,Θεσσαλονίκη Κέντρο/Θεσσαλονίκη - 70 τ.μ,,,https://lamprakirealestate.gr/images/properties/124721465.jpg,,,2026-09-27,2026-09-27T13:00:33Z
katikia.com.gr,REAL ESTATE AGGELOGLOU,https://katikia.com.gr/el/property/2206,"Μεσιτικό γραφείο Αγγέλογλου - Αγροτεμάχιο, 11.648τ.μ., €500 - Μίκρα - Τρίλοφο",rent,land,500,648.0,1,,,,thessaloniki,Θεσσαλονίκη,Θεσσαλονίκη,,,,,,2026-09-27,2026-09-27T12:59:16Z
katikia.com.gr,REAL ESTATE AGGELOGLOU,https://katikia.com.gr/el/property/2129,"Μεσιτικό γραφείο Αγγέλογλου - Αγροτεμάχιο, 11.648τ.μ., €180.000 - Μίκρα - Τρίλοφο",sale,land,180000,648.0,278,,,,thessaloniki,Θεσσαλονίκη,Θεσσαλονίκη,,,,,,2026-09-27,2026-09-27T12:59:19Z
katikia.com.gr,REAL ESTATE AGGELOGLOU,https://katikia.com.gr/el/property/2043,"Μεσιτικό γραφείο Αγγέλογλου - Διαμέρισμα, 48τ.μ., €130.000 - Μπότσαρη",sale,apartment,130000,48.0,2708,1,1,2024,thessaloniki,Θεσσαλονίκη-Ανατολικά,Θεσσαλονίκη,,,,,,2026-09-27,2026-09-27T12:59:22Z
katikia.com.gr,REAL ESTATE AGGELOGLOU,https://katikia.com.gr/el/property/2027,"Μεσιτικό γραφείο Αγγέλογλου - Οικόπεδο, 3.500τ.μ., €80.000 - Μηχανιώνα - Αγγελοχώρι",sale,land,80000,500.0,160,,,,thessaloniki,Θερμαϊκός,Θεσσαλονίκη 546 45,,,https://abroker-app.s3.eu-central-1.amazonaws.com/22/properties/59133/watermark/qXlUMF4cxY.jpg,,,2026-09-27,2026-09-27T12:59:25Z
katikia.com.gr,REAL ESTATE AGGELOGLOU,https://katikia.com.gr/el/property/2026,"Μεσιτικό γραφείο Αγγέλογλου - Διαμέρισμα, 68τ.μ., €235.000 - Τούμπα - Άνω Τούμπα",sale,apartment,235000,68.0,3456,2,3,1970,thessaloniki,Θεσσαλονίκη-Ανατολικά,Τούμπα,,,https://abroker-app.s3.eu-central-1.amazonaws.com/22/properties/59102/watermark/mgsMPVgZcA.jpg,,,2026-09-27,2026-09-27T12:59:28Z
katikia.com.gr,REAL ESTATE AGGELOGLOU,https://katikia.com.gr/el/property/2517,"Μεσιτικό γραφείο Αγγέλογλου - Άλλου είδους επαγγελματικό, 4τ.μ., €300 - Καλαμαριά - Κέντρο",rent,office,300,,,,ισόγειο,2018,thessaloniki,Καλαμαριά,Καλαμαριά,,,https://abroker-app.s3.eu-central-1.amazonaws.com/22/properties/98355/watermark/UmNYADCTfW.jpg,,,2026-09-27,2026-09-27T12:59:31Z
katikia.com.gr,REAL ESTATE AGGELOGLOU,https://katikia.com.gr/el/property/2516,"Μεσιτικό γραφείο Αγγέλογλου - Στούντιο/Γκαρσονιέρα, 25τ.μ., €330 - Δ. Αγίου Παύλου - Άγιος Παύλος",rent,studio,330,25.0,13,,1,2007,thessaloniki,Θεσσαλονίκη,Θεσσαλονίκη,,,https://abroker-app.s3.eu-central-1.amazonaws.com/22/properties/98322/watermark/sO3cMPN2Qr.jpg,,,2026-09-27,2026-09-27T12:59:34Z
katikia.com.gr,REAL ESTATE AGGELOGLOU,https://katikia.com.gr/el/property/2501,"Μεσιτικό γραφείο Αγγέλογλου - Διαμέρισμα, 50τ.μ., €65.000 - Σταυρούπολη - Πρόνοια",sale,apartment,65000,50.0,1300,1,,1972,thessaloniki,Παύλος Μελάς,Σταυρούπολη,,,https://abroker-app.s3.eu-central-1.amazonaws.com/22/properties/97569/watermark/4na4biWA8C.jpg,,,2026-09-27,2026-09-27T12:59:37Z
katikia.com.gr,REAL ESTATE AGGELOGLOU,https://katikia.com.gr/el/property/2508,"Μεσιτικό γραφείο Αγγέλογλου - Διαμέρισμα, 35τ.μ., €100.000 - Κασσάνδρα - Καλλιθέα",sale,apartment,100000,35.0,2857,1,1,1980,other,,Θεσσαλονίκη,,,https://abroker-app.s3.eu-central-1.amazonaws.com/22/properties/97762/watermark/tDuwExThxV.jpg,,,2026-09-27,2026-09-27T12:59:40Z
katikia.com.gr,REAL ESTATE AGGELOGLOU,https://katikia.com.gr/el/property/2515,"Μεσιτικό γραφείο Αγγέλογλου - Διαμέρισμα, 55τ.μ., €400 - Ανάληψη",rent,apartment,400,55.0,7,1,1,1972,thessaloniki,Θεσσαλονίκη-Ανατολικά,Θεσσαλονίκη,,,https://abroker-app.s3.eu-central-1.amazonaws.com/22/properties/98294/watermark/o9NoCkgjzO.jpg,,,2026-09-27,2026-09-27T12:59:43Z
katikia.com.gr,REAL ESTATE AGGELOGLOU,https://katikia.com.gr/el/property/2514,"Μεσιτικό γραφείο Αγγέλογλου - Κατάστημα, 35τ.μ., €650 - Μπότσαρη",rent,store,650,35.0,19,,ισόγειο,1979,thessaloniki,Θεσσαλονίκη-Ανατολικά,Θεσσαλονίκη,,,https://abroker-app.s3.eu-central-1.amazonaws.com/22/properties/98251/watermark/zuG4rLRjyp.jpg,,,2026-09-27,2026-09-27T12:59:46Z
katikia.com.gr,REAL ESTATE AGGELOGLOU,https://katikia.com.gr/el/property/2495,"Μεσιτικό γραφείο Αγγέλογλου - Loft, 26τ.μ., €92.000 - Μπότσαρη",sale,office,92000,26.0,3538,1,ισόγειο,1973,thessaloniki,Θεσσαλονίκη-Ανατολικά,Θεσσαλονίκη,,,https://abroker-app.s3.eu-central-1.amazonaws.com/22/properties/97014/watermark/X7hfK1m5Cc.jpg,,,2026-09-27,2026-09-27T12:59:49Z
katikia.com.gr,REAL ESTATE AGGELOGLOU,https://katikia.com.gr/el/property/2489,"Μεσιτικό γραφείο Αγγέλογλου - Διαμέρισμα, 85τ.μ., €150.000 - Ανάληψη",sale,apartment,150000,85.0,1765,2,4,1976,thessaloniki,Θεσσαλονίκη-Ανατολικά,Θεσσαλονίκης. Ένα διαμέρισμα που συνδυάζει άνεση,,,https://abroker-app.s3.eu-central-1.amazonaws.com/22/properties/96819/watermark/FmRY4EIE2r.jpg,,,2026-09-27,2026-09-27T12:59:52Z
katikia.com.gr,REAL ESTATE AGGELOGLOU,https://katikia.com.gr/el/property/2124,"Μεσιτικό γραφείο Αγγέλογλου - Αγροτεμάχιο, 6.500τ.μ., €150.000 - Μεθώνη - Μακρύγιαλος",sale,land,150000,500.0,300,,,,thessaloniki,Θεσσαλονίκη,Θεσσαλονίκη,,,https://abroker-app.s3.eu-central-1.amazonaws.com/22/properties/66060/watermark/srS4C2X4ha.jpg,,,2026-09-27,2026-09-27T12:59:55Z
katikia.com.gr,REAL ESTATE AGGELOGLOU,https://katikia.com.gr/el/property/2462,"Μεσιτικό γραφείο Αγγέλογλου - Διαμέρισμα, 52τ.μ., €152.000 - Κασσάνδρα - Άφυτος",sale,apartment,152000,52.0,2923,2,2,2008,other,,Θεσσαλονίκη,,,https://abroker-app.s3.eu-central-1.amazonaws.com/22/properties/95132/watermark/dwousgRBdL.jpg,,,2026-09-27,2026-09-27T12:59:58Z
katikia.com.gr,REAL ESTATE AGGELOGLOU,https://katikia.com.gr/el/property/2482,"Μεσιτικό γραφείο Αγγέλογλου - Αγροτεμάχιο, 250τ.μ., €50.000 - Τριγλία - Νέα Πλάγια",sale,land,50000,250.0,200,,,,thessaloniki,Θεσσαλονίκη,Θεσσαλονίκη και η θέση του,,,https://abroker-app.s3.eu-central-1.amazonaws.com/22/properties/96230/watermark/ZgsRzYJBkQ.jpg,,,2026-09-27,2026-09-27T13:00:01Z
katikia.com.gr,REAL ESTATE AGGELOGLOU,https://katikia.com.gr/el/property/2502,"Μεσιτικό γραφείο Αγγέλογλου - Διαμέρισμα, 95τ.μ., €160.000 - Μπότσαρη",sale,apartment,160000,95.0,1684,2,3,1973,thessaloniki,Θεσσαλονίκη-Ανατολικά,Θεσσαλονίκης,,,https://abroker-app.s3.eu-central-1.amazonaws.com/22/properties/97580/watermark/IH5IGePQ6D.jpg,,,2026-09-27,2026-09-27T13:00:04Z
katikia.com.gr,REAL ESTATE AGGELOGLOU,https://katikia.com.gr/el/property/2476,"Μεσιτικό γραφείο Αγγέλογλου - Διαμέρισμα, 101τ.μ., €205.000 - Μαρτίου",sale,apartment,205000,101.0,2030,3,3,1964,thessaloniki,Θεσσαλονίκη-Ανατολικά,Θεσσαλονίκη,,,https://abroker-app.s3.eu-central-1.amazonaws.com/22/properties/95980/watermark/BxS71X1KGd.jpg,,,2026-09-27,2026-09-27T13:00:07Z
katikia.com.gr,REAL ESTATE AGGELOGLOU,https://katikia.com.gr/el/property/2509,"Μεσιτικό γραφείο Αγγέλογλου - Διαμέρισμα, 136τ.μ., €248.000 - Ανάληψη",sale,apartment,248000,136.0,1824,3,4,1972,thessaloniki,Θεσσαλονίκη-Ανατολικά,Θεσσαλονίκη,,,https://abroker-app.s3.eu-central-1.amazonaws.com/22/properties/97808/watermark/eLoopqjEWo.jpg,,,2026-09-27,2026-09-27T13:00:10Z
katikia.com.gr,REAL ESTATE AGGELOGLOU,https://katikia.com.gr/el/property/2506,"Μεσιτικό γραφείο Αγγέλογλου - Διαμέρισμα, 78τ.μ., €140.000 - Φάληρο - Ιπποκράτειο - Αγία Τριάδα",sale,apartment,140000,78.0,1795,2,6,1960,thessaloniki,Θερμαϊκός,Θεσσαλονίκη,,,https://abroker-app.s3.eu-central-1.amazonaws.com/22/properties/97688/watermark/a9YLzWgq2F.jpg,,,2026-09-27,2026-09-27T13:00:13Z
katikia.com.gr,REAL ESTATE AGGELOGLOU,https://katikia.com.gr/el/property/2497,"Μεσιτικό γραφείο Αγγέλογλου - Διαμέρισμα, 80τ.μ., €155.000 - Μαρτίου",sale,apartment,155000,80.0,1938,2,1,1989,thessaloniki,Θεσσαλονίκη-Ανατολικά,Θεσσαλονίκη,,,https://abroker-app.s3.eu-central-1.amazonaws.com/22/properties/97244/watermark/G24TWISLmR.jpg,,,2026-09-27,2026-09-27T13:00:16Z
katikia.com.gr,REAL ESTATE AGGELOGLOU,https://katikia.com.gr/el/property/2403,"Μεσιτικό γραφείο Αγγέλογλου - Διαμέρισμα, 60τ.μ., €125.000 - Ιπποκράτειο",sale,apartment,125000,60.0,2083,2,4,1965,thessaloniki,Θεσσαλονίκη-Ανατολικά,Θεσσαλονίκη,,,https://abroker-app.s3.eu-central-1.amazonaws.com/22/properties/90605/watermark/aLKiWftFlW.jpg,,,2026-09-27,2026-09-27T13:00:19Z
katikia.com.gr,REAL ESTATE AGGELOGLOU,https://katikia.com.gr/el/property/2494,"Μεσιτικό γραφείο Αγγέλογλου - Διαμέρισμα, 68τ.μ., €550 - Χαριλάου - Οσία Ξένη",rent,apartment,550,68.0,8,2,2,1970,thessaloniki,Θεσσαλονίκη-Ανατολικά,Χαριλάου,,,https://abroker-app.s3.eu-central-1.amazonaws.com/22/properties/96977/watermark/Xsi3J9napM.jpg,,,2026-09-27,2026-09-27T13:00:22Z
katikia.com.gr,REAL ESTATE AGGELOGLOU,https://katikia.com.gr/el/property/2481,"Μεσιτικό γραφείο Αγγέλογλου - Μονοκατοικία, 50τ.μ., €36.000 - Κρούσσοι - Θεοδόσια",sale,house,36000,50.0,720,1,ισόγειο,1990,thessaloniki,Θεσσαλονίκη,Θεσσαλονίκη,,,https://abroker-app.s3.eu-central-1.amazonaws.com/22/properties/96188/watermark/ULgsk67ynx.jpg,,,2026-09-27,2026-09-27T13:00:25Z
katikia.com.gr,REAL ESTATE AGGELOGLOU,https://katikia.com.gr/el/property/2417,"Μεσιτικό γραφείο Αγγέλογλου - Διαμέρισμα, 50τ.μ., €95.000 - Ανάληψη",sale,apartment,95000,50.0,1900,1,ισόγειο,1973,thessaloniki,Θεσσαλονίκη-Ανατολικά,Θεσσαλονίκη,,,https://abroker-app.s3.eu-central-1.amazonaws.com/22/properties/91861/watermark/LIcbT8lixG.jpg,,,2026-09-27,2026-09-27T13:00:28Z
katikia.com.gr,REAL ESTATE AGGELOGLOU,https://katikia.com.gr/el/property/2405,"Μεσιτικό γραφείο Αγγέλογλου - Διαμέρισμα, 82τ.μ., €120.000 - Συκιές - Καλλιθέα",sale,apartment,120000,82.0,1463,2,1,1974,thessaloniki,Νεάπολη-Συκιές,Συκιές,,,https://abroker-app.s3.eu-central-1.amazonaws.com/22/properties/90790/watermark/9dz7zm99Fh.jpg,,,2026-09-27,2026-09-27T13:00:31Z
katikia.com.gr,REAL ESTATE AGGELOGLOU,https://katikia.com.gr/el/property/2466,"Μεσιτικό γραφείο Αγγέλογλου - Διαμέρισμα, 95τ.μ., €120.000 - Ανάληψη",sale,apartment,120000,95.0,1263,2,5,1961,thessaloniki,Θεσσαλονίκη-Ανατολικά,Θεσσαλονίκη,,,https://abroker-app.s3.eu-central-1.amazonaws.com/22/properties/95471/watermark/MrMsDDWcYg.jpg,,,2026-09-27,2026-09-27T13:00:34Z
katikia.com.gr,REAL ESTATE AGGELOGLOU,https://katikia.com.gr/el/property/2469,"Μεσιτικό γραφείο Αγγέλογλου - Αποθήκη, 280τ.μ., €60.000 - Μαρτίου",sale,warehouse,60000,280.0,214,,ημιυπόγειο,1969,thessaloniki,Θεσσαλονίκη-Ανατολικά,Θεσσαλονίκη,,,https://abroker-app.s3.eu-central-1.amazonaws.com/22/properties/95615/watermark/l5GISWk2Dp.jpg,,,2026-09-27,2026-09-27T13:00:37Z
katikia.com.gr,REAL ESTATE AGGELOGLOU,https://katikia.com.gr/el/property/2461,"Μεσιτικό γραφείο Αγγέλογλου - Κατάστημα, 25τ.μ., €350 - Ανάληψη",rent,store,350,25.0,14,,ισόγειο,2003,thessaloniki,Θεσσαλονίκη-Ανατολικά,Θεσσαλονίκη,,,https://abroker-app.s3.eu-central-1.amazonaws.com/22/properties/95085/watermark/GukJcgyklW.jpg,,,2026-09-27,2026-09-27T13:00:43Z
keyland.gr,Keyland,https://www.keyland.gr/property/5983,Βιομηχανικός χώρος lux κατασκευής σε κεντρικό κόμβο στη Θεσσαλονίκη - Μεσιτικό Γραφείο Keyland,,warehouse,10000,1367.0,7,,ισόγειο,1998,thessaloniki,Θεσσαλονίκη,Θεσσαλονίκη - Μεσιτικό Γραφείο Keyland  Βιομηχανικό,,,https://www.keyland.gr/images/properties/310-54822540.jpg,,,2026-09-27,2026-09-27T12:58:39Z
keyland.gr,Keyland,https://www.keyland.gr/property/5982,Μοναδικό Επαγγελματικό Ακίνητο 3.685 τ.μ. προς Ενοικίαση – ΒΙ.ΠΕ. Ωραιοκάστρου (Πλησίον Συμμαχικής Οδού) - Μεσιτικό Γραφείο Keyland,rent,store,17000,685.0,25,,1,2008,thessaloniki,Ωραιόκαστρο,Θεσσαλονίκη Περιφ/κοί δήμοι,,,https://www.keyland.gr/images/properties/332-59828629.jpg,,,2026-09-27,2026-09-27T12:58:53Z
keyland.gr,Keyland,https://www.keyland.gr/property/5977,Πωλείται νεόδμητο διαμέρισμα 133 τ.μ. | Νέα Κρήνη – Καλαμαριά - Μεσιτικό Γραφείο Keyland,sale,apartment,520000,133.0,3910,3,1,2026,thessaloniki,Καλαμαριά,Καλαμαριά,,,https://www.keyland.gr/images/properties/331-59776634.jpg,,,2026-09-27,2026-09-27T12:58:56Z
keyland.gr,Keyland,https://www.keyland.gr/property/5978,Διαμέρισμα 133 τ.μ. - Μεσιτικό Γραφείο Keyland,sale,apartment,630000,133.0,4737,3,2,2026,thessaloniki,Θεσσαλονίκη,Θεσσαλονίκη Περιφ/κοί δήμοι,,,https://www.keyland.gr/images/properties/331-59787982.jpg,,,2026-09-27,2026-09-27T12:58:59Z
keyland.gr,Keyland,https://www.keyland.gr/property/5979,Πωλείται μοναδική μεζονέτα 208 τ.μ. | Νέα Κρήνη – Καλαμαριά - Μεσιτικό Γραφείο Keyland,sale,maisonette,1250000,208.0,6010,4,5,2026,thessaloniki,Καλαμαριά,Καλαμαριά,,,https://www.keyland.gr/images/properties/331-59792993.jpg,,,2026-09-27,2026-09-27T12:59:02Z
keyland.gr,Keyland,https://www.keyland.gr/property/5980,Πωλείται νεόδμητο διαμέρισμα 50 τ.μ. | Νέα Κρήνη – Καλαμαριά - Μεσιτικό Γραφείο Keyland,sale,apartment,195000,50.0,3900,1,ισόγειο,2026,thessaloniki,Καλαμαριά,Καλαμαριά,,,https://www.keyland.gr/images/properties/331-59806471.jpg,,,2026-09-27,2026-09-27T12:59:05Z
keyland.gr,Keyland,https://www.keyland.gr/property/5976,Αποκλειστικά από την Keyland Real Estate - Μεσιτικό Γραφείο Keyland,sale,land,140000,86.0,1628,2,2,1972,thessaloniki,Θεσσαλονίκη,Θεσσαλονίκη Περιφ/κοί δήμοι,,,https://www.keyland.gr/images/properties/310-59761841.jpg,,,2026-09-27,2026-09-27T12:59:08Z
keyland.gr,Keyland,https://www.keyland.gr/property/5795,Διαμέρισμα 83τ.μ | Αμπελόκηποι - Μεσιτικό Γραφείο Keyland,sale,apartment,138000,83.0,1663,3,3,1973,thessaloniki,Αμπελόκηποι-Μενεμένη,Αμπελόκηποι,,,https://www.keyland.gr/images/properties/310-57958363.jpg,,,2026-09-27,2026-09-27T12:59:11Z
keyland.gr,Keyland,https://www.keyland.gr/property/5974,Ενοικιάζεται πλήρως ανακαινισμένο διαμέρισμα 100 τ.μ. | Κέντρο Θεσσαλονίκης - Μεσιτικό Γραφείο Keyland,rent,apartment,1100,100.0,11,2,7,1955,thessaloniki,Θεσσαλονίκη-Κέντρο,Θεσσαλονίκης - Μεσιτικό Γραφείο Keyland  Ενοικιάζετ,,,https://www.keyland.gr/images/properties/331-5974936.jpg,,,2026-09-27,2026-09-27T12:59:26Z
keyland.gr,Keyland,https://www.keyland.gr/property/5482,Βιομηχανικός χώρος lux κατασκευής σε κεντρικό κόμβο στη Θεσσαλονίκη - Μεσιτικό Γραφείο Keyland,sale,warehouse,1630000,1367.0,1192,,ισόγειο,1998,thessaloniki,Θεσσαλονίκη,Θεσσαλονίκη - Μεσιτικό Γραφείο Keyland  Βιομηχανικό,,,https://www.keyland.gr/images/properties/310-54822540.jpg,,,2026-09-27,2026-09-27T12:59:28Z
keyland.gr,Keyland,https://www.keyland.gr/property/5891,Luxury Living στην Πολίχνη: Νεόδμητη Οικοδομή Υψηλών Προδιαγραφών! - Μεσιτικό Γραφείο Keyland,sale,land,500000,76.0,6579,3,1,,thessaloniki,Παύλος Μελάς,Πολίχνη,,,https://www.keyland.gr/images/properties/332-587863.jpg,,,2026-09-27,2026-09-27T12:59:32Z
keyland.gr,Keyland,https://www.keyland.gr/property/5878,Urban Luxury: Νεόδμητη Μεζονέτα με σύγχρονο Design στην Πολίχνη! - Μεσιτικό Γραφείο Keyland,sale,maisonette,360000,152.0,2368,3,3,,thessaloniki,Παύλος Μελάς,Πολίχνη,,,https://www.keyland.gr/images/properties/332-587863.jpg,,,2026-09-27,2026-09-27T12:59:34Z
keyland.gr,Keyland,https://www.keyland.gr/property/5784,Διαμέρισμα 117 τ.μ.| Ντεπώ - Μεσιτικό Γραφείο Keyland,sale,apartment,270000,117.0,2308,3,2,1977,thessaloniki,Θεσσαλονίκη-Ανατολικά,Θεσσαλονίκης,,,https://www.keyland.gr/images/properties/332-57844301.jpg,,,2026-09-27,2026-09-27T12:59:37Z
keyland.gr,Keyland,https://www.keyland.gr/property/5946,"Πωλείται πλήρως ανακαινισμένο & επιπλωμένο δίχωρο στούντιο 37 τ.μ. | Μπότσαρη, Θεσσαλονίκη - Μεσιτικό Γραφείο Keyland",sale,studio,122000,37.0,3297,,3,1965,thessaloniki,Θεσσαλονίκη-Ανατολικά,Θεσσαλονίκη - Μεσιτικό Γραφείο Keyland  Πωλείται πλ,,,https://www.keyland.gr/images/properties/331-59463447.jpg,,,2026-09-27,2026-09-27T12:59:40Z
keyland.gr,Keyland,https://www.keyland.gr/property/5931,Πωλείται διαμέρισμα 55 τ.μ. | Δήμος Θεσσαλονίκης - Μεσιτικό Γραφείο Keyland,sale,apartment,90000,55.0,1636,,3,1962,thessaloniki,Θεσσαλονίκη,Θεσσαλονίκης - Μεσιτικό Γραφείο Keyland  Πωλείται δ,,,https://www.keyland.gr/images/properties/331-59314032.jpg,,,2026-09-27,2026-09-27T12:59:55Z
keyland.gr,Keyland,https://www.keyland.gr/property/5926,Πλήρως Ανακαινισμένη Γκαρσονιέρα | περιοχή Ιπποκράτειο | 400μ. από Μετρό - Μεσιτικό Γραφείο Keyland,sale,studio,125000,41.0,3049,1,1,1974,thessaloniki,Θεσσαλονίκη-Ανατολικά,Θεσσαλονίκης,,,https://www.keyland.gr/images/properties/332-59268056.jpg,,,2026-09-27,2026-09-27T12:59:58Z
keyland.gr,Keyland,https://www.keyland.gr/property/5927,Γκαρσονιέρα/Studio 27 τ.μ. - Μεσιτικό Γραφείο Keyland,sale,studio,108000,27.0,4000,,,1960,thessaloniki,Θεσσαλονίκη,Θεσσαλονίκης,,,https://www.keyland.gr/images/properties/331-59276230.jpg,,,2026-09-27,2026-09-27T13:00:01Z
keyland.gr,Keyland,https://www.keyland.gr/property/5912,Τριανδρία | Πλήρως Ανακαινισμένη & Επιπλωμένη Γκαρσονιέρα 38 τ.μ. – Ιδανική Επενδυτική Επιλογή - Μεσιτικό Γραφείο Keyland,sale,studio,162000,38.0,4263,,4,1984,thessaloniki,Θεσσαλονίκη-Ανατολικά,Τριανδρία,,,https://www.keyland.gr/images/properties/331-59124935.jpg,,,2026-09-27,2026-09-27T13:00:15Z
keyland.gr,Keyland,https://www.keyland.gr/property/5913,Γκαρσονιέρα/Studio 27 τ.μ. - Μεσιτικό Γραφείο Keyland,sale,studio,120000,27.0,4444,,4,1984,thessaloniki,Θεσσαλονίκη,Θεσσαλονίκης,,,https://www.keyland.gr/images/properties/331-59133029.jpg,,,2026-09-27,2026-09-27T13:00:18Z
keyland.gr,Keyland,https://www.keyland.gr/property/5973,"Αποκλειστικά από την Keyland Real Estate
Πωλείται μοναδικό οροφοδιαμέρισμα 95 τ.μ. | Νεάπολη – Βενιζέλου - Μεσιτικό Γραφείο Keyland",sale,apartment,160000,95.0,1684,2,3,1975,thessaloniki,Νεάπολη-Συκιές,Νεάπολη,,,https://www.keyland.gr/images/properties/331-59739172.jpg,,,2026-09-27,2026-09-27T13:00:21Z
keyland.gr,Keyland,https://www.keyland.gr/property/5969,Ενοικιάζεται οροφοδιαμέρισμα 90 τ.μ. | Άγιος Παύλος - Μεσιτικό Γραφείο Keyland,rent,apartment,,90.0,,3,1,1995,thessaloniki,Θεσσαλονίκη,Θεσσαλονίκη Περιφ/κοί δήμοι,,,https://www.keyland.gr/images/properties/331-59693673.jpg,,,2026-09-27,2026-09-27T13:00:35Z
keyland.gr,Keyland,https://www.keyland.gr/property/5964,Μοναδική Επενδυτική Ευκαιρία: Έτοιμη Επιχείρηση & Επαγγελματικό Ακίνητο 780 τ.μ. σε Στρατηγικό Σημείο - Μεσιτικό Γραφείο Keyland,sale,store,2400000,780.0,3077,,ισόγειο,2005,thessaloniki,Θεσσαλονίκη,Θεσσαλονίκη Περιφ/κοί δήμοι,,,https://www.keyland.gr/images/properties/332-59647138.jpg,,,2026-09-27,2026-09-27T13:00:38Z
keyland.gr,Keyland,https://www.keyland.gr/property/5958,Ενοικιάζεται κατάστημα 50 τ.μ. με αποθήκη 200 τ.μ. | Εύοσμος – Κέντρο - Μεσιτικό Γραφείο Keyland,rent,store,,50.0,,,ισόγειο,2008,thessaloniki,Κορδελιό-Εύοσμος,Εύοσμος,,,https://www.keyland.gr/images/properties/331-5958519.jpg,,,2026-09-27,2026-09-27T13:00:41Z
keyland.gr,Keyland,https://www.keyland.gr/property/5956,Εξαιρετικός επαγγελματικός χώρος | ΒΙ.ΠΑ Ωραιοκάστρου - Μεσιτικό Γραφείο Keyland,rent,store,3900,600.0,6,,ισόγειο,2004,thessaloniki,Ωραιόκαστρο,Θεσσαλονίκη Περιφ/κοί δήμοι,,,https://www.keyland.gr/images/properties/332-59252716.jpg,,,2026-09-27,2026-09-27T13:00:44Z
keyland.gr,Keyland,https://www.keyland.gr/property/5925,Εξαιρετικός επαγγελματικός χώρος | ΒΙ.ΠΑ Ωραιοκάστρου - Μεσιτικό Γραφείο Keyland,rent,store,7800,200.0,39,,ισόγειο,2004,thessaloniki,Ωραιόκαστρο,Θεσσαλονίκη Περιφ/κοί δήμοι,,,https://www.keyland.gr/images/properties/332-59252716.jpg,,,2026-09-27,2026-09-27T13:00:47Z
squaremeter.gr,Square Meter,https://squaremeter.gr/properties/29594/,ΕΝΟΙΚΙΑΖΕΤΑΙ – Περιοχή: Πανεπιστήμια (Ευαγγελίστρια) / ΚΩΔ: 200027 / 270€ (ΤΕΛΙΚΗ ΤΙΜΗ) | square meter,rent,,270,27.0,10,0,ισόγειο,2005,thessaloniki,Θεσσαλονίκη-Κέντρο,Θεσσαλονίκη Όλες οι περιοχές Ανάληψη Διοικητήριο Ευ,,,,,,2026-09-27,2026-09-27T13:00:40Z
squaremeter.gr,Square Meter,https://squaremeter.gr/properties/29940/,ΕΝΟΙΚΙΑΖΕΤΑΙ – Περιοχή: Ολυμπιάδος & Περσέως / ΚΩΔ: 200196 / 280€ | square meter,rent,,280,25.0,11,0,2,1970,thessaloniki,Θεσσαλονίκη-Ανατολικά,Θεσσαλονίκη Όλες οι περιοχές Ανάληψη Διοικητήριο Ευ,,,,,,2026-09-27,2026-09-27T13:00:43Z
squaremeter.gr,Square Meter,https://squaremeter.gr/properties/29964/,ΠΩΛΕΙΤΑΙ – Περιοχή: Παναγία Φανερωμένη (Πλατεία Τυρολόης) / ΚΩΔ: 100249 / 69.000€ | square meter,sale,,69000,51.0,1353,0,3,1975,thessaloniki,Θεσσαλονίκη-Ανατολικά,Θεσσαλονίκη Όλες οι περιοχές Ανάληψη Διοικητήριο Ευ,,,,,,2026-09-27,2026-09-27T13:00:45Z
squaremeter.gr,Square Meter,https://squaremeter.gr/properties/29980/,ΠΩΛΕΙΤΑΙ – Περιοχή: Αγίας Σοφίας & Ιασωνίδου / ΚΩΔ: 100250 / 179.000€ | square meter,sale,,179000,75.0,2387,0,4,1975,thessaloniki,Θεσσαλονίκη-Ανατολικά,Θεσσαλονίκη Όλες οι περιοχές Ανάληψη Διοικητήριο Ευ,,,,,,2026-09-27,2026-09-27T13:00:49Z
squaremeter.gr,Square Meter,https://squaremeter.gr/properties/30007/,ΕΝΟΙΚΙΑΖΕΤΑΙ – Περιοχή: Γραβιάς & Βασ. Όλγας / ΚΩΔ: 800018 / 220€ | square meter,rent,,220,25.0,9,0,ισόγειο,2000,thessaloniki,Θεσσαλονίκη-Ανατολικά,Θεσσαλονίκη Όλες οι περιοχές Ανάληψη Διοικητήριο Ευ,,,,,,2026-09-27,2026-09-27T13:00:51Z
squaremeter.gr,Square Meter,https://squaremeter.gr/properties/30033/,ΕΝΟΙΚΙΑΖΕΤΑΙ – Περιοχή: Ιασωνίδου & Ολύμπου / ΚΩΔ: 200258 / 450€ | square meter,rent,,450,45.0,10,0,2,1965,thessaloniki,Θεσσαλονίκη-Ανατολικά,Θεσσαλονίκη Όλες οι περιοχές Ανάληψη Διοικητήριο Ευ,,,,,,2026-09-27,2026-09-27T13:00:54Z
rewize.com,REWIZE,https://rewize.com/akinito/752,ReWize | #ID 752 Αθήνα Διαμέρισμα Αθηνών,sale,apartment,120000,77.0,1558,2,3,,other,,,,,https://media.rewize.com/properties/ums_752/tboVYBmBtN_800w.jpg,,,2026-09-27,2026-09-27T12:59:29Z
rewize.com,REWIZE,https://rewize.com/akinito/764,ReWize | #ID 764 Αθήνα Διαμέρισμα Γλυφάδας,sale,apartment,255000,,,3,2,,other,,,,,https://media.rewize.com/properties/ums_764/6Tnth5GR83_800w.jpg,,,2026-09-27,2026-09-27T12:59:35Z
rewize.com,REWIZE,https://rewize.com/en/property/764,ReWize | #ID 764 Athens Apartment Glyfadas,sale,apartment,255000,,,3,2,,other,,,,,https://media.rewize.com/properties/ums_764/6Tnth5GR83_800w.jpg,,,2026-09-27,2026-09-27T12:59:38Z
rewize.com,REWIZE,https://rewize.com/akinito/768,ReWize | #ID 768 Αθήνα Διαμέρισμα Φιλοθέης Ψυχικού,sale,apartment,180000,108.0,1667,2,ισόγειο,,other,,,,,https://media.rewize.com/properties/ums_768/apartment-living-room-2992636411_800w.jpg,,,2026-09-27,2026-09-27T12:59:41Z
rewize.com,REWIZE,https://rewize.com/akinito/770,ReWize | #ID 770 Ανατολικής Αττικής Διαμέρισμα Αχαρνών,sale,apartment,75000,68.0,1103,2,1,,other,,,,,https://media.rewize.com/properties/ums_770/Y0T955BUZZ_800w.jpg,,,2026-09-27,2026-09-27T12:59:47Z
rewize.com,REWIZE,https://rewize.com/en/property/770,ReWize | #ID 770 Anatoliks Attikis Apartment Acharnon,sale,apartment,75000,,,2,1,,unknown,,,,,https://media.rewize.com/properties/ums_770/Y0T955BUZZ_800w.jpg,,,2026-09-27,2026-09-27T12:59:50Z
rewize.com,REWIZE,https://rewize.com/akinito/772,ReWize | #ID 772 Αθήνα Διαμέρισμα Αθηνών,sale,apartment,150000,110.0,1364,3,2,,other,,,,,https://media.rewize.com/properties/ums_772/OX0VhAcrBT_800w.jpg,,,2026-09-27,2026-09-27T12:59:54Z
rewize.com,REWIZE,https://rewize.com/akinito/780,ReWize | #ID 780 Κέρκυρα Κτήριο Νοτιάς Κέρκυρας,sale,,250000,729.1,343,,,1993,unknown,,,,,https://media.rewize.com/properties/ums_780/building-facade-3065377348_800w.jpg,,,2026-09-27,2026-09-27T12:59:59Z
rewize.com,REWIZE,https://rewize.com/en/property/780,ReWize | #ID 780 Kerkyra Building Notias Kerkyras,sale,building,250000,729.1,343,,,,unknown,,,,,https://media.rewize.com/properties/ums_780/building-facade-3065377348_800w.jpg,,,2026-09-27,2026-09-27T13:00:02Z
rewize.com,REWIZE,https://rewize.com/akinito/781,ReWize | #ID 781 Φθιώτιδα Μονοκατοικία Λοκρών,sale,house,75000,,,2,ισόγειο,,unknown,,,,,https://media.rewize.com/properties/ums_781/detached-house-living-room-3065393765_800w.jpg,,,2026-09-27,2026-09-27T13:00:05Z
rewize.com,REWIZE,https://rewize.com/en/property/781,ReWize | #ID 781 Fthiotida Detached house Lokron,sale,house,75000,,,2,ground,,unknown,,,,,https://media.rewize.com/properties/ums_781/detached-house-living-room-3065393765_800w.jpg,,,2026-09-27,2026-09-27T13:00:08Z
rewize.com,REWIZE,https://rewize.com/akinito/782,ReWize | #ID 782 Δωδεκάνησα Ξενοδοχείο Κως,sale,hotel,600000,155.0,3871,,1,2000,unknown,,,,,https://media.rewize.com/properties/ums_782/ZfcSLITmUS_800w.jpg,,,2026-09-27,2026-09-27T13:00:11Z
rewize.com,REWIZE,https://rewize.com/akinito/786,ReWize | #ID 786 Θεσσαλονίκη Κατάστημα Θερμαϊκού,sale,store,125000,164.0,762,,,2005,thessaloniki,Θερμαϊκός,Θεσσαλονίκη Κατάστημα Θερμαϊκού  Θεσσαλονίκη Κατάστ,,,https://media.rewize.com/properties/ums_786/LZDWFMSp2U_800w.jpg,,,2026-09-27,2026-09-27T13:00:17Z
rewize.com,REWIZE,https://rewize.com/akinito/820,ReWize | #ID 820 Θεσσαλονίκη Μονοκατοικία Ωραιοκάστρου,sale,house,420000,360.0,1167,4,ημιυπόγειο,,thessaloniki,Ωραιόκαστρο,Θεσσαλονίκη Μονοκατοικία Ωραιοκάστρου  Θεσσαλονίκη,,,https://media.rewize.com/properties/ums_820/detached-house-living-room-3163572891_800w.jpg,,,2026-09-27,2026-09-27T13:00:23Z
rewize.com,REWIZE,https://rewize.com/akinito/828,ReWize | #ID 828 Σέρρες Οικόπεδο Ηρακλειάς,sale,land,70000,670.0,104,,,,other,,,,,https://media.rewize.com/properties/ums_828/I6p3SBnhEt_800w.jpg,,,2026-09-27,2026-09-27T13:00:29Z
rewize.com,REWIZE,https://rewize.com/akinito/915,ReWize | #ID 915 Κεφαλλονιάς Αγροτεμάχιο Αργοστολίου,sale,land,81600,862.6,95,,,,unknown,,,,,https://media.rewize.com/properties/ums_915/land-aerial-2992661725_800w.jpg,,,2026-09-27,2026-09-27T13:00:35Z
rewize.com,REWIZE,https://rewize.com/en/property/915,ReWize | #ID 915 Kefallonias Field Argostoliou,sale,,81600,862.6,95,,,,unknown,,,,,https://media.rewize.com/properties/ums_915/land-aerial-2992661725_800w.jpg,,,2026-09-27,2026-09-27T13:00:39Z
rewize.com,REWIZE,https://rewize.com/akinito/944,ReWize | #ID 944 Θεσσαλονίκη Διαμέρισμα Θεσσαλονίκης,sale,apartment,250000,104.0,2404,3,1,1990,thessaloniki,Θεσσαλονίκη,Θεσσαλονίκη Διαμέρισμα Θεσσαλονίκης  Θεσσαλονίκη Δι,,,https://media.rewize.com/properties/ums_944/L7F7TJgKOz_800w.jpg,,,2026-09-27,2026-09-27T13:00:41Z
rewize.com,REWIZE,https://rewize.com/akinito/953,ReWize | #ID 953 Πειραιώς Διαμέρισμα Κερατσινίου Δραπετσώνας,sale,apartment,250000,95.0,2632,2,3,,unknown,,,,,https://media.rewize.com/properties/ums_953/Y4DWOY4iRd_800w.jpg,,,2026-09-27,2026-09-27T13:00:47Z
rewize.com,REWIZE,https://rewize.com/akinito/1011,ReWize | #ID 1011 Θεσσαλονίκη Διαμέρισμα Θεσσαλονίκης,sale,apartment,340000,110.0,3091,3,3,,thessaloniki,Θεσσαλονίκη,Θεσσαλονίκη Διαμέρισμα Θεσσαλονίκης  Θεσσαλονίκη Δι,,,https://media.rewize.com/properties/ums_1011/JYKLXDi1iN_800w.jpg,,,2026-09-27,2026-09-27T13:00:53Z
panagiotopoulosrealestate.gr,Panagiotopoulos Real Estate,https://www.panagiotopoulosrealestate.gr/property/177,Διαμέρισμα 47 τ.μ. - Panagiotopoulos Real Estate,,apartment,,47.0,,1,7,1990,thessaloniki,Θεσσαλονίκη,Θεσσαλονίκης,,,https://www.panagiotopoulosrealestate.gr/images/properties/2-1771537.jpg,,,2026-09-27,2026-09-27T12:59:30Z
panagiotopoulosrealestate.gr,Panagiotopoulos Real Estate,https://www.panagiotopoulosrealestate.gr/property/166,Διαμέρισμα 68 τ.μ. - Panagiotopoulos Real Estate,sale,apartment,250000,68.0,3676,2,2,2007,thessaloniki,Θεσσαλονίκη,Θεσσαλονίκη ΤΚ: 546 35 2310260549 6980625108,,,https://www.panagiotopoulosrealestate.gr/images/properties/2-1662602.jpg,,,2026-09-27,2026-09-27T12:59:33Z
panagiotopoulosrealestate.gr,Panagiotopoulos Real Estate,https://www.panagiotopoulosrealestate.gr/property/176,Κατάστημα 16 τ.μ. - Panagiotopoulos Real Estate,,store,,16.0,,,ισόγειο,1980,thessaloniki,Θεσσαλονίκη,Θεσσαλονίκης,,,https://www.panagiotopoulosrealestate.gr/images/properties/2-1761372.jpg,,,2026-09-27,2026-09-27T12:59:36Z
panagiotopoulosrealestate.gr,Panagiotopoulos Real Estate,https://www.panagiotopoulosrealestate.gr/property/175,Γκαρσονιέρα/Studio 54 τ.μ. - Panagiotopoulos Real Estate,,studio,,54.0,,1,1,1990,thessaloniki,Θεσσαλονίκη,Θεσσαλονίκης,,,https://www.panagiotopoulosrealestate.gr/images/properties/2-1755873.jpg,,,2026-09-27,2026-09-27T12:59:39Z
panagiotopoulosrealestate.gr,Panagiotopoulos Real Estate,https://www.panagiotopoulosrealestate.gr/property/170,Αγροτεμάχιο 9000 τ.μ. - Panagiotopoulos Real Estate,sale,land,90000,9000.0,10,,,,thessaloniki,Θεσσαλονίκη,Θεσσαλονίκη Υπόλ. Νομού,,,https://www.panagiotopoulosrealestate.gr/images/properties/2-1707907.jpg,,,2026-09-27,2026-09-27T12:59:42Z
panagiotopoulosrealestate.gr,Panagiotopoulos Real Estate,https://www.panagiotopoulosrealestate.gr/property/171,Αγροτεμάχιο 3000 τ.μ. - Panagiotopoulos Real Estate,,land,15000,3000.0,5,,,,thessaloniki,Θεσσαλονίκη,Θεσσαλονίκη Υπόλ. Νομού,,,https://www.panagiotopoulosrealestate.gr/images/properties/2-1716757.jpg,,,2026-09-27,2026-09-27T12:59:45Z
panagiotopoulosrealestate.gr,Panagiotopoulos Real Estate,https://www.panagiotopoulosrealestate.gr/property/168,Μονοκατοικία 180 τ.μ. - Panagiotopoulos Real Estate,sale,house,130000,180.0,722,4,,1966,thessaloniki,Θεσσαλονίκη,Θεσσαλονίκη Περιφ/κοί δήμοι,,,https://www.panagiotopoulosrealestate.gr/images/properties/2-1685103.jpg,,,2026-09-27,2026-09-27T12:59:59Z
panagiotopoulosrealestate.gr,Panagiotopoulos Real Estate,https://www.panagiotopoulosrealestate.gr/property/159,Αγροτεμάχιο 11200 τ.μ. - Panagiotopoulos Real Estate,sale,land,110000,11200.0,10,,,,thessaloniki,Θεσσαλονίκη,Θεσσαλονίκη Υπόλ. Νομού,,,https://www.panagiotopoulosrealestate.gr/images/properties/2-1591570.jpg,,,2026-09-27,2026-09-27T13:00:29Z
panagiotopoulosrealestate.gr,Panagiotopoulos Real Estate,https://www.panagiotopoulosrealestate.gr/property/165,Κτίριο Επαγγελματικό 2250 τ.μ. - Panagiotopoulos Real Estate,rent,building,3900,2250.0,2,,ισόγειο,1990,thessaloniki,Θεσσαλονίκη,Θεσσαλονίκη Περιφ/κοί δήμοι,,,https://www.panagiotopoulosrealestate.gr/images/properties/2-1652774.jpg,,,2026-09-27,2026-09-27T13:00:32Z
panagiotopoulosrealestate.gr,Panagiotopoulos Real Estate,https://www.panagiotopoulosrealestate.gr/property/130,Κατάστημα 485 τ.μ. - Panagiotopoulos Real Estate,rent,store,1300,485.0,3,,ισόγειο,1949,thessaloniki,Θεσσαλονίκη,Θεσσαλονίκης,,,https://www.panagiotopoulosrealestate.gr/images/properties/1-1303817.jpg,,,2026-09-27,2026-09-27T13:00:35Z
panagiotopoulosrealestate.gr,Panagiotopoulos Real Estate,https://www.panagiotopoulosrealestate.gr/property/145,Κατάστημα 60 τ.μ. - Panagiotopoulos Real Estate,rent,store,1000,60.0,17,,ισόγειο,1989,thessaloniki,Θεσσαλονίκη,Θεσσαλονίκη Υπόλ. Νομού,,,https://www.panagiotopoulosrealestate.gr/images/properties/2-1458102.jpg,,,2026-09-27,2026-09-27T13:00:39Z
panagiotopoulosrealestate.gr,Panagiotopoulos Real Estate,https://www.panagiotopoulosrealestate.gr/property/164,Μονοκατοικία 162 τ.μ. - Panagiotopoulos Real Estate,sale,house,700000,162.0,4321,3,1,1994,unknown,,,,,https://www.panagiotopoulosrealestate.gr/images/properties/2-1645105.jpg,,,2026-09-27,2026-09-27T13:00:52Z
panagiotopoulosrealestate.gr,Panagiotopoulos Real Estate,https://www.panagiotopoulosrealestate.gr/property/162,Επιχείρηση 140 τ.μ. - Panagiotopoulos Real Estate,sale,,38000,140.0,271,,ισόγειο,2018,thessaloniki,Θεσσαλονίκη,Θεσσαλονίκης,,,https://www.panagiotopoulosrealestate.gr/images/properties/2-1624870.jpg,,,2026-09-27,2026-09-27T13:00:55Z
panagiotopoulosrealestate.gr,Panagiotopoulos Real Estate,https://www.panagiotopoulosrealestate.gr/property/116,Κατάστημα 370 τ.μ. - Panagiotopoulos Real Estate,sale,store,360000,370.0,973,,ισόγειο,2000,thessaloniki,Θεσσαλονίκη,Θεσσαλονίκη Υπόλ. Νομού,,,https://www.panagiotopoulosrealestate.gr/images/properties/2-1163222.jpg,,,2026-09-27,2026-09-27T13:00:58Z
realestatepoint.gr,Real Estate Point,https://index.cy/sale/10343309-3-bedroom-apartment-for-sale-in-paphos-anavargos/,3 Bedroom Apartment for Sale in Paphos - Anavargos €399000.00 - INDEX.cy,sale,apartment,399000,249.0,1602,3,,,other,,Limassol,34.6880364,33.0474982,https://index.cy/wp-content/uploads/2026/06/10343309-3-bedroom-apartment-for-sale-in-paphos-anavargos-1.webp,,,2026-09-27,2026-09-27T12:59:36Z
realestatepoint.gr,Real Estate Point,https://index.cy/sale/8970444-1-bedroom-apartment-for-sale-in-prodromi-paphos-district/,"1 Bedroom Apartment for Sale in Prodromi, Paphos District €180000 - INDEX.cy",sale,apartment,180000,64.0,2812,1,2,,other,,Limassol,34.6880364,33.0474982,https://index.cy/wp-content/uploads/2026/01/8970444-1-bedroom-apartment-for-sale-in-prodromi-paphos-district-1.webp,,,2026-09-27,2026-09-27T12:59:39Z
realestatepoint.gr,Real Estate Point,https://index.cy/sale/7911376-1-bedroom-apartment-for-sale-in-limassol-tsiflikoudia/,1 Bedroom Apartment for Sale in Limassol - Tsiflikoudia €260000 - INDEX.cy,sale,apartment,260000,64.0,4062,1,2,,other,,Limassol,34.6880364,33.0474982,https://cdn3.index.cy/wp-content/uploads/2025/07/7911376-1-bedroom-apartment-for-sale-in-limassol-tsiflikoudia-1-1024x1024.webp,,,2026-09-27,2026-09-27T12:59:42Z
realestatepoint.gr,Real Estate Point,https://index.cy/sale/9121018-1-bedroom-apartment-for-sale-in-limassol-agios-spyridon/,1 Bedroom Apartment for Sale in Limassol - Agios Spyridon €258000 - INDEX.cy,sale,apartment,258000,68.0,3794,1,,,other,,Limassol,34.6880364,33.0474982,https://index.cy/wp-content/uploads/2026/01/9121018-1-bedroom-apartment-for-sale-in-limassol-agios-spyridon-1.webp,,,2026-09-27,2026-09-27T12:59:45Z
realestatepoint.gr,Real Estate Point,https://index.cy/sale/9458668-1-bedroom-apartment-for-sale-in-geroskipou-paphos-district/,"1 Bedroom Apartment for Sale in Geroskipou, Paphos District €240000 - INDEX.cy",sale,apartment,240000,60.0,4000,1,3,,other,,Limassol,34.6880364,33.0474982,https://index.cy/wp-content/uploads/2026/03/9458668-1-bedroom-apartment-for-sale-in-geroskipou-paphos-district-1.webp,,,2026-09-27,2026-09-27T12:59:48Z
realestatepoint.gr,Real Estate Point,https://index.cy/sale/9767944-2-bedroom-apartment-for-sale-in-livadia-larnakas-larnaca-district/,"2 Bedroom Apartment for Sale in Livadia Larnakas, Larnaca District €279000 - INDEX.cy",sale,apartment,279000,101.0,2762,2,1,,other,,Limassol,34.6880364,33.0474982,https://index.cy/wp-content/uploads/2026/04/9767944-2-bedroom-apartment-for-sale-in-livadia-larnakas-larnaca-district-1.webp,,,2026-09-27,2026-09-27T12:59:51Z
realestatepoint.gr,Real Estate Point,https://index.cy/sale/10060631-2-bedroom-apartment-for-sale-in-limassol-zakaki/,2 Bedroom Apartment for Sale in Limassol - Zakaki €379000 - INDEX.cy,sale,apartment,379000,120.0,3158,2,1,,other,,"Limassol - Zakaki, Limassol",34.65471838,33.00831557,https://index.cy/wp-content/uploads/2026/06/10060631-2-bedroom-apartment-for-sale-in-limassol-zakaki-1-1024x816.webp,,,2026-09-27,2026-09-27T12:59:54Z
realestatepoint.gr,Real Estate Point,https://index.cy/sale/8731389-3-bedroom-apartment-for-sale-in-germasogeia-limassol-district/,"3 Bedroom Apartment for Sale in Germasogeia, Limassol District €581000 - INDEX.cy",sale,apartment,581000,129.0,4504,3,,,other,,"Germasogeia, Limassol",34.710264926691,33.086400032043,https://index.cy/wp-content/uploads/2026/08/8731389-3-bedroom-apartment-for-sale-in-germasogeia-limassol-district-1.webp,,,2026-09-27,2026-09-27T12:59:57Z
realestatepoint.gr,Real Estate Point,https://index.cy/sale/10616453-3-bedroom-apartment-for-sale-in-livadia-larnakas-larnaca-district/,"3 Bedroom Apartment for Sale in Livadia Larnakas, Larnaca District €335000 - INDEX.cy",sale,apartment,335000,124.0,2702,3,3,,other,,Limassol,34.6880364,33.0474982,https://index.cy/wp-content/uploads/2026/07/10616453-3-bedroom-apartment-for-sale-in-livadia-larnakas-larnaca-district-1.webp,,,2026-09-27,2026-09-27T13:00:00Z
realestatepoint.gr,Real Estate Point,https://index.cy/sale/10434374-4-bedroom-house-for-sale-in-anglisides-larnaca-district/,"4 Bedroom House for Sale in Anglisides, Larnaca District €475000.00 - INDEX.cy",sale,house,475000,360.0,1319,4,,,other,,Limassol,34.6880364,33.0474982,https://index.cy/wp-content/uploads/2026/07/10434374-4-bedroom-house-for-sale-in-anglisides-larnaca-district-1.webp,,,2026-09-27,2026-09-27T13:00:03Z
realestatepoint.gr,Real Estate Point,https://index.cy/sale/6895263-3-bedroom-apartment-for-sale-in-aradippou-larnaca-district/,"3 Bedroom Apartment for Sale in Aradippou, Larnaca District €250000 - INDEX.cy",sale,apartment,250000,126.0,1984,3,1,,other,,Limassol,34.6880364,33.0474982,https://cdn2.index.cy/wp-content/uploads/2025/04/6895263-3-bedroom-apartment-for-sale-in-aradippou-larnaca-district-1.webp,,,2026-09-27,2026-09-27T13:00:06Z
realestatepoint.gr,Real Estate Point,https://index.cy/sale/9156298-1-bedroom-apartment-for-sale-in-erimi-limassol-district/,"1 Bedroom Apartment for Sale in Erimi, Limassol District €190000 - INDEX.cy",sale,apartment,190000,72.0,2639,1,1,,other,,"Erimi, Limassol",34.67520859,32.92511345,https://index.cy/wp-content/uploads/2026/02/9156298-1-bedroom-apartment-for-sale-in-erimi-limassol-district-1.webp,,,2026-09-27,2026-09-27T13:00:09Z
realestatepoint.gr,Real Estate Point,https://index.cy/rent/11379819-6-bedroom-house-for-rent-in-agios-tychonas-limassol-district/,"6+ Bedroom House for Rent in Agios Tychonas, Limassol District €8000 - INDEX.cy",rent,house,8000,550.0,15,5,,,other,,Limassol,34.6880364,33.0474982,https://index.cy/wp-content/uploads/2026/09/11379819-6-bedroom-house-for-rent-in-agios-tychonas-limassol-district-1.webp,,,2026-09-27,2026-09-27T13:00:12Z
realestatepoint.gr,Real Estate Point,https://index.cy/rent/11611153-3-bedroom-house-for-rent-in-tala-paphos-district/,"3 Bedroom House for Rent in Tala, Paphos District €3500 - INDEX.cy",rent,house,3500,120.0,29,3,,,other,,Limassol,34.6880364,33.0474982,https://index.cy/wp-content/uploads/2026/09/11611153-3-bedroom-house-for-rent-in-tala-paphos-district-1.webp,,,2026-09-27,2026-09-27T13:00:15Z
realestatepoint.gr,Real Estate Point,https://index.cy/rent/11660381-2-bedroom-apartment-for-rent-in-limassol-neapolis/,2 Bedroom Apartment for Rent in Limassol - Neapolis €2000 - INDEX.cy,rent,apartment,2000,100.0,20,2,,,other,,Limassol,34.6880364,33.0474982,https://index.cy/wp-content/uploads/2026/09/image-aaa3989e-ea52-407f-baa0-c1411eb2555f.jpg,,,2026-09-27,2026-09-27T13:00:18Z
realestatepoint.gr,Real Estate Point,https://index.cy/rent/10836483-2-bedroom-apartment-for-rent-in-limassol-neapolis/,2 Bedroom Apartment for Rent in Limassol - Neapolis €1850 - INDEX.cy,rent,apartment,1850,110.0,17,2,,,other,,Limassol,34.685688420252,33.057036760179,https://index.cy/wp-content/uploads/2026/08/10836483-2-bedroom-apartment-for-rent-in-limassol-neapolis-1.webp,,,2026-09-27,2026-09-27T13:00:21Z
realestatepoint.gr,Real Estate Point,https://index.cy/rent/11238039-2-bedroom-apartment-for-rent-in-limassol-district/,2 Bedroom Apartment for Rent in Limassol District €2000 - INDEX.cy,rent,apartment,2000,89.0,22,2,,,other,,Limassol,34.6880364,33.0474982,https://index.cy/wp-content/uploads/2026/08/11238039-2-bedroom-apartment-for-rent-in-limassol-district-1.webp,,,2026-09-27,2026-09-27T13:00:24Z
realestatepoint.gr,Real Estate Point,https://index.cy/rent/11611506-5-bedroom-house-for-rent-in-potamos-germasogeias-limassol-district/,"5 Bedroom House for Rent in Potamos Germasogeias, Limassol District €6000 - INDEX.cy",rent,house,6000,250.0,24,5,,,other,,Limassol,34.6880364,33.0474982,https://index.cy/wp-content/uploads/2026/09/image-fe1c7c9b-ccda-44a3-a432-c8c0fba1deaf.jpg,,,2026-09-27,2026-09-27T13:00:27Z
realestatepoint.gr,Real Estate Point,https://index.cy/rent/10853740-2-bedroom-apartment-for-rent-in-pyla-larnaca-district/,"2 Bedroom Apartment for Rent in Pyla, Larnaca District €900 - INDEX.cy",rent,apartment,900,75.0,12,2,,,other,,Limassol,35.013711168087,33.689403540475,https://index.cy/wp-content/uploads/2026/08/10853740-2-bedroom-apartment-for-rent-in-pyla-larnaca-district-1.webp,,,2026-09-27,2026-09-27T13:00:30Z
realestatepoint.gr,Real Estate Point,https://index.cy/rent/11628511-3-bedroom-apartment-for-rent-in-limassol-agios-antonios/,3 Bedroom Apartment for Rent in Limassol - Agios Antonios €2000 - INDEX.cy,rent,apartment,2000,110.0,18,3,,,other,,Limassol,34.6880364,33.0474982,https://index.cy/wp-content/uploads/2026/09/image-5f5b87be-146d-443b-8e08-0a5575ee17e9.jpg,,,2026-09-27,2026-09-27T13:00:33Z
realestatepoint.gr,Real Estate Point,https://index.cy/auction/house-in-trachoni-limassol-auction-29-sep-2026/,"House in Trachoni, Limassol — Auction 29 Sep 2026 — €340,850 | Property Auction Cyprus | INDEX.cy",sale,house,340850,,,3,,,other,,Limassol,34.6880364,33.0474982,https://cdn1.index.cy/wp-content/uploads/2023/07/schema_banner.png,,,2026-09-27,2026-09-27T13:00:36Z
realestatepoint.gr,Real Estate Point,https://index.cy/auction/house-in-geri-nicosia-auction-29-sep-2026/,"House in Geri, Nicosia — Auction 29 Sep 2026 — €149,600 | Property Auction Cyprus | INDEX.cy",sale,house,149600,,,2,,,other,,Limassol,34.6880364,33.0474982,https://cdn1.index.cy/wp-content/uploads/2023/07/schema_banner.png,,,2026-09-27,2026-09-27T13:00:39Z
realestatepoint.gr,Real Estate Point,https://index.cy/auction/house-in-konia-paphos-auction-29-sep-2026/,"House in Konia, Paphos — Auction 29 Sep 2026 — €269,450 | Property Auction Cyprus | INDEX.cy",sale,house,269450,,,,,,other,,Limassol,34.6880364,33.0474982,https://cdn1.index.cy/wp-content/uploads/2023/07/schema_banner.png,,,2026-09-27,2026-09-27T13:00:42Z
realestatepoint.gr,Real Estate Point,https://index.cy/auction/house-in-kili-paphos-auction-29-sep-2026/,"House in Kili, Paphos — Auction 29 Sep 2026 — €208,000 | Property Auction Cyprus | INDEX.cy",sale,house,208000,27.0,7704,1,,,other,,Limassol,34.6880364,33.0474982,https://cdn1.index.cy/wp-content/uploads/2023/07/schema_banner.png,,,2026-09-27,2026-09-27T13:00:45Z
realestatepoint.gr,Real Estate Point,https://index.cy/auction/land-plot-in-agios-tychonas-limassol-auction-29-sep-2026/,"Land / Plot in Agios Tychonas, Limassol — Auction 29 Sep 2026 — €142,800 | Property Auction Cyprus | INDEX.cy",sale,land,142800,,,,,,other,,Limassol,34.6880364,33.0474982,https://cdn1.index.cy/wp-content/uploads/2023/07/schema_banner.png,,,2026-09-27,2026-09-27T13:00:48Z
realestatepoint.gr,Real Estate Point,https://index.cy/auction/land-plot-in-paralimni-famagusta-auction-30-sep-2026/,"Land / Plot in Paralimni, Famagusta — Auction 30 Sep 2026 — €44,800 | Property Auction Cyprus | INDEX.cy",sale,land,44800,,,,,,other,,Limassol,34.6880364,33.0474982,https://cdn1.index.cy/wp-content/uploads/2023/07/schema_banner.png,,,2026-09-27,2026-09-27T13:00:51Z
realestatepoint.gr,Real Estate Point,https://index.cy/auction/apartment-in-liopetri-famagusta-auction-30-sep-2026/,"Apartment in Liopetri, Famagusta — Auction 30 Sep 2026 — €40,000 | Property Auction Cyprus | INDEX.cy",sale,apartment,40000,,,,,,other,,Limassol,34.6880364,33.0474982,https://cdn1.index.cy/wp-content/uploads/2023/07/schema_banner.png,,,2026-09-27,2026-09-27T13:00:54Z
realestatepoint.gr,Real Estate Point,https://index.cy/auction/land-plot-in-lania-limassol-auction-30-sep-2026/,"Land / Plot in Lania, Limassol — Auction 30 Sep 2026 — €26,000 | Property Auction Cyprus | INDEX.cy",,land,26000,,,,,,other,,Limassol,34.6880364,33.0474982,https://cdn1.index.cy/wp-content/uploads/2023/07/schema_banner.png,,,2026-09-27,2026-09-27T13:00:57Z
realestatepoint.gr,Real Estate Point,https://index.cy/auction/house-in-lakatamia-nicosia-auction-30-sep-2026/,"House in Lakatamia, Nicosia — Auction 30 Sep 2026 — €171,000 | Property Auction Cyprus | INDEX.cy",sale,house,171000,,,,,,other,,Limassol,34.6880364,33.0474982,https://cdn1.index.cy/wp-content/uploads/2023/07/schema_banner.png,,,2026-09-27,2026-09-27T13:01:00Z
realestatepoint.gr,Real Estate Point,https://index.cy/auction/residential-field-in-deryneia-ammochostos-auction-30-sep-2026/,"Residential Field in Deryneia, Ammochostos — Auction 30 Sep 2026 | Property Auction Cyprus | INDEX.cy",,,,502.0,,,,,other,,Limassol,34.6880364,33.0474982,https://cdn1.index.cy/wp-content/uploads/2023/07/schema_banner.png,,,2026-09-27,2026-09-27T13:01:03Z
renovahouse.gr,RENOVA HOUSE,https://renovahouse.gr/property/100,Σύγχρονο Διαμέρισμα 95τ.μ. με Αντλία Θερμότητας και Ενδοδαπέδια Θέρμανση – Ευκαρπία,sale,apartment,180000,95.0,1895,,,,thessaloniki,Παύλος Μελάς,Θεσσαλονίκης,,,https://pms.renovahouse.gr/property_images/100/final_photos/Apartment_95_Thessaloniki_-_Suburbs_Efkarpia_1165_07_main_slideshow.jpg,,,2026-09-27,2026-09-27T12:59:40Z
renovahouse.gr,RENOVA HOUSE,https://renovahouse.gr/property/138,Πωλούνται Ανακαινισμένα Studios & Γκαρσονιέρες στο Φάληρο Θεσσαλονίκης,sale,studio,147000,25.4,5792,1,5,,thessaloniki,Θεσσαλονίκη-Ανατολικά,Θεσσαλονίκης  Πωλούνται Ανακαινισμένα Studios & Γκα,,,https://pms.renovahouse.gr/property_images/138/final_photos/Penthouse_41_Thessaloniki_-_Center_Faliro_-_Ippokratio_1203_16_main_slideshow.jpg,,,2026-09-27,2026-09-27T12:59:43Z
renovahouse.gr,RENOVA HOUSE,https://renovahouse.gr/property/129,ΔΙΑΜΕΡΙΣΜΑ 3ΥΔ | ΠΡΟΕΚΤΑΣΗ ΜΑΚΡΥΓΙΑΝΝΗ,sale,apartment,235000,117.0,2009,3,3,,thessaloniki,Παύλος Μελάς,Σταυρούπολη,,,https://pms.renovahouse.gr/property_images/129/final_photos/Apartment_117_Thessaloniki_-_Suburbs_Stavroupoli_1197_03_main_slideshow.jpg,,,2026-09-27,2026-09-27T12:59:46Z
renovahouse.gr,RENOVA HOUSE,https://renovahouse.gr/property/137,Πωλείται Εξαιρετικό Διαμέρισμα 100 τ.μ. στην Τσιμισκή – Κέντρο Θεσσαλονίκης,sale,apartment,435000,100.0,4350,3,1,,thessaloniki,Θεσσαλονίκη-Κέντρο,Θεσσαλονίκης  Πωλείται Εξαιρετικό Διαμέρισμα 100 τ.,,,https://pms.renovahouse.gr/property_images/137/final_photos/Apartment_100_Thessaloniki_-_Center_Center_of_Thessaloniki_1202_01_main_slideshow.png,,,2026-09-27,2026-09-27T12:59:49Z
renovahouse.gr,RENOVA HOUSE,https://renovahouse.gr/property/124,Σταυρούπολη – Νικόπολη | Διαμέρισμα προς Πώληση,sale,apartment,126000,62.0,2032,2,2,,thessaloniki,Παύλος Μελάς,Σταυρούπολη,,,https://pms.renovahouse.gr/property_images/124/final_photos/Apartment_70_Thessaloniki_-_Suburbs_Stavroupoli_1192_01_main_slideshow.jpg,,,2026-09-27,2026-09-27T12:59:52Z
renovahouse.gr,RENOVA HOUSE,https://renovahouse.gr/property/120,"Στούντιο προς Πώληση – Ιδανικά για Golden Visa | Περιοχή Παπάφη, Θεσσαλονίκη",sale,studio,250000,20.0,12500,,1,,thessaloniki,Θεσσαλονίκη,Θεσσαλονίκη  Στούντιο προς Πώληση – Ιδανικά για Gol,,,https://pms.renovahouse.gr/property_images/120/final_photos/Penthouse_20_Thessaloniki_-_Center_Center_of_Thessaloniki_1188_05_main_slideshow.png,,,2026-09-27,2026-09-27T12:59:55Z
renovahouse.gr,RENOVA HOUSE,https://renovahouse.gr/property/154,Πλήρως ανακαινισμένα & επιπλωμένα ακίνητα στην περιοχή Παπάφη,sale,house,95000,28.0,3393,,,,thessaloniki,Θεσσαλονίκη-Ανατολικά,Τούμπα,,,https://pms.renovahouse.gr/property_images/154/final_photos/Penthouse_40_Thessaloniki_-_Center_Toumpa_1217_03_main_slideshow.png,,,2026-09-27,2026-09-27T12:59:58Z
renovahouse.gr,RENOVA HOUSE,https://renovahouse.gr/property/109,ΕΠΕΝΔΥΤΙΚΟ ΑΚΙΝΗΤΟ ΣΤΟ ΚΕΝΤΡΟ ΤΗΣ ΠΟΛΗΣ,sale,house,140000,33.0,4242,1,1,,thessaloniki,Θεσσαλονίκη,Θεσσαλονίκης,,,https://pms.renovahouse.gr/property_images/109/final_photos/Penthouse_33_Thessaloniki_-_Center_Center_of_Thessaloniki_1180_07_main_slideshow.png,,,2026-09-27,2026-09-27T13:00:01Z
renovahouse.gr,RENOVA HOUSE,https://renovahouse.gr/property/140,Πωλείται Πλήρως Ανακαινισμένο Στούντιο 36 τ.μ. – Νεάπολη Θεσσαλονίκης | 100.000€,sale,studio,100000,36.0,2778,,3,,thessaloniki,Νεάπολη-Συκιές,Νεάπολη,,,https://pms.renovahouse.gr/property_images/140/final_photos/Studio_36_Thessaloniki_-_Suburbs_Neapoli_1205_17_main_slideshow.jpg,,,2026-09-27,2026-09-27T13:00:04Z
renovahouse.gr,RENOVA HOUSE,https://renovahouse.gr/property/152,45 τ.μ. στη Βασ. Όλγας - Μπότσαρη | Ιδανικό για πλήρη ανακαίνιση | 85.000€ συζητήσιμη,sale,house,85000,45.0,1889,,4,,thessaloniki,Θεσσαλονίκη-Ανατολικά,Θεσσαλονίκη - Ελλάδα (+30) 2310 553927 (+30) 6973 6,,,https://pms.renovahouse.gr/property_images/152/final_photos/Penthouse_45_Thessaloniki_-_Center_Analipsi_-_Mpotsari_-_Nea_Paralia_1215_08_main_slideshow.jpeg,,,2026-09-27,2026-09-27T13:00:07Z
renovahouse.gr,RENOVA HOUSE,https://renovahouse.gr/property/103,ΕΠΕΝΔΥΤΙΚΟ ΔΙΑΜΕΡΙΣΜΑ 2 ΥΠΝΟΔΩΜΑΤΙΩΝ ΣΤΗΝ Μ.ΜΠΟΤΣΑΡΗ,sale,apartment,185000,47.0,3936,2,2,,thessaloniki,Θεσσαλονίκη-Ανατολικά,Θεσσαλονίκη - Ελλάδα (+30) 2310 553927 (+30) 6973 6,,,https://pms.renovahouse.gr/property_images/103/final_photos/Apartment_47_Thessaloniki_-_Center_Analipsi_-_Mpotsari_-_Nea_Paralia_1174_01_slideshow.jpeg,,,2026-09-27,2026-09-27T13:00:10Z
renovahouse.gr,RENOVA HOUSE,https://renovahouse.gr/property/132,ΣΥΚΙΕΣ – ΠΩΛΕΙΤΑΙ ΓΚΑΡΣΟΝΙΕΡΑ 48 τ.μ. |,sale,studio,125000,48.0,2604,,2,2000,thessaloniki,Νεάπολη-Συκιές,Συκιές,,,https://pms.renovahouse.gr/property_images/132/final_photos/Penthouse_48_Thessaloniki_-_Suburbs_Sikies_1201_02_main_slideshow.jpg,,,2026-09-27,2026-09-27T13:00:13Z
renovahouse.gr,RENOVA HOUSE,https://renovahouse.gr/property/159,"Άγιος Δημήτριος – Πλήρως Ανακαινισμένο Διαμέρισμα 56 τ.μ., 2 Υ/Δ – 4ος Όροφος",sale,apartment,145000,56.0,2589,2,4,1970,thessaloniki,Θεσσαλονίκη-Κέντρο,Θεσσαλονίκης,,,https://pms.renovahouse.gr/property_images/159/final_photos/Apartment_56_Thessaloniki_-_Center_Center_of_Thessaloniki_1229_04_main_slideshow.png,,,2026-09-27,2026-09-27T13:00:16Z
renovahouse.gr,RENOVA HOUSE,https://renovahouse.gr/property/141,Ανακαινισμένο διαμέρισμα 60 τ.μ. στη Νεάπολη – Ιδανικό για κατοικία ή επένδυση,sale,apartment,150000,60.0,2500,2,3,,thessaloniki,Νεάπολη-Συκιές,Νεάπολη,,,https://pms.renovahouse.gr/property_images/141/final_photos/Apartment_60_Thessaloniki_-_Suburbs_Neapoli_1206_01_main_slideshow.jpg,,,2026-09-27,2026-09-27T13:00:19Z
renovahouse.gr,RENOVA HOUSE,https://renovahouse.gr/property/160,Σταυρούπολη | Πλήρως ανακαινισμένο 73 τ.μ. | 2 Υ/Δ | 2ος με ασανσέρ | Θέα σε πάρκο | 135.000€,sale,house,135000,73.0,1849,2,2,1969,thessaloniki,Παύλος Μελάς,Σταυρούπολη,,,https://pms.renovahouse.gr/property_images/160/final_photos/Apartment_73_Thessaloniki_-_Suburbs_Stavroupoli_1228_03_main_slideshow.jpeg,,,2026-09-27,2026-09-27T13:00:22Z
renovahouse.gr,RENOVA HOUSE,https://renovahouse.gr/property/131,ΒΑΣΙΛΙΣΣΗΣ ΟΛΓΑΣ | 6ος ΟΡΟΦΟΣ | ΕΞΑΙΡΕΤΙΚΗ ΤΟΠΟΘΕΣΙΑ,sale,house,170000,58.0,2931,2,6,1965,thessaloniki,Θεσσαλονίκη,Θεσσαλονίκης,,,https://pms.renovahouse.gr/property_images/131/final_photos/Apartment_76_Thessaloniki_-_Center_Voulgari_-_Ntepo_-_Martiou_1199_08_main_slideshow.jpg,,,2026-09-27,2026-09-27T13:00:25Z
renovahouse.gr,RENOVA HOUSE,https://renovahouse.gr/property/142,Μπότσαρη – Πωλείται γωνιακό διαμέρισμα 77 τ.μ. με 2 υπνοδωμάτια,sale,apartment,160000,77.0,2078,2,2,1970,thessaloniki,Θεσσαλονίκη-Ανατολικά,Θεσσαλονίκης. Τιμή πώλησης: 160.000€ Για περισσότερ,,,https://pms.renovahouse.gr/property_images/142/final_photos/Apartment_77_Thessaloniki_-_Center_Analipsi_-_Mpotsari_-_Nea_Paralia_1207_03_main_slideshow.jpg,,,2026-09-27,2026-09-27T13:00:28Z
renovahouse.gr,RENOVA HOUSE,https://renovahouse.gr/property/162,"Άνω Τούμπα, 86 τ.μ., 2 Υ/Δ, διαμπερές & φωτεινό – 50 μ. από Λαμπράκη",sale,house,187000,86.0,2174,2,2,1983,thessaloniki,Θεσσαλονίκη-Ανατολικά,Τούμπα,,,https://pms.renovahouse.gr/property_images/162/final_photos/Apartment_86_Thessaloniki_-_Center_Toumpa_1232_06_main_slideshow.jpeg,,,2026-09-27,2026-09-27T13:00:31Z
renovahouse.gr,RENOVA HOUSE,https://renovahouse.gr/property/157,ΥΠΟ ΚΑΤΑΣΚΕΥΗ  ΠΟΛΥΤΕΛΗ ΔΙΑΜΕΡΙΣΜΑΤΑ Α+,sale,apartment,330000,45.0,7333,,3,,thessaloniki,Καλαμαριά,Καλαμαριά,,,https://pms.renovahouse.gr/property_images/157/final_photos/Apartment_95_Thessaloniki_-_Suburbs_Kalamaria_1126_01_main_slideshow.png,,,2026-09-27,2026-09-27T13:00:34Z
renovahouse.gr,RENOVA HOUSE,https://renovahouse.gr/property/156,"Νεόδμητο διαμέρισμα 97,72 τ.μ. με ιδιωτικό Roof Garden & 2 θέσεις Parking – Ενεργειακή Κλάση Α+",sale,apartment,330000,97.7,3377,,2,,thessaloniki,Θέρμη,Θέρμη,,,https://pms.renovahouse.gr/property_images/156/final_photos/Apartment_98_Thessaloniki_-_Suburbs_Thermi_1224_01_main_slideshow.png,,,2026-09-27,2026-09-27T13:00:37Z
renovahouse.gr,RENOVA HOUSE,https://renovahouse.gr/property/163,ΔΙΑΤΗΡΗΤΕΙΟ ΔΙΑΜΕΡΙΣΜΑ 100τ.μ.-ΑΓΙΟΥ ΔΗΜΗΤΡΙΟΥ,sale,apartment,190000,100.0,1900,3,3,,thessaloniki,Θεσσαλονίκη,Θεσσαλονίκης,,,https://pms.renovahouse.gr/property_images/163/final_photos/Apartment_100_Thessaloniki_-_Center_Center_of_Thessaloniki_1233_01_slideshow.png,,,2026-09-27,2026-09-27T13:00:40Z
renovahouse.gr,RENOVA HOUSE,https://renovahouse.gr/property/153,Παραθαλάσσιο οροφοδιαμέρισμα 80 τ.μ. με ανεμπόδιστη θέα θάλασσα – Κάριανη Καβάλας,sale,apartment,240000,80.0,3000,,1,1980,other,,,,,https://pms.renovahouse.gr/property_images/153/final_photos/Floor_apartment_120_Kavala_Prefecture_Paggaio_1222_03_main_slideshow.jpg,,,2026-09-27,2026-09-27T13:00:43Z
renovahouse.gr,RENOVA HOUSE,https://renovahouse.gr/property/155,Πωλείται Διαμέρισμα 103 τ.μ. – Σταυρούπολη | 3ος Όροφος | 4 Υπνοδωμάτια | 155.000€,sale,apartment,155000,103.0,1505,4,3,,thessaloniki,Παύλος Μελάς,Σταυρούπολη,,,https://pms.renovahouse.gr/property_images/155/final_photos/Apartment_125_Thessaloniki_-_Suburbs_Stavroupoli_1223_11_main_slideshow.jpeg,,,2026-09-27,2026-09-27T13:00:46Z
renovahouse.gr,RENOVA HOUSE,https://renovahouse.gr/property/123,"Διαμέρισμα 3ου ορόφου με σοφίτα προς πώληση – 147,39 τ.μ. – 395.000€",sale,apartment,395000,147.4,2680,,4,,thessaloniki,Θέρμη,Θέρμη,,,https://pms.renovahouse.gr/property_images/123/final_photos/Apartment_174_Thessaloniki_-_Suburbs_Thermi_1191_01_slideshow.png,,,2026-09-27,2026-09-27T13:00:49Z
renovahouse.gr,RENOVA HOUSE,https://renovahouse.gr/property/133,ΠΩΛΕΙΤΑΙ – ΕΠΕΝΔΥΤΙΚΟ ΑΚΙΝΗΤΟ GOLDEN VISA ΣΤΟ ΙΣΤΟΡΙΚΟ ΚΕΝΤΡΟ ΘΕΣΣΑΛΟΝΙΚΗΣ,sale,house,300000,230.0,1304,,1,,thessaloniki,Θεσσαλονίκη-Κέντρο,Θεσσαλονίκης,,,https://pms.renovahouse.gr/property_images/133/final_photos/Commercial_other_230_Thessaloniki_-_Center_Center_of_Thessaloniki_Κ-213_02_main_slideshow.jpg,,,2026-09-27,2026-09-27T13:00:52Z
renovahouse.gr,RENOVA HOUSE,https://renovahouse.gr/property/149,Γωνιακή μεζονέτα 3 επιπέδων 157 τ.μ. με αυλή στο Τριάδι Θέρμης,sale,maisonette,250000,157.0,1592,,ημιυπόγειο,2004,thessaloniki,Θέρμη,Θέρμη,,,https://pms.renovahouse.gr/property_images/149/final_photos/Maizonette_157_Thessaloniki_-_Suburbs_Thermi_1213_01_main_slideshow.jpeg,,,2026-09-27,2026-09-27T13:00:55Z
renovahouse.gr,RENOVA HOUSE,https://renovahouse.gr/property/144,Πολυτελής Μονοκατοικία 250 τ.μ. στην περιοχή της Καρδίας – Ιδανική και για Δύο Κατοικίες,sale,house,395000,250.0,1580,4,ημιυπόγειο,2002,thessaloniki,Θεσσαλονίκη,Θεσσαλονίκη - Ελλάδα (+30) 2310 553927 (+30) 6973 6,,,https://pms.renovahouse.gr/property_images/144/final_photos/Villa_250_Thessaloniki_-_Suburbs_Mikra_1209_11_main_slideshow.jpg,,,2026-09-27,2026-09-27T13:00:58Z
renovahouse.gr,RENOVA HOUSE,https://renovahouse.gr/property/113,ΠΩΛΕΙΤΑΙ Πολυκατοικία (Ισόγειο – 1ος – 2ος όροφος),sale,house,1200000,133.0,9023,4,2,,thessaloniki,Θεσσαλονίκη,Θεσσαλονίκη - Ελλάδα (+30) 2310 553927 (+30) 6973 6,,,https://pms.renovahouse.gr/property_images/113/final_photos/Apartment_450_Thessaloniki_-_Suburbs_Mikra_1183_01_main_slideshow.jpg,,,2026-09-27,2026-09-27T13:01:01Z
renovahouse.gr,RENOVA HOUSE,https://renovahouse.gr/property/118,ΜΟΝΟΚΑΤΟΙΚΙΑ|ΜΕΛΙΣΣΟΥΡΓΟΣ|220.000€,sale,house,220000,79.0,2785,2,ισόγειο,,thessaloniki,Θεσσαλονίκη,Θεσσαλονίκη - Ελλάδα (+30) 2310 553927 (+30) 6973 6,,,https://pms.renovahouse.gr/property_images/118/final_photos/Detached_house_2400_Thessaloniki_-_Rest_of_Prefecture_Apollonia_1186_01_slideshow.jpeg,,,2026-09-27,2026-09-27T13:01:04Z
renovahouse.gr,RENOVA HOUSE,https://renovahouse.gr/property/121,Ημιτελής Μονοκατοικία προς Πώληση – Νέο Ρύσιο Θεσσαλονίκης,sale,house,280000,400.0,700,,1,,thessaloniki,Θέρμη,Θεσσαλονίκης  Ημιτελής Μονοκατοικία προς Πώληση – Ν,,,https://pms.renovahouse.gr/property_images/121/final_photos/Detached_house_2400_Thessaloniki_-_Suburbs_Thermi_1189_02_main_slideshow.jpg,,,2026-09-27,2026-09-27T13:01:07Z
thessmesiti.gr,ThessMesiti.gr,https://www.thessmesiti.gr/el/properties/2284708,"ThessMesiti Real Estate | Κωδικός: 2284708 - Γραφείο Προς Ενοικίαση, Κέντρο Θεσσαλονίκης, 70 τ.μ., €440",rent,office,440,70.0,6,,5,,thessaloniki,Θεσσαλονίκη-Κέντρο,Θεσσαλονίκης,,,https://ilist-cdn.e-agents.cloud/appFol/appDetails/estatePhotos/fol2284708/1f68222f18744e00a875c69335b865c1.jpg,,,2026-09-27,2026-09-27T13:00:58Z
thessmesiti.gr,ThessMesiti.gr,https://www.thessmesiti.gr/el/properties/1493182,"ThessMesiti Real Estate | Κωδικός: 1493182 - Διαμέρισμα Προς Πώληση, Ανάληψη - Μπότσαρη - Νέα Παραλία, 49 τ.μ., €164.000",sale,apartment,164000,49.0,3347,2,4,1972,thessaloniki,Θεσσαλονίκη-Ανατολικά,Θεσσαλονίκη Φόρμα Ενδιαφέροντος Όνομα * Επώνυμο * Τ,,,https://ilist-cdn.e-agents.cloud/appFol/appDetails/estatePhotos/fol1493182/9b7a8881748e405bbee11ef22a883313.jpg,,,2026-09-27,2026-09-27T13:01:01Z
thessmesiti.gr,ThessMesiti.gr,https://www.thessmesiti.gr/el/properties/2153803,"ThessMesiti Real Estate | Κωδικός: 2153803 - Διαμέρισμα Προς Πώληση, Ξηροκρήνη - Παναγία Φανερωμένη, 126 τ.μ., €153.000",sale,apartment,153000,126.0,1214,2,2,1974,thessaloniki,Θεσσαλονίκη-Κέντρο,Θεσσαλονίκη Φόρμα Ενδιαφέροντος Όνομα * Επώνυμο * Τ,,,https://ilist-cdn.e-agents.cloud/appFol/appDetails/estatePhotos/fol2153803/734b6200f31e4071815d7c9b74e204ac.jpg,,,2026-09-27,2026-09-27T13:01:05Z
thessmesiti.gr,ThessMesiti.gr,https://www.thessmesiti.gr/el/properties/2059414,"ThessMesiti Real Estate | Κωδικός: 2059414 - Διαμέρισμα Προς Πώληση, Τούμπα, 45 τ.μ., €91.000",sale,apartment,91000,45.0,2022,1,ημιυπόγειο,1985,thessaloniki,Θεσσαλονίκη-Ανατολικά,Τούμπα,,,https://ilist-cdn.e-agents.cloud/appFol/appDetails/estatePhotos/fol2059414/95ec4fe6d79c41de8af5ab816ebc6837.jpg,,,2026-09-27,2026-09-27T13:01:07Z
thessmesiti.gr,ThessMesiti.gr,https://www.thessmesiti.gr/el/properties/2571696,"ThessMesiti Real Estate | Κωδικός: 2571696 - Διαμέρισμα Προς Ενοικίαση, Κέντρο Θεσσαλονίκης, 75 τ.μ., €580",rent,apartment,580,75.0,8,2,4,,thessaloniki,Θεσσαλονίκη-Κέντρο,Θεσσαλονίκης,,,https://ilist-cdn.e-agents.cloud/appFol/appDetails/estatePhotos/fol2571696/6ba0609afd184bb8a52cf067a87113ff.jpg,,,2026-09-27,2026-09-27T13:01:11Z
thessmesiti.gr,ThessMesiti.gr,https://www.thessmesiti.gr/el/properties/2506054,"ThessMesiti Real Estate | Κωδικός: 2506054 - Διαμέρισμα Προς Ενοικίαση, 40 Εκκλησιές - Ευαγγελίστρια, 40 τ.μ., €650",rent,apartment,650,40.0,16,1,2,2024,thessaloniki,Θεσσαλονίκη-Κέντρο,Θεσσαλονίκης . Αποτελείται από: 1 Υ/Δ,,,https://ilist-cdn.e-agents.cloud/appFol/appDetails/estatePhotos/fol2506054/73c0418ed865476eb7396c7891f51b0c.jpg,,,2026-09-27,2026-09-27T13:01:14Z
ktimatoependitiki.gr,REALTY-ΚΤΗΜΑΤΟΕΠΕΝΔΥΤΙΚΗ,https://www.ktimatoependitiki.gr//pylaia-agrotemaxio-pros%2Dpolisi_%CE%A4%2D1325.html,ΠΥΛΑΙΑ - ΑΓΡΟΤΕΜΑΧΙΟ προς Πώληση - 21.000  τ.μ.,sale,land,4000000,,,,0,,thessaloniki,Πυλαία,Θεσσαλονίκη REALTY-ΚΤΗΜΑΤΟΠΕΝΔΥΤΙΚΗ. Ακίνητα σε Θεσ,,,https://www.ktimatoependitiki.gr/,,,2026-09-27,2026-09-27T12:59:09Z
ktimatoependitiki.gr,REALTY-ΚΤΗΜΑΤΟΕΠΕΝΔΥΤΙΚΗ,https://www.ktimatoependitiki.gr//toroni-agrotemaxio-pros%2Dpolisi_%CE%A4%2D1329.html,ΤΟΡΩΝΗ - ΑΓΡΟΤΕΜΑΧΙΟ προς Πώληση - 26.000  τ.μ.,sale,land,5500000,,,,0,,thessaloniki,Θεσσαλονίκη,Θεσσαλονίκη REALTY-ΚΤΗΜΑΤΟΠΕΝΔΥΤΙΚΗ. Ακίνητα σε Θεσ,,,https://www.ktimatoependitiki.gr/,,,2026-09-27,2026-09-27T12:59:27Z
ktimatoependitiki.gr,REALTY-ΚΤΗΜΑΤΟΕΠΕΝΔΥΤΙΚΗ,https://www.ktimatoependitiki.gr//kentro%2Dthessalonikis-polykatoikia-pros%2Dpolisi_%CE%A4%2D1374.html,ΚΕΝΤΡΟ ΘΕΣΣΑΛΟΝΙΚΗΣ - ΠΟΛΥΚΑΤΟΙΚΙΑ προς Πώληση - 980  τ.μ.,sale,house,1770000,980.0,1806,2,4,,thessaloniki,Θεσσαλονίκη-Κέντρο,Θεσσαλονίκη REALTY-ΚΤΗΜΑΤΟΠΕΝΔΥΤΙΚΗ. Ακίνητα σε Θεσ,,,https://www.ktimatoependitiki.gr/,,,2026-09-27,2026-09-27T13:00:03Z
ktimatoependitiki.gr,REALTY-ΚΤΗΜΑΤΟΕΠΕΝΔΥΤΙΚΗ,https://www.ktimatoependitiki.gr//ksirokrini-katastima-pros%2Dpolisi_%CE%A4%2D1390.html,ΞΗΡΟΚΡΗΝΗ - ΚΑΤΑΣΤΗΜΑ προς Ενοικίαση - 200  τ.μ.,rent,store,1200,200.0,6,,0,,thessaloniki,Θεσσαλονίκη-Κέντρο,Θεσσαλονίκη REALTY-ΚΤΗΜΑΤΟΠΕΝΔΥΤΙΚΗ. Ακίνητα σε Θεσ,,,https://www.ktimatoependitiki.gr/u_photos/T-1774977641.jpg,,,2026-09-27,2026-09-27T13:00:17Z
ktimatoependitiki.gr,REALTY-ΚΤΗΜΑΤΟΕΠΕΝΔΥΤΙΚΗ,https://www.ktimatoependitiki.gr//pylaia-diamerisma-pros%2Denoikiasi_%CE%A4%2D1392.html,ΠΥΛΑΙΑ - ΔΙΑΜΕΡΙΣΜΑ προς Ενοικίαση - 120  τ.μ.,rent,apartment,1200,120.0,10,3,2,,thessaloniki,Πυλαία,Θεσσαλονίκη REALTY-ΚΤΗΜΑΤΟΠΕΝΔΥΤΙΚΗ. Ακίνητα σε Θεσ,,,https://www.ktimatoependitiki.gr/,,,2026-09-27,2026-09-27T13:00:20Z
ktimatoependitiki.gr,REALTY-ΚΤΗΜΑΤΟΕΠΕΝΔΥΤΙΚΗ,https://www.ktimatoependitiki.gr//akti%2Dkalogrias-agrotemaxio-pros%2Dpolisi_%CE%A4%2D1330.html,ΑΚΤΗ ΚΑΛΟΓΡΙΑΣ - ΑΓΡΟΤΕΜΑΧΙΟ προς Πώληση - 4.500  τ.μ.,sale,land,1200000,500.0,2400,,0,,thessaloniki,Θεσσαλονίκη,Θεσσαλονίκη REALTY-ΚΤΗΜΑΤΟΠΕΝΔΥΤΙΚΗ. Ακίνητα σε Θεσ,,,https://www.ktimatoependitiki.gr/,,,2026-09-27,2026-09-27T13:00:50Z
ktimatoependitiki.gr,REALTY-ΚΤΗΜΑΤΟΕΠΕΝΔΥΤΙΚΗ,https://www.ktimatoependitiki.gr//kentro%2Dthessalonikis-ktirio-pros%2Denoikiasi_%CE%A4%2D1333.html,ΚΕΝΤΡΟ ΘΕΣΣΑΛΟΝΙΚΗΣ - ΚΤΗΡΙΟ προς Ενοικίαση - 2.400  τ.μ.,rent,,,400.0,,,6,,thessaloniki,Θεσσαλονίκη-Κέντρο,Θεσσαλονίκη REALTY-ΚΤΗΜΑΤΟΠΕΝΔΥΤΙΚΗ. Ακίνητα σε Θεσ,,,https://www.ktimatoependitiki.gr/,,,2026-09-27,2026-09-27T13:00:56Z
ktimatoependitiki.gr,REALTY-ΚΤΗΜΑΤΟΕΠΕΝΔΥΤΙΚΗ,https://www.ktimatoependitiki.gr//sani-billa-pros%2Dpolisi_%CE%A4%2D1338.html,ΣΑΝΗ - ΒΙΛΛΑ προς Πώληση - 600  τ.μ.,sale,,2200000,600.0,3667,7,2,,other,,Θεσσαλονίκη REALTY-ΚΤΗΜΑΤΟΠΕΝΔΥΤΙΚΗ. Ακίνητα σε Θεσ,,,https://www.ktimatoependitiki.gr/,,,2026-09-27,2026-09-27T13:01:16Z
ktimatoependitiki.gr,REALTY-ΚΤΗΜΑΤΟΕΠΕΝΔΥΤΙΚΗ,https://www.ktimatoependitiki.gr//sani-billa-pros%2Dpolisi_%CE%A4%2D1339.html,ΣΑΝΗ - ΒΙΛΛΑ προς Πώληση - 230  τ.μ.,sale,,1100000,230.0,4783,5,1,,other,,Θεσσαλονίκη REALTY-ΚΤΗΜΑΤΟΠΕΝΔΥΤΙΚΗ. Ακίνητα σε Θεσ,,,https://www.ktimatoependitiki.gr/,,,2026-09-27,2026-09-27T13:01:19Z
topsisrealestate.gr,Topsis Real Estate,https://topsisrealestate.gr/property/%ce%b4%ce%b9%ce%b1%ce%bc%ce%ad%cf%81%ce%b9%cf%83%ce%bc%ce%b1-125%cf%84-%ce%bc/,"Διαμέρισμα, 125τ.μ.",rent,apartment,610,125.0,5,3.0,3,1989,thessaloniki,Θεσσαλονίκη,Θεσσαλονίκη,40.66897,22.908168,https://topsisrealestate.gr/wp-content/uploads/2026/09/368526989_300x220.jpg,,,2026-09-27,2026-09-27T13:01:03Z
topsisrealestate.gr,Topsis Real Estate,https://topsisrealestate.gr/property/%ce%b4%ce%b9%ce%b1%ce%bc%ce%ad%cf%81%ce%b9%cf%83%ce%bc%ce%b1-137%cf%84-%ce%bc/,"Διαμέρισμα, 137τ.μ.",sale,apartment,320000,137.0,2336,4.0,4,1996,thessaloniki,Θεσσαλονίκη,Θεσσαλονίκη,40.588439,22.951437,https://topsisrealestate.gr/wp-content/uploads/2026/09/337691891_300x220.jpg,,,2026-09-27,2026-09-27T13:01:05Z
topsisrealestate.gr,Topsis Real Estate,https://topsisrealestate.gr/property/%ce%ba%ce%b1%cf%84%ce%ac%cf%83%cf%84%ce%b7%ce%bc%ce%b1-122%cf%84-%ce%bc/,"Κατάστημα, 122τ.μ.",sale,store,122000,122.0,1000,,υπόγειο,2010,thessaloniki,Θεσσαλονίκη,Θεσσαλονίκη,40.557793,23.009656,https://topsisrealestate.gr/wp-content/uploads/2026/09/362155581_300x220-1.jpg,,,2026-09-27,2026-09-27T13:01:08Z
topsisrealestate.gr,Topsis Real Estate,https://topsisrealestate.gr/property/%ce%b2%ce%b9%ce%bf%ce%bc%ce%b7%cf%87%ce%b1%ce%bd%ce%b9%ce%ba%cf%8c%cf%82-%cf%87%cf%8e%cf%81%ce%bf%cf%82-1500%cf%84-%ce%bc/,"Βιομηχανικός χώρος, 1500τ.μ.",sale,warehouse,580000,1500.0,387,,,1978,thessaloniki,Θεσσαλονίκη,Θεσσαλονίκη,40.65476,22.906557,https://topsisrealestate.gr/wp-content/uploads/2026/09/358712431_300x220.jpg,,,2026-09-27,2026-09-27T13:01:14Z
mandraouhome.gr,Mandraou Home,https://www.mandraouhome.gr/portfolio-item/%ce%b4%ce%b9%ce%b1%ce%bc%ce%ad%cf%81%ce%b9%cf%83%ce%bc%ce%b1-45%cf%84-%ce%bc-%ce%b1%ce%b3%ce%af%ce%b1-%cf%84%cf%81%ce%b9%ce%ac%ce%b4%ce%b1-e430/,"Διαμέρισμα, 45τ.μ. Αγία Τριάδα, €430",rent,apartment,430,45.0,10,1,,2000,thessaloniki,Θερμαϊκός,,,,https://www.mandraouhome.gr/wp-content/uploads/2026/09/image00011-WEB7.jpeg,,,2026-09-27,2026-09-27T12:58:37Z
mandraouhome.gr,Mandraou Home,https://www.mandraouhome.gr/portfolio-item/%ce%b4%ce%b9%ce%b1%ce%bc%ce%ad%cf%81%ce%b9%cf%83%ce%bc%ce%b1-40%cf%84-%ce%bc-%ce%bc%ce%b7%cf%87%ce%b1%ce%bd%ce%b9%cf%8e%ce%bd%ce%b1-e450/,"Διαμέρισμα, 40τ.μ. Μηχανιώνα €450",rent,apartment,450,40.0,11,1,1,2000,thessaloniki,Θερμαϊκός,Επανομή,,,https://www.mandraouhome.gr/wp-content/uploads/2026/09/image00005-WEB7-1.jpeg,,,2026-09-27,2026-09-27T12:58:41Z
mandraouhome.gr,Mandraou Home,https://www.mandraouhome.gr/portfolio-item/%ce%b2%ce%af%ce%bb%ce%b1-250%cf%84-%ce%bc-%ce%b5%cf%80%ce%b1%ce%bd%ce%bf%ce%bc%ce%ae-e1-000/,"Βίλα, 250τ.μ. Επανομή €1.000",rent,house,1000,250.0,4,4,1,1993,thessaloniki,Θερμαϊκός,Επανομή,,,https://www.mandraouhome.gr/wp-content/uploads/2026/09/IMG-f7c608c2bcf1dae6dc5fd37b6e5975b9-V-WEB7.jpg,,,2026-09-27,2026-09-27T12:58:46Z
mandraouhome.gr,Mandraou Home,https://www.mandraouhome.gr/portfolio-item/%ce%bc%ce%b5%ce%b6%ce%bf%ce%bd%ce%ad%cf%84%ce%b1-80%cf%84-%ce%bc-%ce%bc%ce%b7%cf%87%ce%b1%ce%bd%ce%b9%cf%8e%ce%bd%ce%b1-e120-000/,"Μεζονέτα, 80τ.μ. Μηχανιώνα €120.000",sale,maisonette,120000,80.0,1500,3,ισόγειο,1985,thessaloniki,Θερμαϊκός,Επανομή,,,https://www.mandraouhome.gr/wp-content/uploads/2026/09/IMG-635be9ceef3607a2eb08e04270d63412-V-WEB7.jpg,,,2026-09-27,2026-09-27T12:58:50Z
mandraouhome.gr,Mandraou Home,https://www.mandraouhome.gr/portfolio-item/%ce%b1%ce%b3%cf%81%ce%bf%cf%84%ce%b5%ce%bc%ce%ac%cf%87%ce%b9%ce%bf-8000%cf%84-%ce%bc-%ce%b5%cf%80%ce%b1%ce%bd%ce%bf%ce%bc%ce%ae-e50-000/,"Αγροτεμάχιο, 8000τ.μ. Επανομή €50.000",sale,land,50000,8000.0,6,,,,thessaloniki,Θερμαϊκός,Επανομή,,,https://www.mandraouhome.gr/wp-content/uploads/2026/09/1000015732-WEB7.jpg,,,2026-09-27,2026-09-27T12:58:54Z
mandraouhome.gr,Mandraou Home,https://www.mandraouhome.gr/portfolio-item/%ce%bc%ce%bf%ce%bd%ce%bf%ce%ba%ce%b1%cf%84%ce%bf%ce%b9%ce%ba%ce%af%ce%b1-75%cf%84-%ce%bc-%ce%bc%ce%b7%cf%87%ce%b1%ce%bd%ce%b9%cf%8e%ce%bd%ce%b1-e500/,"Μονοκατοικία, 75τ.μ. Μηχανιώνα €500",rent,house,500,75.0,7,1,ισόγειο,1990,thessaloniki,Θερμαϊκός,Επανομή,,,https://www.mandraouhome.gr/wp-content/uploads/2026/09/1000016027-WEB7.jpg,,,2026-09-27,2026-09-27T12:58:57Z
mandraouhome.gr,Mandraou Home,https://www.mandraouhome.gr/portfolio-item/%ce%b4%ce%b9%ce%b1%ce%bc%ce%ad%cf%81%ce%b9%cf%83%ce%bc%ce%b1-60%cf%84-%ce%bc-%ce%bc%ce%b7%cf%87%ce%b1%ce%bd%ce%b9%cf%8e%ce%bd%ce%b1-e105-000/,"Διαμέρισμα, 60τ.μ. Μηχανιώνα €105.000",sale,apartment,105000,60.0,1750,1,1,2009,thessaloniki,Θερμαϊκός,,,,https://www.mandraouhome.gr/wp-content/uploads/2026/09/1000015971-WEB7.jpg,,,2026-09-27,2026-09-27T12:59:01Z
mandraouhome.gr,Mandraou Home,https://www.mandraouhome.gr/portfolio-item/%ce%ba%ce%b1%cf%84%ce%ac%cf%83%cf%84%ce%b7%ce%bc%ce%b1-80%cf%84-%ce%bc-%ce%bd%ce%ad%ce%b1-%ce%b9%cf%89%ce%bd%ce%af%ce%b1-e550/,"Κατάστημα, 80τ.μ. Νέα Ιωνία €550",rent,store,550,80.0,7,,ισόγειο,1980,thessaloniki,Θερμαϊκός,Επανομή,,,https://www.mandraouhome.gr/wp-content/uploads/2026/09/366978794_1600x1200-WEB7.jpg,,,2026-09-27,2026-09-27T12:59:05Z
mandraouhome.gr,Mandraou Home,https://www.mandraouhome.gr/portfolio-item/%ce%bc%ce%b5%ce%b6%ce%bf%ce%bd%ce%ad%cf%84%ce%b1-75%cf%84-%ce%bc-%ce%bc%ce%b7%cf%87%ce%b1%ce%bd%ce%b9%cf%8e%ce%bd%ce%b1-e500/,"Μεζονέτα, 75τ.μ. Μηχανιώνα €450",rent,maisonette,450,75.0,6,2,ισόγειο,1996,thessaloniki,Θερμαϊκός,Θεσσαλονίκης του Δήμου Θερμαϊκού,,,https://www.mandraouhome.gr/wp-content/uploads/2026/08/1000015747-WEB7.jpg,,,2026-09-27,2026-09-27T12:59:10Z
mandraouhome.gr,Mandraou Home,https://www.mandraouhome.gr/portfolio-item/%ce%b4%ce%b9%ce%b1%ce%bc%ce%ad%cf%81%ce%b9%cf%83%ce%bc%ce%b1-65%cf%84-%ce%bc-%cf%80%ce%b5%cf%81%ce%b1%ce%af%ce%b1-e550/,"Διαμέρισμα, 65τ.μ. Περαία €350",rent,apartment,350,65.0,5,1,ημιυπόγειο,2000,thessaloniki,Θερμαϊκός,Περαία,,,https://www.mandraouhome.gr/wp-content/uploads/2026/08/image00013-WEB7-3.jpeg,,,2026-09-27,2026-09-27T12:59:25Z
mandraouhome.gr,Mandraou Home,https://www.mandraouhome.gr/portfolio-item/%ce%bc%ce%b5%ce%b6%ce%bf%ce%bd%ce%ad%cf%84%ce%b1-160%cf%84-%ce%bc-%cf%80%ce%bb%ce%b1%ce%b3%ce%b9%ce%ac%cf%81%ce%b9-e750/,"Μεζονέτα, 160τ.μ. Πλαγιάρι €700",rent,maisonette,700,160.0,4,3,ισόγειο,2004,thessaloniki,Θέρμη,Θέρμη,,,https://www.mandraouhome.gr/wp-content/uploads/2026/08/image00011-WEB7-4.jpeg,,,2026-09-27,2026-09-27T12:59:40Z
mandraouhome.gr,Mandraou Home,https://www.mandraouhome.gr/portfolio-item/%ce%b4%ce%b9%ce%b1%ce%bc%ce%ad%cf%81%ce%b9%cf%83%ce%bc%ce%b1-60%cf%84-%ce%bc-%ce%ac%ce%bd%cf%89-%cf%80%ce%b5%cf%81%ce%b1%ce%af%ce%b1-e400/,"Διαμέρισμα, 60τ.μ. Άνω Περαία €400",rent,apartment,400,60.0,7,1,ημιυπόγειο,1980,thessaloniki,Θερμαϊκός,Περαία,,,https://www.mandraouhome.gr/wp-content/uploads/2026/08/image00006-WEB7-3.jpeg,,,2026-09-27,2026-09-27T12:59:58Z
mandraouhome.gr,Mandraou Home,https://www.mandraouhome.gr/portfolio-item/%ce%bf%ce%b9%ce%ba%cf%8c%cf%80%ce%b5%ce%b4%ce%bf-2000%cf%84-%ce%bc-%ce%bc%ce%b7%cf%87%ce%b1%ce%bd%ce%b9%cf%8e%ce%bd%ce%b1-e230-000/,"Οικόπεδο, 2000τ.μ. Μηχανιώνα €230.000",sale,land,230000,2000.0,115,,,,thessaloniki,Θερμαϊκός,Περαία,,,https://www.mandraouhome.gr/wp-content/uploads/2026/07/image00001-WEB7-11.jpeg,,,2026-09-27,2026-09-27T13:00:02Z
mandraouhome.gr,Mandraou Home,https://www.mandraouhome.gr/portfolio-item/%ce%b4%ce%b9%ce%b1%ce%bc%ce%ad%cf%81%ce%b9%cf%83%ce%bc%ce%b1-45%cf%84-%ce%bc-%ce%bc%ce%b7%cf%87%ce%b1%ce%bd%ce%b9%cf%8e%ce%bd%ce%b1-e70-000/,"Διαμέρισμα, 45τ.μ. Μηχανιώνα €70.000",sale,apartment,70000,45.0,1556,1,2,1981,thessaloniki,Θερμαϊκός,,,,https://www.mandraouhome.gr/wp-content/uploads/2026/07/image00020-WEB7-5.jpeg,,,2026-09-27,2026-09-27T13:00:06Z
mandraouhome.gr,Mandraou Home,https://www.mandraouhome.gr/portfolio-item/%ce%b1%cf%80%ce%bf%ce%b8%ce%ae%ce%ba%ce%b7-80%cf%84-%ce%bc-%ce%bd%ce%ad%ce%b1-%ce%bc%ce%b7%cf%87%ce%b1%ce%bd%ce%b9%cf%8e%ce%bd%ce%b1-e45-000/,"Αποθήκη, 80τ.μ. Νέα Μηχανιώνα €45.000",sale,warehouse,45000,80.0,562,,υπόγειο,2006,thessaloniki,Θερμαϊκός,Θεσσαλονίκη – Περιφ/κοί δήμοι) Μηχανιώνας,,,https://www.mandraouhome.gr/wp-content/uploads/2026/07/359607751_1600x1200.jpg,,,2026-09-27,2026-09-27T13:00:10Z
mandraouhome.gr,Mandraou Home,https://www.mandraouhome.gr/portfolio-item/%ce%bc%ce%b5%ce%b6%ce%bf%ce%bd%ce%ad%cf%84%ce%b1-170%cf%84-%ce%bc-%cf%83%ce%ba%ce%ac%ce%bb%ce%b1-%ce%bd%ce%ad%cf%89%ce%bd-%ce%b5%cf%80%ce%b9%ce%b2%ce%b1%cf%84%cf%8e%ce%bd-e350-000/,"Μεζονέτα, 170τ.μ. Σκάλα Νέων Επιβατών €350.000",sale,maisonette,350000,170.0,2059,4,ισόγειο,2006,thessaloniki,Θερμαϊκός,Επανομή,,,https://www.mandraouhome.gr/wp-content/uploads/2026/07/image00001-WEB7-4.jpeg,,,2026-09-27,2026-09-27T13:00:13Z
mandraouhome.gr,Mandraou Home,https://www.mandraouhome.gr/portfolio-item/%ce%bc%ce%bf%ce%bd%ce%bf%ce%ba%ce%b1%cf%84%ce%bf%ce%b9%ce%ba%ce%af%ce%b1-280%cf%84-%ce%bc-%ce%b5%cf%80%ce%b1%ce%bd%ce%bf%ce%bc%ce%ae-e250-000/,"Μονοκατοικία, 280τ.μ. Επανομή €250.000",sale,house,250000,280.0,893,3,,1998,thessaloniki,Θερμαϊκός,Επανομή,,,https://www.mandraouhome.gr/wp-content/uploads/2026/07/1000014738-WEB7.jpg,,,2026-09-27,2026-09-27T13:00:17Z
mandraouhome.gr,Mandraou Home,https://www.mandraouhome.gr/portfolio-item/%ce%b4%ce%b9%ce%b1%ce%bc%ce%ad%cf%81%ce%b9%cf%83%ce%bc%ce%b1-85%cf%84-%ce%bc-%ce%bc%ce%b7%cf%87%ce%b1%ce%bd%ce%b9%cf%8e%ce%bd%ce%b1-e140-000/,"Διαμέρισμα, 85τ.μ. Μηχανιώνα €140.000",sale,apartment,140000,85.0,1647,2,1,2005,thessaloniki,Θερμαϊκός,,,,https://www.mandraouhome.gr/wp-content/uploads/2026/07/1000014883-WEB7.jpg,,,2026-09-27,2026-09-27T13:00:32Z
mandraouhome.gr,Mandraou Home,https://www.mandraouhome.gr/portfolio-item/%ce%bc%ce%b5%ce%b6%ce%bf%ce%bd%ce%ad%cf%84%ce%b1-140%cf%84-%ce%bc-%ce%bd%ce%ad%ce%bf%ce%b9-%ce%b5%cf%80%ce%b9%ce%b2%ce%ac%cf%84%ce%b5%cf%82-e270-000/,"Μεζονέτα, 140τ.μ. Νέοι Επιβάτες €270.000",sale,maisonette,270000,140.0,1929,4,,2007,thessaloniki,Θερμαϊκός,,,,https://www.mandraouhome.gr/wp-content/uploads/2026/07/image00002-1-WEB7.jpeg,,,2026-09-27,2026-09-27T13:00:36Z
mandraouhome.gr,Mandraou Home,https://www.mandraouhome.gr/portfolio-item/%ce%bc%ce%bf%ce%bd%ce%bf%ce%ba%ce%b1%cf%84%ce%bf%ce%b9%ce%ba%ce%af%ce%b1-100%cf%84-%ce%bc-%ce%bd%ce%ad%ce%bf-%cf%81%cf%8d%cf%83%ce%b9%ce%bf-e850-000/,"Μονοκατοικία, 220τ.μ. Νέο Ρύσιο €850.000",sale,house,850000,220.0,3864,3,,,thessaloniki,Θέρμη,Θέρμη,,,https://www.mandraouhome.gr/wp-content/uploads/2026/07/IMG_4653-WEB7.jpeg,,,2026-09-27,2026-09-27T13:00:52Z
mandraouhome.gr,Mandraou Home,https://www.mandraouhome.gr/portfolio-item/%ce%b1%ce%b3%cf%81%ce%bf%cf%84%ce%b5%ce%bc%ce%ac%cf%87%ce%b9%ce%bf-1500%cf%84-%ce%bc-%ce%bc%ce%b7%cf%87%ce%b1%ce%bd%ce%b9%cf%8e%ce%bd%ce%b1-e25-000/,"Αγροτεμάχιο, 1500τ.μ. Μηχανιώνα €25.000",,land,25000,1500.0,17,,,,thessaloniki,Θερμαϊκός,Περαία,,,https://www.mandraouhome.gr/wp-content/uploads/2026/06/1000014323-WEB7.jpg,,,2026-09-27,2026-09-27T13:00:56Z
mandraouhome.gr,Mandraou Home,https://www.mandraouhome.gr/portfolio-item/%ce%b4%ce%b9%ce%b1%ce%bc%ce%ad%cf%81%ce%b9%cf%83%ce%bc%ce%b1-60%cf%84-%ce%bc-%cf%80%ce%b5%cf%81%ce%b1%ce%af%ce%b1-e280-000/,"Διαμέρισμα, 60τ.μ. Περαία €280.000",sale,apartment,280000,60.0,4667,1,4,1971,thessaloniki,Θερμαϊκός,Περαία,,,https://www.mandraouhome.gr/wp-content/uploads/2026/06/image00023-WEB7-1.jpeg,,,2026-09-27,2026-09-27T13:00:59Z
mandraouhome.gr,Mandraou Home,https://www.mandraouhome.gr/portfolio-item/%ce%b2%ce%af%ce%bb%ce%b1-270%cf%84-%ce%bc-%cf%84%cf%81%ce%af%ce%bb%ce%bf%cf%86%ce%bf%cf%82-e390-000/,"Βίλα, 270τ.μ. Τρίλοφος €370.000",sale,house,370000,270.0,1370,6,ισόγειο,1995,thessaloniki,Ωραιόκαστρο,Ωραιόκαστρο,,,https://www.mandraouhome.gr/wp-content/uploads/2026/06/image00002-WEB7-3.jpeg,,,2026-09-27,2026-09-27T13:01:15Z
sivris-realestate.gr,Sivris Real Estate,https://www.sivris-realestate.gr/el-GR/id/18173/__(pros-polisi)-katikia-monokatikia-thessaloniki-perichora-thermaikos-/estate.html,(Προς Πώληση) Κατοικία Μονοκατοικία || Θεσσαλονίκη Περίχωρα/Θερμαϊ...,sale,house,455000,370.0,1230,4,1,1991,thessaloniki,Θερμαϊκός,Θεσσαλονίκη Περίχωρα/Θερμαϊ...  (Προς Πώληση) Κατοι,,,http://www.sivris-realestate.gr/appFol/appDetails/EstatePhotos/fol18173/img_2.jpeg,,,2026-09-27,2026-09-27T13:00:14Z
sivris-realestate.gr,Sivris Real Estate,https://www.sivris-realestate.gr/el-GR/id/18290/__(pros-polisi)-katikia-mezoneta-thessaloniki-perichora-mikra-/estate.html,(Προς Πώληση) Κατοικία Μεζονέτα || Θεσσαλονίκη Περίχωρα/Μίκρα - 16...,sale,maisonette,124000,160.0,775,3,1,2004,thessaloniki,Θεσσαλονίκη,Θεσσαλονίκη Περίχωρα/Μίκρα - 16...  (Προς Πώληση) Κ,,,http://www.sivris-realestate.gr/appFol/appDetails/EstatePhotos/fol18290/img_2.jpeg,,,2026-09-27,2026-09-27T13:00:17Z
sivris-realestate.gr,Sivris Real Estate,https://www.sivris-realestate.gr/el-GR/id/18199/__(pros-polisi)-katikia-diamerisma-thessaloniki-perichora-thermaikos-/estate.html,(Προς Πώληση) Κατοικία Διαμέρισμα || Θεσσαλονίκη Περίχωρα/Θερμαϊκό...,sale,apartment,140000,75.0,1867,2,1,2025,thessaloniki,Θερμαϊκός,Θεσσαλονίκη Περίχωρα/Θερμαϊκό...  (Προς Πώληση) Κατ,,,http://www.sivris-realestate.gr/appFol/appDetails/EstatePhotos/fol18199/img_2.jpeg,,,2026-09-27,2026-09-27T13:00:20Z
sivris-realestate.gr,Sivris Real Estate,https://www.sivris-realestate.gr/el-GR/id/18283/__(pros-polisi)-katikia-diamerisma-thessaloniki-perichora-thermaikos-/estate.html,(Προς Πώληση) Κατοικία Διαμέρισμα || Θεσσαλονίκη Περίχωρα/Θερμαϊκό...,sale,apartment,150000,146.0,1027,3,1,1992,thessaloniki,Θερμαϊκός,Θεσσαλονίκη Περίχωρα/Θερμαϊκό...  (Προς Πώληση) Κατ,,,http://www.sivris-realestate.gr/appFol/appDetails/EstatePhotos/fol18283/img_2.jpeg,,,2026-09-27,2026-09-27T13:00:23Z
sivris-realestate.gr,Sivris Real Estate,https://www.sivris-realestate.gr/el-GR/id/18272/__(pros-polisi)-katikia-diamerisma-thessaloniki-perichora-michaniona-/estate.html,(Προς Πώληση) Κατοικία Διαμέρισμα || Θεσσαλονίκη Περίχωρα/Μηχανιών...,sale,apartment,115000,55.0,2091,1,1,2008,thessaloniki,Θερμαϊκός,Θεσσαλονίκη Περίχωρα/Μηχανιών...  (Προς Πώληση) Κατ,,,http://www.sivris-realestate.gr/appFol/appDetails/EstatePhotos/fol18272/img_2.jpeg,,,2026-09-27,2026-09-27T13:00:26Z
sivris-realestate.gr,Sivris Real Estate,https://www.sivris-realestate.gr/el-GR/id/18256/__(pros-polisi)-katikia-diamerisma-thessaloniki-perichora-epanomi-/estate.html,(Προς Πώληση) Κατοικία Διαμέρισμα || Θεσσαλονίκη Περίχωρα/Επανομή ...,sale,apartment,120000,78.0,1538,2,1,2007,thessaloniki,Θερμαϊκός,Θεσσαλονίκη Περίχωρα/Επανομή ...  (Προς Πώληση) Κατ,,,http://www.sivris-realestate.gr/appFol/appDetails/EstatePhotos/fol18256/img_2.jpeg,,,2026-09-27,2026-09-27T13:00:29Z
sivris-realestate.gr,Sivris Real Estate,https://www.sivris-realestate.gr/el-GR/id/18258/__(pros-polisi)-katikia-diamerisma-thessaloniki-perichora-epanomi-/estate.html,(Προς Πώληση) Κατοικία Διαμέρισμα || Θεσσαλονίκη Περίχωρα/Επανομή ...,sale,apartment,120000,85.0,1412,2,2,2007,thessaloniki,Θερμαϊκός,Θεσσαλονίκη Περίχωρα/Επανομή ...  (Προς Πώληση) Κατ,,,http://www.sivris-realestate.gr/appFol/appDetails/EstatePhotos/fol18258/img_2.jpeg,,,2026-09-27,2026-09-27T13:00:32Z
sivris-realestate.gr,Sivris Real Estate,https://www.sivris-realestate.gr/el-GR/id/18159/__(pros-polisi)-katikia-mezoneta-thessaloniki-perichora-mikra-/estate.html,(Προς Πώληση) Κατοικία Μεζονέτα || Θεσσαλονίκη Περίχωρα/Μίκρα - 18...,sale,maisonette,260000,180.0,1444,4,1,2002,thessaloniki,Θεσσαλονίκη,Θεσσαλονίκη Περίχωρα/Μίκρα - 18...  (Προς Πώληση) Κ,,,http://www.sivris-realestate.gr/appFol/appDetails/EstatePhotos/fol18159/img_2.jpeg,,,2026-09-27,2026-09-27T13:00:35Z
sivris-realestate.gr,Sivris Real Estate,https://www.sivris-realestate.gr/el-GR/id/18254/__(pros-polisi)-katikia-diamerisma-thessaloniki-perichora-epanomi-/estate.html,(Προς Πώληση) Κατοικία Διαμέρισμα || Θεσσαλονίκη Περίχωρα/Επανομή ...,sale,apartment,125000,82.0,1524,2,1,2007,thessaloniki,Θερμαϊκός,Θεσσαλονίκη Περίχωρα/Επανομή ...  (Προς Πώληση) Κατ,,,http://www.sivris-realestate.gr/appFol/appDetails/EstatePhotos/fol18254/img_2.jpeg,,,2026-09-27,2026-09-27T13:00:38Z
sivris-realestate.gr,Sivris Real Estate,https://www.sivris-realestate.gr/el-GR/id/18233/__(pros-polisi)-katikia-diamerisma-thessaloniki-perichora-thermaikos-/estate.html,(Προς Πώληση) Κατοικία Διαμέρισμα || Θεσσαλονίκη Περίχωρα/Θερμαϊκό...,sale,apartment,160000,90.0,1778,2,1,1987,thessaloniki,Θερμαϊκός,Θεσσαλονίκη Περίχωρα/Θερμαϊκό...  (Προς Πώληση) Κατ,,,http://www.sivris-realestate.gr/appFol/appDetails/EstatePhotos/fol18233/img_2.jpeg,,,2026-09-27,2026-09-27T13:00:41Z
sivris-realestate.gr,Sivris Real Estate,https://www.sivris-realestate.gr/el-GR/id/18265/__(pros-polisi)-epaggelmatikos-choros-grafio-thessaloniki-perichora-thermaikos-/estate.html,(Προς Πώληση) Επαγγελματικός Χώρος Γραφείο || Θεσσαλονίκη Περίχωρα...,sale,store,116000,103.0,1126,,1,1994,thessaloniki,Θερμαϊκός,Θεσσαλονίκη Περίχωρα...  (Προς Πώληση) Επαγγελματικ,,,http://www.sivris-realestate.gr/appFol/appDetails/EstatePhotos/fol18265/img_2.jpeg,,,2026-09-27,2026-09-27T13:00:44Z
sivris-realestate.gr,Sivris Real Estate,https://www.sivris-realestate.gr/el-GR/id/18085/__(pros-polisi)-epaggelmatikos-choros-katastima-thessaloniki-perichora-thermaikos-/estate.html,(Προς Πώληση) Επαγγελματικός Χώρος Κατάστημα || Θεσσαλονίκη Περίχω...,sale,store,140000,100.0,1400,,ισόγειο,2010,thessaloniki,Θερμαϊκός,Θεσσαλονίκη Περίχω...  (Προς Πώληση) Επαγγελματικός,,,http://www.sivris-realestate.gr/appFol/appDetails/EstatePhotos/fol18085/img_2.jpg,,,2026-09-27,2026-09-27T13:00:47Z
sivris-realestate.gr,Sivris Real Estate,https://www.sivris-realestate.gr/el-GR/id/18176/__(pros-polisi)-epaggelmatikos-choros-katastima-thessaloniki-perichora-thermaikos-/estate.html,(Προς Πώληση) Επαγγελματικός Χώρος Κατάστημα || Θεσσαλονίκη Περίχω...,sale,store,135000,90.0,1500,,ισόγειο,1987,thessaloniki,Θερμαϊκός,Θεσσαλονίκη Περίχω...  (Προς Πώληση) Επαγγελματικός,,,http://www.sivris-realestate.gr/appFol/appDetails/EstatePhotos/fol18176/img_2.jpeg,,,2026-09-27,2026-09-27T13:00:50Z
sivris-realestate.gr,Sivris Real Estate,https://www.sivris-realestate.gr/el-GR/id/18172/__(pros-polisi)-epaggelmatikos-choros-biotechnikos-choros-thessaloniki-perichora-thermaikos-/estate.html,(Προς Πώληση) Επαγγελματικός Χώρος Βιοτεχνικός Χώρος || Θεσσαλονίκ...,sale,store,450000,790.0,570,,1,2000,thessaloniki,Θερμαϊκός,Περαία,,,http://www.sivris-realestate.gr/appFol/appDetails/EstatePhotos/fol18172/img_2.jpeg,,,2026-09-27,2026-09-27T13:00:53Z
sivris-realestate.gr,Sivris Real Estate,https://www.sivris-realestate.gr/el-GR/id/18051/__(pros-polisi)-epaggelmatikos-choros-katastima-thessaloniki-perichora-thermaikos-/estate.html,(Προς Πώληση) Επαγγελματικός Χώρος Κατάστημα || Θεσσαλονίκη Περίχω...,sale,store,220000,145.0,1517,,ισόγειο,2005,thessaloniki,Θερμαϊκός,Θεσσαλονίκη Περίχω...  (Προς Πώληση) Επαγγελματικός,,,http://www.sivris-realestate.gr/appFol/appDetails/EstatePhotos/fol18051/img_2.jpeg,,,2026-09-27,2026-09-27T13:00:56Z
sivris-realestate.gr,Sivris Real Estate,https://www.sivris-realestate.gr/el-GR/id/18050/__(pros-polisi)-epaggelmatikos-choros-katastima-thessaloniki-perichora-thermaikos-/estate.html,(Προς Πώληση) Επαγγελματικός Χώρος Κατάστημα || Θεσσαλονίκη Περίχω...,sale,store,300000,202.0,1485,,ισόγειο,2002,thessaloniki,Θερμαϊκός,Θεσσαλονίκη Περίχω...  (Προς Πώληση) Επαγγελματικός,,,http://www.sivris-realestate.gr/appFol/appDetails/EstatePhotos/fol18050/img_2.jpeg,,,2026-09-27,2026-09-27T13:00:59Z
sivris-realestate.gr,Sivris Real Estate,https://www.sivris-realestate.gr/el-GR/id/10667/__(pros-polisi)-epaggelmatikos-choros-katastima-thessaloniki-perichora-thermaikos-/estate.html,(Προς Πώληση) Επαγγελματικός Χώρος Κατάστημα || Θεσσαλονίκη Περίχω...,sale,store,150000,70.0,2143,,ισόγειο,2010,thessaloniki,Θερμαϊκός,Θεσσαλονίκη Περίχω...  (Προς Πώληση) Επαγγελματικός,,,http://www.sivris-realestate.gr/appFol/appDetails/EstatePhotos/fol10667/img_2.jpeg,,,2026-09-27,2026-09-27T13:01:02Z
sivris-realestate.gr,Sivris Real Estate,https://www.sivris-realestate.gr/el-GR/id/18227/__(pros-enikiasi)-epaggelmatikos-choros-katastima-thessaloniki-perichora-thermaikos-/estate.html,(Προς Ενοικίαση) Επαγγελματικός Χώρος Κατάστημα || Θεσσαλονίκη Περ...,rent,store,500,55.0,9,,ισόγειο,2011,thessaloniki,Θερμαϊκός,Θεσσαλονίκη Περ...  (Προς Ενοικίαση) Επαγγελματικός,,,http://www.sivris-realestate.gr/appFol/appDetails/EstatePhotos/fol18227/img_2.jpg,,,2026-09-27,2026-09-27T13:01:05Z
sivris-realestate.gr,Sivris Real Estate,https://www.sivris-realestate.gr/el-GR/id/18288/__(pros-polisi)-katikia-diamerisma-thessaloniki-perichora-thermaikos-/estate.html,(Προς Πώληση) Κατοικία Διαμέρισμα || Θεσσαλονίκη Περίχωρα/Θερμαϊκό...,sale,apartment,150000,55.0,2727,1,1,2005,thessaloniki,Θερμαϊκός,Θεσσαλονίκη Περίχωρα/Θερμαϊκό...  (Προς Πώληση) Κατ,,,http://www.sivris-realestate.gr/appFol/appDetails/EstatePhotos/fol18288/img_2.jpeg,,,2026-09-27,2026-09-27T13:01:08Z
sivris-realestate.gr,Sivris Real Estate,https://www.sivris-realestate.gr/el-GR/id/18289/__(pros-polisi)-katikia-diamerisma-thessaloniki-perichora-thermaikos-/estate.html,(Προς Πώληση) Κατοικία Διαμέρισμα || Θεσσαλονίκη Περίχωρα/Θερμαϊκό...,sale,apartment,165000,62.0,2661,1,1,2005,thessaloniki,Θερμαϊκός,Θεσσαλονίκη Περίχωρα/Θερμαϊκό...  (Προς Πώληση) Κατ,,,http://www.sivris-realestate.gr/appFol/appDetails/EstatePhotos/fol18289/img_2.jpeg,,,2026-09-27,2026-09-27T13:01:11Z
sivris-realestate.gr,Sivris Real Estate,https://www.sivris-realestate.gr/el-GR/id/18281/__(pros-polisi)-katikia-diamerisma-thessaloniki-perichora-thermaikos-/estate.html,(Προς Πώληση) Κατοικία Διαμέρισμα || Θεσσαλονίκη Περίχωρα/Θερμαϊκό...,sale,apartment,145000,56.0,2589,1,ισόγειο,2005,thessaloniki,Θερμαϊκός,Θεσσαλονίκη Περίχωρα/Θερμαϊκό...  (Προς Πώληση) Κατ,,,http://www.sivris-realestate.gr/appFol/appDetails/EstatePhotos/fol18281/img_2.jpeg,,,2026-09-27,2026-09-27T13:01:23Z
sivris-realestate.gr,Sivris Real Estate,https://www.sivris-realestate.gr/el-GR/id/18280/__(pros-polisi)-katikia-diamerisma-thessaloniki-perichora-thermaikos-/estate.html,(Προς Πώληση) Κατοικία Διαμέρισμα || Θεσσαλονίκη Περίχωρα/Θερμαϊκό...,sale,apartment,135000,53.0,2547,1,ισόγειο,2005,thessaloniki,Θερμαϊκός,Θεσσαλονίκη Περίχωρα/Θερμαϊκό...  (Προς Πώληση) Κατ,,,http://www.sivris-realestate.gr/appFol/appDetails/EstatePhotos/fol18280/img_2.jpeg,,,2026-09-27,2026-09-27T13:01:26Z
sivris-realestate.gr,Sivris Real Estate,https://www.sivris-realestate.gr/el-GR/id/18286/__(pros-polisi)-katikia-diamerisma-thessaloniki-perichora-thermaikos-/estate.html,(Προς Πώληση) Κατοικία Διαμέρισμα || Θεσσαλονίκη Περίχωρα/Θερμαϊκό...,sale,apartment,165000,55.0,3000,1,ισόγειο,1990,thessaloniki,Θερμαϊκός,Θεσσαλονίκη Περίχωρα/Θερμαϊκό...  (Προς Πώληση) Κατ,,,http://www.sivris-realestate.gr/appFol/appDetails/EstatePhotos/fol18286/img_2.jpeg,,,2026-09-27,2026-09-27T13:01:29Z
residencepro.gr,RESIDENCE PROPERTY,https://www.residencepro.gr/property/2530123,Πωλείται Διαμέρισμα 63 τ.μ. στους Αμπελόκηπους Θεσσαλονίκης – Πολύ κοντά στο Κέντρο | 67.000 € - Μεσιτικό Γραφείο Residence Property,sale,apartment,67000,63.0,1063,,2,1975,thessaloniki,Αμπελόκηποι-Μενεμένη,Θεσσαλονίκης – Πολύ κοντά στο Κέντρο,,,https://www.residencepro.gr/images/properties/25301238947.jpg,,,2026-09-27,2026-09-27T13:00:09Z
residencepro.gr,RESIDENCE PROPERTY,https://www.residencepro.gr/property/2525008,"Β2724 Διαμέρισμα Προς Πώληση, Σταυρούπολη, 53 τ.μ., €90.000 - Μεσιτικό Γραφείο Residence Property",sale,apartment,90000,53.0,1698,2,,1900,thessaloniki,Παύλος Μελάς,Σταυρούπολη,,,https://www.residencepro.gr/images/properties/2525008-24001514.jpg,,,2026-09-27,2026-09-27T13:00:12Z
residencepro.gr,RESIDENCE PROPERTY,https://www.residencepro.gr/property/2517413,"ΦΠ1117  Γκαρσονιέρα Προς Πώληση, Βούλγαρη - Ντεπώ - Μαρτίου, 40 τ.μ., €128.000 - Μεσιτικό Γραφείο Residence Property",sale,studio,128000,40.0,3200,,1,1970,thessaloniki,Θεσσαλονίκη-Ανατολικά,Θεσσαλονίκης,,,https://www.residencepro.gr/images/properties/2517413-23910183.jpg,,,2026-09-27,2026-09-27T13:00:15Z
residencepro.gr,RESIDENCE PROPERTY,https://www.residencepro.gr/property/2451135,"ΒΠ1676  Επενδυτική Γκαρσονιέρα Προς Πώληση, Μπότσαρη - Νέα Παραλία, 45 τ.μ., €150.000 - Μεσιτικό Γραφείο Residence Property",sale,studio,150000,45.0,3333,1,3,1965,thessaloniki,Θεσσαλονίκη-Ανατολικά,Θεσσαλονίκης,,,https://www.residencepro.gr/images/properties/2451135-23400398.jpg,,,2026-09-27,2026-09-27T13:00:18Z
residencepro.gr,RESIDENCE PROPERTY,https://www.residencepro.gr/property/2451167,"ΕΞΑΙΡΕΤΙΚΗ Γκαρσονιέρα Προς Πώληση, Φάληρο - Ιπποκράτειο, 38 τ.μ., 138.000€ - Μεσιτικό Γραφείο Residence Property",sale,studio,138000,38.0,3632,,4,1960,thessaloniki,Θεσσαλονίκη-Ανατολικά,Θεσσαλονίκης,,,https://www.residencepro.gr/images/properties/2451167-23400926.jpg,,,2026-09-27,2026-09-27T13:00:21Z
residencepro.gr,RESIDENCE PROPERTY,https://www.residencepro.gr/property/2451172,"ΦΠ1628 - Γκαρσονιέρα Προς Πώληση, Βούλγαρη - Ντεπώ - Μαρτίου, 33 τ.μ., €118.000 - Μεσιτικό Γραφείο Residence Property",sale,studio,118000,33.0,3576,1,1,1971,thessaloniki,Θεσσαλονίκη-Ανατολικά,Θεσσαλονίκης,,,https://www.residencepro.gr/images/properties/2451172-23400966.jpg,,,2026-09-27,2026-09-27T13:00:24Z
residencepro.gr,RESIDENCE PROPERTY,https://www.residencepro.gr/property/2394472,"Γκαρσονιέρα Προς Πώληση, Εύοσμος, 52 τ.μ., €112.000 - Μεσιτικό Γραφείο Residence Property",sale,studio,112000,52.0,2154,1,2,2007,thessaloniki,Κορδελιό-Εύοσμος,Εύοσμος,,,https://www.residencepro.gr/images/properties/2394472-22797598.jpg,,,2026-09-27,2026-09-27T13:00:27Z
residencepro.gr,RESIDENCE PROPERTY,https://www.residencepro.gr/property/2333918,"2333918 - Διαμέρισμα Προς Πώληση, Φάληρο - Ιπποκράτειο, 100 τ.μ., €215.000 - Μεσιτικό Γραφείο Residence Property",sale,apartment,215000,100.0,2150,2,5,1969,thessaloniki,Θεσσαλονίκη-Ανατολικά,Θεσσαλονίκης,,,https://www.residencepro.gr/images/properties/2333918-21983070.jpg,,,2026-09-27,2026-09-27T13:00:30Z
residencepro.gr,RESIDENCE PROPERTY,https://www.residencepro.gr/property/2530126,Ενοικιάζεται γκαρσονιέρα Πρώτης κατοίκησης – Πλήρως επιπλωμένη & με όλους τους λογαριασμούς! - Μεσιτικό Γραφείο Residence Property,rent,studio,,50.0,,1,3,1980,thessaloniki,Θεσσαλονίκη,Θεσσαλονίκη Περιφ/κοί δήμοι,,,https://www.residencepro.gr/images/properties/25301261790.jpg,,,2026-09-27,2026-09-27T13:00:33Z
residencepro.gr,RESIDENCE PROPERTY,https://www.residencepro.gr/property/2530127,Ενοικιάζεται διαμέρισμα 77 τ.μ. στο κέντρο του Ευόσμου - Μεσιτικό Γραφείο Residence Property,rent,apartment,,77.0,,2,4,2003,thessaloniki,Κορδελιό-Εύοσμος,Θεσσαλονίκη Περιφ/κοί δήμοι,,,https://www.residencepro.gr/images/properties/25301274802.jpg,,,2026-09-27,2026-09-27T13:00:36Z
residencepro.gr,RESIDENCE PROPERTY,https://www.residencepro.gr/property/2530128,Πλήρως ανακαινισμένο διαμέρισμα 80 τ.μ. κοντά στην πλατεία Επταλόφου - Μεσιτικό Γραφείο Residence Property,,apartment,,80.0,,,1,1975,thessaloniki,Θεσσαλονίκη,Θεσσαλονίκη Περιφ/κοί δήμοι,,,https://www.residencepro.gr/images/properties/25301289790.jpg,,,2026-09-27,2026-09-27T13:00:39Z
residencepro.gr,RESIDENCE PROPERTY,https://www.residencepro.gr/property/2530125,Ενοικιάζεται γκαρσονιέρα 45 τ.μ. στη Νέα Πολιτεία Ευόσμου - Μεσιτικό Γραφείο Residence Property,rent,studio,,45.0,,,3,2009,thessaloniki,Κορδελιό-Εύοσμος,Θεσσαλονίκη Περιφ/κοί δήμοι,,,https://www.residencepro.gr/images/properties/25301254102.jpg,,,2026-09-27,2026-09-27T13:00:42Z
residencepro.gr,RESIDENCE PROPERTY,https://www.residencepro.gr/property/2530121,Ανακαινισμένο Επιπλωμένο Διαμέρισμα 42 τ.μ. στο Ιστορικό Κέντρο Θεσσαλονίκης – 300μ. από Μετρό & Θάλασσα - Μεσιτικό Γραφείο Residence Property,,apartment,,42.0,,1,7,1968,thessaloniki,Θεσσαλονίκη-Κέντρο,Θεσσαλονίκης – 300μ. από Μετρό & Θάλασσα - Μεσιτικό,,,https://www.residencepro.gr/images/properties/25301217920.jpg,,,2026-09-27,2026-09-27T13:00:45Z
residencepro.gr,RESIDENCE PROPERTY,https://www.residencepro.gr/property/2530122,"Στο Ιστορικό Κέντρο Θεσσαλονίκης, ενοικιάζεται ανακαινισμένη και επιπλωμένη γκαρσονιέρα 55 τ.μ., στον 7ο όροφο. - Μεσιτικό Γραφείο Residence Property",rent,studio,,55.0,,1,7,1965,thessaloniki,Θεσσαλονίκη-Κέντρο,Θεσσαλονίκης,,,https://www.residencepro.gr/images/properties/25301223618.jpg,,,2026-09-27,2026-09-27T13:00:48Z
residencepro.gr,RESIDENCE PROPERTY,https://www.residencepro.gr/property/2530120,Ενοικιάζεται ανακαινισμένο διαμέρισμα στον Εύοσμο – Κέντρο - Μεσιτικό Γραφείο Residence Property,rent,apartment,,110.0,,2,3,2012,thessaloniki,Κορδελιό-Εύοσμος,Θεσσαλονίκη Περιφ/κοί δήμοι,,,https://www.residencepro.gr/images/properties/25301204659.jpg,,,2026-09-27,2026-09-27T13:00:51Z
residencepro.gr,RESIDENCE PROPERTY,https://www.residencepro.gr/property/2530118,Ενοικιάζεται επιπλωμένη γκαρσονιέρα στην Ανάληψη Θεσσαλονίκης - Μεσιτικό Γραφείο Residence Property,rent,studio,,48.0,,,5,1972,thessaloniki,Θεσσαλονίκη-Ανατολικά,Θεσσαλονίκης - Μεσιτικό Γραφείο Residence Property,,,https://www.residencepro.gr/images/properties/25301186906.jpg,,,2026-09-27,2026-09-27T13:00:54Z
residencepro.gr,RESIDENCE PROPERTY,https://www.residencepro.gr/property/2161789,"Πολυτελές Διαμέρισμα Προς Πώληση, Μετρό- Μαρτίου, 65 τ.μ., €180.000 - Μεσιτικό Γραφείο Residence Property",sale,apartment,180000,65.0,2769,2,1,1965,thessaloniki,Θεσσαλονίκη-Ανατολικά,Θεσσαλονίκης,,,https://www.residencepro.gr/images/properties/2161789-19980081.jpg,,,2026-09-27,2026-09-27T13:00:57Z
residencepro.gr,RESIDENCE PROPERTY,https://www.residencepro.gr/property/2160815,"ΦΠ2115 - Διαμέρισμα Προς Πώληση, Βούλγαρη - Ντεπώ - Μαρτίου, 61 τ.μ., €183.000 - Μεσιτικό Γραφείο Residence Property",sale,apartment,183000,61.0,3000,2,1,1971,thessaloniki,Θεσσαλονίκη-Ανατολικά,Θεσσαλονίκης,,,https://www.residencepro.gr/images/properties/2160815-19978613.jpg,,,2026-09-27,2026-09-27T13:01:00Z
residencepro.gr,RESIDENCE PROPERTY,https://www.residencepro.gr/property/1704306,"ΦΠ1525 - Γκαρσονιέρα Προς Πώληση, Φάληρο - Ιπποκράτειο, 41 τ.μ., €115.000 - Μεσιτικό Γραφείο Residence Property",sale,studio,115000,41.0,2805,1,5,1969,thessaloniki,Θεσσαλονίκη-Ανατολικά,Θεσσαλονίκης,,,https://www.residencepro.gr/images/properties/1704306-15725043.jpg,,,2026-09-27,2026-09-27T13:01:15Z
residencepro.gr,RESIDENCE PROPERTY,https://www.residencepro.gr/property/2530117,Ενοικίαση Διαμερίσματος στην κάτω Ηλιούπολη. - Μεσιτικό Γραφείο Residence Property,rent,apartment,,80.0,,2,1,1990,thessaloniki,Θεσσαλονίκη,Θεσσαλονίκη Περιφ/κοί δήμοι,,,https://www.residencepro.gr/images/properties/25301171800.jpg,,,2026-09-27,2026-09-27T13:01:18Z
residencepro.gr,RESIDENCE PROPERTY,https://www.residencepro.gr/property/2451141,"Κατάστημα Προς Ενοικίαση, Αμπελόκηποι, 25 τ.μ., €350 - Μεσιτικό Γραφείο Residence Property",rent,store,350,25.0,14,,ισόγειο,1980,thessaloniki,Αμπελόκηποι-Μενεμένη,Αμπελόκηποι,,,https://www.residencepro.gr/images/properties/2451141-23400492.jpg,,,2026-09-27,2026-09-27T13:01:32Z
realten.gr,Realten real estate,https://realten.gr/property/121,Αγροτεμάχιο 350 τ.μ. - Realten,,land,17000,350.0,49,,,,unknown,,,,,https://realten.gr/images/properties/1-1213188.jpg,,,2026-09-27,2026-09-27T12:59:52Z
realten.gr,Realten real estate,https://realten.gr/property/120,Διαμέρισμα 83 τ.μ. - Realten,sale,apartment,450000,83.0,5422,3,υπόγειο,2005,unknown,,,,,https://realten.gr/images/properties/1-1205617.jpg,,,2026-09-27,2026-09-27T12:59:58Z
realten.gr,Realten real estate,https://realten.gr/property/123,Αγροτεμάχιο 8687 τ.μ. - Realten,sale,land,175000,8687.0,20,,,,unknown,,,,,https://realten.gr/images/properties/1-1239887.jpg,,,2026-09-27,2026-09-27T13:00:04Z
realten.gr,Realten real estate,https://realten.gr/property/117/Agrotemachio-Lemesos,Αγροτεμάχιο 10974 τ.μ. - Realten,sale,land,1090000,10974.0,99,,,,unknown,,,,,https://realten.gr/images/properties/1-1175735.jpg,,,2026-09-27,2026-09-27T13:00:41Z
realten.gr,Realten real estate,https://realten.gr/property/116/Agrotemachio-Lemesos,Αγροτεμάχιο 15617 τ.μ. - Realten,sale,land,1560000,15617.0,100,,,,unknown,,,,,https://realten.gr/images/properties/1-1165405.jpg,,,2026-09-27,2026-09-27T13:00:44Z
realten.gr,Realten real estate,https://realten.gr/property/115/Agrotemachio-Lemesos,Αγροτεμάχιο 69566 τ.μ. - Realten,sale,land,6890000,69566.0,99,,,,unknown,,,,,https://realten.gr/images/properties/1-1153086.jpg,,,2026-09-27,2026-09-27T13:00:47Z
realten.gr,Realten real estate,https://realten.gr/property/127/Agrotemachio-Thermaikos,Αγροτεμάχιο 4400 τ.μ. - Realten,sale,land,190000,4400.0,43,,,,thessaloniki,Θερμαϊκός,Θεσσαλονίκη Περιφ/κοί δήμοι,,,https://realten.gr/images/properties/1-1272584.jpg,,,2026-09-27,2026-09-27T13:01:32Z
thelokatoikia.gr,THELOKATOIKIA,https://thelokatoikia.gr/property/km-811/,ΚΜ 1328,rent,,1328,2500.0,1,1,υπόγειο,,thessaloniki,Θεσσαλονίκη,Θεσσαλονίκη Αρχική Το γραφείο μας Πωλήσεις Ενοικιάσ,,,https://thelokatoikia.gr/wp-content/uploads/2022/04/6921561973605f3ccdd27d2000e3f9255a7e3e2c48800.jpg,,,2026-09-27,2026-09-27T13:00:36Z
thelokatoikia.gr,THELOKATOIKIA,https://thelokatoikia.gr/property/km-1052/,ΚΜ 1052,rent,,1052,,,1,υπόγειο,,thessaloniki,Θεσσαλονίκη,Θεσσαλονίκη Αρχική Το γραφείο μας Πωλήσεις Ενοικιάσ,,,https://thelokatoikia.gr/wp-content/uploads/2022/04/1-1.jpg,,,2026-09-27,2026-09-27T13:00:39Z
thelokatoikia.gr,THELOKATOIKIA,https://thelokatoikia.gr/property/km-1105/,ΚΜ 1105,rent,,1105,,,1,υπόγειο,,thessaloniki,Θεσσαλονίκη,Θεσσαλονίκη Αρχική Το γραφείο μας Πωλήσεις Ενοικιάσ,,,https://thelokatoikia.gr/wp-content/uploads/2022/04/8801635160246f3ccdd27d2000e3f9255a7e3e2c48800.jpg,,,2026-09-27,2026-09-27T13:00:42Z
thelokatoikia.gr,THELOKATOIKIA,https://thelokatoikia.gr/property/km-1281/,ΚΜ 1281,rent,,1281,7378.0,0,1,υπόγειο,,thessaloniki,Θεσσαλονίκη,Θεσσαλονίκη Αρχική Το γραφείο μας Πωλήσεις Ενοικιάσ,,,https://thelokatoikia.gr/wp-content/uploads/2024/06/190432503007_THERMI-197-PIN500-1_001-4.png,,,2026-09-27,2026-09-27T13:00:45Z
thelokatoikia.gr,THELOKATOIKIA,https://thelokatoikia.gr/property/km-1314/,ΚΜ 1314,rent,,1314,294.0,4,1,ισόγειο,2008,thessaloniki,Θεσσαλονίκη,Θεσσαλονίκη Αρχική Το γραφείο μας Πωλήσεις Ενοικιάσ,,,https://thelokatoikia.gr/wp-content/uploads/2024/09/1-6.jpg,,,2026-09-27,2026-09-27T13:00:48Z
thelokatoikia.gr,THELOKATOIKIA,https://thelokatoikia.gr/property/st-1327/,ST 1327,rent,,1327,320.0,4,1,1,2000,thessaloniki,Θεσσαλονίκη,Θεσσαλονίκη Αρχική Το γραφείο μας Πωλήσεις Ενοικιάσ,,,https://thelokatoikia.gr/wp-content/uploads/2024/10/1-1.jpg,,,2026-09-27,2026-09-27T13:00:51Z
thelokatoikia.gr,THELOKATOIKIA,https://thelokatoikia.gr/property/km-1372/,ΚΜ 1372,rent,,1372,390.0,4,1,2,1973,thessaloniki,Θεσσαλονίκη,Θεσσαλονίκη Αρχική Το γραφείο μας Πωλήσεις Ενοικιάσ,,,https://thelokatoikia.gr/wp-content/uploads/2025/06/1-2.jpg,,,2026-09-27,2026-09-27T13:00:53Z
thelokatoikia.gr,THELOKATOIKIA,https://thelokatoikia.gr/property/km-1380/,ΚΜ 1380,rent,,1380,22.0,63,1,5,,thessaloniki,Θεσσαλονίκη,Θεσσαλονίκη Αρχική Το γραφείο μας Πωλήσεις Ενοικιάσ,,,https://thelokatoikia.gr/wp-content/uploads/2025/07/1-6.jpeg,,,2026-09-27,2026-09-27T13:00:56Z
thelokatoikia.gr,THELOKATOIKIA,https://thelokatoikia.gr/property/km-1402/,ΚΜ 1402,rent,,1402,93.0,15,1,υπόγειο,,thessaloniki,Θεσσαλονίκη,Θεσσαλονίκη Αρχική Το γραφείο μας Πωλήσεις Ενοικιάσ,,,https://thelokatoikia.gr/wp-content/uploads/2025/11/WEB-IMG_20251120_115552.jpg,,,2026-09-27,2026-09-27T13:01:00Z
thelokatoikia.gr,THELOKATOIKIA,https://thelokatoikia.gr/property/st1424/,ST 1424,rent,,1424,140.0,10,1,1,2018,thessaloniki,Θεσσαλονίκη,Θεσσαλονίκη Αρχική Το γραφείο μας Πωλήσεις Ενοικιάσ,,,https://thelokatoikia.gr/wp-content/uploads/2026/01/1-3.jpg,,,2026-09-27,2026-09-27T13:01:03Z
thelokatoikia.gr,THELOKATOIKIA,https://thelokatoikia.gr/property/km-1430/,ΚΜ 1430,rent,,1430,80.0,18,1,1,1969,thessaloniki,Θεσσαλονίκη,Θεσσαλονίκη Αρχική Το γραφείο μας Πωλήσεις Ενοικιάσ,,,https://thelokatoikia.gr/wp-content/uploads/2026/02/1.jpg,,,2026-09-27,2026-09-27T13:01:06Z
thelokatoikia.gr,THELOKATOIKIA,https://thelokatoikia.gr/property/km-1436/,ΚΜ 1436,rent,,1436,260.0,6,1,ισόγειο,,thessaloniki,Θεσσαλονίκη,Θεσσαλονίκη Αρχική Το γραφείο μας Πωλήσεις Ενοικιάσ,,,https://thelokatoikia.gr/wp-content/uploads/2026/03/1.jpg,,,2026-09-27,2026-09-27T13:01:09Z
thelokatoikia.gr,THELOKATOIKIA,https://thelokatoikia.gr/property/st-1458/,ST 1458,rent,,1458,92.0,16,1,3,1989,thessaloniki,Θεσσαλονίκη,Θεσσαλονίκη Αρχική Το γραφείο μας Πωλήσεις Ενοικιάσ,,,https://thelokatoikia.gr/wp-content/uploads/2026/05/1-8.jpg,,,2026-09-27,2026-09-27T13:01:12Z
thelokatoikia.gr,THELOKATOIKIA,https://thelokatoikia.gr/property/st-1482/,ST 1482,rent,,1482,85.0,17,1,2,1992,thessaloniki,Θεσσαλονίκη,Θεσσαλονίκη Αρχική Το γραφείο μας Πωλήσεις Ενοικιάσ,,,https://thelokatoikia.gr/wp-content/uploads/2026/07/1-2.jpg,,,2026-09-27,2026-09-27T13:01:27Z
thelokatoikia.gr,THELOKATOIKIA,https://thelokatoikia.gr/property/km-1485/,ΚΜ 1485,rent,,1485,67.0,22,1,,1967,thessaloniki,Θεσσαλονίκη,Θεσσαλονίκη Αρχική Το γραφείο μας Πωλήσεις Ενοικιάσ,,,https://thelokatoikia.gr/wp-content/uploads/2026/08/1-2.jpg,,,2026-09-27,2026-09-27T13:01:42Z
thelokatoikia.gr,THELOKATOIKIA,https://thelokatoikia.gr/property/st-1488/,ST 1488,rent,,1488,67.0,22,1,3,1982,thessaloniki,Θεσσαλονίκη,Θεσσαλονίκη Αρχική Το γραφείο μας Πωλήσεις Ενοικιάσ,,,https://thelokatoikia.gr/wp-content/uploads/2026/08/1-4.jpg,,,2026-09-27,2026-09-27T13:01:45Z
thessalonikirealestate.gr,THESSALONIKI REAL ESTATE (Κεσόπουλος Δημήτριος Α.),https://www.thessaloniki-realestate.gr/en/property/flatlet-agion-panton-1-24054/,"Flatlet, 60 sq.m.",sale,apartment,120000,60.0,2000,54,1,1971,thessaloniki,Θεσσαλονίκη,"Agion Panton, Mun. of Thessaloniki",40.64511918557,22.925733858901,https://cdn0.thessaloniki-realestate.gr/10/12/90/101290l.jpg,,,2026-09-27,2026-09-27T13:00:22Z
thessalonikirealestate.gr,THESSALONIKI REAL ESTATE (Κεσόπουλος Δημήτριος Α.),https://www.thessaloniki-realestate.gr/property/%ce%b3%ce%ba%ce%b1%cf%81%cf%83%ce%bf%ce%bd%ce%b9%ce%ad%cf%81%ce%b1-%ce%b1%ce%b3%ce%af%cf%89%ce%bd-%cf%80%ce%ac%ce%bd%cf%84%cf%89%ce%bd-1-24054/,"Γκαρσονιέρα, 60 τ.μ.",sale,studio,120000,60.0,2000,54,1,1971,thessaloniki,Θεσσαλονίκη,"Αγίων Πάντων, Δ. Θεσσαλονίκης",40.64511918557,22.925733858901,https://cdn0.thessaloniki-realestate.gr/10/12/90/101290l.jpg,,,2026-09-27,2026-09-27T13:00:25Z
thessalonikirealestate.gr,THESSALONIKI REAL ESTATE (Κεσόπουλος Δημήτριος Α.),https://www.thessaloniki-realestate.gr/en/property/land-nea-vrasna-3-2939/,"Land, 4.471 sq.m.",sale,land,60000,471.0,127,,,,thessaloniki,Θεσσαλονίκη,Central Macedonia,40.703577476781,23.687029608149,https://cdn1.thessaloniki-realestate.gr/06/18/16/61816l.jpg,,,2026-09-27,2026-09-27T13:00:40Z
thessalonikirealestate.gr,THESSALONIKI REAL ESTATE (Κεσόπουλος Δημήτριος Α.),https://www.thessaloniki-realestate.gr/en/property/apartment-panagia-faneromeni-1-24105/,"Apartment, 60 sq.m.",rent,apartment,420,60.0,7,05,3,1982,thessaloniki,Θεσσαλονίκη,Central Macedonia,40.644035498,22.938607135895,https://cdn0.thessaloniki-realestate.gr/09/93/75/99375l.jpg,,,2026-09-27,2026-09-27T13:00:52Z
thessalonikirealestate.gr,THESSALONIKI REAL ESTATE (Κεσόπουλος Δημήτριος Α.),https://www.thessaloniki-realestate.gr/en/property/apartment-diikitirio-1-24287/,"Apartment, 65 sq.m.",rent,apartment,550,65.0,8,87,4,1960,thessaloniki,Θεσσαλονίκη,Central Macedonia,40.641157326262,22.944688589455,https://cdn0.thessaloniki-realestate.gr/10/41/30/104130l.jpg,,,2026-09-27,2026-09-27T13:00:58Z
thessalonikirealestate.gr,THESSALONIKI REAL ESTATE (Κεσόπουλος Δημήτριος Α.),https://www.thessaloniki-realestate.gr/en/property/shop-kamara-2-2212/,"Shop, 192 sq.m.",sale,store,200000,192.0,1042,,ground,1963,thessaloniki,Θεσσαλονίκη-Κέντρο,Central Macedonia,40.630335065299,22.951184866941,https://cdn0.thessaloniki-realestate.gr/05/45/80/54580l.jpg,,,2026-09-27,2026-09-27T13:01:04Z
thessalonikirealestate.gr,THESSALONIKI REAL ESTATE (Κεσόπουλος Δημήτριος Α.),https://www.thessaloniki-realestate.gr/en/property/studio-sholi-tiflon-1-24422/,"Studio, 21 sq.m.",sale,studio,112000,21.0,5333,2,1,,thessaloniki,Θεσσαλονίκη,Central Macedonia,40.613759087368,22.955128596399,https://cdn4.mesites.net.gr/00/10/04/1004.jpg,,,2026-09-27,2026-09-27T13:01:10Z
thessalonikirealestate.gr,THESSALONIKI REAL ESTATE (Κεσόπουλος Δημήτριος Α.),https://www.thessaloniki-realestate.gr/en/property/studio-sholi-tiflon-1-24421/,"Studio, 29 sq.m.",sale,studio,127000,29.0,4379,2,1,,thessaloniki,Θεσσαλονίκη,Central Macedonia,40.613759087368,22.955128596399,https://cdn4.mesites.net.gr/00/10/04/1004.jpg,,,2026-09-27,2026-09-27T13:01:16Z
thessalonikirealestate.gr,THESSALONIKI REAL ESTATE (Κεσόπουλος Δημήτριος Α.),https://www.thessaloniki-realestate.gr/en/property/apartment-agios-fanourios-1-24419/,"Apartment, 35 sq.m.",sale,apartment,128000,35.0,3657,19,1,,thessaloniki,Θεσσαλονίκη,"Agios Fanourios, Mun. of Thessaloniki",40.614826133042,22.96472123933,https://cdn4.mesites.net.gr/00/10/04/1004.jpg,,,2026-09-27,2026-09-27T13:01:22Z
thessalonikirealestate.gr,THESSALONIKI REAL ESTATE (Κεσόπουλος Δημήτριος Α.),https://www.thessaloniki-realestate.gr/en/property/flatlet-kato-toumpa-1-24416/,"Flatlet, 40 sq.m.",sale,apartment,132000,40.0,3300,16,3,,thessaloniki,Θεσσαλονίκη-Ανατολικά,Central Macedonia,40.610062129287,22.97456395128,https://cdn4.mesites.net.gr/00/10/04/1004.jpg,,,2026-09-27,2026-09-27T13:01:28Z
thessalonikirealestate.gr,THESSALONIKI REAL ESTATE (Κεσόπουλος Δημήτριος Α.),https://www.thessaloniki-realestate.gr/property/%ce%b3%ce%ba%ce%b1%cf%81%cf%83%ce%bf%ce%bd%ce%b9%ce%ad%cf%81%ce%b1-%ce%ba%ce%ac%cf%84%cf%89-%cf%84%ce%bf%cf%8d%ce%bc%cf%80%ce%b1-1-24416/,"Γκαρσονιέρα, 40 τ.μ.",sale,studio,132000,40.0,3300,16,3,,thessaloniki,Θεσσαλονίκη-Ανατολικά,Δήμος Θεσσαλονίκης,40.610062129287,22.97456395128,https://cdn4.mesites.net.gr/00/10/04/1004.jpg,,,2026-09-27,2026-09-27T13:01:31Z
thessalonikirealestate.gr,THESSALONIKI REAL ESTATE (Κεσόπουλος Δημήτριος Α.),https://www.thessaloniki-realestate.gr/en/property/studio-harilaou-1-24414/,"Studio, 34 sq.m.",sale,studio,128000,34.0,3765,2,3,,thessaloniki,Θεσσαλονίκη,Central Macedonia,40.600865829366,22.97164523748,https://cdn4.mesites.net.gr/00/10/04/1004.jpg,,,2026-09-27,2026-09-27T13:01:40Z
thessalonikirealestate.gr,THESSALONIKI REAL ESTATE (Κεσόπουλος Δημήτριος Α.),https://www.thessaloniki-realestate.gr/en/property/flatlet-harilaou-1-24413/,"Flatlet, 38 sq.m.",sale,apartment,148000,38.0,3895,13,3,,thessaloniki,Θεσσαλονίκη,Central Macedonia,40.600865829366,22.97164523748,https://cdn4.mesites.net.gr/00/10/04/1004.jpg,,,2026-09-27,2026-09-27T13:01:46Z
thessalonikirealestate.gr,THESSALONIKI REAL ESTATE (Κεσόπουλος Δημήτριος Α.),https://www.thessaloniki-realestate.gr/property/%ce%b3%ce%ba%ce%b1%cf%81%cf%83%ce%bf%ce%bd%ce%b9%ce%ad%cf%81%ce%b1-%cf%87%ce%b1%cf%81%ce%b9%ce%bb%ce%ac%ce%bf%cf%85-1-24413/,"Γκαρσονιέρα, 38 τ.μ.",sale,studio,148000,38.0,3895,13,3,,thessaloniki,Θεσσαλονίκη-Ανατολικά,Δήμος Θεσσαλονίκης,40.600865829366,22.97164523748,https://cdn4.mesites.net.gr/00/10/04/1004.jpg,,,2026-09-27,2026-09-27T13:01:49Z
thermaikosrealest.gr,THERMAIKOS REAL ESTATE (Παπαδημητρίου Νικόλαος),https://thermaikosrealest.gr/el/property/12011,"Thermaikos Real Estate - Διαμέρισμα, 80τ.μ., €500 - Μπότσαρη",rent,apartment,500,80.0,6,2,3,1970,thessaloniki,Θερμαϊκός,Θεσσαλονίκη,,,https://abroker-app.s3.eu-central-1.amazonaws.com/8/properties/97556/watermark/IqgBwn7OTa.jpg,,,2026-09-27,2026-09-27T13:00:24Z
thermaikosrealest.gr,THERMAIKOS REAL ESTATE (Παπαδημητρίου Νικόλαος),https://thermaikosrealest.gr/el/property/12009,"Thermaikos Real Estate - Διαμέρισμα, 40τ.μ., €127.000 - Καλαμαριά - Βυζάντιο",sale,apartment,127000,40.0,3175,1,3,1973,thessaloniki,Καλαμαριά,Καλαμαριά,,,https://abroker-app.s3.eu-central-1.amazonaws.com/8/properties/97542/watermark/LUm5yBqysk.jpg,,,2026-09-27,2026-09-27T13:00:27Z
thermaikosrealest.gr,THERMAIKOS REAL ESTATE (Παπαδημητρίου Νικόλαος),https://thermaikosrealest.gr/el/property/12008,"Thermaikos Real Estate - Διαμέρισμα, 68τ.μ., €180.000 - Καλαμαριά - Βυζάντιο",sale,apartment,180000,68.0,2647,2,3,1973,thessaloniki,Καλαμαριά,Καλαμαριά,,,https://abroker-app.s3.eu-central-1.amazonaws.com/8/properties/97541/watermark/bTWfu2bUam.jpg,,,2026-09-27,2026-09-27T13:00:30Z
thermaikosrealest.gr,THERMAIKOS REAL ESTATE (Παπαδημητρίου Νικόλαος),https://thermaikosrealest.gr/el/property/12001,"Thermaikos Real Estate - Στούντιο/Γκαρσονιέρα, 36τ.μ., €138.000 - Τούμπα - Παπάφη",sale,studio,138000,36.0,3833,1,3,1972,thessaloniki,Θερμαϊκός,Τούμπα,,,https://abroker-app.s3.eu-central-1.amazonaws.com/8/properties/97500/watermark/OjlU1C62Il.jpg,,,2026-09-27,2026-09-27T13:00:36Z
thermaikosrealest.gr,THERMAIKOS REAL ESTATE (Παπαδημητρίου Νικόλαος),https://thermaikosrealest.gr/el/property/12000,"Thermaikos Real Estate - Στούντιο/Γκαρσονιέρα, 37τ.μ., €148.000 - Κέντρο Θεσσαλονίκης - Ιστορικό Κέντρο",sale,studio,148000,37.0,4000,1,4,1971,thessaloniki,Θερμαϊκός,Θεσσαλονίκης - Ιστορικό Κέντρο  Thermaikos Real Est,,,https://abroker-app.s3.eu-central-1.amazonaws.com/8/properties/97496/watermark/j2jNgdbvPn.jpg,,,2026-09-27,2026-09-27T13:00:37Z
thermaikosrealest.gr,THERMAIKOS REAL ESTATE (Παπαδημητρίου Νικόλαος),https://thermaikosrealest.gr/el/property/11999,"Thermaikos Real Estate - Διαμέρισμα, 40τ.μ., €168.000 - Κέντρο Θεσσαλονίκης - Ιστορικό Κέντρο",sale,apartment,168000,40.0,4200,1,4,1971,thessaloniki,Θερμαϊκός,Θεσσαλονίκης - Ιστορικό Κέντρο  Thermaikos Real Est,,,https://abroker-app.s3.eu-central-1.amazonaws.com/8/properties/97491/watermark/Kh6mujT1II.jpg,,,2026-09-27,2026-09-27T13:00:40Z
thermaikosrealest.gr,THERMAIKOS REAL ESTATE (Παπαδημητρίου Νικόλαος),https://thermaikosrealest.gr/el/property/11987,"Thermaikos Real Estate - Διαμέρισμα, 80τ.μ., €165.000 - Τριανδρία",sale,apartment,165000,80.0,2062,2,3,1976,thessaloniki,Θερμαϊκός,Τριανδρία,,,https://abroker-app.s3.eu-central-1.amazonaws.com/8/properties/97442/watermark/yV47yjF3Il.jpg,,,2026-09-27,2026-09-27T13:00:43Z
thermaikosrealest.gr,THERMAIKOS REAL ESTATE (Παπαδημητρίου Νικόλαος),https://thermaikosrealest.gr/el/property/11986,"Thermaikos Real Estate - Κατάστημα, 108τ.μ., €55.000 - Τούμπα - Κάτω Τούμπα",sale,store,55000,108.0,509,,ισόγειο,1971,thessaloniki,Θερμαϊκός,Τούμπα,,,,,,2026-09-27,2026-09-27T13:00:46Z
thermaikosrealest.gr,THERMAIKOS REAL ESTATE (Παπαδημητρίου Νικόλαος),https://thermaikosrealest.gr/el/property/12108,"Thermaikos Real Estate - Διαμέρισμα, 57τ.μ., €175.000 - Τούμπα - Κάτω Τούμπα",sale,apartment,175000,57.0,3070,2,3,1977,thessaloniki,Θερμαϊκός,Τούμπα,,,https://abroker-app.s3.eu-central-1.amazonaws.com/8/properties/98384/watermark/Gve6pC0kwD.jpg,,,2026-09-27,2026-09-27T13:00:49Z
thermaikosrealest.gr,THERMAIKOS REAL ESTATE (Παπαδημητρίου Νικόλαος),https://thermaikosrealest.gr/el/property/8684,"Thermaikos Real Estate - Διαμέρισμα, 136τ.μ., €750.000 - Κέντρο Θεσσαλονίκης - Ιστορικό Κέντρο",sale,apartment,750000,136.0,5515,3,9,2023,thessaloniki,Θερμαϊκός,Θεσσαλονίκης - Ιστορικό Κέντρο  Thermaikos Real Est,,,https://abroker-app.s3.eu-central-1.amazonaws.com/8/properties/61778/watermark/HpQsrJ9IYA.jpg,,,2026-09-27,2026-09-27T13:00:52Z
thermaikosrealest.gr,THERMAIKOS REAL ESTATE (Παπαδημητρίου Νικόλαος),https://thermaikosrealest.gr/el/property/11970,"Thermaikos Real Estate - Διαμέρισμα, 52τ.μ., €160.000 - Τούμπα - Κάτω Τούμπα",sale,apartment,160000,52.0,3077,1,3,1995,thessaloniki,Θερμαϊκός,Τούμπα,,,https://abroker-app.s3.eu-central-1.amazonaws.com/8/properties/97022/watermark/0f4Hz7mjIz.jpg,,,2026-09-27,2026-09-27T13:00:55Z
thermaikosrealest.gr,THERMAIKOS REAL ESTATE (Παπαδημητρίου Νικόλαος),https://thermaikosrealest.gr/el/property/11903,"Thermaikos Real Estate - Διαμέρισμα, 52τ.μ., €380 - Τούμπα - Κάτω Τούμπα",rent,apartment,380,52.0,7,1,,1975,thessaloniki,Θερμαϊκός,Τούμπα,,,https://abroker-app.s3.eu-central-1.amazonaws.com/8/properties/96320/watermark/RwnZBAPMRN.jpg,,,2026-09-27,2026-09-27T13:00:58Z
thermaikosrealest.gr,THERMAIKOS REAL ESTATE (Παπαδημητρίου Νικόλαος),https://thermaikosrealest.gr/el/property/12082,"Thermaikos Real Estate - Διαμέρισμα, 94τ.μ., €310.000 - Πυλαία - Κέντρο",sale,apartment,310000,94.0,3298,2,2,2026,thessaloniki,Πυλαία,Πυλαία,,,https://abroker-app.s3.eu-central-1.amazonaws.com/8/properties/98200/watermark/jWDvUSKbKF.jpg,,,2026-09-27,2026-09-27T13:01:01Z
thermaikosrealest.gr,THERMAIKOS REAL ESTATE (Παπαδημητρίου Νικόλαος),https://thermaikosrealest.gr/el/property/12083,"Thermaikos Real Estate - Διαμέρισμα, 56τ.μ., €195.000 - Πυλαία - Κέντρο",sale,apartment,195000,56.0,3482,1,2,2026,thessaloniki,Πυλαία,Πυλαία,,,https://abroker-app.s3.eu-central-1.amazonaws.com/8/properties/98201/watermark/K4xlHKQT08.jpg,,,2026-09-27,2026-09-27T13:01:04Z
thermaikosrealest.gr,THERMAIKOS REAL ESTATE (Παπαδημητρίου Νικόλαος),https://thermaikosrealest.gr/el/property/11972,"Thermaikos Real Estate - Διαμέρισμα, 78τ.μ., €235.000 - Τούμπα - Κάτω Τούμπα",sale,apartment,235000,78.0,3013,2,3,1995,thessaloniki,Θερμαϊκός,Τούμπα,,,https://abroker-app.s3.eu-central-1.amazonaws.com/8/properties/97052/watermark/Oy431z591M.jpg,,,2026-09-27,2026-09-27T13:01:07Z
thermaikosrealest.gr,THERMAIKOS REAL ESTATE (Παπαδημητρίου Νικόλαος),https://thermaikosrealest.gr/el/property/12084,"Thermaikos Real Estate - Διαμέρισμα, 150τ.μ., €500.000 - Πυλαία - Κέντρο",sale,apartment,500000,150.0,3333,3,3,2026,thessaloniki,Πυλαία,Πυλαία,,,https://abroker-app.s3.eu-central-1.amazonaws.com/8/properties/98202/watermark/IYnqwcaKsR.jpg,,,2026-09-27,2026-09-27T13:01:10Z
thermaikosrealest.gr,THERMAIKOS REAL ESTATE (Παπαδημητρίου Νικόλαος),https://thermaikosrealest.gr/el/property/12106,"Thermaikos Real Estate - Διαμέρισμα, 122τ.μ., €355.000 - Πυλαία - Επέκταση",sale,apartment,355000,122.0,2910,3,1,,thessaloniki,Πυλαία,Πυλαία,,,https://abroker-app.s3.eu-central-1.amazonaws.com/8/properties/98378/watermark/ReSg19mIQu.jpg,,,2026-09-27,2026-09-27T13:01:13Z
thermaikosrealest.gr,THERMAIKOS REAL ESTATE (Παπαδημητρίου Νικόλαος),https://thermaikosrealest.gr/el/property/12105,"Thermaikos Real Estate - Διαμέρισμα, 40τ.μ., €160.000 - Τούμπα - Άνω Τούμπα",sale,apartment,160000,40.0,4000,1,5,,thessaloniki,Θερμαϊκός,Τούμπα,,,https://abroker-app.s3.eu-central-1.amazonaws.com/8/properties/98377/watermark/qk7y6HuOg9.jpg,,,2026-09-27,2026-09-27T13:01:16Z
thermaikosrealest.gr,THERMAIKOS REAL ESTATE (Παπαδημητρίου Νικόλαος),https://thermaikosrealest.gr/el/property/12104,"Thermaikos Real Estate - Διαμέρισμα, 64τ.μ., €260.000 - Τούμπα - Άνω Τούμπα",sale,apartment,260000,64.0,4062,2,5,,thessaloniki,Θερμαϊκός,Τούμπα,,,https://abroker-app.s3.eu-central-1.amazonaws.com/8/properties/98376/watermark/dbN3eV56Xb.jpg,,,2026-09-27,2026-09-27T13:01:19Z
thermaikosrealest.gr,THERMAIKOS REAL ESTATE (Παπαδημητρίου Νικόλαος),https://thermaikosrealest.gr/el/property/12103,"Thermaikos Real Estate - Μεζονέτα, 74τ.μ., €198.000 - Τούμπα - Κάτω Τούμπα",sale,maisonette,198000,74.0,2676,1,4,2019,thessaloniki,Θερμαϊκός,Τούμπα,,,https://abroker-app.s3.eu-central-1.amazonaws.com/8/properties/98371/watermark/fm4FPzYU9y.jpg,,,2026-09-27,2026-09-27T13:01:22Z
thermaikosrealest.gr,THERMAIKOS REAL ESTATE (Παπαδημητρίου Νικόλαος),https://thermaikosrealest.gr/el/property/11726,"Thermaikos Real Estate - Διαμέρισμα, 97τ.μ., €200.000 - Εύοσμο",sale,apartment,200000,97.0,2062,2,1,,thessaloniki,Θερμαϊκός,Εύοσμος,,,https://abroker-app.s3.eu-central-1.amazonaws.com/8/properties/94461/watermark/VdL4Cu98iz.jpg,,,2026-09-27,2026-09-27T13:01:25Z
thermaikosrealest.gr,THERMAIKOS REAL ESTATE (Παπαδημητρίου Νικόλαος),https://thermaikosrealest.gr/el/property/12022,"Thermaikos Real Estate - Στούντιο/Γκαρσονιέρα, 35τ.μ., €109.000 - Τούμπα - Άνω Τούμπα",sale,studio,109000,35.0,3114,1,3,1970,thessaloniki,Θερμαϊκός,Τούμπα,,,https://abroker-app.s3.eu-central-1.amazonaws.com/8/properties/97812/watermark/Dyol1a4WiV.jpg,,,2026-09-27,2026-09-27T13:01:28Z
thermaikosrealest.gr,THERMAIKOS REAL ESTATE (Παπαδημητρίου Νικόλαος),https://thermaikosrealest.gr/el/property/12021,"Thermaikos Real Estate - Στούντιο/Γκαρσονιέρα, 45τ.μ., €145.000 - Τούμπα - Άνω Τούμπα",sale,studio,145000,45.0,3222,1,3,1970,thessaloniki,Θερμαϊκός,Τούμπα,,,https://abroker-app.s3.eu-central-1.amazonaws.com/8/properties/97811/watermark/meVYBzspVz.jpg,,,2026-09-27,2026-09-27T13:01:31Z
thermaikosrealest.gr,THERMAIKOS REAL ESTATE (Παπαδημητρίου Νικόλαος),https://thermaikosrealest.gr/el/property/12086,"Thermaikos Real Estate - Διαμέρισμα, 78τ.μ., €275.000 - Τούμπα - Άνω Τούμπα",sale,apartment,275000,78.0,3526,2,3,,thessaloniki,Θερμαϊκός,Τούμπα,,,https://abroker-app.s3.eu-central-1.amazonaws.com/8/properties/98219/watermark/Hb0wL5g36U.jpg,,,2026-09-27,2026-09-27T13:01:37Z
thermaikosrealest.gr,THERMAIKOS REAL ESTATE (Παπαδημητρίου Νικόλαος),https://thermaikosrealest.gr/el/property/11917,"Thermaikos Real Estate - Διαμέρισμα, 54τ.μ., €126.000 - Τούμπα - Κάτω Τούμπα",sale,apartment,126000,54.0,2333,1,3,1971,thessaloniki,Θερμαϊκός,Τούμπα,,,https://abroker-app.s3.eu-central-1.amazonaws.com/8/properties/96478/watermark/JbXpHjbkNv.jpg,,,2026-09-27,2026-09-27T13:01:40Z
thermaikosrealest.gr,THERMAIKOS REAL ESTATE (Παπαδημητρίου Νικόλαος),https://thermaikosrealest.gr/el/property/12093,"Thermaikos Real Estate - Στούντιο/Γκαρσονιέρα, 25τ.μ., €70.000 - Θεσσαλονίκη - Δήμος - Χαριλάου",sale,studio,70000,25.0,2800,1,1,1965,thessaloniki,Θερμαϊκός,Θεσσαλονίκη - Δήμος - Χαριλάου  Thermaikos Real Est,,,https://abroker-app.s3.eu-central-1.amazonaws.com/8/properties/98267/watermark/9U6LXlnjZR.jpg,,,2026-09-27,2026-09-27T13:01:43Z
thermaikosrealest.gr,THERMAIKOS REAL ESTATE (Παπαδημητρίου Νικόλαος),https://thermaikosrealest.gr/el/property/12097,"Thermaikos Real Estate - Στούντιο/Γκαρσονιέρα, 30τ.μ., €110.000 - Θεσσαλονίκη - Δήμος - Χαριλάου",sale,studio,110000,30.0,3667,1,1,1965,thessaloniki,Θερμαϊκός,Θεσσαλονίκη - Δήμος - Χαριλάου  Thermaikos Real Est,,,https://abroker-app.s3.eu-central-1.amazonaws.com/8/properties/98271/watermark/mBmmUAK7cI.jpg,,,2026-09-27,2026-09-27T13:01:46Z
thermaikosrealest.gr,THERMAIKOS REAL ESTATE (Παπαδημητρίου Νικόλαος),https://thermaikosrealest.gr/el/property/12102,"Thermaikos Real Estate - Στούντιο/Γκαρσονιέρα, 40τ.μ., €145.000 - Τούμπα - Κάτω Τούμπα",sale,studio,145000,40.0,3625,1,3,1977,thessaloniki,Θερμαϊκός,Τούμπα,,,https://abroker-app.s3.eu-central-1.amazonaws.com/8/properties/98300/watermark/gtEktX124j.jpg,,,2026-09-27,2026-09-27T13:01:49Z
thermaikosrealest.gr,THERMAIKOS REAL ESTATE (Παπαδημητρίου Νικόλαος),https://thermaikosrealest.gr/el/property/12101,"Thermaikos Real Estate - Στούντιο/Γκαρσονιέρα, 52τ.μ., €160.000 - Θεσσαλονίκη - Δήμος - Κέντρο Θεσσαλονίκης",sale,studio,160000,52.0,3077,1,3,2026,thessaloniki,Θερμαϊκός,Θεσσαλονίκη - Δήμος - Κέντρο Θεσσαλονίκης  Thermaik,,,https://abroker-app.s3.eu-central-1.amazonaws.com/8/properties/98288/watermark/bdz429t55V.jpg,,,2026-09-27,2026-09-27T13:01:52Z
thgr.gr,THGR,https://thgr.gr/el/property/98295,"THGR.gr - Στούντιο/Γκαρσονιέρα, 56τ.μ., €450 - Θεσσαλονίκη - Δήμος - Κέντρο Θεσσαλονίκης",rent,studio,450,56.0,8,1,2,1940,thessaloniki,Θεσσαλονίκη-Κέντρο,Θεσσαλονίκη - Δήμος - Κέντρο Θεσσαλονίκης  THGR.gr,,,,,,2026-09-27,2026-09-27T13:00:34Z
thgr.gr,THGR,https://thgr.gr/el/property/98262,"THGR.gr - Διαμέρισμα, 75τ.μ., €600 - Κέντρο Θεσσαλονίκης - Άγιος Δημήτριος",rent,apartment,600,75.0,8,2,4,1965,thessaloniki,Θεσσαλονίκη-Κέντρο,Θεσσαλονίκης - Άγιος Δημήτριος  THGR.gr - Διαμέρισμ,,,,,,2026-09-27,2026-09-27T13:00:37Z
thgr.gr,THGR,https://thgr.gr/el/property/98239,"THGR.gr - Κατάστημα, 40τ.μ., €600 - Μπότσαρη",rent,store,600,40.0,15,,ισόγειο,1980,thessaloniki,Θεσσαλονίκη-Ανατολικά,Θεσσαλονίκη. Πρόκειται για ένα πολύ φωτεινό ακίνητο,,,,,,2026-09-27,2026-09-27T13:00:40Z
thgr.gr,THGR,https://thgr.gr/el/property/98229,"THGR.gr - Διαμέρισμα, 65τ.μ., €280.000 - Κέντρο Θεσσαλονίκης - Καμάρα",sale,apartment,280000,65.0,4308,2,7,1970,thessaloniki,Θεσσαλονίκη-Κέντρο,Θεσσαλονίκης - Καμάρα  THGR.gr - Διαμέρισμα,,,,,,2026-09-27,2026-09-27T13:00:44Z
thgr.gr,THGR,https://thgr.gr/el/property/98198,"THGR.gr - Διαμέρισμα, 120τ.μ., €800 - Καλαμαριά - Κέντρο",rent,apartment,800,120.0,7,3,3,1981,thessaloniki,Καλαμαριά,Καλαμαριά,,,,,,2026-09-27,2026-09-27T13:00:46Z
thgr.gr,THGR,https://thgr.gr/el/property/98145,"THGR.gr - Γραφείο, 18τ.μ., €350 - Θεσσαλονίκη - Δήμος - Κέντρο Θεσσαλονίκης",rent,office,350,18.0,19,,5,1960,thessaloniki,Θεσσαλονίκη-Κέντρο,Θεσσαλονίκη - Δήμος - Κέντρο Θεσσαλονίκης  THGR.gr,,,,,,2026-09-27,2026-09-27T13:00:49Z
thgr.gr,THGR,https://thgr.gr/el/property/98143,"THGR.gr - Διαμέρισμα, 55τ.μ., €248.000 - Κέντρο Θεσσαλονίκης - Λευκός Πύργος",sale,apartment,248000,55.0,4509,2,4,1960,thessaloniki,Θεσσαλονίκη-Κέντρο,Θεσσαλονίκης - Λευκός Πύργος  THGR.gr - Διαμέρισμα,,,,,,2026-09-27,2026-09-27T13:00:52Z
thgr.gr,THGR,https://thgr.gr/el/property/97997,"THGR.gr - Επαγγελματικό κτίριο, 125τ.μ., €800 - Θεσσαλονίκη - Περιφ/κοί δήμοι - Πεύκα",rent,building,800,125.0,6,,ισόγειο,1970,thessaloniki,Θεσσαλονίκη,Θεσσαλονίκη - Περιφ/κοί δήμοι - Πεύκα  THGR.gr - Επ,,,,,,2026-09-27,2026-09-27T13:00:56Z
thgr.gr,THGR,https://thgr.gr/el/property/97623,"THGR.gr - Στούντιο/Γκαρσονιέρα, 30τ.μ., €470 - Βαρδάρης",rent,studio,470,30.0,16,1,2,1970,thessaloniki,Θεσσαλονίκη-Κέντρο,Θεσσαλονίκης,,,,,,2026-09-27,2026-09-27T13:00:59Z
thgr.gr,THGR,https://thgr.gr/el/property/96530,"THGR.gr - Διαμέρισμα, 82τ.μ., €780 - Θεσσαλονίκη - Περιφ/κοί δήμοι - Καλαμαριά",rent,apartment,780,82.0,10,2,4,1995,thessaloniki,Καλαμαριά,Θεσσαλονίκη - Περιφ/κοί δήμοι - Καλαμαριά  THGR.gr,,,,,,2026-09-27,2026-09-27T13:01:01Z
thgr.gr,THGR,https://thgr.gr/el/property/91045,"THGR.gr - Στούντιο/Γκαρσονιέρα, 20τ.μ., €350 - Φάληρο - Ιπποκράτειο - Αγία Τριάδα",rent,studio,350,20.0,18,1,ισόγειο,1955,thessaloniki,Θερμαϊκός,Θεσσαλονίκης,,,,,,2026-09-27,2026-09-27T13:01:05Z
thgr.gr,THGR,https://thgr.gr/el/property/98146,"THGR.gr - Διαμέρισμα, 99τ.μ., €850 - Ιπποκράτειο",rent,apartment,850,99.0,9,2,2,1990,thessaloniki,Θεσσαλονίκη-Ανατολικά,Θεσσαλονίκης. Πρόκειται για ένα διαμπερές και πολύ,,,,,,2026-09-27,2026-09-27T13:01:10Z
thgr.gr,THGR,https://thgr.gr/el/property/96659,"THGR.gr - Στούντιο/Γκαρσονιέρα, 40τ.μ., €470 - Θεσσαλονίκη - Δήμος - Κέντρο Θεσσαλονίκης",rent,studio,470,40.0,12,1,1,1970,thessaloniki,Θεσσαλονίκη-Κέντρο,Θεσσαλονίκη - Δήμος - Κέντρο Θεσσαλονίκης  THGR.gr,,,,,,2026-09-27,2026-09-27T13:01:13Z
thgr.gr,THGR,https://thgr.gr/el/property/97787,"THGR.gr - Στούντιο/Γκαρσονιέρα, 40τ.μ., €600 - Θεσσαλονίκη - Δήμος - Κέντρο Θεσσαλονίκης",rent,studio,600,40.0,15,1,5,1980,thessaloniki,Θεσσαλονίκη-Κέντρο,Θεσσαλονίκη - Δήμος - Κέντρο Θεσσαλονίκης  THGR.gr,,,,,,2026-09-27,2026-09-27T13:01:28Z
thgr.gr,THGR,https://thgr.gr/el/property/97936,"THGR.gr - Διαμέρισμα, 62τ.μ., €600 - Θεσσαλονίκη - Δήμος - Ανάληψη - Μπότσαρη - Νέα Παραλία",rent,apartment,600,62.0,10,2,4,2000,thessaloniki,Θεσσαλονίκη-Ανατολικά,Θεσσαλονίκη - Δήμος - Ανάληψη - Μπότσαρη - Νέα Παρα,,,,,,2026-09-27,2026-09-27T13:01:31Z
thgr.gr,THGR,https://thgr.gr/el/property/97987,"THGR.gr - Διαμέρισμα, 105τ.μ., €700 - Τούμπα - Παπάφη",rent,apartment,700,105.0,7,3,2,1979,thessaloniki,Θεσσαλονίκη-Ανατολικά,Τούμπα,,,,,,2026-09-27,2026-09-27T13:01:34Z
thgr.gr,THGR,https://thgr.gr/el/property/97385,"THGR.gr - Διαμέρισμα, 80τ.μ., €580 - Θεσσαλονίκη - Δήμος - Κέντρο Θεσσαλονίκης",rent,apartment,580,80.0,7,2,1,1973,thessaloniki,Θεσσαλονίκη-Κέντρο,Θεσσαλονίκη - Δήμος - Κέντρο Θεσσαλονίκης  THGR.gr,,,,,,2026-09-27,2026-09-27T13:01:37Z
thgr.gr,THGR,https://thgr.gr/el/property/95288,"THGR.gr - Μεζονέτα, 150τ.μ., €245.000 - Θερμαϊκός - Νέοι Επιβάτες",sale,maisonette,245000,150.0,1633,2,1,1996,thessaloniki,Θερμαϊκός,Θεσσαλονίκης. Πρόκειται για ένα διαμπερές και πολύ,,,,,,2026-09-27,2026-09-27T13:01:40Z
thgr.gr,THGR,https://thgr.gr/el/property/90612,"THGR.gr - Μονοκατοικία, 128τ.μ., €145.000 - Θάσος - Θεολόγος",sale,house,145000,128.0,1133,2,ισόγειο,1940,other,,Θεσσαλονίκη 546 24,,,,,,2026-09-27,2026-09-27T13:01:43Z
thgr.gr,THGR,https://thgr.gr/el/property/97832,"THGR.gr - Διαμέρισμα, 85τ.μ., €115.000 - Θεσσαλονίκη - Δήμος - Χαριλάου",sale,apartment,115000,85.0,1353,2,3,1968,thessaloniki,Θεσσαλονίκη-Ανατολικά,Θεσσαλονίκη - Δήμος - Χαριλάου  THGR.gr - Διαμέρισμ,,,,,,2026-09-27,2026-09-27T13:01:46Z
thgr.gr,THGR,https://thgr.gr/el/property/97823,"THGR.gr - Διαμέρισμα, 70τ.μ., €235.000 - Θεσσαλονίκη - Δήμος - Ανάληψη - Μπότσαρη - Νέα Παραλία",sale,apartment,235000,70.0,3357,2,7,1964,thessaloniki,Θεσσαλονίκη-Ανατολικά,Θεσσαλονίκη - Δήμος - Ανάληψη - Μπότσαρη - Νέα Παρα,,,,,,2026-09-27,2026-09-27T13:01:49Z
thgr.gr,THGR,https://thgr.gr/el/property/97789,"THGR.gr - Διαμέρισμα, 112τ.μ., €150.000 - Θεσσαλονίκη - Περιφ/κοί δήμοι - Αμπελόκηποι",sale,apartment,150000,112.0,1339,2,3,1980,thessaloniki,Αμπελόκηποι-Μενεμένη,Θεσσαλονίκη - Περιφ/κοί δήμοι - Αμπελόκηποι  THGR.g,,,,,,2026-09-27,2026-09-27T13:01:52Z
thgr.gr,THGR,https://thgr.gr/el/property/97718,"THGR.gr - Στούντιο/Γκαρσονιέρα, 50τ.μ., €165.000 - Θεσσαλονίκη - Δήμος - Φάληρο - Ιπποκράτειο",sale,studio,165000,50.0,3300,1,5,1972,thessaloniki,Θεσσαλονίκη-Ανατολικά,Θεσσαλονίκη - Δήμος - Φάληρο - Ιπποκράτειο  THGR.gr,,,,,,2026-09-27,2026-09-27T13:01:55Z
thgr.gr,THGR,https://thgr.gr/el/property/94189,"THGR.gr - Διαμέρισμα, 109τ.μ., €900 - Νέα Παραλία",rent,apartment,900,109.0,8,3,4,1975,thessaloniki,Θεσσαλονίκη-Ανατολικά,Θεσσαλονίκης. Πρόκειται για ένα διαμπερές και πολύ,,,,,,2026-09-27,2026-09-27T13:01:58Z
thgr.gr,THGR,https://thgr.gr/el/property/97628,"THGR.gr - Διαμέρισμα, 58τ.μ., €145.000 - Θεσσαλονίκη - Δήμος - Φάληρο - Ιπποκράτειο",sale,apartment,145000,58.0,2500,2,3,1967,thessaloniki,Θεσσαλονίκη-Ανατολικά,Θεσσαλονίκη - Δήμος - Φάληρο - Ιπποκράτειο  THGR.gr,,,,,,2026-09-27,2026-09-27T13:02:01Z
roman-realestate.com,ROMAN Real Estate,https://www.roman-realestate.com/hoteli-pieria-i-halkidiki/k724-kasandra-2-5miliona,"hanioti, 900m2, 2.500.000€",sale,hotel,2500000,900.0,2778,,,,other,,,,,https://image.jimcdn.com/app/cms/image/transf/dimension=1920x1024:format=jpg/path/s6cf8f47d3a246053/image/iafb71c071496944c/version/1648143340/image.jpg,,,2026-09-27,2026-09-27T12:59:37Z
roman-realestate.com,ROMAN Real Estate,https://www.roman-realestate.com/hoteli-pieria-i-halkidiki/k760-skioni-850-000,"skioni, 850.000€",sale,hotel,850000,600.0,1417,,3,,other,,,,,https://image.jimcdn.com/app/cms/image/transf/dimension=4096x4096:format=jpg/path/s6cf8f47d3a246053/image/if4b700ea118d5cf4/version/1680359362/image.jpg,,,2026-09-27,2026-09-27T12:59:42Z
roman-realestate.com,ROMAN Real Estate,https://www.roman-realestate.com/hoteli-pieria-i-halkidiki/k798-polihrono-750-000,"polihrono, 750.000€",sale,hotel,750000,,,,,,other,,,,,https://image.jimcdn.com/app/cms/image/transf/dimension=4096x4096:format=jpg/path/s6cf8f47d3a246053/image/i3ac3c47893ed1441/version/1709024327/image.jpg,,,2026-09-27,2026-09-27T12:59:47Z
roman-realestate.com,ROMAN Real Estate,https://www.roman-realestate.com/hoteli-pieria-i-halkidiki/s085-marmaras-175m2-320-000,"neas marmaras - 175m2, 320.000€ pogled na more",sale,hotel,320000,175.0,1829,,,,other,,,,,https://image.jimcdn.com/app/cms/image/transf/dimension=1920x1024:format=png/path/s6cf8f47d3a246053/image/i0acc49cf5a13904a/version/1752924086/image.png,,,2026-09-27,2026-09-27T12:59:52Z
roman-realestate.com,ROMAN Real Estate,https://www.roman-realestate.com/hoteli-pieria-i-halkidiki/k800-polihrono-2-150-000,polihrono - 2.150.000€ POGLED NA MORE,sale,hotel,2150000,800.0,2688,,,,other,,,,,https://image.jimcdn.com/app/cms/image/transf/none/path/s6cf8f47d3a246053/backgroundarea/i3cf4b7e44a595780/version/1551913538/image.jpg,,,2026-09-27,2026-09-27T12:59:57Z
roman-realestate.com,ROMAN Real Estate,https://www.roman-realestate.com/hoteli-pieria-i-halkidiki/k778-kalikratia-360-000,"kalikratia, 132m2, 360.000€ - 5 apartmana",sale,hotel,360000,132.0,2727,,2,,other,,,,,https://image.jimcdn.com/app/cms/image/transf/dimension=4096x4096:format=jpg/path/s6cf8f47d3a246053/image/ib801c05841c1c836/version/1691347225/image.jpg,,,2026-09-27,2026-09-27T13:00:01Z
roman-realestate.com,ROMAN Real Estate,https://www.roman-realestate.com/hoteli-pieria-i-halkidiki/k799-550m2-1-500-000,polihrono - 1.400.000€,sale,hotel,1400000,522.0,2682,,,,other,,,,,https://image.jimcdn.com/app/cms/image/transf/none/path/s6cf8f47d3a246053/backgroundarea/i3cf4b7e44a595780/version/1551913538/image.jpg,,,2026-09-27,2026-09-27T13:00:07Z
roman-realestate.com,ROMAN Real Estate,https://www.roman-realestate.com/hoteli-pieria-i-halkidiki/k782-polihrono-600-000,"polihrono, 250m2, 600.000€ - POGLED NA MORE",sale,hotel,600000,250.0,2400,,4,,other,,,,,https://image.jimcdn.com/app/cms/image/transf/dimension=4096x4096:format=jpg/path/s6cf8f47d3a246053/image/i76b09761a9663097/version/1698246705/image.jpg,,,2026-09-27,2026-09-27T13:00:12Z
roman-realestate.com,ROMAN Real Estate,https://www.roman-realestate.com/hoteli-pieria-i-halkidiki/k801-polihrono-3-200-000,polihrono - 3.200.000€,sale,hotel,3200000,140.0,22857,,,,other,,,,,https://image.jimcdn.com/app/cms/image/transf/none/path/s6cf8f47d3a246053/backgroundarea/i3cf4b7e44a595780/version/1551913538/image.jpg,,,2026-09-27,2026-09-27T13:00:17Z
roman-realestate.com,ROMAN Real Estate,https://www.roman-realestate.com/hoteli-pieria-i-halkidiki/k774-kalikratia-250m2-600-000,"kalikratia, 250m2, 900.000€ - pogled na more",sale,hotel,900000,250.0,3600,,,,other,,,,,https://image.jimcdn.com/app/cms/image/transf/dimension=4096x4096:format=jpg/path/s6cf8f47d3a246053/image/iec15ed0dd8415871/version/1690567697/image.jpg,,,2026-09-27,2026-09-27T13:00:22Z
roman-realestate.com,ROMAN Real Estate,https://www.roman-realestate.com/hoteli-pieria-i-halkidiki/k761-pefkohori-1-300-000,"PEFKOHORI, 1.300.000€",sale,hotel,1300000,,,,3,,other,,,,,https://image.jimcdn.com/app/cms/image/transf/dimension=4096x4096:format=jpg/path/s6cf8f47d3a246053/image/ic07937b8d7784f4b/version/1680359553/image.jpg,,,2026-09-27,2026-09-27T13:00:27Z
roman-realestate.com,ROMAN Real Estate,https://www.roman-realestate.com/hoteli-pieria-i-halkidiki/k663-moles-kalives-260m2-300-000e,"moles kalives, 260m2, 300.000€",sale,hotel,300000,260.0,1154,,,,other,,,,,https://image.jimcdn.com/app/cms/image/transf/dimension=4096x4096:format=jpg/path/s6cf8f47d3a246053/image/i9d1c3abfc28d7d25/version/1611501473/image.jpg,,,2026-09-27,2026-09-27T13:00:32Z
roman-realestate.com,ROMAN Real Estate,https://www.roman-realestate.com/hoteli-pieria-i-halkidiki/hoteli-vi%C5%A1e-od-500-000,"NEKRETNINE - HOTELI - PIERIA, KASANDRA, SITONIA...",sale,hotel,500000,420.0,1190,,,,other,,,,,https://image.jimcdn.com/app/cms/image/transf/dimension=1920x1024:format=jpg/path/s6cf8f47d3a246053/image/i989ace52a77fb681/version/1647029001/image.jpg,,,2026-09-27,2026-09-27T13:00:36Z
roman-realestate.com,ROMAN Real Estate,https://www.roman-realestate.com/hoteli-pieria-i-halkidiki/a059-neavrasna-415m2-1-000-000,"Nea Vrasna, 420m2, 1.000.000€",sale,hotel,1000000,420.0,2381,,,,other,,,,,https://image.jimcdn.com/app/cms/image/transf/none/path/s6cf8f47d3a246053/backgroundarea/i3cf4b7e44a595780/version/1551913538/image.jpg,,,2026-09-27,2026-09-27T13:00:42Z
roman-realestate.com,ROMAN Real Estate,https://www.roman-realestate.com/hoteli-pieria-i-halkidiki/r111-makrigialos-hotel-15-soba,"Makrigialos, 600m2, 1.200.000 - pogled na more",,hotel,,600.0,,,,,other,,,,,https://image.jimcdn.com/app/cms/image/transf/none/path/s6cf8f47d3a246053/backgroundarea/i3cf4b7e44a595780/version/1551913538/image.jpg,,,2026-09-27,2026-09-27T13:00:47Z
roman-realestate.com,ROMAN Real Estate,https://www.roman-realestate.com/hoteli-pieria-i-halkidiki/k790-polihrono-550m2-1-500-000,K790-Polihrono-550m2-1.500.000€,sale,hotel,1500000,550.0,2727,,,,other,,,,,https://image.jimcdn.com/app/cms/image/transf/none/path/s6cf8f47d3a246053/backgroundarea/i3cf4b7e44a595780/version/1551913538/image.jpg,,,2026-09-27,2026-09-27T13:00:52Z
roman-realestate.com,ROMAN Real Estate,https://www.roman-realestate.com/hoteli-pieria-i-halkidiki/k473-toroni-500m2-750-000,"Toroni, 500m2, 750.000€",sale,hotel,750000,500.0,1500,,,,other,,,,,https://image.jimcdn.com/app/cms/image/transf/none/path/s6cf8f47d3a246053/backgroundarea/i3cf4b7e44a595780/version/1551913538/image.jpg,,,2026-09-27,2026-09-27T13:00:57Z
roman-realestate.com,ROMAN Real Estate,https://www.roman-realestate.com/hoteli-pieria-i-halkidiki/k625-hanioti-6000m2-11-700-000,"hanioti, 6000m2, 11.700.000€",sale,hotel,11700000,6000.0,1950,,,,other,,,,,https://image.jimcdn.com/app/cms/image/transf/none/path/s6cf8f47d3a246053/backgroundarea/i3cf4b7e44a595780/version/1551913538/image.jpg,,,2026-09-27,2026-09-27T13:01:02Z
roman-realestate.com,ROMAN Real Estate,https://www.roman-realestate.com/hoteli-pieria-i-halkidiki/k626-hanioti-4000m2-7-040-000,"hanioti, 4000m2, 7.040.000€",sale,hotel,7040000,4000.0,1760,,,,other,,,,,https://image.jimcdn.com/app/cms/image/transf/dimension=4096x4096:format=jpg/path/s6cf8f47d3a246053/image/ie3efb8d87832be28/version/1588278343/image.jpg,,,2026-09-27,2026-09-27T13:01:07Z
roman-realestate.com,ROMAN Real Estate,https://www.roman-realestate.com/hoteli-pieria-i-halkidiki/k627-hanioti-1890m2-3-750-000,"hanioti, 1890m2, 3.750.000€",sale,hotel,3750000,1890.0,1984,,,,other,,,,,https://image.jimcdn.com/app/cms/image/transf/none/path/s6cf8f47d3a246053/backgroundarea/i3cf4b7e44a595780/version/1551913538/image.jpg,,,2026-09-27,2026-09-27T13:01:12Z
roman-realestate.com,ROMAN Real Estate,https://www.roman-realestate.com/hoteli-pieria-i-halkidiki/k628-nea-skioni-1050m2-2-700-000,"nea skioni, 1050m2, 2.700.000€",sale,hotel,2700000,1050.0,2571,,,,other,,,,,https://image.jimcdn.com/app/cms/image/transf/dimension=1920x1024:format=jpg/path/s6cf8f47d3a246053/image/ie6f6b1eac42dbfca/version/1601685162/image.jpg,,,2026-09-27,2026-09-27T13:01:17Z
roman-realestate.com,ROMAN Real Estate,https://www.roman-realestate.com/hoteli-pieria-i-halkidiki/k723-hotel-polihrono-1282m2-2-300-000e,"KASANDRA, 1282m2, 2.300.000€ - pogled na more",sale,hotel,2300000,1282.0,1794,,,,other,,,,,https://image.jimcdn.com/app/cms/image/transf/dimension=1920x1024:format=jpg/path/s6cf8f47d3a246053/image/icb2872274f10a79a/version/1647028842/image.jpg,,,2026-09-27,2026-09-27T13:01:27Z
roman-realestate.com,ROMAN Real Estate,https://www.roman-realestate.com/halkidiki/halkidiki-od-50-000-60-000,Halkidiki od 50.000€,sale,,50000,354.1,141,,,,other,,,,,https://image.jimcdn.com/app/cms/image/transf/dimension=1920x10000:format=jpg/path/s6cf8f47d3a246053/image/iddf15b091466b2b2/version/1483963932/image.jpg,,,2026-09-27,2026-09-27T13:01:31Z
roman-realestate.com,ROMAN Real Estate,https://www.roman-realestate.com/halkidiki/halkidiki-od-60-000,KASANDRA NEKRETNINE,sale,,60000,40.0,1500,,,,other,,,,,https://image.jimcdn.com/app/cms/image/transf/dimension=1920x10000:format=jpg/path/s6cf8f47d3a246053/image/i09eb69f310409f2c/version/1483963991/image.jpg,,,2026-09-27,2026-09-27T13:01:36Z
roman-realestate.com,ROMAN Real Estate,https://www.roman-realestate.com/halkidiki/kasandra-100-000-300-000,KASANDRA NEKRETNINE,sale,,100000,36.0,2778,,,,other,,,,,https://image.jimcdn.com/app/cms/image/transf/dimension=1920x1024:format=jpg/path/s6cf8f47d3a246053/image/id6395633f0910dfb/version/1773835259/image.jpg,,,2026-09-27,2026-09-27T13:01:41Z
roman-realestate.com,ROMAN Real Estate,https://www.roman-realestate.com/halkidiki/kasandra-300-000-i-vi%C5%A1e,KASANDRA NEKRETNINE,sale,,300000,140.0,2143,,,,other,,,,,https://image.jimcdn.com/app/cms/image/transf/dimension=1920x1024:format=png/path/s6cf8f47d3a246053/image/ib8ca7307cfd76ac9/version/1710760474/image.png,,,2026-09-27,2026-09-27T13:01:46Z
roman-realestate.com,ROMAN Real Estate,https://www.roman-realestate.com/sitonia-nekretnine/s004-nikiti-75m2-110-000,"Nikiti, 75m2, 100.000€ PRODATO",sale,,100000,75.0,1333,,,,unknown,,,,,https://image.jimcdn.com/app/cms/image/transf/none/path/s6cf8f47d3a246053/image/i52238ae58eca6bb8/version/1486636426/image.jpg,,,2026-09-27,2026-09-27T13:01:52Z
roman-realestate.com,ROMAN Real Estate,https://www.roman-realestate.com/sitonia-nekretnine/s007-nikiti-78m2-125-000,"Nikiti, 78m2, 125.000€ PRODATO",sale,,125000,78.0,1603,,,,unknown,,,,,https://image.jimcdn.com/app/cms/image/transf/none/path/s6cf8f47d3a246053/backgroundarea/i3cf4b7e44a595780/version/1551913538/image.jpg,,,2026-09-27,2026-09-27T13:01:57Z
roman-realestate.com,ROMAN Real Estate,https://www.roman-realestate.com/sitonia-nekretnine/s069-psakudia-54m2-115-000,"psakudia, 54m2, 115.000€",sale,,115000,54.0,2130,,,,unknown,,,,,https://image.jimcdn.com/app/cms/image/transf/dimension=1920x1024:format=jpg/path/s6cf8f47d3a246053/image/i26804fcb28d7044a/version/1760357267/image.jpg,,,2026-09-27,2026-09-27T13:02:02Z
papanakli.gr,Παπανακλή Κωνσταντίνα Ε.,https://papanakli.gr/property/455/,ΡΑΔΙΟ ΣΙΤΥ – Μεσιτικό Γραφείο Παπανακλή,sale,office,145000,40.0,3625,1,2,1965,thessaloniki,Θεσσαλονίκη,Θεσσαλονίκη 2310 265880 6978 775104 [email protecte,,,,,,2026-09-27,2026-09-27T13:02:04Z
tzemis.gr,TZEMIS REAL ESTATE,https://www.tzemis.gr/properties/%ce%b8%ce%b5%cf%83%cf%83%ce%b1%ce%bb%ce%bf%ce%bd%ce%af%ce%ba%ce%b7-%ce%ac%ce%bd%cf%89-%cf%80%cf%8c%ce%bb%ce%b7-%cf%8c%cf%83%ce%b9%ce%bf%cf%82-%ce%b4%ce%b1%cf%85%ce%af%ce%b4-t638/,Άνω Πόλη  T638 – Tzemis,sale,,75000,36.0,2083,1,5,2010,thessaloniki,Θεσσαλονίκη-Κέντρο,Θεσσαλονίκη Πιερία Χαλκιδική Περιοχές Περιοχές Αγια,,,https://www.tzemis.gr/wp-content/uploads/2022/07/293119585_708455230244038_2983473606152482104_n.jpg,,,2026-09-27,2026-09-27T13:00:37Z
tzemis.gr,TZEMIS REAL ESTATE,https://www.tzemis.gr/properties/%ce%b5%cf%81%ce%bc%ce%bf%cf%8d-%ce%ba%ce%ad%ce%bd%cf%84%cf%81%ce%bf-t1231/,Ερμού  T1231 – Tzemis,rent,,1231,950.0,1,,1,1924,thessaloniki,Θεσσαλονίκη,Θεσσαλονίκη Πιερία Χαλκιδική Περιοχές Περιοχές Αγια,,,https://www.tzemis.gr/wp-content/uploads/2024/11/673c559abe4091732007322.jpg,,,2026-09-27,2026-09-27T13:00:40Z
tzemis.gr,TZEMIS REAL ESTATE,https://www.tzemis.gr/properties/%cf%84%cf%83%ce%b9%ce%bc%ce%b9%cf%83%ce%ba%ce%ae-%ce%b1%ce%b3%ce%af%ce%b1%cf%82-%cf%83%ce%bf%cf%86%ce%af%ce%b1%cf%82-et1266/,Τσιμισκή  ET1266 – Tzemis,rent,,1266,90.0,14,2,3,,thessaloniki,Θεσσαλονίκη,Θεσσαλονίκη Πιερία Χαλκιδική Περιοχές Περιοχές Αγια,,,https://www.tzemis.gr/wp-content/uploads/2025/01/IMG_3958-scaled.jpeg,,,2026-09-27,2026-09-27T13:00:43Z
tzemis.gr,TZEMIS REAL ESTATE,https://www.tzemis.gr/properties/%ce%ba%ce%ad%ce%bd%cf%84%cf%81%ce%bf-%ce%b8%ce%b5%cf%83%cf%83%ce%b1%ce%bb%ce%bf%ce%bd%ce%af%ce%ba%ce%b7%cf%82-%cf%841271/,Κέντρο Θεσσαλονίκης  Τ1271 – Tzemis,rent,,1271,800.0,2,,5,1939,thessaloniki,Θεσσαλονίκη-Κέντρο,Θεσσαλονίκης  Τ1271 – Tzemis  Κέντρο Θεσσαλονίκης Τ,,,https://www.tzemis.gr/wp-content/uploads/2025/01/6790be228fac81737539106.jpg,,,2026-09-27,2026-09-27T13:00:46Z
tzemis.gr,TZEMIS REAL ESTATE,https://www.tzemis.gr/properties/%ce%b5%ce%b3%ce%bd%ce%b1%cf%84%ce%af%ce%b1-%ce%ba%ce%ad%ce%bd%cf%84%cf%81%ce%bf-%cf%841278/,Εγνατία  Τ1504 – Tzemis,rent,,1504,750.0,2,,5,1938,thessaloniki,Θεσσαλονίκη,Θεσσαλονίκη Πιερία Χαλκιδική Περιοχές Περιοχές Αγια,,,https://www.tzemis.gr/wp-content/uploads/2025/02/IMG_6923-scaled.jpg,,,2026-09-27,2026-09-27T13:00:49Z
tzemis.gr,TZEMIS REAL ESTATE,https://www.tzemis.gr/properties/%ce%bb%ce%b5%cf%89%cf%86%cf%8c%cf%81%ce%bf%cf%82-%ce%bd%ce%af%ce%ba%ce%b7%cf%82-%cf%80%ce%b1%ce%bb%ce%b9%ce%ac-%cf%80%ce%b1%cf%81%ce%b1%ce%bb%ce%af%ce%b1-%cf%841295/,"Λεωφόρος Νίκης, Παλιά Παραλία   Τ1295 – Tzemis",rent,,1295,373.0,3,,5,1936,thessaloniki,Θεσσαλονίκη,Θεσσαλονίκη Πιερία Χαλκιδική Περιοχές Περιοχές Αγια,,,https://www.tzemis.gr/wp-content/uploads/2025/02/67aba15f0991f1739301215.jpg,,,2026-09-27,2026-09-27T13:00:52Z
tzemis.gr,TZEMIS REAL ESTATE,https://www.tzemis.gr/properties/%ce%bb%ce%b5%cf%89%cf%86%cf%8c%cf%81%ce%bf%cf%82-%ce%bd%ce%af%ce%ba%ce%b7%cf%82-%cf%80%ce%b1%ce%bb%ce%b9%ce%ac-%cf%80%ce%b1%cf%81%ce%b1%ce%bb%ce%af%ce%b1-%cf%841296/,"Λεωφόρος Νίκης, Παλιά Παραλία   Τ1296 – Tzemis",rent,,1296,250.0,5,,5,1936,thessaloniki,Θεσσαλονίκη,Θεσσαλονίκη Πιερία Χαλκιδική Περιοχές Περιοχές Αγια,,,https://www.tzemis.gr/wp-content/uploads/2025/02/67aba15f0991f1739301215-1.jpg,,,2026-09-27,2026-09-27T13:00:55Z
tzemis.gr,TZEMIS REAL ESTATE,https://www.tzemis.gr/properties/%ce%b1%ce%b3%ce%af%ce%bf%cf%85-%ce%bd%ce%ad%cf%83%cf%84%cf%89%cf%81%ce%bf%cf%82-%ce%ac%ce%b3%ce%b9%ce%bf%cf%82-%ce%b4%ce%b7%ce%bc%ce%ae%cf%84%cf%81%ce%b9%ce%bf%cf%82-%cf%841290/,Αγίου Νέστωρος – Άγιος Δημήτριος   Τ1290 – Tzemis,rent,,1290,115.0,11,,5,1970,thessaloniki,Θεσσαλονίκη-Κέντρο,Θεσσαλονίκη Πιερία Χαλκιδική Περιοχές Περιοχές Αγια,,,https://www.tzemis.gr/wp-content/uploads/2025/02/67adeaabc6b581739451051.jpg,,,2026-09-27,2026-09-27T13:00:58Z
tzemis.gr,TZEMIS REAL ESTATE,https://www.tzemis.gr/properties/%cf%83%cf%87%ce%bf%ce%bb%ce%ae-%cf%84%cf%85%cf%86%ce%bb%cf%8e%ce%bd-%ce%bc1279/,Σχολή Τυφλών    Μ1279  – Tzemis,rent,,1279,88.0,15,2,5,1976,thessaloniki,Θεσσαλονίκη,Θεσσαλονίκη Πιερία Χαλκιδική Περιοχές Περιοχές Αγια,,,https://www.tzemis.gr/wp-content/uploads/2025/02/67a3656db10f01738761581.jpg,,,2026-09-27,2026-09-27T13:01:01Z
tzemis.gr,TZEMIS REAL ESTATE,https://www.tzemis.gr/properties/%cf%84%cf%83%ce%b9%ce%bc%ce%b9%cf%83%ce%ba%ce%ae-%cf%87%ce%ac%ce%bd%ce%b8-%cf%841301/,Τσιμισκή – Χάνθ   Τ1301 – Tzemis,rent,,1301,110.0,12,,5,,thessaloniki,Θεσσαλονίκη,Θεσσαλονίκη Πιερία Χαλκιδική Περιοχές Περιοχές Αγια,,,https://www.tzemis.gr/wp-content/uploads/2025/02/67bc4cb320c3b1740393651.jpg,,,2026-09-27,2026-09-27T13:01:04Z
tzemis.gr,TZEMIS REAL ESTATE,https://www.tzemis.gr/properties/%cf%80%ce%bb%ce%b1%cf%84%ce%b5%ce%af%ce%b1-%ce%b4%ce%b7%ce%bc%ce%bf%ce%ba%cf%81%ce%b1%cf%84%ce%af%ce%b1%cf%82-%ce%b2%ce%b1%cf%81%ce%b4%ce%ac%cf%81%ce%b7%cf%82-t1287/,Πλατεία Δημοκρατίας – Βαρδάρης T1287 – Tzemis,rent,,1287,110.0,12,3,2,,thessaloniki,Θεσσαλονίκη-Κέντρο,Θεσσαλονίκη Πιερία Χαλκιδική Περιοχές Περιοχές Αγια,,,https://www.tzemis.gr/wp-content/uploads/2025/02/67bde13ec44101740497214.jpg,,,2026-09-27,2026-09-27T13:01:07Z
tzemis.gr,TZEMIS REAL ESTATE,https://www.tzemis.gr/properties/%cf%80%ce%b1%cf%8d%ce%bb%ce%bf%cf%85-%ce%bc%ce%b5%ce%bb%ce%ac-%cf%841312/,Παύλου Μελά  ΕΤ1535 – Tzemis,rent,,1535,140.0,11,2,5,1960,thessaloniki,Θεσσαλονίκη,Θεσσαλονίκη Πιερία Χαλκιδική Περιοχές Περιοχές Αγια,,,https://www.tzemis.gr/wp-content/uploads/2025/03/63a2fd563da991671626070.jpg,,,2026-09-27,2026-09-27T13:01:10Z
tzemis.gr,TZEMIS REAL ESTATE,https://www.tzemis.gr/properties/%cf%80%ce%b1%ce%bd%cf%8c%cf%81%ce%b1%ce%bc%ce%b1-t653/,Πανόραμα   T653 – Tzemis,sale,,750000,280.0,2679,4,1,1984,thessaloniki,Πανόραμα,Πανόραμα,,,https://www.tzemis.gr/wp-content/uploads/2025/03/630894c1784061661506753-1.jpg,,,2026-09-27,2026-09-27T13:01:13Z
tzemis.gr,TZEMIS REAL ESTATE,https://www.tzemis.gr/properties/%ce%ba%ce%b1%cf%81%cf%8c%ce%bb%ce%bf%cf%85-%ce%bd%cf%84%ce%b7%ce%bb-%cf%841324/,Καρόλου Ντηλ   Τ1324 – Tzemis,rent,,1324,75.0,18,1,5,1967,thessaloniki,Θεσσαλονίκη,Θεσσαλονίκη Πιερία Χαλκιδική Περιοχές Περιοχές Αγια,,,https://www.tzemis.gr/wp-content/uploads/2025/03/IMG_4843-1-scaled.jpeg,,,2026-09-27,2026-09-27T13:01:16Z
tzemis.gr,TZEMIS REAL ESTATE,https://www.tzemis.gr/properties/%ce%b5%ce%b3%ce%bd%ce%b1%cf%84%ce%af%ce%b1-%cf%841326/,Εγνατία   Τ1326 – Tzemis,rent,,1326,900.0,1,,5,1930,thessaloniki,Θεσσαλονίκη,Θεσσαλονίκη Πιερία Χαλκιδική Περιοχές Περιοχές Αγια,,,https://www.tzemis.gr/wp-content/uploads/2025/03/67e3da12382681742985746.jpg,,,2026-09-27,2026-09-27T13:01:19Z
tzemis.gr,TZEMIS REAL ESTATE,https://www.tzemis.gr/properties/%ce%bd%ce%ad%ce%bf-%cf%81%cf%8d%cf%83%ce%b9%ce%bf-%ce%b8%ce%ad%cf%81%ce%bc%ce%b7-%cf%841327/,Νέο Ρύσιο – Θέρμη   Τ1327 – Tzemis,rent,,1327,300.0,4,,1,1998,thessaloniki,Θέρμη,Θέρμη,,,https://www.tzemis.gr/wp-content/uploads/2025/03/67e3f0c7cae3c1742991559.jpg,,,2026-09-27,2026-09-27T13:01:22Z
tzemis.gr,TZEMIS REAL ESTATE,https://www.tzemis.gr/properties/%ce%bd%ce%ad%ce%bf-%cf%81%cf%8d%cf%83%ce%b9%ce%bf-%ce%b8%ce%ad%cf%81%ce%bc%ce%b7-%cf%841328/,Νέο Ρύσιο – Θέρμη   Τ1328 – Tzemis,rent,,1328,500.0,3,,5,1998,thessaloniki,Θέρμη,Θέρμη,,,https://www.tzemis.gr/wp-content/uploads/2025/03/67e414052251f1743000581.jpg,,,2026-09-27,2026-09-27T13:01:25Z
tzemis.gr,TZEMIS REAL ESTATE,https://www.tzemis.gr/properties/%ce%bc%ce%b7%cf%84%cf%81%ce%bf%cf%80%cf%8c%ce%bb%ce%b5%cf%89%cf%82-%cf%841332/,Μητροπόλεως  Τ1402 – Tzemis,rent,,1402,120.0,12,3,5,1972,thessaloniki,Θεσσαλονίκη,Θεσσαλονίκη Πιερία Χαλκιδική Περιοχές Περιοχές Αγια,,,https://www.tzemis.gr/wp-content/uploads/2025/03/IMG_8267-scaled.jpg,,,2026-09-27,2026-09-27T13:01:28Z
tzemis.gr,TZEMIS REAL ESTATE,https://www.tzemis.gr/properties/%ce%b1%ce%b3%ce%af%ce%b1%cf%82-%cf%83%ce%bf%cf%86%ce%af%ce%b1%cf%82-%ce%b5%cf%81%ce%bc%ce%bf%cf%8d-%cf%841335/,Αγίας Σοφίας – Ερμού   Τ1335 – Tzemis,rent,,1335,100.0,13,,5,1980,thessaloniki,Θεσσαλονίκη,Θεσσαλονίκη Πιερία Χαλκιδική Περιοχές Περιοχές Αγια,,,https://www.tzemis.gr/wp-content/uploads/2025/04/67ed014b8be9b1743585611.jpg,,,2026-09-27,2026-09-27T13:01:31Z
tzemis.gr,TZEMIS REAL ESTATE,https://www.tzemis.gr/properties/%ce%bb%ce%b1%ce%bc%cf%80%cf%81%ce%ac%ce%ba%ce%b7-%cf%841336/,Λαμπράκη   Τ1336 – Tzemis,rent,,1336,43.0,31,,5,1970,thessaloniki,Θεσσαλονίκη,Θεσσαλονίκη Πιερία Χαλκιδική Περιοχές Περιοχές Αγια,,,https://www.tzemis.gr/wp-content/uploads/2025/04/67ed1d47406921743592775.jpg,,,2026-09-27,2026-09-27T13:01:34Z
tzemis.gr,TZEMIS REAL ESTATE,https://www.tzemis.gr/properties/%cf%87%ce%b1%cf%81%ce%b9%ce%bb%ce%ac%ce%bf%cf%85-%ce%bc1339/,Χαριλάου   Μ1339 – Tzemis,rent,,1339,641.0,2,,5,1972,thessaloniki,Θεσσαλονίκη-Ανατολικά,Χαριλάου,,,https://www.tzemis.gr/wp-content/uploads/2025/04/IMG_3449.jpg,,,2026-09-27,2026-09-27T13:01:37Z
tzemis.gr,TZEMIS REAL ESTATE,https://www.tzemis.gr/properties/%ce%b5%ce%bb-%ce%b2%ce%b5%ce%bd%ce%b9%ce%b6%ce%ad%ce%bb%ce%bf%cf%85-%cf%841340/,Ελ. Βενιζέλου   Τ1340 – Tzemis,rent,,1340,200.0,7,,5,1924,thessaloniki,Θεσσαλονίκη,Θεσσαλονίκη Πιερία Χαλκιδική Περιοχές Περιοχές Αγια,,,https://www.tzemis.gr/wp-content/uploads/2025/04/67efb30b951ea1743762187.jpg,,,2026-09-27,2026-09-27T13:01:40Z
tzemis.gr,TZEMIS REAL ESTATE,https://www.tzemis.gr/properties/%cf%87%ce%b1%ce%bd%ce%b8-%ce%b3-%ce%b8%ce%b5%ce%bf%cf%84%ce%bf%ce%ba%ce%ac-%cf%84%cf%83%ce%b9%ce%bc%ce%b9%cf%83%ce%ba%ce%ae-%cf%80%cf%841341/,ΧΑΝΘ – Γ.Θεοτοκά/Τσιμισκή ΠΤ1341 – Tzemis,rent,,1341,380.0,4,,5,1960,thessaloniki,Θεσσαλονίκη,Θεσσαλονίκη Πιερία Χαλκιδική Περιοχές Περιοχές Αγια,,,https://www.tzemis.gr/wp-content/uploads/2025/04/67efe47e3dec31743774846.jpg,,,2026-09-27,2026-09-27T13:01:43Z
tzemis.gr,TZEMIS REAL ESTATE,https://www.tzemis.gr/properties/%cf%83%ce%b1%cf%81%ce%ac%ce%bd%cf%84%ce%b1-%ce%b5%ce%ba%ce%ba%ce%bb%ce%b7%cf%83%ce%b9%ce%ad%cf%82-%ce%b5%cf%841344/,Σαράντα Εκκλησιές   ΕΤ1344 – Tzemis,rent,,1344,42.0,32,,5,2024,thessaloniki,Θεσσαλονίκη,Θεσσαλονίκη Πιερία Χαλκιδική Περιοχές Περιοχές Αγια,,,https://www.tzemis.gr/wp-content/uploads/2025/04/67fe14588825f1744704600-1.jpg,,,2026-09-27,2026-09-27T13:01:46Z
tzemis.gr,TZEMIS REAL ESTATE,https://www.tzemis.gr/properties/%cf%83%ce%b1%cf%81%ce%ac%ce%bd%cf%84%ce%b1-%ce%b5%ce%ba%ce%ba%ce%bb%ce%b7%cf%83%ce%b9%ce%ad%cf%82-%ce%b5%cf%841345/,Σαράντα Εκκλησιές   ΕΤ1345 – Tzemis,rent,,1345,52.0,26,,5,2024,thessaloniki,Θεσσαλονίκη,Θεσσαλονίκη Πιερία Χαλκιδική Περιοχές Περιοχές Αγια,,,https://www.tzemis.gr/wp-content/uploads/2025/04/67fe1f9d3c5b61744707485.jpg,,,2026-09-27,2026-09-27T13:01:49Z
tzemis.gr,TZEMIS REAL ESTATE,https://www.tzemis.gr/properties/%cf%83%ce%b1%cf%81%ce%ac%ce%bd%cf%84%ce%b1-%ce%b5%ce%ba%ce%ba%ce%bb%ce%b7%cf%83%ce%b9%ce%ad%cf%82-%ce%b5%cf%841346/,Σαράντα Εκκλησιές   ΕΤ1346 – Tzemis,rent,,1346,42.0,32,,5,2024,thessaloniki,Θεσσαλονίκη,Θεσσαλονίκη Πιερία Χαλκιδική Περιοχές Περιοχές Αγια,,,https://www.tzemis.gr/wp-content/uploads/2025/04/IMG_3572.jpg,,,2026-09-27,2026-09-27T13:01:52Z
tzemis.gr,TZEMIS REAL ESTATE,https://www.tzemis.gr/properties/%cf%83%ce%b1%cf%81%ce%ac%ce%bd%cf%84%ce%b1-%ce%b5%ce%ba%ce%ba%ce%bb%ce%b7%cf%83%ce%b9%ce%ad%cf%82-%ce%b5%cf%841347/,Σαράντα Εκκλησιές   ΕΤ1347 – Tzemis,rent,,1347,35.0,38,,5,2024,thessaloniki,Θεσσαλονίκη,Θεσσαλονίκη Πιερία Χαλκιδική Περιοχές Περιοχές Αγια,,,https://www.tzemis.gr/wp-content/uploads/2025/04/IMG_3588.jpg,,,2026-09-27,2026-09-27T13:01:55Z
tzemis.gr,TZEMIS REAL ESTATE,https://www.tzemis.gr/properties/%cf%83%ce%b1%cf%81%ce%ac%ce%bd%cf%84%ce%b1-%ce%b5%ce%ba%ce%ba%ce%bb%ce%b7%cf%83%ce%b9%ce%ad%cf%82-%ce%b5%cf%841348/,Σαράντα Εκκλησιές   ΕΤ1348 – Tzemis,rent,,1348,41.0,33,,5,2024,thessaloniki,Θεσσαλονίκη,Θεσσαλονίκη Πιερία Χαλκιδική Περιοχές Περιοχές Αγια,,,https://www.tzemis.gr/wp-content/uploads/2025/04/IMG_3602.jpg,,,2026-09-27,2026-09-27T13:01:58Z
tzemis.gr,TZEMIS REAL ESTATE,https://www.tzemis.gr/properties/%cf%83%ce%b1%cf%81%ce%ac%ce%bd%cf%84%ce%b1-%ce%b5%ce%ba%ce%ba%ce%bb%ce%b7%cf%83%ce%b9%ce%ad%cf%82-%ce%b5%cf%841349/,Σαράντα Εκκλησιές   ΕΤ1349 – Tzemis,rent,,1349,32.0,42,,5,2024,thessaloniki,Θεσσαλονίκη,Θεσσαλονίκη Πιερία Χαλκιδική Περιοχές Περιοχές Αγια,,,https://www.tzemis.gr/wp-content/uploads/2025/04/IMG_3609.jpg,,,2026-09-27,2026-09-27T13:02:01Z
tzemis.gr,TZEMIS REAL ESTATE,https://www.tzemis.gr/properties/%cf%83%ce%b1%cf%81%ce%ac%ce%bd%cf%84%ce%b1-%ce%b5%ce%ba%ce%ba%ce%bb%ce%b7%cf%83%ce%b9%ce%ad%cf%82-%ce%b5%cf%841350/,Σαράντα Εκκλησιές   ΕΤ1350 – Tzemis,rent,,1350,52.0,26,,5,2024,thessaloniki,Θεσσαλονίκη,Θεσσαλονίκη Πιερία Χαλκιδική Περιοχές Περιοχές Αγια,,,https://www.tzemis.gr/wp-content/uploads/2025/04/IMG_3617.jpg,,,2026-09-27,2026-09-27T13:02:04Z
thessrealestate.gr,Thess Real Estate,https://thessrealestate.gr/akinita/oikopedo-200tm-ano-poli/,Άνω Πόλη: Πωλείται οικόπεδο 200τ.μ. άρτιο και οικοδομήσιμο,sale,land,300000,200.0,1500,,1,,thessaloniki,Θεσσαλονίκη-Κέντρο,Θεσσαλονίκη Πωλήσεις Ενοικιάσεις Ευκαιρίες ακινήτων,,,https://thessrealestate.gr/wp-content/uploads/2017/10/1392967700f.jpg,,,2026-09-27,2026-09-27T13:00:40Z
thessrealestate.gr,Thess Real Estate,https://thessrealestate.gr/akinita/3-diamerismata-195tm-paralia-vergias/,Παραλία Βεργιάς: Πωλούνται 3 διαμερίσματα (10 μέτρα απο την θάλασσα),sale,apartment,300000,195.0,1538,2,1,,thessaloniki,Θεσσαλονίκη,Θεσσαλονίκη Πωλήσεις Ενοικιάσεις Ευκαιρίες ακινήτων,,,https://thessrealestate.gr/wp-content/uploads/2017/09/Capture_2f.jpg,,,2026-09-27,2026-09-27T13:00:43Z
thessrealestate.gr,Thess Real Estate,https://thessrealestate.gr/akinita/oikopedo-10200-nea-hrakleia/,Νέα Ηράκλεια: Πωλείται οικόπεδο 10200τ.μ. πρόσοψης στον κεντρικό δρόμο,sale,land,250000,10200.0,25,,1,,thessaloniki,Θεσσαλονίκη,Θεσσαλονίκη Πωλήσεις Ενοικιάσεις Ευκαιρίες ακινήτων,,,https://thessrealestate.gr/wp-content/uploads/2017/09/irak1f.jpg,,,2026-09-27,2026-09-27T13:00:46Z
thessrealestate.gr,Thess Real Estate,https://thessrealestate.gr/akinita/epavli-300-peraia/,"Περαία: Πωλείται μέσα σε οκτώ στρέμματα τριώροφη επιβλητική έπαυλη 800 τ.μ., του 2000",sale,,3000000,800.0,3750,,1,,thessaloniki,Θερμαϊκός,Περαία,,,https://thessrealestate.gr/wp-content/uploads/2017/09/8560480953f.jpg,,,2026-09-27,2026-09-27T13:00:49Z
thessrealestate.gr,Thess Real Estate,https://thessrealestate.gr/akinita/monokatoikia-250-souroti/,ΣΟΥΡΩΤΗ: Πωλείται μονοκατοικία 250τ.μ. πολυτελείας 3 επιπέδων,sale,house,400000,250.0,1600,4,1,,thessaloniki,Θέρμη,Θεσσαλονίκη Πωλήσεις Ενοικιάσεις Ευκαιρίες ακινήτων,,,https://thessrealestate.gr/wp-content/uploads/2017/09/20160503_151415f.jpg,,,2026-09-27,2026-09-27T13:00:52Z
thessrealestate.gr,Thess Real Estate,https://thessrealestate.gr/akinita/nea_michaniona_kerasia_oikopedo2400/,ΝΕΑ ΜΗΧΑΝΙΩΝΑ: Πωλούνται 3 οικόπεδα στην ΚΕΡΑΣΙΑ,sale,land,280000,2400.0,117,,1,,thessaloniki,Θερμαϊκός,Θεσσαλονίκη Πωλήσεις Ενοικιάσεις Ευκαιρίες ακινήτων,,,https://thessrealestate.gr/wp-content/uploads/2014/06/kerasia_oikopedo2.jpg,,,2026-09-27,2026-09-27T13:00:55Z
thessrealestate.gr,Thess Real Estate,https://thessrealestate.gr/akinita/agrotemachio-4-500tm-neo-rysio/,Αγροτεμάχιο 4.500τμ - Νέο Ρύσιο - Μεσιτικό Γραφείο Θεσσαλονίκη,sale,land,190000,500.0,380,,1,,thessaloniki,Θέρμη,Θεσσαλονίκη  Αγροτεμάχιο 4.500τμ - Νέο Ρύσιο - Μεσι,,,https://thessrealestate.gr/wp-content/uploads/2017/12/113119560_900x675.jpg,,,2026-09-27,2026-09-27T13:00:58Z
thessrealestate.gr,Thess Real Estate,https://thessrealestate.gr/akinita/katastima-225tm-kentro/,Κατάστημα 225τμ - Κέντρο - Μεσιτικό Γραφείο Θεσσαλονίκη,rent,store,200,225.0,1,,1,,thessaloniki,Θεσσαλονίκη,Θεσσαλονίκη  Κατάστημα 225τμ - Κέντρο - Μεσιτικό Γρ,,,https://thessrealestate.gr/wp-content/uploads/2019/12/IMG_20191204_155045-2.jpg,,,2026-09-27,2026-09-27T13:01:01Z
thessrealestate.gr,Thess Real Estate,https://thessrealestate.gr/akinita/oikopedo-750tm-panorama/,Οικόπεδο 750τμ - Πανόραμα - Μεσιτικό Γραφείο Θεσσαλονίκη,sale,land,340000,750.0,453,,1,,thessaloniki,Πανόραμα,Πανόραμα,,,https://thessrealestate.gr/wp-content/uploads/2021/04/IMG_20210415_122536E.jpg,,,2026-09-27,2026-09-27T13:01:04Z
thessrealestate.gr,Thess Real Estate,https://thessrealestate.gr/akinita/diamerisma-135tm-sykies/,Διαμέρισμα 135τμ - Συκιές - Μεσιτικό Γραφείο Θεσσαλονίκη,sale,apartment,370000,135.0,2741,3,3,,thessaloniki,Νεάπολη-Συκιές,Συκιές,,,https://thessrealestate.gr/wp-content/uploads/2021/11/222512361_900x675-2.jpg,,,2026-09-27,2026-09-27T13:01:07Z
thessrealestate.gr,Thess Real Estate,https://thessrealestate.gr/akinita/nea_paralia_180metra/,Νέα Παραλία: Πωλείται νεόδμητο και πολυτελές διαμέρισμα 180τ.μ,sale,apartment,830000,180.0,4611,3,4,,thessaloniki,Θεσσαλονίκη-Ανατολικά,Θεσσαλονίκη Πωλήσεις Ενοικιάσεις Ευκαιρίες ακινήτων,,,https://thessrealestate.gr/wp-content/uploads/2014/06/DSC04444f.jpg,,,2026-09-27,2026-09-27T13:01:10Z
thessrealestate.gr,Thess Real Estate,https://thessrealestate.gr/akinita/diamerisma-140tm-ippokrateio/,Διαμέρισμα 140τμ - Ιπποκράτειο - Μεσιτικό Γραφείο Θεσσαλονίκη,sale,apartment,250000,140.0,1786,3,3,,thessaloniki,Θεσσαλονίκη-Ανατολικά,Θεσσαλονίκη  Διαμέρισμα 140τμ - Ιπποκράτειο - Μεσιτ,,,https://thessrealestate.gr/wp-content/uploads/2023/07/IMG_3982-2.jpg,,,2026-09-27,2026-09-27T13:01:13Z
thessrealestate.gr,Thess Real Estate,https://thessrealestate.gr/akinita/monokatoikia-120tm-nea-moudania/,Μονοκατοικία 120τμ - Νέα Μουδανιά - Πορταριά - Μεσιτικό Γραφείο Θεσσαλονίκη,sale,house,185000,120.0,1542,2,1,,other,,Θεσσαλονίκη  Μονοκατοικία 120τμ - Νέα Μουδανιά - Πο,,,https://thessrealestate.gr/wp-content/uploads/2023/09/01-2.jpg,,,2026-09-27,2026-09-27T13:01:16Z
thessrealestate.gr,Thess Real Estate,https://thessrealestate.gr/akinita/oikopedo-120tm-evosmos/,Οικόπεδο 120τμ - Εύοσμος - Μεσιτικό Γραφείο Θεσσαλονίκη,sale,land,120000,120.0,1000,,1,,thessaloniki,Κορδελιό-Εύοσμος,Εύοσμος,,,https://thessrealestate.gr/wp-content/uploads/2018/06/evosmos_2.jpg,,,2026-09-27,2026-09-27T13:01:19Z
thessrealestate.gr,Thess Real Estate,https://thessrealestate.gr/akinita/agrotemachio-10-250tm-oraiokastro/,Αγροτεμάχιο 10.250τμ - Ωραιόκαστρο - Μεσιτικό Γραφείο Θεσσαλονίκη,sale,land,150000,250.0,600,,1,,thessaloniki,Ωραιόκαστρο,Ωραιόκαστρο,,,https://thessrealestate.gr/wp-content/uploads/2023/06/IMG_5058.jpg,,,2026-09-27,2026-09-27T13:01:22Z
thessrealestate.gr,Thess Real Estate,https://thessrealestate.gr/akinita/diamerisma-140tm-pylaia-metro/,Διαμέρισμα 140τμ - Πυλαία (Μετρό) - Μεσιτικό Γραφείο Θεσσαλονίκη,sale,apartment,700000,140.0,5000,3,3,,thessaloniki,Πυλαία,Πυλαία,,,https://thessrealestate.gr/wp-content/uploads/2020/10/DSC03911-2-1.jpg,,,2026-09-27,2026-09-27T13:01:25Z
thessrealestate.gr,Thess Real Estate,https://thessrealestate.gr/akinita/agrotemachio-8734tm-kalochori/,Αγροτεμάχιο 8734τμ - Καλοχώρι - Μεσιτικό Γραφείο Θεσσαλονίκη,sale,land,500000,8734.0,57,,8,,thessaloniki,Δέλτα,Θεσσαλονίκη  Αγροτεμάχιο 8734τμ - Καλοχώρι - Μεσιτι,,,https://thessrealestate.gr/wp-content/uploads/2024/06/Screenshot_4-2.jpg,,,2026-09-27,2026-09-27T13:01:28Z
thessrealestate.gr,Thess Real Estate,https://thessrealestate.gr/akinita/15874-2/,Γκαρσονιέρα 47τμ - Νέα Παραλία - Μαρτίου - Μεσιτικό Γραφείο Θεσσαλονίκη,sale,studio,145000,47.0,3085,,2,,thessaloniki,Θεσσαλονίκη-Ανατολικά,Θεσσαλονίκη  Γκαρσονιέρα 47τμ - Νέα Παραλία - Μαρτί,,,https://thessrealestate.gr/wp-content/uploads/2024/07/IMG_6404-2.jpg,,,2026-09-27,2026-09-27T13:01:31Z
thessrealestate.gr,Thess Real Estate,https://thessrealestate.gr/akinita/mezoneta-180tm-kastra/,Μεζονέτα 180τμ - Κάστρα - Μεσιτικό Γραφείο Θεσσαλονίκη,sale,maisonette,350000,180.0,1944,,2,,thessaloniki,Θεσσαλονίκη,Θεσσαλονίκη  Μεζονέτα 180τμ - Κάστρα - Μεσιτικό Γρα,,,https://thessrealestate.gr/wp-content/uploads/2021/06/IMG_20201225_174445_b.jpg,,,2026-09-27,2026-09-27T13:01:34Z
thessrealestate.gr,Thess Real Estate,https://thessrealestate.gr/akinita/katastima-150tm-martiou/,Κατάστημα 150τμ - Μαρτίου - Μεσιτικό Γραφείο Θεσσαλονίκη,sale,store,200000,150.0,1333,,1,1999,thessaloniki,Θεσσαλονίκη-Ανατολικά,Θεσσαλονίκη  Κατάστημα 150τμ - Μαρτίου - Μεσιτικό Γ,,,https://thessrealestate.gr/wp-content/uploads/2024/09/Untitled-1-2.jpg,,,2026-09-27,2026-09-27T13:01:37Z
thessrealestate.gr,Thess Real Estate,https://thessrealestate.gr/akinita/mezoneta-148tm-ampelokipoi/,Μεζονέτα 148τμ - Αμπελόκηποι - Μεσιτικό Γραφείο Θεσσαλονίκη,sale,maisonette,170000,148.0,1149,3,2,,thessaloniki,Αμπελόκηποι-Μενεμένη,Αμπελόκηποι,,,https://thessrealestate.gr/wp-content/uploads/2024/10/IMG_7020-2.jpg,,,2026-09-27,2026-09-27T13:01:40Z
thessrealestate.gr,Thess Real Estate,https://thessrealestate.gr/akinita/vila-125tm-chanioti/,Βίλα 125τμ - Χανιώτη - Μεσιτικό Γραφείο Θεσσαλονίκη,sale,house,450000,125.0,3600,,1,,other,,Θεσσαλονίκη  Βίλα 125τμ - Χανιώτη - Μεσιτικό Γραφεί,,,https://thessrealestate.gr/wp-content/uploads/2018/07/IMG_7386-2.jpg,,,2026-09-27,2026-09-27T13:01:43Z
thessrealestate.gr,Thess Real Estate,https://thessrealestate.gr/akinita/oikopedo-560-stratoni-xalkidikis/,ΣΤΡΑΤΩΝΙ πωλείται οικόπεδο εντός σχεδίου άρτιο οικοδομήσιμο 560 τ.μ.,sale,land,50000,560.0,89,,1,,thessaloniki,Θεσσαλονίκη,Θεσσαλονίκη Πωλήσεις Ενοικιάσεις Ευκαιρίες ακινήτων,,,https://thessrealestate.gr/wp-content/uploads/2017/09/stratoni.jpg,,,2026-09-27,2026-09-27T13:01:46Z
thessrealestate.gr,Thess Real Estate,https://thessrealestate.gr/akinita/kerasia_nea_mixanivna_oikopedo8000/,ΝΕΑ ΜΗΧΑΝΙΩΝΑ έξω απο την Κερασιά πωλείται αγροτεμάχιο 8000 τ.μ.,sale,land,900000,8000.0,112,,1,,thessaloniki,Θερμαϊκός,Θεσσαλονίκη Πωλήσεις Ενοικιάσεις Ευκαιρίες ακινήτων,,,https://thessrealestate.gr/wp-content/uploads/2013/08/kerasia_oikopedo1.jpg,,,2026-09-27,2026-09-27T13:01:49Z
thessrealestate.gr,Thess Real Estate,https://thessrealestate.gr/akinita/panorama_vila305m/,Πανόραμα: Πωλείται Βίλα 305 τ.μ. πολυτελείας του 1987 με θέα,sale,house,450000,305.0,1475,6,1,,thessaloniki,Πανόραμα,Πανόραμα,,,https://thessrealestate.gr/wp-content/uploads/2014/06/DSC05196f.jpg,,,2026-09-27,2026-09-27T13:01:52Z
thessrealestate.gr,Thess Real Estate,https://thessrealestate.gr/akinita/1967-2/,Π.Σ.Σταθμός-CITY GATE: Πωλείται διαμέρισμα 106τ.μ. (πλησίον ONE SALONICA) του 2005,sale,apartment,160000,106.0,1509,2,2,,thessaloniki,Θεσσαλονίκη,Θεσσαλονίκη Πωλήσεις Ενοικιάσεις Ευκαιρίες ακινήτων,,,https://thessrealestate.gr/wp-content/uploads/2017/09/107518942_900x675f.jpg,,,2026-09-27,2026-09-27T13:01:55Z
thessrealestate.gr,Thess Real Estate,https://thessrealestate.gr/akinita/oikopedo-250tm-1784/,Οικόπεδο 417τμ - Πεύκα - Μεσιτικό Γραφείο Θεσσαλονίκη,sale,land,210000,417.0,504,,1,1999,thessaloniki,Θεσσαλονίκη,Θεσσαλονίκη  Οικόπεδο 417τμ - Πεύκα - Μεσιτικό Γραφ,,,https://thessrealestate.gr/wp-content/uploads/2022/07/Screenshot_3-2.jpg,,,2026-09-27,2026-09-27T13:01:58Z
thessrealestate.gr,Thess Real Estate,https://thessrealestate.gr/akinita/mezoneta-220tm-ampelokipoi/,Μεζονέτα 220τμ - Αμπελόκηποι - Μεσιτικό Γραφείο Θεσσαλονίκη,sale,maisonette,320000,220.0,1455,,6,,thessaloniki,Αμπελόκηποι-Μενεμένη,Αμπελόκηποι,,,https://thessrealestate.gr/wp-content/uploads/2025/01/6ος-7-2.jpg,,,2026-09-27,2026-09-27T13:02:01Z
thessrealestate.gr,Thess Real Estate,https://thessrealestate.gr/akinita/monokatoikia-mezoneta-150tm-panorama/,Μονοκατοικία-Μεζονέτα 150τμ - Πανόραμα - Μεσιτικό Γραφείο Θεσσαλονίκη,rent,maisonette,1500,150.0,10,1,1,,thessaloniki,Πανόραμα,Πανόραμα,,,https://thessrealestate.gr/wp-content/uploads/2025/03/IMG_7998-2.jpg,,,2026-09-27,2026-09-27T13:02:04Z
thessrealestate.gr,Thess Real Estate,https://thessrealestate.gr/akinita/diamerisma-109tm-kentro/,Βαλαωρίτου: Πωλείται επιπλωμένο διαμέρισμα 109τ.μ. στον 8ο όροφο,sale,apartment,225000,109.0,2064,,8,,thessaloniki,Θεσσαλονίκη,Θεσσαλονίκη Πωλήσεις Ενοικιάσεις Ευκαιρίες ακινήτων,,,https://thessrealestate.gr/wp-content/uploads/2017/10/DSC_0220f.jpg,,,2026-09-27,2026-09-27T13:02:07Z
vourtisrealestate.gr,Vourtis Real Estate,https://vourtisrealestate.gr/el/akinito/19330910,"Διαμέρισμα, 125τ.μ.
Αγία Τριάδα, Θερμαϊκός (Θεσσαλονίκη - Περιφ/κοί δήμοι)",sale,apartment,270000,125.0,2160,3,1,2010,thessaloniki,Θερμαϊκός,Θέρμη (Θεσσαλονίκη - Περιφ/κοί δήμοι),,,http://m3.spitogatos.gr/359798630_900x675.jpg?v=20130730,,,2026-09-27,2026-09-27T13:01:08Z
vourtisrealestate.gr,Vourtis Real Estate,https://vourtisrealestate.gr/el/akinito/19755278,Μεζονέτα προς πώληση Άγιος Τρύφωνας (Θέρμη),sale,maisonette,530000,177.0,2994,4,1,2023,thessaloniki,Θέρμη,Θέρμη (Θεσσαλονίκη - Περιφ/κοί δήμοι),,,http://m2.spitogatos.gr/351266389_900x675.jpg?v=20130730,,,2026-09-27,2026-09-27T13:01:11Z
vourtisrealestate.gr,Vourtis Real Estate,https://vourtisrealestate.gr/el/akinito/20151299,Μεζονέτα προς πώληση Κέντρο (Θέρμη),sale,maisonette,280000,141.0,1986,,1,2001,thessaloniki,Θέρμη,Θέρμη (Θεσσαλονίκη - Περιφ/κοί δήμοι),,,http://m2.spitogatos.gr/357766627_900x675.jpg?v=20130730,,,2026-09-27,2026-09-27T13:01:14Z
vourtisrealestate.gr,Vourtis Real Estate,https://vourtisrealestate.gr/el/akinito/20264418,Loft προς πώληση Βαρδάρης - Δικαστήρια (Βαρδάρης - Λαχανόκηποι),sale,,135000,72.0,1875,,1,1970,thessaloniki,Θεσσαλονίκη-Κέντρο,Θέρμη (Θεσσαλονίκη - Περιφ/κοί δήμοι),,,http://m3.spitogatos.gr/359826605_900x675.jpg?v=20130730,,,2026-09-27,2026-09-27T13:01:17Z
vourtisrealestate.gr,Vourtis Real Estate,https://vourtisrealestate.gr/el/akinito/20150494,Μεζονέτα προς πώληση Επέκταση (Πυλαία),sale,maisonette,350000,129.0,2713,,1,2010,thessaloniki,Πυλαία,Θέρμη (Θεσσαλονίκη - Περιφ/κοί δήμοι),,,http://m1.spitogatos.gr/357755628_900x675.jpg?v=20130730,,,2026-09-27,2026-09-27T13:01:20Z
vourtisrealestate.gr,Vourtis Real Estate,https://vourtisrealestate.gr/el/akinito/20798615,Οικόπεδο προς πώληση Νέα Ραιδεστός (Θέρμη),sale,land,320000,980.0,327,,1,,thessaloniki,Θέρμη,Θέρμη (Θεσσαλονίκη - Περιφ/κοί δήμοι),,,http://m2.spitogatos.gr/368126614_900x675.jpg?v=20130730,,,2026-09-27,2026-09-27T13:01:22Z
vourtisrealestate.gr,Vourtis Real Estate,https://vourtisrealestate.gr/el/akinito/20922859,Μεζονέτα για ενοικίαση Τριάδιο (Θέρμη),rent,maisonette,750,135.0,6,,1,2000,thessaloniki,Θέρμη,Θέρμη (Θεσσαλονίκη - Περιφ/κοί δήμοι),,,http://m3.spitogatos.gr/370027964_900x675.jpg?v=20130730,,,2026-09-27,2026-09-27T13:01:26Z
vourtisrealestate.gr,Vourtis Real Estate,https://vourtisrealestate.gr/el/akinito/20922136,Studio/Γκαρσονιέρα για ενοικίαση Κάτω Τούμπα (Τούμπα),rent,studio,380,40.0,10,,1,1977,thessaloniki,Θεσσαλονίκη-Ανατολικά,Θέρμη (Θεσσαλονίκη - Περιφ/κοί δήμοι),,,http://m3.spitogatos.gr/370018946_900x675.jpg?v=20130730,,,2026-09-27,2026-09-27T13:01:29Z
vourtisrealestate.gr,Vourtis Real Estate,https://vourtisrealestate.gr/el/akinito/15273698,Αγροτεμάχιο προς πώληση Νέα Ραιδεστός (Θέρμη),sale,land,1100000,900.0,1222,,1,,thessaloniki,Θέρμη,Θέρμη (Θεσσαλονίκη - Περιφ/κοί δήμοι),,,http://m1.spitogatos.gr/277652937_900x675.jpg?v=20130730,,,2026-09-27,2026-09-27T13:01:32Z
vourtisrealestate.gr,Vourtis Real Estate,https://vourtisrealestate.gr/el/akinito/20487472,Μονοκατοικία προς πώληση Οικισμός Μακεδονία (Πανόραμα),sale,house,650000,270.0,2407,,1,2004,thessaloniki,Πανόραμα,Θέρμη (Θεσσαλονίκη - Περιφ/κοί δήμοι),,,http://m3.spitogatos.gr/363245378_900x675.jpg?v=20130730,,,2026-09-27,2026-09-27T13:01:35Z
vourtisrealestate.gr,Vourtis Real Estate,https://vourtisrealestate.gr/el/akinito/20845012,Κτίριο επαγγελματικών χώρων,rent,building,3000,,,,1,1975,thessaloniki,Θέρμη,Θέρμη (Θεσσαλονίκη - Περιφ/κοί δήμοι),,,http://m1.spitogatos.gr/368824002_900x675.jpg?v=20130730,,,2026-09-27,2026-09-27T13:01:38Z
vourtisrealestate.gr,Vourtis Real Estate,https://vourtisrealestate.gr/el/akinito/20799153,Studio/Γκαρσονιέρα για ενοικίαση Μαλακοπή (Τούμπα),rent,studio,420,40.0,10,,1,,thessaloniki,Θεσσαλονίκη-Ανατολικά,Θέρμη (Θεσσαλονίκη - Περιφ/κοί δήμοι),,,http://m3.spitogatos.gr/368135981_900x675.jpg?v=20130730,,,2026-09-27,2026-09-27T13:01:41Z
vourtisrealestate.gr,Vourtis Real Estate,https://vourtisrealestate.gr/el/akinito/20798458,Οικόπεδο προς πώληση Λιόγερμα (Θέρμη),sale,land,2200000,776.0,2835,,1,,thessaloniki,Θέρμη,Θέρμη (Θεσσαλονίκη - Περιφ/κοί δήμοι),,,http://m2.spitogatos.gr/368124679_900x675.jpg?v=20130730,,,2026-09-27,2026-09-27T13:01:44Z
vourtisrealestate.gr,Vourtis Real Estate,https://vourtisrealestate.gr/el/akinito/20769693,Αγροτεμάχιο προς πώληση Συνοικισμός Παραλίμνη (Θέρμη),sale,land,220000,503.0,437,,1,,thessaloniki,Θέρμη,Θέρμη (Θεσσαλονίκη - Περιφ/κοί δήμοι),,,http://m1.spitogatos.gr/367774389_900x675.jpg?v=20130730,,,2026-09-27,2026-09-27T13:01:47Z
vourtisrealestate.gr,Vourtis Real Estate,https://vourtisrealestate.gr/el/akinito/20757719,Studio/Γκαρσονιέρα για ενοικίαση Καραμπουρνακι (Καλαμαριά),rent,studio,280,16.0,18,,1,,thessaloniki,Καλαμαριά,Θέρμη (Θεσσαλονίκη - Περιφ/κοί δήμοι),,,http://m3.spitogatos.gr/367513334_900x675.jpg?v=20130730,,,2026-09-27,2026-09-27T13:01:50Z
vourtisrealestate.gr,Vourtis Real Estate,https://vourtisrealestate.gr/el/akinito/20717654,Αγροτεμάχιο προς πώληση Νέα Ραιδεστός (Θέρμη),sale,land,115000,256.0,449,,1,,thessaloniki,Θέρμη,Θέρμη (Θεσσαλονίκη - Περιφ/κοί δήμοι),,,http://m3.spitogatos.gr/366916379_900x675.jpg?v=20130730,,,2026-09-27,2026-09-27T13:01:53Z
vourtisrealestate.gr,Vourtis Real Estate,https://vourtisrealestate.gr/el/akinito/17778006,Αγροτεμάχιο προς πώληση Ταγαράδες (Θέρμη),sale,land,180000,400.0,450,,1,,thessaloniki,Θέρμη,Θέρμη (Θεσσαλονίκη - Περιφ/κοί δήμοι),,,http://m2.spitogatos.gr/319094452_900x675.jpg?v=20130730,,,2026-09-27,2026-09-27T13:01:56Z
vourtisrealestate.gr,Vourtis Real Estate,https://vourtisrealestate.gr/el/akinito/17777895,Οικόπεδο προς πώληση Ταγαράδες (Θέρμη),sale,land,200000,380.0,526,,1,,thessaloniki,Θέρμη,Θέρμη (Θεσσαλονίκη - Περιφ/κοί δήμοι),,,http://m2.spitogatos.gr/319094179_900x675.jpg?v=20130730,,,2026-09-27,2026-09-27T13:01:59Z
vourtisrealestate.gr,Vourtis Real Estate,https://vourtisrealestate.gr/el/akinito/17385914,Οικόπεδο προς πώληση Σουρωτή (Βασιλικά),sale,land,110000,780.0,141,,1,,thessaloniki,Θέρμη,Θέρμη (Θεσσαλονίκη - Περιφ/κοί δήμοι),,,http://m3.spitogatos.gr/312366530_900x675.jpg?v=20130730,,,2026-09-27,2026-09-27T13:02:02Z
vourtisrealestate.gr,Vourtis Real Estate,https://vourtisrealestate.gr/el/akinito/16324911,Αγροτεμάχιο προς πώληση Τρίλοφο (Μίκρα),sale,land,320000,700.0,457,,1,,thessaloniki,Θέρμη,Θέρμη (Θεσσαλονίκη - Περιφ/κοί δήμοι),,,http://m1.spitogatos.gr/294498441_900x675.jpg?v=20130730,,,2026-09-27,2026-09-27T13:02:05Z
vourtisrealestate.gr,Vourtis Real Estate,https://vourtisrealestate.gr/el/akinito/19429429,Αγροτεμάχιο προς πώληση Τριάδιο (Θέρμη),sale,land,130000,500.0,260,,1,,thessaloniki,Θέρμη,Θέρμη (Θεσσαλονίκη - Περιφ/κοί δήμοι),,,http://m2.spitogatos.gr/345769015_900x675.jpg?v=20130730,,,2026-09-27,2026-09-27T13:02:08Z
vourtisrealestate.gr,Vourtis Real Estate,https://vourtisrealestate.gr/el/akinito/13630702,Αγροτεμάχιο προς πώληση Ταγαράδες (Θέρμη),sale,land,180000,,,,1,,thessaloniki,Θέρμη,Θέρμη (Θεσσαλονίκη - Περιφ/κοί δήμοι),,,http://m3.spitogatos.gr/251122853_900x675.jpg?v=20130730,,,2026-09-27,2026-09-27T13:02:11Z
vourtisrealestate.gr,Vourtis Real Estate,https://vourtisrealestate.gr/el/akinito/17385937,Αγροτεμάχιο προς πώληση Κάτω Σχολάρι (Μίκρα),sale,land,38000,500.0,76,,1,,thessaloniki,Θέρμη,Θέρμη (Θεσσαλονίκη - Περιφ/κοί δήμοι),,,http://m2.spitogatos.gr/312366697_900x675.jpg?v=20130730,,,2026-09-27,2026-09-27T13:02:14Z
vourtisrealestate.gr,Vourtis Real Estate,https://vourtisrealestate.gr/el/akinito/16831461,Αγροτεμάχιο προς πώληση Ταγαράδες (Θέρμη),sale,land,119000,850.0,140,,1,,thessaloniki,Θέρμη,Θέρμη (Θεσσαλονίκη - Περιφ/κοί δήμοι),,,http://m3.spitogatos.gr/302988233_900x675.jpg?v=20130730,,,2026-09-27,2026-09-27T13:02:17Z
vourtisrealestate.gr,Vourtis Real Estate,https://vourtisrealestate.gr/el/akinito/16503708,Αγροτεμάχιο προς πώληση Νέα Ραιδεστός (Θέρμη),sale,land,180000,750.0,240,,1,,thessaloniki,Θέρμη,Θέρμη (Θεσσαλονίκη - Περιφ/κοί δήμοι),,,http://m3.spitogatos.gr/297712490_900x675.jpg?v=20130730,,,2026-09-27,2026-09-27T13:02:20Z
vourtisrealestate.gr,Vourtis Real Estate,https://vourtisrealestate.gr/el/akinito/15287938,Αγροτεμάχιο προς πώληση Τρίλοφο (Μίκρα),sale,land,180000,200.0,900,,1,,thessaloniki,Θέρμη,Θέρμη (Θεσσαλονίκη - Περιφ/κοί δήμοι),,,http://m2.spitogatos.gr/277911703_900x675.jpg?v=20130730,,,2026-09-27,2026-09-27T13:02:23Z
vourtisrealestate.gr,Vourtis Real Estate,https://vourtisrealestate.gr/el/akinito/12969768,Άλλο είδος γης προς πώληση Μυγδονία,sale,,215000,800.0,269,,1,,thessaloniki,Θέρμη,Θέρμη (Θεσσαλονίκη - Περιφ/κοί δήμοι),,,http://m3.spitogatos.gr/240856847_900x675.jpg?v=20130730,,,2026-09-27,2026-09-27T13:02:26Z
vourtisrealestate.gr,Vourtis Real Estate,https://vourtisrealestate.gr/el/akinito/17904750,Οικόπεδο προς πώληση Τριάδιο (Θέρμη),sale,land,450000,157.0,2866,,1,,thessaloniki,Θέρμη,Θέρμη (Θεσσαλονίκη - Περιφ/κοί δήμοι),,,http://m2.spitogatos.gr/321378793_900x675.jpg?v=20130730,,,2026-09-27,2026-09-27T13:02:29Z
vourtisrealestate.gr,Vourtis Real Estate,https://vourtisrealestate.gr/el/akinito/17780606,Διαμέρισμα προς πώληση Κέντρο (Χαριλάου),sale,apartment,412500,125.0,3300,,1,2025,thessaloniki,Θεσσαλονίκη-Ανατολικά,Θέρμη (Θεσσαλονίκη - Περιφ/κοί δήμοι),,,http://m3.spitogatos.gr/319133243_900x675.jpg?v=20130730,,,2026-09-27,2026-09-27T13:02:32Z
vourtisrealestate.gr,Vourtis Real Estate,https://vourtisrealestate.gr/el/akinito/16506337,Αγροτεμάχιο προς πώληση Παλιούρι (Παλλήνη),sale,land,780000,650.0,1200,,1,,thessaloniki,Θέρμη,Θέρμη (Θεσσαλονίκη - Περιφ/κοί δήμοι),,,http://m2.spitogatos.gr/297759040_900x675.jpg?v=20130730,,,2026-09-27,2026-09-27T13:02:35Z
natiordanou.gr,ΙΟΡΔΑΝΟΥ REAL ESTATE,https://natiordanou.gr/el/akinito/20935366,Διαμέρισμα για ενοικίαση Αριστοτέλους - Ιστορικό Κέντρο (Κέντρο Θεσσαλονίκης),rent,apartment,600,30.0,20,,4,,thessaloniki,Θεσσαλονίκη-Κέντρο,Θεσσαλονίκης)  Διαμέρισμα για ενοικίαση Αριστοτέλου,,,http://m2.spitogatos.gr/370218874_900x675.jpg?v=20130730,,,2026-09-27,2026-09-27T13:01:31Z
natiordanou.gr,ΙΟΡΔΑΝΟΥ REAL ESTATE,https://natiordanou.gr/el/akinito/20934857,Διαμέρισμα προς πώληση Καμάρα - Ροτόντα (Κέντρο Θεσσαλονίκης),sale,apartment,90000,45.0,2000,,,1967,thessaloniki,Θεσσαλονίκη-Κέντρο,Θεσσαλονίκης)  Διαμέρισμα προς πώληση Καμάρα - Ροτό,,,http://m2.spitogatos.gr/370216903_900x675.jpg?v=20130730,,,2026-09-27,2026-09-27T13:01:34Z
natiordanou.gr,ΙΟΡΔΑΝΟΥ REAL ESTATE,https://natiordanou.gr/el/akinito/20699605,Διαμέρισμα για ενοικίαση Καμάρα - Ροτόντα (Κέντρο Θεσσαλονίκης),rent,apartment,500,55.0,9,,7,1968,thessaloniki,Θεσσαλονίκη-Κέντρο,Θεσσαλονίκης)  Διαμέρισμα για ενοικίαση Καμάρα - Ρο,,,http://m3.spitogatos.gr/366609707_900x675.jpg?v=20130730,,,2026-09-27,2026-09-27T13:01:36Z
natiordanou.gr,ΙΟΡΔΑΝΟΥ REAL ESTATE,https://natiordanou.gr/el/akinito/20930861,Διαμέρισμα για ενοικίαση Ρωμαϊκή Αγορά - Βενιζέλου - Ιστορικό Κέντρο (Κέντρο Θεσσαλονίκης),rent,apartment,500,45.0,11,,4,1968,thessaloniki,Θεσσαλονίκη-Κέντρο,Θεσσαλονίκης)  Διαμέρισμα για ενοικίαση Ρωμαϊκή Αγο,,,http://m3.spitogatos.gr/370150583_900x675.jpg?v=20130730,,,2026-09-27,2026-09-27T13:01:39Z
natiordanou.gr,ΙΟΡΔΑΝΟΥ REAL ESTATE,https://natiordanou.gr/el/akinito/19885402,Διαμέρισμα προς πώληση 40 Εκκλησιές (40 Εκκλησιές - Ευαγγελίστρια),sale,apartment,180000,91.0,1978,,1,1972,thessaloniki,Θεσσαλονίκη-Κέντρο,Θεσσαλονίκης ΕΓΝΑΤΙΑ με Π.Π.ΓΕΡΜΑΝΟΥ 46 γωνία ισόγε,,,http://m2.spitogatos.gr/353472355_900x675.jpg?v=20130730,,,2026-09-27,2026-09-27T13:01:42Z
natiordanou.gr,ΙΟΡΔΑΝΟΥ REAL ESTATE,https://natiordanou.gr/el/akinito/20431586,Διαμέρισμα για ενοικίαση 40 Εκκλησιές (40 Εκκλησιές - Ευαγγελίστρια),rent,apartment,600,65.0,9,,ισόγειο,2005,thessaloniki,Θεσσαλονίκη-Κέντρο,Θεσσαλονίκη 54636 Ζώνη Οικιστική ζώνη Δωμάτια 2 Όρο,,,http://m3.spitogatos.gr/362561861_900x675.jpg?v=20130730,,,2026-09-27,2026-09-27T13:01:45Z
natiordanou.gr,ΙΟΡΔΑΝΟΥ REAL ESTATE,https://natiordanou.gr/el/akinito/20858154,Διαμέρισμα για ενοικίαση Ευαγγελίστρια (40 Εκκλησιές - Ευαγγελίστρια),rent,apartment,350,28.0,13,,3,2005,thessaloniki,Θεσσαλονίκη-Κέντρο,Θεσσαλονίκη 54636 Ζώνη Οικιστική ζώνη Όροφος 3ος Έτ,,,http://m3.spitogatos.gr/369310592_900x675.jpg?v=20130730,,,2026-09-27,2026-09-27T13:01:49Z
natiordanou.gr,ΙΟΡΔΑΝΟΥ REAL ESTATE,https://natiordanou.gr/el/akinito/19535298,Διαμέρισμα για ενοικίαση Καμάρα - Ροτόντα (Κέντρο Θεσσαλονίκης),rent,apartment,400,45.0,9,,4,1968,thessaloniki,Θεσσαλονίκη-Κέντρο,Θεσσαλονίκης)  Διαμέρισμα για ενοικίαση Καμάρα - Ρο,,,http://m2.spitogatos.gr/347556973_900x675.jpg?v=20130730,,,2026-09-27,2026-09-27T13:01:52Z
natiordanou.gr,ΙΟΡΔΑΝΟΥ REAL ESTATE,https://natiordanou.gr/el/akinito/20928910,Διαμέρισμα για ενοικίαση Ρωμαϊκή Αγορά - Βενιζέλου - Ιστορικό Κέντρο (Κέντρο Θεσσαλονίκης),rent,apartment,350,35.0,10,,6,1969,thessaloniki,Θεσσαλονίκη-Κέντρο,Θεσσαλονίκης)  Διαμέρισμα για ενοικίαση Ρωμαϊκή Αγο,,,http://m3.spitogatos.gr/370121099_900x675.jpg?v=20130730,,,2026-09-27,2026-09-27T13:01:55Z
natiordanou.gr,ΙΟΡΔΑΝΟΥ REAL ESTATE,https://natiordanou.gr/el/akinito/20912463,Γραφείο για ενοικίαση Λευκός Πύργος (Κέντρο Θεσσαλονίκης),rent,office,1100,67.0,16,,5,1965,thessaloniki,Θεσσαλονίκη-Κέντρο,Θεσσαλονίκης)  Γραφείο για ενοικίαση Λευκός Πύργος,,,http://m3.spitogatos.gr/369866261_900x675.jpg?v=20130730,,,2026-09-27,2026-09-27T13:01:57Z
natiordanou.gr,ΙΟΡΔΑΝΟΥ REAL ESTATE,https://natiordanou.gr/el/akinito/20405992,Διαμέρισμα για ενοικίαση Αγία Σοφία (Κέντρο Θεσσαλονίκης),rent,apartment,1000,130.0,8,,4,1978,thessaloniki,Θεσσαλονίκη-Κέντρο,Θεσσαλονίκης)  Διαμέρισμα για ενοικίαση Αγία Σοφία,,,http://m3.spitogatos.gr/369680006_900x675.jpg?v=20130730,,,2026-09-27,2026-09-27T13:02:00Z
natiordanou.gr,ΙΟΡΔΑΝΟΥ REAL ESTATE,https://natiordanou.gr/el/akinito/20895905,Διαμέρισμα για ενοικίαση Αγία Σοφία (Κέντρο Θεσσαλονίκης),rent,apartment,400,40.0,10,,5,1968,thessaloniki,Θεσσαλονίκη-Κέντρο,Θεσσαλονίκης)  Διαμέρισμα για ενοικίαση Αγία Σοφία,,,http://m1.spitogatos.gr/369602862_900x675.jpg?v=20130730,,,2026-09-27,2026-09-27T13:02:04Z
natiordanou.gr,ΙΟΡΔΑΝΟΥ REAL ESTATE,https://natiordanou.gr/el/akinito/20367047,Διαμέρισμα προς πώληση Πλατεία Εμπορίου - Ανω Λαδάδικα - Ιστορικό Κέντρο (Κέντρο Θεσσαλονίκης),sale,apartment,290000,87.0,3333,,6,1972,thessaloniki,Θεσσαλονίκη-Κέντρο,Θεσσαλονίκης)  Διαμέρισμα προς πώληση Πλατεία Εμπορ,,,http://m3.spitogatos.gr/363363098_900x675.jpg?v=20130730,,,2026-09-27,2026-09-27T13:02:07Z
natiordanou.gr,ΙΟΡΔΑΝΟΥ REAL ESTATE,https://natiordanou.gr/el/akinito/20195884,Διαμέρισμα προς πώληση Πλατεία Ναυαρίνου (Κέντρο Θεσσαλονίκης),sale,apartment,320000,100.0,3200,,4,1965,thessaloniki,Θεσσαλονίκη-Κέντρο,Θεσσαλονίκης)  Διαμέρισμα προς πώληση Πλατεία Ναυαρ,,,http://m3.spitogatos.gr/364516142_900x675.jpg?v=20130730,,,2026-09-27,2026-09-27T13:02:10Z
natiordanou.gr,ΙΟΡΔΑΝΟΥ REAL ESTATE,https://natiordanou.gr/el/akinito/20870697,Διαμέρισμα προς πώληση ΧΑΝΘ (Κέντρο Θεσσαλονίκης),sale,apartment,115000,30.0,3833,,7,1965,thessaloniki,Θεσσαλονίκη-Κέντρο,Θεσσαλονίκης)  Διαμέρισμα προς πώληση ΧΑΝΘ (Κέντρο,,,http://m3.spitogatos.gr/369220937_900x675.jpg?v=20130730,,,2026-09-27,2026-09-27T13:02:13Z
natiordanou.gr,ΙΟΡΔΑΝΟΥ REAL ESTATE,https://natiordanou.gr/el/akinito/20819389,Διαμέρισμα προς πώληση Κέντρο (Χαριλάου),sale,apartment,265000,145.0,1828,,3,1980,thessaloniki,Θεσσαλονίκη-Ανατολικά,Χαριλάου,,,http://m1.spitogatos.gr/368427474_900x675.jpg?v=20130730,,,2026-09-27,2026-09-27T13:02:16Z
natiordanou.gr,ΙΟΡΔΑΝΟΥ REAL ESTATE,https://natiordanou.gr/el/akinito/19021744,Διαμέρισμα προς πώληση Αντιγονιδών (Κέντρο Θεσσαλονίκης),sale,apartment,163000,95.0,1716,,2,1976,thessaloniki,Θεσσαλονίκη-Κέντρο,Θεσσαλονίκης)  Διαμέρισμα προς πώληση Αντιγονιδών (,,,http://m1.spitogatos.gr/339634989_900x675.jpg?v=20130730,,,2026-09-27,2026-09-27T13:02:19Z
natiordanou.gr,ΙΟΡΔΑΝΟΥ REAL ESTATE,https://natiordanou.gr/el/akinito/20589406,Γραφείο για ενοικίαση Πλατεία Εμπορίου - Ανω Λαδάδικα - Ιστορικό Κέντρο (Κέντρο Θεσσαλονίκης),rent,office,220,40.0,6,,6,,thessaloniki,Θεσσαλονίκη-Κέντρο,Θεσσαλονίκης)  Γραφείο για ενοικίαση Πλατεία Εμπορί,,,http://m3.spitogatos.gr/364931132_900x675.jpg?v=20130730,,,2026-09-27,2026-09-27T13:02:22Z
natiordanou.gr,ΙΟΡΔΑΝΟΥ REAL ESTATE,https://natiordanou.gr/el/akinito/19228634,Κατάστημα για ενοικίαση Διοικητήριο (Κέντρο Θεσσαλονίκης),rent,store,350,35.0,10,,ισόγειο,,thessaloniki,Θεσσαλονίκη-Κέντρο,Θεσσαλονίκης)  Κατάστημα για ενοικίαση Διοικητήριο,,,http://m1.spitogatos.gr/341940513_900x675.jpg?v=20130730,,,2026-09-27,2026-09-27T13:02:24Z
natiordanou.gr,ΙΟΡΔΑΝΟΥ REAL ESTATE,https://natiordanou.gr/el/akinito/20815104,Διαμέρισμα για ενοικίαση Λευκός Πύργος (Κέντρο Θεσσαλονίκης),rent,apartment,1200,115.0,10,,1,1965,thessaloniki,Θεσσαλονίκη-Κέντρο,Θεσσαλονίκης)  Διαμέρισμα για ενοικίαση Λευκός Πύργ,,,http://m2.spitogatos.gr/368374534_900x675.jpg?v=20130730,,,2026-09-27,2026-09-27T13:02:28Z
natiordanou.gr,ΙΟΡΔΑΝΟΥ REAL ESTATE,https://natiordanou.gr/el/akinito/19479316,Διαμέρισμα προς πώληση Αγία Σοφία (Κέντρο Θεσσαλονίκης),sale,apartment,450000,95.0,4737,,4,1965,thessaloniki,Θεσσαλονίκη-Κέντρο,Θεσσαλονίκης)  Διαμέρισμα προς πώληση Αγία Σοφία (Κ,,,http://m3.spitogatos.gr/346616243_900x675.jpg?v=20130730,,,2026-09-27,2026-09-27T13:02:30Z
natiordanou.gr,ΙΟΡΔΑΝΟΥ REAL ESTATE,https://natiordanou.gr/el/akinito/20519296,Διαμέρισμα για ενοικίαση Πλατεία Ναυαρίνου (Κέντρο Θεσσαλονίκης),rent,apartment,,100.0,,,4,1969,thessaloniki,Θεσσαλονίκη-Κέντρο,Θεσσαλονίκης)  Διαμέρισμα για ενοικίαση Πλατεία Ναυ,,,http://m1.spitogatos.gr/363660597_900x675.jpg?v=20130730,,,2026-09-27,2026-09-27T13:02:34Z
natiordanou.gr,ΙΟΡΔΑΝΟΥ REAL ESTATE,https://natiordanou.gr/el/akinito/19702136,Διαμέρισμα για ενοικίαση 40 Εκκλησιές (40 Εκκλησιές - Ευαγγελίστρια),rent,apartment,1100,182.0,6,,1,2008,thessaloniki,Θεσσαλονίκη-Κέντρο,Θεσσαλονίκης ΕΓΝΑΤΙΑ με Π.Π.ΓΕΡΜΑΝΟΥ 46 γωνία ισόγε,,,http://m1.spitogatos.gr/350306652_900x675.jpg?v=20130730,,,2026-09-27,2026-09-27T13:02:37Z
natiordanou.gr,ΙΟΡΔΑΝΟΥ REAL ESTATE,https://natiordanou.gr/el/akinito/19735507,Διαμέρισμα προς πώληση Κέντρο (Χαριλάου),sale,apartment,200000,120.0,1667,,4,1983,thessaloniki,Θεσσαλονίκη-Ανατολικά,Χαριλάου,,,http://m3.spitogatos.gr/350888948_900x675.jpg?v=20130730,,,2026-09-27,2026-09-27T13:02:39Z
natiordanou.gr,ΙΟΡΔΑΝΟΥ REAL ESTATE,https://natiordanou.gr/el/akinito/19449038,Διαμέρισμα προς πώληση Αγία Σοφία (Κέντρο Θεσσαλονίκης),sale,apartment,110000,43.0,2558,,ισόγειο,1963,thessaloniki,Θεσσαλονίκη-Κέντρο,Θεσσαλονίκης)  Διαμέρισμα προς πώληση Αγία Σοφία (Κ,,,http://m2.spitogatos.gr/346113679_900x675.jpg?v=20130730,,,2026-09-27,2026-09-27T13:02:43Z
natiordanou.gr,ΙΟΡΔΑΝΟΥ REAL ESTATE,https://natiordanou.gr/el/akinito/20825730,Διαμέρισμα για ενοικίαση Πλατεία Ναυαρίνου (Κέντρο Θεσσαλονίκης),rent,apartment,670,75.0,9,,4,1971,thessaloniki,Θεσσαλονίκη-Κέντρο,Θεσσαλονίκης)  Διαμέρισμα για ενοικίαση Πλατεία Ναυ,,,http://m3.spitogatos.gr/368522912_900x675.jpg?v=20130730,,,2026-09-27,2026-09-27T13:02:46Z
natiordanou.gr,ΙΟΡΔΑΝΟΥ REAL ESTATE,https://natiordanou.gr/el/akinito/20572187,Διαμέρισμα για ενοικίαση ΔΕΘ (Κέντρο Θεσσαλονίκης),rent,apartment,640,60.0,11,,3,1975,thessaloniki,Θεσσαλονίκη-Κέντρο,Θεσσαλονίκης)  Διαμέρισμα για ενοικίαση ΔΕΘ (Κέντρο,,,http://m1.spitogatos.gr/367580916_900x675.jpg?v=20130730,,,2026-09-27,2026-09-27T13:02:49Z
natiordanou.gr,ΙΟΡΔΑΝΟΥ REAL ESTATE,https://natiordanou.gr/el/akinito/20901459,Διαμέρισμα για ενοικίαση Παπάφη - Άγιος Φανούριος (Τούμπα),rent,apartment,560,65.0,9,,2,1975,thessaloniki,Θεσσαλονίκη-Ανατολικά,Τούμπα,,,http://m3.spitogatos.gr/369700058_900x675.jpg?v=20130730,,,2026-09-27,2026-09-27T13:02:52Z
natiordanou.gr,ΙΟΡΔΑΝΟΥ REAL ESTATE,https://natiordanou.gr/el/akinito/20901123,Διαμέρισμα για ενοικίαση Ρωμαϊκή Αγορά - Βενιζέλου - Ιστορικό Κέντρο (Κέντρο Θεσσαλονίκης),rent,apartment,830,90.0,9,,5,1974,thessaloniki,Θεσσαλονίκη-Κέντρο,Θεσσαλονίκης)  Διαμέρισμα για ενοικίαση Ρωμαϊκή Αγο,,,http://m2.spitogatos.gr/369686509_900x675.jpg?v=20130730,,,2026-09-27,2026-09-27T13:02:54Z
natiordanou.gr,ΙΟΡΔΑΝΟΥ REAL ESTATE,https://natiordanou.gr/el/akinito/20538632,Διαμέρισμα για ενοικίαση Καλλιθέα - Άγιοι Θεόδωροι (Συκιές),rent,apartment,400,30.0,13,,1,,thessaloniki,Νεάπολη-Συκιές,Συκιές,,,http://m3.spitogatos.gr/364054325_900x675.jpg?v=20130730,,,2026-09-27,2026-09-27T13:02:57Z
mesitiko-pasxalidis.gr,ΜΕΣΙΤΙΚΟ ΓΡΑΦΕΙΟ ΠΑΣΧΑΛΙΔΗΣ,https://mesitiko-pasxalidis.gr/property/%ce%b1%cf%80%ce%bf%ce%b8%ce%ae%ce%ba%ce%b7-15000-%cf%84%ce%bc/,Αποθήκη 1500 τμ,rent,warehouse,5000,1500.0,3,,,,thessaloniki,Θεσσαλονίκη,Θεσσαλονίκης. σε κεντρικότατο σημείο πλησίον οδός ο,,,https://mesitiko-pasxalidis.gr/wp-content/uploads/wp-realestate-uploads/_property_featured_image/2023/05/20230530_194014.jpg,,,2026-09-27,2026-09-27T13:01:39Z
mesitiko-pasxalidis.gr,ΜΕΣΙΤΙΚΟ ΓΡΑΦΕΙΟ ΠΑΣΧΑΛΙΔΗΣ,https://mesitiko-pasxalidis.gr/property/%ce%b1%cf%80%ce%bf%ce%b8%ce%ae%ce%ba%ce%b7-300-%cf%84%ce%bc-4/,Αποθήκη 300 τμ,rent,warehouse,750,300.0,2,,,,thessaloniki,Θεσσαλονίκη,Θεσσαλονίκης. Διαθέσιμα ακίνητα Αγροτεμάχιο Αποθήκη,,,https://mesitiko-pasxalidis.gr/wp-content/uploads/wp-realestate-uploads/_property_featured_image/2023/01/20230111_101230.jpg,,,2026-09-27,2026-09-27T13:01:45Z
mesitiko-pasxalidis.gr,ΜΕΣΙΤΙΚΟ ΓΡΑΦΕΙΟ ΠΑΣΧΑΛΙΔΗΣ,https://mesitiko-pasxalidis.gr/property/%ce%b1%cf%80%ce%bf%ce%b8%ce%ae%ce%ba%ce%b7-400-%cf%84%ce%bc-3/,Αποθήκη- ψυγεία 400 τμ,rent,warehouse,5000,400.0,12,,,,thessaloniki,Θεσσαλονίκη,Θεσσαλονίκης. Διαθέσιμα ακίνητα Αγροτεμάχιο Αποθήκη,,,https://mesitiko-pasxalidis.gr/wp-content/uploads/wp-realestate-uploads/_property_featured_image/2023/03/20230310_104816.jpg,,,2026-09-27,2026-09-27T13:01:51Z
mesitiko-pasxalidis.gr,ΜΕΣΙΤΙΚΟ ΓΡΑΦΕΙΟ ΠΑΣΧΑΛΙΔΗΣ,https://mesitiko-pasxalidis.gr/property/%ce%bf%ce%b9%ce%ba%cf%8c%cf%80%ce%b5%ce%b4%ce%bf-880-%cf%84%ce%bc/,οικόπεδο 880 τμ,sale,land,110000,880.0,125,,,,thessaloniki,Θεσσαλονίκη,Θεσσαλονίκης. Διαθέσιμα ακίνητα Αγροτεμάχιο Αποθήκη,,,https://mesitiko-pasxalidis.gr/wp-content/uploads/wp-realestate-uploads/_property_featured_image/2021/04/agrotemaxio-nopic-aggelia-1.png,,,2026-09-27,2026-09-27T13:02:03Z
mesitiko-pasxalidis.gr,ΜΕΣΙΤΙΚΟ ΓΡΑΦΕΙΟ ΠΑΣΧΑΛΙΔΗΣ,https://mesitiko-pasxalidis.gr/property/%ce%b2%ce%b9%ce%bf%cf%84%ce%b5%cf%87%ce%bd%ce%b9%ce%ba%cf%8c%cf%82-%cf%87%cf%8e%cf%81%ce%bf%cf%82-630-%cf%84%ce%bc/,βιοτεχνικός χώρος 630 τμ,rent,warehouse,3000,630.0,5,,,,thessaloniki,Θεσσαλονίκη,Θεσσαλονίκης,,,https://mesitiko-pasxalidis.gr/wp-content/uploads/wp-realestate-uploads/_property_featured_image/2023/02/20230220_104732.jpg,,,2026-09-27,2026-09-27T13:02:09Z
mesitiko-pasxalidis.gr,ΜΕΣΙΤΙΚΟ ΓΡΑΦΕΙΟ ΠΑΣΧΑΛΙΔΗΣ,https://mesitiko-pasxalidis.gr/property/%ce%b1%cf%80%ce%bf%ce%b8%ce%ae%ce%ba%ce%b7-500-%cf%84%ce%bc-4/,Αποθήκη 500 τμ,rent,warehouse,1500,500.0,3,,,,thessaloniki,Θεσσαλονίκη,Θεσσαλονίκης. Διαθέσιμα ακίνητα Αγροτεμάχιο Αποθήκη,,,https://mesitiko-pasxalidis.gr/wp-content/uploads/wp-realestate-uploads/_property_featured_image/2023/01/20230126_133922.jpg,,,2026-09-27,2026-09-27T13:02:15Z
mesitiko-pasxalidis.gr,ΜΕΣΙΤΙΚΟ ΓΡΑΦΕΙΟ ΠΑΣΧΑΛΙΔΗΣ,https://mesitiko-pasxalidis.gr/property/%ce%b1%cf%80%ce%bf%ce%b8%ce%ae%ce%ba%ce%b7-300-%cf%84%ce%bc-3/,Αποθήκη 600 τμ,rent,warehouse,1500,600.0,2,,,,thessaloniki,Θεσσαλονίκη,Θεσσαλονίκης. Διαθέσιμα ακίνητα Αγροτεμάχιο Αποθήκη,,,https://mesitiko-pasxalidis.gr/wp-content/uploads/wp-realestate-uploads/_property_featured_image/2022/12/20221215_111305-1.jpg,,,2026-09-27,2026-09-27T13:02:27Z
mesitiko-pasxalidis.gr,ΜΕΣΙΤΙΚΟ ΓΡΑΦΕΙΟ ΠΑΣΧΑΛΙΔΗΣ,https://mesitiko-pasxalidis.gr/property/%ce%b1%cf%80%ce%bf%ce%b8%ce%ae%ce%ba%ce%b7-1300-%cf%84%ce%bc/,Αποθήκη 850 τμ,rent,warehouse,3000,850.0,4,,,,thessaloniki,Θεσσαλονίκη,Θεσσαλονίκης,,,https://mesitiko-pasxalidis.gr/wp-content/uploads/wp-realestate-uploads/_property_featured_image/2022/11/20221121_100829.jpg,,,2026-09-27,2026-09-27T13:02:33Z
mesitiko-pasxalidis.gr,ΜΕΣΙΤΙΚΟ ΓΡΑΦΕΙΟ ΠΑΣΧΑΛΙΔΗΣ,https://mesitiko-pasxalidis.gr/property/%ce%b3%cf%81%ce%b1%cf%86%ce%b5%ce%af%ce%b1-600-%cf%84%ce%bc-3/,γραφεία 600 τμ,rent,office,1500,600.0,2,,,,thessaloniki,Θεσσαλονίκη,Θεσσαλονίκης. Διαθέσιμα ακίνητα Αγροτεμάχιο Αποθήκη,,,https://mesitiko-pasxalidis.gr/wp-content/uploads/wp-realestate-uploads/_property_featured_image/2022/10/20221010_111013-1-e1665734604653.jpg,,,2026-09-27,2026-09-27T13:02:39Z
mesitiko-pasxalidis.gr,ΜΕΣΙΤΙΚΟ ΓΡΑΦΕΙΟ ΠΑΣΧΑΛΙΔΗΣ,https://mesitiko-pasxalidis.gr/property/%ce%ba%ce%b1%cf%84%ce%ac%cf%83%cf%84%ce%b7%ce%bc%ce%b1-206%cf%84%ce%bc/,κατάστημα 206τμ,rent,store,600,206.0,3,,,,thessaloniki,Θεσσαλονίκη,Θεσσαλονίκης,,,https://mesitiko-pasxalidis.gr/wp-content/uploads/wp-realestate-uploads/_property_featured_image/2022/10/20221020_085921.jpg,,,2026-09-27,2026-09-27T13:02:44Z
mesitiko-pasxalidis.gr,ΜΕΣΙΤΙΚΟ ΓΡΑΦΕΙΟ ΠΑΣΧΑΛΙΔΗΣ,https://mesitiko-pasxalidis.gr/property/%ce%b1%ce%b3%cf%81%ce%bf%cf%84%ce%b5%ce%bc%ce%ac%cf%87%ce%b9%ce%bf-%cf%80%cf%8c%ce%bd%cf%84%ce%bf%cf%85-9000-%cf%84%ce%bc/,Αγροτεμάχιο πόντου 9000 τμ,rent,land,1500,9000.0,0,,,,thessaloniki,Θεσσαλονίκη,Θεσσαλονίκης. Διαθέσιμα ακίνητα Αγροτεμάχιο Αποθήκη,,,https://mesitiko-pasxalidis.gr/wp-content/uploads/wp-realestate-uploads/_property_featured_image/2022/10/20221004_141946-e1665040851119.jpg,,,2026-09-27,2026-09-27T13:02:51Z
mesitiko-pasxalidis.gr,ΜΕΣΙΤΙΚΟ ΓΡΑΦΕΙΟ ΠΑΣΧΑΛΙΔΗΣ,https://mesitiko-pasxalidis.gr/property/%ce%b1%ce%b3%cf%81%ce%bf%cf%84%ce%b5%ce%bc%ce%ac%cf%87%ce%b9%ce%bf-%cf%80%cf%8c%ce%bd%cf%84%ce%bf%cf%85-12500-%cf%84%ce%bc/,Αγροτεμάχιο πόντου 12500 τμ,sale,land,360000,12500.0,29,,,,thessaloniki,Θεσσαλονίκη,Θεσσαλονίκης,,,https://mesitiko-pasxalidis.gr/wp-content/uploads/wp-realestate-uploads/_property_featured_image/2022/09/agrotemaxio-nopic-aggelia.png,,,2026-09-27,2026-09-27T13:02:56Z
mesitiko-pasxalidis.gr,ΜΕΣΙΤΙΚΟ ΓΡΑΦΕΙΟ ΠΑΣΧΑΛΙΔΗΣ,https://mesitiko-pasxalidis.gr/property/%ce%b2%ce%b9%ce%bf%ce%bc%ce%b7%cf%87%ce%b1%ce%bd%ce%b9%ce%ba%cf%8c%cf%82-%cf%87%cf%8e%cf%81%ce%bf%cf%82-850-%cf%84%ce%bc/,βιομηχανικός χώρος 850 τμ,rent,warehouse,2900,850.0,3,,,,thessaloniki,Θεσσαλονίκη,Θεσσαλονίκης,,,https://mesitiko-pasxalidis.gr/wp-content/uploads/wp-realestate-uploads/_property_featured_image/2022/10/20221004_113820-e1664958388742.jpg,,,2026-09-27,2026-09-27T13:03:03Z
liaggas-realestate.gr,Λιάγγας Παναγιώτης Κ.,https://www.liaggas-realestate.gr/el/akinito/19845892,Κατάστημα για ενοικίαση Λευκός Πύργος (Κέντρο Θεσσαλονίκης),rent,store,11000,90.0,122,,1,1949,thessaloniki,Θεσσαλονίκη-Κέντρο,Κέντρο Θεσσαλονίκης (Θεσσαλονίκη - Δήμος),,,http://m2.spitogatos.gr/352724728_900x675.jpg?v=20130730,,,2026-09-27,2026-09-27T13:01:42Z
liaggas-realestate.gr,Λιάγγας Παναγιώτης Κ.,https://www.liaggas-realestate.gr/el/akinito/14960330,Κατάστημα για ενοικίαση Αριστοτέλους - Ιστορικό Κέντρο (Κέντρο Θεσσαλονίκης),rent,store,4000,85.0,47,,1,1978,thessaloniki,Θεσσαλονίκη-Κέντρο,Κέντρο Θεσσαλονίκης (Θεσσαλονίκη - Δήμος),,,http://m3.spitogatos.gr/329617055_900x675.jpg?v=20130730,,,2026-09-27,2026-09-27T13:01:45Z
liaggas-realestate.gr,Λιάγγας Παναγιώτης Κ.,https://www.liaggas-realestate.gr/el/akinito/17447518,"(Προς Ενοικίαση) Επαγγελματικός Χώρος Κατάστημα || Κέντρο Θεσσαλονίκης / Ιστορικό Κέντρο - 329τ.μ, 11.500€",rent,store,11500,329.0,35,,1,1972,thessaloniki,Θεσσαλονίκη-Κέντρο,Κέντρο Θεσσαλονίκης (Θεσσαλονίκη - Δήμος),,,http://m2.spitogatos.gr/343700977_900x675.jpg?v=20130730,,,2026-09-27,2026-09-27T13:01:48Z
liaggas-realestate.gr,Λιάγγας Παναγιώτης Κ.,https://www.liaggas-realestate.gr/el/akinito/18260342,Κατάστημα για ενοικίαση Λευκός Πύργος (Κέντρο Θεσσαλονίκης),rent,store,3800,190.0,20,,1,1965,thessaloniki,Θεσσαλονίκη-Κέντρο,Κέντρο Θεσσαλονίκης (Θεσσαλονίκη - Δήμος),,,http://m3.spitogatos.gr/343698683_900x675.jpg?v=20130730,,,2026-09-27,2026-09-27T13:01:52Z
liaggas-realestate.gr,Λιάγγας Παναγιώτης Κ.,https://www.liaggas-realestate.gr/el/akinito/19771267,Κατάστημα για ενοικίαση Αριστοτέλους - Ιστορικό Κέντρο (Κέντρο Θεσσαλονίκης),rent,store,4000,144.0,28,,1,1998,thessaloniki,Θεσσαλονίκη-Κέντρο,Κέντρο Θεσσαλονίκης (Θεσσαλονίκη - Δήμος),,,http://m2.spitogatos.gr/351724909_900x675.jpg?v=20130730,,,2026-09-27,2026-09-27T13:01:54Z
liaggas-realestate.gr,Λιάγγας Παναγιώτης Κ.,https://www.liaggas-realestate.gr/el/akinito/16466425,(Προς Ενοικίαση) Επαγγελματικός Χώρος Κατάστημα || Κέντρο Θεσσαλονίκης,rent,store,5000,317.0,16,,1,2000,thessaloniki,Θεσσαλονίκη-Κέντρο,Κέντρο Θεσσαλονίκης (Θεσσαλονίκη - Δήμος),,,http://m1.spitogatos.gr/343701255_900x675.jpg?v=20130730,,,2026-09-27,2026-09-27T13:01:58Z
liaggas-realestate.gr,Λιάγγας Παναγιώτης Κ.,https://www.liaggas-realestate.gr/el/akinito/17117261,Κατάστημα για ενοικίαση Λευκός Πύργος (Κέντρο Θεσσαλονίκης),rent,store,2800,55.0,51,,1,1970,thessaloniki,Θεσσαλονίκη-Κέντρο,Κέντρο Θεσσαλονίκης (Θεσσαλονίκη - Δήμος),,,http://m3.spitogatos.gr/307792133_900x675.jpg?v=20130730,,,2026-09-27,2026-09-27T13:02:01Z
liaggas-realestate.gr,Λιάγγας Παναγιώτης Κ.,https://www.liaggas-realestate.gr/el/akinito/17808535,Κατάστημα για ενοικίαση Λευκός Πύργος (Κέντρο Θεσσαλονίκης),rent,store,2700,24.0,112,,1,1968,thessaloniki,Θεσσαλονίκη-Κέντρο,Κέντρο Θεσσαλονίκης (Θεσσαλονίκη - Δήμος),,,http://m2.spitogatos.gr/319644241_900x675.jpg?v=20130730,,,2026-09-27,2026-09-27T13:02:03Z
liaggas-realestate.gr,Λιάγγας Παναγιώτης Κ.,https://www.liaggas-realestate.gr/el/akinito/20606499,Κατάστημα για ενοικίαση Τριανδρία (Τριανδρία - Δόξα - Κρυονέρι),rent,store,1500,256.0,6,,1,1990,thessaloniki,Θεσσαλονίκη-Ανατολικά,Κέντρο Θεσσαλονίκης (Θεσσαλονίκη - Δήμος),,,http://m1.spitogatos.gr/365170731_900x675.jpg?v=20130730,,,2026-09-27,2026-09-27T13:02:06Z
liaggas-realestate.gr,Λιάγγας Παναγιώτης Κ.,https://www.liaggas-realestate.gr/el/akinito/20349067,Διαμέρισμα προς πώληση Πλατεία Ναυαρίνου (Κέντρο Θεσσαλονίκης),sale,apartment,350000,122.0,2869,3,1,1963,thessaloniki,Θεσσαλονίκη-Κέντρο,Κέντρο Θεσσαλονίκης (Θεσσαλονίκη - Δήμος),,,http://m2.spitogatos.gr/361189372_900x675.jpg?v=20130730,,,2026-09-27,2026-09-27T13:02:09Z
liaggas-realestate.gr,Λιάγγας Παναγιώτης Κ.,https://www.liaggas-realestate.gr/el/akinito/19740220,Διαμέρισμα προς πώληση Βότση (Καλαμαριά),sale,apartment,295000,120.0,2458,,1,1990,thessaloniki,Καλαμαριά,Κέντρο Θεσσαλονίκης (Θεσσαλονίκη - Δήμος),,,http://m2.spitogatos.gr/350976055_900x675.jpg?v=20130730,,,2026-09-27,2026-09-27T13:02:12Z
liaggas-realestate.gr,Λιάγγας Παναγιώτης Κ.,https://www.liaggas-realestate.gr/el/akinito/20086530,Κατάστημα για ενοικίαση Αγία Σοφία (Κέντρο Θεσσαλονίκης),rent,store,4000,122.0,33,,1,1972,thessaloniki,Θεσσαλονίκη-Κέντρο,Κέντρο Θεσσαλονίκης (Θεσσαλονίκη - Δήμος),,,http://m3.spitogatos.gr/356752352_900x675.jpg?v=20130730,,,2026-09-27,2026-09-27T13:02:15Z
liaggas-realestate.gr,Λιάγγας Παναγιώτης Κ.,https://www.liaggas-realestate.gr/el/akinito/16714622,(Προς Ενοικίαση) Επαγγελματικός Χώρος Κατάστημα || Κέντρο Θεσσαλονίκης / Λαδάδικα,rent,store,1800,237.0,8,,1,1968,thessaloniki,Θεσσαλονίκη-Κέντρο,Κέντρο Θεσσαλονίκης (Θεσσαλονίκη - Δήμος),,,http://m1.spitogatos.gr/310292955_900x675.jpg?v=20130730,,,2026-09-27,2026-09-27T13:02:18Z
liaggas-realestate.gr,Λιάγγας Παναγιώτης Κ.,https://www.liaggas-realestate.gr/el/akinito/16721542,(Προς Ενοικίαση) Επαγγελματικός Χώρος Κατάστημα || Κέντρο Θεσσαλονίκης,rent,store,2200,100.0,22,,1,1967,thessaloniki,Θεσσαλονίκη-Κέντρο,Κέντρο Θεσσαλονίκης (Θεσσαλονίκη - Δήμος),,,http://m1.spitogatos.gr/334226964_900x675.jpg?v=20130730,,,2026-09-27,2026-09-27T13:02:21Z
liaggas-realestate.gr,Λιάγγας Παναγιώτης Κ.,https://www.liaggas-realestate.gr/el/akinito/20212045,Διαμέρισμα προς πώληση Μαρτίου (Βούλγαρη - Ντεπώ - Μαρτίου),sale,apartment,130000,46.0,2826,1,1,1975,thessaloniki,Θεσσαλονίκη-Ανατολικά,Κέντρο Θεσσαλονίκης (Θεσσαλονίκη - Δήμος),,,http://m3.spitogatos.gr/358944221_900x675.jpg?v=20130730,,,2026-09-27,2026-09-27T13:02:24Z
liaggas-realestate.gr,Λιάγγας Παναγιώτης Κ.,https://www.liaggas-realestate.gr/el/akinito/20900206,Γραφείο για ενοικίαση Πλατεία Εμπορίου - Ανω Λαδάδικα - Ιστορικό Κέντρο (Κέντρο Θεσσαλονίκης),rent,office,950,85.0,11,,1,1990,thessaloniki,Θεσσαλονίκη-Κέντρο,Κέντρο Θεσσαλονίκης (Θεσσαλονίκη - Δήμος),,,http://m2.spitogatos.gr/369673453_900x675.jpg?v=20130730,,,2026-09-27,2026-09-27T13:02:29Z
liaggas-realestate.gr,Λιάγγας Παναγιώτης Κ.,https://www.liaggas-realestate.gr/el/akinito/20876970,Διαμέρισμα για ενοικίαση Συνοικισμός Νόμου 751 (Πανόραμα),rent,apartment,2500,130.0,19,,1,2007,thessaloniki,Πανόραμα,Κέντρο Θεσσαλονίκης (Θεσσαλονίκη - Δήμος),,,http://m2.spitogatos.gr/369309850_900x675.jpg?v=20130730,,,2026-09-27,2026-09-27T13:02:30Z
liaggas-realestate.gr,Λιάγγας Παναγιώτης Κ.,https://www.liaggas-realestate.gr/el/akinito/20851777,Διαμέρισμα για ενοικίαση Κέντρο (Θέρμη),rent,apartment,850,75.0,11,2,1,1990,thessaloniki,Θέρμη,Κέντρο Θεσσαλονίκης (Θεσσαλονίκη - Δήμος),,,http://m2.spitogatos.gr/368936266_900x675.jpg?v=20130730,,,2026-09-27,2026-09-27T13:02:33Z
liaggas-realestate.gr,Λιάγγας Παναγιώτης Κ.,https://www.liaggas-realestate.gr/el/akinito/20556277,Διαμέρισμα προς πώληση Οικισμός Μακεδονία (Πανόραμα),sale,apartment,450000,127.0,3543,3,1,2023,thessaloniki,Πανόραμα,Κέντρο Θεσσαλονίκης (Θεσσαλονίκη - Δήμος),,,http://m3.spitogatos.gr/364394261_900x675.jpg?v=20130730,,,2026-09-27,2026-09-27T13:02:37Z
liaggas-realestate.gr,Λιάγγας Παναγιώτης Κ.,https://www.liaggas-realestate.gr/el/akinito/20451222,Μεζονέτα προς πώληση Οικισμός Μακεδονία (Πανόραμα),sale,maisonette,650000,165.0,3939,,1,2023,thessaloniki,Πανόραμα,Κέντρο Θεσσαλονίκης (Θεσσαλονίκη - Δήμος),,,http://m2.spitogatos.gr/362813770_900x675.jpg?v=20130730,,,2026-09-27,2026-09-27T13:02:39Z
liaggas-realestate.gr,Λιάγγας Παναγιώτης Κ.,https://www.liaggas-realestate.gr/el/akinito/20847774,Διαμέρισμα προς πώληση Λευκός Πύργος (Κέντρο Θεσσαλονίκης),sale,apartment,500000,115.0,4348,2,1,1962,thessaloniki,Θεσσαλονίκη-Κέντρο,Κέντρο Θεσσαλονίκης (Θεσσαλονίκη - Δήμος),,,http://m1.spitogatos.gr/368875875_900x675.jpg?v=20130730,,,2026-09-27,2026-09-27T13:02:42Z
liaggas-realestate.gr,Λιάγγας Παναγιώτης Κ.,https://www.liaggas-realestate.gr/el/akinito/11450969,Μονοκατοικία προς πώληση Καραμπουρνακι (Καλαμαριά),sale,house,3000000,517.0,5803,,1,1929,thessaloniki,Καλαμαριά,Κέντρο Θεσσαλονίκης (Θεσσαλονίκη - Δήμος),,,http://m1.spitogatos.gr/217434585_900x675.jpg?v=20130730,,,2026-09-27,2026-09-27T13:02:45Z
liaggas-realestate.gr,Λιάγγας Παναγιώτης Κ.,https://www.liaggas-realestate.gr/el/akinito/11450973,Οικόπεδο προς πώληση Βαρδάρης - Δικαστήρια (Βαρδάρης - Λαχανόκηποι),sale,land,500000,500.0,1000,,1,,thessaloniki,Θεσσαλονίκη-Κέντρο,Κέντρο Θεσσαλονίκης (Θεσσαλονίκη - Δήμος),,,http://m3.spitogatos.gr/217434713_900x675.jpg?v=20130730,,,2026-09-27,2026-09-27T13:02:48Z
liaggas-realestate.gr,Λιάγγας Παναγιώτης Κ.,https://www.liaggas-realestate.gr/el/akinito/19492112,Κατάστημα για ενοικίαση Ρωμαϊκή Αγορά - Βενιζέλου - Ιστορικό Κέντρο (Κέντρο Θεσσαλονίκης),rent,store,650,11.0,59,,1,1970,thessaloniki,Θεσσαλονίκη-Κέντρο,Κέντρο Θεσσαλονίκης (Θεσσαλονίκη - Δήμος),,,http://m2.spitogatos.gr/346832791_900x675.jpg?v=20130730,,,2026-09-27,2026-09-27T13:02:51Z
liaggas-realestate.gr,Λιάγγας Παναγιώτης Κ.,https://www.liaggas-realestate.gr/el/akinito/16411708,(Προς Ενοικίαση) Επαγγελματικός Χώρος Κατάστημα || Βαρδάρης - Λαχανόκηποι /,rent,store,500,51.0,10,,1,1960,thessaloniki,Θεσσαλονίκη-Κέντρο,Κέντρο Θεσσαλονίκης (Θεσσαλονίκη - Δήμος),,,http://m1.spitogatos.gr/296137167_900x675.jpg?v=20130730,,,2026-09-27,2026-09-27T13:02:54Z
liaggas-realestate.gr,Λιάγγας Παναγιώτης Κ.,https://www.liaggas-realestate.gr/el/akinito/18783144,Μονοκατοικία προς πώληση Σανή (Κασσάνδρα),sale,house,550000,100.0,5500,3,1,1970,other,,Κέντρο Θεσσαλονίκης (Θεσσαλονίκη - Δήμος),,,http://m2.spitogatos.gr/350965360_900x675.jpg?v=20130730,,,2026-09-27,2026-09-27T13:02:57Z
liaggas-realestate.gr,Λιάγγας Παναγιώτης Κ.,https://www.liaggas-realestate.gr/el/akinito/20691962,Διαμέρισμα για ενοικίαση Αριστοτέλους - Ιστορικό Κέντρο (Κέντρο Θεσσαλονίκης),rent,apartment,800,90.0,9,,1,1939,thessaloniki,Θεσσαλονίκη-Κέντρο,Κέντρο Θεσσαλονίκης (Θεσσαλονίκη - Δήμος),,,http://m1.spitogatos.gr/366477789_900x675.jpg?v=20130730,,,2026-09-27,2026-09-27T13:03:00Z
liaggas-realestate.gr,Λιάγγας Παναγιώτης Κ.,https://www.liaggas-realestate.gr/el/akinito/19831063,Διαμέρισμα προς πώληση Άνω Τούμπα (Τούμπα),sale,apartment,300000,95.0,3158,,1,1991,thessaloniki,Θεσσαλονίκη-Ανατολικά,Κέντρο Θεσσαλονίκης (Θεσσαλονίκη - Δήμος),,,http://m2.spitogatos.gr/352475860_900x675.jpg?v=20130730,,,2026-09-27,2026-09-27T13:03:03Z
liaggas-realestate.gr,Λιάγγας Παναγιώτης Κ.,https://www.liaggas-realestate.gr/el/akinito/19804693,Κατάστημα για ενοικίαση Αγία Σοφία (Κέντρο Θεσσαλονίκης),rent,store,2800,60.0,47,,1,1972,thessaloniki,Θεσσαλονίκη-Κέντρο,Κέντρο Θεσσαλονίκης (Θεσσαλονίκη - Δήμος),,,http://m1.spitogatos.gr/352026321_900x675.jpg?v=20130730,,,2026-09-27,2026-09-27T13:03:06Z
liaggas-realestate.gr,Λιάγγας Παναγιώτης Κ.,https://www.liaggas-realestate.gr/el/akinito/20218383,Διαμέρισμα προς πώληση Νέα Παραλία (Ανάληψη - Μπότσαρη - Νέα Παραλία),sale,apartment,240000,100.0,2400,3,1,1963,thessaloniki,Θεσσαλονίκη-Ανατολικά,Κέντρο Θεσσαλονίκης (Θεσσαλονίκη - Δήμος),,,http://m2.spitogatos.gr/359070259_900x675.jpg?v=20130730,,,2026-09-27,2026-09-27T13:03:09Z
karanastasisrealestate.gr,Καραναστάσης Ιωάννης Κ.,https://www.karanastasisrealestate.gr/el/akinito/20911314,"Πωλείται Άνω Τούμπα (Κάτω από Λαμπράκη) –  Υπερπολυτελής, Ριζικά Ανακαινισμένη Γκαρσονιέρα 35τ.μ., 3ου Ορόφου, Πλήρως Επιπλωμένη & Εξοπλισμένη",sale,studio,109000,35.0,3114,,3,1970,thessaloniki,Θεσσαλονίκη-Ανατολικά,Τούμπα,,,http://m2.spitogatos.gr/369843919_900x675.jpg?v=20130730,,,2026-09-27,2026-09-27T13:01:44Z
karanastasisrealestate.gr,Καραναστάσης Ιωάννης Κ.,https://www.karanastasisrealestate.gr/el/akinito/20910780,Πωλείται  Επενδυτικό Ακίνητο:  Υπερπολυτελής Γκαρσονιέρα 52 τ.μ. στη Νέα Παραλία (Φλέμινγκ),sale,studio,160000,52.0,3077,,1,1970,thessaloniki,Θεσσαλονίκη-Ανατολικά,,,,http://m3.spitogatos.gr/369947084_900x675.jpg?v=20130730,,,2026-09-27,2026-09-27T13:01:47Z
karanastasisrealestate.gr,Καραναστάσης Ιωάννης Κ.,https://www.karanastasisrealestate.gr/el/akinito/20910588,"Πωλείται Άνω Τούμπα (Κάτω από Λαμπράκη) –  Υπερπολυτελής Γκαρσονιέρα 45τ.μ., 3ου Ορόφου, Πλήρως Επιπλωμένη & Εξοπλισμένη (Επενδυτικό)",sale,studio,145000,45.0,3222,,3,1970,thessaloniki,Θεσσαλονίκη-Ανατολικά,Τούμπα,,,http://m2.spitogatos.gr/369944989_900x675.jpg?v=20130730,,,2026-09-27,2026-09-27T13:01:51Z
karanastasisrealestate.gr,Καραναστάσης Ιωάννης Κ.,https://www.karanastasisrealestate.gr/el/akinito/20896186,"Πωλείται Επενδυτικό Διαμέρισμα 80 τ.μ. επί της Παπαναστασίου, 2 Δωμάτια, 2' από Μετρό Ευκλείδης, με Αυτόνομο Φυσικό Αέριο BAXI",sale,apartment,140000,80.0,1750,,3,1970,thessaloniki,Θεσσαλονίκη,Θεσσαλονίκης. Το ακίνητο βρίσκεται στον 3ο όροφο (χ,,,http://m1.spitogatos.gr/369607734_900x675.jpg?v=20130730,,,2026-09-27,2026-09-27T13:01:53Z
karanastasisrealestate.gr,Καραναστάσης Ιωάννης Κ.,https://www.karanastasisrealestate.gr/el/akinito/20867297,"Πωλείται: Μοναδικό Γωνιακό Ρετιρέ 87 τ.μ. με Ανεμπόδιστη Θέα – Περιοχή Ευκλείδη, Θεσσαλονίκη",sale,apartment,220000,87.0,2529,2,6,1966,thessaloniki,Θεσσαλονίκη,Θεσσαλονίκη  Πωλείται: Μοναδικό Γωνιακό Ρετιρέ 87 τ,,,http://m3.spitogatos.gr/369169832_900x675.jpg?v=20130730,,,2026-09-27,2026-09-27T13:01:56Z
karanastasisrealestate.gr,Καραναστάσης Ιωάννης Κ.,https://www.karanastasisrealestate.gr/el/akinito/20865602,"ΠΩΛΟΎΝΤΑΙ (2) ΠΛΗΡΩΣ ΑΝΑΚΑΙΝΙΣΜΕΝΕΣ ΚΑΙ ΕΞΟΠΛΙΣΜΕΝΕΣ ΓΚΑΡΣΟΝΙΕΡΕΣ 
Δ3 49τμ και Δ2 43τμ 165000 η κάθε μία",sale,studio,165000,49.0,3367,,2,1990,thessaloniki,Θεσσαλονίκη,Θεσσαλονίκης και τις βασικές οδικές αρτηρίες της πό,,,http://m1.spitogatos.gr/369144057_900x675.jpg?v=20130730,,,2026-09-27,2026-09-27T13:02:00Z
karanastasisrealestate.gr,Καραναστάσης Ιωάννης Κ.,https://www.karanastasisrealestate.gr/el/akinito/20848894,Πωλείται υπέροχη γκαρσονιέρα πρώτου ορόφου βλέπει συνδίκα  δίπλα στο μετρό.,sale,studio,120000,43.0,2791,1,1,1969,thessaloniki,Θεσσαλονίκη,Θεσσαλονίκη Βασικά Χαρακτηριστικά: Εμβαδόν: 43 τ.μ.,,,http://m2.spitogatos.gr/368896906_900x675.jpg?v=20130730,,,2026-09-27,2026-09-27T13:02:03Z
karanastasisrealestate.gr,Καραναστάσης Ιωάννης Κ.,https://www.karanastasisrealestate.gr/el/akinito/20840168,"Πωλείται Προνομιακό Διαμέρισμα 114 τ.μ. – Κηφισιά, Ανατολική Θεσσαλονίκη",sale,apartment,250000,114.0,2193,,1,1986,thessaloniki,Θεσσαλονίκη-Ανατολικά,Θεσσαλονίκη  Πωλείται Προνομιακό Διαμέρισμα 114 τ.μ,,,http://m1.spitogatos.gr/368897409_900x675.jpg?v=20130730,,,2026-09-27,2026-09-27T13:02:06Z
karanastasisrealestate.gr,Καραναστάσης Ιωάννης Κ.,https://www.karanastasisrealestate.gr/el/akinito/20814777,"Προνομιακό Διαμέρισμα (Δυάρι) προς Πώληση – Περιοχή Χαριλάου, Θεσσαλονίκη",sale,apartment,185000,78.0,2372,,1,1968,thessaloniki,Θεσσαλονίκη-Ανατολικά,Χαριλάου,,,http://m3.spitogatos.gr/368368829_900x675.jpg?v=20130730,,,2026-09-27,2026-09-27T13:02:09Z
karanastasisrealestate.gr,Καραναστάσης Ιωάννης Κ.,https://www.karanastasisrealestate.gr/el/akinito/20804843,"Πωλείται εξαιρετική, πλήρως ανακαινισμένη (2025) γκαρσονιέρα 43 τ.μ. στην Κάτω Τούμπα, σε μια από τις πιο περιζήτητες και ήσυχες γειτονιές της περιοχή",sale,studio,135000,43.0,3140,,1,1983,thessaloniki,Θεσσαλονίκη-Ανατολικά,Τούμπα,,,http://m3.spitogatos.gr/368216153_900x675.jpg?v=20130730,,,2026-09-27,2026-09-27T13:02:11Z
karanastasisrealestate.gr,Καραναστάσης Ιωάννης Κ.,https://www.karanastasisrealestate.gr/el/akinito/20750739,"Πωλείται εξαιρετικό, πλήρως ανακαινισμένο διαμέρισμα 3άρι (98 τ.μ. μικτά) στην περιζήτητη περιοχή της Αγίας Τριάδας - Φαλήρου.",sale,apartment,285000,98.0,2908,,4,1975,thessaloniki,Θεσσαλονίκη-Ανατολικά,,,,http://m2.spitogatos.gr/367401076_900x675.jpg?v=20130730,,,2026-09-27,2026-09-27T13:02:15Z
karanastasisrealestate.gr,Καραναστάσης Ιωάννης Κ.,https://www.karanastasisrealestate.gr/el/akinito/20738661,"Πωλείται εξαιρετικό, ριζικά ανακαινισμένο διαμέρισμα 3ου ορόφου σε μία από τις πιο προνομιακές και περιζήτητες περιοχές της Θεσσαλονίκης,",sale,apartment,145000,58.0,2500,,3,1970,thessaloniki,Θεσσαλονίκη,Θεσσαλονίκης,,,http://m1.spitogatos.gr/367225497_900x675.jpg?v=20130730,,,2026-09-27,2026-09-27T13:02:17Z
karanastasisrealestate.gr,Καραναστάσης Ιωάννης Κ.,https://www.karanastasisrealestate.gr/el/akinito/20659711,"ΠΩΛΕΙΤΑΙ: Άνω Τούμπα (Λοφίσκος) – Φωτεινό Διαμπερές Διαμέρισμα 92 τ.μ., 4ου Ορόφου, με Αυτόνομη Θέρμανση, Ενεργειακό Τζάκι, Θέα και Σοφίτα",sale,apartment,270000,92.0,2935,,4,2005,thessaloniki,Θεσσαλονίκη-Ανατολικά,Τούμπα,,,http://m3.spitogatos.gr/365975432_900x675.jpg?v=20130730,,,2026-09-27,2026-09-27T13:02:20Z
karanastasisrealestate.gr,Καραναστάσης Ιωάννης Κ.,https://www.karanastasisrealestate.gr/el/akinito/20525956,Πολυτελές Ρετιρέ 54τ.μ. με Θέα – Θεμιστοκλή Σοφούλη (Πλησίον Μετρό Μαρτίου),sale,apartment,165000,54.0,3056,1,5,1981,thessaloniki,Θεσσαλονίκη-Ανατολικά,,,,http://m3.spitogatos.gr/367120433_900x675.jpg?v=20130730,,,2026-09-27,2026-09-27T13:02:24Z
karanastasisrealestate.gr,Καραναστάσης Ιωάννης Κ.,https://www.karanastasisrealestate.gr/el/akinito/20311511,"Εξαιρετική Επενδυτική Ευκαιρία στην Κάτω Τούμπα Πωλείται φωτεινό και διαμπερές διαμέρισμα 73 τ.μ. στην προνομιακή περιοχή της Κάτω Τούμπας,",sale,apartment,215000,73.0,2945,,3,1993,thessaloniki,Θεσσαλονίκη-Ανατολικά,Τούμπα,,,http://m1.spitogatos.gr/360597618_900x675.jpg?v=20130730,,,2026-09-27,2026-09-27T13:02:26Z
karanastasisrealestate.gr,Καραναστάσης Ιωάννης Κ.,https://www.karanastasisrealestate.gr/el/akinito/20310830,"Μοναδική επενδυτική ευκαιρία στην καρδιά της Θεσσαλονίκης.Πωλείται εξαιρετικό διαμέρισμα 3ου ορόφου, στην αρχαία αγορά",sale,apartment,180000,70.0,2571,,3,,thessaloniki,Θεσσαλονίκη,Θεσσαλονίκης.Πωλείται εξαιρετικό διαμέρισμα 3ου ορό,,,http://m2.spitogatos.gr/360586111_900x675.jpg?v=20130730,,,2026-09-27,2026-09-27T13:02:29Z
karanastasisrealestate.gr,Καραναστάσης Ιωάννης Κ.,https://www.karanastasisrealestate.gr/el/akinito/20295308,Επενδυτική Ευκαιρία: Υπόγεια Αποθήκη 180 τ.μ. επί της Γρ. Λαμπράκη – 50.000€,sale,warehouse,50000,180.0,278,,υπόγειο,1975,thessaloniki,Θεσσαλονίκη-Ανατολικά,Τούμπα,,,http://m3.spitogatos.gr/360343691_900x675.jpg?v=20130730,,,2026-09-27,2026-09-27T13:02:33Z
karanastasisrealestate.gr,Καραναστάσης Ιωάννης Κ.,https://www.karanastasisrealestate.gr/el/akinito/20259272,Πωλείται ακίνητο με δυνατότητα αλλαγής χρήσης ώστε να γίνει  ονειρεμένο διαμέρισμα 120 τ.μ. με αποθήκη 60 τ.μ. στην Κάτω Τούμπα κ ΑΠΟΔΟΣΗ 5%,sale,apartment,140000,120.0,1167,,1,1990,thessaloniki,Θεσσαλονίκη-Ανατολικά,Τούμπα,,,http://m3.spitogatos.gr/359767298_900x675.jpg?v=20130730,,,2026-09-27,2026-09-27T13:02:35Z
karanastasisrealestate.gr,Καραναστάσης Ιωάννης Κ.,https://www.karanastasisrealestate.gr/el/akinito/20213410,"Πωλείται οικόπεδο 131τμ στο κέντρο της Πυλαίας, με συντελεστή δόμησης 0,80 και συντελεστή κάλυψης 0,60.",sale,land,120000,131.0,916,,,,thessaloniki,Πυλαία,Πυλαία,,,http://m1.spitogatos.gr/358975164_900x675.jpg?v=20130730,,,2026-09-27,2026-09-27T13:02:38Z
karanastasisrealestate.gr,Καραναστάσης Ιωάννης Κ.,https://www.karanastasisrealestate.gr/el/akinito/20153410,"Πωλείται, επί της Γρ. Λαμπράκη: Επενδυτική Ευκαιρία 67 τ.μ. – Ιδανικό για Διαχωρισμό σε 2 Γκαρσονιέρες",sale,studio,98000,67.0,1463,,2,1957,thessaloniki,Θεσσαλονίκη-Ανατολικά,Τούμπα,,,http://m1.spitogatos.gr/357789315_900x675.jpg?v=20130730,,,2026-09-27,2026-09-27T13:02:41Z
karanastasisrealestate.gr,Καραναστάσης Ιωάννης Κ.,https://www.karanastasisrealestate.gr/el/akinito/19612819,Ενοικιάζεται Κάτω Τούμπα: Επαγγελματικός Χώρος 180τ.μ. με Αυλή αποκλειστικής χρήσης 40τμ & Μεγάλες Προοπτικές,rent,store,,180.0,,,ισόγειο,1988,thessaloniki,Θεσσαλονίκη-Ανατολικά,Τούμπα,,,http://m3.spitogatos.gr/358304897_900x675.jpg?v=20130730,,,2026-09-27,2026-09-27T13:02:45Z
karanastasisrealestate.gr,Καραναστάσης Ιωάννης Κ.,https://www.karanastasisrealestate.gr/el/akinito/20123619,"Ενοικιάζεται προνομιακό επαγγελματικό ακίνητο 180 τ.μ. στην Κάτω Τούμπα (Επταλόφου 4), ιδανικό για σύγχρονο γραφειακό χώρο, εταιρική έδρα, ιατρείο",rent,store,,180.0,,,ισόγειο,1988,thessaloniki,Θεσσαλονίκη-Ανατολικά,Τούμπα,,,http://m1.spitogatos.gr/358304496_900x675.jpg?v=20130730,,,2026-09-27,2026-09-27T13:02:48Z
karanastasisrealestate.gr,Καραναστάσης Ιωάννης Κ.,https://www.karanastasisrealestate.gr/en/propertyDetails/20910780,Studio Flat for sale Ippokratio (Faliro - Ippokratio),sale,studio,,52.0,,,1,,thessaloniki,Θεσσαλονίκη-Ανατολικά,,,,http://m3.spitogatos.gr/369947084_900x675.jpg?v=20130730,,,2026-09-27,2026-09-27T13:02:51Z
karanastasisrealestate.gr,Καραναστάσης Ιωάννης Κ.,https://www.karanastasisrealestate.gr/el/akinito/19891815,"Πωλείται ΑΝΩ ΤΟΥΜΠΑ Διαμέρισμα 2 δωματίων, φωτεινό και ευχάριστο, στον 3ο όροφο προσεγμένου και ήσυχου κτιρίου με ανελκυστήρα με ΑΕΡΙΟ70τμ καθαρά",sale,apartment,159000,70.0,2271,,3,1978,thessaloniki,Θεσσαλονίκη-Ανατολικά,Τούμπα,,,http://m3.spitogatos.gr/353579300_900x675.jpg?v=20130730,,,2026-09-27,2026-09-27T13:02:56Z
karanastasisrealestate.gr,Καραναστάσης Ιωάννης Κ.,https://www.karanastasisrealestate.gr/el/akinito/18222423,"Πωλείται γκαρσονιέρα 3ου ορόφου 62τμ. Διαθέτει ενιαίο χώρο για σαλόνι και κουζίνα, 1 υπνοδωμάτιο & 1 μπάνιο.",sale,studio,220000,62.0,3548,1,3,2026,thessaloniki,Θεσσαλονίκη-Ανατολικά,Τούμπα,,,http://m1.spitogatos.gr/327289401_900x675.jpg?v=20130730,,,2026-09-27,2026-09-27T13:02:59Z
karanastasisrealestate.gr,Καραναστάσης Ιωάννης Κ.,https://www.karanastasisrealestate.gr/el/akinito/19675178,Πωλείται studio στην καρδιά των πανεπιστημίων πολυτελές με όλα τα 'έπιπλα και ηλεκτρικά,sale,studio,125000,25.0,5000,,2,,thessaloniki,Θεσσαλονίκη-Κέντρο,Θεσσαλονίκης) Ζώνη Οικιστική ζώνη Δωμάτια 1 Όροφος,,,http://m1.spitogatos.gr/349895946_900x675.jpg?v=20130730,,,2026-09-27,2026-09-27T13:03:03Z
karanastasisrealestate.gr,Καραναστάσης Ιωάννης Κ.,https://www.karanastasisrealestate.gr/el/akinito/18227863,"Πωλείται διαμέρισμα 3ου ορόφου 110τμ. Διαθέτει ενιαίο χώρο για σαλόνι και κουζίνα, 3 υπνοδωμάτια & 2 μπάνια.",sale,apartment,365000,110.0,3318,3,3,,thessaloniki,Θεσσαλονίκη-Ανατολικά,Τριανδρία,,,http://m2.spitogatos.gr/327403783_900x675.jpg?v=20130730,,,2026-09-27,2026-09-27T13:03:05Z
karanastasisrealestate.gr,Καραναστάσης Ιωάννης Κ.,https://www.karanastasisrealestate.gr/el/akinito/18355381,"Πωλείται  διαμέρισμα 70 τμ ισόγειο. Αποτελείται από 2 υπνοδωμάτια, σαλόνι, ξεχωριστή κουζίνα με αποθηκευτικό χώρο και μπάνιο. Είναι διαμπερές.",sale,apartment,185000,70.0,2643,2,ισόγειο,,thessaloniki,Θεσσαλονίκη,Θεσσαλονίκης) Ζώνη Οικιστική ζώνη Δωμάτια 2 Όροφος,,,http://m1.spitogatos.gr/329497545_900x675.jpg?v=20130730,,,2026-09-27,2026-09-27T13:03:09Z
karanastasisrealestate.gr,Καραναστάσης Ιωάννης Κ.,https://www.karanastasisrealestate.gr/el/akinito/18347963,"Κέντρο της Θεσσαλονίκης, Πωλείται επενδυτικό στούντιο 25 τμ με θέα θάλασσα, στον 6ο όροφο επταώροφης οικοδομής με ασανσέρ δίπλα στην στάση του μετρό.",sale,studio,90000,25.0,3600,,6,,thessaloniki,Θεσσαλονίκη,Θεσσαλονίκης,,,http://m2.spitogatos.gr/329377534_900x675.jpg?v=20130730,,,2026-09-27,2026-09-27T13:03:12Z
agarealestate.gr,ΑΓΑ ΕΛΠΙΔΑ,https://www.agarealestate.gr/property/2700,ΕΝΟΙΚΙΑΖΕΤΑΙ ΕΠΙΠΛΩΜΕΝΟ STUDIO 24 τ.μ. στον Άγιο Δημήτριο – ΗΜΙΩΡΟΦΟΣ | 300€ - Aga Real Estate,rent,studio,300,24.0,12,,,1965,thessaloniki,Θεσσαλονίκη,Θεσσαλονίκης,,,https://www.agarealestate.gr/images/properties/8-27002111.jpg,,,2026-09-27,2026-09-27T13:02:12Z
agarealestate.gr,ΑΓΑ ΕΛΠΙΔΑ,https://www.agarealestate.gr/property/2701,ΕΝΟΙΚΙΑΖΕΤΑΙ ΔΙΑΜΕΡΙΣΜΑ ΡΕΤΙΡΕ 100 τ.μ. ΣΤΟ ΙΣΤΟΡΙΚΟ ΚΕΝΤΡΟ – 7ος ΟΡΟΦΟΣ | 900€ - Aga Real Estate,rent,apartment,900,100.0,9,2,7,1965,thessaloniki,Θεσσαλονίκη,Θεσσαλονίκης,,,https://www.agarealestate.gr/images/properties/8-27016929.jpg,,,2026-09-27,2026-09-27T13:02:15Z
agarealestate.gr,ΑΓΑ ΕΛΠΙΔΑ,https://www.agarealestate.gr/property/2702,ΕΝΟΙΚΙΑΖΕΤΑΙ ΑΝΑΚΑΙΝΙΣΜΕΝΟ ΚΑΙ ΕΠΙΠΛΩΜΕΝΟ ΔΙΑΜΕΡΙΣΜΑ 82 τ.μ. ΣΤΟ ΝΤΕΠΩ – 1ος ΟΡΟΦΟΣ | 700€ - Aga Real Estate,rent,apartment,700,82.0,9,,1,1975,thessaloniki,Θεσσαλονίκη-Ανατολικά,Θεσσαλονίκης,,,https://www.agarealestate.gr/images/properties/8-27022299.jpg,,,2026-09-27,2026-09-27T13:02:18Z
agarealestate.gr,ΑΓΑ ΕΛΠΙΔΑ,https://www.agarealestate.gr/property/2696,ΕΝΟΙΚΙΑΖΕΤΑΙ ΑΝΑΚΑΙΝΙΣΜΕΝΟ ΔΙΑΜΕΡΙΣΜΑ 75 τ.μ. ΣΤΟ ΦΑΛΗΡΟ – ΑΓΙΑ ΤΡΙΑΔΑ | 5ος ΟΡΟΦΟΣ | 630€ - Aga Real Estate,rent,apartment,630,75.0,8,2,5,1966,thessaloniki,Θερμαϊκός,Θεσσαλονίκης,,,https://www.agarealestate.gr/images/properties/8-26961450.jpg,,,2026-09-27,2026-09-27T13:02:21Z
agarealestate.gr,ΑΓΑ ΕΛΠΙΔΑ,https://www.agarealestate.gr/property/2697,ΕΝΟΙΚΙΑΖΕΤΑΙ ΠΛΗΡΩΣ ΑΝΑΚΑΙΝΙΣΜΕΝΟ ΕΠΙΠΛΩΜΕΝΟ ΔΙΑΜΕΡΙΣΜΑ 45 τ.μ. ΣΤΟΝ ΑΓΙΟ ΔΗΜΗΤΡΙΟ – ΗΜΙΩΡΟΦΟΣ | 580€ - Aga Real Estate,rent,apartment,580,45.0,13,2,,1962,thessaloniki,Θεσσαλονίκη,Θεσσαλονίκης,,,https://www.agarealestate.gr/images/properties/8-26972664.jpg,,,2026-09-27,2026-09-27T13:02:24Z
agarealestate.gr,ΑΓΑ ΕΛΠΙΔΑ,https://www.agarealestate.gr/property/2699,ΕΝΟΙΚΙΑΖΕΤΑΙ ΑΝΑΚΑΙΝΙΣΜΕΝΟ ΚΑΙ ΕΠΙΠΛΩΜΕΝΟ ΔΙΑΜΕΡΙΣΜΑ 72 τ.μ. στην Παπάφη – 1ος ΟΡΟΦΟΣ | 620€ - Aga Real Estate,rent,apartment,620,72.0,9,2,1,1965,thessaloniki,Θεσσαλονίκη,Θεσσαλονίκης,,,https://www.agarealestate.gr/images/properties/8-26999045.jpg,,,2026-09-27,2026-09-27T13:02:27Z
agarealestate.gr,ΑΓΑ ΕΛΠΙΔΑ,https://www.agarealestate.gr/property/2695,ΕΝΟΙΚΙΑΖΕΤΑΙ ΑΝΑΚΑΙΝΙΣΜΕΝΟ ΔΙΑΜΕΡΙΣΜΑ 70 τ.μ. ΣΤΗ ΡΟΤΟΝΤΑ – 2ος ΟΡΟΦΟΣ | 530€ - Aga Real Estate,rent,apartment,530,70.0,8,2,2,1972,thessaloniki,Θεσσαλονίκη-Κέντρο,Θεσσαλονίκης,,,https://www.agarealestate.gr/images/properties/8-26958335.jpg,,,2026-09-27,2026-09-27T13:02:30Z
agarealestate.gr,ΑΓΑ ΕΛΠΙΔΑ,https://www.agarealestate.gr/property/2691,ΕΝΟΙΚΙΑΖΕΤΑΙ ΑΝΑΚΑΙΝΙΣΜΕΝΗ ΕΠΙΠΛΩΜΕΝΗ ΓΚΑΡΣΟΝΙΕΡΑ 30 τ.μ. ΣΤΗ ΡΟΤΟΝΤΑ – 2ος ΟΡΟΦΟΣ | 430€ - Aga Real Estate,rent,studio,430,30.0,14,1,2,1965,thessaloniki,Θεσσαλονίκη-Κέντρο,Θεσσαλονίκης,,,https://www.agarealestate.gr/images/properties/8-26913287.jpg,,,2026-09-27,2026-09-27T13:02:33Z
agarealestate.gr,ΑΓΑ ΕΛΠΙΔΑ,https://www.agarealestate.gr/property/2692,ΕΝΟΙΚΙΑΖΕΤΑΙ ΑΝΑΚΑΙΝΙΣΜΕΝΟ ΕΠΙΠΛΩΜΕΝΟ STUDIO 25 τ.μ. ΣΤΗΝ ΑΝΤΙΓΟΝΙΔΩΝ – ΥΠΕΡΥΨΩΜΕΝΟΣ ΗΜΙΩΡΟΦΟΣ | 400€ - Aga Real Estate,rent,studio,400,25.0,16,,1,1980,thessaloniki,Θεσσαλονίκη,Θεσσαλονίκης,,,https://www.agarealestate.gr/images/properties/8-26928201.jpg,,,2026-09-27,2026-09-27T13:02:36Z
agarealestate.gr,ΑΓΑ ΕΛΠΙΔΑ,https://www.agarealestate.gr/property/2693,ΕΝΟΙΚΙΑΖΕΤΑΙ ΠΛΗΡΩΣ ΑΝΑΚΑΙΝΙΣΜΕΝΟ ΔΙΑΜΕΡΙΣΜΑ 40 τ.μ. ΜΕ ΙΔΙΩΤΙΚΗ ΑΥΛΗ ΣΤΟ ΚΕΝΤΡΟ ΘΕΣΣΑΛΟΝΙΚΗΣ – ΗΜΙΥΠΟΓΕΙΟ | 600€ - Aga Real Estate,rent,apartment,600,40.0,15,2,ημιυπόγειο,1980,thessaloniki,Θεσσαλονίκη-Κέντρο,Θεσσαλονίκης,,,https://www.agarealestate.gr/images/properties/8-26936157.jpg,,,2026-09-27,2026-09-27T13:02:39Z
agarealestate.gr,ΑΓΑ ΕΛΠΙΔΑ,https://www.agarealestate.gr/property/2690,ΕΝΟΙΚΙΑΖΕΤΑΙ ΠΛΗΡΩΣ ΑΝΑΚΑΙΝΙΣΜΕΝΗ ΓΚΑΡΣΟΝΙΕΡΑ 45 τ.μ. ΣΤΟ ΙΣΤΟΡΙΚΟ ΚΕΝΤΡΟ – ΙΣΟΓΕΙΟ | 500€ - Aga Real Estate,rent,studio,500,45.0,11,1,ισόγειο,1965,thessaloniki,Θεσσαλονίκη,Θεσσαλονίκης,,,https://www.agarealestate.gr/images/properties/8-26901600.jpg,,,2026-09-27,2026-09-27T13:02:54Z
agarealestate.gr,ΑΓΑ ΕΛΠΙΔΑ,https://www.agarealestate.gr/property/2686,ΕΝΟΙΚΙΑΖΕΤΑΙ ΑΝΑΚΑΙΝΙΣΜΕΝΟ  ΔΙΑΜΕΡΙΣΜΑ 75 τ.μ. ΣΤΟ ΦΑΛΗΡΟ – 2ος ΟΡΟΦΟΣ | 650€ - Aga Real Estate,rent,apartment,650,75.0,9,2,2,1975,thessaloniki,Θεσσαλονίκη-Ανατολικά,Θεσσαλονίκης,,,https://www.agarealestate.gr/images/properties/8-26869539.jpg,,,2026-09-27,2026-09-27T13:02:57Z
agarealestate.gr,ΑΓΑ ΕΛΠΙΔΑ,https://www.agarealestate.gr/property/2650,ΕΝΟΙΚΙΑΖΕΤΑΙ –  ΕΠΑΓΓΕΛΜΑΤΙΚΟΣ ΧΩΡΟΣ  85 τ.μ. | Βούλγαρη – Χαριλάου | 680€ - Aga Real Estate,rent,store,680,85.0,8,,2,1977,thessaloniki,Θεσσαλονίκη-Ανατολικά,Χαριλάου,,,https://www.agarealestate.gr/images/properties/8-26504537.jpg,,,2026-09-27,2026-09-27T13:03:00Z
agarealestate.gr,ΑΓΑ ΕΛΠΙΔΑ,https://www.agarealestate.gr/property/2451,Ενοικιάζεται Ανακαινισμένος Επαγγελματικός Χώρος 51 τ.μ. – Κέντρο Θεσσαλονίκης | Μητροπόλεως - Aga Real Estate,rent,store,,51.0,,,1,1970,thessaloniki,Θεσσαλονίκη-Κέντρο,Θεσσαλονίκης,,,https://www.agarealestate.gr/images/properties/8-24515765.jpg,,,2026-09-27,2026-09-27T13:03:03Z
agarealestate.gr,ΑΓΑ ΕΛΠΙΔΑ,https://www.agarealestate.gr/property/1680,ΠΩΛΕΙΤΑΙ ΕΠΑΓΓΕΛΜΑΤΙΚΟ ΚΤΙΡΙΟ 1100ΤΜ - Aga Real Estate,sale,building,1400000,1100.0,1273,,4,2000,thessaloniki,Θεσσαλονίκη,Θεσσαλονίκη ΤΚ: 551 31 6979954070 info@agarealestat,,,https://www.agarealestate.gr/images/properties/shared_1011-128241228.jpg,,,2026-09-27,2026-09-27T13:03:06Z
agarealestate.gr,ΑΓΑ ΕΛΠΙΔΑ,https://www.agarealestate.gr/property/1192,Επαγγελματικό κτίριο Ωραιόκαστρο - Aga Real Estate,sale,building,1200000,1500.0,800,,ισόγειο,2009,thessaloniki,Ωραιόκαστρο,Ωραιόκαστρο,,,https://www.agarealestate.gr/images/properties/shared_1071-74883465.jpg,,,2026-09-27,2026-09-27T13:03:09Z
agarealestate.gr,ΑΓΑ ΕΛΠΙΔΑ,https://www.agarealestate.gr/property/1222,Αποθήκη- Εταιρεία Logistics στο Ωραιόκαστρο - Aga Real Estate,sale,warehouse,450000,6900.0,65,,ισόγειο,1985,thessaloniki,Ωραιόκαστρο,Ωραιόκαστρο,,,https://www.agarealestate.gr/images/properties/shared_1003-100328268.jpg,,,2026-09-27,2026-09-27T13:03:12Z
agarealestate.gr,ΑΓΑ ΕΛΠΙΔΑ,https://www.agarealestate.gr/property/914,Πωλείται Γραφείο  100 τ.μ. iδιωτική ταράτσα 70 τ.μ. με θέα στη θάλασσα - Aga Real Estate,sale,office,220000,100.0,2200,,8,2008,thessaloniki,Θεσσαλονίκη,Θεσσαλονίκης,,,https://www.agarealestate.gr/images/properties/6-9142123.jpg,,,2026-09-27,2026-09-27T13:03:15Z
i-house.gr,i-house,https://i-house.gr/property/1976,Οικόπεδο 500 τ.μ. - I-HOUSE OE,sale,house,40000,500.0,80,,,,thessaloniki,Θεσσαλονίκη,Θεσσαλονίκη ΤΚ: 546 44 2313253123 6945480505,,,https://i-house.gr/images/properties/SX-10162330.jpg,,,2026-09-27,2026-09-27T13:02:23Z
i-house.gr,i-house,https://i-house.gr/property/1963,Διαμέρισμα 55 τ.μ. - I-HOUSE OE,sale,apartment,90000,55.0,1636,2,2,1960,thessaloniki,Θεσσαλονίκη,Θεσσαλονίκης,,,https://i-house.gr/images/properties/S1-2151185.jpg,,,2026-09-27,2026-09-27T13:02:32Z
akinita-kosmidis.gr,A. Kosmidis & Partners,https://www.akinita-kosmidis.gr/property/552/Mezoneta-Kalamata,Μεζονέτα 145 τ.μ. - A.Kosmidis & Partners Constructions - Real Estate Group,sale,maisonette,435000,145.0,3000,4,υπόγειο,,thessaloniki,Θεσσαλονίκη,Θεσσαλονίκης) * τ.Αντιπρόεδρος της ΟΜΑΣΕ (Ομοσπονδί,,,https://www.akinita-kosmidis.gr/images/properties/15528902.jpg,,,2026-09-27,2026-09-27T13:01:55Z
akinita-kosmidis.gr,A. Kosmidis & Partners,https://www.akinita-kosmidis.gr/property/545/Gkarsoniera-Charilaou,ΕΞΑΙΡΕΤΙΚΗ ΠΛΗΡΩΣ ΑΝΑΚΑΙΝΙΣΜΕΝΗ ΚΑΙ ΕΠΙΠΛΩΜΕΝΗ (ΚΑΙ ΜΕ ΗΛΕΚΤΡ. ΣΥΣΚΕΥΕΣ) ΓΚΑΡΣΟΝΙΕΡΑ  44τμ 1ΔΣΚΜΠ - A.Kosmidis & Partners Constructions - Real Estate Group,sale,studio,110000,44.0,2500,1,1,1981,thessaloniki,Θεσσαλονίκη-Ανατολικά,Θεσσαλονίκης,,,https://www.akinita-kosmidis.gr/images/properties/15451598.jpg,,,2026-09-27,2026-09-27T13:02:01Z
akinita-kosmidis.gr,A. Kosmidis & Partners,https://www.akinita-kosmidis.gr/property/546/Gkarsoniera-Charilaou,ΕΞΑΙΡΕΤΙΚΗ ΠΛΗΡΩΣ ΑΝΑΚΑΙΝΙΣΜΕΝΗ ΚΑΙ ΕΠΙΠΛΩΜΕΝΗ (ΚΑΙ ΜΕ ΗΛΕΚΤΡ. ΣΥΣΚΕΥΕΣ) ΓΚΑΡΣΟΝΙΕΡΑ  44τμ 1ΔΣΚΜΠ - A.Kosmidis & Partners Constructions - Real Estate Group,sale,studio,115000,44.0,2614,1,1,1981,thessaloniki,Θεσσαλονίκη-Ανατολικά,Θεσσαλονίκης,,,https://www.akinita-kosmidis.gr/images/properties/15467585.jpg,,,2026-09-27,2026-09-27T13:02:04Z
akinita-kosmidis.gr,A. Kosmidis & Partners,https://www.akinita-kosmidis.gr/property/547/Gkarsoniera-Ntepo,ΕΞΑΙΡΕΤΙΚΗ ΠΛΗΡΩΣ ΑΝΑΚΑΙΝΙΣΜΕΝΗ ΓΚΑΡΣΟΝΙΕΡΑ 57τμ 1ΔΣΚΜΠ ΝΤΕΠΩ - A.Kosmidis & Partners Constructions - Real Estate Group,sale,studio,155000,57.0,2719,1,2,1975,thessaloniki,Θεσσαλονίκη-Ανατολικά,Θεσσαλονίκης,,,https://www.akinita-kosmidis.gr/images/properties/15472048.jpg,,,2026-09-27,2026-09-27T13:02:07Z
akinita-kosmidis.gr,A. Kosmidis & Partners,https://www.akinita-kosmidis.gr/property/548/Gkarsoniera-Ntepo,ΕΞΑΙΡΕΤΙΚΗ ΠΛΗΡΩΣ ΑΝΑΚΑΙΝΙΣΜΕΝΗ ΓΚΑΡΣΟΝΙΕΡΑ 57τμ 1ΔΣΚΜΠ ΝΤΕΠΩ - A.Kosmidis & Partners Constructions - Real Estate Group,sale,studio,145000,57.0,2544,1,2,1975,thessaloniki,Θεσσαλονίκη-Ανατολικά,Θεσσαλονίκης,,,https://www.akinita-kosmidis.gr/images/properties/15472048.jpg,,,2026-09-27,2026-09-27T13:02:10Z
akinita-kosmidis.gr,A. Kosmidis & Partners,https://www.akinita-kosmidis.gr/property/549/Gkarsoniera-Ntepo,ΕΞΑΙΡΕΤΙΚΗ ΠΛΗΡΩΣ ΑΝΑΚΑΙΝΙΣΜΕΝΗ ΓΚΑΡΣΟΝΙΕΡΑ 57τμ 1ΔΣΚΜΠ ΝΤΕΠΩ - A.Kosmidis & Partners Constructions - Real Estate Group,sale,studio,125000,57.0,2193,1,2,1975,thessaloniki,Θεσσαλονίκη-Ανατολικά,Θεσσαλονίκης,,,https://www.akinita-kosmidis.gr/images/properties/15472048.jpg,,,2026-09-27,2026-09-27T13:02:13Z
akinita-kosmidis.gr,A. Kosmidis & Partners,https://www.akinita-kosmidis.gr/property/543/Diamerisma-Ntepo,"ΕΞΑΙΡΕΤΙΚΟ ΔΙΑΜΠΕΡΕΣ ,ΦΩΤΕΙΝΟ, ΠΛΗΡΩΣ ΑΝΑΚΑΙΝΙΣΜΕΝΟ ΚΑΙ ΕΠΙΠΛΩΜΕΝΟ ΔΙΑΜΕΡΙΣΜΑ  120τμ 3Δ - A.Kosmidis & Partners Constructions - Real Estate Group",sale,apartment,295000,120.0,2458,3,4,1988,thessaloniki,Θεσσαλονίκη,Θεσσαλονίκης,,,https://www.akinita-kosmidis.gr/images/properties/13906829.jpg,,,2026-09-27,2026-09-27T13:02:52Z
akinita-kosmidis.gr,A. Kosmidis & Partners,https://www.akinita-kosmidis.gr/property/480/Diamerisma-Analipsi,ΕΞΑΙΡΕΤΙΚΗ ΥΠΕΡΜΟΝΤΕΡΝΑ ΠΛΗΡΩΣ ΑΝΑΚΑΙΝΙΣΜΕΝΗ ΓΚΑΡΣΟΝΙΕΡΑ (ΚΑΙ ΜΕ ΗΛΕΚΤΡΙΚΕΣ ΣΥΣΚΕΥΕΣ) - A.Kosmidis & Partners Constructions - Real Estate Group,sale,studio,130000,46.0,2826,1,2,1973,thessaloniki,Θεσσαλονίκη-Ανατολικά,Θεσσαλονίκης,,,https://www.akinita-kosmidis.gr/images/properties/14806210.jpg,,,2026-09-27,2026-09-27T13:03:04Z
akinita-kosmidis.gr,A. Kosmidis & Partners,https://www.akinita-kosmidis.gr/property/481/Diamerisma-Analipsi,ΕΞΑΙΡΕΤΙΚΟ ΥΠΕΡΜΟΝΤΕΡΝΟ ΠΛΗΡΩΣ ΑΝΑΚΑΙΝΙΣΜΕΝΟ (ΚΑΙ ΜΕ ΗΛΕΚΤΡΙΚΕΣ ΣΥΣΚΕΥΕΣ) ΔΙΑΜΕΡΙΣΜΑ  - A.Kosmidis & Partners Constructions - Real Estate Group,sale,apartment,168000,69.0,2435,2,2,1973,thessaloniki,Θεσσαλονίκη-Ανατολικά,Θεσσαλονίκης,,,https://www.akinita-kosmidis.gr/images/properties/14806210.jpg,,,2026-09-27,2026-09-27T13:03:07Z
akinita-kosmidis.gr,A. Kosmidis & Partners,https://www.akinita-kosmidis.gr/property/482/Diamerisma-Analipsi,ΕΞΑΙΡΕΤΙΚΗ ΥΠΕΡΜΟΝΤΕΡΝΑ ΠΛΗΡΩΣ ΑΝΑΚΑΙΝΙΣΜΕΝΗ ΓΚΑΡΣΟΝΙΕΡΑ (ΚΑΙ ΜΕ ΗΛΕΚΤΡΙΚΕΣ ΣΥΣΚΕΥΕΣ) - A.Kosmidis & Partners Constructions - Real Estate Group,sale,studio,105000,40.0,2625,1,2,1973,thessaloniki,Θεσσαλονίκη-Ανατολικά,Θεσσαλονίκης,,,https://www.akinita-kosmidis.gr/images/properties/14806210.jpg,,,2026-09-27,2026-09-27T13:03:10Z
politia.gr,ΠΟΛΙΤΕΙΑ ΑΚΙΝΗΤΩΝ (Νάτσης Ευλάμπιος Α.),https://politia.gr/el/property/10218,"Politia Properties Real Estate - Γραφείο, 200τ.μ., €335.000 - Βαρδάρης",sale,office,335000,200.0,1675,,1,1980,thessaloniki,Θεσσαλονίκη-Κέντρο,Θεσσαλονίκη,,,https://abroker-app.s3.eu-central-1.amazonaws.com/5/properties/26585/original/ue1Ss4EPTZ.jpg,,,2026-09-27,2026-09-27T13:01:52Z
politia.gr,ΠΟΛΙΤΕΙΑ ΑΚΙΝΗΤΩΝ (Νάτσης Ευλάμπιος Α.),https://politia.gr/el/property/10423,"Politia Properties Real Estate - Διαμέρισμα, 106τ.μ., €220.000 - Ανάληψη",sale,apartment,220000,106.0,2075,2,2,1997,thessaloniki,Θεσσαλονίκη-Ανατολικά,Θεσσαλονίκη,,,https://abroker-app.s3.eu-central-1.amazonaws.com/5/properties/98002/watermark/5rRsZUP0yE.jpg,,,2026-09-27,2026-09-27T13:01:54Z
politia.gr,ΠΟΛΙΤΕΙΑ ΑΚΙΝΗΤΩΝ (Νάτσης Ευλάμπιος Α.),https://politia.gr/el/property/71965,"Politia Properties Real Estate - Διαμέρισμα, 65τ.μ., €190.000 - Τούμπα - Κάτω Τούμπα",sale,apartment,190000,65.0,2923,2,1,1987,thessaloniki,Θεσσαλονίκη-Ανατολικά,Τούμπα,,,https://abroker-app.s3.eu-central-1.amazonaws.com/5/properties/98014/watermark/fJOpG0Bzz3.jpg,,,2026-09-27,2026-09-27T13:01:57Z
politia.gr,ΠΟΛΙΤΕΙΑ ΑΚΙΝΗΤΩΝ (Νάτσης Ευλάμπιος Α.),https://politia.gr/el/property/10344,"Politia Properties Real Estate - Στούντιο/Γκαρσονιέρα, 35τ.μ., €88.000 - Καλαμαριά - Φοίνικας",sale,studio,88000,35.0,2514,1,ισόγειο,2007,thessaloniki,Καλαμαριά,Καλαμαριά,,,https://abroker-app.s3.eu-central-1.amazonaws.com/5/properties/80338/watermark/eyf119Hc4j.jpg,,,2026-09-27,2026-09-27T13:02:00Z
politia.gr,ΠΟΛΙΤΕΙΑ ΑΚΙΝΗΤΩΝ (Νάτσης Ευλάμπιος Α.),https://politia.gr/el/property/71962,"Politia Properties Real Estate - Μονοκατοικία, 130τ.μ., €240.000 - Τούμπα - Παπάφη",sale,house,240000,130.0,1846,4,ισόγειο,1981,thessaloniki,Θεσσαλονίκη-Ανατολικά,Τούμπα,,,https://abroker-app.s3.eu-central-1.amazonaws.com/5/properties/97767/watermark/nLzQEPseTI.jpg,,,2026-09-27,2026-09-27T13:02:03Z
politia.gr,ΠΟΛΙΤΕΙΑ ΑΚΙΝΗΤΩΝ (Νάτσης Ευλάμπιος Α.),https://politia.gr/el/property/10412,"Politia Properties Real Estate - Διαμέρισμα, 64τ.μ., €60.000 - Αμπελόκηποι - Σκεπάρνη",sale,apartment,60000,64.0,938,2,1,1964,thessaloniki,Αμπελόκηποι-Μενεμένη,Αμπελόκηποι,,,https://abroker-app.s3.eu-central-1.amazonaws.com/5/properties/95806/watermark/vBetXPvZHx.jpg,,,2026-09-27,2026-09-27T13:02:07Z
politia.gr,ΠΟΛΙΤΕΙΑ ΑΚΙΝΗΤΩΝ (Νάτσης Ευλάμπιος Α.),https://politia.gr/el/property/10391,"Politia Properties Real Estate - Στούντιο/Γκαρσονιέρα, 53τ.μ., €95.000 - Σέρρες - Πυροβολικά",sale,studio,95000,53.0,1792,1,ισόγειο,1980,other,,Θεσσαλονίκη,,,https://abroker-app.s3.eu-central-1.amazonaws.com/5/properties/92018/watermark/y8iGrMzrPy.jpg,,,2026-09-27,2026-09-27T13:02:09Z
politia.gr,ΠΟΛΙΤΕΙΑ ΑΚΙΝΗΤΩΝ (Νάτσης Ευλάμπιος Α.),https://politia.gr/el/property/10400,"Politia Properties Real Estate - Διαμέρισμα, 42τ.μ., €130.000 - Τριανδρία",sale,apartment,130000,42.0,3095,1,,1980,thessaloniki,Θεσσαλονίκη-Ανατολικά,Τριανδρία,,,https://abroker-app.s3.eu-central-1.amazonaws.com/5/properties/93779/watermark/TdlP1Ayt2N.jpg,,,2026-09-27,2026-09-27T13:02:12Z
politia.gr,ΠΟΛΙΤΕΙΑ ΑΚΙΝΗΤΩΝ (Νάτσης Ευλάμπιος Α.),https://politia.gr/el/property/10330,"Politia Properties Real Estate - Συγκρότημα διαμερισμάτων, 260τ.μ., €400.000 - Εχέδωρος - Σίνδος",sale,apartment,400000,260.0,1538,7,2,2008,thessaloniki,Δέλτα,Θεσσαλονίκη,,,https://abroker-app.s3.eu-central-1.amazonaws.com/5/properties/74472/watermark/Hk6y5i1moA.jpg,,,2026-09-27,2026-09-27T13:02:15Z
politia.gr,ΠΟΛΙΤΕΙΑ ΑΚΙΝΗΤΩΝ (Νάτσης Ευλάμπιος Α.),https://politia.gr/el/property/10411,"Politia Properties Real Estate - Διαμέρισμα, 60τ.μ., €56.000 - Θεσσαλονίκη - Περιφ/κοί δήμοι - Νεάπολη",sale,apartment,56000,60.0,933,1,,1975,thessaloniki,Νεάπολη-Συκιές,Θεσσαλονίκη - Περιφ/κοί δήμοι - Νεάπολη  Politia Pr,,,https://abroker-app.s3.eu-central-1.amazonaws.com/5/properties/95804/watermark/hXoLXlFpDT.jpg,,,2026-09-27,2026-09-27T13:02:19Z
politia.gr,ΠΟΛΙΤΕΙΑ ΑΚΙΝΗΤΩΝ (Νάτσης Ευλάμπιος Α.),https://politia.gr/el/property/71969,"Politia Properties Real Estate - Στούντιο/Γκαρσονιέρα, 40τ.μ., €400 - Καλαμαριά - Κέντρο",sale,studio,,40.0,,1,ισόγειο,1998,thessaloniki,Καλαμαριά,Καλαμαριά,,,https://abroker-app.s3.eu-central-1.amazonaws.com/5/properties/98375/watermark/r849kj4Jbf.jpg,,,2026-09-27,2026-09-27T13:02:21Z
politia.gr,ΠΟΛΙΤΕΙΑ ΑΚΙΝΗΤΩΝ (Νάτσης Ευλάμπιος Α.),https://politia.gr/el/property/71968,"Politia Properties Real Estate - Στούντιο/Γκαρσονιέρα, 35τ.μ., €500 - Τούμπα - Κάτω Τούμπα",sale,studio,,35.0,,1,ισόγειο,2005,thessaloniki,Θεσσαλονίκη-Ανατολικά,Τούμπα,,,https://abroker-app.s3.eu-central-1.amazonaws.com/5/properties/98325/watermark/8lJmlbuY6k.jpg,,,2026-09-27,2026-09-27T13:02:25Z
politia.gr,ΠΟΛΙΤΕΙΑ ΑΚΙΝΗΤΩΝ (Νάτσης Ευλάμπιος Α.),https://politia.gr/el/property/71790,"Politia Properties Real Estate - Στούντιο/Γκαρσονιέρα, 30τ.μ., €350 - Μαρτίου",sale,studio,,30.0,,1,ισόγειο,1990,thessaloniki,Θεσσαλονίκη-Ανατολικά,Θεσσαλονίκη,,,https://abroker-app.s3.eu-central-1.amazonaws.com/5/properties/87584/watermark/NygAvSgxAG.jpg,,,2026-09-27,2026-09-27T13:02:27Z
politia.gr,ΠΟΛΙΤΕΙΑ ΑΚΙΝΗΤΩΝ (Νάτσης Ευλάμπιος Α.),https://politia.gr/el/property/71955,"Politia Properties Real Estate - Στούντιο/Γκαρσονιέρα, 40τ.μ., €400 - Φάληρο - Ιπποκράτειο - Αγία Τριάδα",sale,studio,,40.0,,1,6,1982,thessaloniki,Θερμαϊκός,Θεσσαλονίκης. Βρίσκεται κοντά σε στάση λεωφορείου,,,https://abroker-app.s3.eu-central-1.amazonaws.com/5/properties/96978/watermark/LXCQN4Mi5a.jpg,,,2026-09-27,2026-09-27T13:02:31Z
politia.gr,ΠΟΛΙΤΕΙΑ ΑΚΙΝΗΤΩΝ (Νάτσης Ευλάμπιος Α.),https://politia.gr/el/property/71967,"Politia Properties Real Estate - Στούντιο/Γκαρσονιέρα, 35τ.μ., €500 - Τούμπα - Κάτω Τούμπα",sale,studio,,35.0,,1,ισόγειο,2005,thessaloniki,Θεσσαλονίκη-Ανατολικά,Τούμπα,,,https://abroker-app.s3.eu-central-1.amazonaws.com/5/properties/98092/watermark/BrLai78qGW.jpg,,,2026-09-27,2026-09-27T13:02:33Z
politia.gr,ΠΟΛΙΤΕΙΑ ΑΚΙΝΗΤΩΝ (Νάτσης Ευλάμπιος Α.),https://politia.gr/el/property/10425,"Politia Properties Real Estate - Στούντιο/Γκαρσονιέρα, 50τ.μ., €120.000 - Τούμπα - Παπάφη",sale,studio,120000,50.0,2400,1,,1991,thessaloniki,Θεσσαλονίκη-Ανατολικά,Τούμπα,,,https://abroker-app.s3.eu-central-1.amazonaws.com/5/properties/98102/watermark/7dqEiz9z7U.jpg,,,2026-09-27,2026-09-27T13:02:36Z
politia.gr,ΠΟΛΙΤΕΙΑ ΑΚΙΝΗΤΩΝ (Νάτσης Ευλάμπιος Α.),https://politia.gr/el/property/10424,"Politia Properties Real Estate - Στούντιο/Γκαρσονιέρα, 25τ.μ., €32.000 - Σέρρες",sale,studio,32000,25.0,1280,1,1,1999,other,,Θεσσαλονίκη,,,https://abroker-app.s3.eu-central-1.amazonaws.com/5/properties/98034/watermark/eEBPJVyM11.jpg,,,2026-09-27,2026-09-27T13:02:39Z
politia.gr,ΠΟΛΙΤΕΙΑ ΑΚΙΝΗΤΩΝ (Νάτσης Ευλάμπιος Α.),https://politia.gr/el/property/10421,"Politia Properties Real Estate - Στούντιο/Γκαρσονιέρα, 25τ.μ., €200 - Σέρρες",sale,studio,,25.0,,1,1,1999,other,,Θεσσαλονίκη,,,https://abroker-app.s3.eu-central-1.amazonaws.com/5/properties/97607/watermark/8G09oOcMpL.jpg,,,2026-09-27,2026-09-27T13:02:42Z
politia.gr,ΠΟΛΙΤΕΙΑ ΑΚΙΝΗΤΩΝ (Νάτσης Ευλάμπιος Α.),https://politia.gr/el/property/10345,"Politia Properties Real Estate - Στούντιο/Γκαρσονιέρα, 32τ.μ., €86.000 - Καλαμαριά - Αρετσού",sale,studio,86000,32.0,2688,1,ισόγειο,2001,thessaloniki,Καλαμαριά,Καλαμαριά,,,https://abroker-app.s3.eu-central-1.amazonaws.com/5/properties/80342/watermark/RhiG5PBHoU.jpg,,,2026-09-27,2026-09-27T13:02:45Z
politia.gr,ΠΟΛΙΤΕΙΑ ΑΚΙΝΗΤΩΝ (Νάτσης Ευλάμπιος Α.),https://politia.gr/el/property/71923,"Politia Properties Real Estate - Διαμέρισμα, 75τ.μ., €750 - Τούμπα - Παπάφη",sale,apartment,,75.0,,2,6,2007,thessaloniki,Θεσσαλονίκη-Ανατολικά,Τούμπα,,,https://abroker-app.s3.eu-central-1.amazonaws.com/5/properties/94643/watermark/dnhcRo9zVf.jpg,,,2026-09-27,2026-09-27T13:02:48Z
politia.gr,ΠΟΛΙΤΕΙΑ ΑΚΙΝΗΤΩΝ (Νάτσης Ευλάμπιος Α.),https://politia.gr/el/property/10417,"Politia Properties Real Estate - Αγροτεμάχιο, 2.900τ.μ., €7.500 - Μυγδονία - Λητή",sale,land,7500,900.0,8,,,,thessaloniki,Θεσσαλονίκη,Θεσσαλονίκη,,,,,,2026-09-27,2026-09-27T13:02:51Z
politia.gr,ΠΟΛΙΤΕΙΑ ΑΚΙΝΗΤΩΝ (Νάτσης Ευλάμπιος Α.),https://politia.gr/el/property/10418,"Politia Properties Real Estate - Αγροτεμάχιο, 3.435τ.μ., €9.000 - Μυγδονία - Λητή",sale,land,9000,435.0,21,,,,thessaloniki,Θεσσαλονίκη,Θεσσαλονίκη,,,https://abroker-app.s3.eu-central-1.amazonaws.com/5/properties/97363/watermark/whNvNnOX7m.jpg,,,2026-09-27,2026-09-27T13:02:54Z
politia.gr,ΠΟΛΙΤΕΙΑ ΑΚΙΝΗΤΩΝ (Νάτσης Ευλάμπιος Α.),https://politia.gr/el/property/10419,"Politia Properties Real Estate - Αγροτεμάχιο, 5.500τ.μ., €8.250 - Μέγας Αλέξανδρος - Καρυώτισσα",sale,land,8250,500.0,16,,,,thessaloniki,Θεσσαλονίκη,Θεσσαλονίκη,,,,,,2026-09-27,2026-09-27T13:02:57Z
politia.gr,ΠΟΛΙΤΕΙΑ ΑΚΙΝΗΤΩΝ (Νάτσης Ευλάμπιος Α.),https://politia.gr/el/property/71956,"Politia Properties Real Estate - Γραφείο, 40τ.μ., €400 - Φάληρο - Ιπποκράτειο - Αγία Τριάδα",sale,office,,40.0,,,6,1982,thessaloniki,Θερμαϊκός,Θεσσαλονίκης. Βρίσκεται κοντά σε στάση λεωφορείου,,,https://abroker-app.s3.eu-central-1.amazonaws.com/5/properties/96980/watermark/CU4fA6RDF7.jpg,,,2026-09-27,2026-09-27T13:03:00Z
politia.gr,ΠΟΛΙΤΕΙΑ ΑΚΙΝΗΤΩΝ (Νάτσης Ευλάμπιος Α.),https://politia.gr/el/property/10368,"Politia Properties Real Estate - Αγροτεμάχιο, 2.900τ.μ., €10.000 - Μυγδονία - Λητή",sale,land,10000,900.0,11,,,,thessaloniki,Θεσσαλονίκη,Θεσσαλονίκη,,,,,,2026-09-27,2026-09-27T13:03:03Z
politia.gr,ΠΟΛΙΤΕΙΑ ΑΚΙΝΗΤΩΝ (Νάτσης Ευλάμπιος Α.),https://politia.gr/el/property/10378,"Politia Properties Real Estate - Αγροτεμάχιο, 3.435τ.μ., €12.000 - Μυγδονία - Λητή",sale,land,12000,435.0,28,,,,thessaloniki,Θεσσαλονίκη,Θεσσαλονίκη,,,https://abroker-app.s3.eu-central-1.amazonaws.com/5/properties/88790/watermark/DV6iqUebyM.jpg,,,2026-09-27,2026-09-27T13:03:07Z
politia.gr,ΠΟΛΙΤΕΙΑ ΑΚΙΝΗΤΩΝ (Νάτσης Ευλάμπιος Α.),https://politia.gr/el/property/10380,"Politia Properties Real Estate - Αγροτεμάχιο, 5.500τ.μ., €11.000 - Μέγας Αλέξανδρος - Καρυώτισσα",sale,land,11000,500.0,22,,,,thessaloniki,Θεσσαλονίκη,Θεσσαλονίκη,,,,,,2026-09-27,2026-09-27T13:03:09Z
politia.gr,ΠΟΛΙΤΕΙΑ ΑΚΙΝΗΤΩΝ (Νάτσης Ευλάμπιος Α.),https://politia.gr/el/property/71945,"Politia Properties Real Estate - Στούντιο/Γκαρσονιέρα, 40τ.μ., €450 - Τριανδρία",sale,studio,,40.0,,1,1,2000,thessaloniki,Θεσσαλονίκη-Ανατολικά,Τριανδρία,,,https://abroker-app.s3.eu-central-1.amazonaws.com/5/properties/96393/watermark/QjRggkgcsM.jpg,,,2026-09-27,2026-09-27T13:03:12Z
politia.gr,ΠΟΛΙΤΕΙΑ ΑΚΙΝΗΤΩΝ (Νάτσης Ευλάμπιος Α.),https://politia.gr/el/property/10326,"Politia Properties Real Estate - Διαμέρισμα, 202τ.μ., €500.000 - Θεσσαλονίκη - Περιφ/κοί δήμοι - Πυλαία",sale,apartment,500000,202.0,2475,3,2,2003,thessaloniki,Πυλαία,Θεσσαλονίκη - Περιφ/κοί δήμοι - Πυλαία  Politia Pro,,,https://abroker-app.s3.eu-central-1.amazonaws.com/5/properties/72938/original/qu4VZjZxcx.jpg,,,2026-09-27,2026-09-27T13:03:16Z
politia.gr,ΠΟΛΙΤΕΙΑ ΑΚΙΝΗΤΩΝ (Νάτσης Ευλάμπιος Α.),https://politia.gr/el/property/10331,"Politia Properties Real Estate - Διαμέρισμα, 90τ.μ., €130.000 - Εχέδωρος - Σίνδος",sale,apartment,130000,90.0,1444,2,3,2005,thessaloniki,Δέλτα,Θεσσαλονίκη,,,https://abroker-app.s3.eu-central-1.amazonaws.com/5/properties/74476/watermark/WiUq1WO69J.jpg,,,2026-09-27,2026-09-27T13:03:19Z
chatzikos.gr,Χατζίκος Μεσιτικό,https://chatzikos.gr/el/akinito/20898992,Μεζονέτα 180τ.μ. προς πώληση,sale,maisonette,120000,180.0,667,,1,2010,thessaloniki,Θεσσαλονίκη,Μυγδονία (Θεσσαλονίκη - Περιφ/κοί δήμοι),,,http://m1.spitogatos.gr/369655425_900x675.jpg?v=20130730,,,2026-09-27,2026-09-27T13:01:54Z
chatzikos.gr,Χατζίκος Μεσιτικό,https://chatzikos.gr/el/akinito/20883201,Αγροτεμάχιο 8000τ.μ. προς πώληση,sale,land,50000,8000.0,6,,1,,thessaloniki,Θεσσαλονίκη,Μυγδονία (Θεσσαλονίκη - Περιφ/κοί δήμοι),,,http://m1.spitogatos.gr/369406407_900x675.jpg?v=20130730,,,2026-09-27,2026-09-27T13:01:57Z
chatzikos.gr,Χατζίκος Μεσιτικό,https://chatzikos.gr/el/akinito/20876279,Αγροτεμάχιο 4199τ.μ. προς πώληση,sale,land,60000,4199.0,14,,1,,thessaloniki,Θεσσαλονίκη,Μυγδονία (Θεσσαλονίκη - Περιφ/κοί δήμοι),,,http://m3.spitogatos.gr/369345005_900x675.jpg?v=20130730,,,2026-09-27,2026-09-27T13:02:00Z
chatzikos.gr,Χατζίκος Μεσιτικό,https://chatzikos.gr/el/akinito/20875854,Αγροτεμάχιο 1486τ.μ. προς πώληση,sale,land,15000,1486.0,10,,1,,thessaloniki,Θεσσαλονίκη,Μυγδονία (Θεσσαλονίκη - Περιφ/κοί δήμοι),,,http://m1.spitogatos.gr/369345987_900x675.jpg?v=20130730,,,2026-09-27,2026-09-27T13:02:03Z
chatzikos.gr,Χατζίκος Μεσιτικό,https://chatzikos.gr/el/akinito/20875257,Αγροτεμάχιο 4552 τ.μ. προς πώληση,sale,land,70000,4552.0,15,,1,,thessaloniki,Θεσσαλονίκη,Μυγδονία (Θεσσαλονίκη - Περιφ/κοί δήμοι),,,http://m2.spitogatos.gr/369346441_900x675.jpg?v=20130730,,,2026-09-27,2026-09-27T13:02:06Z
chatzikos.gr,Χατζίκος Μεσιτικό,https://chatzikos.gr/el/akinito/20874808,Διπλοκατοικία 250τ.μ. με κήπο 3500τ.μ. προς πώληση,sale,house,450000,250.0,1800,,1,2000,thessaloniki,Θεσσαλονίκη,Μυγδονία (Θεσσαλονίκη - Περιφ/κοί δήμοι),,,http://m1.spitogatos.gr/369283431_900x675.jpg?v=20130730,,,2026-09-27,2026-09-27T13:02:09Z
chatzikos.gr,Χατζίκος Μεσιτικό,https://chatzikos.gr/el/akinito/20874618,Οικόπεδο 92τ.μ. προς πώληση,sale,land,30000,92.0,326,,1,,thessaloniki,Θεσσαλονίκη,Μυγδονία (Θεσσαλονίκη - Περιφ/κοί δήμοι),,,http://m1.spitogatos.gr/369347334_900x675.jpg?v=20130730,,,2026-09-27,2026-09-27T13:02:12Z
chatzikos.gr,Χατζίκος Μεσιτικό,https://chatzikos.gr/el/akinito/20873959,Οικόπεδο 523τ.μ. προς πώληση,sale,land,55000,523.0,105,,1,,thessaloniki,Θεσσαλονίκη,Μυγδονία (Θεσσαλονίκη - Περιφ/κοί δήμοι),,,http://m3.spitogatos.gr/369348071_900x675.jpg?v=20130730,,,2026-09-27,2026-09-27T13:02:15Z
chatzikos.gr,Χατζίκος Μεσιτικό,https://chatzikos.gr/el/akinito/20870122,Μεζονέτα 181τ.μ. με κήπο 50τ.μ. προς πώληση,sale,maisonette,200000,181.0,1105,,1,2005,thessaloniki,Θεσσαλονίκη,Μυγδονία (Θεσσαλονίκη - Περιφ/κοί δήμοι),,,http://m1.spitogatos.gr/369215223_900x675.jpg?v=20130730,,,2026-09-27,2026-09-27T13:02:18Z
chatzikos.gr,Χατζίκος Μεσιτικό,https://chatzikos.gr/el/akinito/16518066,Οικόπεδο προς πώληση Μελισσοχώρι (Μυγδονία),sale,land,50000,554.0,90,,1,,thessaloniki,Θεσσαλονίκη,Μυγδονία (Θεσσαλονίκη - Περιφ/κοί δήμοι),,,http://m1.spitogatos.gr/297939630_900x675.jpg?v=20130730,,,2026-09-27,2026-09-27T13:02:21Z
chatzikos.gr,Χατζίκος Μεσιτικό,https://chatzikos.gr/el/akinito/16519068,"1221490 - Αγροτεμάχιο Προς Πώληση, Μυγδονία, 1.448 τ.μ., €15.000",sale,land,15000,448.0,33,,1,,thessaloniki,Θεσσαλονίκη,Μυγδονία (Θεσσαλονίκη - Περιφ/κοί δήμοι),,,http://m1.spitogatos.gr/297956553_900x675.jpg?v=20130730,,,2026-09-27,2026-09-27T13:02:24Z
chatzikos.gr,Χατζίκος Μεσιτικό,https://chatzikos.gr/el/akinito/16519183,"1221455 - Αγροτεμάχιο Προς Πώληση, Μυγδονία, 18.900 τ.μ., €100.000",sale,land,100000,900.0,111,,1,,thessaloniki,Θεσσαλονίκη,Μυγδονία (Θεσσαλονίκη - Περιφ/κοί δήμοι),,,http://m2.spitogatos.gr/297958597_900x675.jpg?v=20130730,,,2026-09-27,2026-09-27T13:02:26Z
chatzikos.gr,Χατζίκος Μεσιτικό,https://chatzikos.gr/el/akinito/16518339,Αγροτεμάχιο προς πώληση Δρυμός (Μυγδονία),sale,land,49000,5011.0,10,,1,,thessaloniki,Θεσσαλονίκη,Μυγδονία (Θεσσαλονίκη - Περιφ/κοί δήμοι),,,http://m2.spitogatos.gr/297943867_900x675.jpg?v=20130730,,,2026-09-27,2026-09-27T13:02:30Z
chatzikos.gr,Χατζίκος Μεσιτικό,https://chatzikos.gr/el/akinito/16518299,"1221407 - Οικόπεδο Προς Πώληση, Μυγδονία, 500 τ.μ., €80.000",sale,land,80000,500.0,160,,1,,thessaloniki,Θεσσαλονίκη,Μυγδονία (Θεσσαλονίκη - Περιφ/κοί δήμοι),,,http://m3.spitogatos.gr/318174518_900x675.jpg?v=20130730,,,2026-09-27,2026-09-27T13:02:33Z
chatzikos.gr,Χατζίκος Μεσιτικό,https://chatzikos.gr/el/akinito/19524578,Αγροτεμάχιο προς πώληση,sale,land,105000,14100.0,7,,1,,thessaloniki,Θεσσαλονίκη,Μυγδονία (Θεσσαλονίκη - Περιφ/κοί δήμοι),,,http://m3.spitogatos.gr/347390333_900x675.jpg?v=20130730,,,2026-09-27,2026-09-27T13:02:36Z
chatzikos.gr,Χατζίκος Μεσιτικό,https://chatzikos.gr/el/akinito/16518304,Οικόπεδο προς πώληση Μελισσοχώρι (Μυγδονία),sale,land,36000,320.0,112,,1,,thessaloniki,Θεσσαλονίκη,Μυγδονία (Θεσσαλονίκη - Περιφ/κοί δήμοι),,,http://m1.spitogatos.gr/297943296_900x675.jpg?v=20130730,,,2026-09-27,2026-09-27T13:02:39Z
chatzikos.gr,Χατζίκος Μεσιτικό,https://chatzikos.gr/el/akinito/16518570,"1221659 - Οικόπεδο Προς Πώληση, Μυγδονία, 480,28 τ.μ., €50.000",sale,land,50000,480.3,104,,1,,thessaloniki,Θεσσαλονίκη,Μυγδονία (Θεσσαλονίκη - Περιφ/κοί δήμοι),,,http://m3.spitogatos.gr/297948266_900x675.jpg?v=20130730,,,2026-09-27,2026-09-27T13:02:42Z
chatzikos.gr,Χατζίκος Μεσιτικό,https://chatzikos.gr/el/akinito/16519576,Αγροτεμάχιο προς πώληση Μελισσοχώρι (Μυγδονία),sale,land,15000,300.0,50,,1,,thessaloniki,Θεσσαλονίκη,Μυγδονία (Θεσσαλονίκη - Περιφ/κοί δήμοι),,,http://m2.spitogatos.gr/297965713_900x675.jpg?v=20130730,,,2026-09-27,2026-09-27T13:02:45Z
chatzikos.gr,Χατζίκος Μεσιτικό,https://chatzikos.gr/el/akinito/16518627,"1221638 - Οικόπεδο Προς Πώληση, Καλλιθέα, 530 τ.μ., €25.000",sale,land,25000,530.0,47,,1,,thessaloniki,Θεσσαλονίκη,Μυγδονία (Θεσσαλονίκη - Περιφ/κοί δήμοι),,,http://m2.spitogatos.gr/297949465_900x675.jpg?v=20130730,,,2026-09-27,2026-09-27T13:02:47Z
chatzikos.gr,Χατζίκος Μεσιτικό,https://chatzikos.gr/el/akinito/16519189,"1221453 - Αγροτεμάχιο Προς Πώληση, Μυγδονία, 15.800 τ.μ., €150.000",sale,land,150000,800.0,188,,1,,thessaloniki,Θεσσαλονίκη,Μυγδονία (Θεσσαλονίκη - Περιφ/κοί δήμοι),,,http://m1.spitogatos.gr/297958740_900x675.jpg?v=20130730,,,2026-09-27,2026-09-27T13:02:51Z
chatzikos.gr,Χατζίκος Μεσιτικό,https://chatzikos.gr/el/akinito/16519313,Αγροτεμάχιο προς πώληση Μελισσοχώρι (Μυγδονία),sale,land,62000,5400.0,11,,1,,thessaloniki,Θεσσαλονίκη,Μυγδονία (Θεσσαλονίκη - Περιφ/κοί δήμοι),,,http://m3.spitogatos.gr/297961481_900x675.jpg?v=20130730,,,2026-09-27,2026-09-27T13:02:54Z
chatzikos.gr,Χατζίκος Μεσιτικό,https://chatzikos.gr/el/akinito/16518292,"1221410 - Μονοκατοικία Προς Πώληση, Μυγδονία, 187 τ.μ., €300.000",sale,house,300000,187.0,1604,,1,2000,thessaloniki,Θεσσαλονίκη,Μυγδονία (Θεσσαλονίκη - Περιφ/κοί δήμοι),,,http://m3.spitogatos.gr/297943148_900x675.jpg?v=20130730,,,2026-09-27,2026-09-27T13:03:00Z
chatzikos.gr,Χατζίκος Μεσιτικό,https://chatzikos.gr/el/akinito/16519554,Αγροτεμάχιο προς πώληση Μελισσοχώρι (Μυγδονία),sale,land,20000,2410.0,8,,1,,thessaloniki,Θεσσαλονίκη,Μυγδονία (Θεσσαλονίκη - Περιφ/κοί δήμοι),,,http://m2.spitogatos.gr/297965413_900x675.jpg?v=20130730,,,2026-09-27,2026-09-27T13:03:03Z
chatzikos.gr,Χατζίκος Μεσιτικό,https://chatzikos.gr/el/akinito/16519560,"1221562 - Βιοτεχνικός Χώρος Προς Πώληση, Μυγδονία, 1.000 τ.μ., €200.000",sale,warehouse,200000,,,,1,1990,thessaloniki,Θεσσαλονίκη,Μυγδονία (Θεσσαλονίκη - Περιφ/κοί δήμοι),,,http://m3.spitogatos.gr/297965450_900x675.jpg?v=20130730,,,2026-09-27,2026-09-27T13:03:06Z
chatzikos.gr,Χατζίκος Μεσιτικό,https://chatzikos.gr/el/akinito/18857280,Οικόπεδο προς πώληση Μελισσοχώρι (Μυγδονία),sale,land,65000,1250.0,52,,1,,thessaloniki,Θεσσαλονίκη,Μυγδονία (Θεσσαλονίκη - Περιφ/κοί δήμοι),,,http://m1.spitogatos.gr/337917099_900x675.jpg?v=20130730,,,2026-09-27,2026-09-27T13:03:09Z
chatzikos.gr,Χατζίκος Μεσιτικό,https://chatzikos.gr/el/akinito/16519226,"1221443 - Αγροτεμάχιο Προς Πώληση, Μυγδονία, 10.400 τ.μ., €110.000",sale,land,110000,400.0,275,,1,,thessaloniki,Θεσσαλονίκη,Μυγδονία (Θεσσαλονίκη - Περιφ/κοί δήμοι),,,http://m3.spitogatos.gr/297959558_900x675.jpg?v=20130730,,,2026-09-27,2026-09-27T13:03:12Z
chatzikos.gr,Χατζίκος Μεσιτικό,https://chatzikos.gr/el/akinito/16519071,"1221489 - Αγροτεμάχιο Προς Πώληση, Μυγδονία, 2.100 τ.μ., €60.000",sale,land,60000,100.0,600,,1,,thessaloniki,Θεσσαλονίκη,Μυγδονία (Θεσσαλονίκη - Περιφ/κοί δήμοι),,,http://m2.spitogatos.gr/297956581_900x675.jpg?v=20130730,,,2026-09-27,2026-09-27T13:03:15Z
chatzikos.gr,Χατζίκος Μεσιτικό,https://chatzikos.gr/el/akinito/16519511,Αγροτεμάχιο προς πώληση Μελισσοχώρι (Μυγδονία),sale,land,30000,950.0,32,,1,,thessaloniki,Θεσσαλονίκη,Μυγδονία (Θεσσαλονίκη - Περιφ/κοί δήμοι),,,http://m3.spitogatos.gr/297964928_900x675.jpg?v=20130730,,,2026-09-27,2026-09-27T13:03:18Z
aki-nito.gr,Τσιργιώτης Θεόδωρος,https://aki-nito.gr/el/property/4870,"ακί~νητο Real Estate - Κατάστημα, 270τ.μ., €350.000 - Αμπελόκηποι - Δημαρχείου",sale,store,350000,270.0,1296,,ισόγειο,2000,thessaloniki,Αμπελόκηποι-Μενεμένη,Αμπελόκηποι,,,https://abroker-app.s3.eu-central-1.amazonaws.com/10/properties/95320/watermark/DpOkD8jcBq.jpg,,,2026-09-27,2026-09-27T13:01:57Z
aki-nito.gr,Τσιργιώτης Θεόδωρος,https://aki-nito.gr/el/property/4802,"ακί~νητο Real Estate - Στούντιο/Γκαρσονιέρα, 50τ.μ., €83.000 - Κέντρο Θεσσαλονίκης - Άγιος Δημήτριος",sale,studio,83000,50.0,1660,1,ισόγειο,1970,thessaloniki,Θεσσαλονίκη-Κέντρο,Θεσσαλονίκης - Άγιος Δημήτριος  ακί~νητο Real Estat,,,,,,2026-09-27,2026-09-27T13:02:00Z
aki-nito.gr,Τσιργιώτης Θεόδωρος,https://aki-nito.gr/el/property/4801,"ακί~νητο Real Estate - Στούντιο/Γκαρσονιέρα, 32τ.μ., €90.000 - Κέντρο Θεσσαλονίκης - Άγιος Δημήτριος",sale,studio,90000,32.0,2812,1,ισόγειο,1970,thessaloniki,Θεσσαλονίκη-Κέντρο,Θεσσαλονίκης - Άγιος Δημήτριος  ακί~νητο Real Estat,,,,,,2026-09-27,2026-09-27T13:02:03Z
aki-nito.gr,Τσιργιώτης Θεόδωρος,https://aki-nito.gr/el/property/4800,"ακί~νητο Real Estate - Στούντιο/Γκαρσονιέρα, 35τ.μ., €98.000 - Κέντρο Θεσσαλονίκης - Άγιος Δημήτριος",sale,studio,98000,35.0,2800,1,ισόγειο,1970,thessaloniki,Θεσσαλονίκη-Κέντρο,Θεσσαλονίκης - Άγιος Δημήτριος  ακί~νητο Real Estat,,,,,,2026-09-27,2026-09-27T13:02:06Z
aki-nito.gr,Τσιργιώτης Θεόδωρος,https://aki-nito.gr/el/property/4798,"ακί~νητο Real Estate - Στούντιο/Γκαρσονιέρα, 36τ.μ., €110.000 - Κέντρο Θεσσαλονίκης - Άγιος Δημήτριος",sale,studio,110000,36.0,3056,1,ισόγειο,1967,thessaloniki,Θεσσαλονίκη-Κέντρο,Θεσσαλονίκης - Άγιος Δημήτριος  ακί~νητο Real Estat,,,,,,2026-09-27,2026-09-27T13:02:09Z
aki-nito.gr,Τσιργιώτης Θεόδωρος,https://aki-nito.gr/el/property/4797,"ακί~νητο Real Estate - Στούντιο/Γκαρσονιέρα, 45τ.μ., €125.000 - Κέντρο Θεσσαλονίκης - Άγιος Δημήτριος",sale,studio,125000,45.0,2778,1,ισόγειο,1967,thessaloniki,Θεσσαλονίκη-Κέντρο,Θεσσαλονίκης - Άγιος Δημήτριος  ακί~νητο Real Estat,,,https://abroker-app.s3.eu-central-1.amazonaws.com/10/properties/93692/watermark/gBHuCS1M0U.jpg,,,2026-09-27,2026-09-27T13:02:12Z
aki-nito.gr,Τσιργιώτης Θεόδωρος,https://aki-nito.gr/el/property/4795,"ακί~νητο Real Estate - Στούντιο/Γκαρσονιέρα, 50τ.μ., €235.000 - Κέντρο Θεσσαλονίκης - Λαδάδικα",sale,studio,235000,50.0,4700,1,7,1967,thessaloniki,Θεσσαλονίκη-Κέντρο,Θεσσαλονίκης - Λαδάδικα  ακί~νητο Real Estate - Στο,,,https://abroker-app.s3.eu-central-1.amazonaws.com/10/properties/93689/watermark/IVxZVyRXxz.jpg,,,2026-09-27,2026-09-27T13:02:15Z
aki-nito.gr,Τσιργιώτης Θεόδωρος,https://aki-nito.gr/el/property/4787,"ακί~νητο Real Estate - Μεζονέτα, 220τ.μ., €350.000 - Πυλαία - Κέντρο",sale,maisonette,350000,220.0,1591,4,ισόγειο,2009,thessaloniki,Πυλαία,Πυλαία,,,https://abroker-app.s3.eu-central-1.amazonaws.com/10/properties/93528/watermark/0ZfZyW2sQB.jpg,,,2026-09-27,2026-09-27T13:02:18Z
aki-nito.gr,Τσιργιώτης Θεόδωρος,https://aki-nito.gr/el/property/5010,"ακί~νητο Real Estate - Κατάστημα, 195τ.μ., €290.000 - Εύοσμο",sale,store,290000,195.0,1487,,ισόγειο,2018,thessaloniki,Κορδελιό-Εύοσμος,Εύοσμος,,,https://abroker-app.s3.eu-central-1.amazonaws.com/10/properties/98337/watermark/CQ1DfkP7oI.jpg,,,2026-09-27,2026-09-27T13:02:21Z
aki-nito.gr,Τσιργιώτης Θεόδωρος,https://aki-nito.gr/el/property/5009,"ακί~νητο Real Estate - Στούντιο/Γκαρσονιέρα, 35τ.μ., €350 - Σταυρούπολη - Άνω Ηλιούπολη",rent,studio,350,35.0,10,1,3,2010,thessaloniki,Παύλος Μελάς,Σταυρούπολη,,,https://abroker-app.s3.eu-central-1.amazonaws.com/10/properties/98296/watermark/Gagczef3BX.jpg,,,2026-09-27,2026-09-27T13:02:24Z
aki-nito.gr,Τσιργιώτης Θεόδωρος,https://aki-nito.gr/el/property/4982,"ακί~νητο Real Estate - Στούντιο/Γκαρσονιέρα, 55τ.μ., €450 - Θεσσαλονίκη - Δήμος - Τούμπα",rent,studio,450,55.0,8,,,1980,thessaloniki,Θεσσαλονίκη-Ανατολικά,Θεσσαλονίκη - Δήμος - Τούμπα  ακί~νητο Real Estate,,,https://abroker-app.s3.eu-central-1.amazonaws.com/10/properties/97739/watermark/AhjZnYAlqE.jpg,,,2026-09-27,2026-09-27T13:02:27Z
aki-nito.gr,Τσιργιώτης Θεόδωρος,https://aki-nito.gr/el/property/4997,"ακί~νητο Real Estate - Στούντιο/Γκαρσονιέρα, 35τ.μ., €400 - Κέντρο Θεσσαλονίκης - Άγιος Δημήτριος",rent,studio,400,35.0,11,1,1,1975,thessaloniki,Θεσσαλονίκη-Κέντρο,Θεσσαλονίκης - Άγιος Δημήτριος  ακί~νητο Real Estat,,,https://abroker-app.s3.eu-central-1.amazonaws.com/10/properties/97964/watermark/rBTx1XAErK.jpg,,,2026-09-27,2026-09-27T13:02:30Z
aki-nito.gr,Τσιργιώτης Θεόδωρος,https://aki-nito.gr/el/property/4990,"ακί~νητο Real Estate - Στούντιο/Γκαρσονιέρα, 20τ.μ., €61.900 - Κέντρο Θεσσαλονίκης - Άγιος Δημήτριος",sale,studio,61900,20.0,3095,1,ισόγειο,1974,thessaloniki,Θεσσαλονίκη-Κέντρο,Θεσσαλονίκης - Άγιος Δημήτριος  ακί~νητο Real Estat,,,https://abroker-app.s3.eu-central-1.amazonaws.com/10/properties/97765/watermark/fWRMqpGwke.jpg,,,2026-09-27,2026-09-27T13:02:33Z
aki-nito.gr,Τσιργιώτης Θεόδωρος,https://aki-nito.gr/el/property/4983,"ακί~νητο Real Estate - Στούντιο/Γκαρσονιέρα, 30τ.μ., €420 - Κέντρο Θεσσαλονίκης - Άγιος Δημήτριος",rent,studio,420,30.0,14,1,ισόγειο,1979,thessaloniki,Θεσσαλονίκη-Κέντρο,Θεσσαλονίκης - Άγιος Δημήτριος  ακί~νητο Real Estat,,,https://abroker-app.s3.eu-central-1.amazonaws.com/10/properties/97742/watermark/TKBUDeADjf.jpg,,,2026-09-27,2026-09-27T13:02:36Z
aki-nito.gr,Τσιργιώτης Θεόδωρος,https://aki-nito.gr/el/property/4954,"ακί~νητο Real Estate - Στούντιο/Γκαρσονιέρα, 25τ.μ., €330 - Κέντρο Θεσσαλονίκης - Άγιος Δημήτριος",rent,studio,330,25.0,13,1,,2010,thessaloniki,Θεσσαλονίκη-Κέντρο,Θεσσαλονίκης - Άγιος Δημήτριος  ακί~νητο Real Estat,,,https://abroker-app.s3.eu-central-1.amazonaws.com/10/properties/97163/watermark/yxujcr6bGI.jpg,,,2026-09-27,2026-09-27T13:02:39Z
aki-nito.gr,Τσιργιώτης Θεόδωρος,https://aki-nito.gr/el/property/5007,"ακί~νητο Real Estate - Επαγγελματικό κτίριο, 1.450τ.μ., €1.700.000 - Κέντρο Θεσσαλονίκης - Ιστορικό Κέντρο",sale,building,1700000,450.0,3778,20,ισόγειο,1938,thessaloniki,Θεσσαλονίκη-Κέντρο,Θεσσαλονίκης - Ιστορικό Κέντρο  ακί~νητο Real Estat,,,https://abroker-app.s3.eu-central-1.amazonaws.com/10/properties/98150/watermark/a9m0kaSXnk.jpg,,,2026-09-27,2026-09-27T13:02:42Z
aki-nito.gr,Τσιργιώτης Θεόδωρος,https://aki-nito.gr/el/property/4998,"ακί~νητο Real Estate - Στούντιο/Γκαρσονιέρα, 36τ.μ., €430 - Κέντρο Θεσσαλονίκης - Άγιος Δημήτριος",rent,studio,430,36.0,12,1,5,1976,thessaloniki,Θεσσαλονίκη-Κέντρο,Θεσσαλονίκης - Άγιος Δημήτριος  ακί~νητο Real Estat,,,https://abroker-app.s3.eu-central-1.amazonaws.com/10/properties/97972/watermark/fOhO5o0Me2.jpg,,,2026-09-27,2026-09-27T13:02:45Z
aki-nito.gr,Τσιργιώτης Θεόδωρος,https://aki-nito.gr/el/property/5004,"ακί~νητο Real Estate - Κατάστημα, 140τ.μ., €980.000 - Άγιος Γεώργιος - Νέα Βρασνά",sale,store,980000,140.0,7000,,ισόγειο,1996,thessaloniki,Θεσσαλονίκη,Θεσσαλονίκη,,,https://abroker-app.s3.eu-central-1.amazonaws.com/10/properties/98033/watermark/ctboGkCuqj.jpg,,,2026-09-27,2026-09-27T13:02:48Z
aki-nito.gr,Τσιργιώτης Θεόδωρος,https://aki-nito.gr/el/property/4950,"ακί~νητο Real Estate - Στούντιο/Γκαρσονιέρα, 28τ.μ., €72.000 - Ανάληψη",sale,studio,72000,28.0,2571,,ισόγειο,2026,thessaloniki,Θεσσαλονίκη-Ανατολικά,Θεσσαλονίκη,,,https://abroker-app.s3.eu-central-1.amazonaws.com/10/properties/97087/watermark/UJJWpRhY97.jpg,,,2026-09-27,2026-09-27T13:02:51Z
aki-nito.gr,Τσιργιώτης Θεόδωρος,https://aki-nito.gr/el/property/4951,"ακί~νητο Real Estate - Στούντιο/Γκαρσονιέρα, 25τ.μ., €72.000 - Θεσσαλονίκη - Δήμος - Φάληρο - Ιπποκράτειο",sale,studio,72000,25.0,2880,,ισόγειο,1975,thessaloniki,Θεσσαλονίκη-Ανατολικά,Θεσσαλονίκη - Δήμος - Φάληρο - Ιπποκράτειο  ακί~νητ,,,https://abroker-app.s3.eu-central-1.amazonaws.com/10/properties/97088/watermark/ndSzWFE6wY.jpg,,,2026-09-27,2026-09-27T13:02:54Z
aki-nito.gr,Τσιργιώτης Θεόδωρος,https://aki-nito.gr/el/property/4992,"ακί~νητο Real Estate - Διαμέρισμα, 50τ.μ., €140.000 - Παλλήνη - Χανιώτης",sale,apartment,140000,50.0,2800,2,2,1991,other,,Θεσσαλονίκη,,,https://abroker-app.s3.eu-central-1.amazonaws.com/10/properties/97876/watermark/TuH68b6U8x.jpg,,,2026-09-27,2026-09-27T13:02:57Z
aki-nito.gr,Τσιργιώτης Θεόδωρος,https://aki-nito.gr/el/property/4812,"ακί~νητο Real Estate - Στούντιο/Γκαρσονιέρα, 40τ.μ., €82.900 - Θεσσαλονίκη - Δήμος - Χαριλάου",sale,studio,82900,40.0,2072,1,ισόγειο,1977,thessaloniki,Θεσσαλονίκη-Ανατολικά,Θεσσαλονίκη - Δήμος - Χαριλάου  ακί~νητο Real Estat,,,https://abroker-app.s3.eu-central-1.amazonaws.com/10/properties/93931/watermark/tFBRX2CDjI.jpg,,,2026-09-27,2026-09-27T13:03:00Z
aki-nito.gr,Τσιργιώτης Θεόδωρος,https://aki-nito.gr/el/property/4936,"ακί~νητο Real Estate - Στούντιο/Γκαρσονιέρα, 40τ.μ., €83.900 - Θεσσαλονίκη - Δήμος - Χαριλάου",sale,studio,83900,40.0,2098,1,ισόγειο,1977,thessaloniki,Θεσσαλονίκη-Ανατολικά,Θεσσαλονίκη - Δήμος - Χαριλάου  ακί~νητο Real Estat,,,https://abroker-app.s3.eu-central-1.amazonaws.com/10/properties/96750/watermark/vcIs40EzDi.jpg,,,2026-09-27,2026-09-27T13:03:06Z
aki-nito.gr,Τσιργιώτης Θεόδωρος,https://aki-nito.gr/el/property/5002,"ακί~νητο Real Estate - Διαμέρισμα, 74τ.μ., €150.000 - Συκιές - Δροσιά",sale,apartment,150000,74.0,2027,2,2,1985,thessaloniki,Νεάπολη-Συκιές,Συκιές,,,https://abroker-app.s3.eu-central-1.amazonaws.com/10/properties/98029/watermark/YqAmROqua5.jpg,,,2026-09-27,2026-09-27T13:03:12Z
aki-nito.gr,Τσιργιώτης Θεόδωρος,https://aki-nito.gr/el/property/5006,"ακί~νητο Real Estate - Διαμέρισμα, 135τ.μ., €105.000 - Νεάπολη - Κέντρο",sale,apartment,105000,135.0,778,2,1,1963,thessaloniki,Νεάπολη-Συκιές,Νεάπολη,,,https://abroker-app.s3.eu-central-1.amazonaws.com/10/properties/98048/watermark/bXupjxZ8NA.jpg,,,2026-09-27,2026-09-27T13:03:15Z
aki-nito.gr,Τσιργιώτης Θεόδωρος,https://aki-nito.gr/el/property/4974,"ακί~νητο Real Estate - Διαμέρισμα, 40τ.μ., €440 - Θεσσαλονίκη - Δήμος - Άνω Πόλη",rent,apartment,440,40.0,11,1,2,2010,thessaloniki,Θεσσαλονίκη-Κέντρο,Θεσσαλονίκη - Δήμος - Άνω Πόλη  ακί~νητο Real Estat,,,https://abroker-app.s3.eu-central-1.amazonaws.com/10/properties/97727/watermark/v4iN6SpXai.jpg,,,2026-09-27,2026-09-27T13:03:18Z
aki-nito.gr,Τσιργιώτης Θεόδωρος,https://aki-nito.gr/el/property/4981,"ακί~νητο Real Estate - Στούντιο/Γκαρσονιέρα, 34τ.μ., €320 - Άνω Πόλη - Κάστρα",rent,studio,320,34.0,9,1,2,2005,thessaloniki,Θεσσαλονίκη-Κέντρο,Θεσσαλονίκη,,,https://abroker-app.s3.eu-central-1.amazonaws.com/10/properties/97737/watermark/V42yS26qnH.jpg,,,2026-09-27,2026-09-27T13:03:21Z
aki-nito.gr,Τσιργιώτης Θεόδωρος,https://aki-nito.gr/el/property/5001,"ακί~νητο Real Estate - Loft, 45τ.μ., €250.000 - Φάληρο - Ιπποκράτειο - Αγία Τριάδα",sale,,250000,45.0,5556,2,ισόγειο,1975,thessaloniki,Θερμαϊκός,Θεσσαλονίκη,,,https://abroker-app.s3.eu-central-1.amazonaws.com/10/properties/98004/watermark/9YVo2sORn3.jpg,,,2026-09-27,2026-09-27T13:03:24Z
acb.gr,ACB REAL ESTATE (Μούκας Ιωάννης Χ.),https://plrealestate.gr/property/8120,ΑΝΩ ΤΟΥΜΠΑ - PL Real Estate,sale,,109000,35.0,3114,,3,1970,thessaloniki,Θεσσαλονίκη-Ανατολικά,Θεσσαλονίκης,,,https://plrealestate.gr/images/properties/10-81208330.jpg,,,2026-09-27,2026-09-27T13:02:15Z
acb.gr,ACB REAL ESTATE (Μούκας Ιωάννης Χ.),https://plrealestate.gr/property/8117,Γκαρσονιέρα/Studio 30 τ.μ. - PL Real Estate,sale,studio,125000,30.0,4167,1,4,1965,thessaloniki,Θεσσαλονίκη,Θεσσαλονίκης,,,https://plrealestate.gr/images/properties/1-81177339.jpg,,,2026-09-27,2026-09-27T13:02:17Z
acb.gr,ACB REAL ESTATE (Μούκας Ιωάννης Χ.),https://plrealestate.gr/property/8118/%CF%80%CF%8E%CE%BB%CE%B7%CF%83%CE%B7-%CE%93%CE%BA%CE%B1%CF%81%CF%83%CE%BF%CE%BD%CE%B9%CE%AD%CF%81%CE%B1/Studio-%CE%A6%CE%AC%CE%BB%CE%B7%CF%81%CE%BF,Γκαρσονιέρα/Studio προς πώληση Φάληρο,sale,studio,112000,30.0,3733,1,4,1965,thessaloniki,Θεσσαλονίκη-Ανατολικά,Θεσσαλονίκης,,,https://plrealestate.gr/images/properties/1-81184130.jpg,,,2026-09-27,2026-09-27T13:02:21Z
acb.gr,ACB REAL ESTATE (Μούκας Ιωάννης Χ.),https://plrealestate.gr/property/8116,ΑΓΙΑ ΣΟΦΙΑ - PL Real Estate,sale,,310000,60.0,5167,2,7,1955,thessaloniki,Θεσσαλονίκη-Κέντρο,Θεσσαλονίκης,,,https://plrealestate.gr/images/properties/10-81163185.jpg,,,2026-09-27,2026-09-27T13:02:24Z
acb.gr,ACB REAL ESTATE (Μούκας Ιωάννης Χ.),https://plrealestate.gr/property/8115,Διαμέρισμα 50 τ.μ. - PL Real Estate,rent,apartment,450,50.0,9,,,1965,thessaloniki,Θεσσαλονίκη,Θεσσαλονίκης,,,https://plrealestate.gr/images/properties/1-81152524.jpg,,,2026-09-27,2026-09-27T13:02:27Z
acb.gr,ACB REAL ESTATE (Μούκας Ιωάννης Χ.),https://plrealestate.gr/property/8105,ΜΟΝΑΣΤΗΡΙΟΥ - PL Real Estate,sale,,99000,40.0,2475,1,3,1976,thessaloniki,Θεσσαλονίκη,Θεσσαλονίκη Περιφ/κοί δήμοι,,,https://plrealestate.gr/images/properties/10-81055791.jpg,,,2026-09-27,2026-09-27T13:02:30Z
acb.gr,ACB REAL ESTATE (Μούκας Ιωάννης Χ.),https://plrealestate.gr/property/8104,Διαμέρισμα 40 τ.μ. - PL Real Estate,sale,apartment,149000,40.0,3725,1,4,1968,thessaloniki,Θεσσαλονίκη,Θεσσαλονίκης,,,https://plrealestate.gr/images/properties/1-81048032.jpg,,,2026-09-27,2026-09-27T13:02:36Z
acb.gr,ACB REAL ESTATE (Μούκας Ιωάννης Χ.),https://plrealestate.gr/property/7340,Πλήρως ανακαινισμένο διαμέρισμα προς ενοικίαση - PL Real Estate,rent,apartment,,60.0,,2,4,1980,thessaloniki,Θεσσαλονίκη,Θεσσαλονίκης,,,https://plrealestate.gr/images/properties/1-7340898.jpg,,,2026-09-27,2026-09-27T13:02:39Z
acb.gr,ACB REAL ESTATE (Μούκας Ιωάννης Χ.),https://plrealestate.gr/property/8056,ΔΙΟΙΚΗΤΗΡΙΟ ΠΕΡΙΟΧΗ - PL Real Estate,sale,,155000,50.0,3100,1,6,1968,thessaloniki,Θεσσαλονίκη,Θεσσαλονίκης,,,https://plrealestate.gr/images/properties/10-80565937.jpg,,,2026-09-27,2026-09-27T13:02:42Z
acb.gr,ACB REAL ESTATE (Μούκας Ιωάννης Χ.),https://plrealestate.gr/property/8078,Διαμέρισμα 71 τ.μ. - PL Real Estate,sale,apartment,180000,71.0,2535,2,6,1965,thessaloniki,Θεσσαλονίκη,Θεσσαλονίκης,,,https://plrealestate.gr/images/properties/1-80786175.jpg,,,2026-09-27,2026-09-27T13:02:45Z
acb.gr,ACB REAL ESTATE (Μούκας Ιωάννης Χ.),https://plrealestate.gr/property/8045,ΙΠΠΟΚΡΑΤΕΙΟ ΠΕΡΙΟΧΗ - PL Real Estate,sale,,135000,40.0,3375,1,,1970,thessaloniki,Θεσσαλονίκη-Ανατολικά,Θεσσαλονίκης,,,https://plrealestate.gr/images/properties/10-80187078.jpg,,,2026-09-27,2026-09-27T13:02:48Z
acb.gr,ACB REAL ESTATE (Μούκας Ιωάννης Χ.),https://plrealestate.gr/property/8096,ΟΛΥΜΠΙΑΔΟΣ ΑΡΧΕΣ - PL Real Estate,,,,68.0,,1,3,1964,thessaloniki,Θεσσαλονίκη,Θεσσαλονίκης,,,https://plrealestate.gr/images/properties/10-80966896.jpg,,,2026-09-27,2026-09-27T13:02:51Z
acb.gr,ACB REAL ESTATE (Μούκας Ιωάννης Χ.),https://plrealestate.gr/property/8073,Διαμέρισμα 65 τ.μ. - PL Real Estate,rent,apartment,600,65.0,9,2,6,1965,thessaloniki,Θεσσαλονίκη,Θεσσαλονίκης,,,https://plrealestate.gr/images/properties/1-80735275.jpg,,,2026-09-27,2026-09-27T13:02:54Z
acb.gr,ACB REAL ESTATE (Μούκας Ιωάννης Χ.),https://plrealestate.gr/property/7896,Πλήρως ανακαινισμένο διαμέρισμα προς ενοικίαση - PL Real Estate,rent,apartment,,60.0,,,1,1961,thessaloniki,Θεσσαλονίκη,Θεσσαλονίκης,,,https://plrealestate.gr/images/properties/1-78755379.jpg,,,2026-09-27,2026-09-27T13:02:57Z
acb.gr,ACB REAL ESTATE (Μούκας Ιωάννης Χ.),https://plrealestate.gr/property/7875,Πλήρως ανακαινισμένο διαμέρισμα προς ενοικίαση - PL Real Estate,rent,apartment,730,60.0,12,1,1,1961,thessaloniki,Θεσσαλονίκη,Θεσσαλονίκης,,,https://plrealestate.gr/images/properties/1-78755379.jpg,,,2026-09-27,2026-09-27T13:03:00Z
acb.gr,ACB REAL ESTATE (Μούκας Ιωάννης Χ.),https://plrealestate.gr/property/7732,ΝΑΥΑΡΙΝΟ ΠΕΡΙΟΧΗ - PL Real Estate,rent,,1200,125.0,10,2,7,1989,thessaloniki,Θεσσαλονίκη,Θεσσαλονίκης,,,https://plrealestate.gr/images/properties/10-77324751.jpg,,,2026-09-27,2026-09-27T13:03:02Z
acb.gr,ACB REAL ESTATE (Μούκας Ιωάννης Χ.),https://plrealestate.gr/property/8100,ΤΡΙΑΝΔΡΙΑ - PL Real Estate,sale,,183000,65.0,2815,2,1,1973,thessaloniki,Θεσσαλονίκη-Ανατολικά,Θεσσαλονίκης,,,https://plrealestate.gr/images/properties/10-81005309.jpg,,,2026-09-27,2026-09-27T13:03:08Z
acb.gr,ACB REAL ESTATE (Μούκας Ιωάννης Χ.),https://plrealestate.gr/property/8102,ΤΡΙΑΝΔΡΙΑ - PL Real Estate,sale,,138000,45.0,3067,,1,1972,thessaloniki,Θεσσαλονίκη-Ανατολικά,Θεσσαλονίκης,,,https://plrealestate.gr/images/properties/10-81024388.jpg,,,2026-09-27,2026-09-27T13:03:14Z
acb.gr,ACB REAL ESTATE (Μούκας Ιωάννης Χ.),https://plrealestate.gr/property/7969,Οικόπεδο 404 τ.μ. - PL Real Estate,sale,land,65000,404.0,161,,,,thessaloniki,Θεσσαλονίκη,Θεσσαλονίκη Περιφ/κοί δήμοι,,,https://plrealestate.gr/images/properties/10-79697107.jpg,,,2026-09-27,2026-09-27T13:03:18Z
acb.gr,ACB REAL ESTATE (Μούκας Ιωάννης Χ.),https://plrealestate.gr/property/7946,"ΠΕΤΡΟΥΠΟΛΗ, ΠΕΡΙΟΧΗ ΠΕΥΚΑ ΒΕΡΔΗ - PL Real Estate",sale,,270000,331.2,815,,,,unknown,,,,,https://plrealestate.gr/images/properties/10-7946361.jpg,,,2026-09-27,2026-09-27T13:03:20Z
acb.gr,ACB REAL ESTATE (Μούκας Ιωάννης Χ.),https://plrealestate.gr/property/8103,ΙΑΣΩΝΙΔΟΥ-ΠΑΝΕΠΙΣΤΗΜΙΑ ΔΙΠΛΑ - PL Real Estate,sale,,173000,46.0,3761,2,6,1961,thessaloniki,Θεσσαλονίκη-Κέντρο,Θεσσαλονίκης,,,https://plrealestate.gr/images/properties/10-81039365.jpg,,,2026-09-27,2026-09-27T13:03:24Z
acb.gr,ACB REAL ESTATE (Μούκας Ιωάννης Χ.),https://plrealestate.gr/property/8099,ΤΟΥΡΚΙΚΟ ΠΡΟΞΕΝΕΙΟ - PL Real Estate,sale,,209000,60.0,3483,2,2,1965,thessaloniki,Θεσσαλονίκη,Θεσσαλονίκης,,,https://plrealestate.gr/images/properties/10-80996275.jpg,,,2026-09-27,2026-09-27T13:03:27Z
aenaossarealty.gr,AENAOS REALESTATE S DEVELOPMENT,https://aenaossarealty.gr/property/3118/Mezoneta-Boulgari%20-%20Agios%20Eleutherios,"(Προς Ενοικίαση) Κατοικία Loft στο 10ο όροφο || Θεσσαλονίκη - Χαριλάου - 160 τ.μ, 5 Υ/Δ,450.000€ - Μεσιτικό γραφείο Aenaos Real Estate + Development",rent,house,,160.0,,5,10,2022,thessaloniki,Θεσσαλονίκη-Ανατολικά,Θεσσαλονίκη - Χαριλάου - 160 τ.μ,,,https://aenaossarealty.gr/images/properties/1-29004479.jpg,,,2026-09-27,2026-09-27T13:02:26Z
aenaossarealty.gr,AENAOS REALESTATE S DEVELOPMENT,https://aenaossarealty.gr/property/3070/Mezoneta-Mikra,"(Προς Πώληση) Κατοικία Μεζονέτα || Θεσσαλονίκη, Πλαγιάρι - 260 τ.μ. - 450.000 €  - Μεσιτικό γραφείο Aenaos Real Estate + Development",sale,maisonette,450000,260.0,1731,2,1,2006,thessaloniki,Θεσσαλονίκη,Θεσσαλονίκη,,,https://aenaossarealty.gr/images/properties/2-28086633.jpg,,,2026-09-27,2026-09-27T13:02:38Z
aenaossarealty.gr,AENAOS REALESTATE S DEVELOPMENT,https://aenaossarealty.gr/property/3078/Mezoneta-Kalamaria,"(Προς Πώληση) Υπο-κατασκευή Μεζονέτα Θεσσαλονίκη Καλαμαριά/Νέα Κρήνη - 180 τ.μ., 3 Υ/Δ, 600.000€ - Μεσιτικό γραφείο Aenaos Real Estate + Development",sale,maisonette,600000,180.0,3333,3,6,,thessaloniki,Καλαμαριά,Θεσσαλονίκη Καλαμαριά/Νέα Κρήνη - 180 τ.μ.,,,https://aenaossarealty.gr/images/properties/1-30758588.jpg,,,2026-09-27,2026-09-27T13:02:41Z
alpha-realestate.gr,ALPHA REAL ESTATE SERVICES (Δίγκα Μαρία Χ.),https://www.alpha-realestate.gr/property/406/Diamerisma-Michaniona,ΕΠΕΝΔΥΤΙΚΗ ΕΥΚΑΙΡΙΑ! ΚΑΤΑΛΛΗΛΟ ΓΙΑ ΤΟ ΠΡΟΓΡΑΜΜΑ ΣΠΙΤΙ ΜΟΥ ΙΙ.  - Μεσιτικό Γραφείο Alpharealestate,sale,office,145000,92.0,1576,2,1,2024,thessaloniki,Θερμαϊκός,Θεσσαλονίκη Περιφ/κοί δήμοι,,,https://www.alpha-realestate.gr/images/properties/14066494.jpg,,,2026-09-27,2026-09-27T13:02:24Z
alpha-realestate.gr,ALPHA REAL ESTATE SERVICES (Δίγκα Μαρία Χ.),https://www.alpha-realestate.gr/property/324/Bila-Thermaikos,Βίλα 297 τ.μ. - Μεσιτικό Γραφείο Alpharealestate,sale,house,700000,297.0,2357,3,,2002,thessaloniki,Θερμαϊκός,Θεσσαλονίκη Περιφ/κοί δήμοι,,,https://www.alpha-realestate.gr/images/properties/13248476.jpg,,,2026-09-27,2026-09-27T13:02:39Z
alpha-realestate.gr,ALPHA REAL ESTATE SERVICES (Δίγκα Μαρία Χ.),https://www.alpha-realestate.gr/property/195/Oikopedo-Thermaikos,Οικόπεδο 1630 τ.μ. - Μεσιτικό Γραφείο Alpharealestate,sale,land,220000,1630.0,135,,,,thessaloniki,Θερμαϊκός,Θεσσαλονίκη Περιφ/κοί δήμοι,,,https://www.alpha-realestate.gr/images/properties/11954999.jpg,,,2026-09-27,2026-09-27T13:02:42Z
alpha-realestate.gr,ALPHA REAL ESTATE SERVICES (Δίγκα Μαρία Χ.),https://www.alpha-realestate.gr/property/317/Mezoneta-Thermi,Μεζονέτα 160 τ.μ. - Μεσιτικό Γραφείο Alpharealestate,sale,maisonette,720000,160.0,4500,3,,2010,thessaloniki,Θέρμη,Θεσσαλονίκη Περιφ/κοί δήμοι,,,https://www.alpha-realestate.gr/images/properties/23172564.jpg,,,2026-09-27,2026-09-27T13:02:57Z
alpha-realestate.gr,ALPHA REAL ESTATE SERVICES (Δίγκα Μαρία Χ.),https://www.alpha-realestate.gr/property/283/Agrotemachio-Michaniona,Αγροτεμάχιο 2000 τ.μ. - Μεσιτικό Γραφείο Alpharealestate,sale,land,45000,2000.0,22,,,,thessaloniki,Θερμαϊκός,Θεσσαλονίκη Περιφ/κοί δήμοι,,,https://www.alpha-realestate.gr/images/properties/12838058.jpg,,,2026-09-27,2026-09-27T13:03:00Z
alpha-realestate.gr,ALPHA REAL ESTATE SERVICES (Δίγκα Μαρία Χ.),https://www.alpha-realestate.gr/property/216/Agrotemachio-Michaniona,Αγροτεμάχιο 1653 τ.μ. - Μεσιτικό Γραφείο Alpharealestate,sale,land,30000,1653.0,18,,,,thessaloniki,Θερμαϊκός,Θεσσαλονίκη Περιφ/κοί δήμοι,,,https://www.alpha-realestate.gr/images/properties/12166538.jpg,,,2026-09-27,2026-09-27T13:03:03Z
alpha-realestate.gr,ALPHA REAL ESTATE SERVICES (Δίγκα Μαρία Χ.),https://www.alpha-realestate.gr/property/202/Agrotemachio-Michaniona,Αγροτεμάχιο 7000 τ.μ. - Μεσιτικό Γραφείο Alpharealestate,sale,land,150000,7000.0,21,,,,thessaloniki,Θερμαϊκός,Θεσσαλονίκη Περιφ/κοί δήμοι,,,https://www.alpha-realestate.gr/images/properties/12029075.jpg,,,2026-09-27,2026-09-27T13:03:09Z
alpha-realestate.gr,ALPHA REAL ESTATE SERVICES (Δίγκα Μαρία Χ.),https://www.alpha-realestate.gr/property/163/Oikopedo-Epanomi,Οικόπεδο 1860 τ.μ. - Μεσιτικό Γραφείο Alpharealestate,sale,land,180000,1860.0,97,,,,thessaloniki,Θερμαϊκός,Θεσσαλονίκη Περιφ/κοί δήμοι,,,https://www.alpha-realestate.gr/images/properties/11638396.jpg,,,2026-09-27,2026-09-27T13:03:12Z
alpha-realestate.gr,ALPHA REAL ESTATE SERVICES (Δίγκα Μαρία Χ.),https://www.alpha-realestate.gr/property/149/Oikopedo-Michaniona,Οικόπεδο 1000 τ.μ. - Μεσιτικό Γραφείο Alpharealestate,sale,land,100000,1000.0,100,,,,thessaloniki,Θερμαϊκός,Θεσσαλονίκη Περιφ/κοί δήμοι,,,https://www.alpha-realestate.gr/images/properties/11494311.jpg,,,2026-09-27,2026-09-27T13:03:15Z
alpha-realestate.gr,ALPHA REAL ESTATE SERVICES (Δίγκα Μαρία Χ.),https://www.alpha-realestate.gr/property/147/Agrotemachio-Michaniona,Αγροτεμάχιο 2136 τ.μ. - Μεσιτικό Γραφείο Alpharealestate,,land,16000,2136.0,7,,,,thessaloniki,Θερμαϊκός,Θεσσαλονίκη Περιφ/κοί δήμοι,,,https://www.alpha-realestate.gr/images/properties/11479341.jpg,,,2026-09-27,2026-09-27T13:03:18Z
alpha-realestate.gr,ALPHA REAL ESTATE SERVICES (Δίγκα Μαρία Χ.),https://www.alpha-realestate.gr/property/104/Agrotemachio-Thermaikos,Αγροτεμάχιο 5000 τ.μ. - Μεσιτικό Γραφείο Alpharealestate,sale,land,100000,5000.0,20,,,,thessaloniki,Θερμαϊκός,Θεσσαλονίκη Περιφ/κοί δήμοι,,,https://www.alpha-realestate.gr/images/properties/11044817.jpg,,,2026-09-27,2026-09-27T13:03:24Z
1spiti.gr,1Spiti,https://www.1spiti.gr/property/193,Παλαιό Φάληρο – Πολυτελές Ανακαινισμένο Διαμέρισμα 97 τ.μ. με Ανεμπόδιστη Θέα Θάλασσα - Μεσιτικό Γραφείο 1Spiti,sale,apartment,730000,97.0,7526,2,6,1972,thessaloniki,Θεσσαλονίκη-Ανατολικά,,,,https://www.1spiti.gr/images/properties/3-1935597.jpg,,,2026-09-27,2026-09-27T13:02:38Z
1spiti.gr,1Spiti,https://www.1spiti.gr/property/194,"Πολυτελής ανακαινισμένη μεζονέτα 232,26 τ.μ. με ιδιωτική πισίνα - Μεσιτικό Γραφείο 1Spiti",sale,maisonette,1780000,232.3,7664,6,1,1997,unknown,,,,,https://www.1spiti.gr/images/properties/3-1949530.jpg,,,2026-09-27,2026-09-27T13:02:41Z
1spiti.gr,1Spiti,https://www.1spiti.gr/property/191,Eπενδυτικό ακίνητο 50 στρεμμάτων(ΜΟΝΟ ΓΙΑ ΕΠΕΝΔΥΤΕΣ)  - Μεσιτικό Γραφείο 1Spiti,,office,,47000.0,,,,,unknown,,,,,https://www.1spiti.gr/images/properties/1-1911101.jpg,,,2026-09-27,2026-09-27T13:02:44Z
1spiti.gr,1Spiti,https://www.1spiti.gr/property/143,Διαμέρισμα 97 τ.μ. - Μεσιτικό Γραφείο 1Spiti,sale,apartment,225000,97.0,2320,3,1,2002,unknown,,,,,https://www.1spiti.gr/images/properties/3-1431635.jpg,,,2026-09-27,2026-09-27T13:02:47Z
1spiti.gr,1Spiti,https://www.1spiti.gr/property/192,Αγροτεμάχιο 2472 τ.μ. - Μεσιτικό Γραφείο 1Spiti,sale,land,140000,2472.0,57,,,,unknown,,,,,https://www.1spiti.gr/images/properties/1-1926067.jpg,,,2026-09-27,2026-09-27T13:03:08Z
1spiti.gr,1Spiti,https://www.1spiti.gr/property/190,Διαμέρισμα 82 τ.μ. - Μεσιτικό Γραφείο 1Spiti,sale,apartment,180000,82.0,2195,2,2,1976,unknown,,,,,https://www.1spiti.gr/images/properties/3-1903846.jpg,,,2026-09-27,2026-09-27T13:03:11Z
1spiti.gr,1Spiti,https://www.1spiti.gr/property/189,Διαμέρισμα 96 τ.μ. - Μεσιτικό Γραφείο 1Spiti,sale,apartment,250000,96.0,2604,,4,1976,unknown,,,,,https://www.1spiti.gr/images/properties/3-1891135.jpg,,,2026-09-27,2026-09-27T13:03:14Z
1spiti.gr,1Spiti,https://www.1spiti.gr/property/184,Διαμέρισμα 50τ.μ. στη Καλλιθέα | Ιδανικό για Ανακαίνιση & Εκμετάλλευση - Μεσιτικό Γραφείο 1Spiti,sale,apartment,70000,50.0,1400,1,ισόγειο,1958,unknown,,,,,https://www.1spiti.gr/images/properties/6-1849193.jpg,,,2026-09-27,2026-09-27T13:03:29Z
1spiti.gr,1Spiti,https://www.1spiti.gr/property/183,Μεζονέτα 100 τ.μ. - Μεσιτικό Γραφείο 1Spiti,sale,maisonette,150000,100.0,1500,2,ισόγειο,1955,unknown,,,,,https://www.1spiti.gr/images/properties/6-1836128.jpg,,,2026-09-27,2026-09-27T13:03:32Z
1spiti.gr,1Spiti,https://www.1spiti.gr/property/180,Διαμέρισμα 49 τ.μ. - Μεσιτικό Γραφείο 1Spiti,sale,apartment,120000,49.0,2449,1,2,1972,unknown,,,,,https://www.1spiti.gr/images/properties/4-1803303.jpg,,,2026-09-27,2026-09-27T13:03:35Z
1spiti.gr,1Spiti,https://www.1spiti.gr/property/179,Διαμέρισμα 194 τ.μ. - Μεσιτικό Γραφείο 1Spiti,sale,apartment,250000,194.0,1289,,1,1985,unknown,,,,,https://www.1spiti.gr/images/properties/,,,2026-09-27,2026-09-27T13:03:38Z
1spiti.gr,1Spiti,https://www.1spiti.gr/property/178,Γραφείο 137 τ.μ. - Μεσιτικό Γραφείο 1Spiti,sale,office,250000,137.0,1825,,5,1962,unknown,,,,,https://www.1spiti.gr/images/properties/1-178457.jpg,,,2026-09-27,2026-09-27T13:03:40Z
artiplan.gr,ARTIPLAN,https://www.artiplan.gr/property/276/Katastima-Sukies,Κατάστημα 130 τ.μ. - Μεσιτικό Γραφείο ArtiPlan CP & RES,,store,,130.0,,,ισόγειο,2002,thessaloniki,Θεσσαλονίκη,Θεσσαλονίκη Περιφ/κοί δήμοι,,,https://www.artiplan.gr/images/properties/12755143.jpg,,,2026-09-27,2026-09-27T13:02:33Z
artiplan.gr,ARTIPLAN,https://www.artiplan.gr/property/275/Katastima-Sukies,Κατάστημα 130 τ.μ. - Μεσιτικό Γραφείο ArtiPlan CP & RES,sale,store,165000,130.0,1269,,ισόγειο,2002,thessaloniki,Θεσσαλονίκη,Θεσσαλονίκη Περιφ/κοί δήμοι,,,https://www.artiplan.gr/images/properties/12755143.jpg,,,2026-09-27,2026-09-27T13:02:36Z
artiplan.gr,ARTIPLAN,https://www.artiplan.gr/property/246/Oikopedo-Kalampaka,Οικόπεδο 337 τ.μ. - Μεσιτικό Γραφείο ArtiPlan CP & RES,sale,land,95000,337.0,282,,,,thessaloniki,Θεσσαλονίκη,Θεσσαλονίκη ΤΚ: 542 50 (+30)2311270678 6974990986 i,,,https://www.artiplan.gr/images/properties/12465278.jpg,,,2026-09-27,2026-09-27T13:02:38Z
artiplan.gr,ARTIPLAN,https://www.artiplan.gr/property/281/Epicheirisi-Faliro,Επιχείρηση 40 τ.μ. - Μεσιτικό Γραφείο ArtiPlan CP & RES,sale,office,35000,40.0,875,,ισόγειο,2003,thessaloniki,Θεσσαλονίκη-Ανατολικά,Θεσσαλονίκης,,,https://www.artiplan.gr/images/properties/,,,2026-09-27,2026-09-27T13:02:41Z
artiplan.gr,ARTIPLAN,https://www.artiplan.gr/listings/N/109?language=de,Ergebnisse - Μεσιτικό Γραφείο ArtiPlan CP & RES,sale,office,1150000,,,,,,unknown,,,,,https://www.artiplan.gr/images/general/homephoto.jpg,,,2026-09-27,2026-09-27T13:02:50Z
artiplan.gr,ARTIPLAN,https://www.artiplan.gr/listings/N/108?language=de,Ergebnisse - Μεσιτικό Γραφείο ArtiPlan CP & RES,sale,office,215000,,,,,,unknown,,,,,https://www.artiplan.gr/images/general/homephoto.jpg,,,2026-09-27,2026-09-27T13:03:09Z
artiplan.gr,ARTIPLAN,https://www.artiplan.gr/listings/N/192?language=de,Ergebnisse - Μεσιτικό Γραφείο ArtiPlan CP & RES,sale,office,95000,,,,,,unknown,,,,,https://www.artiplan.gr/images/general/homephoto.jpg,,,2026-09-27,2026-09-27T13:03:27Z
hpr.gr,HELLENIC PROPERTY,https://hpr.gr/property/5743,Panoramic View Private Pool 5 - Bedrooms Villa 260 sq.m. - Hellenic Property Real Estate,sale,house,3500000,260.0,13462,5,ground,,thessaloniki,Παύλος Μελάς,Stavroupoli,,,https://hpr.gr/images/properties/HPS57434534.jpg,,,2026-09-27,2026-09-27T13:04:15Z
hpr.gr,HELLENIC PROPERTY,https://hpr.gr/property/5700,Luxury Modern 7 - Bedrooms Villa 395 sq.m. - Hellenic Property Real Estate,sale,house,4000000,395.0,10127,7,,,thessaloniki,Παύλος Μελάς,Stavroupoli,,,https://hpr.gr/images/properties/HPS57004292.jpg,,,2026-09-27,2026-09-27T13:04:18Z
hpr.gr,HELLENIC PROPERTY,https://hpr.gr/property/5753,Panoramic View 2 - Bedrooms Apartment 92.86 sq.m. - Hellenic Property Real Estate,sale,apartment,200000,92.9,2154,2,3,,thessaloniki,Παύλος Μελάς,Stavroupoli,,,https://hpr.gr/images/properties/HPS57478793.jpg,,,2026-09-27,2026-09-27T13:04:20Z
hpr.gr,HELLENIC PROPERTY,https://hpr.gr/property/5938,Luxury Modern 6 - Bedrooms Villa 340 sq.m. - Hellenic Property Real Estate,sale,house,1550000,340.0,4559,6,,,thessaloniki,Παύλος Μελάς,Stavroupoli,,,https://hpr.gr/images/properties/HPS59383893.jpg,,,2026-09-27,2026-09-27T13:04:24Z
hpr.gr,HELLENIC PROPERTY,https://hpr.gr/property/5989,Family Panoramic View 7 - Bedrooms Villa 550 sq.m. - Hellenic Property Real Estate,sale,house,990000,550.0,1800,7,,,thessaloniki,Παύλος Μελάς,Stavroupoli,,,https://hpr.gr/images/properties/HPS59894703.jpg,,,2026-09-27,2026-09-27T13:04:27Z
hpr.gr,HELLENIC PROPERTY,https://hpr.gr/property/4694,Sea View Private Garden 4 - Bedrooms Villa 299 sq.m. - Hellenic Property Real Estate,sale,house,1100000,299.0,3679,4,ground,,thessaloniki,Παύλος Μελάς,Stavroupoli,,,https://hpr.gr/images/properties/HPS46947696.jpg,,,2026-09-27,2026-09-27T13:04:30Z
hpr.gr,HELLENIC PROPERTY,https://hpr.gr/property/4528,Beachfront Luxury 5 - Bedrooms Villa 230 sq.m. - Hellenic Property Real Estate,sale,house,2000000,230.0,8696,5,ground,,thessaloniki,Παύλος Μελάς,Stavroupoli,,,https://hpr.gr/images/properties/HPS45284851.jpg,,,2026-09-27,2026-09-27T13:04:32Z
hpr.gr,HELLENIC PROPERTY,https://hpr.gr/property/3585,Modern Private Garden 6 - Bedrooms House 516 sq.m. - Hellenic Property Real Estate,sale,house,800000,516.0,1550,6,ground,,thessaloniki,Παύλος Μελάς,Stavroupoli,,,https://hpr.gr/images/properties/HPS35859728.jpg,,,2026-09-27,2026-09-27T13:04:35Z
hpr.gr,HELLENIC PROPERTY,https://hpr.gr/property/6102,Private Garden 3 - Bedrooms Maisonette 162.42 sq.m. - Hellenic Property Real Estate,sale,maisonette,375000,162.4,2309,3,ground,,thessaloniki,Παύλος Μελάς,Stavroupoli,,,https://hpr.gr/images/properties/HPS58299914.jpg,,,2026-09-27,2026-09-27T13:04:38Z
hpr.gr,HELLENIC PROPERTY,https://hpr.gr/property/3996,Modern Panoramic View 6 - Bedrooms Villa 506 sq.m. - Hellenic Property Real Estate,sale,house,2200000,506.0,4348,6,,,thessaloniki,Παύλος Μελάς,Stavroupoli,,,https://hpr.gr/images/properties/HPS39966039.jpg,,,2026-09-27,2026-09-27T13:04:41Z
hpr.gr,HELLENIC PROPERTY,https://hpr.gr/property/550,Luxury Modern 4 - Bedrooms Villa 370 sq.m. - Hellenic Property Real Estate,sale,house,2600000,370.0,7027,4,-1,,thessaloniki,Παύλος Μελάς,Stavroupoli,,,https://hpr.gr/images/properties/HPS5505817.jpg,,,2026-09-27,2026-09-27T13:04:50Z
hpr.gr,HELLENIC PROPERTY,https://hpr.gr/property/6127,"Villa under construction with swimming pool, Chanioti, Halkidiki - Hellenic Property Real Estate",sale,house,625000,150.0,4167,5,,,other,,Stavroupoli,,,https://hpr.gr/images/properties/HPS612528.jpg,,,2026-09-27,2026-09-27T13:04:56Z
hpr.gr,HELLENIC PROPERTY,https://hpr.gr/property/6128,3-Level maisonette in Gerakini - Hellenic Property Real Estate,sale,maisonette,320000,140.0,2286,3,ground,,thessaloniki,Παύλος Μελάς,Stavroupoli,,,https://hpr.gr/images/properties/HPS61287013.jpg,,,2026-09-27,2026-09-27T13:04:59Z
hpr.gr,HELLENIC PROPERTY,https://hpr.gr/property/6124,"Hotel on the second line from the sea, Kassandra, Halkidiki - Hellenic Property Real Estate",sale,hotel,850000,345.0,2464,,ground,,other,,Stavroupoli,,,https://hpr.gr/images/properties/HPS61244018.jpg,,,2026-09-27,2026-09-27T13:05:02Z
hpr.gr,HELLENIC PROPERTY,https://hpr.gr/property/6125,Villa with pool and 5 bedrooms in Chanioti - Hellenic Property Real Estate,sale,house,650000,150.0,4333,5,,,other,,Stavroupoli,,,https://hpr.gr/images/properties/HPS61251043.jpg,,,2026-09-27,2026-09-27T13:05:05Z
hpr.gr,HELLENIC PROPERTY,https://hpr.gr/property/6126,Hotel 400 sq.m. in Nea Skioni - Hellenic Property Real Estate,sale,hotel,950000,400.0,2375,,ground,,thessaloniki,Παύλος Μελάς,Stavroupoli,,,https://hpr.gr/images/properties/HPS61265616.jpg,,,2026-09-27,2026-09-27T13:05:08Z
hpr.gr,HELLENIC PROPERTY,https://hpr.gr/property/6121,Maizonette 155 sq.m in complex near the sea - Hellenic Property Real Estate,sale,,530000,155.0,3419,4,,,thessaloniki,Παύλος Μελάς,Stavroupoli,,,https://hpr.gr/images/properties/HPS61217517.jpg,,,2026-09-27,2026-09-27T13:05:11Z
hpr.gr,HELLENIC PROPERTY,https://hpr.gr/property/6122,2-level maisonette 155.00 sq m only 150 meters from the sea - Hellenic Property Real Estate,sale,maisonette,630000,155.0,4065,4,,,thessaloniki,Παύλος Μελάς,Stavroupoli,,,https://hpr.gr/images/properties/HPS61225318.jpg,,,2026-09-27,2026-09-27T13:05:14Z
hpr.gr,HELLENIC PROPERTY,https://hpr.gr/property/6123,Luxury 5 Bedroom Villa with Pool - Hellenic Property Real Estate,sale,house,700000,260.0,2692,5,,,thessaloniki,Παύλος Μελάς,Stavroupoli,,,https://hpr.gr/images/properties/HPS61237701.jpg,,,2026-09-27,2026-09-27T13:05:17Z
hpr.gr,HELLENIC PROPERTY,https://hpr.gr/property/6118,Stone Villa with Pool by the Sea - Hellenic Property Real Estate,sale,house,1150000,240.0,4792,4,,,thessaloniki,Παύλος Μελάς,Stavroupoli,,,https://hpr.gr/images/properties/HPS61188281.jpg,,,2026-09-27,2026-09-27T13:05:21Z
hpr.gr,HELLENIC PROPERTY,https://hpr.gr/property/6119,Stone Villa with Pool by the Sea - Hellenic Property Real Estate,sale,house,550000,135.0,4074,3,,,thessaloniki,Παύλος Μελάς,Stavroupoli,,,https://hpr.gr/images/properties/HPS61199851.jpg,,,2026-09-27,2026-09-27T13:05:24Z
hpr.gr,HELLENIC PROPERTY,https://hpr.gr/property/6120,"Family house with sea view, 4 bedrooms, 155 sq m - Hellenic Property Real Estate",sale,house,580000,155.0,3742,4,,,thessaloniki,Παύλος Μελάς,Stavroupoli,,,https://hpr.gr/images/properties/HPS612054.jpg,,,2026-09-27,2026-09-27T13:05:26Z
hpr.gr,HELLENIC PROPERTY,https://hpr.gr/property/6116,"Furnished house with olive grove, Kassandra, Halkidiki - Hellenic Property Real Estate",sale,house,525000,160.0,3281,5,,,other,,Stavroupoli,,,https://hpr.gr/images/properties/HPS61167407.jpg,,,2026-09-27,2026-09-27T13:05:29Z
hpr.gr,HELLENIC PROPERTY,https://hpr.gr/page/greek_property_in_2024_investment_trends,"Greek Real Estate 2026: Hot Sun, Hot Prices! - Hellenic Property Real Estate",sale,,330000,,,,,,thessaloniki,Παύλος Μελάς,Stavroupoli,,,https://hpr.gr/images/properties/blog/blog_61_4889740.jpg,,,2026-09-27,2026-09-27T13:05:31Z
hpr.gr,HELLENIC PROPERTY,https://hpr.gr/property/6110,Private Garden 3 - Bedrooms Maisonette 125 sq.m. - Hellenic Property Real Estate,sale,maisonette,400000,125.0,3200,3,,,thessaloniki,Παύλος Μελάς,Stavroupoli,,,https://hpr.gr/images/properties/HPS61105271.jpg,,,2026-09-27,2026-09-27T13:05:38Z
hpr.gr,HELLENIC PROPERTY,https://hpr.gr/property/6111,Private Garden 2 - Bedrooms Maisonette 101 sq.m. - Hellenic Property Real Estate,sale,maisonette,350000,101.0,3465,2,,,thessaloniki,Παύλος Μελάς,Stavroupoli,,,https://hpr.gr/images/properties/HPS61117708.jpg,,,2026-09-27,2026-09-27T13:05:42Z
antoniouhome.gr,ANTONIOU HOME,https://www.antoniouhome.gr/property/369,ΒΕΝΙΖΕΛΟΥ ΜΕ ΦΙΛΙΠΠΟΥ ΠΩΛΕΙΤΑΙ ΕΞΑΙΡΕΤΙΚΟ ΠΛΗΡΩΣ ΑΝΑΚΑΙΝΙΣΜΕΝΟ Κ ΕΠΙΠΛΩΜΕΝΟ ΔΙΧΩΡΟ STUDIO 28 TM 1ου ΟΡΟΦΟΥ ΔΥΝΑΤΟΤΗΤΑ ΑΞΙΟΠΟΙΗΣΗΣ ΚΑΙ ΩΣ Airbnb - Μεσιτικό Γραφείο Antoniouhome,sale,studio,129000,28.0,4607,1,1,1970,thessaloniki,Θεσσαλονίκη,Θεσσαλονίκης,,,https://www.antoniouhome.gr/images/properties/1-369554.jpg,,,2026-09-27,2026-09-27T13:02:32Z
antoniouhome.gr,ANTONIOU HOME,https://www.antoniouhome.gr/property/370,ΚΕΝΤΡΟ ΘΕΣΣΑΛΟΝΙΚΗΣ ΟΛΥΜΠΟΥ ΜΕ ΚΑΡΑΟΛΗ -ΔΗΜΗΤΡΙΟΥ ΕΝΟΙΚΙΑΖΕΤΑΙ ΑΝΑΚΑΙΝΙΣΜΕΝΗ ΓΚΑΡΣΟΝΙΕΡΑ 35 ΤΜ ΣΕ ΨΗΛΟ ΗΜΙΟΡΟΦΟ ΤΗΛ 6976532482 - Μεσιτικό Γραφείο Antoniouhome,rent,studio,,35.0,,1,,1970,thessaloniki,Θεσσαλονίκη-Κέντρο,Θεσσαλονίκης,,,https://www.antoniouhome.gr/images/properties/1-3707269.jpg,,,2026-09-27,2026-09-27T13:02:35Z
antoniouhome.gr,ANTONIOU HOME,https://www.antoniouhome.gr/property/371,ΚΕΝΤΡΟ ΘΕΣΣΑΛΟΝΙΚΗΣ ΟΛΥΜΠΟΥ ΜΕ ΚΑΡΑΟΛΗ -ΔΗΜΗΤΡΙΟΥ ΕΝΟΙΚΙΑΖΕΤΑΙ ΑΝΑΚΑΙΝΙΣΜΕΝΟ ΚΑΙ ΠΛΗΡΩΣ ΕΠΙΠΛΩΜΕΝΟ  IΣΟΓΕΙΟ  STUDIO 24 ΤΜ  ΤΗΛ 6976532482  ΔΙΑΘΕΣΙΜΟ 1/11/2026 - Μεσιτικό Γραφείο Antoniouhome,rent,studio,,24.0,,,ισόγειο,1970,thessaloniki,Θεσσαλονίκη-Κέντρο,Θεσσαλονίκης,,,https://www.antoniouhome.gr/images/properties/1-3713559.jpg,,,2026-09-27,2026-09-27T13:02:38Z
antoniouhome.gr,ANTONIOU HOME,https://www.antoniouhome.gr/property/372,"ΝΕΑ ΜΟΥΔΑΝΙΑ -ΠΟΡΤΑΡΙΑ ΠΩΛΟΥΝΤΑΙ 2 ΝΕΟΔΜΗΤΕΣ  ΜΕΖΟΝΕΤΕΣ  67 τ.μ. σε ήσυχη και όμορφη περιοχή, μόλις 500 μέτρα από τη θάλασσα. 180.000 ευρώ η καθε μια - Μεσιτικό Γραφείο Antoniouhome",sale,maisonette,180000,67.0,2687,2,ισόγειο,2025,other,,,,,https://www.antoniouhome.gr/images/properties/5-3727033.jpg,,,2026-09-27,2026-09-27T13:02:41Z
antoniouhome.gr,ANTONIOU HOME,https://www.antoniouhome.gr/property/367,ΠΑΝΕΠΙΣΤΗΜΙΑ ΘΕΣΣΑΛΟΝΙΚΗΣ ΑΕΤΟΡΑΧΗΣ ΜΕ ΑΜΑΛΙΑΣ ΕΝΟΙΚΙΑΖΕΤΑΙ  ΕΞΑΙΡΕΤΙΚΟ ΑΣΦΑΛΕΣ ΑΝΑΚΑΙΝΙΣΜΕΝΟ ΚΑΙ ΕΠΙΠΛΩΜΕΝΟ ΙΣΟΓΕΙΟ STUDIO 25TM T HΛ 6976532482  ΙΔΑΝΙΚΗ ΦΟΙΤΗΤΙΚΗ ΚΑΤΟΙΚΙΑ  - Μεσιτικό Γραφείο Antonio,rent,studio,,25.0,,,ισόγειο,1970,thessaloniki,Θεσσαλονίκη-Κέντρο,Θεσσαλονίκης,,,https://www.antoniouhome.gr/images/properties/1-367276.jpg,,,2026-09-27,2026-09-27T13:02:56Z
antoniouhome.gr,ANTONIOU HOME,https://www.antoniouhome.gr/property/365,"ΠΑΝΕΠΙΣΤΗΜΙΑ ΘΕΣΣΑΛΟΝΙΚΗΣ ΠΩΛΕΙΤΑΙ ΑΝΑΚΑΙΝΙΣΜΕΝΟ ΚΑΙ ΕΠΙΠΛΩΜΕΝΟ  ΠΡΟΣΟΨΕΩΣ ΚΑΙ ΔΙΑΜΠΕΡΕΣ ΔΙΑΜΕΡΙΣΜΑ 2ου ΟΡΟΦΟΥ ΜΕ ΑΣΑΝΣΕΡ 2 ΔΩΜΑΤΙΑ ΣΑΛΟΚΟΥΖΙΝΑ ΜΠΑΝΙΟ,ΧΩΛ.ΙΔΑΝΙΚΗ ΦΟΙΤΗΤΙΚΗ ΚΑΤΟΙΚΙΑ ΤΗΛ 6976532482 - Μ",sale,apartment,180000,60.0,3000,2,2,1962,thessaloniki,Θεσσαλονίκη-Κέντρο,Θεσσαλονίκης,,,https://www.antoniouhome.gr/images/properties/1-3653807.jpg,,,2026-09-27,2026-09-27T13:02:59Z
antoniouhome.gr,ANTONIOU HOME,https://www.antoniouhome.gr/property/363,ΜΑΡΤΙΟΥ ΜΕ ΑΛΕΞΑΝΔΡΕΙΑΣ ΠΩΛΕΙΤΑΙ ΑΝΑΚΑΙΝΙΣΜΕΝΟ ΚΑΙ ΕΠΙΠΛΩΜΕΝΟ ΙΣΟΓΕΙΟ  ΜΕ ΑΥΛΗ ΑΣΦΑΛΕΣ ΔΙΑΜΕΡΙΣΜΑ 2 ΔΩΜΑΤΙΑ ΣΑΛΟΚΟΥΖΙΝΑ ΜΠΑΝΙΟ  - Μεσιτικό Γραφείο Antoniouhome,sale,apartment,129000,60.0,2150,2,ισόγειο,1970,thessaloniki,Θεσσαλονίκη-Ανατολικά,Θεσσαλονίκης,,,https://www.antoniouhome.gr/images/properties/1-3631015.jpg,,,2026-09-27,2026-09-27T13:03:01Z
antoniouhome.gr,ANTONIOU HOME,https://www.antoniouhome.gr/property/322,ΠΑΝΕΠΙΣΤΗΜΙΑ ΘΕΣΣΑΛΟΝΙΚΗΣ  Λ.ΣΤΡΑΤΟΥ -ΑΓΙΑΣ ΤΡΙΑΔΟΣ ΜΕ ΓΕΩΡΓΙΟΥ ΚΩΝΣΤΑΝΤΙΝΙΔΗ  Ενοικιάζεται  ΑΝΑΚΑΙΝΙΣΜΕΝΗ  & ΕΠΙΠΛΩΜΕΝΗ ΔΙΧΩΡΗ  ΓΚΑΡΣΟΝΙΕΡΑ  40ΤΜ  ΔΥΝΑΤΟΤΗΤΑ ΑΜΕΣΗΣ ΥΠΟΔΕΙΞΗΣ ΤΗΛ 6976532482  - Μεσιτι,rent,studio,,40.0,,1,4,1982,thessaloniki,Θεσσαλονίκη-Κέντρο,Θεσσαλονίκης,,,https://www.antoniouhome.gr/images/properties/1-3227100.jpg,,,2026-09-27,2026-09-27T13:03:28Z
antoniouhome.gr,ANTONIOU HOME,https://www.antoniouhome.gr/property/342,ΣΩΖΟΠΟΛΗ ΧΑΛΚΙΔΙΚΗΣ ΠΩΛΕΙΤΑΙ ΟΙΚΟΠΕΔΟ 400ΤΜ 450 ΜΕΤΡΑ ΑΠΟ ΤΗ ΘΑΛΑΣΣΑ - Μεσιτικό Γραφείο Antoniouhome,sale,land,70000,400.0,175,,,,other,,Θεσσαλονίκη ΤΚ: 54640 2313087000 6976532482 info@an,,,https://www.antoniouhome.gr/images/properties/1-3421138.jpg,,,2026-09-27,2026-09-27T13:03:31Z
antoniouhome.gr,ANTONIOU HOME,https://www.antoniouhome.gr/property/297,ΕΠΕΝΔΥΤΙΚΟ ΑΚΙΝΗΤΟ ΓΙΑ ΠΩΛΗΣΗ ΦΑΛΗΡΟ ΘΕΣΣΑΛΟΝΙΚΗΣ ΙΣΟΓΕΙΟ ΦΩΤΕΙΝΟ STUDIO 33 TM  - Μεσιτικό Γραφείο Antoniouhome,sale,studio,75000,33.0,2273,,ισόγειο,1970,thessaloniki,Θεσσαλονίκη-Ανατολικά,Θεσσαλονίκης,,,https://www.antoniouhome.gr/images/properties/1-2975893.jpg,,,2026-09-27,2026-09-27T13:03:45Z
antoniouhome.gr,ANTONIOU HOME,https://www.antoniouhome.gr/property/187,ΠΑΝΕΠΙΣΤΗΜΙΑ ΘΕΣΣΑΛΟΝΙΚΗΣ-ΑΓΙΑΣ ΤΡΙΑΔΟΣ  ΕΠΕΝΔΥΤΙΚΟ ΑΝΑΚΑΙΝΙΣΜΕΝΟ ΚΑΙ ΕΠΙΠΛΩΜΕΝΟ LOFT ΜΙΣΘΩΜΕΝΟ ΜΕ 400 ΕΥΡΩ /ΜΗΝΑ ΤΙΜΗ ΠΩΛΗΣΗΣ 70.000 ΕΥΡΩ - Μεσιτικό Γραφείο Antoniouhome,sale,office,70000,34.0,2059,1,ισόγειο,1967,thessaloniki,Θεσσαλονίκη-Κέντρο,Θεσσαλονίκης,,,https://www.antoniouhome.gr/images/properties/1-1877709.jpg,,,2026-09-27,2026-09-27T13:03:48Z
antoniouhome.gr,ANTONIOU HOME,https://www.antoniouhome.gr/property/171,Διαμέρισμα 91 τ.μ. - Μεσιτικό Γραφείο Antoniouhome,sale,apartment,245000,91.0,2692,4,3,1972,thessaloniki,Θεσσαλονίκη,Θεσσαλονίκης,,,https://www.antoniouhome.gr/images/properties/2-1712175.jpg,,,2026-09-27,2026-09-27T13:03:51Z
antoniouhome.gr,ANTONIOU HOME,https://www.antoniouhome.gr/property/173,Διαμέρισμα 65 τ.μ. - Μεσιτικό Γραφείο Antoniouhome,sale,apartment,195000,65.0,3000,2,4,1972,thessaloniki,Θεσσαλονίκη,Θεσσαλονίκης,,,https://www.antoniouhome.gr/images/properties/2-1734438.jpg,,,2026-09-27,2026-09-27T13:04:18Z
antoniouhome.gr,ANTONIOU HOME,https://www.antoniouhome.gr/property/174,Διαμέρισμα 54 τ.μ. - Μεσιτικό Γραφείο Antoniouhome,sale,apartment,183000,54.0,3389,2,1,1960,thessaloniki,Θεσσαλονίκη,Θεσσαλονίκης,,,https://www.antoniouhome.gr/images/properties/2-1742809.jpg,,,2026-09-27,2026-09-27T13:04:34Z
antoniouhome.gr,ANTONIOU HOME,https://www.antoniouhome.gr/property/185,Αποθήκη 89 τ.μ. - Μεσιτικό Γραφείο Antoniouhome,sale,warehouse,50000,89.0,562,,ημιυπόγειο,2004,thessaloniki,Θεσσαλονίκη,Θεσσαλονίκη Περιφ/κοί δήμοι,,,https://www.antoniouhome.gr/images/properties/2-1858837.jpg,,,2026-09-27,2026-09-27T13:05:57Z
antoniouhome.gr,ANTONIOU HOME,https://www.antoniouhome.gr/property/346,ΠΩΛΕΙΤΑΙ ΠΑΡΚΙΝΓΚ 295 Τ.Μ. ΣΤΙΣ ΣΥΚΙΕΣ – ΧΩΡΗΤΙΚΟΤΗΤΑ 6-7 ΑΥΤΟΚΙΝΗΤΩΝ & 8 ΜΟΤΟΣΙΚΛΕΤΩΝ - Μεσιτικό Γραφείο Antoniouhome,sale,parking,150000,295.0,508,,υπόγειο,2007,thessaloniki,Νεάπολη-Συκιές,Θεσσαλονίκη Περιφ/κοί δήμοι,,,https://www.antoniouhome.gr/images/properties/2-3464684.jpg,,,2026-09-27,2026-09-27T13:06:00Z
alfa-realestate.gr,ALFA REAL ESTATE (Αθανασιάδου Ελένη Γ.),https://www.alfa-realestate.gr/property/3004/Bila-Thermaikos,Βίλα 441 τ.μ. - Alfa Real Estate,sale,house,1600000,441.0,3628,4,ισόγειο,1982,thessaloniki,Θερμαϊκός,Θεσσαλονίκη Περιφ/κοί δήμοι,,,https://www.alfa-realestate.gr/images/properties/3430042394.jpg,,,2026-09-27,2026-09-27T13:02:48Z
diashome.gr,DIAS HOME,https://diashome.gr/property/229/%CE%9C%CE%BF%CE%BD%CE%BF%CE%BA%CE%B1%CF%84%CE%BF%CE%B9%CE%BA%CE%AF%CE%B1-%CE%9A%CE%BF%CE%B6%CE%AC%CE%BD%CE%B7,Κοζάνη  ΗΠΕΙΡΩΤΙΚΑ ΠΩΛΕΙΤΑΙ μονοκατοικία  -  DIASHOME,sale,house,105000,154.0,682,3,,1972,unknown,,,,,https://www.diashome.gr/images/properties/1-2294129.jpg,,,2026-09-27,2026-09-27T13:03:16Z
diashome.gr,DIAS HOME,https://diashome.gr/property/226/%CE%92%CE%AF%CE%BB%CE%B1-%CE%9A%CE%BF%CE%B6%CE%AC%CE%BD%CE%B7,ΣΤΡΟΦΗ ΣΙΟΠΑΤΑΟΥ ΚΟΖΑΝΗΣ ΠΟΛΥΤΕΛΕΣ ΒΙΛΛΑ 400τμ. -  DIASHOME,sale,house,490000,400.0,1225,,1,1999,unknown,,,,,https://www.diashome.gr/images/properties/1-226447.jpg,,,2026-09-27,2026-09-27T13:03:22Z
diashome.gr,DIAS HOME,https://diashome.gr/property/204/%CE%9C%CE%BF%CE%BD%CE%BF%CE%BA%CE%B1%CF%84%CE%BF%CE%B9%CE%BA%CE%AF%CE%B1-%CE%9A%CE%BF%CE%B6%CE%AC%CE%BD%CE%B7,ΛΕΥΚΟΒΡΥΣΗ ΒΙΛΛΕΣ  ΜΟΝΟΚΑΤΟΙΚΙΑ 280τμ -  DIASHOME,sale,house,200000,280.0,714,,5,1985,unknown,,,,,https://www.diashome.gr/images/properties/1-2047191.jpg,,,2026-09-27,2026-09-27T13:03:31Z
diamanti.realestate,Diamanti Real Estate,https://diamanti.realestate/property/6104/Agrotemachio-Mikra,Αγροτεμάχιο εντός ζώνης 2.800τμ με θέα! - Διαμάντι Μεσιτικό,sale,land,150000,800.0,188,,,,thessaloniki,Θεσσαλονίκη,Θεσσαλονίκη Περιφ/κοί δήμοι,,,https://diamanti.realestate/images/properties/10-61044286.jpg,,,2026-09-27,2026-09-27T13:03:43Z
diamanti.realestate,Diamanti Real Estate,https://diamanti.realestate/property/6105/Agrotemachio-Mikra,Εξαιρετικό γωνιακό αγροτεμάχιο σε προνομιούχα θέση - Διαμάντι Μεσιτικό,sale,land,300000,6780.0,44,,,,thessaloniki,Θεσσαλονίκη,Θεσσαλονίκη Περιφ/κοί δήμοι,,,https://diamanti.realestate/images/properties/10-61051882.jpg,,,2026-09-27,2026-09-27T13:03:47Z
diamanti.realestate,Diamanti Real Estate,https://diamanti.realestate/property/6025/Katastima-Stauroupoli,"NEA TIMH! Εξαιρετικό ακίνητο τόσο για την εμπορική-κεντρική του θέση, όσο & την άριστη κατάστασή του - Διαμάντι Μεσιτικό",sale,store,140000,60.0,2333,,ισόγειο,1971,thessaloniki,Θεσσαλονίκη,Θεσσαλονίκη Περιφ/κοί δήμοι,,,https://diamanti.realestate/images/properties/10-60259278.jpg,,,2026-09-27,2026-09-27T13:06:17Z
diamanti.realestate,Diamanti Real Estate,https://diamanti.realestate/property/6107/Agrotemachio-Mikra,Εξαιρετικό αγροτεμάχιο 5200τμ - Διαμάντι Μεσιτικό,sale,land,100000,5200.0,19,,,,thessaloniki,Θεσσαλονίκη,Θεσσαλονίκη Περιφ/κοί δήμοι,,,https://diamanti.realestate/images/properties/10-6107540.jpg,,,2026-09-27,2026-09-27T13:06:23Z
diamanti.realestate,Diamanti Real Estate,https://diamanti.realestate/property/6108/Agrotemachio-Mikra,12.000τμ αγροτεμάχιο σε εξαιρετική τοποθεσία δίπλα στο Μεσημέρι - Διαμάντι Μεσιτικό,sale,land,210000,,,,,,thessaloniki,Θεσσαλονίκη,Θεσσαλονίκη Περιφ/κοί δήμοι,,,https://diamanti.realestate/images/properties/10-61088055.jpg,,,2026-09-27,2026-09-27T13:06:26Z
karanikolas-estate.gr,Καρανικόλας Μεσιτικό,http://www.karanikolas-estate.gr/akinita/346,Ενοικιάζεται Διαμέρισμα,rent,apartment,,80.0,,2,,1977,thessaloniki,Θεσσαλονίκη,Θεσσαλονίκη Copyright © 2026 All rights reserved Το,,,http://www.karanikolas-estate.gr/sites/default/files/styles/thumbnail/public/49643191_1709315445835228_8435632016375939072_n.jpg?itok=NUy84RcK,,,2026-09-27,2026-09-27T13:01:49Z
karanikolas-estate.gr,Καρανικόλας Μεσιτικό,http://www.karanikolas-estate.gr/akinita/358,ΑΝΑΚΑΙΝΙΣΕΙΣ,sale,,160000,,,,,2019,thessaloniki,Θεσσαλονίκη,Θεσσαλονίκη Copyright © 2026 All rights reserved Το,,,http://www.karanikolas-estate.gr/sites/default/files/styles/thumbnail/public/59694615_389807394960583_219249825533657088_n.jpg?itok=U_pzcMn-,,,2026-09-27,2026-09-27T13:01:58Z
karanikolas-estate.gr,Καρανικόλας Μεσιτικό,http://www.karanikolas-estate.gr/akinita/431,ΠΩΛΕΙΤΑΙ Γκαρσονιέρα,sale,studio,160000,35.0,4571,1,1,2005,thessaloniki,Θεσσαλονίκη-Ανατολικά,Τούμπα,,,http://www.karanikolas-estate.gr/sites/default/files/styles/thumbnail/public/300604709_4907593856007355_5348708865086796761_n.jpg?itok=QWzj1fEQ,,,2026-09-27,2026-09-27T13:02:08Z
karanikolas-estate.gr,Καρανικόλας Μεσιτικό,http://www.karanikolas-estate.gr/akinita/446,Ενοικιάζεται Διαμέρισμα,rent,apartment,,45.0,,3,3,1991,thessaloniki,Πυλαία,Πυλαία,,,http://www.karanikolas-estate.gr/sites/default/files/styles/thumbnail/public/328502457_726811939054165_1354840609126160243_n.jpg?itok=64lp8z6N,,,2026-09-27,2026-09-27T13:02:17Z
karanikolas-estate.gr,Καρανικόλας Μεσιτικό,http://www.karanikolas-estate.gr/akinita/458,ΕΝΟΙΚΙΑΖΕΤΑΙ ΕΠΙΠΛΩΜΕΝΟ κ ΜΕ ΗΛΕΚ ΣΥΣΚ ΔΙΑΜΕΡΙΣΜΑ,rent,apartment,,105.0,,2,2,1969,thessaloniki,Θεσσαλονίκη,Θεσσαλονίκη Copyright © 2026 All rights reserved Το,,,http://www.karanikolas-estate.gr/sites/default/files/styles/thumbnail/public/345593774_919771932574476_5446434698795754858_n.jpg?itok=msJBJ6Qe,,,2026-09-27,2026-09-27T13:02:28Z
karanikolas-estate.gr,Καρανικόλας Μεσιτικό,http://www.karanikolas-estate.gr/akinita/480,ΕΝΟΙΚΙΑΖΕΤΑΙ ΓΚΑΡΣΟΝΙΕΡΑ,rent,studio,,45.0,,2,2,2010,thessaloniki,Θεσσαλονίκη,Θεσσαλονίκης στην περιοχή της παπαφη,,,http://www.karanikolas-estate.gr/sites/default/files/styles/thumbnail/public/412847579_818948386908755_4544642289866296177_n.jpg?itok=-h5-zmVJ,,,2026-09-27,2026-09-27T13:02:37Z
karanikolas-estate.gr,Καρανικόλας Μεσιτικό,http://www.karanikolas-estate.gr/akinita/482,ΠΩΛΕΙΤΑΙ ΑΓΡΟΤΕΜΜΑΧΙΟ,sale,,85000,380.0,224,,,2024,thessaloniki,Θεσσαλονίκη,Θεσσαλονίκη Copyright © 2026 All rights reserved Το,,,http://www.karanikolas-estate.gr/sites/default/files/styles/thumbnail/public/_Viber_2024-01-04_12-56-02-356.jpg?itok=wIDQvct5,,,2026-09-27,2026-09-27T13:02:47Z
karanikolas-estate.gr,Καρανικόλας Μεσιτικό,http://www.karanikolas-estate.gr/akinita/490,ΕΝΟΙΚΙΑΖΕΤΑΙ ΔΙΑΜΕΡΙΣΜΑ,rent,apartment,,75.0,,3,3,1976,thessaloniki,Θεσσαλονίκη-Ανατολικά,Τούμπα,,,http://www.karanikolas-estate.gr/sites/default/files/styles/thumbnail/public/438082945_898568578946735_5025891181327393512_n.jpg?itok=miP-iB3W,,,2026-09-27,2026-09-27T13:02:57Z
karanikolas-estate.gr,Καρανικόλας Μεσιτικό,http://www.karanikolas-estate.gr/akinita/492,ΠΩΛΕΙΤΑΙ ΚΑΤΟΙΚΙΑ ΖΑΚΥΝΘΟΣ,sale,house,290000,260.0,1115,3,,2000,thessaloniki,Θεσσαλονίκη,Θεσσαλονίκη Copyright © 2026 All rights reserved Το,,,http://www.karanikolas-estate.gr/sites/default/files/styles/thumbnail/public/IMG_20231013_175344.jpg?itok=vd1CTk5A,,,2026-09-27,2026-09-27T13:03:07Z
karanikolas-estate.gr,Καρανικόλας Μεσιτικό,http://www.karanikolas-estate.gr/akinita/493,ΕΝΟΙΚΙΑΖΕΤΑΙ ΔΙΑΜΕΡΙΣΜΑ,rent,apartment,,60.0,,4,4,1976,thessaloniki,Θεσσαλονίκη,Θεσσαλονίκη Copyright © 2026 All rights reserved Το,,,http://www.karanikolas-estate.gr/sites/default/files/styles/thumbnail/public/40838018_0_b.jpeg?itok=qVt5vLBJ,,,2026-09-27,2026-09-27T13:03:17Z
karanikolas-estate.gr,Καρανικόλας Μεσιτικό,http://www.karanikolas-estate.gr/akinita/502,Ενοικιάζεται γκαρσονιέρα,rent,studio,,35.0,,1,,1977,thessaloniki,Θεσσαλονίκη,Θεσσαλονίκη Εμβαδό: 35τ.μ. Ανακαινισμένο: Ναί Μπάνι,,,http://www.karanikolas-estate.gr/sites/default/files/styles/thumbnail/public/IMG-8f9ef783f8cca3627af4452acf400b45-V.jpg?itok=vsmI_loS,,,2026-09-27,2026-09-27T13:03:27Z
karanikolas-estate.gr,Καρανικόλας Μεσιτικό,http://www.karanikolas-estate.gr/akinita/505,ΠΩΛΕΙΤΑΙ ΜΟΝΟΚΑΤΟΙΚΙΑ - ΟΙΚΟΠΕΔΟ - ΔΙΑΜ,sale,house,160000,227.0,705,1,1,1981,thessaloniki,Παύλος Μελάς,Πολίχνη,,,http://www.karanikolas-estate.gr/sites/default/files/styles/thumbnail/public/IMG_20180420_122011_HDR.jpg?itok=hVjNSymy,,,2026-09-27,2026-09-27T13:03:37Z
karanikolas-estate.gr,Καρανικόλας Μεσιτικό,http://www.karanikolas-estate.gr/akinita/517,Πωλείται διαμέρισμα,sale,apartment,160000,131.0,1221,4,4,1983,thessaloniki,Θεσσαλονίκη,Θεσσαλονίκης στην περιοχή Ευζώνων (κοντά στο ινστιτ,,,http://www.karanikolas-estate.gr/sites/default/files/styles/thumbnail/public/Photo_1746640086188.jpg?itok=LM2pg_ED,,,2026-09-27,2026-09-27T13:03:47Z
karanikolas-estate.gr,Καρανικόλας Μεσιτικό,http://www.karanikolas-estate.gr/akinita/522,ΕΝΟΙΚΙΑΖΕΤΑΙ ΔΙΑΜΕΡΙΣΜΑ,rent,apartment,,78.0,,2,2,1976,thessaloniki,Θεσσαλονίκη,Θεσσαλονίκη Copyright © 2026 All rights reserved Το,,,http://www.karanikolas-estate.gr/sites/default/files/styles/thumbnail/public/515437899_1245752760894980_1757704973046303693_n.jpg?itok=w28_lPxW,,,2026-09-27,2026-09-27T13:03:57Z
karanikolas-estate.gr,Καρανικόλας Μεσιτικό,http://www.karanikolas-estate.gr/akinita/524,ΠΩΛΕΙΤΑΙ ΔΙΑΜΕΡΙΣΜΑ,sale,apartment,122000,83.0,1470,1,1,1974,thessaloniki,Θεσσαλονίκη-Ανατολικά,Θεσσαλονίκης στην περιοχή της Κάτω Τούμπας,,,http://www.karanikolas-estate.gr/sites/default/files/styles/thumbnail/public/48777337_b_b.jpeg?itok=O6ZRQHLA,,,2026-09-27,2026-09-27T13:04:07Z
karanikolas-estate.gr,Καρανικόλας Μεσιτικό,http://www.karanikolas-estate.gr/akinita/525,ΠΩΛΕΙΤΑΙ ΔΙΑΜΕΡΙΣΜΑ,sale,apartment,122000,60.0,2033,2,2,1975,thessaloniki,Θεσσαλονίκη,Θεσσαλονίκης,,,http://www.karanikolas-estate.gr/sites/default/files/styles/thumbnail/public/48219530_8_b.jpeg?itok=m1zW5p-J,,,2026-09-27,2026-09-27T13:04:17Z
karanikolas-estate.gr,Καρανικόλας Μεσιτικό,http://www.karanikolas-estate.gr/akinita/527,ΕΝΟΙΚΙΑΖΕΤΑΙ ΓΚΑΡΣΟΝΙΕΡΑ,rent,studio,,50.0,,1,,1975,thessaloniki,Θεσσαλονίκη-Κέντρο,Θεσσαλονίκης στην περιοχή Πανεπιστήμιων,,,http://www.karanikolas-estate.gr/sites/default/files/styles/thumbnail/public/546997422_1306729478130641_7012515268660024287_n.jpg?itok=uVdB2RVR,,,2026-09-27,2026-09-27T13:04:27Z
karanikolas-estate.gr,Καρανικόλας Μεσιτικό,http://www.karanikolas-estate.gr/akinita/528,Ενοικιάζεται γκαρσονιέρα,rent,studio,,33.0,,4,4,1976,thessaloniki,Θεσσαλονίκη,Θεσσαλονίκη Copyright © 2026 All rights reserved Το,,,http://www.karanikolas-estate.gr/sites/default/files/styles/thumbnail/public/Screenshot_2025-11-11-22-47-44-015_com.plot_.gr_.jpg?itok=yVIGbyeQ,,,2026-09-27,2026-09-27T13:04:37Z
karanikolas-estate.gr,Καρανικόλας Μεσιτικό,http://www.karanikolas-estate.gr/akinita/529,Ενοικιάζεται γκαρσονιέρα,rent,studio,,48.0,,4,4,1980,thessaloniki,Θεσσαλονίκη-Κέντρο,"Θεσσαλονίκης - Καμάρα"" πλησιον Πανεπιστημιων.Πρόκει",,,http://www.karanikolas-estate.gr/sites/default/files/styles/thumbnail/public/IMG-5542248bf16d4cfc8509db285789235b-V.jpg?itok=0Bxq9Tnm,,,2026-09-27,2026-09-27T13:04:47Z
karanikolas-estate.gr,Καρανικόλας Μεσιτικό,http://www.karanikolas-estate.gr/akinita/531,ΠΩΛΕΙΤΑΙ ΔΙΑΜΕΡΙΣΜΑ,sale,apartment,220000,95.0,2316,1,1,1983,thessaloniki,Θεσσαλονίκη,Θεσσαλονίκη Copyright © 2026 All rights reserved Το,,,http://www.karanikolas-estate.gr/sites/default/files/styles/thumbnail/public/_Viber_2026-01-17_16-09-53-900.jpg?itok=SJkDRH5x,,,2026-09-27,2026-09-27T13:04:57Z
karanikolas-estate.gr,Καρανικόλας Μεσιτικό,http://www.karanikolas-estate.gr/akinita/534,Ενοικιάζεται κατάστημα,rent,store,1000,52.0,19,1,1,1985,thessaloniki,Θεσσαλονίκη,Θεσσαλονίκη Εμβαδό: 52τ.μ. Ανακαινισμένο: Όχι Μπάνι,,,http://www.karanikolas-estate.gr/sites/default/files/styles/thumbnail/public/Photo_1770823274473.jpg?itok=Gm1mtLMd,,,2026-09-27,2026-09-27T13:05:07Z
karanikolas-estate.gr,Καρανικόλας Μεσιτικό,http://www.karanikolas-estate.gr/akinita/535,ΠΩΛΕΙΤΑΙ ΔΙΑΜΕΡΙΣΜΑ,sale,apartment,122000,107.0,1140,1,1,1986,thessaloniki,Θεσσαλονίκη,Θεσσαλονίκη Copyright © 2026 All rights reserved Το,,,http://www.karanikolas-estate.gr/sites/default/files/styles/thumbnail/public/53018961_3_b.jpeg?itok=VNOlK_Bk,,,2026-09-27,2026-09-27T13:05:17Z
karanikolas-estate.gr,Καρανικόλας Μεσιτικό,http://www.karanikolas-estate.gr/akinita/537,ΠΩΛΕΙΤΑΙ ΔΙΑΜΕΡΙΣΜΑ,sale,apartment,122000,68.0,1794,1,1,1971,thessaloniki,Θεσσαλονίκη,Θεσσαλονίκης σε ημιώροφο συνολικής επιφάνειας 67τ.μ,,,http://www.karanikolas-estate.gr/sites/default/files/styles/thumbnail/public/53116415_0_b_0.jpeg?itok=jC7-ZltU,,,2026-09-27,2026-09-27T13:05:27Z
karanikolas-estate.gr,Καρανικόλας Μεσιτικό,http://www.karanikolas-estate.gr/akinita/540,ΕΠΕΝΔΥΤΙΚΗ ΜΟΝΟΚΑΤΟΙΚΙΑ (Πώληση),sale,house,122000,223.0,547,1,1,1982,thessaloniki,Παύλος Μελάς,Πολίχνη,,,http://www.karanikolas-estate.gr/sites/default/files/styles/thumbnail/public/38146751_M_b_0.jpeg?itok=0tCZwVPu,,,2026-09-27,2026-09-27T13:05:37Z
karanikolas-estate.gr,Καρανικόλας Μεσιτικό,http://www.karanikolas-estate.gr/akinita/541,ΠΩΛΕΙΤΑΙ ΔΙΑΜΕΡΙΣΜΑ,sale,apartment,190000,81.0,2346,1,1,1982,thessaloniki,Θεσσαλονίκη-Ανατολικά,Τριανδρία,,,http://www.karanikolas-estate.gr/sites/default/files/styles/thumbnail/public/53151677_7_b.jpeg?itok=YV2TU_AR,,,2026-09-27,2026-09-27T13:05:47Z
karanikolas-estate.gr,Καρανικόλας Μεσιτικό,http://www.karanikolas-estate.gr/akinita/542,ΠΩΛΕΙΤΑΙ ΔΙΑΜΕΡΙΣΜΑ,sale,apartment,122000,96.0,1271,2,2,1976,thessaloniki,Θεσσαλονίκη,Θεσσαλονίκη Copyright © 2026 All rights reserved Το,,,http://www.karanikolas-estate.gr/sites/default/files/styles/thumbnail/public/689516250_1511388534331400_9072567603420718618_n.jpg?itok=M4Izr78v,,,2026-09-27,2026-09-27T13:05:57Z
karanikolas-estate.gr,Καρανικόλας Μεσιτικό,http://www.karanikolas-estate.gr/akinita/543,ΠΩΛΕΙΤΑΙ ΔΙΑΜΕΡΙΣΜΑ με χαρακτηριστικά Μονοκατοικίας,sale,apartment,190000,112.0,1696,1,1,1982,unknown,,,,,http://www.karanikolas-estate.gr/sites/default/files/styles/thumbnail/public/_Viber_2026-05-17_21-40-04-824.jpg?itok=kaE47rzK,,,2026-09-27,2026-09-27T13:06:07Z
karanikolas-estate.gr,Καρανικόλας Μεσιτικό,http://www.karanikolas-estate.gr/akinita/544,ΕΝΟΙΚΙΑΖΕΤΑΙ ΔΙΑΜΕΡΙΣΜΑ,rent,apartment,,55.0,,1,1,1978,thessaloniki,Θεσσαλονίκη-Ανατολικά,Τούμπα,,,http://www.karanikolas-estate.gr/sites/default/files/styles/thumbnail/public/Photo_1781606697745.jpg?itok=sevPGMox,,,2026-09-27,2026-09-27T13:06:17Z
karanikolas-estate.gr,Καρανικόλας Μεσιτικό,http://www.karanikolas-estate.gr/akinita/546,ΕΝΟΙΚΙΑΖΕΤΑΙ ΔΙΑΜΕΡΙΣΜΑ,rent,apartment,,80.0,,1,1,1976,thessaloniki,Θεσσαλονίκη-Ανατολικά,Τούμπα,,,http://www.karanikolas-estate.gr/sites/default/files/styles/thumbnail/public/56358313_2_b.jpeg?itok=7i1ueKa2,,,2026-09-27,2026-09-27T13:06:27Z
karanikolas-estate.gr,Καρανικόλας Μεσιτικό,http://www.karanikolas-estate.gr/akinita/547,Ενοικιάζεται Διαμέρισμα,rent,apartment,,60.0,,1,1,1978,thessaloniki,Θεσσαλονίκη,Θεσσαλονίκη Copyright © 2026 All rights reserved Το,,,http://www.karanikolas-estate.gr/sites/default/files/styles/thumbnail/public/_Viber_2026-08-25_13-31-36-065.jpg?itok=M8TNhfaY,,,2026-09-27,2026-09-27T13:06:37Z
delta-akinita.gr,DELTA AKINITA,https://www.delta-akinita.gr/property/483/Oikopedo-Echedoros,Οικόπεδο 530 τ.μ. - Delta Akinita,,land,,530.0,,,,,thessaloniki,Θεσσαλονίκη,Θεσσαλονίκη Περιφ/κοί δήμοι,,,https://www.delta-akinita.gr/images/properties/1-4831046.jpg,,,2026-09-27,2026-09-27T13:03:17Z
delta-akinita.gr,DELTA AKINITA,https://www.delta-akinita.gr/property/480/Oikopedo-Echedoros,Οικόπεδο 1225 τ.μ. - Delta Akinita,sale,land,200000,1225.0,163,,,,thessaloniki,Θεσσαλονίκη,Θεσσαλονίκη Περιφ/κοί δήμοι,,,https://www.delta-akinita.gr/images/properties/1-4802196.jpg,,,2026-09-27,2026-09-27T13:03:20Z
delta-akinita.gr,DELTA AKINITA,https://www.delta-akinita.gr/property/304/Monokatoikia-Axios,Μονοκατοικία 105 τ.μ. - Delta Akinita,sale,house,95000,105.0,905,2,,1987,thessaloniki,Θεσσαλονίκη,Θεσσαλονίκη Περιφ/κοί δήμοι,,,https://www.delta-akinita.gr/images/properties/1-3047219.jpg,,,2026-09-27,2026-09-27T13:03:47Z
delta-akinita.gr,DELTA AKINITA,https://www.delta-akinita.gr/property/276/Agrotemachio-Echedoros,Αγροτεμάχιο 38000 τ.μ. - Delta Akinita,sale,land,680000,38000.0,18,,,,thessaloniki,Θεσσαλονίκη,Θεσσαλονίκη Περιφ/κοί δήμοι,,,https://www.delta-akinita.gr/images/properties/1-2764634.jpg,,,2026-09-27,2026-09-27T13:05:55Z
delta-akinita.gr,DELTA AKINITA,https://www.delta-akinita.gr/property/474/Ktirio%20Oikistiko-Echedoros,Κτίριο Οικιστικό 240 τ.μ. - Delta Akinita,sale,building,105000,240.0,438,3,1,1961,thessaloniki,Θεσσαλονίκη,Θεσσαλονίκη Περιφ/κοί δήμοι,,,https://www.delta-akinita.gr/images/properties/1-4743321.jpg,,,2026-09-27,2026-09-27T13:06:23Z
delta-akinita.gr,DELTA AKINITA,https://www.delta-akinita.gr/property/466/Mezoneta-Oraiokastro,Μεζονέτα 205 τ.μ. - Delta Akinita,sale,maisonette,210000,205.0,1024,4,1,2004,thessaloniki,Ωραιόκαστρο,Θεσσαλονίκη Περιφ/κοί δήμοι,,,https://www.delta-akinita.gr/images/properties/1-4668480.jpg,,,2026-09-27,2026-09-27T13:06:38Z
casa-dk.gr,Casa Dk,https://www.casa-dk.gr/property/694/Agrotemachio-Moudania,Αγροτεμάχιο 350 τ.μ. - Μεσιτικό Γραφείο Casa Dk,,land,20000,350.0,57,,,,other,,Θεσσαλονίκη ΤΚ: 54624 2315558083 casadk.realestate@,,,https://www.casa-dk.gr/images/properties/16941897.jpg,,,2026-09-27,2026-09-27T13:03:34Z
casa-dk.gr,Casa Dk,https://www.casa-dk.gr/property/727/Katastima-Thessaloniki%20kentro,Κατάστημα 33 τ.μ. - Μεσιτικό Γραφείο Casa Dk,,store,,33.0,,,ισόγειο,1968,thessaloniki,Θεσσαλονίκη,Θεσσαλονίκης,,,https://www.casa-dk.gr/images/properties/17278471.jpg,,,2026-09-27,2026-09-27T13:03:52Z
casa-dk.gr,Casa Dk,https://www.casa-dk.gr/property/504/Biomichanikos%20Choros-Kallithea,Βιομηχανικός Χώρος 1400 τ.μ. - Μεσιτικό Γραφείο Casa Dk,sale,warehouse,600000,1400.0,429,1,1,2007,thessaloniki,Θεσσαλονίκη,Θεσσαλονίκη Περιφ/κοί δήμοι,,,https://www.casa-dk.gr/images/properties/15046202.jpg,,,2026-09-27,2026-09-27T13:06:08Z
casa-dk.gr,Casa Dk,https://www.casa-dk.gr/property/722/Apothiki-Thessaloniki%20kentro,Αποθήκη 81 τ.μ. - Μεσιτικό Γραφείο Casa Dk,sale,warehouse,36000,81.0,444,,υπόγειο,1965,thessaloniki,Θεσσαλονίκη,Θεσσαλονίκης,,,https://www.casa-dk.gr/images/properties/1722328.jpg,,,2026-09-27,2026-09-27T13:06:14Z
elegancerealestate.gr,ELEGANCE REAL ESTATE,https://www.elegancerealestate.gr/property/3335,"Προς πώληση διαμέρισμα πλήρως ανακαινισμένο στην δίπλα στην στάση μετρό ""Ευκλείδη""! - Μεσιτικό Γραφείο Elegance Real Estate",sale,apartment,205000,50.7,4043,,2,1970,thessaloniki,Θεσσαλονίκη,Θεσσαλονίκης,,,https://www.elegancerealestate.gr/images/properties/1-33359312.jpg,,,2026-09-27,2026-09-27T13:05:57Z
elegancerealestate.gr,ELEGANCE REAL ESTATE,https://www.elegancerealestate.gr/property/3336,"Προς πώληση γκαρσονιέρα ευρύχωρη, πλήρως ανακαινισμένη δίπλα στην στάση μετρό ""Ευκλείδη""! - Μεσιτικό Γραφείο Elegance Real Estate",sale,studio,138000,37.3,3697,,2,1970,thessaloniki,Θεσσαλονίκη,Θεσσαλονίκης,,,https://www.elegancerealestate.gr/images/properties/1-3336252.jpg,,,2026-09-27,2026-09-27T13:05:59Z
elegancerealestate.gr,ELEGANCE REAL ESTATE,https://www.elegancerealestate.gr/property/3337,"Ενοικιάζεται μοναδικό διαμέρισμα με σύγχρονη ανακαίνιση και επίπλωση σε καταπληκτικό σημείο δίπλα στην στάση μετρό ""Φλέμινγκ""!!! - Μεσιτικό Γραφείο Elegance Real Estate",rent,apartment,,85.0,,,1,1973,thessaloniki,Θεσσαλονίκη,Θεσσαλονίκης,,,https://www.elegancerealestate.gr/images/properties/1-33378027.jpg,,,2026-09-27,2026-09-27T13:06:03Z
elegancerealestate.gr,ELEGANCE REAL ESTATE,https://www.elegancerealestate.gr/property/2853,"Πωλείται άνετη γκαρσονιέρα στο Φάληρο δίπλα στη Στάση Μετρό ""Ευκλείδης"" - Μεσιτικό Γραφείο Elegance Real Estate",sale,studio,125000,31.0,4032,,5,1969,thessaloniki,Θεσσαλονίκη-Ανατολικά,Θεσσαλονίκης,,,https://www.elegancerealestate.gr/images/properties/2-28536586.jpg,,,2026-09-27,2026-09-27T13:06:26Z
elegancerealestate.gr,ELEGANCE REAL ESTATE,https://www.elegancerealestate.gr/property/3332,Πωλείται μοναδικό διαμέρισμα με σύγχρονη ανακαίνιση σε καταπληκτικό σημείο!!! - Μεσιτικό Γραφείο Elegance Real Estate,sale,apartment,173000,56.0,3089,,5,1970,thessaloniki,Θεσσαλονίκη,Θεσσαλονίκης,,,https://www.elegancerealestate.gr/images/properties/1-33321480.jpg,,,2026-09-27,2026-09-27T13:06:28Z
elegancerealestate.gr,ELEGANCE REAL ESTATE,https://www.elegancerealestate.gr/property/2891,Πωλείται καταπληκτικό στούντιο πλήρως ανακαινισμένο και επιπλωμένο σε τέλεια τοποθεσία!! - Μεσιτικό Γραφείο Elegance Real Estate,sale,studio,110000,27.0,4074,,4,1966,thessaloniki,Θεσσαλονίκη,Θεσσαλονίκης,,,https://www.elegancerealestate.gr/images/properties/2-289194.jpg,,,2026-09-27,2026-09-27T13:06:43Z
elegancerealestate.gr,ELEGANCE REAL ESTATE,https://www.elegancerealestate.gr/property/3329,"Καταπληκτική Επιπλωμένη Γκαρσονιέρα στην Μαρτίου -Άμεση Πρόσβαση στο Μετρό!!
Άκρως Επενδυτική - Μεσιτικό Γραφείο Elegance Real Estate",sale,studio,165000,44.0,3750,,2,1978,thessaloniki,Θεσσαλονίκη-Ανατολικά,Θεσσαλονίκης,,,https://www.elegancerealestate.gr/images/properties/6-33297652.jpg,,,2026-09-27,2026-09-27T13:06:46Z
elegancerealestate.gr,ELEGANCE REAL ESTATE,https://www.elegancerealestate.gr/property/2769,Premium Γραφείο Εξοπλισμένο Με πολλαπλά Αυτόνομα Γραφεία &Meeting Room. - Μεσιτικό Γραφείο Elegance Real Estate,sale,office,285000,160.0,1781,,5,2008,thessaloniki,Θεσσαλονίκη,Θεσσαλονίκης,,,https://www.elegancerealestate.gr/images/properties/6-27692950.jpg,,,2026-09-27,2026-09-27T13:06:49Z
ai-golden.com,GOLDEN REAL ESTATE AI OE,https://www.ai-golden.com/property/349,"ΔΙΩΡΟΦΟ ΔΙΑΜΕΡΙΣΜΑ, ΘΕΡΜΗ, ΘΕΣΣΑΛΟΝΙΚΗ  - Ai Golden Real Estate",sale,apartment,247000,77.0,3208,1,2,,thessaloniki,Θέρμη,Θεσσαλονίκη Περιφ/κοί δήμοι,,,https://www.ai-golden.com/images/properties/20-ERM-3496833.jpg,,,2026-09-27,2026-09-27T13:06:40Z
ai-golden.com,GOLDEN REAL ESTATE AI OE,https://www.ai-golden.com/property/348,Διαμέρισμα 76 τ.μ. - Ai Golden Real Estate,sale,apartment,243000,76.0,3197,1,2,,thessaloniki,Θεσσαλονίκη,Θεσσαλονίκη Περιφ/κοί δήμοι,,,https://www.ai-golden.com/images/properties/20-ERM-3487941.jpg,,,2026-09-27,2026-09-27T13:06:44Z
ai-golden.com,GOLDEN REAL ESTATE AI OE,https://www.ai-golden.com/property/338,"ΔΙΩΡΟΦΟ ΔΙΑΜΕΡΙΣΜΑ, ΘΕΡΜΗ, ΘΕΣΣΑΛΟΝΙΚΗ - Ai Golden Real Estate",sale,apartment,320000,101.0,3168,1,1,,thessaloniki,Θέρμη,Θεσσαλονίκη Περιφ/κοί δήμοι,,,https://www.ai-golden.com/images/properties/20-ERM-3387314.jpg,,,2026-09-27,2026-09-27T13:06:47Z
ai-golden.com,GOLDEN REAL ESTATE AI OE,https://www.ai-golden.com/property/339,"ΔΙΩΡΟΦΟ ΔΙΑΜΕΡΙΣΜΑ, ΘΕΡΜΗ, ΘΕΣΣΑΛΟΝΙΚΗ  - Ai Golden Real Estate",sale,apartment,250000,78.0,3205,1,2,,thessaloniki,Θέρμη,Θεσσαλονίκη Περιφ/κοί δήμοι,,,https://www.ai-golden.com/images/properties/20-ERM-339237.jpg,,,2026-09-27,2026-09-27T13:06:50Z
ai-golden.com,GOLDEN REAL ESTATE AI OE,https://www.ai-golden.com/property/340,"ΔΙΩΡΟΦΟ ΔΙΑΜΕΡΙΣΜΑ, ΘΕΡΜΗ, ΘΕΣΣΑΛΟΝΙΚΗ - Ai Golden Real Estate",sale,apartment,292000,91.0,3209,2,2,,thessaloniki,Θέρμη,Θεσσαλονίκη Περιφ/κοί δήμοι,,,https://www.ai-golden.com/images/properties/20-ERM-3402620.jpg,,,2026-09-27,2026-09-27T13:06:52Z
ai-golden.com,GOLDEN REAL ESTATE AI OE,https://www.ai-golden.com/property/214,"ΔΙΩΡΟΦΟ ΔΙΑΜΕΡΙΣΜΑ, ΘΕΡΜΗ, ΘΕΣΣΑΛΟΝΙΚΗ - Ai Golden Real Estate",sale,apartment,282000,88.0,3205,2,2,2026,thessaloniki,Θέρμη,Θεσσαλονίκη Περιφ/κοί δήμοι,,,https://www.ai-golden.com/images/properties/20-ERM-2148684.jpg,,,2026-09-27,2026-09-27T13:06:55Z
balaskasproperties.gr,BALASKAS Properties,https://balaskasproperties.gr/property/640,ΒΙ.ΠΕ ΣΙΝΔΟΥ Βιομηχανκός χώρος 1230 τμ σε αγροτεμάχιο 3400τμ - Γιώργος Μπαλάσκας,sale,land,680000,1230.0,553,,ισόγειο,1998,thessaloniki,Θεσσαλονίκη,Θεσσαλονίκη Περιφ/κοί δήμοι,,,https://balaskasproperties.gr/images/properties/1-6408609.jpg,,,2026-09-27,2026-09-27T13:03:49Z
balaskasproperties.gr,BALASKAS Properties,https://balaskasproperties.gr/property/840,ΠΩΛΕΙΤΑΙ ΕΝΑ ΕΞΑΙΡΕΤΙΚΟ ΥΠΕΡ LUX SMART ΚΑΤΑΣΚΕΥΗΣ ΟΡΟΦΟΔΙΑΜΕΡΙΣΜΑ 156τμ 5ου ΟΡΟΦΟΥ στην Αρετσού της Καλαμαριάς ME  ΑΠΕΡΙΟΡΙΣΤΗ ΘΕΑ ΣΤΗ ΘΑΛΑΣΣΑ ΚΑΙ ΜΕΓΑΛΗ ΑΝΟΙΧΤΩΣΙΑ ΣΕ ΠΑΡΚΟ ΓΙΑ ΑΠΑΙΤΗΤΙΚΟΥΣ ΠΕΛΑΤΕΣ!!,sale,apartment,780000,156.0,5000,3,5,,thessaloniki,Καλαμαριά,Καλαμαριά,,,https://balaskasproperties.gr/images/properties/5-8338213.jpg,,,2026-09-27,2026-09-27T13:03:52Z
balaskasproperties.gr,BALASKAS Properties,https://balaskasproperties.gr/property/832,ΕΞΑΙΡΕΤΙΚΟ ΑΚΙΝΗΤΟ ΜΕ ΑΠΕΡΙΟΡΙΣΤΗ ΘΕΑ ΣΤΗ ΘΑΛΑΣΣΑ !!! - Γιώργος Μπαλάσκας,sale,,320000,72.0,4444,2,4,1969,thessaloniki,Θεσσαλονίκη,Θεσσαλονίκη Περιφ/κοί δήμοι,,,https://balaskasproperties.gr/images/properties/5-8323307.jpg,,,2026-09-27,2026-09-27T13:05:56Z
balaskasproperties.gr,BALASKAS Properties,https://balaskasproperties.gr/property/641,Βιοτεχνικό κτήριο 3200τμ σε αγροτεμάχιο 5000τμ  - Γιώργος Μπαλάσκας,sale,land,550000,3200.0,172,,ισόγειο,1969,thessaloniki,Θεσσαλονίκη,Θεσσαλονίκη Περιφ/κοί δήμοι,,,https://balaskasproperties.gr/images/properties/1-6414812.jpg,,,2026-09-27,2026-09-27T13:05:58Z
balaskasproperties.gr,BALASKAS Properties,https://balaskasproperties.gr/property/821,ΕΞΑΙΡΕΤΙΚΟ ΚΕΝΤΡΙΚΟ ΔΙΑΜΕΡΙΣΜΑ ΥΠΟ ΚΑΤΑΣΚΕΥΗ! - Γιώργος Μπαλάσκας,sale,apartment,320000,79.0,4051,2,2,,thessaloniki,Θεσσαλονίκη,Θεσσαλονίκη Περιφ/κοί δήμοι,,,https://balaskasproperties.gr/images/properties/5-821155.jpg,,,2026-09-27,2026-09-27T13:06:00Z
balaskasproperties.gr,BALASKAS Properties,https://balaskasproperties.gr/property/748,ΠΑΠΑΦΗ ΠΩΛΕΙΤΑΙ ΔΙΑΜΕΡΙΣΜΑ ΣΕ ΝΕΟΔΜΗΤΗ ΠΕΡΙΟΧΗ - Γιώργος Μπαλάσκας,sale,apartment,167000,52.3,3194,1,4,2025,thessaloniki,Θεσσαλονίκη,Θεσσαλονίκης,,,https://balaskasproperties.gr/images/properties/2-7463558.jpg,,,2026-09-27,2026-09-27T13:06:03Z
balaskasproperties.gr,BALASKAS Properties,https://balaskasproperties.gr/property/497,Υπέροχη γκαρσονιέρα ψηλού ορόφου - Γιώργος Μπαλάσκας,sale,studio,205000,56.0,3661,1,7,,thessaloniki,Θεσσαλονίκη,Θεσσαλονίκης,,,https://balaskasproperties.gr/images/properties/2-4977650.jpg,,,2026-09-27,2026-09-27T13:06:06Z
balaskasproperties.gr,BALASKAS Properties,https://balaskasproperties.gr/property/200,ΒΙΟΤΕΧΝΙΚΟ ΚΤΗΡΙΟ 3000ΤΜ ΣΕ ΑΓΡΟΤΕΜΑΧΙΟ 11ΣΤΡ - Γιώργος Μπαλάσκας,sale,land,1090000,3000.0,363,,ισόγειο,1982,thessaloniki,Θεσσαλονίκη,Θεσσαλονίκη Περιφ/κοί δήμοι,,,https://balaskasproperties.gr/images/properties/1-2006387.jpg,,,2026-09-27,2026-09-27T13:06:09Z
balaskasproperties.gr,BALASKAS Properties,https://balaskasproperties.gr/property/808,Εξαιρετικό κατάστημα μόλις 120 μέτρα από την στάση μετρό. - Γιώργος Μπαλάσκας,sale,store,450000,226.0,1991,,ισόγειο,2000,thessaloniki,Θεσσαλονίκη,Θεσσαλονίκης,,,https://balaskasproperties.gr/images/properties/2-8086212.jpg,,,2026-09-27,2026-09-27T13:06:12Z
balaskasproperties.gr,BALASKAS Properties,https://balaskasproperties.gr/property/796,Εξαιρετικό γραφείο προς ενοικίαση! - Γιώργος Μπαλάσκας,rent,office,,67.0,,,4,1970,thessaloniki,Θεσσαλονίκη,Θεσσαλονίκης,,,https://balaskasproperties.gr/images/properties/2-7964258.jpg,,,2026-09-27,2026-09-27T13:06:15Z
balaskasproperties.gr,BALASKAS Properties,https://balaskasproperties.gr/property/703,Εξαιρετικό κατάστημα σε κεντρικό δρόμο  - Γιώργος Μπαλάσκας,rent,store,1900,260.0,7,,ισόγειο,1970,thessaloniki,Θεσσαλονίκη,Θεσσαλονίκης,,,https://balaskasproperties.gr/images/properties/2-7031284.jpg,,,2026-09-27,2026-09-27T13:06:41Z
balaskasproperties.gr,BALASKAS Properties,https://balaskasproperties.gr/property/647,ΣΙΝΔΟΣ ΒΙΠΕ ΠΩΛΕΙΤΑΙ ΒΙΟΤΕΧΝΙΚΟΣ ΧΩΡΟΣ - Γιώργος Μπαλάσκας,sale,warehouse,600000,203.5,2949,,υπόγειο,1998,thessaloniki,Δέλτα,Θεσσαλονίκη Περιφ/κοί δήμοι,,,https://balaskasproperties.gr/images/properties/1-6475383.jpg,,,2026-09-27,2026-09-27T13:06:55Z
balaskasproperties.gr,BALASKAS Properties,https://balaskasproperties.gr/property/646,ΣΙΝΔΟΣ ΒΙΠΕ ΠΩΛΕΙΤΑΙ ΒΙΟΤΕΧΝΙΚΟΣ ΧΩΡΟΣ 948ΤΜ - Γιώργος Μπαλάσκας,sale,warehouse,330000,948.0,348,,ισόγειο,2004,thessaloniki,Δέλτα,Θεσσαλονίκης,,,https://balaskasproperties.gr/images/properties/1-6465515.jpg,,,2026-09-27,2026-09-27T13:06:58Z
eightrealestate.gr,Eight Real Estate,https://www.eightrealestate.gr/property/3438,Πωλείται Γκαρσονιέρα Δ2.1 / 35τ.μ. Ανάληψη (Θεσσαλονίκη) - Μεσιτικό Γραφείο Eight Real Estate,sale,studio,157000,35.0,4486,1,3,1987,thessaloniki,Θεσσαλονίκη-Ανατολικά,Θεσσαλονίκη) - Μεσιτικό Γραφείο Eight Real Estate,,,https://www.eightrealestate.gr/images/properties/1-3412607.jpg,,,2026-09-27,2026-09-27T13:05:55Z
eightrealestate.gr,Eight Real Estate,https://www.eightrealestate.gr/property/3439,Πωλείται Γκαρσονιέρα Δ2.2/ 37τ.μ. Ανάληψη (Θεσσαλονίκη) - Μεσιτικό Γραφείο Eight Real Estate,sale,studio,165000,37.0,4459,1,3,1987,thessaloniki,Θεσσαλονίκη-Ανατολικά,Θεσσαλονίκη) - Μεσιτικό Γραφείο Eight Real Estate,,,https://www.eightrealestate.gr/images/properties/1-3412607.jpg,,,2026-09-27,2026-09-27T13:05:57Z
eightrealestate.gr,Eight Real Estate,https://www.eightrealestate.gr/property/269,"Πωλείται διαμέρισμα 57τμ, 2ου ορόφου χωρίς ασανσέρ στην Μενεμένη, Θεσσαλονίκη. - Μεσιτικό Γραφείο Eight Real Estate",sale,apartment,85000,57.0,1491,2,2,1997,thessaloniki,Αμπελόκηποι-Μενεμένη,Μενεμένη,,,https://www.eightrealestate.gr/images/properties/1-2691553.jpg,,,2026-09-27,2026-09-27T13:06:22Z
eightrealestate.gr,Eight Real Estate,https://www.eightrealestate.gr/property/3015,Πωλείται Εξαιρετική Τριώροφη Μεζονέτα 180 τ.μ. στο Παλαιόκαστρο Ωραιοκάστρου - Μεσιτικό Γραφείο Eight Real Estate,sale,maisonette,250000,180.0,1389,4,1,2002,thessaloniki,Ωραιόκαστρο,Θεσσαλονίκη Περιφ/κοί δήμοι,,,https://www.eightrealestate.gr/images/properties/1-30159729.jpg,,,2026-09-27,2026-09-27T13:06:25Z
eightrealestate.gr,Eight Real Estate,https://www.eightrealestate.gr/property/2833,Πωλείται πολυτελής Γκαρσονιέρα / Studio 45 τ.μ. – Σταθμός ΟΣΕ (Βαρδάρης) - Μεσιτικό Γραφείο Eight Real Estate,sale,studio,99000,45.0,2200,1,3,1979,thessaloniki,Θεσσαλονίκη-Κέντρο,Θεσσαλονίκη Περιφ/κοί δήμοι,,,https://www.eightrealestate.gr/images/properties/1-28338703.jpg,,,2026-09-27,2026-09-27T13:06:29Z
eightrealestate.gr,Eight Real Estate,https://www.eightrealestate.gr/property/3401,Γκαρσονιέρα/Studio 44 τ.μ. - Μεσιτικό Γραφείο Eight Real Estate,sale,studio,147000,44.0,3341,1,3,1977,thessaloniki,Θεσσαλονίκη,Θεσσαλονίκης,,,https://www.eightrealestate.gr/images/properties/shared_4-37849089.jpg,,,2026-09-27,2026-09-27T13:06:43Z
eightrealestate.gr,Eight Real Estate,https://www.eightrealestate.gr/property/3404,Γκαρσονιέρα/Studio 42 τ.μ. - Μεσιτικό Γραφείο Eight Real Estate,sale,studio,169000,42.0,4024,,1,1984,thessaloniki,Θεσσαλονίκη,Θεσσαλονίκη Περιφ/κοί δήμοι,,,https://www.eightrealestate.gr/images/properties/shared_3-38982941.jpg,,,2026-09-27,2026-09-27T13:06:57Z
eightrealestate.gr,Eight Real Estate,https://www.eightrealestate.gr/property/3405,ΠΩΛΕΙΤΑΙ πλήρως και πολυτελώς ανακαινισμένη εμπρόσθια γκαρσονιέρα 43τμ - Μεσιτικό Γραφείο Eight Real Estate,sale,studio,125000,43.0,2907,1,1,1970,thessaloniki,Θεσσαλονίκη,Θεσσαλονίκης,,,https://www.eightrealestate.gr/images/properties/shared_4-37354704.jpg,,,2026-09-27,2026-09-27T13:07:00Z
eightrealestate.gr,Eight Real Estate,https://www.eightrealestate.gr/property/3396,Διαμέρισμα 59 τ.μ. - Μεσιτικό Γραφείο Eight Real Estate,sale,apartment,137000,59.0,2322,2,3,1967,thessaloniki,Θεσσαλονίκη,Θεσσαλονίκης,,,https://www.eightrealestate.gr/images/properties/shared_4-38956328.jpg,,,2026-09-27,2026-09-27T13:07:03Z
eightrealestate.gr,Eight Real Estate,https://www.eightrealestate.gr/property/3410,"Πωλείται Ανακαινισμένη & Επιπλωμένη Γκαρσονιέρα 31 τ.μ. στην Ανάληψη, Θεσσαλονίκη - Μεσιτικό Γραφείο Eight Real Estate",sale,studio,135000,31.0,4355,1,3,1968,thessaloniki,Θεσσαλονίκη-Ανατολικά,Θεσσαλονίκη - Μεσιτικό Γραφείο Eight Real Estate  Π,,,https://www.eightrealestate.gr/images/properties/1-34106051.jpg,,,2026-09-27,2026-09-27T13:07:06Z
concepthouse.gr,CONCEPT HOUSE REAL ESTATE,https://www.concepthouse.gr/property/883,Διαμέρισμα 60 τ.μ. - Concept House Real Estate,,apartment,,60.0,,1,2,1985,thessaloniki,Θεσσαλονίκη,Θεσσαλονίκη Περιφ/κοί δήμοι,,,https://www.concepthouse.gr/images/properties/1-8831983.jpg,,,2026-09-27,2026-09-27T13:03:44Z
concepthouse.gr,CONCEPT HOUSE REAL ESTATE,https://www.concepthouse.gr/property/882,Διαμέρισμα 60 τ.μ. - Concept House Real Estate,,apartment,,60.0,,1,3,1971,thessaloniki,Θεσσαλονίκη,Θεσσαλονίκη Περιφ/κοί δήμοι,,,https://www.concepthouse.gr/images/properties/1-8826093.jpg,,,2026-09-27,2026-09-27T13:03:47Z
concepthouse.gr,CONCEPT HOUSE REAL ESTATE,https://www.concepthouse.gr/property/881,Μεζονέτα 120 τ.μ. - Concept House Real Estate,sale,maisonette,145000,120.0,1208,3,ισόγειο,1997,thessaloniki,Θεσσαλονίκη,Θεσσαλονίκη Περιφ/κοί δήμοι,,,https://www.concepthouse.gr/images/properties/1-8817923.jpg,,,2026-09-27,2026-09-27T13:03:50Z
concepthouse.gr,CONCEPT HOUSE REAL ESTATE,https://www.concepthouse.gr/property/409,ΕΝΟΙΚΙΑΖΕΤΑΙ ΜΕΤΗΝ ΗΜΕΡΑ διαμέρισμα 1ΔΣΚ  - Concept House Real Estate,rent,apartment,,50.0,,1,1,2006,thessaloniki,Θεσσαλονίκη,Θεσσαλονίκη Περιφ/κοί δήμοι,,,https://www.concepthouse.gr/images/properties/1-4092210.jpg,,,2026-09-27,2026-09-27T13:05:55Z
concepthouse.gr,CONCEPT HOUSE REAL ESTATE,https://www.concepthouse.gr/property/577,Διαμέρισμα 94 τ.μ. - Concept House Real Estate,sale,apartment,265000,94.0,2819,2,2,2024,thessaloniki,Θεσσαλονίκη,Θεσσαλονίκη Περιφ/κοί δήμοι,,,https://www.concepthouse.gr/images/properties/1-5753304.jpg,,,2026-09-27,2026-09-27T13:06:08Z
concepthouse.gr,CONCEPT HOUSE REAL ESTATE,https://www.concepthouse.gr/property/576,Διαμέρισμα 94 τ.μ. - Concept House Real Estate,sale,apartment,255000,94.0,2713,2,1,2024,thessaloniki,Θεσσαλονίκη,Θεσσαλονίκη Περιφ/κοί δήμοι,,,https://www.concepthouse.gr/images/properties/1-5769463.jpg,,,2026-09-27,2026-09-27T13:06:11Z
concepthouse.gr,CONCEPT HOUSE REAL ESTATE,https://www.concepthouse.gr/property/880,Διαμέρισμα 75 τ.μ. - Concept House Real Estate,,apartment,,75.0,,2,1,1980,thessaloniki,Θεσσαλονίκη,Θεσσαλονίκη Περιφ/κοί δήμοι,,,https://www.concepthouse.gr/images/properties/1-8801366.jpg,,,2026-09-27,2026-09-27T13:06:17Z
concepthouse.gr,CONCEPT HOUSE REAL ESTATE,https://www.concepthouse.gr/property/765,Διαμέρισμα 99 τ.μ. - Concept House Real Estate,sale,apartment,297000,99.0,3000,2,1,2025,thessaloniki,Θεσσαλονίκη,Θεσσαλονίκη Περιφ/κοί δήμοι,,,https://www.concepthouse.gr/images/properties/1-763155.jpg,,,2026-09-27,2026-09-27T13:06:31Z
concepthouse.gr,CONCEPT HOUSE REAL ESTATE,https://www.concepthouse.gr/property/542,Διαμέρισμα 65 τ.μ. - Concept House Real Estate,sale,apartment,220000,65.0,3385,1,2,2025,thessaloniki,Θεσσαλονίκη,Θεσσαλονίκη Περιφ/κοί δήμοι,,,https://www.concepthouse.gr/images/properties/1-5421019.jpg,,,2026-09-27,2026-09-27T13:06:34Z
concepthouse.gr,CONCEPT HOUSE REAL ESTATE,https://www.concepthouse.gr/property/546,ΠΩΛΕΙΤΑΙ διαμέρισμα στον 2ο όροφο με φυτεμένο δώμα  - Concept House Real Estate,sale,apartment,350000,132.0,2652,3,2,2025,thessaloniki,Θεσσαλονίκη,Θεσσαλονίκη Περιφ/κοί δήμοι,,,https://www.concepthouse.gr/images/properties/1-5464597.jpg,,,2026-09-27,2026-09-27T13:06:37Z
concepthouse.gr,CONCEPT HOUSE REAL ESTATE,https://www.concepthouse.gr/property/706,Διαμέρισμα 51 τ.μ. - Concept House Real Estate,sale,apartment,190000,51.0,3725,1,2,2024,thessaloniki,Θεσσαλονίκη,Θεσσαλονίκη Περιφ/κοί δήμοι,,,https://www.concepthouse.gr/images/properties/1-7066841.jpg,,,2026-09-27,2026-09-27T13:06:51Z
concepthouse.gr,CONCEPT HOUSE REAL ESTATE,https://www.concepthouse.gr/property/869,Διαμέρισμα 66 τ.μ. - Concept House Real Estate,sale,apartment,175000,66.0,2652,1,1,2025,thessaloniki,Θεσσαλονίκη,Θεσσαλονίκη Περιφ/κοί δήμοι,,,https://www.concepthouse.gr/images/properties/1-8699312.jpg,,,2026-09-27,2026-09-27T13:06:54Z
concepthouse.gr,CONCEPT HOUSE REAL ESTATE,https://www.concepthouse.gr/property/173,Κατάστημα 70 τ.μ. - Concept House Real Estate,sale,house,235000,70.0,3357,,ισόγειο,2022,thessaloniki,Θεσσαλονίκη,Θεσσαλονίκη Περιφ/κοί δήμοι,,,https://www.concepthouse.gr/images/properties/1-1736838.jpg,,,2026-09-27,2026-09-27T13:07:53Z
elysianestate.gr,Elysian Luxury Real Estate,https://www.elysianestate.gr/property/1722,Villa 122 sq.m. - Elysian Real Estate,sale,house,420000,122.0,3443,3,ground,,unknown,,,,,https://www.elysianestate.gr/images/properties/ELS17227573.jpg,,,2026-09-27,2026-09-27T13:05:56Z
elysianestate.gr,Elysian Luxury Real Estate,https://www.elysianestate.gr/property/1720,Apartment 75 sq.m. - Elysian Real Estate,,apartment,,75.0,,1,ground,,unknown,,,,,https://www.elysianestate.gr/images/properties/ELS-R17205677.jpg,,,2026-09-27,2026-09-27T13:05:57Z
elysianestate.gr,Elysian Luxury Real Estate,https://www.elysianestate.gr/property/1717,Apartment 91 sq.m. - Elysian Real Estate,,apartment,,91.0,,2,2,,unknown,,,,,https://www.elysianestate.gr/images/properties/ELS-R17179556.jpg,,,2026-09-27,2026-09-27T13:06:00Z
elysianestate.gr,Elysian Luxury Real Estate,https://www.elysianestate.gr/property/1716,House 400 sq.m. - Elysian Real Estate,sale,house,1350000,400.0,3375,5,3,,unknown,,,,,https://www.elysianestate.gr/images/properties/ELS1716262.jpg,,,2026-09-27,2026-09-27T13:06:03Z
elysianestate.gr,Elysian Luxury Real Estate,https://www.elysianestate.gr/property/1713,Apartment 80 sq.m. - Elysian Real Estate,sale,apartment,85000,80.0,1062,2,2,,unknown,,,,,https://www.elysianestate.gr/images/properties/ELS17137113.jpg,,,2026-09-27,2026-09-27T13:06:17Z
elysianestate.gr,Elysian Luxury Real Estate,https://www.elysianestate.gr/property/755,Maisonette 132 sq.m. - Elysian Real Estate,sale,maisonette,333000,132.0,2523,3,ground,,unknown,,,,,https://www.elysianestate.gr/images/properties/ELS7555981.jpg,,,2026-09-27,2026-09-27T13:06:20Z
elysianestate.gr,Elysian Luxury Real Estate,https://www.elysianestate.gr/property/220,Maisonette 130 sq.m. - Elysian Real Estate,sale,maisonette,350000,130.0,2692,3,2,,unknown,,,,,https://www.elysianestate.gr/images/properties/ELS2162038.jpg,,,2026-09-27,2026-09-27T13:06:23Z
elysianestate.gr,Elysian Luxury Real Estate,https://www.elysianestate.gr/property/1607,Studio 34 sq.m. - Elysian Real Estate,sale,studio,200000,34.0,5882,,2,,unknown,,,,,https://www.elysianestate.gr/images/properties/ELS16067568.jpg,,,2026-09-27,2026-09-27T13:06:38Z
elysianestate.gr,Elysian Luxury Real Estate,https://www.elysianestate.gr/property/1694,Maisonette 67 sq.m. - Elysian Real Estate,,maisonette,,67.0,,1,2,,unknown,,,,,https://www.elysianestate.gr/images/properties/ELS-R16948855.jpg,,,2026-09-27,2026-09-27T13:06:41Z
elysianestate.gr,Elysian Luxury Real Estate,https://www.elysianestate.gr/property/1464,Maisonette 165 sq.m. - Elysian Real Estate,sale,maisonette,1150000,165.0,6970,3,ground,,unknown,,,,,https://www.elysianestate.gr/images/properties/ELS14643447.jpg,,,2026-09-27,2026-09-27T13:06:44Z
elysianestate.gr,Elysian Luxury Real Estate,https://www.elysianestate.gr/property/1306,Maisonette 150 sq.m. - Elysian Real Estate,sale,maisonette,650000,150.0,4333,5,ground,,unknown,,,,,https://www.elysianestate.gr/images/properties/ELS13066031.jpg,,,2026-09-27,2026-09-27T13:06:47Z
elysianestate.gr,Elysian Luxury Real Estate,https://www.elysianestate.gr/property/1710,Apartment 65 sq.m. - Elysian Real Estate,,apartment,,65.0,,2,2,,unknown,,,,,https://www.elysianestate.gr/images/properties/ELS-R17106389.jpg,,,2026-09-27,2026-09-27T13:07:01Z
elysianestate.gr,Elysian Luxury Real Estate,https://www.elysianestate.gr/property/1705,Apartment 115 sq.m. - Elysian Real Estate,,apartment,,115.0,,3,3,,unknown,,,,,https://www.elysianestate.gr/images/properties/ELS-R17054087.jpg,,,2026-09-27,2026-09-27T13:07:04Z
terrahomes.gr,TERRA HOMES,https://www.terrahomes.gr/property/29019,Εξαιρετικό ακίνητο με θέα την ακρόπολη - TERRA & HOMES,sale,,2000000,250.0,8000,,5,1998,unknown,,"Thesssaloniki, Greece",,,https://www.terrahomes.gr/images/properties/324290194561.jpg,,,2026-09-27,2026-09-27T13:07:43Z
terrahomes.gr,TERRA HOMES,https://www.terrahomes.gr/property/28993,Δυο μοναδικές βίλες με θέα το απέραντο γαλάζιο του Ιονίου! - TERRA & HOMES,sale,,1573000,272.0,5783,,,,unknown,,"Thesssaloniki, Greece",,,https://www.terrahomes.gr/images/properties/327289934921.jpg,,,2026-09-27,2026-09-27T13:07:49Z
terrahomes.gr,TERRA HOMES,https://www.terrahomes.gr/property/28943,Μεζονέτα στην επέκταση Θέρμης - TERRA & HOMES,sale,maisonette,455000,159.0,2862,,2,2025,thessaloniki,Θέρμη,"Thesssaloniki, Greece",,,https://www.terrahomes.gr/images/properties/327289431683.jpg,,,2026-09-27,2026-09-27T13:07:52Z
terrahomes.gr,TERRA HOMES,https://www.terrahomes.gr/property/28876,Μονοκατοικία 184 τ.μ. - TERRA & HOMES,sale,house,550000,184.0,2989,,,,unknown,,"Thesssaloniki, Greece",,,https://www.terrahomes.gr/images/properties/322288767174.jpg,,,2026-09-27,2026-09-27T13:08:01Z
terrahomes.gr,TERRA HOMES,https://www.terrahomes.gr/property/29016,Μεζονέτα 205 τ.μ. - TERRA & HOMES,sale,maisonette,310000,205.0,1512,4,1,2001,unknown,,"Thesssaloniki, Greece",,,https://www.terrahomes.gr/images/properties/315290163206.jpg,,,2026-09-27,2026-09-27T13:08:13Z
terrahomes.gr,TERRA HOMES,https://www.terrahomes.gr/property/28980,Μεζονέτα 180 τ.μ. - TERRA & HOMES,rent,maisonette,1100,180.0,6,4,ισόγειο,2007,unknown,,"Thesssaloniki, Greece",,,https://www.terrahomes.gr/images/properties/318289807226.jpg,,,2026-09-27,2026-09-27T13:08:55Z
perronerealestate.gr,PERRONE REAL ESTATE,https://perronerealestate.gr/property/205/Diamerisma-Thermaikos,ΕΞΕΡΕΤΙΚΟ ΚΟΝΤΑ ΣΤΗΝ ΘΑΛΑΣΣΑ - Perrone Real Estate,sale,apartment,170000,110.0,1545,3,1,2003,thessaloniki,Θερμαϊκός,Θεσσαλονίκη Περιφ/κοί δήμοι,,,https://perronerealestate.gr/images/properties/1-2059908.jpg,,,2026-09-27,2026-09-27T13:05:59Z
perronerealestate.gr,PERRONE REAL ESTATE,https://perronerealestate.gr/property/200/Diamerisma-Thermaikos,ΕΞΑΙΡΕΤΙΚΟ - Perrone Real Estate,sale,apartment,160000,80.0,2000,2,4,2000,thessaloniki,Θερμαϊκός,Θεσσαλονίκη Περιφ/κοί δήμοι,,,https://perronerealestate.gr/images/properties/1-2004744.jpg,,,2026-09-27,2026-09-27T13:06:03Z
perronerealestate.gr,PERRONE REAL ESTATE,https://perronerealestate.gr/property/199/Diamerisma-Thermaikos,ΕΞΑΙΡΕΤΙΚΟ!!!! - Perrone Real Estate,sale,apartment,180000,127.0,1417,3,1,2010,thessaloniki,Θερμαϊκός,Θεσσαλονίκη Περιφ/κοί δήμοι,,,https://perronerealestate.gr/images/properties/1-1993166.jpg,,,2026-09-27,2026-09-27T13:06:06Z
perronerealestate.gr,PERRONE REAL ESTATE,https://perronerealestate.gr/property/196/Diamerisma-Mikra,ΕΞΑΙΡΕΤΙΚΟ ΜΕ ΘΕΑ - Perrone Real Estate,sale,apartment,160000,120.0,1333,3,1,1994,thessaloniki,Θεσσαλονίκη,Θεσσαλονίκη Περιφ/κοί δήμοι,,,https://perronerealestate.gr/images/properties/1-1968475.jpg,,,2026-09-27,2026-09-27T13:06:09Z
perronerealestate.gr,PERRONE REAL ESTATE,https://perronerealestate.gr/property/191/Monokatoikia-Thermaikos,ΕΞΑΙΡΕΤΙΚΟ - Perrone Real Estate,rent,house,1000,210.0,5,3,,2020,thessaloniki,Θερμαϊκός,Θεσσαλονίκη Περιφ/κοί δήμοι,,,https://perronerealestate.gr/images/properties/1-1918814.jpg,,,2026-09-27,2026-09-27T13:06:11Z
perronerealestate.gr,PERRONE REAL ESTATE,https://perronerealestate.gr/property/137/Diamerisma-Moudania,ΕΞΑΙΡΕΤΙΚΟ ΑΚΙΝΗΤΟ ΔΙΠΛΑ ΣΤΗΝ ΘΑΛΑΣΣΑ  - Perrone Real Estate,,apartment,,80.0,,2,ισόγειο,2001,other,,Θεσσαλονίκης 14Γ,,,https://perronerealestate.gr/images/properties/1-1373509.jpg,,,2026-09-27,2026-09-27T13:06:14Z
perronerealestate.gr,PERRONE REAL ESTATE,https://perronerealestate.gr/property/143/Gkarsoniera/Studio-Thermaikos,Γκαρσονιέρα/Studio 40 τ.μ. - Perrone Real Estate,,studio,,40.0,,1,,1980,thessaloniki,Θερμαϊκός,Θεσσαλονίκη Περιφ/κοί δήμοι,,,https://perronerealestate.gr/images/properties/1-1431568.jpg,,,2026-09-27,2026-09-27T13:06:17Z
perronerealestate.gr,PERRONE REAL ESTATE,https://perronerealestate.gr/property/149/Mezoneta-Thermaikos,ΕΞΑΙΡΕΤΙΚΟ ΕΥΚΑΙΡΙΑ - Perrone Real Estate,sale,maisonette,315000,440.0,716,3,ισόγειο,2000,thessaloniki,Θερμαϊκός,Θεσσαλονίκη Περιφ/κοί δήμοι,,,https://perronerealestate.gr/images/properties/1-1495535.jpg,,,2026-09-27,2026-09-27T13:06:20Z
perronerealestate.gr,PERRONE REAL ESTATE,https://perronerealestate.gr/property/159/Diamerisma-Thermaikos,ΕΞΑΙΡΕΤΙΚΟ - Perrone Real Estate,sale,apartment,1200000,350.0,3429,4,ισόγειο,2000,thessaloniki,Θερμαϊκός,Θεσσαλονίκη Περιφ/κοί δήμοι,,,https://perronerealestate.gr/images/properties/1-1597546.jpg,,,2026-09-27,2026-09-27T13:06:23Z
perronerealestate.gr,PERRONE REAL ESTATE,https://perronerealestate.gr/property/206/Mezoneta-Thermaikos,ΕΞΑΙΡΕΤΙΚΟ  - Perrone Real Estate,sale,maisonette,135000,148.0,912,3,,2000,thessaloniki,Θερμαϊκός,Θεσσαλονίκη Περιφ/κοί δήμοι,,,https://perronerealestate.gr/images/properties/,,,2026-09-27,2026-09-27T13:06:35Z
perronerealestate.gr,PERRONE REAL ESTATE,https://perronerealestate.gr/property/204/Diamerisma-Thermaikos,ΕΞΑΙΡΕΤΙΚΟ ΑΚΙΝΗΤΟ ΓΙΑ ΕΜΕΤΑΛΛΕΥΣΗ - Perrone Real Estate,sale,apartment,135000,78.0,1731,2,3,1979,thessaloniki,Θερμαϊκός,Θεσσαλονίκη Περιφ/κοί δήμοι,,,https://perronerealestate.gr/images/properties/1-2048467.jpg,,,2026-09-27,2026-09-27T13:06:39Z
perronerealestate.gr,PERRONE REAL ESTATE,https://perronerealestate.gr/property/201/Mezoneta-Thermaikos,ΕΞΑΙΡΕΤΙΚΟ - Perrone Real Estate,sale,maisonette,216000,160.0,1350,3,ισόγειο,2000,thessaloniki,Θερμαϊκός,Θεσσαλονίκη Περιφ/κοί δήμοι,,,https://perronerealestate.gr/images/properties/,,,2026-09-27,2026-09-27T13:06:41Z
perronerealestate.gr,PERRONE REAL ESTATE,https://perronerealestate.gr/property/202/Monokatoikia-Thermi,Μονοκατοικία 160 τ.μ. - Perrone Real Estate,rent,house,1000,160.0,6,3,,2003,thessaloniki,Θέρμη,Θεσσαλονίκη Περιφ/κοί δήμοι,,,https://perronerealestate.gr/images/properties/1-202776.jpg,,,2026-09-27,2026-09-27T13:06:44Z
perronerealestate.gr,PERRONE REAL ESTATE,https://perronerealestate.gr/property/203/Diamerisma-Thermaikos,Διαμέρισμα 60 τ.μ. - Perrone Real Estate,,apartment,,60.0,,1,3,1980,thessaloniki,Θερμαϊκός,Θεσσαλονίκη Περιφ/κοί δήμοι,,,https://perronerealestate.gr/images/properties/,,,2026-09-27,2026-09-27T13:06:47Z
perronerealestate.gr,PERRONE REAL ESTATE,https://perronerealestate.gr/property/198/Diamerisma-Thermi,ΕΞΑΙΡΕΤΙΚΟ! - Perrone Real Estate,,apartment,,50.0,,1,3,2024,thessaloniki,Θέρμη,Θεσσαλονίκη Περιφ/κοί δήμοι,,,https://perronerealestate.gr/images/properties/,,,2026-09-27,2026-09-27T13:06:50Z
perronerealestate.gr,PERRONE REAL ESTATE,https://perronerealestate.gr/property/197/Diamerisma-Thermaikos,Διαμέρισμα 110 τ.μ. - Perrone Real Estate,,apartment,,110.0,,2,1,1995,thessaloniki,Θερμαϊκός,Θεσσαλονίκη Περιφ/κοί δήμοι,,,https://perronerealestate.gr/images/properties/,,,2026-09-27,2026-09-27T13:06:54Z
perronerealestate.gr,PERRONE REAL ESTATE,https://perronerealestate.gr/property/194/Diamerisma-Thermaikos,ΕΞΑΙΡΕΤΙΚΟ - Perrone Real Estate,,apartment,,110.0,,3,1,1995,thessaloniki,Θερμαϊκός,Θεσσαλονίκη Περιφ/κοί δήμοι,,,https://perronerealestate.gr/images/properties/,,,2026-09-27,2026-09-27T13:06:56Z
perronerealestate.gr,PERRONE REAL ESTATE,https://perronerealestate.gr/property/150/Grafeio-Thermaikos,ΕΞΑΙΡΕΤΙΚΟ ΓΡΑΦΕΙΟ - Perrone Real Estate,,office,,32.0,,,1,2003,thessaloniki,Θερμαϊκός,Θεσσαλονίκη Περιφ/κοί δήμοι,,,https://perronerealestate.gr/images/properties/,,,2026-09-27,2026-09-27T13:06:59Z
perronerealestate.gr,PERRONE REAL ESTATE,https://perronerealestate.gr/property/171/Oikopedo-Michaniona,ΕΞΑΙΡΕΤΙΚΟ - Perrone Real Estate,sale,land,120000,586.2,205,,,,thessaloniki,Θερμαϊκός,Θεσσαλονίκη Περιφ/κοί δήμοι,,,https://perronerealestate.gr/images/properties/1-1711230.jpg,,,2026-09-27,2026-09-27T13:07:02Z
perronerealestate.gr,PERRONE REAL ESTATE,https://perronerealestate.gr/print/205,Print,sale,,170000,110.0,1545,3,,,unknown,,,,,,,,2026-09-27,2026-09-27T13:09:08Z
omikronestate.gr,OMIKRON ΔΙΑΧΕΙΡΙΣΗ ΑΚΙΝΗΤΩΝ (Γιαννακίδης Ευάγγελος Ι.),https://www.omikronestate.gr/property/294,Οικόπεδο 802 τ.μ. - OMIKRON ΔΙΑΧΕΙΡΙΣΗ ΑΚΙΝΗΤΩΝ,sale,land,550000,802.0,686,,,,thessaloniki,Θεσσαλονίκη,Θεσσαλονίκη Περιφ/κοί δήμοι,,,https://www.omikronestate.gr/images/properties/1-2948002.jpg,,,2026-09-27,2026-09-27T13:06:16Z
omikronestate.gr,OMIKRON ΔΙΑΧΕΙΡΙΣΗ ΑΚΙΝΗΤΩΝ (Γιαννακίδης Ευάγγελος Ι.),https://www.omikronestate.gr/property/513,Γκαρσονιέρα 45 τ.μ. - OMIKRON ΔΙΑΧΕΙΡΙΣΗ ΑΚΙΝΗΤΩΝ,sale,studio,95000,45.0,2111,1,ισόγειο,1975,thessaloniki,Θεσσαλονίκη,Θεσσαλονίκη Περιφ/κοί δήμοι,,,https://www.omikronestate.gr/images/properties/1-5134539.jpg,,,2026-09-27,2026-09-27T13:06:22Z
omikronestate.gr,OMIKRON ΔΙΑΧΕΙΡΙΣΗ ΑΚΙΝΗΤΩΝ (Γιαννακίδης Ευάγγελος Ι.),https://www.omikronestate.gr/property/527,Γκαρσονιέρα 30 τ.μ. - OMIKRON ΔΙΑΧΕΙΡΙΣΗ ΑΚΙΝΗΤΩΝ,sale,studio,94000,30.0,3133,,ισόγειο,1970,thessaloniki,Θεσσαλονίκη,Θεσσαλονίκης,,,https://www.omikronestate.gr/images/properties/1-5276029.jpg,,,2026-09-27,2026-09-27T13:06:25Z
omikronestate.gr,OMIKRON ΔΙΑΧΕΙΡΙΣΗ ΑΚΙΝΗΤΩΝ (Γιαννακίδης Ευάγγελος Ι.),https://www.omikronestate.gr/property/537,Διαμέρισμα 85 τ.μ. - OMIKRON ΔΙΑΧΕΙΡΙΣΗ ΑΚΙΝΗΤΩΝ,sale,apartment,85000,85.0,1000,2,2,1971,thessaloniki,Θεσσαλονίκη,Θεσσαλονίκη ΤΚ: 542 48 2310449960 6945850134 info@o,,,https://www.omikronestate.gr/images/properties/1-5377052.jpg,,,2026-09-27,2026-09-27T13:06:27Z
omikronestate.gr,OMIKRON ΔΙΑΧΕΙΡΙΣΗ ΑΚΙΝΗΤΩΝ (Γιαννακίδης Ευάγγελος Ι.),https://www.omikronestate.gr/property/575,Γκαρσονιέρα 54 τ.μ. - OMIKRON ΔΙΑΧΕΙΡΙΣΗ ΑΚΙΝΗΤΩΝ,sale,studio,130000,54.0,2407,1,2,1975,thessaloniki,Θεσσαλονίκη,Θεσσαλονίκης,,,https://www.omikronestate.gr/images/properties/1-4654845.jpg,,,2026-09-27,2026-09-27T13:06:40Z
omikronestate.gr,OMIKRON ΔΙΑΧΕΙΡΙΣΗ ΑΚΙΝΗΤΩΝ (Γιαννακίδης Ευάγγελος Ι.),https://www.omikronestate.gr/property/570,Διαμέρισμα 132 τ.μ. - OMIKRON ΔΙΑΧΕΙΡΙΣΗ ΑΚΙΝΗΤΩΝ,sale,apartment,400000,132.0,3030,3,7,1976,thessaloniki,Θεσσαλονίκη,Θεσσαλονίκης,,,https://www.omikronestate.gr/images/properties/1-570564.jpg,,,2026-09-27,2026-09-27T13:06:46Z
omikronestate.gr,OMIKRON ΔΙΑΧΕΙΡΙΣΗ ΑΚΙΝΗΤΩΝ (Γιαννακίδης Ευάγγελος Ι.),https://www.omikronestate.gr/property/563,Διαμέρισμα 66 τ.μ. - OMIKRON ΔΙΑΧΕΙΡΙΣΗ ΑΚΙΝΗΤΩΝ,sale,apartment,155000,66.0,2348,2,1,2006,thessaloniki,Θεσσαλονίκη,Θεσσαλονίκη Περιφ/κοί δήμοι,,,https://www.omikronestate.gr/images/properties/1-5633167.jpg,,,2026-09-27,2026-09-27T13:06:52Z
omikronestate.gr,OMIKRON ΔΙΑΧΕΙΡΙΣΗ ΑΚΙΝΗΤΩΝ (Γιαννακίδης Ευάγγελος Ι.),https://www.omikronestate.gr/property/556,Διαμέρισμα 62 τ.μ. - OMIKRON ΔΙΑΧΕΙΡΙΣΗ ΑΚΙΝΗΤΩΝ,sale,apartment,155000,62.0,2500,2,3,1970,thessaloniki,Θεσσαλονίκη,Θεσσαλονίκης,,,https://www.omikronestate.gr/images/properties/1-5569655.jpg,,,2026-09-27,2026-09-27T13:07:01Z
panorama.estate,PANORAMA ESTATE - ΤΣΕΛΕΠΙΔΟΥ ΣΟΦΙΑ ΛΑΒΑΣΑ ΜΑΡΙΑ ΚΑΙ ΣΙΑ OE,https://www.panorama.estate/property/922/Monokatoikia-Panorama,ΜΟΝΟΚΑΤΟΙΚΙΑ ΣΤΟ ΚΕΝΤΡΟ ΤΟΥ ΠΑΝΟΡΑΜΑΤΟΣ - Panorama Estate,sale,house,690000,277.0,2491,,,1996,thessaloniki,Πανόραμα,Θεσσαλονίκη Περιφ/κοί δήμοι,,,https://www.panorama.estate/images/properties/19223307.jpg,,,2026-09-27,2026-09-27T13:06:10Z
panorama.estate,PANORAMA ESTATE - ΤΣΕΛΕΠΙΔΟΥ ΣΟΦΙΑ ΛΑΒΑΣΑ ΜΑΡΙΑ ΚΑΙ ΣΙΑ OE,https://www.panorama.estate/property/921/Oikopedo-Panorama,ΟΙΚΟΠΕΔΟ 750τμ  με θεα θάλασσα  στο κέντρο του Πανοράματος - Panorama Estate,sale,land,570000,750.0,760,,,,thessaloniki,Πανόραμα,Θεσσαλονίκη Περιφ/κοί δήμοι,,,https://www.panorama.estate/images/properties/19212258.jpg,,,2026-09-27,2026-09-27T13:06:13Z
panorama.estate,PANORAMA ESTATE - ΤΣΕΛΕΠΙΔΟΥ ΣΟΦΙΑ ΛΑΒΑΣΑ ΜΑΡΙΑ ΚΑΙ ΣΙΑ OE,https://www.panorama.estate/property/920/Monokatoikia-Panorama,ΜΟΝΤΕΡΝΑ ΜΟΝΟΚΑΤΟΙΚΙΑ ΥΠΟ ΚΑΤΑΣΚΕΥΗ - Panorama Estate,sale,house,930000,250.0,3720,4,,,thessaloniki,Πανόραμα,Θεσσαλονίκη Περιφ/κοί δήμοι,,,https://www.panorama.estate/images/properties/19208813.jpg,,,2026-09-27,2026-09-27T13:06:19Z
panorama.estate,PANORAMA ESTATE - ΤΣΕΛΕΠΙΔΟΥ ΣΟΦΙΑ ΛΑΒΑΣΑ ΜΑΡΙΑ ΚΑΙ ΣΙΑ OE,https://www.panorama.estate/property/909/Monokatoikia-Panorama,ΜΟΝΟΚΑΤΟΙΚΙΑ ΣΤΟ ΠΑΝΟΡΑΜΑ - Panorama Estate,sale,house,550000,270.0,2037,,,,thessaloniki,Πανόραμα,Θεσσαλονίκη Περιφ/κοί δήμοι,,,https://www.panorama.estate/images/properties/19097765.jpg,,,2026-09-27,2026-09-27T13:06:40Z
panorama.estate,PANORAMA ESTATE - ΤΣΕΛΕΠΙΔΟΥ ΣΟΦΙΑ ΛΑΒΑΣΑ ΜΑΡΙΑ ΚΑΙ ΣΙΑ OE,https://www.panorama.estate/property/908/Mezoneta-Panorama,ΚΑΤΟΙΚΙΑ ΥΨΗΛΗΣ ΠΟΙΟΤΗΤΑΣ ΣΤΟ ΠΑΝΟΡΑΜΑ - Panorama Estate,sale,house,1050000,292.0,3596,,ισόγειο,2025,thessaloniki,Πανόραμα,Θεσσαλονίκη Περιφ/κοί δήμοι,,,https://www.panorama.estate/images/properties/19087600.jpg,,,2026-09-27,2026-09-27T13:06:49Z
panorama.estate,PANORAMA ESTATE - ΤΣΕΛΕΠΙΔΟΥ ΣΟΦΙΑ ΛΑΒΑΣΑ ΜΑΡΙΑ ΚΑΙ ΣΙΑ OE,https://www.panorama.estate/property/883/Katastima-Malakopi,Κατάστημα στην περιοχή Κάτω Τούμπα  - Panorama Estate,sale,store,55000,55.0,1000,,ισόγειο,1982,thessaloniki,Πανόραμα,Τούμπα,,,https://www.panorama.estate/images/properties/188318.jpg,,,2026-09-27,2026-09-27T13:07:01Z
panorama.estate,PANORAMA ESTATE - ΤΣΕΛΕΠΙΔΟΥ ΣΟΦΙΑ ΛΑΒΑΣΑ ΜΑΡΙΑ ΚΑΙ ΣΙΑ OE,https://www.panorama.estate/property/817/Oikopedo-Panorama,ΟΙΚΟΠΕΔΟ 700τμ  ΣΤΟΝ ΟΙΚΙΣΜΟ ΜΑΚΕΔΟΝΙΑ - Panorama Estate,sale,land,370000,700.0,529,,,,thessaloniki,Πανόραμα,Θεσσαλονίκη Περιφ/κοί δήμοι,,,https://www.panorama.estate/images/properties/18176446.jpg,,,2026-09-27,2026-09-27T13:09:09Z
panorama.estate,PANORAMA ESTATE - ΤΣΕΛΕΠΙΔΟΥ ΣΟΦΙΑ ΛΑΒΑΣΑ ΜΑΡΙΑ ΚΑΙ ΣΙΑ OE,https://www.panorama.estate/property/803/Oikopedo-Panorama,ΟΙΚΟΠΕΔΟ ΣΤΟ Ν751  - Panorama Estate,sale,land,750000,1040.0,721,,,,thessaloniki,Πανόραμα,Θεσσαλονίκη Περιφ/κοί δήμοι,,,https://www.panorama.estate/images/properties/1803296.jpg,,,2026-09-27,2026-09-27T13:09:12Z
panorama.estate,PANORAMA ESTATE - ΤΣΕΛΕΠΙΔΟΥ ΣΟΦΙΑ ΛΑΒΑΣΑ ΜΑΡΙΑ ΚΑΙ ΣΙΑ OE,https://www.panorama.estate/property/779/Oikopedo-Panorama,ΟΙΚΟΠΕΔΟ ΜΕ ΘΕΑ ΣΤΟ Ν751 - Panorama Estate,sale,land,480000,500.0,960,,,,thessaloniki,Πανόραμα,Θεσσαλονίκη Περιφ/κοί δήμοι,,,https://www.panorama.estate/images/properties/17795236.jpg,,,2026-09-27,2026-09-27T13:09:15Z
panorama.estate,PANORAMA ESTATE - ΤΣΕΛΕΠΙΔΟΥ ΣΟΦΙΑ ΛΑΒΑΣΑ ΜΑΡΙΑ ΚΑΙ ΣΙΑ OE,https://www.panorama.estate/property/712/Oikopedo-Thermi,Οικόπεδο 405 τ.μ. - Panorama Estate,sale,land,90000,405.0,222,,,,thessaloniki,Πανόραμα,Θεσσαλονίκη Περιφ/κοί δήμοι,,,https://www.panorama.estate/images/properties/527124121.jpg,,,2026-09-27,2026-09-27T13:09:18Z
mesitiko-filon.gr,Mesitiko Filon,https://www.mesitiko-filon.gr/property/567,Διαμέρισμα 110 τ.μ. - Μεσιτικό Γραφείο Μεσιτικό Φίλων,sale,apartment,205000,110.0,1864,3,2,1974,thessaloniki,Θεσσαλονίκη,Θεσσαλονίκη Περιφ/κοί δήμοι,,,https://www.mesitiko-filon.gr/images/properties/15679978.jpg,,,2026-09-27,2026-09-27T13:06:47Z
mesitiko-filon.gr,Mesitiko Filon,https://www.mesitiko-filon.gr/property/555,Διαμέρισμα 74 τ.μ. - Μεσιτικό Γραφείο Μεσιτικό Φίλων,sale,apartment,180000,74.0,2432,3,6,1960,thessaloniki,Θεσσαλονίκη,Θεσσαλονίκης,,,https://www.mesitiko-filon.gr/images/properties/15558172.jpg,,,2026-09-27,2026-09-27T13:06:56Z
gandjrealestate.gr,NEW DEAL,https://www.gandjrealestate.gr/property/1253,Διαμέρισμα 50 τ.μ. - Gandj Real Estate,,apartment,,50.0,,1,1,1989,thessaloniki,Θεσσαλονίκη,Θεσσαλονίκη Περιφ/κοί δήμοι,,,https://www.gandjrealestate.gr/images/properties/1-12538537.jpg,,,2026-09-27,2026-09-27T13:06:13Z
gandjrealestate.gr,NEW DEAL,https://www.gandjrealestate.gr/property/444,Ενοικιάζεται Διαμέρισμα στην Αγία Τριάδα.  60τ.μ. - Gandj Real Estate,rent,apartment,,60.0,,1,2,1990,thessaloniki,Θερμαϊκός,Θεσσαλονίκη Περιφ/κοί δήμοι,,,https://www.gandjrealestate.gr/images/properties/1-444836.jpg,,,2026-09-27,2026-09-27T13:06:17Z
gandjrealestate.gr,NEW DEAL,https://www.gandjrealestate.gr/property/1240,Ενοικιάζεται επιπλωμένο διαμέρισμα στο κέντρο της Περαίας. - Gandj Real Estate,rent,apartment,,50.0,,1,1,1988,thessaloniki,Θερμαϊκός,Περαία,,,https://www.gandjrealestate.gr/images/properties/1-10125577.jpg,,,2026-09-27,2026-09-27T13:06:19Z
gandjrealestate.gr,NEW DEAL,https://www.gandjrealestate.gr/property/1239,ΕΝΟΙΚΙΆΖΕΤΑΙ ΔΙΑΜΈΡΙΣΜΑ   ΣΤΗΝ ΠΕΡΑΊΑ. ΜΌΛΙΣ 200Μ ΑΠΟ ΤΗΝ ΘΆΛΑΣΣΑ. - Gandj Real Estate,rent,apartment,,65.0,,2,1,1988,thessaloniki,Θερμαϊκός,Θεσσαλονίκη Περιφ/κοί δήμοι,,,https://www.gandjrealestate.gr/images/properties/1-3504676.jpg,,,2026-09-27,2026-09-27T13:06:22Z
gandjrealestate.gr,NEW DEAL,https://www.gandjrealestate.gr/property/1227,Ενοικιάζεται επιπλωμένο διαμέρισμα στην Σοζώπολη  Χαλκιδικής. - Gandj Real Estate,rent,apartment,,60.0,,2,1,1990,other,,Περαία,,,https://www.gandjrealestate.gr/images/properties/1-5164606.jpg,,,2026-09-27,2026-09-27T13:06:25Z
gandjrealestate.gr,NEW DEAL,https://www.gandjrealestate.gr/property/1220,Διαμέρισμα 45 τ.μ. - Gandj Real Estate,,apartment,,45.0,,1,1,1985,thessaloniki,Θεσσαλονίκη,Θεσσαλονίκη Περιφ/κοί δήμοι,,,https://www.gandjrealestate.gr/images/properties/1-12208488.jpg,,,2026-09-27,2026-09-27T13:06:28Z
gandjrealestate.gr,NEW DEAL,https://www.gandjrealestate.gr/property/1221,Γκαρσονιέρα/Studio 25 τ.μ. - Gandj Real Estate,,studio,,25.0,,,1,1985,thessaloniki,Θεσσαλονίκη,Θεσσαλονίκη Περιφ/κοί δήμοι,,,https://www.gandjrealestate.gr/images/properties/1-12218955.jpg,,,2026-09-27,2026-09-27T13:06:31Z
gandjrealestate.gr,NEW DEAL,https://www.gandjrealestate.gr/property/1222,Διαμέρισμα 25 τ.μ. - Gandj Real Estate,,apartment,,25.0,,,1,1985,thessaloniki,Θεσσαλονίκη,Θεσσαλονίκη Περιφ/κοί δήμοι,,,https://www.gandjrealestate.gr/images/properties/1-1222423.jpg,,,2026-09-27,2026-09-27T13:06:34Z
gandjrealestate.gr,NEW DEAL,https://www.gandjrealestate.gr/property/1248,Θερμαϊκός Νέοι Επιβάτες ΠΩΛΕΙΤΑΙ διαμέρισμα - Gandj Real Estate,sale,apartment,250000,100.0,2500,2,2,2003,thessaloniki,Θερμαϊκός,Θεσσαλονίκη Περιφ/κοί δήμοι,,,https://www.gandjrealestate.gr/images/properties/1-12484977.jpg,,,2026-09-27,2026-09-27T13:06:37Z
gandjrealestate.gr,NEW DEAL,https://www.gandjrealestate.gr/property/843,Διαμέρισμα 50 τ.μ. - Gandj Real Estate,sale,apartment,125000,50.0,2500,1,ισόγειο,2006,thessaloniki,Θεσσαλονίκη,Θεσσαλονίκη Περιφ/κοί δήμοι,,,https://www.gandjrealestate.gr/images/properties/1-8439664.jpg,,,2026-09-27,2026-09-27T13:06:41Z
gandjrealestate.gr,NEW DEAL,https://www.gandjrealestate.gr/property/1115,Νέοι Επιβάτες ΠΩΛΕΙΤΑΙ μονοκατοικία  200τ.μ. - Gandj Real Estate,sale,house,240000,200.0,1200,3,4,2014,thessaloniki,Θερμαϊκός,Θεσσαλονίκη Περιφ/κοί δήμοι,,,https://www.gandjrealestate.gr/images/properties/1-9207006.jpg,,,2026-09-27,2026-09-27T13:06:55Z
gandjrealestate.gr,NEW DEAL,https://www.gandjrealestate.gr/property/514,Ενοικιάζεται επιπλωμένο διαμέρισμα στην Νέοι Επιβάτες. - Gandj Real Estate,rent,apartment,,70.0,,2,4,2000,thessaloniki,Θερμαϊκός,Θεσσαλονίκη Περιφ/κοί δήμοι,,,https://www.gandjrealestate.gr/images/properties/1-5144975.jpg,,,2026-09-27,2026-09-27T13:06:58Z
gandjrealestate.gr,NEW DEAL,https://www.gandjrealestate.gr/property/1251,Θερμαϊκός Περαία ΠΩΛΕΙΤΑΙ επιπλωμένο διαμέρισμα στον 1 ο όροφο συνολικής επιφάνειας 90.00 τ.μ. . - Gandj Real Estate,sale,apartment,220000,90.0,2444,2,1,1990,thessaloniki,Θερμαϊκός,Περαία,,,https://www.gandjrealestate.gr/images/properties/1-12511119.jpg,,,2026-09-27,2026-09-27T13:07:01Z
gandjrealestate.gr,NEW DEAL,https://www.gandjrealestate.gr/property/1250,Νέα Μηχανιώνα ΠΩΛΕΙΤΑΙ μονοκατοικία ισόγειο συνολικής επιφάνειας 60.00 τ.μ.  - Gandj Real Estate,sale,house,150000,60.0,2500,1,,1986,thessaloniki,Θερμαϊκός,Θεσσαλονίκη Περιφ/κοί δήμοι,,,https://www.gandjrealestate.gr/images/properties/1-12505580.jpg,,,2026-09-27,2026-09-27T13:07:04Z
gandjrealestate.gr,NEW DEAL,https://www.gandjrealestate.gr/property/1244,Διαμέρισμα 40 τ.μ. - Gandj Real Estate,sale,apartment,180000,40.0,4500,1,1,2005,thessaloniki,Θεσσαλονίκη,Θεσσαλονίκη Περιφ/κοί δήμοι,,,https://www.gandjrealestate.gr/images/properties/1-124488.jpg,,,2026-09-27,2026-09-27T13:08:13Z
gandjrealestate.gr,NEW DEAL,https://www.gandjrealestate.gr/property/1246,Διαμέρισμα 98 τ.μ. - Gandj Real Estate,sale,apartment,190000,98.0,1939,3,1,1980,thessaloniki,Θεσσαλονίκη,Θεσσαλονίκη Περιφ/κοί δήμοι,,,https://www.gandjrealestate.gr/images/properties/1-12466459.jpg,,,2026-09-27,2026-09-27T13:09:06Z
gandjrealestate.gr,NEW DEAL,https://www.gandjrealestate.gr/property/1238,Κτίριο Επαγγελματικό 1500 τ.μ. - Gandj Real Estate,sale,building,1000000,1500.0,667,,ισόγειο,1998,thessaloniki,Θεσσαλονίκη,Θεσσαλονίκη Περιφ/κοί δήμοι,,,https://www.gandjrealestate.gr/images/properties/1-12382128.jpg,,,2026-09-27,2026-09-27T13:09:08Z
gandjrealestate.gr,NEW DEAL,https://www.gandjrealestate.gr/property/1173,Αποθήκη 200 τ.μ. - Gandj Real Estate,sale,warehouse,40000,200.0,200,,υπόγειο,1985,thessaloniki,Θεσσαλονίκη,Θεσσαλονίκη Περιφ/κοί δήμοι,,,https://www.gandjrealestate.gr/images/properties/,,,2026-09-27,2026-09-27T13:09:11Z
gandjrealestate.gr,NEW DEAL,https://www.gandjrealestate.gr/property/1145,Κατάστημα 660 τ.μ. - Gandj Real Estate,rent,store,4000,660.0,6,,υπόγειο,1983,thessaloniki,Θεσσαλονίκη,Θεσσαλονίκη Περιφ/κοί δήμοι,,,https://www.gandjrealestate.gr/images/properties/1-11459756.jpg,,,2026-09-27,2026-09-27T13:09:14Z
gandjrealestate.gr,NEW DEAL,https://www.gandjrealestate.gr/property/1119,Πωλείται Κτίριο επαγγελματικών χώρων στους Νεους επιβάτες 298τ.μ. - Gandj Real Estate,sale,building,260000,298.0,872,,υπόγειο,2001,thessaloniki,Θεσσαλονίκη,Θεσσαλονίκη Περιφ/κοί δήμοι,,,https://www.gandjrealestate.gr/images/properties/,,,2026-09-27,2026-09-27T13:09:17Z
gandjrealestate.gr,NEW DEAL,https://www.gandjrealestate.gr/property/1087,Θερμαϊκός Ν. Επιβατες ΠΩΛΕΙΤΑΙ κατάστημα ισόγειο συνολικής επιφάνειας 400.00 τ.μ. - Gandj Real Estate,sale,store,650000,400.0,1625,,ισόγειο,1980,thessaloniki,Θερμαϊκός,Θεσσαλονίκη Περιφ/κοί δήμοι,,,https://www.gandjrealestate.gr/images/properties/4-10877047.jpg,,,2026-09-27,2026-09-27T13:09:20Z
gandjrealestate.gr,NEW DEAL,https://www.gandjrealestate.gr/property/441,Πωλείται αποθήκη και γκαράζ στην Περαία. 130τ.μ. - Gandj Real Estate,sale,warehouse,45000,130.0,346,,υπόγειο,1998,thessaloniki,Θερμαϊκός,Περαία,,,https://www.gandjrealestate.gr/images/properties/1-4413943.jpg,,,2026-09-27,2026-09-27T13:09:23Z
gandjrealestate.gr,NEW DEAL,https://www.gandjrealestate.gr/property/1070,Πώληση Βιοτεχνικού Χώρου στη Μενεμένη - Gandj Real Estate,sale,warehouse,250000,225.0,1111,,3,1981,thessaloniki,Αμπελόκηποι-Μενεμένη,Μενεμένη,,,https://www.gandjrealestate.gr/images/properties/1-10704353.jpg,,,2026-09-27,2026-09-27T13:09:26Z
planet-akinita.gr,PLANET-akinita,https://www.planet-akinita.gr/property/7025,ΕΝΟΙΚΙΑΖΕΤΑΙ Μικρή Μονοκατοικία – Μεζονέτα στην Επανομή | Κωδ. 17025 - Μεσιτικό Γραφείο PLANET-akinita,rent,maisonette,,40.0,,1,ισόγειο,,thessaloniki,Θερμαϊκός,Επανομή,,,https://www.planet-akinita.gr/images/properties/169385177.jpg,,,2026-09-27,2026-09-27T13:06:25Z
planet-akinita.gr,PLANET-akinita,https://www.planet-akinita.gr/property/7024,"Περαία Θεσσαλονίκης – Πωλείται Γωνιακό Διαμέρισμα 74 τ.μ., 2 Υ/Δ, Parking, κοντά στη Θάλασσα - Μεσιτικό Γραφείο PLANET-akinita",sale,apartment,180000,74.0,2432,2,2,2002,thessaloniki,Θερμαϊκός,Περαία,,,https://www.planet-akinita.gr/images/properties/170241980.jpg,,,2026-09-27,2026-09-27T13:06:28Z
planet-akinita.gr,PLANET-akinita,https://www.planet-akinita.gr/property/6930,ΜΠΟΤΣΑΡΗ – ΕΝΟΙΚΙΑΖΕΤΑΙ ΔΙΑΜΕΡΙΣΜΑ 56 τ.μ. – ΙΔΑΝΙΚΟ ΓΙΑ ΦΟΙΤΗΤΕΣ - Μεσιτικό Γραφείο PLANET-akinita,rent,apartment,,56.0,,1,,1972,thessaloniki,Θεσσαλονίκη-Ανατολικά,Θεσσαλονίκης,,,https://www.planet-akinita.gr/images/properties/269307271.jpg,,,2026-09-27,2026-09-27T13:06:30Z
planet-akinita.gr,PLANET-akinita,https://www.planet-akinita.gr/property/7023,Αγροτεμάχιο 15000 τ.μ. - Μεσιτικό Γραφείο PLANET-akinita,sale,land,110000,15000.0,7,,,,thessaloniki,Θεσσαλονίκη,Θεσσαλονίκη Περιφ/κοί δήμοι,,,https://www.planet-akinita.gr/images/properties/170236414.jpg,,,2026-09-27,2026-09-27T13:06:48Z
planet-akinita.gr,PLANET-akinita,https://www.planet-akinita.gr/property/6902,Μονοκατοικία 800 τ.μ. - Μεσιτικό Γραφείο PLANET-akinita,sale,house,550000,800.0,688,10,,,thessaloniki,Θεσσαλονίκη,Θεσσαλονίκη Περιφ/κοί δήμοι,,,https://www.planet-akinita.gr/images/properties/169029632.jpg,,,2026-09-27,2026-09-27T13:09:06Z
planet-akinita.gr,PLANET-akinita,https://www.planet-akinita.gr/property/6539,Μονοκατοικία 140 τ.μ. - Μεσιτικό Γραφείο PLANET-akinita,sale,house,260000,140.0,1857,3,,,thessaloniki,Θεσσαλονίκη,Θεσσαλονίκη Περιφ/κοί δήμοι,,,https://www.planet-akinita.gr/images/properties/165394624.jpg,,,2026-09-27,2026-09-27T13:09:07Z
planet-akinita.gr,PLANET-akinita,https://www.planet-akinita.gr/property/6949,Μονοκατοικία 175 τ.μ. - Μεσιτικό Γραφείο PLANET-akinita,sale,house,420000,175.0,2400,3,,2010,unknown,,,,,https://www.planet-akinita.gr/images/properties/169496385.jpg,,,2026-09-27,2026-09-27T13:09:11Z
planet-akinita.gr,PLANET-akinita,https://www.planet-akinita.gr/property/6908,Αγροτεμάχιο 9750 τ.μ. - Μεσιτικό Γραφείο PLANET-akinita,sale,land,160000,9750.0,16,,,,thessaloniki,Θεσσαλονίκη,Θεσσαλονίκη Περιφ/κοί δήμοι,,,https://www.planet-akinita.gr/images/properties/169082048.jpg,,,2026-09-27,2026-09-27T13:09:25Z
planet-akinita.gr,PLANET-akinita,https://www.planet-akinita.gr/property/6899,Συγκρότημα Κατοικιών 200 τ.μ. - Μεσιτικό Γραφείο PLANET-akinita,sale,building,800000,200.0,4000,6,,2020,thessaloniki,Θεσσαλονίκη,Θεσσαλονίκη Περιφ/κοί δήμοι,,,https://www.planet-akinita.gr/images/properties/168994935.jpg,,,2026-09-27,2026-09-27T13:09:28Z
planet-akinita.gr,PLANET-akinita,https://www.planet-akinita.gr/property/6352,Οικόπεδο 322 τ.μ. - Μεσιτικό Γραφείο PLANET-akinita,sale,land,85000,322.0,264,,,,thessaloniki,Θεσσαλονίκη,Θεσσαλονίκη Περιφ/κοί δήμοι,,,https://www.planet-akinita.gr/images/properties/163528110.jpg,,,2026-09-27,2026-09-27T13:09:30Z
planet-akinita.gr,PLANET-akinita,https://www.planet-akinita.gr/property/6887,Αγροτεμάχιο 6000 τ.μ. - Μεσιτικό Γραφείο PLANET-akinita,sale,land,75000,6000.0,12,,,,thessaloniki,Θεσσαλονίκη,Θεσσαλονίκη Περιφ/κοί δήμοι,,,https://www.planet-akinita.gr/images/properties/168872186.jpg,,,2026-09-27,2026-09-27T13:09:34Z
planet-akinita.gr,PLANET-akinita,https://www.planet-akinita.gr/property/6891,Μονοκατοικία 250 τ.μ. - Μεσιτικό Γραφείο PLANET-akinita,sale,house,420000,250.0,1680,6,,2010,thessaloniki,Θεσσαλονίκη,Θεσσαλονίκη και τα ανατολικά προάστια της Θεσσαλονί,,,https://www.planet-akinita.gr/images/properties/168914722.jpg,,,2026-09-27,2026-09-27T13:09:36Z
planet-akinita.gr,PLANET-akinita,https://www.planet-akinita.gr/property/6876,Αγροτεμάχιο 13600 τ.μ. - Μεσιτικό Γραφείο PLANET-akinita,sale,land,175000,13600.0,13,,,,thessaloniki,Θεσσαλονίκη,Θεσσαλονίκη Περιφ/κοί δήμοι,,,https://www.planet-akinita.gr/images/properties/168761576.jpg,,,2026-09-27,2026-09-27T13:09:39Z
planet-akinita.gr,PLANET-akinita,https://www.planet-akinita.gr/property/7021,Αγροτεμάχιο 11460 τ.μ. - Μεσιτικό Γραφείο PLANET-akinita,,land,,11460.0,,,,,thessaloniki,Θεσσαλονίκη,Θεσσαλονίκη Περιφ/κοί δήμοι,,,https://www.planet-akinita.gr/images/properties/168621993.jpg,,,2026-09-27,2026-09-27T13:09:42Z
planet-akinita.gr,PLANET-akinita,https://www.planet-akinita.gr/property/7022,Αγροτεμάχιο 18900 τ.μ. - Μεσιτικό Γραφείο PLANET-akinita,,land,,18900.0,,,,,thessaloniki,Θεσσαλονίκη,Θεσσαλονίκη Περιφ/κοί δήμοι,,,https://www.planet-akinita.gr/images/properties/2702212.jpg,,,2026-09-27,2026-09-27T13:09:45Z
pro-capital.gr,PRO CAPITAL (Κολόπτας Μιχαήλ Η.),https://www.pro-capital.gr/property/1996/Oikopedo-Mikra,"(Προς Πώληση) Αξιοποιήσιμη Γη Οικόπεδο || Θεσσαλονίκη Περίχωρα/Μίκρα - 5.660 τ.μ, 57.000€ - Μεσιτικό Γραφείο Procapital",sale,land,57000,660.0,86,,,,thessaloniki,Θεσσαλονίκη,Θεσσαλονίκη Περίχωρα/Μίκρα - 5.660 τ.μ,,,https://www.pro-capital.gr/images/properties/1996__img_18.jpg,,,2026-09-27,2026-09-27T13:09:50Z
progresorealestate.gr,PROGRESO REAL ESTATE,https://www.progresorealestate.gr/property/2512,"Πωλείται Βιομηχανικό κτίριο 1.900τμ, στην ΒΙ. ΠΕ. Ωραιοκάστρου σε δρόμο μεγάλης προβολής - Μεσιτικό Γραφείο Progreso",sale,warehouse,1000000,900.0,1111,,ισόγειο,1980,thessaloniki,Ωραιόκαστρο,Θεσσαλονίκη Περιφ/κοί δήμοι,,,https://www.progresorealestate.gr/images/properties/shared_1-509062.jpg,,,2026-09-27,2026-09-27T13:06:43Z
progresorealestate.gr,PROGRESO REAL ESTATE,https://www.progresorealestate.gr/property/5052,"Άνω Ηλιούπολη | 65 τ.μ. στον 4ο με 2 Υ/Δ, Parking Πυλωτής & Ανοιχτωσιά – Κατασκευή 2010 - Μεσιτικό Γραφείο Progreso",sale,parking,130000,65.0,2000,2,4,2010,thessaloniki,Θεσσαλονίκη,Θεσσαλονίκη Περιφ/κοί δήμοι,,,https://www.progresorealestate.gr/images/properties/1-5052736.jpg,,,2026-09-27,2026-09-27T13:06:46Z
progresorealestate.gr,PROGRESO REAL ESTATE,https://www.progresorealestate.gr/property/5051,Γκαρσονιέρα/Studio 42 τ.μ. - Μεσιτικό Γραφείο Progreso,,studio,,42.0,,1,1,2006,thessaloniki,Θεσσαλονίκη,Θεσσαλονίκη Περιφ/κοί δήμοι,,,https://www.progresorealestate.gr/images/properties/15-50517128.jpg,,,2026-09-27,2026-09-27T13:06:49Z
progresorealestate.gr,PROGRESO REAL ESTATE,https://www.progresorealestate.gr/property/5024,Γκαρσονιέρα/Studio 52 τ.μ. - Μεσιτικό Γραφείο Progreso,sale,studio,128000,52.0,2462,1,2,2005,thessaloniki,Θεσσαλονίκη,Θεσσαλονίκη Περιφ/κοί δήμοι,,,https://www.progresorealestate.gr/images/properties/shared_3199709.jpg,,,2026-09-27,2026-09-27T13:06:52Z
progresorealestate.gr,PROGRESO REAL ESTATE,https://www.progresorealestate.gr/property/5027,Διαμέρισμα 54 τ.μ. - Μεσιτικό Γραφείο Progreso,sale,apartment,122000,54.0,2259,1,1,2026,thessaloniki,Θεσσαλονίκη,Θεσσαλονίκη Περιφ/κοί δήμοι,,,https://www.progresorealestate.gr/images/properties/5-50278118.jpg,,,2026-09-27,2026-09-27T13:06:55Z
progresorealestate.gr,PROGRESO REAL ESTATE,https://www.progresorealestate.gr/property/5015,Γκαρσονιέρα/Studio 35 τ.μ. - Μεσιτικό Γραφείο Progreso,,studio,,35.0,,,3,1980,thessaloniki,Θεσσαλονίκη,Θεσσαλονίκη ΤΚ: 56431 6931728358 info@progresoreale,,,https://www.progresorealestate.gr/images/properties/shared_1093-175672785.jpg,,,2026-09-27,2026-09-27T13:06:58Z
progresorealestate.gr,PROGRESO REAL ESTATE,https://www.progresorealestate.gr/property/5004,Γκαρσονιέρα/Studio 42 τ.μ. - Μεσιτικό Γραφείο Progreso,sale,studio,119000,42.0,2833,1,3,1964,thessaloniki,Θεσσαλονίκη,Θεσσαλονίκης,,,https://www.progresorealestate.gr/images/properties/shared_1001-176218746.jpg,,,2026-09-27,2026-09-27T13:07:01Z
progresorealestate.gr,PROGRESO REAL ESTATE,https://www.progresorealestate.gr/property/5008,Studio/γκαρσονιέρα 28τ.μ. - Μεσιτικό Γραφείο Progreso,sale,studio,88000,28.0,3143,,1,1970,thessaloniki,Θεσσαλονίκη,Θεσσαλονίκης,,,https://www.progresorealestate.gr/images/properties/shared_1110-175774145.jpg,,,2026-09-27,2026-09-27T13:07:04Z
progresorealestate.gr,PROGRESO REAL ESTATE,https://www.progresorealestate.gr/property/5017,Γκαρσονιέρα 52τ.μ. - Μεσιτικό Γραφείο Progreso,sale,studio,148000,52.0,2846,,2,1970,thessaloniki,Θεσσαλονίκη,Θεσσαλονίκης,,,https://www.progresorealestate.gr/images/properties/shared_1110-175657323.jpg,,,2026-09-27,2026-09-27T13:09:09Z
progresorealestate.gr,PROGRESO REAL ESTATE,https://www.progresorealestate.gr/property/5025,Γκαρσονιέρα/Studio 22 τ.μ. - Μεσιτικό Γραφείο Progreso,sale,studio,65000,22.0,2955,1,ισόγειο,1975,thessaloniki,Θεσσαλονίκη,Θεσσαλονίκης,,,https://www.progresorealestate.gr/images/properties/shared_31232285.jpg,,,2026-09-27,2026-09-27T13:09:12Z
progresorealestate.gr,PROGRESO REAL ESTATE,https://www.progresorealestate.gr/property/5020,Πλήρως Ανακαινισμένο & Επιπλωμένο Διαμέρισμα 62 τ.μ. στην Κάτω Τούμπα  - Μεσιτικό Γραφείο Progreso,sale,apartment,190000,62.0,3065,,1,1987,thessaloniki,Θεσσαλονίκη-Ανατολικά,Τούμπα,,,https://www.progresorealestate.gr/images/properties/shared_1099-175622316.jpg,,,2026-09-27,2026-09-27T13:09:15Z
progresorealestate.gr,PROGRESO REAL ESTATE,https://www.progresorealestate.gr/property/5013,ΑΝΑΛΗΨΗ – ΜΠΟΤΣΑΡΗ | Ανακαινισμένη & Επιπλωμένη Γκαρσονιέρα 37 τ.μ. - Μεσιτικό Γραφείο Progreso,sale,studio,122000,37.0,3297,,3,1965,thessaloniki,Θεσσαλονίκη-Ανατολικά,Θεσσαλονίκης,,,https://www.progresorealestate.gr/images/properties/shared_1061-150414160.jpg,,,2026-09-27,2026-09-27T13:09:18Z
progresorealestate.gr,PROGRESO REAL ESTATE,https://www.progresorealestate.gr/property/5018,Πλήρως Ανακαινισμένη & Επιπλωμένη Γκαρσονιέρα 49 τ.μ. στην Μπότσαρη – 87.000 € - Μεσιτικό Γραφείο Progreso,sale,studio,87000,49.0,1776,1,ημιυπόγειο,1963,thessaloniki,Θεσσαλονίκη-Ανατολικά,Θεσσαλονίκης,,,https://www.progresorealestate.gr/images/properties/shared_1061-175642695.jpg,,,2026-09-27,2026-09-27T13:09:21Z
progresorealestate.gr,PROGRESO REAL ESTATE,https://www.progresorealestate.gr/property/5019,Πωλείται πλήρως ανακαινισμένη & επιπλωμένη γκαρσονιέρα 39 τ.μ. – Ξηροκρήνη - Μεσιτικό Γραφείο Progreso,sale,studio,88000,39.0,2256,,3,1965,thessaloniki,Θεσσαλονίκη-Κέντρο,Θεσσαλονίκης,,,https://www.progresorealestate.gr/images/properties/shared_1061-175631630.jpg,,,2026-09-27,2026-09-27T13:09:24Z
progresorealestate.gr,PROGRESO REAL ESTATE,https://www.progresorealestate.gr/property/4985,"Βέροια – Πωλείται βιομηχανικό συγκρότημα 2.620,94 τ.μ. βάσει αδειών, σε γήπεδο 6.875 τ.μ. - Μεσιτικό Γραφείο Progreso",sale,warehouse,1500000,620.9,2416,,ισόγειο,2003,other,,,,,https://www.progresorealestate.gr/images/properties/shared_1001-204577783.jpg,,,2026-09-27,2026-09-27T13:09:27Z
progresorealestate.gr,PROGRESO REAL ESTATE,https://www.progresorealestate.gr/property/4968,ΕΝΟΙΚΙΑΖΕΤΑΙ | Φάληρο – Κατάστημα 70 τ.μ. με Αποθήκη 117 τ.μ. | 70 μ. από το Μετρό - Μεσιτικό Γραφείο Progreso,rent,store,1850,70.0,26,,ισόγειο,1990,thessaloniki,Θεσσαλονίκη-Ανατολικά,Θεσσαλονίκης,,,https://www.progresorealestate.gr/images/properties/shared_1044-202496951.jpg,,,2026-09-27,2026-09-27T13:09:30Z
progresorealestate.gr,PROGRESO REAL ESTATE,https://www.progresorealestate.gr/property/4973,Κατάστημα 21 τ.μ. - Μεσιτικό Γραφείο Progreso,,store,,21.0,,,ισόγειο,1998,thessaloniki,Θεσσαλονίκη,Θεσσαλονίκη Περιφ/κοί δήμοι,,,https://www.progresorealestate.gr/images/properties/shared_1043-205318691.jpg,,,2026-09-27,2026-09-27T13:09:33Z
progresorealestate.gr,PROGRESO REAL ESTATE,https://www.progresorealestate.gr/property/3475,Γραφείο 70 τ.μ. - Μεσιτικό Γραφείο Progreso,sale,office,175000,70.0,2500,,3,2007,thessaloniki,Θεσσαλονίκη,Θεσσαλονίκη Περιφ/κοί δήμοι,,,https://www.progresorealestate.gr/images/properties/shared_1078-151034687.jpg,,,2026-09-27,2026-09-27T13:09:36Z
progresorealestate.gr,PROGRESO REAL ESTATE,https://www.progresorealestate.gr/property/4979,Γραφείο 20 τ.μ. - Μεσιτικό Γραφείο Progreso,,office,,20.0,,,2,1998,thessaloniki,Θεσσαλονίκη,Θεσσαλονίκης,,,https://www.progresorealestate.gr/images/properties/shared_1045-205117965.jpg,,,2026-09-27,2026-09-27T13:09:39Z
progresorealestate.gr,PROGRESO REAL ESTATE,https://www.progresorealestate.gr/property/4951,Κατάστημα 80τ.μ. - Μεσιτικό Γραφείο Progreso,,store,,80.0,,,ισόγειο,1970,thessaloniki,Θεσσαλονίκη,Θεσσαλονίκης,,,https://www.progresorealestate.gr/images/properties/shared_1110-174744353.jpg,,,2026-09-27,2026-09-27T13:09:42Z
progresorealestate.gr,PROGRESO REAL ESTATE,https://www.progresorealestate.gr/property/4958,Στο Πέταλο της Αριστοτέλους – Εμπρόσθιο Γραφείο με Θέα στην Πλατεία - Μεσιτικό Γραφείο Progreso,,office,,35.0,,,3,1960,thessaloniki,Θεσσαλονίκη-Κέντρο,Θεσσαλονίκης,,,https://www.progresorealestate.gr/images/properties/shared_1090-174181433.jpg,,,2026-09-27,2026-09-27T13:09:45Z
progresorealestate.gr,PROGRESO REAL ESTATE,https://www.progresorealestate.gr/property/4919,Γραφείο 100 τ.μ. - Μεσιτικό Γραφείο Progreso,sale,office,290000,100.0,2900,,1,1972,thessaloniki,Θεσσαλονίκη,Θεσσαλονίκης,,,https://www.progresorealestate.gr/images/properties/shared_4-3737722.jpg,,,2026-09-27,2026-09-27T13:09:59Z
sarrisgroup.com,SARRIS GROUP,https://sarrisgroup.com/property/182/Grafeio-Thessaloniki%20kentro,Κωδ. ακινήτου: 1-182 ΕΝΟΙΚΙΑΣΗ ΚΕΝΤΡΟ ΘΕΣ/ΝΙΚΗΣ ΓΡΑΦΕΙΑΚΟΣ ΧΩΡΟΣ - Sarris Group,rent,office,1400,180.0,8,,3,1980,thessaloniki,Θεσσαλονίκη,Θεσσαλονίκης,,,https://sarrisgroup.com/images/properties/1-1823241.jpg,,,2026-09-27,2026-09-27T13:09:06Z
kwnorth.gr,KW NORTH,https://www.kwnorth.gr/el/properties/2586397,"| Κωδικός: 2586397 - Διαμέρισμα Προς Πώληση, Τούμπα, 118 τ.μ., €410.000 | KW North",sale,apartment,410000,118.0,3475,3,7,2026,thessaloniki,Θεσσαλονίκη-Ανατολικά,Τούμπα,,,https://ilist-cdn.e-agents.cloud/appFol/appDetails/estatePhotos/fol2586397/bb574a5c49bf4e6faf3eb0449728285b.jpg,,,2026-09-27,2026-09-27T13:10:04Z
kwnorth.gr,KW NORTH,https://www.kwnorth.gr/el/properties/2327838,"| Κωδικός: 2327838 - Διαμέρισμα Προς Πώληση, Χαριλάου, 76 τ.μ., €290.000 | KW North",sale,apartment,290000,76.0,3816,2,6,2026,thessaloniki,Θεσσαλονίκη-Ανατολικά,Χαριλάου,,,https://ilist-cdn.e-agents.cloud/appFol/appDetails/estatePhotos/fol2327838/52ae95e8afa047f281b7f48636456add.png,,,2026-09-27,2026-09-27T13:10:07Z
kwnorth.gr,KW NORTH,https://www.kwnorth.gr/el/properties/2018157,"| Κωδικός: 2018157 - Studio/Γκαρσονιέρα Προς Πώληση, Κέντρο Θεσσαλονίκης, 55 τ.μ., €109.000 | KW North",sale,studio,109000,55.0,1982,1,4,1970,thessaloniki,Θεσσαλονίκη-Κέντρο,Θεσσαλονίκης,,,https://ilist-cdn.e-agents.cloud/appFol/appDetails/estatePhotos/fol2018157/cbc18f5f64614a509f1552712693bf32.jpg,,,2026-09-27,2026-09-27T13:10:10Z
kwnorth.gr,KW NORTH,https://www.kwnorth.gr/el/properties/2537474,| Κωδικός: Ενοικίαση Μεζονέτας 3 Ορόφων στα Κωνσταντινοπολίτικα - Ιδανική για την Οικογένειά σας! Ανακαλύψτε το σπίτι που πάντα αναζητούσατε! | KW North,rent,maisonette,1000,126.0,8,3,1,1992,thessaloniki,Πυλαία,Πυλαία,,,https://ilist-cdn.e-agents.cloud/appFol/appDetails/estatePhotos/fol2537474/542c06f6daec4bbc87659d97b8c5eab4.jpg,,,2026-09-27,2026-09-27T13:10:13Z
kwnorth.gr,KW NORTH,https://www.kwnorth.gr/el/properties/2572829,"| Κωδικός: 2572829 -Φούρκα Χαλκιδικής: Νεόδμητη Πολυτελής Μεζονέτα 145 τ.μ. με Ιδιωτική Πισίνα Υπερχείλισης & Κήπο 900 τ.μ. , τιμή: €450.000 | KW North",sale,maisonette,450000,145.0,3103,4,1,2026,other,,,,,https://ilist-cdn.e-agents.cloud/appFol/appDetails/estatePhotos/fol2572829/f7ac2398dc4c42009c18696f8a7ada69.jpg,,,2026-09-27,2026-09-27T13:10:16Z
kwnorth.gr,KW NORTH,https://www.kwnorth.gr/el/properties/2361968,"| Κωδικός: 2361968 - Studio/Γκαρσονιέρα Προς Πώληση, Κέντρο Θεσσαλονίκης, 59 τ.μ., €250.000 | KW North",sale,studio,250000,59.0,4237,1,4,2026,thessaloniki,Θεσσαλονίκη-Κέντρο,Θεσσαλονίκης,,,https://ilist-cdn.e-agents.cloud/appFol/appDetails/estatePhotos/fol2361968/38deb64489c5431a9768a8792f0a4c6e.jpg,,,2026-09-27,2026-09-27T13:10:19Z
kwnorth.gr,KW NORTH,https://www.kwnorth.gr/el/properties/1990259,"| Κωδικός: 1990259 - Γραφείο Προς Ενοικίαση, Κέντρο Θεσσαλονίκης, 36 τ.μ.,   €450 | KW North",rent,office,450,36.0,12,,4,,thessaloniki,Θεσσαλονίκη-Κέντρο,Θεσσαλονίκης,,,https://ilist-cdn.e-agents.cloud/appFol/appDetails/estatePhotos/fol1990259/6241d073c791463384cf7f21d6af741f.jpg,,,2026-09-27,2026-09-27T13:10:22Z
kwnorth.gr,KW NORTH,https://www.kwnorth.gr/el/properties/2568912,"| Κωδικός: 2568912 - Κατάστημα Προς Ενοικίαση, Κέντρο Θεσσαλονίκης, 95 τ.μ., €5.000 | KW North",rent,store,5000,95.0,53,,υπόγειο,,thessaloniki,Θεσσαλονίκη-Κέντρο,Θεσσαλονίκης,,,https://ilist-cdn.e-agents.cloud/appFol/appDetails/estatePhotos/fol2568912/4c3da56cd2bd47f98a4f125dd26ef1c1.png,,,2026-09-27,2026-09-27T13:10:25Z
kwnorth.gr,KW NORTH,https://www.kwnorth.gr/el/properties/2563071,"| Κωδικός: 2563071 - Κατάστημα Προς Πώληση, Κέντρο Θεσσαλονίκης, 99 τ.μ., €1.000 | KW North",sale,store,,99.0,,,υπόγειο,1934,thessaloniki,Θεσσαλονίκη-Κέντρο,Θεσσαλονίκης,,,https://ilist-cdn.e-agents.cloud/appFol/appDetails/estatePhotos/fol2563071/78bc36b8aef84eb79b5eb0b9f91c1146.jpg,,,2026-09-27,2026-09-27T13:10:28Z
propertyexperts.gr,PROPERTY EXPERTS REAL ESTATE (Κεραμάρη Αρετή Α.),https://www.propertyexperts.gr/property/6060,Κατάστημα 100 τ.μ. - Property Experts,,store,,100.0,,,ισόγειο,1960,unknown,,,,,https://www.propertyexperts.gr/images/properties/60603922.jpg,,,2026-09-27,2026-09-27T13:08:41Z
propertyexperts.gr,PROPERTY EXPERTS REAL ESTATE (Κεραμάρη Αρετή Α.),https://www.propertyexperts.gr/property/6987,ΠΩΛΕΙΤΑΙ ΔΙΑΜΕΡΙΣΜΑ ΜΕ ΘΕΑ ΘΑΛΑΣΣΑ - Property Experts,sale,apartment,205000,73.0,2808,2,4,2026,unknown,,,,,https://www.propertyexperts.gr/images/properties/69876503.jpg,,,2026-09-27,2026-09-27T13:09:07Z
propertyexperts.gr,PROPERTY EXPERTS REAL ESTATE (Κεραμάρη Αρετή Α.),https://www.propertyexperts.gr/property/6989,ΠΩΛΕΙΤΑΙ ΔΙΑΜΕΡΙΣΜΑ ΜΕ ΘΕΑ ΘΑΛΑΣΣΑ - Property Experts,sale,apartment,255000,104.0,2452,3,4,2026,unknown,,,,,https://www.propertyexperts.gr/images/properties/69896644.jpg,,,2026-09-27,2026-09-27T13:09:09Z
propertyexperts.gr,PROPERTY EXPERTS REAL ESTATE (Κεραμάρη Αρετή Α.),https://www.propertyexperts.gr/property/6985,ΕΝΟΙΚΙΑΖΕΤΑΙ ΣΤΟΥΝΤΙΟ 470 ΕΥΡΩ ΜΕ ΟΛΟΥΣ ΛΟΓΑΡΙΑΣΜΟΥΣ - Property Experts,rent,studio,,38.0,,1,ισόγειο,2005,unknown,,,,,https://www.propertyexperts.gr/images/properties/69856817.jpg,,,2026-09-27,2026-09-27T13:09:11Z
propertyexperts.gr,PROPERTY EXPERTS REAL ESTATE (Κεραμάρη Αρετή Α.),https://www.propertyexperts.gr/property/6986,Διαμέρισμα 90 τ.μ. - Property Experts,,apartment,,90.0,,2,ισόγειο,1985,unknown,,,,,https://www.propertyexperts.gr/images/properties/69869084.jpg,,,2026-09-27,2026-09-27T13:09:15Z
propertyexperts.gr,PROPERTY EXPERTS REAL ESTATE (Κεραμάρη Αρετή Α.),https://www.propertyexperts.gr/property/1252,"(Προς Ενοικίαση) Κατοικία Διαμέρισμα || Ν. Έβρου/Αλεξανδρούπολη - 48 τ.μ, 1 Υ/Δ, 500 - Property Experts",rent,apartment,,48.0,,1,2,2010,other,,,,,https://www.propertyexperts.gr/images/properties/12521971.jpg,,,2026-09-27,2026-09-27T13:09:17Z
propertyexperts.gr,PROPERTY EXPERTS REAL ESTATE (Κεραμάρη Αρετή Α.),https://www.propertyexperts.gr/property/4965,ΕΝΟΙΚΙΑΖΕΤΑΙ διαμέρισμα στο κέντρο της Αλεξανδρούπολης στον 2 ο όροφο συνολικής επιφάνειας 98 τ.μ. . - Property Experts,rent,apartment,,98.0,,3,2,1992,other,,,,,https://www.propertyexperts.gr/images/properties/49653471.jpg,,,2026-09-27,2026-09-27T13:09:20Z
propertyexperts.gr,PROPERTY EXPERTS REAL ESTATE (Κεραμάρη Αρετή Α.),https://www.propertyexperts.gr/property/6810,Διαμέρισμα 82 τ.μ. - Property Experts,sale,apartment,163000,82.0,1988,2,1,2026,unknown,,,,,https://www.propertyexperts.gr/images/properties/68107846.jpg,,,2026-09-27,2026-09-27T13:09:23Z
propertyexperts.gr,PROPERTY EXPERTS REAL ESTATE (Κεραμάρη Αρετή Α.),https://www.propertyexperts.gr/property/6977,Βίλα 464 τ.μ. - Property Experts,sale,house,590000,464.0,1272,8,,2009,unknown,,,,,https://www.propertyexperts.gr/images/properties/6977658.jpg,,,2026-09-27,2026-09-27T13:09:26Z
propertyexperts.gr,PROPERTY EXPERTS REAL ESTATE (Κεραμάρη Αρετή Α.),https://www.propertyexperts.gr/property/4116,ΔΙΑΘΕΣΙΜΟ 1/10/2026 ΕΩΣ 30/06/2027 - Property Experts,,,,65.0,,1,4,2000,unknown,,,,,https://www.propertyexperts.gr/images/properties/4116-25429.jpg,,,2026-09-27,2026-09-27T13:09:41Z
propertyexperts.gr,PROPERTY EXPERTS REAL ESTATE (Κεραμάρη Αρετή Α.),https://www.propertyexperts.gr/property/4814,ΝΟΙΚΙΑΖΕΤΑΙ ΔΙΑΜΕΡΙΣΜΑ ΓΙΑ ΤΟΥΣ ΘΕΡΙΝΟΥΣ ΜΗΝΕΣ - Property Experts,,apartment,,45.0,,1,1,2000,unknown,,,,,https://www.propertyexperts.gr/images/properties/48142529.jpg,,,2026-09-27,2026-09-27T13:09:44Z
propertyexperts.gr,PROPERTY EXPERTS REAL ESTATE (Κεραμάρη Αρετή Α.),https://www.propertyexperts.gr/property/5637,ΠΩΛΕΙΤΑΙ μονοκατοικία στην περιοχή της Αισύμης - Property Experts,sale,house,69000,80.0,862,2,,2011,unknown,,,,,https://www.propertyexperts.gr/images/properties/56371110.jpg,,,2026-09-27,2026-09-27T13:09:47Z
propertyexperts.gr,PROPERTY EXPERTS REAL ESTATE (Κεραμάρη Αρετή Α.),https://www.propertyexperts.gr/property/3976,ΕΝΟΙΚΙΑΖΕΤΑΙ ΚΑΤΑΣΤΗΜΑ ΣΤΗΝ ΑΝΟΔΟ - Property Experts,rent,store,1500,90.0,17,,ισόγειο,1900,unknown,,,,,https://www.propertyexperts.gr/images/properties/,,,2026-09-27,2026-09-27T13:09:50Z
propertyexperts.gr,PROPERTY EXPERTS REAL ESTATE (Κεραμάρη Αρετή Α.),https://www.propertyexperts.gr/property/6992,Κατάστημα 40 τ.μ. - Property Experts,,store,,40.0,,,ισόγειο,1998,unknown,,,,,https://www.propertyexperts.gr/images/properties/,,,2026-09-27,2026-09-27T13:09:53Z
propertyexperts.gr,PROPERTY EXPERTS REAL ESTATE (Κεραμάρη Αρετή Α.),https://www.propertyexperts.gr/property/6991,Κατάστημα 60 τ.μ. - Property Experts,sale,store,90000,60.0,1500,,υπόγειο,1985,unknown,,,,,https://www.propertyexperts.gr/images/properties/,,,2026-09-27,2026-09-27T13:09:56Z
propertyexperts.gr,PROPERTY EXPERTS REAL ESTATE (Κεραμάρη Αρετή Α.),https://www.propertyexperts.gr/property/4225,"(Προς Ενοικίαση) Επαγγελματικός Χώρος Κτίριο || Ν. Έβρου/Αλεξανδρούπολη - 100 τ.μ, 400€ - Property Experts",rent,store,400,100.0,4,,ισόγειο,1980,other,,,,,https://www.propertyexperts.gr/images/properties/4225-26480.jpg,,,2026-09-27,2026-09-27T13:09:59Z
propertyexperts.gr,PROPERTY EXPERTS REAL ESTATE (Κεραμάρη Αρετή Α.),https://www.propertyexperts.gr/property/6926,Κατάστημα 182 τ.μ. - Property Experts,sale,store,70400,182.0,387,,ισόγειο,1980,unknown,,,,,https://www.propertyexperts.gr/images/properties/,,,2026-09-27,2026-09-27T13:10:13Z
propertyexperts.gr,PROPERTY EXPERTS REAL ESTATE (Κεραμάρη Αρετή Α.),https://www.propertyexperts.gr/property/6927,Κτίριο Επαγγελματικό 324 τ.μ. - Property Experts,sale,building,321000,324.0,991,,ισόγειο,1996,unknown,,,,,https://www.propertyexperts.gr/images/properties/,,,2026-09-27,2026-09-27T13:10:16Z
propertyexperts.gr,PROPERTY EXPERTS REAL ESTATE (Κεραμάρη Αρετή Α.),https://www.propertyexperts.gr/property/6909,Γραφείο 70 τ.μ. - Property Experts,rent,office,1000,70.0,14,,1,1998,unknown,,,,,https://www.propertyexperts.gr/images/properties/69092285.jpg,,,2026-09-27,2026-09-27T13:10:19Z
propertyexperts.gr,PROPERTY EXPERTS REAL ESTATE (Κεραμάρη Αρετή Α.),https://www.propertyexperts.gr/property/6888,Ξενοδοχείο 1000 τ.μ. - Property Experts,sale,hotel,4000000,1000.0,4000,,υπόγειο,1998,unknown,,,,,https://www.propertyexperts.gr/images/properties/68884191.jpg,,,2026-09-27,2026-09-27T13:10:22Z
propertyexperts.gr,PROPERTY EXPERTS REAL ESTATE (Κεραμάρη Αρετή Α.),https://www.propertyexperts.gr/property/6838,Κατάστημα 45 τ.μ. - Property Experts,,store,,45.0,,,ισόγειο,1998,unknown,,,,,https://www.propertyexperts.gr/images/properties/68382907.jpg,,,2026-09-27,2026-09-27T13:10:25Z
propertyexperts.gr,PROPERTY EXPERTS REAL ESTATE (Κεραμάρη Αρετή Α.),https://www.propertyexperts.gr/property/6835,Αίθουσα 172 τ.μ. - Property Experts,,,,172.0,,,ισόγειο,2000,unknown,,,,,https://www.propertyexperts.gr/images/properties/,,,2026-09-27,2026-09-27T13:10:28Z
papastefanou.gr,Papastefanou Real,https://www.papastefanou.gr/property/4644,Ένα Αρχιτεκτονικό Καταφύγιο με Ανεμπόδιστο Ορίζοντα στην Κάλυμνο! - Papastefanou REAL,sale,,1500000,400.0,3750,6,ισόγειο,2005,unknown,,,,,https://www.papastefanou.gr/images/properties/91-4644279.jpg,,,2026-09-27,2026-09-27T13:06:52Z
papastefanou.gr,Papastefanou Real,https://www.papastefanou.gr/property/4216,«Εδώ γεννιούνται καθημερινές συνήθειες» - Papastefanou REAL,,,,35.0,,,ισόγειο,1980,thessaloniki,Θεσσαλονίκη,Θεσσαλονίκη Περιφ/κοί δήμοι,,,https://www.papastefanou.gr/images/properties/1-42166610.jpg,,,2026-09-27,2026-09-27T13:06:54Z
papastefanou.gr,Papastefanou Real,https://www.papastefanou.gr/property/4518,"ΑΝΑΚΑΙΝΙΣΜΕΝΟ, ΕΠΙΠΛΩΜΕΝΟ, ΞΕΧΩΡΙΣΤΟ: ΜΙΑ ΠΡΟΤΑΣΗ ΜΕ ΑΞΙΑ! - Papastefanou REAL",sale,,160000,52.0,3077,1,1,1968,thessaloniki,Θεσσαλονίκη,Θεσσαλονίκης,,,https://www.papastefanou.gr/images/properties/91-45182299.jpg,,,2026-09-27,2026-09-27T13:06:58Z
papastefanou.gr,Papastefanou Real,https://www.papastefanou.gr/property/4638,ΧΑΛΚΙΔΙΚΗ: ΜΙΑ ΣΠΑΝΙΑ ΕΠΕΝΔΥΤΙΚΗ ΕΥΚΑΙΡΙΑ MULTI-VENUE 15 ΣΤΡΕΜΜΑΤΩΝ ΜΕ ΕΤΟΙΜΗ ΥΠΕΡΔΟΜΗ ΓΙΑ VIP ΕΚΔΗΛΩΣΕΙΣ ΥΨΗΛΗΣ ΑΠΟΔΟΣΗΣ! - Papastefanou REAL,sale,,750000,700.0,1071,4,ισόγειο,2007,other,,,,,https://www.papastefanou.gr/images/properties/91-46382204.jpg,,,2026-09-27,2026-09-27T13:07:01Z
papastefanou.gr,Papastefanou Real,https://www.papastefanou.gr/property/4639,"ΕΠΕΝΔΥΣΤΕ ΣΤΟ ΜΕΛΛΟΝ: ΤΟ ΑΠΟΛΥΤΟ URBAN REFUGE 123 τ.μ. ΣΤΟΝ 4ο ΟΡΟΦΟ, ΜΙΑ ΣΠΑΝΙΑ ΕΠΕΝΔΥΤΙΚΗ ΕΥΚΑΙΡΙΑ! - Papastefanou REAL",sale,,310000,123.0,2520,3,4,,thessaloniki,Θεσσαλονίκη,Θεσσαλονίκη Περιφ/κοί δήμοι,,,https://www.papastefanou.gr/images/properties/91-46393030.jpg,,,2026-09-27,2026-09-27T13:07:04Z
papastefanou.gr,Papastefanou Real,https://www.papastefanou.gr/property/4609,ΕΝΑ ΑΝΑΚΑΙΝΙΣΜΕΝΟ ΔΙΑΜΕΡΙΣΜΑ ΠΟΥ ΣΥΝΔΥΑΖΕΙ ΣΤΥΛ ΚΑΙ ΕΠΕΝΔΥΤΙΚΗ ΑΞΙΑ! - Papastefanou REAL,sale,apartment,145000,45.0,3222,1,3,1970,thessaloniki,Θεσσαλονίκη,Θεσσαλονίκης,,,https://www.papastefanou.gr/images/properties/91-46092994.jpg,,,2026-09-27,2026-09-27T13:09:12Z
papastefanou.gr,Papastefanou Real,https://www.papastefanou.gr/property/2350,ΣΠΑΝΙΑ ΕΠΕΝΔΥΤΙΚΗ ΕΥΚΑΙΡΙΑ: ΠΡΟΝΟΜΙΑΚΟ ΟΙΚΟΠΕΔΟ 480 Τ.Μ. ΜΕ ΘΕΑ ΣΤΟ ΜΕΛΛΟΝ ΣΑΣ ΣΤΗΝ ΑΙΓΙΝΑ! - Papastefanou REAL,sale,land,65000,480.0,135,,,,unknown,,,,,https://www.papastefanou.gr/images/properties/86-23505536.jpg,,,2026-09-27,2026-09-27T13:09:14Z
papastefanou.gr,Papastefanou Real,https://www.papastefanou.gr/property/4633,ΕΠΕΝΔΥΣΤΕ ΣΤΗΝ ΚΟΜΨΟΤΗΤΑ ΜΕ ΜΙΑ ΕΤΟΙΜΟΠΑΡΑΔΟΤΗ ΜΕΖΟΝΕΤΑ ΜΕ ΚΗΠΟ! - Papastefanou REAL,sale,maisonette,110000,38.0,2895,1,ισόγειο,1996,unknown,,,,,https://www.papastefanou.gr/images/properties/91-4633392.jpg,,,2026-09-27,2026-09-27T13:09:17Z
papastefanou.gr,Papastefanou Real,https://www.papastefanou.gr/property/4631,Η ΠΑΡΑΘΑΛΑΣΣΙΑ ΜΟΝΟΚΑΤΟΙΚΙΑ  ΠΟΥ ΕΠΑΝΑΠΡΟΣΔΙΟΡΙΖΕΙ ΤΗΝ ΕΝΝΟΙΑ ΤΗΣ ΠΟΛΥΤΕΛΕΙΑΣ ΔΙΠΛΑ ΣΤΟ ΚΥΜΑ! - Papastefanou REAL,sale,house,600000,120.0,5000,2,,1990,unknown,,,,,https://www.papastefanou.gr/images/properties/91-46313738.jpg,,,2026-09-27,2026-09-27T13:09:20Z
papastefanou.gr,Papastefanou Real,https://www.papastefanou.gr/property/4628,«Ρόδος | Εκεί που το Σπίτι Συναντά τον Ορίζοντα» - Papastefanou REAL,sale,,215000,85.0,2529,2,2,1992,other,,,,,https://www.papastefanou.gr/images/properties/1-46281708.jpg,,,2026-09-27,2026-09-27T13:09:24Z
papastefanou.gr,Papastefanou Real,https://www.papastefanou.gr/property/4642,ΝΕΟΔΜΗΤΟ ΟΙΚΙΣΤΙΚΟ ΚΟΣΜΗΜΑ ΣΤΟΝ ΕΥΟΣΜΟ: Η ΕΠΙΤΟΜΗ ΤΗΣ ΣΥΓΧΡΟΝΗΣ ΠΟΛΥΤΕΛΕΙΑΣ! - Papastefanou REAL,sale,,215000,92.0,2337,2,1,,thessaloniki,Κορδελιό-Εύοσμος,Θεσσαλονίκη Περιφ/κοί δήμοι,,,https://www.papastefanou.gr/images/properties/,,,2026-09-27,2026-09-27T13:09:27Z
papastefanou.gr,Papastefanou Real,https://www.papastefanou.gr/property/4643,ΕΥΟΣΜΟΣ: ΤΟ ΝΕΟ ΑΡΧΙΤΕΚΤΟΝΙΚΟ ΚΟΣΜΗΜΑ ΤΩΝ ΔΥΤΙΚΩΝ ΠΡΟΑΣΤΙΩΝ ΕΠΑΝΑΠΡΟΣΔΙΟΡΙΖΕΙ ΤΗΝ ΑΣΤΙΚΗ ΠΟΛΥΤΕΛΕΙΑ! - Papastefanou REAL,sale,,235000,102.0,2304,2,6,,thessaloniki,Κορδελιό-Εύοσμος,Θεσσαλονίκη Περιφ/κοί δήμοι,,,https://www.papastefanou.gr/images/properties/,,,2026-09-27,2026-09-27T13:09:30Z
papastefanou.gr,Papastefanou Real,https://www.papastefanou.gr/property/4501,« Εκεί που ηρεμεί το βλέμμα: Ένα φωτεινό καταφύγιο » - Papastefanou REAL,,,,136.0,,3,2,2006,thessaloniki,Θεσσαλονίκη,Θεσσαλονίκη Περιφ/κοί δήμοι,,,https://www.papastefanou.gr/images/properties/1-4501166.jpg,,,2026-09-27,2026-09-27T13:09:33Z
papastefanou.gr,Papastefanou Real,https://www.papastefanou.gr/property/4626,Το Επόμενο Μεγάλο Business Concept Βρίσκει Εδώ τον Χώρο του - Papastefanou REAL,rent,,7000,1610.0,4,,ισόγειο,1980,thessaloniki,Θεσσαλονίκη,Θεσσαλονίκη Περιφ/κοί δήμοι,,,https://www.papastefanou.gr/images/properties/,,,2026-09-27,2026-09-27T13:09:35Z
papastefanou.gr,Papastefanou Real,https://www.papastefanou.gr/property/4590,Premium Γραφειακός Χώρος 160τ.μ.: Εντυπωσιάστε τους Πελάτες σας από την Πρώτη Ματιά - Papastefanou REAL,rent,office,1400,160.0,9,,3,1995,thessaloniki,Θεσσαλονίκη,Θεσσαλονίκη Περιφ/κοί δήμοι,,,https://www.papastefanou.gr/images/properties/1-45904843.jpg,,,2026-09-27,2026-09-27T13:09:39Z
papastefanou.gr,Papastefanou Real,https://www.papastefanou.gr/property/4591,Έτοιμος Γραφειακός Χώρος 160τ.μ. με Θέα Θάλασσα: Η Απόλυτη Έδρα για την Επιχείρησή σας - Papastefanou REAL,rent,office,1600,160.0,10,,4,1995,thessaloniki,Θεσσαλονίκη,Θεσσαλονίκη Περιφ/κοί δήμοι,,,https://www.papastefanou.gr/images/properties/1-45911710.jpg,,,2026-09-27,2026-09-27T13:09:41Z
papastefanou.gr,Papastefanou Real,https://www.papastefanou.gr/property/3635,ΑΓΓΙΖΟΝΤΑΣ ΤΟ ΜΠΛΕ ΤΗΣ ΘΑΛΑΣΣΑΣ - Papastefanou REAL,sale,,3400000,2488.0,1367,,ισόγειο,2005,unknown,,,,,https://www.papastefanou.gr/images/properties/1-36357383.jpg,,,2026-09-27,2026-09-27T13:09:45Z
papastefanou.gr,Papastefanou Real,https://www.papastefanou.gr/property/4616,Κτίριο-Ορόσημο 2.400 τ.μ. σε Κομβικό Σημείο - Papastefanou REAL,,building,22000,400.0,55,,1,2010,unknown,,,,,https://www.papastefanou.gr/images/properties/,,,2026-09-27,2026-09-27T13:09:47Z
papastefanou.gr,Papastefanou Real,https://www.papastefanou.gr/property/4596,«Τουριστικό Resort προς Πώληση στην Τουρκία – İzmir | 50 Δωμάτια & 10 Βίλες» - Papastefanou REAL,sale,,3500000,800.0,4375,,ισόγειο,2008,unknown,,,,,https://www.papastefanou.gr/images/properties/1-45968618.jpg,,,2026-09-27,2026-09-27T13:09:50Z
papastefanou.gr,Papastefanou Real,https://www.papastefanou.gr/property/4593,"Πρώτο στο Κύμα: Προς Πώληση Κτίριο Boutique Ξενοδοχείου 21 Δωματίων με Άδεια Επιπλέον Ορόφου στην Άμασρα Τουρκίας
Denize Sıfır: Amasra",sale,building,1500000,800.0,1875,,3,,unknown,,,,,https://www.papastefanou.gr/images/properties/1-45931574.jpg,,,2026-09-27,2026-09-27T13:09:54Z
papastefanou.gr,Papastefanou Real,https://www.papastefanou.gr/property/4121,«Μια διεύθυνση με αξία – στην καρδιά της Αγίας Σοφίας» - Papastefanou REAL,sale,,140000,64.0,2188,,ημιυπόγειο,1938,thessaloniki,Θεσσαλονίκη,Θεσσαλονίκης,,,https://www.papastefanou.gr/images/properties/,,,2026-09-27,2026-09-27T13:09:57Z
papastefanou.gr,Papastefanou Real,https://www.papastefanou.gr/property/4569,ΚΑΤΑΣΤΗΜΑ 130 Τ.Μ. ΣΕ ΚΟΜΒΙΚΟ ΣΗΜΕΙΟ ΤΗΣ ΧΑΡΙΛΑΟΥ! - Papastefanou REAL,rent,store,1700,130.0,13,,ισόγειο,1998,thessaloniki,Θεσσαλονίκη-Ανατολικά,Θεσσαλονίκης,,,https://www.papastefanou.gr/images/properties/,,,2026-09-27,2026-09-27T13:10:25Z
papastefanou.gr,Papastefanou Real,https://www.papastefanou.gr/property/4570,300 Τ.Μ. ΕΠΑΓΓΕΛΜΑΤΙΚΗΣ ΠΡΟΟΠΤΙΚΗΣ ΣΤΟ ΕΜΠΟΡΙΚΟ ΚΕΝΤΡΟ ΤΗΣ ΘΕΣΣΑΛΟΝΙΚΗΣ! - Papastefanou REAL,sale,,110000,300.0,367,,υπόγειο,1962,thessaloniki,Θεσσαλονίκη,Θεσσαλονίκης,,,https://www.papastefanou.gr/images/properties/91-45702389.jpg,,,2026-09-27,2026-09-27T13:10:28Z
realpraxis.gr,REAL PRAXIS (Τσαρίδη Αφροδίτη),https://realpraxis.gr/property/142,Διαμέρισμα 47 τ.μ. - Μεσιτικό Γραφείο Real Praxis,,apartment,,47.0,,1,4,1975,thessaloniki,Θεσσαλονίκη,Θεσσαλονίκης,,,https://realpraxis.gr/images/properties/2-586149.jpg,,,2026-09-27,2026-09-27T13:09:04Z
realpraxis.gr,REAL PRAXIS (Τσαρίδη Αφροδίτη),https://realpraxis.gr/property/170,Διαμέρισμα 65 τ.μ. - Μεσιτικό Γραφείο Real Praxis,sale,apartment,370000,65.0,5692,2,8,1955,thessaloniki,Θεσσαλονίκη,Θεσσαλονίκης,,,https://realpraxis.gr/images/properties/1-1095181.jpg,,,2026-09-27,2026-09-27T13:09:07Z
realpraxis.gr,REAL PRAXIS (Τσαρίδη Αφροδίτη),https://realpraxis.gr/property/242,Γκαρσονιέρα/Studio 35 τ.μ. - Μεσιτικό Γραφείο Real Praxis,,studio,,35.0,,,2,2019,thessaloniki,Θεσσαλονίκη,Θεσσαλονίκης,,,https://realpraxis.gr/images/properties/2-1362491.jpg,,,2026-09-27,2026-09-27T13:09:08Z
realpraxis.gr,REAL PRAXIS (Τσαρίδη Αφροδίτη),https://realpraxis.gr/property/261,Διαμέρισμα 60 τ.μ. - Μεσιτικό Γραφείο Real Praxis,,apartment,,60.0,,1,1,1975,thessaloniki,Θεσσαλονίκη,Θεσσαλονίκης,,,https://realpraxis.gr/images/properties/2-1477074.jpg,,,2026-09-27,2026-09-27T13:09:11Z
realpraxis.gr,REAL PRAXIS (Τσαρίδη Αφροδίτη),https://realpraxis.gr/property/262,Μεζονέτα 290 τ.μ. - Μεσιτικό Γραφείο Real Praxis,,maisonette,,290.0,,4,1,1990,thessaloniki,Θεσσαλονίκη,Θεσσαλονίκη Περιφ/κοί δήμοι,,,https://realpraxis.gr/images/properties/2-1488645.jpg,,,2026-09-27,2026-09-27T13:09:14Z
realpraxis.gr,REAL PRAXIS (Τσαρίδη Αφροδίτη),https://realpraxis.gr/property/263,Διαμέρισμα 52 τ.μ. - Μεσιτικό Γραφείο Real Praxis,,apartment,,52.0,,2,ισόγειο,1975,thessaloniki,Θεσσαλονίκη,Θεσσαλονίκης,,,https://realpraxis.gr/images/properties/2-1499369.jpg,,,2026-09-27,2026-09-27T13:09:18Z
realpraxis.gr,REAL PRAXIS (Τσαρίδη Αφροδίτη),https://realpraxis.gr/property/171,Διαμέρισμα 75 τ.μ. - Μεσιτικό Γραφείο Real Praxis,sale,apartment,420000,75.0,5600,2,8,1955,thessaloniki,Θεσσαλονίκη,Θεσσαλονίκης,,,https://realpraxis.gr/images/properties/1-1101563.jpg,,,2026-09-27,2026-09-27T13:09:20Z
realpraxis.gr,REAL PRAXIS (Τσαρίδη Αφροδίτη),https://realpraxis.gr/property/227,Διαμέρισμα 70 τ.μ. - Μεσιτικό Γραφείο Real Praxis,sale,apartment,370000,70.0,5286,2,3,1968,thessaloniki,Θεσσαλονίκη,Θεσσαλονίκης,,,https://realpraxis.gr/images/properties/2-1279446.jpg,,,2026-09-27,2026-09-27T13:09:24Z
realpraxis.gr,REAL PRAXIS (Τσαρίδη Αφροδίτη),https://realpraxis.gr/property/138,Loft 35 τ.μ. - Μεσιτικό Γραφείο Real Praxis,sale,office,75000,35.0,2143,1,ισόγειο,1974,thessaloniki,Θεσσαλονίκη,Θεσσαλονίκης,,,https://realpraxis.gr/images/properties/1-923361.jpg,,,2026-09-27,2026-09-27T13:09:50Z
realpraxis.gr,REAL PRAXIS (Τσαρίδη Αφροδίτη),https://realpraxis.gr/property/155,Διαμέρισμα 58 τ.μ. - Μεσιτικό Γραφείο Real Praxis,sale,apartment,160000,58.0,2759,1,1,1985,thessaloniki,Θεσσαλονίκη,Θεσσαλονίκης,,,https://realpraxis.gr/images/properties/1-1004979.jpg,,,2026-09-27,2026-09-27T13:09:53Z
realpraxis.gr,REAL PRAXIS (Τσαρίδη Αφροδίτη),https://realpraxis.gr/property/225,Γκαρσονιέρα/Studio 34 τ.μ. - Μεσιτικό Γραφείο Real Praxis,,studio,,34.0,,1,2,1970,thessaloniki,Θεσσαλονίκη,Θεσσαλονίκης,,,https://realpraxis.gr/images/properties/2-1268573.jpg,,,2026-09-27,2026-09-27T13:09:56Z
realpraxis.gr,REAL PRAXIS (Τσαρίδη Αφροδίτη),https://realpraxis.gr/property/226,Γκαρσονιέρα/Studio 34 τ.μ. - Μεσιτικό Γραφείο Real Praxis,sale,studio,89000,34.0,2618,1,2,1970,thessaloniki,Θεσσαλονίκη,Θεσσαλονίκης,,,https://realpraxis.gr/images/properties/1-1249052.jpg,,,2026-09-27,2026-09-27T13:10:11Z
realpraxis.gr,REAL PRAXIS (Τσαρίδη Αφροδίτη),https://realpraxis.gr/property/247,Διαμέρισμα 50 τ.μ. - Μεσιτικό Γραφείο Real Praxis,sale,apartment,160000,50.0,3200,1,2,1972,thessaloniki,Θεσσαλονίκη,Θεσσαλονίκης,,,https://realpraxis.gr/images/properties/1-1374274.jpg,,,2026-09-27,2026-09-27T13:10:14Z
realpraxis.gr,REAL PRAXIS (Τσαρίδη Αφροδίτη),https://realpraxis.gr/property/258,Γκαρσονιέρα/Studio 28 τ.μ. - Μεσιτικό Γραφείο Real Praxis,,studio,,28.0,,1,3,1970,thessaloniki,Θεσσαλονίκη,Θεσσαλονίκης,,,https://realpraxis.gr/images/properties/2-1442790.jpg,,,2026-09-27,2026-09-27T13:10:28Z
realpraxis.gr,REAL PRAXIS (Τσαρίδη Αφροδίτη),https://realpraxis.gr/property/260,Γκαρσονιέρα/Studio 40 τ.μ. - Μεσιτικό Γραφείο Real Praxis,,studio,,40.0,,1,3,1975,thessaloniki,Θεσσαλονίκη,Θεσσαλονίκης,,,https://realpraxis.gr/images/properties/2-1461879.jpg,,,2026-09-27,2026-09-27T13:10:31Z
realpraxis.gr,REAL PRAXIS (Τσαρίδη Αφροδίτη),https://realpraxis.gr/property/259,Διαμέρισμα 165 τ.μ. - Μεσιτικό Γραφείο Real Praxis,rent,apartment,1700,165.0,10,3,4,1994,thessaloniki,Θεσσαλονίκη,Θεσσαλονίκη Περιφ/κοί δήμοι,,,https://realpraxis.gr/images/properties/2-14535.jpg,,,2026-09-27,2026-09-27T13:10:34Z
pozoglourealestate.gr,Pozoglou Real Estate,https://www.pozoglourealestate.gr/property/492,Διαμέρισμα 35 τ.μ. - Μεσιτικό Γραφείο Pozoglou Real Estate,sale,apartment,250000,35.0,7143,1,1,1970,thessaloniki,Θεσσαλονίκη,Θεσσαλονίκης,,,https://www.pozoglourealestate.gr/images/properties/1-49110554.jpeg,,,2026-09-27,2026-09-27T13:07:06Z
pozoglourealestate.gr,Pozoglou Real Estate,https://www.pozoglourealestate.gr/property/491,Διαμέρισμα 80 τ.μ. - Μεσιτικό Γραφείο Pozoglou Real Estate,sale,apartment,230000,80.0,2875,2,1,1970,thessaloniki,Θεσσαλονίκη,Θεσσαλονίκης,,,https://www.pozoglourealestate.gr/images/properties/1-49087861.jpeg,,,2026-09-27,2026-09-27T13:08:01Z
pozoglourealestate.gr,Pozoglou Real Estate,https://www.pozoglourealestate.gr/property/493,Διαμέρισμα 40 τ.μ. - Μεσιτικό Γραφείο Pozoglou Real Estate,sale,apartment,149000,40.0,3725,1,4,1966,thessaloniki,Θεσσαλονίκη,Θεσσαλονίκης,,,https://www.pozoglourealestate.gr/images/properties/1-49269531.jpeg,,,2026-09-27,2026-09-27T13:08:42Z
pozoglourealestate.gr,Pozoglou Real Estate,https://www.pozoglourealestate.gr/property/487,Διαμέρισμα 80 τ.μ. - Μεσιτικό Γραφείο Pozoglou Real Estate,,apartment,,80.0,,2,2,1970,thessaloniki,Θεσσαλονίκη,Θεσσαλονίκης,,,https://www.pozoglourealestate.gr/images/properties/1-48687331.jpeg,,,2026-09-27,2026-09-27T13:09:21Z
pozoglourealestate.gr,Pozoglou Real Estate,https://www.pozoglourealestate.gr/print/488,Print,,,,40.0,,1,,,thessaloniki,Θεσσαλονίκη-Ανατολικά,Θεσσαλονίκης Μαρτίου ΕΝΟΙΚΙΑΖΕΤΑΙ ανακαινισμένο δια,,,,,,2026-09-27,2026-09-27T13:09:24Z
pozoglourealestate.gr,Pozoglou Real Estate,https://www.pozoglourealestate.gr/print/487,Print,,,,80.0,,2,,,thessaloniki,Θεσσαλονίκη-Κέντρο,Θεσσαλονίκης Ευαγγελίστρια ΕΝΟΙΚΙΑΖΕΤΑΙ ανακαινισμέ,,,,,,2026-09-27,2026-09-27T13:09:27Z
pozoglourealestate.gr,Pozoglou Real Estate,https://www.pozoglourealestate.gr/property/481,Διαμέρισμα 41 τ.μ. - Μεσιτικό Γραφείο Pozoglou Real Estate,sale,apartment,185000,41.0,4512,1,3,1970,thessaloniki,Θεσσαλονίκη,Θεσσαλονίκης,,,https://www.pozoglourealestate.gr/images/properties/1-48035451.jpeg,,,2026-09-27,2026-09-27T13:09:31Z
pozoglourealestate.gr,Pozoglou Real Estate,https://www.pozoglourealestate.gr/property/482,Μονοκατοικία 300 τ.μ. - Μεσιτικό Γραφείο Pozoglou Real Estate,rent,house,2000,300.0,7,4,,1985,thessaloniki,Θεσσαλονίκη,Θεσσαλονίκη Περιφ/κοί δήμοι,,,https://www.pozoglourealestate.gr/images/properties/1-48112501.jpeg,,,2026-09-27,2026-09-27T13:09:33Z
pozoglourealestate.gr,Pozoglou Real Estate,https://www.pozoglourealestate.gr/print/482,Print,rent,,2000,300.0,7,4,,,unknown,,,,,,,,2026-09-27,2026-09-27T13:09:36Z
pozoglourealestate.gr,Pozoglou Real Estate,https://www.pozoglourealestate.gr/print/481,Print,sale,,185000,41.0,4512,1,,,thessaloniki,Θεσσαλονίκη-Κέντρο,Θεσσαλονίκη κέντρο Λαδάδικα ΠΩΛΕΙΤΑΙ ανακαινισμένο,,,,,,2026-09-27,2026-09-27T13:09:39Z
pozoglourealestate.gr,Pozoglou Real Estate,https://www.pozoglourealestate.gr/property/484,Διαμέρισμα 85 τ.μ. - Μεσιτικό Γραφείο Pozoglou Real Estate,sale,apartment,139999,85.0,1647,2,3,1996,thessaloniki,Θεσσαλονίκη,Θεσσαλονίκη Περιφ/κοί δήμοι,,,https://www.pozoglourealestate.gr/images/properties/1-48357051.jpeg,,,2026-09-27,2026-09-27T13:09:42Z
pozoglourealestate.gr,Pozoglou Real Estate,https://www.pozoglourealestate.gr/property/501,Διαμέρισμα 65 τ.μ. - Μεσιτικό Γραφείο Pozoglou Real Estate,sale,apartment,159999,65.0,2462,1,ισόγειο,1970,thessaloniki,Θεσσαλονίκη,Θεσσαλονίκης,,,https://www.pozoglourealestate.gr/images/properties/1-5013848.jpg,,,2026-09-27,2026-09-27T13:09:56Z
pozoglourealestate.gr,Pozoglou Real Estate,https://www.pozoglourealestate.gr/property/500,Οικόπεδο 500 τ.μ. - Μεσιτικό Γραφείο Pozoglou Real Estate,sale,land,320000,500.0,640,,,,thessaloniki,Θεσσαλονίκη,Θεσσαλονίκη Περιφ/κοί δήμοι,,,https://www.pozoglourealestate.gr/images/properties/1-5007851.jpg,,,2026-09-27,2026-09-27T13:10:00Z
pozoglourealestate.gr,Pozoglou Real Estate,https://www.pozoglourealestate.gr/property/132,Γκαρσονιέρα/Studio 45 τ.μ. - Μεσιτικό Γραφείο Pozoglou Real Estate,sale,studio,120000,45.0,2667,1,1,1970,thessaloniki,Θεσσαλονίκη,Θεσσαλονίκης,,,https://www.pozoglourealestate.gr/images/properties/1-13267311.jpeg,,,2026-09-27,2026-09-27T13:10:03Z
pozoglourealestate.gr,Pozoglou Real Estate,https://www.pozoglourealestate.gr/property/146,Γκαρσονιέρα/Studio 30 τ.μ. - Μεσιτικό Γραφείο Pozoglou Real Estate,sale,studio,70000,30.0,2333,1,5,2021,thessaloniki,Θεσσαλονίκη,Θεσσαλονίκης,,,https://www.pozoglourealestate.gr/images/properties/1-14671691.jpeg,,,2026-09-27,2026-09-27T13:10:06Z
pozoglourealestate.gr,Pozoglou Real Estate,https://www.pozoglourealestate.gr/property/151,Γκαρσονιέρα/Studio 50 τ.μ. - Μεσιτικό Γραφείο Pozoglou Real Estate,sale,studio,125000,50.0,2500,1,1,1970,thessaloniki,Θεσσαλονίκη,Θεσσαλονίκη ΤΚ: 56728 2310616233 6948940476 tassosp,,,https://www.pozoglourealestate.gr/images/properties/1-15177891.jpeg,,,2026-09-27,2026-09-27T13:10:20Z
pozoglourealestate.gr,Pozoglou Real Estate,https://www.pozoglourealestate.gr/property/152,Γκαρσονιέρα/Studio 45 τ.μ. - Μεσιτικό Γραφείο Pozoglou Real Estate,sale,studio,130000,45.0,2889,1,4,1975,thessaloniki,Θεσσαλονίκη,Θεσσαλονίκης,,,https://www.pozoglourealestate.gr/images/properties/1-1526171.jpeg,,,2026-09-27,2026-09-27T13:10:23Z
quantapro.gr,QuantaPro Real Estate,https://www.quantapro.gr/property/2182,Διαμέρισμα 47 τ.μ. - QuantaPro Real Estate - Μεσιτικό Γραφείο,sale,apartment,138000,47.0,2936,1,1,1978,thessaloniki,Θεσσαλονίκη,Θεσσαλονίκης,,,https://www.quantapro.gr/images/properties/1-21826420.jpg,,,2026-09-27,2026-09-27T13:09:07Z
quantapro.gr,QuantaPro Real Estate,https://www.quantapro.gr/property/2187,Διαμέρισμα 65 τ.μ. - QuantaPro Real Estate - Μεσιτικό Γραφείο,sale,apartment,185000,65.0,2846,2,2,1970,thessaloniki,Θεσσαλονίκη,Θεσσαλονίκης,,,https://www.quantapro.gr/images/properties/4-15074597.jpg,,,2026-09-27,2026-09-27T13:09:09Z
quantapro.gr,QuantaPro Real Estate,https://www.quantapro.gr/property/2180,Μεζονέτα 83 τ.μ. - QuantaPro Real Estate - Μεσιτικό Γραφείο,sale,maisonette,243000,83.0,2928,2,1,,thessaloniki,Θεσσαλονίκη,Θεσσαλονίκη Περιφ/κοί δήμοι,,,https://www.quantapro.gr/images/properties/1-21808854.jpg,,,2026-09-27,2026-09-27T13:09:45Z
quantapro.gr,QuantaPro Real Estate,https://www.quantapro.gr/property/2179,Μεζονέτα 113 τ.μ. - QuantaPro Real Estate - Μεσιτικό Γραφείο,sale,maisonette,332000,113.0,2938,3,1,,thessaloniki,Θεσσαλονίκη,Θεσσαλονίκη Περιφ/κοί δήμοι,,,https://www.quantapro.gr/images/properties/1-21794504.jpg,,,2026-09-27,2026-09-27T13:09:48Z
quantapro.gr,QuantaPro Real Estate,https://www.quantapro.gr/property/2178,Μεζονέτα 110 τ.μ. - QuantaPro Real Estate - Μεσιτικό Γραφείο,sale,maisonette,323000,110.0,2936,3,1,,thessaloniki,Θεσσαλονίκη,Θεσσαλονίκη Περιφ/κοί δήμοι,,,https://www.quantapro.gr/images/properties/1-21788011.jpg,,,2026-09-27,2026-09-27T13:09:51Z
quantapro.gr,QuantaPro Real Estate,https://www.quantapro.gr/property/2177,Μεζονέτα 111 τ.μ. - QuantaPro Real Estate - Μεσιτικό Γραφείο,sale,maisonette,327000,111.0,2946,3,1,,thessaloniki,Θεσσαλονίκη,Θεσσαλονίκη Περιφ/κοί δήμοι,,,https://www.quantapro.gr/images/properties/1-21772904.jpg,,,2026-09-27,2026-09-27T13:09:54Z
quantapro.gr,QuantaPro Real Estate,https://www.quantapro.gr/property/2176,Μεζονέτα 142 τ.μ. - QuantaPro Real Estate - Μεσιτικό Γραφείο,sale,maisonette,313000,142.0,2204,4,υπόγειο,,thessaloniki,Θεσσαλονίκη,Θεσσαλονίκη Περιφ/κοί δήμοι,,,https://www.quantapro.gr/images/properties/1-21762312.jpg,,,2026-09-27,2026-09-27T13:09:57Z
quantapro.gr,QuantaPro Real Estate,https://www.quantapro.gr/property/2174,Μεζονέτα 151 τ.μ. - QuantaPro Real Estate - Μεσιτικό Γραφείο,sale,maisonette,317000,151.0,2099,4,υπόγειο,,thessaloniki,Θεσσαλονίκη,Θεσσαλονίκη Περιφ/κοί δήμοι,,,https://www.quantapro.gr/images/properties/1-21746900.jpg,,,2026-09-27,2026-09-27T13:10:11Z
quantapro.gr,QuantaPro Real Estate,https://www.quantapro.gr/property/1337,Διαμέρισμα 65 τ.μ. - QuantaPro Real Estate - Μεσιτικό Γραφείο,sale,apartment,149000,65.0,2292,2,ισόγειο,2000,thessaloniki,Θεσσαλονίκη,Θεσσαλονίκη Ελλάδα,,,https://www.quantapro.gr/images/properties/1-1337855.jpg,,,2026-09-27,2026-09-27T13:10:14Z
quantapro.gr,QuantaPro Real Estate,https://www.quantapro.gr/property/2186,Μεζονέτα 120 τ.μ. - QuantaPro Real Estate - Μεσιτικό Γραφείο,sale,maisonette,490000,120.0,4083,2,ισόγειο,2010,unknown,,,,,https://www.quantapro.gr/images/properties/1-21869431.jpg,,,2026-09-27,2026-09-27T13:10:17Z
quantapro.gr,QuantaPro Real Estate,https://www.quantapro.gr/property/2188,"Μεταμόρφωση, Σιθωνία — Μεζονέτες με θέα στη θάλασσα - QuantaPro Real Estate - Μεσιτικό Γραφείο",sale,maisonette,200000,85.0,2353,3,ισόγειο,2019,other,,Θεσσαλονίκη Ελλάδα,,,https://www.quantapro.gr/images/properties/1-21885681.jpg,,,2026-09-27,2026-09-27T13:10:20Z
quantapro.gr,QuantaPro Real Estate,https://www.quantapro.gr/property/1852,Bar | Κέντρα Διασκέδασης 103 τ.μ. - QuantaPro Real Estate - Μεσιτικό Γραφείο,sale,office,60000,103.0,583,,ισόγειο,1998,thessaloniki,Θεσσαλονίκη,Θεσσαλονίκης,,,https://www.quantapro.gr/images/properties/1-18529547.jpg,,,2026-09-27,2026-09-27T13:10:23Z
quantapro.gr,QuantaPro Real Estate,https://www.quantapro.gr/property/1728,Πωλείται ξενοδοχείο 611τ.μ. - QuantaPro Real Estate - Μεσιτικό Γραφείο,sale,hotel,1200000,611.0,1964,,ισόγειο,1977,thessaloniki,Θεσσαλονίκη,Θεσσαλονίκη Ελλάδα,,,https://www.quantapro.gr/images/properties/1-1728541.jpg,,,2026-09-27,2026-09-27T13:10:26Z
quantapro.gr,QuantaPro Real Estate,https://www.quantapro.gr/property/1657,Επαγγελματικό Ακίνητο Πολλαπλών Επιπέδων με Εξωτερικό Χώρο – Θέρμη - QuantaPro Real Estate - Μεσιτικό Γραφείο,sale,store,599000,188.3,3180,,ισόγειο,2026,thessaloniki,Θέρμη,Θέρμη,,,https://www.quantapro.gr/images/properties/3-15444322.jpg,,,2026-09-27,2026-09-27T13:10:29Z
quantapro.gr,QuantaPro Real Estate,https://www.quantapro.gr/property/1544,Επαγγελματικό Ακίνητο Πολλαπλών Επιπέδων με Εξωτερικό Χώρο – Θέρμη - QuantaPro Real Estate - Μεσιτικό Γραφείο,rent,store,3000,188.3,16,,υπόγειο,1998,thessaloniki,Θέρμη,Θέρμη,,,https://www.quantapro.gr/images/properties/3-15444322.jpg,,,2026-09-27,2026-09-27T13:10:32Z
quantapro.gr,QuantaPro Real Estate,https://www.quantapro.gr/property/1535,Ξενοδοχείο 485 τ.μ. - QuantaPro Real Estate - Μεσιτικό Γραφείο,sale,hotel,1600000,485.0,3299,,ισόγειο,2023,thessaloniki,Θεσσαλονίκη,Θεσσαλονίκη Ελλάδα,,,https://www.quantapro.gr/images/properties/1-15354008.jpg,,,2026-09-27,2026-09-27T13:10:35Z
quantapro.gr,QuantaPro Real Estate,https://www.quantapro.gr/property/1536,Ξενοδοχείο 350 τ.μ. - QuantaPro Real Estate - Μεσιτικό Γραφείο,sale,hotel,850000,350.0,2429,,ισόγειο,2000,thessaloniki,Θεσσαλονίκη,Θεσσαλονίκη Ελλάδα,,,https://www.quantapro.gr/images/properties/1-15368767.jpg,,,2026-09-27,2026-09-27T13:10:38Z
remaxexcellence.gr,RE/MAX Excellence,https://www.remaxexcellence.gr/el/properties/2590947,"2590947 - Διαμέρισμα Προς Πώληση, Λιτόχωρο, 95 τ.μ., €140.000",sale,apartment,140000,95.0,1474,47,1,1999,unknown,,,,,https://ilist-cdn.e-agents.cloud/appFol/appDetails/estatePhotos/fol2590947/9e10fd6782574441b621422b2a5682d7.jpg,,,2026-09-27,2026-09-27T13:10:13Z
remaxexcellence.gr,RE/MAX Excellence,https://www.remaxexcellence.gr/el/properties/2311130,"2311130 - Διαμέρισμα Προς Πώληση, Θέρμη, 94 τ.μ., €265.000",sale,apartment,265000,94.0,2819,30,1,2026,thessaloniki,Θέρμη,Θέρμη,,,https://ilist-cdn.e-agents.cloud/appFol/appDetails/estatePhotos/fol2311130/f23ece56d8a04526bfaf12cb1fb7a206.jpg,,,2026-09-27,2026-09-27T13:10:16Z
remaxexcellence.gr,RE/MAX Excellence,https://www.remaxexcellence.gr/el/properties/2581566,"2581566 - Διαμέρισμα Προς Ενοικίαση, Τούμπα, 76 τ.μ., €700",rent,apartment,700,76.0,9,66,2,1961,thessaloniki,Θεσσαλονίκη-Ανατολικά,Τούμπα,,,https://ilist-cdn.e-agents.cloud/appFol/appDetails/estatePhotos/fol2581566/97d197f7be45468d9943760b5a483b0d.jpg,,,2026-09-27,2026-09-27T13:10:19Z
remaxexcellence.gr,RE/MAX Excellence,https://www.remaxexcellence.gr/el/properties/1990439,"1990439 - Διαμέρισμα Προς Πώληση, Θέρμη, 124 τ.μ., €340.000",sale,apartment,340000,124.0,2742,39,2,2026,thessaloniki,Θέρμη,Θέρμη,,,https://ilist-cdn.e-agents.cloud/appFol/appDetails/estatePhotos/fol1990439/995b7f888d5a40929f34a6c0d2aeb76d.png,,,2026-09-27,2026-09-27T13:10:22Z
remaxexcellence.gr,RE/MAX Excellence,https://www.remaxexcellence.gr/el/properties/1990406,"1990406 - Νεόδμητο 2αρι Διαμέρισμα 1ος ορ Προς Πώληση, Θέρμη, 99,07 τ.μ., €260.000",sale,apartment,260000,99.1,2624,06,1,2025,thessaloniki,Θέρμη,Θέρμη,,,https://ilist-cdn.e-agents.cloud/appFol/appDetails/estatePhotos/fol1990406/30af2cc678874e14b1beb9cd7298bb2e.jpg,,,2026-09-27,2026-09-27T13:10:25Z
remaxexcellence.gr,RE/MAX Excellence,https://www.remaxexcellence.gr/el/properties/2311094,"2311094 - Διαμέρισμα Προς Πώληση, Θέρμη, 94 τ.μ., €235.000",sale,apartment,235000,94.0,2500,94,1,2026,thessaloniki,Θέρμη,Θέρμη,,,https://ilist-cdn.e-agents.cloud/appFol/appDetails/estatePhotos/fol2311094/bb3e781f9d6d4783a5f970e6fd6d18a1.jpg,,,2026-09-27,2026-09-27T13:10:28Z
remaxexcellence.gr,RE/MAX Excellence,https://www.remaxexcellence.gr/el/properties/2547686,"2547686 - Studio/Γκαρσονιέρα Προς Ενοικίαση, Φάληρο - Ιπποκράτειο, 55 τ.μ., €690",rent,studio,690,55.0,13,86,5,1964,thessaloniki,Θεσσαλονίκη-Ανατολικά,,,,https://ilist-cdn.e-agents.cloud/appFol/appDetails/estatePhotos/fol2547686/6d5b18e6ecd74b749c54d73f7d0f467b.png,,,2026-09-27,2026-09-27T13:10:31Z
remaxexcellence.gr,RE/MAX Excellence,https://www.remaxexcellence.gr/el/properties/2552845,"2552845 - Διαμέρισμα Προς Πώληση, Φάληρο - Ιπποκράτειο, 85 τ.μ., €200.000",sale,apartment,200000,85.0,2353,45,1,1964,thessaloniki,Θεσσαλονίκη-Ανατολικά,,,,https://ilist-cdn.e-agents.cloud/appFol/appDetails/estatePhotos/fol2552845/9f5fca17795447359fce6caec93540cb.jpg,,,2026-09-27,2026-09-27T13:10:34Z
remaxexcellence.gr,RE/MAX Excellence,https://www.remaxexcellence.gr/el/properties/1895750,"1895750 - Διαμέρισμα Προς Ενοικίαση, Καλαμαριά, 150 τ.μ., €1.700",rent,apartment,1700,150.0,11,50,3,2000,thessaloniki,Καλαμαριά,Καλαμαριά,,,https://ilist-cdn.e-agents.cloud/appFol/appDetails/estatePhotos/fol1895750/de4097a2f8b346c8aacd09282441d852.jpg,,,2026-09-27,2026-09-27T13:10:37Z
remaxexcellence.gr,RE/MAX Excellence,https://www.remaxexcellence.gr/el/properties/2573044,"2573044 - Διαμέρισμα Προς Πώληση, Βούλγαρη - Ντεπώ - Μαρτίου, 60 τ.μ., €200.000",sale,apartment,200000,60.0,3333,44,5,1966,thessaloniki,Θεσσαλονίκη-Ανατολικά,Θεσσαλονίκης ✔️ Σχολεία,,,https://ilist-cdn.e-agents.cloud/appFol/appDetails/estatePhotos/fol2573044/170577728cd247a3910e756f783889e5.png,,,2026-09-27,2026-09-27T13:10:40Z
makedonika-akinita.gr,ΜΑΚΕΔΟΝΙΚΑ ΑΚΙΝΗΤΑ (Κοκόσης Εμμανουήλ Β.),https://www.makedonika-akinita.gr/property/1001/Katastima-Ano%20Toumpa,Κατάστημα 20 τ.μ. - Μακεδονικά Ακίνητα,sale,store,40000,20.0,2000,,ισόγειο,1973,thessaloniki,Θεσσαλονίκη-Ανατολικά,Θεσσαλονίκης,,,https://www.makedonika-akinita.gr/images/properties/1010013271.jpg,,,2026-09-27,2026-09-27T13:10:24Z
makedonika-akinita.gr,ΜΑΚΕΔΟΝΙΚΑ ΑΚΙΝΗΤΑ (Κοκόσης Εμμανουήλ Β.),https://www.makedonika-akinita.gr/property/997/Diamerisma-Ano%20Toumpa,Διαμέρισμα 190 τ.μ. - Μακεδονικά Ακίνητα,sale,apartment,320000,190.0,1684,4,1,1984,thessaloniki,Θεσσαλονίκη-Ανατολικά,Θεσσαλονίκης,,,https://www.makedonika-akinita.gr/images/properties/109974289.jpg,,,2026-09-27,2026-09-27T13:10:33Z
vidis.gr,Vidis Real Estate,https://www.vidis.gr/property/946,Διαμέρισμα 58 τ.μ. - Vidis Real Estate,sale,apartment,60000,58.0,1034,2,ημιυπόγειο,1995,thessaloniki,Θεσσαλονίκη,Θεσσαλονίκη Περιφ/κοί δήμοι,,,https://www.vidis.gr/images/properties/1-9468311.jpg,,,2026-09-27,2026-09-27T13:09:46Z
vidis.gr,Vidis Real Estate,https://www.vidis.gr/property/971,Γκαρσονιέρα 40 τ.μ. - Vidis Real Estate,,studio,,40.0,,1,ισόγειο,2000,thessaloniki,Θεσσαλονίκη,Θεσσαλονίκη Περιφ/κοί δήμοι,,,https://www.vidis.gr/images/properties/1-9711377.jpg,,,2026-09-27,2026-09-27T13:09:50Z
vidis.gr,Vidis Real Estate,https://www.vidis.gr/property/970,Μεζονέτα 186 τ.μ. - Vidis Real Estate,sale,maisonette,200000,186.0,1075,4,2,1995,thessaloniki,Θεσσαλονίκη,Θεσσαλονίκη Περιφ/κοί δήμοι,,,https://www.vidis.gr/images/properties/1-970357.jpg,,,2026-09-27,2026-09-27T13:09:53Z
vidis.gr,Vidis Real Estate,https://www.vidis.gr/property/933,Κατάστημα 300 τ.μ. - Vidis Real Estate,rent,store,3000,300.0,10,,ισόγειο,2006,thessaloniki,Θεσσαλονίκη,Θεσσαλονίκη Περιφ/κοί δήμοι,,,https://www.vidis.gr/images/properties/1-9339035.jpg,,,2026-09-27,2026-09-27T13:10:08Z
vidis.gr,Vidis Real Estate,https://www.vidis.gr/property/969,Διαμέρισμα 90 τ.μ. - Vidis Real Estate,sale,apartment,170000,90.0,1889,2,1,1990,thessaloniki,Θεσσαλονίκη,Θεσσαλονίκη Περιφ/κοί δήμοι,,,https://www.vidis.gr/images/properties/1-9698210.jpg,,,2026-09-27,2026-09-27T13:10:10Z
vidis.gr,Vidis Real Estate,https://www.vidis.gr/property/840,Διαμέρισμα 80 τ.μ. - Vidis Real Estate,sale,apartment,125000,80.0,1562,2,1,1968,thessaloniki,Θεσσαλονίκη,Θεσσαλονίκης,,,https://www.vidis.gr/images/properties/1-8404818.jpg,,,2026-09-27,2026-09-27T13:10:13Z
vidis.gr,Vidis Real Estate,https://www.vidis.gr/property/968,Διαμέρισμα 75 τ.μ. - Vidis Real Estate,sale,apartment,125000,75.0,1667,1,,1970,thessaloniki,Θεσσαλονίκη,Θεσσαλονίκης,,,https://www.vidis.gr/images/properties/1-9683247.jpg,,,2026-09-27,2026-09-27T13:10:16Z
vidis.gr,Vidis Real Estate,https://www.vidis.gr/property/967,Διαμέρισμα 60 τ.μ. - Vidis Real Estate,sale,apartment,150000,60.0,2500,1,1,1968,thessaloniki,Θεσσαλονίκη,Θεσσαλονίκη Περιφ/κοί δήμοι,,,https://www.vidis.gr/images/properties/1-9674288.jpg,,,2026-09-27,2026-09-27T13:10:20Z
vidis.gr,Vidis Real Estate,https://www.vidis.gr/property/966,Διαμέρισμα 104 τ.μ. - Vidis Real Estate,sale,apartment,135000,104.0,1298,3,1,1980,thessaloniki,Θεσσαλονίκη,Θεσσαλονίκη Περιφ/κοί δήμοι,,,https://www.vidis.gr/images/properties/1-9662368.jpg,,,2026-09-27,2026-09-27T13:10:22Z
vidis.gr,Vidis Real Estate,https://www.vidis.gr/property/965,Fast Food 80 τ.μ. - Vidis Real Estate,sale,,40000,80.0,500,,ισόγειο,2000,thessaloniki,Θεσσαλονίκη,Θεσσαλονίκη Περιφ/κοί δήμοι,,,https://www.vidis.gr/images/properties/1-9656750.jpg,,,2026-09-27,2026-09-27T13:10:26Z
vidis.gr,Vidis Real Estate,https://www.vidis.gr/property/964,Διαμέρισμα 120 τ.μ. - Vidis Real Estate,sale,apartment,300000,120.0,2500,3,2,1995,thessaloniki,Θεσσαλονίκη,Θεσσαλονίκη Περιφ/κοί δήμοι,,,https://www.vidis.gr/images/properties/1-9647012.jpg,,,2026-09-27,2026-09-27T13:10:28Z
vidis.gr,Vidis Real Estate,https://www.vidis.gr/property/963,Διαμέρισμα 116 τ.μ. - Vidis Real Estate,sale,apartment,230000,116.0,1983,3,1,1999,thessaloniki,Θεσσαλονίκη,Θεσσαλονίκη Περιφ/κοί δήμοι,,,https://www.vidis.gr/images/properties/1-9637922.jpg,,,2026-09-27,2026-09-27T13:10:31Z
vidis.gr,Vidis Real Estate,https://www.vidis.gr/property/960,Διαμέρισμα 116 τ.μ. - Vidis Real Estate,sale,apartment,200000,116.0,1724,3,2,2004,unknown,,,,,https://www.vidis.gr/images/properties/1-9609470.jpg,,,2026-09-27,2026-09-27T13:10:34Z
vidis.gr,Vidis Real Estate,https://www.vidis.gr/property/961,Κατάστημα 75 τ.μ. - Vidis Real Estate,sale,store,250000,75.0,3333,,ισόγειο,1986,thessaloniki,Θεσσαλονίκη,Θεσσαλονίκη Περιφ/κοί δήμοι,,,https://www.vidis.gr/images/properties/1-9614123.jpg,,,2026-09-27,2026-09-27T13:10:37Z
vidis.gr,Vidis Real Estate,https://www.vidis.gr/property/949,Κατάστημα 55 τ.μ. - Vidis Real Estate,sale,store,110000,55.0,2000,,1,1960,thessaloniki,Θεσσαλονίκη,Θεσσαλονίκης,,,https://www.vidis.gr/images/properties/1-9492415.jpg,,,2026-09-27,2026-09-27T13:10:40Z
vidis.gr,Vidis Real Estate,https://www.vidis.gr/property/948,Κατάστημα 170 τ.μ. - Vidis Real Estate,sale,store,250000,170.0,1471,,ισόγειο,2000,thessaloniki,Θεσσαλονίκη,Θεσσαλονίκη Περιφ/κοί δήμοι,,,https://www.vidis.gr/images/properties/1-9488375.jpg,,,2026-09-27,2026-09-27T13:10:43Z
vidis.gr,Vidis Real Estate,https://www.vidis.gr/property/927,Κατάστημα 87 τ.μ. - Vidis Real Estate,sale,store,220000,87.0,2529,,ισόγειο,1996,thessaloniki,Θεσσαλονίκη,Θεσσαλονίκη Περιφ/κοί δήμοι,,,https://www.vidis.gr/images/properties/1-927322.jpg,,,2026-09-27,2026-09-27T13:10:47Z
vidis.gr,Vidis Real Estate,https://www.vidis.gr/property/755,Κτίριο Επαγγελματικό 1160 τ.μ. - Vidis Real Estate,sale,building,85000,1160.0,73,,17,1984,unknown,,,,,https://www.vidis.gr/images/properties/1-7552321.jpg,,,2026-09-27,2026-09-27T13:10:49Z
vidis.gr,Vidis Real Estate,https://www.vidis.gr/property/955,Πάρκινγκ 600 τ.μ. - Vidis Real Estate,sale,parking,250000,600.0,417,,υπόγειο,2006,thessaloniki,Θεσσαλονίκη,Θεσσαλονίκη Περιφ/κοί δήμοι,,,https://www.vidis.gr/images/properties/1-955332.jpg,,,2026-09-27,2026-09-27T13:10:52Z
inhomeskg.gr,inHome SKG,https://www.inhomeskg.gr/property/196,Διαμέρισμα 75 τ.μ. - InHome SKG,rent,apartment,570,75.0,8,2,3,1978,thessaloniki,Θεσσαλονίκη,Θεσσαλονίκης,,,https://www.inhomeskg.gr/images/properties/1-1969067.jpg,,,2026-09-27,2026-09-27T13:09:45Z
inhomeskg.gr,inHome SKG,https://www.inhomeskg.gr/property/218,Γκαρσονιέρα/Studio 60 τ.μ. - InHome SKG,sale,studio,100000,60.0,1667,1,1,1965,thessaloniki,Θεσσαλονίκη,Θεσσαλονίκης,,,https://www.inhomeskg.gr/images/properties/1-2182810.jpg,,,2026-09-27,2026-09-27T13:09:57Z
inhomeskg.gr,inHome SKG,https://www.inhomeskg.gr/property/227,Γκαρσονιέρα/Studio 40 τ.μ. - InHome SKG,,studio,,40.0,,,5,2020,thessaloniki,Θεσσαλονίκη,Θεσσαλονίκης,,,https://www.inhomeskg.gr/images/properties/1-2273156.jpg,,,2026-09-27,2026-09-27T13:10:00Z
inhomeskg.gr,inHome SKG,https://www.inhomeskg.gr/property/193,Γκαρσονιέρα/Studio 47 τ.μ. - InHome SKG,sale,studio,90000,47.0,1915,1,1,1970,thessaloniki,Θεσσαλονίκη,Θεσσαλονίκης,,,https://www.inhomeskg.gr/images/properties/1-1931120.jpg,,,2026-09-27,2026-09-27T13:10:03Z
inhomeskg.gr,inHome SKG,https://www.inhomeskg.gr/property/215,Διαμέρισμα 40 τ.μ. - InHome SKG,,apartment,,40.0,,1,1,1972,thessaloniki,Θεσσαλονίκη,Θεσσαλονίκης,,,https://www.inhomeskg.gr/images/properties/1-2155240.jpg,,,2026-09-27,2026-09-27T13:10:06Z
inhomeskg.gr,inHome SKG,https://www.inhomeskg.gr/property/219,Loft 50 τ.μ. - InHome SKG,sale,,90000,50.0,1800,1,,1966,thessaloniki,Θεσσαλονίκη,Θεσσαλονίκη Περιφ/κοί δήμοι,,,https://www.inhomeskg.gr/images/properties/1-219187.jpg,,,2026-09-27,2026-09-27T13:10:09Z
inhomeskg.gr,inHome SKG,https://www.inhomeskg.gr/property/220,Γκαρσονιέρα/Studio 60 τ.μ. - InHome SKG,,studio,,60.0,,1,5,1978,thessaloniki,Θεσσαλονίκη,Θεσσαλονίκης,,,https://www.inhomeskg.gr/images/properties/1-2201211.jpg,,,2026-09-27,2026-09-27T13:10:12Z
inhomeskg.gr,inHome SKG,https://www.inhomeskg.gr/property/221,Διαμέρισμα 105 τ.μ. - InHome SKG,,apartment,,105.0,,2,2,1978,thessaloniki,Θεσσαλονίκη,Θεσσαλονίκης,,,https://www.inhomeskg.gr/images/properties/1-2213426.jpg,,,2026-09-27,2026-09-27T13:10:15Z
inhomeskg.gr,inHome SKG,https://www.inhomeskg.gr/property/226,Γκαρσονιέρα/Studio 40 τ.μ. - InHome SKG,,studio,,40.0,,,5,2020,thessaloniki,Θεσσαλονίκη,Θεσσαλονίκης,,,https://www.inhomeskg.gr/images/properties/1-2266587.jpg,,,2026-09-27,2026-09-27T13:10:30Z
inhomeskg.gr,inHome SKG,https://www.inhomeskg.gr/property/225,Διαμέρισμα 100 τ.μ. - InHome SKG,,apartment,,100.0,,2,2,1978,thessaloniki,Θεσσαλονίκη,Θεσσαλονίκης,,,https://www.inhomeskg.gr/images/properties/1-2253159.jpg,,,2026-09-27,2026-09-27T13:10:32Z
inhomeskg.gr,inHome SKG,https://www.inhomeskg.gr/property/122,Διαμέρισμα 72 τ.μ. - InHome SKG,sale,apartment,140000,72.0,1944,1,1,1976,thessaloniki,Θεσσαλονίκη,Θεσσαλονίκης,,,https://www.inhomeskg.gr/images/properties/1-1227908.jpg,,,2026-09-27,2026-09-27T13:10:35Z
inhomeskg.gr,inHome SKG,https://www.inhomeskg.gr/property/214,Διαμέρισμα 100 τ.μ. - InHome SKG,,apartment,,100.0,,3,2,1970,thessaloniki,Θεσσαλονίκη,Θεσσαλονίκης,,,https://www.inhomeskg.gr/images/properties/1-2143489.jpg,,,2026-09-27,2026-09-27T13:10:38Z
inhomeskg.gr,inHome SKG,https://www.inhomeskg.gr/property/203,Κατάστημα 60 τ.μ. - InHome SKG,,store,,60.0,,,υπόγειο,1960,thessaloniki,Θεσσαλονίκη,Θεσσαλονίκη Περιφ/κοί δήμοι,,,https://www.inhomeskg.gr/images/properties/1-2037270.jpg,,,2026-09-27,2026-09-27T13:10:41Z
passasrealestate.gr,Passas Real Estate,https://www.passasrealestate.gr/property/4914,ΠΩΛΗΣΗ ΜΕΖΟΝΕΤΑΣ -  Passas Real Estate,sale,maisonette,510000,240.0,2125,1,1,2002,unknown,,,,,https://www.passasrealestate.gr/images/properties/4914-1512845552682072a1a1439.jpg,,,2026-09-27,2026-09-27T13:09:16Z
passasrealestate.gr,Passas Real Estate,https://www.passasrealestate.gr/property/4866,ΠΩΛΗΣΗ ΚΑΤΑΣΤΗΜΑΤΟΣ -  Passas Real Estate,sale,store,420000,58.0,7241,,ισόγειο,1970,unknown,,,,,https://www.passasrealestate.gr/images/properties/4866-1509428104668b9fca5dcb2.jpg,,,2026-09-27,2026-09-27T13:09:19Z
passasrealestate.gr,Passas Real Estate,https://www.passasrealestate.gr/property/4930,ΠΩΛΗΣΗ ΟΙΚΟΠΕΔΟΥ -  Passas Real Estate,sale,land,2400000,630.0,3810,,,,unknown,,,,,https://www.passasrealestate.gr/images/properties/,,,2026-09-27,2026-09-27T13:09:28Z
passasrealestate.gr,Passas Real Estate,https://www.passasrealestate.gr/property/4930?language=en,Plot 1050 sq.m. -  Passas Real Estate,sale,land,2400000,1050.0,2286,,,,unknown,,,,,https://www.passasrealestate.gr/images/properties/,,,2026-09-27,2026-09-27T13:09:31Z
passasrealestate.gr,Passas Real Estate,https://www.passasrealestate.gr/property/4056,ΠΩΛΗΣΗ ΑΥΤΟΝΟΜΟ  ΚΤΙΡΙΟ -  Passas Real Estate,sale,building,2000000,681.0,2937,,1,1990,unknown,,,,,https://www.passasrealestate.gr/images/properties/,,,2026-09-27,2026-09-27T13:09:40Z
passasrealestate.gr,Passas Real Estate,https://www.passasrealestate.gr/property/4946,Κατάστημα 298 τ.μ. -  Passas Real Estate,sale,store,630000,298.0,2114,,ισόγειο,2010,unknown,,,,,https://www.passasrealestate.gr/images/properties/49468470.jpg,,,2026-09-27,2026-09-27T13:09:46Z
passasrealestate.gr,Passas Real Estate,https://www.passasrealestate.gr/property/4945,Διαμέρισμα 129 τ.μ. -  Passas Real Estate,sale,apartment,520000,129.0,4031,3,1,1985,unknown,,,,,https://www.passasrealestate.gr/images/properties/49452033.jpg,,,2026-09-27,2026-09-27T13:09:49Z
passasrealestate.gr,Passas Real Estate,https://www.passasrealestate.gr/property/4942,Διαμέρισμα 109 τ.μ. -  Passas Real Estate,sale,apartment,600000,109.0,5505,2,3,1972,unknown,,,,,https://www.passasrealestate.gr/images/properties/49423309.jpg,,,2026-09-27,2026-09-27T13:09:52Z
passasrealestate.gr,Passas Real Estate,https://www.passasrealestate.gr/property/4941,Οικόπεδο 1250 τ.μ. -  Passas Real Estate,sale,land,1100000,1250.0,880,,,,unknown,,,,,https://www.passasrealestate.gr/images/properties/4941512.jpg,,,2026-09-27,2026-09-27T13:09:55Z
passasrealestate.gr,Passas Real Estate,https://www.passasrealestate.gr/property/4936,Οικόπεδο 1350 τ.μ. -  Passas Real Estate,sale,land,1000000,1350.0,741,,,,unknown,,,,,https://www.passasrealestate.gr/images/properties/49364680.jpg,,,2026-09-27,2026-09-27T13:10:23Z
passasrealestate.gr,Passas Real Estate,https://www.passasrealestate.gr/property/4934,Διαμέρισμα 425 τ.μ. -  Passas Real Estate,sale,apartment,1350000,425.0,3176,4,,1990,unknown,,,,,https://www.passasrealestate.gr/images/properties/49345909.jpg,,,2026-09-27,2026-09-27T13:10:27Z
passasrealestate.gr,Passas Real Estate,https://www.passasrealestate.gr/property/4933,ΠΩΛΗΣΗ ΡΕΤΙΡΕ -  Passas Real Estate,sale,apartment,520000,18.0,28889,3,2,1992,unknown,,,,,https://www.passasrealestate.gr/images/properties/49335696.jpg,,,2026-09-27,2026-09-27T13:10:29Z
passasrealestate.gr,Passas Real Estate,https://www.passasrealestate.gr/property/4944,Διαμέρισμα 129 τ.μ. -  Passas Real Estate,rent,apartment,1900,129.0,15,3,1,1985,unknown,,,,,https://www.passasrealestate.gr/images/properties/4944580.jpg,,,2026-09-27,2026-09-27T13:10:58Z
passasrealestate.gr,Passas Real Estate,https://www.passasrealestate.gr/property/4874,ΜΙΣΘΩΣΗ ΚΑΤΑΣΤΗΜΑΤΟΣ -  Passas Real Estate,rent,store,10000,665.0,15,,ισόγειο,1995,unknown,,,,,https://www.passasrealestate.gr/images/properties/4874-87051649466a8b8bb0405c.jpg,,,2026-09-27,2026-09-27T13:11:01Z
passasrealestate.gr,Passas Real Estate,https://www.passasrealestate.gr/property/4943,Μεζονέτα 350 τ.μ. -  Passas Real Estate,rent,maisonette,3500,350.0,10,,1,2002,unknown,,,,,https://www.passasrealestate.gr/images/properties/49439321.jpg,,,2026-09-27,2026-09-27T13:11:04Z
goldenhome.gr,Golden Home,https://goldenhome.gr/property/view/518857,"Πώληση, Επαγγελματικό, Αυτόνομο Κτίριο",sale,building,350000,111.0,3153,,0,1960,other,,"Athens, Attica",,,https://goldenhome.gr/images/PropertyPhotos/518857/5410680/large.jpg,,,2026-09-27,2026-09-27T13:09:49Z
goldenhome.gr,Golden Home,https://goldenhome.gr/property/view/532818,"Πώληση, Επαγγελματικό, Γραφείο",sale,office,110000,50.0,2200,0,0,1980,other,,"Athens, Attica",,,https://goldenhome.gr/images/PropertyPhotos/532818/5575860/large.jpg,,,2026-09-27,2026-09-27T13:09:52Z
goldenhome.gr,Golden Home,https://goldenhome.gr/property/view/517723,"Πώληση, Επαγγελματικό, Αυτόνομο Κτίριο",sale,building,430000,280.0,1536,5,0,1968,other,,"Athens, Attica",,,https://goldenhome.gr/images/PropertyPhotos/517723/5385045/large.jpg,,,2026-09-27,2026-09-27T13:09:56Z
goldenhome.gr,Golden Home,https://goldenhome.gr/property/view/233233,"Πώληση, Επαγγελματικό, Κατάστημα",sale,store,60000,30.0,2000,0,0,1967,other,,"Athens, Attica",,,https://goldenhome.gr/images/PropertyPhotos/233233/4221465/large.jpg,,,2026-09-27,2026-09-27T13:09:58Z
goldenhome.gr,Golden Home,https://goldenhome.gr/property/view/466871,"Πώληση, Επαγγελματικό, Ξενοδοχείο",sale,hotel,3115000,1602.0,1944,42,4,1990,other,,"Athens, Attica",,,https://goldenhome.gr/images/PropertyPhotos/466871/4706405/large.jpg,,,2026-09-27,2026-09-27T13:10:02Z
goldenhome.gr,Golden Home,https://goldenhome.gr/property/view/479144,"Πώληση, Επαγγελματικό, Κατάστημα",sale,store,80000,31.0,2581,,0,1970,other,,"Athens, Attica",,,https://goldenhome.gr/images/PropertyPhotos/479144/4862190/large.jpg,,,2026-09-27,2026-09-27T13:10:05Z
goldenhome.gr,Golden Home,https://goldenhome.gr/property/view/501063,"Πώληση, Επαγγελματικό, Κατάστημα",sale,store,80000,96.0,833,,0,1971,other,,"Athens, Attica",,,https://goldenhome.gr/images/PropertyPhotos/501063/5144734/large.jpg,,,2026-09-27,2026-09-27T13:10:08Z
goldenhome.gr,Golden Home,https://goldenhome.gr/property/view/538808,"Πώληση, Επαγγελματικό, Κατάστημα",sale,store,49000,30.0,1633,,0,1960,other,,"Athens, Attica",,,https://goldenhome.gr/images/PropertyPhotos/538808/5652306/large.jpg,,,2026-09-27,2026-09-27T13:10:11Z
goldenhome.gr,Golden Home,https://goldenhome.gr/property/view/527764,"Πώληση, Επαγγελματικό, Κατάστημα",sale,store,125000,95.0,1316,,0,1973,other,,"Athens, Attica",,,https://goldenhome.gr/images/PropertyPhotos/527764/5506731/large.jpg,,,2026-09-27,2026-09-27T13:10:14Z
goldenhome.gr,Golden Home,https://goldenhome.gr/property/view/535870,"Πώληση, Επαγγελματικό, Γραφείο",sale,office,320000,101.0,3168,,1,1987,other,,"Athens, Attica",,,https://goldenhome.gr/images/PropertyPhotos/535870/5609303/large.jpg,,,2026-09-27,2026-09-27T13:10:17Z
goldenhome.gr,Golden Home,https://goldenhome.gr/property/view/243414,"Πώληση, Επαγγελματικό, Πάρκιν",sale,,500000,220.0,2273,,0,1985,other,,"Athens, Attica",,,https://goldenhome.gr/images/PropertyPhotos/243414/1542842/large.jpg,,,2026-09-27,2026-09-27T13:10:20Z
goldenhome.gr,Golden Home,https://goldenhome.gr/property/view/410299,"Πώληση, Επαγγελματικό, Γραφείο",sale,office,150000,72.0,2083,,1,2004,other,,"Athens, Attica",,,https://goldenhome.gr/images/PropertyPhotos/410299/3923337/large.jpg,,,2026-09-27,2026-09-27T13:10:23Z
goldenhome.gr,Golden Home,https://goldenhome.gr/property/view/538789,"Πώληση, Επαγγελματικό, Αποθήκη",sale,warehouse,11000,18.0,611,,-1,2002,other,,"Athens, Attica",,,https://goldenhome.gr/images/PropertyPhotos/538789/5649725/large.jpg,,,2026-09-27,2026-09-27T13:10:26Z
goldenhome.gr,Golden Home,https://goldenhome.gr/property/view/537975,"Πώληση, Επαγγελματικό, Γραφείο",sale,office,238000,50.0,4760,2,6,1980,other,,"Athens, Attica",,,https://goldenhome.gr/images/PropertyPhotos/537975/5636800/large.jpg,,,2026-09-27,2026-09-27T13:10:29Z
goldenhome.gr,Golden Home,https://goldenhome.gr/property/view/133107,"Πώληση, Επαγγελματικό, Κατάστημα",sale,store,200000,73.0,2740,0,0,1987,other,,"Athens, Attica",,,https://goldenhome.gr/images/PropertyPhotos/133107/3299813/large.jpg,,,2026-09-27,2026-09-27T13:10:32Z
goldenhome.gr,Golden Home,https://goldenhome.gr/property/view/456278,"Πώληση, Επαγγελματικό, Κατάστημα",sale,store,420000,404.0,1040,,0,1975,other,,"Athens, Attica",,,https://goldenhome.gr/images/PropertyPhotos/456278/4636472/large.jpg,,,2026-09-27,2026-09-27T13:10:35Z
goldenhome.gr,Golden Home,https://goldenhome.gr/property/view/315086,"Πώληση, Επαγγελματικό, Κατάστημα",sale,store,150000,80.0,1875,,0,1965,other,,"Athens, Attica",,,https://goldenhome.gr/images/PropertyPhotos/315086/2544688/large.jpg,,,2026-09-27,2026-09-27T13:10:37Z
goldenhome.gr,Golden Home,https://goldenhome.gr/property/view/536107,"Πώληση, Επαγγελματικό, Γραφείο",sale,office,250000,101.0,2475,3,4,1972,other,,"Athens, Attica",,,https://goldenhome.gr/images/PropertyPhotos/536107/5612927/large.jpg,,,2026-09-27,2026-09-27T13:10:41Z
goldenhome.gr,Golden Home,https://goldenhome.gr/property/view/213369,"Πώληση, Επαγγελματικό, Κατάστημα",sale,store,380000,185.0,2054,,0,2000,other,,"Athens, Attica",,,https://goldenhome.gr/images/PropertyPhotos/213369/5638552/large.jpg,,,2026-09-27,2026-09-27T13:10:43Z
goldenhome.gr,Golden Home,https://goldenhome.gr/property/view/522812,"Πώληση, Επαγγελματικό, Κατάστημα",sale,store,200000,92.0,2174,,0,1976,other,,"Athens, Attica",,,https://goldenhome.gr/images/PropertyPhotos/522812/5651007/large.jpg,,,2026-09-27,2026-09-27T13:10:47Z
goldenhome.gr,Golden Home,https://goldenhome.gr/property/view/535761,"Πώληση, Επαγγελματικό, Αυτόνομο Κτίριο",sale,building,4000000,205.0,19512,,0,1965,other,,"Athens, Attica",,,https://goldenhome.gr/images/PropertyPhotos/535761/5624786/large.jpg,,,2026-09-27,2026-09-27T13:10:50Z
goldenhome.gr,Golden Home,https://goldenhome.gr/property/view/521189,"Πώληση, Επαγγελματικό, Βιομηχανικός - Βιοτεχνικός Χώρος",sale,warehouse,400000,700.0,571,,-1,1993,other,,"Athens, Attica",,,https://goldenhome.gr/images/PropertyPhotos/521189/5416368/large.jpg,,,2026-09-27,2026-09-27T13:10:52Z
goldenhome.gr,Golden Home,https://goldenhome.gr/property/view/423460,"Πώληση, Επαγγελματικό, Βιομηχανικός - Βιοτεχνικός Χώρος",sale,warehouse,3000000,1200.0,2500,8,0,1970,other,,"Athens, Attica",,,https://goldenhome.gr/images/PropertyPhotos/423460/4101786/large.jpg,,,2026-09-27,2026-09-27T13:10:55Z
goldenhome.gr,Golden Home,https://goldenhome.gr/property/view/396627,"Πώληση, Επαγγελματικό, Αποθήκη",sale,warehouse,1500000,550.0,2727,,0,1972,other,,"Athens, Attica",,,https://goldenhome.gr/images/PropertyPhotos/396627/3740106/large.jpg,,,2026-09-27,2026-09-27T13:10:58Z
goldenhome.gr,Golden Home,https://goldenhome.gr/property/view/538881,"Πώληση, Επαγγελματικό, Γραφείο",sale,office,460000,106.0,4340,,2,1963,other,,"Athens, Attica",,,https://goldenhome.gr/images/PropertyPhotos/538881/5650509/large.jpg,,,2026-09-27,2026-09-27T13:11:02Z
goldenhome.gr,Golden Home,https://goldenhome.gr/property/view/213076,"Πώληση, Επαγγελματικό, Ξενοδοχείο",sale,hotel,50000000,3000.0,16667,54,0,1970,other,,"Athens, Attica",,,https://goldenhome.gr/images/PropertyPhotos/213076/1164819/large.jpg,,,2026-09-27,2026-09-27T13:11:05Z
goldenhome.gr,Golden Home,https://goldenhome.gr/property/view/370885,"Πώληση, Επαγγελματικό, Γραφείο",sale,office,210000,75.0,2800,2,2,1975,other,,"Athens, Attica",,,https://goldenhome.gr/images/PropertyPhotos/370885/3369331/large.jpg,,,2026-09-27,2026-09-27T13:11:07Z
goldenhome.gr,Golden Home,https://goldenhome.gr/property/view/471731,"Πώληση, Επαγγελματικό, Κατάστημα",sale,store,85000,20.0,4250,,0,1960,other,,"Athens, Attica",,,https://goldenhome.gr/images/PropertyPhotos/471731/5651869/large.jpg,,,2026-09-27,2026-09-27T13:11:10Z
goldenhome.gr,Golden Home,https://goldenhome.gr/property/view/538497,"Πώληση, Επαγγελματικό, Πάρκιν",sale,,40000,28.0,1429,,0,1970,other,,"Athens, Attica",,,https://goldenhome.gr/images/PropertyPhotos/538497/5651621/large.jpg,,,2026-09-27,2026-09-27T13:11:13Z
goldenhome.gr,Golden Home,https://goldenhome.gr/property/view/493883,"Πώληση, Επαγγελματικό, Βιομηχανικός - Βιοτεχνικός Χώρος",sale,warehouse,280000,350.0,800,,0,,other,,"Athens, Attica",,,https://goldenhome.gr/images/PropertyPhotos/493883/5046501/large.jpg,,,2026-09-27,2026-09-27T13:11:17Z
mesitikodimou.gr,Δήμου Ελένη Ι.,https://www.mesitikodimou.gr/property/109/Diamerisma-Papafi,Διαμέρισμα 38 τ.μ. - Μεσιτικό Γραφείο Μεσιτικό Δήμου,sale,apartment,111000,38.0,2921,1,1,1967,thessaloniki,Θεσσαλονίκη,Θεσσαλονίκης,,,https://www.mesitikodimou.gr/images/properties/1-1092643.jpg,,,2026-09-27,2026-09-27T13:09:38Z
remax.gr,RE/MAX (Thessaloniki offices),https://www.remax.gr/property/398533-polisi-mezoneta-agios-andreas,"Πώληση Μεζονέτα 115τ.μ. - Άγιος Ανδρέας, Ελευθερές (231331033-8) | REMAX Ελλάς",sale,maisonette,299000,115.0,2600,3,ισόγειο,2020,unknown,,,,,/assets/media/properties/medium/398533_20_1_215876530.jpeg?v=14213471,,,2026-09-27,2026-09-27T13:10:01Z
remax.gr,RE/MAX (Thessaloniki offices),https://www.remax.gr/property/386857-polisi-bila-korakies,"Πώληση Βίλα 600τ.μ. - Κορακιές, Ακρωτήρι (231671001-1732) | REMAX Ελλάς",sale,house,2400000,600.0,4000,6,,1980,unknown,,,,,/assets/media/properties/medium/386857_56ca3f8b0e624c7999b1bb8126215026.jpeg?v=14102098,,,2026-09-27,2026-09-27T13:10:06Z
remax.gr,RE/MAX (Thessaloniki offices),https://www.remax.gr/property/400458-polisi-mezoneta-gallos,"Πώληση Μεζονέτα 204τ.μ. - Γάλλος, Ρέθυμνο (231661008-200) | REMAX Ελλάς",sale,maisonette,370000,204.0,1814,,ισόγειο,2000,unknown,,,,,/assets/media/properties/medium/400458_29_32362707.jpeg?v=14243778,,,2026-09-27,2026-09-27T13:10:12Z
remax.gr,RE/MAX (Thessaloniki offices),https://www.remax.gr/property/388871-polisi-diamerisma-glyfada,"Πώληση Διαμέρισμα 77τ.μ. - Γλυφάδα, Αθήνα - Νότια Προάστια (230631128-634) | REMAX Ελλάς",sale,apartment,340000,77.0,4416,,ισόγειο,2008,other,,,,,/assets/media/properties/medium/388871_10c5087904e1e1ac42e33f4fa84960e6.jpeg?v=13669032,,,2026-09-27,2026-09-27T13:10:15Z
remax.gr,RE/MAX (Thessaloniki offices),https://www.remax.gr/property/395290-polisi-monokatoikia-palioyri,"Πώληση Μονοκατοικία 168τ.μ. - Παλιούρι, Παλλήνη (231871016-38) | REMAX Ελλάς",sale,house,435000,168.0,2589,,,2008,thessaloniki,Θεσσαλονίκη,Θεσσαλονίκη,,,/assets/media/properties/medium/395290_e4a1fdba9eeb4578a31bf0a2509cfd0a.jpeg?v=14079298,,,2026-09-27,2026-09-27T13:10:20Z
remax.gr,RE/MAX (Thessaloniki offices),https://www.remax.gr/property/400623-polisi-monokatoikia-dasoxwri,"Πώληση Μονοκατοικία 36τ.μ. - Δασοχώρι, Τοπείρο (231391058-8) | REMAX Ελλάς",sale,house,85000,36.0,2361,1,ισόγειο,2026,unknown,,,,,/assets/media/properties/medium/400623_c12f7a3853f7496babcb46a488124d25.jpeg?v=14246481,,,2026-09-27,2026-09-27T13:10:23Z
remax.gr,RE/MAX (Thessaloniki offices),https://www.remax.gr/property/395256-polisi-xenodocheio-koinyra,"Πώληση Ξενοδοχείο 560τ.μ. - Κοίνυρα, Θάσος (231581012-530) | REMAX Ελλάς",sale,hotel,1950000,560.0,3482,,ισόγειο,2000,other,,,,,/assets/media/properties/medium/395256_94_38674465.jpeg?v=14071716,,,2026-09-27,2026-09-27T13:10:26Z
remax.gr,RE/MAX (Thessaloniki offices),https://www.remax.gr/pwliseis-agora-katoikies/100-athhna-kentro,Πωλήσεις Αγορά Κατοικιών Αθήνα - Κέντρο | REMAX Ελλάς,sale,,25000,,,,1,,other,,Νεάπολη,,,https://www.remax.gr/assets-theme/img/fb-remax-new2.jpg,,,2026-09-27,2026-09-27T13:10:28Z
remax.gr,RE/MAX (Thessaloniki offices),https://www.remax.gr/pwliseis-agora-katoikies/1003-lewf-pathsiwn-lewf-axarnwn,"Πωλήσεις Αγορά Κατοικιών Λεωφ. Πατησίων - Λεωφ. Αχαρνών, Αθήνα - Κέντρο | REMAX Ελλάς",sale,,25000,,,,55,,other,,,,,https://www.remax.gr/assets-theme/img/fb-remax-new2.jpg,,,2026-09-27,2026-09-27T13:10:32Z
remax.gr,RE/MAX (Thessaloniki offices),https://www.remax.gr/pwliseis-agora-katoikies/10007-ampelokhpoi,"Πωλήσεις Αγορά Κατοικιών Αμπελόκηποι, Αμπελόκηποι-Πεντάγωνο | REMAX Ελλάς",sale,,160000,,,,60,,thessaloniki,Αμπελόκηποι-Μενεμένη,Αμπελόκηποι,,,https://www.remax.gr/assets-theme/img/fb-remax-new2.jpg,,,2026-09-27,2026-09-27T13:10:35Z
remax.gr,RE/MAX (Thessaloniki offices),https://www.remax.gr/pwliseis-agora-katoikies/101-athhna-boreia-proastia,Πωλήσεις Αγορά Κατοικιών Αθήνα - Βόρεια Προάστια | REMAX Ελλάς,sale,,35000,,,,1,,other,,,,,https://www.remax.gr/assets-theme/img/fb-remax-new2.jpg,,,2026-09-27,2026-09-27T13:10:37Z
remax.gr,RE/MAX (Thessaloniki offices),https://www.remax.gr/pwliseis-agora-katoikies/1016-khfisia,"Πωλήσεις Αγορά Κατοικιών Κηφισιά, Αθήνα - Βόρεια Προάστια | REMAX Ελλάς",sale,,179000,,,,12,,other,,,,,https://www.remax.gr/assets-theme/img/fb-remax-new2.jpg,,,2026-09-27,2026-09-27T13:10:41Z
remax.gr,RE/MAX (Thessaloniki offices),https://www.remax.gr/pwliseis-agora-katoikies/1030-xalandri,"Πωλήσεις Αγορά Κατοικιών Χαλάνδρι, Αθήνα - Βόρεια Προάστια | REMAX Ελλάς",sale,land,95000,,,,,,other,,,,,https://www.remax.gr/assets-theme/img/fb-remax-new2.jpg,,,2026-09-27,2026-09-27T13:10:44Z
remax.gr,RE/MAX (Thessaloniki offices),https://www.remax.gr/pwliseis-agora-katoikies/102-athhna-notia-proastia,Πωλήσεις Αγορά Κατοικιών Αθήνα - Νότια Προάστια | REMAX Ελλάς,sale,,41000,,,,1,,other,,,,,https://www.remax.gr/assets-theme/img/fb-remax-new2.jpg,,,2026-09-27,2026-09-27T13:10:46Z
remax.gr,RE/MAX (Thessaloniki offices),https://www.remax.gr/pwliseis-agora-katoikies/103-athhna-dytika-proastia,Πωλήσεις Αγορά Κατοικιών Αθήνα - Δυτικά Προάστια | REMAX Ελλάς,sale,,52000,,,,1,,other,,,,,https://www.remax.gr/assets-theme/img/fb-remax-new2.jpg,,,2026-09-27,2026-09-27T13:10:57Z
remax.gr,RE/MAX (Thessaloniki offices),https://www.remax.gr/pwliseis-agora-katoikies/1079-peiraias,"Πωλήσεις Αγορά Κατοικιών Πειραιάς, Πειραιάς (Κέντρο) | REMAX Ελλάς",sale,,40000,,,,26,,other,,,,,https://www.remax.gr/assets-theme/img/fb-remax-new2.jpg,,,2026-09-27,2026-09-27T13:11:04Z
remax.gr,RE/MAX (Thessaloniki offices),https://www.remax.gr/pwliseis-agora-katoikies/106-proastia-peiraia,Πωλήσεις Αγορά Κατοικιών Προάστια Πειραιά | REMAX Ελλάς,sale,,40000,,,,1,,other,,Νεάπολη,,,https://www.remax.gr/assets-theme/img/fb-remax-new2.jpg,,,2026-09-27,2026-09-27T13:11:06Z
remax.gr,RE/MAX (Thessaloniki offices),https://www.remax.gr/pwliseis-agora-katoikies/107-ypoloipo-attikhs,Πωλήσεις Αγορά Κατοικιών Υπόλοιπο Αττικής | REMAX Ελλάς,sale,,55000,,,,1,,other,,,,,https://www.remax.gr/assets-theme/img/fb-remax-new2.jpg,,,2026-09-27,2026-09-27T13:11:10Z
remax.gr,RE/MAX (Thessaloniki offices),https://www.remax.gr/pwliseis-agora-katoikies/108-8essalonikh-dhmos,Πωλήσεις Αγορά Κατοικιών Θεσσαλονίκη Δήμος | REMAX Ελλάς,sale,,,,,,30,,thessaloniki,Θεσσαλονίκη,Θεσσαλονίκη Δήμος,,,https://www.remax.gr/assets-theme/img/fb-remax-new2.jpg,,,2026-09-27,2026-09-27T13:11:15Z
remax.gr,RE/MAX (Thessaloniki offices),https://www.remax.gr/pwliseis-agora-katoikies/2018-kentro-8essalonikh,"Πωλήσεις Αγορά Κατοικιών Κέντρο (Θεσσαλονίκη), Θεσσαλονίκη Δήμος | REMAX Ελλάς",sale,,66000,,,,60,,thessaloniki,Θεσσαλονίκη,Θεσσαλονίκη),,,https://www.remax.gr/assets-theme/img/fb-remax-new2.jpg,,,2026-09-27,2026-09-27T13:11:18Z
remax.gr,RE/MAX (Thessaloniki offices),https://www.remax.gr/pwliseis-agora-katoikies/109-8essalonikh-perifereiakoi-dhmoi,Πωλήσεις Αγορά Κατοικιών Θεσσαλονίκη Περιφερειακοί Δήμοι | REMAX Ελλάς,sale,,,,,,1,,thessaloniki,Θεσσαλονίκη,Θεσσαλονίκη Περιφερειακοί Δήμοι,,,https://www.remax.gr/assets-theme/img/fb-remax-new2.jpg,,,2026-09-27,2026-09-27T13:11:21Z
remax.gr,RE/MAX (Thessaloniki offices),https://www.remax.gr/pwliseis-agora-katoikies/1168-kalamaria,"Πωλήσεις Αγορά Κατοικιών Καλαμαριά, Θεσσαλονίκη Περιφερειακοί Δήμοι | REMAX Ελλάς",sale,,39000,,,,75,,thessaloniki,Καλαμαριά,Καλαμαριά,,,https://www.remax.gr/assets-theme/img/fb-remax-new2.jpg,,,2026-09-27,2026-09-27T13:11:23Z
remax.gr,RE/MAX (Thessaloniki offices),https://www.remax.gr/pwliseis-agora-katoikies/110-8essalonikh-ypol-nomoy,Πωλήσεις Αγορά Κατοικιών Θεσσαλονίκη Υπόλ. Νομού | REMAX Ελλάς,sale,,,,,,1,,thessaloniki,Θεσσαλονίκη,Θεσσαλονίκη Υπόλ. Νομού,,,https://www.remax.gr/assets-theme/img/fb-remax-new2.jpg,,,2026-09-27,2026-09-27T13:11:28Z
remax.gr,RE/MAX (Thessaloniki offices),https://www.remax.gr/pwliseis-agora-katoikies/1478-hrakleio,"Πωλήσεις Αγορά Κατοικιών Ηράκλειο, Ν. Ηρακλείου | REMAX Ελλάς",sale,,83000,,,,1,,unknown,,,,,https://www.remax.gr/assets-theme/img/fb-remax-new2.jpg,,,2026-09-27,2026-09-27T13:11:30Z
remax.gr,RE/MAX (Thessaloniki offices),https://www.remax.gr/pwliseis-agora-katoikies/137-n-kykladwn,Πωλήσεις Αγορά Κατοικιών Ν. Κυκλάδων | REMAX Ελλάς,sale,,40000,,,,44,,unknown,,,,,https://www.remax.gr/assets-theme/img/fb-remax-new2.jpg,,,2026-09-27,2026-09-27T13:11:34Z
gougleri.eu,Γκουγκλέρη Άννα Π.,https://gougleri.eu/property/691,Διαμέρισμα 81 τ.μ. - Μεσιτικό Γραφείο Γκουγκλέρη,sale,apartment,150000,81.0,1852,2,1,1969,thessaloniki,Θεσσαλονίκη,Θεσσαλονίκης,,,https://gougleri.eu/images/properties/1-6915494.jpg,,,2026-09-27,2026-09-27T13:10:09Z
gougleri.eu,Γκουγκλέρη Άννα Π.,https://gougleri.eu/property/692,Διαμέρισμα 100 τ.μ. - Μεσιτικό Γραφείο Γκουγκλέρη,,apartment,,100.0,,3,3,1980,thessaloniki,Θεσσαλονίκη,Θεσσαλονίκης,,,https://gougleri.eu/images/properties/1-6922271.jpg,,,2026-09-27,2026-09-27T13:10:11Z
gougleri.eu,Γκουγκλέρη Άννα Π.,https://gougleri.eu/property/628,Γκαρσονιέρα/Studio 37 τ.μ. - Μεσιτικό Γραφείο Γκουγκλέρη,sale,studio,70000,37.0,1892,1,3,1965,thessaloniki,Θεσσαλονίκη,Θεσσαλονίκης,,,https://gougleri.eu/images/properties/1-6281536.jpg,,,2026-09-27,2026-09-27T13:10:14Z
gougleri.eu,Γκουγκλέρη Άννα Π.,https://gougleri.eu/property/690,Μεζονέτα 137 τ.μ. - Μεσιτικό Γραφείο Γκουγκλέρη,sale,maisonette,340000,137.0,2482,,1,2002,thessaloniki,Θεσσαλονίκη,Θεσσαλονίκη Περιφ/κοί δήμοι,,,https://gougleri.eu/images/properties/1-6904162.jpg,,,2026-09-27,2026-09-27T13:10:17Z
gougleri.eu,Γκουγκλέρη Άννα Π.,https://gougleri.eu/property/687,Γκαρσονιέρα/Studio 65 τ.μ. - Μεσιτικό Γραφείο Γκουγκλέρη,,studio,,65.0,,1,3,1971,thessaloniki,Θεσσαλονίκη,Θεσσαλονίκης,,,https://gougleri.eu/images/properties/1-6872513.jpg,,,2026-09-27,2026-09-27T13:10:20Z
gougleri.eu,Γκουγκλέρη Άννα Π.,https://gougleri.eu/property/689,Γκαρσονιέρα/Studio 40 τ.μ. - Μεσιτικό Γραφείο Γκουγκλέρη,,studio,,40.0,,1,1,1970,thessaloniki,Θεσσαλονίκη,Θεσσαλονίκης,,,https://gougleri.eu/images/properties/1-6897375.jpg,,,2026-09-27,2026-09-27T13:10:23Z
gougleri.eu,Γκουγκλέρη Άννα Π.,https://gougleri.eu/property/688,Κατάστημα 30 τ.μ. - Μεσιτικό Γραφείο Γκουγκλέρη,,store,,30.0,,,ισόγειο,1970,thessaloniki,Θεσσαλονίκη,Θεσσαλονίκης,,,https://gougleri.eu/images/properties/1-6883352.jpg,,,2026-09-27,2026-09-27T13:10:26Z
gougleri.eu,Γκουγκλέρη Άννα Π.,https://gougleri.eu/property/686,Γκαρσονιέρα/Studio 55 τ.μ. - Μεσιτικό Γραφείο Γκουγκλέρη,sale,studio,110000,55.0,2000,1,ισόγειο,1969,thessaloniki,Θεσσαλονίκη,Θεσσαλονίκης,,,https://gougleri.eu/images/properties/1-6862621.jpg,,,2026-09-27,2026-09-27T13:10:29Z
gougleri.eu,Γκουγκλέρη Άννα Π.,https://gougleri.eu/property/653,Διαμέρισμα 50 τ.μ. - Μεσιτικό Γραφείο Γκουγκλέρη,rent,apartment,450,50.0,9,1,1,1980,thessaloniki,Θεσσαλονίκη,Θεσσαλονίκης,,,https://gougleri.eu/images/properties/1-6531417.jpg,,,2026-09-27,2026-09-27T13:10:53Z
gougleri.eu,Γκουγκλέρη Άννα Π.,https://gougleri.eu/property/670,Διαμέρισμα 70 τ.μ. - Μεσιτικό Γραφείο Γκουγκλέρη,sale,apartment,92000,70.0,1314,2,3,1967,thessaloniki,Θεσσαλονίκη,Θεσσαλονίκης,,,https://gougleri.eu/images/properties/1-6707959.jpg,,,2026-09-27,2026-09-27T13:10:55Z
gougleri.eu,Γκουγκλέρη Άννα Π.,https://gougleri.eu/property/683,Διαμέρισμα 75 τ.μ. - Μεσιτικό Γραφείο Γκουγκλέρη,,apartment,,75.0,,2,2,1980,thessaloniki,Θεσσαλονίκη,Θεσσαλονίκης,,,https://gougleri.eu/images/properties/1-6839159.jpg,,,2026-09-27,2026-09-27T13:10:59Z
gougleri.eu,Γκουγκλέρη Άννα Π.,https://gougleri.eu/property/634,Μονοκατοικία 57 τ.μ. - Μεσιτικό Γραφείο Γκουγκλέρη,sale,house,110000,57.0,1930,2,,2024,thessaloniki,Θεσσαλονίκη,Θεσσαλονίκη ΤΚ: 542 49 2310334302 6936545541 annago,,,https://gougleri.eu/images/properties/1-6341844.jpg,,,2026-09-27,2026-09-27T13:11:13Z
gougleri.eu,Γκουγκλέρη Άννα Π.,https://gougleri.eu/property/684,Γκαρσονιέρα/Studio 55 τ.μ. - Μεσιτικό Γραφείο Γκουγκλέρη,,studio,,55.0,,1,ισόγειο,1969,thessaloniki,Θεσσαλονίκη,Θεσσαλονίκης,,,https://gougleri.eu/images/properties/1-6842853.jpg,,,2026-09-27,2026-09-27T13:11:16Z
gougleri.eu,Γκουγκλέρη Άννα Π.,https://gougleri.eu/property/680,Κατάστημα 29 τ.μ. - Μεσιτικό Γραφείο Γκουγκλέρη,,store,,29.0,,,ισόγειο,1975,thessaloniki,Θεσσαλονίκη,Θεσσαλονίκης,,,https://gougleri.eu/images/properties/1-6801755.jpg,,,2026-09-27,2026-09-27T13:11:19Z
gougleri.eu,Γκουγκλέρη Άννα Π.,https://gougleri.eu/property/677,Διαμέρισμα 70 τ.μ. - Μεσιτικό Γραφείο Γκουγκλέρη,rent,apartment,550,70.0,8,2,2,1966,thessaloniki,Θεσσαλονίκη,Θεσσαλονίκης,,,https://gougleri.eu/images/properties/1-6776215.jpg,,,2026-09-27,2026-09-27T13:11:33Z
gougleri.eu,Γκουγκλέρη Άννα Π.,https://gougleri.eu/property/685,Κατάστημα 32 τ.μ. - Μεσιτικό Γραφείο Γκουγκλέρη,sale,store,105000,32.0,3281,,ισόγειο,1970,thessaloniki,Θεσσαλονίκη,Θεσσαλονίκης,,,https://gougleri.eu/images/properties/1-685381.jpg,,,2026-09-27,2026-09-27T13:11:36Z
mesitiki.gr,ΜΕΣΙΤΙΚΗ ΑΚΙΝΗΤΩΝ (Μπριάζας Αθανάσιος Γ.),https://mesitiki.gr/property/6289/Oikopedo-Beroia,Οικόπεδο 158 τ.μ. - ΜΕΣΙΤΙΚΗ ΑΚΙΝΗΤΩΝ,sale,land,40000,158.0,253,,,,thessaloniki,Θεσσαλονίκη,Θεσσαλονίκη ΤΚ: 546 44 2310811119,,,https://mesitiki.gr/images/properties/1062898858.jpg,,,2026-09-27,2026-09-27T13:10:21Z
mesitiki.gr,ΜΕΣΙΤΙΚΗ ΑΚΙΝΗΤΩΝ (Μπριάζας Αθανάσιος Γ.),https://mesitiki.gr/property/3884/Agrotemachio-Beroia,ΣΠΑΝΙΑ ΕΥΚΑΙΡΙΑ - ΜΕΣΙΤΙΚΗ ΑΚΙΝΗΤΩΝ,sale,,60000,637.0,94,,,,thessaloniki,Θεσσαλονίκη,Θεσσαλονίκη ΤΚ: 546 44 2310811119,,,https://mesitiki.gr/images/properties/138841392.jpg,,,2026-09-27,2026-09-27T13:10:41Z
tkproperties.gr,ΤΚ Properties,https://www.tkproperties.gr/property/535,Εύοσμος Καραολή Κατάστημα 20τμ. Προβολής Προς Ενοικίαση - TK Properties,rent,store,,20.0,,,ισόγειο,1982,thessaloniki,Κορδελιό-Εύοσμος,Εύοσμος,,,https://www.tkproperties.gr/images/properties/1-5358838.jpg,,,2026-09-27,2026-09-27T13:09:55Z
tkproperties.gr,ΤΚ Properties,https://www.tkproperties.gr/property/536,Νικόπολη Διαμπερές Διαμέρισμα 93τμ. Προς Ενοικίαση - TK Properties,rent,apartment,,93.0,,3,5,2002,thessaloniki,Θεσσαλονίκη,Θεσσαλονίκη Περιφ/κοί δήμοι,,,https://www.tkproperties.gr/images/properties/1-5369915.jpg,,,2026-09-27,2026-09-27T13:09:58Z
tkproperties.gr,ΤΚ Properties,https://www.tkproperties.gr/property/482,Ροτόντα Μελενίκου Επενδυτικό Διαμέρισμα 96τμ. Δυνατότητα Διαχωρισμού Προς Πώληση - TK Properties,sale,apartment,290000,96.0,3021,3,6,1963,thessaloniki,Θεσσαλονίκη-Κέντρο,Θεσσαλονίκης,,,https://www.tkproperties.gr/images/properties/1-4825639.jpg,,,2026-09-27,2026-09-27T13:10:01Z
tkproperties.gr,ΤΚ Properties,https://www.tkproperties.gr/property/527,Αγίας Σοφίας Φωτεινό Διαμέρισμα 89τμ. Προς Πώληση - TK Properties,sale,apartment,225000,89.0,2528,3,6,1960,thessaloniki,Θεσσαλονίκη,Θεσσαλονίκης,,,https://www.tkproperties.gr/images/properties/1-5278391.jpg,,,2026-09-27,2026-09-27T13:10:04Z
tkproperties.gr,ΤΚ Properties,https://www.tkproperties.gr/property/528,Άγιος Αθανάσιος Αποθήκη Προς Πώληση - TK Properties,sale,warehouse,660000,3200.0,206,,ισόγειο,2007,thessaloniki,Θεσσαλονίκη,Θεσσαλονίκη Υπόλ. Νομού,,,https://www.tkproperties.gr/images/properties/1-5283277.jpg,,,2026-09-27,2026-09-27T13:10:07Z
tkproperties.gr,ΤΚ Properties,https://www.tkproperties.gr/property/530,Σταυρούπολη Ι. Γωγούση Κατάστημα Προβολής Προς Πώληση - TK Properties,sale,store,1600000,1792.0,893,,,2008,thessaloniki,Παύλος Μελάς,Σταυρούπολη,,,https://www.tkproperties.gr/images/properties/1-530522.jpg,,,2026-09-27,2026-09-27T13:10:22Z
tkproperties.gr,ΤΚ Properties,https://www.tkproperties.gr/property/531,Εύοσμος Κέντρο Κατάστημα 231τμ. Προς Πώληση - TK Properties,sale,store,130000,231.0,563,,ισόγειο,1992,thessaloniki,Κορδελιό-Εύοσμος,Εύοσμος,,,https://www.tkproperties.gr/images/properties/1-5312611.jpg,,,2026-09-27,2026-09-27T13:10:24Z
tkproperties.gr,ΤΚ Properties,https://www.tkproperties.gr/property/420,Μητροπόλεως Κατάστημα 70τμ. Προβολής Προς Ενοικίαση - TK Properties,rent,store,1900,70.0,27,,ημιυπόγειο,1960,thessaloniki,Θεσσαλονίκη,Θεσσαλονίκης,,,https://www.tkproperties.gr/images/properties/1-4202284.jpg,,,2026-09-27,2026-09-27T13:10:51Z
tkproperties.gr,ΤΚ Properties,https://www.tkproperties.gr/property/473,Αντιγονιδών Πλήρως Επιπλωμένο Διαμέρισμα 82τμ. Προς Πώληση - TK Properties,sale,apartment,295000,82.0,3598,2,2,1962,thessaloniki,Θεσσαλονίκη,Θεσσαλονίκης,,,https://www.tkproperties.gr/images/properties/1-473703.jpg,,,2026-09-27,2026-09-27T13:10:53Z
tkproperties.gr,ΤΚ Properties,https://www.tkproperties.gr/property/507,Δελφών Διαμπερές Διαμέρισμα 187τμ. Προς Πώληση - TK Properties,sale,apartment,380000,187.0,2032,3,3,1994,thessaloniki,Θεσσαλονίκη,Θεσσαλονίκης,,,https://www.tkproperties.gr/images/properties/1-507766.jpg,,,2026-09-27,2026-09-27T13:10:56Z
tkproperties.gr,ΤΚ Properties,https://www.tkproperties.gr/property/500,Εύοσμος Άνωθεν Λουκιανού Οικόπεδο 253τμ. Προς Πώληση  - TK Properties,sale,land,150000,253.0,593,,,,thessaloniki,Κορδελιό-Εύοσμος,Εύοσμος,,,https://www.tkproperties.gr/images/properties/1-5006159.jpg,,,2026-09-27,2026-09-27T13:10:59Z
tkproperties.gr,ΤΚ Properties,https://www.tkproperties.gr/property/413,Συκιές Βάρνα Ριζικά Ανακαινισμένο - Πλήρως Επιπλωμένο Studio Προς Ενοικίαση - TK Properties,rent,studio,,34.0,,1,ισόγειο,1980,thessaloniki,Νεάπολη-Συκιές,Συκιές,,,https://www.tkproperties.gr/images/properties/1-4136206.jpg,,,2026-09-27,2026-09-27T13:11:02Z
tkproperties.gr,ΤΚ Properties,https://www.tkproperties.gr/property/511,Διαβατά ΠΕΟ Γωνιακό Αγροτεμάχιο 2.500τμ. Προβολής Προς Ενοικίαση - TK Properties,rent,land,,500.0,,,,,thessaloniki,Δέλτα,Θεσσαλονίκη Περιφ/κοί δήμοι,,,https://www.tkproperties.gr/images/properties/1-5117287.jpg,,,2026-09-27,2026-09-27T13:11:05Z
tkproperties.gr,ΤΚ Properties,https://www.tkproperties.gr/property/504,Μετέωρα Μεζονέτα 110τμ. Προς Ενοικίαση - TK Properties,rent,maisonette,,110.0,,,1,1997,thessaloniki,Θεσσαλονίκη,Θεσσαλονίκη Περιφ/κοί δήμοι,,,https://www.tkproperties.gr/images/properties/1-5045863.jpg,,,2026-09-27,2026-09-27T13:11:20Z
tkproperties.gr,ΤΚ Properties,https://www.tkproperties.gr/property/501,Μενεμένη Πλατεία Ανακαινισμένο Διαμπερές Οροφοδιαμέρισμα Προς Ενοικίαση - TK Properties,rent,apartment,600,103.0,6,3,4,1998,thessaloniki,Αμπελόκηποι-Μενεμένη,Μενεμένη,,,https://www.tkproperties.gr/images/properties/1-5016492.jpg,,,2026-09-27,2026-09-27T13:11:23Z
tkproperties.gr,ΤΚ Properties,https://www.tkproperties.gr/property/494,40 Εκκλησιές Νεόδμητο Studio 21τμ. Προς Ενοικίαση - TK Properties,rent,studio,380,21.0,18,,1,2009,thessaloniki,Θεσσαλονίκη,Θεσσαλονίκης,,,https://www.tkproperties.gr/images/properties/1-4948168.jpg,,,2026-09-27,2026-09-27T13:11:25Z
tkproperties.gr,ΤΚ Properties,https://www.tkproperties.gr/property/491,ΟΣΕ Πλήρως Ανακαινισμένο Διαμέρισμα 62τμ. Προς Ενοικίαση - TK Properties,rent,apartment,550,62.0,9,2,,1978,thessaloniki,Θεσσαλονίκη,Θεσσαλονίκης,,,https://www.tkproperties.gr/images/properties/1-491369.jpg,,,2026-09-27,2026-09-27T13:11:29Z
tkproperties.gr,ΤΚ Properties,https://www.tkproperties.gr/property/532,Κορδελιό Νέα Μοναστηρίου Κατάστημα Ά Προβολής 1.833τμ. Προς Πώληση  - TK Properties,sale,store,1600000,833.0,1921,,ισόγειο,2006,thessaloniki,Κορδελιό-Εύοσμος,Κορδελιό,,,https://www.tkproperties.gr/images/properties/1-5321996.jpg,,,2026-09-27,2026-09-27T13:11:31Z
tkproperties.gr,ΤΚ Properties,https://www.tkproperties.gr/property/533,Ιστορικό Κέντρο Αριστοτέλους Γραφείο 91τμ. Προς Πώληση - TK Properties,sale,office,300000,91.0,3297,,2,1992,thessaloniki,Θεσσαλονίκη-Κέντρο,Θεσσαλονίκης,,,https://www.tkproperties.gr/images/properties/1-5336693.jpg,,,2026-09-27,2026-09-27T13:11:35Z
tkproperties.gr,ΤΚ Properties,https://www.tkproperties.gr/property/534,Κάτω Τούμπα Κατάστημα 15τμ. Προς Πώληση - TK Properties,sale,store,26000,15.0,1733,,ισόγειο,1992,thessaloniki,Θεσσαλονίκη-Ανατολικά,Τούμπα,,,https://www.tkproperties.gr/images/properties/1-5343970.jpg,,,2026-09-27,2026-09-27T13:11:38Z
tkproperties.gr,ΤΚ Properties,https://www.tkproperties.gr/property/517,Συκιές Μικράς Ασίας Διαμέρισμα 105τμ Προς Πώληση - TK Properties,sale,apartment,195000,105.0,1857,3,4,2003,thessaloniki,Νεάπολη-Συκιές,Συκιές,,,https://www.tkproperties.gr/images/properties/1-5174807.jpg,,,2026-09-27,2026-09-27T13:11:40Z
tkproperties.gr,ΤΚ Properties,https://www.tkproperties.gr/property/526,Καβαλλάρι Βιοτεχνικός Χώρος 1.366τμ Προς Πώληση - TK Properties,sale,warehouse,320000,366.0,874,,1,1950,other,,Θεσσαλονίκη Υπόλ. Νομού,,,https://www.tkproperties.gr/images/properties/1-5265648.jpg,,,2026-09-27,2026-09-27T13:11:44Z
tkproperties.gr,ΤΚ Properties,https://www.tkproperties.gr/property/479,Δικαστήρια Δίχωρο Γραφείο 40τμ. Προς Ενοικίαση - TK Properties,rent,office,,40.0,,,1,1990,thessaloniki,Θεσσαλονίκη,Θεσσαλονίκης,,,https://www.tkproperties.gr/images/properties/1-4796140.jpg,,,2026-09-27,2026-09-27T13:11:46Z
pazartzis.gr,Παζαρτζής Βασίλειος Χ.,https://www.pazartzis.gr/property/1458,Καλαμαριά πωλείται μεζονέτα 148τμ - Pazartzis,sale,maisonette,370000,148.0,2500,,5,1988,thessaloniki,Καλαμαριά,Καλαμαριά,,,https://www.pazartzis.gr/images/properties/12297458.jpg,,,2026-09-27,2026-09-27T13:09:44Z
pazartzis.gr,Παζαρτζής Βασίλειος Χ.,https://www.pazartzis.gr/property/1387,Μοναδικό διαμέρισμα με θέα θάλασσα - Pazartzis,sale,apartment,690000,142.0,4859,3,2,1989,thessaloniki,Θεσσαλονίκη,Θεσσαλονίκη Περιφ/κοί δήμοι,,,https://www.pazartzis.gr/images/properties/13873068.jpg,,,2026-09-27,2026-09-27T13:09:46Z
pazartzis.gr,Παζαρτζής Βασίλειος Χ.,https://www.pazartzis.gr/property/1487,Α.Τούμπα διαμέρισμα 115τμ προς πώληση - Pazartzis,sale,apartment,210000,115.0,1826,,2,1974,thessaloniki,Θεσσαλονίκη-Ανατολικά,Τούμπα,,,https://www.pazartzis.gr/images/properties/1487729.jpg,,,2026-09-27,2026-09-27T13:09:50Z
pazartzis.gr,Παζαρτζής Βασίλειος Χ.,https://www.pazartzis.gr/property/1048,Μεζονέτα πρώτη στη θάλασσα!! - Pazartzis,sale,maisonette,235000,77.0,3052,3,1,2007,thessaloniki,Θεσσαλονίκη,Θεσσαλονίκης. * Οι πληροφορίες και τα χαρακτηριστικ,,,https://www.pazartzis.gr/images/properties/10483991.jpg,,,2026-09-27,2026-09-27T13:09:52Z
pazartzis.gr,Παζαρτζής Βασίλειος Χ.,https://www.pazartzis.gr/property/1107,Πανόραμα ενοικιάζεται μονοκατοικία - Pazartzis,rent,house,2000,270.0,7,4,1,2005,thessaloniki,Πανόραμα,Πανόραμα,,,https://www.pazartzis.gr/images/properties/11076911.jpg,,,2026-09-27,2026-09-27T13:09:56Z
pazartzis.gr,Παζαρτζής Βασίλειος Χ.,https://www.pazartzis.gr/property/1445,Διαμέρισμα 3 δωματίων προς πώληση  - Pazartzis,sale,apartment,189000,72.0,2625,,2,1967,thessaloniki,Θεσσαλονίκη,Θεσσαλονίκης,,,https://www.pazartzis.gr/images/properties/12593020.jpg,,,2026-09-27,2026-09-27T13:09:59Z
pazartzis.gr,Παζαρτζής Βασίλειος Χ.,https://www.pazartzis.gr/property/1382,Αγιος Παντελεήμονας πωλείται διαμέρισμα 130τμ - Pazartzis,sale,apartment,350000,130.0,2692,,2,1988,thessaloniki,Θεσσαλονίκη,Θεσσαλονίκη Περιφ/κοί δήμοι,,,https://www.pazartzis.gr/images/properties/13821333.jpg,,,2026-09-27,2026-09-27T13:10:01Z
pazartzis.gr,Παζαρτζής Βασίλειος Χ.,https://www.pazartzis.gr/property/1406,Διαμέρισμα 3 δωματίων προς πώληση - Pazartzis,sale,apartment,178000,95.0,1874,,1,1971,thessaloniki,Θεσσαλονίκη,Θεσσαλονίκης,,,https://www.pazartzis.gr/images/properties/1406379.jpg,,,2026-09-27,2026-09-27T13:10:16Z
pazartzis.gr,Παζαρτζής Βασίλειος Χ.,https://www.pazartzis.gr/property/1500,Ημιυπόγειος αποθηκευτικός χώρος 262τμ προς πώληση - Pazartzis,sale,warehouse,95000,262.0,363,,ημιυπόγειο,1965,thessaloniki,Θεσσαλονίκη,Θεσσαλονίκης,,,https://www.pazartzis.gr/images/properties/15009825.jpg,,,2026-09-27,2026-09-27T13:10:19Z
pazartzis.gr,Παζαρτζής Βασίλειος Χ.,https://www.pazartzis.gr/property/1498,Άνω Τούμπα πλησίον Γρ.Λαμπράκη - Pazartzis,sale,,79000,58.4,1353,2,3,1968,thessaloniki,Θεσσαλονίκη-Ανατολικά,Τούμπα,,,https://www.pazartzis.gr/images/properties/14984457.jpg,,,2026-09-27,2026-09-27T13:10:22Z
pazartzis.gr,Παζαρτζής Βασίλειος Χ.,https://www.pazartzis.gr/property/1499,Διαμέρισμα πλησίον γηπέδου ΠΑΟΚ - Pazartzis,sale,apartment,89000,58.3,1527,,3,1968,thessaloniki,Θεσσαλονίκη,Θεσσαλονίκης,,,https://www.pazartzis.gr/images/properties/14997614.jpg,,,2026-09-27,2026-09-27T13:10:25Z
pazartzis.gr,Παζαρτζής Βασίλειος Χ.,https://www.pazartzis.gr/property/1496,Πανόραμα μονοκατοικία προς πώληση - Pazartzis,sale,house,450000,215.0,2093,3,2,1979,thessaloniki,Πανόραμα,Πανόραμα,,,https://www.pazartzis.gr/images/properties/14965505.jpg,,,2026-09-27,2026-09-27T13:10:28Z
pazartzis.gr,Παζαρτζής Βασίλειος Χ.,https://www.pazartzis.gr/property/1492,Α.Τούμπα διαμέρισμα 53τμ προς πώληση - Pazartzis,sale,apartment,120000,53.0,2264,,1,1965,thessaloniki,Θεσσαλονίκη-Ανατολικά,Τούμπα,,,https://www.pazartzis.gr/images/properties/149297.jpg,,,2026-09-27,2026-09-27T13:10:31Z
pazartzis.gr,Παζαρτζής Βασίλειος Χ.,https://www.pazartzis.gr/property/1494,Υπόγειος χώρος με δυνατότητα χρήσης ως πάρκινγκ - Pazartzis,sale,parking,65000,127.0,512,,υπόγειο,1981,thessaloniki,Θεσσαλονίκη,Θεσσαλονίκης,,,https://www.pazartzis.gr/images/properties/14947864.jpg,,,2026-09-27,2026-09-27T13:10:34Z
pazartzis.gr,Παζαρτζής Βασίλειος Χ.,https://www.pazartzis.gr/property/1210,Κωνσταντινοπολίτικα studio προς ενοικίαση - Pazartzis,rent,studio,,35.0,,,2,2004,thessaloniki,Θεσσαλονίκη,Θεσσαλονίκη Περιφ/κοί δήμοι,,,https://www.pazartzis.gr/images/properties/12105624.jpg,,,2026-09-27,2026-09-27T13:10:37Z
pazartzis.gr,Παζαρτζής Βασίλειος Χ.,https://www.pazartzis.gr/property/1489,Ά.Τούμπα επιπλωμένο διαμέρισμα 82τμ - Pazartzis,,apartment,,82.0,,,2,1974,thessaloniki,Θεσσαλονίκη-Ανατολικά,Τούμπα,,,https://www.pazartzis.gr/images/properties/14893224.jpg,,,2026-09-27,2026-09-27T13:10:51Z
pazartzis.gr,Παζαρτζής Βασίλειος Χ.,https://www.pazartzis.gr/property/1486,Διαμέρισμα επί της Αγίου Δημητρίου - Pazartzis,sale,apartment,150000,54.0,2778,,1,1958,thessaloniki,Θεσσαλονίκη,Θεσσαλονίκης,,,https://www.pazartzis.gr/images/properties/14867866.jpg,,,2026-09-27,2026-09-27T13:10:54Z
pazartzis.gr,Παζαρτζής Βασίλειος Χ.,https://www.pazartzis.gr/property/1480,Ανακαινισμένο και επιπλωμένο διαμέρισμα 40τμ προς ενοικίαση - Pazartzis,rent,apartment,,40.0,,,3,1958,thessaloniki,Θεσσαλονίκη,Θεσσαλονίκης,,,https://www.pazartzis.gr/images/properties/14716178.jpg,,,2026-09-27,2026-09-27T13:11:09Z
pazartzis.gr,Παζαρτζής Βασίλειος Χ.,https://www.pazartzis.gr/property/1376,Ρετιρέ 2 δωματίων προς πώληση - Pazartzis,sale,apartment,120000,50.0,2400,,5,1964,thessaloniki,Θεσσαλονίκη,Θεσσαλονίκης,,,https://www.pazartzis.gr/images/properties/13762751.jpg,,,2026-09-27,2026-09-27T13:11:11Z
pazartzis.gr,Παζαρτζής Βασίλειος Χ.,https://www.pazartzis.gr/property/1495,Κων/λίτικα διαμέρισμα 130τμ προς ενοικίαση - Pazartzis,rent,apartment,,130.0,,,1,1995,thessaloniki,Θεσσαλονίκη,Θεσσαλονίκη Περιφ/κοί δήμοι,,,https://www.pazartzis.gr/images/properties/14951769.jpg,,,2026-09-27,2026-09-27T13:11:14Z
pazartzis.gr,Παζαρτζής Βασίλειος Χ.,https://www.pazartzis.gr/property/1491,Χώρος γραφείου 91τμ καθαρά  επί της Δωδεκανήσου - Pazartzis,,office,,91.0,,,3,1974,thessaloniki,Θεσσαλονίκη,Θεσσαλονίκης,,,https://www.pazartzis.gr/images/properties/14912039.jpg,,,2026-09-27,2026-09-27T13:11:18Z
pazartzis.gr,Παζαρτζής Βασίλειος Χ.,https://www.pazartzis.gr/property/1383,Κατάστημα πλησίον Κλεάνθους προς πώληση - Pazartzis,sale,store,120000,84.0,1429,,ισόγειο,1971,thessaloniki,Θεσσαλονίκη,Θεσσαλονίκης,,,https://www.pazartzis.gr/images/properties/1383259.jpg,,,2026-09-27,2026-09-27T13:11:32Z
pazartzis.gr,Παζαρτζής Βασίλειος Χ.,https://www.pazartzis.gr/property/1360,Ημιυπόγειος αποθηκευτικός χώρος 150τμ - Pazartzis,,warehouse,29000,150.0,193,,ημιυπόγειο,1968,thessaloniki,Θεσσαλονίκη,Θεσσαλονίκης,,,https://www.pazartzis.gr/images/properties/13603174.jpg,,,2026-09-27,2026-09-27T13:11:35Z
pazartzis.gr,Παζαρτζής Βασίλειος Χ.,https://www.pazartzis.gr/property/1328,Κατάστημα επί της πλατείας Αντιγονιδών - Pazartzis,sale,store,80000,55.0,1455,,ισόγειο,1929,thessaloniki,Θεσσαλονίκη,Θεσσαλονίκης,,,https://www.pazartzis.gr/images/properties/13288641.jpg,,,2026-09-27,2026-09-27T13:11:38Z
pazartzis.gr,Παζαρτζής Βασίλειος Χ.,https://www.pazartzis.gr/property/1108,Πλατεία Αριστοτέλους πωλείται ποσοστό καταστήματος - Pazartzis,sale,store,950000,275.0,3455,,ισόγειο,1950,thessaloniki,Θεσσαλονίκη-Κέντρο,Θεσσαλονίκης,,,https://www.pazartzis.gr/images/properties/11084884.jpg,,,2026-09-27,2026-09-27T13:11:52Z
remax-analogia.gr,RE/MAX ANALOGIA,https://remax-analogia.gr/property/3527,Γκαρσονιέρα 27 τ.μ. - RE/MAX Analogia Real Estate,sale,studio,130000,27.0,4815,,2,2026,thessaloniki,Θεσσαλονίκη,Θεσσαλονίκης,,,https://remax-analogia.gr/images/properties/86-35274075.jpg,,,2026-09-27,2026-09-27T13:10:16Z
remax-analogia.gr,RE/MAX ANALOGIA,https://remax-analogia.gr/property/3528,Γκαρσονιέρα 24 τ.μ. - RE/MAX Analogia Real Estate,sale,studio,120000,24.0,5000,,4,,thessaloniki,Θεσσαλονίκη,Θεσσαλονίκης,,,https://remax-analogia.gr/images/properties/86-35285102.jpg,,,2026-09-27,2026-09-27T13:10:19Z
remax-analogia.gr,RE/MAX ANALOGIA,https://remax-analogia.gr/property/3532,Γκαρσονιέρα 20 τ.μ. - RE/MAX Analogia Real Estate,sale,studio,95000,20.0,4750,,5,,thessaloniki,Θεσσαλονίκη,Θεσσαλονίκης,,,https://remax-analogia.gr/images/properties/86-35304074.jpg,,,2026-09-27,2026-09-27T13:10:36Z
remax-analogia.gr,RE/MAX ANALOGIA,https://remax-analogia.gr/property/1965,Κατάστημα 340 τ.μ. - RE/MAX Analogia Real Estate,sale,store,850000,340.0,2500,,ισόγειο,2003,thessaloniki,Θεσσαλονίκη,Θεσσαλονίκη Περιφ/κοί δήμοι,,,https://remax-analogia.gr/images/properties/89-1514190.jpg,,,2026-09-27,2026-09-27T13:10:59Z
remax-analogia.gr,RE/MAX ANALOGIA,https://remax-analogia.gr/property/3437,Διαμέρισμα 82 τ.μ. - RE/MAX Analogia Real Estate,sale,apartment,229000,82.0,2793,2,3,1968,thessaloniki,Θεσσαλονίκη,Θεσσαλονίκης,,,https://remax-analogia.gr/images/properties/94-34372603.jpg,,,2026-09-27,2026-09-27T13:11:16Z
remax-analogia.gr,RE/MAX ANALOGIA,https://remax-analogia.gr/property/3335,Γκαρσονιέρα 37 τ.μ. - RE/MAX Analogia Real Estate,sale,studio,120000,37.0,3243,1,3,1966,thessaloniki,Θεσσαλονίκη,Θεσσαλονίκης,,,https://remax-analogia.gr/images/properties/105-3335926.jpg,,,2026-09-27,2026-09-27T13:11:51Z
remax-analogia.gr,RE/MAX ANALOGIA,https://remax-analogia.gr/property/3148,Διαμέρισμα 58 τ.μ. - RE/MAX Analogia Real Estate,sale,apartment,200000,58.0,3448,,2,1984,thessaloniki,Θεσσαλονίκη,Θεσσαλονίκη Περιφ/κοί δήμοι,,,https://remax-analogia.gr/images/properties/99-31486168.jpg,,,2026-09-27,2026-09-27T13:11:57Z
remax-analogia.gr,RE/MAX ANALOGIA,https://remax-analogia.gr/property/2878,Διαμέρισμα 45 τ.μ. - RE/MAX Analogia Real Estate,sale,apartment,145000,45.0,3222,,1,2024,thessaloniki,Θεσσαλονίκη,Θεσσαλονίκη Περιφ/κοί δήμοι,,,https://remax-analogia.gr/images/properties/90-28784797.jpg,,,2026-09-27,2026-09-27T13:12:03Z
remax-analogia.gr,RE/MAX ANALOGIA,https://remax-analogia.gr/property/3230,Διαμέρισμα 115 τ.μ. - RE/MAX Analogia Real Estate,sale,apartment,475000,115.0,4130,3,7,1966,thessaloniki,Θεσσαλονίκη,Θεσσαλονίκης,,,https://remax-analogia.gr/images/properties/103-32301981.jpg,,,2026-09-27,2026-09-27T13:12:10Z
remaxbest.gr,RE/MAX BEST,https://remaxbest.gr/listings/N/109,Μεσιτικό Γραφείο REMAX BEST,sale,office,68000,55.0,1236,,,1900,unknown,,,,,https://remaxbest.gr/images/general/homephoto.jpg,,,2026-09-27,2026-09-27T13:11:07Z
remaxbest.gr,RE/MAX BEST,https://remaxbest.gr/listings/N/108,Μεσιτικό Γραφείο REMAX BEST,sale,office,47000,40.0,1175,,,1900,unknown,,,,,https://remaxbest.gr/images/general/homephoto.jpg,,,2026-09-27,2026-09-27T13:11:10Z
remaxbest.gr,RE/MAX BEST,https://remaxbest.gr/listings/N/110,Μεσιτικό Γραφείο REMAX BEST,rent,office,2000,60.0,33,,,1900,unknown,,,,,https://remaxbest.gr/images/general/homephoto.jpg,,,2026-09-27,2026-09-27T13:11:13Z
remaxaxis.gr,AXIS HOME ΟΕ,https://www.remaxaxis.gr/property/314,Εξαιρετικό ισόγειο διαμέρισμα στην Πυλαία  - Μεσιτικό Γραφείο Remaxaxis,rent,apartment,1000,51.0,20,1,ισόγειο,2026,thessaloniki,Πυλαία,Πυλαία,,,https://www.remaxaxis.gr/images/properties/8-3147977.jpg,,,2026-09-27,2026-09-27T13:10:30Z
remaxaxis.gr,AXIS HOME ΟΕ,https://www.remaxaxis.gr/property/316,"Συκιές | Διαμέρισμα 2 υπνοδωματίων με θέα θάλασσα, parking & αποθήκη 170.000 - Μεσιτικό Γραφείο Remaxaxis",sale,apartment,170000,68.0,2500,2,1,2026,thessaloniki,Νεάπολη-Συκιές,Συκιές,,,https://www.remaxaxis.gr/images/properties/8-3163069.jpg,,,2026-09-27,2026-09-27T13:10:44Z
remaxaxis.gr,AXIS HOME ΟΕ,https://www.remaxaxis.gr/property/317,Επενδυτική ανακαινισμένη γκαρσονιέρα 35τ. στην Άνω Πόλη 102.000 - Μεσιτικό Γραφείο Remaxaxis,sale,studio,102000,35.0,2914,1,1,1977,thessaloniki,Θεσσαλονίκη-Κέντρο,Θεσσαλονίκης,,,https://www.remaxaxis.gr/images/properties/8-3179955.jpg,,,2026-09-27,2026-09-27T13:10:48Z
remaxaxis.gr,AXIS HOME ΟΕ,https://www.remaxaxis.gr/property/313,"Νεόδμητο Διαμέρισμα 78 τ.μ. στη Θέρμη – 2 Υπνοδωμάτια, Parking & Αποθήκη - Μεσιτικό Γραφείο Remaxaxis",sale,apartment,230000,78.0,2949,2,1,,thessaloniki,Θέρμη,Θέρμη,,,https://www.remaxaxis.gr/images/properties/10-3132350.jpg,,,2026-09-27,2026-09-27T13:10:51Z
remaxaxis.gr,AXIS HOME ΟΕ,https://www.remaxaxis.gr/property/311,Προνομιακό Ανακαινισμένο Ρετιρέ 86 τ.μ. με εντυπωσιακή βεράντα στην καρδιά της Χαριλάου – 4ος Όροφος | 2 Υπνοδωμάτια | Ηλιακός & BBQ - Μεσιτικό Γραφείο Remaxaxis,sale,apartment,355000,86.0,4128,2,4,1972,thessaloniki,Θεσσαλονίκη-Ανατολικά,Χαριλάου,,,https://www.remaxaxis.gr/images/properties/10-3116435.jpg,,,2026-09-27,2026-09-27T13:11:05Z
remaxaxis.gr,AXIS HOME ΟΕ,https://www.remaxaxis.gr/property/310,Πωλείται Τριώροφη Μεζονέτα 150 τ.μ. στην Ελάνη Χαλκιδικής - Μεσιτικό Γραφείο Remaxaxis,sale,maisonette,320000,150.0,2133,4,ισόγειο,1987,other,,Θεσσαλονίκη Τηλ: 2310264846 Email: info@remaxaxis.g,,,https://www.remaxaxis.gr/images/properties/8-3103174.jpg,,,2026-09-27,2026-09-27T13:11:08Z
remaxaxis.gr,AXIS HOME ΟΕ,https://www.remaxaxis.gr/property/293,"Πωλείται πλήρως ανακαινισμένο και επιπλωμένο διαμέρισμα στο κέντρο της Θεσσαλονίκης, δίπλα στην Καμάρα. - Μεσιτικό Γραφείο Remaxaxis",sale,apartment,225000,75.0,3000,2,6,1963,thessaloniki,Θεσσαλονίκη-Κέντρο,Θεσσαλονίκης,,,https://www.remaxaxis.gr/images/properties/10-2932990.jpg,,,2026-09-27,2026-09-27T13:11:11Z
remaxaxis.gr,AXIS HOME ΟΕ,https://www.remaxaxis.gr/property/309,ΝΕΟΔΜΗΤΟ ΔΙΑΜΕΡΙΣΜΑ 63τ.μ. ΜΙΚΤΑ ΣΤΗ ΘΕΡΜΗ - 1ος ΟΡΟΦΟΣ - 175.000€ - Μεσιτικό Γραφείο Remaxaxis,sale,apartment,175000,63.0,2778,2,1,,thessaloniki,Θέρμη,Θεσσαλονίκη Περιφ/κοί δήμοι,,,https://www.remaxaxis.gr/images/properties/10-3098846.jpg,,,2026-09-27,2026-09-27T13:11:25Z
remaxaxis.gr,AXIS HOME ΟΕ,https://www.remaxaxis.gr/property/308,ΝΕΟΔΜΗΤΟ ΔΙΑΜΕΡΙΣΜΑ 53 τ.μ. ΜΙΚΤΑ ΣΤΗ ΘΕΡΜΗ – 1ος ΟΡΟΦΟΣ – 150.000 € - Μεσιτικό Γραφείο Remaxaxis,sale,apartment,150000,53.0,2830,1,1,,thessaloniki,Θέρμη,Θεσσαλονίκη Περιφ/κοί δήμοι,,,https://www.remaxaxis.gr/images/properties/10-308582.jpg,,,2026-09-27,2026-09-27T13:11:28Z
remaxaxis.gr,AXIS HOME ΟΕ,https://www.remaxaxis.gr/property/307,Πωλείται φωτεινό ρετιρέ οροφοδιαμέρισμα 104 τ.μ. στη Νέα Κρήνη Καλαμαριάς - Μεσιτικό Γραφείο Remaxaxis,sale,apartment,295000,104.0,2837,2,5,2006,thessaloniki,Καλαμαριά,Καλαμαριά,,,https://www.remaxaxis.gr/images/properties/8-3074320.jpg,,,2026-09-27,2026-09-27T13:11:31Z
remaxaxis.gr,AXIS HOME ΟΕ,https://www.remaxaxis.gr/property/302,Νεόδμητο Διαμέρισμα 46 τ.μ.  5ος Όροφος  - Μεσιτικό Γραφείο Remaxaxis,rent,apartment,1000,46.0,22,1,5,2026,thessaloniki,Θεσσαλονίκη,Θεσσαλονίκης,,,https://www.remaxaxis.gr/images/properties/8-3027321.jpg,,,2026-09-27,2026-09-27T13:11:34Z
remaxaxis.gr,AXIS HOME ΟΕ,https://www.remaxaxis.gr/property/304,Ανακαινισμένο διαμέρισμα προς πώληση στον 3ο όροφο - Μεσιτικό Γραφείο Remaxaxis,sale,apartment,145000,58.0,2500,1,3,1967,thessaloniki,Θεσσαλονίκη,Θεσσαλονίκης,,,https://www.remaxaxis.gr/images/properties/8-3042299.jpg,,,2026-09-27,2026-09-27T13:11:36Z
remaxaxis.gr,AXIS HOME ΟΕ,https://www.remaxaxis.gr/property/298,Εξαιρετικό νεόδμητο διαμέρισμα 1ου ορόφου 54τ.μ. στην Άνω Τούμπα - Μεσιτικό Γραφείο Remaxaxis,rent,apartment,1000,54.0,19,1,1,2026,thessaloniki,Θεσσαλονίκη-Ανατολικά,Τούμπα,,,https://www.remaxaxis.gr/images/properties/8-2985036.jpg,,,2026-09-27,2026-09-27T13:11:39Z
remaxaxis.gr,AXIS HOME ΟΕ,https://www.remaxaxis.gr/property/299,Διαμέρισμα 50 τ.μ. - Μεσιτικό Γραφείο Remaxaxis,rent,apartment,1000,50.0,20,1,1,2026,thessaloniki,Θεσσαλονίκη,Θεσσαλονίκης,,,https://www.remaxaxis.gr/images/properties/8-2991135.jpg,,,2026-09-27,2026-09-27T13:11:43Z
remaxaxis.gr,AXIS HOME ΟΕ,https://www.remaxaxis.gr/property/271,Κέντρο – Ενοικιάζεται Φωτεινό Γραφείου 1ου Ορόφου | Ασανσέρ - Μεσιτικό Γραφείο Remaxaxis,rent,office,,20.0,,,1,1998,thessaloniki,Θεσσαλονίκη,Θεσσαλονίκης,,,https://www.remaxaxis.gr/images/properties/1-2717454.jpg,,,2026-09-27,2026-09-27T13:11:45Z
remaxaxis.gr,AXIS HOME ΟΕ,https://www.remaxaxis.gr/property/269,ΠΩΛΗΣΗ ΕΠΙΧΕΙΡΗΣΗΣ ALLWYN (ΟΠΑΠ) - Μεσιτικό Γραφείο Remaxaxis,sale,office,70000,140.0,500,,ισόγειο,1998,thessaloniki,Θεσσαλονίκη,Θεσσαλονίκη Περιφ/κοί δήμοι,,,https://www.remaxaxis.gr/images/properties/8-269286.jpg,,,2026-09-27,2026-09-27T13:11:48Z
remaxaxis.gr,AXIS HOME ΟΕ,https://www.remaxaxis.gr/property/249,Πωλείται Πάρκινγκ 35 Θέσεων – Με Άδεια Δόμησης Επιπλέον 159 τ.μ. - Μεσιτικό Γραφείο Remaxaxis,sale,parking,1200000,159.0,7547,,υπόγειο,1977,thessaloniki,Θεσσαλονίκη,Θεσσαλονίκης,,,https://www.remaxaxis.gr/images/properties/,,,2026-09-27,2026-09-27T13:11:52Z
remaxaxis.gr,AXIS HOME ΟΕ,https://www.remaxaxis.gr/property/242,ΕΠΕΝΔΥΤΙΚΟ ΑΚΙΝΗΤΟ – ΑΠΟΘΗΚΗ 387 τ.μ. ΜΕ ΕΞΑΣΦΑΛΙΣΜΕΝΟ ΕΙΣΟΔΗΜΑ - Μεσιτικό Γραφείο Remaxaxis,sale,warehouse,300000,387.0,775,,ισόγειο,2005,thessaloniki,Θεσσαλονίκη,Θεσσαλονίκη Περιφ/κοί δήμοι,,,https://www.remaxaxis.gr/images/properties/3-2427962.jpg,,,2026-09-27,2026-09-27T13:11:55Z
remaxaxis.gr,AXIS HOME ΟΕ,https://www.remaxaxis.gr/property/235,Επενδυτικό Ακίνητο Μικτής Χρήσης με Απεριόριστη Θέα Θάλασσας. - Μεσιτικό Γραφείο Remaxaxis,sale,office,2200000,450.0,4889,2,ισόγειο,1980,unknown,,,,,https://www.remaxaxis.gr/images/properties/1-2359326.jpg,,,2026-09-27,2026-09-27T13:11:58Z
remaxaxis.gr,AXIS HOME ΟΕ,https://www.remaxaxis.gr/property/187,ΠΩΛΕΙΤΑΙ ΕΠΙΧΕΙΡΗΣΗ ΜΕ ΠΛΗΡΕΣ ΚΤΙΡΙΑΚΟ ΣΥΓΚΡΟΤΗΜΑ & ΟΙΚΟΠΕΔΟ ΣΤΗ ΝΕΑ ΜΟΝΑΣΤΗΡΙΟΥ - Μεσιτικό Γραφείο Remaxaxis,sale,land,5000000,311.6,16045,,1,1955,thessaloniki,Θεσσαλονίκη,Θεσσαλονίκη Περιφ/κοί δήμοι,,,https://www.remaxaxis.gr/images/properties/10-1872327.jpg,,,2026-09-27,2026-09-27T13:12:01Z
remaxaxis.gr,AXIS HOME ΟΕ,https://www.remaxaxis.gr/property/171,Πωλείται οικόπεδο 2500τ.μ μαζί με βιοτεχνικό χώρο 400τ.μ. - Μεσιτικό Γραφείο Remaxaxis,sale,land,260000,2500.0,104,,ισόγειο,1985,thessaloniki,Θεσσαλονίκη,Θεσσαλονίκη Περιφ/κοί δήμοι,,,https://www.remaxaxis.gr/images/properties/7-1712892.jpg,,,2026-09-27,2026-09-27T13:12:03Z
remaxaxis.gr,AXIS HOME ΟΕ,https://www.remaxaxis.gr/property/148,Ενοικιάζεται κατάστημα 53 τ.μ στην περιοχή της Μαρτίου. - Μεσιτικό Γραφείο Remaxaxis,rent,store,1000,53.0,19,,ισόγειο,1965,thessaloniki,Θεσσαλονίκη-Ανατολικά,Θεσσαλονίκης,,,https://www.remaxaxis.gr/images/properties/7-1483667.jpg,,,2026-09-27,2026-09-27T13:12:06Z
remaxaxis.gr,AXIS HOME ΟΕ,https://www.remaxaxis.gr/property/129,Ενοικιάζεται επαγγελματικός χώρος 90τμ. - Μεσιτικό Γραφείο Remaxaxis,rent,store,,90.0,,,4,2007,thessaloniki,Θεσσαλονίκη,Θεσσαλονίκης,,,https://www.remaxaxis.gr/images/properties/3-1295432.jpg,,,2026-09-27,2026-09-27T13:12:10Z
remaxaxis.gr,AXIS HOME ΟΕ,https://www.remaxaxis.gr/property/130,Ενοικιάζεται γραφείο 61 τμ. στο κέντρο της Θεσσαλονίκης. - Μεσιτικό Γραφείο Remaxaxis,rent,office,,61.0,,,5,1975,thessaloniki,Θεσσαλονίκη,Θεσσαλονίκης. - Μεσιτικό Γραφείο Remaxaxis  Ενοικιά,,,https://www.remaxaxis.gr/images/properties/3-1303363.jpg,,,2026-09-27,2026-09-27T13:12:13Z
remaxaxis.gr,AXIS HOME ΟΕ,https://www.remaxaxis.gr/property/121,Πωλείται κατά αποκλειστικότητα Ξενοδοχειακή Μονάδα 4 Αστέρων στον Άγιο Αθανάσιο Πέλλας. - Μεσιτικό Γραφείο Remaxaxis,sale,hotel,1450000,4700.0,309,,ισόγειο,2011,thessaloniki,Θεσσαλονίκη,Θεσσαλονίκη ΤΚ: 54622 2310264846 info@remaxaxi,,,https://www.remaxaxis.gr/images/properties/2-1213231.jpg,,,2026-09-27,2026-09-27T13:12:15Z
remaxaxis.gr,AXIS HOME ΟΕ,https://www.remaxaxis.gr/property/111,"Ενοικιάζεται νεόδμητο μαγαζί, προσόψεως και υπό κατασκευή ,τριών ορόφων με άδεια εστίασης. - Μεσιτικό Γραφείο Remaxaxis",rent,store,4000,188.0,21,,ισόγειο,,thessaloniki,Θεσσαλονίκη,Θεσσαλονίκη Περιφ/κοί δήμοι,,,https://www.remaxaxis.gr/images/properties/3-1113842.jpg,,,2026-09-27,2026-09-27T13:12:18Z
remax-today.eu,REMAX TODAY,https://www.remax-today.eu/property/16078/Diamerisma-Thermaikos,Ανακαινισμένο διαμέρισμα στην Περαία,sale,apartment,260000,109.0,2385,3,3,2006,thessaloniki,Θερμαϊκός,Περαία,,,https://www.remax-today.eu/images/properties/160787997.jpg,,,2026-09-27,2026-09-27T13:11:46Z
remax-today.eu,REMAX TODAY,https://www.remax-today.eu/property/21853/Diamerisma-Kalamaria,"Διαμέρισμα 3 υπνοδωμάτια, Κηφισιά κοντά στο μετρό",sale,apartment,210000,120.0,1750,3,2,1979,thessaloniki,Καλαμαριά,Θεσσαλονίκη Περιφ/κοί δήμοι,,,https://www.remax-today.eu/images/properties/218534358.jpg,,,2026-09-27,2026-09-27T13:11:49Z
remax-today.eu,REMAX TODAY,https://www.remax-today.eu/property/21846/Monokatoikia-Epanomi,Τριώροφη μονοκατοικία Επανομή,sale,house,395000,342.0,1155,5,1,2003,thessaloniki,Θερμαϊκός,Επανομή,,,https://www.remax-today.eu/images/properties/216381884.jpg,,,2026-09-27,2026-09-27T13:11:52Z
remax-today.eu,REMAX TODAY,https://www.remax-today.eu/property/21845/Diamerisma-Pulaia,Εξαιρετικό διαμέρισμα 157τμ στα Κωνσταντινουπολίτικα,sale,apartment,350000,157.0,2229,3,3,1984,thessaloniki,Θεσσαλονίκη,Θεσσαλονίκη Περιφ/κοί δήμοι,,,https://www.remax-today.eu/images/properties/218454119.jpg,,,2026-09-27,2026-09-27T13:11:55Z
remax-today.eu,REMAX TODAY,https://www.remax-today.eu/property/21842/Diamerisma-Faliro,Εξαιρετικό δυάρι στο Φάληρο,sale,apartment,137000,60.0,2283,2,3,1970,thessaloniki,Θεσσαλονίκη-Ανατολικά,Θεσσαλονίκης,,,https://www.remax-today.eu/images/properties/21842110.jpg,,,2026-09-27,2026-09-27T13:11:58Z
remax-today.eu,REMAX TODAY,https://www.remax-today.eu/property/21410/Diamerisma-Ntepo,Επενδυτικό Στούντιο στο Ντεπώ,sale,studio,93000,27.0,3444,,1,1971,thessaloniki,Θεσσαλονίκη-Ανατολικά,Θεσσαλονίκης,,,https://www.remax-today.eu/images/properties/214103587.jpg,,,2026-09-27,2026-09-27T13:12:01Z
remax-today.eu,REMAX TODAY,https://www.remax-today.eu/property/21832/Diamerisma-Ntepo,Επενδυτικό Στούντιο στο Ντεπώ,sale,studio,97000,29.0,3345,,1,1971,thessaloniki,Θεσσαλονίκη-Ανατολικά,Θεσσαλονίκης,,,https://www.remax-today.eu/images/properties/218322387.jpg,,,2026-09-27,2026-09-27T13:12:04Z
remax-today.eu,REMAX TODAY,https://www.remax-today.eu/property/15144/Diamerisma-Thermi,Νοικιάζεται εξαιρετικό διαμέρισμα με θέα θάλασσα κοντά στο Ν. Ρύσιο,,apartment,,135.0,,3,2,2008,thessaloniki,Θέρμη,Θεσσαλονίκη Περιφ/κοί δήμοι,,,https://www.remax-today.eu/images/properties/151444078.jpg,,,2026-09-27,2026-09-27T13:12:19Z
remax-today.eu,REMAX TODAY,https://www.remax-today.eu/property/20454/Diamerisma-Basilika,Νεόδμητο πολυτελές διαμέρισμα στην Αγία Παρασκευή,,apartment,,170.0,,4,ισόγειο,2025,thessaloniki,Θεσσαλονίκη,Θεσσαλονίκη Περιφ/κοί δήμοι,,,https://www.remax-today.eu/images/properties/20454625.jpg,,,2026-09-27,2026-09-27T13:12:21Z
remax-today.eu,REMAX TODAY,https://www.remax-today.eu/property/21833/Diamerisma-Ntepo,Επενδυτικό Στούντιο στο Ντεπώ,sale,studio,138000,36.0,3833,,1,1971,thessaloniki,Θεσσαλονίκη-Ανατολικά,Θεσσαλονίκης,,,https://www.remax-today.eu/images/properties/218338964.jpg,,,2026-09-27,2026-09-27T13:12:36Z
remax-today.eu,REMAX TODAY,https://www.remax-today.eu/property/21827/Mezoneta-Panorama,Ανακαινισμένη μεζονέτα με θέα θάλασσα στο κέντρο του Πανοράματος,sale,maisonette,500000,127.0,3937,3,1,1975,thessaloniki,Πανόραμα,Θεσσαλονίκη Περιφ/κοί δήμοι,,,https://www.remax-today.eu/images/properties/218272669.jpg,,,2026-09-27,2026-09-27T13:12:39Z
remax-today.eu,REMAX TODAY,https://www.remax-today.eu/property/21831/Katastima-Martiou,Κατάστημα στην Μαρτίου,,store,,55.0,,,ισόγειο,1969,thessaloniki,Θεσσαλονίκη-Ανατολικά,Θεσσαλονίκης,,,https://www.remax-today.eu/images/properties/218312934.jpg,,,2026-09-27,2026-09-27T13:12:43Z
remax-today.eu,REMAX TODAY,https://www.remax-today.eu/property/21367/Katastima-Martiou,Κατάστημα 187 τ.μ. μόλις 300μ από στάση μετρό,sale,store,210000,187.0,1123,,ισόγειο,1970,thessaloniki,Θεσσαλονίκη-Ανατολικά,Θεσσαλονίκης,,,https://www.remax-today.eu/images/properties/213673190.jpg,,,2026-09-27,2026-09-27T13:12:45Z
remax-today.eu,REMAX TODAY,https://www.remax-today.eu/property/21823/Grafeio-Martiou,Επαγγελματικός γραφειακός χώρος μπροστά σε στάση μετρό,,office,,99.0,,,2,1973,thessaloniki,Θεσσαλονίκη-Ανατολικά,Θεσσαλονίκης,,,https://www.remax-today.eu/images/properties/218231899.jpg,,,2026-09-27,2026-09-27T13:12:48Z
remax-today.eu,REMAX TODAY,https://www.remax-today.eu/property/21804/Katastima-Kalamaria,Κατάστημα στο κέντρο της Καλαμαριάς,,store,,77.0,,,ισόγειο,1977,thessaloniki,Καλαμαριά,Καλαμαριά,,,https://www.remax-today.eu/images/properties/218049162.jpg,,,2026-09-27,2026-09-27T13:12:51Z
remax-today.eu,REMAX TODAY,https://www.remax-today.eu/property/21805/Katastima-Kalamaria,Κατάστημα στο κέντρο της Καλαμαριάς,sale,store,160000,77.0,2078,,ισόγειο,1998,thessaloniki,Καλαμαριά,Καλαμαριά,,,https://www.remax-today.eu/images/properties/218053973.jpg,,,2026-09-27,2026-09-27T13:12:54Z
remax-today.eu,REMAX TODAY,https://www.remax-today.eu/property/15377/Katastima-Kalamaria,Κατάστημα προβολής σε κεντρικό δρόμο της Καλαμαριάς,,store,,154.0,,,ισόγειο,1988,thessaloniki,Καλαμαριά,Καλαμαριά,,,https://www.remax-today.eu/images/properties/153772802.jpg,,,2026-09-27,2026-09-27T13:12:57Z
remax-today.eu,REMAX TODAY,https://www.remax-today.eu/property/13883/Katastima-Mpotsari,Γωνιακό κατάστημα προς ενοικίαση στην περιοχή της Μπότσαρη,rent,store,1650,250.0,7,,ισόγειο,1980,thessaloniki,Θεσσαλονίκη-Ανατολικά,Θεσσαλονίκης,,,https://www.remax-today.eu/images/properties/138834096.jpg,,,2026-09-27,2026-09-27T13:13:00Z
angelou-realestate.gr,ANGELOU REAL ESTATE (Αγγέλου Γεώργιος Χ.),https://www.angelou-realestate.gr/single-property-page.php?id=837&sr=1,Angelou Real Estate,sale,,690000,128.0,5391,28,ισόγειο,2003,thessaloniki,Θεσσαλονίκη,Θεσσαλονίκη,,,,,,2026-09-27,2026-09-27T14:25:27Z
angelou-realestate.gr,ANGELOU REAL ESTATE (Αγγέλου Γεώργιος Χ.),https://www.angelou-realestate.gr/single-property-page.php?id=836&sr=1,Angelou Real Estate,sale,,700000,164.0,4268,64,ισόγειο,1975,thessaloniki,Θεσσαλονίκη,Θεσσαλονίκη,,,,,,2026-09-27,2026-09-27T14:25:30Z
angelou-realestate.gr,ANGELOU REAL ESTATE (Αγγέλου Γεώργιος Χ.),https://www.angelou-realestate.gr/single-property-page.php?id=829&sr=1,Angelou Real Estate,sale,,179000,50.0,3580,50,ισόγειο,2020,thessaloniki,Θεσσαλονίκη,Θεσσαλονίκη,,,,,,2026-09-27,2026-09-27T14:25:33Z
angelou-realestate.gr,ANGELOU REAL ESTATE (Αγγέλου Γεώργιος Χ.),https://www.angelou-realestate.gr/single-property-page.php?id=839&sr=1,Angelou Real Estate,sale,,285000,77.0,3701,77,4,,thessaloniki,Καλαμαριά,Θεσσαλονίκη Πώληση ID: 11839 Καλαμαριά - Καλαμαριά,,,,,,2026-09-27,2026-09-27T14:25:36Z
angelou-realestate.gr,ANGELOU REAL ESTATE (Αγγέλου Γεώργιος Χ.),https://www.angelou-realestate.gr/single-property-page.php?id=838&sr=1,Angelou Real Estate,sale,,150000,75.0,2000,66,2,1975,thessaloniki,Θεσσαλονίκη,Θεσσαλονίκη Πώληση ID: 11838 Θεσσαλονίκη - Θεσσαλον,,,,,,2026-09-27,2026-09-27T14:25:39Z
angelou-realestate.gr,ANGELOU REAL ESTATE (Αγγέλου Γεώργιος Χ.),https://www.angelou-realestate.gr/single-property-page.php?id=834&sr=1,Angelou Real Estate,sale,,150000,76.0,1974,76,3,1964,thessaloniki,Θεσσαλονίκη,Θεσσαλονίκη Πώληση ID: 11834 Θεσσαλονίκη - Θεσσαλον,,,,,,2026-09-27,2026-09-27T14:25:41Z
angelou-realestate.gr,ANGELOU REAL ESTATE (Αγγέλου Γεώργιος Χ.),https://www.angelou-realestate.gr/single-property-page.php?id=832&sr=1,Angelou Real Estate,sale,,285000,65.0,4385,65,8,1965,thessaloniki,Θεσσαλονίκη,Θεσσαλονίκη Πώληση ID: 11832 Θεσσαλονίκη - Θεσσαλον,,,,,,2026-09-27,2026-09-27T14:25:45Z
angelou-realestate.gr,ANGELOU REAL ESTATE (Αγγέλου Γεώργιος Χ.),https://www.angelou-realestate.gr/single-property-page.php?id=831&sr=1,Angelou Real Estate,sale,,340000,,,41,2,1989,thessaloniki,Θεσσαλονίκη,Θεσσαλονίκη Πώληση ID: 11831 Θεσσαλονίκη - Θεσσαλον,,,,,,2026-09-27,2026-09-27T14:25:48Z
angelou-realestate.gr,ANGELOU REAL ESTATE (Αγγέλου Γεώργιος Χ.),https://www.angelou-realestate.gr/single-property-page.php?id=830&sr=1,Angelou Real Estate,sale,,1500000,630.0,2381,30,ισόγειο,1993,thessaloniki,Θεσσαλονίκη,Θεσσαλονίκη,,,,,,2026-09-27,2026-09-27T14:25:51Z
angelou-realestate.gr,ANGELOU REAL ESTATE (Αγγέλου Γεώργιος Χ.),https://www.angelou-realestate.gr/single-property-page.php?id=828&sr=1,Angelou Real Estate,sale,,450000,155.0,2903,55,3,2026,thessaloniki,Πυλαία,Θεσσαλονίκη Πώληση ID: 11828 Πυλαία - Χορτιάτης - Π,,,,,,2026-09-27,2026-09-27T14:25:54Z
angelou-realestate.gr,ANGELOU REAL ESTATE (Αγγέλου Γεώργιος Χ.),https://www.angelou-realestate.gr/single-property-page.php?id=607&sr=2,Angelou Real Estate,rent,,1100,210.0,5,10,1,2006,thessaloniki,Θέρμη,Θεσσαλονίκη Ενοικίαση ID: 22607 Θέρμη - Θέρμη €1,,,,,,2026-09-27,2026-09-27T14:25:57Z
angelou-realestate.gr,ANGELOU REAL ESTATE (Αγγέλου Γεώργιος Χ.),https://www.angelou-realestate.gr/single-property-page.php?id=606&sr=2,Angelou Real Estate,,,,120.0,,20,1,1950,thessaloniki,Θεσσαλονίκη,Θεσσαλονίκη Ενοικίαση ID: 22606 Θεσσαλονίκη - Θεσσα,,,,,,2026-09-27,2026-09-27T14:25:59Z
angelou-realestate.gr,ANGELOU REAL ESTATE (Αγγέλου Γεώργιος Χ.),https://www.angelou-realestate.gr/single-property-page.php?id=602&sr=2,Angelou Real Estate,rent,,1200,125.0,10,25,6,1986,thessaloniki,Θεσσαλονίκη,Θεσσαλονίκη Ενοικίαση ID: 22602 Θεσσαλονίκη - Θεσσα,,,,,,2026-09-27,2026-09-27T14:26:03Z
angelou-realestate.gr,ANGELOU REAL ESTATE (Αγγέλου Γεώργιος Χ.),https://www.angelou-realestate.gr/single-property-page.php?id=592&sr=2,Angelou Real Estate,rent,,2000,80.0,25,80,ισόγειο,2004,thessaloniki,Θεσσαλονίκη,Θεσσαλονίκη,,,,,,2026-09-27,2026-09-27T14:26:09Z
angelou-realestate.gr,ANGELOU REAL ESTATE (Αγγέλου Γεώργιος Χ.),https://www.angelou-realestate.gr/single-property-page.php?id=591&sr=2,Angelou Real Estate,rent,,9000,100.0,90,00,1,1990,thessaloniki,Θεσσαλονίκη,Θεσσαλονίκη,,,,,,2026-09-27,2026-09-27T14:26:12Z
angelou-realestate.gr,ANGELOU REAL ESTATE (Αγγέλου Γεώργιος Χ.),https://www.angelou-realestate.gr/single-property-page.php?id=588&sr=2,Angelou Real Estate,rent,,4000,,,80,ισόγειο,,thessaloniki,Θεσσαλονίκη,Θεσσαλονίκη,,,,,,2026-09-27,2026-09-27T14:26:15Z
angelou-realestate.gr,ANGELOU REAL ESTATE (Αγγέλου Γεώργιος Χ.),https://www.angelou-realestate.gr/single-property-page.php?id=579&sr=2,Angelou Real Estate,rent,,3150,,,00,1,1990,thessaloniki,Θεσσαλονίκη,Θεσσαλονίκη,,,,,,2026-09-27,2026-09-27T14:26:18Z
angelou-realestate.gr,ANGELOU REAL ESTATE (Αγγέλου Γεώργιος Χ.),https://www.angelou-realestate.gr/single-property-page.php?id=503&sr=2,Angelou Real Estate,rent,,5000,,,80,1,1976,thessaloniki,Θεσσαλονίκη,Θεσσαλονίκη,,,,,,2026-09-27,2026-09-27T14:26:24Z
estatecenter.gr,ESTATE CENTER,https://www.estatecenter.gr/property.php?id=7971,Διαμέρισμα 30.00 τ.μ.,sale,apartment,75000,30.0,2500,1,ισόγειο,1967,thessaloniki,Θεσσαλονίκη,Θεσσαλονίκη κέντρο,,,https://www.estatecenter.gr/images/properties/100179719318.jpg,,,2026-09-27,2026-09-27T14:26:17Z
estatecenter.gr,ESTATE CENTER,https://www.estatecenter.gr/property.php?id=7950,Μονοκατοικία 120.00 τ.μ.,sale,house,490000,120.0,4083,3,υπόγειο,1999,thessaloniki,Θεσσαλονίκη,Θεσσαλονίκης και εξυπηρετεί όλο το κέντρο και όχι μ,,,https://www.estatecenter.gr/images/properties/100679503905.jpg,,,2026-09-27,2026-09-27T14:26:23Z
apoiko.gr,Ap' Oiko (Απ' Οίκο),https://www.apoiko.gr/property.php?id=1353,Διαμέρισμα 125.00 τ.μ.,rent,apartment,800,125.0,6,,1,1975,unknown,,,,,https://www.apoiko.gr/images/properties/2-13535007.jpg,,,2026-09-27,2026-09-27T14:26:13Z
apoiko.gr,Ap' Oiko (Απ' Οίκο),https://www.apoiko.gr/property.php?id=1344,Διαμέρισμα 125.00 τ.μ.,sale,apartment,270000,125.0,2160,,1,1975,thessaloniki,Θεσσαλονίκη,Θεσσαλονίκη Σε ένα από τα πιο προνομιακά σημεία της,,,https://www.apoiko.gr/images/properties/113448232.jpg,,,2026-09-27,2026-09-27T14:26:16Z
apoiko.gr,Ap' Oiko (Απ' Οίκο),https://www.apoiko.gr/property.php?id=1351,Διαμέρισμα 196.00 τ.μ.,sale,apartment,550000,196.0,2806,3,ισόγειο,1972,thessaloniki,Πανόραμα,Πανόραμα,,,https://www.apoiko.gr/images/properties/1-13515499.jpg,,,2026-09-27,2026-09-27T14:26:19Z
apoiko.gr,Ap' Oiko (Απ' Οίκο),https://www.apoiko.gr/property.php?id=1310,Διαμέρισμα 131.00 τ.μ.,sale,apartment,690000,131.0,5267,2,6,1994,thessaloniki,Καλαμαριά,Καλαμαριά,,,https://www.apoiko.gr/images/properties/113107880.jpg,,,2026-09-27,2026-09-27T14:26:22Z
apoiko.gr,Ap' Oiko (Απ' Οίκο),https://www.apoiko.gr/property.php?id=1338,Γκαρσονιέρα 25.00 τ.μ.,sale,studio,70000,25.0,2800,,ισόγειο,1967,thessaloniki,Θεσσαλονίκη,Θεσσαλονίκη κέντρο,,,https://www.apoiko.gr/images/properties/113384683.jpg,,,2026-09-27,2026-09-27T14:26:29Z
apoiko.gr,Ap' Oiko (Απ' Οίκο),https://www.apoiko.gr/property.php?id=1350,Διαμέρισμα 136.00 τ.μ.,rent,apartment,1150,136.0,8,3,3,1980,thessaloniki,Πανόραμα,Πανόραμα,,,https://www.apoiko.gr/images/properties/2-13505737.jpg,,,2026-09-27,2026-09-27T14:26:31Z
apoiko.gr,Ap' Oiko (Απ' Οίκο),https://www.apoiko.gr/property.php?id=519,Αγροτεμάχιο 5500.00 τ.μ.,,land,25000,5500.0,5,,,,thessaloniki,Καλαμαριά,Θεσσαλονίκη Καλαμαριά Θεσσαλονίκη,,,https://www.apoiko.gr/images/properties/15192772.jpg,,,2026-09-27,2026-09-27T14:26:34Z
apoiko.gr,Ap' Oiko (Απ' Οίκο),https://www.apoiko.gr/property.php?id=523,Αγροτεμάχιο 3300.00 τ.μ.,sale,land,30000,3300.0,9,,,,thessaloniki,Καλαμαριά,Θεσσαλονίκη Καλαμαριά Θεσσαλονίκη,,,https://www.apoiko.gr/images/properties/15233005.jpg,,,2026-09-27,2026-09-27T14:26:40Z
2310realestate.gr,2310 REAL ESTATE (Ιερισσιώτης Θεμελής Κ.),https://www.2310realestate.gr/estate_details_listing.php?dios_code=218938,"Πώληση, Διαμέρισμα 55τ.μ, Θεσσαλονίκη - Κέντρο, Βούλγαρη - Άγιος Ελευθέριος, € 170 000 | 2310 Real Estate",sale,apartment,,55.0,,1,5,1981,thessaloniki,Κορδελιό-Εύοσμος,Θεσσαλονίκη - Κέντρο,,,https://ihome.2310realestate.gr/gallery/akinita/218938/2026_08311229_40.jpg,,,2026-09-27,2026-09-27T14:25:18Z
2310realestate.gr,2310 REAL ESTATE (Ιερισσιώτης Θεμελής Κ.),https://www.2310realestate.gr/estate_details_listing.php?dios_code=218941,"Πώληση, Διαμέρισμα 98τ.μ, Θεσσαλονίκη - Κέντρο, Φάληρο, € 285 000 | 2310 Real Estate",sale,apartment,,98.0,,3,4,1973,thessaloniki,Θεσσαλονίκη-Ανατολικά,Θεσσαλονίκη - Κέντρο,,,https://ihome.2310realestate.gr/gallery/akinita/218941/2026_09211408_03.jpg,,,2026-09-27,2026-09-27T14:25:21Z
2310realestate.gr,2310 REAL ESTATE (Ιερισσιώτης Θεμελής Κ.),https://www.2310realestate.gr/estate_details_listing.php?dios_code=218943,"Πώληση, Γκαρσονιέρα 40τ.μ, Θεσσαλονίκη - Κέντρο, Κέντρο, € 96 000 | 2310 Real Estate",sale,studio,,40.0,,1,1,1980,thessaloniki,Θεσσαλονίκη,Θεσσαλονίκη - Κέντρο,,,https://ihome.2310realestate.gr/gallery/akinita/218943/2026_08311803_33.jpg,,,2026-09-27,2026-09-27T14:25:24Z
2310realestate.gr,2310 REAL ESTATE (Ιερισσιώτης Θεμελής Κ.),https://www.2310realestate.gr/estate_details_listing.php?dios_code=218946,"Ενοικίαση, Διαμέρισμα 60τ.μ, Θεσσαλονίκη - Κέντρο, Κέντρο, € 450 | 2310 Real Estate",rent,apartment,450,60.0,8,2,4,1968,thessaloniki,Θεσσαλονίκη,Θεσσαλονίκη - Κέντρο,,,https://ihome.2310realestate.gr/gallery/akinita/218946/2026_09071441_55.jpg,,,2026-09-27,2026-09-27T14:25:27Z
2310realestate.gr,2310 REAL ESTATE (Ιερισσιώτης Θεμελής Κ.),https://www.2310realestate.gr/estate_details_listing.php?dios_code=218948,"Πώληση, Διαμέρισμα 66τ.μ, Θεσσαλονίκη - Κέντρο, Κέντρο, € 215 000 | 2310 Real Estate",sale,apartment,,66.0,,2,1,1965,thessaloniki,Θεσσαλονίκη,Θεσσαλονίκη - Κέντρο,,,https://ihome.2310realestate.gr/gallery/akinita/218948/2026_09031212_04.jpg,,,2026-09-27,2026-09-27T14:25:30Z
2310realestate.gr,2310 REAL ESTATE (Ιερισσιώτης Θεμελής Κ.),https://www.2310realestate.gr/estate_details_listing.php?dios_code=218953,"Ενοικίαση, Κατάστημα 30τ.μ, Θεσσαλονίκη - Κέντρο, Ανάληψη, € 300 | 2310 Real Estate",rent,store,300,30.0,10,,1,1983,thessaloniki,Θεσσαλονίκη-Ανατολικά,Θεσσαλονίκη - Κέντρο,,,https://ihome.2310realestate.gr/gallery/akinita/218953/2026_09011753_43.jpg,,,2026-09-27,2026-09-27T14:25:33Z
2310realestate.gr,2310 REAL ESTATE (Ιερισσιώτης Θεμελής Κ.),https://www.2310realestate.gr/estate_details_listing.php?dios_code=218954,"Ενοικίαση, Κατάστημα 70τ.μ, Θεσσαλονίκη - Κέντρο, Κέντρο, € 2 350 | 2310 Real Estate",rent,store,2,70.0,0,,1,1975,thessaloniki,Θεσσαλονίκη,Θεσσαλονίκη - Κέντρο,,,https://ihome.2310realestate.gr/gallery/akinita/218954/2026_09011859_21.jpg,,,2026-09-27,2026-09-27T14:25:36Z
2310realestate.gr,2310 REAL ESTATE (Ιερισσιώτης Θεμελής Κ.),https://www.2310realestate.gr/estate_details_listing.php?dios_code=218956,"Πώληση, Διαμέρισμα 105τ.μ, Θεσσαλονίκη - Κέντρο, Ιπποκράτειο, € 220 000 | 2310 Real Estate",sale,apartment,,105.0,,3,3,1970,thessaloniki,Θεσσαλονίκη-Ανατολικά,Θεσσαλονίκη - Κέντρο,,,https://ihome.2310realestate.gr/gallery/akinita/218956/2026_09012017_42.jpg,,,2026-09-27,2026-09-27T14:25:39Z
2310realestate.gr,2310 REAL ESTATE (Ιερισσιώτης Θεμελής Κ.),https://www.2310realestate.gr/estate_details_listing.php?dios_code=218957,"Ενοικίαση, Κατάστημα 62τ.μ, Θεσσαλονίκη - Κέντρο, Κέντρο, € 550 | 2310 Real Estate",rent,store,550,62.0,9,,1,1950,thessaloniki,Θεσσαλονίκη,Θεσσαλονίκη - Κέντρο,,,https://ihome.2310realestate.gr/gallery/akinita/218957/2026_09021218_23.jpg,,,2026-09-27,2026-09-27T14:25:42Z
2310realestate.gr,2310 REAL ESTATE (Ιερισσιώτης Θεμελής Κ.),https://www.2310realestate.gr/estate_details_listing.php?dios_code=218958,"Ενοικίαση, Διαμέρισμα 89τ.μ, Θεσσαλονίκη - Κέντρο, Κέντρο, € 1 000 | 2310 Real Estate",rent,apartment,1,89.0,0,3,3,1970,thessaloniki,Θεσσαλονίκη,Θεσσαλονίκη - Κέντρο,,,https://ihome.2310realestate.gr/gallery/akinita/218958/2026_09021316_33.jpg,,,2026-09-27,2026-09-27T14:25:45Z
2310realestate.gr,2310 REAL ESTATE (Ιερισσιώτης Θεμελής Κ.),https://www.2310realestate.gr/estate_details_listing.php?dios_code=218959,"Πώληση, Γκαρσονιέρα 40τ.μ, Θεσσαλονίκη - Κέντρο, Φάληρο, € 100 000 | 2310 Real Estate",sale,studio,,40.0,,1,1,1970,thessaloniki,Θεσσαλονίκη-Ανατολικά,Θεσσαλονίκη - Κέντρο,,,https://ihome.2310realestate.gr/gallery/akinita/218959/2026_09021327_29.jpg,,,2026-09-27,2026-09-27T14:25:48Z
2310realestate.gr,2310 REAL ESTATE (Ιερισσιώτης Θεμελής Κ.),https://www.2310realestate.gr/estate_details_listing.php?dios_code=218960,"Ενοικίαση, Διαμέρισμα 72τ.μ, Θεσσαλονίκη - Κέντρο, Φάληρο, € 750 | 2310 Real Estate",rent,apartment,750,72.0,10,2,1,1980,thessaloniki,Θεσσαλονίκη-Ανατολικά,Θεσσαλονίκη - Κέντρο,,,https://ihome.2310realestate.gr/gallery/akinita/218960/2026_09031945_36.jpg,,,2026-09-27,2026-09-27T14:25:51Z
2310realestate.gr,2310 REAL ESTATE (Ιερισσιώτης Θεμελής Κ.),https://www.2310realestate.gr/estate_details_listing.php?dios_code=219145,"Πώληση, Μεζονέτα 160τ.μ, Θεσσαλονίκη - Περιφ/κοί δήμοι, Καλαμαριά, € 475 000 | 2310 Real Estate",sale,maisonette,,160.0,,4,2,2026,thessaloniki,Καλαμαριά,Θεσσαλονίκη - Περιφ/κοί δήμοι,,,https://ihome.2310realestate.gr/gallery/akinita/219145/2026_09252001_18.jpg,,,2026-09-27,2026-09-27T14:25:54Z
2310realestate.gr,2310 REAL ESTATE (Ιερισσιώτης Θεμελής Κ.),https://www.2310realestate.gr/estate_details_listing.php?dios_code=219091,"Πώληση, Γκαρσονιέρα 42τ.μ, Θεσσαλονίκη - Κέντρο, Κάτω Τούμπα, € 148 000 | 2310 Real Estate",sale,studio,,42.0,,1,2,1975,thessaloniki,Θεσσαλονίκη-Ανατολικά,Θεσσαλονίκη - Κέντρο,,,https://ihome.2310realestate.gr/gallery/akinita/219091/2026_09251919_00.jpg,,,2026-09-27,2026-09-27T14:25:57Z
2310realestate.gr,2310 REAL ESTATE (Ιερισσιώτης Θεμελής Κ.),https://www.2310realestate.gr/estate_details_listing.php?dios_code=219049,"Πώληση, Επαγγελματικός Χώρος 189τ.μ, Θεσσαλονίκη - Κέντρο, Φάληρο, € 270 000 | 2310 Real Estate",sale,store,,189.0,,,1,1968,thessaloniki,Θεσσαλονίκη-Ανατολικά,Θεσσαλονίκη - Κέντρο,,,https://ihome.2310realestate.gr/gallery/akinita/219049/2026_09181359_50.jpg,,,2026-09-27,2026-09-27T14:26:00Z
2310realestate.gr,2310 REAL ESTATE (Ιερισσιώτης Θεμελής Κ.),https://www.2310realestate.gr/estate_details_listing.php?dios_code=218961,"Πώληση, Κατάστημα 34τ.μ, Θεσσαλονίκη - Κέντρο, Κέντρο, € 79 000 | 2310 Real Estate",sale,store,,34.0,,,1,1964,thessaloniki,Θεσσαλονίκη,Θεσσαλονίκη - Κέντρο,,,https://ihome.2310realestate.gr/gallery/akinita/218961/2026_09141306_56.jpg,,,2026-09-27,2026-09-27T14:26:03Z
2310realestate.gr,2310 REAL ESTATE (Ιερισσιώτης Θεμελής Κ.),https://www.2310realestate.gr/estate_details_listing.php?dios_code=218818,"Πώληση, Κατάστημα 70τ.μ, Θεσσαλονίκη - Κέντρο, Κέντρο, € 165 000 | 2310 Real Estate",sale,store,,70.0,,,1,2004,thessaloniki,Θεσσαλονίκη,Θεσσαλονίκη - Κέντρο,,,https://ihome.2310realestate.gr/gallery/akinita/218818/2026_08071433_38.jpg,,,2026-09-27,2026-09-27T14:26:06Z
2310realestate.gr,2310 REAL ESTATE (Ιερισσιώτης Θεμελής Κ.),https://www.2310realestate.gr/estate_details_listing.php?dios_code=218810,"Πώληση, Κατάστημα 27τ.μ, Θεσσαλονίκη - Περιφ/κοί δήμοι, Καλαμαριά, € 48 000 | 2310 Real Estate",sale,store,,27.0,,,1,1970,thessaloniki,Καλαμαριά,Θεσσαλονίκη - Περιφ/κοί δήμοι,,,https://ihome.2310realestate.gr/gallery/akinita/218810/2026_08061639_34.jpg,,,2026-09-27,2026-09-27T14:26:09Z
2310realestate.gr,2310 REAL ESTATE (Ιερισσιώτης Θεμελής Κ.),https://www.2310realestate.gr/estate_details_listing.php?dios_code=218481,"Πώληση, Κατάστημα 238τ.μ, Θεσσαλονίκη - Κέντρο, Ιπποκράτειο, € 260 000 | 2310 Real Estate",sale,store,,238.0,,,1,1978,thessaloniki,Θεσσαλονίκη-Ανατολικά,Θεσσαλονίκη - Κέντρο,,,https://ihome.2310realestate.gr/gallery/akinita/218481/2026_06251302_06.jpg,,,2026-09-27,2026-09-27T14:26:12Z
2310realestate.gr,2310 REAL ESTATE (Ιερισσιώτης Θεμελής Κ.),https://www.2310realestate.gr/estate_details_listing.php?dios_code=218418,"Πώληση, Αποθηκευτικός χώρος 250τ.μ, Θεσσαλονίκη - Κέντρο, Ιπποκράτειο, € 50 000 | 2310 Real Estate",sale,warehouse,,250.0,,,1,1970,thessaloniki,Θεσσαλονίκη-Ανατολικά,Θεσσαλονίκη - Κέντρο,,,https://ihome.2310realestate.gr/gallery/akinita/218418/2026_06172025_12.jpg,,,2026-09-27,2026-09-27T14:26:15Z
2310realestate.gr,2310 REAL ESTATE (Ιερισσιώτης Θεμελής Κ.),https://www.2310realestate.gr/estate_details_listing.php?dios_code=218359,"Πώληση, Κατάστημα 140τ.μ, Θεσσαλονίκη - Κέντρο, Φάληρο, € 225 000 | 2310 Real Estate",sale,store,,140.0,,,1,1983,thessaloniki,Θεσσαλονίκη-Ανατολικά,Θεσσαλονίκη - Κέντρο,,,https://ihome.2310realestate.gr/gallery/akinita/218359/2026_06091253_20.jpg,,,2026-09-27,2026-09-27T14:26:18Z
2310realestate.gr,2310 REAL ESTATE (Ιερισσιώτης Θεμελής Κ.),https://www.2310realestate.gr/estate_details_listing.php?dios_code=218311,"Πώληση, Κατάστημα 126τ.μ, Θεσσαλονίκη - Κέντρο, Κέντρο, € 220 000 | 2310 Real Estate",sale,store,,126.0,,,1,1998,thessaloniki,Θεσσαλονίκη,Θεσσαλονίκη - Κέντρο,,,https://ihome.2310realestate.gr/gallery/akinita/218311/2026_06021916_37.jpg,,,2026-09-27,2026-09-27T14:26:21Z
2310realestate.gr,2310 REAL ESTATE (Ιερισσιώτης Θεμελής Κ.),https://www.2310realestate.gr/estate_details_listing.php?dios_code=218261,"Πώληση, Λοιπές κατηγορίες 700τ.μ, Θεσσαλονίκη - Κέντρο, Κέντρο, € 550 000 | 2310 Real Estate",sale,,,700.0,,,1,2000,thessaloniki,Θεσσαλονίκη,Θεσσαλονίκη - Κέντρο,,,https://ihome.2310realestate.gr/gallery/akinita/218261/2026_05251946_02.jpg,,,2026-09-27,2026-09-27T14:26:24Z
2310realestate.gr,2310 REAL ESTATE (Ιερισσιώτης Θεμελής Κ.),https://www.2310realestate.gr/estate_details_listing.php?dios_code=218180,"Πώληση, Βιοτεχνικός Χώρος 1000τ.μ, Θεσσαλονίκη - Υπόλ. Νομού, Χαλκηδόνα, € 400 000 | 2310 Real Estate",sale,warehouse,,1000.0,,,1,1990,thessaloniki,Θεσσαλονίκη,Θεσσαλονίκη - Υπόλ. Νομού,,,https://ihome.2310realestate.gr/gallery/akinita/218180/2026_05131623_57.jpg,,,2026-09-27,2026-09-27T14:26:27Z
2310realestate.gr,2310 REAL ESTATE (Ιερισσιώτης Θεμελής Κ.),https://www.2310realestate.gr/estate_details_listing.php?dios_code=219144,"Ενοικίαση, Διαμέρισμα 58τ.μ, Θεσσαλονίκη - Κέντρο, Κέντρο, € 550 | 2310 Real Estate",rent,apartment,550,58.0,9,1,1,1965,thessaloniki,Θεσσαλονίκη,Θεσσαλονίκη - Κέντρο,,,https://ihome.2310realestate.gr/gallery/akinita/219144/2026_09251907_23.jpg,,,2026-09-27,2026-09-27T14:26:30Z
2310realestate.gr,2310 REAL ESTATE (Ιερισσιώτης Θεμελής Κ.),https://www.2310realestate.gr/estate_details_listing.php?dios_code=219124,"Ενοικίαση, Βιομηχανικός Χώρος 1200τ.μ, Θεσσαλονίκη - Περιφ/κοί δήμοι, Εύοσμος, € 5 500 | 2310 Real Estate",rent,warehouse,5,1200.0,0,,1,2000,thessaloniki,Κορδελιό-Εύοσμος,Θεσσαλονίκη - Περιφ/κοί δήμοι,,,https://ihome.2310realestate.gr/gallery/akinita/219124/2026_09231911_03.jpg,,,2026-09-27,2026-09-27T14:26:33Z
2310realestate.gr,2310 REAL ESTATE (Ιερισσιώτης Θεμελής Κ.),https://www.2310realestate.gr/estate_details_listing.php?dios_code=219121,"Ενοικίαση, Κατάστημα 138τ.μ, Θεσσαλονίκη - Κέντρο, Κέντρο, € 6 800 | 2310 Real Estate",rent,store,6,138.0,0,,1,1970,thessaloniki,Θεσσαλονίκη,Θεσσαλονίκη - Κέντρο,,,https://ihome.2310realestate.gr/gallery/akinita/219121/2026_09231751_34.jpg,,,2026-09-27,2026-09-27T14:26:36Z
2310realestate.gr,2310 REAL ESTATE (Ιερισσιώτης Θεμελής Κ.),https://www.2310realestate.gr/estate_details_listing.php?dios_code=219028,"Ενοικίαση, Γραφείο 110τ.μ, Θεσσαλονίκη - Κέντρο, Ντεπώ, € 900 | 2310 Real Estate",rent,office,900,110.0,8,,1,2000,thessaloniki,Θεσσαλονίκη-Ανατολικά,Θεσσαλονίκη - Κέντρο,,,https://ihome.2310realestate.gr/gallery/akinita/219028/2026_09151946_41.jpg,,,2026-09-27,2026-09-27T14:26:39Z
2310realestate.gr,2310 REAL ESTATE (Ιερισσιώτης Θεμελής Κ.),https://www.2310realestate.gr/estate_details_listing.php?dios_code=218993,"Ενοικίαση, Κατάστημα 215τ.μ, Θεσσαλονίκη - Κέντρο, Κέντρο, € 4 800 | 2310 Real Estate",rent,store,4,215.0,0,,1,1969,thessaloniki,Θεσσαλονίκη,Θεσσαλονίκη - Κέντρο,,,https://ihome.2310realestate.gr/gallery/akinita/218993/2026_09081238_30.jpg,,,2026-09-27,2026-09-27T14:26:42Z
2310realestate.gr,2310 REAL ESTATE (Ιερισσιώτης Θεμελής Κ.),https://www.2310realestate.gr/estate_details_listing.php?dios_code=218930,"Ενοικίαση, Κατάστημα 45τ.μ, Θεσσαλονίκη - Κέντρο, Νέα Παραλία, € 470 | 2310 Real Estate",rent,store,470,45.0,10,,1,1970,thessaloniki,Θεσσαλονίκη-Ανατολικά,Θεσσαλονίκη - Κέντρο,,,https://ihome.2310realestate.gr/gallery/akinita/218930/2026_08281627_55.jpg,,,2026-09-27,2026-09-27T14:26:45Z
monopoly40.com,Monopoly Home,https://monopoly40.com/estate-details.php?id=14254,Monopoly Home - Μεσιτικό γραφείο στην Θεσσαλονίκη,sale,office,177000,59.0,3000,1,2,2026,thessaloniki,Θεσσαλονίκη,Θεσσαλονίκη  --> Monopoly Home - Μεσιτικό γραφείο σ,,,,,,2026-09-27,2026-09-27T14:25:18Z
monopoly40.com,Monopoly Home,https://monopoly40.com/estate-details.php?id=14081,Monopoly Home - Μεσιτικό γραφείο στην Θεσσαλονίκη,sale,office,,250.0,,4,ισόγειο,2000,thessaloniki,Θεσσαλονίκη,Θεσσαλονίκη  --> Monopoly Home - Μεσιτικό γραφείο σ,,,,,,2026-09-27,2026-09-27T14:25:21Z
monopoly40.com,Monopoly Home,https://monopoly40.com/estate-details.php?id=14073,Monopoly Home - Μεσιτικό γραφείο στην Θεσσαλονίκη,sale,office,149000,45.0,3311,1,2,1988,thessaloniki,Θεσσαλονίκη,Θεσσαλονίκη  --> Monopoly Home - Μεσιτικό γραφείο σ,,,,,,2026-09-27,2026-09-27T14:25:25Z
monopoly40.com,Monopoly Home,https://monopoly40.com/estate-details.php?id=13802,Monopoly Home - Μεσιτικό γραφείο στην Θεσσαλονίκη,sale,office,320000,125.0,2560,3,1,2026,thessaloniki,Θεσσαλονίκη,Θεσσαλονίκη  --> Monopoly Home - Μεσιτικό γραφείο σ,,,,,,2026-09-27,2026-09-27T14:25:27Z
monopoly40.com,Monopoly Home,https://monopoly40.com/estate-details.php?id=13568,Monopoly Home - Μεσιτικό γραφείο στην Θεσσαλονίκη,sale,office,180000,90.0,2000,2,3,1982,thessaloniki,Θεσσαλονίκη,Θεσσαλονίκη  --> Monopoly Home - Μεσιτικό γραφείο σ,,,,,,2026-09-27,2026-09-27T14:25:30Z
monopoly40.com,Monopoly Home,https://monopoly40.com/estate-details.php?id=13542,Monopoly Home - Μεσιτικό γραφείο στην Θεσσαλονίκη,sale,office,,120.0,,3,3,1995,thessaloniki,Θεσσαλονίκη,Θεσσαλονίκη  --> Monopoly Home - Μεσιτικό γραφείο σ,,,,,,2026-09-27,2026-09-27T14:25:33Z
monopoly40.com,Monopoly Home,https://monopoly40.com/estate-details.php?id=13506,Monopoly Home - Μεσιτικό γραφείο στην Θεσσαλονίκη,sale,office,,60.0,,2,1,1975,thessaloniki,Θεσσαλονίκη,Θεσσαλονίκη  --> Monopoly Home - Μεσιτικό γραφείο σ,,,,,,2026-09-27,2026-09-27T14:25:36Z
monopoly40.com,Monopoly Home,https://monopoly40.com/estate-details.php?id=13487,Monopoly Home - Μεσιτικό γραφείο στην Θεσσαλονίκη,sale,office,145000,59.0,2458,1,1,1970,thessaloniki,Θεσσαλονίκη,Θεσσαλονίκη  --> Monopoly Home - Μεσιτικό γραφείο σ,,,,,,2026-09-27,2026-09-27T14:25:39Z
monopoly40.com,Monopoly Home,https://monopoly40.com/estate-details.php?id=13484,Monopoly Home - Μεσιτικό γραφείο στην Θεσσαλονίκη,sale,office,380000,153.0,2484,4,ισόγειο,2025,thessaloniki,Θεσσαλονίκη,Θεσσαλονίκη  --> Monopoly Home - Μεσιτικό γραφείο σ,,,,,,2026-09-27,2026-09-27T14:25:42Z
monopoly40.com,Monopoly Home,https://monopoly40.com/estate-details.php?id=13481,Monopoly Home - Μεσιτικό γραφείο στην Θεσσαλονίκη,sale,office,275000,105.0,2619,3,3,1972,thessaloniki,Θεσσαλονίκη,Θεσσαλονίκη  --> Monopoly Home - Μεσιτικό γραφείο σ,,,,,,2026-09-27,2026-09-27T14:25:45Z
monopoly40.com,Monopoly Home,https://monopoly40.com/estate-details.php?id=13187,Monopoly Home - Μεσιτικό γραφείο στην Θεσσαλονίκη,sale,office,,45.0,,1,2,1974,thessaloniki,Θεσσαλονίκη,Θεσσαλονίκη  --> Monopoly Home - Μεσιτικό γραφείο σ,,,,,,2026-09-27,2026-09-27T14:25:48Z
monopoly40.com,Monopoly Home,https://monopoly40.com/estate-details.php?id=12746,Monopoly Home - Μεσιτικό γραφείο στην Θεσσαλονίκη,sale,office,,26.0,,1,2,1984,thessaloniki,Θεσσαλονίκη,Θεσσαλονίκη  --> Monopoly Home - Μεσιτικό γραφείο σ,,,,,,2026-09-27,2026-09-27T14:25:51Z
monopoly40.com,Monopoly Home,https://monopoly40.com/estate-details.php?id=12723,Monopoly Home - Μεσιτικό γραφείο στην Θεσσαλονίκη,sale,office,245000,135.0,1815,3,3,1978,thessaloniki,Θεσσαλονίκη,Θεσσαλονίκη  --> Monopoly Home - Μεσιτικό γραφείο σ,,,,,,2026-09-27,2026-09-27T14:25:54Z
monopoly40.com,Monopoly Home,https://monopoly40.com/estate-details.php?id=12678,Monopoly Home - Μεσιτικό γραφείο στην Θεσσαλονίκη,sale,office,,27.0,,1,3,1970,thessaloniki,Θεσσαλονίκη,Θεσσαλονίκη  --> Monopoly Home - Μεσιτικό γραφείο σ,,,,,,2026-09-27,2026-09-27T14:25:57Z
monopoly40.com,Monopoly Home,https://monopoly40.com/estate-details.php?id=12618,Monopoly Home - Μεσιτικό γραφείο στην Θεσσαλονίκη,sale,office,,50.0,,1,2,2005,thessaloniki,Θεσσαλονίκη,Θεσσαλονίκη  --> Monopoly Home - Μεσιτικό γραφείο σ,,,,,,2026-09-27,2026-09-27T14:26:01Z
monopoly40.com,Monopoly Home,https://monopoly40.com/estate-details.php?id=12612,Monopoly Home - Μεσιτικό γραφείο στην Θεσσαλονίκη,sale,office,1350000,350.0,3857,1,ισόγειο,2010,thessaloniki,Θεσσαλονίκη,Θεσσαλονίκη  --> Monopoly Home - Μεσιτικό γραφείο σ,,,,,,2026-09-27,2026-09-27T14:26:03Z
monopoly40.com,Monopoly Home,https://monopoly40.com/estate-details.php?id=12393,Monopoly Home - Μεσιτικό γραφείο στην Θεσσαλονίκη,sale,office,,40.0,,1,,1980,thessaloniki,Θεσσαλονίκη,Θεσσαλονίκη  --> Monopoly Home - Μεσιτικό γραφείο σ,,,,,,2026-09-27,2026-09-27T14:26:06Z
monopoly40.com,Monopoly Home,https://monopoly40.com/estate-details.php?id=14392,Monopoly Home - Μεσιτικό γραφείο στην Θεσσαλονίκη,sale,office,,72.0,,2,1,1978,thessaloniki,Θεσσαλονίκη,Θεσσαλονίκη  --> Monopoly Home - Μεσιτικό γραφείο σ,,,,,,2026-09-27,2026-09-27T14:26:09Z
monopoly40.com,Monopoly Home,https://monopoly40.com/estate-details.php?id=14391,Monopoly Home - Μεσιτικό γραφείο στην Θεσσαλονίκη,sale,office,,70.0,,2,1,1980,thessaloniki,Θεσσαλονίκη,Θεσσαλονίκη  --> Monopoly Home - Μεσιτικό γραφείο σ,,,,,,2026-09-27,2026-09-27T14:26:12Z
monopoly40.com,Monopoly Home,https://monopoly40.com/estate-details.php?id=14390,Monopoly Home - Μεσιτικό γραφείο στην Θεσσαλονίκη,sale,office,,33.0,,1,3,1978,thessaloniki,Θεσσαλονίκη,Θεσσαλονίκη  --> Monopoly Home - Μεσιτικό γραφείο σ,,,,,,2026-09-27,2026-09-27T14:26:15Z
monopoly40.com,Monopoly Home,https://monopoly40.com/estate-details.php?id=14389,Monopoly Home - Μεσιτικό γραφείο στην Θεσσαλονίκη,sale,office,,73.0,,2,1,2000,thessaloniki,Θεσσαλονίκη,Θεσσαλονίκη  --> Monopoly Home - Μεσιτικό γραφείο σ,,,,,,2026-09-27,2026-09-27T14:26:18Z
monopoly40.com,Monopoly Home,https://monopoly40.com/estate-details.php?id=14388,Monopoly Home - Μεσιτικό γραφείο στην Θεσσαλονίκη,sale,office,22000,90.0,244,1,ισόγειο,,thessaloniki,Θεσσαλονίκη,Θεσσαλονίκη  --> Monopoly Home - Μεσιτικό γραφείο σ,,,,,,2026-09-27,2026-09-27T14:26:21Z
monopoly40.com,Monopoly Home,https://monopoly40.com/estate-details.php?id=14386,Monopoly Home - Μεσιτικό γραφείο στην Θεσσαλονίκη,sale,office,,25.0,,1,1,1976,thessaloniki,Θεσσαλονίκη,Θεσσαλονίκη  --> Monopoly Home - Μεσιτικό γραφείο σ,,,,,,2026-09-27,2026-09-27T14:26:24Z
monopoly40.com,Monopoly Home,https://monopoly40.com/estate-details.php?id=14385,Monopoly Home - Μεσιτικό γραφείο στην Θεσσαλονίκη,sale,office,,55.0,,1,1,1967,thessaloniki,Θεσσαλονίκη,Θεσσαλονίκη  --> Monopoly Home - Μεσιτικό γραφείο σ,,,,,,2026-09-27,2026-09-27T14:26:27Z
monopoly40.com,Monopoly Home,https://monopoly40.com/estate-details.php?id=14384,Monopoly Home - Μεσιτικό γραφείο στην Θεσσαλονίκη,sale,office,,53.0,,2,7,1960,thessaloniki,Θεσσαλονίκη,Θεσσαλονίκη  --> Monopoly Home - Μεσιτικό γραφείο σ,,,,,,2026-09-27,2026-09-27T14:26:30Z
monopoly40.com,Monopoly Home,https://monopoly40.com/estate-details.php?id=14383,Monopoly Home - Μεσιτικό γραφείο στην Θεσσαλονίκη,sale,office,,104.0,,3,5,1974,thessaloniki,Θεσσαλονίκη,Θεσσαλονίκη  --> Monopoly Home - Μεσιτικό γραφείο σ,,,,,,2026-09-27,2026-09-27T14:26:33Z
monopoly40.com,Monopoly Home,https://monopoly40.com/estate-details.php?id=14371,Monopoly Home - Μεσιτικό γραφείο στην Θεσσαλονίκη,sale,office,140000,102.0,1373,1,ισόγειο,1974,thessaloniki,Θεσσαλονίκη,Θεσσαλονίκη  --> Monopoly Home - Μεσιτικό γραφείο σ,,,,,,2026-09-27,2026-09-27T14:26:36Z
monopoly40.com,Monopoly Home,https://monopoly40.com/estate-details.php?id=14363,Monopoly Home - Μεσιτικό γραφείο στην Θεσσαλονίκη,sale,office,125000,45.0,2778,1,5,1968,thessaloniki,Θεσσαλονίκη,Θεσσαλονίκη  --> Monopoly Home - Μεσιτικό γραφείο σ,,,,,,2026-09-27,2026-09-27T14:26:39Z
monopoly40.com,Monopoly Home,https://monopoly40.com/estate-details.php?id=14354,Monopoly Home - Μεσιτικό γραφείο στην Θεσσαλονίκη,sale,office,220000,57.0,3860,1,1,2026,thessaloniki,Θεσσαλονίκη,Θεσσαλονίκη  --> Monopoly Home - Μεσιτικό γραφείο σ,,,,,,2026-09-27,2026-09-27T14:26:42Z
monopoly40.com,Monopoly Home,https://monopoly40.com/estate-details.php?id=14352,Monopoly Home - Μεσιτικό γραφείο στην Θεσσαλονίκη,sale,office,220000,62.0,3548,1,3,2026,thessaloniki,Θεσσαλονίκη,Θεσσαλονίκη  --> Monopoly Home - Μεσιτικό γραφείο σ,,,,,,2026-09-27,2026-09-27T14:26:45Z
alfahome.gr,ALFA HOME REAL ESTATE,https://www.alfahome.gr/property.php?id=2525,Γκαρσονιέρα 35.00 τ.μ.,rent,studio,380,35.0,11,1,ισόγειο,2006,unknown,,,,,https://www.alfahome.gr/images/properties/325255024.jpg,,,2026-09-27,2026-09-27T14:25:46Z
alfahome.gr,ALFA HOME REAL ESTATE,https://www.alfahome.gr/property.php?id=1186,Κατάστημα 80.00 τ.μ.,rent,store,350,80.0,4,,ισόγειο,1990,unknown,,,,,https://www.alfahome.gr/images/properties/311869895.jpg,,,2026-09-27,2026-09-27T14:25:48Z
alfahome.gr,ALFA HOME REAL ESTATE,https://www.alfahome.gr/property.php?id=2595,Κατάστημα 120.00 τ.μ.,rent,store,500,120.0,4,,ισόγειο,1960,unknown,,,,,https://www.alfahome.gr/images/properties/3-25952767.jpg,,,2026-09-27,2026-09-27T14:25:51Z
alfahome.gr,ALFA HOME REAL ESTATE,https://www.alfahome.gr/property.php?id=452,Κατάστημα 105.00 τ.μ.,rent,store,350,105.0,3,,ισόγειο,2004,unknown,,,,,https://www.alfahome.gr/images/properties/24522000.jpg,,,2026-09-27,2026-09-27T14:25:55Z
alfahome.gr,ALFA HOME REAL ESTATE,https://www.alfahome.gr/property.php?id=2596,Διαμέρισμα 147.00 τ.μ.,sale,apartment,170000,147.0,1156,4,1,1986,thessaloniki,Θεσσαλονίκη,Θεσσαλονίκης (σε κεντρικό σημείο) 147τ.μ. 1ου ορόφο,,,https://www.alfahome.gr/images/properties/3-25962053.jpg,,,2026-09-27,2026-09-27T14:26:01Z
alfahome.gr,ALFA HOME REAL ESTATE,https://www.alfahome.gr/property.php?id=2591,Διαμέρισμα 104.00 τ.μ.,rent,apartment,500,104.0,5,3,,1986,thessaloniki,Θεσσαλονίκη,Θεσσαλονίκης 104τ.μ. Ημιορόφου χωρίς ασανσέρ αναλυτ,,,https://www.alfahome.gr/images/properties/3-25918144.jpg,,,2026-09-27,2026-09-27T14:26:04Z
alfahome.gr,ALFA HOME REAL ESTATE,https://www.alfahome.gr/property.php?id=2590,Διαμέρισμα 87.00 τ.μ.,rent,apartment,2000,87.0,23,2,1,1985,thessaloniki,Θεσσαλονίκη,Θεσσαλονίκη κέντρο,,,https://www.alfahome.gr/images/properties/3-2590210.jpg,,,2026-09-27,2026-09-27T14:26:10Z
alfahome.gr,ALFA HOME REAL ESTATE,https://www.alfahome.gr/property.php?id=2594,Γκαρσονιέρα 60.00 τ.μ.,sale,studio,82000,60.0,1367,1,2,2008,unknown,,,,,https://www.alfahome.gr/images/properties/3-25947479.jpg,,,2026-09-27,2026-09-27T14:26:16Z
alfahome.gr,ALFA HOME REAL ESTATE,https://www.alfahome.gr/property.php?id=2593,Κατάστημα 25.00 τ.μ.,rent,store,250,25.0,10,,ισόγειο,1963,thessaloniki,Θεσσαλονίκη,Θεσσαλονίκης 25τ.μ. σε κεντρικό σημείο διαθέτει ενα,,,https://www.alfahome.gr/images/properties/3-25934488.jpg,,,2026-09-27,2026-09-27T14:26:21Z
alfahome.gr,ALFA HOME REAL ESTATE,https://www.alfahome.gr/property.php?id=2559,Διαμέρισμα 92.00 τ.μ.,sale,apartment,132000,92.0,1435,2,1,1995,thessaloniki,Θεσσαλονίκη,Θεσσαλονίκης 92τ.μ. 1ου ορόφου χωρίς ασανσέρ αναλυτ,,,https://www.alfahome.gr/images/properties/3-25595748.jpg,,,2026-09-27,2026-09-27T14:26:27Z
alfahome.gr,ALFA HOME REAL ESTATE,https://www.alfahome.gr/property.php?id=2366,Μονοκατοικία 450.00 τ.μ.,sale,house,400000,450.0,889,4,ισόγειο,1987,unknown,,,,,https://www.alfahome.gr/images/properties/223668536.jpg,,,2026-09-27,2026-09-27T14:26:33Z
alfahome.gr,ALFA HOME REAL ESTATE,https://www.alfahome.gr/property.php?id=2140,Μεζονέτα 175.00 τ.μ.,sale,maisonette,420000,175.0,2400,4,2,2023,thessaloniki,Θέρμη,Θέρμη,,,https://www.alfahome.gr/images/properties/321405511.jpg,,,2026-09-27,2026-09-27T14:26:36Z
alfahome.gr,ALFA HOME REAL ESTATE,https://www.alfahome.gr/property.php?id=2135,Μεζονέτα 245.00 τ.μ.,sale,maisonette,500000,245.0,2041,4,ισόγειο,2023,thessaloniki,Θέρμη,Θέρμη,,,https://www.alfahome.gr/images/properties/321357394.jpg,,,2026-09-27,2026-09-27T14:26:39Z
alfahome.gr,ALFA HOME REAL ESTATE,https://www.alfahome.gr/property.php?id=177,Μονοκατοικία 370.00 τ.μ.,sale,house,800000,370.0,2162,6,ισόγειο,1972,thessaloniki,Ωραιόκαστρο,Ωραιόκαστρο,,,https://www.alfahome.gr/images/properties/117755091.jpeg,,,2026-09-27,2026-09-27T14:26:42Z
alfahome.gr,ALFA HOME REAL ESTATE,https://www.alfahome.gr/property.php?id=2262,Μονοκατοικία 180.00 τ.μ.,sale,house,280000,180.0,1556,5,ισόγειο,2004,unknown,,,,,https://www.alfahome.gr/images/properties/222626207.jpg,,,2026-09-27,2026-09-27T14:26:48Z
alfahome.gr,ALFA HOME REAL ESTATE,https://www.alfahome.gr/property.php?id=1935,Βίλα 425.00 τ.μ.,sale,house,1800000,425.0,4235,4,ισόγειο,1996,thessaloniki,Θέρμη,Θέρμη,,,https://www.alfahome.gr/images/properties/319357390.jpg,,,2026-09-27,2026-09-27T14:26:55Z
alfahome.gr,ALFA HOME REAL ESTATE,https://www.alfahome.gr/property.php?id=1471,Μεζονέτα 240.00 τ.μ.,sale,maisonette,300000,240.0,1250,5,ισόγειο,2002,unknown,,,,,https://www.alfahome.gr/images/properties/214718083.jpg,,,2026-09-27,2026-09-27T14:26:57Z
vogkoli-realestate.gr,VOGKOLI REAL ESTATE,https://www.vogkoli-realestate.gr/el/property.php?id=894,Οικόπεδο 266τ.μ. Τρίλοφος SP042 Πώληση,sale,land,75000,266.0,282,,,,thessaloniki,Θέρμη,Θέρμη,,,,,,2026-09-27,2026-09-27T14:25:28Z
vogkoli-realestate.gr,VOGKOLI REAL ESTATE,https://www.vogkoli-realestate.gr/el/property.php?id=893,Αγροτεμάχιο 8500τ.μ. Τριάδιο SL060 Πώληση,sale,land,350000,8500.0,41,,,,thessaloniki,Θέρμη,Θέρμη,,,,,,2026-09-27,2026-09-27T14:25:31Z
vogkoli-realestate.gr,VOGKOLI REAL ESTATE,https://www.vogkoli-realestate.gr/el/property.php?id=730,Μεζονέτα 256τ.μ. Πανόραμα SM179 Πώληση,sale,maisonette,370000,256.0,1445,4,,,thessaloniki,Πανόραμα,Πανόραμα,,,,,,2026-09-27,2026-09-27T14:25:35Z
vogkoli-realestate.gr,VOGKOLI REAL ESTATE,https://www.vogkoli-realestate.gr/el/property.php?id=892,Οικόπεδο 404τ.μ. Λουτρά Θέρμης SP101 Πώληση,sale,land,85000,404.0,210,,,,thessaloniki,Θέρμη,Θέρμη,,,,,,2026-09-27,2026-09-27T14:25:37Z
vogkoli-realestate.gr,VOGKOLI REAL ESTATE,https://www.vogkoli-realestate.gr/el/property.php?id=891,Μεζονέτα 145τ.μ. Χορτιάτης SM202 Πώληση,sale,maisonette,185000,145.0,1276,3,ισόγειο,2005,thessaloniki,Χορτιάτης,Πυλαία,,,,,,2026-09-27,2026-09-27T14:25:40Z
vogkoli-realestate.gr,VOGKOLI REAL ESTATE,https://www.vogkoli-realestate.gr/el/property.php?id=879,Αίθουσα 228τ.μ. Τούμπα SHL001 Πώληση,sale,,95000,228.0,417,,,1983,thessaloniki,Θεσσαλονίκη-Ανατολικά,Τούμπα,,,,,,2026-09-27,2026-09-27T14:25:43Z
vogkoli-realestate.gr,VOGKOLI REAL ESTATE,https://www.vogkoli-realestate.gr/el/property.php?id=886,Οικόπεδο 283τ.μ. Παλιός Αγιος Αθανάσιος SP041 Πώληση,sale,land,150000,283.0,530,,,,thessaloniki,Πανόραμα,Πανόραμα,,,,,,2026-09-27,2026-09-27T14:25:46Z
vogkoli-realestate.gr,VOGKOLI REAL ESTATE,https://www.vogkoli-realestate.gr/el/property.php?id=885,Μονοκατοικία 80τ.μ. Νέος Αγιος Αθανάσιος SDH124 Πώληση,sale,house,65000,80.0,812,2,,1988,thessaloniki,Πανόραμα,Πανόραμα,,,,,,2026-09-27,2026-09-27T14:25:49Z
vogkoli-realestate.gr,VOGKOLI REAL ESTATE,https://www.vogkoli-realestate.gr/el/property.php?id=884,Αγροτεμάχιο 5692τ.μ. Βασιλικά SL050 Πώληση,sale,land,100000,5692.0,18,,,,thessaloniki,Θέρμη,Θέρμη,,,,,,2026-09-27,2026-09-27T14:25:53Z
vogkoli-realestate.gr,VOGKOLI REAL ESTATE,https://www.vogkoli-realestate.gr/el/property.php?id=853,Μονοκατοικία 243τ.μ. Νόμος 751 SDH121 Πώληση,sale,house,500000,243.0,2058,5,58,1995,thessaloniki,Πυλαία,Πυλαία,,,,,,2026-09-27,2026-09-27T14:25:55Z
vogkoli-realestate.gr,VOGKOLI REAL ESTATE,https://www.vogkoli-realestate.gr/el/property.php?id=731,Μεζονέτα 218τ.μ. Πανόραμα SM180 Πώληση,sale,maisonette,340000,218.0,1560,3,,1994,thessaloniki,Πανόραμα,Πανόραμα,,,,,,2026-09-27,2026-09-27T14:25:58Z
vogkoli-realestate.gr,VOGKOLI REAL ESTATE,https://www.vogkoli-realestate.gr/el/property.php?id=767,Μονοκατοικία 112τ.μ. Φούρκα SDH113 Πώληση,sale,house,350000,112.0,3125,3,ισόγειο,2003,other,,Πανόραμα,,,,,,2026-09-27,2026-09-27T14:26:13Z
vogkoli-realestate.gr,VOGKOLI REAL ESTATE,https://www.vogkoli-realestate.gr/el/property.php?id=877,Μεζονέτα 240τ.μ. Πανόραμα SM201 Πώληση,sale,maisonette,390000,240.0,1625,3,,,thessaloniki,Πανόραμα,Πανόραμα,,,,,,2026-09-27,2026-09-27T14:26:15Z
vogkoli-realestate.gr,VOGKOLI REAL ESTATE,https://www.vogkoli-realestate.gr/el/property.php?id=876,Διαμέρισμα 160τ.μ. Ντεπώ SA213 Πώληση,sale,apartment,750000,160.0,4688,3,5,1978,thessaloniki,Θεσσαλονίκη-Ανατολικά,Θεσσαλονίκης Στοιχεία ακινήτου Κωδικός πώλησης SA21,,,,,,2026-09-27,2026-09-27T14:26:19Z
vogkoli-realestate.gr,VOGKOLI REAL ESTATE,https://www.vogkoli-realestate.gr/el/property.php?id=874,Μονοκατοικία 50τ.μ. Ασπροβάλτα SDH123 Πώληση,sale,house,110000,50.0,2200,1,,1971,thessaloniki,Θεσσαλονίκη,Θεσσαλονίκης Δήμος Βόλβης Περιοχή Ασπροβάλτα Τιμή Π,,,,,,2026-09-27,2026-09-27T14:26:21Z
vogkoli-realestate.gr,VOGKOLI REAL ESTATE,https://www.vogkoli-realestate.gr/el/property.php?id=851,Διαμερίσματα και Studios 417τ.μ. Κασσάδρας SRR001 Πώληση,sale,studio,690000,417.0,1655,,,1992,thessaloniki,Πανόραμα,Πανόραμα,,,,,,2026-09-27,2026-09-27T14:26:24Z
vogkoli-realestate.gr,VOGKOLI REAL ESTATE,https://www.vogkoli-realestate.gr/el/property.php?id=849,Μονοκατοικία 400τ.μ. Τρίλοφος SDH120 Πώληση,sale,house,390000,400.0,975,4,ισόγειο,1986,thessaloniki,Θέρμη,Θέρμη,,,,,,2026-09-27,2026-09-27T14:26:27Z
vogkoli-realestate.gr,VOGKOLI REAL ESTATE,https://www.vogkoli-realestate.gr/el/property.php?id=815,Αγροτεμάχιο 3300τ.μ. Πανόραμα SL048 Πώληση,sale,land,360000,3300.0,109,,,,thessaloniki,Πανόραμα,Πανόραμα,,,,,,2026-09-27,2026-09-27T14:26:30Z
vogkoli-realestate.gr,VOGKOLI REAL ESTATE,https://www.vogkoli-realestate.gr/el/property.php?id=867,Μεζονέτα 190τ.μ. Πανόραμα SM200 Πώληση,sale,maisonette,345000,190.0,1816,4,,,thessaloniki,Πανόραμα,Πανόραμα,,,,,,2026-09-27,2026-09-27T14:26:33Z
vogkoli-realestate.gr,VOGKOLI REAL ESTATE,https://www.vogkoli-realestate.gr/el/property.php?id=866,Διαμέρισμα 80τ.μ. Πανόραμα SA208 Πώληση,sale,apartment,115000,80.0,1438,,,,thessaloniki,Πανόραμα,Πανόραμα,,,,,,2026-09-27,2026-09-27T14:26:36Z
vogkoli-realestate.gr,VOGKOLI REAL ESTATE,https://www.vogkoli-realestate.gr/el/property.php?id=864,Γραφείο 12τ.μ. Κέντρο ROF015 Ενοικίαση,rent,office,,12.0,,,,,thessaloniki,Θεσσαλονίκη,Θεσσαλονίκης Στοιχεία ακινήτου Κωδικός ενοικίασης R,,,,,,2026-09-27,2026-09-27T14:26:39Z
vogkoli-realestate.gr,VOGKOLI REAL ESTATE,https://www.vogkoli-realestate.gr/el/property.php?id=813,Οικόπεδο 1200τ.μ. Πανόραμα SP033 Πώληση,sale,land,900000,1200.0,750,,,,thessaloniki,Πανόραμα,Πανόραμα,,,,,,2026-09-27,2026-09-27T14:26:42Z
vogkoli-realestate.gr,VOGKOLI REAL ESTATE,https://www.vogkoli-realestate.gr/el/property.php?id=812,Οικόπεδο 800τ.μ. Πανόραμα SP034 Πώληση,sale,land,1000000,800.0,1250,,,,thessaloniki,Πανόραμα,Πανόραμα,,,,,,2026-09-27,2026-09-27T14:26:45Z
vogkoli-realestate.gr,VOGKOLI REAL ESTATE,https://www.vogkoli-realestate.gr/el/property.php?id=811,Οικόπεδο 1000τ.μ. Πανόραμα SP035 Πώληση,sale,land,700000,1000.0,700,,,,thessaloniki,Πανόραμα,Πανόραμα,,,,,,2026-09-27,2026-09-27T14:26:48Z
vogkoli-realestate.gr,VOGKOLI REAL ESTATE,https://www.vogkoli-realestate.gr/el/property.php?id=808,Οικόπεδο 500τ.μ. Πανόραμα SP038 Πώληση,sale,land,520000,500.0,1040,,,,thessaloniki,Πανόραμα,Πανόραμα,,,,,,2026-09-27,2026-09-27T14:26:54Z
vogkoli-realestate.gr,VOGKOLI REAL ESTATE,https://www.vogkoli-realestate.gr/el/property.php?id=806,Αγροτεμάχιο 2700τ.μ. Πανόραμα SL047 Πώληση,sale,land,700000,2700.0,259,,,,thessaloniki,Πανόραμα,Πανόραμα,,,,,,2026-09-27,2026-09-27T14:26:57Z
vogkoli-realestate.gr,VOGKOLI REAL ESTATE,https://www.vogkoli-realestate.gr/el/property.php?id=499,Αγροτεμάχιο 7100τ.μ. Πανόραμα SL040 Πώληση,sale,land,500000,7100.0,70,,,,thessaloniki,Πανόραμα,Πανόραμα,,,,,,2026-09-27,2026-09-27T14:27:00Z
abestate.gr,AB ESTATE,https://abestate.gr/property.php?id=3926,Abestate Μεσιτικό Γραφείο,sale,office,850000,500.0,1700,5,ισόγειο,1980,thessaloniki,Πανόραμα,Πανόραμα,,,,,,2026-09-27,2026-09-27T14:25:48Z
abestate.gr,AB ESTATE,https://abestate.gr/property.php?id=4752,Abestate Μεσιτικό Γραφείο,sale,office,450000,200.0,2250,3,ισόγειο,2012,thessaloniki,Πανόραμα,Πανόραμα,,,,,,2026-09-27,2026-09-27T14:25:51Z
abestate.gr,AB ESTATE,https://abestate.gr/property.php?id=4596,Abestate Μεσιτικό Γραφείο,sale,office,390000,136.0,2868,,4,1996,thessaloniki,Θεσσαλονίκη,Θεσσαλονίκης,,,,,,2026-09-27,2026-09-27T14:25:53Z
abestate.gr,AB ESTATE,https://abestate.gr/property.php?id=4693,Abestate Μεσιτικό Γραφείο,sale,office,1900000,805.0,2360,4,ισόγειο,2008,thessaloniki,Πυλαία,Πυλαία,,,,,,2026-09-27,2026-09-27T14:26:00Z
abestate.gr,AB ESTATE,https://abestate.gr/property.php?id=4863,Abestate Μεσιτικό Γραφείο,sale,office,600000,365.0,1644,4,ισόγειο,2001,thessaloniki,Πανόραμα,Πανόραμα,,,,,,2026-09-27,2026-09-27T14:26:03Z
abestate.gr,AB ESTATE,https://abestate.gr/property.php?id=4852,Abestate Μεσιτικό Γραφείο,sale,office,680000,168.0,4048,2,4,1995,thessaloniki,Θεσσαλονίκη-Ανατολικά,Θεσσαλονίκης Ντεπώ ΠΩΛΕΙΤΑΙ διαμέρισμα στον 4 ο όρο,,,,,,2026-09-27,2026-09-27T14:26:08Z
abestate.gr,AB ESTATE,https://abestate.gr/property.php?id=4883,Abestate Μεσιτικό Γραφείο,sale,office,630000,120.0,5250,2,3,2026,thessaloniki,Πανόραμα,Πανόραμα,,,,,,2026-09-27,2026-09-27T14:26:14Z
abestate.gr,AB ESTATE,https://abestate.gr/property.php?id=4842,Abestate Μεσιτικό Γραφείο,rent,office,1500,70.0,21,1,3,2026,thessaloniki,Θέρμη,Θέρμη,,,,,,2026-09-27,2026-09-27T14:26:17Z
abestate.gr,AB ESTATE,https://abestate.gr/property.php?id=4617,Abestate Μεσιτικό Γραφείο,sale,office,1400000,600.0,2333,5,ισόγειο,1995,thessaloniki,Πανόραμα,Πανόραμα,,,,,,2026-09-27,2026-09-27T14:26:23Z
abestate.gr,AB ESTATE,https://abestate.gr/property.php?id=4840,Abestate Μεσιτικό Γραφείο,sale,office,930000,230.0,4043,4,ισόγειο,2025,thessaloniki,Πανόραμα,Πανόραμα,,,,,,2026-09-27,2026-09-27T14:26:26Z
abestate.gr,AB ESTATE,https://abestate.gr/property.php?id=4616,Abestate Μεσιτικό Γραφείο,sale,office,680000,400.0,1700,5,ισόγειο,1998,thessaloniki,Πανόραμα,Πανόραμα,,,,,,2026-09-27,2026-09-27T14:26:29Z
abestate.gr,AB ESTATE,https://abestate.gr/property.php?id=4662,Abestate Μεσιτικό Γραφείο,sale,office,950000,578.0,1644,4,ισόγειο,2009,thessaloniki,Πανόραμα,Πανόραμα,,,,,,2026-09-27,2026-09-27T14:26:32Z
abestate.gr,AB ESTATE,https://abestate.gr/property.php?id=3995,Abestate Μεσιτικό Γραφείο,sale,office,3000000,1200.0,2500,6,ισόγειο,2004,thessaloniki,Πανόραμα,Πανόραμα,,,,,,2026-09-27,2026-09-27T14:26:38Z
abestate.gr,AB ESTATE,https://abestate.gr/property.php?id=4834,Abestate Μεσιτικό Γραφείο,sale,office,1400000,500.0,2800,5,ισόγειο,2008,thessaloniki,Πυλαία,Πυλαία,,,,,,2026-09-27,2026-09-27T14:26:45Z
abestate.gr,AB ESTATE,https://abestate.gr/property.php?id=4853,Abestate Μεσιτικό Γραφείο,sale,office,250000,56.0,4464,2,ισόγειο,2026,thessaloniki,Πανόραμα,Πανόραμα,,,,,,2026-09-27,2026-09-27T14:26:51Z
abestate.gr,AB ESTATE,https://abestate.gr/property.php?id=4831,Abestate Μεσιτικό Γραφείο,sale,office,470000,144.0,3264,3,3,2025,thessaloniki,Θέρμη,Θέρμη,,,,,,2026-09-27,2026-09-27T14:26:54Z
abestate.gr,AB ESTATE,https://abestate.gr/property.php?id=4830,Abestate Μεσιτικό Γραφείο,sale,office,370000,114.0,3246,1,1,2025,thessaloniki,Θέρμη,Θέρμη,,,,,,2026-09-27,2026-09-27T14:26:57Z
abestate.gr,AB ESTATE,https://abestate.gr/property.php?id=4810,Abestate Μεσιτικό Γραφείο,sale,office,520000,230.0,2261,3,1,1985,thessaloniki,Πανόραμα,Πανόραμα,,,,,,2026-09-27,2026-09-27T14:27:00Z
abestate.gr,AB ESTATE,https://abestate.gr/property.php?id=4829,Abestate Μεσιτικό Γραφείο,sale,office,195000,48.0,4062,1,ισόγειο,2025,thessaloniki,Θέρμη,Θέρμη,,,,,,2026-09-27,2026-09-27T14:27:02Z
abestate.gr,AB ESTATE,https://abestate.gr/property.php?id=4851,Abestate Μεσιτικό Γραφείο,rent,office,4500,450.0,10,,2,2010,thessaloniki,Πυλαία,Πυλαία,,,,,,2026-09-27,2026-09-27T14:27:06Z
enterhome.com.gr,ENTERHOME,https://enterhome.com.gr/property.php?id=1382,Διαμέρισμα 50.00 τ.μ.,rent,apartment,550,50.0,11,1,,1970,unknown,,,,,https://enterhome.com.gr/images/properties/1-13822548.jpg,,,2026-09-27,2026-09-27T14:26:04Z
enterhome.com.gr,ENTERHOME,https://enterhome.com.gr/property.php?id=1392,Γραφείο 60.00 τ.μ.,rent,office,620,60.0,10,,ισόγειο,1975,unknown,,,,,https://enterhome.com.gr/images/properties/1-13924549.jpg,,,2026-09-27,2026-09-27T14:26:07Z
enterhome.com.gr,ENTERHOME,https://enterhome.com.gr/property.php?id=1391,Μεζονέτα 218.00 τ.μ.,sale,maisonette,540000,218.0,2477,,,1983,unknown,,,,,https://enterhome.com.gr/images/properties/1-13913240.jpg,,,2026-09-27,2026-09-27T14:26:11Z
enterhome.com.gr,ENTERHOME,https://enterhome.com.gr/property.php?id=1390,Διαμέρισμα 44.00 τ.μ.,rent,apartment,420,44.0,10,1,,1978,unknown,,,,,https://enterhome.com.gr/images/properties/1-13903219.jpg,,,2026-09-27,2026-09-27T14:26:16Z
enterhome.com.gr,ENTERHOME,https://enterhome.com.gr/property.php?id=1389,Διαμέρισμα 80.00 τ.μ.,sale,apartment,127000,80.0,1588,2,1,1970,unknown,,,,,https://enterhome.com.gr/images/properties/1-13899666.jpg,,,2026-09-27,2026-09-27T14:26:19Z
enterhome.com.gr,ENTERHOME,https://enterhome.com.gr/property.php?id=1378,Διαμέρισμα 43.00 τ.μ.,rent,apartment,420,43.0,10,1,1,1975,unknown,,,,,https://enterhome.com.gr/images/properties/1-137892.jpg,,,2026-09-27,2026-09-27T14:26:22Z
enterhome.com.gr,ENTERHOME,https://enterhome.com.gr/property.php?id=1365,Διαμέρισμα 65.00 τ.μ.,sale,apartment,100000,65.0,1538,1,ισόγειο,1955,unknown,,,,,https://enterhome.com.gr/images/properties/1-13658089.jpg,,,2026-09-27,2026-09-27T14:26:25Z
enterhome.com.gr,ENTERHOME,https://enterhome.com.gr/property.php?id=1366,Διαμέρισμα 80.00 τ.μ.,sale,apartment,100000,80.0,1250,2,ισόγειο,1956,unknown,,,,,https://enterhome.com.gr/images/properties/1-13662232.jpg,,,2026-09-27,2026-09-27T14:26:28Z
enterhome.com.gr,ENTERHOME,https://enterhome.com.gr/property.php?id=1351,Οικόπεδο 170.00 τ.μ.,sale,land,220000,170.0,1294,,,,unknown,,,,,https://enterhome.com.gr/images/properties/1-13517513.jpg,,,2026-09-27,2026-09-27T14:26:31Z
enterhome.com.gr,ENTERHOME,https://enterhome.com.gr/property.php?id=1335,Διαμέρισμα 31.00 τ.μ.,rent,apartment,390,31.0,13,1,2,1975,unknown,,,,,https://enterhome.com.gr/images/properties/1-13352425.jpg,,,2026-09-27,2026-09-27T14:26:37Z
enterhome.com.gr,ENTERHOME,https://enterhome.com.gr/property.php?id=1385,Διαμέρισμα 48.00 τ.μ.,,apartment,,48.0,,,,,unknown,,,,,https://enterhome.com.gr/images/properties/1-13854313.jpg,,,2026-09-27,2026-09-27T14:26:40Z
enterhome.com.gr,ENTERHOME,https://enterhome.com.gr/property.php?id=1386,Διαμέρισμα 45.00 τ.μ.,rent,apartment,700,45.0,16,1,,1970,unknown,,,,,https://enterhome.com.gr/images/properties/1-13864103.jpg,,,2026-09-27,2026-09-27T14:26:46Z
enterhome.com.gr,ENTERHOME,https://enterhome.com.gr/property.php?id=1250,Μονοκατοικία 230.00 τ.μ.,sale,house,500000,230.0,2174,5,ισόγειο,2007,unknown,,,,,https://enterhome.com.gr/images/properties/2-10101603.jpg,,,2026-09-27,2026-09-27T14:26:49Z
enterhome.com.gr,ENTERHOME,https://enterhome.com.gr/property.php?id=1240,Μεζονέτα 220.00 τ.μ.,sale,maisonette,240000,220.0,1091,4,ισόγειο,2002,unknown,,,,,https://enterhome.com.gr/images/properties/2-10068425.jpg,,,2026-09-27,2026-09-27T14:26:52Z
enterhome.com.gr,ENTERHOME,https://enterhome.com.gr/property.php?id=1208,Μεζονέτα 200.00 τ.μ.,sale,maisonette,350000,200.0,1750,3,ισόγειο,2006,thessaloniki,Θερμαϊκός,Περαία,,,https://enterhome.com.gr/images/properties/2-9785523.jpg,,,2026-09-27,2026-09-27T14:26:55Z
enterhome.com.gr,ENTERHOME,https://enterhome.com.gr/property.php?id=1203,Μεζονέτα 210.00 τ.μ.,sale,maisonette,400000,210.0,1905,4,ισόγειο,2007,thessaloniki,Θερμαϊκός,Περαία,,,https://enterhome.com.gr/images/properties/2-9757960.jpg,,,2026-09-27,2026-09-27T14:27:01Z
enterhome.com.gr,ENTERHOME,https://enterhome.com.gr/property.php?id=1151,Μεζονέτα 177.00 τ.μ.,sale,maisonette,450000,177.0,2542,4,ισόγειο,2000,thessaloniki,Θερμαϊκός,Περαία,,,https://enterhome.com.gr/images/properties/2-8796523.jpg,,,2026-09-27,2026-09-27T14:27:07Z
enterhome.com.gr,ENTERHOME,https://enterhome.com.gr/property.php?id=994,Διαμέρισμα 110.00 τ.μ.,sale,apartment,240000,110.0,2182,3,1,2000,thessaloniki,Θερμαϊκός,Περαία,,,https://enterhome.com.gr/images/properties/2-7712018.jpg,,,2026-09-27,2026-09-27T14:27:13Z
enterhome.com.gr,ENTERHOME,https://enterhome.com.gr/property.php?id=970,Διαμέρισμα 192.00 τ.μ.,sale,apartment,320000,192.0,1667,3,2,2008,thessaloniki,Θερμαϊκός,Περαία,,,https://enterhome.com.gr/images/properties/2-748414.jpg,,,2026-09-27,2026-09-27T14:27:19Z
estianet.com,ESTIA NET,https://www.estianet.com/property.php?id=2263,Μεζονέτα 190.00 τ.μ.,sale,maisonette,500000,190.0,2632,3,,2001,thessaloniki,Θερμαϊκός,Περαία,,,https://www.estianet.com/images/properties/1-22634926.jpg,,,2026-09-27,2026-09-27T14:26:05Z
estianet.com,ESTIA NET,https://www.estianet.com/property.php?id=2262,Διαμέρισμα 96.00 τ.μ.,sale,apartment,260000,96.0,2708,2,2,1987,thessaloniki,Θερμαϊκός,Περαία,,,https://www.estianet.com/images/properties/1-22628191.jpg,,,2026-09-27,2026-09-27T14:26:07Z
estianet.com,ESTIA NET,https://www.estianet.com/property.php?id=2261,Διαμέρισμα 65.00 τ.μ.,rent,apartment,400,65.0,6,2,2,1998,unknown,,,,,https://www.estianet.com/images/properties/1-22615372.jpg,,,2026-09-27,2026-09-27T14:26:11Z
estianet.com,ESTIA NET,https://www.estianet.com/property.php?id=2260,Διαμέρισμα 122.00 τ.μ.,sale,apartment,250000,122.0,2049,3,3,1998,thessaloniki,Θερμαϊκός,Περαία,,,https://www.estianet.com/images/properties/1-22603564.jpg,,,2026-09-27,2026-09-27T14:26:14Z
estianet.com,ESTIA NET,https://www.estianet.com/property.php?id=2247,Μονοκατοικία 145.00 τ.μ.,sale,house,300000,145.0,2069,4,,1993,unknown,,,,,https://www.estianet.com/images/properties/1-2247465.jpg,,,2026-09-27,2026-09-27T14:26:20Z
estianet.com,ESTIA NET,https://www.estianet.com/property.php?id=2259,Διαμέρισμα 52.00 τ.μ.,sale,apartment,104000,52.0,2000,1,ισόγειο,2005,thessaloniki,Θερμαϊκός,Περαία,,,https://www.estianet.com/images/properties/1-22594532.jpg,,,2026-09-27,2026-09-27T14:26:23Z
estianet.com,ESTIA NET,https://www.estianet.com/property.php?id=2258,Διαμέρισμα 140.00 τ.μ.,sale,apartment,490000,140.0,3500,3,8,2025,thessaloniki,Θεσσαλονίκη-Ανατολικά,Τούμπα,,,https://www.estianet.com/images/properties/1-2258864.jpg,,,2026-09-27,2026-09-27T14:26:29Z
estianet.com,ESTIA NET,https://www.estianet.com/property.php?id=2257,Διαμέρισμα 35.00 τ.μ.,sale,apartment,120000,35.0,3429,1,ισόγειο,1970,thessaloniki,Θερμαϊκός,Περαία,,,https://www.estianet.com/images/properties/1-22574704.jpg,,,2026-09-27,2026-09-27T14:26:32Z
estianet.com,ESTIA NET,https://www.estianet.com/property.php?id=2256,Αποθήκη 120.00 τ.μ.,rent,warehouse,350,120.0,3,,υπόγειο,1970,thessaloniki,Θεσσαλονίκη,Θεσσαλονίκη κέντρο,,,https://www.estianet.com/images/properties/1-22566088.jpg,,,2026-09-27,2026-09-27T14:26:38Z
estianet.com,ESTIA NET,https://www.estianet.com/property.php?id=2254,Διαμέρισμα 57.00 τ.μ.,sale,apartment,155000,57.0,2719,1,ισόγειο,2000,thessaloniki,Θερμαϊκός,Περαία,,,https://www.estianet.com/images/properties/1-22546268.jpg,,,2026-09-27,2026-09-27T14:26:41Z
estianet.com,ESTIA NET,https://www.estianet.com/property.php?id=2174,Μονοκατοικία 253.00 τ.μ.,sale,house,4700000,253.0,18577,5,ισόγειο,1994,unknown,,,,,https://www.estianet.com/images/properties/1-2174619.jpg,,,2026-09-27,2026-09-27T14:26:47Z
estianet.com,ESTIA NET,https://www.estianet.com/property.php?id=2244,Βίλα 340.00 τ.μ.,sale,house,1550000,340.0,4559,6,,2025,unknown,,,,,https://www.estianet.com/images/properties/1-22441738.jpg,,,2026-09-27,2026-09-27T14:26:52Z
estianet.com,ESTIA NET,https://www.estianet.com/property.php?id=2239,Μονοκατοικία 400.00 τ.μ.,sale,house,1300000,400.0,3250,5,,2004,thessaloniki,Θεσσαλονίκη,Θεσσαλονίκης–Νέων Μουδανιών. Η μονοκατοικία είναι π,,,https://www.estianet.com/images/properties/1-22397659.jpg,,,2026-09-27,2026-09-27T14:26:59Z
estianet.com,ESTIA NET,https://www.estianet.com/property.php?id=2223,Μονοκατοικία 290.00 τ.μ.,sale,house,450000,290.0,1552,5,,2022,unknown,,,,,https://www.estianet.com/images/properties/1-22237948.jpg,,,2026-09-27,2026-09-27T14:27:05Z
estianet.com,ESTIA NET,https://www.estianet.com/property.php?id=2218,Διαμέρισμα 57.00 τ.μ.,sale,apartment,290000,57.0,5088,1,1,1980,thessaloniki,Θεσσαλονίκη,Θεσσαλονίκη κέντρο,,,https://www.estianet.com/images/properties/1-22184022.jpg,,,2026-09-27,2026-09-27T14:27:11Z
estianet.com,ESTIA NET,https://www.estianet.com/property.php?id=2208,Μονοκατοικία 300.00 τ.μ.,sale,house,850000,300.0,2833,6,,2010,thessaloniki,Πανόραμα,Πανόραμα,,,https://www.estianet.com/images/properties/1-22089849.jpg,,,2026-09-27,2026-09-27T14:27:16Z
estianet.com,ESTIA NET,https://www.estianet.com/property.php?id=2198,Μονοκατοικία 480.00 τ.μ.,sale,house,1300000,480.0,2708,4,,1987,thessaloniki,Θερμαϊκός,Περαία,,,https://www.estianet.com/images/properties/1-21985235.jpg,,,2026-09-27,2026-09-27T14:27:20Z
fithome.gr,FIT HOME (Βαρβούνη Ελένη Γ.),https://www.fithome.gr/property.php?id=1026,Διαμέρισμα 76.00 τ.μ.,rent,apartment,850,76.0,11,,3,1973,thessaloniki,Θεσσαλονίκη-Ανατολικά,Τριανδρία,,,https://www.fithome.gr/images/properties/small_2010268674.jpg,,,2026-09-27,2026-09-27T14:26:34Z
fithome.gr,FIT HOME (Βαρβούνη Ελένη Γ.),https://www.fithome.gr/property.php?id=1025,Διαμέρισμα 45.00 τ.μ.,sale,apartment,140000,45.0,3111,1,2,1970,thessaloniki,Θεσσαλονίκη,Θεσσαλονίκη κέντρο,,,https://www.fithome.gr/images/properties/small_1010251162.jpg,,,2026-09-27,2026-09-27T14:26:37Z
fithome.gr,FIT HOME (Βαρβούνη Ελένη Γ.),https://www.fithome.gr/property.php?id=1024,Γκαρσονιέρα 56.00 τ.μ.,sale,studio,170000,56.0,3036,1,2,1970,thessaloniki,Θεσσαλονίκη,Θεσσαλονίκη κέντρο,,,https://www.fithome.gr/images/properties/small_1010246133.jpg,,,2026-09-27,2026-09-27T14:26:40Z
fithome.gr,FIT HOME (Βαρβούνη Ελένη Γ.),https://www.fithome.gr/property.php?id=1023,Γκαρσονιέρα 35.00 τ.μ.,rent,studio,430,35.0,12,,3,1980,thessaloniki,Θεσσαλονίκη,Θεσσαλονίκη κέντρο,,,https://www.fithome.gr/images/properties/small_2010236293.jpg,,,2026-09-27,2026-09-27T14:26:43Z
fithome.gr,FIT HOME (Βαρβούνη Ελένη Γ.),https://www.fithome.gr/property.php?id=1018,Γκαρσονιέρα 35.00 τ.μ.,rent,studio,780,35.0,22,,2,1967,unknown,,,,,https://www.fithome.gr/images/properties/small_2010183770.jpg,,,2026-09-27,2026-09-27T14:26:47Z
fithome.gr,FIT HOME (Βαρβούνη Ελένη Γ.),https://www.fithome.gr/property.php?id=1017,Γκαρσονιέρα 38.00 τ.μ.,rent,studio,780,38.0,21,,6,1967,thessaloniki,Θεσσαλονίκη,Θεσσαλονίκη κέντρο,,,https://www.fithome.gr/images/properties/small_2010171937.jpg,,,2026-09-27,2026-09-27T14:26:49Z
fithome.gr,FIT HOME (Βαρβούνη Ελένη Γ.),https://www.fithome.gr/property.php?id=951,Μονοκατοικία 180.00 τ.μ.,sale,house,295000,180.0,1639,3,1,2010,thessaloniki,Θερμαϊκός,Περαία,,,https://www.fithome.gr/images/properties/small_10951260.jpg,,,2026-09-27,2026-09-27T14:26:52Z
fithome.gr,FIT HOME (Βαρβούνη Ελένη Γ.),https://www.fithome.gr/property.php?id=982,Γκαρσονιέρα 26.00 τ.μ.,sale,studio,87000,26.0,3346,,1,1970,unknown,,,,,https://www.fithome.gr/images/properties/small_109828291.jpg,,,2026-09-27,2026-09-27T14:26:58Z
fithome.gr,FIT HOME (Βαρβούνη Ελένη Γ.),https://www.fithome.gr/property.php?id=392,Μονοκατοικία 200.00 τ.μ.,sale,house,350000,200.0,1750,,ισόγειο,2019,unknown,,,,,https://www.fithome.gr/images/properties/small_103928638.jpg,,,2026-09-27,2026-09-27T14:27:05Z
fithome.gr,FIT HOME (Βαρβούνη Ελένη Γ.),https://www.fithome.gr/property.php?id=1006,Γκαρσονιέρα 37.00 τ.μ.,sale,studio,138000,37.0,3730,,4,1960,unknown,,,,,https://www.fithome.gr/images/properties/small_1010068270.jpg,,,2026-09-27,2026-09-27T14:27:10Z
fithome.gr,FIT HOME (Βαρβούνη Ελένη Γ.),https://www.fithome.gr/property.php?id=1008,Loft 50.00 τ.μ.,sale,,99000,50.0,1980,1,ισόγειο,1972,unknown,,,,,https://www.fithome.gr/images/properties/small_101008607.jpg,,,2026-09-27,2026-09-27T14:27:13Z
fithome.gr,FIT HOME (Βαρβούνη Ελένη Γ.),https://www.fithome.gr/property.php?id=998,Γκαρσονιέρα 36.00 τ.μ.,sale,studio,110000,36.0,3056,1,5,1973,thessaloniki,Θεσσαλονίκη,Θεσσαλονίκης Πληροφορίες στο τηλ. 2311211528 και in,,,https://www.fithome.gr/images/properties/small_109989513.jpg,,,2026-09-27,2026-09-27T14:27:16Z
fithome.gr,FIT HOME (Βαρβούνη Ελένη Γ.),https://www.fithome.gr/property.php?id=991,Διαμέρισμα 80.00 τ.μ.,sale,apartment,158000,80.0,1975,,1,1973,thessaloniki,Θεσσαλονίκη,Θεσσαλονίκη κέντρο,,,https://www.fithome.gr/images/properties/small_109911118.jpg,,,2026-09-27,2026-09-27T14:27:19Z
fithome.gr,FIT HOME (Βαρβούνη Ελένη Γ.),https://www.fithome.gr/property.php?id=985,Μεζονέτα 170.00 τ.μ.,sale,maisonette,220000,170.0,1294,,ισόγειο,2000,unknown,,,,,https://www.fithome.gr/images/properties/small_109858888.jpg,,,2026-09-27,2026-09-27T14:27:22Z
abitazione.gr,Abitazione,https://www.abitazione.gr/property/461/Katastima-Kalamaria,Κατάστημα 34 τ.μ. - Μεσιτικό Γραφείο Abitazione,sale,store,75000,34.0,2206,,ισόγειο,1970,thessaloniki,Καλαμαριά,Θεσσαλονίκης,,,https://www.abitazione.gr/images/properties/2605251_6834420aac07a1748255242.jpg,,,2026-09-27,2026-09-27T14:26:28Z
abitazione.gr,Abitazione,https://www.abitazione.gr/property/2014/Katastima-Rotonta,Κατάστημα 30 τ.μ. - Μεσιτικό Γραφείο Abitazione,sale,store,114000,30.0,3800,,ισόγειο,1965,thessaloniki,Θεσσαλονίκη,Θεσσαλονίκης,,,https://www.abitazione.gr/images/properties/0604241_661424a98b2af1712596137.JPG,,,2026-09-27,2026-09-27T14:27:20Z
elsueno-realestate.gr,EL Sueno,https://elsueno-realestate.gr/property.php?id=690,Διαμέρισμα 77.00 τ.μ.,sale,apartment,220000,77.0,2857,2,4,1986,thessaloniki,Θεσσαλονίκη,Θεσσαλονίκη elsuenomesitiko@gmail.com --> ☰ --> Αρχ,,,https://elsueno-realestate.gr/images/properties/1-6908484.jpg,,,2026-09-27,2026-09-27T14:26:15Z
elsueno-realestate.gr,EL Sueno,https://elsueno-realestate.gr/property.php?id=689,Διαμέρισμα 80.00 τ.μ.,rent,apartment,530,80.0,7,2,1,1960,thessaloniki,Θεσσαλονίκη,Θεσσαλονίκη elsuenomesitiko@gmail.com --> ☰ --> Αρχ,,,https://elsueno-realestate.gr/images/properties/1-6897965.jpg,,,2026-09-27,2026-09-27T14:26:18Z
elsueno-realestate.gr,EL Sueno,https://elsueno-realestate.gr/property.php?id=687,Διαμέρισμα 40.00 τ.μ.,sale,apartment,167000,40.0,4175,1,5,1960,thessaloniki,Θεσσαλονίκη,Θεσσαλονίκη elsuenomesitiko@gmail.com --> ☰ --> Αρχ,,,https://elsueno-realestate.gr/images/properties/1-6878527.jpg,,,2026-09-27,2026-09-27T14:26:21Z
elsueno-realestate.gr,EL Sueno,https://elsueno-realestate.gr/property.php?id=686,Γκαρσονιέρα/Studio 45.00 τ.μ.,sale,studio,92000,45.0,2044,1,1,1970,thessaloniki,Θεσσαλονίκη,Θεσσαλονίκη elsuenomesitiko@gmail.com --> ☰ --> Αρχ,,,https://elsueno-realestate.gr/images/properties/1-6867127.jpg,,,2026-09-27,2026-09-27T14:26:24Z
elsueno-realestate.gr,EL Sueno,https://elsueno-realestate.gr/property.php?id=681,Γκαρσονιέρα/Studio 53.00 τ.μ.,sale,studio,90000,53.0,1698,1,1,1970,thessaloniki,Θεσσαλονίκη,Θεσσαλονίκη elsuenomesitiko@gmail.com --> ☰ --> Αρχ,,,https://elsueno-realestate.gr/images/properties/1-6811746.jpg,,,2026-09-27,2026-09-27T14:26:27Z
elsueno-realestate.gr,EL Sueno,https://elsueno-realestate.gr/property.php?id=682,Γκαρσονιέρα/Studio 49.00 τ.μ.,sale,studio,83000,49.0,1694,1,1,1970,thessaloniki,Θεσσαλονίκη,Θεσσαλονίκη elsuenomesitiko@gmail.com --> ☰ --> Αρχ,,,https://elsueno-realestate.gr/images/properties/1-682411.jpg,,,2026-09-27,2026-09-27T14:26:30Z
elsueno-realestate.gr,EL Sueno,https://elsueno-realestate.gr/property.php?id=683,Γκαρσονιέρα/Studio 36.00 τ.μ.,sale,studio,88000,36.0,2444,1,υπόγειο,1969,thessaloniki,Θεσσαλονίκη,Θεσσαλονίκη elsuenomesitiko@gmail.com --> ☰ --> Αρχ,,,https://elsueno-realestate.gr/images/properties/1-6836250.jpg,,,2026-09-27,2026-09-27T14:26:33Z
elsueno-realestate.gr,EL Sueno,https://elsueno-realestate.gr/property.php?id=684,Γκαρσονιέρα/Studio 39.00 τ.μ.,sale,studio,87000,39.0,2231,1,6,1965,thessaloniki,Θεσσαλονίκη,Θεσσαλονίκη elsuenomesitiko@gmail.com --> ☰ --> Αρχ,,,https://elsueno-realestate.gr/images/properties/1-6844851.jpg,,,2026-09-27,2026-09-27T14:26:36Z
elsueno-realestate.gr,EL Sueno,https://elsueno-realestate.gr/property.php?id=685,Γκαρσονιέρα/Studio 32.00 τ.μ.,sale,studio,97000,32.0,3031,1,6,1965,thessaloniki,Θεσσαλονίκη,Θεσσαλονίκη elsuenomesitiko@gmail.com --> ☰ --> Αρχ,,,https://elsueno-realestate.gr/images/properties/1-6855135.jpg,,,2026-09-27,2026-09-27T14:26:39Z
elsueno-realestate.gr,EL Sueno,https://elsueno-realestate.gr/property.php?id=680,Διαμέρισμα 46.00 τ.μ.,sale,apartment,135000,46.0,2935,1,2,1960,thessaloniki,Θεσσαλονίκη,Θεσσαλονίκη elsuenomesitiko@gmail.com --> ☰ --> Αρχ,,,https://elsueno-realestate.gr/images/properties/1-6806082.jpg,,,2026-09-27,2026-09-27T14:26:42Z
elsueno-realestate.gr,EL Sueno,https://elsueno-realestate.gr/property.php?id=675,Γκαρσονιέρα/Studio 43.00 τ.μ.,sale,studio,85000,43.0,1977,1,1,1968,thessaloniki,Θεσσαλονίκη,Θεσσαλονίκη elsuenomesitiko@gmail.com --> ☰ --> Αρχ,,,https://elsueno-realestate.gr/images/properties/1-6755645.jpg,,,2026-09-27,2026-09-27T14:26:45Z
elsueno-realestate.gr,EL Sueno,https://elsueno-realestate.gr/property.php?id=676,Γκαρσονιέρα/Studio 40.00 τ.μ.,sale,studio,90000,40.0,2250,1,1,1968,thessaloniki,Θεσσαλονίκη,Θεσσαλονίκη elsuenomesitiko@gmail.com --> ☰ --> Αρχ,,,https://elsueno-realestate.gr/images/properties/,,,2026-09-27,2026-09-27T14:26:48Z
elsueno-realestate.gr,EL Sueno,https://elsueno-realestate.gr/property.php?id=678,Γκαρσονιέρα/Studio 35.00 τ.μ.,sale,studio,87000,35.0,2486,1,3,1973,thessaloniki,Θεσσαλονίκη,Θεσσαλονίκη elsuenomesitiko@gmail.com --> ☰ --> Αρχ,,,https://elsueno-realestate.gr/images/properties/1-6788823.jpg,,,2026-09-27,2026-09-27T14:26:54Z
elsueno-realestate.gr,EL Sueno,https://elsueno-realestate.gr/property.php?id=679,Διαμέρισμα 35.00 τ.μ.,sale,apartment,88000,35.0,2514,1,2,1973,thessaloniki,Θεσσαλονίκη,Θεσσαλονίκη elsuenomesitiko@gmail.com --> ☰ --> Αρχ,,,https://elsueno-realestate.gr/images/properties/1-6799839.jpg,,,2026-09-27,2026-09-27T14:26:57Z
elsueno-realestate.gr,EL Sueno,https://elsueno-realestate.gr/property.php?id=674,Διαμέρισμα 52.00 τ.μ.,sale,apartment,167000,52.0,3212,1,1,2026,thessaloniki,Θεσσαλονίκη,Θεσσαλονίκη elsuenomesitiko@gmail.com --> ☰ --> Αρχ,,,https://elsueno-realestate.gr/images/properties/,,,2026-09-27,2026-09-27T14:27:00Z
elsueno-realestate.gr,EL Sueno,https://elsueno-realestate.gr/property.php?id=662,Διαμέρισμα 54.00 τ.μ.,sale,apartment,175000,54.0,3241,2,1,1962,thessaloniki,Θεσσαλονίκη,Θεσσαλονίκη elsuenomesitiko@gmail.com --> ☰ --> Αρχ,,,https://elsueno-realestate.gr/images/properties/1-6629184.jpg,,,2026-09-27,2026-09-27T14:27:03Z
elsueno-realestate.gr,EL Sueno,https://elsueno-realestate.gr/property.php?id=663,Διαμέρισμα 70.00 τ.μ.,sale,apartment,180000,70.0,2571,2,4,1970,thessaloniki,Θεσσαλονίκη,Θεσσαλονίκη elsuenomesitiko@gmail.com --> ☰ --> Αρχ,,,https://elsueno-realestate.gr/images/properties/1-6634195.jpg,,,2026-09-27,2026-09-27T14:27:06Z
elsueno-realestate.gr,EL Sueno,https://elsueno-realestate.gr/property.php?id=660,Διαμέρισμα 48.00 τ.μ.,sale,apartment,168000,48.0,3500,2,4,1972,thessaloniki,Θεσσαλονίκη,Θεσσαλονίκη elsuenomesitiko@gmail.com --> ☰ --> Αρχ,,,https://elsueno-realestate.gr/images/properties/,,,2026-09-27,2026-09-27T14:27:09Z
elsueno-realestate.gr,EL Sueno,https://elsueno-realestate.gr/property.php?id=658,Διαμέρισμα 55.00 τ.μ.,sale,apartment,159000,55.0,2891,2,5,1975,thessaloniki,Θεσσαλονίκη-Ανατολικά,Τούμπα,,,https://elsueno-realestate.gr/images/properties/,,,2026-09-27,2026-09-27T14:27:12Z
elsueno-realestate.gr,EL Sueno,https://elsueno-realestate.gr/property.php?id=657,Διαμέρισμα 35.00 τ.μ.,sale,apartment,135000,35.0,3857,1,5,1975,thessaloniki,Θεσσαλονίκη-Ανατολικά,Τούμπα,,,https://elsueno-realestate.gr/images/properties/,,,2026-09-27,2026-09-27T14:27:15Z
elsueno-realestate.gr,EL Sueno,https://elsueno-realestate.gr/property.php?id=652,Γκαρσονιέρα/Studio 42.00 τ.μ.,sale,studio,137000,42.0,3262,1,5,1968,thessaloniki,Θεσσαλονίκη,Θεσσαλονίκη elsuenomesitiko@gmail.com --> ☰ --> Αρχ,,,https://elsueno-realestate.gr/images/properties/,,,2026-09-27,2026-09-27T14:27:18Z
elsueno-realestate.gr,EL Sueno,https://elsueno-realestate.gr/property.php?id=653,Διαμέρισμα 38.00 τ.μ.,sale,apartment,118000,38.0,3105,1,5,1970,thessaloniki,Θεσσαλονίκη,Θεσσαλονίκη elsuenomesitiko@gmail.com --> ☰ --> Αρχ,,,https://elsueno-realestate.gr/images/properties/,,,2026-09-27,2026-09-27T14:27:21Z
elsueno-realestate.gr,EL Sueno,https://elsueno-realestate.gr/property.php?id=649,Διαμέρισμα 112.00 τ.μ.,sale,apartment,255000,112.0,2277,3,2,1990,thessaloniki,Θεσσαλονίκη,Θεσσαλονίκη elsuenomesitiko@gmail.com --> ☰ --> Αρχ,,,https://elsueno-realestate.gr/images/properties/1-649551.jpg,,,2026-09-27,2026-09-27T14:27:24Z
asimis-realestate.gr,ASIMIS,https://asimis-realestate.gr/property.php?id=833,Πωλείται Γκαρσονιέρα/Studio 35.00 τ.μ.,sale,studio,145000,35.0,4143,1,,1985,unknown,,,,,https://asimis-realestate.gr/images/properties/1-8332467.jpg,,,2026-09-27,2026-09-27T14:26:01Z
asimis-realestate.gr,ASIMIS,https://asimis-realestate.gr/property.php?id=831,Πωλείται Διαμέρισμα 35.00 τ.μ.,sale,apartment,140000,35.0,4000,1,,1980,thessaloniki,Θερμαϊκός,Περαία,,,https://asimis-realestate.gr/images/properties/1-831646.jpg,,,2026-09-27,2026-09-27T14:26:03Z
asimis-realestate.gr,ASIMIS,https://asimis-realestate.gr/property.php?id=829,Ενοικιάζεται Διαμέρισμα 70.00 τ.μ.,rent,apartment,,70.0,,2,,1985,thessaloniki,Θερμαϊκός,Περαία,,,https://asimis-realestate.gr/images/properties/1-8296378.jpg,,,2026-09-27,2026-09-27T14:26:10Z
asimis-realestate.gr,ASIMIS,https://asimis-realestate.gr/property.php?id=830,Ενοικιάζεται Διαμέρισμα 70.00 τ.μ.,rent,apartment,,70.0,,2,,1985,thessaloniki,Θερμαϊκός,Περαία,,,https://asimis-realestate.gr/images/properties/1-830581.jpg,,,2026-09-27,2026-09-27T14:26:13Z
asimis-realestate.gr,ASIMIS,https://asimis-realestate.gr/property.php?id=828,Πωλείται Διαμέρισμα 90.00 τ.μ.,sale,apartment,429000,90.0,4767,2,1,,unknown,,,,,https://asimis-realestate.gr/images/properties/1-8289808.jpg,,,2026-09-27,2026-09-27T14:26:16Z
asimis-realestate.gr,ASIMIS,https://asimis-realestate.gr/property.php?id=816,Πωλείται Μεζονέτα 77.00 τ.μ.,sale,maisonette,220000,77.0,2857,2,2,,unknown,,,,,https://asimis-realestate.gr/images/properties/1-8164266.jpg,,,2026-09-27,2026-09-27T14:26:19Z
asimis-realestate.gr,ASIMIS,https://asimis-realestate.gr/property.php?id=815,Πωλείται Διαμέρισμα 38.00 τ.μ.,sale,apartment,125000,38.0,3289,1,2,,unknown,,,,,https://asimis-realestate.gr/images/properties/1-8136750.jpg,,,2026-09-27,2026-09-27T14:26:22Z
asimis-realestate.gr,ASIMIS,https://asimis-realestate.gr/property.php?id=823,Πωλείται Μονοκατοικία 213.00 τ.μ.,sale,house,410000,213.0,1925,3,,2000,unknown,,,,,https://asimis-realestate.gr/images/properties/1-823762.jpg,,,2026-09-27,2026-09-27T14:26:25Z
asimis-realestate.gr,ASIMIS,https://asimis-realestate.gr/property.php?id=827,Ενοικιάζεται Διαμέρισμα 45.00 τ.μ.,rent,apartment,,45.0,,1,,2026,thessaloniki,Θερμαϊκός,Περαία,,,https://asimis-realestate.gr/images/properties/1-8273482.jpg,,,2026-09-27,2026-09-27T14:26:28Z
asimis-realestate.gr,ASIMIS,https://asimis-realestate.gr/property.php?id=805,Πωλείται Μονοκατοικία 180.00 τ.μ.,sale,house,580000,180.0,3222,3,,2005,thessaloniki,Θερμαϊκός,Περαία,,,https://asimis-realestate.gr/images/properties/1-8058995.jpg,,,2026-09-27,2026-09-27T14:26:31Z
asimis-realestate.gr,ASIMIS,https://asimis-realestate.gr/property.php?id=778,Πωλείται Διαμέρισμα 52.00 τ.μ.,sale,apartment,109000,52.0,2096,1,,1981,thessaloniki,Θερμαϊκός,Περαία,,,https://asimis-realestate.gr/images/properties/1-7782424.jpg,,,2026-09-27,2026-09-27T14:26:34Z
asimis-realestate.gr,ASIMIS,https://asimis-realestate.gr/property.php?id=757,Πωλείται Διαμέρισμα 92.00 τ.μ.,sale,apartment,375000,92.0,4076,3,,1990,thessaloniki,Θερμαϊκός,Περαία,,,https://asimis-realestate.gr/images/properties/1-7579947.jpg,,,2026-09-27,2026-09-27T14:26:37Z
asimis-realestate.gr,ASIMIS,https://asimis-realestate.gr/property.php?id=821,Ενοικιάζεται Μεζονέτα 165.00 τ.μ.,rent,maisonette,1500,165.0,9,4,,2001,unknown,,,,,https://asimis-realestate.gr/images/properties/1-8215017.jpg,,,2026-09-27,2026-09-27T14:26:40Z
asimis-realestate.gr,ASIMIS,https://asimis-realestate.gr/property.php?id=817,Πωλείται Διαμέρισμα 40.00 τ.μ.,sale,apartment,145000,40.0,3625,1,,1985,thessaloniki,Θερμαϊκός,Περαία,,,https://asimis-realestate.gr/images/properties/1-8177913.jpg,,,2026-09-27,2026-09-27T14:26:43Z
asimis-realestate.gr,ASIMIS,https://asimis-realestate.gr/property.php?id=812,Πωλείται Μεζονέτα 70.00 τ.μ.,sale,maisonette,280000,70.0,4000,2,,2024,thessaloniki,Θερμαϊκός,Περαία,,,https://asimis-realestate.gr/images/properties/1-8125013.jpg,,,2026-09-27,2026-09-27T14:26:46Z
asimis-realestate.gr,ASIMIS,https://asimis-realestate.gr/property.php?id=804,Πωλείται Μονοκατοικία 157.00 τ.μ.,sale,house,310000,157.0,1975,3,,2026,thessaloniki,Θερμαϊκός,Περαία,,,https://asimis-realestate.gr/images/properties/1-8044024.jpg,,,2026-09-27,2026-09-27T14:26:49Z
asimis-realestate.gr,ASIMIS,https://asimis-realestate.gr/property.php?id=790,Πωλείται Διαμέρισμα 92.00 τ.μ.,sale,apartment,310000,92.0,3370,2,,1990,thessaloniki,Θερμαϊκός,Περαία,,,https://asimis-realestate.gr/images/properties/1-790304.jpg,,,2026-09-27,2026-09-27T14:26:52Z
asimis-realestate.gr,ASIMIS,https://asimis-realestate.gr/property.php?id=794,Πωλείται Γκαρσονιέρα/Studio 34.00 τ.μ.,sale,studio,120000,34.0,3529,1,,1990,unknown,,,,,https://asimis-realestate.gr/images/properties/1-7941106.jpg,,,2026-09-27,2026-09-27T14:26:54Z
asimis-realestate.gr,ASIMIS,https://asimis-realestate.gr/property.php?id=819,Πωλείται Διαμέρισμα 95.00 τ.μ.,sale,apartment,245000,95.0,2579,2,,1998,thessaloniki,Θερμαϊκός,Περαία,,,https://asimis-realestate.gr/images/properties/1-8199990.jpg,,,2026-09-27,2026-09-27T14:26:58Z
asimis-realestate.gr,ASIMIS,https://asimis-realestate.gr/property.php?id=824,Πωλείται Διαμέρισμα 127.00 τ.μ.,sale,apartment,280000,127.0,2205,3,4,1993,unknown,,,,,https://asimis-realestate.gr/images/properties/1-8243406.jpg,,,2026-09-27,2026-09-27T14:27:01Z
asimis-realestate.gr,ASIMIS,https://asimis-realestate.gr/property.php?id=772,Πωλείται Αποθήκη 262.00 τ.μ.,sale,warehouse,63000,262.0,240,,,1998,thessaloniki,Θερμαϊκός,Περαία,,,https://asimis-realestate.gr/images/properties/1-7726495.jpg,,,2026-09-27,2026-09-27T14:27:03Z
asimis-realestate.gr,ASIMIS,https://asimis-realestate.gr/property.php?id=798,Ενοικιάζεται Διαμέρισμα 125.00 τ.μ.,rent,apartment,,125.0,,3,,2007,thessaloniki,Θερμαϊκός,Περαία,,,https://asimis-realestate.gr/images/properties/1-7986045.jpg,,,2026-09-27,2026-09-27T14:27:07Z
asimis-realestate.gr,ASIMIS,https://asimis-realestate.gr/property.php?id=793,Πωλείται Γκαρσονιέρα/Studio 34.00 τ.μ.,sale,studio,104000,34.0,3059,,,1990,unknown,,,,,https://asimis-realestate.gr/images/properties/1-7931667.jpg,,,2026-09-27,2026-09-27T14:27:10Z
asimis-realestate.gr,ASIMIS,https://asimis-realestate.gr/property.php?id=792,Πωλείται Γκαρσονιέρα/Studio 29.00 τ.μ.,sale,studio,115000,29.0,3966,,,1990,unknown,,,,,https://asimis-realestate.gr/images/properties/1-7923373.jpg,,,2026-09-27,2026-09-27T14:27:13Z
asimis-realestate.gr,ASIMIS,https://asimis-realestate.gr/property.php?id=784,Πωλείται Διαμέρισμα 94.00 τ.μ.,sale,apartment,275000,94.0,2926,2,,2025,thessaloniki,Θερμαϊκός,Περαία,,,https://asimis-realestate.gr/images/properties/1-7843532.jpg,,,2026-09-27,2026-09-27T14:27:16Z
asimis-realestate.gr,ASIMIS,https://asimis-realestate.gr/property.php?id=768,Πωλείται Διαμέρισμα 50.00 τ.μ.,sale,apartment,185000,50.0,3700,1,,2025,thessaloniki,Θερμαϊκός,Περαία,,,https://asimis-realestate.gr/images/properties/1-7688669.jpg,,,2026-09-27,2026-09-27T14:27:19Z
asimis-realestate.gr,ASIMIS,https://asimis-realestate.gr/property.php?id=762,Πωλείται Διαμέρισμα 120.00 τ.μ.,sale,apartment,250000,120.0,2083,3,,2008,thessaloniki,Θερμαϊκός,Περαία,,,https://asimis-realestate.gr/images/properties/1-7623595.jpg,,,2026-09-27,2026-09-27T14:27:22Z
asimis-realestate.gr,ASIMIS,https://asimis-realestate.gr/property.php?id=733,Πωλείται Διαμέρισμα 125.00 τ.μ.,sale,apartment,320000,125.0,2560,3,,2004,thessaloniki,Θερμαϊκός,Περαία,,,https://asimis-realestate.gr/images/properties/1-7333418.jpg,,,2026-09-27,2026-09-27T14:27:25Z
georgakos.com,Georgakos Real Estate,https://www.georgakos.com/property/41184,Ενας μικρός παράδεισος στην Εκάλη - Georgakos Real Estate,rent,,2200,220.0,10,,,1984,unknown,,,,,https://www.georgakos.com/images/properties/shared_1-15687777161.jpg,,,2026-09-27,2026-09-27T14:26:09Z
georgakos.com,Georgakos Real Estate,https://www.georgakos.com/property/40398,Γαλήνη και Λειτουργικότητα στην Κηφισιά - σε 260τμ - Georgakos Real Estate,rent,,2650,260.0,10,,,2002,thessaloniki,Θεσσαλονίκη-Ανατολικά,,,,https://www.georgakos.com/images/properties/201-403987342.jpg,,,2026-09-27,2026-09-27T14:26:12Z
georgakos.com,Georgakos Real Estate,https://www.georgakos.com/property/41128,"Οικογενειακό, Κλασσικο, Μοντέρνο και Ηλιουλουστο Διαμέρισμα στο Μαρουσι - Georgakos Real Estate",rent,apartment,1850,220.0,8,4,2,1978,unknown,,,,,https://www.georgakos.com/images/properties/shared_1-15687957154.jpg,,,2026-09-27,2026-09-27T14:26:15Z
georgakos.com,Georgakos Real Estate,https://www.georgakos.com/property/41178,ΔΙΑΜΕΡΙΣΜΑ ΗΜΙΥΠΟΓΕΙΟ 55 ΤΜ - Georgakos Real Estate,sale,apartment,64000,55.0,1164,2,ημιυπόγειο,1975,thessaloniki,Θεσσαλονίκη,Θεσσαλονίκης,,,https://www.georgakos.com/images/properties/128-411784286.jpg,,,2026-09-27,2026-09-27T14:26:18Z
georgakos.com,Georgakos Real Estate,https://www.georgakos.com/property/40994,ΓΚΑΡΣΟΝΙΕΡΑ 40 ΤΜ - Georgakos Real Estate,sale,studio,130000,40.0,3250,1,3,1973,thessaloniki,Θεσσαλονίκη,Θεσσαλονίκη Περιφ/κοί δήμοι,,,https://www.georgakos.com/images/properties/128-40994491.jpg,,,2026-09-27,2026-09-27T14:26:21Z
georgakos.com,Georgakos Real Estate,https://www.georgakos.com/property/41172,ΠΛΗΡΩΣ ΑΝΑΚΑΙΝΙΣΜΕΝΗ ΓΚΑΡΣΟΝΙΕΡΑ ΣΤΗΝ ΜΠΟΤΣΑΡΗ - Georgakos Real Estate,sale,studio,165000,50.0,3300,1,2,1978,thessaloniki,Θεσσαλονίκη-Ανατολικά,Θεσσαλονίκης,,,https://www.georgakos.com/images/properties/198-411718048.jpg,,,2026-09-27,2026-09-27T14:26:24Z
georgakos.com,Georgakos Real Estate,https://www.georgakos.com/property/41171,ΠΛΗΡΩΣ ΑΝΑΚΑΙΝΙΣΜΕΝΗ ΓΚΑΡΣΟΝΙΕΡΑ ΣΤΗΝ ΜΠΟΤΣΑΡΗ - Georgakos Real Estate,sale,studio,165000,43.0,3837,1,2,1978,thessaloniki,Θεσσαλονίκη-Ανατολικά,Θεσσαλονίκης,,,https://www.georgakos.com/images/properties/198-411718048.jpg,,,2026-09-27,2026-09-27T14:26:27Z
georgakos.com,Georgakos Real Estate,https://www.georgakos.com/property/41147,ΠΛΗΡΩΣ ΑΝΑΚΑΙΝΙΣΜΕΝΟ ΔΙΑΜΕΡΙΣΜΑ ΜΕ 2 ΥΠΝΟΔΩΜΑΤΙΑ ΚΟΝΤΑ ΣΤΟ ΙΠΠΟΚΡΑΤΕΙΟ - Georgakos Real Estate,,apartment,,76.0,,2,2,1960,thessaloniki,Θεσσαλονίκη-Ανατολικά,Θεσσαλονίκης,,,https://www.georgakos.com/images/properties/198-411474985.jpg,,,2026-09-27,2026-09-27T14:26:30Z
georgakos.com,Georgakos Real Estate,https://www.georgakos.com/property/41174,ΕΠΕΝΔΥΤΙΚΑ ΣΤΟΥΝΤΙΟ 10 ΜΕΤΡΑ ΑΠΟ ΤΗΝ ΤΣΙΜΙΣΚΙ - Georgakos Real Estate,sale,studio,70000,30.0,2333,,ισόγειο,1965,thessaloniki,Θεσσαλονίκη,Θεσσαλονίκης,,,https://www.georgakos.com/images/properties/164-411743719.jpg,,,2026-09-27,2026-09-27T14:26:33Z
georgakos.com,Georgakos Real Estate,https://www.georgakos.com/property/41182,ΠΩΛΕΙΤΑΙ ΡΕΤΙΡΕ ΓΚΑΡΣΟΝΙΕΡΑ ΥΨΗΛΗΣ ΑΙΣΘΗΤΙΚΗΣ - Georgakos Real Estate,sale,studio,165000,45.0,3667,,5,1970,thessaloniki,Θεσσαλονίκη,Θεσσαλονίκης,,,https://www.georgakos.com/images/properties/164-411827019.jpg,,,2026-09-27,2026-09-27T14:26:36Z
georgakos.com,Georgakos Real Estate,https://www.georgakos.com/property/41162,ΣΤΟΥΝΤΙΟ ΜΕ ΜΕΓΑΛΗ ΒΕΡΑΝΤΑ - Georgakos Real Estate,sale,studio,110000,35.0,3143,,4,1965,thessaloniki,Θεσσαλονίκη,Θεσσαλονίκης,,,https://www.georgakos.com/images/properties/164-411628029.jpg,,,2026-09-27,2026-09-27T14:26:39Z
georgakos.com,Georgakos Real Estate,https://www.georgakos.com/property/41170,ΕΠΕΝΔΥΤΙΚΑ ΣΤΟΥΝΤΙΟ 10 ΜΕΤΡΑ ΑΠΟ ΤΗΝ ΤΣΙΜΙΣΚΙ - Georgakos Real Estate,sale,studio,75000,30.0,2500,,ισόγειο,1965,thessaloniki,Θεσσαλονίκη,Θεσσαλονίκης,,,https://www.georgakos.com/images/properties/164-411704702.jpg,,,2026-09-27,2026-09-27T14:26:41Z
georgakos.com,Georgakos Real Estate,https://www.georgakos.com/property/40456,ΔΙΑΜΕΡΙΣΜΑ ΣΤΗΝ ΞΗΡΟΚΡΗΝΗ - Georgakos Real Estate,,apartment,,63.0,,1,3,1970,thessaloniki,Θεσσαλονίκη-Κέντρο,Θεσσαλονίκης,,,https://www.georgakos.com/images/properties/206-404564246.jpg,,,2026-09-27,2026-09-27T14:27:03Z
georgakos.com,Georgakos Real Estate,https://www.georgakos.com/property/41175,ΠΟΛΥΤΕΛΗ ΓΚΑΡΣΟΝΙΕΡΑ 50 ΜΕΤΡΑ ΑΠΟ ΤΗΝ ΘΑΛΑΣΣΑ - Georgakos Real Estate,sale,studio,220000,40.0,5500,1,8,1970,thessaloniki,Θεσσαλονίκη,Θεσσαλονίκης,,,https://www.georgakos.com/images/properties/164-411756399.jpg,,,2026-09-27,2026-09-27T14:27:06Z
georgakos.com,Georgakos Real Estate,https://www.georgakos.com/property/41160,ΣΤΟΥΝΤΙΟ ΜΕ ΟΛΟΥΣ ΤΟΥΣ ΠΑΓΙΟΥΣ ΛΟΓΑΣΙΑΣΜΟΥΣ - Georgakos Real Estate,,studio,,28.0,,,4,1965,thessaloniki,Θεσσαλονίκη,Θεσσαλονίκης,,,https://www.georgakos.com/images/properties/164-411606534.jpg,,,2026-09-27,2026-09-27T14:27:09Z
georgakos.com,Georgakos Real Estate,https://www.georgakos.com/property/41164,ΠΟΛΥΤΕΛΕΣ ΔΙΑΜΈΡΙΜΑ 50 ΜΕΤΡΑ ΑΠΟ ΤΗΝ ΘΑΛΑΣΣΑ - Georgakos Real Estate,sale,,500000,75.0,6667,2,8,1970,thessaloniki,Θεσσαλονίκη,Θεσσαλονίκης,,,https://www.georgakos.com/images/properties/164-411648920.jpg,,,2026-09-27,2026-09-27T14:27:12Z
georgakos.com,Georgakos Real Estate,https://www.georgakos.com/property/41166,ΠΩΛΕΙΤΑΙ ΓΩΝΙΑΚΟ ΔΙΑΜΕΡΙΣΜΑ ΜΕ ΑΠΕΡΑΝΤΗ ΑΝΟΙΧΤΩΣΙΑ - Georgakos Real Estate,sale,apartment,145000,85.0,1706,2,1,1975,thessaloniki,Θεσσαλονίκη,Θεσσαλονίκης,,,https://www.georgakos.com/images/properties/164-411669311.jpg,,,2026-09-27,2026-09-27T14:27:15Z
georgakos.com,Georgakos Real Estate,https://www.georgakos.com/property/41096,ΠΛΗΡΩΣ ΑΝΑΚΑΙΝΙΣΜΕΝΗ ΓΚΑΡΣΟΝΙΕΡΑ ΣΤΟ ΚΕΝΤΡΟ ΤΗΣ ΠΟΛΗΣ - Georgakos Real Estate,sale,studio,165000,33.0,5000,1,3,1964,thessaloniki,Θεσσαλονίκη,Θεσσαλονίκης,,,https://www.georgakos.com/images/properties/198-410964203.jpg,,,2026-09-27,2026-09-27T14:27:18Z
georgakos.com,Georgakos Real Estate,https://www.georgakos.com/property/41097,ΠΛΗΡΩΣ ΑΝΑΚΑΙΝΙΣΜΕΝΗ ΓΚΑΡΣΟΝΙΕΡΑ ΣΤΟ ΚΕΝΤΡΟ ΤΗΣ ΠΟΛΗΣ - Georgakos Real Estate,sale,studio,178000,35.0,5086,1,3,1964,thessaloniki,Θεσσαλονίκη,Θεσσαλονίκης,,,https://www.georgakos.com/images/properties/198-410966019.jpg,,,2026-09-27,2026-09-27T14:27:21Z
georgakos.com,Georgakos Real Estate,https://www.georgakos.com/property/41098,ΠΛΗΡΩΣ ΑΝΑΚΑΙΝΙΣΜΕΝΗ ΓΚΑΡΣΟΝΙΕΡΑ ΣΤΟ ΚΕΝΤΡΟ ΤΗΣ ΠΟΛΗΣ - Georgakos Real Estate,sale,studio,192000,40.0,4800,1,3,1964,thessaloniki,Θεσσαλονίκη,Θεσσαλονίκης,,,https://www.georgakos.com/images/properties/198-410963507.jpg,,,2026-09-27,2026-09-27T14:27:24Z
georgakos.com,Georgakos Real Estate,https://www.georgakos.com/property/41099,ΠΛΗΡΩΣ ΑΝΑΚΑΙΝΙΣΜΕΝΗ ΓΚΑΡΣΟΝΙΕΡΑ ΣΤΟ ΚΕΝΤΡΟ ΤΗΣ ΠΟΛΗΣ - Georgakos Real Estate,sale,studio,138000,28.0,4929,1,3,1964,thessaloniki,Θεσσαλονίκη,Θεσσαλονίκης,,,https://www.georgakos.com/images/properties/198-410961072.jpg,,,2026-09-27,2026-09-27T14:27:27Z
georgakos.com,Georgakos Real Estate,https://www.georgakos.com/property/41150,ΚΑΤΑΣΤΗΜΑ 84 ΤΜ - Georgakos Real Estate,sale,store,120000,84.0,1429,,ισόγειο,1966,thessaloniki,Θεσσαλονίκη,Θεσσαλονίκη Περιφ/κοί δήμοι,,,https://www.georgakos.com/images/properties/128-411504543.jpg,,,2026-09-27,2026-09-27T14:27:30Z
georgakos.com,Georgakos Real Estate,https://www.georgakos.com/property/41144,"ΕΞΑΙΡΕΤΙΚΗ ΝΕΟΔΜΗΤΗ ΜΕΖΟΝΕΤΑ 68,94 ΤΜ ΣΤΗΝ ΕΠΕΚΤΑΣΗ ΤΗΣ ΘΕΡΜΗΣ - - Georgakos Real Estate",sale,maisonette,220000,68.9,3191,2,2,,thessaloniki,Θέρμη,Θεσσαλονίκη Περιφ/κοί δήμοι,,,https://www.georgakos.com/images/properties/203-402402164.jpg,,,2026-09-27,2026-09-27T14:27:33Z
georgakos.com,Georgakos Real Estate,https://www.georgakos.com/property/41133,ΠΛΗΡΩΣ ΕΠΙΠΛΩΜΕΝΟ ΔΙΑΜΕΡΙΣΜΑ 3 ΥΠΝΟΔΩΜΑΤΙΩΝ ΣΤΟΝ ΑΓΙΟ ΠΑΥΛΟ - Georgakos Real Estate,,apartment,,120.0,,3,1,1992,thessaloniki,Θεσσαλονίκη,Θεσσαλονίκης,,,https://www.georgakos.com/images/properties/198-411333541.jpg,,,2026-09-27,2026-09-27T14:27:36Z
luxuryrealestate.gr,Luxury Real Estate,https://luxuryrealestate.gr/property.php?id=102,Studio 43.00 sq.m.,sale,studio,88000,43.0,2047,1,4,,unknown,,,,,https://luxuryrealestate.gr/images/properties/85-8648394.jpg,,,2026-09-27,2026-09-27T14:27:52Z
luxuryrealestate.gr,Luxury Real Estate,https://luxuryrealestate.gr/property.php?id=105,Villa 200.00 sq.m.,sale,house,5000000,200.0,25000,0,ground,,unknown,,,,,https://luxuryrealestate.gr/images/properties/88-1057749.jpg,,,2026-09-27,2026-09-27T14:27:55Z
luxuryrealestate.gr,Luxury Real Estate,https://luxuryrealestate.gr/property.php?id=101,Apartment 140.00 sq.m.,sale,apartment,270000,140.0,1929,3,2,,unknown,,,,,https://luxuryrealestate.gr/images/properties/87-8616892.jpg,,,2026-09-27,2026-09-27T14:27:59Z
luxuryrealestate.gr,Luxury Real Estate,https://luxuryrealestate.gr/property.php?id=104,Apartment 82.00 sq.m.,sale,apartment,105000,82.0,1280,2,5,,unknown,,,,,https://luxuryrealestate.gr/images/properties/88-8689004.jpg,,,2026-09-27,2026-09-27T14:28:01Z
luxuryrealestate.gr,Luxury Real Estate,https://luxuryrealestate.gr/property.php?id=100,Maisonette 140.00 sq.m.,sale,maisonette,115000,140.0,821,3,ground,,unknown,,,,,https://luxuryrealestate.gr/images/properties/87-8603048.jpg,,,2026-09-27,2026-09-27T14:28:05Z
luxuryrealestate.gr,Luxury Real Estate,https://luxuryrealestate.gr/property.php?id=103,Maisonette 178.00 sq.m.,sale,maisonette,195000,178.0,1096,3,ground,,unknown,,,,,https://luxuryrealestate.gr/images/properties/85-8653551.jpg,,,2026-09-27,2026-09-27T14:28:08Z
hellenic-home.gr,Hellenic Home,https://www.hellenic-home.gr/property.php?id=9196,Διαμέρισμα 100.00 τ.μ.,sale,apartment,285000,100.0,2850,2,7,2006,thessaloniki,Θεσσαλονίκη-Ανατολικά,Τούμπα,,,https://www.hellenic-home.gr/images/properties/1-91963121.jpg,,,2026-09-27,2026-09-27T14:27:05Z
hellenic-home.gr,Hellenic Home,https://www.hellenic-home.gr/property.php?id=9209,Διαμέρισμα 80.00 τ.μ.,sale,apartment,170000,80.0,2125,2,2,1963,unknown,,,,,https://www.hellenic-home.gr/images/properties/1-92097929.jpg,,,2026-09-27,2026-09-27T14:27:07Z
hellenic-home.gr,Hellenic Home,https://www.hellenic-home.gr/property.php?id=9201,Μεζονέτα 137.00 τ.μ.,sale,maisonette,420000,137.0,3066,3,7,2025,thessaloniki,Καλαμαριά,Καλαμαριά,,,https://www.hellenic-home.gr/images/properties/1-920185.jpg,,,2026-09-27,2026-09-27T14:27:10Z
hellenic-home.gr,Hellenic Home,https://www.hellenic-home.gr/property.php?id=9210,Διαμέρισμα 87.00 τ.μ.,sale,apartment,163000,87.0,1874,2,2,1973,unknown,,,,,https://www.hellenic-home.gr/images/properties/1-9210778.jpg,,,2026-09-27,2026-09-27T14:27:13Z
hellenic-home.gr,Hellenic Home,https://www.hellenic-home.gr/property.php?id=9200,Μεζονέτα 198.00 τ.μ.,sale,maisonette,630000,198.0,3182,5,8,2019,thessaloniki,Θεσσαλονίκη-Ανατολικά,Τούμπα,,,https://www.hellenic-home.gr/images/properties/1-92003348.jpg,,,2026-09-27,2026-09-27T14:27:20Z
hellenic-home.gr,Hellenic Home,https://www.hellenic-home.gr/property.php?id=9202,Μεζονέτα 170.00 τ.μ.,sale,maisonette,520000,170.0,3059,4,7,2025,thessaloniki,Καλαμαριά,Καλαμαριά,,,https://www.hellenic-home.gr/images/properties/1-92029672.jpg,,,2026-09-27,2026-09-27T14:27:23Z
hellenic-home.gr,Hellenic Home,https://www.hellenic-home.gr/property.php?id=9184,Μεζονέτα 165.00 τ.μ.,sale,maisonette,608000,165.0,3685,3,8,2026,thessaloniki,Θεσσαλονίκη-Ανατολικά,Τούμπα,,,https://www.hellenic-home.gr/images/properties/1-91842487.jpg,,,2026-09-27,2026-09-27T14:27:26Z
hellenic-home.gr,Hellenic Home,https://www.hellenic-home.gr/property.php?id=9207,Γκαρσονιέρα 45.00 τ.μ.,sale,studio,135000,45.0,3000,1,2,1962,thessaloniki,Θεσσαλονίκη,Θεσσαλονίκη ΟΛΥΜΠΙΑΔΟΣ ΠΩΛΕΙΤΑΙ ανακαινισμένη επιπλ,,,https://www.hellenic-home.gr/images/properties/1-92072703.jpg,,,2026-09-27,2026-09-27T14:27:28Z
hellenic-home.gr,Hellenic Home,https://www.hellenic-home.gr/property.php?id=9208,Γκαρσονιέρα 36.00 τ.μ.,sale,studio,128000,36.0,3556,1,2,1962,thessaloniki,Θεσσαλονίκη,Θεσσαλονίκη ΟΛΥΜΠΙΑΔΟΣ ΠΩΛΕΙΤΑΙ ανακαινισμένη επιπλ,,,https://www.hellenic-home.gr/images/properties/1-92084529.jpg,,,2026-09-27,2026-09-27T14:27:35Z
hellenic-home.gr,Hellenic Home,https://www.hellenic-home.gr/property.php?id=9205,Γκαρσονιέρα 28.00 τ.μ.,sale,studio,95000,28.0,3393,,2,1962,thessaloniki,Θεσσαλονίκη,Θεσσαλονίκη ΟΛΥΜΠΙΑΔΟΣ ΠΩΛΕΙΤΑΙ ανακαινισμένο επιπλ,,,https://www.hellenic-home.gr/images/properties/1-92058994.jpg,,,2026-09-27,2026-09-27T14:27:41Z
hellenic-home.gr,Hellenic Home,https://www.hellenic-home.gr/property.php?id=9204,Γκαρσονιέρα 27.00 τ.μ.,sale,studio,95000,27.0,3519,,2,1962,thessaloniki,Θεσσαλονίκη,Θεσσαλονίκη ΟΛΥΜΠΙΑΔΟΣ ΠΩΛΕΙΤΑΙ ανακαινισμένο επιπλ,,,https://www.hellenic-home.gr/images/properties/1-92043885.jpg,,,2026-09-27,2026-09-27T14:27:46Z
hellenic-home.gr,Hellenic Home,https://www.hellenic-home.gr/property.php?id=9206,Γκαρσονιέρα 25.00 τ.μ.,sale,studio,95000,25.0,3800,,2,1962,thessaloniki,Θεσσαλονίκη,Θεσσαλονίκη ΟΛΥΜΠΙΑΔΟΣ ΠΩΛΕΙΤΑΙ ανακαινισμένο επιπλ,,,https://www.hellenic-home.gr/images/properties/1-92061912.jpg,,,2026-09-27,2026-09-27T14:27:53Z
hellenic-home.gr,Hellenic Home,https://www.hellenic-home.gr/property.php?id=9185,Μεζονέτα 138.00 τ.μ.,sale,maisonette,460000,138.0,3333,3,5,2026,thessaloniki,Θεσσαλονίκη-Ανατολικά,Θεσσαλονίκη Μπότσαρη ΠΩΛΕΙΤΑΙ νεόδμητη μεζονέτα 2 ε,,,https://www.hellenic-home.gr/images/properties/1-91855061.jpg,,,2026-09-27,2026-09-27T14:27:59Z
hellenic-home.gr,Hellenic Home,https://www.hellenic-home.gr/property.php?id=9168,Διαμέρισμα 28.00 τ.μ.,sale,apartment,90000,28.0,3214,,2,1975,unknown,,,,,https://www.hellenic-home.gr/images/properties/1-91686622.jpg,,,2026-09-27,2026-09-27T14:28:05Z
hellenic-home.gr,Hellenic Home,https://www.hellenic-home.gr/property.php?id=9195,Γκαρσονιέρα 42.00 τ.μ.,sale,studio,120000,42.0,2857,1,ισόγειο,2023,unknown,,,,,https://www.hellenic-home.gr/images/properties/2-91952216.jpg,,,2026-09-27,2026-09-27T14:28:11Z
hellenic-home.gr,Hellenic Home,https://www.hellenic-home.gr/property.php?id=9109,Διαμέρισμα 59.00 τ.μ.,sale,apartment,115000,59.0,1949,1,1,1979,thessaloniki,Θεσσαλονίκη,Θεσσαλονίκη ΠΩΛΕΙΤΑΙ διαμέρισμα στον 1 ο όροφο συνο,,,https://www.hellenic-home.gr/images/properties/1-91097180.jpg,,,2026-09-27,2026-09-27T14:28:17Z
ademisrealestate.gr,Ademis Real Estate,https://www.ademisrealestate.gr/property/439,Ισογειο Λοφτ διπλα στην Ολγας  - Μεσιτικό Γραφείο Ademis Real Estate,,office,,40.0,,1,ισόγειο,1970,thessaloniki,Θεσσαλονίκη,Θεσσαλονίκης,,,https://www.ademisrealestate.gr/images/properties/1-4396497.jpg,,,2026-09-27,2026-09-27T14:26:48Z
ademisrealestate.gr,Ademis Real Estate,https://www.ademisrealestate.gr/property/112,Πλήρως ενεργειακά αυτόνομη Βίλα Πολυτελείας - Μεσιτικό Γραφείο Ademis Real Estate,sale,house,1150000,356.0,3230,5,2,2008,thessaloniki,Θεσσαλονίκη,Θεσσαλονίκη Περιφ/κοί δήμοι,,,https://www.ademisrealestate.gr/images/properties/1-1123660.jpg,,,2026-09-27,2026-09-27T14:26:51Z
ademisrealestate.gr,Ademis Real Estate,https://www.ademisrealestate.gr/property/351,Επενδυτικό ακίνητο στην Ροτόντα - Μεσιτικό Γραφείο Ademis Real Estate,sale,office,115000,50.0,2300,2,ημιυπόγειο,1980,thessaloniki,Θεσσαλονίκη-Κέντρο,Θεσσαλονίκης,,,https://www.ademisrealestate.gr/images/properties/1-3516487.jpg,,,2026-09-27,2026-09-27T14:26:53Z
ademisrealestate.gr,Ademis Real Estate,https://www.ademisrealestate.gr/property/214,Γραφείο στα δικαστήρια  - Μεσιτικό Γραφείο Ademis Real Estate,sale,office,110000,65.0,1692,,7,2001,thessaloniki,Θεσσαλονίκη,Θεσσαλονίκης,,,https://www.ademisrealestate.gr/images/properties/1-2149213.jpg,,,2026-09-27,2026-09-27T14:26:57Z
ademisrealestate.gr,Ademis Real Estate,https://www.ademisrealestate.gr/property/141,Νεόδμητη Πολυτελής Μεζονέτα Α+ στο Κέντρο της Θέρμης με Απεριόριστη Θέα - Μεσιτικό Γραφείο Ademis Real Estate,sale,maisonette,347000,133.0,2609,,3,2026,thessaloniki,Θέρμη,Θέρμη,,,https://www.ademisrealestate.gr/images/properties/shared_1108-159141588.jpg,,,2026-09-27,2026-09-27T14:27:11Z
ademisrealestate.gr,Ademis Real Estate,https://www.ademisrealestate.gr/property/157,Μηχανιώνα 155τμ με Θέα βουνο και θάλασσα 2026 - Μεσιτικό Γραφείο Ademis Real Estate,sale,office,240000,155.0,1548,4,ισόγειο,2014,thessaloniki,Θερμαϊκός,Θεσσαλονίκη Περιφ/κοί δήμοι,,,https://www.ademisrealestate.gr/images/properties/1-1572959.jpg,,,2026-09-27,2026-09-27T14:27:14Z
ademisrealestate.gr,Ademis Real Estate,https://www.ademisrealestate.gr/property/114,Πωλείται αρχοντική μονοκατοικία 205τμ Ανω Περαία. - Μεσιτικό Γραφείο Ademis Real Estate,sale,house,390000,205.0,1902,,1,1985,thessaloniki,Θερμαϊκός,Περαία,,,https://www.ademisrealestate.gr/images/properties/1-1144853.jpg,,,2026-09-27,2026-09-27T14:27:17Z
ademisrealestate.gr,Ademis Real Estate,https://www.ademisrealestate.gr/property/140,Μεζονέτα 210 τ.μ. - Μεσιτικό Γραφείο Ademis Real Estate,rent,maisonette,6000,210.0,29,3,ισόγειο,2023,thessaloniki,Θεσσαλονίκη,Θεσσαλονίκη Περιφ/κοί δήμοι,,,https://www.ademisrealestate.gr/images/properties/shared_1001-159577683.jpg,,,2026-09-27,2026-09-27T14:27:20Z
ademisrealestate.gr,Ademis Real Estate,https://www.ademisrealestate.gr/property/117,Κομμωτήριο με εξοπλισμό - Μεσιτικό Γραφείο Ademis Real Estate,rent,office,1350,75.0,18,,,1959,thessaloniki,Θεσσαλονίκη,Θεσσαλονίκης,,,https://www.ademisrealestate.gr/images/properties/1-1173558.jpg,,,2026-09-27,2026-09-27T14:27:23Z
ademisrealestate.gr,Ademis Real Estate,https://www.ademisrealestate.gr/property/139,Μεζονέτα 210 τ.μ. - Μεσιτικό Γραφείο Ademis Real Estate,sale,maisonette,1200000,210.0,5714,3,ισόγειο,2023,thessaloniki,Θεσσαλονίκη,Θεσσαλονίκη Περιφ/κοί δήμοι,,,https://www.ademisrealestate.gr/images/properties/shared_1001-159577683.jpg,,,2026-09-27,2026-09-27T14:27:37Z
ademisrealestate.gr,Ademis Real Estate,https://www.ademisrealestate.gr/property/142,Νεόδμητη Πολυτελής Μεζονέτα Α+ στο Κέντρο της Θέρμης με Απεριόριστη Θέα - Μεσιτικό Γραφείο Ademis Real Estate,sale,maisonette,350000,141.0,2482,,3,2026,thessaloniki,Θέρμη,Θέρμη,,,https://www.ademisrealestate.gr/images/properties/shared_1108-159151422.jpg,,,2026-09-27,2026-09-27T14:27:40Z
ademisrealestate.gr,Ademis Real Estate,https://www.ademisrealestate.gr/property/145,Μεζονέτα 115 τ.μ. - Μεσιτικό Γραφείο Ademis Real Estate,sale,maisonette,270000,115.0,2348,2,1,,thessaloniki,Θεσσαλονίκη,Θεσσαλονίκη Περιφ/κοί δήμοι,,,https://www.ademisrealestate.gr/images/properties/shared_1110-159188237.jpg,,,2026-09-27,2026-09-27T14:27:43Z
ademisrealestate.gr,Ademis Real Estate,https://www.ademisrealestate.gr/property/147,Επενδυτική μονοκατοικία 1965 τ.μ. - Μεσιτικό Γραφείο Ademis Real Estate,sale,house,500000,1965.0,254,,,1965,thessaloniki,Θεσσαλονίκη,Θεσσαλονίκη Περιφ/κοί δήμοι,,,https://www.ademisrealestate.gr/images/properties/shared_1110-159204111.jpg,,,2026-09-27,2026-09-27T14:27:47Z
ademisrealestate.gr,Ademis Real Estate,https://www.ademisrealestate.gr/property/148,Γκαρσονιέρα/Studio 35 τ.μ. - Μεσιτικό Γραφείο Ademis Real Estate,sale,studio,54000,35.0,1543,,4,1976,thessaloniki,Θεσσαλονίκη,Θεσσαλονίκη Περιφ/κοί δήμοι,,,https://www.ademisrealestate.gr/images/properties/shared_1054-158872770.jpg,,,2026-09-27,2026-09-27T14:27:49Z
ademisrealestate.gr,Ademis Real Estate,https://www.ademisrealestate.gr/property/133,Γραφείο 70 τ.μ. - Μεσιτικό Γραφείο Ademis Real Estate,sale,office,110000,70.0,1571,,8,1972,thessaloniki,Θεσσαλονίκη,Θεσσαλονίκης,,,https://www.ademisrealestate.gr/images/properties/shared_1055-154349248.jpg,,,2026-09-27,2026-09-27T14:27:52Z
ademisrealestate.gr,Ademis Real Estate,https://www.ademisrealestate.gr/property/120,Ιδανικό για Golden Visa - Μεσιτικό Γραφείο Ademis Real Estate,sale,office,250000,50.0,5000,,7,1972,thessaloniki,Θεσσαλονίκη,Θεσσαλονίκης,,,https://www.ademisrealestate.gr/images/properties/1-12037.jpg,,,2026-09-27,2026-09-27T14:27:55Z
ademisrealestate.gr,Ademis Real Estate,https://www.ademisrealestate.gr/property/104,Αποθήκη 63 τ.μ. - Μεσιτικό Γραφείο Ademis Real Estate,,warehouse,16000,63.0,254,,υπόγειο,1960,thessaloniki,Θεσσαλονίκη,Θεσσαλονίκης,,,https://www.ademisrealestate.gr/images/properties/1-1047406.jpg,,,2026-09-27,2026-09-27T14:27:58Z
ademisrealestate.gr,Ademis Real Estate,https://www.ademisrealestate.gr/property/129,Οροφοδιαμέρισμα στην Ανάληψη - Μεσιτικό Γραφείο Ademis Real Estate,sale,apartment,170000,80.0,2125,2,3,1970,thessaloniki,Θεσσαλονίκη-Ανατολικά,Θεσσαλονίκης,,,https://www.ademisrealestate.gr/images/properties/1-1299020.jpg,,,2026-09-27,2026-09-27T14:28:13Z
ademisrealestate.gr,Ademis Real Estate,https://www.ademisrealestate.gr/property/130,Ευρύχωρο διαμέρισμα χωρις ασανσερ στην Μενεμένη - Μεσιτικό Γραφείο Ademis Real Estate,sale,apartment,75000,81.0,926,3,3,1980,thessaloniki,Αμπελόκηποι-Μενεμένη,Μενεμένη,,,https://www.ademisrealestate.gr/images/properties/1-1303530.jpg,,,2026-09-27,2026-09-27T14:28:16Z
ademisrealestate.gr,Ademis Real Estate,https://www.ademisrealestate.gr/property/108,Βιομηχανικό γεοτεμάχιο - Μεσιτικό Γραφείο Ademis Real Estate,sale,warehouse,270000,200.0,1350,,,,thessaloniki,Θεσσαλονίκη,Θεσσαλονίκη Περιφ/κοί δήμοι,,,https://www.ademisrealestate.gr/images/properties/1-1082856.jpg,,,2026-09-27,2026-09-27T14:28:19Z
ademisrealestate.gr,Ademis Real Estate,https://www.ademisrealestate.gr/property/115,"???? Πωλείται Οικόπεδο στον Άνω Εύοσμο, Προέκταση Μαιάνδρου - Μεσιτικό Γραφείο Ademis Real Estate",sale,land,600000,458.8,1308,,,,thessaloniki,Κορδελιό-Εύοσμος,Θεσσαλονίκης,,,https://www.ademisrealestate.gr/images/properties/1-1155083.jpg,,,2026-09-27,2026-09-27T14:28:22Z
liberty.com.gr,LIBERTY REAL ESTATE - ΜΗΛΙΟΣ Ν ΚΑΙ ΣΙΑ ΕΕ,https://liberty.com.gr/property/1882/Diamerisma-Thessaloniki%20kentro,Διαμέρισμα 80 τ.μ. - Μεσιτικό Γραφείο Θεσσαλονίκη - Liberty Real Estate,sale,apartment,310000,80.0,3875,,6,1964,thessaloniki,Θεσσαλονίκη,Θεσσαλονίκη - Liberty Real Estate  Διαμέρισμα 80 τ.,,,https://liberty.com.gr/images/properties/22-18823092.jpg,,,2026-09-27,2026-09-27T14:27:51Z
houseland-estate.gr,HOUSE LAND (Τριανταφυλλίδης Αδάμ Γ.),https://www.houseland-estate.gr/property/6052/Diamerisma-Neapoli,Διαμέρισμα 80 τ.μ. - Μεσιτικό Γραφείο House Land,sale,apartment,110000,80.0,1375,2,1,1976,thessaloniki,Νεάπολη-Συκιές,Θεσσαλονίκη Περιφ/κοί δήμοι,,,https://www.houseland-estate.gr/images/properties/6052__img_7.jpg,,,2026-09-27,2026-09-27T14:26:46Z
houseland-estate.gr,HOUSE LAND (Τριανταφυλλίδης Αδάμ Γ.),https://www.houseland-estate.gr/property/6044/Gkarsoniera/Studio-Thessaloniki%20kentro,Γκαρσονιέρα/Studio 43 τ.μ. - Μεσιτικό Γραφείο House Land,sale,studio,69000,43.0,1605,1,ημιυπόγειο,1975,thessaloniki,Θεσσαλονίκη,Θεσσαλονίκης,,,https://www.houseland-estate.gr/images/properties/6044__img_2.jpg,,,2026-09-27,2026-09-27T14:27:18Z
houseland-estate.gr,HOUSE LAND (Τριανταφυλλίδης Αδάμ Γ.),https://www.houseland-estate.gr/property/5994/Apothiki-Sukies,Αποθήκη 150 τ.μ. - Μεσιτικό Γραφείο House Land,sale,warehouse,59000,150.0,393,,ισόγειο,1975,thessaloniki,Θεσσαλονίκη,Θεσσαλονίκη Περιφ/κοί δήμοι,,,https://www.houseland-estate.gr/images/properties/5994__img_2.jpg,,,2026-09-27,2026-09-27T14:27:51Z
houseland-estate.gr,HOUSE LAND (Τριανταφυλλίδης Αδάμ Γ.),https://www.houseland-estate.gr/property/5930/Katastima-Neapoli,Κατάστημα 57 τ.μ. - Μεσιτικό Γραφείο House Land,sale,store,,57.0,,,ισόγειο,1970,thessaloniki,Νεάπολη-Συκιές,Θεσσαλονίκη Περιφ/κοί δήμοι,,,https://www.houseland-estate.gr/images/properties/,,,2026-09-27,2026-09-27T14:27:57Z
houseland-estate.gr,HOUSE LAND (Τριανταφυλλίδης Αδάμ Γ.),https://www.houseland-estate.gr/property/5871/Apothiki-Sukies,Αποθήκη 80 τ.μ. - Μεσιτικό Γραφείο House Land,,warehouse,20000,80.0,250,,ημιυπόγειο,1990,thessaloniki,Θεσσαλονίκη,Θεσσαλονίκη Περιφ/κοί δήμοι,,,https://www.houseland-estate.gr/images/properties/5871__img_2.jpg,,,2026-09-27,2026-09-27T14:28:03Z
houseland-estate.gr,HOUSE LAND (Τριανταφυλλίδης Αδάμ Γ.),https://www.houseland-estate.gr/property/5839/Apothiki-Thessaloniki%20kentro,Αποθήκη 100 τ.μ. - Μεσιτικό Γραφείο House Land,,warehouse,12000,100.0,120,,υπόγειο,1968,thessaloniki,Θεσσαλονίκη,Θεσσαλονίκης,,,https://www.houseland-estate.gr/images/properties/5839__img_2.jpg,,,2026-09-27,2026-09-27T14:28:06Z
libra-properties.gr,LIBRA-PROPERTIES,https://libra-properties.gr/property/437/Oikopedo-Pulaia,Οικόπεδο 240 τ.μ. - Μεσιτικό Γραφείο Libra Properties,sale,land,270000,240.0,1125,,,,thessaloniki,Θεσσαλονίκη,Θεσσαλονίκη Περιφ/κοί δήμοι,,,https://libra-properties.gr/images/properties/87-4376693.jpg,,,2026-09-27,2026-09-27T14:27:46Z
libra-properties.gr,LIBRA-PROPERTIES,https://libra-properties.gr/property/641/Diamerisma-Leukos%20Purgos,Διαμέρισμα 240 τ.μ. - Μεσιτικό Γραφείο Libra Properties,sale,apartment,1800000,240.0,7500,4,2,1970,thessaloniki,Θεσσαλονίκη,Θεσσαλονίκης,,,https://libra-properties.gr/images/properties/87-6418448.jpg,,,2026-09-27,2026-09-27T14:27:54Z
home-4all.gr,Home4all Real Estate,https://home-4all.gr/property/2388,Στουντιο με ηλ. συκευες και αεριο ! - Home4all Μεσιτικό Γραφείο,,studio,,33.0,,,3,1973,thessaloniki,Θεσσαλονίκη,Θεσσαλονίκης,,,https://home-4all.gr/images/properties/AAL2832683.jpg,,,2026-09-27,2026-09-27T14:27:12Z
home-4all.gr,Home4all Real Estate,https://home-4all.gr/property/2724,"Θεα θαλασσα και πάρκο ενεργειακης κλαση Α++ , αειφόρα δόμηση !!!! - Home4all Μεσιτικό Γραφείο",sale,office,875000,145.0,6034,,2,,thessaloniki,Θεσσαλονίκη,Θεσσαλονίκη Περιφ/κοί δήμοι,,,https://home-4all.gr/images/properties/AAL27587573.jpg,,,2026-09-27,2026-09-27T14:27:14Z
home-4all.gr,Home4all Real Estate,https://home-4all.gr/property/2723,"Απεριοριστη θεα θαλασσα , πισινα , ενεργειακης κλαση Α++ , αηφόρα δόμηση !!!! - Home4all Μεσιτικό Γραφείο",sale,office,1135000,145.0,7828,,4,,thessaloniki,Θεσσαλονίκη,Θεσσαλονίκη Περιφ/κοί δήμοι,,,https://home-4all.gr/images/properties/AAL27584448.jpg,,,2026-09-27,2026-09-27T14:27:17Z
home-4all.gr,Home4all Real Estate,https://home-4all.gr/property/2722,"Απεριοριστη θεα θαλασσα , πισινα , ενεργειακης κλαση Α++ , αηφόρα δόμηση !!!! - Home4all Μεσιτικό Γραφείο",sale,office,1550000,153.0,10131,,6,,thessaloniki,Θεσσαλονίκη,Θεσσαλονίκη Περιφ/κοί δήμοι,,,https://home-4all.gr/images/properties/AAL27584448.jpg,,,2026-09-27,2026-09-27T14:27:20Z
home-4all.gr,Home4all Real Estate,https://home-4all.gr/property/2721,ΑΝΤΙΠΑΡΟΧΗ Ή ΠΩΛΗΣΗ ΟΙΚΟΠΕΔΟ  αρτιο και οικοδομησιμο !!! - Home4all Μεσιτικό Γραφείο,sale,land,4200000,575.6,7297,,,,thessaloniki,Θεσσαλονίκη,Θεσσαλονίκης,,,https://home-4all.gr/images/properties/AAL27505377.jpg,,,2026-09-27,2026-09-27T14:27:23Z
home-4all.gr,Home4all Real Estate,https://home-4all.gr/property/2720,Ολοι οι λογαριασμοι στην τιμή ......  πληρως επιπλωμενο με θεα ανοιχτωσια !!! - Home4all Μεσιτικό Γραφείο,,office,,35.0,,,1,1979,thessaloniki,Θεσσαλονίκη,Θεσσαλονίκης,,,https://home-4all.gr/images/properties/AAL27577075.jpg,,,2026-09-27,2026-09-27T14:27:27Z
home-4all.gr,Home4all Real Estate,https://home-4all.gr/property/2719,"Πληρως ανακαινισμενο , προσόψεως  και πληρως επιπλωμενο με θεα ανοιχτωσια !!! - Home4all Μεσιτικό Γραφείο",sale,office,87000,23.0,3783,,,1972,thessaloniki,Θεσσαλονίκη,Θεσσαλονίκης,,,https://home-4all.gr/images/properties/AAL27561925.jpg,,,2026-09-27,2026-09-27T14:27:30Z
home-4all.gr,Home4all Real Estate,https://home-4all.gr/property/2712,Αρχοντικο καταλληλο και για ξενοδοχειο με υπολοιπο δομησης !! - Home4all Μεσιτικό Γραφείο,sale,hotel,1500000,566.0,2650,,1,,unknown,,,,,https://home-4all.gr/images/properties/AAL26597577.jpg,,,2026-09-27,2026-09-27T14:27:32Z
home-4all.gr,Home4all Real Estate,https://home-4all.gr/property/2711,"Θεα παρκο, με αεριο, τεντες , επιπλωμενο ,  του 1993  !!! - Home4all Μεσιτικό Γραφείο",sale,office,165000,80.0,2062,,1,1993,thessaloniki,Θεσσαλονίκη,Θεσσαλονίκη Περιφ/κοί δήμοι,,,https://home-4all.gr/images/properties/AAL27484627.jpg,,,2026-09-27,2026-09-27T14:27:36Z
home-4all.gr,Home4all Real Estate,https://home-4all.gr/property/2709,Θεα θαλασσα  2 στρεμματα κηπος και ιδιωτικη πισινα !! - Home4all Μεσιτικό Γραφείο,sale,office,285000,60.0,4750,3,,,thessaloniki,Θεσσαλονίκη,Θεσσαλονίκη Περιφ/κοί δήμοι,,,https://home-4all.gr/images/properties/AAL27479712.jpg,,,2026-09-27,2026-09-27T14:27:38Z
home-4all.gr,Home4all Real Estate,https://home-4all.gr/property/2710,Ξενοδοχειο στην καρδια της πολης λιγα μετρα απο την σταση του Μετρο !!!! - Home4all Μεσιτικό Γραφείο,,hotel,10000,900.0,11,,1,1935,thessaloniki,Θεσσαλονίκη,Θεσσαλονίκης,,,https://home-4all.gr/images/properties/AAL27411202.jpg,,,2026-09-27,2026-09-27T14:27:41Z
home-4all.gr,Home4all Real Estate,https://home-4all.gr/property/295,Ξενοδοχείο προς ενοικίαση 1100 τ.μ. Θεσσαλονίκη κέντρο - Home4all Μεσιτικό Γραφείο,rent,hotel,12500,1100.0,11,,7,1965,thessaloniki,Θεσσαλονίκη,Θεσσαλονίκη κέντρο - Home4all Μεσιτικό Γραφείο  Ξεν,,,https://home-4all.gr/images/properties/1-29561541.jpeg,,,2026-09-27,2026-09-27T14:27:45Z
home-4all.gr,Home4all Real Estate,https://home-4all.gr/property/122,Ξενοδοχείο 1ο στην παραλια στην Χαλκιδικη !!! - Home4all Μεσιτικό Γραφείο,sale,hotel,36000000,12000.0,3000,,3,1990,other,,Θεσσαλονίκης (Χαλκιδική,,,https://home-4all.gr/images/properties/AAL10806345.jpg,,,2026-09-27,2026-09-27T14:27:47Z
home-4all.gr,Home4all Real Estate,https://home-4all.gr/property/2550,"Πισινα ,γεωτρηση , εστιατοριο κλπ  - Home4all Μεσιτικό Γραφείο",sale,office,5000000,5200.0,962,,1,1992,unknown,,,,,https://home-4all.gr/images/properties/AAL25764114.jpg,,,2026-09-27,2026-09-27T14:27:50Z
home-4all.gr,Home4all Real Estate,https://home-4all.gr/property/342,Ξενοδοχείο στο Πολυχρονο  !!! - Home4all Μεσιτικό Γραφείο,sale,hotel,1000000,300.0,3333,,1,1990,other,,Θεσσαλονίκης (Χαλκιδική,,,https://home-4all.gr/images/properties/1-34289781.jpeg,,,2026-09-27,2026-09-27T14:27:53Z
home-4all.gr,Home4all Real Estate,https://home-4all.gr/property/2511,Ξενοδοχειο  στην περιοχη της Νικητης 100μ απο την παραλια !!! - Home4all Μεσιτικό Γραφείο,sale,hotel,550000,2000.0,275,,1,1990,unknown,,,,,https://home-4all.gr/images/properties/AAL25393540.jpg,,,2026-09-27,2026-09-27T14:27:57Z
home-4all.gr,Home4all Real Estate,https://home-4all.gr/property/2510,Κτηριο με γραφεια και  2   αποθηκες για ολες τις χρησεις  !!! - Home4all Μεσιτικό Γραφείο,rent,office,2700,150.0,18,,ισόγειο,1990,thessaloniki,Θεσσαλονίκη,Θεσσαλονίκη Περιφ/κοί δήμοι,,,https://home-4all.gr/images/properties/AAL25353162.jpg,,,2026-09-27,2026-09-27T14:27:59Z
home-4all.gr,Home4all Real Estate,https://home-4all.gr/property/837,Κτίρια και γη  προς πώληση 550000 τ.μ.  !!!! - Home4all Μεσιτικό Γραφείο,sale,land,10000000,50000.0,200,,ισόγειο,1990,unknown,,,,,https://home-4all.gr/images/properties/1-82724461.jpeg,,,2026-09-27,2026-09-27T14:28:05Z
home-4all.gr,Home4all Real Estate,https://home-4all.gr/property/2460,"Φουρκα ξενοδοχειο με πισινα,εστιατοριο κλπ  - Home4all Μεσιτικό Γραφείο",sale,hotel,3200000,2500.0,1280,,1,1990,other,,Θεσσαλονίκης (Χαλκιδική,,,https://home-4all.gr/images/properties/AAL2481714.jpg,,,2026-09-27,2026-09-27T14:28:09Z
home-4all.gr,Home4all Real Estate,https://home-4all.gr/property/2453,"Πολυτελες με θεα θαλασσα,πισινα και πολλα εξτρα !! - Home4all Μεσιτικό Γραφείο",sale,office,3500000,7700.0,455,,1,2007,thessaloniki,Θεσσαλονίκη,Θεσσαλονίκης. Ειναι σε πληρη λειτουργία και μαζι με,,,https://home-4all.gr/images/properties/AAL24756096.jpg,,,2026-09-27,2026-09-27T14:28:11Z
home-4all.gr,Home4all Real Estate,https://home-4all.gr/property/2674,Παρκινγκ στην περιοχη Β.Ολγας -Μαρτιου !! - Home4all Μεσιτικό Γραφείο,sale,parking,235000,200.0,1175,,υπόγειο,1974,thessaloniki,Θεσσαλονίκη-Ανατολικά,Θεσσαλονίκης,,,https://home-4all.gr/images/properties/AAL27135627.jpg,,,2026-09-27,2026-09-27T14:28:14Z
home-4all.gr,Home4all Real Estate,https://home-4all.gr/property/2708,Πληρως επιπλωμενο σε αριστη κατασταση πολυ κοντα στην Ολγας και την παραλια !! - Home4all Μεσιτικό Γραφείο,,office,,131.0,,,2,1994,thessaloniki,Θεσσαλονίκη,Θεσσαλονίκης,,,https://home-4all.gr/images/properties/AAL1979265.jpg,,,2026-09-27,2026-09-27T14:28:18Z
home-4all.gr,Home4all Real Estate,https://home-4all.gr/property/2696,Βιλα στην Σανη με ατομικη πισινα !!  - Home4all Μεσιτικό Γραφείο,sale,house,550000,5000.0,110,,ισόγειο,,other,,,,,https://home-4all.gr/images/properties/AAL27359321.jpg,,,2026-09-27,2026-09-27T14:28:21Z
home-4all.gr,Home4all Real Estate,https://home-4all.gr/property/2693,Καλλιθέα μεζονέτα με πισίνα !!! - Home4all Μεσιτικό Γραφείο,sale,maisonette,176000,55.0,3200,,1,2025,unknown,,,,,https://home-4all.gr/images/properties/AAL27199059.jpg,,,2026-09-27,2026-09-27T14:28:24Z
home-4all.gr,Home4all Real Estate,https://home-4all.gr/property/2602,Περιοχη Χρυση Ακτη Ολυμπιαδος 1ο θαλασσα  !!! - Home4all Μεσιτικό Γραφείο,sale,office,1750000,16400.0,107,,,,unknown,,,,,https://home-4all.gr/images/properties/AAL26396203.jpg,,,2026-09-27,2026-09-27T14:28:27Z
home-4all.gr,Home4all Real Estate,https://home-4all.gr/property/2571,Ακτη Ελια  με   Θεα θαλασσα  !!! - Home4all Μεσιτικό Γραφείο,sale,office,220000,180.0,1222,,,,thessaloniki,Θεσσαλονίκη,Θεσσαλονίκης (Χαλκιδική,,,https://home-4all.gr/images/properties/AAL25735741.jpg,,,2026-09-27,2026-09-27T14:28:29Z
home-4all.gr,Home4all Real Estate,https://home-4all.gr/property/2569,Στο Πανοραμα με οικοδομική αδεια και θεα θαλασσα  !! - Home4all Μεσιτικό Γραφείο,sale,office,650000,184.8,3517,,,,thessaloniki,Πανόραμα,Θεσσαλονίκη Περιφ/κοί δήμοι,,,https://home-4all.gr/images/properties/AAL25684781.jpg,,,2026-09-27,2026-09-27T14:28:33Z
home-4all.gr,Home4all Real Estate,https://home-4all.gr/property/2398,Αγροτεμάχιο προς πώληση 10000 τ.μ. Μολα Καλύβα - Home4all Μεσιτικό Γραφείο,sale,land,900000,10000.0,90,,,,other,,Θεσσαλονίκης (Χαλκιδική,,,https://home-4all.gr/images/properties/AAL24142203.jpg,,,2026-09-27,2026-09-27T14:28:35Z
house-center.gr,HOUSE CENTER,https://www.house-center.gr/property/829/Diamerisma-Analipsi,Διαμέρισμα 49 τ.μ. - Μεσιτικό Γραφείο House Center,sale,apartment,175000,49.0,3571,2,4,1972,thessaloniki,Θεσσαλονίκη-Ανατολικά,Θεσσαλονίκης,,,https://www.house-center.gr/images/properties/1-72855801.jpeg,,,2026-09-27,2026-09-27T14:26:24Z
house-center.gr,HOUSE CENTER,https://www.house-center.gr/property/830/Gkarsoniera/Studio-Boulgari%20-%20Agios%20Eleutherios,Γκαρσονιέρα/Studio 35 τ.μ. - Μεσιτικό Γραφείο House Center,sale,studio,150000,35.0,4286,1,1,1964,thessaloniki,Θεσσαλονίκη,Θεσσαλονίκης,,,https://www.house-center.gr/images/properties/1-72963101.jpeg,,,2026-09-27,2026-09-27T14:26:27Z
house-center.gr,HOUSE CENTER,https://www.house-center.gr/property/831/Gkarsoniera/Studio-Boulgari%20-%20Agios%20Eleutherios,Γκαρσονιέρα/Studio 38 τ.μ. - Μεσιτικό Γραφείο House Center,sale,studio,165000,38.0,4342,1,1,1964,thessaloniki,Θεσσαλονίκη,Θεσσαλονίκης,,,https://www.house-center.gr/images/properties/1-73074291.jpeg,,,2026-09-27,2026-09-27T14:26:29Z
house-center.gr,HOUSE CENTER,https://www.house-center.gr/property/901/Agrotemachio-Mikra,Αγροτεμάχιο 2900 τ.μ. - Μεσιτικό Γραφείο House Center,sale,land,125000,2900.0,43,,,,thessaloniki,Θεσσαλονίκη,Θεσσαλονίκη Περιφ/κοί δήμοι,,,https://www.house-center.gr/images/properties/1-80032121.jpeg,,,2026-09-27,2026-09-27T14:26:33Z
house-center.gr,HOUSE CENTER,https://www.house-center.gr/property/903/Diamerisma-Nea%20Paralia,Διαμέρισμα 51 τ.μ. - Μεσιτικό Γραφείο House Center,sale,apartment,190000,51.0,3725,2,2,1975,thessaloniki,Θεσσαλονίκη,Θεσσαλονίκης,,,https://www.house-center.gr/images/properties/1-80254921.jpeg,,,2026-09-27,2026-09-27T14:26:35Z
house-center.gr,HOUSE CENTER,https://www.house-center.gr/property/869/Monokatoikia-Mikra,Μονοκατοικία 219 τ.μ. - Μεσιτικό Γραφείο House Center,sale,house,430000,219.0,1963,1,1,1995,thessaloniki,Θεσσαλονίκη,Θεσσαλονίκη Περιφ/κοί δήμοι,,,https://www.house-center.gr/images/properties/1-76833651.jpeg,,,2026-09-27,2026-09-27T14:26:56Z
house-center.gr,HOUSE CENTER,https://www.house-center.gr/property/823/Gkarsoniera/Studio-Ippokrateio,Γκαρσονιέρα/Studio 44 τ.μ. - Μεσιτικό Γραφείο House Center,sale,studio,146000,44.0,3318,1,2,1966,thessaloniki,Θεσσαλονίκη,Θεσσαλονίκης,,,https://www.house-center.gr/images/properties/1-72243761.jpeg,,,2026-09-27,2026-09-27T14:26:59Z
house-center.gr,HOUSE CENTER,https://www.house-center.gr/property/387/Biotechnikos%20Choros-Mikra,Βιοτεχνικός Χώρος 1000 τ.μ. - Μεσιτικό Γραφείο House Center,sale,warehouse,600000,1000.0,600,,ισόγειο,,thessaloniki,Θεσσαλονίκη,Θεσσαλονίκη Περιφ/κοί δήμοι,,,https://www.house-center.gr/images/properties/1-28671091.jpeg,,,2026-09-27,2026-09-27T14:28:22Z
house-center.gr,HOUSE CENTER,https://www.house-center.gr/property/662/Biomichanikos%20Choros-Gallikos,Βιομηχανικός Χώρος 1000 τ.μ. - Μεσιτικό Γραφείο House Center,sale,warehouse,490000,1000.0,490,,ισόγειο,1990,unknown,,,,,https://www.house-center.gr/images/properties/1-56171971.jpeg,,,2026-09-27,2026-09-27T14:28:28Z
grekostarproperties.com,Grekostar Real Estate,https://www.grekostarproperties.com/property/359,Διαμέρισμα 92 τ.μ. - Grekostar Real Estate Κτηματομεσιτικό Γραφείο,sale,apartment,178000,92.0,1935,2,,2002,thessaloniki,Θεσσαλονίκη,Θεσσαλονίκη Περιφ/κοί δήμοι,,,https://www.grekostarproperties.com/images/properties/1-3445996.jpg,,,2026-09-27,2026-09-27T14:27:15Z
grekostarproperties.com,Grekostar Real Estate,https://www.grekostarproperties.com/property/356,Διαμέρισμα 65 τ.μ. - Grekostar Real Estate Κτηματομεσιτικό Γραφείο,sale,apartment,120000,65.0,1846,1,2,1977,thessaloniki,Θεσσαλονίκη,Θεσσαλονίκης,,,https://www.grekostarproperties.com/images/properties/1-3551382.jpg,,,2026-09-27,2026-09-27T14:27:18Z
grekostarproperties.com,Grekostar Real Estate,https://www.grekostarproperties.com/property/352,Διαμέρισμα 65 τ.μ. - Grekostar Real Estate Κτηματομεσιτικό Γραφείο,sale,apartment,90000,65.0,1385,2,ημιυπόγειο,1972,thessaloniki,Θεσσαλονίκη,Θεσσαλονίκης,,,https://www.grekostarproperties.com/images/properties/1-3528186.jpg,,,2026-09-27,2026-09-27T14:27:53Z
grekostarproperties.com,Grekostar Real Estate,https://www.grekostarproperties.com/property/346,Ξενοδοχείο 1001 τ.μ. - Grekostar Real Estate Κτηματομεσιτικό Γραφείο,sale,hotel,750000,1001.0,749,,ισόγειο,1975,unknown,,,,,https://www.grekostarproperties.com/images/properties/1-338110.jpg,,,2026-09-27,2026-09-27T14:27:56Z
grekostarproperties.com,Grekostar Real Estate,https://www.grekostarproperties.com/property/341,Επιχείρηση 2128 τ.μ. - Grekostar Real Estate Κτηματομεσιτικό Γραφείο,sale,office,155000,2128.0,73,,ισόγειο,2010,thessaloniki,Θέρμη,Θέρμη,,,https://www.grekostarproperties.com/images/properties/1-3418263.jpg,,,2026-09-27,2026-09-27T14:27:58Z
grekostarproperties.com,Grekostar Real Estate,https://www.grekostarproperties.com/property/329,Μεζονέτα 138 τ.μ. - Grekostar Real Estate Κτηματομεσιτικό Γραφείο,sale,maisonette,395000,138.0,2862,3,ισόγειο,2023,thessaloniki,Θεσσαλονίκη,Θεσσαλονίκη Περιφ/κοί δήμοι,,,https://www.grekostarproperties.com/images/properties/1-329320.jpg,,,2026-09-27,2026-09-27T14:28:02Z
grekostarproperties.com,Grekostar Real Estate,https://www.grekostarproperties.com/property/332,Διαμέρισμα 100 τ.μ. - Grekostar Real Estate Κτηματομεσιτικό Γραφείο,sale,apartment,270000,100.0,2700,,1,2026,thessaloniki,Θεσσαλονίκη,Θεσσαλονίκη Περιφ/κοί δήμοι,,,https://www.grekostarproperties.com/images/properties/1-3168828.jpg,,,2026-09-27,2026-09-27T14:28:05Z
grekostarproperties.com,Grekostar Real Estate,https://www.grekostarproperties.com/property/333,Μονοκατοικία 200 τ.μ. - Grekostar Real Estate Κτηματομεσιτικό Γραφείο,sale,house,500000,200.0,2500,4,,2006,unknown,,,,,https://www.grekostarproperties.com/images/properties/1-3141497.jpg,,,2026-09-27,2026-09-27T14:28:08Z
grekostarproperties.com,Grekostar Real Estate,https://www.grekostarproperties.com/property/334,Μονοκατοικία 170 τ.μ. - Grekostar Real Estate Κτηματομεσιτικό Γραφείο,sale,house,380000,170.0,2235,3,,2006,unknown,,,,,https://www.grekostarproperties.com/images/properties/1-3158574.jpg,,,2026-09-27,2026-09-27T14:28:11Z
grekostarproperties.com,Grekostar Real Estate,https://www.grekostarproperties.com/property/105,Μονοκατοικία 115 τ.μ. - Grekostar Real Estate Κτηματομεσιτικό Γραφείο,sale,house,390000,115.0,3391,3,,2005,unknown,,,,,https://www.grekostarproperties.com/images/properties/1-105419.jpg,,,2026-09-27,2026-09-27T14:28:14Z
grekostarproperties.com,Grekostar Real Estate,https://www.grekostarproperties.com/property/349,Διαμέρισμα 65 τ.μ. - Grekostar Real Estate Κτηματομεσιτικό Γραφείο,sale,apartment,285000,65.0,4385,2,8,1963,thessaloniki,Θεσσαλονίκη,Θεσσαλονίκης,,,https://www.grekostarproperties.com/images/properties/1-3496345.jpg,,,2026-09-27,2026-09-27T14:28:28Z
grekostarproperties.com,Grekostar Real Estate,https://www.grekostarproperties.com/property/336,Κατάστημα 100 τ.μ. - Grekostar Real Estate Κτηματομεσιτικό Γραφείο,,store,,100.0,,,ισόγειο,2000,thessaloniki,Θεσσαλονίκη,Θεσσαλονίκη Περιφ/κοί δήμοι,,,https://www.grekostarproperties.com/images/properties/1-3103519.jpg,,,2026-09-27,2026-09-27T14:28:42Z
mproperties.gr,MPROPERTIES REAL ESTATE,https://www.mproperties.gr/property/5406/Ktirio%20Oikistiko-Kuthira,ΕΞΑΙΡΕΤΙΚΟ ΑΚΙΝΗΤΟ ΣΤΑ ΚΙΘΥΡΑ  - MProperties Real Estate,sale,,700000,353.0,1983,,ισόγειο,2021,unknown,,,,,https://www.mproperties.gr/images/properties/1-54068260.jpg,,,2026-09-27,2026-09-27T14:28:10Z
mproperties.gr,MPROPERTIES REAL ESTATE,https://www.mproperties.gr/property/5149/Monokatoikia-Thermi,Εξαιρετική μονοκατοικία 200 τ.μ. στη Θέρμη - MProperties Real Estate,sale,house,900000,200.0,4500,5,,2000,thessaloniki,Θέρμη,Θέρμη,,,https://www.mproperties.gr/images/properties/1-51494038.jpg,,,2026-09-27,2026-09-27T14:28:15Z
mproperties.gr,MPROPERTIES REAL ESTATE,https://www.mproperties.gr/property/5846/Agrotemachio-Kassandra,ΑΓΡΟΤΕΜΑΧΙΟ ΠΡΟΣ ΠΩΛΗΣΗ ΠΕΡΙΟΧΗ ΧΕΛΩΝΑ  - MProperties Real Estate,sale,land,280000,66.0,4242,,,,other,,Καλαμαριά,,,https://www.mproperties.gr/images/properties/1-58467917.jpg,,,2026-09-27,2026-09-27T14:28:27Z
mproperties.gr,MPROPERTIES REAL ESTATE,https://www.mproperties.gr/property/4777/Ktirio%20Epaggelmatiko-Echedoros,Κτίριο Επαγγελματικό 2740 τ.μ. - MProperties Real Estate,sale,building,390000,2740.0,142,,ισόγειο,1986,thessaloniki,Θεσσαλονίκη,Θεσσαλονίκη Περιφ/κοί δήμοι,,,https://www.mproperties.gr/images/properties/1-47776132.jpg,,,2026-09-27,2026-09-27T14:28:42Z
magicalhomes.gr,MAGICAL HOMES,https://www.magicalhomes.gr/property.php?id=1891,Κτίριο Επαγγελματικό 550.00 τ.μ.,sale,building,550000,550.0,1000,,ισόγειο,1968,thessaloniki,Θερμαϊκός,Περαία,,,https://www.magicalhomes.gr/images/properties/118916379.jpg,,,2026-09-27,2026-09-27T14:28:03Z
magicalhomes.gr,MAGICAL HOMES,https://www.magicalhomes.gr/property.php?id=1775,Κτίριο Επαγγελματικό 3380.00 τ.μ.,sale,building,2200000,3380.0,651,,ισόγειο,1999,thessaloniki,Θέρμη,Θέρμη,,,https://www.magicalhomes.gr/images/properties/117751665.jpg,,,2026-09-27,2026-09-27T14:28:06Z
magicalhomes.gr,MAGICAL HOMES,https://www.magicalhomes.gr/property.php?id=1764,Κτίριο Επαγγελματικό 600.00 τ.μ.,sale,building,1500000,600.0,2500,,ισόγειο,1970,thessaloniki,Θερμαϊκός,Περαία,,,https://www.magicalhomes.gr/images/properties/117644766.jpg,,,2026-09-27,2026-09-27T14:28:09Z
magicalhomes.gr,MAGICAL HOMES,https://www.magicalhomes.gr/property.php?id=545,Κτίριο Επαγγελματικό 1900.00 τ.μ.,sale,building,950000,1900.0,500,,ισόγειο,2007,thessaloniki,Θέρμη,Θέρμη,,,https://www.magicalhomes.gr/images/properties/1545419220.jpeg,,,2026-09-27,2026-09-27T14:28:12Z
magicalhomes.gr,MAGICAL HOMES,https://www.magicalhomes.gr/property.php?id=403,Κτίριο Επαγγελματικό 346.00 τ.μ.,sale,building,550000,346.0,1590,,ισόγειο,1982,unknown,,,,,https://www.magicalhomes.gr/images/properties/1403255515.jpeg,,,2026-09-27,2026-09-27T14:28:15Z
magicalhomes.gr,MAGICAL HOMES,https://www.magicalhomes.gr/property.php?id=343,Κτίριο Επαγγελματικό 2900.00 τ.μ.,sale,building,1700000,2900.0,586,,ισόγειο,1960,unknown,,,,,https://www.magicalhomes.gr/images/properties/134337341.jpeg,,,2026-09-27,2026-09-27T14:28:18Z
magicalhomes.gr,MAGICAL HOMES,https://www.magicalhomes.gr/property.php?id=272,Κτίριο Επαγγελματικό 1600.00 τ.μ.,sale,building,3000000,1600.0,1875,,ισόγειο,1999,thessaloniki,Θερμαϊκός,Περαία,,,https://www.magicalhomes.gr/images/properties/127227941.jpeg,,,2026-09-27,2026-09-27T14:28:20Z
magicalhomes.gr,MAGICAL HOMES,https://www.magicalhomes.gr/property.php?id=260,Κτίριο Επαγγελματικό 5912.00 τ.μ.,,building,,5912.0,,,ισόγειο,1995,thessaloniki,Πυλαία,Πυλαία,,,https://www.magicalhomes.gr/images/properties/1260872010.jpeg,,,2026-09-27,2026-09-27T14:28:24Z
magicalhomes.gr,MAGICAL HOMES,https://www.magicalhomes.gr/property.php?id=1145,Κτίριο Επαγγελματικό 2700.00 τ.μ.,sale,building,3000000,2700.0,1111,,ισόγειο,2010,thessaloniki,Θέρμη,Θέρμη,,,https://www.magicalhomes.gr/images/properties/11100502418.jpeg,,,2026-09-27,2026-09-27T14:28:27Z
magicalhomes.gr,MAGICAL HOMES,https://www.magicalhomes.gr/property.php?id=1497,Μονοκατοικία 440.00 τ.μ.,sale,house,1300000,440.0,2955,6,ισόγειο,2000,thessaloniki,Θερμαϊκός,Επανομή,,,https://www.magicalhomes.gr/images/properties/114973148.jpg,,,2026-09-27,2026-09-27T14:28:30Z
magicalhomes.gr,MAGICAL HOMES,https://www.magicalhomes.gr/property.php?id=1934,Μεζονέτα 58.00 τ.μ.,rent,maisonette,2500,58.0,43,2,ισόγειο,1999,unknown,,,,,https://www.magicalhomes.gr/images/properties/119346788.jpg,,,2026-09-27,2026-09-27T14:28:32Z
magicalhomes.gr,MAGICAL HOMES,https://www.magicalhomes.gr/property.php?id=1936,Διαμέρισμα 45.00 τ.μ.,rent,apartment,470,45.0,10,1,,2002,unknown,,,,,https://www.magicalhomes.gr/images/properties/119369198.jpg,,,2026-09-27,2026-09-27T14:28:35Z
magicalhomes.gr,MAGICAL HOMES,https://www.magicalhomes.gr/property.php?id=1846,Μεζονέτα 190.00 τ.μ.,sale,maisonette,350000,190.0,1842,3,1,2005,unknown,,,,,https://www.magicalhomes.gr/images/properties/118463114.jpg,,,2026-09-27,2026-09-27T14:28:39Z
magicalhomes.gr,MAGICAL HOMES,https://www.magicalhomes.gr/property.php?id=2032,Μεζονέτα 185.00 τ.μ.,sale,maisonette,250000,185.0,1351,5,ημιυπόγειο,2010,thessaloniki,Θερμαϊκός,Επανομή,,,https://www.magicalhomes.gr/images/properties/12032975.jpg,,,2026-09-27,2026-09-27T14:28:41Z
magicalhomes.gr,MAGICAL HOMES,https://www.magicalhomes.gr/property.php?id=1802,Μεζονέτα 112.00 τ.μ.,sale,maisonette,190000,112.0,1696,3,1,2005,thessaloniki,Θερμαϊκός,Επανομή,,,https://www.magicalhomes.gr/images/properties/118027808.jpg,,,2026-09-27,2026-09-27T14:28:48Z
magicalhomes.gr,MAGICAL HOMES,https://www.magicalhomes.gr/property.php?id=831,Μεζονέτα 108.00 τ.μ.,sale,maisonette,145000,108.0,1343,3,ισόγειο,2010,thessaloniki,Θερμαϊκός,Επανομή,,,https://www.magicalhomes.gr/images/properties/1786728825.jpeg,,,2026-09-27,2026-09-27T14:28:53Z
magicalhomes.gr,MAGICAL HOMES,https://www.magicalhomes.gr/property.php?id=1964,Μεζονέτα 200.00 τ.μ.,rent,maisonette,1300,200.0,6,3,ισόγειο,2007,thessaloniki,Θέρμη,Θέρμη,,,https://www.magicalhomes.gr/images/properties/119643465.jpg,,,2026-09-27,2026-09-27T14:29:00Z
gfrealestate.gr,GF Real Estate,https://www.gfrealestate.gr/property/773,Γλυφάδα – Golf | Πολυτελές Πλήρως Ανακαινισμένο Επιπλωμένο 100 τ.μ. | 3 Υ/Δ | Parking - Μεσιτικό Γραφείο Gfrealestate,rent,parking,1700,100.0,17,3,1,1985,unknown,,,,,https://www.gfrealestate.gr/images/properties/3-77310431.jpg,,,2026-09-27,2026-09-27T14:26:26Z
gfrealestate.gr,GF Real Estate,https://www.gfrealestate.gr/property/774,Διαμέρισμα 75 τ.μ. - Μεσιτικό Γραφείο Gfrealestate,,apartment,,75.0,,2,3,1984,unknown,,,,,https://www.gfrealestate.gr/images/properties/2-77479471.jpg,,,2026-09-27,2026-09-27T14:26:29Z
gfrealestate.gr,GF Real Estate,https://www.gfrealestate.gr/property/777,Διαμέρισμα 98 τ.μ. - Μεσιτικό Γραφείο Gfrealestate,,apartment,,98.0,,3,1,1975,unknown,,,,,https://www.gfrealestate.gr/images/properties/2-7777000.jpg,,,2026-09-27,2026-09-27T14:26:31Z
gfrealestate.gr,GF Real Estate,https://www.gfrealestate.gr/property/779,"Άνω Γλυφάδα – 150 τ.μ. | 3 Υ/Δ, Master, 2 Μπάνια, WC & Parking | Απέναντι από Πλατεία Μακεδονίας - Μεσιτικό Γραφείο Gfrealestate",rent,parking,1800,150.0,12,3,2,1985,unknown,,,,,https://www.gfrealestate.gr/images/properties/3-7799221.jpg,,,2026-09-27,2026-09-27T14:26:35Z
gfrealestate.gr,GF Real Estate,https://www.gfrealestate.gr/property/764,Άνω Γλυφάδα | 104 τ.μ. με Πανοραμική Θέα Βουνού & Περιμετρικά Μπαλκόνια | 2 Υ/Δ - Μεσιτικό Γραφείο Gfrealestate,,office,,104.0,,2,1,2000,unknown,,,,,https://www.gfrealestate.gr/images/properties/3-76489461.jpg,,,2026-09-27,2026-09-27T14:26:38Z
gfrealestate.gr,GF Real Estate,https://www.gfrealestate.gr/property/765,Γλυφάδα – Τερψιθέα | Πλήρως Ανακαινισμένο 91 τ.μ. | 3 Υ/Δ | Parking & Κήπος - Μεσιτικό Γραφείο Gfrealestate,rent,parking,1000,91.0,11,3,1,1980,unknown,,,,,https://www.gfrealestate.gr/images/properties/3-76576341.jpg,,,2026-09-27,2026-09-27T14:26:41Z
gfrealestate.gr,GF Real Estate,https://www.gfrealestate.gr/property/769,ΑΡΓΥΡΟΥΠΟΛΗ – ΚΕΝΤΡΟ | Φωτεινό 68 τ.μ. με Κήπο & Βεράντα – Χωρίς Κοινόχρηστα - Μεσιτικό Γραφείο Gfrealestate,,office,,68.0,,1,1,1975,unknown,,,,,https://www.gfrealestate.gr/images/properties/3-769891011.jpg,,,2026-09-27,2026-09-27T14:26:55Z
gfrealestate.gr,GF Real Estate,https://www.gfrealestate.gr/property/772,Διαμέρισμα 98 τ.μ. - Μεσιτικό Γραφείο Gfrealestate,sale,apartment,230000,98.0,2347,2,1,1980,unknown,,,,,https://www.gfrealestate.gr/images/properties/2-77298301.jpg,,,2026-09-27,2026-09-27T14:27:33Z
gfrealestate.gr,GF Real Estate,https://www.gfrealestate.gr/property/776,Γλυφάδα – Αιξωνή | Luxury Διαμέρισμα 114 τ.μ. στον 3ο Όροφο | Α+ | 2 Υ/Δ | Parking - Μεσιτικό Γραφείο Gfrealestate,sale,apartment,940000,114.0,8246,2,3,,unknown,,,,,https://www.gfrealestate.gr/images/properties/3-77618111.jpg,,,2026-09-27,2026-09-27T14:27:37Z
gfrealestate.gr,GF Real Estate,https://www.gfrealestate.gr/property/781,Άνω Γλυφάδα – Πλήρως Ανακαινισμένο Ισόγειο 84 τ.μ. με Κήπο | 2 Υ/Δ | Φυσικό Αέριο - Μεσιτικό Γραφείο Gfrealestate,sale,office,285000,84.0,3393,2,ισόγειο,1975,unknown,,,,,https://www.gfrealestate.gr/images/properties/3-7817521.jpg,,,2026-09-27,2026-09-27T14:27:51Z
gfrealestate.gr,GF Real Estate,https://www.gfrealestate.gr/property/782,Πλήρως Ανακαινισμένο & Επιπλωμένο 70 τ.μ. στην Άνω Γλυφάδα – Έτοιμο για Κατοικία ή Επένδυση - Μεσιτικό Γραφείο Gfrealestate,sale,house,145000,70.0,2071,1,ημιυπόγειο,1979,unknown,,,,,https://www.gfrealestate.gr/images/properties/3-78230951.jpg,,,2026-09-27,2026-09-27T14:27:54Z
gfrealestate.gr,GF Real Estate,https://www.gfrealestate.gr/property/761,"Γλυφάδα – Τερψιθέα | Ρετιρέ 156 τ.μ. με Πανοραμική Θέα Θάλασσα & Υμηττό, 3 Υ/Δ, Parking - Μεσιτικό Γραφείο Gfrealestate",sale,apartment,660000,156.0,4231,3,4,1992,unknown,,,,,https://www.gfrealestate.gr/images/properties/3-76189691.jpg,,,2026-09-27,2026-09-27T14:28:20Z
gfrealestate.gr,GF Real Estate,https://www.gfrealestate.gr/property/308,Κατάστημα 220 τ.μ. - Μεσιτικό Γραφείο Gfrealestate,sale,store,599000,220.0,2723,,ισόγειο,1998,unknown,,,,,https://www.gfrealestate.gr/images/properties/2-3088182.jpg,,,2026-09-27,2026-09-27T14:28:33Z
gfrealestate.gr,GF Real Estate,https://www.gfrealestate.gr/property/277,Πάρκινγκ 28 τ.μ. - Μεσιτικό Γραφείο Gfrealestate,sale,parking,55000,28.0,1964,,υπόγειο,1998,unknown,,,,,https://www.gfrealestate.gr/images/properties/3-2778905.jpg,,,2026-09-27,2026-09-27T14:28:37Z
gfrealestate.gr,GF Real Estate,https://www.gfrealestate.gr/property/720,Οικόπεδο 400 τ.μ. - Μεσιτικό Γραφείο Gfrealestate,sale,land,480000,400.0,1200,,,,unknown,,,,,https://www.gfrealestate.gr/images/properties/1-7204656.jpg,,,2026-09-27,2026-09-27T14:28:51Z
gfrealestate.gr,GF Real Estate,https://www.gfrealestate.gr/property/611,Ελούντα – Πλάκα | Επενδυτικό Οικόπεδο 17 Στρεμμάτων με Άδεια για 5 Πολυτελείς Βίλες & Πισίνες με Θέα Σπιναλόγκα - Μεσιτικό Γραφείο Gfrealestate,sale,land,900000,17095.0,53,,,,unknown,,,,,https://www.gfrealestate.gr/images/properties/1-6115306.jpg,,,2026-09-27,2026-09-27T14:28:54Z
gfrealestate.gr,GF Real Estate,https://www.gfrealestate.gr/property/520,"Οικόπεδο αγροτικής ζώνης (Περιοχή Α), ιδανικό για επένδυση και εκμετάλλευση. - Μεσιτικό Γραφείο Gfrealestate",sale,land,230000,63000.0,4,,,,unknown,,,,,https://www.gfrealestate.gr/images/properties/1-5201069.jpg,,,2026-09-27,2026-09-27T14:28:57Z
gfrealestate.gr,GF Real Estate,https://www.gfrealestate.gr/property/505,Οικόπεδο 490.23 τ.μ. - Μεσιτικό Γραφείο Gfrealestate,sale,land,70000,490.2,143,,,,unknown,,,,,https://www.gfrealestate.gr/images/properties/,,,2026-09-27,2026-09-27T14:29:00Z
idealproperties.gr,IDEAL PROPERTIES,https://www.idealproperties.gr/property/985/Monokatoikia-Thermaikos,"(Προς Πώληση) Κατοικία Μονοκατοικία || Θεσσαλονίκη Περίχωρα/Θερμαϊκός - 625 τ.μ, 4 Υ/Δ, 790.000€ - iDeal Properties",sale,house,790000,625.0,1264,4,,2007,thessaloniki,Θερμαϊκός,Θεσσαλονίκη Περίχωρα/Θερμαϊκός - 625 τ.μ,,,https://www.idealproperties.gr/images/properties/985-8655713.jpg,,,2026-09-27,2026-09-27T14:27:22Z
idealproperties.gr,IDEAL PROPERTIES,https://www.idealproperties.gr/property/138/Mezoneta-Mikra,"(Προς Πώληση) Κατοικία Μεζονέτα || ΤΡΙΛΟΦΟ ΜΕΖΟΝΕΤΑ - 160 τ.μ, 4 Υ/Δ, 180.000€ - iDeal Properties",sale,maisonette,180000,160.0,1125,4,ισόγειο,2004,thessaloniki,Θεσσαλονίκη,Θεσσαλονίκη Θεσσαλονίκη σύντομη περιγραφή Σημεία εν,,,https://www.idealproperties.gr/images/properties/138-3533081.jpg,,,2026-09-27,2026-09-27T14:28:14Z
olympusrealestate.gr,OLYMPUS REAL ESTATE (Πολυμεράς Ευάγγελος Δ.),https://www.olympusrealestate.gr/index.php,Μεσιτικό γραφείο Olympus Real Estate στην Θεσσαλονίκη,sale,office,173000,71.0,2437,,,,thessaloniki,Θεσσαλονίκη,"Thesssaloniki, Greece",,,,,,2026-09-27,2026-09-27T14:27:38Z
onasishome.com,ONASIS HOME  ΜΟΝ ΙΚΕ,https://www.onasishome.com/property/544/Monokatoikia-Sithonia,"ΠΩΛΕΙΤΑΙ πολυτελή επιπλωμένη μονοκατοικία στην περιοχή της Σιθωνίας και συγκεκριμένα στον Τριπόταμο, - Onasis Home Real Estate",sale,house,1100000,216.0,5093,4,,2019,other,,,,,https://www.onasishome.com/images/properties/15444680.jpg,,,2026-09-27,2026-09-27T14:27:38Z
onasishome.com,ONASIS HOME  ΜΟΝ ΙΚΕ,https://www.onasishome.com/property/534/Mezoneta-Oraiokastro,Πωλείται μεζονέτα σε πολυτελές συγκρότημα με τρία υπνοδωμάτια - Onasis Home Real Estate,sale,maisonette,195000,130.0,1500,3,ισόγειο,2005,thessaloniki,Ωραιόκαστρο,Θεσσαλονίκη Περιφ/κοί δήμοι,,,https://www.onasishome.com/images/properties/15342092.jpg,,,2026-09-27,2026-09-27T14:28:20Z
onasishome.com,ONASIS HOME  ΜΟΝ ΙΚΕ,https://www.onasishome.com/property/529/Biotechnikos%20Choros-Thessaloniki%20kentro,Βιοτεχνικός Χώρος 300 τ.μ. - Onasis Home Real Estate,sale,warehouse,180000,300.0,600,,υπόγειο,1975,thessaloniki,Θεσσαλονίκη,Θεσσαλονίκης,,,https://www.onasishome.com/images/properties/15291732.jpg,,,2026-09-27,2026-09-27T14:28:50Z
rbproperties.gr,RB PROPERTIES,https://www.rbproperties.gr/property/540,Διαμέρισμα 82 τ.μ. - Μεσιτικό Γραφείο RΒ PROPERTIES,sale,apartment,157000,82.0,1915,2,2,1964,thessaloniki,Θεσσαλονίκη,Θεσσαλονίκης,,,https://www.rbproperties.gr/images/properties/1-540136.jpg,,,2026-09-27,2026-09-27T14:28:56Z
rbproperties.gr,RB PROPERTIES,https://www.rbproperties.gr/property/521,Διαμέρισμα 43 τ.μ. - Μεσιτικό Γραφείο RΒ PROPERTIES,sale,apartment,72000,43.0,1674,2,5,1958,thessaloniki,Θεσσαλονίκη,Θεσσαλονίκης,,,https://www.rbproperties.gr/images/properties/1-5218767.jpg,,,2026-09-27,2026-09-27T14:29:00Z
rbproperties.gr,RB PROPERTIES,https://www.rbproperties.gr/property/571,Γραφείο 51 τ.μ. - Μεσιτικό Γραφείο RΒ PROPERTIES,,office,,51.0,,,1,1998,thessaloniki,Θεσσαλονίκη,Θεσσαλονίκης,,,https://www.rbproperties.gr/images/properties/1-5718307.jpg,,,2026-09-27,2026-09-27T14:29:02Z
rbproperties.gr,RB PROPERTIES,https://www.rbproperties.gr/property/563,Διαμέρισμα 71 τ.μ. - Μεσιτικό Γραφείο RΒ PROPERTIES,,apartment,,71.0,,1,6,1977,thessaloniki,Θεσσαλονίκη,Θεσσαλονίκης,,,https://www.rbproperties.gr/images/properties/1-5633858.jpg,,,2026-09-27,2026-09-27T14:29:05Z
rbproperties.gr,RB PROPERTIES,https://www.rbproperties.gr/property/561,Διαμέρισμα 60 τ.μ. - Μεσιτικό Γραφείο RΒ PROPERTIES,sale,apartment,126000,60.0,2100,2,2,1970,thessaloniki,Θεσσαλονίκη,Θεσσαλονίκης,,,https://www.rbproperties.gr/images/properties/1-5615149.jpg,,,2026-09-27,2026-09-27T14:29:08Z
rbproperties.gr,RB PROPERTIES,https://www.rbproperties.gr/property/534,Διαμέρισμα 55 τ.μ. - Μεσιτικό Γραφείο RΒ PROPERTIES,sale,apartment,125000,55.0,2273,2,2,1973,thessaloniki,Θεσσαλονίκη,Θεσσαλονίκης,,,https://www.rbproperties.gr/images/properties/1-5345104.jpg,,,2026-09-27,2026-09-27T14:29:12Z
greenandgrey.gr,Green & Grey,https://www.greenandgrey.gr/property/502/Epicheirisi-Katerini,Εστιατόριο 150 τ.μ. - Green & Grey Real Estate Evolution,sale,,54000,150.0,360,,ισόγειο,1991,other,,Καλαμαριά,,,https://www.greenandgrey.gr/images/properties/1024-502541.jpg,,,2026-09-27,2026-09-27T14:26:58Z
greenandgrey.gr,Green & Grey,https://www.greenandgrey.gr/property/422/Biomichanikos%20Choros-Naousa,Βιομηχανικός Χώρος 10000 τ.μ. - Green & Grey Real Estate Evolution,sale,warehouse,2500000,10000.0,250,,ισόγειο,1982,thessaloniki,Καλαμαριά,Καλαμαριά,,,https://www.greenandgrey.gr/images/properties/1022-4224918.jpg,,,2026-09-27,2026-09-27T14:28:54Z
pisti-realestate.gr,Pisti Real Estate,https://www.pisti-realestate.gr/property.php?id=4156,Διαμέρισμα 80.00 τ.μ.,rent,apartment,1000,80.0,12,2,4,1979,thessaloniki,Θεσσαλονίκη,Θεσσαλονίκης. (For any of your real estate needs,,,https://www.pisti-realestate.gr/images/properties/1141569210.jpg,,,2026-09-27,2026-09-27T14:28:32Z
pisti-realestate.gr,Pisti Real Estate,https://www.pisti-realestate.gr/property.php?id=4155,Γκαρσονιέρα/Studio 37.00 τ.μ.,rent,studio,1000,37.0,27,1,ισόγειο,1970,thessaloniki,Θεσσαλονίκη,Θεσσαλονίκης. (For any of your real estate needs,,,https://www.pisti-realestate.gr/images/properties/113751890.jpg,,,2026-09-27,2026-09-27T14:28:35Z
pisti-realestate.gr,Pisti Real Estate,https://www.pisti-realestate.gr/property.php?id=4152,Γκαρσονιέρα/Studio 25.00 τ.μ.,rent,studio,1000,25.0,40,1,4,1967,thessaloniki,Θεσσαλονίκη,Θεσσαλονίκης. (For any of your real estate needs,,,https://www.pisti-realestate.gr/images/properties/1141528974.jpg,,,2026-09-27,2026-09-27T14:28:38Z
pisti-realestate.gr,Pisti Real Estate,https://www.pisti-realestate.gr/property.php?id=4154,Διαμέρισμα 70.00 τ.μ.,rent,apartment,1000,70.0,14,2,3,1975,thessaloniki,Θεσσαλονίκη,Θεσσαλονίκης. (For any of your real estate needs,,,https://www.pisti-realestate.gr/images/properties/1141549846.jpg,,,2026-09-27,2026-09-27T14:28:41Z
pisti-realestate.gr,Pisti Real Estate,https://www.pisti-realestate.gr/property.php?id=4153,Διαμέρισμα 100.00 τ.μ.,rent,apartment,1000,100.0,10,2,1,1985,thessaloniki,Θεσσαλονίκη,Θεσσαλονίκης. (For any of your real estate needs,,,https://www.pisti-realestate.gr/images/properties/1141535107.jpg,,,2026-09-27,2026-09-27T14:28:44Z
pisti-realestate.gr,Pisti Real Estate,https://www.pisti-realestate.gr/property.php?id=4151,Διαμέρισμα 90.00 τ.μ.,rent,apartment,1000,90.0,11,2,1,1969,thessaloniki,Θεσσαλονίκη,Θεσσαλονίκης. (For any of your real estate needs,,,https://www.pisti-realestate.gr/images/properties/113658619.jpg,,,2026-09-27,2026-09-27T14:28:50Z
pisti-realestate.gr,Pisti Real Estate,https://www.pisti-realestate.gr/property.php?id=4150,Γραφείο 40.00 τ.μ.,rent,office,1000,40.0,25,,2,1992,thessaloniki,Θεσσαλονίκη,Θεσσαλονίκης. (For any of your real estate needs,,,https://www.pisti-realestate.gr/images/properties/1141502122.jpg,,,2026-09-27,2026-09-27T14:28:56Z
pisti-realestate.gr,Pisti Real Estate,https://www.pisti-realestate.gr/property.php?id=4122,Γκαρσονιέρα/Studio 45.00 τ.μ.,rent,studio,1000,45.0,22,1,4,1970,thessaloniki,Θεσσαλονίκη,Θεσσαλονίκης. (For any of your real estate needs,,,https://www.pisti-realestate.gr/images/properties/1141224848.jpg,,,2026-09-27,2026-09-27T14:29:02Z
pisti-realestate.gr,Pisti Real Estate,https://www.pisti-realestate.gr/property.php?id=4149,Γκαρσονιέρα/Studio 40.00 τ.μ.,rent,studio,1000,40.0,25,1,2,1972,thessaloniki,Θεσσαλονίκη,Θεσσαλονίκης. (For any of your real estate needs,,,https://www.pisti-realestate.gr/images/properties/1141482490.jpg,,,2026-09-27,2026-09-27T14:29:05Z
pisti-realestate.gr,Pisti Real Estate,https://www.pisti-realestate.gr/property.php?id=4148,Διαμέρισμα 55.00 τ.μ.,rent,apartment,1000,55.0,18,2,2,1972,thessaloniki,Θεσσαλονίκη,Θεσσαλονίκης. (For any of your real estate needs,,,https://www.pisti-realestate.gr/images/properties/1141482490.jpg,,,2026-09-27,2026-09-27T14:29:08Z
pisti-realestate.gr,Pisti Real Estate,https://www.pisti-realestate.gr/property.php?id=3418,Γκαρσονιέρα/Studio 42.00 τ.μ.,rent,studio,1000,42.0,24,1,2,1959,thessaloniki,Θεσσαλονίκη,Θεσσαλονίκης. (For any of your real estate needs,,,https://www.pisti-realestate.gr/images/properties/1134186988.jpg,,,2026-09-27,2026-09-27T14:29:11Z
pisti-realestate.gr,Pisti Real Estate,https://www.pisti-realestate.gr/property.php?id=4147,Γκαρσονιέρα/Studio 47.00 τ.μ.,rent,studio,1000,47.0,21,1,1,1961,thessaloniki,Θεσσαλονίκη,Θεσσαλονίκης 100μ μόλις από στάση μετρό! Αποτελείτα,,,https://www.pisti-realestate.gr/images/properties/1141477982.jpg,,,2026-09-27,2026-09-27T14:29:17Z
magdalinos.gr,Magdalinos Real Estate,https://www.magdalinos.gr/property/101/Bila-Beroia,ΒΕΡΟΙΑ | ΠΩΛΕΙΤΑΙ ΠΟΛΥΤΕΛΗΣ ΝΕΟΔΜΗΤΗ ΜΟΝΟΚΑΤΟΙΚΙΑ 360 τ.μ. ΣΕ ΟΙΚΟΠΕΔΟ 1.024 τ.μ. ΜΕ ΠΙΣΙΝΑ - Μεσιτικό Γραφείο Magdalinos,sale,house,850000,360.0,2361,3,1,2001,other,,,,,https://www.magdalinos.gr/images/properties/shared_1001-13910293.jpg,,,2026-09-27,2026-09-27T14:28:41Z
magdalinos.gr,Magdalinos Real Estate,https://www.magdalinos.gr/property/111/Katastima-Thessaloniki%20kentro,ΕΝΟΙΚΙΑΖΕΤΑΙ ΚΑΤΑΣΤΗΜΑ 150 τμ στο κέντρο της Θεσσαλονίκης  - Μεσιτικό Γραφείο Magdalinos,rent,store,2300,150.0,15,,ισόγειο,1999,thessaloniki,Θεσσαλονίκη,Θεσσαλονίκης  - Μεσιτικό Γραφείο Magdalinos  ΕΝΟΙΚΙ,,,https://www.magdalinos.gr/images/properties/shared_1023-138149693.jpg,,,2026-09-27,2026-09-27T14:28:52Z
magdalinos.gr,Magdalinos Real Estate,https://www.magdalinos.gr/property/131/Grafeio-Thessaloniki%20kentro,"Πωλειται Επαγγελματικός Χώρος 250τ.μ. στο Κέντρο της Θεσσαλονίκης

 - Μεσιτικό Γραφείο Magdalinos",sale,store,650000,250.0,2600,,6,1965,thessaloniki,Θεσσαλονίκη,"Θεσσαλονίκης

 - Μεσιτικό Γραφείο Magdalinos  Πωλ",,,https://www.magdalinos.gr/images/properties/shared_1001-114639465.jpg,,,2026-09-27,2026-09-27T14:28:55Z
magdalinos.gr,Magdalinos Real Estate,https://www.magdalinos.gr/property/133/Grafeio-Ypoloipo%20kentrou%20Thessalonikis,Πωλείται Γραφείο στο Κέντρο της Θεσσαλονίκης - Μεσιτικό Γραφείο Magdalinos,sale,office,144000,127.4,1130,,5,1992,thessaloniki,Θεσσαλονίκη,Θεσσαλονίκης - Μεσιτικό Γραφείο Magdalinos  Πωλείτα,,,https://www.magdalinos.gr/images/properties/shared_1020-137856756.jpg,,,2026-09-27,2026-09-27T14:28:58Z
magdalinos.gr,Magdalinos Real Estate,https://www.magdalinos.gr/property/110/Oikopedo-Sithonia,Οικόπεδο 1215 τ.μ. - Μεσιτικό Γραφείο Magdalinos,sale,land,200000,1215.0,165,,,,other,,Θεσσαλονίκη ΤΚ: 54625 2310567302 6036146176 info@ma,,,https://www.magdalinos.gr/images/properties/shared_1001-138175313.jpg,,,2026-09-27,2026-09-27T14:29:13Z
magdalinos.gr,Magdalinos Real Estate,https://www.magdalinos.gr/property/112/Oikopedo-Thermaikos,ΟΙΚΟΠΕΔΟ ΣΤΗΝ ΠΕΡΑΙΑ - Μεσιτικό Γραφείο Magdalinos,sale,land,400000,340.0,1176,,,,thessaloniki,Θερμαϊκός,Θεσσαλονίκη Περιφ/κοί δήμοι,,,https://www.magdalinos.gr/images/properties/shared_1011-138131665.jpg,,,2026-09-27,2026-09-27T14:29:16Z
magdalinos.gr,Magdalinos Real Estate,https://www.magdalinos.gr/property/123/Oikopedo-Stauroupoli,"Προς Πώληση – Οικόπεδο 155,21 τ.μ. εντός σχεδίου στη Σταυρούπολη  - Μεσιτικό Γραφείο Magdalinos",sale,land,65000,155.2,419,,,,thessaloniki,Παύλος Μελάς,Σταυρούπολη,,,https://www.magdalinos.gr/images/properties/shared_1023-137951027.jpg,,,2026-09-27,2026-09-27T14:29:22Z
nore.gr,NORE REAL ESTATE,https://nore.gr/property/16705,ΠΩΛΕΙΤΑΙ ΕΞΑΙΡΕΤΙΚΟ ΔΙΑΜΕΡΙΣΜΑ ΜΕ ΘΕΑ ΘΑΛΑΣΣΑ Ν.ΜΗΧΑΝΙΩΝΑ - Nore Real Estate,sale,apartment,125000,78.0,1603,,2,1975,thessaloniki,Θερμαϊκός,Θεσσαλονίκη Περιφ/κοί δήμοι,,,https://nore.gr/images/properties/1011-167053532.jpg,,,2026-09-27,2026-09-27T14:27:45Z
nore.gr,NORE REAL ESTATE,https://nore.gr/property/16706,ΠΩΛΕΙΤΑΙ ΔΙΑΜΕΡΙΣΜΑ ΣΤΗΝ.ΜΗΧΑΝΙΩΝΑ ΠΑΡΑΛΙΑΚΟ - Nore Real Estate,sale,apartment,130000,90.0,1444,2,2,1975,thessaloniki,Θερμαϊκός,Θεσσαλονίκη Περιφ/κοί δήμοι,,,https://nore.gr/images/properties/1011-167066534.jpg,,,2026-09-27,2026-09-27T14:27:48Z
nore.gr,NORE REAL ESTATE,https://nore.gr/property/16708,Ενοικιάζεται στην Καρδία Θεσσαλονίκης διώροφη μεζονέτα - Nore Real Estate,rent,maisonette,,135.0,,3,ισόγειο,2003,thessaloniki,Θεσσαλονίκη,Θεσσαλονίκης διώροφη μεζονέτα - Nore Real Estate  Ε,,,https://nore.gr/images/properties/shared_1099-134384401.jpg,,,2026-09-27,2026-09-27T14:27:51Z
nore.gr,NORE REAL ESTATE,https://nore.gr/property/16652,Γκαρσονιέρα 45 τ.μ. - Nore Real Estate,sale,studio,150000,45.0,3333,1,1,,thessaloniki,Θεσσαλονίκη,Θεσσαλονίκης,,,https://nore.gr/images/properties/shared_1001-133522951.jpg,,,2026-09-27,2026-09-27T14:29:15Z
nore.gr,NORE REAL ESTATE,https://nore.gr/property/16717,Γκαρσονιέρα 36 τ.μ. - Nore Real Estate,sale,studio,80000,36.0,2222,,ισόγειο,2025,unknown,,,,,https://nore.gr/images/properties/shared_1093-134082955.jpg,,,2026-09-27,2026-09-27T14:29:21Z
nore.gr,NORE REAL ESTATE,https://nore.gr/property/16719,"Διαμερισματάρα 90τμ με αυλή 30τμ – μπροστά στην εκκλησία του Αγ. Δημητρίου, μόλις 30μ από την Πλατεί - Nore Real Estate",sale,apartment,87000,90.0,967,2,ημιυπόγειο,1960,thessaloniki,Θεσσαλονίκη,Θεσσαλονίκης,,,https://nore.gr/images/properties/shared_1061-134274042.jpg,,,2026-09-27,2026-09-27T14:29:27Z
thehacienda.gr,The Hacienda,https://thehacienda.gr/property/617/%CE%9F%CE%B9%CE%BA%CF%8C%CF%80%CE%B5%CE%B4%CE%BF-%CE%A0%CF%81%CE%AD%CE%B2%CE%B5%CE%B6%CE%B1,Οικόπεδο 182902 τ.μ. - Hacienda Real Estate,sale,land,4115000,82902.0,50,,,,thessaloniki,Θεσσαλονίκη,Θεσσαλονίκης 2102205683 info@thehacienda.gr Ενδιαφέ,,,https://www.thehacienda.gr/images/properties/1-6172279.jpg,,,2026-09-27,2026-09-27T14:29:20Z
veltiston.gr,VELTISTON,https://veltiston.gr/property/961/Mezoneta-Kalamaria,Μεζονέτα 240 τ.μ. - Μεσιτικό Γραφείο ΒΕΛΤΙΣΤΟΝ,sale,maisonette,1050000,240.0,4375,4,6,2024,thessaloniki,Καλαμαριά,Θεσσαλονίκη Περιφ/κοί δήμοι,,,https://veltiston.gr/images/properties/KAM0067-MP4025.jpg,,,2026-09-27,2026-09-27T14:28:55Z
veltiston.gr,VELTISTON,https://veltiston.gr/property/964/Diamerisma-Polichni,Διαμέρισμα 118000 τ.μ. - Μεσιτικό Γραφείο ΒΕΛΤΙΣΤΟΝ,sale,apartment,250000,18000.0,14,,1,2025,thessaloniki,Παύλος Μελάς,Θεσσαλονίκη Περιφ/κοί δήμοι,,,https://veltiston.gr/images/properties/KAD0578-MP6828.jpg,,,2026-09-27,2026-09-27T14:29:04Z
veltiston.gr,VELTISTON,https://veltiston.gr/property/960/Katastima-Agios%20Eleutherios%20-%20Prompona%20-%20Rizoupoli,Κτίριο Επαγγελματικό 440 τ.μ. - Μεσιτικό Γραφείο ΒΕΛΤΙΣΤΟΝ,sale,building,750000,440.0,1705,,15,1920,thessaloniki,Θεσσαλονίκη,Θεσσαλονίκης υπάρχει κόστος χρέωσης 25€ συμπεριλαμβ,,,https://veltiston.gr/images/properties/KTD0015-MP8435.jpg,,,2026-09-27,2026-09-27T14:29:07Z
veltiston.gr,VELTISTON,https://veltiston.gr/property/508/Ktirio%20Epaggelmatiko-Thessaloniki%20kentro,Κτίριο Επαγγελματικό 1150 τ.μ. - Μεσιτικό Γραφείο ΒΕΛΤΙΣΤΟΝ,sale,building,2500000,1150.0,2174,,ισόγειο,1925,thessaloniki,Θεσσαλονίκη,Θεσσαλονίκης,,,https://veltiston.gr/images/properties/KTD0008-AP334.jpg,,,2026-09-27,2026-09-27T14:29:35Z
themidarealestate.gr,Themida Real Estate,https://themidarealestate.gr/property/926602/Katastima-Basilika,Κατάστημα 25 τ.μ.,,store,,25.0,,,ισόγειο,2008,thessaloniki,Θεσσαλονίκη,Θεσσαλονίκη Περιφ/κοί δήμοι,,,https://themidarealestate.gr/images/properties/926602-8062249.jpeg,,,2026-09-27,2026-09-27T14:30:00Z
themidarealestate.gr,Themida Real Estate,https://themidarealestate.gr/property/965793/Oikopedo-Thermi,Οικόπεδο 683.2 τ.μ.,sale,land,220000,683.2,322,,,,thessaloniki,Θέρμη,Θεσσαλονίκη Περιφ/κοί δήμοι,,,https://themidarealestate.gr/images/properties/965793143.jpg,,,2026-09-27,2026-09-27T14:30:12Z
themidarealestate.gr,Themida Real Estate,https://themidarealestate.gr/property/958905/Agrotemachio-Thermi,Αγροτεμάχιο 4000 τ.μ.,sale,land,380000,4000.0,95,,,,thessaloniki,Θέρμη,Θεσσαλονίκη Περιφ/κοί δήμοι,,,https://themidarealestate.gr/images/properties/9589059696.jpg,,,2026-09-27,2026-09-27T14:30:15Z
villaingr.com,VILLA IN GR IKE,https://www.villaingr.com/property/3751/%CE%9C%CE%BF%CE%BD%CE%BF%CE%BA%CE%B1%CF%84%CE%BF%CE%B9%CE%BA%CE%AF%CE%B1-%CE%A7%CE%BF%CF%81%CF%84%CE%B9%CE%AC%CF%84%CE%B7%CF%82,Μονοκατοικία 263 τ.μ. - Villa in GR,sale,house,360000,263.0,1369,,,2004,thessaloniki,Χορτιάτης,Θεσσαλονίκη Περιφ/κοί δήμοι,,,https://www.villaingr.com/images/properties/87-37517199.jpg,,,2026-09-27,2026-09-27T14:29:55Z
swan-real-estate.com,SEVEN REAL ESTATE,https://www.swan-real-estate.com/property/1938,Διαμέρισμα 50 τ.μ. - Μεσιτικό Γραφείο Swan,sale,apartment,130000,50.0,2600,1,1,1980,unknown,,,,,https://www.swan-real-estate.com/images/properties/1-19388340.jpg,,,2026-09-27,2026-09-27T14:28:52Z
swan-real-estate.com,SEVEN REAL ESTATE,https://www.swan-real-estate.com/property/1097,"Γαλατάκι, Μονοκατοικία, Πώληση, 200 τ.μ - Μεσιτικό Γραφείο Swan",sale,house,100000,200.0,500,,,1970,unknown,,,,,https://www.swan-real-estate.com/images/properties/1097-145443015164b5227593d6c.jpg,,,2026-09-27,2026-09-27T14:28:55Z
swan-real-estate.com,SEVEN REAL ESTATE,https://www.swan-real-estate.com/property/1613,"Καλλιθέα - Τζιτζιφιές, Διαμέρισμα, Πώληση, 96 τ.μ - Μεσιτικό Γραφείο Swan",sale,apartment,198000,96.0,2062,,3,1973,unknown,,,,,https://www.swan-real-estate.com/images/properties/1613-195301134765ddb89b0731c.jpg,,,2026-09-27,2026-09-27T14:28:58Z
swan-real-estate.com,SEVEN REAL ESTATE,https://www.swan-real-estate.com/property/919,"Κόρινθος, Αίθουσα, Πώληση, 130 τ.μ - Μεσιτικό Γραφείο Swan",sale,office,95000,130.0,731,,2,1987,unknown,,,,,https://www.swan-real-estate.com/images/properties/919-1538027042646f344c5c474.jpg,,,2026-09-27,2026-09-27T14:29:01Z
swan-real-estate.com,SEVEN REAL ESTATE,https://www.swan-real-estate.com/property/1862,"Μοσχάτο, Οικόπεδο, Πώληση, 1886 τ.μ - Μεσιτικό Γραφείο Swan",sale,land,2500000,1886.0,1326,,,,unknown,,,,,https://www.swan-real-estate.com/images/properties/1862-149099710067bdb60305a6b.jpg,,,2026-09-27,2026-09-27T14:29:16Z
swan-real-estate.com,SEVEN REAL ESTATE,https://www.swan-real-estate.com/property/1109,"Βόρεια Κυνουρία, Οικόπεδο, Πώληση, 1380 τ.μ - Μεσιτικό Γραφείο Swan",sale,land,120000,1380.0,87,,,,unknown,,,,,https://www.swan-real-estate.com/images/properties/1109-24500579866f26c9b66951.jpg,,,2026-09-27,2026-09-27T14:29:19Z
swan-real-estate.com,SEVEN REAL ESTATE,https://www.swan-real-estate.com/property/1676,"Κάτω Πετράλωνα, Αποθήκη, Ενοικίαση, 30 τ.μ - Μεσιτικό Γραφείο Swan",rent,warehouse,,30.0,,,ημιυπόγειο,1970,unknown,,,,,https://www.swan-real-estate.com/images/properties/1676-3986386786633644b7ba56.jpg,,,2026-09-27,2026-09-27T14:29:45Z
swan-real-estate.com,SEVEN REAL ESTATE,https://www.swan-real-estate.com/property/869,"Κρυονέρι, Μονοκατοικία, Πώληση, 185 τ.μ - Μεσιτικό Γραφείο Swan",sale,house,450000,185.0,2432,3,υπόγειο,2010,unknown,,,,,https://www.swan-real-estate.com/images/properties/869-2872182406596a5b8b59b9.jpg,,,2026-09-27,2026-09-27T14:29:48Z
swan-real-estate.com,SEVEN REAL ESTATE,https://www.swan-real-estate.com/property/870,"Κρυονέρι, Μονοκατοικία, Πώληση, 249.9 τ.μ - Μεσιτικό Γραφείο Swan",sale,house,450000,249.9,1801,3,υπόγειο,2010,unknown,,,,,https://www.swan-real-estate.com/images/properties/870-19908741316461e522d7d9a.jpg,,,2026-09-27,2026-09-27T14:29:51Z
swan-real-estate.com,SEVEN REAL ESTATE,https://www.swan-real-estate.com/property/1118,"Μεταξουργείο, Αποθήκη, Πώληση, 170 τ.μ - Μεσιτικό Γραφείο Swan",sale,warehouse,70000,170.0,412,,υπόγειο,1970,unknown,,,,,https://www.swan-real-estate.com/images/properties/1118-101539949264eb7ebd55802.jpg,,,2026-09-27,2026-09-27T14:30:06Z
swan-real-estate.com,SEVEN REAL ESTATE,https://www.swan-real-estate.com/property/1818,"Φιλοθέη, Διαμέρισμα, Πώληση, 130 τ.μ - Μεσιτικό Γραφείο Swan",sale,apartment,300000,130.0,2308,,1,1965,thessaloniki,Αμπελόκηποι-Μενεμένη,Αμπελόκηποι,,,https://www.swan-real-estate.com/images/properties/1818-20888298946710c76ae8efe.jpg,,,2026-09-27,2026-09-27T14:30:08Z
swan-real-estate.com,SEVEN REAL ESTATE,https://www.swan-real-estate.com/property/1098,"Γαλατάκι, Κτίριο, Πώληση, 330 τ.μ - Μεσιτικό Γραφείο Swan",sale,building,270000,330.0,818,,υπόγειο,1985,unknown,,,,,https://www.swan-real-estate.com/images/properties/1098-171828448464b528dbadc87.jpg,,,2026-09-27,2026-09-27T14:30:11Z
swan-real-estate.com,SEVEN REAL ESTATE,https://www.swan-real-estate.com/property/1102,"Αφίδνες, Μονοκατοικία, Πώληση, 250 τ.μ, οικόπεδο 2000τμ - Μεσιτικό Γραφείο Swan",sale,house,300000,250.0,1200,4,,1980,unknown,,,,,https://www.swan-real-estate.com/images/properties/1102-51044955464edb55421af1.jpg,,,2026-09-27,2026-09-27T14:30:14Z
swan-real-estate.com,SEVEN REAL ESTATE,https://www.swan-real-estate.com/property/1108,"Άγιοι Θεόδωροι, Κτίριο, Πώληση, 424 τ.μ - Μεσιτικό Γραφείο Swan",sale,building,2500000,424.0,5896,6,υπόγειο,1980,unknown,,,,,https://www.swan-real-estate.com/images/properties/1108-96637954364eb80def3cd6.jpg,,,2026-09-27,2026-09-27T14:30:17Z
swan-real-estate.com,SEVEN REAL ESTATE,https://www.swan-real-estate.com/property/1099,"Κάλαμος, Μεζονέτα, Πώληση, 371 τ.μ - Μεσιτικό Γραφείο Swan",sale,maisonette,820000,371.0,2210,3,ισόγειο,2005,unknown,,,,,https://www.swan-real-estate.com/images/properties/1099-22871915864dbc766aa2c4.jpg,,,2026-09-27,2026-09-27T14:30:20Z
swan-real-estate.com,SEVEN REAL ESTATE,https://www.swan-real-estate.com/property/1103,"Βραχάτι , Οικόπεδο, Πώληση, 590 τ.μ, οικοδομήσιμο - Μεσιτικό Γραφείο Swan",sale,land,100000,590.0,169,,,,unknown,,,,,https://www.swan-real-estate.com/images/properties/1103-158626794664edb8260151e.jpg,,,2026-09-27,2026-09-27T14:30:23Z
swan-real-estate.com,SEVEN REAL ESTATE,https://www.swan-real-estate.com/property/1100,"Παιανία, Οικόπεδο, Πώληση, 521 τ.μ, Εντός σχεδίου - Μεσιτικό Γραφείο Swan",sale,land,100000,521.0,192,,,,unknown,,,,,https://www.swan-real-estate.com/images/properties/1100-11987947464edbb59c1f1e.jpg,,,2026-09-27,2026-09-27T14:30:26Z
oktorealestate.gr,OKTO Real Estate,https://www.oktorealestate.gr/property/105,Βίλα 400 τ.μ. - Okto Real Estate,sale,house,1790000,400.0,4475,3,ισόγειο,,thessaloniki,Θεσσαλονίκη,Θεσσαλονίκη Περιφ/κοί δήμοι,,,https://www.oktorealestate.gr/images/properties/1-1053063.jpg,,,2026-09-27,2026-09-27T14:28:26Z
oktorealestate.gr,OKTO Real Estate,https://www.oktorealestate.gr/property/306,Διαμέρισμα 104 τ.μ. - Okto Real Estate,sale,apartment,300000,104.0,2885,2,2,,thessaloniki,Θεσσαλονίκη,Θεσσαλονίκης,,,https://www.oktorealestate.gr/images/properties/2-2683447.jpg,,,2026-09-27,2026-09-27T14:28:29Z
oktorealestate.gr,OKTO Real Estate,https://www.oktorealestate.gr/property/305,Γκαρσονιέρα/Studio 39 τ.μ. - Okto Real Estate,sale,studio,140000,39.0,3590,1,1,,thessaloniki,Θεσσαλονίκη,Θεσσαλονίκης,,,https://www.oktorealestate.gr/images/properties/2-268876.jpg,,,2026-09-27,2026-09-27T14:28:32Z
oktorealestate.gr,OKTO Real Estate,https://www.oktorealestate.gr/property/153,Διαμέρισμα 94 τ.μ. - Okto Real Estate,sale,apartment,280000,94.0,2979,2,4,2025,thessaloniki,Θεσσαλονίκη,Θεσσαλονίκης,,,https://www.oktorealestate.gr/images/properties/1-1537526.jpg,,,2026-09-27,2026-09-27T14:28:35Z
oktorealestate.gr,OKTO Real Estate,https://www.oktorealestate.gr/property/307,Κατάστημα 70 τ.μ. - Okto Real Estate,rent,store,2350,70.0,34,,ισόγειο,2010,thessaloniki,Θεσσαλονίκη,Θεσσαλονίκης,,,https://www.oktorealestate.gr/images/properties/1-307919.jpg,,,2026-09-27,2026-09-27T14:29:13Z
oktorealestate.gr,OKTO Real Estate,https://www.oktorealestate.gr/property/304,Γκαρσονιέρα/Studio 46 τ.μ. - Okto Real Estate,rent,studio,3000,46.0,65,1,5,,thessaloniki,Θεσσαλονίκη,Θεσσαλονίκης,,,https://www.oktorealestate.gr/images/properties/2-304553.jpg,,,2026-09-27,2026-09-27T14:29:16Z
oktorealestate.gr,OKTO Real Estate,https://www.oktorealestate.gr/property/303,Διαμέρισμα 72 τ.μ. - Okto Real Estate,,apartment,,72.0,,2,5,1968,thessaloniki,Θεσσαλονίκη,Θεσσαλονίκης,,,https://www.oktorealestate.gr/images/properties/1-3033652.jpg,,,2026-09-27,2026-09-27T14:29:19Z
oktorealestate.gr,OKTO Real Estate,https://www.oktorealestate.gr/property/232,Διαμέρισμα 72 τ.μ. - Okto Real Estate,,apartment,,72.0,,,4,1972,thessaloniki,Θεσσαλονίκη,Θεσσαλονίκης,,,https://www.oktorealestate.gr/images/properties/1-2328988.jpg,,,2026-09-27,2026-09-27T14:29:22Z
oktorealestate.gr,OKTO Real Estate,https://www.oktorealestate.gr/property/271,Κατάστημα 135 τ.μ. - Okto Real Estate,rent,store,9500,135.0,70,,ισόγειο,1968,thessaloniki,Θεσσαλονίκη,Θεσσαλονίκης,,,https://www.oktorealestate.gr/images/properties/1-2713640.jpg,,,2026-09-27,2026-09-27T14:29:25Z
oktorealestate.gr,OKTO Real Estate,https://www.oktorealestate.gr/property/252,Loft 60 τ.μ. - Okto Real Estate,,,,60.0,,,8,1992,thessaloniki,Θεσσαλονίκη,Θεσσαλονίκης,,,https://www.oktorealestate.gr/images/properties/2-2527641.jpg,,,2026-09-27,2026-09-27T14:29:28Z
oktorealestate.gr,OKTO Real Estate,https://www.oktorealestate.gr/property/247,Κατάστημα 175 τ.μ. - Okto Real Estate,sale,store,1250000,175.0,7143,,ισόγειο,1980,thessaloniki,Θεσσαλονίκη,Θεσσαλονίκης,,,https://www.oktorealestate.gr/images/properties/1-2473696.jpg,,,2026-09-27,2026-09-27T14:29:31Z
oktorealestate.gr,OKTO Real Estate,https://www.oktorealestate.gr/property/148,Βιοτεχνικός Χώρος 745 τ.μ. - Okto Real Estate,sale,warehouse,595000,745.0,799,,3,1978,thessaloniki,Θεσσαλονίκη,Θεσσαλονίκης,,,https://www.oktorealestate.gr/images/properties/1-1486448.jpg,,,2026-09-27,2026-09-27T14:29:34Z
oktorealestate.gr,OKTO Real Estate,https://www.oktorealestate.gr/property/109,Γραφείο 280 τ.μ. - Okto Real Estate,sale,office,1570000,280.0,5607,,2,1935,thessaloniki,Θεσσαλονίκη,Θεσσαλονίκης,,,https://www.oktorealestate.gr/images/properties/1-1086816.jpg,,,2026-09-27,2026-09-27T14:29:48Z
oktorealestate.gr,OKTO Real Estate,https://www.oktorealestate.gr/property/302,Γκαρσονιέρα/Studio 42 τ.μ. - Okto Real Estate,sale,studio,158000,42.0,3762,,3,1984,thessaloniki,Θεσσαλονίκη,Θεσσαλονίκης,,,https://www.oktorealestate.gr/images/properties/2-2976692.jpg,,,2026-09-27,2026-09-27T14:29:51Z
oktorealestate.gr,OKTO Real Estate,https://www.oktorealestate.gr/property/296,Διαμέρισμα 92 τ.μ. - Okto Real Estate,sale,apartment,250000,92.0,2717,,1,,thessaloniki,Θεσσαλονίκη,Θεσσαλονίκη Περιφ/κοί δήμοι,,,https://www.oktorealestate.gr/images/properties/2-2964986.jpg,,,2026-09-27,2026-09-27T14:29:54Z
oktorealestate.gr,OKTO Real Estate,https://www.oktorealestate.gr/property/292,Διαμέρισμα 80 τ.μ. - Okto Real Estate,sale,apartment,250000,80.0,3125,,1,1992,thessaloniki,Θεσσαλονίκη,Θεσσαλονίκης,,,https://www.oktorealestate.gr/images/properties/2-2926318.jpg,,,2026-09-27,2026-09-27T14:29:57Z
oktorealestate.gr,OKTO Real Estate,https://www.oktorealestate.gr/property/288,Διαμέρισμα 64 τ.μ. - Okto Real Estate,sale,apartment,175000,64.0,2734,1,ισόγειο,,thessaloniki,Θεσσαλονίκη,Θεσσαλονίκη Περιφ/κοί δήμοι,,,https://www.oktorealestate.gr/images/properties/1-2884017.jpg,,,2026-09-27,2026-09-27T14:30:00Z
oktorealestate.gr,OKTO Real Estate,https://www.oktorealestate.gr/property/289,Διαμέρισμα 93 τ.μ. - Okto Real Estate,sale,apartment,275000,93.0,2957,2,1,,thessaloniki,Θεσσαλονίκη,Θεσσαλονίκη Περιφ/κοί δήμοι,,,https://www.oktorealestate.gr/images/properties/1-2897606.jpg,,,2026-09-27,2026-09-27T14:30:03Z
oktorealestate.gr,OKTO Real Estate,https://www.oktorealestate.gr/property/280,Μεζονέτα 89 τ.μ. - Okto Real Estate,sale,maisonette,250000,89.0,2809,1,1,1990,thessaloniki,Θεσσαλονίκη,Θεσσαλονίκη Περιφ/κοί δήμοι,,,https://www.oktorealestate.gr/images/properties/1-2806157.jpg,,,2026-09-27,2026-09-27T14:30:06Z
oktorealestate.gr,OKTO Real Estate,https://www.oktorealestate.gr/property/263,Αγροτεμάχιο 4800 τ.μ. - Okto Real Estate,sale,land,440000,4800.0,92,,,,thessaloniki,Θεσσαλονίκη,Θεσσαλονίκη Περιφ/κοί δήμοι,,,https://www.oktorealestate.gr/images/properties/1-2639038.jpg,,,2026-09-27,2026-09-27T14:30:32Z
zikashouse.gr,ZIKAS HOUSE,https://www.zikashouse.gr/property/304/Gkarsoniera/Studio-Analipsi,Γκαρσονιέρα/Studio 68 τ.μ.,sale,studio,160000,68.0,2353,1,1,1978,thessaloniki,Θεσσαλονίκη-Ανατολικά,Θεσσαλονίκης,,,https://www.zikashouse.gr/images/properties/1-30498551.jpg,,,2026-09-27,2026-09-27T14:29:43Z
zikashouse.gr,ZIKAS HOUSE,https://www.zikashouse.gr/property/300/Diamerisma-Kalamaria,Διαμέρισμα 80 τ.μ.,sale,apartment,174000,80.0,2175,2,3,1978,thessaloniki,Καλαμαριά,Θεσσαλονίκη Περιφ/κοί δήμοι,,,https://www.zikashouse.gr/images/properties/1-30025962.jpg,,,2026-09-27,2026-09-27T14:29:57Z
zikashouse.gr,ZIKAS HOUSE,https://www.zikashouse.gr/property/299/Diamerisma-Kalamaria,Διαμέρισμα 110 τ.μ.,,apartment,,110.0,,3,3,1980,thessaloniki,Καλαμαριά,Θεσσαλονίκη Περιφ/κοί δήμοι,,,https://www.zikashouse.gr/images/properties/1-299883.jpg,,,2026-09-27,2026-09-27T14:30:00Z
zikashouse.gr,ZIKAS HOUSE,https://www.zikashouse.gr/property/192/Diamerisma-Analipsi,Διαμέρισμα 71 τ.μ.,sale,apartment,178000,71.0,2507,2,5,1965,thessaloniki,Θεσσαλονίκη-Ανατολικά,Θεσσαλονίκης,,,https://www.zikashouse.gr/images/properties/1-192121.jpg,,,2026-09-27,2026-09-27T14:30:14Z
zikashouse.gr,ZIKAS HOUSE,https://www.zikashouse.gr/property/177/Gkarsoniera/Studio-Bardaris,Γκαρσονιέρα/Studio 37 τ.μ.,,studio,,37.0,,1,2,1967,thessaloniki,Θεσσαλονίκη,Θεσσαλονίκης,,,https://www.zikashouse.gr/images/properties/1-77328.jpg,,,2026-09-27,2026-09-27T14:30:17Z
zikashouse.gr,ZIKAS HOUSE,https://www.zikashouse.gr/property/230/Diamerisma-Kalamaria,Διαμέρισμα 116 τ.μ.,sale,apartment,540000,116.0,4655,3,8,2026,thessaloniki,Καλαμαριά,Θεσσαλονίκη Περιφ/κοί δήμοι,,,https://www.zikashouse.gr/images/properties/1-2288889.jpg,,,2026-09-27,2026-09-27T14:30:32Z
trigonoreal.gr,Trigono Real Estate Agency,https://trigonoreal.gr/property.php?id=1146,Ξενοδοχείο 1730.00 τ.μ.,sale,hotel,2300000,1730.0,1329,,ισόγειο,2010,thessaloniki,Θεσσαλονίκη,Θεσσαλονίκη,,,https://trigonoreal.gr/images/properties/7-11465472.jpg,,,2026-09-27,2026-09-27T14:29:08Z
trigonoreal.gr,Trigono Real Estate Agency,https://trigonoreal.gr/property.php?id=1238,Βίλα 425.00 τ.μ.,sale,house,1380000,425.0,3247,,1,,unknown,,,,,https://trigonoreal.gr/images/properties/7-12386032.jpg,,,2026-09-27,2026-09-27T14:29:11Z
trigonoreal.gr,Trigono Real Estate Agency,https://trigonoreal.gr/property.php?id=1432,Μονοκατοικία 854.00 τ.μ.,sale,house,1200000,854.0,1405,6,ισόγειο,1975,thessaloniki,Πανόραμα,Πανόραμα,,,https://trigonoreal.gr/images/properties/8-14323356.jpg,,,2026-09-27,2026-09-27T14:29:14Z
trigonoreal.gr,Trigono Real Estate Agency,https://trigonoreal.gr/property.php?id=1683,Μεζονέτα 200.00 τ.μ.,sale,maisonette,900000,200.0,4500,1,1,2025,thessaloniki,Θέρμη,Θέρμη,,,https://trigonoreal.gr/images/properties/8-16834514.jpg,,,2026-09-27,2026-09-27T14:29:17Z
trigonoreal.gr,Trigono Real Estate Agency,https://trigonoreal.gr/property.php?id=1820,Γκαρσονιέρα/Studio 51.00 τ.μ.,sale,studio,58000,51.0,1137,1,ισόγειο,1966,thessaloniki,Αμπελόκηποι-Μενεμένη,Αμπελόκηποι,,,https://trigonoreal.gr/images/properties/8-18203185.jpg,,,2026-09-27,2026-09-27T14:29:20Z
trigonoreal.gr,Trigono Real Estate Agency,https://trigonoreal.gr/property.php?id=1482,Διαμέρισμα 100.00 τ.μ.,rent,apartment,650,100.0,6,2,2,1986,thessaloniki,Νεάπολη-Συκιές,Συκιές,,,https://trigonoreal.gr/images/properties/8-14828342.jpg,,,2026-09-27,2026-09-27T14:29:23Z
trigonoreal.gr,Trigono Real Estate Agency,https://trigonoreal.gr/property.php?id=1819,Κατάστημα 28.00 τ.μ.,sale,store,45000,28.0,1607,,ισόγειο,1974,thessaloniki,Θεσσαλονίκη,Θεσσαλονίκη - Κέντρο,,,https://trigonoreal.gr/images/properties/8-18193582.jpg,,,2026-09-27,2026-09-27T14:29:26Z
trigonoreal.gr,Trigono Real Estate Agency,https://trigonoreal.gr/property.php?id=1102,Διαμέρισμα 132.00 τ.μ.,rent,apartment,1400,132.0,11,3,5,1968,thessaloniki,Θεσσαλονίκη-Ανατολικά,Θεσσαλονίκη - Νέα Παραλία ΕΝΟΙΚΙΑΖΕΤΑΙ ανακαινισμέν,,,https://trigonoreal.gr/images/properties/7-11028718.jpg,,,2026-09-27,2026-09-27T14:29:29Z
trigonoreal.gr,Trigono Real Estate Agency,https://trigonoreal.gr/property.php?id=1818,Διαμέρισμα 135.00 τ.μ.,sale,apartment,380000,135.0,2815,3,2,2005,thessaloniki,Καλαμαριά,Καλαμαριά,,,https://trigonoreal.gr/images/properties/8-18185673.jpg,,,2026-09-27,2026-09-27T14:29:32Z
trigonoreal.gr,Trigono Real Estate Agency,https://trigonoreal.gr/property.php?id=1816,Γραφείο 50.00 τ.μ.,rent,office,300,50.0,6,,2,1995,thessaloniki,Θεσσαλονίκη-Κέντρο,Θεσσαλονίκη – Βαρδάρης ΕΝΟΙΚΙΑΖΕΤΑΙ γραφείο 2ου ορό,,,https://trigonoreal.gr/images/properties/8-18164470.jpg,,,2026-09-27,2026-09-27T14:29:35Z
trigonoreal.gr,Trigono Real Estate Agency,https://trigonoreal.gr/property.php?id=1379,Κατάστημα 261.00 τ.μ.,sale,store,900000,261.0,3448,,ισόγειο,1994,thessaloniki,Θεσσαλονίκη-Ανατολικά,Θεσσαλονίκη - Κάτω Τούμπα,,,https://trigonoreal.gr/images/properties/8-1379417.jpg,,,2026-09-27,2026-09-27T14:29:38Z
trigonoreal.gr,Trigono Real Estate Agency,https://trigonoreal.gr/property.php?id=1817,Μονοκατοικία 320.00 τ.μ.,sale,house,570000,320.0,1781,3,ισόγειο,2011,thessaloniki,Θεσσαλονίκη,Θεσσαλονίκης,,,https://trigonoreal.gr/images/properties/8-18176241.jpg,,,2026-09-27,2026-09-27T14:29:41Z
trigonoreal.gr,Trigono Real Estate Agency,https://trigonoreal.gr/property.php?id=1763,Διαμέρισμα 65.00 τ.μ.,sale,apartment,185000,65.0,2846,2,4,1974,thessaloniki,Θεσσαλονίκη-Ανατολικά,Θεσσαλονίκη - Μαρτίου ΠΩΛΕΙΤΑΙ ανακαινισμένο,,,https://trigonoreal.gr/images/properties/8-17639633.jpg,,,2026-09-27,2026-09-27T14:29:44Z
trigonoreal.gr,Trigono Real Estate Agency,https://trigonoreal.gr/property.php?id=1814,Διαμέρισμα 91.00 τ.μ.,sale,apartment,190000,91.0,2088,2,4,1997,thessaloniki,Θεσσαλονίκη,Θεσσαλονίκη - Παναγία Φανερωμένη,,,https://trigonoreal.gr/images/properties/8-18144821.jpg,,,2026-09-27,2026-09-27T14:29:47Z
trigonoreal.gr,Trigono Real Estate Agency,https://trigonoreal.gr/property.php?id=1813,Γκαρσονιέρα/Studio 65.00 τ.μ.,rent,studio,580,65.0,9,,ισόγειο,2000,thessaloniki,Θεσσαλονίκη-Κέντρο,Θεσσαλονίκη - Άνω Πόλη,,,https://trigonoreal.gr/images/properties/8-18132844.jpg,,,2026-09-27,2026-09-27T14:29:50Z
trigonoreal.gr,Trigono Real Estate Agency,https://trigonoreal.gr/property.php?id=1796,Κατάστημα 219.00 τ.μ.,rent,store,1100,219.0,5,,ισόγειο,2006,thessaloniki,Καλαμαριά,Καλαμαριά,,,https://trigonoreal.gr/images/properties/8-10905110.jpg,,,2026-09-27,2026-09-27T14:29:53Z
trigonoreal.gr,Trigono Real Estate Agency,https://trigonoreal.gr/property.php?id=1795,Αποθήκη 150.00 τ.μ.,sale,warehouse,68000,150.0,453,,ημιυπόγειο,1974,thessaloniki,Θεσσαλονίκη,Θεσσαλονίκης,,,https://trigonoreal.gr/images/properties/8-17953249.jpg,,,2026-09-27,2026-09-27T14:29:56Z
trigonoreal.gr,Trigono Real Estate Agency,https://trigonoreal.gr/property.php?id=1790,Αποθήκη 140.00 τ.μ.,rent,warehouse,75,140.0,1,,ημιυπόγειο,1974,thessaloniki,Θεσσαλονίκη-Ανατολικά,Θεσσαλονίκη - Κάτω Τούμπα,,,https://trigonoreal.gr/images/properties/8-17902893.jpg,,,2026-09-27,2026-09-27T14:29:59Z
trigonoreal.gr,Trigono Real Estate Agency,https://trigonoreal.gr/property.php?id=1721,Γραφείο 53.00 τ.μ.,rent,office,800,53.0,15,,4,1960,thessaloniki,Θεσσαλονίκη-Κέντρο,Θεσσαλονίκη - Πλατεία Αριστοτέλους,,,https://trigonoreal.gr/images/properties/8-1721121.jpg,,,2026-09-27,2026-09-27T14:30:02Z
trigonoreal.gr,Trigono Real Estate Agency,https://trigonoreal.gr/property.php?id=1772,Κατάστημα 101.00 τ.μ.,sale,store,125000,101.0,1238,,ισόγειο,1973,thessaloniki,Θεσσαλονίκη-Κέντρο,Θεσσαλονίκη - Άγιος Δημήτριος ΠΩΛΕΙΤΑΙ γωνιακό προσ,,,https://trigonoreal.gr/images/properties/8-8071604.jpg,,,2026-09-27,2026-09-27T14:30:05Z
trigonoreal.gr,Trigono Real Estate Agency,https://trigonoreal.gr/property.php?id=1764,Γραφείο 30.00 τ.μ.,rent,office,400,30.0,13,,3,1970,thessaloniki,Θεσσαλονίκη,Θεσσαλονίκη Κέντρο - Μητροπόλεως,,,https://trigonoreal.gr/images/properties/8-17646076.jpg,,,2026-09-27,2026-09-27T14:30:08Z
trigonoreal.gr,Trigono Real Estate Agency,https://trigonoreal.gr/property.php?id=729,Κατάστημα 80.00 τ.μ.,rent,store,750,80.0,9,,ισόγειο,1966,thessaloniki,Θεσσαλονίκη,Θεσσαλονίκη trigonoreal@gmail.com --> ☰ --> Αρχική,,,https://trigonoreal.gr/images/properties/2-7297807.jpg,,,2026-09-27,2026-09-27T14:30:11Z
trigonoreal.gr,Trigono Real Estate Agency,https://trigonoreal.gr/property.php?id=1091,Κατάστημα 400.00 τ.μ.,sale,store,375000,400.0,938,,ισόγειο,2009,thessaloniki,Θερμαϊκός,Θεσσαλονίκη - Περαία ΠΩΛΕΙΤΑΙ κατάστημα 3 επιπέδων,,,https://trigonoreal.gr/images/properties/7-10913823.jpg,,,2026-09-27,2026-09-27T14:30:14Z
trigonoreal.gr,Trigono Real Estate Agency,https://trigonoreal.gr/property.php?id=180,Γκαρσονιέρα/Studio 25.00 τ.μ.,rent,studio,300,25.0,12,1,2,1991,thessaloniki,Θεσσαλονίκη,Θεσσαλονίκη Δήμος 40 Εκκλησιές ΕΝΟΙΚΙΑΖΕΤΑΙ γκαρσον,,,https://trigonoreal.gr/images/properties/2-1801482.jpg,,,2026-09-27,2026-09-27T14:30:17Z
trigonoreal.gr,Trigono Real Estate Agency,https://trigonoreal.gr/property.php?id=1211,Διαμέρισμα 85.00 τ.μ.,sale,apartment,110000,85.0,1294,2,2,1985,thessaloniki,Κορδελιό-Εύοσμος,Κορδελιό,,,https://trigonoreal.gr/images/properties/8-12112526.jpg,,,2026-09-27,2026-09-27T14:30:20Z
trigonoreal.gr,Trigono Real Estate Agency,https://trigonoreal.gr/property.php?id=1746,Κατάστημα 190.00 τ.μ.,rent,store,2000,190.0,11,,ισόγειο,1992,thessaloniki,Θεσσαλονίκη,Θεσσαλονίκη,,,https://trigonoreal.gr/images/properties/8-17461650.jpg,,,2026-09-27,2026-09-27T14:30:23Z
trigonoreal.gr,Trigono Real Estate Agency,https://trigonoreal.gr/property.php?id=1731,Κατάστημα 220.00 τ.μ.,sale,store,800000,220.0,3636,,51,1990,thessaloniki,Θεσσαλονίκη,Θεσσαλονίκη - Κέντρο,,,https://trigonoreal.gr/images/properties/8-17311810.jpg,,,2026-09-27,2026-09-27T14:30:26Z
trigonoreal.gr,Trigono Real Estate Agency,https://trigonoreal.gr/property.php?id=1703,Κατάστημα 140.00 τ.μ.,sale,store,125000,140.0,893,,ισόγειο,1975,thessaloniki,Θεσσαλονίκη,Θεσσαλονίκη - κέντρο - Πλατεία Δημοκρατίας,,,https://trigonoreal.gr/images/properties/8-17038534.jpg,,,2026-09-27,2026-09-27T14:30:29Z
trigonoreal.gr,Trigono Real Estate Agency,https://trigonoreal.gr/property.php?id=1698,Γραφείο 60.00 τ.μ.,sale,office,200000,60.0,3333,,2,1978,thessaloniki,Θεσσαλονίκη-Κέντρο,Θεσσαλονίκη κέντρο- Λαδάδικα,,,https://trigonoreal.gr/images/properties/8-16985222.jpg,,,2026-09-27,2026-09-27T14:30:32Z
trigonoreal.gr,Trigono Real Estate Agency,https://trigonoreal.gr/property.php?id=1203,Ξενοδοχείο 890.00 τ.μ.,sale,hotel,850000,890.0,955,,ισόγειο,2007,thessaloniki,Θεσσαλονίκη,Θεσσαλονίκης,,,https://trigonoreal.gr/images/properties/8-12036216.jpg,,,2026-09-27,2026-09-27T14:30:35Z
lrealestate.gr,lrealestate.gr,https://lrealestate.gr/property.php?id=2166,Διαμέρισμα 60.00 τ.μ.,sale,apartment,125000,60.0,2083,1,4,1965,thessaloniki,Θεσσαλονίκη-Ανατολικά,Θεσσαλονίκης Φάληρο ΠΩΛΕΙΤΑΙ διαμέρισμα στον 4 ο όρ,,,https://lrealestate.gr/images/properties/1-21667632.jpg,,,2026-09-27,2026-09-27T14:29:43Z
lrealestate.gr,lrealestate.gr,https://lrealestate.gr/property.php?id=2170,Διαμέρισμα 68.00 τ.μ.,sale,apartment,90000,68.0,1324,2,2,1982,thessaloniki,Νεάπολη-Συκιές,Νεάπολη,,,https://lrealestate.gr/images/properties/1-21708690.jpg,,,2026-09-27,2026-09-27T14:29:46Z
lrealestate.gr,lrealestate.gr,https://lrealestate.gr/property.php?id=2171,Διαμέρισμα 82.00 τ.μ.,sale,apartment,99000,82.0,1207,2,4,1979,thessaloniki,Νεάπολη-Συκιές,Συκιές,,,https://lrealestate.gr/images/properties/1-21714336.jpg,,,2026-09-27,2026-09-27T14:29:49Z
lrealestate.gr,lrealestate.gr,https://lrealestate.gr/property.php?id=2172,Διαμέρισμα 35.00 τ.μ.,rent,apartment,300,35.0,9,1,3,1970,thessaloniki,Θεσσαλονίκη,Θεσσαλονίκη κέντρο,,,https://lrealestate.gr/images/properties/1-21725580.jpg,,,2026-09-27,2026-09-27T14:29:52Z
lrealestate.gr,lrealestate.gr,https://lrealestate.gr/property.php?id=2168,Διαμέρισμα 50.00 τ.μ.,sale,apartment,55000,50.0,1100,1,ημιυπόγειο,1965,thessaloniki,Θεσσαλονίκη,Θεσσαλονίκης στην οδό Ηφαιστιωνος με δική του αυλή,,,https://lrealestate.gr/images/properties/1-21689358.jpg,,,2026-09-27,2026-09-27T14:29:55Z
lrealestate.gr,lrealestate.gr,https://lrealestate.gr/property.php?id=2163,Διαμέρισμα 140.00 τ.μ.,sale,apartment,255000,140.0,1821,3,2,1990,thessaloniki,Καλαμαριά,Καλαμαριά,,,https://lrealestate.gr/images/properties/1-21632696.jpg,,,2026-09-27,2026-09-27T14:29:58Z
lrealestate.gr,lrealestate.gr,https://lrealestate.gr/property.php?id=2158,Διαμέρισμα 57.00 τ.μ.,sale,apartment,160000,57.0,2807,1,4,1978,thessaloniki,Θεσσαλονίκη,Θεσσαλονίκης Παναγία Φανερωμένη ΠΩΛΕΙΤΑΙ ανακαινισμ,,,https://lrealestate.gr/images/properties/6-21585408.jpg,,,2026-09-27,2026-09-27T14:30:01Z
lrealestate.gr,lrealestate.gr,https://lrealestate.gr/property.php?id=2160,Διαμέρισμα 72.00 τ.μ.,sale,apartment,115000,72.0,1597,1,3,1982,thessaloniki,Νεάπολη-Συκιές,Συκιές,,,https://lrealestate.gr/images/properties/6-21605423.jpg,,,2026-09-27,2026-09-27T14:30:04Z
lrealestate.gr,lrealestate.gr,https://lrealestate.gr/property.php?id=2169,Διαμέρισμα 89.00 τ.μ.,sale,apartment,170000,89.0,1910,3,2,2006,thessaloniki,Κορδελιό-Εύοσμος,Εύοσμος,,,https://lrealestate.gr/images/properties/1-2169628.jpg,,,2026-09-27,2026-09-27T14:30:10Z
lrealestate.gr,lrealestate.gr,https://lrealestate.gr/property.php?id=2164,Διαμέρισμα 28.00 τ.μ.,rent,apartment,380,28.0,14,1,1,2001,thessaloniki,Θεσσαλονίκη,Θεσσαλονίκη κέντρο,,,https://lrealestate.gr/images/properties/1-21647766.jpg,,,2026-09-27,2026-09-27T14:30:15Z
lrealestate.gr,lrealestate.gr,https://lrealestate.gr/property.php?id=1759,Διαμέρισμα 32.00 τ.μ.,sale,apartment,99000,32.0,3094,1,1,1991,unknown,,,,,https://lrealestate.gr/images/properties/1-17591192.jpg,,,2026-09-27,2026-09-27T14:30:22Z
lrealestate.gr,lrealestate.gr,https://lrealestate.gr/property.php?id=1760,Γκαρσονιέρα/Studio 30.00 τ.μ.,sale,studio,107000,30.0,3567,1,1,1991,unknown,,,,,https://lrealestate.gr/images/properties/1-1760379.jpg,,,2026-09-27,2026-09-27T14:30:28Z
lrealestate.gr,lrealestate.gr,https://lrealestate.gr/property.php?id=1762,Γκαρσονιέρα/Studio 41.00 τ.μ.,sale,studio,99000,41.0,2415,1,1,1991,unknown,,,,,https://lrealestate.gr/images/properties/1-17628702.jpg,,,2026-09-27,2026-09-27T14:30:34Z
nsarafoudis.gr,Σαραφούδης Νικόλαος Π.,https://www.nsarafoudis.gr/property.php?id=382,Αγροτεμάχιο 5000.00 τ.μ.,sale,land,135000,5000.0,27,,,,thessaloniki,Αμπελόκηποι-Μενεμένη,Αμπελόκηποι,,,https://nsarafoudis.gr/images/properties/1-3825366.jpg,,,2026-09-27,2026-09-27T14:29:22Z
nsarafoudis.gr,Σαραφούδης Νικόλαος Π.,https://www.nsarafoudis.gr/property.php?id=352,Αποθήκη 3500.00 τ.μ.,,warehouse,21875,3500.0,6,,,2025,thessaloniki,Αμπελόκηποι-Μενεμένη,Αμπελόκηποι,,,https://nsarafoudis.gr/images/properties/1-3528319.jpg,,,2026-09-27,2026-09-27T14:29:25Z
nsarafoudis.gr,Σαραφούδης Νικόλαος Π.,https://www.nsarafoudis.gr/property.php?id=375,Αποθήκη 625.00 τ.μ.,sale,warehouse,590000,625.0,944,,ισόγειο,1996,thessaloniki,Αμπελόκηποι-Μενεμένη,Αμπελόκηποι,,,https://nsarafoudis.gr/images/properties/1-375571.jpg,,,2026-09-27,2026-09-27T14:29:28Z
nsarafoudis.gr,Σαραφούδης Νικόλαος Π.,https://www.nsarafoudis.gr/property.php?id=409,Αγροτεμάχιο 29500.00 τ.μ.,sale,land,1150000,29500.0,39,,,,thessaloniki,Αμπελόκηποι-Μενεμένη,Αμπελόκηποι,,,https://nsarafoudis.gr/images/properties/1-4092728.jpg,,,2026-09-27,2026-09-27T14:29:32Z
nsarafoudis.gr,Σαραφούδης Νικόλαος Π.,https://www.nsarafoudis.gr/property.php?id=393,Αποθήκη 1950.00 τ.μ.,sale,warehouse,1800000,1950.0,923,,,2003,thessaloniki,Αμπελόκηποι-Μενεμένη,Αμπελόκηποι,,,https://nsarafoudis.gr/images/properties/1-3937054.jpg,,,2026-09-27,2026-09-27T14:29:35Z
nsarafoudis.gr,Σαραφούδης Νικόλαος Π.,https://www.nsarafoudis.gr/property.php?id=411,Διαμέρισμα 92.30 τ.μ.,sale,apartment,230000,92.3,2492,2,3,2026,thessaloniki,Νεάπολη-Συκιές,Συκιές,,,https://nsarafoudis.gr/images/properties/1-4116378.jpg,,,2026-09-27,2026-09-27T14:29:37Z
nsarafoudis.gr,Σαραφούδης Νικόλαος Π.,https://www.nsarafoudis.gr/property.php?id=343,Οικόπεδο 693.00 τ.μ.,sale,land,120000,693.0,173,,,,thessaloniki,Αμπελόκηποι-Μενεμένη,Αμπελόκηποι,,,https://nsarafoudis.gr/images/properties/1-3439032.jpg,,,2026-09-27,2026-09-27T14:29:41Z
nsarafoudis.gr,Σαραφούδης Νικόλαος Π.,https://www.nsarafoudis.gr/property.php?id=392,Αγροτεμάχιο 11330.00 τ.μ.,rent,land,2000,11330.0,0,,,,thessaloniki,Αμπελόκηποι-Μενεμένη,Αμπελόκηποι,,,https://nsarafoudis.gr/images/properties/1-3922357.jpg,,,2026-09-27,2026-09-27T14:29:43Z
nsarafoudis.gr,Σαραφούδης Νικόλαος Π.,https://www.nsarafoudis.gr/property.php?id=403,Αποθήκη 326.00 τ.μ.,rent,warehouse,1050,326.0,3,,,1997,thessaloniki,Αμπελόκηποι-Μενεμένη,Αμπελόκηποι,,,https://nsarafoudis.gr/images/properties/1-4032327.jpg,,,2026-09-27,2026-09-27T14:29:47Z
nsarafoudis.gr,Σαραφούδης Νικόλαος Π.,https://www.nsarafoudis.gr/property.php?id=405,Αγροτεμάχιο 9450.00 τ.μ.,rent,land,3000,9450.0,0,,,,thessaloniki,Αμπελόκηποι-Μενεμένη,Αμπελόκηποι,,,https://nsarafoudis.gr/images/properties/1-4058566.jpg,,,2026-09-27,2026-09-27T14:29:50Z
nsarafoudis.gr,Σαραφούδης Νικόλαος Π.,https://www.nsarafoudis.gr/property.php?id=413,Διαμέρισμα 45.46 τ.μ.,sale,apartment,130000,45.5,2860,1,2,2026,thessaloniki,Νεάπολη-Συκιές,Συκιές,,,https://nsarafoudis.gr/images/properties/1-4131879.jpg,,,2026-09-27,2026-09-27T14:29:53Z
nsarafoudis.gr,Σαραφούδης Νικόλαος Π.,https://www.nsarafoudis.gr/property.php?id=410,Διαμέρισμα 90.87 τ.μ.,sale,apartment,213000,90.9,2344,2,2,2026,thessaloniki,Νεάπολη-Συκιές,Συκιές,,,https://nsarafoudis.gr/images/properties/1-4102669.jpg,,,2026-09-27,2026-09-27T14:29:56Z
nsarafoudis.gr,Σαραφούδης Νικόλαος Π.,https://www.nsarafoudis.gr/property.php?id=412,Διαμέρισμα 64.36 τ.μ.,sale,apartment,170000,64.4,2641,1,4,2026,thessaloniki,Νεάπολη-Συκιές,Συκιές,,,https://nsarafoudis.gr/images/properties/1-4123116.jpg,,,2026-09-27,2026-09-27T14:29:58Z
nsarafoudis.gr,Σαραφούδης Νικόλαος Π.,https://www.nsarafoudis.gr/property.php?id=300,Μονοκατοικία 104.00 τ.μ.,sale,house,189000,104.0,1817,,ισόγειο,1985,thessaloniki,Αμπελόκηποι-Μενεμένη,Αμπελόκηποι,,,https://nsarafoudis.gr/images/properties/1-3007592.jpg,,,2026-09-27,2026-09-27T14:30:02Z
nsarafoudis.gr,Σαραφούδης Νικόλαος Π.,https://www.nsarafoudis.gr/property.php?id=293,Διαμέρισμα 127.00 τ.μ.,sale,apartment,80000,127.0,630,3,1,1979,thessaloniki,Αμπελόκηποι-Μενεμένη,Αμπελόκηποι,,,https://nsarafoudis.gr/images/properties/1-2938937.jpg,,,2026-09-27,2026-09-27T14:30:05Z
nsarafoudis.gr,Σαραφούδης Νικόλαος Π.,https://www.nsarafoudis.gr/property.php?id=394,Αποθήκη 1950.00 τ.μ.,rent,warehouse,9900,1950.0,5,,,2003,thessaloniki,Αμπελόκηποι-Μενεμένη,Αμπελόκηποι,,,https://nsarafoudis.gr/images/properties/1-3942778.jpg,,,2026-09-27,2026-09-27T14:30:08Z
nsarafoudis.gr,Σαραφούδης Νικόλαος Π.,https://www.nsarafoudis.gr/property.php?id=380,Αγροτεμάχιο 12000.00 τ.μ.,sale,land,285000,12000.0,24,,,,thessaloniki,Αμπελόκηποι-Μενεμένη,Αμπελόκηποι,,,https://nsarafoudis.gr/images/properties/1-3805152.jpg,,,2026-09-27,2026-09-27T14:30:11Z
nsarafoudis.gr,Σαραφούδης Νικόλαος Π.,https://www.nsarafoudis.gr/property.php?id=400,Βιομηχανικός Χώρος 1392.00 τ.μ.,rent,warehouse,2200,1392.0,2,,ισόγειο,1985,thessaloniki,Αμπελόκηποι-Μενεμένη,Αμπελόκηποι,,,https://nsarafoudis.gr/images/properties/1-4009215.jpg,,,2026-09-27,2026-09-27T14:30:14Z
nsarafoudis.gr,Σαραφούδης Νικόλαος Π.,https://www.nsarafoudis.gr/property.php?id=350,Αποθήκη 3000.00 τ.μ.,,warehouse,18750,3000.0,6,,,2025,thessaloniki,Αμπελόκηποι-Μενεμένη,Αμπελόκηποι,,,https://nsarafoudis.gr/images/properties/1-3506691.jpg,,,2026-09-27,2026-09-27T14:30:17Z
nsarafoudis.gr,Σαραφούδης Νικόλαος Π.,https://www.nsarafoudis.gr/property.php?id=204,Αγροτεμάχιο 6500.00 τ.μ.,sale,land,109000,6500.0,17,,,,thessaloniki,Αμπελόκηποι-Μενεμένη,Αμπελόκηποι,,,https://nsarafoudis.gr/images/properties/1-2049337.jpg,,,2026-09-27,2026-09-27T14:30:19Z
nsarafoudis.gr,Σαραφούδης Νικόλαος Π.,https://www.nsarafoudis.gr/property.php?id=373,Αγροτεμάχιο 16250.00 τ.μ.,rent,land,3500,16250.0,0,,,,thessaloniki,Ωραιόκαστρο,Ωραιόκαστρο,,,https://nsarafoudis.gr/images/properties/1-3735829.jpg,,,2026-09-27,2026-09-27T14:30:22Z
nsarafoudis.gr,Σαραφούδης Νικόλαος Π.,https://www.nsarafoudis.gr/property.php?id=420,Βιοτεχνικός Χώρος 688.00 τ.μ.,sale,warehouse,145000,688.0,211,,,2007,thessaloniki,Αμπελόκηποι-Μενεμένη,Αμπελόκηποι,,,https://nsarafoudis.gr/images/properties/1-4204072.jpg,,,2026-09-27,2026-09-27T14:30:25Z
nsarafoudis.gr,Σαραφούδης Νικόλαος Π.,https://www.nsarafoudis.gr/property.php?id=333,Βιοτεχνικός Χώρος 280.00 τ.μ.,rent,warehouse,1200,280.0,4,,ισόγειο,2008,thessaloniki,Αμπελόκηποι-Μενεμένη,Αμπελόκηποι,,,https://nsarafoudis.gr/images/properties/1-3331613.jpg,,,2026-09-27,2026-09-27T14:30:28Z
nsarafoudis.gr,Σαραφούδης Νικόλαος Π.,https://www.nsarafoudis.gr/property.php?id=421,Βιοτεχνικός Χώρος 350.00 τ.μ.,rent,warehouse,1750,350.0,5,,ισόγειο,1988,thessaloniki,Αμπελόκηποι-Μενεμένη,Αμπελόκηποι,,,https://nsarafoudis.gr/images/properties/1-4215645.jpg,,,2026-09-27,2026-09-27T14:30:31Z
nsarafoudis.gr,Σαραφούδης Νικόλαος Π.,https://www.nsarafoudis.gr/property.php?id=423,Αποθήκη 485.00 τ.μ.,rent,warehouse,1500,485.0,3,,ισόγειο,1970,thessaloniki,Αμπελόκηποι-Μενεμένη,Αμπελόκηποι,,,https://nsarafoudis.gr/images/properties/1-4232896.jpg,,,2026-09-27,2026-09-27T14:30:34Z
nsarafoudis.gr,Σαραφούδης Νικόλαος Π.,https://www.nsarafoudis.gr/property.php?id=289,Αποθήκη 1500.00 τ.μ.,sale,warehouse,300000,1500.0,200,,ισόγειο,1985,thessaloniki,Αμπελόκηποι-Μενεμένη,Αμπελόκηποι,,,https://nsarafoudis.gr/images/properties/1-2894385.jpg,,,2026-09-27,2026-09-27T14:30:37Z
nsarafoudis.gr,Σαραφούδης Νικόλαος Π.,https://www.nsarafoudis.gr/property.php?id=211,Αγροτεμάχιο 5250.00 τ.μ.,sale,land,250000,5250.0,48,,,,thessaloniki,Αμπελόκηποι-Μενεμένη,Αμπελόκηποι,,,https://nsarafoudis.gr/images/properties/1-2119637.jpg,,,2026-09-27,2026-09-27T14:30:40Z
nsarafoudis.gr,Σαραφούδης Νικόλαος Π.,https://www.nsarafoudis.gr/property.php?id=366,Βιοτεχνικός Χώρος 650.00 τ.μ.,sale,warehouse,330000,650.0,508,,,2007,thessaloniki,Αμπελόκηποι-Μενεμένη,Αμπελόκηποι,,,https://nsarafoudis.gr/images/properties/1-3664860.jpg,,,2026-09-27,2026-09-27T14:30:43Z
nsarafoudis.gr,Σαραφούδης Νικόλαος Π.,https://www.nsarafoudis.gr/property.php?id=144,Αγροτεμάχιο 21000.00 τ.μ.,sale,land,580000,21000.0,28,,,,thessaloniki,Ωραιόκαστρο,Ωραιόκαστρο,,,https://nsarafoudis.gr/images/properties/1-1449063.jpg,,,2026-09-27,2026-09-27T14:30:46Z
nsarafoudis.gr,Σαραφούδης Νικόλαος Π.,https://www.nsarafoudis.gr/property.php?id=138,Αποθήκη 500.00 τ.μ.,sale,warehouse,350000,500.0,700,,ισόγειο,2004,thessaloniki,Αμπελόκηποι-Μενεμένη,Αμπελόκηποι,,,https://nsarafoudis.gr/images/properties/1-1388972.jpg,,,2026-09-27,2026-09-27T14:30:50Z
thesskatoikia.gr,Thesskatoikia,https://www.thesskatoikia.gr/property/566,Πωλείται διαμέρισμα 100 τ.μ. στον Εύοσμο Θεσσαλονίκης - Μεσιτικό Γραφείο Thess Κατοικία,sale,apartment,115000,100.0,1150,2,ισόγειο,1980,thessaloniki,Κορδελιό-Εύοσμος,Θεσσαλονίκης - Μεσιτικό Γραφείο Thess Κατοικία  Πωλ,,,https://www.thesskatoikia.gr/images/properties/1-5666610.jpg,,,2026-09-27,2026-09-27T14:29:21Z
thesskatoikia.gr,Thesskatoikia,https://www.thesskatoikia.gr/property/1091,ενοικιάζεται Διαμέρισμα 72τμ στο Ωραιόκαστρο θεσσαλονικης  - Μεσιτικό Γραφείο Thess Κατοικία,rent,apartment,,72.0,,1,ισόγειο,1998,thessaloniki,Ωραιόκαστρο,Ωραιόκαστρο,,,https://www.thesskatoikia.gr/images/properties/6-10912855.jpg,,,2026-09-27,2026-09-27T14:29:24Z
thesskatoikia.gr,Thesskatoikia,https://www.thesskatoikia.gr/property/1088,Ενοικιάζεται Διαμέρισμα  στον Εύοσμο 80 τ.μ  - Μεσιτικό Γραφείο Thess Κατοικία,rent,apartment,,80.0,,2,4,2003,thessaloniki,Κορδελιό-Εύοσμος,Θεσσαλονίκη Περιφ/κοί δήμοι,,,https://www.thesskatoikia.gr/images/properties/6-10886813.jpg,,,2026-09-27,2026-09-27T14:29:27Z
thesskatoikia.gr,Thesskatoikia,https://www.thesskatoikia.gr/property/496,"Ενοικιάζεται τριώροφη μεζονέτα με σοφίτα, συνολικού εμβαδού 173 τ.μ στο Ωραιόκαστρο Θεσσαλονίκης - Μεσιτικό Γραφείο Thess Κατοικία",rent,maisonette,,173.0,,4,ισόγειο,2008,thessaloniki,Ωραιόκαστρο,Ωραιόκαστρο,,,https://www.thesskatoikia.gr/images/properties/1-4965966.jpg,,,2026-09-27,2026-09-27T14:29:42Z
thesskatoikia.gr,Thesskatoikia,https://www.thesskatoikia.gr/property/1086,Ενοικιάζεται διαμέρισμα 80τμ στο Κορδελιό - Μεσιτικό Γραφείο Thess Κατοικία,rent,apartment,,80.0,,2,1,2013,thessaloniki,Κορδελιό-Εύοσμος,Κορδελιό,,,https://www.thesskatoikia.gr/images/properties/2-10865613.jpg,,,2026-09-27,2026-09-27T14:29:56Z
thesskatoikia.gr,Thesskatoikia,https://www.thesskatoikia.gr/property/1089,Ενοικιάζεται εξαιρετική μεζονέτα στο Παλαιόκαστρο - Μεσιτικό Γραφείο Thess Κατοικία,rent,maisonette,,114.0,,3,3,2005,thessaloniki,Ωραιόκαστρο,Θεσσαλονίκη Περιφ/κοί δήμοι,,,https://www.thesskatoikia.gr/images/properties/2-4948847.jpg,,,2026-09-27,2026-09-27T14:30:37Z
thesskatoikia.gr,Thesskatoikia,https://www.thesskatoikia.gr/property/1079,Πωλείται διαμέρισμα 44 τ.μ. στους Αμπελοκηπους Θεσσαλονίκης  - Μεσιτικό Γραφείο Thess Κατοικία,sale,apartment,90000,44.0,2045,1,2,1988,thessaloniki,Αμπελόκηποι-Μενεμένη,Θεσσαλονίκης  - Μεσιτικό Γραφείο Thess Κατοικία  Πω,,,https://www.thesskatoikia.gr/images/properties/1-1079694.jpg,,,2026-09-27,2026-09-27T14:30:40Z
thesskatoikia.gr,Thesskatoikia,https://www.thesskatoikia.gr/property/1058,ΠΩΛΕΙΤΑΙ πολυτελές διαμέρισμα 57 τ.μ. στο Κέντρο Θεσσαλονίκης- Αντιγονιδών - Μεσιτικό Γραφείο Thess Κατοικία,sale,apartment,157000,57.0,2754,,4,1978,thessaloniki,Θεσσαλονίκη-Κέντρο,Θεσσαλονίκης- Αντιγονιδών - Μεσιτικό Γραφείο Thess,,,https://www.thesskatoikia.gr/images/properties/4-1058244.jpg,,,2026-09-27,2026-09-27T14:30:42Z
thesskatoikia.gr,Thesskatoikia,https://www.thesskatoikia.gr/property/1047,Πωλείται εξαιρετικό οροφοδιαμέρισμα 101 τ.μ. στον ΕΥΟΣΜΟ ΘΕΣΣΑΛΟΝΙΚΗΣ με πάρκινγκ και αποθήκη - Μεσιτικό Γραφείο Thess Κατοικία,sale,apartment,168000,101.0,1663,2,1,2003,thessaloniki,Κορδελιό-Εύοσμος,Θεσσαλονίκη Περιφ/κοί δήμοι,,,https://www.thesskatoikia.gr/images/properties/1-10471619.jpg,,,2026-09-27,2026-09-27T14:30:45Z
thesskatoikia.gr,Thesskatoikia,https://www.thesskatoikia.gr/property/1041,"Πωλείται όροφοδιαμέρισμα 86 τ.μ.5ου ορόφου με θέα σε βουνό και θάλασσα, στον Εύοσμο, Θεσσαλονίκης - Μεσιτικό Γραφείο Thess Κατοικία",sale,apartment,210000,86.0,2442,2,5,2009,thessaloniki,Κορδελιό-Εύοσμος,Θεσσαλονίκης - Μεσιτικό Γραφείο Thess Κατοικία  Πωλ,,,https://www.thesskatoikia.gr/images/properties/1-1041176.jpg,,,2026-09-27,2026-09-27T14:30:49Z
thesskatoikia.gr,Thesskatoikia,https://www.thesskatoikia.gr/property/1023,"Eπιπλωμένη ανακαινισμένη φοιτιτική κατοικία 1ου με ιντερνετ, νερο και κοινοχρηστα!! - Μεσιτικό Γραφείο Thess Κατοικία",,house,,31.0,,1,υπόγειο,1958,thessaloniki,Θεσσαλονίκη,Θεσσαλονίκης,,,https://www.thesskatoikia.gr/images/properties/3-10236264.jpg,,,2026-09-27,2026-09-27T14:30:52Z
thesskatoikia.gr,Thesskatoikia,https://www.thesskatoikia.gr/property/922,Πωλείται εξαιρετικό φωτεινό διαμέρισμα προσόψεως 85 τ.μ. στο κέντρο του Ευόσμου. - Μεσιτικό Γραφείο Thess Κατοικία,sale,apartment,150000,85.0,1765,2,3,1990,thessaloniki,Κορδελιό-Εύοσμος,Θεσσαλονίκη Περιφ/κοί δήμοι,,,https://www.thesskatoikia.gr/images/properties/1-9221759.jpg,,,2026-09-27,2026-09-27T14:30:55Z
thesskatoikia.gr,Thesskatoikia,https://www.thesskatoikia.gr/property/940,Πωλείται φωτεινό διαμπερές διαμέρισμα 52 τ.μ. - Μεσιτικό Γραφείο Thess Κατοικία,sale,apartment,85000,52.0,1635,1,1,1976,thessaloniki,Θεσσαλονίκη,Θεσσαλονίκης,,,https://www.thesskatoikia.gr/images/properties/1-9404970.jpg,,,2026-09-27,2026-09-27T14:30:57Z
thesskatoikia.gr,Thesskatoikia,https://www.thesskatoikia.gr/property/1069,Ενοικιάζεται κεντρικό κατάστημα 50τμ στην Κάτω Ηλιούπολη - Μεσιτικό Γραφείο Thess Κατοικία,rent,store,,50.0,,,ισόγειο,1980,thessaloniki,Θεσσαλονίκη,Θεσσαλονίκη Περιφ/κοί δήμοι,,,https://www.thesskatoikia.gr/images/properties/2-10691816.jpg,,,2026-09-27,2026-09-27T14:31:03Z
thesskatoikia.gr,Thesskatoikia,https://www.thesskatoikia.gr/property/1070,Ενοικιάζεται κατάστημα 30τμ στην Σταυρούπολη - Μεσιτικό Γραφείο Thess Κατοικία,rent,store,,30.0,,,ισόγειο,1980,thessaloniki,Παύλος Μελάς,Σταυρούπολη,,,https://www.thesskatoikia.gr/images/properties/2-10707226.jpg,,,2026-09-27,2026-09-27T14:31:07Z
thesskatoikia.gr,Thesskatoikia,https://www.thesskatoikia.gr/property/1037,"Ενοικιάζεται εξαιρετικό κατάστημα δύο επιπέδων, συνολικής επιφάνειας 170 τ.μ. στην Ηλιούπολης Θεσσαλονίκης. - Μεσιτικό Γραφείο Thess Κατοικία",rent,store,,170.0,,,ισόγειο,1998,thessaloniki,Θεσσαλονίκη,Θεσσαλονίκης. - Μεσιτικό Γραφείο Thess Κατοικία  Εν,,,https://www.thesskatoikia.gr/images/properties/1-10374003.jpg,,,2026-09-27,2026-09-27T14:31:10Z
thesskatoikia.gr,Thesskatoikia,https://www.thesskatoikia.gr/property/1030,Ευκαιρία! Πωλείται αποθήκη 200τμ στην πλατεία Χαριλάου - Μεσιτικό Γραφείο Thess Κατοικία,sale,warehouse,50000,200.0,250,,υπόγειο,1975,thessaloniki,Θεσσαλονίκη-Ανατολικά,Χαριλάου,,,https://www.thesskatoikia.gr/images/properties/2-10306723.jpg,,,2026-09-27,2026-09-27T14:31:12Z
thesskatoikia.gr,Thesskatoikia,https://www.thesskatoikia.gr/property/929,Πωλείται επαγγελματικό κτίριο 3 επιπέδων στο Κολχικό - Μεσιτικό Γραφείο Thess Κατοικία,sale,building,460000,622.0,740,,1,2000,thessaloniki,Θεσσαλονίκη,Θεσσαλονίκη Υπόλ. Νομού,,,https://www.thesskatoikia.gr/images/properties/2-929646.jpg,,,2026-09-27,2026-09-27T14:31:17Z
thesskatoikia.gr,Thesskatoikia,https://www.thesskatoikia.gr/property/918,"Ενοικιάζεται γραφείο 90 τ.μ. στον 1ο όροφο, στην περιοχή της Ηλιούπολης Θεσσαλονίκης - Μεσιτικό Γραφείο Thess Κατοικία",rent,office,,90.0,,,1,1998,thessaloniki,Θεσσαλονίκη,Θεσσαλονίκης - Μεσιτικό Γραφείο Thess Κατοικία  Ενο,,,https://www.thesskatoikia.gr/images/properties/1-9187207.jpg,,,2026-09-27,2026-09-27T14:31:18Z
elepak.gr,Ελληνική Επένδυση Ακινήτων,https://www.elepak.gr/property/2025/Diamerisma-Kalamaria,Διαμέρισμα 108.00 τ.μ.,,apartment,,108.0,,3,2,1992,thessaloniki,Καλαμαριά,Καλαμαριά,,,https://www.elepak.gr/images/properties/2202594.jpg,,,2026-09-27,2026-09-27T14:29:51Z
elepak.gr,Ελληνική Επένδυση Ακινήτων,https://www.elepak.gr/property/2021/Diamerisma-Zografou,"A ready-to-market, fully furnished residential unit positioned for the €250k Golden Visa category.",rent,apartment,250,52.0,5,1,ισόγειο,1980,unknown,,,,,https://www.elepak.gr/images/properties/120219299.jpg,,,2026-09-27,2026-09-27T14:29:54Z
elepak.gr,Ελληνική Επένδυση Ακινήτων,https://www.elepak.gr/property/2020/Bila-Thermi,Βίλα 365.00 τ.μ.,sale,house,980000,365.0,2685,5,1,2008,thessaloniki,Θέρμη,Θέρμη,,,https://www.elepak.gr/images/properties/120202500.jpg,,,2026-09-27,2026-09-27T14:29:57Z
elepak.gr,Ελληνική Επένδυση Ακινήτων,https://www.elepak.gr/property/2017/Bila-Basilika,Αρχοντική μονοκατοικία στην Αγία Αναστασία με θέα στο βουνό,sale,house,430000,290.0,1483,4,ισόγειο,1990,unknown,,,,,https://www.elepak.gr/images/properties/120175736.jpg,,,2026-09-27,2026-09-27T14:30:00Z
elepak.gr,Ελληνική Επένδυση Ακινήτων,https://www.elepak.gr/property/2025,Διαμέρισμα 108.00 τ.μ.,,apartment,,108.0,,3,2,1992,thessaloniki,Καλαμαριά,Καλαμαριά,,,https://www.elepak.gr/images/properties/2202594.jpg,,,2026-09-27,2026-09-27T14:30:03Z
elepak.gr,Ελληνική Επένδυση Ακινήτων,https://www.elepak.gr/property/2024,Διαμέρισμα 104.00 τ.μ.,sale,apartment,295000,104.0,2837,2,5,2006,thessaloniki,Καλαμαριά,Καλαμαριά,,,https://www.elepak.gr/images/properties/120249706.jpg,,,2026-09-27,2026-09-27T14:30:06Z
elepak.gr,Ελληνική Επένδυση Ακινήτων,https://www.elepak.gr/property/2022,Διαμέρισμα 112.00 τ.μ.,,apartment,,112.0,,2,2,1996,thessaloniki,Καλαμαριά,Καλαμαριά,,,https://www.elepak.gr/images/properties/220224892.jpg,,,2026-09-27,2026-09-27T14:30:20Z
elepak.gr,Ελληνική Επένδυση Ακινήτων,https://www.elepak.gr/property/2018,Βιοτεχνικός Χώρος 2200.00 τ.μ.,sale,warehouse,1700000,2200.0,773,,1,1985,thessaloniki,Θέρμη,Θέρμη,,,https://www.elepak.gr/images/properties/120185229.jpg,,,2026-09-27,2026-09-27T14:30:35Z
elepak.gr,Ελληνική Επένδυση Ακινήτων,https://www.elepak.gr/property/1846,Διαμέρισμα 40.00 τ.μ.,sale,apartment,57000,40.0,1425,,ισόγειο,1965,thessaloniki,Θεσσαλονίκη,Θεσσαλονίκη κέντρο Διοικητήριο ΠΩΛΕΙΤΑΙ διαμέρισμα,,,https://www.elepak.gr/images/properties/118465291.jpg,,,2026-09-27,2026-09-27T14:30:44Z
elepak.gr,Ελληνική Επένδυση Ακινήτων,https://www.elepak.gr/property/2014/Oikopedo-Thermi,ΠΩΛΕΙΤΑΙ ΟΙΚΟΠΕΔΟ 200 τ.μ. ΣΤΟ ΤΡΙΑΔΙ ΘΕΡΜΗΣ!!!,sale,land,80000,200.0,400,,,,thessaloniki,Θέρμη,Θέρμη,,,https://www.elepak.gr/images/properties/120149187.jpg,,,2026-09-27,2026-09-27T14:31:01Z
elepak.gr,Ελληνική Επένδυση Ακινήτων,https://www.elepak.gr/property/717/Mezoneta-Mikra,"(Προς Ενοικίαση) Κατοικία Μεζονέτα || Θεσσαλονίκη Περίχωρα/Μίκρα - 145 τ.μ, 650€",rent,maisonette,650,145.0,4,3,ισόγειο,2009,thessaloniki,Θεσσαλονίκη,Θεσσαλονίκη Περίχωρα/Μίκρα - 145 τ.μ,,,https://www.elepak.gr/images/properties/717-4312082.jpg,,,2026-09-27,2026-09-27T14:31:04Z
elepak.gr,Ελληνική Επένδυση Ακινήτων,https://www.elepak.gr/property/1972/Katastima-Triandria,Κατάλληλο για αλλαγή χρήσης!!!,sale,land,105000,83.0,1265,,ισόγειο,1986,thessaloniki,Θεσσαλονίκη-Ανατολικά,Θεσσαλονίκης Τριανδρία ΠΩΛΕΙΤΑΙ κατάστημα ισόγειο σ,,,https://www.elepak.gr/images/properties/119722002.jpg,,,2026-09-27,2026-09-27T14:31:07Z
elepak.gr,Ελληνική Επένδυση Ακινήτων,https://www.elepak.gr/property/1927/Katastima-Ampelokipoi,"Εξαιρετικό Επενδυτικό Ακίνητο!
Μπορεί να διαμορφωθεί σε δύο Loft!",sale,store,78000,54.0,1444,,ισόγειο,1970,thessaloniki,Αμπελόκηποι-Μενεμένη,Αμπελόκηποι,,,https://www.elepak.gr/images/properties/119276406.jpg,,,2026-09-27,2026-09-27T14:31:10Z
elepak.gr,Ελληνική Επένδυση Ακινήτων,https://www.elepak.gr/property/1880/Grafeio-Thermi,Γραφείο 300.00 τ.μ.,rent,office,1780,300.0,6,,ισόγειο,2007,thessaloniki,Θέρμη,Θέρμη,,,https://www.elepak.gr/images/properties/218808381.jpg,,,2026-09-27,2026-09-27T14:31:13Z
elepak.gr,Ελληνική Επένδυση Ακινήτων,https://www.elepak.gr/property/1939/Oikopedo-Pallini,Οικόπεδο 3870.00 τ.μ.,sale,land,1200000,3870.0,310,,,,thessaloniki,Θεσσαλονίκη,Θεσσαλονίκη,,,https://www.elepak.gr/images/properties/119397618.jpg,,,2026-09-27,2026-09-27T14:31:27Z
elepak.gr,Ελληνική Επένδυση Ακινήτων,https://www.elepak.gr/property/1878/Oikopedo-Suros,Οικόπεδο 4068.00 τ.μ.,sale,land,150000,4068.0,37,,,,thessaloniki,Θεσσαλονίκη,Θεσσαλονίκη,,,https://www.elepak.gr/images/properties/118787413.jpg,,,2026-09-27,2026-09-27T14:31:30Z
elepak.gr,Ελληνική Επένδυση Ακινήτων,https://www.elepak.gr/property/1833/Oikopedo-Panorama,Οικόπεδο 1020.00 τ.μ.,sale,land,1050000,1020.0,1029,,,,thessaloniki,Πανόραμα,Πανόραμα,,,https://www.elepak.gr/images/properties/118336950.jpg,,,2026-09-27,2026-09-27T14:31:33Z
elepak.gr,Ελληνική Επένδυση Ακινήτων,https://www.elepak.gr/property/1826/Agrotemachio-Kassandra,Αγροτεμάχιο 4142.00 τ.μ.,sale,land,220000,4142.0,53,,,,other,,Θεσσαλονίκη,,,https://www.elepak.gr/images/properties/118267750.jpg,,,2026-09-27,2026-09-27T14:31:36Z
elepak.gr,Ελληνική Επένδυση Ακινήτων,https://www.elepak.gr/property/1827/Oikopedo-Echedoros,Οικόπεδο 6760.00 τ.μ.,sale,land,700000,6760.0,104,,,,thessaloniki,Θεσσαλονίκη,Θεσσαλονίκη,,,https://www.elepak.gr/images/properties/118276056.jpg,,,2026-09-27,2026-09-27T14:31:40Z
elepak.gr,Ελληνική Επένδυση Ακινήτων,https://www.elepak.gr/property/1725/Oikopedo-Thermi,Οικόπεδο 1975.00 τ.μ.,sale,land,750000,1975.0,380,,,,thessaloniki,Θέρμη,Θέρμη,,,https://www.elepak.gr/images/properties/117259469.jpg,,,2026-09-27,2026-09-27T14:31:42Z
elepak.gr,Ελληνική Επένδυση Ακινήτων,https://www.elepak.gr/property/1624/Oikopedo-Arta,Οικόπεδο 1555.00 τ.μ.,sale,land,800000,1555.0,514,,,,thessaloniki,Θεσσαλονίκη,Θεσσαλονίκη,,,https://www.elepak.gr/images/properties/,,,2026-09-27,2026-09-27T14:31:45Z
elepak.gr,Ελληνική Επένδυση Ακινήτων,https://www.elepak.gr/property/1625/Agrotemachio-Thermaikos,Αγροτεμάχιο 10000.00 τ.μ.,sale,land,200000,10000.0,20,,,,thessaloniki,Θερμαϊκός,Περαία,,,https://www.elepak.gr/images/properties/,,,2026-09-27,2026-09-27T14:31:48Z
elepak.gr,Ελληνική Επένδυση Ακινήτων,https://www.elepak.gr/property/1615/Agrotemachio-Triglia,Αγροτεμάχιο 2800.00 τ.μ.,sale,land,180000,2800.0,64,,,,thessaloniki,Θεσσαλονίκη,Θεσσαλονίκη,,,https://www.elepak.gr/images/properties/116157531.jpg,,,2026-09-27,2026-09-27T14:31:52Z
