url,first_seen,last_seen
http://www.karanikolas-estate.gr/akinita/346,2026-09-27,2026-09-27
http://www.karanikolas-estate.gr/akinita/358,2026-09-27,2026-09-27
http://www.karanikolas-estate.gr/akinita/431,2026-09-27,2026-09-27
http://www.karanikolas-estate.gr/akinita/446,2026-09-27,2026-09-27
http://www.karanikolas-estate.gr/akinita/458,2026-09-27,2026-09-27
http://www.karanikolas-estate.gr/akinita/480,2026-09-27,2026-09-27
http://www.karanikolas-estate.gr/akinita/482,2026-09-27,2026-09-27
http://www.karanikolas-estate.gr/akinita/490,2026-09-27,2026-09-27
http://www.karanikolas-estate.gr/akinita/492,2026-09-27,2026-09-27
http://www.karanikolas-estate.gr/akinita/493,2026-09-27,2026-09-27
http://www.karanikolas-estate.gr/akinita/502,2026-09-27,2026-09-27
http://www.karanikolas-estate.gr/akinita/505,2026-09-27,2026-09-27
http://www.karanikolas-estate.gr/akinita/517,2026-09-27,2026-09-27
http://www.karanikolas-estate.gr/akinita/522,2026-09-27,2026-09-27
http://www.karanikolas-estate.gr/akinita/524,2026-09-27,2026-09-27
http://www.karanikolas-estate.gr/akinita/525,2026-09-27,2026-09-27
http://www.karanikolas-estate.gr/akinita/527,2026-09-27,2026-09-27
http://www.karanikolas-estate.gr/akinita/528,2026-09-27,2026-09-27
http://www.karanikolas-estate.gr/akinita/529,2026-09-27,2026-09-27
http://www.karanikolas-estate.gr/akinita/531,2026-09-27,2026-09-27
http://www.karanikolas-estate.gr/akinita/534,2026-09-27,2026-09-27
http://www.karanikolas-estate.gr/akinita/535,2026-09-27,2026-09-27
http://www.karanikolas-estate.gr/akinita/537,2026-09-27,2026-09-27
http://www.karanikolas-estate.gr/akinita/540,2026-09-27,2026-09-27
http://www.karanikolas-estate.gr/akinita/541,2026-09-27,2026-09-27
http://www.karanikolas-estate.gr/akinita/542,2026-09-27,2026-09-27
http://www.karanikolas-estate.gr/akinita/543,2026-09-27,2026-09-27
http://www.karanikolas-estate.gr/akinita/544,2026-09-27,2026-09-27
http://www.karanikolas-estate.gr/akinita/546,2026-09-27,2026-09-27
http://www.karanikolas-estate.gr/akinita/547,2026-09-27,2026-09-27
https://aarealestate.gr/en/property/23333-2,2026-09-27,2026-09-27
https://aarealestate.gr/en/property/25025-2,2026-09-27,2026-09-27
https://aarealestate.gr/en/property/26077-2,2026-09-27,2026-09-27
https://aarealestate.gr/en/property/32835-2,2026-09-27,2026-09-27
https://aarealestate.gr/en/property/exceptional-plot-400-sqm-asprovalta,2026-09-27,2026-09-27
https://aarealestate.gr/property/24427-2,2026-09-27,2026-09-27
https://aarealestate.gr/property/26033-2,2026-09-27,2026-09-27
https://aarealestate.gr/property/27856-2,2026-09-27,2026-09-27
https://aarealestate.gr/property/29914-2,2026-09-27,2026-09-27
https://aarealestate.gr/property/30910-2,2026-09-27,2026-09-27
https://aarealestate.gr/property/32379-2,2026-09-27,2026-09-27
https://aarealestate.gr/property/32650-2,2026-09-27,2026-09-27
https://aarealestate.gr/property/32893-2,2026-09-27,2026-09-27
https://abestate.gr/property.php?id=3926,2026-09-27,2026-09-27
https://abestate.gr/property.php?id=3995,2026-09-27,2026-09-27
https://abestate.gr/property.php?id=4596,2026-09-27,2026-09-27
https://abestate.gr/property.php?id=4616,2026-09-27,2026-09-27
https://abestate.gr/property.php?id=4617,2026-09-27,2026-09-27
https://abestate.gr/property.php?id=4662,2026-09-27,2026-09-27
https://abestate.gr/property.php?id=4693,2026-09-27,2026-09-27
https://abestate.gr/property.php?id=4752,2026-09-27,2026-09-27
https://abestate.gr/property.php?id=4810,2026-09-27,2026-09-27
https://abestate.gr/property.php?id=4829,2026-09-27,2026-09-27
https://abestate.gr/property.php?id=4830,2026-09-27,2026-09-27
https://abestate.gr/property.php?id=4831,2026-09-27,2026-09-27
https://abestate.gr/property.php?id=4834,2026-09-27,2026-09-27
https://abestate.gr/property.php?id=4840,2026-09-27,2026-09-27
https://abestate.gr/property.php?id=4842,2026-09-27,2026-09-27
https://abestate.gr/property.php?id=4851,2026-09-27,2026-09-27
https://abestate.gr/property.php?id=4852,2026-09-27,2026-09-27
https://abestate.gr/property.php?id=4853,2026-09-27,2026-09-27
https://abestate.gr/property.php?id=4863,2026-09-27,2026-09-27
https://abestate.gr/property.php?id=4883,2026-09-27,2026-09-27
https://aenaossarealty.gr/property/3070/mezoneta-mikra,2026-09-27,2026-09-27
https://aenaossarealty.gr/property/3078/mezoneta-kalamaria,2026-09-27,2026-09-27
https://aenaossarealty.gr/property/3118/mezoneta-boulgari%20-%20agios%20eleutherios,2026-09-27,2026-09-27
https://aki-nito.gr/el/property/4787,2026-09-27,2026-09-27
https://aki-nito.gr/el/property/4795,2026-09-27,2026-09-27
https://aki-nito.gr/el/property/4797,2026-09-27,2026-09-27
https://aki-nito.gr/el/property/4798,2026-09-27,2026-09-27
https://aki-nito.gr/el/property/4800,2026-09-27,2026-09-27
https://aki-nito.gr/el/property/4801,2026-09-27,2026-09-27
https://aki-nito.gr/el/property/4802,2026-09-27,2026-09-27
https://aki-nito.gr/el/property/4812,2026-09-27,2026-09-27
https://aki-nito.gr/el/property/4870,2026-09-27,2026-09-27
https://aki-nito.gr/el/property/4936,2026-09-27,2026-09-27
https://aki-nito.gr/el/property/4950,2026-09-27,2026-09-27
https://aki-nito.gr/el/property/4951,2026-09-27,2026-09-27
https://aki-nito.gr/el/property/4954,2026-09-27,2026-09-27
https://aki-nito.gr/el/property/4974,2026-09-27,2026-09-27
https://aki-nito.gr/el/property/4981,2026-09-27,2026-09-27
https://aki-nito.gr/el/property/4982,2026-09-27,2026-09-27
https://aki-nito.gr/el/property/4983,2026-09-27,2026-09-27
https://aki-nito.gr/el/property/4990,2026-09-27,2026-09-27
https://aki-nito.gr/el/property/4992,2026-09-27,2026-09-27
https://aki-nito.gr/el/property/4997,2026-09-27,2026-09-27
https://aki-nito.gr/el/property/4998,2026-09-27,2026-09-27
https://aki-nito.gr/el/property/5001,2026-09-27,2026-09-27
https://aki-nito.gr/el/property/5002,2026-09-27,2026-09-27
https://aki-nito.gr/el/property/5004,2026-09-27,2026-09-27
https://aki-nito.gr/el/property/5006,2026-09-27,2026-09-27
https://aki-nito.gr/el/property/5007,2026-09-27,2026-09-27
https://aki-nito.gr/el/property/5009,2026-09-27,2026-09-27
https://aki-nito.gr/el/property/5010,2026-09-27,2026-09-27
https://alphaermis.com/property/enoiki%ce%aczetai-epaggelmatik%cf%8cs-kh%cf%8eros-300-t-m-periokh%ce%ae-n%ce%adou-siderodromiko%cf%8d,2026-09-27,2026-09-27
https://alphaermis.com/property/epaggelmatik%cf%8cs-kh%cf%8eros-110-t-m-25es-mart%ce%afou-meg%ce%acle-ependutik%ce%ae-eukair%ce%afa-2-2,2026-09-27,2026-09-27
https://alphaermis.com/property/exairetik%ce%ae-eukair%ce%afa-epaggelmatik%cf%8cs-kh%cf%8eros-170-t-m-sto-k%ce%adntro-tes-thessalon%ce%afkes,2026-09-27,2026-09-27
https://alphaermis.com/property/goniak%cf%8c-kat%ce%acstema-258-t-m-%e2%80%93-periokh%ce%ae-ippokrate%ce%afou-ples%ce%afon-metr%cf%8c-phl%ce%admingk,2026-09-27,2026-09-27
https://alphaermis.com/property/idanik%cf%8c-gia-golden-visa-ependutik%cf%8c-ak%ce%afneto-300-t-m-ep%ce%af-tes-e-o-thessalon%ce%afkes-bero%ce%afas-khalked%cf%8cna,2026-09-27,2026-09-27
https://alphaermis.com/property/ne%cf%8cdmete-mezon%ce%adta-143-t-m-me-anemp%cf%8cdiste-th%ce%ada-sto-palai%cf%8ckastro-thessalon%ce%afkes,2026-09-27,2026-09-27
https://alphaermis.com/property/pole%ce%aftai-exairetik%cf%8c-retir%ce%ad-100t-m-sten-ag%ce%afa-tri%ce%acda,2026-09-27,2026-09-27
https://alphaermis.com/property/pronomiak%cf%8c-diamper%ce%ads-kat%ce%acstema-106-t-m-sto-k%ce%adntro-tes-thessalon%ce%afkes-st%ce%acse-metr%cf%8c-beniz%ce%adlou,2026-09-27,2026-09-27
https://alphaermis.com/property/thessalon%ce%afke-k%ce%acto-to%cf%8dmpa-photein%cf%8cs-epaggelmatik%cf%8cs-kh%cf%8eros-140-t-m,2026-09-27,2026-09-27
https://anastasiouproperties.gr/property/1265047-grafeio-pros-polisi-kentro-thessalonikis-63-t-m-e140-000,2026-09-27,2026-09-27
https://anastasiouproperties.gr/property/1426427-viomichanikos-choros-pros-enoikiasi-efkarpia-3-500-t-m-e9-500,2026-09-27,2026-09-27
https://anastasiouproperties.gr/property/2112480-diamerisma-pros-polisi-thermi-41-t-m-e110-000,2026-09-27,2026-09-27
https://anastasiouproperties.gr/property/2112537-diamerisma-pros-polisi-thermi-64-t-m-e180-000,2026-09-27,2026-09-27
https://anastasiouproperties.gr/property/2112543-diamerisma-pros-polisi-thermi-88-t-m-e250-000,2026-09-27,2026-09-27
https://anastasiouproperties.gr/property/2133983-diamerisma-pros-polisi-thermi-46-t-m-e130-000,2026-09-27,2026-09-27
https://anastasiouproperties.gr/property/2136361-studio-gkarsoniera-pros-polisi-thermi-50-t-m-e170-000,2026-09-27,2026-09-27
https://anastasiouproperties.gr/property/2507303-studio-gkarsoniera-pros-enoikiasi-michaniona-50-t-m-e500,2026-09-27,2026-09-27
https://anastasiouproperties.gr/property/2577591-diamerisma-pros-enoikiasi-touba-120-t-m-e700,2026-09-27,2026-09-27
https://anthimiadisestate.gr/en/property/sale-detached-house-afitos-kassandra-chalkidiki-id1096,2026-09-27,2026-09-27
https://anthimiadisestate.gr/en/property/sale-detached-house-kassandra-simandro-sani-chalkidiki-id1054,2026-09-27,2026-09-27
https://anthimiadisestate.gr/en/property/sale-villa-pefkochori-pallini-chalkidiki-id1044,2026-09-27,2026-09-27
https://anthimiadisestate.gr/property/sale-apartment-afitos-kassandra-chalkidiki-id1096,2026-09-27,2026-09-27
https://anthimiadisestate.gr/property/sale-townhouse-chanioti-pallini-chalkidiki-id1038,2026-09-27,2026-09-27
https://anthimiadisestate.gr/property/sale-villa-agia-anastasia-anthemountas-chalkidiki-id1058,2026-09-27,2026-09-27
https://anthimiadisestate.gr/property/sale-villa-chaniotis-pallini-chalkidiki-id1064,2026-09-27,2026-09-27
https://anthimiadisestate.gr/property/sale-villa-chaniotis-pallini-chalkidiki-id1065,2026-09-27,2026-09-27
https://anthimiadisestate.gr/property/sale-villa-chaniotis-pallini-chalkidiki-id1066,2026-09-27,2026-09-27
https://arcusrealestate.gr/el/properties/123009,2026-09-27,2026-09-27
https://arcusrealestate.gr/el/properties/123010,2026-09-27,2026-09-27
https://arcusrealestate.gr/el/properties/123012,2026-09-27,2026-09-27
https://arcusrealestate.gr/el/properties/123037,2026-09-27,2026-09-27
https://arcusrealestate.gr/el/properties/123040,2026-09-27,2026-09-27
https://arcusrealestate.gr/el/properties/123041,2026-09-27,2026-09-27
https://arcusrealestate.gr/el/properties/123043,2026-09-27,2026-09-27
https://arcusrealestate.gr/el/properties/123045,2026-09-27,2026-09-27
https://arcusrealestate.gr/el/properties/123046,2026-09-27,2026-09-27
https://arcusrealestate.gr/el/properties/123057,2026-09-27,2026-09-27
https://arcusrealestate.gr/el/properties/123059,2026-09-27,2026-09-27
https://arcusrealestate.gr/el/properties/123060,2026-09-27,2026-09-27
https://arcusrealestate.gr/el/properties/123063,2026-09-27,2026-09-27
https://arcusrealestate.gr/el/properties/123064,2026-09-27,2026-09-27
https://arcusrealestate.gr/el/properties/123067,2026-09-27,2026-09-27
https://arcusrealestate.gr/el/properties/123068,2026-09-27,2026-09-27
https://arcusrealestate.gr/el/properties/123069,2026-09-27,2026-09-27
https://arcusrealestate.gr/el/properties/123070,2026-09-27,2026-09-27
https://arcusrealestate.gr/el/properties/123072,2026-09-27,2026-09-27
https://arcusrealestate.gr/el/properties/123074,2026-09-27,2026-09-27
https://asimis-realestate.gr/property.php?id=733,2026-09-27,2026-09-27
https://asimis-realestate.gr/property.php?id=757,2026-09-27,2026-09-27
https://asimis-realestate.gr/property.php?id=762,2026-09-27,2026-09-27
https://asimis-realestate.gr/property.php?id=768,2026-09-27,2026-09-27
https://asimis-realestate.gr/property.php?id=772,2026-09-27,2026-09-27
https://asimis-realestate.gr/property.php?id=778,2026-09-27,2026-09-27
https://asimis-realestate.gr/property.php?id=784,2026-09-27,2026-09-27
https://asimis-realestate.gr/property.php?id=790,2026-09-27,2026-09-27
https://asimis-realestate.gr/property.php?id=792,2026-09-27,2026-09-27
https://asimis-realestate.gr/property.php?id=793,2026-09-27,2026-09-27
https://asimis-realestate.gr/property.php?id=794,2026-09-27,2026-09-27
https://asimis-realestate.gr/property.php?id=798,2026-09-27,2026-09-27
https://asimis-realestate.gr/property.php?id=804,2026-09-27,2026-09-27
https://asimis-realestate.gr/property.php?id=805,2026-09-27,2026-09-27
https://asimis-realestate.gr/property.php?id=812,2026-09-27,2026-09-27
https://asimis-realestate.gr/property.php?id=815,2026-09-27,2026-09-27
https://asimis-realestate.gr/property.php?id=816,2026-09-27,2026-09-27
https://asimis-realestate.gr/property.php?id=817,2026-09-27,2026-09-27
https://asimis-realestate.gr/property.php?id=819,2026-09-27,2026-09-27
https://asimis-realestate.gr/property.php?id=821,2026-09-27,2026-09-27
https://asimis-realestate.gr/property.php?id=823,2026-09-27,2026-09-27
https://asimis-realestate.gr/property.php?id=824,2026-09-27,2026-09-27
https://asimis-realestate.gr/property.php?id=827,2026-09-27,2026-09-27
https://asimis-realestate.gr/property.php?id=828,2026-09-27,2026-09-27
https://asimis-realestate.gr/property.php?id=829,2026-09-27,2026-09-27
https://asimis-realestate.gr/property.php?id=830,2026-09-27,2026-09-27
https://asimis-realestate.gr/property.php?id=831,2026-09-27,2026-09-27
https://asimis-realestate.gr/property.php?id=833,2026-09-27,2026-09-27
https://balaskasproperties.gr/property/200,2026-09-27,2026-09-27
https://balaskasproperties.gr/property/497,2026-09-27,2026-09-27
https://balaskasproperties.gr/property/640,2026-09-27,2026-09-27
https://balaskasproperties.gr/property/641,2026-09-27,2026-09-27
https://balaskasproperties.gr/property/646,2026-09-27,2026-09-27
https://balaskasproperties.gr/property/647,2026-09-27,2026-09-27
https://balaskasproperties.gr/property/703,2026-09-27,2026-09-27
https://balaskasproperties.gr/property/748,2026-09-27,2026-09-27
https://balaskasproperties.gr/property/796,2026-09-27,2026-09-27
https://balaskasproperties.gr/property/808,2026-09-27,2026-09-27
https://balaskasproperties.gr/property/821,2026-09-27,2026-09-27
https://balaskasproperties.gr/property/832,2026-09-27,2026-09-27
https://balaskasproperties.gr/property/840,2026-09-27,2026-09-27
https://basirealestate.gr/el/akinito/18120737,2026-09-27,2026-09-27
https://basirealestate.gr/el/akinito/18120988,2026-09-27,2026-09-27
https://basirealestate.gr/el/akinito/18131864,2026-09-27,2026-09-27
https://basirealestate.gr/el/akinito/18132931,2026-09-27,2026-09-27
https://basirealestate.gr/el/akinito/18160937,2026-09-27,2026-09-27
https://basirealestate.gr/el/akinito/18317979,2026-09-27,2026-09-27
https://basirealestate.gr/el/akinito/18318702,2026-09-27,2026-09-27
https://basirealestate.gr/el/akinito/18324993,2026-09-27,2026-09-27
https://basirealestate.gr/el/akinito/18325002,2026-09-27,2026-09-27
https://basirealestate.gr/el/akinito/18341337,2026-09-27,2026-09-27
https://basirealestate.gr/el/akinito/18407013,2026-09-27,2026-09-27
https://basirealestate.gr/el/akinito/18467790,2026-09-27,2026-09-27
https://basirealestate.gr/el/akinito/18467794,2026-09-27,2026-09-27
https://basirealestate.gr/el/akinito/18488655,2026-09-27,2026-09-27
https://basirealestate.gr/el/akinito/18578808,2026-09-27,2026-09-27
https://basirealestate.gr/el/akinito/18632058,2026-09-27,2026-09-27
https://basirealestate.gr/el/akinito/18741878,2026-09-27,2026-09-27
https://basirealestate.gr/el/akinito/18971212,2026-09-27,2026-09-27
https://basirealestate.gr/el/akinito/19021278,2026-09-27,2026-09-27
https://basirealestate.gr/el/akinito/19415110,2026-09-27,2026-09-27
https://basirealestate.gr/el/akinito/19802431,2026-09-27,2026-09-27
https://basirealestate.gr/el/akinito/19919799,2026-09-27,2026-09-27
https://basirealestate.gr/el/akinito/20132115,2026-09-27,2026-09-27
https://basirealestate.gr/el/akinito/20142764,2026-09-27,2026-09-27
https://basirealestate.gr/el/akinito/20874396,2026-09-27,2026-09-27
https://basirealestate.gr/el/akinito/20874402,2026-09-27,2026-09-27
https://basirealestate.gr/el/akinito/20890599,2026-09-27,2026-09-27
https://basirealestate.gr/el/akinito/20910304,2026-09-27,2026-09-27
https://basirealestate.gr/el/akinito/20926419,2026-09-27,2026-09-27
https://casanova.com.gr/el/property/544528,2026-09-27,2026-09-27
https://casanova.com.gr/el/property/544529,2026-09-27,2026-09-27
https://casanova.com.gr/el/property/544707,2026-09-27,2026-09-27
https://casanova.com.gr/el/property/544934,2026-09-27,2026-09-27
https://casanova.com.gr/el/property/544992,2026-09-27,2026-09-27
https://casanova.com.gr/el/property/544993,2026-09-27,2026-09-27
https://casanova.com.gr/el/property/545001,2026-09-27,2026-09-27
https://casanova.com.gr/el/property/545018,2026-09-27,2026-09-27
https://casanova.com.gr/el/property/545024,2026-09-27,2026-09-27
https://casanova.com.gr/el/property/545031,2026-09-27,2026-09-27
https://casanova.com.gr/el/property/545034,2026-09-27,2026-09-27
https://casanova.com.gr/el/property/545038,2026-09-27,2026-09-27
https://casanova.com.gr/el/property/545039,2026-09-27,2026-09-27
https://casanova.com.gr/el/property/545040,2026-09-27,2026-09-27
https://casanova.com.gr/el/property/545041,2026-09-27,2026-09-27
https://casanova.com.gr/el/property/545042,2026-09-27,2026-09-27
https://casanova.com.gr/el/property/545043,2026-09-27,2026-09-27
https://casanova.com.gr/el/property/545044,2026-09-27,2026-09-27
https://casanova.com.gr/el/property/545045,2026-09-27,2026-09-27
https://casanova.com.gr/el/property/545046,2026-09-27,2026-09-27
https://casanova.com.gr/el/property/545047,2026-09-27,2026-09-27
https://casanova.com.gr/el/property/545049,2026-09-27,2026-09-27
https://casanova.com.gr/el/property/545050,2026-09-27,2026-09-27
https://casanova.com.gr/el/property/545051,2026-09-27,2026-09-27
https://casanova.com.gr/el/property/545052,2026-09-27,2026-09-27
https://casanova.com.gr/el/property/545053,2026-09-27,2026-09-27
https://casanova.com.gr/el/property/545054,2026-09-27,2026-09-27
https://casanova.com.gr/el/property/545056,2026-09-27,2026-09-27
https://chatzikos.gr/el/akinito/16518066,2026-09-27,2026-09-27
https://chatzikos.gr/el/akinito/16518292,2026-09-27,2026-09-27
https://chatzikos.gr/el/akinito/16518299,2026-09-27,2026-09-27
https://chatzikos.gr/el/akinito/16518304,2026-09-27,2026-09-27
https://chatzikos.gr/el/akinito/16518339,2026-09-27,2026-09-27
https://chatzikos.gr/el/akinito/16518570,2026-09-27,2026-09-27
https://chatzikos.gr/el/akinito/16518627,2026-09-27,2026-09-27
https://chatzikos.gr/el/akinito/16519068,2026-09-27,2026-09-27
https://chatzikos.gr/el/akinito/16519071,2026-09-27,2026-09-27
https://chatzikos.gr/el/akinito/16519183,2026-09-27,2026-09-27
https://chatzikos.gr/el/akinito/16519189,2026-09-27,2026-09-27
https://chatzikos.gr/el/akinito/16519226,2026-09-27,2026-09-27
https://chatzikos.gr/el/akinito/16519313,2026-09-27,2026-09-27
https://chatzikos.gr/el/akinito/16519511,2026-09-27,2026-09-27
https://chatzikos.gr/el/akinito/16519554,2026-09-27,2026-09-27
https://chatzikos.gr/el/akinito/16519560,2026-09-27,2026-09-27
https://chatzikos.gr/el/akinito/16519576,2026-09-27,2026-09-27
https://chatzikos.gr/el/akinito/18857280,2026-09-27,2026-09-27
https://chatzikos.gr/el/akinito/19524578,2026-09-27,2026-09-27
https://chatzikos.gr/el/akinito/20870122,2026-09-27,2026-09-27
https://chatzikos.gr/el/akinito/20873959,2026-09-27,2026-09-27
https://chatzikos.gr/el/akinito/20874618,2026-09-27,2026-09-27
https://chatzikos.gr/el/akinito/20874808,2026-09-27,2026-09-27
https://chatzikos.gr/el/akinito/20875257,2026-09-27,2026-09-27
https://chatzikos.gr/el/akinito/20875854,2026-09-27,2026-09-27
https://chatzikos.gr/el/akinito/20876279,2026-09-27,2026-09-27
https://chatzikos.gr/el/akinito/20883201,2026-09-27,2026-09-27
https://chatzikos.gr/el/akinito/20898992,2026-09-27,2026-09-27
https://cityzenrealestate.gr/property/%ce%b1%ce%b3%cf%81%ce%bf%cf%84%ce%b5%ce%bc%ce%ac%cf%87%ce%b9%ce%bf-16240%cf%84-%ce%bc,2026-09-27,2026-09-27
https://cityzenrealestate.gr/property/%ce%b3%cf%81%ce%b1%cf%86%ce%b5%ce%af%ce%bf-110%cf%84-%ce%bc,2026-09-27,2026-09-27
https://cityzenrealestate.gr/property/%ce%b4%ce%b9%ce%b1%ce%bc%ce%ad%cf%81%ce%b9%cf%83%ce%bc%ce%b1-115%cf%84-%ce%bc,2026-09-27,2026-09-27
https://cityzenrealestate.gr/property/%ce%b4%ce%b9%ce%b1%ce%bc%ce%ad%cf%81%ce%b9%cf%83%ce%bc%ce%b1-118%cf%84-%ce%bc,2026-09-27,2026-09-27
https://cityzenrealestate.gr/property/%ce%b4%ce%b9%ce%b1%ce%bc%ce%ad%cf%81%ce%b9%cf%83%ce%bc%ce%b1-131%cf%84-%ce%bc,2026-09-27,2026-09-27
https://cityzenrealestate.gr/property/%ce%b4%ce%b9%ce%b1%ce%bc%ce%ad%cf%81%ce%b9%cf%83%ce%bc%ce%b1-145%cf%84-%ce%bc,2026-09-27,2026-09-27
https://cityzenrealestate.gr/property/%ce%bc%ce%b5%ce%b6%ce%bf%ce%bd%ce%ad%cf%84%ce%b1-177%cf%84-%ce%bc,2026-09-27,2026-09-27
https://cityzenrealestate.gr/property/%ce%bc%ce%bf%ce%bd%ce%bf%ce%ba%ce%b1%cf%84%ce%bf%ce%b9%ce%ba%ce%af%ce%b1-100%cf%84-%ce%bc,2026-09-27,2026-09-27
https://cityzenrealestate.gr/property/%ce%bc%ce%bf%ce%bd%ce%bf%ce%ba%ce%b1%cf%84%ce%bf%ce%b9%ce%ba%ce%af%ce%b1-106%cf%84-%ce%bc,2026-09-27,2026-09-27
https://cityzenrealestate.gr/property/%ce%bc%ce%bf%ce%bd%ce%bf%ce%ba%ce%b1%cf%84%ce%bf%ce%b9%ce%ba%ce%af%ce%b1-112%cf%84-%ce%bc,2026-09-27,2026-09-27
https://cityzenrealestate.gr/property/%ce%bc%ce%bf%ce%bd%ce%bf%ce%ba%ce%b1%cf%84%ce%bf%ce%b9%ce%ba%ce%af%ce%b1-150%cf%84-%ce%bc,2026-09-27,2026-09-27
https://cityzenrealestate.gr/property/%ce%bc%ce%bf%ce%bd%ce%bf%ce%ba%ce%b1%cf%84%ce%bf%ce%b9%ce%ba%ce%af%ce%b1-162%cf%84-%ce%bc,2026-09-27,2026-09-27
https://cityzenrealestate.gr/property/%ce%bc%ce%bf%ce%bd%ce%bf%ce%ba%ce%b1%cf%84%ce%bf%ce%b9%ce%ba%ce%af%ce%b1-181%cf%84-%ce%bc-%ce%b1%ce%ba%cf%84%ce%b1%ce%af%ce%bf-%cf%81%ce%af%ce%bf-%ce%b1%cf%87%ce%b1%ce%90%ce%b1,2026-09-27,2026-09-27
https://cityzenrealestate.gr/property/%ce%bc%ce%bf%ce%bd%ce%bf%ce%ba%ce%b1%cf%84%ce%bf%ce%b9%ce%ba%ce%af%ce%b1-187%cf%84-%ce%bc-%ce%ba%ce%ad%ce%bd%cf%84%cf%81%ce%bf-%ce%b5%cf%85%cf%81%cf%89%cf%83%cf%84%ce%af%ce%bd%ce%b7-%ce%ba%ce%bf,2026-09-27,2026-09-27
https://cityzenrealestate.gr/property/%ce%bc%ce%bf%ce%bd%ce%bf%ce%ba%ce%b1%cf%84%ce%bf%ce%b9%ce%ba%ce%af%ce%b1-312%cf%84-%ce%bc,2026-09-27,2026-09-27
https://cityzenrealestate.gr/property/%ce%bc%ce%bf%ce%bd%ce%bf%ce%ba%ce%b1%cf%84%ce%bf%ce%b9%ce%ba%ce%af%ce%b1-349%cf%84-%ce%bc,2026-09-27,2026-09-27
https://cityzenrealestate.gr/property/%ce%bc%ce%bf%ce%bd%ce%bf%ce%ba%ce%b1%cf%84%ce%bf%ce%b9%ce%ba%ce%af%ce%b1-360%cf%84-%ce%bc,2026-09-27,2026-09-27
https://cityzenrealestate.gr/property/%ce%bf%ce%b9%ce%ba%cf%8c%cf%80%ce%b5%ce%b4%ce%bf-1166%cf%84-%ce%bc,2026-09-27,2026-09-27
https://civilhome.gr/adeies-domisis-nomimopoiiseis-nomothetikes-allages-to-2025-kai-simeia-prosochis,2026-09-27,2026-09-27
https://civilhome.gr/akinito/diamerisma-101-t-m-papafi,2026-09-27,2026-09-27
https://civilhome.gr/akinito/diamerisma-103-t-m-toyrkiko-proxeneio,2026-09-27,2026-09-27
https://civilhome.gr/akinito/diamerisma-115-t-m-kalamaria,2026-09-27,2026-09-27
https://civilhome.gr/akinito/diamerisma-132-t-m-kalamaria,2026-09-27,2026-09-27
https://civilhome.gr/akinito/katastima-246-t-m-ladadika,2026-09-27,2026-09-27
https://civilhome.gr/akinito/katastima-320-t-m-kalamaria,2026-09-27,2026-09-27
https://civilhome.gr/akinito/katastima-700-t-m-kato-toympa,2026-09-27,2026-09-27
https://civilhome.gr/akinito/mezoneta-150-t-m-neo-rysio,2026-09-27,2026-09-27
https://civilhome.gr/akinito/monokatoikia-100-t-m-ano-milia-pierias,2026-09-27,2026-09-27
https://civilhome.gr/akinito/monokatoikia-120-t-m-nea-kallikrateia,2026-09-27,2026-09-27
https://civilhome.gr/akinito/oikopedo-760-t-m-kato-scholari,2026-09-27,2026-09-27
https://civilhome.gr/akinito/orofodiamerisma-140-t-m-karampoyrnaki,2026-09-27,2026-09-27
https://civilhome.gr/akinito/vila-350-t-m-sani,2026-09-27,2026-09-27
https://diamanti.realestate/property/6025/katastima-stauroupoli,2026-09-27,2026-09-27
https://diamanti.realestate/property/6104/agrotemachio-mikra,2026-09-27,2026-09-27
https://diamanti.realestate/property/6105/agrotemachio-mikra,2026-09-27,2026-09-27
https://diamanti.realestate/property/6107/agrotemachio-mikra,2026-09-27,2026-09-27
https://diamanti.realestate/property/6108/agrotemachio-mikra,2026-09-27,2026-09-27
https://diamondgroup5.com/el/property-details/30262,2026-09-27,2026-09-27
https://diamondgroup5.com/el/property-details/30264,2026-09-27,2026-09-27
https://diamondgroup5.com/el/property-details/30265,2026-09-27,2026-09-27
https://diamondgroup5.com/el/property-details/30268,2026-09-27,2026-09-27
https://diamondgroup5.com/el/property-details/30279,2026-09-27,2026-09-27
https://diamondgroup5.com/el/property-details/30309,2026-09-27,2026-09-27
https://diamondgroup5.com/el/property-details/30348,2026-09-27,2026-09-27
https://diamondgroup5.com/el/property-details/30365,2026-09-27,2026-09-27
https://diamondgroup5.com/el/property-details/30415,2026-09-27,2026-09-27
https://diamondgroup5.com/el/property-details/30476,2026-09-27,2026-09-27
https://diamondgroup5.com/el/property-details/30555,2026-09-27,2026-09-27
https://diamondgroup5.com/el/property-details/30918,2026-09-27,2026-09-27
https://diamondgroup5.com/el/property-details/30933,2026-09-27,2026-09-27
https://diamondgroup5.com/el/property-details/31066,2026-09-27,2026-09-27
https://diamondgroup5.com/el/property-details/31080,2026-09-27,2026-09-27
https://diamondgroup5.com/el/property-details/31132,2026-09-27,2026-09-27
https://diamondgroup5.com/el/property-details/31193,2026-09-27,2026-09-27
https://diamondgroup5.com/el/property-details/31194,2026-09-27,2026-09-27
https://diamondgroup5.com/el/property-details/31201,2026-09-27,2026-09-27
https://diamondgroup5.com/el/property-details/31289,2026-09-27,2026-09-27
https://diamondgroup5.com/el/property-details/31297,2026-09-27,2026-09-27
https://diamondgroup5.com/el/property-details/31377,2026-09-27,2026-09-27
https://diamondgroup5.com/el/property-details/31378,2026-09-27,2026-09-27
https://diamondgroup5.com/el/property-details/31385,2026-09-27,2026-09-27
https://diamondgroup5.com/el/property-details/31386,2026-09-27,2026-09-27
https://diamondgroup5.com/el/property-details/31391,2026-09-27,2026-09-27
https://diamondgroup5.com/el/property-details/31516,2026-09-27,2026-09-27
https://diamondgroup5.com/el/property-details/31557,2026-09-27,2026-09-27
https://diamondgroup5.com/el/property-details/31560,2026-09-27,2026-09-27
https://diamondgroup5.com/el/property-details/31569,2026-09-27,2026-09-27
https://diashome.gr/property/204/%ce%9c%ce%bf%ce%bd%ce%bf%ce%ba%ce%b1%cf%84%ce%bf%ce%b9%ce%ba%ce%af%ce%b1-%ce%9a%ce%bf%ce%b6%ce%ac%ce%bd%ce%b7,2026-09-27,2026-09-27
https://diashome.gr/property/226/%ce%92%ce%af%ce%bb%ce%b1-%ce%9a%ce%bf%ce%b6%ce%ac%ce%bd%ce%b7,2026-09-27,2026-09-27
https://diashome.gr/property/229/%ce%9c%ce%bf%ce%bd%ce%bf%ce%ba%ce%b1%cf%84%ce%bf%ce%b9%ce%ba%ce%af%ce%b1-%ce%9a%ce%bf%ce%b6%ce%ac%ce%bd%ce%b7,2026-09-27,2026-09-27
https://dora.estate/property/%ce%b1%ce%b3%cf%81%ce%bf%cf%84%ce%b5%ce%bc%ce%ac%cf%87%ce%b9%ce%bf-2000-%cf%84-%ce%bc-%cf%83%cf%84%ce%b7%ce%bd-%ce%bc%ce%b1%ce%90%cf%83%cf%84%cf%81%ce%bf,2026-09-27,2026-09-27
https://dora.estate/property/%ce%b1%ce%b3%cf%81%ce%bf%cf%84%ce%b5%ce%bc%ce%ac%cf%87%ce%b9%ce%bf-2339-%cf%84-%ce%bc-%cf%83%cf%84%ce%bf%ce%bd-%cf%83%ce%ba%ce%bf%cf%81%cf%80%ce%b9%cf%8c,2026-09-27,2026-09-27
https://dora.estate/property/%ce%b1%ce%b3%cf%81%ce%bf%cf%84%ce%b5%ce%bc%ce%ac%cf%87%ce%b9%ce%bf-335034-%cf%84-%ce%bc-%cf%83%cf%84%ce%bf%ce%bd-%ce%ba%ce%b1%cf%84%cf%83%ce%b1%ce%bc%cf%80%ce%ac-%cf%83%ce%b1%ce%bc%ce%bf%ce%b8%cf%81,2026-09-27,2026-09-27
https://dora.estate/property/%ce%b1%ce%b3%cf%81%ce%bf%cf%84%ce%b5%ce%bc%ce%ac%cf%87%ce%b9%ce%bf-4-200-%cf%84-%ce%bc-%cf%83%cf%84%ce%b7%ce%bd-%ce%bc%ce%ac%ce%ba%cf%81%ce%b7-%ce%b1%ce%bb%ce%b5%ce%be%ce%b1%ce%bd%ce%b4%cf%81%ce%bf,2026-09-27,2026-09-27
https://dora.estate/property/%ce%b1%ce%b3%cf%81%ce%bf%cf%84%ce%b5%ce%bc%ce%ac%cf%87%ce%b9%ce%bf-4359-%cf%84-%ce%bc-%cf%83%cf%84%ce%b7%ce%bd-%ce%bd%ce%ad%ce%b1-%cf%87%ce%b9%ce%bb%ce%ae-%ce%b1%ce%bb%ce%b5%ce%be%ce%b1%ce%bd%ce%b4,2026-09-27,2026-09-27
https://dora.estate/property/%ce%b1%ce%b3%cf%81%ce%bf%cf%84%ce%b5%ce%bc%ce%ac%cf%87%ce%b9%ce%bf-5-000-%cf%84-%ce%bc-%cf%83%cf%84%ce%b7%ce%bd-%ce%bd%ce%ad%ce%b1-%cf%87%ce%b9%ce%bb%ce%ae-%ce%b1%ce%bb%ce%b5%ce%be%ce%b1%ce%bd%ce%b4,2026-09-27,2026-09-27
https://dora.estate/property/%ce%b1%ce%b3%cf%81%ce%bf%cf%84%ce%b5%ce%bc%ce%ac%cf%87%ce%b9%ce%bf-6-375-%cf%84-%ce%bc-%cf%83%cf%84%ce%b1-%ce%b4%ce%af%ce%ba%ce%b5%ce%bb%ce%bb%ce%b1-%ce%b1%ce%bb%ce%b5%ce%be%ce%b1%ce%bd%ce%b4%cf%81,2026-09-27,2026-09-27
https://dora.estate/property/%ce%b1%ce%b3%cf%81%ce%bf%cf%84%ce%b5%ce%bc%ce%ac%cf%87%ce%b9%ce%bf-6200-%cf%84-%ce%bc-%cf%83%cf%84%ce%bf%ce%bd-%ce%ba%ce%b1%cf%84%cf%83%ce%b1%ce%bc%cf%80%ce%ac-%ce%b1%ce%bb%ce%b5%ce%be%ce%b1%ce%bd,2026-09-27,2026-09-27
https://dora.estate/property/%ce%b1%ce%b3%cf%81%ce%bf%cf%84%ce%b5%ce%bc%ce%ac%cf%87%ce%b9%ce%bf-663258-%cf%84-%ce%bc-%cf%83%cf%84%ce%b7%ce%bd-%ce%ba%ce%b1%ce%bc%ce%b1%cf%81%ce%b9%cf%8e%cf%84%ce%b9%cf%83%cf%83%ce%b1-%cf%83%ce%b1,2026-09-27,2026-09-27
https://dora.estate/property/%ce%b1%ce%b3%cf%81%ce%bf%cf%84%ce%b5%ce%bc%ce%ac%cf%87%ce%b9%ce%bf-7-500-%cf%84-%ce%bc-%cf%83%cf%84%ce%b7%ce%bd-%ce%bd%ce%ad%ce%b1-%cf%87%ce%b9%ce%bb%ce%ae-%ce%b1%ce%bb%ce%b5%ce%be%ce%b1%ce%bd%ce%b4,2026-09-27,2026-09-27
https://dora.estate/property/%ce%b2%ce%af%ce%bb%ce%b1-363-%cf%84-%ce%bc,2026-09-27,2026-09-27
https://dora.estate/property/%ce%ba%ce%b1%cf%84%ce%ac%cf%83%cf%84%ce%b7%ce%bc%ce%b1-100-%cf%84-%ce%bc-%cf%83%cf%84%ce%bf-%ce%bb%ce%ac%ce%ba%ce%ba%cf%89%ce%bc%ce%b1-%cf%83%ce%b1%ce%bc%ce%bf%ce%b8%cf%81%ce%ac%ce%ba%ce%b7%cf%82,2026-09-27,2026-09-27
https://dora.estate/property/%ce%ba%ce%b1%cf%84%ce%ac%cf%83%cf%84%ce%b7%ce%bc%ce%b1-6732-%cf%84-%ce%bc-%cf%83%cf%84%ce%b9%cf%82-%cf%86%ce%ad%cf%81%ce%b5%cf%82,2026-09-27,2026-09-27
https://dora.estate/property/%ce%bc%ce%b5%ce%b6%ce%bf%ce%bd%ce%ad%cf%84%ce%b1-19344-%cf%84-%ce%bc-%cf%83%cf%84%ce%b7%ce%bd-%ce%bc%ce%ac%ce%ba%cf%81%ce%b7-%ce%b1%ce%bb%ce%b5%ce%be%ce%b1%ce%bd%ce%b4%cf%81%ce%bf%cf%8d%cf%80%ce%bf,2026-09-27,2026-09-27
https://dora.estate/property/%ce%bc%ce%bf%ce%bd%ce%bf%ce%ba%ce%b1%cf%84%ce%bf%ce%b9%ce%ba%ce%af%ce%b1-%ce%b5%ce%bd%cf%84%cf%8c%cf%82-%ce%bf%ce%b9%ce%ba%ce%bf%cf%80%ce%ad%ce%b4%ce%bf%cf%85-485-%cf%84-%ce%bc-%cf%83%cf%84%ce%b7,2026-09-27,2026-09-27
https://dora.estate/property/%ce%bc%ce%bf%ce%bd%ce%bf%ce%ba%ce%b1%cf%84%ce%bf%ce%b9%ce%ba%ce%af%ce%b1-100-%cf%84-%ce%bc-%cf%83%cf%84%ce%b7%ce%bd-%cf%80%ce%b1%ce%bb%ce%b1%ce%b3%ce%af%ce%b1-%ce%b1%ce%bb%ce%b5%ce%be%ce%b1%ce%bd,2026-09-27,2026-09-27
https://dora.estate/property/%ce%bc%ce%bf%ce%bd%ce%bf%ce%ba%ce%b1%cf%84%ce%bf%ce%b9%ce%ba%ce%af%ce%b1-117-%cf%84-%ce%bc-%cf%83%cf%84%ce%b7%ce%bd-%ce%b1%ce%bb%ce%b5%ce%be%ce%b1%ce%bd%ce%b4%cf%81%ce%bf%cf%8d%cf%80%ce%bf%ce%bb,2026-09-27,2026-09-27
https://dora.estate/property/%ce%bc%ce%bf%ce%bd%ce%bf%ce%ba%ce%b1%cf%84%ce%bf%ce%b9%ce%ba%ce%af%ce%b1-6272-%cf%84-%ce%bc-%cf%83%cf%84%ce%b7%ce%bd-%ce%b1%ce%b9%cf%83%cf%8d%ce%bc%ce%b7,2026-09-27,2026-09-27
https://dora.estate/property/%ce%bf%ce%b9%ce%ba%cf%8c%cf%80%ce%b5%ce%b4%ce%bf-1000-%cf%84-%ce%bc-%cf%83%cf%84%ce%b7%ce%bd-%ce%ac%ce%bd%ce%b8%ce%b5%ce%b9%ce%b1-%ce%b1%ce%bb%ce%b5%ce%be%ce%b1%ce%bd%ce%b4%cf%81%ce%bf%cf%8d%cf%80,2026-09-27,2026-09-27
https://dora.estate/property/%ce%bf%ce%b9%ce%ba%cf%8c%cf%80%ce%b5%ce%b4%ce%bf-174528-%cf%84%ce%bc-%cf%83%cf%84%ce%b1-%ce%b1%ce%bb%cf%8e%ce%bd%ce%b9%ce%b1-%cf%83%ce%b1%ce%bc%ce%bf%ce%b8%cf%81%ce%ac%ce%ba%ce%b7%cf%82,2026-09-27,2026-09-27
https://dora.estate/property/%ce%bf%ce%b9%ce%ba%cf%8c%cf%80%ce%b5%ce%b4%ce%bf-218231-%cf%84-%ce%bc-%cf%83%cf%84%ce%b7%ce%bd-%ce%bc%ce%ac%ce%ba%cf%81%ce%b7-%ce%b1%ce%bb%ce%b5%ce%be%ce%b1%ce%bd%ce%b4%cf%81%ce%bf%cf%8d%cf%80%ce%bf,2026-09-27,2026-09-27
https://dora.estate/property/%ce%bf%ce%b9%ce%ba%cf%8c%cf%80%ce%b5%ce%b4%ce%bf-24393-%cf%84-%ce%bc-%cf%83%cf%84%ce%b7%ce%bd-%ce%ba%ce%b1%ce%bc%ce%b1%cf%81%ce%b9%cf%8e%cf%84%ce%b9%cf%83%cf%83%ce%b1-%cf%83%ce%b1%ce%bc%ce%bf%ce%b8,2026-09-27,2026-09-27
https://dora.estate/property/%ce%bf%ce%b9%ce%ba%cf%8c%cf%80%ce%b5%ce%b4%ce%bf-256943-%cf%84-%ce%bc-%cf%83%cf%84%ce%b7%ce%bd-%ce%b1%ce%bb%ce%b5%ce%be%ce%b1%ce%bd%ce%b4%cf%81%ce%bf%cf%8d%cf%80%ce%bf%ce%bb%ce%b7,2026-09-27,2026-09-27
https://dora.estate/property/%ce%bf%ce%b9%ce%ba%cf%8c%cf%80%ce%b5%ce%b4%ce%bf-262-%cf%84-%ce%bc-%cf%83%cf%84%ce%b7%ce%bd-%ce%b1%ce%b3%cf%87%ce%b9%ce%ac%ce%bb%ce%bf%cf%85,2026-09-27,2026-09-27
https://dora.estate/property/%ce%bf%ce%b9%ce%ba%cf%8c%cf%80%ce%b5%ce%b4%ce%bf-280-%cf%84-%ce%bc-%cf%83%cf%84%ce%b7%ce%bd-%ce%b1%ce%bb%ce%b5%ce%be%ce%b1%ce%bd%ce%b4%cf%81%ce%bf%cf%8d%cf%80%ce%bf%ce%bb%ce%b7,2026-09-27,2026-09-27
https://dora.estate/property/%ce%bf%ce%b9%ce%ba%cf%8c%cf%80%ce%b5%ce%b4%ce%bf-354-%cf%84-%ce%bc-%cf%83%cf%84%ce%b7-%ce%bc%ce%ac%ce%ba%cf%81%ce%b7,2026-09-27,2026-09-27
https://dora.estate/property/%ce%bf%ce%b9%ce%ba%cf%8c%cf%80%ce%b5%ce%b4%ce%bf-400-%cf%84-%ce%bc-%cf%83%cf%84%ce%b7-%ce%bc%ce%b1%ce%b9%cf%83%cf%84%cf%81%ce%bf-%ce%b1%ce%bb%ce%b5%ce%be%ce%b1%ce%bd%ce%b4%cf%81%ce%bf%cf%8d%cf%80,2026-09-27,2026-09-27
https://dora.estate/property/%ce%bf%ce%b9%ce%ba%cf%8c%cf%80%ce%b5%ce%b4%ce%bf-400-%cf%84-%ce%bc-%cf%83%cf%84%ce%bf%ce%bd-%ce%ac%ce%b3%ce%b9%ce%bf-%ce%b2%ce%b1%cf%83%ce%af%ce%bb%ce%b5%ce%b9%ce%bf-%ce%b1%ce%bb%ce%b5%ce%be%ce%b1,2026-09-27,2026-09-27
https://dora.estate/property/%ce%bf%ce%b9%ce%ba%cf%8c%cf%80%ce%b5%ce%b4%ce%bf-800-%cf%84-%ce%bc-%cf%83%cf%84%ce%bf%ce%bd-%ce%ac%ce%b2%ce%b1%ce%bd%cf%84%ce%b1-%ce%b1%ce%bb%ce%b5%ce%be%ce%b1%ce%bd%ce%b4%cf%81%ce%bf%cf%8d%cf%80,2026-09-27,2026-09-27
https://dora.estate/property/2-%ce%bf%ce%b9%ce%ba%ce%b5%ce%af%ce%b5%cf%82-%ce%b1%cf%80%cf%8c-8084-%cf%84-%ce%bc-%ce%b5%ce%bd%cf%84%cf%8c%cf%82-%ce%bf%ce%b9%ce%ba%ce%bf%cf%80%ce%ad%ce%b4%ce%bf%cf%85-1-309-%cf%84-%ce%bc-%cf%83,2026-09-27,2026-09-27
https://dovile.gr/el/property/30461,2026-09-27,2026-09-27
https://dovile.gr/el/property/30483,2026-09-27,2026-09-27
https://dovile.gr/el/property/33027,2026-09-27,2026-09-27
https://dovile.gr/el/property/33533,2026-09-27,2026-09-27
https://dovile.gr/el/property/42046,2026-09-27,2026-09-27
https://dovile.gr/el/property/42565,2026-09-27,2026-09-27
https://dovile.gr/el/property/43497,2026-09-27,2026-09-27
https://dovile.gr/el/property/46068,2026-09-27,2026-09-27
https://dovile.gr/el/property/46953,2026-09-27,2026-09-27
https://dovile.gr/el/property/47205,2026-09-27,2026-09-27
https://dovile.gr/el/property/48244,2026-09-27,2026-09-27
https://dovile.gr/el/property/49738,2026-09-27,2026-09-27
https://dovile.gr/el/property/61312,2026-09-27,2026-09-27
https://dovile.gr/el/property/64684,2026-09-27,2026-09-27
https://dovile.gr/el/property/87984,2026-09-27,2026-09-27
https://dovile.gr/el/property/89855,2026-09-27,2026-09-27
https://dovile.gr/el/property/93645,2026-09-27,2026-09-27
https://dovile.gr/el/property/93824,2026-09-27,2026-09-27
https://dovile.gr/el/property/94914,2026-09-27,2026-09-27
https://dovile.gr/el/property/95259,2026-09-27,2026-09-27
https://dovile.gr/el/property/95260,2026-09-27,2026-09-27
https://dovile.gr/el/property/95381,2026-09-27,2026-09-27
https://dovile.gr/el/property/95549,2026-09-27,2026-09-27
https://dovile.gr/el/property/95578,2026-09-27,2026-09-27
https://dovile.gr/el/property/97119,2026-09-27,2026-09-27
https://dovile.gr/el/property/97365,2026-09-27,2026-09-27
https://dovile.gr/el/property/98162,2026-09-27,2026-09-27
https://dovile.gr/el/property/98284,2026-09-27,2026-09-27
https://dovile.gr/en/property/46068,2026-09-27,2026-09-27
https://eliteps.gr/el/property/10317,2026-09-27,2026-09-27
https://eliteps.gr/el/property/10787,2026-09-27,2026-09-27
https://eliteps.gr/el/property/11061,2026-09-27,2026-09-27
https://eliteps.gr/el/property/11143,2026-09-27,2026-09-27
https://eliteps.gr/el/property/11186,2026-09-27,2026-09-27
https://eliteps.gr/el/property/11979,2026-09-27,2026-09-27
https://eliteps.gr/el/property/12170,2026-09-27,2026-09-27
https://eliteps.gr/el/property/12195,2026-09-27,2026-09-27
https://eliteps.gr/el/property/12479,2026-09-27,2026-09-27
https://eliteps.gr/el/property/12491,2026-09-27,2026-09-27
https://eliteps.gr/el/property/12499,2026-09-27,2026-09-27
https://eliteps.gr/el/property/12569,2026-09-27,2026-09-27
https://eliteps.gr/el/property/12571,2026-09-27,2026-09-27
https://eliteps.gr/el/property/12621,2026-09-27,2026-09-27
https://eliteps.gr/el/property/12637,2026-09-27,2026-09-27
https://eliteps.gr/el/property/12638,2026-09-27,2026-09-27
https://eliteps.gr/el/property/12639,2026-09-27,2026-09-27
https://eliteps.gr/el/property/12690,2026-09-27,2026-09-27
https://eliteps.gr/el/property/12698,2026-09-27,2026-09-27
https://eliteps.gr/el/property/12711,2026-09-27,2026-09-27
https://eliteps.gr/el/property/12717,2026-09-27,2026-09-27
https://eliteps.gr/el/property/12718,2026-09-27,2026-09-27
https://eliteps.gr/el/property/12768,2026-09-27,2026-09-27
https://eliteps.gr/el/property/12781,2026-09-27,2026-09-27
https://eliteps.gr/el/property/12802,2026-09-27,2026-09-27
https://eliteps.gr/el/property/12803,2026-09-27,2026-09-27
https://eliteps.gr/el/property/12804,2026-09-27,2026-09-27
https://eliteps.gr/el/property/12805,2026-09-27,2026-09-27
https://eliteps.gr/el/property/9114,2026-09-27,2026-09-27
https://elsueno-realestate.gr/property.php?id=649,2026-09-27,2026-09-27
https://elsueno-realestate.gr/property.php?id=652,2026-09-27,2026-09-27
https://elsueno-realestate.gr/property.php?id=653,2026-09-27,2026-09-27
https://elsueno-realestate.gr/property.php?id=657,2026-09-27,2026-09-27
https://elsueno-realestate.gr/property.php?id=658,2026-09-27,2026-09-27
https://elsueno-realestate.gr/property.php?id=660,2026-09-27,2026-09-27
https://elsueno-realestate.gr/property.php?id=662,2026-09-27,2026-09-27
https://elsueno-realestate.gr/property.php?id=663,2026-09-27,2026-09-27
https://elsueno-realestate.gr/property.php?id=674,2026-09-27,2026-09-27
https://elsueno-realestate.gr/property.php?id=675,2026-09-27,2026-09-27
https://elsueno-realestate.gr/property.php?id=676,2026-09-27,2026-09-27
https://elsueno-realestate.gr/property.php?id=678,2026-09-27,2026-09-27
https://elsueno-realestate.gr/property.php?id=679,2026-09-27,2026-09-27
https://elsueno-realestate.gr/property.php?id=680,2026-09-27,2026-09-27
https://elsueno-realestate.gr/property.php?id=681,2026-09-27,2026-09-27
https://elsueno-realestate.gr/property.php?id=682,2026-09-27,2026-09-27
https://elsueno-realestate.gr/property.php?id=683,2026-09-27,2026-09-27
https://elsueno-realestate.gr/property.php?id=684,2026-09-27,2026-09-27
https://elsueno-realestate.gr/property.php?id=685,2026-09-27,2026-09-27
https://elsueno-realestate.gr/property.php?id=686,2026-09-27,2026-09-27
https://elsueno-realestate.gr/property.php?id=687,2026-09-27,2026-09-27
https://elsueno-realestate.gr/property.php?id=689,2026-09-27,2026-09-27
https://elsueno-realestate.gr/property.php?id=690,2026-09-27,2026-09-27
https://enterhome.com.gr/property.php?id=1151,2026-09-27,2026-09-27
https://enterhome.com.gr/property.php?id=1203,2026-09-27,2026-09-27
https://enterhome.com.gr/property.php?id=1208,2026-09-27,2026-09-27
https://enterhome.com.gr/property.php?id=1240,2026-09-27,2026-09-27
https://enterhome.com.gr/property.php?id=1250,2026-09-27,2026-09-27
https://enterhome.com.gr/property.php?id=1335,2026-09-27,2026-09-27
https://enterhome.com.gr/property.php?id=1351,2026-09-27,2026-09-27
https://enterhome.com.gr/property.php?id=1365,2026-09-27,2026-09-27
https://enterhome.com.gr/property.php?id=1366,2026-09-27,2026-09-27
https://enterhome.com.gr/property.php?id=1378,2026-09-27,2026-09-27
https://enterhome.com.gr/property.php?id=1382,2026-09-27,2026-09-27
https://enterhome.com.gr/property.php?id=1385,2026-09-27,2026-09-27
https://enterhome.com.gr/property.php?id=1386,2026-09-27,2026-09-27
https://enterhome.com.gr/property.php?id=1389,2026-09-27,2026-09-27
https://enterhome.com.gr/property.php?id=1390,2026-09-27,2026-09-27
https://enterhome.com.gr/property.php?id=1391,2026-09-27,2026-09-27
https://enterhome.com.gr/property.php?id=1392,2026-09-27,2026-09-27
https://enterhome.com.gr/property.php?id=970,2026-09-27,2026-09-27
https://enterhome.com.gr/property.php?id=994,2026-09-27,2026-09-27
https://finderhome.gr/2020/02,2026-09-27,2026-09-27
https://finderhome.gr/2020/04,2026-09-27,2026-09-27
https://four-walls.gr/en/properties/2400013,2026-09-27,2026-09-27
https://four-walls.gr/en/properties/2400014,2026-09-27,2026-09-27
https://four-walls.gr/en/properties/2400017,2026-09-27,2026-09-27
https://four-walls.gr/en/properties/2400018,2026-09-27,2026-09-27
https://four-walls.gr/en/properties/2400019,2026-09-27,2026-09-27
https://four-walls.gr/en/properties/2400020,2026-09-27,2026-09-27
https://four-walls.gr/en/properties/2400021,2026-09-27,2026-09-27
https://four-walls.gr/en/properties/2400022,2026-09-27,2026-09-27
https://four-walls.gr/en/properties/2400025,2026-09-27,2026-09-27
https://four-walls.gr/en/properties/2400026,2026-09-27,2026-09-27
https://four-walls.gr/en/properties/2400027,2026-09-27,2026-09-27
https://four-walls.gr/en/properties/2400028,2026-09-27,2026-09-27
https://four-walls.gr/en/properties/2400029,2026-09-27,2026-09-27
https://four-walls.gr/en/properties/2400030,2026-09-27,2026-09-27
https://four-walls.gr/en/properties/2400032,2026-09-27,2026-09-27
https://four-walls.gr/properties/2400013,2026-09-27,2026-09-27
https://four-walls.gr/properties/2400014,2026-09-27,2026-09-27
https://four-walls.gr/properties/2400017,2026-09-27,2026-09-27
https://four-walls.gr/properties/2400018,2026-09-27,2026-09-27
https://four-walls.gr/properties/2400019,2026-09-27,2026-09-27
https://four-walls.gr/properties/2400020,2026-09-27,2026-09-27
https://four-walls.gr/properties/2400021,2026-09-27,2026-09-27
https://four-walls.gr/properties/2400022,2026-09-27,2026-09-27
https://four-walls.gr/properties/2400025,2026-09-27,2026-09-27
https://four-walls.gr/properties/2400026,2026-09-27,2026-09-27
https://four-walls.gr/properties/2400027,2026-09-27,2026-09-27
https://four-walls.gr/properties/2400028,2026-09-27,2026-09-27
https://four-walls.gr/properties/2400029,2026-09-27,2026-09-27
https://four-walls.gr/properties/2400030,2026-09-27,2026-09-27
https://four-walls.gr/properties/2400032,2026-09-27,2026-09-27
https://gaiarealty.gr/el/property/%ce%b3%cf%81%ce%b1%cf%86%ce%b5%ce%af%ce%bf-105%cf%84-%ce%bc,2026-09-27,2026-09-27
https://gaiarealty.gr/el/property/%ce%b4%ce%b9%ce%b1%ce%bc%ce%ad%cf%81%ce%b9%cf%83%ce%bc%ce%b1-132%cf%84-%ce%bc,2026-09-27,2026-09-27
https://gaiarealty.gr/el/property/%ce%bc%ce%b5%ce%b6%ce%bf%ce%bd%ce%ad%cf%84%ce%b1-124%cf%84-%ce%bc,2026-09-27,2026-09-27
https://gaiarealty.gr/el/property/1131,2026-09-27,2026-09-27
https://gaiarealty.gr/property/1118,2026-09-27,2026-09-27
https://gaiarealty.gr/property/apartment-109m%c2%b2,2026-09-27,2026-09-27
https://gaiarealty.gr/property/apartment-118m%c2%b2,2026-09-27,2026-09-27
https://gaiarealty.gr/property/apartment-145m%c2%b2,2026-09-27,2026-09-27
https://gaiarealty.gr/property/apartment-146m%c2%b2,2026-09-27,2026-09-27
https://gaiarealty.gr/property/industrial-space-828-sq-m,2026-09-27,2026-09-27
https://gaiarealty.gr/property/maisonette-129m%c2%b2,2026-09-27,2026-09-27
https://gaiarealty.gr/property/maisonette-143m%c2%b2,2026-09-27,2026-09-27
https://gaiarealty.gr/property/maisonette-207m%c2%b2,2026-09-27,2026-09-27
https://gaiarealty.gr/property/office-105m%c2%b2,2026-09-27,2026-09-27
https://gaiarealty.gr/property/store-158m%c2%b2,2026-09-27,2026-09-27
https://gaiarealty.gr/property/store-175m%c2%b2,2026-09-27,2026-09-27
https://gaiarealty.gr/property/store-200-sq-m,2026-09-27,2026-09-27
https://goldenhome.gr/property/view/133107,2026-09-27,2026-09-27
https://goldenhome.gr/property/view/213076,2026-09-27,2026-09-27
https://goldenhome.gr/property/view/213369,2026-09-27,2026-09-27
https://goldenhome.gr/property/view/233233,2026-09-27,2026-09-27
https://goldenhome.gr/property/view/243414,2026-09-27,2026-09-27
https://goldenhome.gr/property/view/315086,2026-09-27,2026-09-27
https://goldenhome.gr/property/view/370885,2026-09-27,2026-09-27
https://goldenhome.gr/property/view/396627,2026-09-27,2026-09-27
https://goldenhome.gr/property/view/410299,2026-09-27,2026-09-27
https://goldenhome.gr/property/view/423460,2026-09-27,2026-09-27
https://goldenhome.gr/property/view/456278,2026-09-27,2026-09-27
https://goldenhome.gr/property/view/466871,2026-09-27,2026-09-27
https://goldenhome.gr/property/view/471731,2026-09-27,2026-09-27
https://goldenhome.gr/property/view/479144,2026-09-27,2026-09-27
https://goldenhome.gr/property/view/493883,2026-09-27,2026-09-27
https://goldenhome.gr/property/view/501063,2026-09-27,2026-09-27
https://goldenhome.gr/property/view/517723,2026-09-27,2026-09-27
https://goldenhome.gr/property/view/518857,2026-09-27,2026-09-27
https://goldenhome.gr/property/view/521189,2026-09-27,2026-09-27
https://goldenhome.gr/property/view/522812,2026-09-27,2026-09-27
https://goldenhome.gr/property/view/527764,2026-09-27,2026-09-27
https://goldenhome.gr/property/view/532818,2026-09-27,2026-09-27
https://goldenhome.gr/property/view/535761,2026-09-27,2026-09-27
https://goldenhome.gr/property/view/535870,2026-09-27,2026-09-27
https://goldenhome.gr/property/view/536107,2026-09-27,2026-09-27
https://goldenhome.gr/property/view/537975,2026-09-27,2026-09-27
https://goldenhome.gr/property/view/538497,2026-09-27,2026-09-27
https://goldenhome.gr/property/view/538789,2026-09-27,2026-09-27
https://goldenhome.gr/property/view/538808,2026-09-27,2026-09-27
https://goldenhome.gr/property/view/538881,2026-09-27,2026-09-27
https://gougleri.eu/property/628,2026-09-27,2026-09-27
https://gougleri.eu/property/634,2026-09-27,2026-09-27
https://gougleri.eu/property/653,2026-09-27,2026-09-27
https://gougleri.eu/property/670,2026-09-27,2026-09-27
https://gougleri.eu/property/677,2026-09-27,2026-09-27
https://gougleri.eu/property/680,2026-09-27,2026-09-27
https://gougleri.eu/property/683,2026-09-27,2026-09-27
https://gougleri.eu/property/684,2026-09-27,2026-09-27
https://gougleri.eu/property/685,2026-09-27,2026-09-27
https://gougleri.eu/property/686,2026-09-27,2026-09-27
https://gougleri.eu/property/687,2026-09-27,2026-09-27
https://gougleri.eu/property/688,2026-09-27,2026-09-27
https://gougleri.eu/property/689,2026-09-27,2026-09-27
https://gougleri.eu/property/690,2026-09-27,2026-09-27
https://gougleri.eu/property/691,2026-09-27,2026-09-27
https://gougleri.eu/property/692,2026-09-27,2026-09-27
https://gproperty.gr/en/property/agricultural-land-8-500sqm-pentalofos-oreokastro-municipality,2026-09-27,2026-09-27
https://gproperty.gr/en/property/apartment-for-sale-108sqm-under-egnatia-street,2026-09-27,2026-09-27
https://gproperty.gr/en/property/for-sale-bright-through-apartment-100sqm-sykies,2026-09-27,2026-09-27
https://gproperty.gr/en/property/for-sale-bright-through-apartment-104sqm-kamara,2026-09-27,2026-09-27
https://gproperty.gr/en/property/for-sale-commercial-property-244sqm-voulgari,2026-09-27,2026-09-27
https://gproperty.gr/en/property/for-sale-floor-apartment-126sqm-with-parking-kalamaria,2026-09-27,2026-09-27
https://gproperty.gr/en/property/for-sale-fully-renovated-apartment-117sqm-sykies,2026-09-27,2026-09-27
https://gproperty.gr/en/property/for-sale-plot-133sqm-with-detached-house-sykies,2026-09-27,2026-09-27
https://gproperty.gr/en/property/for-sale-plot-133sqm-with-detached-house-sykies-2,2026-09-27,2026-09-27
https://gproperty.gr/property/%cf%80%cf%89%ce%bb%ce%b5%ce%af%cf%84%ce%b1%ce%b9-%ce%b5%ce%be%ce%b1%ce%b9%cf%81%ce%b5%cf%84%ce%b9%ce%ba%cf%8c-%ce%b1%ce%b3%cf%81%ce%bf%cf%84%ce%b5%ce%bc%ce%ac%cf%87%ce%b9%ce%bf-6-000%cf%84%ce%bc,2026-09-27,2026-09-27
https://gproperty.gr/property/diamerisma-100tm-nea-paralia,2026-09-27,2026-09-27
https://gproperty.gr/property/diamerisma-103tm-analipsi,2026-09-27,2026-09-27
https://gproperty.gr/property/diamerisma-120tm-martiou,2026-09-27,2026-09-27
https://gproperty.gr/property/grafeio-155tm-voulgari,2026-09-27,2026-09-27
https://gproperty.gr/property/katastima-144tm-kentro,2026-09-27,2026-09-27
https://gproperty.gr/property/katastima-244tm-voulgari,2026-09-27,2026-09-27
https://gproperty.gr/property/monadiki-goniaki-mezoneta-180tm-halkidiki,2026-09-27,2026-09-27
https://gproperty.gr/property/oikopedo-140tm-ano-poli,2026-09-27,2026-09-27
https://gproperty.gr/property/oikopedo-2200tm-moudania,2026-09-27,2026-09-27
https://greishome.com/property/agia-sofia-apartment-115-sq-m,2026-09-27,2026-09-27
https://greishome.com/property/agios-ioannis-maisonette-145-sq-m,2026-09-27,2026-09-27
https://greishome.com/property/agios-ioannis-maisonette-150-sq-m,2026-09-27,2026-09-27
https://greishome.com/property/agios-nikitas-villa-150-sq-m,2026-09-27,2026-09-27
https://greishome.com/property/ellomenos-parcel-10350-sq-m,2026-09-27,2026-09-27
https://greishome.com/property/ellomenos-parcel-66000-sq-m,2026-09-27,2026-09-27
https://greishome.com/property/ellomenos-villa-120-sq-m,2026-09-27,2026-09-27
https://greishome.com/property/ippokratio-apartment-110-sq-m,2026-09-27,2026-09-27
https://greishome.com/property/kariotes-villa-210-sq-m,2026-09-27,2026-09-27
https://greishome.com/property/nea-kallikratia-business-building-1305-sq-m,2026-09-27,2026-09-27
https://greishome.com/property/nea-kallikratia-plot-2000-sq-m,2026-09-27,2026-09-27
https://greishome.com/property/nea-moudania-maisonette-130-sq-m,2026-09-27,2026-09-27
https://greishome.com/property/pefkochori-loft-111-sq-m,2026-09-27,2026-09-27
https://greishome.com/property/pefkochori-villa-190-sq-m,2026-09-27,2026-09-27
https://greishome.com/property/synikismos-nomou-751-villa-480-sq-m,2026-09-27,2026-09-27
https://greishome.com/property/thermi-apartment-115-sq-m,2026-09-27,2026-09-27
https://greishome.com/property/thermi-apartment-154-sq-m,2026-09-27,2026-09-27
https://greishome.com/property/vaykeri-apartment-complex-670-sq-m,2026-09-27,2026-09-27
https://greishome.com/property/vaykeri-hotel-170-sq-m,2026-09-27,2026-09-27
https://greishome.com/property/vaykeri-villa-130-sq-m,2026-09-27,2026-09-27
https://greishome.com/property/vlycho-hotel-300-sq-m,2026-09-27,2026-09-27
https://hmrealestate.gr/el/property/%ce%95%ce%a0025,2026-09-27,2026-09-27
https://hmrealestate.gr/el/property/%ce%95525,2026-09-27,2026-09-27
https://hmrealestate.gr/el/property/%ce%a0299,2026-09-27,2026-09-27
https://hmrealestate.gr/el/property/%ce%a0523,2026-09-27,2026-09-27
https://hmrealestate.gr/el/property/%ce%a0525,2026-09-27,2026-09-27
https://hmrealestate.gr/el/property/%ce%a0526,2026-09-27,2026-09-27
https://hmrealestate.gr/el/property/%ce%a0530,2026-09-27,2026-09-27
https://hmrealestate.gr/el/property/%ce%a0531,2026-09-27,2026-09-27
https://hmrealestate.gr/el/property/%ce%a0532,2026-09-27,2026-09-27
https://hmrealestate.gr/el/property/%ce%a0533,2026-09-27,2026-09-27
https://hmrealestate.gr/el/property/%ce%a0534,2026-09-27,2026-09-27
https://home-4all.gr/property/122,2026-09-27,2026-09-27
https://home-4all.gr/property/2388,2026-09-27,2026-09-27
https://home-4all.gr/property/2398,2026-09-27,2026-09-27
https://home-4all.gr/property/2453,2026-09-27,2026-09-27
https://home-4all.gr/property/2460,2026-09-27,2026-09-27
https://home-4all.gr/property/2510,2026-09-27,2026-09-27
https://home-4all.gr/property/2511,2026-09-27,2026-09-27
https://home-4all.gr/property/2550,2026-09-27,2026-09-27
https://home-4all.gr/property/2569,2026-09-27,2026-09-27
https://home-4all.gr/property/2571,2026-09-27,2026-09-27
https://home-4all.gr/property/2602,2026-09-27,2026-09-27
https://home-4all.gr/property/2674,2026-09-27,2026-09-27
https://home-4all.gr/property/2693,2026-09-27,2026-09-27
https://home-4all.gr/property/2696,2026-09-27,2026-09-27
https://home-4all.gr/property/2708,2026-09-27,2026-09-27
https://home-4all.gr/property/2709,2026-09-27,2026-09-27
https://home-4all.gr/property/2710,2026-09-27,2026-09-27
https://home-4all.gr/property/2711,2026-09-27,2026-09-27
https://home-4all.gr/property/2712,2026-09-27,2026-09-27
https://home-4all.gr/property/2719,2026-09-27,2026-09-27
https://home-4all.gr/property/2720,2026-09-27,2026-09-27
https://home-4all.gr/property/2721,2026-09-27,2026-09-27
https://home-4all.gr/property/2722,2026-09-27,2026-09-27
https://home-4all.gr/property/2723,2026-09-27,2026-09-27
https://home-4all.gr/property/2724,2026-09-27,2026-09-27
https://home-4all.gr/property/295,2026-09-27,2026-09-27
https://home-4all.gr/property/342,2026-09-27,2026-09-27
https://home-4all.gr/property/837,2026-09-27,2026-09-27
https://hometarget.gr/el/property/4096,2026-09-27,2026-09-27
https://hometarget.gr/el/property/4097,2026-09-27,2026-09-27
https://hometarget.gr/el/property/4098,2026-09-27,2026-09-27
https://hometarget.gr/el/property/4099,2026-09-27,2026-09-27
https://hometarget.gr/el/property/4100,2026-09-27,2026-09-27
https://hometarget.gr/el/property/4101,2026-09-27,2026-09-27
https://hometarget.gr/el/property/4102,2026-09-27,2026-09-27
https://hometarget.gr/el/property/4103,2026-09-27,2026-09-27
https://hometarget.gr/el/property/4104,2026-09-27,2026-09-27
https://hometarget.gr/el/property/4105,2026-09-27,2026-09-27
https://hometarget.gr/el/property/4106,2026-09-27,2026-09-27
https://hometarget.gr/el/property/4113,2026-09-27,2026-09-27
https://hometarget.gr/el/property/4118,2026-09-27,2026-09-27
https://hometarget.gr/el/property/4119,2026-09-27,2026-09-27
https://hometarget.gr/el/property/4121,2026-09-27,2026-09-27
https://hometarget.gr/el/property/4126,2026-09-27,2026-09-27
https://hometarget.gr/el/property/4128,2026-09-27,2026-09-27
https://hometarget.gr/el/property/4135,2026-09-27,2026-09-27
https://hometarget.gr/el/property/4138,2026-09-27,2026-09-27
https://hometarget.gr/el/property/4156,2026-09-27,2026-09-27
https://hometarget.gr/el/property/4157,2026-09-27,2026-09-27
https://hometarget.gr/el/property/4158,2026-09-27,2026-09-27
https://hometarget.gr/el/property/4159,2026-09-27,2026-09-27
https://hometarget.gr/el/property/4164,2026-09-27,2026-09-27
https://hometarget.gr/el/property/4165,2026-09-27,2026-09-27
https://hometarget.gr/el/property/4166,2026-09-27,2026-09-27
https://hometarget.gr/el/property/4167,2026-09-27,2026-09-27
https://hometarget.gr/el/property/4168,2026-09-27,2026-09-27
https://hometarget.gr/el/property/4169,2026-09-27,2026-09-27
https://hpr.gr/page/greek_property_in_2024_investment_trends,2026-09-27,2026-09-27
https://hpr.gr/property/3585,2026-09-27,2026-09-27
https://hpr.gr/property/3996,2026-09-27,2026-09-27
https://hpr.gr/property/4528,2026-09-27,2026-09-27
https://hpr.gr/property/4694,2026-09-27,2026-09-27
https://hpr.gr/property/550,2026-09-27,2026-09-27
https://hpr.gr/property/5700,2026-09-27,2026-09-27
https://hpr.gr/property/5743,2026-09-27,2026-09-27
https://hpr.gr/property/5753,2026-09-27,2026-09-27
https://hpr.gr/property/5938,2026-09-27,2026-09-27
https://hpr.gr/property/5989,2026-09-27,2026-09-27
https://hpr.gr/property/6102,2026-09-27,2026-09-27
https://hpr.gr/property/6110,2026-09-27,2026-09-27
https://hpr.gr/property/6111,2026-09-27,2026-09-27
https://hpr.gr/property/6116,2026-09-27,2026-09-27
https://hpr.gr/property/6118,2026-09-27,2026-09-27
https://hpr.gr/property/6119,2026-09-27,2026-09-27
https://hpr.gr/property/6120,2026-09-27,2026-09-27
https://hpr.gr/property/6121,2026-09-27,2026-09-27
https://hpr.gr/property/6122,2026-09-27,2026-09-27
https://hpr.gr/property/6123,2026-09-27,2026-09-27
https://hpr.gr/property/6124,2026-09-27,2026-09-27
https://hpr.gr/property/6125,2026-09-27,2026-09-27
https://hpr.gr/property/6126,2026-09-27,2026-09-27
https://hpr.gr/property/6127,2026-09-27,2026-09-27
https://hpr.gr/property/6128,2026-09-27,2026-09-27
https://i-house.gr/property/1963,2026-09-27,2026-09-27
https://i-house.gr/property/1976,2026-09-27,2026-09-27
https://index.cy/auction/apartment-in-liopetri-famagusta-auction-30-sep-2026,2026-09-27,2026-09-27
https://index.cy/auction/house-in-geri-nicosia-auction-29-sep-2026,2026-09-27,2026-09-27
https://index.cy/auction/house-in-kili-paphos-auction-29-sep-2026,2026-09-27,2026-09-27
https://index.cy/auction/house-in-konia-paphos-auction-29-sep-2026,2026-09-27,2026-09-27
https://index.cy/auction/house-in-lakatamia-nicosia-auction-30-sep-2026,2026-09-27,2026-09-27
https://index.cy/auction/house-in-trachoni-limassol-auction-29-sep-2026,2026-09-27,2026-09-27
https://index.cy/auction/land-plot-in-agios-tychonas-limassol-auction-29-sep-2026,2026-09-27,2026-09-27
https://index.cy/auction/land-plot-in-lania-limassol-auction-30-sep-2026,2026-09-27,2026-09-27
https://index.cy/auction/land-plot-in-paralimni-famagusta-auction-30-sep-2026,2026-09-27,2026-09-27
https://index.cy/auction/residential-field-in-deryneia-ammochostos-auction-30-sep-2026,2026-09-27,2026-09-27
https://index.cy/rent/10836483-2-bedroom-apartment-for-rent-in-limassol-neapolis,2026-09-27,2026-09-27
https://index.cy/rent/10853740-2-bedroom-apartment-for-rent-in-pyla-larnaca-district,2026-09-27,2026-09-27
https://index.cy/rent/11238039-2-bedroom-apartment-for-rent-in-limassol-district,2026-09-27,2026-09-27
https://index.cy/rent/11379819-6-bedroom-house-for-rent-in-agios-tychonas-limassol-district,2026-09-27,2026-09-27
https://index.cy/rent/11611153-3-bedroom-house-for-rent-in-tala-paphos-district,2026-09-27,2026-09-27
https://index.cy/rent/11611506-5-bedroom-house-for-rent-in-potamos-germasogeias-limassol-district,2026-09-27,2026-09-27
https://index.cy/rent/11628511-3-bedroom-apartment-for-rent-in-limassol-agios-antonios,2026-09-27,2026-09-27
https://index.cy/rent/11660381-2-bedroom-apartment-for-rent-in-limassol-neapolis,2026-09-27,2026-09-27
https://index.cy/sale/10060631-2-bedroom-apartment-for-sale-in-limassol-zakaki,2026-09-27,2026-09-27
https://index.cy/sale/10343309-3-bedroom-apartment-for-sale-in-paphos-anavargos,2026-09-27,2026-09-27
https://index.cy/sale/10434374-4-bedroom-house-for-sale-in-anglisides-larnaca-district,2026-09-27,2026-09-27
https://index.cy/sale/10616453-3-bedroom-apartment-for-sale-in-livadia-larnakas-larnaca-district,2026-09-27,2026-09-27
https://index.cy/sale/6895263-3-bedroom-apartment-for-sale-in-aradippou-larnaca-district,2026-09-27,2026-09-27
https://index.cy/sale/7911376-1-bedroom-apartment-for-sale-in-limassol-tsiflikoudia,2026-09-27,2026-09-27
https://index.cy/sale/8731389-3-bedroom-apartment-for-sale-in-germasogeia-limassol-district,2026-09-27,2026-09-27
https://index.cy/sale/8970444-1-bedroom-apartment-for-sale-in-prodromi-paphos-district,2026-09-27,2026-09-27
https://index.cy/sale/9121018-1-bedroom-apartment-for-sale-in-limassol-agios-spyridon,2026-09-27,2026-09-27
https://index.cy/sale/9156298-1-bedroom-apartment-for-sale-in-erimi-limassol-district,2026-09-27,2026-09-27
https://index.cy/sale/9458668-1-bedroom-apartment-for-sale-in-geroskipou-paphos-district,2026-09-27,2026-09-27
https://index.cy/sale/9767944-2-bedroom-apartment-for-sale-in-livadia-larnakas-larnaca-district,2026-09-27,2026-09-27
https://interakinita.gr/el/property/02676,2026-09-27,2026-09-27
https://interakinita.gr/el/property/1534,2026-09-27,2026-09-27
https://interakinita.gr/el/property/1656,2026-09-27,2026-09-27
https://interakinita.gr/el/property/2533,2026-09-27,2026-09-27
https://interakinita.gr/el/property/2791,2026-09-27,2026-09-27
https://interakinita.gr/el/property/2876,2026-09-27,2026-09-27
https://interakinita.gr/el/property/2893,2026-09-27,2026-09-27
https://interakinita.gr/el/property/2913,2026-09-27,2026-09-27
https://interakinita.gr/el/property/2913%ce%bb,2026-09-27,2026-09-27
https://interakinita.gr/el/property/2931,2026-09-27,2026-09-27
https://interakinita.gr/el/property/2933,2026-09-27,2026-09-27
https://interakinita.gr/el/property/2934,2026-09-27,2026-09-27
https://interakinita.gr/el/property/2938,2026-09-27,2026-09-27
https://interakinita.gr/el/property/2946,2026-09-27,2026-09-27
https://interakinita.gr/el/property/2958,2026-09-27,2026-09-27
https://interakinita.gr/el/property/2989,2026-09-27,2026-09-27
https://interakinita.gr/el/property/2993,2026-09-27,2026-09-27
https://interakinita.gr/el/property/2999,2026-09-27,2026-09-27
https://interakinita.gr/el/property/3010,2026-09-27,2026-09-27
https://interakinita.gr/el/property/3013,2026-09-27,2026-09-27
https://interakinita.gr/el/property/3022,2026-09-27,2026-09-27
https://interakinita.gr/el/property/3025,2026-09-27,2026-09-27
https://interakinita.gr/el/property/3027,2026-09-27,2026-09-27
https://interakinita.gr/el/property/3031,2026-09-27,2026-09-27
https://interakinita.gr/el/property/3032,2026-09-27,2026-09-27
https://interakinita.gr/el/property/3035,2026-09-27,2026-09-27
https://interakinita.gr/el/property/3038,2026-09-27,2026-09-27
https://interakinita.gr/el/property/3040,2026-09-27,2026-09-27
https://interakinita.gr/el/property/3041,2026-09-27,2026-09-27
https://interakinita.gr/el/property/3042,2026-09-27,2026-09-27
https://katikia.com.gr/el/property/2026,2026-09-27,2026-09-27
https://katikia.com.gr/el/property/2027,2026-09-27,2026-09-27
https://katikia.com.gr/el/property/2043,2026-09-27,2026-09-27
https://katikia.com.gr/el/property/2124,2026-09-27,2026-09-27
https://katikia.com.gr/el/property/2129,2026-09-27,2026-09-27
https://katikia.com.gr/el/property/2206,2026-09-27,2026-09-27
https://katikia.com.gr/el/property/2403,2026-09-27,2026-09-27
https://katikia.com.gr/el/property/2405,2026-09-27,2026-09-27
https://katikia.com.gr/el/property/2417,2026-09-27,2026-09-27
https://katikia.com.gr/el/property/2461,2026-09-27,2026-09-27
https://katikia.com.gr/el/property/2462,2026-09-27,2026-09-27
https://katikia.com.gr/el/property/2466,2026-09-27,2026-09-27
https://katikia.com.gr/el/property/2469,2026-09-27,2026-09-27
https://katikia.com.gr/el/property/2476,2026-09-27,2026-09-27
https://katikia.com.gr/el/property/2481,2026-09-27,2026-09-27
https://katikia.com.gr/el/property/2482,2026-09-27,2026-09-27
https://katikia.com.gr/el/property/2489,2026-09-27,2026-09-27
https://katikia.com.gr/el/property/2494,2026-09-27,2026-09-27
https://katikia.com.gr/el/property/2495,2026-09-27,2026-09-27
https://katikia.com.gr/el/property/2497,2026-09-27,2026-09-27
https://katikia.com.gr/el/property/2501,2026-09-27,2026-09-27
https://katikia.com.gr/el/property/2502,2026-09-27,2026-09-27
https://katikia.com.gr/el/property/2506,2026-09-27,2026-09-27
https://katikia.com.gr/el/property/2508,2026-09-27,2026-09-27
https://katikia.com.gr/el/property/2509,2026-09-27,2026-09-27
https://katikia.com.gr/el/property/2514,2026-09-27,2026-09-27
https://katikia.com.gr/el/property/2515,2026-09-27,2026-09-27
https://katikia.com.gr/el/property/2516,2026-09-27,2026-09-27
https://katikia.com.gr/el/property/2517,2026-09-27,2026-09-27
https://kmpproperty.gr/agrotemaxio/2100,2026-09-27,2026-09-27
https://kmpproperty.gr/anakainisi-katoikion-2026-epidotisi,2026-09-27,2026-09-27
https://kmpproperty.gr/anakainizo-noikiazo-mechri-13-550e-epidotisi-gia-idioktites-pou-anakainizoun-kai-ekmisthonoun-akinita,2026-09-27,2026-09-27
https://kmpproperty.gr/erchetai-to-2025-o-elegchos-ton-afthaireton-kai-i-diastavrosi-ktimatologiou-kai-e9-gia-ta-akinita,2026-09-27,2026-09-27
https://kmpproperty.gr/pd-oikismoi-kato-ton-2000-xiliadon-katoikon,2026-09-27,2026-09-27
https://kosmopolishouse.gr/akinita/24251-2,2026-09-27,2026-09-27
https://kosmopolishouse.gr/akinita/anakainismeni-gkarsoniera-006,2026-09-27,2026-09-27
https://kosmopolishouse.gr/akinita/anakainismeni-gkarsoniera-069,2026-09-27,2026-09-27
https://kosmopolishouse.gr/akinita/anakainismeni-gkarsoniera-070,2026-09-27,2026-09-27
https://kosmopolishouse.gr/akinita/anakainismeni-gkarsoniera-193,2026-09-27,2026-09-27
https://kosmopolishouse.gr/akinita/anakainismeni-gkarsoniera-194,2026-09-27,2026-09-27
https://kosmopolishouse.gr/akinita/diamerisma-059,2026-09-27,2026-09-27
https://kosmopolishouse.gr/akinita/diamerisma-085,2026-09-27,2026-09-27
https://kosmopolishouse.gr/akinita/diamerisma-092,2026-09-27,2026-09-27
https://kosmopolishouse.gr/akinita/diamerisma-108,2026-09-27,2026-09-27
https://kosmopolishouse.gr/akinita/diamerisma-130,2026-09-27,2026-09-27
https://kosmopolishouse.gr/akinita/gkarsoniera-017,2026-09-27,2026-09-27
https://kosmopolishouse.gr/akinita/gkarsoniera-023,2026-09-27,2026-09-27
https://kosmopolishouse.gr/akinita/gkarsoniera-063,2026-09-27,2026-09-27
https://kosmopolishouse.gr/akinita/gkarsoniera-089,2026-09-27,2026-09-27
https://kosmopolishouse.gr/akinita/grafeio-033,2026-09-27,2026-09-27
https://kosmopolishouse.gr/akinita/katastima-009,2026-09-27,2026-09-27
https://kosmopolishouse.gr/akinita/katastima-077,2026-09-27,2026-09-27
https://kosmopolishouse.gr/akinita/katastima-135,2026-09-27,2026-09-27
https://kosmopolishouse.gr/akinita/katastima-191,2026-09-27,2026-09-27
https://kosmopolishouse.gr/akinita/katastima-e202,2026-09-27,2026-09-27
https://kosmopolishouse.gr/akinita/katastima-e204,2026-09-27,2026-09-27
https://kosmopolishouse.gr/akinita/mezoneta-097,2026-09-27,2026-09-27
https://kosmopolishouse.gr/akinita/oikopedo-003,2026-09-27,2026-09-27
https://kosmopolishouse.gr/akinita/oikopedo-050,2026-09-27,2026-09-27
https://kosmopolishouse.gr/akinita/oikopedo-054,2026-09-27,2026-09-27
https://kosmopolishouse.gr/akinita/oikopedo-074,2026-09-27,2026-09-27
https://kosmopolishouse.gr/akinita/oikopedo-102,2026-09-27,2026-09-27
https://kosmopolishouse.gr/akinita/stoyntio-094,2026-09-27,2026-09-27
https://kosmopolishouse.gr/akinita/stoyntio-095,2026-09-27,2026-09-27
https://lamprakirealestate.gr/property/12472/katastima-mpotsari,2026-09-27,2026-09-27
https://lamprakirealestate.gr/property/12549/apothiki-ano%20toumpa,2026-09-27,2026-09-27
https://lamprakirealestate.gr/property/12608/katastima-ypoloipo%20kentrou%20thessalonikis,2026-09-27,2026-09-27
https://liberty.com.gr/property/1882/diamerisma-thessaloniki%20kentro,2026-09-27,2026-09-27
https://libra-properties.gr/property/437/oikopedo-pulaia,2026-09-27,2026-09-27
https://libra-properties.gr/property/641/diamerisma-leukos%20purgos,2026-09-27,2026-09-27
https://lrealestate.gr/property.php?id=1759,2026-09-27,2026-09-27
https://lrealestate.gr/property.php?id=1760,2026-09-27,2026-09-27
https://lrealestate.gr/property.php?id=1762,2026-09-27,2026-09-27
https://lrealestate.gr/property.php?id=2158,2026-09-27,2026-09-27
https://lrealestate.gr/property.php?id=2160,2026-09-27,2026-09-27
https://lrealestate.gr/property.php?id=2163,2026-09-27,2026-09-27
https://lrealestate.gr/property.php?id=2164,2026-09-27,2026-09-27
https://lrealestate.gr/property.php?id=2166,2026-09-27,2026-09-27
https://lrealestate.gr/property.php?id=2168,2026-09-27,2026-09-27
https://lrealestate.gr/property.php?id=2169,2026-09-27,2026-09-27
https://lrealestate.gr/property.php?id=2170,2026-09-27,2026-09-27
https://lrealestate.gr/property.php?id=2171,2026-09-27,2026-09-27
https://lrealestate.gr/property.php?id=2172,2026-09-27,2026-09-27
https://luxuryrealestate.gr/property.php?id=100,2026-09-27,2026-09-27
https://luxuryrealestate.gr/property.php?id=101,2026-09-27,2026-09-27
https://luxuryrealestate.gr/property.php?id=102,2026-09-27,2026-09-27
https://luxuryrealestate.gr/property.php?id=103,2026-09-27,2026-09-27
https://luxuryrealestate.gr/property.php?id=104,2026-09-27,2026-09-27
https://luxuryrealestate.gr/property.php?id=105,2026-09-27,2026-09-27
https://makler.gr/en/property/agrotemachio-pros-polisi-4-500-t-m,2026-09-27,2026-09-27
https://makler.gr/en/property/diamerisma-pros-polisi-105t-m,2026-09-27,2026-09-27
https://makler.gr/en/property/diamerisma-pros-polisi-130-t-m-3,2026-09-27,2026-09-27
https://makler.gr/en/property/mezoneta-pros-enoikiasi-230-t-m,2026-09-27,2026-09-27
https://makler.gr/en/property/mezoneta-pros-polisi-122-t-m,2026-09-27,2026-09-27
https://makler.gr/en/property/monokatoikia-pros-polisi-230-t-m,2026-09-27,2026-09-27
https://makler.gr/en/property/oikopedo-pros-polisi-350-t-m,2026-09-27,2026-09-27
https://makler.gr/property/diamerisma-pros-polisi-102-t-m,2026-09-27,2026-09-27
https://makler.gr/property/diamerisma-pros-polisi-105-t-m-5,2026-09-27,2026-09-27
https://makler.gr/property/diamerisma-pros-polisi-115-t-m-2,2026-09-27,2026-09-27
https://makler.gr/property/diamerisma-pros-polisi-120-t-m-2,2026-09-27,2026-09-27
https://makler.gr/property/oikopedo-pros-polisi-350-t-m,2026-09-27,2026-09-27
https://mesitiki.gr/property/3884/agrotemachio-beroia,2026-09-27,2026-09-27
https://mesitiki.gr/property/6289/oikopedo-beroia,2026-09-27,2026-09-27
https://mesitiki.net/el/property/2162,2026-09-27,2026-09-27
https://mesitiki.net/el/property/2442,2026-09-27,2026-09-27
https://mesitiki.net/el/property/2570,2026-09-27,2026-09-27
https://mesitiki.net/el/property/2588,2026-09-27,2026-09-27
https://mesitiki.net/el/property/2727,2026-09-27,2026-09-27
https://mesitiki.net/el/property/2833,2026-09-27,2026-09-27
https://mesitiki.net/el/property/2867,2026-09-27,2026-09-27
https://mesitiki.net/el/property/2873,2026-09-27,2026-09-27
https://mesitiki.net/el/property/2973,2026-09-27,2026-09-27
https://mesitiki.net/el/property/2983,2026-09-27,2026-09-27
https://mesitiki.net/el/property/2991,2026-09-27,2026-09-27
https://mesitiki.net/el/property/3001,2026-09-27,2026-09-27
https://mesitiki.net/el/property/3012,2026-09-27,2026-09-27
https://mesitiki.net/el/property/3025,2026-09-27,2026-09-27
https://mesitiki.net/el/property/3038,2026-09-27,2026-09-27
https://mesitiki.net/el/property/3040,2026-09-27,2026-09-27
https://mesitiki.net/el/property/3042,2026-09-27,2026-09-27
https://mesitiki.net/el/property/3044,2026-09-27,2026-09-27
https://mesitiki.net/el/property/3048,2026-09-27,2026-09-27
https://mesitiki.net/el/property/3049,2026-09-27,2026-09-27
https://mesitiki.net/el/property/3050,2026-09-27,2026-09-27
https://mesitiki.net/el/property/3052,2026-09-27,2026-09-27
https://mesitiki.net/el/property/3053,2026-09-27,2026-09-27
https://mesitiki.net/el/property/3055,2026-09-27,2026-09-27
https://mesitiki.net/el/property/3058,2026-09-27,2026-09-27
https://mesitiki.net/el/property/3060,2026-09-27,2026-09-27
https://mesitiki.net/el/property/3061,2026-09-27,2026-09-27
https://mesitiki.net/el/property/3062,2026-09-27,2026-09-27
https://mesitiki.net/el/property/3063,2026-09-27,2026-09-27
https://mesitiki.net/el/property/3065,2026-09-27,2026-09-27
https://mesitiko-pasxalidis.gr/property/%ce%b1%ce%b3%cf%81%ce%bf%cf%84%ce%b5%ce%bc%ce%ac%cf%87%ce%b9%ce%bf-%cf%80%cf%8c%ce%bd%cf%84%ce%bf%cf%85-12500-%cf%84%ce%bc,2026-09-27,2026-09-27
https://mesitiko-pasxalidis.gr/property/%ce%b1%ce%b3%cf%81%ce%bf%cf%84%ce%b5%ce%bc%ce%ac%cf%87%ce%b9%ce%bf-%cf%80%cf%8c%ce%bd%cf%84%ce%bf%cf%85-9000-%cf%84%ce%bc,2026-09-27,2026-09-27
https://mesitiko-pasxalidis.gr/property/%ce%b1%cf%80%ce%bf%ce%b8%ce%ae%ce%ba%ce%b7-1300-%cf%84%ce%bc,2026-09-27,2026-09-27
https://mesitiko-pasxalidis.gr/property/%ce%b1%cf%80%ce%bf%ce%b8%ce%ae%ce%ba%ce%b7-15000-%cf%84%ce%bc,2026-09-27,2026-09-27
https://mesitiko-pasxalidis.gr/property/%ce%b1%cf%80%ce%bf%ce%b8%ce%ae%ce%ba%ce%b7-300-%cf%84%ce%bc-3,2026-09-27,2026-09-27
https://mesitiko-pasxalidis.gr/property/%ce%b1%cf%80%ce%bf%ce%b8%ce%ae%ce%ba%ce%b7-300-%cf%84%ce%bc-4,2026-09-27,2026-09-27
https://mesitiko-pasxalidis.gr/property/%ce%b1%cf%80%ce%bf%ce%b8%ce%ae%ce%ba%ce%b7-400-%cf%84%ce%bc-3,2026-09-27,2026-09-27
https://mesitiko-pasxalidis.gr/property/%ce%b1%cf%80%ce%bf%ce%b8%ce%ae%ce%ba%ce%b7-500-%cf%84%ce%bc-4,2026-09-27,2026-09-27
https://mesitiko-pasxalidis.gr/property/%ce%b2%ce%b9%ce%bf%ce%bc%ce%b7%cf%87%ce%b1%ce%bd%ce%b9%ce%ba%cf%8c%cf%82-%cf%87%cf%8e%cf%81%ce%bf%cf%82-850-%cf%84%ce%bc,2026-09-27,2026-09-27
https://mesitiko-pasxalidis.gr/property/%ce%b2%ce%b9%ce%bf%cf%84%ce%b5%cf%87%ce%bd%ce%b9%ce%ba%cf%8c%cf%82-%cf%87%cf%8e%cf%81%ce%bf%cf%82-630-%cf%84%ce%bc,2026-09-27,2026-09-27
https://mesitiko-pasxalidis.gr/property/%ce%b3%cf%81%ce%b1%cf%86%ce%b5%ce%af%ce%b1-600-%cf%84%ce%bc-3,2026-09-27,2026-09-27
https://mesitiko-pasxalidis.gr/property/%ce%ba%ce%b1%cf%84%ce%ac%cf%83%cf%84%ce%b7%ce%bc%ce%b1-206%cf%84%ce%bc,2026-09-27,2026-09-27
https://mesitiko-pasxalidis.gr/property/%ce%bf%ce%b9%ce%ba%cf%8c%cf%80%ce%b5%ce%b4%ce%bf-880-%cf%84%ce%bc,2026-09-27,2026-09-27
https://monopoly.com.gr/el/property/15633,2026-09-27,2026-09-27
https://monopoly.com.gr/el/property/71173,2026-09-27,2026-09-27
https://monopoly.com.gr/el/property/71897,2026-09-27,2026-09-27
https://monopoly.com.gr/el/property/83485,2026-09-27,2026-09-27
https://monopoly.com.gr/el/property/83768,2026-09-27,2026-09-27
https://monopoly.com.gr/el/property/91653,2026-09-27,2026-09-27
https://monopoly.com.gr/el/property/92914,2026-09-27,2026-09-27
https://monopoly.com.gr/el/property/93423,2026-09-27,2026-09-27
https://monopoly.com.gr/el/property/94588,2026-09-27,2026-09-27
https://monopoly.com.gr/el/property/94951,2026-09-27,2026-09-27
https://monopoly.com.gr/el/property/97604,2026-09-27,2026-09-27
https://monopoly.com.gr/el/property/97612,2026-09-27,2026-09-27
https://monopoly.com.gr/el/property/98171,2026-09-27,2026-09-27
https://monopoly.com.gr/el/property/98183,2026-09-27,2026-09-27
https://monopoly.com.gr/el/property/98184,2026-09-27,2026-09-27
https://monopoly.com.gr/el/property/98223,2026-09-27,2026-09-27
https://monopoly.com.gr/el/property/98224,2026-09-27,2026-09-27
https://monopoly.com.gr/el/property/98250,2026-09-27,2026-09-27
https://monopoly.com.gr/el/property/98253,2026-09-27,2026-09-27
https://monopoly.com.gr/el/property/98282,2026-09-27,2026-09-27
https://monopoly.com.gr/el/property/98283,2026-09-27,2026-09-27
https://monopoly.com.gr/el/property/98297,2026-09-27,2026-09-27
https://monopoly.com.gr/el/property/98323,2026-09-27,2026-09-27
https://monopoly.com.gr/el/property/98327,2026-09-27,2026-09-27
https://monopoly.com.gr/el/property/98329,2026-09-27,2026-09-27
https://monopoly.com.gr/el/property/98338,2026-09-27,2026-09-27
https://monopoly.com.gr/el/property/98360,2026-09-27,2026-09-27
https://monopoly.com.gr/el/property/98365,2026-09-27,2026-09-27
https://monopoly.com.gr/el/property/98370,2026-09-27,2026-09-27
https://monopoly40.com/estate-details.php?id=12393,2026-09-27,2026-09-27
https://monopoly40.com/estate-details.php?id=12612,2026-09-27,2026-09-27
https://monopoly40.com/estate-details.php?id=12618,2026-09-27,2026-09-27
https://monopoly40.com/estate-details.php?id=12678,2026-09-27,2026-09-27
https://monopoly40.com/estate-details.php?id=12723,2026-09-27,2026-09-27
https://monopoly40.com/estate-details.php?id=12746,2026-09-27,2026-09-27
https://monopoly40.com/estate-details.php?id=13187,2026-09-27,2026-09-27
https://monopoly40.com/estate-details.php?id=13481,2026-09-27,2026-09-27
https://monopoly40.com/estate-details.php?id=13484,2026-09-27,2026-09-27
https://monopoly40.com/estate-details.php?id=13487,2026-09-27,2026-09-27
https://monopoly40.com/estate-details.php?id=13506,2026-09-27,2026-09-27
https://monopoly40.com/estate-details.php?id=13542,2026-09-27,2026-09-27
https://monopoly40.com/estate-details.php?id=13568,2026-09-27,2026-09-27
https://monopoly40.com/estate-details.php?id=13802,2026-09-27,2026-09-27
https://monopoly40.com/estate-details.php?id=14073,2026-09-27,2026-09-27
https://monopoly40.com/estate-details.php?id=14081,2026-09-27,2026-09-27
https://monopoly40.com/estate-details.php?id=14254,2026-09-27,2026-09-27
https://monopoly40.com/estate-details.php?id=14352,2026-09-27,2026-09-27
https://monopoly40.com/estate-details.php?id=14354,2026-09-27,2026-09-27
https://monopoly40.com/estate-details.php?id=14363,2026-09-27,2026-09-27
https://monopoly40.com/estate-details.php?id=14371,2026-09-27,2026-09-27
https://monopoly40.com/estate-details.php?id=14383,2026-09-27,2026-09-27
https://monopoly40.com/estate-details.php?id=14384,2026-09-27,2026-09-27
https://monopoly40.com/estate-details.php?id=14385,2026-09-27,2026-09-27
https://monopoly40.com/estate-details.php?id=14386,2026-09-27,2026-09-27
https://monopoly40.com/estate-details.php?id=14388,2026-09-27,2026-09-27
https://monopoly40.com/estate-details.php?id=14389,2026-09-27,2026-09-27
https://monopoly40.com/estate-details.php?id=14390,2026-09-27,2026-09-27
https://monopoly40.com/estate-details.php?id=14391,2026-09-27,2026-09-27
https://monopoly40.com/estate-details.php?id=14392,2026-09-27,2026-09-27
https://mynext-home.gr/area/14539,2026-09-27,2026-09-27
https://mynext-home.gr/area/2892,2026-09-27,2026-09-27
https://mynext-home.gr/area/2956,2026-09-27,2026-09-27
https://mynext-home.gr/area/3030,2026-09-27,2026-09-27
https://mynext-home.gr/area/3160,2026-09-27,2026-09-27
https://mynext-home.gr/area/4116,2026-09-27,2026-09-27
https://mynext-home.gr/city/14441,2026-09-27,2026-09-27
https://mynext-home.gr/city/14539,2026-09-27,2026-09-27
https://mynext-home.gr/city/2892,2026-09-27,2026-09-27
https://mynext-home.gr/city/2956,2026-09-27,2026-09-27
https://mynext-home.gr/city/3030,2026-09-27,2026-09-27
https://mynext-home.gr/city/4116,2026-09-27,2026-09-27
https://mynext-home.gr/city/473,2026-09-27,2026-09-27
https://natiordanou.gr/el/akinito/19021744,2026-09-27,2026-09-27
https://natiordanou.gr/el/akinito/19228634,2026-09-27,2026-09-27
https://natiordanou.gr/el/akinito/19449038,2026-09-27,2026-09-27
https://natiordanou.gr/el/akinito/19479316,2026-09-27,2026-09-27
https://natiordanou.gr/el/akinito/19535298,2026-09-27,2026-09-27
https://natiordanou.gr/el/akinito/19702136,2026-09-27,2026-09-27
https://natiordanou.gr/el/akinito/19735507,2026-09-27,2026-09-27
https://natiordanou.gr/el/akinito/19885402,2026-09-27,2026-09-27
https://natiordanou.gr/el/akinito/20195884,2026-09-27,2026-09-27
https://natiordanou.gr/el/akinito/20367047,2026-09-27,2026-09-27
https://natiordanou.gr/el/akinito/20405992,2026-09-27,2026-09-27
https://natiordanou.gr/el/akinito/20431586,2026-09-27,2026-09-27
https://natiordanou.gr/el/akinito/20519296,2026-09-27,2026-09-27
https://natiordanou.gr/el/akinito/20538632,2026-09-27,2026-09-27
https://natiordanou.gr/el/akinito/20572187,2026-09-27,2026-09-27
https://natiordanou.gr/el/akinito/20589406,2026-09-27,2026-09-27
https://natiordanou.gr/el/akinito/20699605,2026-09-27,2026-09-27
https://natiordanou.gr/el/akinito/20815104,2026-09-27,2026-09-27
https://natiordanou.gr/el/akinito/20819389,2026-09-27,2026-09-27
https://natiordanou.gr/el/akinito/20825730,2026-09-27,2026-09-27
https://natiordanou.gr/el/akinito/20858154,2026-09-27,2026-09-27
https://natiordanou.gr/el/akinito/20870697,2026-09-27,2026-09-27
https://natiordanou.gr/el/akinito/20895905,2026-09-27,2026-09-27
https://natiordanou.gr/el/akinito/20901123,2026-09-27,2026-09-27
https://natiordanou.gr/el/akinito/20901459,2026-09-27,2026-09-27
https://natiordanou.gr/el/akinito/20912463,2026-09-27,2026-09-27
https://natiordanou.gr/el/akinito/20928910,2026-09-27,2026-09-27
https://natiordanou.gr/el/akinito/20930861,2026-09-27,2026-09-27
https://natiordanou.gr/el/akinito/20934857,2026-09-27,2026-09-27
https://natiordanou.gr/el/akinito/20935366,2026-09-27,2026-09-27
https://nore.gr/property/16652,2026-09-27,2026-09-27
https://nore.gr/property/16705,2026-09-27,2026-09-27
https://nore.gr/property/16706,2026-09-27,2026-09-27
https://nore.gr/property/16708,2026-09-27,2026-09-27
https://nore.gr/property/16717,2026-09-27,2026-09-27
https://nore.gr/property/16719,2026-09-27,2026-09-27
https://papanakli.gr/property/455,2026-09-27,2026-09-27
https://perronerealestate.gr/print/205,2026-09-27,2026-09-27
https://perronerealestate.gr/property/137/diamerisma-moudania,2026-09-27,2026-09-27
https://perronerealestate.gr/property/143/gkarsoniera/studio-thermaikos,2026-09-27,2026-09-27
https://perronerealestate.gr/property/149/mezoneta-thermaikos,2026-09-27,2026-09-27
https://perronerealestate.gr/property/150/grafeio-thermaikos,2026-09-27,2026-09-27
https://perronerealestate.gr/property/159/diamerisma-thermaikos,2026-09-27,2026-09-27
https://perronerealestate.gr/property/171/oikopedo-michaniona,2026-09-27,2026-09-27
https://perronerealestate.gr/property/191/monokatoikia-thermaikos,2026-09-27,2026-09-27
https://perronerealestate.gr/property/194/diamerisma-thermaikos,2026-09-27,2026-09-27
https://perronerealestate.gr/property/196/diamerisma-mikra,2026-09-27,2026-09-27
https://perronerealestate.gr/property/197/diamerisma-thermaikos,2026-09-27,2026-09-27
https://perronerealestate.gr/property/198/diamerisma-thermi,2026-09-27,2026-09-27
https://perronerealestate.gr/property/199/diamerisma-thermaikos,2026-09-27,2026-09-27
https://perronerealestate.gr/property/200/diamerisma-thermaikos,2026-09-27,2026-09-27
https://perronerealestate.gr/property/201/mezoneta-thermaikos,2026-09-27,2026-09-27
https://perronerealestate.gr/property/202/monokatoikia-thermi,2026-09-27,2026-09-27
https://perronerealestate.gr/property/203/diamerisma-thermaikos,2026-09-27,2026-09-27
https://perronerealestate.gr/property/204/diamerisma-thermaikos,2026-09-27,2026-09-27
https://perronerealestate.gr/property/205/diamerisma-thermaikos,2026-09-27,2026-09-27
https://perronerealestate.gr/property/206/mezoneta-thermaikos,2026-09-27,2026-09-27
https://plrealestate.gr/property/7340,2026-09-27,2026-09-27
https://plrealestate.gr/property/7732,2026-09-27,2026-09-27
https://plrealestate.gr/property/7875,2026-09-27,2026-09-27
https://plrealestate.gr/property/7896,2026-09-27,2026-09-27
https://plrealestate.gr/property/7946,2026-09-27,2026-09-27
https://plrealestate.gr/property/7969,2026-09-27,2026-09-27
https://plrealestate.gr/property/8045,2026-09-27,2026-09-27
https://plrealestate.gr/property/8056,2026-09-27,2026-09-27
https://plrealestate.gr/property/8073,2026-09-27,2026-09-27
https://plrealestate.gr/property/8078,2026-09-27,2026-09-27
https://plrealestate.gr/property/8096,2026-09-27,2026-09-27
https://plrealestate.gr/property/8099,2026-09-27,2026-09-27
https://plrealestate.gr/property/8100,2026-09-27,2026-09-27
https://plrealestate.gr/property/8102,2026-09-27,2026-09-27
https://plrealestate.gr/property/8103,2026-09-27,2026-09-27
https://plrealestate.gr/property/8104,2026-09-27,2026-09-27
https://plrealestate.gr/property/8105,2026-09-27,2026-09-27
https://plrealestate.gr/property/8115,2026-09-27,2026-09-27
https://plrealestate.gr/property/8116,2026-09-27,2026-09-27
https://plrealestate.gr/property/8117,2026-09-27,2026-09-27
https://plrealestate.gr/property/8118/%cf%80%cf%8e%ce%bb%ce%b7%cf%83%ce%b7-%ce%93%ce%ba%ce%b1%cf%81%cf%83%ce%bf%ce%bd%ce%b9%ce%ad%cf%81%ce%b1/studio-%ce%a6%ce%ac%ce%bb%ce%b7%cf%81%ce%bf,2026-09-27,2026-09-27
https://plrealestate.gr/property/8120,2026-09-27,2026-09-27
https://politia.gr/el/property/10218,2026-09-27,2026-09-27
https://politia.gr/el/property/10326,2026-09-27,2026-09-27
https://politia.gr/el/property/10330,2026-09-27,2026-09-27
https://politia.gr/el/property/10331,2026-09-27,2026-09-27
https://politia.gr/el/property/10344,2026-09-27,2026-09-27
https://politia.gr/el/property/10345,2026-09-27,2026-09-27
https://politia.gr/el/property/10368,2026-09-27,2026-09-27
https://politia.gr/el/property/10378,2026-09-27,2026-09-27
https://politia.gr/el/property/10380,2026-09-27,2026-09-27
https://politia.gr/el/property/10391,2026-09-27,2026-09-27
https://politia.gr/el/property/10400,2026-09-27,2026-09-27
https://politia.gr/el/property/10411,2026-09-27,2026-09-27
https://politia.gr/el/property/10412,2026-09-27,2026-09-27
https://politia.gr/el/property/10417,2026-09-27,2026-09-27
https://politia.gr/el/property/10418,2026-09-27,2026-09-27
https://politia.gr/el/property/10419,2026-09-27,2026-09-27
https://politia.gr/el/property/10421,2026-09-27,2026-09-27
https://politia.gr/el/property/10423,2026-09-27,2026-09-27
https://politia.gr/el/property/10424,2026-09-27,2026-09-27
https://politia.gr/el/property/10425,2026-09-27,2026-09-27
https://politia.gr/el/property/71790,2026-09-27,2026-09-27
https://politia.gr/el/property/71923,2026-09-27,2026-09-27
https://politia.gr/el/property/71945,2026-09-27,2026-09-27
https://politia.gr/el/property/71955,2026-09-27,2026-09-27
https://politia.gr/el/property/71956,2026-09-27,2026-09-27
https://politia.gr/el/property/71962,2026-09-27,2026-09-27
https://politia.gr/el/property/71965,2026-09-27,2026-09-27
https://politia.gr/el/property/71967,2026-09-27,2026-09-27
https://politia.gr/el/property/71968,2026-09-27,2026-09-27
https://politia.gr/el/property/71969,2026-09-27,2026-09-27
https://realestate.hellaspm.gr/el/property-details/200052,2026-09-27,2026-09-27
https://realestate.hellaspm.gr/el/property-details/200059,2026-09-27,2026-09-27
https://realestate.hellaspm.gr/el/property-details/200063,2026-09-27,2026-09-27
https://realestate.hellaspm.gr/el/property-details/200075,2026-09-27,2026-09-27
https://realestate.hellaspm.gr/el/property-details/200103,2026-09-27,2026-09-27
https://realestate.hellaspm.gr/el/property-details/200139,2026-09-27,2026-09-27
https://realestate.hellaspm.gr/el/property-details/200146,2026-09-27,2026-09-27
https://realestate.hellaspm.gr/el/property-details/200152,2026-09-27,2026-09-27
https://realestate.hellaspm.gr/el/property-details/200165,2026-09-27,2026-09-27
https://realestate.hellaspm.gr/el/property-details/200189,2026-09-27,2026-09-27
https://realestate.hellaspm.gr/el/property-details/207831,2026-09-27,2026-09-27
https://realestate.hellaspm.gr/el/property-details/207844,2026-09-27,2026-09-27
https://realestate.hellaspm.gr/el/property-details/207964,2026-09-27,2026-09-27
https://realestate.hellaspm.gr/el/property-details/208159,2026-09-27,2026-09-27
https://realestate.hellaspm.gr/el/property-details/208199,2026-09-27,2026-09-27
https://realestate.hellaspm.gr/el/property-details/208308,2026-09-27,2026-09-27
https://realestate.hellaspm.gr/el/property-details/208388,2026-09-27,2026-09-27
https://realestate.hellaspm.gr/el/property-details/208613,2026-09-27,2026-09-27
https://realestate.hellaspm.gr/el/property-details/208629,2026-09-27,2026-09-27
https://realestate.hellaspm.gr/el/property-details/208743,2026-09-27,2026-09-27
https://realestate.hellaspm.gr/el/property-details/208898,2026-09-27,2026-09-27
https://realestate.hellaspm.gr/el/property-details/208910,2026-09-27,2026-09-27
https://realestate.hellaspm.gr/el/property-details/208911,2026-09-27,2026-09-27
https://realestate.hellaspm.gr/el/property-details/208912,2026-09-27,2026-09-27
https://realestate.hellaspm.gr/el/property-details/208919,2026-09-27,2026-09-27
https://realestate.hellaspm.gr/el/property-details/208920,2026-09-27,2026-09-27
https://realestate.hellaspm.gr/el/property-details/208923,2026-09-27,2026-09-27
https://realestate.hellaspm.gr/el/property-details/208927,2026-09-27,2026-09-27
https://realestate.hellaspm.gr/el/property-details/208928,2026-09-27,2026-09-27
https://realestate.hellaspm.gr/el/property-details/208930,2026-09-27,2026-09-27
https://realpraxis.gr/property/138,2026-09-27,2026-09-27
https://realpraxis.gr/property/142,2026-09-27,2026-09-27
https://realpraxis.gr/property/155,2026-09-27,2026-09-27
https://realpraxis.gr/property/170,2026-09-27,2026-09-27
https://realpraxis.gr/property/171,2026-09-27,2026-09-27
https://realpraxis.gr/property/225,2026-09-27,2026-09-27
https://realpraxis.gr/property/226,2026-09-27,2026-09-27
https://realpraxis.gr/property/227,2026-09-27,2026-09-27
https://realpraxis.gr/property/242,2026-09-27,2026-09-27
https://realpraxis.gr/property/247,2026-09-27,2026-09-27
https://realpraxis.gr/property/258,2026-09-27,2026-09-27
https://realpraxis.gr/property/259,2026-09-27,2026-09-27
https://realpraxis.gr/property/260,2026-09-27,2026-09-27
https://realpraxis.gr/property/261,2026-09-27,2026-09-27
https://realpraxis.gr/property/262,2026-09-27,2026-09-27
https://realpraxis.gr/property/263,2026-09-27,2026-09-27
https://realten.gr/property/115/agrotemachio-lemesos,2026-09-27,2026-09-27
https://realten.gr/property/116/agrotemachio-lemesos,2026-09-27,2026-09-27
https://realten.gr/property/117/agrotemachio-lemesos,2026-09-27,2026-09-27
https://realten.gr/property/120,2026-09-27,2026-09-27
https://realten.gr/property/121,2026-09-27,2026-09-27
https://realten.gr/property/123,2026-09-27,2026-09-27
https://realten.gr/property/127/agrotemachio-thermaikos,2026-09-27,2026-09-27
https://remax-analogia.gr/property/1965,2026-09-27,2026-09-27
https://remax-analogia.gr/property/2878,2026-09-27,2026-09-27
https://remax-analogia.gr/property/3148,2026-09-27,2026-09-27
https://remax-analogia.gr/property/3230,2026-09-27,2026-09-27
https://remax-analogia.gr/property/3335,2026-09-27,2026-09-27
https://remax-analogia.gr/property/3437,2026-09-27,2026-09-27
https://remax-analogia.gr/property/3527,2026-09-27,2026-09-27
https://remax-analogia.gr/property/3528,2026-09-27,2026-09-27
https://remax-analogia.gr/property/3532,2026-09-27,2026-09-27
https://remaxbest.gr/listings/n/108,2026-09-27,2026-09-27
https://remaxbest.gr/listings/n/109,2026-09-27,2026-09-27
https://remaxbest.gr/listings/n/110,2026-09-27,2026-09-27
https://renovahouse.gr/property/100,2026-09-27,2026-09-27
https://renovahouse.gr/property/103,2026-09-27,2026-09-27
https://renovahouse.gr/property/109,2026-09-27,2026-09-27
https://renovahouse.gr/property/113,2026-09-27,2026-09-27
https://renovahouse.gr/property/118,2026-09-27,2026-09-27
https://renovahouse.gr/property/120,2026-09-27,2026-09-27
https://renovahouse.gr/property/121,2026-09-27,2026-09-27
https://renovahouse.gr/property/123,2026-09-27,2026-09-27
https://renovahouse.gr/property/124,2026-09-27,2026-09-27
https://renovahouse.gr/property/129,2026-09-27,2026-09-27
https://renovahouse.gr/property/131,2026-09-27,2026-09-27
https://renovahouse.gr/property/132,2026-09-27,2026-09-27
https://renovahouse.gr/property/133,2026-09-27,2026-09-27
https://renovahouse.gr/property/137,2026-09-27,2026-09-27
https://renovahouse.gr/property/138,2026-09-27,2026-09-27
https://renovahouse.gr/property/140,2026-09-27,2026-09-27
https://renovahouse.gr/property/141,2026-09-27,2026-09-27
https://renovahouse.gr/property/142,2026-09-27,2026-09-27
https://renovahouse.gr/property/144,2026-09-27,2026-09-27
https://renovahouse.gr/property/149,2026-09-27,2026-09-27
https://renovahouse.gr/property/152,2026-09-27,2026-09-27
https://renovahouse.gr/property/153,2026-09-27,2026-09-27
https://renovahouse.gr/property/154,2026-09-27,2026-09-27
https://renovahouse.gr/property/155,2026-09-27,2026-09-27
https://renovahouse.gr/property/156,2026-09-27,2026-09-27
https://renovahouse.gr/property/157,2026-09-27,2026-09-27
https://renovahouse.gr/property/159,2026-09-27,2026-09-27
https://renovahouse.gr/property/160,2026-09-27,2026-09-27
https://renovahouse.gr/property/162,2026-09-27,2026-09-27
https://renovahouse.gr/property/163,2026-09-27,2026-09-27
https://rewize.com/akinito/1011,2026-09-27,2026-09-27
https://rewize.com/akinito/752,2026-09-27,2026-09-27
https://rewize.com/akinito/764,2026-09-27,2026-09-27
https://rewize.com/akinito/768,2026-09-27,2026-09-27
https://rewize.com/akinito/770,2026-09-27,2026-09-27
https://rewize.com/akinito/772,2026-09-27,2026-09-27
https://rewize.com/akinito/780,2026-09-27,2026-09-27
https://rewize.com/akinito/781,2026-09-27,2026-09-27
https://rewize.com/akinito/782,2026-09-27,2026-09-27
https://rewize.com/akinito/786,2026-09-27,2026-09-27
https://rewize.com/akinito/820,2026-09-27,2026-09-27
https://rewize.com/akinito/828,2026-09-27,2026-09-27
https://rewize.com/akinito/915,2026-09-27,2026-09-27
https://rewize.com/akinito/944,2026-09-27,2026-09-27
https://rewize.com/akinito/953,2026-09-27,2026-09-27
https://rewize.com/en/property/764,2026-09-27,2026-09-27
https://rewize.com/en/property/770,2026-09-27,2026-09-27
https://rewize.com/en/property/780,2026-09-27,2026-09-27
https://rewize.com/en/property/781,2026-09-27,2026-09-27
https://rewize.com/en/property/915,2026-09-27,2026-09-27
https://sarrisgroup.com/property/182/grafeio-thessaloniki%20kentro,2026-09-27,2026-09-27
https://squaremeter.gr/properties/29594,2026-09-27,2026-09-27
https://squaremeter.gr/properties/29940,2026-09-27,2026-09-27
https://squaremeter.gr/properties/29964,2026-09-27,2026-09-27
https://squaremeter.gr/properties/29980,2026-09-27,2026-09-27
https://squaremeter.gr/properties/30007,2026-09-27,2026-09-27
https://squaremeter.gr/properties/30033,2026-09-27,2026-09-27
https://thehacienda.gr/property/617/%ce%9f%ce%b9%ce%ba%cf%8c%cf%80%ce%b5%ce%b4%ce%bf-%ce%a0%cf%81%ce%ad%ce%b2%ce%b5%ce%b6%ce%b1,2026-09-27,2026-09-27
https://thelokatoikia.gr/property/km-1052,2026-09-27,2026-09-27
https://thelokatoikia.gr/property/km-1105,2026-09-27,2026-09-27
https://thelokatoikia.gr/property/km-1281,2026-09-27,2026-09-27
https://thelokatoikia.gr/property/km-1314,2026-09-27,2026-09-27
https://thelokatoikia.gr/property/km-1372,2026-09-27,2026-09-27
https://thelokatoikia.gr/property/km-1380,2026-09-27,2026-09-27
https://thelokatoikia.gr/property/km-1402,2026-09-27,2026-09-27
https://thelokatoikia.gr/property/km-1430,2026-09-27,2026-09-27
https://thelokatoikia.gr/property/km-1436,2026-09-27,2026-09-27
https://thelokatoikia.gr/property/km-1485,2026-09-27,2026-09-27
https://thelokatoikia.gr/property/km-811,2026-09-27,2026-09-27
https://thelokatoikia.gr/property/st-1327,2026-09-27,2026-09-27
https://thelokatoikia.gr/property/st-1458,2026-09-27,2026-09-27
https://thelokatoikia.gr/property/st-1482,2026-09-27,2026-09-27
https://thelokatoikia.gr/property/st-1488,2026-09-27,2026-09-27
https://thelokatoikia.gr/property/st1424,2026-09-27,2026-09-27
https://themidarealestate.gr/property/926602/katastima-basilika,2026-09-27,2026-09-27
https://themidarealestate.gr/property/958905/agrotemachio-thermi,2026-09-27,2026-09-27
https://themidarealestate.gr/property/965793/oikopedo-thermi,2026-09-27,2026-09-27
https://theprosperty.com/listings/17199,2026-09-27,2026-09-27
https://theprosperty.com/listings/17607,2026-09-27,2026-09-27
https://theprosperty.com/listings/17779,2026-09-27,2026-09-27
https://theprosperty.com/listings/18376,2026-09-27,2026-09-27
https://theprosperty.com/listings/18439,2026-09-27,2026-09-27
https://theprosperty.com/listings/18537,2026-09-27,2026-09-27
https://theprosperty.com/listings/19907,2026-09-27,2026-09-27
https://theprosperty.com/listings/20085,2026-09-27,2026-09-27
https://theprosperty.com/listings/20087,2026-09-27,2026-09-27
https://theprosperty.com/listings/20088,2026-09-27,2026-09-27
https://theprosperty.com/listings/20099,2026-09-27,2026-09-27
https://theprosperty.com/listings/20109,2026-09-27,2026-09-27
https://theprosperty.com/listings/20152,2026-09-27,2026-09-27
https://theprosperty.com/listings/20228,2026-09-27,2026-09-27
https://theprosperty.com/listings/20243,2026-09-27,2026-09-27
https://theprosperty.com/pwliseis-katoikiwn/pollaples-periohes-14449-14502-14635,2026-09-27,2026-09-27
https://theprosperty.com/pwliseis-katoikiwn/pollaples-periohes-3552-6762-10756-13378,2026-09-27,2026-09-27
https://thermaikosrealest.gr/el/property/11726,2026-09-27,2026-09-27
https://thermaikosrealest.gr/el/property/11903,2026-09-27,2026-09-27
https://thermaikosrealest.gr/el/property/11917,2026-09-27,2026-09-27
https://thermaikosrealest.gr/el/property/11970,2026-09-27,2026-09-27
https://thermaikosrealest.gr/el/property/11972,2026-09-27,2026-09-27
https://thermaikosrealest.gr/el/property/11986,2026-09-27,2026-09-27
https://thermaikosrealest.gr/el/property/11987,2026-09-27,2026-09-27
https://thermaikosrealest.gr/el/property/11999,2026-09-27,2026-09-27
https://thermaikosrealest.gr/el/property/12000,2026-09-27,2026-09-27
https://thermaikosrealest.gr/el/property/12001,2026-09-27,2026-09-27
https://thermaikosrealest.gr/el/property/12008,2026-09-27,2026-09-27
https://thermaikosrealest.gr/el/property/12009,2026-09-27,2026-09-27
https://thermaikosrealest.gr/el/property/12011,2026-09-27,2026-09-27
https://thermaikosrealest.gr/el/property/12021,2026-09-27,2026-09-27
https://thermaikosrealest.gr/el/property/12022,2026-09-27,2026-09-27
https://thermaikosrealest.gr/el/property/12082,2026-09-27,2026-09-27
https://thermaikosrealest.gr/el/property/12083,2026-09-27,2026-09-27
https://thermaikosrealest.gr/el/property/12084,2026-09-27,2026-09-27
https://thermaikosrealest.gr/el/property/12086,2026-09-27,2026-09-27
https://thermaikosrealest.gr/el/property/12093,2026-09-27,2026-09-27
https://thermaikosrealest.gr/el/property/12097,2026-09-27,2026-09-27
https://thermaikosrealest.gr/el/property/12101,2026-09-27,2026-09-27
https://thermaikosrealest.gr/el/property/12102,2026-09-27,2026-09-27
https://thermaikosrealest.gr/el/property/12103,2026-09-27,2026-09-27
https://thermaikosrealest.gr/el/property/12104,2026-09-27,2026-09-27
https://thermaikosrealest.gr/el/property/12105,2026-09-27,2026-09-27
https://thermaikosrealest.gr/el/property/12106,2026-09-27,2026-09-27
https://thermaikosrealest.gr/el/property/12108,2026-09-27,2026-09-27
https://thermaikosrealest.gr/el/property/8684,2026-09-27,2026-09-27
https://thessrealestate.gr/akinita/15874-2,2026-09-27,2026-09-27
https://thessrealestate.gr/akinita/1967-2,2026-09-27,2026-09-27
https://thessrealestate.gr/akinita/3-diamerismata-195tm-paralia-vergias,2026-09-27,2026-09-27
https://thessrealestate.gr/akinita/agrotemachio-10-250tm-oraiokastro,2026-09-27,2026-09-27
https://thessrealestate.gr/akinita/agrotemachio-4-500tm-neo-rysio,2026-09-27,2026-09-27
https://thessrealestate.gr/akinita/agrotemachio-8734tm-kalochori,2026-09-27,2026-09-27
https://thessrealestate.gr/akinita/diamerisma-109tm-kentro,2026-09-27,2026-09-27
https://thessrealestate.gr/akinita/diamerisma-135tm-sykies,2026-09-27,2026-09-27
https://thessrealestate.gr/akinita/diamerisma-140tm-ippokrateio,2026-09-27,2026-09-27
https://thessrealestate.gr/akinita/diamerisma-140tm-pylaia-metro,2026-09-27,2026-09-27
https://thessrealestate.gr/akinita/epavli-300-peraia,2026-09-27,2026-09-27
https://thessrealestate.gr/akinita/katastima-150tm-martiou,2026-09-27,2026-09-27
https://thessrealestate.gr/akinita/katastima-225tm-kentro,2026-09-27,2026-09-27
https://thessrealestate.gr/akinita/kerasia_nea_mixanivna_oikopedo8000,2026-09-27,2026-09-27
https://thessrealestate.gr/akinita/mezoneta-148tm-ampelokipoi,2026-09-27,2026-09-27
https://thessrealestate.gr/akinita/mezoneta-180tm-kastra,2026-09-27,2026-09-27
https://thessrealestate.gr/akinita/mezoneta-220tm-ampelokipoi,2026-09-27,2026-09-27
https://thessrealestate.gr/akinita/monokatoikia-120tm-nea-moudania,2026-09-27,2026-09-27
https://thessrealestate.gr/akinita/monokatoikia-250-souroti,2026-09-27,2026-09-27
https://thessrealestate.gr/akinita/monokatoikia-mezoneta-150tm-panorama,2026-09-27,2026-09-27
https://thessrealestate.gr/akinita/nea_michaniona_kerasia_oikopedo2400,2026-09-27,2026-09-27
https://thessrealestate.gr/akinita/nea_paralia_180metra,2026-09-27,2026-09-27
https://thessrealestate.gr/akinita/oikopedo-10200-nea-hrakleia,2026-09-27,2026-09-27
https://thessrealestate.gr/akinita/oikopedo-120tm-evosmos,2026-09-27,2026-09-27
https://thessrealestate.gr/akinita/oikopedo-200tm-ano-poli,2026-09-27,2026-09-27
https://thessrealestate.gr/akinita/oikopedo-250tm-1784,2026-09-27,2026-09-27
https://thessrealestate.gr/akinita/oikopedo-560-stratoni-xalkidikis,2026-09-27,2026-09-27
https://thessrealestate.gr/akinita/oikopedo-750tm-panorama,2026-09-27,2026-09-27
https://thessrealestate.gr/akinita/panorama_vila305m,2026-09-27,2026-09-27
https://thessrealestate.gr/akinita/vila-125tm-chanioti,2026-09-27,2026-09-27
https://thgr.gr/el/property/90612,2026-09-27,2026-09-27
https://thgr.gr/el/property/91045,2026-09-27,2026-09-27
https://thgr.gr/el/property/94189,2026-09-27,2026-09-27
https://thgr.gr/el/property/95288,2026-09-27,2026-09-27
https://thgr.gr/el/property/96530,2026-09-27,2026-09-27
https://thgr.gr/el/property/96659,2026-09-27,2026-09-27
https://thgr.gr/el/property/97385,2026-09-27,2026-09-27
https://thgr.gr/el/property/97623,2026-09-27,2026-09-27
https://thgr.gr/el/property/97628,2026-09-27,2026-09-27
https://thgr.gr/el/property/97718,2026-09-27,2026-09-27
https://thgr.gr/el/property/97787,2026-09-27,2026-09-27
https://thgr.gr/el/property/97789,2026-09-27,2026-09-27
https://thgr.gr/el/property/97823,2026-09-27,2026-09-27
https://thgr.gr/el/property/97832,2026-09-27,2026-09-27
https://thgr.gr/el/property/97936,2026-09-27,2026-09-27
https://thgr.gr/el/property/97987,2026-09-27,2026-09-27
https://thgr.gr/el/property/97997,2026-09-27,2026-09-27
https://thgr.gr/el/property/98143,2026-09-27,2026-09-27
https://thgr.gr/el/property/98145,2026-09-27,2026-09-27
https://thgr.gr/el/property/98146,2026-09-27,2026-09-27
https://thgr.gr/el/property/98198,2026-09-27,2026-09-27
https://thgr.gr/el/property/98229,2026-09-27,2026-09-27
https://thgr.gr/el/property/98239,2026-09-27,2026-09-27
https://thgr.gr/el/property/98262,2026-09-27,2026-09-27
https://thgr.gr/el/property/98295,2026-09-27,2026-09-27
https://topsisrealestate.gr/property/%ce%b2%ce%b9%ce%bf%ce%bc%ce%b7%cf%87%ce%b1%ce%bd%ce%b9%ce%ba%cf%8c%cf%82-%cf%87%cf%8e%cf%81%ce%bf%cf%82-1500%cf%84-%ce%bc,2026-09-27,2026-09-27
https://topsisrealestate.gr/property/%ce%b4%ce%b9%ce%b1%ce%bc%ce%ad%cf%81%ce%b9%cf%83%ce%bc%ce%b1-125%cf%84-%ce%bc,2026-09-27,2026-09-27
https://topsisrealestate.gr/property/%ce%b4%ce%b9%ce%b1%ce%bc%ce%ad%cf%81%ce%b9%cf%83%ce%bc%ce%b1-137%cf%84-%ce%bc,2026-09-27,2026-09-27
https://topsisrealestate.gr/property/%ce%ba%ce%b1%cf%84%ce%ac%cf%83%cf%84%ce%b7%ce%bc%ce%b1-122%cf%84-%ce%bc,2026-09-27,2026-09-27
https://trigonoreal.gr/property.php?id=1091,2026-09-27,2026-09-27
https://trigonoreal.gr/property.php?id=1102,2026-09-27,2026-09-27
https://trigonoreal.gr/property.php?id=1146,2026-09-27,2026-09-27
https://trigonoreal.gr/property.php?id=1203,2026-09-27,2026-09-27
https://trigonoreal.gr/property.php?id=1211,2026-09-27,2026-09-27
https://trigonoreal.gr/property.php?id=1238,2026-09-27,2026-09-27
https://trigonoreal.gr/property.php?id=1379,2026-09-27,2026-09-27
https://trigonoreal.gr/property.php?id=1432,2026-09-27,2026-09-27
https://trigonoreal.gr/property.php?id=1482,2026-09-27,2026-09-27
https://trigonoreal.gr/property.php?id=1683,2026-09-27,2026-09-27
https://trigonoreal.gr/property.php?id=1698,2026-09-27,2026-09-27
https://trigonoreal.gr/property.php?id=1703,2026-09-27,2026-09-27
https://trigonoreal.gr/property.php?id=1721,2026-09-27,2026-09-27
https://trigonoreal.gr/property.php?id=1731,2026-09-27,2026-09-27
https://trigonoreal.gr/property.php?id=1746,2026-09-27,2026-09-27
https://trigonoreal.gr/property.php?id=1763,2026-09-27,2026-09-27
https://trigonoreal.gr/property.php?id=1764,2026-09-27,2026-09-27
https://trigonoreal.gr/property.php?id=1772,2026-09-27,2026-09-27
https://trigonoreal.gr/property.php?id=1790,2026-09-27,2026-09-27
https://trigonoreal.gr/property.php?id=1795,2026-09-27,2026-09-27
https://trigonoreal.gr/property.php?id=1796,2026-09-27,2026-09-27
https://trigonoreal.gr/property.php?id=180,2026-09-27,2026-09-27
https://trigonoreal.gr/property.php?id=1813,2026-09-27,2026-09-27
https://trigonoreal.gr/property.php?id=1814,2026-09-27,2026-09-27
https://trigonoreal.gr/property.php?id=1816,2026-09-27,2026-09-27
https://trigonoreal.gr/property.php?id=1817,2026-09-27,2026-09-27
https://trigonoreal.gr/property.php?id=1818,2026-09-27,2026-09-27
https://trigonoreal.gr/property.php?id=1819,2026-09-27,2026-09-27
https://trigonoreal.gr/property.php?id=1820,2026-09-27,2026-09-27
https://trigonoreal.gr/property.php?id=729,2026-09-27,2026-09-27
https://veltiston.gr/property/508/ktirio%20epaggelmatiko-thessaloniki%20kentro,2026-09-27,2026-09-27
https://veltiston.gr/property/960/katastima-agios%20eleutherios%20-%20prompona%20-%20rizoupoli,2026-09-27,2026-09-27
https://veltiston.gr/property/961/mezoneta-kalamaria,2026-09-27,2026-09-27
https://veltiston.gr/property/964/diamerisma-polichni,2026-09-27,2026-09-27
https://vourtisrealestate.gr/el/akinito/12969768,2026-09-27,2026-09-27
https://vourtisrealestate.gr/el/akinito/13630702,2026-09-27,2026-09-27
https://vourtisrealestate.gr/el/akinito/15273698,2026-09-27,2026-09-27
https://vourtisrealestate.gr/el/akinito/15287938,2026-09-27,2026-09-27
https://vourtisrealestate.gr/el/akinito/16324911,2026-09-27,2026-09-27
https://vourtisrealestate.gr/el/akinito/16503708,2026-09-27,2026-09-27
https://vourtisrealestate.gr/el/akinito/16506337,2026-09-27,2026-09-27
https://vourtisrealestate.gr/el/akinito/16831461,2026-09-27,2026-09-27
https://vourtisrealestate.gr/el/akinito/17385914,2026-09-27,2026-09-27
https://vourtisrealestate.gr/el/akinito/17385937,2026-09-27,2026-09-27
https://vourtisrealestate.gr/el/akinito/17777895,2026-09-27,2026-09-27
https://vourtisrealestate.gr/el/akinito/17778006,2026-09-27,2026-09-27
https://vourtisrealestate.gr/el/akinito/17780606,2026-09-27,2026-09-27
https://vourtisrealestate.gr/el/akinito/17904750,2026-09-27,2026-09-27
https://vourtisrealestate.gr/el/akinito/19330910,2026-09-27,2026-09-27
https://vourtisrealestate.gr/el/akinito/19429429,2026-09-27,2026-09-27
https://vourtisrealestate.gr/el/akinito/19755278,2026-09-27,2026-09-27
https://vourtisrealestate.gr/el/akinito/20150494,2026-09-27,2026-09-27
https://vourtisrealestate.gr/el/akinito/20151299,2026-09-27,2026-09-27
https://vourtisrealestate.gr/el/akinito/20264418,2026-09-27,2026-09-27
https://vourtisrealestate.gr/el/akinito/20487472,2026-09-27,2026-09-27
https://vourtisrealestate.gr/el/akinito/20717654,2026-09-27,2026-09-27
https://vourtisrealestate.gr/el/akinito/20757719,2026-09-27,2026-09-27
https://vourtisrealestate.gr/el/akinito/20769693,2026-09-27,2026-09-27
https://vourtisrealestate.gr/el/akinito/20798458,2026-09-27,2026-09-27
https://vourtisrealestate.gr/el/akinito/20798615,2026-09-27,2026-09-27
https://vourtisrealestate.gr/el/akinito/20799153,2026-09-27,2026-09-27
https://vourtisrealestate.gr/el/akinito/20845012,2026-09-27,2026-09-27
https://vourtisrealestate.gr/el/akinito/20922136,2026-09-27,2026-09-27
https://vourtisrealestate.gr/el/akinito/20922859,2026-09-27,2026-09-27
https://www.1spiti.gr/property/143,2026-09-27,2026-09-27
https://www.1spiti.gr/property/178,2026-09-27,2026-09-27
https://www.1spiti.gr/property/179,2026-09-27,2026-09-27
https://www.1spiti.gr/property/180,2026-09-27,2026-09-27
https://www.1spiti.gr/property/183,2026-09-27,2026-09-27
https://www.1spiti.gr/property/184,2026-09-27,2026-09-27
https://www.1spiti.gr/property/189,2026-09-27,2026-09-27
https://www.1spiti.gr/property/190,2026-09-27,2026-09-27
https://www.1spiti.gr/property/191,2026-09-27,2026-09-27
https://www.1spiti.gr/property/192,2026-09-27,2026-09-27
https://www.1spiti.gr/property/193,2026-09-27,2026-09-27
https://www.1spiti.gr/property/194,2026-09-27,2026-09-27
https://www.2310realestate.gr/estate_details_listing.php?dios_code=218180,2026-09-27,2026-09-27
https://www.2310realestate.gr/estate_details_listing.php?dios_code=218261,2026-09-27,2026-09-27
https://www.2310realestate.gr/estate_details_listing.php?dios_code=218311,2026-09-27,2026-09-27
https://www.2310realestate.gr/estate_details_listing.php?dios_code=218359,2026-09-27,2026-09-27
https://www.2310realestate.gr/estate_details_listing.php?dios_code=218418,2026-09-27,2026-09-27
https://www.2310realestate.gr/estate_details_listing.php?dios_code=218481,2026-09-27,2026-09-27
https://www.2310realestate.gr/estate_details_listing.php?dios_code=218810,2026-09-27,2026-09-27
https://www.2310realestate.gr/estate_details_listing.php?dios_code=218818,2026-09-27,2026-09-27
https://www.2310realestate.gr/estate_details_listing.php?dios_code=218930,2026-09-27,2026-09-27
https://www.2310realestate.gr/estate_details_listing.php?dios_code=218938,2026-09-27,2026-09-27
https://www.2310realestate.gr/estate_details_listing.php?dios_code=218941,2026-09-27,2026-09-27
https://www.2310realestate.gr/estate_details_listing.php?dios_code=218943,2026-09-27,2026-09-27
https://www.2310realestate.gr/estate_details_listing.php?dios_code=218946,2026-09-27,2026-09-27
https://www.2310realestate.gr/estate_details_listing.php?dios_code=218948,2026-09-27,2026-09-27
https://www.2310realestate.gr/estate_details_listing.php?dios_code=218953,2026-09-27,2026-09-27
https://www.2310realestate.gr/estate_details_listing.php?dios_code=218954,2026-09-27,2026-09-27
https://www.2310realestate.gr/estate_details_listing.php?dios_code=218956,2026-09-27,2026-09-27
https://www.2310realestate.gr/estate_details_listing.php?dios_code=218957,2026-09-27,2026-09-27
https://www.2310realestate.gr/estate_details_listing.php?dios_code=218958,2026-09-27,2026-09-27
https://www.2310realestate.gr/estate_details_listing.php?dios_code=218959,2026-09-27,2026-09-27
https://www.2310realestate.gr/estate_details_listing.php?dios_code=218960,2026-09-27,2026-09-27
https://www.2310realestate.gr/estate_details_listing.php?dios_code=218961,2026-09-27,2026-09-27
https://www.2310realestate.gr/estate_details_listing.php?dios_code=218993,2026-09-27,2026-09-27
https://www.2310realestate.gr/estate_details_listing.php?dios_code=219028,2026-09-27,2026-09-27
https://www.2310realestate.gr/estate_details_listing.php?dios_code=219049,2026-09-27,2026-09-27
https://www.2310realestate.gr/estate_details_listing.php?dios_code=219091,2026-09-27,2026-09-27
https://www.2310realestate.gr/estate_details_listing.php?dios_code=219121,2026-09-27,2026-09-27
https://www.2310realestate.gr/estate_details_listing.php?dios_code=219124,2026-09-27,2026-09-27
https://www.2310realestate.gr/estate_details_listing.php?dios_code=219144,2026-09-27,2026-09-27
https://www.2310realestate.gr/estate_details_listing.php?dios_code=219145,2026-09-27,2026-09-27
https://www.abitazione.gr/property/2014/katastima-rotonta,2026-09-27,2026-09-27
https://www.abitazione.gr/property/461/katastima-kalamaria,2026-09-27,2026-09-27
https://www.ademisrealestate.gr/property/104,2026-09-27,2026-09-27
https://www.ademisrealestate.gr/property/108,2026-09-27,2026-09-27
https://www.ademisrealestate.gr/property/112,2026-09-27,2026-09-27
https://www.ademisrealestate.gr/property/114,2026-09-27,2026-09-27
https://www.ademisrealestate.gr/property/115,2026-09-27,2026-09-27
https://www.ademisrealestate.gr/property/117,2026-09-27,2026-09-27
https://www.ademisrealestate.gr/property/120,2026-09-27,2026-09-27
https://www.ademisrealestate.gr/property/129,2026-09-27,2026-09-27
https://www.ademisrealestate.gr/property/130,2026-09-27,2026-09-27
https://www.ademisrealestate.gr/property/133,2026-09-27,2026-09-27
https://www.ademisrealestate.gr/property/139,2026-09-27,2026-09-27
https://www.ademisrealestate.gr/property/140,2026-09-27,2026-09-27
https://www.ademisrealestate.gr/property/141,2026-09-27,2026-09-27
https://www.ademisrealestate.gr/property/142,2026-09-27,2026-09-27
https://www.ademisrealestate.gr/property/145,2026-09-27,2026-09-27
https://www.ademisrealestate.gr/property/147,2026-09-27,2026-09-27
https://www.ademisrealestate.gr/property/148,2026-09-27,2026-09-27
https://www.ademisrealestate.gr/property/157,2026-09-27,2026-09-27
https://www.ademisrealestate.gr/property/214,2026-09-27,2026-09-27
https://www.ademisrealestate.gr/property/351,2026-09-27,2026-09-27
https://www.ademisrealestate.gr/property/439,2026-09-27,2026-09-27
https://www.agarealestate.gr/property/1192,2026-09-27,2026-09-27
https://www.agarealestate.gr/property/1222,2026-09-27,2026-09-27
https://www.agarealestate.gr/property/1680,2026-09-27,2026-09-27
https://www.agarealestate.gr/property/2451,2026-09-27,2026-09-27
https://www.agarealestate.gr/property/2650,2026-09-27,2026-09-27
https://www.agarealestate.gr/property/2686,2026-09-27,2026-09-27
https://www.agarealestate.gr/property/2690,2026-09-27,2026-09-27
https://www.agarealestate.gr/property/2691,2026-09-27,2026-09-27
https://www.agarealestate.gr/property/2692,2026-09-27,2026-09-27
https://www.agarealestate.gr/property/2693,2026-09-27,2026-09-27
https://www.agarealestate.gr/property/2695,2026-09-27,2026-09-27
https://www.agarealestate.gr/property/2696,2026-09-27,2026-09-27
https://www.agarealestate.gr/property/2697,2026-09-27,2026-09-27
https://www.agarealestate.gr/property/2699,2026-09-27,2026-09-27
https://www.agarealestate.gr/property/2700,2026-09-27,2026-09-27
https://www.agarealestate.gr/property/2701,2026-09-27,2026-09-27
https://www.agarealestate.gr/property/2702,2026-09-27,2026-09-27
https://www.agarealestate.gr/property/914,2026-09-27,2026-09-27
https://www.agnrealestate.gr/440-2,2026-09-27,2026-09-27
https://www.agnrealestate.gr/property/diamerisma-ed-0001,2026-09-27,2026-09-27
https://www.agnrealestate.gr/property/diamerisma-pd-0004,2026-09-27,2026-09-27
https://www.agnrealestate.gr/property/diamerisma-pd-0005,2026-09-27,2026-09-27
https://www.agnrealestate.gr/property/diamerisma-pd-0007,2026-09-27,2026-09-27
https://www.agnrealestate.gr/property/diamerisma-pd-0011,2026-09-27,2026-09-27
https://www.agnrealestate.gr/property/diamerisma-pd-0012,2026-09-27,2026-09-27
https://www.agnrealestate.gr/property/diamerisma-pd-0015,2026-09-27,2026-09-27
https://www.agnrealestate.gr/property/diamerisma-pd-006,2026-09-27,2026-09-27
https://www.agnrealestate.gr/property/diamerisma-pd0003,2026-09-27,2026-09-27
https://www.agnrealestate.gr/property/gkarsoniera-pd0001,2026-09-27,2026-09-27
https://www.agnrealestate.gr/property/katastima-pk-0001,2026-09-27,2026-09-27
https://www.agnrealestate.gr/property/mezoneta-250t-m,2026-09-27,2026-09-27
https://www.ai-golden.com/property/214,2026-09-27,2026-09-27
https://www.ai-golden.com/property/338,2026-09-27,2026-09-27
https://www.ai-golden.com/property/339,2026-09-27,2026-09-27
https://www.ai-golden.com/property/340,2026-09-27,2026-09-27
https://www.ai-golden.com/property/348,2026-09-27,2026-09-27
https://www.ai-golden.com/property/349,2026-09-27,2026-09-27
https://www.akinita-kosmidis.gr/property/480/diamerisma-analipsi,2026-09-27,2026-09-27
https://www.akinita-kosmidis.gr/property/481/diamerisma-analipsi,2026-09-27,2026-09-27
https://www.akinita-kosmidis.gr/property/482/diamerisma-analipsi,2026-09-27,2026-09-27
https://www.akinita-kosmidis.gr/property/543/diamerisma-ntepo,2026-09-27,2026-09-27
https://www.akinita-kosmidis.gr/property/545/gkarsoniera-charilaou,2026-09-27,2026-09-27
https://www.akinita-kosmidis.gr/property/546/gkarsoniera-charilaou,2026-09-27,2026-09-27
https://www.akinita-kosmidis.gr/property/547/gkarsoniera-ntepo,2026-09-27,2026-09-27
https://www.akinita-kosmidis.gr/property/548/gkarsoniera-ntepo,2026-09-27,2026-09-27
https://www.akinita-kosmidis.gr/property/549/gkarsoniera-ntepo,2026-09-27,2026-09-27
https://www.akinita-kosmidis.gr/property/552/mezoneta-kalamata,2026-09-27,2026-09-27
https://www.alfa-realestate.gr/property/3004/bila-thermaikos,2026-09-27,2026-09-27
https://www.alfahome.gr/property.php?id=1186,2026-09-27,2026-09-27
https://www.alfahome.gr/property.php?id=1471,2026-09-27,2026-09-27
https://www.alfahome.gr/property.php?id=177,2026-09-27,2026-09-27
https://www.alfahome.gr/property.php?id=1935,2026-09-27,2026-09-27
https://www.alfahome.gr/property.php?id=2135,2026-09-27,2026-09-27
https://www.alfahome.gr/property.php?id=2140,2026-09-27,2026-09-27
https://www.alfahome.gr/property.php?id=2262,2026-09-27,2026-09-27
https://www.alfahome.gr/property.php?id=2366,2026-09-27,2026-09-27
https://www.alfahome.gr/property.php?id=2525,2026-09-27,2026-09-27
https://www.alfahome.gr/property.php?id=2559,2026-09-27,2026-09-27
https://www.alfahome.gr/property.php?id=2590,2026-09-27,2026-09-27
https://www.alfahome.gr/property.php?id=2591,2026-09-27,2026-09-27
https://www.alfahome.gr/property.php?id=2593,2026-09-27,2026-09-27
https://www.alfahome.gr/property.php?id=2594,2026-09-27,2026-09-27
https://www.alfahome.gr/property.php?id=2595,2026-09-27,2026-09-27
https://www.alfahome.gr/property.php?id=2596,2026-09-27,2026-09-27
https://www.alfahome.gr/property.php?id=452,2026-09-27,2026-09-27
https://www.alpha-realestate.gr/property/104/agrotemachio-thermaikos,2026-09-27,2026-09-27
https://www.alpha-realestate.gr/property/147/agrotemachio-michaniona,2026-09-27,2026-09-27
https://www.alpha-realestate.gr/property/149/oikopedo-michaniona,2026-09-27,2026-09-27
https://www.alpha-realestate.gr/property/163/oikopedo-epanomi,2026-09-27,2026-09-27
https://www.alpha-realestate.gr/property/195/oikopedo-thermaikos,2026-09-27,2026-09-27
https://www.alpha-realestate.gr/property/202/agrotemachio-michaniona,2026-09-27,2026-09-27
https://www.alpha-realestate.gr/property/216/agrotemachio-michaniona,2026-09-27,2026-09-27
https://www.alpha-realestate.gr/property/283/agrotemachio-michaniona,2026-09-27,2026-09-27
https://www.alpha-realestate.gr/property/317/mezoneta-thermi,2026-09-27,2026-09-27
https://www.alpha-realestate.gr/property/324/bila-thermaikos,2026-09-27,2026-09-27
https://www.alpha-realestate.gr/property/406/diamerisma-michaniona,2026-09-27,2026-09-27
https://www.angelou-realestate.gr/single-property-page.php?id=503,2026-09-27,2026-09-27
https://www.angelou-realestate.gr/single-property-page.php?id=579,2026-09-27,2026-09-27
https://www.angelou-realestate.gr/single-property-page.php?id=588,2026-09-27,2026-09-27
https://www.angelou-realestate.gr/single-property-page.php?id=591,2026-09-27,2026-09-27
https://www.angelou-realestate.gr/single-property-page.php?id=592,2026-09-27,2026-09-27
https://www.angelou-realestate.gr/single-property-page.php?id=602,2026-09-27,2026-09-27
https://www.angelou-realestate.gr/single-property-page.php?id=606,2026-09-27,2026-09-27
https://www.angelou-realestate.gr/single-property-page.php?id=607,2026-09-27,2026-09-27
https://www.angelou-realestate.gr/single-property-page.php?id=828,2026-09-27,2026-09-27
https://www.angelou-realestate.gr/single-property-page.php?id=829,2026-09-27,2026-09-27
https://www.angelou-realestate.gr/single-property-page.php?id=830,2026-09-27,2026-09-27
https://www.angelou-realestate.gr/single-property-page.php?id=831,2026-09-27,2026-09-27
https://www.angelou-realestate.gr/single-property-page.php?id=832,2026-09-27,2026-09-27
https://www.angelou-realestate.gr/single-property-page.php?id=834,2026-09-27,2026-09-27
https://www.angelou-realestate.gr/single-property-page.php?id=836,2026-09-27,2026-09-27
https://www.angelou-realestate.gr/single-property-page.php?id=837,2026-09-27,2026-09-27
https://www.angelou-realestate.gr/single-property-page.php?id=838,2026-09-27,2026-09-27
https://www.angelou-realestate.gr/single-property-page.php?id=839,2026-09-27,2026-09-27
https://www.antoniouhome.gr/property/171,2026-09-27,2026-09-27
https://www.antoniouhome.gr/property/173,2026-09-27,2026-09-27
https://www.antoniouhome.gr/property/174,2026-09-27,2026-09-27
https://www.antoniouhome.gr/property/185,2026-09-27,2026-09-27
https://www.antoniouhome.gr/property/187,2026-09-27,2026-09-27
https://www.antoniouhome.gr/property/297,2026-09-27,2026-09-27
https://www.antoniouhome.gr/property/322,2026-09-27,2026-09-27
https://www.antoniouhome.gr/property/342,2026-09-27,2026-09-27
https://www.antoniouhome.gr/property/346,2026-09-27,2026-09-27
https://www.antoniouhome.gr/property/363,2026-09-27,2026-09-27
https://www.antoniouhome.gr/property/365,2026-09-27,2026-09-27
https://www.antoniouhome.gr/property/367,2026-09-27,2026-09-27
https://www.antoniouhome.gr/property/369,2026-09-27,2026-09-27
https://www.antoniouhome.gr/property/370,2026-09-27,2026-09-27
https://www.antoniouhome.gr/property/371,2026-09-27,2026-09-27
https://www.antoniouhome.gr/property/372,2026-09-27,2026-09-27
https://www.apoiko.gr/property.php?id=1310,2026-09-27,2026-09-27
https://www.apoiko.gr/property.php?id=1338,2026-09-27,2026-09-27
https://www.apoiko.gr/property.php?id=1344,2026-09-27,2026-09-27
https://www.apoiko.gr/property.php?id=1350,2026-09-27,2026-09-27
https://www.apoiko.gr/property.php?id=1351,2026-09-27,2026-09-27
https://www.apoiko.gr/property.php?id=1353,2026-09-27,2026-09-27
https://www.apoiko.gr/property.php?id=519,2026-09-27,2026-09-27
https://www.apoiko.gr/property.php?id=523,2026-09-27,2026-09-27
https://www.artiplan.gr/listings/n/108?language=de,2026-09-27,2026-09-27
https://www.artiplan.gr/listings/n/109?language=de,2026-09-27,2026-09-27
https://www.artiplan.gr/listings/n/192?language=de,2026-09-27,2026-09-27
https://www.artiplan.gr/property/246/oikopedo-kalampaka,2026-09-27,2026-09-27
https://www.artiplan.gr/property/275/katastima-sukies,2026-09-27,2026-09-27
https://www.artiplan.gr/property/276/katastima-sukies,2026-09-27,2026-09-27
https://www.artiplan.gr/property/281/epicheirisi-faliro,2026-09-27,2026-09-27
https://www.best-house.gr/akinito/180-katastima-174-92tm-z7009,2026-09-27,2026-09-27
https://www.best-house.gr/akinito/231-katastima-45tm-kathara-l7320,2026-09-27,2026-09-27
https://www.best-house.gr/akinito/327-katastima-44tm-37tm-z7415,2026-09-27,2026-09-27
https://www.best-house.gr/akinito/356-ep-xoros-200tm-z7442,2026-09-27,2026-09-27
https://www.best-house.gr/akinito/386-katastima-22tm-k7468,2026-09-27,2026-09-27
https://www.best-house.gr/akinito/406-garsoniera-31tm-k7486,2026-09-27,2026-09-27
https://www.best-house.gr/akinito/436-katastima-38tm-k7515,2026-09-27,2026-09-27
https://www.best-house.gr/akinito/443-grafeio-26tm-k7522,2026-09-27,2026-09-27
https://www.best-house.gr/akinito/471-katastima-32tm-k7549,2026-09-27,2026-09-27
https://www.best-house.gr/akinito/473-katastima-38tm-k7550,2026-09-27,2026-09-27
https://www.best-house.gr/akinito/482-diamerisma-73tm-z7560,2026-09-27,2026-09-27
https://www.best-house.gr/akinito/483-diamerisma-103tm-z7561,2026-09-27,2026-09-27
https://www.best-house.gr/akinito/484-gkarsoniera-55tm-a7562,2026-09-27,2026-09-27
https://www.best-house.gr/akinito/485-diamerisma-60tm-a7563,2026-09-27,2026-09-27
https://www.best-house.gr/akinito/486-garsoniera-44tm-l7564,2026-09-27,2026-09-27
https://www.best-house.gr/akinito/488-garsoniera-62tm-l7566,2026-09-27,2026-09-27
https://www.best-house.gr/akinito/489-garsoniera-45tm-k6959,2026-09-27,2026-09-27
https://www.best-house.gr/akinito/491-garsoniera-45tm-z7568,2026-09-27,2026-09-27
https://www.best-house.gr/akinito/492-katastima-57tm-z7569,2026-09-27,2026-09-27
https://www.best-house.gr/akinito/493-diamerisma-65tm-z7570,2026-09-27,2026-09-27
https://www.best-house.gr/akinito/494-garsoniera-37tm-z7571,2026-09-27,2026-09-27
https://www.best-house.gr/akinito/495-diamerisma-72tm-z7572,2026-09-27,2026-09-27
https://www.best-house.gr/akinito/497-oikopedo-1485tm-x7574,2026-09-27,2026-09-27
https://www.best-house.gr/akinito/498-periptero-5tm-k7575,2026-09-27,2026-09-27
https://www.best-house.gr/akinito/499-epixeirisi-k7576,2026-09-27,2026-09-27
https://www.best-house.gr/akinito/79-epixeirisi-30tm-z7164,2026-09-27,2026-09-27
https://www.casa-dk.gr/property/504/biomichanikos%20choros-kallithea,2026-09-27,2026-09-27
https://www.casa-dk.gr/property/694/agrotemachio-moudania,2026-09-27,2026-09-27
https://www.casa-dk.gr/property/722/apothiki-thessaloniki%20kentro,2026-09-27,2026-09-27
https://www.casa-dk.gr/property/727/katastima-thessaloniki%20kentro,2026-09-27,2026-09-27
https://www.concepthouse.gr/property/173,2026-09-27,2026-09-27
https://www.concepthouse.gr/property/409,2026-09-27,2026-09-27
https://www.concepthouse.gr/property/542,2026-09-27,2026-09-27
https://www.concepthouse.gr/property/546,2026-09-27,2026-09-27
https://www.concepthouse.gr/property/576,2026-09-27,2026-09-27
https://www.concepthouse.gr/property/577,2026-09-27,2026-09-27
https://www.concepthouse.gr/property/706,2026-09-27,2026-09-27
https://www.concepthouse.gr/property/765,2026-09-27,2026-09-27
https://www.concepthouse.gr/property/869,2026-09-27,2026-09-27
https://www.concepthouse.gr/property/880,2026-09-27,2026-09-27
https://www.concepthouse.gr/property/881,2026-09-27,2026-09-27
https://www.concepthouse.gr/property/882,2026-09-27,2026-09-27
https://www.concepthouse.gr/property/883,2026-09-27,2026-09-27
https://www.daveti.gr/%ce%a0%ce%b1%ce%bd%cf%8c%cf%81%ce%b1%ce%bc%ce%b1%2d%ce%9a%ce%ad%ce%bd%cf%84%cf%81%ce%bf-%ce%94%ce%b9%ce%b1%ce%bc%ce%ad%cf%81%ce%b9%cf%83%ce%bc%ce%b1-%cf%80%cf%81%ce%bf%cf%82%2d%ce%95%ce%bd%ce%bf%ce%b9%ce%ba%ce%af%ce%b1%cf%83%ce%b7_%ce%94%2d11419.html,2026-09-27,2026-09-27
https://www.daveti.gr/%ce%a0%ce%b1%ce%bd%cf%8c%cf%81%ce%b1%ce%bc%ce%b1%2d%ce%9a%ce%ad%ce%bd%cf%84%cf%81%ce%bf-%ce%94%ce%b9%ce%b1%ce%bc%ce%ad%cf%81%ce%b9%cf%83%ce%bc%ce%b1-%cf%80%cf%81%ce%bf%cf%82%2d%ce%95%ce%bd%ce%bf%ce%b9%ce%ba%ce%af%ce%b1%cf%83%ce%b7_%ce%94%2d11546.html,2026-09-27,2026-09-27
https://www.daveti.gr/%ce%a0%ce%b1%ce%bd%cf%8c%cf%81%ce%b1%ce%bc%ce%b1%2d%ce%9a%ce%ad%ce%bd%cf%84%cf%81%ce%bf-%ce%94%ce%b9%ce%b1%ce%bc%ce%ad%cf%81%ce%b9%cf%83%ce%bc%ce%b1-%cf%80%cf%81%ce%bf%cf%82%2d%ce%95%ce%bd%ce%bf%ce%b9%ce%ba%ce%af%ce%b1%cf%83%ce%b7_%ce%94%2d11547.html,2026-09-27,2026-09-27
https://www.daveti.gr/%ce%a0%ce%b1%ce%bd%cf%8c%cf%81%ce%b1%ce%bc%ce%b1%2d%ce%9a%ce%ad%ce%bd%cf%84%cf%81%ce%bf-%ce%9c%ce%b5%ce%b6%ce%bf%ce%bd%ce%ad%cf%84%ce%b1-%cf%80%cf%81%ce%bf%cf%82%2d%ce%95%ce%bd%ce%bf%ce%b9%ce%ba%ce%af%ce%b1%cf%83%ce%b7_%ce%94%2d11568.html,2026-09-27,2026-09-27
https://www.daveti.gr/%ce%a0%ce%b1%ce%bd%cf%8c%cf%81%ce%b1%ce%bc%ce%b1%2d%ce%9f%ce%b9%ce%ba%ce%b9%cf%83%ce%bc%cf%8c%cf%82%2d%ce%9c%ce%b1%ce%ba%ce%b5%ce%b4%ce%bf%ce%bd%ce%af%ce%b1-%ce%9c%ce%b5%ce%b6%ce%bf%ce%bd%ce%ad%cf%84%ce%b1-%cf%80%cf%81%ce%bf%cf%82%2d%ce%95%ce%bd%ce%bf%ce%b9%ce%ba%ce%af%ce%b1%cf%83%ce%b7_%ce%94%2d11567.html,2026-09-27,2026-09-27
https://www.daveti.gr/%ce%a0%ce%b1%ce%bd%cf%8c%cf%81%ce%b1%ce%bc%ce%b1%2d%ce%9f%ce%b9%ce%ba%ce%b9%cf%83%ce%bc%cf%8c%cf%82%2d%ce%9c%ce%b1%ce%ba%ce%b5%ce%b4%ce%bf%ce%bd%ce%af%ce%b1-%ce%9c%ce%b5%ce%b6%ce%bf%ce%bd%ce%ad%cf%84%ce%b1-%cf%80%cf%81%ce%bf%cf%82%2d%ce%a0%cf%8e%ce%bb%ce%b7%cf%83%ce%b7_%ce%94%2d11421.html,2026-09-27,2026-09-27
https://www.daveti.gr/%ce%a0%ce%b1%ce%bd%cf%8c%cf%81%ce%b1%ce%bc%ce%b1%2d%ce%9f%ce%b9%ce%ba%ce%b9%cf%83%ce%bc%cf%8c%cf%82%2d%ce%9d%2e%c2%a0751-%ce%94%ce%b9%ce%b1%ce%bc%ce%ad%cf%81%ce%b9%cf%83%ce%bc%ce%b1-%cf%80%cf%81%ce%bf%cf%82%2d%ce%95%ce%bd%ce%bf%ce%b9%ce%ba%ce%af%ce%b1%cf%83%ce%b7_%ce%94%2d11569.html,2026-09-27,2026-09-27
https://www.daveti.gr/%ce%a0%ce%b1%ce%bd%cf%8c%cf%81%ce%b1%ce%bc%ce%b1%2d%ce%9f%ce%b9%ce%ba%ce%b9%cf%83%ce%bc%cf%8c%cf%82%2d%ce%9d%2e%c2%a0751-studio%2d%2d%ce%93%ce%ba%ce%b1%cf%81%cf%83%ce%bf%ce%bd%ce%b9%ce%ad%cf%81%ce%b1-%cf%80%cf%81%ce%bf%cf%82%2d%ce%95%ce%bd%ce%bf%ce%b9%ce%ba%ce%af%ce%b1%cf%83%ce%b7_%ce%94%2d11560.html,2026-09-27,2026-09-27
https://www.daveti.gr/%ce%a0%ce%b1%ce%bd%cf%8c%cf%81%ce%b1%ce%bc%ce%b1%2d%ce%a0%ce%b1%ce%bb%ce%b9%cf%8c%cf%82%2d%ce%9f%ce%b9%ce%ba%ce%b9%cf%83%ce%bc%cf%8c%cf%82-%ce%9c%ce%b5%ce%b6%ce%bf%ce%bd%ce%ad%cf%84%ce%b1-%cf%80%cf%81%ce%bf%cf%82%2d%ce%95%ce%bd%ce%bf%ce%b9%ce%ba%ce%af%ce%b1%cf%83%ce%b7_%ce%94%2d11548.html,2026-09-27,2026-09-27
https://www.daveti.gr/commercial-property-for-rent-in-panorama-thessaloniki-town-center-palios-oikismos-n751-makedonia-topografon-suburbs-greece,2026-09-27,2026-09-27
https://www.daveti.gr/land-for-sale-in-panorama-thessaloniki-town-center-palios-oikismos-n751-makedonia-topografon-suburbs-greece,2026-09-27,2026-09-27
https://www.daveti.gr/property-in-panorama-thessaloniki-town-center-palios-oikismos-n751-makedonia-topografon-suburbs-greece,2026-09-27,2026-09-27
https://www.daveti.gr/residential-for-rent-in-panorama-thessaloniki-town-center-palios-oikismos-n751-makedonia-topografon-suburbs-greece,2026-09-27,2026-09-27
https://www.daveti.gr/residential-for-sale-in-panorama-thessaloniki-town-center-palios-oikismos-n751-makedonia-topografon-suburbs-greece,2026-09-27,2026-09-27
https://www.delta-akinita.gr/property/276/agrotemachio-echedoros,2026-09-27,2026-09-27
https://www.delta-akinita.gr/property/304/monokatoikia-axios,2026-09-27,2026-09-27
https://www.delta-akinita.gr/property/466/mezoneta-oraiokastro,2026-09-27,2026-09-27
https://www.delta-akinita.gr/property/474/ktirio%20oikistiko-echedoros,2026-09-27,2026-09-27
https://www.delta-akinita.gr/property/480/oikopedo-echedoros,2026-09-27,2026-09-27
https://www.delta-akinita.gr/property/483/oikopedo-echedoros,2026-09-27,2026-09-27
https://www.domestia.gr/ano%2dtoympa-diamerisma-pros%2dpolisi_125.html,2026-09-27,2026-09-27
https://www.domestia.gr/kato%2dtoympa-diamerisma-pros%2dpolisi_123.html,2026-09-27,2026-09-27
https://www.domestia.gr/kypseli-diamerisma-pros%2dpolisi_118.html,2026-09-27,2026-09-27
https://www.domestia.gr/kypseli-diamerisma-pros%2dpolisi_121.html,2026-09-27,2026-09-27
https://www.domestia.gr/marathonas-monokatoikia-pros%2dpolisi_126.html,2026-09-27,2026-09-27
https://www.domestia.gr/nikopoli-agrotemaxio-pros%2dpolisi_119.html,2026-09-27,2026-09-27
https://www.domestia.gr/panorama-bila-pros%2dpolisi_102.html,2026-09-27,2026-09-27
https://www.domestia.gr/sani-mezoneta-pros%2denoikiasi_111.html,2026-09-27,2026-09-27
https://www.domestia.gr/stayroypoli-diamerisma-pros%2denoikiasi_116.html,2026-09-27,2026-09-27
https://www.domestia.gr/stayroypoli-diamerisma-pros%2dpolisi_114.html,2026-09-27,2026-09-27
https://www.domestia.gr/sykies-diamerisma-pros%2denoikiasi_124.html,2026-09-27,2026-09-27
https://www.eightrealestate.gr/property/269,2026-09-27,2026-09-27
https://www.eightrealestate.gr/property/2833,2026-09-27,2026-09-27
https://www.eightrealestate.gr/property/3015,2026-09-27,2026-09-27
https://www.eightrealestate.gr/property/3396,2026-09-27,2026-09-27
https://www.eightrealestate.gr/property/3401,2026-09-27,2026-09-27
https://www.eightrealestate.gr/property/3404,2026-09-27,2026-09-27
https://www.eightrealestate.gr/property/3405,2026-09-27,2026-09-27
https://www.eightrealestate.gr/property/3410,2026-09-27,2026-09-27
https://www.eightrealestate.gr/property/3438,2026-09-27,2026-09-27
https://www.eightrealestate.gr/property/3439,2026-09-27,2026-09-27
https://www.elegancerealestate.gr/property/2769,2026-09-27,2026-09-27
https://www.elegancerealestate.gr/property/2853,2026-09-27,2026-09-27
https://www.elegancerealestate.gr/property/2891,2026-09-27,2026-09-27
https://www.elegancerealestate.gr/property/3329,2026-09-27,2026-09-27
https://www.elegancerealestate.gr/property/3332,2026-09-27,2026-09-27
https://www.elegancerealestate.gr/property/3335,2026-09-27,2026-09-27
https://www.elegancerealestate.gr/property/3336,2026-09-27,2026-09-27
https://www.elegancerealestate.gr/property/3337,2026-09-27,2026-09-27
https://www.elepak.gr/property/1615/agrotemachio-triglia,2026-09-27,2026-09-27
https://www.elepak.gr/property/1624/oikopedo-arta,2026-09-27,2026-09-27
https://www.elepak.gr/property/1625/agrotemachio-thermaikos,2026-09-27,2026-09-27
https://www.elepak.gr/property/1725/oikopedo-thermi,2026-09-27,2026-09-27
https://www.elepak.gr/property/1826/agrotemachio-kassandra,2026-09-27,2026-09-27
https://www.elepak.gr/property/1827/oikopedo-echedoros,2026-09-27,2026-09-27
https://www.elepak.gr/property/1833/oikopedo-panorama,2026-09-27,2026-09-27
https://www.elepak.gr/property/1846,2026-09-27,2026-09-27
https://www.elepak.gr/property/1878/oikopedo-suros,2026-09-27,2026-09-27
https://www.elepak.gr/property/1880/grafeio-thermi,2026-09-27,2026-09-27
https://www.elepak.gr/property/1927/katastima-ampelokipoi,2026-09-27,2026-09-27
https://www.elepak.gr/property/1939/oikopedo-pallini,2026-09-27,2026-09-27
https://www.elepak.gr/property/1972/katastima-triandria,2026-09-27,2026-09-27
https://www.elepak.gr/property/2014/oikopedo-thermi,2026-09-27,2026-09-27
https://www.elepak.gr/property/2017/bila-basilika,2026-09-27,2026-09-27
https://www.elepak.gr/property/2018,2026-09-27,2026-09-27
https://www.elepak.gr/property/2020/bila-thermi,2026-09-27,2026-09-27
https://www.elepak.gr/property/2021/diamerisma-zografou,2026-09-27,2026-09-27
https://www.elepak.gr/property/2022,2026-09-27,2026-09-27
https://www.elepak.gr/property/2024,2026-09-27,2026-09-27
https://www.elepak.gr/property/2025,2026-09-27,2026-09-27
https://www.elepak.gr/property/2025/diamerisma-kalamaria,2026-09-27,2026-09-27
https://www.elepak.gr/property/717/mezoneta-mikra,2026-09-27,2026-09-27
https://www.ellasestate.com/el/%cf%86%ce%bf%ce%b9%cf%84%ce%b7%cf%84%ce%b9%ce%ba%ce%ae-%ce%ba%ce%b1%cf%84%ce%bf%ce%b9%ce%ba%ce%af%ce%b1-%cf%83%cf%84%ce%b7%ce%bd-%ce%b5%ce%bb%ce%bb%ce%ac%ce%b4%ce%b1-2026-%ce%b3%ce%b9%ce%b1%cf%84,2026-09-27,2026-09-27
https://www.ellasestate.com/greeces-short-term-rental-market-outpaces-european-averages-average-daily-rate-surpasses-e200,2026-09-27,2026-09-27
https://www.ellasestate.com/major-e204-6m-thessaloniki-fair-redevelopment-tender-bid-deadline-extended-to-october-12,2026-09-27,2026-09-27
https://www.ellasestate.com/my-home-3-new-terms-of-greeces-home-purchase-programme-in-2027,2026-09-27,2026-09-27
https://www.ellasestate.com/rs/grcko-trziste-kratkorocnog-iznajmljivanja-nadmasuje-evropske-proseke-prosecna-dnevna-stopa-premasuje-200-e,2026-09-27,2026-09-27
https://www.ellasestate.com/rs/halkidiki-nekretnine-u-2026-godini-zasto-su-tajming-i-strategija-novi-kljucevi-uspeha,2026-09-27,2026-09-27
https://www.ellasestate.com/rs/major-e-204-6m-thessaloniki-fair-redevelopment-tender-tender-rok-produzen-do-oktobra-12,2026-09-27,2026-09-27
https://www.ellasestate.com/rs/moj-dom-3-novi-uslovi-grckog-programa-kupovine-kuca-u-2027-godini,2026-09-27,2026-09-27
https://www.ellasestate.com/rs/studentski-stanovanje-u-grckoj-2026-zasto-solun-je-top-leto-investiciona-lokacija,2026-09-27,2026-09-27
https://www.ellasestate.com/state-subsidy-program-anakainizo-noikiazo-2026-a-comprehensive-guide-to-property-modernization-in-greece,2026-09-27,2026-09-27
https://www.elysianestate.gr/property/1306,2026-09-27,2026-09-27
https://www.elysianestate.gr/property/1464,2026-09-27,2026-09-27
https://www.elysianestate.gr/property/1607,2026-09-27,2026-09-27
https://www.elysianestate.gr/property/1694,2026-09-27,2026-09-27
https://www.elysianestate.gr/property/1705,2026-09-27,2026-09-27
https://www.elysianestate.gr/property/1710,2026-09-27,2026-09-27
https://www.elysianestate.gr/property/1713,2026-09-27,2026-09-27
https://www.elysianestate.gr/property/1716,2026-09-27,2026-09-27
https://www.elysianestate.gr/property/1717,2026-09-27,2026-09-27
https://www.elysianestate.gr/property/1720,2026-09-27,2026-09-27
https://www.elysianestate.gr/property/1722,2026-09-27,2026-09-27
https://www.elysianestate.gr/property/220,2026-09-27,2026-09-27
https://www.elysianestate.gr/property/755,2026-09-27,2026-09-27
https://www.estatecenter.gr/property.php?id=7950,2026-09-27,2026-09-27
https://www.estatecenter.gr/property.php?id=7971,2026-09-27,2026-09-27
https://www.estianet.com/property.php?id=2174,2026-09-27,2026-09-27
https://www.estianet.com/property.php?id=2198,2026-09-27,2026-09-27
https://www.estianet.com/property.php?id=2208,2026-09-27,2026-09-27
https://www.estianet.com/property.php?id=2218,2026-09-27,2026-09-27
https://www.estianet.com/property.php?id=2223,2026-09-27,2026-09-27
https://www.estianet.com/property.php?id=2239,2026-09-27,2026-09-27
https://www.estianet.com/property.php?id=2244,2026-09-27,2026-09-27
https://www.estianet.com/property.php?id=2247,2026-09-27,2026-09-27
https://www.estianet.com/property.php?id=2254,2026-09-27,2026-09-27
https://www.estianet.com/property.php?id=2256,2026-09-27,2026-09-27
https://www.estianet.com/property.php?id=2257,2026-09-27,2026-09-27
https://www.estianet.com/property.php?id=2258,2026-09-27,2026-09-27
https://www.estianet.com/property.php?id=2259,2026-09-27,2026-09-27
https://www.estianet.com/property.php?id=2260,2026-09-27,2026-09-27
https://www.estianet.com/property.php?id=2261,2026-09-27,2026-09-27
https://www.estianet.com/property.php?id=2262,2026-09-27,2026-09-27
https://www.estianet.com/property.php?id=2263,2026-09-27,2026-09-27
https://www.fithome.gr/property.php?id=1006,2026-09-27,2026-09-27
https://www.fithome.gr/property.php?id=1008,2026-09-27,2026-09-27
https://www.fithome.gr/property.php?id=1017,2026-09-27,2026-09-27
https://www.fithome.gr/property.php?id=1018,2026-09-27,2026-09-27
https://www.fithome.gr/property.php?id=1023,2026-09-27,2026-09-27
https://www.fithome.gr/property.php?id=1024,2026-09-27,2026-09-27
https://www.fithome.gr/property.php?id=1025,2026-09-27,2026-09-27
https://www.fithome.gr/property.php?id=1026,2026-09-27,2026-09-27
https://www.fithome.gr/property.php?id=392,2026-09-27,2026-09-27
https://www.fithome.gr/property.php?id=951,2026-09-27,2026-09-27
https://www.fithome.gr/property.php?id=982,2026-09-27,2026-09-27
https://www.fithome.gr/property.php?id=985,2026-09-27,2026-09-27
https://www.fithome.gr/property.php?id=991,2026-09-27,2026-09-27
https://www.fithome.gr/property.php?id=998,2026-09-27,2026-09-27
https://www.forhomerealestate.gr/el-gr/id/24930/__pros-polisi-katikia-diamerisma-thessaloniki-kentro-thessaloniki/estate.html,2026-09-27,2026-09-27
https://www.forhomerealestate.gr/el-gr/id/24969/__pros-polisi-katikia-diamerisma-thessaloniki-kentro-thessaloniki/estate.html,2026-09-27,2026-09-27
https://www.forhomerealestate.gr/el-gr/id/24972/__pros-polisi-katikia-gkarsoniera-thessaloniki-kentro-thessaloniki/estate.html,2026-09-27,2026-09-27
https://www.forhomerealestate.gr/el-gr/id/24976/__pros-polisi-katikia-diamerisma-thessaloniki-kentro-thessaloniki/estate.html,2026-09-27,2026-09-27
https://www.forhomerealestate.gr/el-gr/id/25015/__pros-polisi-katikia-gkarsoniera-thessaloniki-kentro-thessaloniki/estate.html,2026-09-27,2026-09-27
https://www.forhomerealestate.gr/el-gr/id/25016/__pros-polisi-katikia-gkarsoniera-thessaloniki-kentro-thessaloniki/estate.html,2026-09-27,2026-09-27
https://www.forhomerealestate.gr/el-gr/id/25017/__pros-polisi-katikia-diamerisma-thessaloniki-kentro-thessaloniki/estate.html,2026-09-27,2026-09-27
https://www.forumland.gr/eksoxi-mezoneta-pros-polisi_f-10867.html,2026-09-27,2026-09-27
https://www.forumland.gr/eyosmos-oikopedo-pros-polisi_f-1158.html,2026-09-27,2026-09-27
https://www.forumland.gr/filyro-monokatoikia-pros-polisi_f-10474.html,2026-09-27,2026-09-27
https://www.forumland.gr/kalamaria-agios-ioannis-grafeio-pros-polisi_f-11737.html,2026-09-27,2026-09-27
https://www.forumland.gr/kalamaria-karampoyrnaki-monokatoikia-pros-polisi_f-10083.html,2026-09-27,2026-09-27
https://www.forumland.gr/kalamaria-karampoyrnaki-monokatoikia-pros-polisi_f-10136.html,2026-09-27,2026-09-27
https://www.forumland.gr/kalamaria-kentro-katastima-pros-enoikiasi_f-10966.html,2026-09-27,2026-09-27
https://www.forumland.gr/kallikrateia-sozopoli-mezoneta-pros-polisi_f-11875.html,2026-09-27,2026-09-27
https://www.forumland.gr/kassandra-sani-agrotemaxio-pros-polisi_f-12344.html,2026-09-27,2026-09-27
https://www.forumland.gr/kato-sxolari-ktirio-pros-polisi_f-10876.html,2026-09-27,2026-09-27
https://www.forumland.gr/lakkoma-monokatoikia-pros-polisi_f-11490.html,2026-09-27,2026-09-27
https://www.forumland.gr/lakkoma-oikopedo-pros-polisi_f-11105.html,2026-09-27,2026-09-27
https://www.forumland.gr/monastirioy-menemeni-oikopedo-pros-polisi_f-11840.html,2026-09-27,2026-09-27
https://www.forumland.gr/pallini-palioyri-agrotemaxio-pros-polisi_f-10894.html,2026-09-27,2026-09-27
https://www.forumland.gr/panorama-dromos-thermis-agrotemaxio-pros-polisi_f-10483.html,2026-09-27,2026-09-27
https://www.forumland.gr/panorama-elaiones-agrotemaxio-pros-polisi_f-10328.html,2026-09-27,2026-09-27
https://www.forumland.gr/panorama-makedonia-oikopedo-pros-polisi_f-1087.html,2026-09-27,2026-09-27
https://www.forumland.gr/panorama-makedonia-oikopedo-pros-polisi_f-12249.html,2026-09-27,2026-09-27
https://www.forumland.gr/panorama-n751-monokatoikia-pros-polisi_f-12235.html,2026-09-27,2026-09-27
https://www.forumland.gr/pylaia-cosmos-agrotemaxio-pros-polisi_f-11379.html,2026-09-27,2026-09-27
https://www.forumland.gr/pylaia-cosmos-agrotemaxio-pros-polisi_f-11659.html,2026-09-27,2026-09-27
https://www.forumland.gr/pylaia-cosmos-ktirio-pros-polisi_f-12138.html,2026-09-27,2026-09-27
https://www.forumland.gr/sithonia-neos-marmaras-oikopedo-pros-polisi_f-10346.html,2026-09-27,2026-09-27
https://www.forumland.gr/sithonia-paradeisos-mezoneta-pros-polisi_f-11152.html,2026-09-27,2026-09-27
https://www.forumland.gr/xaniotis-pallini-monokatoikia-pros-polisi_f-11223.html,2026-09-27,2026-09-27
https://www.g-mas.gr/el/akinita/thessaloniki-diamerisma-mezoneta-1256,2026-09-27,2026-09-27
https://www.g-mas.gr/el/akinita/thessaloniki-diamerisma-mezoneta-943,2026-09-27,2026-09-27
https://www.g-mas.gr/en/properties/thessaloniki-apartment-1280,2026-09-27,2026-09-27
https://www.g-mas.gr/en/properties/thessaloniki-apartment-1281,2026-09-27,2026-09-27
https://www.g-mas.gr/en/properties/thessaloniki-apartment-1282,2026-09-27,2026-09-27
https://www.g-mas.gr/en/properties/thessaloniki-apartment-1283,2026-09-27,2026-09-27
https://www.g-mas.gr/en/properties/thessaloniki-apartment-1284,2026-09-27,2026-09-27
https://www.g-mas.gr/en/properties/thessaloniki-apartment-maisonette-1257,2026-09-27,2026-09-27
https://www.g-mas.gr/en/properties/thessaloniki-apartment-maisonette-1258,2026-09-27,2026-09-27
https://www.g-mas.gr/en/properties/thessaloniki-apartment-maisonette-1259,2026-09-27,2026-09-27
https://www.g-mas.gr/en/properties/thessaloniki-apartment-maisonette-1260,2026-09-27,2026-09-27
https://www.g-mas.gr/en/properties/thessaloniki-apartment-maisonette-1277,2026-09-27,2026-09-27
https://www.g-mas.gr/en/properties/thessaloniki-apartment-maisonette-994,2026-09-27,2026-09-27
https://www.g-mas.gr/en/properties/thessaloniki-maisonette-1279,2026-09-27,2026-09-27
https://www.gandjrealestate.gr/property/1070,2026-09-27,2026-09-27
https://www.gandjrealestate.gr/property/1087,2026-09-27,2026-09-27
https://www.gandjrealestate.gr/property/1115,2026-09-27,2026-09-27
https://www.gandjrealestate.gr/property/1119,2026-09-27,2026-09-27
https://www.gandjrealestate.gr/property/1145,2026-09-27,2026-09-27
https://www.gandjrealestate.gr/property/1173,2026-09-27,2026-09-27
https://www.gandjrealestate.gr/property/1220,2026-09-27,2026-09-27
https://www.gandjrealestate.gr/property/1221,2026-09-27,2026-09-27
https://www.gandjrealestate.gr/property/1222,2026-09-27,2026-09-27
https://www.gandjrealestate.gr/property/1227,2026-09-27,2026-09-27
https://www.gandjrealestate.gr/property/1238,2026-09-27,2026-09-27
https://www.gandjrealestate.gr/property/1239,2026-09-27,2026-09-27
https://www.gandjrealestate.gr/property/1240,2026-09-27,2026-09-27
https://www.gandjrealestate.gr/property/1244,2026-09-27,2026-09-27
https://www.gandjrealestate.gr/property/1246,2026-09-27,2026-09-27
https://www.gandjrealestate.gr/property/1248,2026-09-27,2026-09-27
https://www.gandjrealestate.gr/property/1250,2026-09-27,2026-09-27
https://www.gandjrealestate.gr/property/1251,2026-09-27,2026-09-27
https://www.gandjrealestate.gr/property/1253,2026-09-27,2026-09-27
https://www.gandjrealestate.gr/property/441,2026-09-27,2026-09-27
https://www.gandjrealestate.gr/property/444,2026-09-27,2026-09-27
https://www.gandjrealestate.gr/property/514,2026-09-27,2026-09-27
https://www.gandjrealestate.gr/property/843,2026-09-27,2026-09-27
https://www.georgakos.com/property/40398,2026-09-27,2026-09-27
https://www.georgakos.com/property/40456,2026-09-27,2026-09-27
https://www.georgakos.com/property/40994,2026-09-27,2026-09-27
https://www.georgakos.com/property/41096,2026-09-27,2026-09-27
https://www.georgakos.com/property/41097,2026-09-27,2026-09-27
https://www.georgakos.com/property/41098,2026-09-27,2026-09-27
https://www.georgakos.com/property/41099,2026-09-27,2026-09-27
https://www.georgakos.com/property/41128,2026-09-27,2026-09-27
https://www.georgakos.com/property/41133,2026-09-27,2026-09-27
https://www.georgakos.com/property/41144,2026-09-27,2026-09-27
https://www.georgakos.com/property/41147,2026-09-27,2026-09-27
https://www.georgakos.com/property/41150,2026-09-27,2026-09-27
https://www.georgakos.com/property/41160,2026-09-27,2026-09-27
https://www.georgakos.com/property/41162,2026-09-27,2026-09-27
https://www.georgakos.com/property/41164,2026-09-27,2026-09-27
https://www.georgakos.com/property/41166,2026-09-27,2026-09-27
https://www.georgakos.com/property/41170,2026-09-27,2026-09-27
https://www.georgakos.com/property/41171,2026-09-27,2026-09-27
https://www.georgakos.com/property/41172,2026-09-27,2026-09-27
https://www.georgakos.com/property/41174,2026-09-27,2026-09-27
https://www.georgakos.com/property/41175,2026-09-27,2026-09-27
https://www.georgakos.com/property/41178,2026-09-27,2026-09-27
https://www.georgakos.com/property/41182,2026-09-27,2026-09-27
https://www.georgakos.com/property/41184,2026-09-27,2026-09-27
https://www.gfrealestate.gr/property/277,2026-09-27,2026-09-27
https://www.gfrealestate.gr/property/308,2026-09-27,2026-09-27
https://www.gfrealestate.gr/property/505,2026-09-27,2026-09-27
https://www.gfrealestate.gr/property/520,2026-09-27,2026-09-27
https://www.gfrealestate.gr/property/611,2026-09-27,2026-09-27
https://www.gfrealestate.gr/property/720,2026-09-27,2026-09-27
https://www.gfrealestate.gr/property/761,2026-09-27,2026-09-27
https://www.gfrealestate.gr/property/764,2026-09-27,2026-09-27
https://www.gfrealestate.gr/property/765,2026-09-27,2026-09-27
https://www.gfrealestate.gr/property/769,2026-09-27,2026-09-27
https://www.gfrealestate.gr/property/772,2026-09-27,2026-09-27
https://www.gfrealestate.gr/property/773,2026-09-27,2026-09-27
https://www.gfrealestate.gr/property/774,2026-09-27,2026-09-27
https://www.gfrealestate.gr/property/776,2026-09-27,2026-09-27
https://www.gfrealestate.gr/property/777,2026-09-27,2026-09-27
https://www.gfrealestate.gr/property/779,2026-09-27,2026-09-27
https://www.gfrealestate.gr/property/781,2026-09-27,2026-09-27
https://www.gfrealestate.gr/property/782,2026-09-27,2026-09-27
https://www.gmakproperties.gr/property/264,2026-09-27,2026-09-27
https://www.gmakproperties.gr/property/354,2026-09-27,2026-09-27
https://www.gmakproperties.gr/property/402,2026-09-27,2026-09-27
https://www.gmakproperties.gr/property/404,2026-09-27,2026-09-27
https://www.gmakproperties.gr/property/426,2026-09-27,2026-09-27
https://www.gmakproperties.gr/property/433,2026-09-27,2026-09-27
https://www.gmakproperties.gr/property/437,2026-09-27,2026-09-27
https://www.gmakproperties.gr/property/444,2026-09-27,2026-09-27
https://www.gmakproperties.gr/property/467,2026-09-27,2026-09-27
https://www.gmakproperties.gr/property/471,2026-09-27,2026-09-27
https://www.gmakproperties.gr/property/474,2026-09-27,2026-09-27
https://www.gmakproperties.gr/property/475,2026-09-27,2026-09-27
https://www.gmakproperties.gr/property/478,2026-09-27,2026-09-27
https://www.greekexclusiveproperties.com/property/2-new-villas-in-paros-in-10-000sqm-land-plot,2026-09-27,2026-09-27
https://www.greekexclusiveproperties.com/property/240-sqm-house-in-a-4-000-sqm-land-plot-in-mykonos,2026-09-27,2026-09-27
https://www.greekexclusiveproperties.com/property/340-sq-m-villa-for-sale-peloponnese-greece-pylos,2026-09-27,2026-09-27
https://www.greekexclusiveproperties.com/property/74sqm-renovated-in-2023-airy-apartment-on-the-2nd-floor,2026-09-27,2026-09-27
https://www.greekexclusiveproperties.com/property/building-in-very-big-land-plot-200-000sqm-near-thessaloniki,2026-09-27,2026-09-27
https://www.greekexclusiveproperties.com/property/hotel-for-sale-caldera-santorini-with-21-rooms-can-be-sold-either-25-49-100-of-the-hotel,2026-09-27,2026-09-27
https://www.greekexclusiveproperties.com/property/hotel-for-sale-perissa-santorini-with-16-rooms-1400-sqm,2026-09-27,2026-09-27
https://www.greekexclusiveproperties.com/property/hotel-in-elounda-greece-with-139-rooms-100-more-can-be-built,2026-09-27,2026-09-27
https://www.greekexclusiveproperties.com/property/hotel-near-sea-naxos-25-rooms-%e2%80%8b%e2%80%8b2-850-sq-m,2026-09-27,2026-09-27
https://www.greekexclusiveproperties.com/property/house-for-sale-in-paros-500-meters-from-the-beach,2026-09-27,2026-09-27
https://www.greekexclusiveproperties.com/property/land-plot-caldera-hotel-40-000-sq-m,2026-09-27,2026-09-27
https://www.greekexclusiveproperties.com/property/luxury-villa-in-mykonos-with-10000-sqm-land,2026-09-27,2026-09-27
https://www.greekexclusiveproperties.com/property/magnificent-villa-sea-views-corfu-630-sq-m,2026-09-27,2026-09-27
https://www.greekexclusiveproperties.com/property/new-exclusive-9-cave-suites-caldera-santorini-total-500-sq-m-ideal-property,2026-09-27,2026-09-27
https://www.greekexclusiveproperties.com/property/newly-constructed-villas-chania-crete-your-modern-oasis-with-180-views,2026-09-27,2026-09-27
https://www.greekexclusiveproperties.com/property/property-with-very-big-land-plot-corfu-greece-125-000sqm,2026-09-27,2026-09-27
https://www.greekexclusiveproperties.com/property/sea-view-hotel-mykonos-for-sale-600m-beach,2026-09-27,2026-09-27
https://www.greekexclusiveproperties.com/property/sea-view-property-mykonos-125-sq-m-near-sea,2026-09-27,2026-09-27
https://www.greekexclusiveproperties.com/property/sea-view-villa-mykonos-island-155-sq-m-ftelia-beach,2026-09-27,2026-09-27
https://www.greekexclusiveproperties.com/property/sea-view-villa-mykonos-near-sea-150-sq-m-ftelia-beach,2026-09-27,2026-09-27
https://www.greekexclusiveproperties.com/property/seafront-hotel-160-rooms-sale-east-athens-attica-rafina,2026-09-27,2026-09-27
https://www.greekexclusiveproperties.com/property/seafront-land-in-paros-greece-to-built-10-000-sqm-in-tsoukalia-area,2026-09-27,2026-09-27
https://www.greekexclusiveproperties.com/property/villa-sale-panorama-thessaloniki-settlement-n751,2026-09-27,2026-09-27
https://www.greekexclusiveproperties.com/property/villa-with-pool-sea-view-mykonos-160-sq-m,2026-09-27,2026-09-27
https://www.greenandgrey.gr/property/422/biomichanikos%20choros-naousa,2026-09-27,2026-09-27
https://www.greenandgrey.gr/property/502/epicheirisi-katerini,2026-09-27,2026-09-27
https://www.grekostarproperties.com/property/105,2026-09-27,2026-09-27
https://www.grekostarproperties.com/property/329,2026-09-27,2026-09-27
https://www.grekostarproperties.com/property/332,2026-09-27,2026-09-27
https://www.grekostarproperties.com/property/333,2026-09-27,2026-09-27
https://www.grekostarproperties.com/property/334,2026-09-27,2026-09-27
https://www.grekostarproperties.com/property/336,2026-09-27,2026-09-27
https://www.grekostarproperties.com/property/341,2026-09-27,2026-09-27
https://www.grekostarproperties.com/property/346,2026-09-27,2026-09-27
https://www.grekostarproperties.com/property/349,2026-09-27,2026-09-27
https://www.grekostarproperties.com/property/352,2026-09-27,2026-09-27
https://www.grekostarproperties.com/property/356,2026-09-27,2026-09-27
https://www.grekostarproperties.com/property/359,2026-09-27,2026-09-27
https://www.halkidikiproperties.com/en/property/1358,2026-09-27,2026-09-27
https://www.halkidikiproperties.com/en/property/1389,2026-09-27,2026-09-27
https://www.halkidikiproperties.com/en/property/1488,2026-09-27,2026-09-27
https://www.halkidikiproperties.com/en/property/535,2026-09-27,2026-09-27
https://www.halkidikiproperties.com/en/property/709,2026-09-27,2026-09-27
https://www.hellenic-home.gr/property.php?id=9109,2026-09-27,2026-09-27
https://www.hellenic-home.gr/property.php?id=9168,2026-09-27,2026-09-27
https://www.hellenic-home.gr/property.php?id=9184,2026-09-27,2026-09-27
https://www.hellenic-home.gr/property.php?id=9185,2026-09-27,2026-09-27
https://www.hellenic-home.gr/property.php?id=9195,2026-09-27,2026-09-27
https://www.hellenic-home.gr/property.php?id=9196,2026-09-27,2026-09-27
https://www.hellenic-home.gr/property.php?id=9200,2026-09-27,2026-09-27
https://www.hellenic-home.gr/property.php?id=9201,2026-09-27,2026-09-27
https://www.hellenic-home.gr/property.php?id=9202,2026-09-27,2026-09-27
https://www.hellenic-home.gr/property.php?id=9204,2026-09-27,2026-09-27
https://www.hellenic-home.gr/property.php?id=9205,2026-09-27,2026-09-27
https://www.hellenic-home.gr/property.php?id=9206,2026-09-27,2026-09-27
https://www.hellenic-home.gr/property.php?id=9207,2026-09-27,2026-09-27
https://www.hellenic-home.gr/property.php?id=9208,2026-09-27,2026-09-27
https://www.hellenic-home.gr/property.php?id=9209,2026-09-27,2026-09-27
https://www.hellenic-home.gr/property.php?id=9210,2026-09-27,2026-09-27
https://www.home365gr.gr/el/properties/1090652,2026-09-27,2026-09-27
https://www.home365gr.gr/el/properties/1090663,2026-09-27,2026-09-27
https://www.home365gr.gr/el/properties/1090733,2026-09-27,2026-09-27
https://www.home365gr.gr/el/properties/1090742,2026-09-27,2026-09-27
https://www.home365gr.gr/el/properties/1708574,2026-09-27,2026-09-27
https://www.home365gr.gr/el/properties/1709672,2026-09-27,2026-09-27
https://www.home365gr.gr/el/properties/1714623,2026-09-27,2026-09-27
https://www.home365gr.gr/el/properties/2105534,2026-09-27,2026-09-27
https://www.home365gr.gr/el/properties/2386418,2026-09-27,2026-09-27
https://www.house-center.gr/property/387/biotechnikos%20choros-mikra,2026-09-27,2026-09-27
https://www.house-center.gr/property/662/biomichanikos%20choros-gallikos,2026-09-27,2026-09-27
https://www.house-center.gr/property/823/gkarsoniera/studio-ippokrateio,2026-09-27,2026-09-27
https://www.house-center.gr/property/829/diamerisma-analipsi,2026-09-27,2026-09-27
https://www.house-center.gr/property/830/gkarsoniera/studio-boulgari%20-%20agios%20eleutherios,2026-09-27,2026-09-27
https://www.house-center.gr/property/831/gkarsoniera/studio-boulgari%20-%20agios%20eleutherios,2026-09-27,2026-09-27
https://www.house-center.gr/property/869/monokatoikia-mikra,2026-09-27,2026-09-27
https://www.house-center.gr/property/901/agrotemachio-mikra,2026-09-27,2026-09-27
https://www.house-center.gr/property/903/diamerisma-nea%20paralia,2026-09-27,2026-09-27
https://www.houseland-estate.gr/property/5839/apothiki-thessaloniki%20kentro,2026-09-27,2026-09-27
https://www.houseland-estate.gr/property/5871/apothiki-sukies,2026-09-27,2026-09-27
https://www.houseland-estate.gr/property/5930/katastima-neapoli,2026-09-27,2026-09-27
https://www.houseland-estate.gr/property/5994/apothiki-sukies,2026-09-27,2026-09-27
https://www.houseland-estate.gr/property/6044/gkarsoniera/studio-thessaloniki%20kentro,2026-09-27,2026-09-27
https://www.houseland-estate.gr/property/6052/diamerisma-neapoli,2026-09-27,2026-09-27
https://www.idealproperties.gr/property/138/mezoneta-mikra,2026-09-27,2026-09-27
https://www.idealproperties.gr/property/985/monokatoikia-thermaikos,2026-09-27,2026-09-27
https://www.ikima.gr/el/properties/1333460,2026-09-27,2026-09-27
https://www.ikima.gr/el/properties/1335980,2026-09-27,2026-09-27
https://www.ikima.gr/el/properties/1880665,2026-09-27,2026-09-27
https://www.ikima.gr/el/properties/2038356,2026-09-27,2026-09-27
https://www.ikima.gr/el/properties/2237086,2026-09-27,2026-09-27
https://www.ikima.gr/el/properties/2359249,2026-09-27,2026-09-27
https://www.ikima.gr/el/properties/2383503,2026-09-27,2026-09-27
https://www.ikima.gr/el/properties/2405348,2026-09-27,2026-09-27
https://www.ikima.gr/el/properties/2473045,2026-09-27,2026-09-27
https://www.ikima.gr/el/properties/2516012,2026-09-27,2026-09-27
https://www.ikima.gr/el/properties/2547322,2026-09-27,2026-09-27
https://www.ikima.gr/el/properties/2577364,2026-09-27,2026-09-27
https://www.ikima.gr/el/properties/2577366,2026-09-27,2026-09-27
https://www.ikima.gr/el/properties/2577371,2026-09-27,2026-09-27
https://www.ikima.gr/el/properties/2585556,2026-09-27,2026-09-27
https://www.ikima.gr/el/properties/2594630,2026-09-27,2026-09-27
https://www.impereal.estate/el/properties/1218694,2026-09-27,2026-09-27
https://www.impereal.estate/el/properties/1427905,2026-09-27,2026-09-27
https://www.impereal.estate/el/properties/1524056,2026-09-27,2026-09-27
https://www.impereal.estate/el/properties/1568893,2026-09-27,2026-09-27
https://www.impereal.estate/el/properties/1572220,2026-09-27,2026-09-27
https://www.impereal.estate/el/properties/2396300,2026-09-27,2026-09-27
https://www.inhomeskg.gr/property/122,2026-09-27,2026-09-27
https://www.inhomeskg.gr/property/193,2026-09-27,2026-09-27
https://www.inhomeskg.gr/property/196,2026-09-27,2026-09-27
https://www.inhomeskg.gr/property/203,2026-09-27,2026-09-27
https://www.inhomeskg.gr/property/214,2026-09-27,2026-09-27
https://www.inhomeskg.gr/property/215,2026-09-27,2026-09-27
https://www.inhomeskg.gr/property/218,2026-09-27,2026-09-27
https://www.inhomeskg.gr/property/219,2026-09-27,2026-09-27
https://www.inhomeskg.gr/property/220,2026-09-27,2026-09-27
https://www.inhomeskg.gr/property/221,2026-09-27,2026-09-27
https://www.inhomeskg.gr/property/225,2026-09-27,2026-09-27
https://www.inhomeskg.gr/property/226,2026-09-27,2026-09-27
https://www.inhomeskg.gr/property/227,2026-09-27,2026-09-27
https://www.istosproperties.com/el/properties/2330469,2026-09-27,2026-09-27
https://www.istosproperties.com/el/properties/2363489,2026-09-27,2026-09-27
https://www.istosproperties.com/el/properties/2378621,2026-09-27,2026-09-27
https://www.istosproperties.com/el/properties/2531122,2026-09-27,2026-09-27
https://www.istosproperties.com/el/properties/2537736,2026-09-27,2026-09-27
https://www.istosproperties.com/el/properties/2551444,2026-09-27,2026-09-27
https://www.istosproperties.com/el/properties/2569278,2026-09-27,2026-09-27
https://www.istosproperties.com/el/properties/2571636,2026-09-27,2026-09-27
https://www.istosproperties.com/el/properties/2581840,2026-09-27,2026-09-27
https://www.istosproperties.com/el/properties/2582606,2026-09-27,2026-09-27
https://www.istosproperties.com/el/properties/2585476,2026-09-27,2026-09-27
https://www.istosproperties.com/el/properties/2586232,2026-09-27,2026-09-27
https://www.istosproperties.com/el/properties/2592465,2026-09-27,2026-09-27
https://www.istosproperties.com/el/properties/2593514,2026-09-27,2026-09-27
https://www.karanastasisrealestate.gr/el/akinito/18222423,2026-09-27,2026-09-27
https://www.karanastasisrealestate.gr/el/akinito/18227863,2026-09-27,2026-09-27
https://www.karanastasisrealestate.gr/el/akinito/18347963,2026-09-27,2026-09-27
https://www.karanastasisrealestate.gr/el/akinito/18355381,2026-09-27,2026-09-27
https://www.karanastasisrealestate.gr/el/akinito/19612819,2026-09-27,2026-09-27
https://www.karanastasisrealestate.gr/el/akinito/19675178,2026-09-27,2026-09-27
https://www.karanastasisrealestate.gr/el/akinito/19891815,2026-09-27,2026-09-27
https://www.karanastasisrealestate.gr/el/akinito/20123619,2026-09-27,2026-09-27
https://www.karanastasisrealestate.gr/el/akinito/20153410,2026-09-27,2026-09-27
https://www.karanastasisrealestate.gr/el/akinito/20213410,2026-09-27,2026-09-27
https://www.karanastasisrealestate.gr/el/akinito/20259272,2026-09-27,2026-09-27
https://www.karanastasisrealestate.gr/el/akinito/20295308,2026-09-27,2026-09-27
https://www.karanastasisrealestate.gr/el/akinito/20310830,2026-09-27,2026-09-27
https://www.karanastasisrealestate.gr/el/akinito/20311511,2026-09-27,2026-09-27
https://www.karanastasisrealestate.gr/el/akinito/20525956,2026-09-27,2026-09-27
https://www.karanastasisrealestate.gr/el/akinito/20659711,2026-09-27,2026-09-27
https://www.karanastasisrealestate.gr/el/akinito/20738661,2026-09-27,2026-09-27
https://www.karanastasisrealestate.gr/el/akinito/20750739,2026-09-27,2026-09-27
https://www.karanastasisrealestate.gr/el/akinito/20804843,2026-09-27,2026-09-27
https://www.karanastasisrealestate.gr/el/akinito/20814777,2026-09-27,2026-09-27
https://www.karanastasisrealestate.gr/el/akinito/20840168,2026-09-27,2026-09-27
https://www.karanastasisrealestate.gr/el/akinito/20848894,2026-09-27,2026-09-27
https://www.karanastasisrealestate.gr/el/akinito/20865602,2026-09-27,2026-09-27
https://www.karanastasisrealestate.gr/el/akinito/20867297,2026-09-27,2026-09-27
https://www.karanastasisrealestate.gr/el/akinito/20896186,2026-09-27,2026-09-27
https://www.karanastasisrealestate.gr/el/akinito/20910588,2026-09-27,2026-09-27
https://www.karanastasisrealestate.gr/el/akinito/20910780,2026-09-27,2026-09-27
https://www.karanastasisrealestate.gr/el/akinito/20911314,2026-09-27,2026-09-27
https://www.karanastasisrealestate.gr/en/propertydetails/20910780,2026-09-27,2026-09-27
https://www.keramidogatosrealestate.gr/el/properties/2282785,2026-09-27,2026-09-27
https://www.keramidogatosrealestate.gr/el/properties/2285458,2026-09-27,2026-09-27
https://www.keramidogatosrealestate.gr/el/properties/2321772,2026-09-27,2026-09-27
https://www.keramidogatosrealestate.gr/el/properties/2366444,2026-09-27,2026-09-27
https://www.keramidogatosrealestate.gr/el/properties/2586739,2026-09-27,2026-09-27
https://www.keramidogatosrealestate.gr/el/properties/2594644,2026-09-27,2026-09-27
https://www.keyland.gr/property/5482,2026-09-27,2026-09-27
https://www.keyland.gr/property/5784,2026-09-27,2026-09-27
https://www.keyland.gr/property/5795,2026-09-27,2026-09-27
https://www.keyland.gr/property/5878,2026-09-27,2026-09-27
https://www.keyland.gr/property/5891,2026-09-27,2026-09-27
https://www.keyland.gr/property/5912,2026-09-27,2026-09-27
https://www.keyland.gr/property/5913,2026-09-27,2026-09-27
https://www.keyland.gr/property/5925,2026-09-27,2026-09-27
https://www.keyland.gr/property/5926,2026-09-27,2026-09-27
https://www.keyland.gr/property/5927,2026-09-27,2026-09-27
https://www.keyland.gr/property/5931,2026-09-27,2026-09-27
https://www.keyland.gr/property/5946,2026-09-27,2026-09-27
https://www.keyland.gr/property/5956,2026-09-27,2026-09-27
https://www.keyland.gr/property/5958,2026-09-27,2026-09-27
https://www.keyland.gr/property/5964,2026-09-27,2026-09-27
https://www.keyland.gr/property/5969,2026-09-27,2026-09-27
https://www.keyland.gr/property/5973,2026-09-27,2026-09-27
https://www.keyland.gr/property/5974,2026-09-27,2026-09-27
https://www.keyland.gr/property/5976,2026-09-27,2026-09-27
https://www.keyland.gr/property/5977,2026-09-27,2026-09-27
https://www.keyland.gr/property/5978,2026-09-27,2026-09-27
https://www.keyland.gr/property/5979,2026-09-27,2026-09-27
https://www.keyland.gr/property/5980,2026-09-27,2026-09-27
https://www.keyland.gr/property/5982,2026-09-27,2026-09-27
https://www.keyland.gr/property/5983,2026-09-27,2026-09-27
https://www.ktimatoependitiki.gr//akti%2dkalogrias-agrotemaxio-pros%2dpolisi_%ce%a4%2d1330.html,2026-09-27,2026-09-27
https://www.ktimatoependitiki.gr//kentro%2dthessalonikis-ktirio-pros%2denoikiasi_%ce%a4%2d1333.html,2026-09-27,2026-09-27
https://www.ktimatoependitiki.gr//kentro%2dthessalonikis-polykatoikia-pros%2dpolisi_%ce%a4%2d1374.html,2026-09-27,2026-09-27
https://www.ktimatoependitiki.gr//ksirokrini-katastima-pros%2dpolisi_%ce%a4%2d1390.html,2026-09-27,2026-09-27
https://www.ktimatoependitiki.gr//pylaia-agrotemaxio-pros%2dpolisi_%ce%a4%2d1325.html,2026-09-27,2026-09-27
https://www.ktimatoependitiki.gr//pylaia-diamerisma-pros%2denoikiasi_%ce%a4%2d1392.html,2026-09-27,2026-09-27
https://www.ktimatoependitiki.gr//sani-billa-pros%2dpolisi_%ce%a4%2d1338.html,2026-09-27,2026-09-27
https://www.ktimatoependitiki.gr//sani-billa-pros%2dpolisi_%ce%a4%2d1339.html,2026-09-27,2026-09-27
https://www.ktimatoependitiki.gr//toroni-agrotemaxio-pros%2dpolisi_%ce%a4%2d1329.html,2026-09-27,2026-09-27
https://www.kwnorth.gr/el/properties/1990259,2026-09-27,2026-09-27
https://www.kwnorth.gr/el/properties/2018157,2026-09-27,2026-09-27
https://www.kwnorth.gr/el/properties/2327838,2026-09-27,2026-09-27
https://www.kwnorth.gr/el/properties/2361968,2026-09-27,2026-09-27
https://www.kwnorth.gr/el/properties/2537474,2026-09-27,2026-09-27
https://www.kwnorth.gr/el/properties/2563071,2026-09-27,2026-09-27
https://www.kwnorth.gr/el/properties/2568912,2026-09-27,2026-09-27
https://www.kwnorth.gr/el/properties/2572829,2026-09-27,2026-09-27
https://www.kwnorth.gr/el/properties/2586397,2026-09-27,2026-09-27
https://www.liaggas-realestate.gr/el/akinito/11450969,2026-09-27,2026-09-27
https://www.liaggas-realestate.gr/el/akinito/11450973,2026-09-27,2026-09-27
https://www.liaggas-realestate.gr/el/akinito/14960330,2026-09-27,2026-09-27
https://www.liaggas-realestate.gr/el/akinito/16411708,2026-09-27,2026-09-27
https://www.liaggas-realestate.gr/el/akinito/16466425,2026-09-27,2026-09-27
https://www.liaggas-realestate.gr/el/akinito/16714622,2026-09-27,2026-09-27
https://www.liaggas-realestate.gr/el/akinito/16721542,2026-09-27,2026-09-27
https://www.liaggas-realestate.gr/el/akinito/17117261,2026-09-27,2026-09-27
https://www.liaggas-realestate.gr/el/akinito/17447518,2026-09-27,2026-09-27
https://www.liaggas-realestate.gr/el/akinito/17808535,2026-09-27,2026-09-27
https://www.liaggas-realestate.gr/el/akinito/18260342,2026-09-27,2026-09-27
https://www.liaggas-realestate.gr/el/akinito/18783144,2026-09-27,2026-09-27
https://www.liaggas-realestate.gr/el/akinito/19492112,2026-09-27,2026-09-27
https://www.liaggas-realestate.gr/el/akinito/19740220,2026-09-27,2026-09-27
https://www.liaggas-realestate.gr/el/akinito/19771267,2026-09-27,2026-09-27
https://www.liaggas-realestate.gr/el/akinito/19804693,2026-09-27,2026-09-27
https://www.liaggas-realestate.gr/el/akinito/19831063,2026-09-27,2026-09-27
https://www.liaggas-realestate.gr/el/akinito/19845892,2026-09-27,2026-09-27
https://www.liaggas-realestate.gr/el/akinito/20086530,2026-09-27,2026-09-27
https://www.liaggas-realestate.gr/el/akinito/20212045,2026-09-27,2026-09-27
https://www.liaggas-realestate.gr/el/akinito/20218383,2026-09-27,2026-09-27
https://www.liaggas-realestate.gr/el/akinito/20349067,2026-09-27,2026-09-27
https://www.liaggas-realestate.gr/el/akinito/20451222,2026-09-27,2026-09-27
https://www.liaggas-realestate.gr/el/akinito/20556277,2026-09-27,2026-09-27
https://www.liaggas-realestate.gr/el/akinito/20606499,2026-09-27,2026-09-27
https://www.liaggas-realestate.gr/el/akinito/20691962,2026-09-27,2026-09-27
https://www.liaggas-realestate.gr/el/akinito/20847774,2026-09-27,2026-09-27
https://www.liaggas-realestate.gr/el/akinito/20851777,2026-09-27,2026-09-27
https://www.liaggas-realestate.gr/el/akinito/20876970,2026-09-27,2026-09-27
https://www.liaggas-realestate.gr/el/akinito/20900206,2026-09-27,2026-09-27
https://www.magdalinos.gr/property/101/bila-beroia,2026-09-27,2026-09-27
https://www.magdalinos.gr/property/110/oikopedo-sithonia,2026-09-27,2026-09-27
https://www.magdalinos.gr/property/111/katastima-thessaloniki%20kentro,2026-09-27,2026-09-27
https://www.magdalinos.gr/property/112/oikopedo-thermaikos,2026-09-27,2026-09-27
https://www.magdalinos.gr/property/123/oikopedo-stauroupoli,2026-09-27,2026-09-27
https://www.magdalinos.gr/property/131/grafeio-thessaloniki%20kentro,2026-09-27,2026-09-27
https://www.magdalinos.gr/property/133/grafeio-ypoloipo%20kentrou%20thessalonikis,2026-09-27,2026-09-27
https://www.magicalhomes.gr/property.php?id=1145,2026-09-27,2026-09-27
https://www.magicalhomes.gr/property.php?id=1497,2026-09-27,2026-09-27
https://www.magicalhomes.gr/property.php?id=1764,2026-09-27,2026-09-27
https://www.magicalhomes.gr/property.php?id=1775,2026-09-27,2026-09-27
https://www.magicalhomes.gr/property.php?id=1802,2026-09-27,2026-09-27
https://www.magicalhomes.gr/property.php?id=1846,2026-09-27,2026-09-27
https://www.magicalhomes.gr/property.php?id=1891,2026-09-27,2026-09-27
https://www.magicalhomes.gr/property.php?id=1934,2026-09-27,2026-09-27
https://www.magicalhomes.gr/property.php?id=1936,2026-09-27,2026-09-27
https://www.magicalhomes.gr/property.php?id=1964,2026-09-27,2026-09-27
https://www.magicalhomes.gr/property.php?id=2032,2026-09-27,2026-09-27
https://www.magicalhomes.gr/property.php?id=260,2026-09-27,2026-09-27
https://www.magicalhomes.gr/property.php?id=272,2026-09-27,2026-09-27
https://www.magicalhomes.gr/property.php?id=343,2026-09-27,2026-09-27
https://www.magicalhomes.gr/property.php?id=403,2026-09-27,2026-09-27
https://www.magicalhomes.gr/property.php?id=545,2026-09-27,2026-09-27
https://www.magicalhomes.gr/property.php?id=831,2026-09-27,2026-09-27
https://www.makedonika-akinita.gr/property/1001/katastima-ano%20toumpa,2026-09-27,2026-09-27
https://www.makedonika-akinita.gr/property/997/diamerisma-ano%20toumpa,2026-09-27,2026-09-27
https://www.mandraouhome.gr/portfolio-item/%ce%b1%ce%b3%cf%81%ce%bf%cf%84%ce%b5%ce%bc%ce%ac%cf%87%ce%b9%ce%bf-1500%cf%84-%ce%bc-%ce%bc%ce%b7%cf%87%ce%b1%ce%bd%ce%b9%cf%8e%ce%bd%ce%b1-e25-000,2026-09-27,2026-09-27
https://www.mandraouhome.gr/portfolio-item/%ce%b1%ce%b3%cf%81%ce%bf%cf%84%ce%b5%ce%bc%ce%ac%cf%87%ce%b9%ce%bf-8000%cf%84-%ce%bc-%ce%b5%cf%80%ce%b1%ce%bd%ce%bf%ce%bc%ce%ae-e50-000,2026-09-27,2026-09-27
https://www.mandraouhome.gr/portfolio-item/%ce%b1%cf%80%ce%bf%ce%b8%ce%ae%ce%ba%ce%b7-80%cf%84-%ce%bc-%ce%bd%ce%ad%ce%b1-%ce%bc%ce%b7%cf%87%ce%b1%ce%bd%ce%b9%cf%8e%ce%bd%ce%b1-e45-000,2026-09-27,2026-09-27
https://www.mandraouhome.gr/portfolio-item/%ce%b2%ce%af%ce%bb%ce%b1-250%cf%84-%ce%bc-%ce%b5%cf%80%ce%b1%ce%bd%ce%bf%ce%bc%ce%ae-e1-000,2026-09-27,2026-09-27
https://www.mandraouhome.gr/portfolio-item/%ce%b2%ce%af%ce%bb%ce%b1-270%cf%84-%ce%bc-%cf%84%cf%81%ce%af%ce%bb%ce%bf%cf%86%ce%bf%cf%82-e390-000,2026-09-27,2026-09-27
https://www.mandraouhome.gr/portfolio-item/%ce%b4%ce%b9%ce%b1%ce%bc%ce%ad%cf%81%ce%b9%cf%83%ce%bc%ce%b1-40%cf%84-%ce%bc-%ce%bc%ce%b7%cf%87%ce%b1%ce%bd%ce%b9%cf%8e%ce%bd%ce%b1-e450,2026-09-27,2026-09-27
https://www.mandraouhome.gr/portfolio-item/%ce%b4%ce%b9%ce%b1%ce%bc%ce%ad%cf%81%ce%b9%cf%83%ce%bc%ce%b1-45%cf%84-%ce%bc-%ce%b1%ce%b3%ce%af%ce%b1-%cf%84%cf%81%ce%b9%ce%ac%ce%b4%ce%b1-e430,2026-09-27,2026-09-27
https://www.mandraouhome.gr/portfolio-item/%ce%b4%ce%b9%ce%b1%ce%bc%ce%ad%cf%81%ce%b9%cf%83%ce%bc%ce%b1-45%cf%84-%ce%bc-%ce%bc%ce%b7%cf%87%ce%b1%ce%bd%ce%b9%cf%8e%ce%bd%ce%b1-e70-000,2026-09-27,2026-09-27
https://www.mandraouhome.gr/portfolio-item/%ce%b4%ce%b9%ce%b1%ce%bc%ce%ad%cf%81%ce%b9%cf%83%ce%bc%ce%b1-60%cf%84-%ce%bc-%ce%ac%ce%bd%cf%89-%cf%80%ce%b5%cf%81%ce%b1%ce%af%ce%b1-e400,2026-09-27,2026-09-27
https://www.mandraouhome.gr/portfolio-item/%ce%b4%ce%b9%ce%b1%ce%bc%ce%ad%cf%81%ce%b9%cf%83%ce%bc%ce%b1-60%cf%84-%ce%bc-%ce%bc%ce%b7%cf%87%ce%b1%ce%bd%ce%b9%cf%8e%ce%bd%ce%b1-e105-000,2026-09-27,2026-09-27
https://www.mandraouhome.gr/portfolio-item/%ce%b4%ce%b9%ce%b1%ce%bc%ce%ad%cf%81%ce%b9%cf%83%ce%bc%ce%b1-60%cf%84-%ce%bc-%cf%80%ce%b5%cf%81%ce%b1%ce%af%ce%b1-e280-000,2026-09-27,2026-09-27
https://www.mandraouhome.gr/portfolio-item/%ce%b4%ce%b9%ce%b1%ce%bc%ce%ad%cf%81%ce%b9%cf%83%ce%bc%ce%b1-65%cf%84-%ce%bc-%cf%80%ce%b5%cf%81%ce%b1%ce%af%ce%b1-e550,2026-09-27,2026-09-27
https://www.mandraouhome.gr/portfolio-item/%ce%b4%ce%b9%ce%b1%ce%bc%ce%ad%cf%81%ce%b9%cf%83%ce%bc%ce%b1-85%cf%84-%ce%bc-%ce%bc%ce%b7%cf%87%ce%b1%ce%bd%ce%b9%cf%8e%ce%bd%ce%b1-e140-000,2026-09-27,2026-09-27
https://www.mandraouhome.gr/portfolio-item/%ce%ba%ce%b1%cf%84%ce%ac%cf%83%cf%84%ce%b7%ce%bc%ce%b1-80%cf%84-%ce%bc-%ce%bd%ce%ad%ce%b1-%ce%b9%cf%89%ce%bd%ce%af%ce%b1-e550,2026-09-27,2026-09-27
https://www.mandraouhome.gr/portfolio-item/%ce%bc%ce%b5%ce%b6%ce%bf%ce%bd%ce%ad%cf%84%ce%b1-140%cf%84-%ce%bc-%ce%bd%ce%ad%ce%bf%ce%b9-%ce%b5%cf%80%ce%b9%ce%b2%ce%ac%cf%84%ce%b5%cf%82-e270-000,2026-09-27,2026-09-27
https://www.mandraouhome.gr/portfolio-item/%ce%bc%ce%b5%ce%b6%ce%bf%ce%bd%ce%ad%cf%84%ce%b1-160%cf%84-%ce%bc-%cf%80%ce%bb%ce%b1%ce%b3%ce%b9%ce%ac%cf%81%ce%b9-e750,2026-09-27,2026-09-27
https://www.mandraouhome.gr/portfolio-item/%ce%bc%ce%b5%ce%b6%ce%bf%ce%bd%ce%ad%cf%84%ce%b1-170%cf%84-%ce%bc-%cf%83%ce%ba%ce%ac%ce%bb%ce%b1-%ce%bd%ce%ad%cf%89%ce%bd-%ce%b5%cf%80%ce%b9%ce%b2%ce%b1%cf%84%cf%8e%ce%bd-e350-000,2026-09-27,2026-09-27
https://www.mandraouhome.gr/portfolio-item/%ce%bc%ce%b5%ce%b6%ce%bf%ce%bd%ce%ad%cf%84%ce%b1-75%cf%84-%ce%bc-%ce%bc%ce%b7%cf%87%ce%b1%ce%bd%ce%b9%cf%8e%ce%bd%ce%b1-e500,2026-09-27,2026-09-27
https://www.mandraouhome.gr/portfolio-item/%ce%bc%ce%b5%ce%b6%ce%bf%ce%bd%ce%ad%cf%84%ce%b1-80%cf%84-%ce%bc-%ce%bc%ce%b7%cf%87%ce%b1%ce%bd%ce%b9%cf%8e%ce%bd%ce%b1-e120-000,2026-09-27,2026-09-27
https://www.mandraouhome.gr/portfolio-item/%ce%bc%ce%bf%ce%bd%ce%bf%ce%ba%ce%b1%cf%84%ce%bf%ce%b9%ce%ba%ce%af%ce%b1-100%cf%84-%ce%bc-%ce%bd%ce%ad%ce%bf-%cf%81%cf%8d%cf%83%ce%b9%ce%bf-e850-000,2026-09-27,2026-09-27
https://www.mandraouhome.gr/portfolio-item/%ce%bc%ce%bf%ce%bd%ce%bf%ce%ba%ce%b1%cf%84%ce%bf%ce%b9%ce%ba%ce%af%ce%b1-280%cf%84-%ce%bc-%ce%b5%cf%80%ce%b1%ce%bd%ce%bf%ce%bc%ce%ae-e250-000,2026-09-27,2026-09-27
https://www.mandraouhome.gr/portfolio-item/%ce%bc%ce%bf%ce%bd%ce%bf%ce%ba%ce%b1%cf%84%ce%bf%ce%b9%ce%ba%ce%af%ce%b1-75%cf%84-%ce%bc-%ce%bc%ce%b7%cf%87%ce%b1%ce%bd%ce%b9%cf%8e%ce%bd%ce%b1-e500,2026-09-27,2026-09-27
https://www.mandraouhome.gr/portfolio-item/%ce%bf%ce%b9%ce%ba%cf%8c%cf%80%ce%b5%ce%b4%ce%bf-2000%cf%84-%ce%bc-%ce%bc%ce%b7%cf%87%ce%b1%ce%bd%ce%b9%cf%8e%ce%bd%ce%b1-e230-000,2026-09-27,2026-09-27
https://www.mesitiko-filon.gr/property/555,2026-09-27,2026-09-27
https://www.mesitiko-filon.gr/property/567,2026-09-27,2026-09-27
https://www.mesitikodimou.gr/property/109/diamerisma-papafi,2026-09-27,2026-09-27
https://www.mkrealhome.com/properties/2104neakallikrateia,2026-09-27,2026-09-27
https://www.mkrealhome.com/properties/2168epanomi,2026-09-27,2026-09-27
https://www.mkrealhome.com/properties/2169epanomi,2026-09-27,2026-09-27
https://www.mkrealhome.com/properties/2170nikiti,2026-09-27,2026-09-27
https://www.mkrealhome.com/properties/2171epanomi,2026-09-27,2026-09-27
https://www.mkrealhome.com/properties/2172neakallikrateia,2026-09-27,2026-09-27
https://www.mkrealhome.com/properties/2175epanomi,2026-09-27,2026-09-27
https://www.mkrealhome.com/properties/2176epanomi,2026-09-27,2026-09-27
https://www.mkrealhome.com/properties/2177neamichaniona,2026-09-27,2026-09-27
https://www.mkrealhome.com/properties/2178potidaia,2026-09-27,2026-09-27
https://www.mkrealhome.com/properties/2179neoiepivates,2026-09-27,2026-09-27
https://www.mkrealhome.com/properties/2181epanomi,2026-09-27,2026-09-27
https://www.mkrealhome.com/properties/2182epanomi,2026-09-27,2026-09-27
https://www.mkrealhome.com/properties/2183epanomi,2026-09-27,2026-09-27
https://www.mkrealhome.com/properties/2184peraia,2026-09-27,2026-09-27
https://www.mkrealhome.com/properties/2186neamoudania,2026-09-27,2026-09-27
https://www.mkrealhome.com/properties/2187neakallikrateia,2026-09-27,2026-09-27
https://www.mkrealhome.com/properties/2189thessaloniki,2026-09-27,2026-09-27
https://www.mkrealhome.com/properties/2190epanomi,2026-09-27,2026-09-27
https://www.mkrealhome.com/properties/2191epanomi,2026-09-27,2026-09-27
https://www.mkrealhome.com/properties/2192epanomi,2026-09-27,2026-09-27
https://www.mkrealhome.com/properties/2193epanomi,2026-09-27,2026-09-27
https://www.mkrealhome.com/properties/2194epanomi,2026-09-27,2026-09-27
https://www.mkrealhome.com/properties/2195epanomi,2026-09-27,2026-09-27
https://www.mkrealhome.com/properties/2196peraia,2026-09-27,2026-09-27
https://www.mkrealhome.com/properties/2197epanomi,2026-09-27,2026-09-27
https://www.mkrealhome.com/properties/2198thessaloniki,2026-09-27,2026-09-27
https://www.mkrealhome.com/properties/2201epanomi,2026-09-27,2026-09-27
https://www.mkrealhome.com/properties/2204neakallikrateia,2026-09-27,2026-09-27
https://www.mkrealhome.com/properties/2208epanomi,2026-09-27,2026-09-27
https://www.mproperties.gr/property/4777/ktirio%20epaggelmatiko-echedoros,2026-09-27,2026-09-27
https://www.mproperties.gr/property/5149/monokatoikia-thermi,2026-09-27,2026-09-27
https://www.mproperties.gr/property/5406/ktirio%20oikistiko-kuthira,2026-09-27,2026-09-27
https://www.mproperties.gr/property/5846/agrotemachio-kassandra,2026-09-27,2026-09-27
https://www.nsarafoudis.gr/property.php?id=138,2026-09-27,2026-09-27
https://www.nsarafoudis.gr/property.php?id=144,2026-09-27,2026-09-27
https://www.nsarafoudis.gr/property.php?id=204,2026-09-27,2026-09-27
https://www.nsarafoudis.gr/property.php?id=211,2026-09-27,2026-09-27
https://www.nsarafoudis.gr/property.php?id=289,2026-09-27,2026-09-27
https://www.nsarafoudis.gr/property.php?id=293,2026-09-27,2026-09-27
https://www.nsarafoudis.gr/property.php?id=300,2026-09-27,2026-09-27
https://www.nsarafoudis.gr/property.php?id=333,2026-09-27,2026-09-27
https://www.nsarafoudis.gr/property.php?id=343,2026-09-27,2026-09-27
https://www.nsarafoudis.gr/property.php?id=350,2026-09-27,2026-09-27
https://www.nsarafoudis.gr/property.php?id=352,2026-09-27,2026-09-27
https://www.nsarafoudis.gr/property.php?id=366,2026-09-27,2026-09-27
https://www.nsarafoudis.gr/property.php?id=373,2026-09-27,2026-09-27
https://www.nsarafoudis.gr/property.php?id=375,2026-09-27,2026-09-27
https://www.nsarafoudis.gr/property.php?id=380,2026-09-27,2026-09-27
https://www.nsarafoudis.gr/property.php?id=382,2026-09-27,2026-09-27
https://www.nsarafoudis.gr/property.php?id=392,2026-09-27,2026-09-27
https://www.nsarafoudis.gr/property.php?id=393,2026-09-27,2026-09-27
https://www.nsarafoudis.gr/property.php?id=394,2026-09-27,2026-09-27
https://www.nsarafoudis.gr/property.php?id=400,2026-09-27,2026-09-27
https://www.nsarafoudis.gr/property.php?id=403,2026-09-27,2026-09-27
https://www.nsarafoudis.gr/property.php?id=405,2026-09-27,2026-09-27
https://www.nsarafoudis.gr/property.php?id=409,2026-09-27,2026-09-27
https://www.nsarafoudis.gr/property.php?id=410,2026-09-27,2026-09-27
https://www.nsarafoudis.gr/property.php?id=411,2026-09-27,2026-09-27
https://www.nsarafoudis.gr/property.php?id=412,2026-09-27,2026-09-27
https://www.nsarafoudis.gr/property.php?id=413,2026-09-27,2026-09-27
https://www.nsarafoudis.gr/property.php?id=420,2026-09-27,2026-09-27
https://www.nsarafoudis.gr/property.php?id=421,2026-09-27,2026-09-27
https://www.nsarafoudis.gr/property.php?id=423,2026-09-27,2026-09-27
https://www.oikies.net/en/properties/1226676,2026-09-27,2026-09-27
https://www.oikies.net/en/properties/1810089,2026-09-27,2026-09-27
https://www.oikies.net/en/properties/2465844,2026-09-27,2026-09-27
https://www.oikies.net/en/properties/2572964,2026-09-27,2026-09-27
https://www.oikies.net/en/properties/2591406,2026-09-27,2026-09-27
https://www.oikies.net/en/properties/443155,2026-09-27,2026-09-27
https://www.oikies.net/en/properties/695623,2026-09-27,2026-09-27
https://www.oikodromio.com/el/properties/1654127,2026-09-27,2026-09-27
https://www.oikodromio.com/el/properties/1679848,2026-09-27,2026-09-27
https://www.oikodromio.com/el/properties/1726897,2026-09-27,2026-09-27
https://www.oikodromio.com/el/properties/2451724,2026-09-27,2026-09-27
https://www.oikodromio.com/el/properties/2592439,2026-09-27,2026-09-27
https://www.oikodromio.com/el/properties/2592484,2026-09-27,2026-09-27
https://www.oktorealestate.gr/property/105,2026-09-27,2026-09-27
https://www.oktorealestate.gr/property/109,2026-09-27,2026-09-27
https://www.oktorealestate.gr/property/148,2026-09-27,2026-09-27
https://www.oktorealestate.gr/property/153,2026-09-27,2026-09-27
https://www.oktorealestate.gr/property/232,2026-09-27,2026-09-27
https://www.oktorealestate.gr/property/247,2026-09-27,2026-09-27
https://www.oktorealestate.gr/property/252,2026-09-27,2026-09-27
https://www.oktorealestate.gr/property/263,2026-09-27,2026-09-27
https://www.oktorealestate.gr/property/271,2026-09-27,2026-09-27
https://www.oktorealestate.gr/property/280,2026-09-27,2026-09-27
https://www.oktorealestate.gr/property/288,2026-09-27,2026-09-27
https://www.oktorealestate.gr/property/289,2026-09-27,2026-09-27
https://www.oktorealestate.gr/property/292,2026-09-27,2026-09-27
https://www.oktorealestate.gr/property/296,2026-09-27,2026-09-27
https://www.oktorealestate.gr/property/302,2026-09-27,2026-09-27
https://www.oktorealestate.gr/property/303,2026-09-27,2026-09-27
https://www.oktorealestate.gr/property/304,2026-09-27,2026-09-27
https://www.oktorealestate.gr/property/305,2026-09-27,2026-09-27
https://www.oktorealestate.gr/property/306,2026-09-27,2026-09-27
https://www.oktorealestate.gr/property/307,2026-09-27,2026-09-27
https://www.olympusrealestate.gr/index.php,2026-09-27,2026-09-27
https://www.omikronestate.gr/property/294,2026-09-27,2026-09-27
https://www.omikronestate.gr/property/513,2026-09-27,2026-09-27
https://www.omikronestate.gr/property/527,2026-09-27,2026-09-27
https://www.omikronestate.gr/property/537,2026-09-27,2026-09-27
https://www.omikronestate.gr/property/556,2026-09-27,2026-09-27
https://www.omikronestate.gr/property/563,2026-09-27,2026-09-27
https://www.omikronestate.gr/property/570,2026-09-27,2026-09-27
https://www.omikronestate.gr/property/575,2026-09-27,2026-09-27
https://www.onasishome.com/property/529/biotechnikos%20choros-thessaloniki%20kentro,2026-09-27,2026-09-27
https://www.onasishome.com/property/534/mezoneta-oraiokastro,2026-09-27,2026-09-27
https://www.onasishome.com/property/544/monokatoikia-sithonia,2026-09-27,2026-09-27
https://www.panagiotopoulosrealestate.gr/property/116,2026-09-27,2026-09-27
https://www.panagiotopoulosrealestate.gr/property/130,2026-09-27,2026-09-27
https://www.panagiotopoulosrealestate.gr/property/145,2026-09-27,2026-09-27
https://www.panagiotopoulosrealestate.gr/property/159,2026-09-27,2026-09-27
https://www.panagiotopoulosrealestate.gr/property/162,2026-09-27,2026-09-27
https://www.panagiotopoulosrealestate.gr/property/164,2026-09-27,2026-09-27
https://www.panagiotopoulosrealestate.gr/property/165,2026-09-27,2026-09-27
https://www.panagiotopoulosrealestate.gr/property/166,2026-09-27,2026-09-27
https://www.panagiotopoulosrealestate.gr/property/168,2026-09-27,2026-09-27
https://www.panagiotopoulosrealestate.gr/property/170,2026-09-27,2026-09-27
https://www.panagiotopoulosrealestate.gr/property/171,2026-09-27,2026-09-27
https://www.panagiotopoulosrealestate.gr/property/175,2026-09-27,2026-09-27
https://www.panagiotopoulosrealestate.gr/property/176,2026-09-27,2026-09-27
https://www.panagiotopoulosrealestate.gr/property/177,2026-09-27,2026-09-27
https://www.panorama.estate/property/712/oikopedo-thermi,2026-09-27,2026-09-27
https://www.panorama.estate/property/779/oikopedo-panorama,2026-09-27,2026-09-27
https://www.panorama.estate/property/803/oikopedo-panorama,2026-09-27,2026-09-27
https://www.panorama.estate/property/817/oikopedo-panorama,2026-09-27,2026-09-27
https://www.panorama.estate/property/883/katastima-malakopi,2026-09-27,2026-09-27
https://www.panorama.estate/property/908/mezoneta-panorama,2026-09-27,2026-09-27
https://www.panorama.estate/property/909/monokatoikia-panorama,2026-09-27,2026-09-27
https://www.panorama.estate/property/920/monokatoikia-panorama,2026-09-27,2026-09-27
https://www.panorama.estate/property/921/oikopedo-panorama,2026-09-27,2026-09-27
https://www.panorama.estate/property/922/monokatoikia-panorama,2026-09-27,2026-09-27
https://www.papastefanou.gr/property/2350,2026-09-27,2026-09-27
https://www.papastefanou.gr/property/3635,2026-09-27,2026-09-27
https://www.papastefanou.gr/property/4121,2026-09-27,2026-09-27
https://www.papastefanou.gr/property/4216,2026-09-27,2026-09-27
https://www.papastefanou.gr/property/4501,2026-09-27,2026-09-27
https://www.papastefanou.gr/property/4518,2026-09-27,2026-09-27
https://www.papastefanou.gr/property/4569,2026-09-27,2026-09-27
https://www.papastefanou.gr/property/4570,2026-09-27,2026-09-27
https://www.papastefanou.gr/property/4590,2026-09-27,2026-09-27
https://www.papastefanou.gr/property/4591,2026-09-27,2026-09-27
https://www.papastefanou.gr/property/4593,2026-09-27,2026-09-27
https://www.papastefanou.gr/property/4596,2026-09-27,2026-09-27
https://www.papastefanou.gr/property/4609,2026-09-27,2026-09-27
https://www.papastefanou.gr/property/4616,2026-09-27,2026-09-27
https://www.papastefanou.gr/property/4626,2026-09-27,2026-09-27
https://www.papastefanou.gr/property/4628,2026-09-27,2026-09-27
https://www.papastefanou.gr/property/4631,2026-09-27,2026-09-27
https://www.papastefanou.gr/property/4633,2026-09-27,2026-09-27
https://www.papastefanou.gr/property/4638,2026-09-27,2026-09-27
https://www.papastefanou.gr/property/4639,2026-09-27,2026-09-27
https://www.papastefanou.gr/property/4642,2026-09-27,2026-09-27
https://www.papastefanou.gr/property/4643,2026-09-27,2026-09-27
https://www.papastefanou.gr/property/4644,2026-09-27,2026-09-27
https://www.passasrealestate.gr/property/4056,2026-09-27,2026-09-27
https://www.passasrealestate.gr/property/4866,2026-09-27,2026-09-27
https://www.passasrealestate.gr/property/4874,2026-09-27,2026-09-27
https://www.passasrealestate.gr/property/4914,2026-09-27,2026-09-27
https://www.passasrealestate.gr/property/4930,2026-09-27,2026-09-27
https://www.passasrealestate.gr/property/4930?language=en,2026-09-27,2026-09-27
https://www.passasrealestate.gr/property/4933,2026-09-27,2026-09-27
https://www.passasrealestate.gr/property/4934,2026-09-27,2026-09-27
https://www.passasrealestate.gr/property/4936,2026-09-27,2026-09-27
https://www.passasrealestate.gr/property/4941,2026-09-27,2026-09-27
https://www.passasrealestate.gr/property/4942,2026-09-27,2026-09-27
https://www.passasrealestate.gr/property/4943,2026-09-27,2026-09-27
https://www.passasrealestate.gr/property/4944,2026-09-27,2026-09-27
https://www.passasrealestate.gr/property/4945,2026-09-27,2026-09-27
https://www.passasrealestate.gr/property/4946,2026-09-27,2026-09-27
https://www.pazartzis.gr/property/1048,2026-09-27,2026-09-27
https://www.pazartzis.gr/property/1107,2026-09-27,2026-09-27
https://www.pazartzis.gr/property/1108,2026-09-27,2026-09-27
https://www.pazartzis.gr/property/1210,2026-09-27,2026-09-27
https://www.pazartzis.gr/property/1328,2026-09-27,2026-09-27
https://www.pazartzis.gr/property/1360,2026-09-27,2026-09-27
https://www.pazartzis.gr/property/1376,2026-09-27,2026-09-27
https://www.pazartzis.gr/property/1382,2026-09-27,2026-09-27
https://www.pazartzis.gr/property/1383,2026-09-27,2026-09-27
https://www.pazartzis.gr/property/1387,2026-09-27,2026-09-27
https://www.pazartzis.gr/property/1406,2026-09-27,2026-09-27
https://www.pazartzis.gr/property/1445,2026-09-27,2026-09-27
https://www.pazartzis.gr/property/1458,2026-09-27,2026-09-27
https://www.pazartzis.gr/property/1480,2026-09-27,2026-09-27
https://www.pazartzis.gr/property/1486,2026-09-27,2026-09-27
https://www.pazartzis.gr/property/1487,2026-09-27,2026-09-27
https://www.pazartzis.gr/property/1489,2026-09-27,2026-09-27
https://www.pazartzis.gr/property/1491,2026-09-27,2026-09-27
https://www.pazartzis.gr/property/1492,2026-09-27,2026-09-27
https://www.pazartzis.gr/property/1494,2026-09-27,2026-09-27
https://www.pazartzis.gr/property/1495,2026-09-27,2026-09-27
https://www.pazartzis.gr/property/1496,2026-09-27,2026-09-27
https://www.pazartzis.gr/property/1498,2026-09-27,2026-09-27
https://www.pazartzis.gr/property/1499,2026-09-27,2026-09-27
https://www.pazartzis.gr/property/1500,2026-09-27,2026-09-27
https://www.pisti-realestate.gr/property.php?id=3418,2026-09-27,2026-09-27
https://www.pisti-realestate.gr/property.php?id=4122,2026-09-27,2026-09-27
https://www.pisti-realestate.gr/property.php?id=4147,2026-09-27,2026-09-27
https://www.pisti-realestate.gr/property.php?id=4148,2026-09-27,2026-09-27
https://www.pisti-realestate.gr/property.php?id=4149,2026-09-27,2026-09-27
https://www.pisti-realestate.gr/property.php?id=4150,2026-09-27,2026-09-27
https://www.pisti-realestate.gr/property.php?id=4151,2026-09-27,2026-09-27
https://www.pisti-realestate.gr/property.php?id=4152,2026-09-27,2026-09-27
https://www.pisti-realestate.gr/property.php?id=4153,2026-09-27,2026-09-27
https://www.pisti-realestate.gr/property.php?id=4154,2026-09-27,2026-09-27
https://www.pisti-realestate.gr/property.php?id=4155,2026-09-27,2026-09-27
https://www.pisti-realestate.gr/property.php?id=4156,2026-09-27,2026-09-27
https://www.pkrealtysolutions.com/el/properties/1512364,2026-09-27,2026-09-27
https://www.pkrealtysolutions.com/el/properties/1548676,2026-09-27,2026-09-27
https://www.pkrealtysolutions.com/el/properties/1558868,2026-09-27,2026-09-27
https://www.pkrealtysolutions.com/el/properties/1852185,2026-09-27,2026-09-27
https://www.pkrealtysolutions.com/el/properties/2169642,2026-09-27,2026-09-27
https://www.pkrealtysolutions.com/el/properties/2286704,2026-09-27,2026-09-27
https://www.planet-akinita.gr/property/6352,2026-09-27,2026-09-27
https://www.planet-akinita.gr/property/6539,2026-09-27,2026-09-27
https://www.planet-akinita.gr/property/6876,2026-09-27,2026-09-27
https://www.planet-akinita.gr/property/6887,2026-09-27,2026-09-27
https://www.planet-akinita.gr/property/6891,2026-09-27,2026-09-27
https://www.planet-akinita.gr/property/6899,2026-09-27,2026-09-27
https://www.planet-akinita.gr/property/6902,2026-09-27,2026-09-27
https://www.planet-akinita.gr/property/6908,2026-09-27,2026-09-27
https://www.planet-akinita.gr/property/6930,2026-09-27,2026-09-27
https://www.planet-akinita.gr/property/6949,2026-09-27,2026-09-27
https://www.planet-akinita.gr/property/7021,2026-09-27,2026-09-27
https://www.planet-akinita.gr/property/7022,2026-09-27,2026-09-27
https://www.planet-akinita.gr/property/7023,2026-09-27,2026-09-27
https://www.planet-akinita.gr/property/7024,2026-09-27,2026-09-27
https://www.planet-akinita.gr/property/7025,2026-09-27,2026-09-27
https://www.pozoglourealestate.gr/print/481,2026-09-27,2026-09-27
https://www.pozoglourealestate.gr/print/482,2026-09-27,2026-09-27
https://www.pozoglourealestate.gr/print/487,2026-09-27,2026-09-27
https://www.pozoglourealestate.gr/print/488,2026-09-27,2026-09-27
https://www.pozoglourealestate.gr/property/132,2026-09-27,2026-09-27
https://www.pozoglourealestate.gr/property/146,2026-09-27,2026-09-27
https://www.pozoglourealestate.gr/property/151,2026-09-27,2026-09-27
https://www.pozoglourealestate.gr/property/152,2026-09-27,2026-09-27
https://www.pozoglourealestate.gr/property/481,2026-09-27,2026-09-27
https://www.pozoglourealestate.gr/property/482,2026-09-27,2026-09-27
https://www.pozoglourealestate.gr/property/484,2026-09-27,2026-09-27
https://www.pozoglourealestate.gr/property/487,2026-09-27,2026-09-27
https://www.pozoglourealestate.gr/property/491,2026-09-27,2026-09-27
https://www.pozoglourealestate.gr/property/492,2026-09-27,2026-09-27
https://www.pozoglourealestate.gr/property/493,2026-09-27,2026-09-27
https://www.pozoglourealestate.gr/property/500,2026-09-27,2026-09-27
https://www.pozoglourealestate.gr/property/501,2026-09-27,2026-09-27
https://www.pro-capital.gr/property/1996/oikopedo-mikra,2026-09-27,2026-09-27
https://www.progresorealestate.gr/property/2512,2026-09-27,2026-09-27
https://www.progresorealestate.gr/property/3475,2026-09-27,2026-09-27
https://www.progresorealestate.gr/property/4919,2026-09-27,2026-09-27
https://www.progresorealestate.gr/property/4951,2026-09-27,2026-09-27
https://www.progresorealestate.gr/property/4958,2026-09-27,2026-09-27
https://www.progresorealestate.gr/property/4968,2026-09-27,2026-09-27
https://www.progresorealestate.gr/property/4973,2026-09-27,2026-09-27
https://www.progresorealestate.gr/property/4979,2026-09-27,2026-09-27
https://www.progresorealestate.gr/property/4985,2026-09-27,2026-09-27
https://www.progresorealestate.gr/property/5004,2026-09-27,2026-09-27
https://www.progresorealestate.gr/property/5008,2026-09-27,2026-09-27
https://www.progresorealestate.gr/property/5013,2026-09-27,2026-09-27
https://www.progresorealestate.gr/property/5015,2026-09-27,2026-09-27
https://www.progresorealestate.gr/property/5017,2026-09-27,2026-09-27
https://www.progresorealestate.gr/property/5018,2026-09-27,2026-09-27
https://www.progresorealestate.gr/property/5019,2026-09-27,2026-09-27
https://www.progresorealestate.gr/property/5020,2026-09-27,2026-09-27
https://www.progresorealestate.gr/property/5024,2026-09-27,2026-09-27
https://www.progresorealestate.gr/property/5025,2026-09-27,2026-09-27
https://www.progresorealestate.gr/property/5027,2026-09-27,2026-09-27
https://www.progresorealestate.gr/property/5051,2026-09-27,2026-09-27
https://www.progresorealestate.gr/property/5052,2026-09-27,2026-09-27
https://www.propertyexperts.gr/property/1252,2026-09-27,2026-09-27
https://www.propertyexperts.gr/property/3976,2026-09-27,2026-09-27
https://www.propertyexperts.gr/property/4116,2026-09-27,2026-09-27
https://www.propertyexperts.gr/property/4225,2026-09-27,2026-09-27
https://www.propertyexperts.gr/property/4814,2026-09-27,2026-09-27
https://www.propertyexperts.gr/property/4965,2026-09-27,2026-09-27
https://www.propertyexperts.gr/property/5637,2026-09-27,2026-09-27
https://www.propertyexperts.gr/property/6060,2026-09-27,2026-09-27
https://www.propertyexperts.gr/property/6810,2026-09-27,2026-09-27
https://www.propertyexperts.gr/property/6835,2026-09-27,2026-09-27
https://www.propertyexperts.gr/property/6838,2026-09-27,2026-09-27
https://www.propertyexperts.gr/property/6888,2026-09-27,2026-09-27
https://www.propertyexperts.gr/property/6909,2026-09-27,2026-09-27
https://www.propertyexperts.gr/property/6926,2026-09-27,2026-09-27
https://www.propertyexperts.gr/property/6927,2026-09-27,2026-09-27
https://www.propertyexperts.gr/property/6977,2026-09-27,2026-09-27
https://www.propertyexperts.gr/property/6985,2026-09-27,2026-09-27
https://www.propertyexperts.gr/property/6986,2026-09-27,2026-09-27
https://www.propertyexperts.gr/property/6987,2026-09-27,2026-09-27
https://www.propertyexperts.gr/property/6989,2026-09-27,2026-09-27
https://www.propertyexperts.gr/property/6991,2026-09-27,2026-09-27
https://www.propertyexperts.gr/property/6992,2026-09-27,2026-09-27
https://www.quantapro.gr/property/1337,2026-09-27,2026-09-27
https://www.quantapro.gr/property/1535,2026-09-27,2026-09-27
https://www.quantapro.gr/property/1536,2026-09-27,2026-09-27
https://www.quantapro.gr/property/1544,2026-09-27,2026-09-27
https://www.quantapro.gr/property/1657,2026-09-27,2026-09-27
https://www.quantapro.gr/property/1728,2026-09-27,2026-09-27
https://www.quantapro.gr/property/1852,2026-09-27,2026-09-27
https://www.quantapro.gr/property/2174,2026-09-27,2026-09-27
https://www.quantapro.gr/property/2176,2026-09-27,2026-09-27
https://www.quantapro.gr/property/2177,2026-09-27,2026-09-27
https://www.quantapro.gr/property/2178,2026-09-27,2026-09-27
https://www.quantapro.gr/property/2179,2026-09-27,2026-09-27
https://www.quantapro.gr/property/2180,2026-09-27,2026-09-27
https://www.quantapro.gr/property/2182,2026-09-27,2026-09-27
https://www.quantapro.gr/property/2186,2026-09-27,2026-09-27
https://www.quantapro.gr/property/2187,2026-09-27,2026-09-27
https://www.quantapro.gr/property/2188,2026-09-27,2026-09-27
https://www.rbproperties.gr/property/521,2026-09-27,2026-09-27
https://www.rbproperties.gr/property/534,2026-09-27,2026-09-27
https://www.rbproperties.gr/property/540,2026-09-27,2026-09-27
https://www.rbproperties.gr/property/561,2026-09-27,2026-09-27
https://www.rbproperties.gr/property/563,2026-09-27,2026-09-27
https://www.rbproperties.gr/property/571,2026-09-27,2026-09-27
https://www.remax-today.eu/property/13883/katastima-mpotsari,2026-09-27,2026-09-27
https://www.remax-today.eu/property/15144/diamerisma-thermi,2026-09-27,2026-09-27
https://www.remax-today.eu/property/15377/katastima-kalamaria,2026-09-27,2026-09-27
https://www.remax-today.eu/property/16078/diamerisma-thermaikos,2026-09-27,2026-09-27
https://www.remax-today.eu/property/20454/diamerisma-basilika,2026-09-27,2026-09-27
https://www.remax-today.eu/property/21367/katastima-martiou,2026-09-27,2026-09-27
https://www.remax-today.eu/property/21410/diamerisma-ntepo,2026-09-27,2026-09-27
https://www.remax-today.eu/property/21804/katastima-kalamaria,2026-09-27,2026-09-27
https://www.remax-today.eu/property/21805/katastima-kalamaria,2026-09-27,2026-09-27
https://www.remax-today.eu/property/21823/grafeio-martiou,2026-09-27,2026-09-27
https://www.remax-today.eu/property/21827/mezoneta-panorama,2026-09-27,2026-09-27
https://www.remax-today.eu/property/21831/katastima-martiou,2026-09-27,2026-09-27
https://www.remax-today.eu/property/21832/diamerisma-ntepo,2026-09-27,2026-09-27
https://www.remax-today.eu/property/21833/diamerisma-ntepo,2026-09-27,2026-09-27
https://www.remax-today.eu/property/21842/diamerisma-faliro,2026-09-27,2026-09-27
https://www.remax-today.eu/property/21845/diamerisma-pulaia,2026-09-27,2026-09-27
https://www.remax-today.eu/property/21846/monokatoikia-epanomi,2026-09-27,2026-09-27
https://www.remax-today.eu/property/21853/diamerisma-kalamaria,2026-09-27,2026-09-27
https://www.remax.gr/property/386857-polisi-bila-korakies,2026-09-27,2026-09-27
https://www.remax.gr/property/388871-polisi-diamerisma-glyfada,2026-09-27,2026-09-27
https://www.remax.gr/property/395256-polisi-xenodocheio-koinyra,2026-09-27,2026-09-27
https://www.remax.gr/property/395290-polisi-monokatoikia-palioyri,2026-09-27,2026-09-27
https://www.remax.gr/property/398533-polisi-mezoneta-agios-andreas,2026-09-27,2026-09-27
https://www.remax.gr/property/400458-polisi-mezoneta-gallos,2026-09-27,2026-09-27
https://www.remax.gr/property/400623-polisi-monokatoikia-dasoxwri,2026-09-27,2026-09-27
https://www.remax.gr/pwliseis-agora-katoikies/100-athhna-kentro,2026-09-27,2026-09-27
https://www.remax.gr/pwliseis-agora-katoikies/10007-ampelokhpoi,2026-09-27,2026-09-27
https://www.remax.gr/pwliseis-agora-katoikies/1003-lewf-pathsiwn-lewf-axarnwn,2026-09-27,2026-09-27
https://www.remax.gr/pwliseis-agora-katoikies/101-athhna-boreia-proastia,2026-09-27,2026-09-27
https://www.remax.gr/pwliseis-agora-katoikies/1016-khfisia,2026-09-27,2026-09-27
https://www.remax.gr/pwliseis-agora-katoikies/102-athhna-notia-proastia,2026-09-27,2026-09-27
https://www.remax.gr/pwliseis-agora-katoikies/103-athhna-dytika-proastia,2026-09-27,2026-09-27
https://www.remax.gr/pwliseis-agora-katoikies/1030-xalandri,2026-09-27,2026-09-27
https://www.remax.gr/pwliseis-agora-katoikies/106-proastia-peiraia,2026-09-27,2026-09-27
https://www.remax.gr/pwliseis-agora-katoikies/107-ypoloipo-attikhs,2026-09-27,2026-09-27
https://www.remax.gr/pwliseis-agora-katoikies/1079-peiraias,2026-09-27,2026-09-27
https://www.remax.gr/pwliseis-agora-katoikies/108-8essalonikh-dhmos,2026-09-27,2026-09-27
https://www.remax.gr/pwliseis-agora-katoikies/109-8essalonikh-perifereiakoi-dhmoi,2026-09-27,2026-09-27
https://www.remax.gr/pwliseis-agora-katoikies/110-8essalonikh-ypol-nomoy,2026-09-27,2026-09-27
https://www.remax.gr/pwliseis-agora-katoikies/1168-kalamaria,2026-09-27,2026-09-27
https://www.remax.gr/pwliseis-agora-katoikies/137-n-kykladwn,2026-09-27,2026-09-27
https://www.remax.gr/pwliseis-agora-katoikies/1478-hrakleio,2026-09-27,2026-09-27
https://www.remax.gr/pwliseis-agora-katoikies/2018-kentro-8essalonikh,2026-09-27,2026-09-27
https://www.remaxaxis.gr/property/111,2026-09-27,2026-09-27
https://www.remaxaxis.gr/property/121,2026-09-27,2026-09-27
https://www.remaxaxis.gr/property/129,2026-09-27,2026-09-27
https://www.remaxaxis.gr/property/130,2026-09-27,2026-09-27
https://www.remaxaxis.gr/property/148,2026-09-27,2026-09-27
https://www.remaxaxis.gr/property/171,2026-09-27,2026-09-27
https://www.remaxaxis.gr/property/187,2026-09-27,2026-09-27
https://www.remaxaxis.gr/property/235,2026-09-27,2026-09-27
https://www.remaxaxis.gr/property/242,2026-09-27,2026-09-27
https://www.remaxaxis.gr/property/249,2026-09-27,2026-09-27
https://www.remaxaxis.gr/property/269,2026-09-27,2026-09-27
https://www.remaxaxis.gr/property/271,2026-09-27,2026-09-27
https://www.remaxaxis.gr/property/293,2026-09-27,2026-09-27
https://www.remaxaxis.gr/property/298,2026-09-27,2026-09-27
https://www.remaxaxis.gr/property/299,2026-09-27,2026-09-27
https://www.remaxaxis.gr/property/302,2026-09-27,2026-09-27
https://www.remaxaxis.gr/property/304,2026-09-27,2026-09-27
https://www.remaxaxis.gr/property/307,2026-09-27,2026-09-27
https://www.remaxaxis.gr/property/308,2026-09-27,2026-09-27
https://www.remaxaxis.gr/property/309,2026-09-27,2026-09-27
https://www.remaxaxis.gr/property/310,2026-09-27,2026-09-27
https://www.remaxaxis.gr/property/311,2026-09-27,2026-09-27
https://www.remaxaxis.gr/property/313,2026-09-27,2026-09-27
https://www.remaxaxis.gr/property/314,2026-09-27,2026-09-27
https://www.remaxaxis.gr/property/316,2026-09-27,2026-09-27
https://www.remaxaxis.gr/property/317,2026-09-27,2026-09-27
https://www.remaxexcellence.gr/el/properties/1895750,2026-09-27,2026-09-27
https://www.remaxexcellence.gr/el/properties/1990406,2026-09-27,2026-09-27
https://www.remaxexcellence.gr/el/properties/1990439,2026-09-27,2026-09-27
https://www.remaxexcellence.gr/el/properties/2311094,2026-09-27,2026-09-27
https://www.remaxexcellence.gr/el/properties/2311130,2026-09-27,2026-09-27
https://www.remaxexcellence.gr/el/properties/2547686,2026-09-27,2026-09-27
https://www.remaxexcellence.gr/el/properties/2552845,2026-09-27,2026-09-27
https://www.remaxexcellence.gr/el/properties/2573044,2026-09-27,2026-09-27
https://www.remaxexcellence.gr/el/properties/2581566,2026-09-27,2026-09-27
https://www.remaxexcellence.gr/el/properties/2590947,2026-09-27,2026-09-27
https://www.residencepro.gr/property/1704306,2026-09-27,2026-09-27
https://www.residencepro.gr/property/2160815,2026-09-27,2026-09-27
https://www.residencepro.gr/property/2161789,2026-09-27,2026-09-27
https://www.residencepro.gr/property/2333918,2026-09-27,2026-09-27
https://www.residencepro.gr/property/2394472,2026-09-27,2026-09-27
https://www.residencepro.gr/property/2451135,2026-09-27,2026-09-27
https://www.residencepro.gr/property/2451141,2026-09-27,2026-09-27
https://www.residencepro.gr/property/2451167,2026-09-27,2026-09-27
https://www.residencepro.gr/property/2451172,2026-09-27,2026-09-27
https://www.residencepro.gr/property/2517413,2026-09-27,2026-09-27
https://www.residencepro.gr/property/2525008,2026-09-27,2026-09-27
https://www.residencepro.gr/property/2530117,2026-09-27,2026-09-27
https://www.residencepro.gr/property/2530118,2026-09-27,2026-09-27
https://www.residencepro.gr/property/2530120,2026-09-27,2026-09-27
https://www.residencepro.gr/property/2530121,2026-09-27,2026-09-27
https://www.residencepro.gr/property/2530122,2026-09-27,2026-09-27
https://www.residencepro.gr/property/2530123,2026-09-27,2026-09-27
https://www.residencepro.gr/property/2530125,2026-09-27,2026-09-27
https://www.residencepro.gr/property/2530126,2026-09-27,2026-09-27
https://www.residencepro.gr/property/2530127,2026-09-27,2026-09-27
https://www.residencepro.gr/property/2530128,2026-09-27,2026-09-27
https://www.roman-realestate.com/halkidiki/halkidiki-od-50-000-60-000,2026-09-27,2026-09-27
https://www.roman-realestate.com/halkidiki/halkidiki-od-60-000,2026-09-27,2026-09-27
https://www.roman-realestate.com/halkidiki/kasandra-100-000-300-000,2026-09-27,2026-09-27
https://www.roman-realestate.com/halkidiki/kasandra-300-000-i-vi%c5%a1e,2026-09-27,2026-09-27
https://www.roman-realestate.com/hoteli-pieria-i-halkidiki/a059-neavrasna-415m2-1-000-000,2026-09-27,2026-09-27
https://www.roman-realestate.com/hoteli-pieria-i-halkidiki/hoteli-vi%c5%a1e-od-500-000,2026-09-27,2026-09-27
https://www.roman-realestate.com/hoteli-pieria-i-halkidiki/k473-toroni-500m2-750-000,2026-09-27,2026-09-27
https://www.roman-realestate.com/hoteli-pieria-i-halkidiki/k625-hanioti-6000m2-11-700-000,2026-09-27,2026-09-27
https://www.roman-realestate.com/hoteli-pieria-i-halkidiki/k626-hanioti-4000m2-7-040-000,2026-09-27,2026-09-27
https://www.roman-realestate.com/hoteli-pieria-i-halkidiki/k627-hanioti-1890m2-3-750-000,2026-09-27,2026-09-27
https://www.roman-realestate.com/hoteli-pieria-i-halkidiki/k628-nea-skioni-1050m2-2-700-000,2026-09-27,2026-09-27
https://www.roman-realestate.com/hoteli-pieria-i-halkidiki/k663-moles-kalives-260m2-300-000e,2026-09-27,2026-09-27
https://www.roman-realestate.com/hoteli-pieria-i-halkidiki/k723-hotel-polihrono-1282m2-2-300-000e,2026-09-27,2026-09-27
https://www.roman-realestate.com/hoteli-pieria-i-halkidiki/k724-kasandra-2-5miliona,2026-09-27,2026-09-27
https://www.roman-realestate.com/hoteli-pieria-i-halkidiki/k760-skioni-850-000,2026-09-27,2026-09-27
https://www.roman-realestate.com/hoteli-pieria-i-halkidiki/k761-pefkohori-1-300-000,2026-09-27,2026-09-27
https://www.roman-realestate.com/hoteli-pieria-i-halkidiki/k774-kalikratia-250m2-600-000,2026-09-27,2026-09-27
https://www.roman-realestate.com/hoteli-pieria-i-halkidiki/k778-kalikratia-360-000,2026-09-27,2026-09-27
https://www.roman-realestate.com/hoteli-pieria-i-halkidiki/k782-polihrono-600-000,2026-09-27,2026-09-27
https://www.roman-realestate.com/hoteli-pieria-i-halkidiki/k790-polihrono-550m2-1-500-000,2026-09-27,2026-09-27
https://www.roman-realestate.com/hoteli-pieria-i-halkidiki/k798-polihrono-750-000,2026-09-27,2026-09-27
https://www.roman-realestate.com/hoteli-pieria-i-halkidiki/k799-550m2-1-500-000,2026-09-27,2026-09-27
https://www.roman-realestate.com/hoteli-pieria-i-halkidiki/k800-polihrono-2-150-000,2026-09-27,2026-09-27
https://www.roman-realestate.com/hoteli-pieria-i-halkidiki/k801-polihrono-3-200-000,2026-09-27,2026-09-27
https://www.roman-realestate.com/hoteli-pieria-i-halkidiki/r111-makrigialos-hotel-15-soba,2026-09-27,2026-09-27
https://www.roman-realestate.com/hoteli-pieria-i-halkidiki/s085-marmaras-175m2-320-000,2026-09-27,2026-09-27
https://www.roman-realestate.com/sitonia-nekretnine/s004-nikiti-75m2-110-000,2026-09-27,2026-09-27
https://www.roman-realestate.com/sitonia-nekretnine/s007-nikiti-78m2-125-000,2026-09-27,2026-09-27
https://www.roman-realestate.com/sitonia-nekretnine/s069-psakudia-54m2-115-000,2026-09-27,2026-09-27
https://www.simaestate.gr/el/properties/2584830,2026-09-27,2026-09-27
https://www.simaestate.gr/el/properties/2585390,2026-09-27,2026-09-27
https://www.simaestate.gr/el/properties/2585753,2026-09-27,2026-09-27
https://www.simaestate.gr/el/properties/2585925,2026-09-27,2026-09-27
https://www.simaestate.gr/el/properties/2594610,2026-09-27,2026-09-27
https://www.simaestate.gr/el/properties/2594959,2026-09-27,2026-09-27
https://www.sivris-realestate.gr/el-gr/id/10667/__(pros-polisi)-epaggelmatikos-choros-katastima-thessaloniki-perichora-thermaikos-/estate.html,2026-09-27,2026-09-27
https://www.sivris-realestate.gr/el-gr/id/18050/__(pros-polisi)-epaggelmatikos-choros-katastima-thessaloniki-perichora-thermaikos-/estate.html,2026-09-27,2026-09-27
https://www.sivris-realestate.gr/el-gr/id/18051/__(pros-polisi)-epaggelmatikos-choros-katastima-thessaloniki-perichora-thermaikos-/estate.html,2026-09-27,2026-09-27
https://www.sivris-realestate.gr/el-gr/id/18085/__(pros-polisi)-epaggelmatikos-choros-katastima-thessaloniki-perichora-thermaikos-/estate.html,2026-09-27,2026-09-27
https://www.sivris-realestate.gr/el-gr/id/18159/__(pros-polisi)-katikia-mezoneta-thessaloniki-perichora-mikra-/estate.html,2026-09-27,2026-09-27
https://www.sivris-realestate.gr/el-gr/id/18172/__(pros-polisi)-epaggelmatikos-choros-biotechnikos-choros-thessaloniki-perichora-thermaikos-/estate.html,2026-09-27,2026-09-27
https://www.sivris-realestate.gr/el-gr/id/18173/__(pros-polisi)-katikia-monokatikia-thessaloniki-perichora-thermaikos-/estate.html,2026-09-27,2026-09-27
https://www.sivris-realestate.gr/el-gr/id/18176/__(pros-polisi)-epaggelmatikos-choros-katastima-thessaloniki-perichora-thermaikos-/estate.html,2026-09-27,2026-09-27
https://www.sivris-realestate.gr/el-gr/id/18199/__(pros-polisi)-katikia-diamerisma-thessaloniki-perichora-thermaikos-/estate.html,2026-09-27,2026-09-27
https://www.sivris-realestate.gr/el-gr/id/18227/__(pros-enikiasi)-epaggelmatikos-choros-katastima-thessaloniki-perichora-thermaikos-/estate.html,2026-09-27,2026-09-27
https://www.sivris-realestate.gr/el-gr/id/18233/__(pros-polisi)-katikia-diamerisma-thessaloniki-perichora-thermaikos-/estate.html,2026-09-27,2026-09-27
https://www.sivris-realestate.gr/el-gr/id/18254/__(pros-polisi)-katikia-diamerisma-thessaloniki-perichora-epanomi-/estate.html,2026-09-27,2026-09-27
https://www.sivris-realestate.gr/el-gr/id/18256/__(pros-polisi)-katikia-diamerisma-thessaloniki-perichora-epanomi-/estate.html,2026-09-27,2026-09-27
https://www.sivris-realestate.gr/el-gr/id/18258/__(pros-polisi)-katikia-diamerisma-thessaloniki-perichora-epanomi-/estate.html,2026-09-27,2026-09-27
https://www.sivris-realestate.gr/el-gr/id/18265/__(pros-polisi)-epaggelmatikos-choros-grafio-thessaloniki-perichora-thermaikos-/estate.html,2026-09-27,2026-09-27
https://www.sivris-realestate.gr/el-gr/id/18272/__(pros-polisi)-katikia-diamerisma-thessaloniki-perichora-michaniona-/estate.html,2026-09-27,2026-09-27
https://www.sivris-realestate.gr/el-gr/id/18280/__(pros-polisi)-katikia-diamerisma-thessaloniki-perichora-thermaikos-/estate.html,2026-09-27,2026-09-27
https://www.sivris-realestate.gr/el-gr/id/18281/__(pros-polisi)-katikia-diamerisma-thessaloniki-perichora-thermaikos-/estate.html,2026-09-27,2026-09-27
https://www.sivris-realestate.gr/el-gr/id/18283/__(pros-polisi)-katikia-diamerisma-thessaloniki-perichora-thermaikos-/estate.html,2026-09-27,2026-09-27
https://www.sivris-realestate.gr/el-gr/id/18286/__(pros-polisi)-katikia-diamerisma-thessaloniki-perichora-thermaikos-/estate.html,2026-09-27,2026-09-27
https://www.sivris-realestate.gr/el-gr/id/18288/__(pros-polisi)-katikia-diamerisma-thessaloniki-perichora-thermaikos-/estate.html,2026-09-27,2026-09-27
https://www.sivris-realestate.gr/el-gr/id/18289/__(pros-polisi)-katikia-diamerisma-thessaloniki-perichora-thermaikos-/estate.html,2026-09-27,2026-09-27
https://www.sivris-realestate.gr/el-gr/id/18290/__(pros-polisi)-katikia-mezoneta-thessaloniki-perichora-mikra-/estate.html,2026-09-27,2026-09-27
https://www.swan-real-estate.com/property/1097,2026-09-27,2026-09-27
https://www.swan-real-estate.com/property/1098,2026-09-27,2026-09-27
https://www.swan-real-estate.com/property/1099,2026-09-27,2026-09-27
https://www.swan-real-estate.com/property/1100,2026-09-27,2026-09-27
https://www.swan-real-estate.com/property/1102,2026-09-27,2026-09-27
https://www.swan-real-estate.com/property/1103,2026-09-27,2026-09-27
https://www.swan-real-estate.com/property/1108,2026-09-27,2026-09-27
https://www.swan-real-estate.com/property/1109,2026-09-27,2026-09-27
https://www.swan-real-estate.com/property/1118,2026-09-27,2026-09-27
https://www.swan-real-estate.com/property/1613,2026-09-27,2026-09-27
https://www.swan-real-estate.com/property/1676,2026-09-27,2026-09-27
https://www.swan-real-estate.com/property/1818,2026-09-27,2026-09-27
https://www.swan-real-estate.com/property/1862,2026-09-27,2026-09-27
https://www.swan-real-estate.com/property/1938,2026-09-27,2026-09-27
https://www.swan-real-estate.com/property/869,2026-09-27,2026-09-27
https://www.swan-real-estate.com/property/870,2026-09-27,2026-09-27
https://www.swan-real-estate.com/property/919,2026-09-27,2026-09-27
https://www.terrahomes.gr/property/28876,2026-09-27,2026-09-27
https://www.terrahomes.gr/property/28943,2026-09-27,2026-09-27
https://www.terrahomes.gr/property/28980,2026-09-27,2026-09-27
https://www.terrahomes.gr/property/28993,2026-09-27,2026-09-27
https://www.terrahomes.gr/property/29016,2026-09-27,2026-09-27
https://www.terrahomes.gr/property/29019,2026-09-27,2026-09-27
https://www.thessaloniki-realestate.gr/en/property/apartment-agios-fanourios-1-24419,2026-09-27,2026-09-27
https://www.thessaloniki-realestate.gr/en/property/apartment-diikitirio-1-24287,2026-09-27,2026-09-27
https://www.thessaloniki-realestate.gr/en/property/apartment-panagia-faneromeni-1-24105,2026-09-27,2026-09-27
https://www.thessaloniki-realestate.gr/en/property/flatlet-agion-panton-1-24054,2026-09-27,2026-09-27
https://www.thessaloniki-realestate.gr/en/property/flatlet-harilaou-1-24413,2026-09-27,2026-09-27
https://www.thessaloniki-realestate.gr/en/property/flatlet-kato-toumpa-1-24416,2026-09-27,2026-09-27
https://www.thessaloniki-realestate.gr/en/property/land-nea-vrasna-3-2939,2026-09-27,2026-09-27
https://www.thessaloniki-realestate.gr/en/property/shop-kamara-2-2212,2026-09-27,2026-09-27
https://www.thessaloniki-realestate.gr/en/property/studio-harilaou-1-24414,2026-09-27,2026-09-27
https://www.thessaloniki-realestate.gr/en/property/studio-sholi-tiflon-1-24421,2026-09-27,2026-09-27
https://www.thessaloniki-realestate.gr/en/property/studio-sholi-tiflon-1-24422,2026-09-27,2026-09-27
https://www.thessaloniki-realestate.gr/property/%ce%b3%ce%ba%ce%b1%cf%81%cf%83%ce%bf%ce%bd%ce%b9%ce%ad%cf%81%ce%b1-%ce%b1%ce%b3%ce%af%cf%89%ce%bd-%cf%80%ce%ac%ce%bd%cf%84%cf%89%ce%bd-1-24054,2026-09-27,2026-09-27
https://www.thessaloniki-realestate.gr/property/%ce%b3%ce%ba%ce%b1%cf%81%cf%83%ce%bf%ce%bd%ce%b9%ce%ad%cf%81%ce%b1-%ce%ba%ce%ac%cf%84%cf%89-%cf%84%ce%bf%cf%8d%ce%bc%cf%80%ce%b1-1-24416,2026-09-27,2026-09-27
https://www.thessaloniki-realestate.gr/property/%ce%b3%ce%ba%ce%b1%cf%81%cf%83%ce%bf%ce%bd%ce%b9%ce%ad%cf%81%ce%b1-%cf%87%ce%b1%cf%81%ce%b9%ce%bb%ce%ac%ce%bf%cf%85-1-24413,2026-09-27,2026-09-27
https://www.thesskatoikia.gr/property/1023,2026-09-27,2026-09-27
https://www.thesskatoikia.gr/property/1030,2026-09-27,2026-09-27
https://www.thesskatoikia.gr/property/1037,2026-09-27,2026-09-27
https://www.thesskatoikia.gr/property/1041,2026-09-27,2026-09-27
https://www.thesskatoikia.gr/property/1047,2026-09-27,2026-09-27
https://www.thesskatoikia.gr/property/1058,2026-09-27,2026-09-27
https://www.thesskatoikia.gr/property/1069,2026-09-27,2026-09-27
https://www.thesskatoikia.gr/property/1070,2026-09-27,2026-09-27
https://www.thesskatoikia.gr/property/1079,2026-09-27,2026-09-27
https://www.thesskatoikia.gr/property/1086,2026-09-27,2026-09-27
https://www.thesskatoikia.gr/property/1088,2026-09-27,2026-09-27
https://www.thesskatoikia.gr/property/1089,2026-09-27,2026-09-27
https://www.thesskatoikia.gr/property/1091,2026-09-27,2026-09-27
https://www.thesskatoikia.gr/property/496,2026-09-27,2026-09-27
https://www.thesskatoikia.gr/property/566,2026-09-27,2026-09-27
https://www.thesskatoikia.gr/property/918,2026-09-27,2026-09-27
https://www.thesskatoikia.gr/property/922,2026-09-27,2026-09-27
https://www.thesskatoikia.gr/property/929,2026-09-27,2026-09-27
https://www.thesskatoikia.gr/property/940,2026-09-27,2026-09-27
https://www.thessmesiti.gr/el/properties/1493182,2026-09-27,2026-09-27
https://www.thessmesiti.gr/el/properties/2059414,2026-09-27,2026-09-27
https://www.thessmesiti.gr/el/properties/2153803,2026-09-27,2026-09-27
https://www.thessmesiti.gr/el/properties/2284708,2026-09-27,2026-09-27
https://www.thessmesiti.gr/el/properties/2506054,2026-09-27,2026-09-27
https://www.thessmesiti.gr/el/properties/2571696,2026-09-27,2026-09-27
https://www.tkproperties.gr/property/413,2026-09-27,2026-09-27
https://www.tkproperties.gr/property/420,2026-09-27,2026-09-27
https://www.tkproperties.gr/property/473,2026-09-27,2026-09-27
https://www.tkproperties.gr/property/479,2026-09-27,2026-09-27
https://www.tkproperties.gr/property/482,2026-09-27,2026-09-27
https://www.tkproperties.gr/property/491,2026-09-27,2026-09-27
https://www.tkproperties.gr/property/494,2026-09-27,2026-09-27
https://www.tkproperties.gr/property/500,2026-09-27,2026-09-27
https://www.tkproperties.gr/property/501,2026-09-27,2026-09-27
https://www.tkproperties.gr/property/504,2026-09-27,2026-09-27
https://www.tkproperties.gr/property/507,2026-09-27,2026-09-27
https://www.tkproperties.gr/property/511,2026-09-27,2026-09-27
https://www.tkproperties.gr/property/517,2026-09-27,2026-09-27
https://www.tkproperties.gr/property/526,2026-09-27,2026-09-27
https://www.tkproperties.gr/property/527,2026-09-27,2026-09-27
https://www.tkproperties.gr/property/528,2026-09-27,2026-09-27
https://www.tkproperties.gr/property/530,2026-09-27,2026-09-27
https://www.tkproperties.gr/property/531,2026-09-27,2026-09-27
https://www.tkproperties.gr/property/532,2026-09-27,2026-09-27
https://www.tkproperties.gr/property/533,2026-09-27,2026-09-27
https://www.tkproperties.gr/property/534,2026-09-27,2026-09-27
https://www.tkproperties.gr/property/535,2026-09-27,2026-09-27
https://www.tkproperties.gr/property/536,2026-09-27,2026-09-27
https://www.tzemis.gr/properties/%ce%b1%ce%b3%ce%af%ce%b1%cf%82-%cf%83%ce%bf%cf%86%ce%af%ce%b1%cf%82-%ce%b5%cf%81%ce%bc%ce%bf%cf%8d-%cf%841335,2026-09-27,2026-09-27
https://www.tzemis.gr/properties/%ce%b1%ce%b3%ce%af%ce%bf%cf%85-%ce%bd%ce%ad%cf%83%cf%84%cf%89%cf%81%ce%bf%cf%82-%ce%ac%ce%b3%ce%b9%ce%bf%cf%82-%ce%b4%ce%b7%ce%bc%ce%ae%cf%84%cf%81%ce%b9%ce%bf%cf%82-%cf%841290,2026-09-27,2026-09-27
https://www.tzemis.gr/properties/%ce%b5%ce%b3%ce%bd%ce%b1%cf%84%ce%af%ce%b1-%ce%ba%ce%ad%ce%bd%cf%84%cf%81%ce%bf-%cf%841278,2026-09-27,2026-09-27
https://www.tzemis.gr/properties/%ce%b5%ce%b3%ce%bd%ce%b1%cf%84%ce%af%ce%b1-%cf%841326,2026-09-27,2026-09-27
https://www.tzemis.gr/properties/%ce%b5%ce%bb-%ce%b2%ce%b5%ce%bd%ce%b9%ce%b6%ce%ad%ce%bb%ce%bf%cf%85-%cf%841340,2026-09-27,2026-09-27
https://www.tzemis.gr/properties/%ce%b5%cf%81%ce%bc%ce%bf%cf%8d-%ce%ba%ce%ad%ce%bd%cf%84%cf%81%ce%bf-t1231,2026-09-27,2026-09-27
https://www.tzemis.gr/properties/%ce%b8%ce%b5%cf%83%cf%83%ce%b1%ce%bb%ce%bf%ce%bd%ce%af%ce%ba%ce%b7-%ce%ac%ce%bd%cf%89-%cf%80%cf%8c%ce%bb%ce%b7-%cf%8c%cf%83%ce%b9%ce%bf%cf%82-%ce%b4%ce%b1%cf%85%ce%af%ce%b4-t638,2026-09-27,2026-09-27
https://www.tzemis.gr/properties/%ce%ba%ce%ad%ce%bd%cf%84%cf%81%ce%bf-%ce%b8%ce%b5%cf%83%cf%83%ce%b1%ce%bb%ce%bf%ce%bd%ce%af%ce%ba%ce%b7%cf%82-%cf%841271,2026-09-27,2026-09-27
https://www.tzemis.gr/properties/%ce%ba%ce%b1%cf%81%cf%8c%ce%bb%ce%bf%cf%85-%ce%bd%cf%84%ce%b7%ce%bb-%cf%841324,2026-09-27,2026-09-27
https://www.tzemis.gr/properties/%ce%bb%ce%b1%ce%bc%cf%80%cf%81%ce%ac%ce%ba%ce%b7-%cf%841336,2026-09-27,2026-09-27
https://www.tzemis.gr/properties/%ce%bb%ce%b5%cf%89%cf%86%cf%8c%cf%81%ce%bf%cf%82-%ce%bd%ce%af%ce%ba%ce%b7%cf%82-%cf%80%ce%b1%ce%bb%ce%b9%ce%ac-%cf%80%ce%b1%cf%81%ce%b1%ce%bb%ce%af%ce%b1-%cf%841295,2026-09-27,2026-09-27
https://www.tzemis.gr/properties/%ce%bb%ce%b5%cf%89%cf%86%cf%8c%cf%81%ce%bf%cf%82-%ce%bd%ce%af%ce%ba%ce%b7%cf%82-%cf%80%ce%b1%ce%bb%ce%b9%ce%ac-%cf%80%ce%b1%cf%81%ce%b1%ce%bb%ce%af%ce%b1-%cf%841296,2026-09-27,2026-09-27
https://www.tzemis.gr/properties/%ce%bc%ce%b7%cf%84%cf%81%ce%bf%cf%80%cf%8c%ce%bb%ce%b5%cf%89%cf%82-%cf%841332,2026-09-27,2026-09-27
https://www.tzemis.gr/properties/%ce%bd%ce%ad%ce%bf-%cf%81%cf%8d%cf%83%ce%b9%ce%bf-%ce%b8%ce%ad%cf%81%ce%bc%ce%b7-%cf%841327,2026-09-27,2026-09-27
https://www.tzemis.gr/properties/%ce%bd%ce%ad%ce%bf-%cf%81%cf%8d%cf%83%ce%b9%ce%bf-%ce%b8%ce%ad%cf%81%ce%bc%ce%b7-%cf%841328,2026-09-27,2026-09-27
https://www.tzemis.gr/properties/%cf%80%ce%b1%ce%bd%cf%8c%cf%81%ce%b1%ce%bc%ce%b1-t653,2026-09-27,2026-09-27
https://www.tzemis.gr/properties/%cf%80%ce%b1%cf%8d%ce%bb%ce%bf%cf%85-%ce%bc%ce%b5%ce%bb%ce%ac-%cf%841312,2026-09-27,2026-09-27
https://www.tzemis.gr/properties/%cf%80%ce%bb%ce%b1%cf%84%ce%b5%ce%af%ce%b1-%ce%b4%ce%b7%ce%bc%ce%bf%ce%ba%cf%81%ce%b1%cf%84%ce%af%ce%b1%cf%82-%ce%b2%ce%b1%cf%81%ce%b4%ce%ac%cf%81%ce%b7%cf%82-t1287,2026-09-27,2026-09-27
https://www.tzemis.gr/properties/%cf%83%ce%b1%cf%81%ce%ac%ce%bd%cf%84%ce%b1-%ce%b5%ce%ba%ce%ba%ce%bb%ce%b7%cf%83%ce%b9%ce%ad%cf%82-%ce%b5%cf%841344,2026-09-27,2026-09-27
https://www.tzemis.gr/properties/%cf%83%ce%b1%cf%81%ce%ac%ce%bd%cf%84%ce%b1-%ce%b5%ce%ba%ce%ba%ce%bb%ce%b7%cf%83%ce%b9%ce%ad%cf%82-%ce%b5%cf%841345,2026-09-27,2026-09-27
https://www.tzemis.gr/properties/%cf%83%ce%b1%cf%81%ce%ac%ce%bd%cf%84%ce%b1-%ce%b5%ce%ba%ce%ba%ce%bb%ce%b7%cf%83%ce%b9%ce%ad%cf%82-%ce%b5%cf%841346,2026-09-27,2026-09-27
https://www.tzemis.gr/properties/%cf%83%ce%b1%cf%81%ce%ac%ce%bd%cf%84%ce%b1-%ce%b5%ce%ba%ce%ba%ce%bb%ce%b7%cf%83%ce%b9%ce%ad%cf%82-%ce%b5%cf%841347,2026-09-27,2026-09-27
https://www.tzemis.gr/properties/%cf%83%ce%b1%cf%81%ce%ac%ce%bd%cf%84%ce%b1-%ce%b5%ce%ba%ce%ba%ce%bb%ce%b7%cf%83%ce%b9%ce%ad%cf%82-%ce%b5%cf%841348,2026-09-27,2026-09-27
https://www.tzemis.gr/properties/%cf%83%ce%b1%cf%81%ce%ac%ce%bd%cf%84%ce%b1-%ce%b5%ce%ba%ce%ba%ce%bb%ce%b7%cf%83%ce%b9%ce%ad%cf%82-%ce%b5%cf%841349,2026-09-27,2026-09-27
https://www.tzemis.gr/properties/%cf%83%ce%b1%cf%81%ce%ac%ce%bd%cf%84%ce%b1-%ce%b5%ce%ba%ce%ba%ce%bb%ce%b7%cf%83%ce%b9%ce%ad%cf%82-%ce%b5%cf%841350,2026-09-27,2026-09-27
https://www.tzemis.gr/properties/%cf%83%cf%87%ce%bf%ce%bb%ce%ae-%cf%84%cf%85%cf%86%ce%bb%cf%8e%ce%bd-%ce%bc1279,2026-09-27,2026-09-27
https://www.tzemis.gr/properties/%cf%84%cf%83%ce%b9%ce%bc%ce%b9%cf%83%ce%ba%ce%ae-%ce%b1%ce%b3%ce%af%ce%b1%cf%82-%cf%83%ce%bf%cf%86%ce%af%ce%b1%cf%82-et1266,2026-09-27,2026-09-27
https://www.tzemis.gr/properties/%cf%84%cf%83%ce%b9%ce%bc%ce%b9%cf%83%ce%ba%ce%ae-%cf%87%ce%ac%ce%bd%ce%b8-%cf%841301,2026-09-27,2026-09-27
https://www.tzemis.gr/properties/%cf%87%ce%b1%ce%bd%ce%b8-%ce%b3-%ce%b8%ce%b5%ce%bf%cf%84%ce%bf%ce%ba%ce%ac-%cf%84%cf%83%ce%b9%ce%bc%ce%b9%cf%83%ce%ba%ce%ae-%cf%80%cf%841341,2026-09-27,2026-09-27
https://www.tzemis.gr/properties/%cf%87%ce%b1%cf%81%ce%b9%ce%bb%ce%ac%ce%bf%cf%85-%ce%bc1339,2026-09-27,2026-09-27
https://www.vidis.gr/property/755,2026-09-27,2026-09-27
https://www.vidis.gr/property/840,2026-09-27,2026-09-27
https://www.vidis.gr/property/927,2026-09-27,2026-09-27
https://www.vidis.gr/property/933,2026-09-27,2026-09-27
https://www.vidis.gr/property/946,2026-09-27,2026-09-27
https://www.vidis.gr/property/948,2026-09-27,2026-09-27
https://www.vidis.gr/property/949,2026-09-27,2026-09-27
https://www.vidis.gr/property/955,2026-09-27,2026-09-27
https://www.vidis.gr/property/960,2026-09-27,2026-09-27
https://www.vidis.gr/property/961,2026-09-27,2026-09-27
https://www.vidis.gr/property/963,2026-09-27,2026-09-27
https://www.vidis.gr/property/964,2026-09-27,2026-09-27
https://www.vidis.gr/property/965,2026-09-27,2026-09-27
https://www.vidis.gr/property/966,2026-09-27,2026-09-27
https://www.vidis.gr/property/967,2026-09-27,2026-09-27
https://www.vidis.gr/property/968,2026-09-27,2026-09-27
https://www.vidis.gr/property/969,2026-09-27,2026-09-27
https://www.vidis.gr/property/970,2026-09-27,2026-09-27
https://www.vidis.gr/property/971,2026-09-27,2026-09-27
https://www.villaingr.com/property/3751/%ce%9c%ce%bf%ce%bd%ce%bf%ce%ba%ce%b1%cf%84%ce%bf%ce%b9%ce%ba%ce%af%ce%b1-%ce%a7%ce%bf%cf%81%cf%84%ce%b9%ce%ac%cf%84%ce%b7%cf%82,2026-09-27,2026-09-27
https://www.vogkoli-realestate.gr/el/property.php?id=499,2026-09-27,2026-09-27
https://www.vogkoli-realestate.gr/el/property.php?id=730,2026-09-27,2026-09-27
https://www.vogkoli-realestate.gr/el/property.php?id=731,2026-09-27,2026-09-27
https://www.vogkoli-realestate.gr/el/property.php?id=767,2026-09-27,2026-09-27
https://www.vogkoli-realestate.gr/el/property.php?id=806,2026-09-27,2026-09-27
https://www.vogkoli-realestate.gr/el/property.php?id=808,2026-09-27,2026-09-27
https://www.vogkoli-realestate.gr/el/property.php?id=811,2026-09-27,2026-09-27
https://www.vogkoli-realestate.gr/el/property.php?id=812,2026-09-27,2026-09-27
https://www.vogkoli-realestate.gr/el/property.php?id=813,2026-09-27,2026-09-27
https://www.vogkoli-realestate.gr/el/property.php?id=815,2026-09-27,2026-09-27
https://www.vogkoli-realestate.gr/el/property.php?id=849,2026-09-27,2026-09-27
https://www.vogkoli-realestate.gr/el/property.php?id=851,2026-09-27,2026-09-27
https://www.vogkoli-realestate.gr/el/property.php?id=853,2026-09-27,2026-09-27
https://www.vogkoli-realestate.gr/el/property.php?id=864,2026-09-27,2026-09-27
https://www.vogkoli-realestate.gr/el/property.php?id=866,2026-09-27,2026-09-27
https://www.vogkoli-realestate.gr/el/property.php?id=867,2026-09-27,2026-09-27
https://www.vogkoli-realestate.gr/el/property.php?id=874,2026-09-27,2026-09-27
https://www.vogkoli-realestate.gr/el/property.php?id=876,2026-09-27,2026-09-27
https://www.vogkoli-realestate.gr/el/property.php?id=877,2026-09-27,2026-09-27
https://www.vogkoli-realestate.gr/el/property.php?id=879,2026-09-27,2026-09-27
https://www.vogkoli-realestate.gr/el/property.php?id=884,2026-09-27,2026-09-27
https://www.vogkoli-realestate.gr/el/property.php?id=885,2026-09-27,2026-09-27
https://www.vogkoli-realestate.gr/el/property.php?id=886,2026-09-27,2026-09-27
https://www.vogkoli-realestate.gr/el/property.php?id=891,2026-09-27,2026-09-27
https://www.vogkoli-realestate.gr/el/property.php?id=892,2026-09-27,2026-09-27
https://www.vogkoli-realestate.gr/el/property.php?id=893,2026-09-27,2026-09-27
https://www.vogkoli-realestate.gr/el/property.php?id=894,2026-09-27,2026-09-27
https://www.zikashouse.gr/property/177/gkarsoniera/studio-bardaris,2026-09-27,2026-09-27
https://www.zikashouse.gr/property/192/diamerisma-analipsi,2026-09-27,2026-09-27
https://www.zikashouse.gr/property/230/diamerisma-kalamaria,2026-09-27,2026-09-27
https://www.zikashouse.gr/property/299/diamerisma-kalamaria,2026-09-27,2026-09-27
https://www.zikashouse.gr/property/300/diamerisma-kalamaria,2026-09-27,2026-09-27
https://www.zikashouse.gr/property/304/gkarsoniera/studio-analipsi,2026-09-27,2026-09-27
